time_s,time_min,stage,bulk_cement_fill,effective_efficiency,front_wide_m,front_narrow_m,front_mid_m,channeling_index,mixing_index,instability_proxy,instability_index,mean_wall_mud,mean_cement,mean_mud,mean_flusher
2.6605989401161256,0.04434331566860209,注入平衡液(轻泥浆),0.0,0.0,0.0,0.0,0.0,0.0,0.0,0.0,0.0,0.0,0.0,1.0,0.0
4.891706269860623,0.08152843783101038,注入平衡液(轻泥浆),0.0,0.0,0.0,0.0,0.0,0.0,0.0,0.0,0.0,0.0,0.0,1.0,0.0
6.906193395930997,0.11510322326551663,注入平衡液(轻泥浆),0.0,0.0,0.0,0.0,0.0,0.0,0.0,0.0,0.0,0.0,0.0,1.0,0.0
8.791785708860251,0.14652976181433752,注入平衡液(轻泥浆),0.0,0.0,0.0,0.0,0.0,0.0,0.0,0.0,0.0,0.0,0.0,1.0,0.0
10.573280195186932,0.17622133658644887,注入平衡液(轻泥浆),0.0,0.0,0.0,0.0,0.0,0.0,0.0,0.0,0.0,0.0,0.0,1.0,0.0
12.279917197960497,0.20466528663267494,注入平衡液(轻泥浆),0.0,0.0,0.0,0.0,0.0,0.0,0.0,0.0,0.0,0.0,0.0,1.0,0.0
13.931242800482702,0.23218738000804504,注入平衡液(轻泥浆),0.0,0.0,0.0,0.0,0.0,0.0,0.0,0.0,0.0,0.0,0.0,1.0,0.0
15.54030737734605,0.2590051229557675,注入平衡液(轻泥浆),0.0,0.0,0.0,0.0,0.0,0.0,0.0,0.0,0.0,0.0,0.0,1.0,0.0
17.116269475581806,0.28527115792636343,注入平衡液(轻泥浆),0.0,0.0,0.0,0.0,0.0,0.0,0.0,0.0,0.0,0.0,0.0,1.0,0.0
18.66580341759143,0.31109672362652385,注入平衡液(轻泥浆),0.0,0.0,0.0,0.0,0.0,0.0,0.0,0.0,0.0,0.0,0.0,1.0,0.0
20.193912907911116,0.33656521513185195,注入平衡液(轻泥浆),0.0,0.0,0.0,0.0,0.0,0.0,0.0,0.0,0.0,0.0,0.0,1.0,0.0
21.704430838094147,0.3617405139682358,注入平衡液(轻泥浆),0.0,0.0,0.0,0.0,0.0,0.0,0.0,0.0,0.0,0.0,0.0,1.0,0.0
23.200343032747593,0.38667238387912656,注入平衡液(轻泥浆),0.0,0.0,0.0,0.0,0.0,0.0,0.0,0.0,0.0,0.0,0.0,1.0,0.0
24.68392165947158,0.4113986943245263,注入平衡液(轻泥浆),0.0,0.0,0.0,0.0,0.0,0.0,0.0,0.0,0.0,0.0,0.0,1.0,0.0
26.15669799808255,0.43594496663470916,注入平衡液(轻泥浆),0.0,0.0,0.0,0.0,0.0,0.0,0.0,0.0,0.0,0.0,0.0,1.0,0.0
27.62021845406236,0.4603369742343727,注入平衡液(轻泥浆),0.0,0.0,0.0,0.0,0.0,0.0,0.0,0.0,0.0,0.0,0.0,1.0,0.0
29.075751343002523,0.4845958557167087,注入平衡液(轻泥浆),0.0,0.0,0.0,0.0,0.0,0.0,0.0,0.0,0.0,0.0,0.0,1.0,0.0
30.524345260745473,0.5087390876790913,注入平衡液(轻泥浆),0.0,0.0,0.0,0.0,0.0,0.0,0.0,0.0,0.0,0.0,0.0,1.0,0.0
31.966873656701505,0.5327812276116918,注入平衡液(轻泥浆),0.0,0.0,0.0,0.0,0.0,0.0,0.0,0.0,0.0,0.0,0.0,1.0,0.0
33.40448223573323,0.5567413705955537,注入平衡液(轻泥浆),0.0,0.0,0.0,0.0,0.0,0.0,0.0,0.0,0.0,0.0,0.0,1.0,0.0
34.838195029473376,0.5806365838245563,注入平衡液(轻泥浆),0.0,0.0,0.0,0.0,0.0,0.0,0.0,0.0,0.0,0.0,0.0,1.0,0.0
36.26861859058792,0.6044769765097987,注入平衡液(轻泥浆),0.0,0.0,0.0,0.0,0.0,0.0,0.0,0.0,0.0,0.0,0.0,1.0,0.0
37.69631308898044,0.6282718848163407,注入平衡液(轻泥浆),0.0,0.0,0.0,0.0,0.0,0.0,0.0,0.0,0.0,0.0,0.0,1.0,0.0
39.12156182965892,0.6520260304943154,注入平衡液(轻泥浆),0.0,0.0,0.0,0.0,0.0,0.0,0.0,0.0,0.0,0.0,0.0,1.0,0.0
40.544774580871795,0.6757462430145299,注入平衡液(轻泥浆),0.0,0.0,0.0,0.0,0.0,0.0,0.0,0.0,0.0,0.0,0.0,1.0,0.0
41.966170261663116,0.6994361710277186,注入平衡液(轻泥浆),0.0,0.0,0.0,0.0,0.0,0.0,0.0,0.0,0.0,0.0,0.0,1.0,0.0
43.38590258469276,0.723098376411546,注入平衡液(轻泥浆),0.0,0.0,0.0,0.0,0.0,0.0,0.0,0.0,0.0,0.0,0.0,1.0,0.0
44.80421637886153,0.7467369396476922,注入平衡液(轻泥浆),0.0,0.0,0.0,0.0,0.0,0.0,0.0,0.0,0.0,0.0,0.0,1.0,0.0
46.22130617461401,0.7703551029102335,注入平衡液(轻泥浆),0.0,0.0,0.0,0.0,0.0,0.0,0.0,0.0,0.0,0.0,0.0,1.0,0.0
47.63726503784091,0.7939544172973485,注入平衡液(轻泥浆),0.0,0.0,0.0,0.0,0.0,0.0,0.0,0.0,0.0,0.0,0.0,1.0,0.0
49.05217696176837,0.8175362826961394,注入平衡液(轻泥浆),0.0,0.0,0.0,0.0,0.0,0.0,0.0,0.0,0.0,0.0,0.0,1.0,0.0
50.46611806262747,0.8411019677104579,注入平衡液(轻泥浆),0.0,0.0,0.0,0.0,0.0,0.0,0.0,0.0,0.0,0.0,0.0,1.0,0.0
51.87917161621887,0.8646528602703145,注入平衡液(轻泥浆),0.0,0.0,0.0,0.0,0.0,0.0,0.0,0.0,0.0,0.0,0.0,1.0,0.0
53.291531634543134,0.8881921939090522,注入平衡液(轻泥浆),0.0,0.0,0.0,0.0,0.0,0.0,0.0,0.0,0.0,0.0,0.0,1.0,0.0
54.703244061793136,0.9117207343632189,注入平衡液(轻泥浆),0.0,0.0,0.0,0.0,0.0,0.0,0.0,0.0,0.0,0.0,0.0,1.0,0.0
56.11435089139839,0.9352391815233064,注入平衡液(轻泥浆),0.0,0.0,0.0,0.0,0.0,0.0,0.0,0.0,0.0,0.0,0.0,1.0,0.0
57.52489085825532,0.958748180970922,注入平衡液(轻泥浆),0.0,0.0,0.0,0.0,0.0,0.0,0.0,0.0,0.0,0.0,0.0,1.0,0.0
58.93489969465139,0.9822483282441898,注入平衡液(轻泥浆),0.0,0.0,0.0,0.0,0.0,0.0,0.0,0.0,0.0,0.0,0.0,1.0,0.0
60.3444103723441,1.0057401728724016,注入平衡液(轻泥浆),0.0,0.0,0.0,0.0,0.0,0.0,0.0,0.0,0.0,0.0,0.0,1.0,0.0
61.75345332990077,1.029224222165013,注入平衡液(轻泥浆),0.0,0.0,0.0,0.0,0.0,0.0,0.0,0.0,0.0,0.0,0.0,1.0,0.0
63.16205668428598,1.0527009447380997,注入平衡液(轻泥浆),0.0,0.0,0.0,0.0,0.0,0.0,0.0,0.0,0.0,0.0,0.0,1.0,0.0
64.5702464264818,1.0761707737746966,注入平衡液(轻泥浆),0.0,0.0,0.0,0.0,0.0,0.0,0.0,0.0,0.0,0.0,0.0,1.0,0.0
65.9780466014544,1.09963411002424,注入平衡液(轻泥浆),0.0,0.0,0.0,0.0,0.0,0.0,0.0,0.0,0.0,0.0,0.0,1.0,0.0
67.3854956336376,1.12309159389396,注入平衡液(轻泥浆),0.0,0.0,0.0,0.0,0.0,0.0,0.0,0.0,0.0,0.0,0.0,1.0,0.0
68.79268957425285,1.1465448262375475,注入平衡液(轻泥浆),0.0,0.0,0.0,0.0,0.0,0.0,0.0,0.0,0.0,0.0,0.0,1.0,0.0
70.19964204366916,1.1699940340611525,注入平衡液(轻泥浆),0.0,0.0,0.0,0.0,0.0,0.0,0.0,0.0,0.0,0.0,0.0,1.0,0.0
71.6063657051679,1.1934394284194652,注入平衡液(轻泥浆),0.0,0.0,0.0,0.0,0.0,0.0,0.0,0.0,0.0,0.0,0.0,1.0,0.0
73.01287253987371,1.216881208997895,注入平衡液(轻泥浆),0.0,0.0,0.0,0.0,0.0,0.0,0.0,0.0,0.0,0.0,0.0,1.0,0.0
74.41917385706046,1.240319564284341,注入平衡液(轻泥浆),0.0,0.0,0.0,0.0,0.0,0.0,0.0,0.0,0.0,0.0,0.0,1.0,0.0
75.82528031305833,1.2637546718843056,注入平衡液(轻泥浆),0.0,0.0,0.0,0.0,0.0,0.0,0.0,0.0,0.0,0.0,0.0,1.0,0.0
77.23120193641009,1.2871866989401681,注入平衡液(轻泥浆),0.0,0.0,0.0,0.0,0.0,0.0,0.0,0.0,0.0,0.0,0.0,1.0,0.0
78.63694815685078,1.3106158026141796,注入平衡液(轻泥浆),0.0,0.0,0.0,0.0,0.0,0.0,0.0,0.0,0.0,0.0,0.0,1.0,0.0
80.04252783635597,1.334042130605933,注入平衡液(轻泥浆),0.0,0.0,0.0,0.0,0.0,0.0,0.0,0.0,0.0,0.0,0.0,1.0,0.0
81.44794930100569,1.357465821683428,注入平衡液(轻泥浆),0.0,0.0,0.0,0.0,0.0,0.0,0.0,0.0,0.0,0.0,0.0,1.0,0.0
82.85322037278338,1.3808870062130565,注入平衡液(轻泥浆),0.0,0.0,0.0,0.0,0.0,0.0,0.0,0.0,0.0,0.0,0.0,1.0,0.0
84.25834840070438,1.4043058066784062,注入平衡液(轻泥浆),0.0,0.0,0.0,0.0,0.0,0.0,0.0,0.0,0.0,0.0,0.0,1.0,0.0
85.66334029087048,1.4277223381811746,注入平衡液(轻泥浆),0.0,0.0,0.0,0.0,0.0,0.0,0.0,0.0,0.0,0.0,0.0,1.0,0.0
87.06820253519459,1.4511367089199099,注入平衡液(轻泥浆),0.0,0.0,0.0,0.0,0.0,0.0,0.0,0.0,0.0,0.0,0.0,1.0,0.0
88.47294123864648,1.474549020644108,注入平衡液(轻泥浆),0.0,0.0,0.0,0.0,0.0,0.0,0.0,0.0,0.0,0.0,0.0,1.0,0.0
89.87756214494748,1.497959369082458,注入平衡液(轻泥浆),0.0,0.0,0.0,0.0,0.0,0.0,0.0,0.0,0.0,0.0,0.0,1.0,0.0
91.28207066069594,1.5213678443449323,注入平衡液(轻泥浆),0.0,0.0,0.0,0.0,0.0,0.0,0.0,0.0,0.0,0.0,0.0,1.0,0.0
92.68647187794357,1.5447745312990595,注入平衡液(轻泥浆),0.0,0.0,0.0,0.0,0.0,0.0,0.0,0.0,0.0,0.0,0.0,1.0,0.0
94.09077059526778,1.5681795099211298,注入平衡液(轻泥浆),0.0,0.0,0.0,0.0,0.0,0.0,0.0,0.0,0.0,0.0,0.0,1.0,0.0
95.49497133740206,1.5915828556233678,注入平衡液(轻泥浆),0.0,0.0,0.0,0.0,0.0,0.0,0.0,0.0,0.0,0.0,0.0,1.0,0.0
96.89907837349669,1.6149846395582783,注入平衡液(轻泥浆),0.0,0.0,0.0,0.0,0.0,0.0,0.0,0.0,0.0,0.0,0.0,1.0,0.0
98.30309573408731,1.6383849289014552,注入平衡液(轻泥浆),0.0,0.0,0.0,0.0,0.0,0.0,0.0,0.0,0.0,0.0,0.0,1.0,0.0
99.707027226851,1.6617837871141832,注入平衡液(轻泥浆),0.0,0.0,0.0,0.0,0.0,0.0,0.0,0.0,0.0,0.0,0.0,1.0,0.0
101.11087645122953,1.6851812741871588,注入平衡液(轻泥浆),0.0,0.0,0.0,0.0,0.0,0.0,0.0,0.0,0.0,0.0,0.0,1.0,0.0
102.51464681199735,1.7085774468666226,注入平衡液(轻泥浆),0.0,0.0,0.0,0.0,0.0,0.0,0.0,0.0,0.0,0.0,0.0,1.0,0.0
103.91834153184912,1.731972358864152,注入平衡液(轻泥浆),0.0,0.0,0.0,0.0,0.0,0.0,0.0,0.0,0.0,0.0,0.0,1.0,0.0
105.321963663078,1.7553660610513,注入平衡液(轻泥浆),0.0,0.0,0.0,0.0,0.0,0.0,0.0,0.0,0.0,0.0,0.0,1.0,0.0
106.72551609841196,1.7787586016401993,注入平衡液(轻泥浆),0.0,0.0,0.0,0.0,0.0,0.0,0.0,0.0,0.0,0.0,0.0,1.0,0.0
108.12900158107121,1.8021500263511867,注入平衡液(轻泥浆),0.0,0.0,0.0,0.0,0.0,0.0,0.0,0.0,0.0,0.0,0.0,1.0,0.0
109.53242271410564,1.8255403785684272,注入平衡液(轻泥浆),0.0,0.0,0.0,0.0,0.0,0.0,0.0,0.0,0.0,0.0,0.0,1.0,0.0
110.93578196906721,1.8489296994844535,注入平衡液(轻泥浆),0.0,0.0,0.0,0.0,0.0,0.0,0.0,0.0,0.0,0.0,0.0,1.0,0.0
112.33908169406808,1.872318028234468,注入平衡液(轻泥浆),0.0,0.0,0.0,0.0,0.0,0.0,0.0,0.0,0.0,0.0,0.0,1.0,0.0
113.74232412127154,1.8957054020211923,注入平衡液(轻泥浆),0.0,0.0,0.0,0.0,0.0,0.0,0.0,0.0,0.0,0.0,0.0,1.0,0.0
115.1455113738592,1.9190918562309867,注入平衡液(轻泥浆),0.0,0.0,0.0,0.0,0.0,0.0,0.0,0.0,0.0,0.0,0.0,1.0,0.0
116.54864547251466,1.942477424541911,注入平衡液(轻泥浆),0.0,0.0,0.0,0.0,0.0,0.0,0.0,0.0,0.0,0.0,0.0,1.0,0.0
117.95172834146051,1.9658621390243418,注入平衡液(轻泥浆),0.0,0.0,0.0,0.0,0.0,0.0,0.0,0.0,0.0,0.0,0.0,1.0,0.0
119.35476181408262,1.9892460302347104,注入平衡液(轻泥浆),0.0,0.0,0.0,0.0,0.0,0.0,0.0,0.0,0.0,0.0,0.0,1.0,0.0
120.7577476381732,2.0126291273028865,注入平衡液(轻泥浆),0.0,0.0,0.0,0.0,0.0,0.0,0.0,0.0,0.0,0.0,0.0,1.0,0.0
122.16070958313222,2.036011826385537,注入平衡液(轻泥浆),0.0,0.0,0.0,0.0,0.0,0.0,0.0,0.0,0.0,0.0,0.0,1.0,0.0
123.56365312256908,2.0593942187094845,注入平衡液(轻泥浆),0.0,0.0,0.0,0.0,0.0,0.0,0.0,0.0,0.0,0.0,0.0,1.0,0.0
124.96657868204603,2.082776311367434,注入平衡液(轻泥浆),0.0,0.0,0.0,0.0,0.0,0.0,0.0,0.0,0.0,0.0,0.0,1.0,0.0
126.3694867226292,2.10615811204382,注入平衡液(轻泥浆),0.0,0.0,0.0,0.0,0.0,0.0,0.0,0.0,0.0,0.0,0.0,1.0,0.0
127.77237774193725,2.1295396290322874,注入平衡液(轻泥浆),0.0,0.0,0.0,0.0,0.0,0.0,0.0,0.0,0.0,0.0,0.0,1.0,0.0
129.17525225996053,2.1529208709993424,注入平衡液(轻泥浆),0.0,0.0,0.0,0.0,0.0,0.0,0.0,0.0,0.0,0.0,0.0,1.0,0.0
130.5781108083497,2.176301846805828,注入平衡液(轻泥浆),0.0,0.0,0.0,0.0,0.0,0.0,0.0,0.0,0.0,0.0,0.0,1.0,0.0
131.98095392241035,2.199682565373506,注入平衡液(轻泥浆),0.0,0.0,0.0,0.0,0.0,0.0,0.0,0.0,0.0,0.0,0.0,1.0,0.0
133.38378213516177,2.2230630355860295,注入平衡液(轻泥浆),0.0,0.0,0.0,0.0,0.0,0.0,0.0,0.0,0.0,0.0,0.0,1.0,0.0
134.78659597297005,2.2464432662161675,注入平衡液(轻泥浆),0.0,0.0,0.0,0.0,0.0,0.0,0.0,0.0,0.0,0.0,0.0,1.0,0.0
136.18939595238237,2.2698232658730393,注入平衡液(轻泥浆),0.0,0.0,0.0,0.0,0.0,0.0,0.0,0.0,0.0,0.0,0.0,1.0,0.0
137.59218257787668,2.2932030429646115,注入平衡液(轻泥浆),0.0,0.0,0.0,0.0,0.0,0.0,0.0,0.0,0.0,0.0,0.0,1.0,0.0
138.99495634030896,2.316582605671816,注入平衡液(轻泥浆),0.0,0.0,0.0,0.0,0.0,0.0,0.0,0.0,0.0,0.0,0.0,1.0,0.0
140.39771771589096,2.339961961931516,注入平衡液(轻泥浆),0.0,0.0,0.0,0.0,0.0,0.0,0.0,0.0,0.0,0.0,0.0,1.0,0.0
141.80046716557064,2.363341119426177,注入平衡液(轻泥浆),0.0,0.0,0.0,0.0,0.0,0.0,0.0,0.0,0.0,0.0,0.0,1.0,0.0
143.20320513471694,2.3867200855786157,注入平衡液(轻泥浆),0.0,0.0,0.0,0.0,0.0,0.0,0.0,0.0,0.0,0.0,0.0,1.0,0.0
144.60593205303357,2.4100988675505595,注入平衡液(轻泥浆),0.0,0.0,0.0,0.0,0.0,0.0,0.0,0.0,0.0,0.0,0.0,1.0,0.0
146.00864833464405,2.4334774722440673,注入平衡液(轻泥浆),0.0,0.0,0.0,0.0,0.0,0.0,0.0,0.0,0.0,0.0,0.0,1.0,0.0
147.4113543783032,2.4568559063050532,注入平衡液(轻泥浆),0.0,0.0,0.0,0.0,0.0,0.0,0.0,0.0,0.0,0.0,0.0,1.0,0.0
148.81405056770086,2.4802341761283477,注入平衡液(轻泥浆),0.0,0.0,0.0,0.0,0.0,0.0,0.0,0.0,0.0,0.0,0.0,1.0,0.0
150.21673727183176,2.5036122878638625,注入平衡液(轻泥浆),0.0,0.0,0.0,0.0,0.0,0.0,0.0,0.0,0.0,0.0,0.0,1.0,0.0
151.6194148454108,2.5269902474235133,注入平衡液(轻泥浆),0.0,0.0,0.0,0.0,0.0,0.0,0.0,0.0,0.0,0.0,0.0,1.0,0.0
153.02208362931867,2.5503680604886445,注入平衡液(轻泥浆),0.0,0.0,0.0,0.0,0.0,0.0,0.0,0.0,0.0,0.0,0.0,1.0,0.0
154.42474395106564,2.5737457325177604,注入平衡液(轻泥浆),0.0,0.0,0.0,0.0,0.0,0.0,0.0,0.0,0.0,0.0,0.0,1.0,0.0
155.82739612526458,2.5971232687544097,注入平衡液(轻泥浆),0.0,0.0,0.0,0.0,0.0,0.0,0.0,0.0,0.0,0.0,0.0,1.0,0.0
157.23004045410627,2.6205006742351045,注入平衡液(轻泥浆),0.0,0.0,0.0,0.0,0.0,0.0,0.0,0.0,0.0,0.0,0.0,1.0,0.0
158.63267722783175,2.6438779537971957,注入平衡液(轻泥浆),0.0,0.0,0.0,0.0,0.0,0.0,0.0,0.0,0.0,0.0,0.0,1.0,0.0
160.03530672519813,2.6672551120866355,注入平衡液(轻泥浆),0.0,0.0,0.0,0.0,0.0,0.0,0.0,0.0,0.0,0.0,0.0,1.0,0.0
161.43792921393472,2.690632153565579,注入平衡液(轻泥浆),0.0,0.0,0.0,0.0,0.0,0.0,0.0,0.0,0.0,0.0,0.0,1.0,0.0
162.84054495118758,2.714009082519793,注入平衡液(轻泥浆),0.0,0.0,0.0,0.0,0.0,0.0,0.0,0.0,0.0,0.0,0.0,1.0,0.0
164.24315418395105,2.7373859030658507,注入平衡液(轻泥浆),0.0,0.0,0.0,0.0,0.0,0.0,0.0,0.0,0.0,0.0,0.0,1.0,0.0
165.64575714948532,2.7607626191580885,注入平衡液(轻泥浆),0.0,0.0,0.0,0.0,0.0,0.0,0.0,0.0,0.0,0.0,0.0,1.0,0.0
167.04835407571946,2.784139234595324,注入平衡液(轻泥浆),0.0,0.0,0.0,0.0,0.0,0.0,0.0,0.0,0.0,0.0,0.0,1.0,0.0
168.45094518163958,2.8075157530273263,注入平衡液(轻泥浆),0.0,0.0,0.0,0.0,0.0,0.0,0.0,0.0,0.0,0.0,0.0,1.0,0.0
169.8535306776622,2.830892177961037,注入平衡液(轻泥浆),0.0,0.0,0.0,0.0,0.0,0.0,0.0,0.0,0.0,0.0,0.0,1.0,0.0
171.25611076599262,2.8542685127665437,注入平衡液(轻泥浆),0.0,0.0,0.0,0.0,0.0,0.0,0.0,0.0,0.0,0.0,0.0,1.0,0.0
172.65868564096877,2.877644760682813,注入平衡液(轻泥浆),0.0,0.0,0.0,0.0,0.0,0.0,0.0,0.0,0.0,0.0,0.0,1.0,0.0
174.06125548939085,2.9010209248231806,注入平衡液(轻泥浆),0.0,0.0,0.0,0.0,0.0,0.0,0.0,0.0,0.0,0.0,0.0,1.0,0.0
175.4638204908368,2.9243970081806134,注入平衡液(轻泥浆),0.0,0.0,0.0,0.0,0.0,0.0,0.0,0.0,0.0,0.0,0.0,1.0,0.0
176.86638081796448,2.9477730136327414,注入平衡液(轻泥浆),0.0,0.0,0.0,0.0,0.0,0.0,0.0,0.0,0.0,0.0,0.0,1.0,0.0
178.26893663680065,2.9711489439466776,注入平衡液(轻泥浆),0.0,0.0,0.0,0.0,0.0,0.0,0.0,0.0,0.0,0.0,0.0,1.0,0.0
179.67148810701738,2.9945248017836232,注入平衡液(轻泥浆),0.0,0.0,0.0,0.0,0.0,0.0,0.0,0.0,0.0,0.0,0.0,1.0,0.0
181.07403538219634,3.0179005897032725,注入平衡液(轻泥浆),0.0,0.0,0.0,0.0,0.0,0.0,0.0,0.0,0.0,0.0,0.0,1.0,0.0
182.47657861008148,3.0412763101680245,注入平衡液(轻泥浆),0.0,0.0,0.0,0.0,0.0,0.0,0.0,0.0,0.0,0.0,0.0,1.0,0.0
183.87911793282044,3.0646519655470073,注入平衡液(轻泥浆),0.0,0.0,0.0,0.0,0.0,0.0,0.0,0.0,0.0,0.0,0.0,1.0,0.0
185.28165348719543,3.088027558119924,注入平衡液(轻泥浆),0.0,0.0,0.0,0.0,0.0,0.0,0.0,0.0,0.0,0.0,0.0,1.0,0.0
186.68418540484373,3.111403090080729,注入平衡液(轻泥浆),0.0,0.0,0.0,0.0,0.0,0.0,0.0,0.0,0.0,0.0,0.0,1.0,0.0
188.0867138124685,3.1347785635411416,注入平衡液(轻泥浆),0.0,0.0,0.0,0.0,0.0,0.0,0.0,0.0,0.0,0.0,0.0,1.0,0.0
189.48923883204023,3.1581539805340038,注入平衡液(轻泥浆),0.0,0.0,0.0,0.0,0.0,0.0,0.0,0.0,0.0,0.0,0.0,1.0,0.0
190.89176058098923,3.181529343016487,注入平衡液(轻泥浆),0.0,0.0,0.0,0.0,0.0,0.0,0.0,0.0,0.0,0.0,0.0,1.0,0.0
192.2942791723897,3.2049046528731617,注入平衡液(轻泥浆),0.0,0.0,0.0,0.0,0.0,0.0,0.0,0.0,0.0,0.0,0.0,1.0,0.0
193.69679471513564,3.228279911918927,注入平衡液(轻泥浆),0.0,0.0,0.0,0.0,0.0,0.0,0.0,0.0,0.0,0.0,0.0,1.0,0.0
195.09930731410893,3.2516551219018153,注入平衡液(轻泥浆),0.0,0.0,0.0,0.0,0.0,0.0,0.0,0.0,0.0,0.0,0.0,1.0,0.0
196.50181707034014,3.275030284505669,注入平衡液(轻泥浆),0.0,0.0,0.0,0.0,0.0,0.0,0.0,0.0,0.0,0.0,0.0,1.0,0.0
197.90432408116231,3.298405401352705,注入平衡液(轻泥浆),0.0,0.0,0.0,0.0,0.0,0.0,0.0,0.0,0.0,0.0,0.0,1.0,0.0
199.30682844035795,3.321780474005966,注入平衡液(轻泥浆),0.0,0.0,0.0,0.0,0.0,0.0,0.0,0.0,0.0,0.0,0.0,1.0,0.0
200.7093302382996,3.34515550397166,注入平衡液(轻泥浆),0.0,0.0,0.0,0.0,0.0,0.0,0.0,0.0,0.0,0.0,0.0,1.0,0.0
202.11182956208444,3.3685304927014075,注入平衡液(轻泥浆),0.0,0.0,0.0,0.0,0.0,0.0,0.0,0.0,0.0,0.0,0.0,1.0,0.0
203.51432649566294,3.3919054415943823,注入平衡液(轻泥浆),0.0,0.0,0.0,0.0,0.0,0.0,0.0,0.0,0.0,0.0,0.0,1.0,0.0
204.91682111996212,3.415280351999369,注入平衡液(轻泥浆),0.0,0.0,0.0,0.0,0.0,0.0,0.0,0.0,0.0,0.0,0.0,1.0,0.0
206.31931351300335,3.4386552252167224,注入平衡液(轻泥浆),0.0,0.0,0.0,0.0,0.0,0.0,0.0,0.0,0.0,0.0,0.0,1.0,0.0
207.72180375001523,3.462030062500254,注入平衡液(轻泥浆),0.0,0.0,0.0,0.0,0.0,0.0,0.0,0.0,0.0,0.0,0.0,1.0,0.0
209.1242919035417,3.4854048650590284,注入平衡液(轻泥浆),0.0,0.0,0.0,0.0,0.0,0.0,0.0,0.0,0.0,0.0,0.0,1.0,0.0
210.52677804354542,3.50877963405909,注入平衡液(轻泥浆),0.0,0.0,0.0,0.0,0.0,0.0,0.0,0.0,0.0,0.0,0.0,1.0,0.0
211.929262237507,3.5321543706251166,注入平衡液(轻泥浆),0.0,0.0,0.0,0.0,0.0,0.0,0.0,0.0,0.0,0.0,0.0,1.0,0.0
213.33174455051977,3.555529075841996,注入平衡液(轻泥浆),0.0,0.0,0.0,0.0,0.0,0.0,0.0,0.0,0.0,0.0,0.0,1.0,0.0
214.73422504538087,3.5789037507563477,注入平衡液(轻泥浆),0.0,0.0,0.0,0.0,0.0,0.0,0.0,0.0,0.0,0.0,0.0,1.0,0.0
216.13670378267838,3.602278396377973,注入平衡液(轻泥浆),0.0,0.0,0.0,0.0,0.0,0.0,0.0,0.0,0.0,0.0,0.0,1.0,0.0
217.5391808208749,3.6256530136812484,注入平衡液(轻泥浆),0.0,0.0,0.0,0.0,0.0,0.0,0.0,0.0,0.0,0.0,0.0,1.0,0.0
218.94165621638754,3.649027603606459,注入平衡液(轻泥浆),0.0,0.0,0.0,0.0,0.0,0.0,0.0,0.0,0.0,0.0,0.0,1.0,0.0
220.34413002366495,3.6724021670610822,注入平衡液(轻泥浆),0.0,0.0,0.0,0.0,0.0,0.0,0.0,0.0,0.0,0.0,0.0,1.0,0.0
221.74660229526071,3.6957767049210117,注入平衡液(轻泥浆),0.0,0.0,0.0,0.0,0.0,0.0,0.0,0.0,0.0,0.0,0.0,1.0,0.0
223.14907308190413,3.7191512180317354,注入平衡液(轻泥浆),0.0,0.0,0.0,0.0,0.0,0.0,0.0,0.0,0.0,0.0,0.0,1.0,0.0
224.551542432568,3.7425257072094666,注入平衡液(轻泥浆),0.0,0.0,0.0,0.0,0.0,0.0,0.0,0.0,0.0,0.0,0.0,1.0,0.0
225.95401039453358,3.7659001732422266,注入平衡液(轻泥浆),0.0,0.0,0.0,0.0,0.0,0.0,0.0,0.0,0.0,0.0,0.0,1.0,0.0
227.35647701345303,3.789274616890884,注入平衡液(轻泥浆),0.0,0.0,0.0,0.0,0.0,0.0,0.0,0.0,0.0,0.0,0.0,1.0,0.0
228.75894233340935,3.812649038890156,注入平衡液(轻泥浆),0.0,0.0,0.0,0.0,0.0,0.0,0.0,0.0,0.0,0.0,0.0,1.0,0.0
230.1614063969738,3.8360234399495634,注入平衡液(轻泥浆),0.0,0.0,0.0,0.0,0.0,0.0,0.0,0.0,0.0,0.0,0.0,1.0,0.0
231.56386924526117,3.859397820754353,注入平衡液(轻泥浆),0.0,0.0,0.0,0.0,0.0,0.0,0.0,0.0,0.0,0.0,0.0,1.0,0.0
232.96633091798284,3.8827721819663807,注入平衡液(轻泥浆),0.0,0.0,0.0,0.0,0.0,0.0,0.0,0.0,0.0,0.0,0.0,1.0,0.0
234.36879145349766,3.906146524224961,注入平衡液(轻泥浆),0.0,0.0,0.0,0.0,0.0,0.0,0.0,0.0,0.0,0.0,0.0,1.0,0.0
235.7712508888609,3.9295208481476815,注入平衡液(轻泥浆),0.0,0.0,0.0,0.0,0.0,0.0,0.0,0.0,0.0,0.0,0.0,1.0,0.0
237.17370925987123,3.952895154331187,注入平衡液(轻泥浆),0.0,0.0,0.0,0.0,0.0,0.0,0.0,0.0,0.0,0.0,0.0,1.0,0.0
238.57616660111597,3.9762694433519328,注入平衡液(轻泥浆),0.0,0.0,0.0,0.0,0.0,0.0,0.0,0.0,0.0,0.0,0.0,1.0,0.0
239.97862294601444,3.9996437157669074,注入平衡液(轻泥浆),0.0,0.0,0.0,0.0,0.0,0.0,0.0,0.0,0.0,0.0,0.0,1.0,0.0
241.38107832685972,4.023017972114329,注入平衡液(轻泥浆),0.0,0.0,0.0,0.0,0.0,0.0,0.0,0.0,0.0,0.0,0.0,1.0,0.0
242.7835327748588,4.046392212914314,注入平衡液(轻泥浆),0.0,0.0,0.0,0.0,0.0,0.0,0.0,0.0,0.0,0.0,0.0,1.0,0.0
244.18598632017114,4.069766438669519,注入平衡液(轻泥浆),0.0,0.0,0.0,0.0,0.0,0.0,0.0,0.0,0.0,0.0,0.0,1.0,0.0
245.5884389919458,4.093140649865763,注入平衡液(轻泥浆),0.0,0.0,0.0,0.0,0.0,0.0,0.0,0.0,0.0,0.0,0.0,1.0,0.0
246.99089081835714,4.116514846972619,注入平衡液(轻泥浆),0.0,0.0,0.0,0.0,0.0,0.0,0.0,0.0,0.0,0.0,0.0,1.0,0.0
248.39334182663916,4.139889030443986,注入平衡液(轻泥浆),0.0,0.0,0.0,0.0,0.0,0.0,0.0,0.0,0.0,0.0,0.0,1.0,0.0
249.7957920431185,4.163263200718641,注入平衡液(轻泥浆),0.0,0.0,0.0,0.0,0.0,0.0,0.0,0.0,0.0,0.0,0.0,1.0,0.0
251.1982414932463,4.186637358220771,注入平衡液(轻泥浆),0.0,0.0,0.0,0.0,0.0,0.0,0.0,0.0,0.0,0.0,0.0,1.0,0.0
252.6006902016287,4.210011503360478,注入平衡液(轻泥浆),0.0,0.0,0.0,0.0,0.0,0.0,0.0,0.0,0.0,0.0,0.0,1.0,0.0
254.00313819205644,4.233385636534274,注入平衡液(轻泥浆),0.0,0.0,0.0,0.0,0.0,0.0,0.0,0.0,0.0,0.0,0.0,1.0,0.0
255.40558548753307,4.256759758125551,注入平衡液(轻泥浆),0.0,0.0,0.0,0.0,0.0,0.0,0.0,0.0,0.0,0.0,0.0,1.0,0.0
256.80803211030235,4.280133868505039,注入平衡液(轻泥浆),0.0,0.0,0.0,0.0,0.0,0.0,0.0,0.0,0.0,0.0,0.0,1.0,0.0
258.21047808187444,4.303507968031241,注入平衡液(轻泥浆),0.0,0.0,0.0,0.0,0.0,0.0,0.0,0.0,0.0,0.0,0.0,1.0,0.0
259.6129234230513,4.326882057050855,注入平衡液(轻泥浆),0.0,0.0,0.0,0.0,0.0,0.0,0.0,0.0,0.0,0.0,0.0,1.0,0.0
261.0153681539511,4.350256135899185,注入平衡液(轻泥浆),0.0,0.0,0.0,0.0,0.0,0.0,0.0,0.0,0.0,0.0,0.0,1.0,0.0
262.41781229403153,4.373630204900525,注入平衡液(轻泥浆),0.0,0.0,0.0,0.0,0.0,0.0,0.0,0.0,0.0,0.0,0.0,1.0,0.0
263.8202558621127,4.397004264368545,注入平衡液(轻泥浆),0.0,0.0,0.0,0.0,0.0,0.0,0.0,0.0,0.0,0.0,0.0,1.0,0.0
265.2226988763987,4.420378314606645,注入平衡液(轻泥浆),0.0,0.0,0.0,0.0,0.0,0.0,0.0,0.0,0.0,0.0,0.0,1.0,0.0
266.62514135449874,4.4437523559083125,注入平衡液(轻泥浆),0.0,0.0,0.0,0.0,0.0,0.0,0.0,0.0,0.0,0.0,0.0,1.0,0.0
268.02758331344745,4.467126388557458,注入平衡液(轻泥浆),0.0,0.0,0.0,0.0,0.0,0.0,0.0,0.0,0.0,0.0,0.0,1.0,0.0
269.43002476972424,4.490500412828737,注入平衡液(轻泥浆),0.0,0.0,0.0,0.0,0.0,0.0,0.0,0.0,0.0,0.0,0.0,1.0,0.0
270.83246573927227,4.513874428987871,注入平衡液(轻泥浆),0.0,0.0,0.0,0.0,0.0,0.0,0.0,0.0,0.0,0.0,0.0,1.0,0.0
272.23490623751644,4.53724843729194,注入平衡液(轻泥浆),0.0,0.0,0.0,0.0,0.0,0.0,0.0,0.0,0.0,0.0,0.0,1.0,0.0
273.63734627938106,4.560622437989684,注入平衡液(轻泥浆),0.0,0.0,0.0,0.0,0.0,0.0,0.0,0.0,0.0,0.0,0.0,1.0,0.0
275.03978587930663,4.583996431321777,注入平衡液(轻泥浆),0.0,0.0,0.0,0.0,0.0,0.0,0.0,0.0,0.0,0.0,0.0,1.0,0.0
276.44222505126606,4.607370417521101,注入平衡液(轻泥浆),0.0,0.0,0.0,0.0,0.0,0.0,0.0,0.0,0.0,0.0,0.0,1.0,0.0
277.8446638087804,4.630744396813006,注入平衡液(轻泥浆),0.0,0.0,0.0,0.0,0.0,0.0,0.0,0.0,0.0,0.0,0.0,1.0,0.0
279.24710216493406,4.654118369415568,注入平衡液(轻泥浆),0.0,0.0,0.0,0.0,0.0,0.0,0.0,0.0,0.0,0.0,0.0,1.0,0.0
280.64954013238923,4.677492335539821,注入平衡液(轻泥浆),0.0,0.0,0.0,0.0,0.0,0.0,0.0,0.0,0.0,0.0,0.0,1.0,0.0
282.0519777234002,4.700866295390004,注入平衡液(轻泥浆),0.0,0.0,0.0,0.0,0.0,0.0,0.0,0.0,0.0,0.0,0.0,1.0,0.0
283.4544149498268,4.72424024916378,注入平衡液(轻泥浆),0.0,0.0,0.0,0.0,0.0,0.0,0.0,0.0,0.0,0.0,0.0,1.0,0.0
284.85685182314745,4.7476141970524575,注入平衡液(轻泥浆),0.0,0.0,0.0,0.0,0.0,0.0,0.0,0.0,0.0,0.0,0.0,1.0,0.0
286.259288354472,4.7709881392412,注入平衡液(轻泥浆),0.0,0.0,0.0,0.0,0.0,0.0,0.0,0.0,0.0,0.0,0.0,1.0,0.0
287.66172455455387,4.794362075909231,注入平衡液(轻泥浆),0.0,0.0,0.0,0.0,0.0,0.0,0.0,0.0,0.0,0.0,0.0,1.0,0.0
289.06416043380176,4.817736007230029,注入平衡液(轻泥浆),0.0,0.0,0.0,0.0,0.0,0.0,0.0,0.0,0.0,0.0,0.0,1.0,0.0
290.4665960022912,4.841109933371521,注入平衡液(轻泥浆),0.0,0.0,0.0,0.0,0.0,0.0,0.0,0.0,0.0,0.0,0.0,1.0,0.0
291.86903126977546,4.864483854496258,注入平衡液(轻泥浆),0.0,0.0,0.0,0.0,0.0,0.0,0.0,0.0,0.0,0.0,0.0,1.0,0.0
293.27146624569605,4.887857770761601,注入平衡液(轻泥浆),0.0,0.0,0.0,0.0,0.0,0.0,0.0,0.0,0.0,0.0,0.0,1.0,0.0
294.6739009391931,4.911231682319885,注入平衡液(轻泥浆),0.0,0.0,0.0,0.0,0.0,0.0,0.0,0.0,0.0,0.0,0.0,1.0,0.0
296.0763353591153,4.934605589318589,注入平衡液(轻泥浆),0.0,0.0,0.0,0.0,0.0,0.0,0.0,0.0,0.0,0.0,0.0,1.0,0.0
297.4787695140294,4.95797949190049,注入平衡液(轻泥浆),0.0,0.0,0.0,0.0,0.0,0.0,0.0,0.0,0.0,0.0,0.0,1.0,0.0
298.8812034122293,4.981353390203822,注入平衡液(轻泥浆),0.0,0.0,0.0,0.0,0.0,0.0,0.0,0.0,0.0,0.0,0.0,1.0,0.0
300.28363706174514,5.004727284362419,注入平衡液(轻泥浆),0.0,0.0,0.0,0.0,0.0,0.0,0.0,0.0,0.0,0.0,0.0,1.0,0.0
301.6860704703519,5.028101174505865,注入平衡液(轻泥浆),0.0,0.0,0.0,0.0,0.0,0.0,0.0,0.0,0.0,0.0,0.0,1.0,0.0
303.0885036455777,5.051475060759628,注入平衡液(轻泥浆),0.0,0.0,0.0,0.0,0.0,0.0,0.0,0.0,0.0,0.0,0.0,1.0,0.0
304.49093659471174,5.074848943245196,注入平衡液(轻泥浆),0.0,0.0,0.0,0.0,0.0,0.0,0.0,0.0,0.0,0.0,0.0,1.0,0.0
305.8933693248121,5.098222822080202,注入平衡液(轻泥浆),0.0,0.0,0.0,0.0,0.0,0.0,0.0,0.0,0.0,0.0,0.0,1.0,0.0
307.29580184271344,5.121596697378558,注入平衡液(轻泥浆),0.0,0.0,0.0,0.0,0.0,0.0,0.0,0.0,0.0,0.0,0.0,1.0,0.0
308.69823415503396,5.144970569250566,注入平衡液(轻泥浆),0.0,0.0,0.0,0.0,0.0,0.0,0.0,0.0,0.0,0.0,0.0,1.0,0.0
310.1006662681826,5.168344437803043,注入平衡液(轻泥浆),0.0,0.0,0.0,0.0,0.0,0.0,0.0,0.0,0.0,0.0,0.0,1.0,0.0
311.50309818836564,5.191718303139427,注入平衡液(轻泥浆),0.0,0.0,0.0,0.0,0.0,0.0,0.0,0.0,0.0,0.0,0.0,1.0,0.0
312.90552992159354,5.215092165359892,注入平衡液(轻泥浆),0.0,0.0,0.0,0.0,0.0,0.0,0.0,0.0,0.0,0.0,0.0,1.0,0.0
314.30796147368693,5.238466024561449,注入平衡液(轻泥浆),0.0,0.0,0.0,0.0,0.0,0.0,0.0,0.0,0.0,0.0,0.0,1.0,0.0
315.7103928502829,5.261839880838049,注入平衡液(轻泥浆),0.0,0.0,0.0,0.0,0.0,0.0,0.0,0.0,0.0,0.0,0.0,1.0,0.0
317.11282405684096,5.285213734280683,注入平衡液(轻泥浆),0.0,0.0,0.0,0.0,0.0,0.0,0.0,0.0,0.0,0.0,0.0,1.0,0.0
318.5152550986486,5.308587584977476,注入平衡液(轻泥浆),0.0,0.0,0.0,0.0,0.0,0.0,0.0,0.0,0.0,0.0,0.0,1.0,0.0
319.9176859808269,5.331961433013782,注入平衡液(轻泥浆),0.0,0.0,0.0,0.0,0.0,0.0,0.0,0.0,0.0,0.0,0.0,1.0,0.0
321.3201167083359,5.355335278472265,注入平衡液(轻泥浆),0.0,0.0,0.0,0.0,0.0,0.0,0.0,0.0,0.0,0.0,0.0,1.0,0.0
322.7225472859797,5.378709121432995,注入平衡液(轻泥浆),0.0,0.0,0.0,0.0,0.0,0.0,0.0,0.0,0.0,0.0,0.0,1.0,0.0
324.1249777184115,5.402082961973525,注入平衡液(轻泥浆),0.0,0.0,0.0,0.0,0.0,0.0,0.0,0.0,0.0,0.0,0.0,1.0,0.0
325.5274080101384,5.425456800168973,注入平衡液(轻泥浆),0.0,0.0,0.0,0.0,0.0,0.0,0.0,0.0,0.0,0.0,0.0,1.0,0.0
326.92983816552606,5.448830636092101,注入平衡液(轻泥浆),0.0,0.0,0.0,0.0,0.0,0.0,0.0,0.0,0.0,0.0,0.0,1.0,0.0
328.3322681888033,5.472204469813389,注入平衡液(轻泥浆),0.0,0.0,0.0,0.0,0.0,0.0,0.0,0.0,0.0,0.0,0.0,1.0,0.0
329.73469808406634,5.495578301401106,注入平衡液(轻泥浆),0.0,0.0,0.0,0.0,0.0,0.0,0.0,0.0,0.0,0.0,0.0,1.0,0.0
331.1371278552831,5.518952130921385,注入平衡液(轻泥浆),0.0,0.0,0.0,0.0,0.0,0.0,0.0,0.0,0.0,0.0,0.0,1.0,0.0
332.5395575062973,5.542325958438288,注入平衡液(轻泥浆),0.0,0.0,0.0,0.0,0.0,0.0,0.0,0.0,0.0,0.0,0.0,1.0,0.0
333.9419870408324,5.565699784013873,注入平衡液(轻泥浆),0.0,0.0,0.0,0.0,0.0,0.0,0.0,0.0,0.0,0.0,0.0,1.0,0.0
335.3444164624953,5.589073607708255,注入平衡液(轻泥浆),0.0,0.0,0.0,0.0,0.0,0.0,0.0,0.0,0.0,0.0,0.0,1.0,0.0
336.74684577478035,5.612447429579673,注入平衡液(轻泥浆),0.0,0.0,0.0,0.0,0.0,0.0,0.0,0.0,0.0,0.0,0.0,1.0,0.0
338.14927498107255,5.635821249684542,注入平衡液(轻泥浆),0.0,0.0,0.0,0.0,0.0,0.0,0.0,0.0,0.0,0.0,0.0,1.0,0.0
339.5517040846513,5.659195068077522,注入平衡液(轻泥浆),0.0,0.0,0.0,0.0,0.0,0.0,0.0,0.0,0.0,0.0,0.0,1.0,0.0
340.9541330886936,5.68256888481156,注入平衡液(轻泥浆),0.0,0.0,0.0,0.0,0.0,0.0,0.0,0.0,0.0,0.0,0.0,1.0,0.0
342.3565619962773,5.705942699937955,注入平衡液(轻泥浆),0.0,0.0,0.0,0.0,0.0,0.0,0.0,0.0,0.0,0.0,0.0,1.0,0.0
343.7589908103844,5.729316513506406,注入平衡液(轻泥浆),0.0,0.0,0.0,0.0,0.0,0.0,0.0,0.0,0.0,0.0,0.0,1.0,0.0
345.16141953390377,5.752690325565063,注入平衡液(轻泥浆),0.0,0.0,0.0,0.0,0.0,0.0,0.0,0.0,0.0,0.0,0.0,1.0,0.0
346.5638481696344,5.776064136160573,注入平衡液(轻泥浆),0.0,0.0,0.0,0.0,0.0,0.0,0.0,0.0,0.0,0.0,0.0,1.0,0.0
347.96627672028814,5.799437945338136,注入平衡液(轻泥浆),0.0,0.0,0.0,0.0,0.0,0.0,0.0,0.0,0.0,0.0,0.0,1.0,0.0
349.36870518849224,5.822811753141537,注入平衡液(轻泥浆),0.0,0.0,0.0,0.0,0.0,0.0,0.0,0.0,0.0,0.0,0.0,1.0,0.0
350.7711335767924,5.846185559613207,注入平衡液(轻泥浆),0.0,0.0,0.0,0.0,0.0,0.0,0.0,0.0,0.0,0.0,0.0,1.0,0.0
352.173561887655,5.8695593647942506,注入平衡液(轻泥浆),0.0,0.0,0.0,0.0,0.0,0.0,0.0,0.0,0.0,0.0,0.0,1.0,0.0
353.5759901234698,5.892933168724497,注入平衡液(轻泥浆),0.0,0.0,0.0,0.0,0.0,0.0,0.0,0.0,0.0,0.0,0.0,1.0,0.0
354.9784182865523,5.9163069714425385,注入平衡液(轻泥浆),0.0,0.0,0.0,0.0,0.0,0.0,0.0,0.0,0.0,0.0,0.0,1.0,0.0
356.380846379146,5.939680772985767,注入平衡液(轻泥浆),0.0,0.0,0.0,0.0,0.0,0.0,0.0,0.0,0.0,0.0,0.0,1.0,0.0
357.78327440342474,5.963054573390412,注入平衡液(轻泥浆),0.0,0.0,0.0,0.0,0.0,0.0,0.0,0.0,0.0,0.0,0.0,1.0,0.0
359.1857023614949,5.986428372691582,注入平衡液(轻泥浆),0.0,0.0,0.0,0.0,0.0,0.0,0.0,0.0,0.0,0.0,0.0,1.0,0.0
360.5881302553975,6.009802170923292,注入平衡液(轻泥浆),0.0,0.0,0.0,0.0,0.0,0.0,0.0,0.0,0.0,0.0,0.0,1.0,0.0
361.9905580871102,6.033175968118503,注入平衡液(轻泥浆),0.0,0.0,0.0,0.0,0.0,0.0,0.0,0.0,0.0,0.0,0.0,1.0,0.0
363.39298585854925,6.056549764309154,注入平衡液(轻泥浆),0.0,0.0,0.0,0.0,0.0,0.0,0.0,0.0,0.0,0.0,0.0,1.0,0.0
364.79541357157166,6.079923559526194,注入平衡液(轻泥浆),0.0,0.0,0.0,0.0,0.0,0.0,0.0,0.0,0.0,0.0,0.0,1.0,0.0
366.1978412279768,6.103297353799614,注入平衡液(轻泥浆),0.0,0.0,0.0,0.0,0.0,0.0,0.0,0.0,0.0,0.0,0.0,1.0,0.0
367.6002688295083,6.126671147158472,注入平衡液(轻泥浆),0.0,0.0,0.0,0.0,0.0,0.0,0.0,0.0,0.0,0.0,0.0,1.0,0.0
369.0026963778557,6.150044939630929,注入平衡液(轻泥浆),0.0,0.0,0.0,0.0,0.0,0.0,0.0,0.0,0.0,0.0,0.0,1.0,0.0
370.4051238746564,6.173418731244273,注入平衡液(轻泥浆),0.0,0.0,0.0,0.0,0.0,0.0,0.0,0.0,0.0,0.0,0.0,1.0,0.0
371.8075513214969,6.196792522024948,注入平衡液(轻泥浆),0.0,0.0,0.0,0.0,0.0,0.0,0.0,0.0,0.0,0.0,0.0,1.0,0.0
373.2099787199147,6.220166311998579,注入平衡液(轻泥浆),0.0,0.0,0.0,0.0,0.0,0.0,0.0,0.0,0.0,0.0,0.0,1.0,0.0
374.61240607139985,6.243540101189997,注入平衡液(轻泥浆),0.0,0.0,0.0,0.0,0.0,0.0,0.0,0.0,0.0,0.0,0.0,1.0,0.0
376.01483337739614,6.266913889623269,注入平衡液(轻泥浆),0.0,0.0,0.0,0.0,0.0,0.0,0.0,0.0,0.0,0.0,0.0,1.0,0.0
377.41726063930287,6.2902876773217145,注入平衡液(轻泥浆),0.0,0.0,0.0,0.0,0.0,0.0,0.0,0.0,0.0,0.0,0.0,1.0,0.0
378.8196878584759,6.313661464307931,注入平衡液(轻泥浆),0.0,0.0,0.0,0.0,0.0,0.0,0.0,0.0,0.0,0.0,0.0,1.0,0.0
380.22211503622935,6.337035250603822,注入平衡液(轻泥浆),0.0,0.0,0.0,0.0,0.0,0.0,0.0,0.0,0.0,0.0,0.0,1.0,0.0
381.62454217383663,6.36040903623061,注入平衡液(轻泥浆),0.0,0.0,0.0,0.0,0.0,0.0,0.0,0.0,0.0,0.0,0.0,1.0,0.0
383.0269692725319,6.383782821208865,注入平衡液(轻泥浆),0.0,0.0,0.0,0.0,0.0,0.0,0.0,0.0,0.0,0.0,0.0,1.0,0.0
384.4293963335112,6.40715660555852,注入平衡液(轻泥浆),0.0,0.0,0.0,0.0,0.0,0.0,0.0,0.0,0.0,0.0,0.0,1.0,0.0
385.83182335793356,6.430530389298893,注入平衡液(轻泥浆),0.0,0.0,0.0,0.0,0.0,0.0,0.0,0.0,0.0,0.0,0.0,1.0,0.0
387.2342503469223,6.453904172448705,注入平衡液(轻泥浆),0.0,0.0,0.0,0.0,0.0,0.0,0.0,0.0,0.0,0.0,0.0,1.0,0.0
388.63667730156607,6.477277955026101,注入平衡液(轻泥浆),0.0,0.0,0.0,0.0,0.0,0.0,0.0,0.0,0.0,0.0,0.0,1.0,0.0
390.03910422291995,6.500651737048666,注入平衡液(轻泥浆),0.0,0.0,0.0,0.0,0.0,0.0,0.0,0.0,0.0,0.0,0.0,1.0,0.0
391.44153111200643,6.52402551853344,注入平衡液(轻泥浆),0.0,0.0,0.0,0.0,0.0,0.0,0.0,0.0,0.0,0.0,0.0,1.0,0.0
392.84395796981653,6.547399299496942,注入平衡液(轻泥浆),0.0,0.0,0.0,0.0,0.0,0.0,0.0,0.0,0.0,0.0,0.0,1.0,0.0
394.2463847973106,6.570773079955177,注入平衡液(轻泥浆),0.0,0.0,0.0,0.0,0.0,0.0,0.0,0.0,0.0,0.0,0.0,1.0,0.0
395.64881159541955,6.594146859923659,注入平衡液(轻泥浆),0.0,0.0,0.0,0.0,0.0,0.0,0.0,0.0,0.0,0.0,0.0,1.0,0.0
397.0512383650455,6.617520639417425,注入平衡液(轻泥浆),0.0,0.0,0.0,0.0,0.0,0.0,0.0,0.0,0.0,0.0,0.0,1.0,0.0
398.4536651070627,6.640894418451045,注入平衡液(轻泥浆),0.0,0.0,0.0,0.0,0.0,0.0,0.0,0.0,0.0,0.0,0.0,1.0,0.0
399.85609182231866,6.664268197038644,注入平衡液(轻泥浆),0.0,0.0,0.0,0.0,0.0,0.0,0.0,0.0,0.0,0.0,0.0,1.0,0.0
401.25851851163463,6.687641975193911,注入平衡液(轻泥浆),0.0,0.0,0.0,0.0,0.0,0.0,0.0,0.0,0.0,0.0,0.0,1.0,0.0
402.6609451758066,6.71101575293011,注入平衡液(轻泥浆),0.0,0.0,0.0,0.0,0.0,0.0,0.0,0.0,0.0,0.0,0.0,1.0,0.0
404.0633718156061,6.734389530260102,注入平衡液(轻泥浆),0.0,0.0,0.0,0.0,0.0,0.0,0.0,0.0,0.0,0.0,0.0,1.0,0.0
405.4657984317809,6.757763307196348,注入平衡液(轻泥浆),0.0,0.0,0.0,0.0,0.0,0.0,0.0,0.0,0.0,0.0,0.0,1.0,0.0
406.86822502505566,6.781137083750928,注入平衡液(轻泥浆),0.0,0.0,0.0,0.0,0.0,0.0,0.0,0.0,0.0,0.0,0.0,1.0,0.0
408.2706515961329,6.804510859935548,注入平衡液(轻泥浆),0.0,0.0,0.0,0.0,0.0,0.0,0.0,0.0,0.0,0.0,0.0,1.0,0.0
409.67307814569335,6.8278846357615555,注入平衡液(轻泥浆),0.0,0.0,0.0,0.0,0.0,0.0,0.0,0.0,0.0,0.0,0.0,1.0,0.0
411.07550467439694,6.851258411239949,注入平衡液(轻泥浆),0.0,0.0,0.0,0.0,0.0,0.0,0.0,0.0,0.0,0.0,0.0,1.0,0.0
412.4779311828832,6.874632186381387,注入平衡液(轻泥浆),0.0,0.0,0.0,0.0,0.0,0.0,0.0,0.0,0.0,0.0,0.0,1.0,0.0
413.88035767177206,6.898005961196201,注入平衡液(轻泥浆),0.0,0.0,0.0,0.0,0.0,0.0,0.0,0.0,0.0,0.0,0.0,1.0,0.0
415.28278414166437,6.921379735694406,注入平衡液(轻泥浆),0.0,0.0,0.0,0.0,0.0,0.0,0.0,0.0,0.0,0.0,0.0,1.0,0.0
416.6852105931425,6.944753509885708,注入平衡液(轻泥浆),0.0,0.0,0.0,0.0,0.0,0.0,0.0,0.0,0.0,0.0,0.0,1.0,0.0
418.08763702677084,6.968127283779514,注入平衡液(轻泥浆),0.0,0.0,0.0,0.0,0.0,0.0,0.0,0.0,0.0,0.0,0.0,1.0,0.0
419.4900634430966,6.9915010573849425,注入平衡液(轻泥浆),0.0,0.0,0.0,0.0,0.0,0.0,0.0,0.0,0.0,0.0,0.0,1.0,0.0
420.89248984265004,7.014874830710834,注入平衡液(轻泥浆),0.0,0.0,0.0,0.0,0.0,0.0,0.0,0.0,0.0,0.0,0.0,1.0,0.0
422.2949162259452,7.038248603765753,注入平衡液(轻泥浆),0.0,0.0,0.0,0.0,0.0,0.0,0.0,0.0,0.0,0.0,0.0,1.0,0.0
423.6973425934803,7.061622376558005,注入平衡液(轻泥浆),0.0,0.0,0.0,0.0,0.0,0.0,0.0,0.0,0.0,0.0,0.0,1.0,0.0
425.0997689457382,7.084996149095637,注入平衡液(轻泥浆),0.0,0.0,0.0,0.0,0.0,0.0,0.0,0.0,0.0,0.0,0.0,1.0,0.0
426.50219528318706,7.108369921386451,注入平衡液(轻泥浆),0.0,0.0,0.0,0.0,0.0,0.0,0.0,0.0,0.0,0.0,0.0,1.0,0.0
427.9046216062805,7.1317436934380085,注入平衡液(轻泥浆),0.0,0.0,0.0,0.0,0.0,0.0,0.0,0.0,0.0,0.0,0.0,1.0,0.0
429.3070479154583,7.155117465257638,注入平衡液(轻泥浆),0.0,0.0,0.0,0.0,0.0,0.0,0.0,0.0,0.0,0.0,0.0,1.0,0.0
430.7094742111468,7.178491236852447,注入平衡液(轻泥浆),0.0,0.0,0.0,0.0,0.0,0.0,0.0,0.0,0.0,0.0,0.0,1.0,0.0
432.11190049375915,7.201865008229319,注入平衡液(轻泥浆),0.0,0.0,0.0,0.0,0.0,0.0,0.0,0.0,0.0,0.0,0.0,1.0,0.0
433.5143267636958,7.22523877939493,注入平衡液(轻泥浆),0.0,0.0,0.0,0.0,0.0,0.0,0.0,0.0,0.0,0.0,0.0,1.0,0.0
434.916753021345,7.24861255035575,注入平衡液(轻泥浆),0.0,0.0,0.0,0.0,0.0,0.0,0.0,0.0,0.0,0.0,0.0,1.0,0.0
436.3191792670831,7.271986321118051,注入平衡液(轻泥浆),0.0,0.0,0.0,0.0,0.0,0.0,0.0,0.0,0.0,0.0,0.0,1.0,0.0
437.7216055012747,7.295360091687912,注入平衡液(轻泥浆),0.0,0.0,0.0,0.0,0.0,0.0,0.0,0.0,0.0,0.0,0.0,1.0,0.0
439.1240317242735,7.318733862071225,注入平衡液(轻泥浆),0.0,0.0,0.0,0.0,0.0,0.0,0.0,0.0,0.0,0.0,0.0,1.0,0.0
440.5264579364221,7.342107632273701,注入平衡液(轻泥浆),0.0,0.0,0.0,0.0,0.0,0.0,0.0,0.0,0.0,0.0,0.0,1.0,0.0
441.9288841380528,7.3654814023008806,注入平衡液(轻泥浆),0.0,0.0,0.0,0.0,0.0,0.0,0.0,0.0,0.0,0.0,0.0,1.0,0.0
443.33131032948756,7.388855172158126,注入平衡液(轻泥浆),0.0,0.0,0.0,0.0,0.0,0.0,0.0,0.0,0.0,0.0,0.0,1.0,0.0
444.73373651103844,7.412228941850641,注入平衡液(轻泥浆),0.0,0.0,0.0,0.0,0.0,0.0,0.0,0.0,0.0,0.0,0.0,1.0,0.0
446.1361626830081,7.435602711383468,注入平衡液(轻泥浆),0.0,0.0,0.0,0.0,0.0,0.0,0.0,0.0,0.0,0.0,0.0,1.0,0.0
447.53858884568973,7.458976480761495,注入平衡液(轻泥浆),0.0,0.0,0.0,0.0,0.0,0.0,0.0,0.0,0.0,0.0,0.0,1.0,0.0
448.94101499936767,7.482350249989461,注入平衡液(轻泥浆),0.0,0.0,0.0,0.0,0.0,0.0,0.0,0.0,0.0,0.0,0.0,1.0,0.0
450.34344114431747,7.505724019071958,注入平衡液(轻泥浆),0.0,0.0,0.0,0.0,0.0,0.0,0.0,0.0,0.0,0.0,0.0,1.0,0.0
451.7458672808063,7.529097788013439,注入平衡液(轻泥浆),0.0,0.0,0.0,0.0,0.0,0.0,0.0,0.0,0.0,0.0,0.0,1.0,0.0
453.148293409093,7.552471556818217,注入平衡液(轻泥浆),0.0,0.0,0.0,0.0,0.0,0.0,0.0,0.0,0.0,0.0,0.0,1.0,0.0
454.55071952942865,7.575845325490477,注入平衡液(轻泥浆),0.0,0.0,0.0,0.0,0.0,0.0,0.0,0.0,0.0,0.0,0.0,1.0,0.0
455.95314564205654,7.599219094034276,注入平衡液(轻泥浆),0.0,0.0,0.0,0.0,0.0,0.0,0.0,0.0,0.0,0.0,0.0,1.0,0.0
457.3555717472125,7.6225928624535415,注入平衡液(轻泥浆),0.0,0.0,0.0,0.0,0.0,0.0,0.0,0.0,0.0,0.0,0.0,1.0,0.0
458.7579978451251,7.645966630752085,注入平衡液(轻泥浆),0.0,0.0,0.0,0.0,0.0,0.0,0.0,0.0,0.0,0.0,0.0,1.0,0.0
460.160423936016,7.6693403989336,注入平衡液(轻泥浆),0.0,0.0,0.0,0.0,0.0,0.0,0.0,0.0,0.0,0.0,0.0,1.0,0.0
461.5628500201001,7.692714167001668,注入平衡液(轻泥浆),0.0,0.0,0.0,0.0,0.0,0.0,0.0,0.0,0.0,0.0,0.0,1.0,0.0
462.9652760975855,7.716087934959758,注入平衡液(轻泥浆),0.0,0.0,0.0,0.0,0.0,0.0,0.0,0.0,0.0,0.0,0.0,1.0,0.0
464.3677021686742,7.739461702811237,注入平衡液(轻泥浆),0.0,0.0,0.0,0.0,0.0,0.0,0.0,0.0,0.0,0.0,0.0,1.0,0.0
465.7701282335618,7.762835470559364,注入平衡液(轻泥浆),0.0,0.0,0.0,0.0,0.0,0.0,0.0,0.0,0.0,0.0,0.0,1.0,0.0
467.172554292438,7.7862092382073005,注入平衡液(轻泥浆),0.0,0.0,0.0,0.0,0.0,0.0,0.0,0.0,0.0,0.0,0.0,1.0,0.0
468.5749803454867,7.809583005758112,注入平衡液(轻泥浆),0.0,0.0,0.0,0.0,0.0,0.0,0.0,0.0,0.0,0.0,0.0,1.0,0.0
469.97740639288617,7.83295677321477,注入平衡液(轻泥浆),0.0,0.0,0.0,0.0,0.0,0.0,0.0,0.0,0.0,0.0,0.0,1.0,0.0
471.3798324348091,7.856330540580151,注入平衡液(轻泥浆),0.0,0.0,0.0,0.0,0.0,0.0,0.0,0.0,0.0,0.0,0.0,1.0,0.0
472.78225847142306,7.879704307857051,注入平衡液(轻泥浆),0.0,0.0,0.0,0.0,0.0,0.0,0.0,0.0,0.0,0.0,0.0,1.0,0.0
474.1846845028904,7.903078075048173,注入平衡液(轻泥浆),0.0,0.0,0.0,0.0,0.0,0.0,0.0,0.0,0.0,0.0,0.0,1.0,0.0
475.5871105293685,7.926451842156141,注入平衡液(轻泥浆),0.0,0.0,0.0,0.0,0.0,0.0,0.0,0.0,0.0,0.0,0.0,1.0,0.0
476.98953655100996,7.9498256091835,注入平衡液(轻泥浆),0.0,0.0,0.0,0.0,0.0,0.0,0.0,0.0,0.0,0.0,0.0,1.0,0.0
478.39196256796265,7.973199376132711,注入平衡液(轻泥浆),0.0,0.0,0.0,0.0,0.0,0.0,0.0,0.0,0.0,0.0,0.0,1.0,0.0
479.79438858036997,7.996573143006166,注入平衡液(轻泥浆),0.0,0.0,0.0,0.0,0.0,0.0,0.0,0.0,0.0,0.0,0.0,1.0,0.0
481.19681458837096,8.019946909806183,注入平衡液(轻泥浆),0.0,0.0,0.0,0.0,0.0,0.0,0.0,0.0,0.0,0.0,0.0,1.0,0.0
482.5992405921003,8.043320676535005,注入平衡液(轻泥浆),0.0,0.0,0.0,0.0,0.0,0.0,0.0,0.0,0.0,0.0,0.0,1.0,0.0
484.00166659168855,8.066694443194809,注入平衡液(轻泥浆),0.0,0.0,0.0,0.0,0.0,0.0,0.0,0.0,0.0,0.0,0.0,1.0,0.0
485.4040925872624,8.090068209787708,注入平衡液(轻泥浆),0.0,0.0,0.0,0.0,0.0,0.0,0.0,0.0,0.0,0.0,0.0,1.0,0.0
486.80651857894463,8.113441976315745,注入平衡液(轻泥浆),0.0,0.0,0.0,0.0,0.0,0.0,0.0,0.0,0.0,0.0,0.0,1.0,0.0
488.20894456685414,8.136815742780902,注入平衡液(轻泥浆),0.0,0.0,0.0,0.0,0.0,0.0,0.0,0.0,0.0,0.0,0.0,1.0,0.0
489.6113705511063,8.160189509185106,注入平衡液(轻泥浆),0.0,0.0,0.0,0.0,0.0,0.0,0.0,0.0,0.0,0.0,0.0,1.0,0.0
491.0137965318129,8.183563275530215,注入平衡液(轻泥浆),0.0,0.0,0.0,0.0,0.0,0.0,0.0,0.0,0.0,0.0,0.0,1.0,0.0
492.41622250908233,8.206937041818039,注入平衡液(轻泥浆),0.0,0.0,0.0,0.0,0.0,0.0,0.0,0.0,0.0,0.0,0.0,1.0,0.0
493.8186484830197,8.230310808050328,注入平衡液(轻泥浆),0.0,0.0,0.0,0.0,0.0,0.0,0.0,0.0,0.0,0.0,0.0,1.0,0.0
495.22107445372677,8.25368457422878,注入平衡液(轻泥浆),0.0,0.0,0.0,0.0,0.0,0.0,0.0,0.0,0.0,0.0,0.0,1.0,0.0
496.6235004213024,8.27705834035504,注入平衡液(轻泥浆),0.0,0.0,0.0,0.0,0.0,0.0,0.0,0.0,0.0,0.0,0.0,1.0,0.0
498.0259263858423,8.300432106430705,注入平衡液(轻泥浆),0.0,0.0,0.0,0.0,0.0,0.0,0.0,0.0,0.0,0.0,0.0,1.0,0.0
499.4283523474392,8.32380587245732,注入平衡液(轻泥浆),0.0,0.0,0.0,0.0,0.0,0.0,0.0,0.0,0.0,0.0,0.0,1.0,0.0
500.8307783061831,8.347179638436385,注入平衡液(轻泥浆),0.0,0.0,0.0,0.0,0.0,0.0,0.0,0.0,0.0,0.0,0.0,1.0,0.0
502.23320426216117,8.370553404369353,注入平衡液(轻泥浆),0.0,0.0,0.0,0.0,0.0,0.0,0.0,0.0,0.0,0.0,0.0,1.0,0.0
503.635630215458,8.393927170257633,注入平衡液(轻泥浆),0.0,0.0,0.0,0.0,0.0,0.0,0.0,0.0,0.0,0.0,0.0,1.0,0.0
505.03805616615546,8.41730093610259,注入平衡液(轻泥浆),0.0,0.0,0.0,0.0,0.0,0.0,0.0,0.0,0.0,0.0,0.0,1.0,0.0
506.440482114333,8.44067470190555,注入平衡液(轻泥浆),0.0,0.0,0.0,0.0,0.0,0.0,0.0,0.0,0.0,0.0,0.0,1.0,0.0
507.8429080600677,8.464048467667796,注入平衡液(轻泥浆),0.0,0.0,0.0,0.0,0.0,0.0,0.0,0.0,0.0,0.0,0.0,1.0,0.0
509.2453340034342,8.48742223339057,注入平衡液(轻泥浆),0.0,0.0,0.0,0.0,0.0,0.0,0.0,0.0,0.0,0.0,0.0,1.0,0.0
510.64775994450486,8.51079599907508,注入平衡液(轻泥浆),0.0,0.0,0.0,0.0,0.0,0.0,0.0,0.0,0.0,0.0,0.0,1.0,0.0
512.0501858833499,8.534169764722497,注入平衡液(轻泥浆),0.0,0.0,0.0,0.0,0.0,0.0,0.0,0.0,0.0,0.0,0.0,1.0,0.0
513.4526118200372,8.557543530333954,注入平衡液(轻泥浆),0.0,0.0,0.0,0.0,0.0,0.0,0.0,0.0,0.0,0.0,0.0,1.0,0.0
514.8550377546328,8.580917295910547,注入平衡液(轻泥浆),0.0,0.0,0.0,0.0,0.0,0.0,0.0,0.0,0.0,0.0,0.0,1.0,0.0
516.2574636872006,8.604291061453344,注入平衡液(轻泥浆),0.0,0.0,0.0,0.0,0.0,0.0,0.0,0.0,0.0,0.0,0.0,1.0,0.0
517.6598896178026,8.627664826963377,注入平衡液(轻泥浆),0.0,0.0,0.0,0.0,0.0,0.0,0.0,0.0,0.0,0.0,0.0,1.0,0.0
519.0623155464988,8.651038592441646,注入平衡液(轻泥浆),0.0,0.0,0.0,0.0,0.0,0.0,0.0,0.0,0.0,0.0,0.0,1.0,0.0
520.4647414733474,8.674412357889123,注入平衡液(轻泥浆),0.0,0.0,0.0,0.0,0.0,0.0,0.0,0.0,0.0,0.0,0.0,1.0,0.0
521.8671673984051,8.69778612330675,注入平衡液(轻泥浆),0.0,0.0,0.0,0.0,0.0,0.0,0.0,0.0,0.0,0.0,0.0,1.0,0.0
523.2695933217263,8.72115988869544,注入平衡液(轻泥浆),0.0,0.0,0.0,0.0,0.0,0.0,0.0,0.0,0.0,0.0,0.0,1.0,0.0
524.6720192433643,8.744533654056072,注入平衡液(轻泥浆),0.0,0.0,0.0,0.0,0.0,0.0,0.0,0.0,0.0,0.0,0.0,1.0,0.0
526.0744451633703,8.767907419389505,注入平衡液(轻泥浆),0.0,0.0,0.0,0.0,0.0,0.0,0.0,0.0,0.0,0.0,0.0,1.0,0.0
527.4768710817945,8.791281184696574,注入平衡液(轻泥浆),0.0,0.0,0.0,0.0,0.0,0.0,0.0,0.0,0.0,0.0,0.0,1.0,0.0
528.8792969986848,8.814654949978081,注入平衡液(轻泥浆),0.0,0.0,0.0,0.0,0.0,0.0,0.0,0.0,0.0,0.0,0.0,1.0,0.0
530.2817229140884,8.838028715234806,注入平衡液(轻泥浆),0.0,0.0,0.0,0.0,0.0,0.0,0.0,0.0,0.0,0.0,0.0,1.0,0.0
531.6841488280506,8.861402480467511,注入平衡液(轻泥浆),0.0,0.0,0.0,0.0,0.0,0.0,0.0,0.0,0.0,0.0,0.0,1.0,0.0
533.0865747406156,8.884776245676926,注入平衡液(轻泥浆),0.0,0.0,0.0,0.0,0.0,0.0,0.0,0.0,0.0,0.0,0.0,1.0,0.0
534.4890006518258,8.908150010863762,注入平衡液(轻泥浆),0.0,0.0,0.0,0.0,0.0,0.0,0.0,0.0,0.0,0.0,0.0,1.0,0.0
535.8914265617227,8.931523776028712,注入平衡液(轻泥浆),0.0,0.0,0.0,0.0,0.0,0.0,0.0,0.0,0.0,0.0,0.0,1.0,0.0
537.2938524703466,8.954897541172443,注入平衡液(轻泥浆),0.0,0.0,0.0,0.0,0.0,0.0,0.0,0.0,0.0,0.0,0.0,1.0,0.0
538.6962783777361,8.978271306295602,注入平衡液(轻泥浆),0.0,0.0,0.0,0.0,0.0,0.0,0.0,0.0,0.0,0.0,0.0,1.0,0.0
540.0987042839291,9.00164507139882,注入平衡液(轻泥浆),0.0,0.0,0.0,0.0,0.0,0.0,0.0,0.0,0.0,0.0,0.0,1.0,0.0
541.5011301889622,9.025018836482703,注入平衡液(轻泥浆),0.0,0.0,0.0,0.0,0.0,0.0,0.0,0.0,0.0,0.0,0.0,1.0,0.0
542.9035560928706,9.048392601547844,注入平衡液(轻泥浆),0.0,0.0,0.0,0.0,0.0,0.0,0.0,0.0,0.0,0.0,0.0,1.0,0.0
544.305981995689,9.071766366594817,注入平衡液(轻泥浆),0.0,0.0,0.0,0.0,0.0,0.0,0.0,0.0,0.0,0.0,0.0,1.0,0.0
545.7084078974503,9.095140131624172,注入平衡液(轻泥浆),0.0,0.0,0.0,0.0,0.0,0.0,0.0,0.0,0.0,0.0,0.0,1.0,0.0
547.1108337981872,9.118513896636452,注入平衡液(轻泥浆),0.0,0.0,0.0,0.0,0.0,0.0,0.0,0.0,0.0,0.0,0.0,1.0,0.0
548.5132596979306,9.141887661632177,注入平衡液(轻泥浆),0.0,0.0,0.0,0.0,0.0,0.0,0.0,0.0,0.0,0.0,0.0,1.0,0.0
549.9156855967111,9.165261426611853,注入平衡液(轻泥浆),0.0,0.0,0.0,0.0,0.0,0.0,0.0,0.0,0.0,0.0,0.0,1.0,0.0
551.318111494558,9.188635191575967,注入平衡液(轻泥浆),0.0,0.0,0.0,0.0,0.0,0.0,0.0,0.0,0.0,0.0,0.0,1.0,0.0
552.7205373915,9.212008956525,注入平衡液(轻泥浆),0.0,0.0,0.0,0.0,0.0,0.0,0.0,0.0,0.0,0.0,0.0,1.0,0.0
554.1229632875645,9.235382721459409,注入平衡液(轻泥浆),0.0,0.0,0.0,0.0,0.0,0.0,0.0,0.0,0.0,0.0,0.0,1.0,0.0
555.5253891827784,9.25875648637964,注入平衡液(轻泥浆),0.0,0.0,0.0,0.0,0.0,0.0,0.0,0.0,0.0,0.0,0.0,1.0,0.0
556.9278150771678,9.28213025128613,注入平衡液(轻泥浆),0.0,0.0,0.0,0.0,0.0,0.0,0.0,0.0,0.0,0.0,0.0,1.0,0.0
558.3302409707577,9.305504016179295,注入平衡液(轻泥浆),0.0,0.0,0.0,0.0,0.0,0.0,0.0,0.0,0.0,0.0,0.0,1.0,0.0
559.7326668635726,9.328877781059543,注入平衡液(轻泥浆),0.0,0.0,0.0,0.0,0.0,0.0,0.0,0.0,0.0,0.0,0.0,1.0,0.0
561.1350927556363,9.35225154592727,注入平衡液(轻泥浆),0.0,0.0,0.0,0.0,0.0,0.0,0.0,0.0,0.0,0.0,0.0,1.0,0.0
562.5375186469715,9.375625310782858,注入平衡液(轻泥浆),0.0,0.0,0.0,0.0,0.0,0.0,0.0,0.0,0.0,0.0,0.0,1.0,0.0
563.9399445376007,9.398999075626678,注入平衡液(轻泥浆),0.0,0.0,0.0,0.0,0.0,0.0,0.0,0.0,0.0,0.0,0.0,1.0,0.0
565.3423704275452,9.422372840459087,注入平衡液(轻泥浆),0.0,0.0,0.0,0.0,0.0,0.0,0.0,0.0,0.0,0.0,0.0,1.0,0.0
566.7447963168262,9.445746605280437,注入平衡液(轻泥浆),0.0,0.0,0.0,0.0,0.0,0.0,0.0,0.0,0.0,0.0,0.0,1.0,0.0
568.1472222054637,9.46912037009106,注入平衡液(轻泥浆),0.0,0.0,0.0,0.0,0.0,0.0,0.0,0.0,0.0,0.0,0.0,1.0,0.0
569.5496480934775,9.492494134891292,注入平衡液(轻泥浆),0.0,0.0,0.0,0.0,0.0,0.0,0.0,0.0,0.0,0.0,0.0,1.0,0.0
570.9520739808866,9.515867899681442,注入平衡液(轻泥浆),0.0,0.0,0.0,0.0,0.0,0.0,0.0,0.0,0.0,0.0,0.0,1.0,0.0
572.3544998677095,9.539241664461825,注入平衡液(轻泥浆),0.0,0.0,0.0,0.0,0.0,0.0,0.0,0.0,0.0,0.0,0.0,1.0,0.0
573.7569257539641,9.562615429232734,注入平衡液(轻泥浆),0.0,0.0,0.0,0.0,0.0,0.0,0.0,0.0,0.0,0.0,0.0,1.0,0.0
575.1593516396678,9.585989193994463,注入平衡液(轻泥浆),0.0,0.0,0.0,0.0,0.0,0.0,0.0,0.0,0.0,0.0,0.0,1.0,0.0
576.5617775248372,9.609362958747287,注入平衡液(轻泥浆),0.0,0.0,0.0,0.0,0.0,0.0,0.0,0.0,0.0,0.0,0.0,1.0,0.0
577.964203409489,9.632736723491483,注入平衡液(轻泥浆),0.0,0.0,0.0,0.0,0.0,0.0,0.0,0.0,0.0,0.0,0.0,1.0,0.0
579.3666292936387,9.656110488227311,注入平衡液(轻泥浆),0.0,0.0,0.0,0.0,0.0,0.0,0.0,0.0,0.0,0.0,0.0,1.0,0.0
580.7690551773017,9.679484252955028,注入平衡液(轻泥浆),0.0,0.0,0.0,0.0,0.0,0.0,0.0,0.0,0.0,0.0,0.0,1.0,0.0
582.1714810604929,9.702858017674881,注入平衡液(轻泥浆),0.0,0.0,0.0,0.0,0.0,0.0,0.0,0.0,0.0,0.0,0.0,1.0,0.0
583.5739069432267,9.726231782387112,注入平衡液(轻泥浆),0.0,0.0,0.0,0.0,0.0,0.0,0.0,0.0,0.0,0.0,0.0,1.0,0.0
584.9763328255171,9.749605547091953,注入平衡液(轻泥浆),0.0,0.0,0.0,0.0,0.0,0.0,0.0,0.0,0.0,0.0,0.0,1.0,0.0
586.3787587073776,9.772979311789628,注入平衡液(轻泥浆),0.0,0.0,0.0,0.0,0.0,0.0,0.0,0.0,0.0,0.0,0.0,1.0,0.0
587.7811845888215,9.796353076480358,注入平衡液(轻泥浆),0.0,0.0,0.0,0.0,0.0,0.0,0.0,0.0,0.0,0.0,0.0,1.0,0.0
589.1836104698613,9.819726841164355,注入平衡液(轻泥浆),0.0,0.0,0.0,0.0,0.0,0.0,0.0,0.0,0.0,0.0,0.0,1.0,0.0
590.5860363505093,9.843100605841821,注入平衡液(轻泥浆),0.0,0.0,0.0,0.0,0.0,0.0,0.0,0.0,0.0,0.0,0.0,1.0,0.0
591.9884622307776,9.86647437051296,注入平衡液(轻泥浆),0.0,0.0,0.0,0.0,0.0,0.0,0.0,0.0,0.0,0.0,0.0,1.0,0.0
593.3908881106778,9.889848135177964,注入平衡液(轻泥浆),0.0,0.0,0.0,0.0,0.0,0.0,0.0,0.0,0.0,0.0,0.0,1.0,0.0
594.7933139902211,9.91322189983702,注入平衡液(轻泥浆),0.0,0.0,0.0,0.0,0.0,0.0,0.0,0.0,0.0,0.0,0.0,1.0,0.0
596.1957398694185,9.936595664490309,注入平衡液(轻泥浆),0.0,0.0,0.0,0.0,0.0,0.0,0.0,0.0,0.0,0.0,0.0,1.0,0.0
597.5981657482804,9.959969429138006,注入平衡液(轻泥浆),0.0,0.0,0.0,0.0,0.0,0.0,0.0,0.0,0.0,0.0,0.0,1.0,0.0
599.0005916268171,9.983343193780286,注入平衡液(轻泥浆),0.0,0.0,0.0,0.0,0.0,0.0,0.0,0.0,0.0,0.0,0.0,1.0,0.0
600.4030175050386,10.00671695841731,注入平衡液(轻泥浆),0.0,0.0,0.0,0.0,0.0,0.0,0.0,0.0,0.0,0.0,0.0,1.0,0.0
601.8054433829545,10.030090723049243,注入平衡液(轻泥浆),0.0,0.0,0.0,0.0,0.0,0.0,0.0,0.0,0.0,0.0,0.0,1.0,0.0
603.2078692605742,10.053464487676235,注入平衡液(轻泥浆),0.0,0.0,0.0,0.0,0.0,0.0,0.0,0.0,0.0,0.0,0.0,1.0,0.0
604.6102951379065,10.076838252298442,注入平衡液(轻泥浆),0.0,0.0,0.0,0.0,0.0,0.0,0.0,0.0,0.0,0.0,0.0,1.0,0.0
606.0127210149604,10.100212016916007,注入平衡液(轻泥浆),0.0,0.0,0.0,0.0,0.0,0.0,0.0,0.0,0.0,0.0,0.0,1.0,0.0
607.4151468917444,10.123585781529073,注入平衡液(轻泥浆),0.0,0.0,0.0,0.0,0.0,0.0,0.0,0.0,0.0,0.0,0.0,1.0,0.0
608.8175727682666,10.146959546137776,注入平衡液(轻泥浆),0.0,0.0,0.0,0.0,0.0,0.0,0.0,0.0,0.0,0.0,0.0,1.0,0.0
610.219998644535,10.17033331074225,注入平衡液(轻泥浆),0.0,0.0,0.0,0.0,0.0,0.0,0.0,0.0,0.0,0.0,0.0,1.0,0.0
611.6224245205575,10.193707075342624,注入平衡液(轻泥浆),0.0,0.0,0.0,0.0,0.0,0.0,0.0,0.0,0.0,0.0,0.0,1.0,0.0
613.0248503963415,10.217080839939026,注入平衡液(轻泥浆),0.0,0.0,0.0,0.0,0.0,0.0,0.0,0.0,0.0,0.0,0.0,1.0,0.0
614.4272762718944,10.240454604531573,注入平衡液(轻泥浆),0.0,0.0,0.0,0.0,0.0,0.0,0.0,0.0,0.0,0.0,0.0,1.0,0.0
615.8297021472231,10.263828369120384,注入平衡液(轻泥浆),0.0,0.0,0.0,0.0,0.0,0.0,0.0,0.0,0.0,0.0,0.0,1.0,0.0
617.2321280223346,10.287202133705575,注入平衡液(轻泥浆),0.0,0.0,0.0,0.0,0.0,0.0,0.0,0.0,0.0,0.0,0.0,1.0,0.0
618.6345538972354,10.310575898287256,注入平衡液(轻泥浆),0.0,0.0,0.0,0.0,0.0,0.0,0.0,0.0,0.0,0.0,0.0,1.0,0.0
620.036979771932,10.333949662865534,注入平衡液(轻泥浆),0.0,0.0,0.0,0.0,0.0,0.0,0.0,0.0,0.0,0.0,0.0,1.0,0.0
621.4394056464306,10.35732342744051,注入平衡液(轻泥浆),0.0,0.0,0.0,0.0,0.0,0.0,0.0,0.0,0.0,0.0,0.0,1.0,0.0
622.8418315207373,10.380697192012288,注入平衡液(轻泥浆),0.0,0.0,0.0,0.0,0.0,0.0,0.0,0.0,0.0,0.0,0.0,1.0,0.0
624.2442573948579,10.404070956580965,注入平衡液(轻泥浆),0.0,0.0,0.0,0.0,0.0,0.0,0.0,0.0,0.0,0.0,0.0,1.0,0.0
625.646683268798,10.427444721146633,注入平衡液(轻泥浆),0.0,0.0,0.0,0.0,0.0,0.0,0.0,0.0,0.0,0.0,0.0,1.0,0.0
627.0491091425633,10.450818485709389,注入平衡液(轻泥浆),0.0,0.0,0.0,0.0,0.0,0.0,0.0,0.0,0.0,0.0,0.0,1.0,0.0
628.4515350161591,10.474192250269319,注入平衡液(轻泥浆),0.0,0.0,0.0,0.0,0.0,0.0,0.0,0.0,0.0,0.0,0.0,1.0,0.0
629.8539608895906,10.497566014826509,注入平衡液(轻泥浆),0.0,0.0,0.0,0.0,0.0,0.0,0.0,0.0,0.0,0.0,0.0,1.0,0.0
631.2563867628626,10.520939779381044,注入平衡液(轻泥浆),0.0,0.0,0.0,0.0,0.0,0.0,0.0,0.0,0.0,0.0,0.0,1.0,0.0
632.6588126359802,10.544313543933004,注入平衡液(轻泥浆),0.0,0.0,0.0,0.0,0.0,0.0,0.0,0.0,0.0,0.0,0.0,1.0,0.0
634.061238508948,10.567687308482467,注入平衡液(轻泥浆),0.0,0.0,0.0,0.0,0.0,0.0,0.0,0.0,0.0,0.0,0.0,1.0,0.0
635.4636643817706,10.591061073029511,注入平衡液(轻泥浆),0.0,0.0,0.0,0.0,0.0,0.0,0.0,0.0,0.0,0.0,0.0,1.0,0.0
636.8660902544525,10.614434837574208,注入平衡液(轻泥浆),0.0,0.0,0.0,0.0,0.0,0.0,0.0,0.0,0.0,0.0,0.0,1.0,0.0
638.268516126998,10.637808602116632,注入平衡液(轻泥浆),0.0,0.0,0.0,0.0,0.0,0.0,0.0,0.0,0.0,0.0,0.0,1.0,0.0
639.6709419994111,10.66118236665685,注入平衡液(轻泥浆),0.0,0.0,0.0,0.0,0.0,0.0,0.0,0.0,0.0,0.0,0.0,1.0,0.0
641.073367871696,10.684556131194933,注入平衡液(轻泥浆),0.0,0.0,0.0,0.0,0.0,0.0,0.0,0.0,0.0,0.0,0.0,1.0,0.0
642.4757937438565,10.70792989573094,注入平衡液(轻泥浆),0.0,0.0,0.0,0.0,0.0,0.0,0.0,0.0,0.0,0.0,0.0,1.0,0.0
643.8782196158965,10.73130366026494,注入平衡液(轻泥浆),0.0,0.0,0.0,0.0,0.0,0.0,0.0,0.0,0.0,0.0,0.0,1.0,0.0
645.2806454878196,10.754677424796993,注入平衡液(轻泥浆),0.0,0.0,0.0,0.0,0.0,0.0,0.0,0.0,0.0,0.0,0.0,1.0,0.0
646.6830713596295,10.778051189327158,注入平衡液(轻泥浆),0.0,0.0,0.0,0.0,0.0,0.0,0.0,0.0,0.0,0.0,0.0,1.0,0.0
648.0854972313296,10.801424953855493,注入平衡液(轻泥浆),0.0,0.0,0.0,0.0,0.0,0.0,0.0,0.0,0.0,0.0,0.0,1.0,0.0
649.4879231029231,10.824798718382052,注入平衡液(轻泥浆),0.0,0.0,0.0,0.0,0.0,0.0,0.0,0.0,0.0,0.0,0.0,1.0,0.0
650.8903489744134,10.848172482906891,注入平衡液(轻泥浆),0.0,0.0,0.0,0.0,0.0,0.0,0.0,0.0,0.0,0.0,0.0,1.0,0.0
652.2927748458037,10.871546247430063,注入平衡液(轻泥浆),0.0,0.0,0.0,0.0,0.0,0.0,0.0,0.0,0.0,0.0,0.0,1.0,0.0
653.6952007170969,10.894920011951616,注入平衡液(轻泥浆),0.0,0.0,0.0,0.0,0.0,0.0,0.0,0.0,0.0,0.0,0.0,1.0,0.0
655.0976265882961,10.918293776471602,注入平衡液(轻泥浆),0.0,0.0,0.0,0.0,0.0,0.0,0.0,0.0,0.0,0.0,0.0,1.0,0.0
656.5000524594041,10.941667540990068,注入平衡液(轻泥浆),0.0,0.0,0.0,0.0,0.0,0.0,0.0,0.0,0.0,0.0,0.0,1.0,0.0
657.9024783304236,10.96504130550706,注入平衡液(轻泥浆),0.0,0.0,0.0,0.0,0.0,0.0,0.0,0.0,0.0,0.0,0.0,1.0,0.0
659.3049042013574,10.988415070022624,注入平衡液(轻泥浆),0.0,0.0,0.0,0.0,0.0,0.0,0.0,0.0,0.0,0.0,0.0,1.0,0.0
660.7073300722083,11.011788834536805,注入平衡液(轻泥浆),0.0,0.0,0.0,0.0,0.0,0.0,0.0,0.0,0.0,0.0,0.0,1.0,0.0
662.1097559429785,11.035162599049642,注入平衡液(轻泥浆),0.0,0.0,0.0,0.0,0.0,0.0,0.0,0.0,0.0,0.0,0.0,1.0,0.0
663.5121818136706,11.058536363561178,注入平衡液(轻泥浆),0.0,0.0,0.0,0.0,0.0,0.0,0.0,0.0,0.0,0.0,0.0,1.0,0.0
664.914607684287,11.081910128071451,注入平衡液(轻泥浆),0.0,0.0,0.0,0.0,0.0,0.0,0.0,0.0,0.0,0.0,0.0,1.0,0.0
666.3170335548301,11.105283892580502,注入平衡液(轻泥浆),0.0,0.0,0.0,0.0,0.0,0.0,0.0,0.0,0.0,0.0,0.0,1.0,0.0
667.719459425302,11.128657657088366,注入平衡液(轻泥浆),0.0,0.0,0.0,0.0,0.0,0.0,0.0,0.0,0.0,0.0,0.0,1.0,0.0
669.1218852957049,11.152031421595082,注入平衡液(轻泥浆),0.0,0.0,0.0,0.0,0.0,0.0,0.0,0.0,0.0,0.0,0.0,1.0,0.0
670.524311166041,11.175405186100683,注入平衡液(轻泥浆),0.0,0.0,0.0,0.0,0.0,0.0,0.0,0.0,0.0,0.0,0.0,1.0,0.0
671.9267370363123,11.198778950605204,注入平衡液(轻泥浆),0.0,0.0,0.0,0.0,0.0,0.0,0.0,0.0,0.0,0.0,0.0,1.0,0.0
673.3291629065207,11.222152715108678,注入平衡液(轻泥浆),0.0,0.0,0.0,0.0,0.0,0.0,0.0,0.0,0.0,0.0,0.0,1.0,0.0
674.7315887766681,11.245526479611135,注入平衡液(轻泥浆),0.0,0.0,0.0,0.0,0.0,0.0,0.0,0.0,0.0,0.0,0.0,1.0,0.0
676.1340146467564,11.268900244112608,注入平衡液(轻泥浆),0.0,0.0,0.0,0.0,0.0,0.0,0.0,0.0,0.0,0.0,0.0,1.0,0.0
677.5364405167876,11.292274008613127,注入平衡液(轻泥浆),0.0,0.0,0.0,0.0,0.0,0.0,0.0,0.0,0.0,0.0,0.0,1.0,0.0
678.9388663867632,11.315647773112719,注入平衡液(轻泥浆),0.0,0.0,0.0,0.0,0.0,0.0,0.0,0.0,0.0,0.0,0.0,1.0,0.0
680.3412922566849,11.339021537611416,注入平衡液(轻泥浆),0.0,0.0,0.0,0.0,0.0,0.0,0.0,0.0,0.0,0.0,0.0,1.0,0.0
681.7437181265545,11.362395302109242,注入平衡液(轻泥浆),0.0,0.0,0.0,0.0,0.0,0.0,0.0,0.0,0.0,0.0,0.0,1.0,0.0
683.1461439963736,11.385769066606226,注入平衡液(轻泥浆),0.0,0.0,0.0,0.0,0.0,0.0,0.0,0.0,0.0,0.0,0.0,1.0,0.0
684.5485698661435,11.409142831102391,注入平衡液(轻泥浆),0.0,0.0,0.0,0.0,0.0,0.0,0.0,0.0,0.0,0.0,0.0,1.0,0.0
685.9509957358658,11.432516595597765,注入平衡液(轻泥浆),0.0,0.0,0.0,0.0,0.0,0.0,0.0,0.0,0.0,0.0,0.0,1.0,0.0
687.3534216055422,11.45589036009237,注入平衡液(轻泥浆),0.0,0.0,0.0,0.0,0.0,0.0,0.0,0.0,0.0,0.0,0.0,1.0,0.0
688.7558474751738,11.47926412458623,注入平衡液(轻泥浆),0.0,0.0,0.0,0.0,0.0,0.0,0.0,0.0,0.0,0.0,0.0,1.0,0.0
690.1582733447622,11.50263788907937,注入平衡液(轻泥浆),0.0,0.0,0.0,0.0,0.0,0.0,0.0,0.0,0.0,0.0,0.0,1.0,0.0
691.5606992143084,11.526011653571807,注入平衡液(轻泥浆),0.0,0.0,0.0,0.0,0.0,0.0,0.0,0.0,0.0,0.0,0.0,1.0,0.0
692.963125083814,11.549385418063567,注入平衡液(轻泥浆),0.0,0.0,0.0,0.0,0.0,0.0,0.0,0.0,0.0,0.0,0.0,1.0,0.0
694.3655509532801,11.57275918255467,注入平衡液(轻泥浆),0.0,0.0,0.0,0.0,0.0,0.0,0.0,0.0,0.0,0.0,0.0,1.0,0.0
695.767976822708,11.596132947045133,注入平衡液(轻泥浆),0.0,0.0,0.0,0.0,0.0,0.0,0.0,0.0,0.0,0.0,0.0,1.0,0.0
697.1704026920987,11.619506711534978,注入平衡液(轻泥浆),0.0,0.0,0.0,0.0,0.0,0.0,0.0,0.0,0.0,0.0,0.0,1.0,0.0
698.5728285614534,11.642880476024224,注入平衡液(轻泥浆),0.0,0.0,0.0,0.0,0.0,0.0,0.0,0.0,0.0,0.0,0.0,1.0,0.0
699.9752544307734,11.66625424051289,注入平衡液(轻泥浆),0.0,0.0,0.0,0.0,0.0,0.0,0.0,0.0,0.0,0.0,0.0,1.0,0.0
701.3776803000594,11.68962800500099,注入平衡液(轻泥浆),0.0,0.0,0.0,0.0,0.0,0.0,0.0,0.0,0.0,0.0,0.0,1.0,0.0
702.7801061693127,11.713001769488546,注入平衡液(轻泥浆),0.0,0.0,0.0,0.0,0.0,0.0,0.0,0.0,0.0,0.0,0.0,1.0,0.0
704.1825320385343,11.736375533975572,注入平衡液(轻泥浆),0.0,0.0,0.0,0.0,0.0,0.0,0.0,0.0,0.0,0.0,0.0,1.0,0.0
705.5849579077251,11.759749298462085,注入平衡液(轻泥浆),0.0,0.0,0.0,0.0,0.0,0.0,0.0,0.0,0.0,0.0,0.0,1.0,0.0
706.987383776886,11.7831230629481,注入平衡液(轻泥浆),0.0,0.0,0.0,0.0,0.0,0.0,0.0,0.0,0.0,0.0,0.0,1.0,0.0
708.3898096460179,11.80649682743363,注入平衡液(轻泥浆),0.0,0.0,0.0,0.0,0.0,0.0,0.0,0.0,0.0,0.0,0.0,1.0,0.0
709.7922355151218,11.829870591918697,注入平衡液(轻泥浆),0.0,0.0,0.0,0.0,0.0,0.0,0.0,0.0,0.0,0.0,0.0,1.0,0.0
711.1946613841984,11.853244356403307,注入平衡液(轻泥浆),0.0,0.0,0.0,0.0,0.0,0.0,0.0,0.0,0.0,0.0,0.0,1.0,0.0
712.5970872532487,11.876618120887478,注入平衡液(轻泥浆),0.0,0.0,0.0,0.0,0.0,0.0,0.0,0.0,0.0,0.0,0.0,1.0,0.0
713.9995131222734,11.899991885371223,注入平衡液(轻泥浆),0.0,0.0,0.0,0.0,0.0,0.0,0.0,0.0,0.0,0.0,0.0,1.0,0.0
715.4019389912733,11.923365649854555,注入平衡液(轻泥浆),0.0,0.0,0.0,0.0,0.0,0.0,0.0,0.0,0.0,0.0,0.0,1.0,0.0
716.8043648602492,11.946739414337486,注入平衡液(轻泥浆),0.0,0.0,0.0,0.0,0.0,0.0,0.0,0.0,0.0,0.0,0.0,1.0,0.0
718.2067907292018,11.97011317882003,注入平衡液(轻泥浆),0.0,0.0,0.0,0.0,0.0,0.0,0.0,0.0,0.0,0.0,0.0,1.0,0.0
719.6092165981318,11.993486943302196,注入平衡液(轻泥浆),0.0,0.0,0.0,0.0,0.0,0.0,0.0,0.0,0.0,0.0,0.0,1.0,0.0
721.0116424670398,12.016860707783996,注入平衡液(轻泥浆),0.0,0.0,0.0,0.0,0.0,0.0,0.0,0.0,0.0,0.0,0.0,1.0,0.0
722.4140683359267,12.040234472265444,注入平衡液(轻泥浆),0.0,0.0,0.0,0.0,0.0,0.0,0.0,0.0,0.0,0.0,0.0,1.0,0.0
723.816494204793,12.06360823674655,注入平衡液(轻泥浆),0.0,0.0,0.0,0.0,0.0,0.0,0.0,0.0,0.0,0.0,0.0,1.0,0.0
725.2189200736393,12.086982001227321,注入平衡液(轻泥浆),0.0,0.0,0.0,0.0,0.0,0.0,0.0,0.0,0.0,0.0,0.0,1.0,0.0
726.6213459424663,12.110355765707771,注入平衡液(轻泥浆),0.0,0.0,0.0,0.0,0.0,0.0,0.0,0.0,0.0,0.0,0.0,1.0,0.0
728.0237718112745,12.133729530187908,注入平衡液(轻泥浆),0.0,0.0,0.0,0.0,0.0,0.0,0.0,0.0,0.0,0.0,0.0,1.0,0.0
729.4261976800645,12.157103294667742,注入平衡液(轻泥浆),0.0,0.0,0.0,0.0,0.0,0.0,0.0,0.0,0.0,0.0,0.0,1.0,0.0
730.828623548837,12.180477059147282,注入平衡液(轻泥浆),0.0,0.0,0.0,0.0,0.0,0.0,0.0,0.0,0.0,0.0,0.0,1.0,0.0
732.2310494175923,12.203850823626539,注入平衡液(轻泥浆),0.0,0.0,0.0,0.0,0.0,0.0,0.0,0.0,0.0,0.0,0.0,1.0,0.0
733.6334752863311,12.227224588105518,注入平衡液(轻泥浆),0.0,0.0,0.0,0.0,0.0,0.0,0.0,0.0,0.0,0.0,0.0,1.0,0.0
735.0359011550538,12.25059835258423,注入平衡液(轻泥浆),0.0,0.0,0.0,0.0,0.0,0.0,0.0,0.0,0.0,0.0,0.0,1.0,0.0
736.438327023761,12.273972117062682,注入平衡液(轻泥浆),0.0,0.0,0.0,0.0,0.0,0.0,0.0,0.0,0.0,0.0,0.0,1.0,0.0
737.840752892453,12.297345881540883,注入平衡液(轻泥浆),0.0,0.0,0.0,0.0,0.0,0.0,0.0,0.0,0.0,0.0,0.0,1.0,0.0
739.2431787611304,12.320719646018839,注入平衡液(轻泥浆),0.0,0.0,0.0,0.0,0.0,0.0,0.0,0.0,0.0,0.0,0.0,1.0,0.0
740.6456046297935,12.344093410496559,注入平衡液(轻泥浆),0.0,0.0,0.0,0.0,0.0,0.0,0.0,0.0,0.0,0.0,0.0,1.0,0.0
742.0480304984429,12.367467174974049,注入平衡液(轻泥浆),0.0,0.0,0.0,0.0,0.0,0.0,0.0,0.0,0.0,0.0,0.0,1.0,0.0
743.450456367079,12.390840939451317,注入平衡液(轻泥浆),0.0,0.0,0.0,0.0,0.0,0.0,0.0,0.0,0.0,0.0,0.0,1.0,0.0
744.8528822357022,12.41421470392837,注入平衡液(轻泥浆),0.0,0.0,0.0,0.0,0.0,0.0,0.0,0.0,0.0,0.0,0.0,1.0,0.0
746.2553081043128,12.437588468405213,注入平衡液(轻泥浆),0.0,0.0,0.0,0.0,0.0,0.0,0.0,0.0,0.0,0.0,0.0,1.0,0.0
747.6577339729113,12.460962232881855,注入平衡液(轻泥浆),0.0,0.0,0.0,0.0,0.0,0.0,0.0,0.0,0.0,0.0,0.0,1.0,0.0
749.060159841498,12.4843359973583,注入平衡液(轻泥浆),0.0,0.0,0.0,0.0,0.0,0.0,0.0,0.0,0.0,0.0,0.0,1.0,0.0
750.4625857100733,12.507709761834555,注入平衡液(轻泥浆),0.0,0.0,0.0,0.0,0.0,0.0,0.0,0.0,0.0,0.0,0.0,1.0,0.0
751.8650115786376,12.531083526310626,注入平衡液(轻泥浆),0.0,0.0,0.0,0.0,0.0,0.0,0.0,0.0,0.0,0.0,0.0,1.0,0.0
753.267437447191,12.554457290786518,注入平衡液(轻泥浆),0.0,0.0,0.0,0.0,0.0,0.0,0.0,0.0,0.0,0.0,0.0,1.0,0.0
754.6698633157341,12.577831055262235,注入平衡液(轻泥浆),0.0,0.0,0.0,0.0,0.0,0.0,0.0,0.0,0.0,0.0,0.0,1.0,0.0
756.0722891842671,12.601204819737784,注入平衡液(轻泥浆),0.0,0.0,0.0,0.0,0.0,0.0,0.0,0.0,0.0,0.0,0.0,1.0,0.0
757.4747150527903,12.624578584213172,注入平衡液(轻泥浆),0.0,0.0,0.0,0.0,0.0,0.0,0.0,0.0,0.0,0.0,0.0,1.0,0.0
758.8771409213041,12.647952348688401,注入平衡液(轻泥浆),0.0,0.0,0.0,0.0,0.0,0.0,0.0,0.0,0.0,0.0,0.0,1.0,0.0
760.2795667898087,12.671326113163477,注入平衡液(轻泥浆),0.0,0.0,0.0,0.0,0.0,0.0,0.0,0.0,0.0,0.0,0.0,1.0,0.0
761.6819926583042,12.694699877638405,注入平衡液(轻泥浆),0.0,0.0,0.0,0.0,0.0,0.0,0.0,0.0,0.0,0.0,0.0,1.0,0.0
763.0844185267913,12.718073642113188,注入平衡液(轻泥浆),0.0,0.0,0.0,0.0,0.0,0.0,0.0,0.0,0.0,0.0,0.0,1.0,0.0
764.4868443952699,12.741447406587833,注入平衡液(轻泥浆),0.0,0.0,0.0,0.0,0.0,0.0,0.0,0.0,0.0,0.0,0.0,1.0,0.0
765.8892702637404,12.76482117106234,注入平衡液(轻泥浆),0.0,0.0,0.0,0.0,0.0,0.0,0.0,0.0,0.0,0.0,0.0,1.0,0.0
767.291696132203,12.788194935536717,注入平衡液(轻泥浆),0.0,0.0,0.0,0.0,0.0,0.0,0.0,0.0,0.0,0.0,0.0,1.0,0.0
768.694122000658,12.811568700010968,注入平衡液(轻泥浆),0.0,0.0,0.0,0.0,0.0,0.0,0.0,0.0,0.0,0.0,0.0,1.0,0.0
770.0965478691056,12.834942464485094,注入平衡液(轻泥浆),0.0,0.0,0.0,0.0,0.0,0.0,0.0,0.0,0.0,0.0,0.0,1.0,0.0
771.4989737375461,12.8583162289591,注入平衡液(轻泥浆),0.0,0.0,0.0,0.0,0.0,0.0,0.0,0.0,0.0,0.0,0.0,1.0,0.0
772.9013996059796,12.881689993432992,注入平衡液(轻泥浆),0.0,0.0,0.0,0.0,0.0,0.0,0.0,0.0,0.0,0.0,0.0,1.0,0.0
774.3038254744063,12.90506375790677,注入平衡液(轻泥浆),0.0,0.0,0.0,0.0,0.0,0.0,0.0,0.0,0.0,0.0,0.0,1.0,0.0
775.7062513428265,12.928437522380442,注入平衡液(轻泥浆),0.0,0.0,0.0,0.0,0.0,0.0,0.0,0.0,0.0,0.0,0.0,1.0,0.0
777.1086772112403,12.951811286854005,注入平衡液(轻泥浆),0.0,0.0,0.0,0.0,0.0,0.0,0.0,0.0,0.0,0.0,0.0,1.0,0.0
778.511103079648,12.975185051327466,注入平衡液(轻泥浆),0.0,0.0,0.0,0.0,0.0,0.0,0.0,0.0,0.0,0.0,0.0,1.0,0.0
779.9135289480498,12.99855881580083,注入平衡液(轻泥浆),0.0,0.0,0.0,0.0,0.0,0.0,0.0,0.0,0.0,0.0,0.0,1.0,0.0
781.3159548164458,13.021932580274097,注入平衡液(轻泥浆),0.0,0.0,0.0,0.0,0.0,0.0,0.0,0.0,0.0,0.0,0.0,1.0,0.0
782.7183806848362,13.04530634474727,注入平衡液(轻泥浆),0.0,0.0,0.0,0.0,0.0,0.0,0.0,0.0,0.0,0.0,0.0,1.0,0.0
784.1208065532212,13.068680109220354,注入平衡液(轻泥浆),0.0,0.0,0.0,0.0,0.0,0.0,0.0,0.0,0.0,0.0,0.0,1.0,0.0
785.5232324216009,13.092053873693349,注入平衡液(轻泥浆),0.0,0.0,0.0,0.0,0.0,0.0,0.0,0.0,0.0,0.0,0.0,1.0,0.0
786.9256582899756,13.11542763816626,注入平衡液(轻泥浆),0.0,0.0,0.0,0.0,0.0,0.0,0.0,0.0,0.0,0.0,0.0,1.0,0.0
788.3280841583452,13.138801402639086,注入平衡液(轻泥浆),0.0,0.0,0.0,0.0,0.0,0.0,0.0,0.0,0.0,0.0,0.0,1.0,0.0
789.73051002671,13.162175167111833,注入平衡液(轻泥浆),0.0,0.0,0.0,0.0,0.0,0.0,0.0,0.0,0.0,0.0,0.0,1.0,0.0
791.1329358950702,13.185548931584503,注入平衡液(轻泥浆),0.0,0.0,0.0,0.0,0.0,0.0,0.0,0.0,0.0,0.0,0.0,1.0,0.0
792.535361763426,13.2089226960571,注入平衡液(轻泥浆),0.0,0.0,0.0,0.0,0.0,0.0,0.0,0.0,0.0,0.0,0.0,1.0,0.0
793.9377876317773,13.232296460529621,注入平衡液(轻泥浆),0.0,0.0,0.0,0.0,0.0,0.0,0.0,0.0,0.0,0.0,0.0,1.0,0.0
795.3402135001244,13.255670225002072,注入平衡液(轻泥浆),0.0,0.0,0.0,0.0,0.0,0.0,0.0,0.0,0.0,0.0,0.0,1.0,0.0
796.7426393684674,13.279043989474456,注入平衡液(轻泥浆),0.0,0.0,0.0,0.0,0.0,0.0,0.0,0.0,0.0,0.0,0.0,1.0,0.0
798.1450652368064,13.302417753946774,注入平衡液(轻泥浆),0.0,0.0,0.0,0.0,0.0,0.0,0.0,0.0,0.0,0.0,0.0,1.0,0.0
799.5474911051416,13.325791518419027,注入平衡液(轻泥浆),0.0,0.0,0.0,0.0,0.0,0.0,0.0,0.0,0.0,0.0,0.0,1.0,0.0
800.949916973473,13.349165282891217,注入平衡液(轻泥浆),0.0,0.0,0.0,0.0,0.0,0.0,0.0,0.0,0.0,0.0,0.0,1.0,0.0
802.3523428418008,13.372539047363347,注入平衡液(轻泥浆),0.0,0.0,0.0,0.0,0.0,0.0,0.0,0.0,0.0,0.0,0.0,1.0,0.0
803.7547687101251,13.395912811835418,注入平衡液(轻泥浆),0.0,0.0,0.0,0.0,0.0,0.0,0.0,0.0,0.0,0.0,0.0,1.0,0.0
805.1571945784459,13.419286576307432,注入平衡液(轻泥浆),0.0,0.0,0.0,0.0,0.0,0.0,0.0,0.0,0.0,0.0,0.0,1.0,0.0
806.5596204467635,13.44266034077939,注入平衡液(轻泥浆),0.0,0.0,0.0,0.0,0.0,0.0,0.0,0.0,0.0,0.0,0.0,1.0,0.0
807.9620463150778,13.466034105251298,注入平衡液(轻泥浆),0.0,0.0,0.0,0.0,0.0,0.0,0.0,0.0,0.0,0.0,0.0,1.0,0.0
809.3644721833891,13.489407869723152,注入平衡液(轻泥浆),0.0,0.0,0.0,0.0,0.0,0.0,0.0,0.0,0.0,0.0,0.0,1.0,0.0
810.7668980516974,13.512781634194956,注入平衡液(轻泥浆),0.0,0.0,0.0,0.0,0.0,0.0,0.0,0.0,0.0,0.0,0.0,1.0,0.0
812.1693239200027,13.536155398666713,注入平衡液(轻泥浆),0.0,0.0,0.0,0.0,0.0,0.0,0.0,0.0,0.0,0.0,0.0,1.0,0.0
813.5717497883053,13.559529163138421,注入平衡液(轻泥浆),0.0,0.0,0.0,0.0,0.0,0.0,0.0,0.0,0.0,0.0,0.0,1.0,0.0
814.9741756566051,13.582902927610085,注入平衡液(轻泥浆),0.0,0.0,0.0,0.0,0.0,0.0,0.0,0.0,0.0,0.0,0.0,1.0,0.0
816.3766015249022,13.606276692081703,注入平衡液(轻泥浆),0.0,0.0,0.0,0.0,0.0,0.0,0.0,0.0,0.0,0.0,0.0,1.0,0.0
817.7790273931968,13.62965045655328,注入平衡液(轻泥浆),0.0,0.0,0.0,0.0,0.0,0.0,0.0,0.0,0.0,0.0,0.0,1.0,0.0
819.1814532614889,13.653024221024815,注入平衡液(轻泥浆),0.0,0.0,0.0,0.0,0.0,0.0,0.0,0.0,0.0,0.0,0.0,1.0,0.0
820.5838791297784,13.676397985496306,注入平衡液(轻泥浆),0.0,0.0,0.0,0.0,0.0,0.0,0.0,0.0,0.0,0.0,0.0,1.0,0.0
821.9863049980657,13.699771749967763,注入平衡液(轻泥浆),0.0,0.0,0.0,0.0,0.0,0.0,0.0,0.0,0.0,0.0,0.0,1.0,0.0
823.3887308663508,13.72314551443918,注入平衡液(轻泥浆),0.0,0.0,0.0,0.0,0.0,0.0,0.0,0.0,0.0,0.0,0.0,1.0,0.0
824.7911567346335,13.74651927891056,注入平衡液(轻泥浆),0.0,0.0,0.0,0.0,0.0,0.0,0.0,0.0,0.0,0.0,0.0,1.0,0.0
826.1935826029141,13.769893043381902,注入平衡液(轻泥浆),0.0,0.0,0.0,0.0,0.0,0.0,0.0,0.0,0.0,0.0,0.0,1.0,0.0
827.5960084711927,13.793266807853211,注入平衡液(轻泥浆),0.0,0.0,0.0,0.0,0.0,0.0,0.0,0.0,0.0,0.0,0.0,1.0,0.0
828.9984343394692,13.816640572324486,注入平衡液(轻泥浆),0.0,0.0,0.0,0.0,0.0,0.0,0.0,0.0,0.0,0.0,0.0,1.0,0.0
830.4008602077438,13.84001433679573,注入平衡液(轻泥浆),0.0,0.0,0.0,0.0,0.0,0.0,0.0,0.0,0.0,0.0,0.0,1.0,0.0
831.8032860760165,13.863388101266942,注入平衡液(轻泥浆),0.0,0.0,0.0,0.0,0.0,0.0,0.0,0.0,0.0,0.0,0.0,1.0,0.0
833.2057119442875,13.886761865738125,注入平衡液(轻泥浆),0.0,0.0,0.0,0.0,0.0,0.0,0.0,0.0,0.0,0.0,0.0,1.0,0.0
834.6081378125566,13.910135630209277,注入平衡液(轻泥浆),0.0,0.0,0.0,0.0,0.0,0.0,0.0,0.0,0.0,0.0,0.0,1.0,0.0
836.010563680824,13.933509394680401,注入平衡液(轻泥浆),0.0,0.0,0.0,0.0,0.0,0.0,0.0,0.0,0.0,0.0,0.0,1.0,0.0
837.4129895490897,13.956883159151495,注入平衡液(轻泥浆),0.0,0.0,0.0,0.0,0.0,0.0,0.0,0.0,0.0,0.0,0.0,1.0,0.0
838.8154154173538,13.980256923622564,注入平衡液(轻泥浆),0.0,0.0,0.0,0.0,0.0,0.0,0.0,0.0,0.0,0.0,0.0,1.0,0.0
840.2178412856164,14.003630688093606,注入平衡液(轻泥浆),0.0,0.0,0.0,0.0,0.0,0.0,0.0,0.0,0.0,0.0,0.0,1.0,0.0
841.6202671538774,14.027004452564624,注入平衡液(轻泥浆),0.0,0.0,0.0,0.0,0.0,0.0,0.0,0.0,0.0,0.0,0.0,1.0,0.0
843.022693022137,14.050378217035616,注入平衡液(轻泥浆),0.0,0.0,0.0,0.0,0.0,0.0,0.0,0.0,0.0,0.0,0.0,1.0,0.0
844.4251188903951,14.073751981506584,注入平衡液(轻泥浆),0.0,0.0,0.0,0.0,0.0,0.0,0.0,0.0,0.0,0.0,0.0,1.0,0.0
845.8275447586518,14.09712574597753,注入平衡液(轻泥浆),0.0,0.0,0.0,0.0,0.0,0.0,0.0,0.0,0.0,0.0,0.0,1.0,0.0
847.2299706269072,14.120499510448452,注入平衡液(轻泥浆),0.0,0.0,0.0,0.0,0.0,0.0,0.0,0.0,0.0,0.0,0.0,1.0,0.0
848.6323964951613,14.143873274919354,注入平衡液(轻泥浆),0.0,0.0,0.0,0.0,0.0,0.0,0.0,0.0,0.0,0.0,0.0,1.0,0.0
850.034822363414,14.167247039390235,注入平衡液(轻泥浆),0.0,0.0,0.0,0.0,0.0,0.0,0.0,0.0,0.0,0.0,0.0,1.0,0.0
851.4372482316656,14.190620803861094,注入平衡液(轻泥浆),0.0,0.0,0.0,0.0,0.0,0.0,0.0,0.0,0.0,0.0,0.0,1.0,0.0
852.839674099916,14.213994568331934,注入平衡液(轻泥浆),0.0,0.0,0.0,0.0,0.0,0.0,0.0,0.0,0.0,0.0,0.0,1.0,0.0
854.2420999681652,14.237368332802754,注入平衡液(轻泥浆),0.0,0.0,0.0,0.0,0.0,0.0,0.0,0.0,0.0,0.0,0.0,1.0,0.0
855.6445258364133,14.260742097273555,注入平衡液(轻泥浆),0.0,0.0,0.0,0.0,0.0,0.0,0.0,0.0,0.0,0.0,0.0,1.0,0.0
857.0469517046604,14.28411586174434,注入平衡液(轻泥浆),0.0,0.0,0.0,0.0,0.0,0.0,0.0,0.0,0.0,0.0,0.0,1.0,0.0
858.4493775729064,14.307489626215107,注入平衡液(轻泥浆),0.0,0.0,0.0,0.0,0.0,0.0,0.0,0.0,0.0,0.0,0.0,1.0,0.0
859.8518034411514,14.330863390685858,注入平衡液(轻泥浆),0.0,0.0,0.0,0.0,0.0,0.0,0.0,0.0,0.0,0.0,0.0,1.0,0.0
861.2542293093954,14.354237155156591,注入平衡液(轻泥浆),0.0,0.0,0.0,0.0,0.0,0.0,0.0,0.0,0.0,0.0,0.0,1.0,0.0
862.6566551776385,14.377610919627308,注入平衡液(轻泥浆),0.0,0.0,0.0,0.0,0.0,0.0,0.0,0.0,0.0,0.0,0.0,1.0,0.0
864.0590810458806,14.40098468409801,注入平衡液(轻泥浆),0.0,0.0,0.0,0.0,0.0,0.0,0.0,0.0,0.0,0.0,0.0,1.0,0.0
865.4615069141217,14.424358448568695,注入平衡液(轻泥浆),0.0,0.0,0.0,0.0,0.0,0.0,0.0,0.0,0.0,0.0,0.0,1.0,0.0
866.8639327823621,14.447732213039368,注入平衡液(轻泥浆),0.0,0.0,0.0,0.0,0.0,0.0,0.0,0.0,0.0,0.0,0.0,1.0,0.0
868.2663586506015,14.471105977510026,注入平衡液(轻泥浆),0.0,0.0,0.0,0.0,0.0,0.0,0.0,0.0,0.0,0.0,0.0,1.0,0.0
869.6687845188402,14.49447974198067,注入平衡液(轻泥浆),0.0,0.0,0.0,0.0,0.0,0.0,0.0,0.0,0.0,0.0,0.0,1.0,0.0
871.071210387078,14.517853506451301,注入平衡液(轻泥浆),0.0,0.0,0.0,0.0,0.0,0.0,0.0,0.0,0.0,0.0,0.0,1.0,0.0
872.4736362553151,14.541227270921919,注入平衡液(轻泥浆),0.0,0.0,0.0,0.0,0.0,0.0,0.0,0.0,0.0,0.0,0.0,1.0,0.0
873.8760621235515,14.564601035392524,注入平衡液(轻泥浆),0.0,0.0,0.0,0.0,0.0,0.0,0.0,0.0,0.0,0.0,0.0,1.0,0.0
875.2784879917872,14.58797479986312,注入平衡液(轻泥浆),0.0,0.0,0.0,0.0,0.0,0.0,0.0,0.0,0.0,0.0,0.0,1.0,0.0
876.6809138600221,14.611348564333701,注入平衡液(轻泥浆),0.0,0.0,0.0,0.0,0.0,0.0,0.0,0.0,0.0,0.0,0.0,1.0,0.0
878.0833397282563,14.634722328804271,注入平衡液(轻泥浆),0.0,0.0,0.0,0.0,0.0,0.0,0.0,0.0,0.0,0.0,0.0,1.0,0.0
879.48576559649,14.658096093274832,注入平衡液(轻泥浆),0.0,0.0,0.0,0.0,0.0,0.0,0.0,0.0,0.0,0.0,0.0,1.0,0.0
880.8881914647229,14.681469857745382,注入平衡液(轻泥浆),0.0,0.0,0.0,0.0,0.0,0.0,0.0,0.0,0.0,0.0,0.0,1.0,0.0
882.2906173329553,14.704843622215922,注入平衡液(轻泥浆),0.0,0.0,0.0,0.0,0.0,0.0,0.0,0.0,0.0,0.0,0.0,1.0,0.0
883.693043201187,14.72821738668645,注入平衡液(轻泥浆),0.0,0.0,0.0,0.0,0.0,0.0,0.0,0.0,0.0,0.0,0.0,1.0,0.0
885.0954690694182,14.751591151156969,注入平衡液(轻泥浆),0.0,0.0,0.0,0.0,0.0,0.0,0.0,0.0,0.0,0.0,0.0,1.0,0.0
886.4978949376488,14.77496491562748,注入平衡液(轻泥浆),0.0,0.0,0.0,0.0,0.0,0.0,0.0,0.0,0.0,0.0,0.0,1.0,0.0
887.9003208058788,14.798338680097979,注入平衡液(轻泥浆),0.0,0.0,0.0,0.0,0.0,0.0,0.0,0.0,0.0,0.0,0.0,1.0,0.0
889.3027466741083,14.821712444568472,注入平衡液(轻泥浆),0.0,0.0,0.0,0.0,0.0,0.0,0.0,0.0,0.0,0.0,0.0,1.0,0.0
890.7051725423373,14.845086209038955,注入平衡液(轻泥浆),0.0,0.0,0.0,0.0,0.0,0.0,0.0,0.0,0.0,0.0,0.0,1.0,0.0
892.1075984105659,14.868459973509431,注入平衡液(轻泥浆),0.0,0.0,0.0,0.0,0.0,0.0,0.0,0.0,0.0,0.0,0.0,1.0,0.0
893.5100242787939,14.8918337379799,注入平衡液(轻泥浆),0.0,0.0,0.0,0.0,0.0,0.0,0.0,0.0,0.0,0.0,0.0,1.0,0.0
894.9124501470214,14.915207502450357,注入平衡液(轻泥浆),0.0,0.0,0.0,0.0,0.0,0.0,0.0,0.0,0.0,0.0,0.0,1.0,0.0
896.3148760152485,14.938581266920808,注入平衡液(轻泥浆),0.0,0.0,0.0,0.0,0.0,0.0,0.0,0.0,0.0,0.0,0.0,1.0,0.0
897.7173018834752,14.961955031391254,注入平衡液(轻泥浆),0.0,0.0,0.0,0.0,0.0,0.0,0.0,0.0,0.0,0.0,0.0,1.0,0.0
899.1197277517015,14.985328795861692,注入平衡液(轻泥浆),0.0,0.0,0.0,0.0,0.0,0.0,0.0,0.0,0.0,0.0,0.0,1.0,0.0
900.5221536199273,15.008702560332122,注入平衡液(轻泥浆),0.0,0.0,0.0,0.0,0.0,0.0,0.0,0.0,0.0,0.0,0.0,1.0,0.0
901.9245794881527,15.032076324802546,注入平衡液(轻泥浆),0.0,0.0,0.0,0.0,0.0,0.0,0.0,0.0,0.0,0.0,0.0,1.0,0.0
903.3270053563778,15.055450089272963,注入平衡液(轻泥浆),0.0,0.0,0.0,0.0,0.0,0.0,0.0,0.0,0.0,0.0,0.0,1.0,0.0
904.7294312246024,15.078823853743375,注入平衡液(轻泥浆),0.0,0.0,0.0,0.0,0.0,0.0,0.0,0.0,0.0,0.0,0.0,1.0,0.0
906.1318570928267,15.10219761821378,注入平衡液(轻泥浆),0.0,0.0,0.0,0.0,0.0,0.0,0.0,0.0,0.0,0.0,0.0,1.0,0.0
907.5342829610507,15.125571382684178,注入平衡液(轻泥浆),0.0,0.0,0.0,0.0,0.0,0.0,0.0,0.0,0.0,0.0,0.0,1.0,0.0
908.9367088292744,15.148945147154572,注入平衡液(轻泥浆),0.0,0.0,0.0,0.0,0.0,0.0,0.0,0.0,0.0,0.0,0.0,1.0,0.0
910.3391346974977,15.172318911624961,注入平衡液(轻泥浆),0.0,0.0,0.0,0.0,0.0,0.0,0.0,0.0,0.0,0.0,0.0,1.0,0.0
911.7415605657206,15.195692676095344,注入平衡液(轻泥浆),0.0,0.0,0.0,0.0,0.0,0.0,0.0,0.0,0.0,0.0,0.0,1.0,0.0
913.1439864339433,15.21906644056572,注入平衡液(轻泥浆),0.0,0.0,0.0,0.0,0.0,0.0,0.0,0.0,0.0,0.0,0.0,1.0,0.0
914.5464123021655,15.242440205036093,注入平衡液(轻泥浆),0.0,0.0,0.0,0.0,0.0,0.0,0.0,0.0,0.0,0.0,0.0,1.0,0.0
915.9488381703876,15.26581396950646,注入平衡液(轻泥浆),0.0,0.0,0.0,0.0,0.0,0.0,0.0,0.0,0.0,0.0,0.0,1.0,0.0
917.3512640386093,15.289187733976823,注入平衡液(轻泥浆),0.0,0.0,0.0,0.0,0.0,0.0,0.0,0.0,0.0,0.0,0.0,1.0,0.0
918.7536899068308,15.31256149844718,注入平衡液(轻泥浆),0.0,0.0,0.0,0.0,0.0,0.0,0.0,0.0,0.0,0.0,0.0,1.0,0.0
920.156115775052,15.335935262917532,注入平衡液(轻泥浆),0.0,0.0,0.0,0.0,0.0,0.0,0.0,0.0,0.0,0.0,0.0,1.0,0.0
921.5585416432729,15.359309027387882,注入平衡液(轻泥浆),0.0,0.0,0.0,0.0,0.0,0.0,0.0,0.0,0.0,0.0,0.0,1.0,0.0
922.9609675114935,15.382682791858226,注入平衡液(轻泥浆),0.0,0.0,0.0,0.0,0.0,0.0,0.0,0.0,0.0,0.0,0.0,1.0,0.0
924.363393379714,15.406056556328567,注入平衡液(轻泥浆),0.0,0.0,0.0,0.0,0.0,0.0,0.0,0.0,0.0,0.0,0.0,1.0,0.0
925.7658192479342,15.429430320798904,注入平衡液(轻泥浆),0.0,0.0,0.0,0.0,0.0,0.0,0.0,0.0,0.0,0.0,0.0,1.0,0.0
927.1682451161543,15.452804085269237,注入平衡液(轻泥浆),0.0,0.0,0.0,0.0,0.0,0.0,0.0,0.0,0.0,0.0,0.0,1.0,0.0
928.570670984374,15.476177849739567,注入平衡液(轻泥浆),0.0,0.0,0.0,0.0,0.0,0.0,0.0,0.0,0.0,0.0,0.0,1.0,0.0
929.9730968525936,15.499551614209894,注入平衡液(轻泥浆),0.0,0.0,0.0,0.0,0.0,0.0,0.0,0.0,0.0,0.0,0.0,1.0,0.0
931.3755227208129,15.522925378680215,注入平衡液(轻泥浆),0.0,0.0,0.0,0.0,0.0,0.0,0.0,0.0,0.0,0.0,0.0,1.0,0.0
932.777948589032,15.546299143150533,注入平衡液(轻泥浆),0.0,0.0,0.0,0.0,0.0,0.0,0.0,0.0,0.0,0.0,0.0,1.0,0.0
934.1803744572509,15.569672907620848,注入平衡液(轻泥浆),0.0,0.0,0.0,0.0,0.0,0.0,0.0,0.0,0.0,0.0,0.0,1.0,0.0
935.5828003254696,15.59304667209116,注入平衡液(轻泥浆),0.0,0.0,0.0,0.0,0.0,0.0,0.0,0.0,0.0,0.0,0.0,1.0,0.0
936.9852261936882,15.61642043656147,注入平衡液(轻泥浆),0.0,0.0,0.0,0.0,0.0,0.0,0.0,0.0,0.0,0.0,0.0,1.0,0.0
938.3876520619066,15.639794201031776,注入平衡液(轻泥浆),0.0,0.0,0.0,0.0,0.0,0.0,0.0,0.0,0.0,0.0,0.0,1.0,0.0
939.7900779301248,15.66316796550208,注入平衡液(轻泥浆),0.0,0.0,0.0,0.0,0.0,0.0,0.0,0.0,0.0,0.0,0.0,1.0,0.0
941.1925037983428,15.686541729972381,注入平衡液(轻泥浆),0.0,0.0,0.0,0.0,0.0,0.0,0.0,0.0,0.0,0.0,0.0,1.0,0.0
942.5949296665607,15.709915494442678,注入平衡液(轻泥浆),0.0,0.0,0.0,0.0,0.0,0.0,0.0,0.0,0.0,0.0,0.0,1.0,0.0
943.9973555347784,15.733289258912974,注入平衡液(轻泥浆),0.0,0.0,0.0,0.0,0.0,0.0,0.0,0.0,0.0,0.0,0.0,1.0,0.0
945.3997814029959,15.756663023383265,注入平衡液(轻泥浆),0.0,0.0,0.0,0.0,0.0,0.0,0.0,0.0,0.0,0.0,0.0,1.0,0.0
946.8022072712133,15.780036787853556,注入平衡液(轻泥浆),0.0,0.0,0.0,0.0,0.0,0.0,0.0,0.0,0.0,0.0,0.0,1.0,0.0
948.2046331394306,15.803410552323843,注入平衡液(轻泥浆),0.0,0.0,0.0,0.0,0.0,0.0,0.0,0.0,0.0,0.0,0.0,1.0,0.0
949.6070590076478,15.826784316794129,注入平衡液(轻泥浆),0.0,0.0,0.0,0.0,0.0,0.0,0.0,0.0,0.0,0.0,0.0,1.0,0.0
951.0094848758647,15.850158081264413,注入平衡液(轻泥浆),0.0,0.0,0.0,0.0,0.0,0.0,0.0,0.0,0.0,0.0,0.0,1.0,0.0
952.4119107440815,15.873531845734693,注入平衡液(轻泥浆),0.0,0.0,0.0,0.0,0.0,0.0,0.0,0.0,0.0,0.0,0.0,1.0,0.0
953.8143366122982,15.896905610204971,注入平衡液(轻泥浆),0.0,0.0,0.0,0.0,0.0,0.0,0.0,0.0,0.0,0.0,0.0,1.0,0.0
955.2167624805148,15.920279374675248,注入平衡液(轻泥浆),0.0,0.0,0.0,0.0,0.0,0.0,0.0,0.0,0.0,0.0,0.0,1.0,0.0
956.6191883487313,15.943653139145521,注入平衡液(轻泥浆),0.0,0.0,0.0,0.0,0.0,0.0,0.0,0.0,0.0,0.0,0.0,1.0,0.0
958.0216142169477,15.967026903615794,注入平衡液(轻泥浆),0.0,0.0,0.0,0.0,0.0,0.0,0.0,0.0,0.0,0.0,0.0,1.0,0.0
959.4240400851639,15.990400668086066,注入平衡液(轻泥浆),0.0,0.0,0.0,0.0,0.0,0.0,0.0,0.0,0.0,0.0,0.0,1.0,0.0
960.8264659533801,16.013774432556335,注入平衡液(轻泥浆),0.0,0.0,0.0,0.0,0.0,0.0,0.0,0.0,0.0,0.0,0.0,1.0,0.0
962.2288918215961,16.037148197026603,注入平衡液(轻泥浆),0.0,0.0,0.0,0.0,0.0,0.0,0.0,0.0,0.0,0.0,0.0,1.0,0.0
963.631317689812,16.060521961496868,注入平衡液(轻泥浆),0.0,0.0,0.0,0.0,0.0,0.0,0.0,0.0,0.0,0.0,0.0,1.0,0.0
965.0337435580278,16.083895725967132,注入平衡液(轻泥浆),0.0,0.0,0.0,0.0,0.0,0.0,0.0,0.0,0.0,0.0,0.0,1.0,0.0
966.4361694262435,16.107269490437393,注入平衡液(轻泥浆),0.0,0.0,0.0,0.0,0.0,0.0,0.0,0.0,0.0,0.0,0.0,1.0,0.0
967.8385952944592,16.130643254907653,注入平衡液(轻泥浆),0.0,0.0,0.0,0.0,0.0,0.0,0.0,0.0,0.0,0.0,0.0,1.0,0.0
969.2410211626748,16.154017019377914,注入平衡液(轻泥浆),0.0,0.0,0.0,0.0,0.0,0.0,0.0,0.0,0.0,0.0,0.0,1.0,0.0
970.6434470308902,16.17739078384817,注入平衡液(轻泥浆),0.0,0.0,0.0,0.0,0.0,0.0,0.0,0.0,0.0,0.0,0.0,1.0,0.0
972.0458728991056,16.200764548318425,注入平衡液(轻泥浆),0.0,0.0,0.0,0.0,0.0,0.0,0.0,0.0,0.0,0.0,0.0,1.0,0.0
973.4482987673209,16.224138312788682,注入平衡液(轻泥浆),0.0,0.0,0.0,0.0,0.0,0.0,0.0,0.0,0.0,0.0,0.0,1.0,0.0
974.8507246355362,16.247512077258936,注入平衡液(轻泥浆),0.0,0.0,0.0,0.0,0.0,0.0,0.0,0.0,0.0,0.0,0.0,1.0,0.0
976.2531505037513,16.27088584172919,注入平衡液(轻泥浆),0.0,0.0,0.0,0.0,0.0,0.0,0.0,0.0,0.0,0.0,0.0,1.0,0.0
977.6555763719664,16.29425960619944,注入平衡液(轻泥浆),0.0,0.0,0.0,0.0,0.0,0.0,0.0,0.0,0.0,0.0,0.0,1.0,0.0
979.0580022401814,16.31763337066969,注入平衡液(轻泥浆),0.0,0.0,0.0,0.0,0.0,0.0,0.0,0.0,0.0,0.0,0.0,1.0,0.0
980.4604281083963,16.34100713513994,注入平衡液(轻泥浆),0.0,0.0,0.0,0.0,0.0,0.0,0.0,0.0,0.0,0.0,0.0,1.0,0.0
981.8628539766112,16.364380899610186,注入平衡液(轻泥浆),0.0,0.0,0.0,0.0,0.0,0.0,0.0,0.0,0.0,0.0,0.0,1.0,0.0
983.265279844826,16.387754664080433,注入平衡液(轻泥浆),0.0,0.0,0.0,0.0,0.0,0.0,0.0,0.0,0.0,0.0,0.0,1.0,0.0
984.6677057130407,16.41112842855068,注入平衡液(轻泥浆),0.0,0.0,0.0,0.0,0.0,0.0,0.0,0.0,0.0,0.0,0.0,1.0,0.0
986.0701315812554,16.434502193020922,注入平衡液(轻泥浆),0.0,0.0,0.0,0.0,0.0,0.0,0.0,0.0,0.0,0.0,0.0,1.0,0.0
987.47255744947,16.457875957491165,注入平衡液(轻泥浆),0.0,0.0,0.0,0.0,0.0,0.0,0.0,0.0,0.0,0.0,0.0,1.0,0.0
988.8749833176845,16.481249721961408,注入平衡液(轻泥浆),0.0,0.0,0.0,0.0,0.0,0.0,0.0,0.0,0.0,0.0,0.0,1.0,0.0
990.2774091858989,16.504623486431647,注入平衡液(轻泥浆),0.0,0.0,0.0,0.0,0.0,0.0,0.0,0.0,0.0,0.0,0.0,1.0,0.0
991.6798350541134,16.52799725090189,注入平衡液(轻泥浆),0.0,0.0,0.0,0.0,0.0,0.0,0.0,0.0,0.0,0.0,0.0,1.0,0.0
993.0822609223277,16.55137101537213,注入平衡液(轻泥浆),0.0,0.0,0.0,0.0,0.0,0.0,0.0,0.0,0.0,0.0,0.0,1.0,0.0
994.484686790542,16.574744779842366,注入平衡液(轻泥浆),0.0,0.0,0.0,0.0,0.0,0.0,0.0,0.0,0.0,0.0,0.0,1.0,0.0
995.8871126587563,16.598118544312605,注入平衡液(轻泥浆),0.0,0.0,0.0,0.0,0.0,0.0,0.0,0.0,0.0,0.0,0.0,1.0,0.0
997.2895385269705,16.62149230878284,注入平衡液(轻泥浆),0.0,0.0,0.0,0.0,0.0,0.0,0.0,0.0,0.0,0.0,0.0,1.0,0.0
998.6919643951848,16.64486607325308,注入平衡液(轻泥浆),0.0,0.0,0.0,0.0,0.0,0.0,0.0,0.0,0.0,0.0,0.0,1.0,0.0
1000.0943902633989,16.668239837723313,注入平衡液(轻泥浆),0.0,0.0,0.0,0.0,0.0,0.0,0.0,0.0,0.0,0.0,0.0,1.0,0.0
1001.496816131613,16.69161360219355,注入平衡液(轻泥浆),0.0,0.0,0.0,0.0,0.0,0.0,0.0,0.0,0.0,0.0,0.0,1.0,0.0
1002.899241999827,16.714987366663784,注入平衡液(轻泥浆),0.0,0.0,0.0,0.0,0.0,0.0,0.0,0.0,0.0,0.0,0.0,1.0,0.0
1004.301667868041,16.738361131134017,注入平衡液(轻泥浆),0.0,0.0,0.0,0.0,0.0,0.0,0.0,0.0,0.0,0.0,0.0,1.0,0.0
1005.704093736255,16.76173489560425,注入平衡液(轻泥浆),0.0,0.0,0.0,0.0,0.0,0.0,0.0,0.0,0.0,0.0,0.0,1.0,0.0
1007.106519604469,16.78510866007448,注入平衡液(轻泥浆),0.0,0.0,0.0,0.0,0.0,0.0,0.0,0.0,0.0,0.0,0.0,1.0,0.0
1008.5089454726829,16.808482424544714,注入平衡液(轻泥浆),0.0,0.0,0.0,0.0,0.0,0.0,0.0,0.0,0.0,0.0,0.0,1.0,0.0
1009.9113713408967,16.831856189014946,注入平衡液(轻泥浆),0.0,0.0,0.0,0.0,0.0,0.0,0.0,0.0,0.0,0.0,0.0,1.0,0.0
1011.3137972091106,16.855229953485175,注入平衡液(轻泥浆),0.0,0.0,0.0,0.0,0.0,0.0,0.0,0.0,0.0,0.0,0.0,1.0,0.0
1012.7162230773243,16.878603717955407,注入平衡液(轻泥浆),0.0,0.0,0.0,0.0,0.0,0.0,0.0,0.0,0.0,0.0,0.0,1.0,0.0
1014.1186489455381,16.901977482425636,注入平衡液(轻泥浆),0.0,0.0,0.0,0.0,0.0,0.0,0.0,0.0,0.0,0.0,0.0,1.0,0.0
1015.5210748137519,16.925351246895865,注入平衡液(轻泥浆),0.0,0.0,0.0,0.0,0.0,0.0,0.0,0.0,0.0,0.0,0.0,1.0,0.0
1016.9235006819655,16.94872501136609,注入平衡液(轻泥浆),0.0,0.0,0.0,0.0,0.0,0.0,0.0,0.0,0.0,0.0,0.0,1.0,0.0
1018.3259265501791,16.97209877583632,注入平衡液(轻泥浆),0.0,0.0,0.0,0.0,0.0,0.0,0.0,0.0,0.0,0.0,0.0,1.0,0.0
1019.7283524183928,16.995472540306547,注入平衡液(轻泥浆),0.0,0.0,0.0,0.0,0.0,0.0,0.0,0.0,0.0,0.0,0.0,1.0,0.0
1021.1307782866064,17.018846304776773,注入平衡液(轻泥浆),0.0,0.0,0.0,0.0,0.0,0.0,0.0,0.0,0.0,0.0,0.0,1.0,0.0
1022.5332041548199,17.042220069246998,注入平衡液(轻泥浆),0.0,0.0,0.0,0.0,0.0,0.0,0.0,0.0,0.0,0.0,0.0,1.0,0.0
1023.9356300230335,17.065593833717223,注入平衡液(轻泥浆),0.0,0.0,0.0,0.0,0.0,0.0,0.0,0.0,0.0,0.0,0.0,1.0,0.0
1025.338055891247,17.08896759818745,注入平衡液(轻泥浆),0.0,0.0,0.0,0.0,0.0,0.0,0.0,0.0,0.0,0.0,0.0,1.0,0.0
1026.7404817594604,17.112341362657673,注入平衡液(轻泥浆),0.0,0.0,0.0,0.0,0.0,0.0,0.0,0.0,0.0,0.0,0.0,1.0,0.0
1028.1429076276738,17.1357151271279,注入平衡液(轻泥浆),0.0,0.0,0.0,0.0,0.0,0.0,0.0,0.0,0.0,0.0,0.0,1.0,0.0
1029.5453334958872,17.15908889159812,注入平衡液(轻泥浆),0.0,0.0,0.0,0.0,0.0,0.0,0.0,0.0,0.0,0.0,0.0,1.0,0.0
1030.9477593641006,17.182462656068346,注入平衡液(轻泥浆),0.0,0.0,0.0,0.0,0.0,0.0,0.0,0.0,0.0,0.0,0.0,1.0,0.0
1032.350185232314,17.205836420538567,注入平衡液(轻泥浆),0.0,0.0,0.0,0.0,0.0,0.0,0.0,0.0,0.0,0.0,0.0,1.0,0.0
1033.7526111005275,17.229210185008792,注入平衡液(轻泥浆),0.0,0.0,0.0,0.0,0.0,0.0,0.0,0.0,0.0,0.0,0.0,1.0,0.0
1035.155036968741,17.252583949479014,注入平衡液(轻泥浆),0.0,0.0,0.0,0.0,0.0,0.0,0.0,0.0,0.0,0.0,0.0,1.0,0.0
1036.5574628369543,17.27595771394924,注入平衡液(轻泥浆),0.0,0.0,0.0,0.0,0.0,0.0,0.0,0.0,0.0,0.0,0.0,1.0,0.0
1037.9598887051677,17.29933147841946,注入平衡液(轻泥浆),0.0,0.0,0.0,0.0,0.0,0.0,0.0,0.0,0.0,0.0,0.0,1.0,0.0
1039.362314573381,17.322705242889683,注入平衡液(轻泥浆),0.0,0.0,0.0,0.0,0.0,0.0,0.0,0.0,0.0,0.0,0.0,1.0,0.0
1040.764740441594,17.3460790073599,注入平衡液(轻泥浆),0.0,0.0,0.0,0.0,0.0,0.0,0.0,0.0,0.0,0.0,0.0,1.0,0.0
1042.1671663098073,17.369452771830122,注入平衡液(轻泥浆),0.0,0.0,0.0,0.0,0.0,0.0,0.0,0.0,0.0,0.0,0.0,1.0,0.0
1043.5695921780205,17.39282653630034,注入平衡液(轻泥浆),0.0,0.0,0.0,0.0,0.0,0.0,0.0,0.0,0.0,0.0,0.0,1.0,0.0
1044.9720180462336,17.416200300770562,注入平衡液(轻泥浆),0.0,0.0,0.0,0.0,0.0,0.0,0.0,0.0,0.0,0.0,0.0,1.0,0.0
1046.3744439144468,17.43957406524078,注入平衡液(轻泥浆),0.0,0.0,0.0,0.0,0.0,0.0,0.0,0.0,0.0,0.0,0.0,1.0,0.0
1047.77686978266,17.462947829711002,注入平衡液(轻泥浆),0.0,0.0,0.0,0.0,0.0,0.0,0.0,0.0,0.0,0.0,0.0,1.0,0.0
1049.1792956508732,17.48632159418122,注入平衡液(轻泥浆),0.0,0.0,0.0,0.0,0.0,0.0,0.0,0.0,0.0,0.0,0.0,1.0,0.0
1050.5817215190864,17.509695358651438,注入平衡液(轻泥浆),0.0,0.0,0.0,0.0,0.0,0.0,0.0,0.0,0.0,0.0,0.0,1.0,0.0
1051.9841473872996,17.53306912312166,注入驱油隔离液1,0.0,0.0,0.0,0.0,0.0,0.0,0.0,0.0,0.0,0.0,0.0,1.0,0.0
1053.3865732555128,17.556442887591878,注入驱油隔离液1,0.0,0.0,0.0,0.0,0.0,0.0,0.0,0.0,0.0,0.0,0.0,1.0,0.0
1054.788999123726,17.5798166520621,注入驱油隔离液1,0.0,0.0,0.0,0.0,0.0,0.0,0.0,0.0,0.0,0.0,0.0,1.0,0.0
1056.1914249919391,17.603190416532318,注入驱油隔离液1,0.0,0.0,0.0,0.0,0.0,0.0,0.0,0.0,0.0,0.0,0.0,1.0,0.0
1057.5938508601523,17.62656418100254,注入驱油隔离液1,0.0,0.0,0.0,0.0,0.0,0.0,0.0,0.0,0.0,0.0,0.0,1.0,0.0
1058.9962767283655,17.649937945472757,注入驱油隔离液1,0.0,0.0,0.0,0.0,0.0,0.0,0.0,0.0,0.0,0.0,0.0,1.0,0.0
1060.3987025965785,17.673311709942976,注入驱油隔离液1,0.0,0.0,0.0,0.0,0.0,0.0,0.0,0.0,0.0,0.0,0.0,1.0,0.0
1061.8011284647914,17.69668547441319,注入驱油隔离液1,0.0,0.0,0.0,0.0,0.0,0.0,0.0,0.0,0.0,0.0,0.0,1.0,0.0
1063.2035543330044,17.720059238883405,注入驱油隔离液1,0.0,0.0,0.0,0.0,0.0,0.0,0.0,0.0,0.0,0.0,0.0,1.0,0.0
1064.6059802012173,17.743433003353623,注入驱油隔离液1,0.0,0.0,0.0,0.0,0.0,0.0,0.0,0.0,0.0,0.0,0.0,1.0,0.0
1066.0084060694303,17.766806767823837,注入驱油隔离液1,0.0,0.0,0.0,0.0,0.0,0.0,0.0,0.0,0.0,0.0,0.0,1.0,0.0
1067.4108319376433,17.790180532294055,注入驱油隔离液1,0.0,0.0,0.0,0.0,0.0,0.0,0.0,0.0,0.0,0.0,0.0,1.0,0.0
1068.8132578058562,17.81355429676427,注入驱油隔离液1,0.0,0.0,0.0,0.0,0.0,0.0,0.0,0.0,0.0,0.0,0.0,1.0,0.0
1070.2156836740692,17.836928061234484,注入驱油隔离液1,0.0,0.0,0.0,0.0,0.0,0.0,0.0,0.0,0.0,0.0,0.0,1.0,0.0
1071.6181095422821,17.860301825704703,注入驱油隔离液1,0.0,0.0,0.0,0.0,0.0,0.0,0.0,0.0,0.0,0.0,0.0,1.0,0.0
1073.020535410495,17.883675590174917,注入驱油隔离液1,0.0,0.0,0.0,0.0,0.0,0.0,0.0,0.0,0.0,0.0,0.0,1.0,0.0
1074.422961278708,17.907049354645135,注入驱油隔离液1,0.0,0.0,0.0,0.0,0.0,0.0,0.0,0.0,0.0,0.0,0.0,1.0,0.0
1075.825387146921,17.93042311911535,注入驱油隔离液1,0.0,0.0,0.0,0.0,0.0,0.0,0.0,0.0,0.0,0.0,0.0,1.0,0.0
1077.227813015134,17.953796883585564,注入驱油隔离液1,0.0,0.0,0.0,0.0,0.0,0.0,0.0,0.0,0.0,0.0,0.0,1.0,0.0
1078.630238883347,17.977170648055782,注入驱油隔离液1,0.0,0.0,0.0,0.0,0.0,0.0,0.0,0.0,0.0,0.0,0.0,1.0,0.0
1080.0326647515599,18.000544412525997,注入驱油隔离液1,0.0,0.0,0.0,0.0,0.0,0.0,0.0,0.0,0.0,0.0,0.0,1.0,0.0
1081.4350906197728,18.023918176996215,注入驱油隔离液1,0.0,0.0,0.0,0.0,0.0,0.0,0.0,0.0,0.0,0.0,0.0,1.0,0.0
1082.8375164879858,18.04729194146643,注入驱油隔离液1,0.0,0.0,0.0,0.0,0.0,0.0,0.0,0.0,0.0,0.0,0.0,1.0,0.0
1084.2399423561988,18.070665705936644,注入驱油隔离液1,0.0,0.0,0.0,0.0,0.0,0.0,0.0,0.0,0.0,0.0,0.0,1.0,0.0
1085.6423682244117,18.094039470406862,注入驱油隔离液1,0.0,0.0,0.0,0.0,0.0,0.0,0.0,0.0,0.0,0.0,0.0,1.0,0.0
1087.0447940926247,18.117413234877077,注入驱油隔离液1,0.0,0.0,0.0,0.0,0.0,0.0,0.0,0.0,0.0,0.0,0.0,1.0,0.0
1088.4472199608376,18.140786999347295,注入驱油隔离液1,0.0,0.0,0.0,0.0,0.0,0.0,0.0,0.0,0.0,0.0,0.0,1.0,0.0
1089.8496458290506,18.16416076381751,注入驱油隔离液1,0.0,0.0,0.0,0.0,0.0,0.0,0.0,0.0,0.0,0.0,0.0,1.0,0.0
1091.2520716972635,18.187534528287724,注入驱油隔离液1,0.0,0.0,0.0,0.0,0.0,0.0,0.0,0.0,0.0,0.0,0.0,1.0,0.0
1092.6544975654765,18.210908292757942,注入驱油隔离液1,0.0,0.0,0.0,0.0,0.0,0.0,0.0,0.0,0.0,0.0,0.0,1.0,0.0
1094.0569234336895,18.234282057228157,注入驱油隔离液1,0.0,0.0,0.0,0.0,0.0,0.0,0.0,0.0,0.0,0.0,0.0,1.0,0.0
1095.4593493019024,18.257655821698375,注入驱油隔离液1,0.0,0.0,0.0,0.0,0.0,0.0,0.0,0.0,0.0,0.0,0.0,1.0,0.0
1096.8617751701154,18.28102958616859,注入驱油隔离液1,0.0,0.0,0.0,0.0,0.0,0.0,0.0,0.0,0.0,0.0,0.0,1.0,0.0
1098.2642010383283,18.304403350638804,注入驱油隔离液1,0.0,0.0,0.0,0.0,0.0,0.0,0.0,0.0,0.0,0.0,0.0,1.0,0.0
1099.666626906541,18.32777711510902,注入驱油隔离液1,0.0,0.0,0.0,0.0,0.0,0.0,0.0,0.0,0.0,0.0,0.0,1.0,0.0
1101.0690527747538,18.35115087957923,注入驱油隔离液1,0.0,0.0,0.0,0.0,0.0,0.0,0.0,0.0,0.0,0.0,0.0,1.0,0.0
1102.4714786429665,18.37452464404944,注入驱油隔离液1,0.0,0.0,0.0,0.0,0.0,0.0,0.0,0.0,0.0,0.0,0.0,1.0,0.0
1103.8739045111793,18.397898408519655,注入驱油隔离液1,0.0,0.0,0.0,0.0,0.0,0.0,0.0,0.0,0.0,0.0,0.0,1.0,0.0
1105.276330379392,18.421272172989866,注入驱油隔离液1,0.0,0.0,0.0,0.0,0.0,0.0,0.0,0.0,0.0,0.0,0.0,1.0,0.0
1106.6787562476047,18.444645937460077,注入驱油隔离液1,0.0,0.0,0.0,0.0,0.0,0.0,0.0,0.0,0.0,0.0,0.0,1.0,0.0
1108.0811821158175,18.46801970193029,注入驱油隔离液1,0.0,0.0,0.0,0.0,0.0,0.0,0.0,0.0,0.0,0.0,0.0,1.0,0.0
1109.4836079840302,18.491393466400503,注入驱油隔离液1,0.0,0.0,0.0,0.0,0.0,0.0,0.0,0.0,0.0,0.0,0.0,1.0,0.0
1110.886033852243,18.514767230870714,注入驱油隔离液1,0.0,0.0,0.0,0.0,0.0,0.0,0.0,0.0,0.0,0.0,0.0,1.0,0.0
1112.2884597204556,18.538140995340928,注入驱油隔离液1,0.0,0.0,0.0,0.0,0.0,0.0,0.0,0.0,0.0,0.0,0.0,1.0,0.0
1113.6908855886684,18.56151475981114,注入驱油隔离液1,0.0,0.0,0.0,0.0,0.0,0.0,0.0,0.0,0.0,0.0,0.0,1.0,0.0
1115.093311456881,18.58488852428135,注入驱油隔离液1,0.0,0.0,0.0,0.0,0.0,0.0,0.0,0.0,0.0,0.0,0.0,1.0,0.0
1116.4957373250938,18.608262288751565,注入驱油隔离液1,0.0,0.0,0.0,0.0,0.0,0.0,0.0,0.0,0.0,0.0,0.0,1.0,0.0
1117.8981631933066,18.631636053221776,注入驱油隔离液1,0.0,0.0,0.0,0.0,0.0,0.0,0.0,0.0,0.0,0.0,0.0,1.0,0.0
1119.3005890615193,18.655009817691987,注入驱油隔离液1,0.0,0.0,0.0,0.0,0.0,0.0,0.0,0.0,0.0,0.0,0.0,1.0,0.0
1120.703014929732,18.6783835821622,注入驱油隔离液1,0.0,0.0,0.0,0.0,0.0,0.0,0.0,0.0,0.0,0.0,0.0,1.0,0.0
1122.1054407979448,18.701757346632412,注入驱油隔离液1,0.0,0.0,0.0,0.0,0.0,0.0,0.0,0.0,0.0,0.0,0.0,1.0,0.0
1123.5078666661575,18.725131111102623,注入驱油隔离液1,0.0,0.0,0.0,0.0,0.0,0.0,0.0,0.0,0.0,0.0,0.0,1.0,0.0
1124.9102925343702,18.748504875572838,注入驱油隔离液1,0.0,0.0,0.0,0.0,0.0,0.0,0.0,0.0,0.0,0.0,0.0,1.0,0.0
1126.312718402583,18.77187864004305,注入驱油隔离液1,0.0,0.0,0.0,0.0,0.0,0.0,0.0,0.0,0.0,0.0,0.0,1.0,0.0
1127.7151442707957,18.79525240451326,注入驱油隔离液1,0.0,0.0,0.0,0.0,0.0,0.0,0.0,0.0,0.0,0.0,0.0,1.0,0.0
1129.1175701390084,18.818626168983474,注入驱油隔离液1,0.0,0.0,0.0,0.0,0.0,0.0,0.0,0.0,0.0,0.0,0.0,1.0,0.0
1130.5199960072212,18.841999933453685,注入驱油隔离液1,0.0,0.0,0.0,0.0,0.0,0.0,0.0,0.0,0.0,0.0,0.0,1.0,0.0
1131.9224218754339,18.865373697923896,注入驱油隔离液1,0.0,0.0,0.0,0.0,0.0,0.0,0.0,0.0,0.0,0.0,0.0,1.0,0.0
1133.3248477436466,18.88874746239411,注入驱油隔离液1,0.0,0.0,0.0,0.0,0.0,0.0,0.0,0.0,0.0,0.0,0.0,1.0,0.0
1134.7272736118593,18.912121226864322,注入驱油隔离液1,0.0,0.0,0.0,0.0,0.0,0.0,0.0,0.0,0.0,0.0,0.0,1.0,0.0
1136.129699480072,18.935494991334533,注入驱油隔离液1,0.0,0.0,0.0,0.0,0.0,0.0,0.0,0.0,0.0,0.0,0.0,1.0,0.0
1137.5321253482848,18.958868755804748,注入驱油隔离液1,0.0,0.0,0.0,0.0,0.0,0.0,0.0,0.0,0.0,0.0,0.0,1.0,0.0
1138.9345512164975,18.98224252027496,注入驱油隔离液1,0.0,0.0,0.0,0.0,0.0,0.0,0.0,0.0,0.0,0.0,0.0,1.0,0.0
1140.3369770847103,19.00561628474517,注入驱油隔离液1,0.0,0.0,0.0,0.0,0.0,0.0,0.0,0.0,0.0,0.0,0.0,1.0,0.0
1141.739402952923,19.028990049215384,注入驱油隔离液1,0.0,0.0,0.0,0.0,0.0,0.0,0.0,0.0,0.0,0.0,0.0,1.0,0.0
1143.1418288211357,19.052363813685595,注入驱油隔离液1,0.0,0.0,0.0,0.0,0.0,0.0,0.0,0.0,0.0,0.0,0.0,1.0,0.0
1144.5442546893485,19.075737578155806,注入驱油隔离液1,0.0,0.0,0.0,0.0,0.0,0.0,0.0,0.0,0.0,0.0,0.0,1.0,0.0
1145.9466805575612,19.09911134262602,注入驱油隔离液1,0.0,0.0,0.0,0.0,0.0,0.0,0.0,0.0,0.0,0.0,0.0,1.0,0.0
1147.349106425774,19.12248510709623,注入驱油隔离液1,0.0,0.0,0.0,0.0,0.0,0.0,0.0,0.0,0.0,0.0,0.0,1.0,0.0
1148.7515322939867,19.145858871566443,注入驱油隔离液1,0.0,0.0,0.0,0.0,0.0,0.0,0.0,0.0,0.0,0.0,0.0,1.0,0.0
1150.1539581621994,19.169232636036657,注入驱油隔离液1,0.0,0.0,0.0,0.0,0.0,0.0,0.0,0.0,0.0,0.0,0.0,1.0,0.0
1151.5563840304121,19.192606400506868,注入驱油隔离液1,0.0,0.0,0.0,0.0,0.0,0.0,0.0,0.0,0.0,0.0,0.0,1.0,0.0
1152.9588098986248,19.21598016497708,注入驱油隔离液1,0.0,0.0,0.0,0.0,0.0,0.0,0.0,0.0,0.0,0.0,0.0,1.0,0.0
1154.3612357668376,19.239353929447294,注入驱油隔离液1,0.0,0.0,0.0,0.0,0.0,0.0,0.0,0.0,0.0,0.0,0.0,1.0,0.0
1155.7636616350503,19.262727693917505,注入驱油隔离液1,0.0,0.0,0.0,0.0,0.0,0.0,0.0,0.0,0.0,0.0,0.0,1.0,0.0
1157.166087503263,19.286101458387716,注入驱油隔离液1,0.0,0.0,0.0,0.0,0.0,0.0,0.0,0.0,0.0,0.0,0.0,1.0,0.0
1158.5685133714758,19.30947522285793,注入驱油隔离液1,0.0,0.0,0.0,0.0,0.0,0.0,0.0,0.0,0.0,0.0,0.0,1.0,0.0
1159.9709392396885,19.33284898732814,注入驱油隔离液1,0.0,0.0,0.0,0.0,0.0,0.0,0.0,0.0,0.0,0.0,0.0,1.0,0.0
1161.3733651079012,19.356222751798352,注入驱油隔离液1,0.0,0.0,0.0,0.0,0.0,0.0,0.0,0.0,0.0,0.0,0.0,1.0,0.0
1162.775790976114,19.379596516268567,注入驱油隔离液1,0.0,0.0,0.0,0.0,0.0,0.0,0.0,0.0,0.0,0.0,0.0,1.0,0.0
1164.1782168443267,19.402970280738778,注入驱油隔离液1,0.0,0.0,0.0,0.0,0.0,0.0,0.0,0.0,0.0,0.0,0.0,1.0,0.0
1165.5806427125394,19.42634404520899,注入驱油隔离液1,0.0,0.0,0.0,0.0,0.0,0.0,0.0,0.0,0.0,0.0,0.0,1.0,0.0
1166.9830685807522,19.449717809679203,注入驱油隔离液1,0.0,0.0,0.0,0.0,0.0,0.0,0.0,0.0,0.0,0.0,0.0,1.0,0.0
1168.385494448965,19.473091574149414,注入驱油隔离液1,0.0,0.0,0.0,0.0,0.0,0.0,0.0,0.0,0.0,0.0,0.0,1.0,0.0
1169.7879203171776,19.496465338619625,注入驱油隔离液1,0.0,0.0,0.0,0.0,0.0,0.0,0.0,0.0,0.0,0.0,0.0,1.0,0.0
1171.1903461853904,19.51983910308984,注入驱油隔离液1,0.0,0.0,0.0,0.0,0.0,0.0,0.0,0.0,0.0,0.0,0.0,1.0,0.0
1172.592772053603,19.54321286756005,注入驱油隔离液1,0.0,0.0,0.0,0.0,0.0,0.0,0.0,0.0,0.0,0.0,0.0,1.0,0.0
1173.9951979218158,19.566586632030262,注入驱油隔离液1,0.0,0.0,0.0,0.0,0.0,0.0,0.0,0.0,0.0,0.0,0.0,1.0,0.0
1175.3976237900285,19.589960396500476,注入驱油隔离液1,0.0,0.0,0.0,0.0,0.0,0.0,0.0,0.0,0.0,0.0,0.0,1.0,0.0
1176.8000496582413,19.613334160970687,注入驱油隔离液1,0.0,0.0,0.0,0.0,0.0,0.0,0.0,0.0,0.0,0.0,0.0,1.0,0.0
1178.202475526454,19.6367079254409,注入驱油隔离液1,0.0,0.0,0.0,0.0,0.0,0.0,0.0,0.0,0.0,0.0,0.0,1.0,0.0
1179.6049013946667,19.660081689911113,注入驱油隔离液1,0.0,0.0,0.0,0.0,0.0,0.0,0.0,0.0,0.0,0.0,0.0,1.0,0.0
1181.0073272628795,19.683455454381324,注入驱油隔离液1,0.0,0.0,0.0,0.0,0.0,0.0,0.0,0.0,0.0,0.0,0.0,1.0,0.0
1182.4097531310922,19.706829218851535,注入驱油隔离液1,0.0,0.0,0.0,0.0,0.0,0.0,0.0,0.0,0.0,0.0,0.0,1.0,0.0
1183.812178999305,19.73020298332175,注入驱油隔离液1,0.0,0.0,0.0,0.0,0.0,0.0,0.0,0.0,0.0,0.0,0.0,1.0,0.0
1185.2146048675177,19.75357674779196,注入驱油隔离液1,0.0,0.0,0.0,0.0,0.0,0.0,0.0,0.0,0.0,0.0,0.0,1.0,0.0
1186.6170307357304,19.77695051226217,注入驱油隔离液1,0.0,0.0,0.0,0.0,0.0,0.0,0.0,0.0,0.0,0.0,0.0,1.0,0.0
1188.0194566039431,19.800324276732386,注入驱油隔离液1,0.0,0.0,0.0,0.0,0.0,0.0,0.0,0.0,0.0,0.0,0.0,1.0,0.0
1189.4218824721559,19.823698041202597,注入驱油隔离液1,0.0,0.0,0.0,0.0,0.0,0.0,0.0,0.0,0.0,0.0,0.0,1.0,0.0
1190.8243083403686,19.847071805672808,注入驱油隔离液1,0.0,0.0,0.0,0.0,0.0,0.0,0.0,0.0,0.0,0.0,0.0,1.0,0.0
1192.2267342085813,19.870445570143023,注入驱油隔离液1,0.0,0.0,0.0,0.0,0.0,0.0,0.0,0.0,0.0,0.0,0.0,1.0,0.0
1193.629160076794,19.893819334613234,注入驱油隔离液1,0.0,0.0,0.0,0.0,0.0,0.0,0.0,0.0,0.0,0.0,0.0,1.0,0.0
1195.0315859450068,19.917193099083445,注入驱油隔离液1,0.0,0.0,0.0,0.0,0.0,0.0,0.0,0.0,0.0,0.0,0.0,1.0,0.0
1196.4340118132195,19.94056686355366,注入驱油隔离液1,0.0,0.0,0.0,0.0,0.0,0.0,0.0,0.0,0.0,0.0,0.0,1.0,0.0
1197.8364376814322,19.96394062802387,注入驱油隔离液1,0.0,0.0,0.0,0.0,0.0,0.0,0.0,0.0,0.0,0.0,0.0,1.0,0.0
1199.238863549645,19.98731439249408,注入驱油隔离液1,0.0,0.0,0.0,0.0,0.0,0.0,0.0,0.0,0.0,0.0,0.0,1.0,0.0
1200.6412894178577,20.010688156964296,注入驱油隔离液1,0.0,0.0,0.0,0.0,0.0,0.0,0.0,0.0,0.0,0.0,0.0,1.0,0.0
1202.0437152860704,20.034061921434507,注入驱油隔离液1,0.0,0.0,0.0,0.0,0.0,0.0,0.0,0.0,0.0,0.0,0.0,1.0,0.0
1203.4461411542832,20.057435685904718,注入驱油隔离液1,0.0,0.0,0.0,0.0,0.0,0.0,0.0,0.0,0.0,0.0,0.0,1.0,0.0
1204.848567022496,20.080809450374932,注入驱油隔离液1,0.0,0.0,0.0,0.0,0.0,0.0,0.0,0.0,0.0,0.0,0.0,1.0,0.0
1206.2509928907086,20.104183214845143,注入驱油隔离液1,0.0,0.0,0.0,0.0,0.0,0.0,0.0,0.0,0.0,0.0,0.0,1.0,0.0
1207.6534187589214,20.127556979315354,注入驱油隔离液1,0.0,0.0,0.0,0.0,0.0,0.0,0.0,0.0,0.0,0.0,0.0,1.0,0.0
1209.055844627134,20.15093074378557,注入驱油隔离液1,0.0,0.0,0.0,0.0,0.0,0.0,0.0,0.0,0.0,0.0,0.0,1.0,0.0
1210.4582704953468,20.17430450825578,注入驱油隔离液1,0.0,0.0,0.0,0.0,0.0,0.0,0.0,0.0,0.0,0.0,0.0,1.0,0.0
1211.8606963635596,20.19767827272599,注入驱油隔离液1,0.0,0.0,0.0,0.0,0.0,0.0,0.0,0.0,0.0,0.0,0.0,1.0,0.0
1213.2631222317723,20.221052037196205,注入驱油隔离液1,0.0,0.0,0.0,0.0,0.0,0.0,0.0,0.0,0.0,0.0,0.0,1.0,0.0
1214.665548099985,20.244425801666416,注入驱油隔离液1,0.0,0.0,0.0,0.0,0.0,0.0,0.0,0.0,0.0,0.0,0.0,1.0,0.0
1216.0679739681977,20.267799566136627,注入驱油隔离液1,0.0,0.0,0.0,0.0,0.0,0.0,0.0,0.0,0.0,0.0,0.0,1.0,0.0
1217.4703998364105,20.291173330606842,注入驱油隔离液1,0.0,0.0,0.0,0.0,0.0,0.0,0.0,0.0,0.0,0.0,0.0,1.0,0.0
1218.8728257046232,20.314547095077053,注入驱油隔离液1,0.0,0.0,0.0,0.0,0.0,0.0,0.0,0.0,0.0,0.0,0.0,1.0,0.0
1220.275251572836,20.337920859547264,注入驱油隔离液1,0.0,0.0,0.0,0.0,0.0,0.0,0.0,0.0,0.0,0.0,0.0,1.0,0.0
1221.6776774410487,20.36129462401748,注入驱油隔离液1,0.0,0.0,0.0,0.0,0.0,0.0,0.0,0.0,0.0,0.0,0.0,1.0,0.0
1223.0801033092614,20.38466838848769,注入驱油隔离液1,0.0,0.0,0.0,0.0,0.0,0.0,0.0,0.0,0.0,0.0,0.0,1.0,0.0
1224.4825291774741,20.4080421529579,注入驱油隔离液1,0.0,0.0,0.0,0.0,0.0,0.0,0.0,0.0,0.0,0.0,0.0,1.0,0.0
1225.8849550456869,20.431415917428115,注入驱油隔离液1,0.0,0.0,0.0,0.0,0.0,0.0,0.0,0.0,0.0,0.0,0.0,1.0,0.0
1227.2873809138996,20.454789681898326,注入驱油隔离液1,0.0,0.0,0.0,0.0,0.0,0.0,0.0,0.0,0.0,0.0,0.0,1.0,0.0
1228.6898067821123,20.478163446368537,注入驱油隔离液1,0.0,0.0,0.0,0.0,0.0,0.0,0.0,0.0,0.0,0.0,0.0,1.0,0.0
1230.092232650325,20.50153721083875,注入驱油隔离液1,0.0,0.0,0.0,0.0,0.0,0.0,0.0,0.0,0.0,0.0,0.0,1.0,0.0
1231.4946585185378,20.524910975308963,注入驱油隔离液1,0.0,0.0,0.0,0.0,0.0,0.0,0.0,0.0,0.0,0.0,0.0,1.0,0.0
1232.8970843867505,20.548284739779174,注入驱油隔离液1,0.0,0.0,0.0,0.0,0.0,0.0,0.0,0.0,0.0,0.0,0.0,1.0,0.0
1234.2995102549633,20.57165850424939,注入驱油隔离液1,0.0,0.0,0.0,0.0,0.0,0.0,0.0,0.0,0.0,0.0,0.0,1.0,0.0
1235.701936123176,20.5950322687196,注入驱油隔离液1,0.0,0.0,0.0,0.0,0.0,0.0,0.0,0.0,0.0,0.0,0.0,1.0,0.0
1237.1043619913887,20.61840603318981,注入驱油隔离液1,0.0,0.0,0.0,0.0,0.0,0.0,0.0,0.0,0.0,0.0,0.0,1.0,0.0
1238.5067878596014,20.641779797660025,注入驱油隔离液1,0.0,0.0,0.0,0.0,0.0,0.0,0.0,0.0,0.0,0.0,0.0,1.0,0.0
1239.9092137278142,20.665153562130236,注入驱油隔离液1,0.0,0.0,0.0,0.0,0.0,0.0,0.0,0.0,0.0,0.0,0.0,1.0,0.0
1241.311639596027,20.688527326600447,注入驱油隔离液1,0.0,0.0,0.0,0.0,0.0,0.0,0.0,0.0,0.0,0.0,0.0,1.0,0.0
1242.7140654642396,20.71190109107066,注入驱油隔离液1,0.0,0.0,0.0,0.0,0.0,0.0,0.0,0.0,0.0,0.0,0.0,1.0,0.0
1244.1164913324524,20.735274855540872,注入驱油隔离液1,0.0,0.0,0.0,0.0,0.0,0.0,0.0,0.0,0.0,0.0,0.0,1.0,0.0
1245.518917200665,20.758648620011083,注入驱油隔离液1,0.0,0.0,0.0,0.0,0.0,0.0,0.0,0.0,0.0,0.0,0.0,1.0,0.0
1246.9213430688778,20.782022384481298,注入驱油隔离液1,0.0,0.0,0.0,0.0,0.0,0.0,0.0,0.0,0.0,0.0,0.0,1.0,0.0
1248.3237689370906,20.80539614895151,注入驱油隔离液1,0.0,0.0,0.0,0.0,0.0,0.0,0.0,0.0,0.0,0.0,0.0,1.0,0.0
1249.7261948053033,20.82876991342172,注入驱油隔离液1,0.0,0.0,0.0,0.0,0.0,0.0,0.0,0.0,0.0,0.0,0.0,1.0,0.0
1251.128620673516,20.852143677891934,注入驱油隔离液1,0.0,0.0,0.0,0.0,0.0,0.0,0.0,0.0,0.0,0.0,0.0,1.0,0.0
1252.5310465417288,20.875517442362145,注入驱油隔离液1,0.0,0.0,0.0,0.0,0.0,0.0,0.0,0.0,0.0,0.0,0.0,1.0,0.0
1253.9334724099415,20.898891206832356,注入驱油隔离液1,0.0,0.0,0.0,0.0,0.0,0.0,0.0,0.0,0.0,0.0,0.0,1.0,0.0
1255.3358982781542,20.92226497130257,注入驱油隔离液1,0.0,0.0,0.0,0.0,0.0,0.0,0.0,0.0,0.0,0.0,0.0,1.0,0.0
1256.738324146367,20.945638735772782,注入驱油隔离液1,0.0,0.0,0.0,0.0,0.0,0.0,0.0,0.0,0.0,0.0,0.0,1.0,0.0
1258.1407500145797,20.969012500242993,注入驱油隔离液1,0.0,0.0,0.0,0.0,0.0,0.0,0.0,0.0,0.0,0.0,0.0,1.0,0.0
1259.5431758827924,20.992386264713208,注入驱油隔离液1,0.0,0.0,0.0,0.0,0.0,0.0,0.0,0.0,0.0,0.0,0.0,1.0,0.0
1260.9456017510051,21.01576002918342,注入驱油隔离液1,0.0,0.0,0.0,0.0,0.0,0.0,0.0,0.0,0.0,0.0,0.0,1.0,0.0
1262.3480276192179,21.03913379365363,注入驱油隔离液1,0.0,0.0,0.0,0.0,0.0,0.0,0.0,0.0,0.0,0.0,0.0,1.0,0.0
1263.7504534874306,21.062507558123844,注入驱油隔离液1,0.0,0.0,0.0,0.0,0.0,0.0,0.0,0.0,0.0,0.0,0.0,1.0,0.0
1265.1528793556433,21.085881322594055,注入驱油隔离液1,0.0,0.0,0.0,0.0,0.0,0.0,0.0,0.0,0.0,0.0,0.0,1.0,0.0
1266.555305223856,21.109255087064266,注入驱油隔离液1,0.0,0.0,0.0,0.0,0.0,0.0,0.0,0.0,0.0,0.0,0.0,1.0,0.0
1267.9577310920688,21.13262885153448,注入驱油隔离液1,0.0,0.0,0.0,0.0,0.0,0.0,0.0,0.0,0.0,0.0,0.0,1.0,0.0
1269.3601569602815,21.15600261600469,注入驱油隔离液1,0.0,0.0,0.0,0.0,0.0,0.0,0.0,0.0,0.0,0.0,0.0,1.0,0.0
1270.7625828284943,21.179376380474903,注入驱油隔离液1,0.0,0.0,0.0,0.0,0.0,0.0,0.0,0.0,0.0,0.0,0.0,1.0,0.0
1272.165008696707,21.202750144945117,注入驱油隔离液1,0.0,0.0,0.0,0.0,0.0,0.0,0.0,0.0,0.0,0.0,0.0,1.0,0.0
1273.5674345649197,21.22612390941533,注入驱油隔离液1,0.0,0.0,0.0,0.0,0.0,0.0,0.0,0.0,0.0,0.0,0.0,1.0,0.0
1274.9698604331325,21.24949767388554,注入驱油隔离液1,0.0,0.0,0.0,0.0,0.0,0.0,0.0,0.0,0.0,0.0,0.0,1.0,0.0
1276.3722863013452,21.272871438355754,注入驱油隔离液1,0.0,0.0,0.0,0.0,0.0,0.0,0.0,0.0,0.0,0.0,0.0,1.0,0.0
1277.774712169558,21.296245202825965,注入驱油隔离液1,0.0,0.0,0.0,0.0,0.0,0.0,0.0,0.0,0.0,0.0,0.0,1.0,0.0
1279.1771380377706,21.319618967296176,注入驱油隔离液1,0.0,0.0,0.0,0.0,0.0,0.0,0.0,0.0,0.0,0.0,0.0,1.0,0.0
1280.5795639059834,21.34299273176639,注入驱油隔离液1,0.0,0.0,0.0,0.0,0.0,0.0,0.0,0.0,0.0,0.0,0.0,1.0,0.0
1281.981989774196,21.3663664962366,注入驱油隔离液1,0.0,0.0,0.0,0.0,0.0,0.0,0.0,0.0,0.0,0.0,0.0,1.0,0.0
1283.3844156424088,21.389740260706812,注入驱油隔离液1,0.0,0.0,0.0,0.0,0.0,0.0,0.0,0.0,0.0,0.0,0.0,1.0,0.0
1284.7868415106216,21.413114025177027,注入驱油隔离液1,0.0,0.0,0.0,0.0,0.0,0.0,0.0,0.0,0.0,0.0,0.0,1.0,0.0
1286.1892673788343,21.436487789647238,注入驱油隔离液1,0.0,0.0,0.0,0.0,0.0,0.0,0.0,0.0,0.0,0.0,0.0,1.0,0.0
1287.591693247047,21.45986155411745,注入驱油隔离液1,0.0,0.0,0.0,0.0,0.0,0.0,0.0,0.0,0.0,0.0,0.0,1.0,0.0
1288.9941191152598,21.483235318587663,注入驱油隔离液1,0.0,0.0,0.0,0.0,0.0,0.0,0.0,0.0,0.0,0.0,0.0,1.0,0.0
1290.3965449834725,21.506609083057874,注入驱油隔离液1,0.0,0.0,0.0,0.0,0.0,0.0,0.0,0.0,0.0,0.0,0.0,1.0,0.0
1291.7989708516852,21.529982847528085,注入驱油隔离液1,0.0,0.0,0.0,0.0,0.0,0.0,0.0,0.0,0.0,0.0,0.0,1.0,0.0
1293.201396719898,21.5533566119983,注入驱油隔离液1,0.0,0.0,0.0,0.0,0.0,0.0,0.0,0.0,0.0,0.0,0.0,1.0,0.0
1294.6038225881107,21.57673037646851,注入驱油隔离液1,0.0,0.0,0.0,0.0,0.0,0.0,0.0,0.0,0.0,0.0,0.0,1.0,0.0
1296.0062484563234,21.600104140938722,注入驱油隔离液1,0.0,0.0,0.0,0.0,0.0,0.0,0.0,0.0,0.0,0.0,0.0,1.0,0.0
1297.4086743245362,21.623477905408937,注入驱油隔离液1,0.0,0.0,0.0,0.0,0.0,0.0,0.0,0.0,0.0,0.0,0.0,1.0,0.0
1298.8111001927489,21.646851669879148,注入驱油隔离液1,0.0,0.0,0.0,0.0,0.0,0.0,0.0,0.0,0.0,0.0,0.0,1.0,0.0
1300.2135260609616,21.67022543434936,注入驱油隔离液1,0.0,0.0,0.0,0.0,0.0,0.0,0.0,0.0,0.0,0.0,0.0,1.0,0.0
1301.6159519291743,21.693599198819573,注入驱油隔离液1,0.0,0.0,0.0,0.0,0.0,0.0,0.0,0.0,0.0,0.0,0.0,1.0,0.0
1303.018377797387,21.716972963289784,注入驱油隔离液1,0.0,0.0,0.0,0.0,0.0,0.0,0.0,0.0,0.0,0.0,0.0,1.0,0.0
1304.4208036655998,21.740346727759995,注入驱油隔离液1,0.0,0.0,0.0,0.0,0.0,0.0,0.0,0.0,0.0,0.0,0.0,1.0,0.0
1305.8232295338125,21.76372049223021,注入驱油隔离液1,0.0,0.0,0.0,0.0,0.0,0.0,0.0,0.0,0.0,0.0,0.0,1.0,0.0
1307.2256554020253,21.78709425670042,注入驱油隔离液1,0.0,0.0,0.0,0.0,0.0,0.0,0.0,0.0,0.0,0.0,0.0,1.0,0.0
1308.628081270238,21.81046802117063,注入驱油隔离液1,0.0,0.0,0.0,0.0,0.0,0.0,0.0,0.0,0.0,0.0,0.0,1.0,0.0
1310.0305071384507,21.833841785640846,注入驱油隔离液1,0.0,0.0,0.0,0.0,0.0,0.0,0.0,0.0,0.0,0.0,0.0,1.0,0.0
1311.4329330066635,21.857215550111057,注入驱油隔离液1,0.0,0.0,0.0,0.0,0.0,0.0,0.0,0.0,0.0,0.0,0.0,1.0,0.0
1312.8353588748762,21.880589314581268,注入驱油隔离液1,0.0,0.0,0.0,0.0,0.0,0.0,0.0,0.0,0.0,0.0,0.0,1.0,0.0
1314.237784743089,21.903963079051483,注入驱油隔离液1,0.0,0.0,0.0,0.0,0.0,0.0,0.0,0.0,0.0,0.0,0.0,1.0,0.0
1315.6402106113017,21.927336843521694,注入驱油隔离液1,0.0,0.0,0.0,0.0,0.0,0.0,0.0,0.0,0.0,0.0,0.0,1.0,0.0
1317.0426364795144,21.950710607991905,注入驱油隔离液1,0.0,0.0,0.0,0.0,0.0,0.0,0.0,0.0,0.0,0.0,0.0,1.0,0.0
1318.4450623477271,21.97408437246212,注入驱油隔离液1,0.0,0.0,0.0,0.0,0.0,0.0,0.0,0.0,0.0,0.0,0.0,1.0,0.0
1319.8474882159398,21.99745813693233,注入驱油隔离液1,0.0,0.0,0.0,0.0,0.0,0.0,0.0,0.0,0.0,0.0,0.0,1.0,0.0
1321.2499140841526,22.02083190140254,注入驱油隔离液1,0.0,0.0,0.0,0.0,0.0,0.0,0.0,0.0,0.0,0.0,0.0,1.0,0.0
1322.6523399523653,22.044205665872756,注入驱油隔离液1,0.0,0.0,0.0,0.0,0.0,0.0,0.0,0.0,0.0,0.0,0.0,1.0,0.0
1324.054765820578,22.067579430342967,注入驱油隔离液1,0.0,0.0,0.0,0.0,0.0,0.0,0.0,0.0,0.0,0.0,0.0,1.0,0.0
1325.4571916887908,22.090953194813178,注入驱油隔离液1,0.0,0.0,0.0,0.0,0.0,0.0,0.0,0.0,0.0,0.0,0.0,1.0,0.0
1326.8596175570035,22.114326959283392,注入驱油隔离液1,0.0,0.0,0.0,0.0,0.0,0.0,0.0,0.0,0.0,0.0,0.0,1.0,0.0
1328.2620434252162,22.137700723753603,注入驱油隔离液1,0.0,0.0,0.0,0.0,0.0,0.0,0.0,0.0,0.0,0.0,0.0,1.0,0.0
1329.664469293429,22.161074488223814,注入驱油隔离液1,0.0,0.0,0.0,0.0,0.0,0.0,0.0,0.0,0.0,0.0,0.0,1.0,0.0
1331.0668951616417,22.18444825269403,注入驱油隔离液1,0.0,0.0,0.0,0.0,0.0,0.0,0.0,0.0,0.0,0.0,0.0,1.0,0.0
1332.4693210298544,22.20782201716424,注入驱油隔离液1,0.0,0.0,0.0,0.0,0.0,0.0,0.0,0.0,0.0,0.0,0.0,1.0,0.0
1333.8717468980672,22.23119578163445,注入驱油隔离液1,0.0,0.0,0.0,0.0,0.0,0.0,0.0,0.0,0.0,0.0,0.0,1.0,0.0
1335.27417276628,22.254569546104666,注入驱油隔离液1,0.0,0.0,0.0,0.0,0.0,0.0,0.0,0.0,0.0,0.0,0.0,1.0,0.0
1336.6765986344926,22.277943310574877,注入驱油隔离液1,0.0,0.0,0.0,0.0,0.0,0.0,0.0,0.0,0.0,0.0,0.0,1.0,0.0
1338.0790245027054,22.301317075045088,注入驱油隔离液1,0.0,0.0,0.0,0.0,0.0,0.0,0.0,0.0,0.0,0.0,0.0,1.0,0.0
1339.481450370918,22.324690839515302,注入驱油隔离液1,0.0,0.0,0.0,0.0,0.0,0.0,0.0,0.0,0.0,0.0,0.0,1.0,0.0
1340.8838762391308,22.348064603985513,注入驱油隔离液1,0.0,0.0,0.0,0.0,0.0,0.0,0.0,0.0,0.0,0.0,0.0,1.0,0.0
1342.2863021073435,22.371438368455724,注入驱油隔离液1,0.0,0.0,0.0,0.0,0.0,0.0,0.0,0.0,0.0,0.0,0.0,1.0,0.0
1343.6887279755563,22.39481213292594,注入驱油隔离液1,0.0,0.0,0.0,0.0,0.0,0.0,0.0,0.0,0.0,0.0,0.0,1.0,0.0
1345.091153843769,22.41818589739615,注入驱油隔离液1,0.0,0.0,0.0,0.0,0.0,0.0,0.0,0.0,0.0,0.0,0.0,1.0,0.0
1346.4935797119817,22.44155966186636,注入驱油隔离液1,0.0,0.0,0.0,0.0,0.0,0.0,0.0,0.0,0.0,0.0,0.0,1.0,0.0
1347.8960055801945,22.464933426336575,注入驱油隔离液1,0.0,0.0,0.0,0.0,0.0,0.0,0.0,0.0,0.0,0.0,0.0,1.0,0.0
1349.2984314484072,22.488307190806786,注入驱油隔离液1,0.0,0.0,0.0,0.0,0.0,0.0,0.0,0.0,0.0,0.0,0.0,1.0,0.0
1350.70085731662,22.511680955276997,注入驱油隔离液1,0.0,0.0,0.0,0.0,0.0,0.0,0.0,0.0,0.0,0.0,0.0,1.0,0.0
1352.1032831848327,22.53505471974721,注入驱油隔离液1,0.0,0.0,0.0,0.0,0.0,0.0,0.0,0.0,0.0,0.0,0.0,1.0,0.0
1353.5057090530454,22.558428484217423,注入驱油隔离液1,0.0,0.0,0.0,0.0,0.0,0.0,0.0,0.0,0.0,0.0,0.0,1.0,0.0
1354.9081349212581,22.581802248687634,注入驱油隔离液1,0.0,0.0,0.0,0.0,0.0,0.0,0.0,0.0,0.0,0.0,0.0,1.0,0.0
1356.3105607894709,22.60517601315785,注入驱油隔离液1,0.0,0.0,0.0,0.0,0.0,0.0,0.0,0.0,0.0,0.0,0.0,1.0,0.0
1357.7129866576836,22.62854977762806,注入驱油隔离液1,0.0,0.0,0.0,0.0,0.0,0.0,0.0,0.0,0.0,0.0,0.0,1.0,0.0
1359.1154125258963,22.65192354209827,注入驱油隔离液1,0.0,0.0,0.0,0.0,0.0,0.0,0.0,0.0,0.0,0.0,0.0,1.0,0.0
1360.517838394109,22.675297306568485,注入驱油隔离液1,0.0,0.0,0.0,0.0,0.0,0.0,0.0,0.0,0.0,0.0,0.0,1.0,0.0
1361.9202642623218,22.698671071038696,注入驱油隔离液1,0.0,0.0,0.0,0.0,0.0,0.0,0.0,0.0,0.0,0.0,0.0,1.0,0.0
1363.3226901305345,22.722044835508907,注入驱油隔离液1,0.0,0.0,0.0,0.0,0.0,0.0,0.0,0.0,0.0,0.0,0.0,1.0,0.0
1364.7251159987472,22.74541859997912,注入驱油隔离液1,0.0,0.0,0.0,0.0,0.0,0.0,0.0,0.0,0.0,0.0,0.0,1.0,0.0
1366.12754186696,22.768792364449332,注入驱油隔离液1,0.0,0.0,0.0,0.0,0.0,0.0,0.0,0.0,0.0,0.0,0.0,1.0,0.0
1367.5299677351727,22.792166128919543,注入驱油隔离液1,0.0,0.0,0.0,0.0,0.0,0.0,0.0,0.0,0.0,0.0,0.0,1.0,0.0
1368.9323936033854,22.815539893389758,注入驱油隔离液1,0.0,0.0,0.0,0.0,0.0,0.0,0.0,0.0,0.0,0.0,0.0,1.0,0.0
1370.3348194715982,22.83891365785997,注入驱油隔离液1,0.0,0.0,0.0,0.0,0.0,0.0,0.0,0.0,0.0,0.0,0.0,1.0,0.0
1371.737245339811,22.86228742233018,注入驱油隔离液1,0.0,0.0,0.0,0.0,0.0,0.0,0.0,0.0,0.0,0.0,0.0,1.0,0.0
1373.1396712080236,22.885661186800395,注入驱油隔离液1,0.0,0.0,0.0,0.0,0.0,0.0,0.0,0.0,0.0,0.0,0.0,1.0,0.0
1374.5420970762364,22.909034951270606,注入驱油隔离液1,0.0,0.0,0.0,0.0,0.0,0.0,0.0,0.0,0.0,0.0,0.0,1.0,0.0
1375.944522944449,22.932408715740817,注入驱油隔离液1,0.0,0.0,0.0,0.0,0.0,0.0,0.0,0.0,0.0,0.0,0.0,1.0,0.0
1377.3469488126618,22.95578248021103,注入驱油隔离液1,0.0,0.0,0.0,0.0,0.0,0.0,0.0,0.0,0.0,0.0,0.0,1.0,0.0
1378.7493746808746,22.979156244681242,注入驱油隔离液1,0.0,0.0,0.0,0.0,0.0,0.0,0.0,0.0,0.0,0.0,0.0,1.0,0.0
1380.1518005490873,23.002530009151453,注入驱油隔离液1,0.0,0.0,0.0,0.0,0.0,0.0,0.0,0.0,0.0,0.0,0.0,1.0,0.0
1381.5542264173,23.025903773621668,注入驱油隔离液1,0.0,0.0,0.0,0.0,0.0,0.0,0.0,0.0,0.0,0.0,0.0,1.0,0.0
1382.9566522855127,23.04927753809188,注入驱油隔离液1,0.0,0.0,0.0,0.0,0.0,0.0,0.0,0.0,0.0,0.0,0.0,1.0,0.0
1384.3590781537255,23.07265130256209,注入驱油隔离液1,0.0,0.0,0.0,0.0,0.0,0.0,0.0,0.0,0.0,0.0,0.0,1.0,0.0
1385.7615040219382,23.096025067032304,注入驱油隔离液1,0.0,0.0,0.0,0.0,0.0,0.0,0.0,0.0,0.0,0.0,0.0,1.0,0.0
1387.163929890151,23.119398831502515,注入驱油隔离液1,0.0,0.0,0.0,0.0,0.0,0.0,0.0,0.0,0.0,0.0,0.0,1.0,0.0
1388.5663557583637,23.142772595972726,注入驱油隔离液1,0.0,0.0,0.0,0.0,0.0,0.0,0.0,0.0,0.0,0.0,0.0,1.0,0.0
1389.9687816265764,23.16614636044294,注入驱油隔离液1,0.0,0.0,0.0,0.0,0.0,0.0,0.0,0.0,0.0,0.0,0.0,1.0,0.0
1391.3712074947891,23.18952012491315,注入驱油隔离液1,0.0,0.0,0.0,0.0,0.0,0.0,0.0,0.0,0.0,0.0,0.0,1.0,0.0
1392.7736333630019,23.212893889383363,注入驱油隔离液1,0.0,0.0,0.0,0.0,0.0,0.0,0.0,0.0,0.0,0.0,0.0,1.0,0.0
1394.1760592312146,23.236267653853577,注入驱油隔离液1,0.0,0.0,0.0,0.0,0.0,0.0,0.0,0.0,0.0,0.0,0.0,1.0,0.0
1395.5784850994273,23.25964141832379,注入驱油隔离液1,0.0,0.0,0.0,0.0,0.0,0.0,0.0,0.0,0.0,0.0,0.0,1.0,0.0
1396.98091096764,23.283015182794,注入驱油隔离液1,0.0,0.0,0.0,0.0,0.0,0.0,0.0,0.0,0.0,0.0,0.0,1.0,0.0
1398.3833368358528,23.306388947264214,注入驱油隔离液1,0.0,0.0,0.0,0.0,0.0,0.0,0.0,0.0,0.0,0.0,0.0,1.0,0.0
1399.7857627040655,23.329762711734425,注入驱油隔离液1,0.0,0.0,0.0,0.0,0.0,0.0,0.0,0.0,0.0,0.0,0.0,1.0,0.0
1401.1881885722782,23.353136476204636,注入驱油隔离液1,0.0,0.0,0.0,0.0,0.0,0.0,0.0,0.0,0.0,0.0,0.0,1.0,0.0
1402.590614440491,23.37651024067485,注入驱油隔离液1,0.0,0.0,0.0,0.0,0.0,0.0,0.0,0.0,0.0,0.0,0.0,1.0,0.0
1403.9930403087037,23.39988400514506,注入驱油隔离液1,0.0,0.0,0.0,0.0,0.0,0.0,0.0,0.0,0.0,0.0,0.0,1.0,0.0
1405.3954661769164,23.423257769615272,注入驱油隔离液1,0.0,0.0,0.0,0.0,0.0,0.0,0.0,0.0,0.0,0.0,0.0,1.0,0.0
1406.7978920451292,23.446631534085487,注入驱油隔离液1,0.0,0.0,0.0,0.0,0.0,0.0,0.0,0.0,0.0,0.0,0.0,1.0,0.0
1408.200317913342,23.470005298555698,注入驱油隔离液1,0.0,0.0,0.0,0.0,0.0,0.0,0.0,0.0,0.0,0.0,0.0,1.0,0.0
1409.6027437815546,23.49337906302591,注入驱油隔离液1,0.0,0.0,0.0,0.0,0.0,0.0,0.0,0.0,0.0,0.0,0.0,1.0,0.0
1411.0051696497674,23.516752827496124,注入驱油隔离液1,0.0,0.0,0.0,0.0,0.0,0.0,0.0,0.0,0.0,0.0,0.0,1.0,0.0
1412.40759551798,23.540126591966335,注入驱油隔离液1,0.0,0.0,0.0,0.0,0.0,0.0,0.0,0.0,0.0,0.0,0.0,1.0,0.0
1413.8100213861928,23.563500356436546,注入驱油隔离液1,0.0,0.0,0.0,0.0,0.0,0.0,0.0,0.0,0.0,0.0,0.0,1.0,0.0
1415.2124472544056,23.58687412090676,注入驱油隔离液1,0.0,0.0,0.0,0.0,0.0,0.0,0.0,0.0,0.0,0.0,0.0,1.0,0.0
1416.6148731226183,23.61024788537697,注入驱油隔离液1,0.0,0.0,0.0,0.0,0.0,0.0,0.0,0.0,0.0,0.0,0.0,1.0,0.0
1418.017298990831,23.633621649847182,注入驱油隔离液1,0.0,0.0,0.0,0.0,0.0,0.0,0.0,0.0,0.0,0.0,0.0,1.0,0.0
1419.4197248590438,23.656995414317397,注入驱油隔离液1,0.0,0.0,0.0,0.0,0.0,0.0,0.0,0.0,0.0,0.0,0.0,1.0,0.0
1420.8221507272565,23.680369178787608,注入驱油隔离液1,0.0,0.0,0.0,0.0,0.0,0.0,0.0,0.0,0.0,0.0,0.0,1.0,0.0
1422.2245765954692,23.70374294325782,注入驱油隔离液1,0.0,0.0,0.0,0.0,0.0,0.0,0.0,0.0,0.0,0.0,0.0,1.0,0.0
1423.627002463682,23.727116707728033,注入驱油隔离液1,0.0,0.0,0.0,0.0,0.0,0.0,0.0,0.0,0.0,0.0,0.0,1.0,0.0
1425.0294283318947,23.750490472198244,注入驱油隔离液1,0.0,0.0,0.0,0.0,0.0,0.0,0.0,0.0,0.0,0.0,0.0,1.0,0.0
1426.4318542001074,23.773864236668455,注入驱油隔离液1,0.0,0.0,0.0,0.0,0.0,0.0,0.0,0.0,0.0,0.0,0.0,1.0,0.0
1427.8342800683201,23.79723800113867,注入驱油隔离液1,0.0,0.0,0.0,0.0,0.0,0.0,0.0,0.0,0.0,0.0,0.0,1.0,0.0
1429.2367059365329,23.82061176560888,注入驱油隔离液1,0.0,0.0,0.0,0.0,0.0,0.0,0.0,0.0,0.0,0.0,0.0,1.0,0.0
1430.6391318047456,23.84398553007909,注入驱油隔离液1,0.0,0.0,0.0,0.0,0.0,0.0,0.0,0.0,0.0,0.0,0.0,1.0,0.0
1432.0415576729583,23.867359294549306,注入驱油隔离液1,0.0,0.0,0.0,0.0,0.0,0.0,0.0,0.0,0.0,0.0,0.0,1.0,0.0
1433.443983541171,23.890733059019517,注入驱油隔离液1,0.0,0.0,0.0,0.0,0.0,0.0,0.0,0.0,0.0,0.0,0.0,1.0,0.0
1434.8464094093838,23.91410682348973,注入驱油隔离液1,0.0,0.0,0.0,0.0,0.0,0.0,0.0,0.0,0.0,0.0,0.0,1.0,0.0
1436.2488352775965,23.937480587959943,注入驱油隔离液1,0.0,0.0,0.0,0.0,0.0,0.0,0.0,0.0,0.0,0.0,0.0,1.0,0.0
1437.6512611458093,23.960854352430154,注入驱油隔离液1,0.0,0.0,0.0,0.0,0.0,0.0,0.0,0.0,0.0,0.0,0.0,1.0,0.0
1439.053687014022,23.984228116900365,注入驱油隔离液1,0.0,0.0,0.0,0.0,0.0,0.0,0.0,0.0,0.0,0.0,0.0,1.0,0.0
1440.4561128822347,24.00760188137058,注入驱油隔离液1,0.0,0.0,0.0,0.0,0.0,0.0,0.0,0.0,0.0,0.0,0.0,1.0,0.0
1441.8585387504475,24.03097564584079,注入驱油隔离液1,0.0,0.0,0.0,0.0,0.0,0.0,0.0,0.0,0.0,0.0,0.0,1.0,0.0
1443.2609646186602,24.054349410311,注入驱油隔离液1,0.0,0.0,0.0,0.0,0.0,0.0,0.0,0.0,0.0,0.0,0.0,1.0,0.0
1444.663390486873,24.077723174781216,注入驱油隔离液1,0.0,0.0,0.0,0.0,0.0,0.0,0.0,0.0,0.0,0.0,0.0,1.0,0.0
1446.0658163550856,24.101096939251427,注入驱油隔离液1,0.0,0.0,0.0,0.0,0.0,0.0,0.0,0.0,0.0,0.0,0.0,1.0,0.0
1447.4682422232984,24.124470703721638,注入驱油隔离液1,0.0,0.0,0.0,0.0,0.0,0.0,0.0,0.0,0.0,0.0,0.0,1.0,0.0
1448.870668091511,24.147844468191852,注入驱油隔离液1,0.0,0.0,0.0,0.0,0.0,0.0,0.0,0.0,0.0,0.0,0.0,1.0,0.0
1450.2730939597238,24.171218232662063,注入驱油隔离液1,0.0,0.0,0.0,0.0,0.0,0.0,0.0,0.0,0.0,0.0,0.0,1.0,0.0
1451.6755198279366,24.194591997132274,注入驱油隔离液1,0.0,0.0,0.0,0.0,0.0,0.0,0.0,0.0,0.0,0.0,0.0,1.0,0.0
1453.0779456961493,24.21796576160249,注入驱油隔离液1,0.0,0.0,0.0,0.0,0.0,0.0,0.0,0.0,0.0,0.0,0.0,1.0,0.0
1454.480371564362,24.2413395260727,注入驱油隔离液1,0.0,0.0,0.0,0.0,0.0,0.0,0.0,0.0,0.0,0.0,0.0,1.0,0.0
1455.8827974325748,24.26471329054291,注入驱油隔离液1,0.0,0.0,0.0,0.0,0.0,0.0,0.0,0.0,0.0,0.0,0.0,1.0,0.0
1457.2852233007875,24.288087055013126,注入驱油隔离液1,0.0,0.0,0.0,0.0,0.0,0.0,0.0,0.0,0.0,0.0,0.0,1.0,0.0
1458.6876491690002,24.311460819483337,注入驱油隔离液1,0.0,0.0,0.0,0.0,0.0,0.0,0.0,0.0,0.0,0.0,0.0,1.0,0.0
1460.090075037213,24.334834583953548,注入驱油隔离液1,0.0,0.0,0.0,0.0,0.0,0.0,0.0,0.0,0.0,0.0,0.0,1.0,0.0
1461.4925009054257,24.358208348423762,注入驱油隔离液1,0.0,0.0,0.0,0.0,0.0,0.0,0.0,0.0,0.0,0.0,0.0,1.0,0.0
1462.8949267736384,24.381582112893973,注入驱油隔离液1,0.0,0.0,0.0,0.0,0.0,0.0,0.0,0.0,0.0,0.0,0.0,1.0,0.0
1464.2973526418511,24.404955877364184,注入驱油隔离液1,0.0,0.0,0.0,0.0,0.0,0.0,0.0,0.0,0.0,0.0,0.0,1.0,0.0
1465.6997785100639,24.4283296418344,注入驱油隔离液1,0.0,0.0,0.0,0.0,0.0,0.0,0.0,0.0,0.0,0.0,0.0,1.0,0.0
1467.1022043782766,24.45170340630461,注入驱油隔离液1,0.0,0.0,0.0,0.0,0.0,0.0,0.0,0.0,0.0,0.0,0.0,1.0,0.0
1468.5046302464893,24.47507717077482,注入驱油隔离液1,0.0,0.0,0.0,0.0,0.0,0.0,0.0,0.0,0.0,0.0,0.0,1.0,0.0
1469.907056114702,24.498450935245035,注入驱油隔离液1,0.0,0.0,0.0,0.0,0.0,0.0,0.0,0.0,0.0,0.0,0.0,1.0,0.0
1471.3094819829148,24.521824699715246,注入驱油隔离液1,0.0,0.0,0.0,0.0,0.0,0.0,0.0,0.0,0.0,0.0,0.0,1.0,0.0
1472.7119078511275,24.545198464185457,注入驱油隔离液1,0.0,0.0,0.0,0.0,0.0,0.0,0.0,0.0,0.0,0.0,0.0,1.0,0.0
1474.1143337193403,24.568572228655672,注入驱油隔离液1,0.0,0.0,0.0,0.0,0.0,0.0,0.0,0.0,0.0,0.0,0.0,1.0,0.0
1475.516759587553,24.591945993125883,注入驱油隔离液1,0.0,0.0,0.0,0.0,0.0,0.0,0.0,0.0,0.0,0.0,0.0,1.0,0.0
1476.9191854557657,24.615319757596094,注入驱油隔离液1,0.0,0.0,0.0,0.0,0.0,0.0,0.0,0.0,0.0,0.0,0.0,1.0,0.0
1478.3216113239785,24.63869352206631,注入驱油隔离液1,0.0,0.0,0.0,0.0,0.0,0.0,0.0,0.0,0.0,0.0,0.0,1.0,0.0
1479.7240371921912,24.66206728653652,注入驱油隔离液1,0.0,0.0,0.0,0.0,0.0,0.0,0.0,0.0,0.0,0.0,0.0,1.0,0.0
1481.126463060404,24.68544105100673,注入驱油隔离液1,0.0,0.0,0.0,0.0,0.0,0.0,0.0,0.0,0.0,0.0,0.0,1.0,0.0
1482.5288889286167,24.708814815476945,注入驱油隔离液1,0.0,0.0,0.0,0.0,0.0,0.0,0.0,0.0,0.0,0.0,0.0,1.0,0.0
1483.9313147968294,24.732188579947156,注入驱油隔离液1,0.0,0.0,0.0,0.0,0.0,0.0,0.0,0.0,0.0,0.0,0.0,1.0,0.0
1485.3337406650421,24.755562344417367,注入驱油隔离液1,0.0,0.0,0.0,0.0,0.0,0.0,0.0,0.0,0.0,0.0,0.0,1.0,0.0
1486.7361665332548,24.77893610888758,注入驱油隔离液1,0.0,0.0,0.0,0.0,0.0,0.0,0.0,0.0,0.0,0.0,0.0,1.0,0.0
1488.1385924014676,24.802309873357792,注入驱油隔离液1,0.0,0.0,0.0,0.0,0.0,0.0,0.0,0.0,0.0,0.0,0.0,1.0,0.0
1489.5410182696803,24.825683637828003,注入驱油隔离液1,0.0,0.0,0.0,0.0,0.0,0.0,0.0,0.0,0.0,0.0,0.0,1.0,0.0
1490.943444137893,24.849057402298218,注入驱油隔离液1,0.0,0.0,0.0,0.0,0.0,0.0,0.0,0.0,0.0,0.0,0.0,1.0,0.0
1492.3458700061058,24.87243116676843,注入驱油隔离液1,0.0,0.0,0.0,0.0,0.0,0.0,0.0,0.0,0.0,0.0,0.0,1.0,0.0
1493.7482958743185,24.89580493123864,注入驱油隔离液1,0.0,0.0,0.0,0.0,0.0,0.0,0.0,0.0,0.0,0.0,0.0,1.0,0.0
1495.1507217425312,24.919178695708855,注入驱油隔离液1,0.0,0.0,0.0,0.0,0.0,0.0,0.0,0.0,0.0,0.0,0.0,1.0,0.0
1496.553147610744,24.942552460179066,注入驱油隔离液1,0.0,0.0,0.0,0.0,0.0,0.0,0.0,0.0,0.0,0.0,0.0,1.0,0.0
1497.9555734789567,24.965926224649277,注入驱油隔离液1,0.0,0.0,0.0,0.0,0.0,0.0,0.0,0.0,0.0,0.0,0.0,1.0,0.0
1499.3579993471694,24.98929998911949,注入驱油隔离液1,0.0,0.0,0.0,0.0,0.0,0.0,0.0,0.0,0.0,0.0,0.0,1.0,0.0
1500.7604252153822,25.012673753589702,注入驱油隔离液1,0.0,0.0,0.0,0.0,0.0,0.0,0.0,0.0,0.0,0.0,0.0,1.0,0.0
1502.162851083595,25.036047518059913,注入驱油隔离液1,0.0,0.0,0.0,0.0,0.0,0.0,0.0,0.0,0.0,0.0,0.0,1.0,0.0
1503.5652769518076,25.059421282530128,注入驱油隔离液1,0.0,0.0,0.0,0.0,0.0,0.0,0.0,0.0,0.0,0.0,0.0,1.0,0.0
1504.9677028200203,25.08279504700034,注入驱油隔离液1,0.0,0.0,0.0,0.0,0.0,0.0,0.0,0.0,0.0,0.0,0.0,1.0,0.0
1506.370128688233,25.10616881147055,注入驱油隔离液1,0.0,0.0,0.0,0.0,0.0,0.0,0.0,0.0,0.0,0.0,0.0,1.0,0.0
1507.7725545564458,25.129542575940764,注入驱油隔离液1,0.0,0.0,0.0,0.0,0.0,0.0,0.0,0.0,0.0,0.0,0.0,1.0,0.0
1509.1749804246585,25.152916340410975,注入驱油隔离液1,0.0,0.0,0.0,0.0,0.0,0.0,0.0,0.0,0.0,0.0,0.0,1.0,0.0
1510.5774062928713,25.176290104881186,注入驱油隔离液1,0.0,0.0,0.0,0.0,0.0,0.0,0.0,0.0,0.0,0.0,0.0,1.0,0.0
1511.979832161084,25.1996638693514,注入驱油隔离液1,0.0,0.0,0.0,0.0,0.0,0.0,0.0,0.0,0.0,0.0,0.0,1.0,0.0
1513.3822580292967,25.223037633821612,注入驱油隔离液1,0.0,0.0,0.0,0.0,0.0,0.0,0.0,0.0,0.0,0.0,0.0,1.0,0.0
1514.7846838975095,25.246411398291823,注入驱油隔离液1,0.0,0.0,0.0,0.0,0.0,0.0,0.0,0.0,0.0,0.0,0.0,1.0,0.0
1516.1871097657222,25.269785162762037,注入驱油隔离液1,0.0,0.0,0.0,0.0,0.0,0.0,0.0,0.0,0.0,0.0,0.0,1.0,0.0
1517.589535633935,25.29315892723225,注入驱油隔离液1,0.0,0.0,0.0,0.0,0.0,0.0,0.0,0.0,0.0,0.0,0.0,1.0,0.0
1518.9919615021477,25.31653269170246,注入驱油隔离液1,0.0,0.0,0.0,0.0,0.0,0.0,0.0,0.0,0.0,0.0,0.0,1.0,0.0
1520.3943873703604,25.339906456172674,注入驱油隔离液1,0.0,0.0,0.0,0.0,0.0,0.0,0.0,0.0,0.0,0.0,0.0,1.0,0.0
1521.7968132385731,25.363280220642885,注入驱油隔离液1,0.0,0.0,0.0,0.0,0.0,0.0,0.0,0.0,0.0,0.0,0.0,1.0,0.0
1523.1992391067859,25.386653985113096,注入驱油隔离液1,0.0,0.0,0.0,0.0,0.0,0.0,0.0,0.0,0.0,0.0,0.0,1.0,0.0
1524.6016649749986,25.41002774958331,注入驱油隔离液1,0.0,0.0,0.0,0.0,0.0,0.0,0.0,0.0,0.0,0.0,0.0,1.0,0.0
1526.0040908432113,25.43340151405352,注入驱油隔离液1,0.0,0.0,0.0,0.0,0.0,0.0,0.0,0.0,0.0,0.0,0.0,1.0,0.0
1527.406516711424,25.456775278523732,注入驱油隔离液1,0.0,0.0,0.0,0.0,0.0,0.0,0.0,0.0,0.0,0.0,0.0,1.0,0.0
1528.8089425796368,25.480149042993947,注入驱油隔离液1,0.0,0.0,0.0,0.0,0.0,0.0,0.0,0.0,0.0,0.0,0.0,1.0,0.0
1530.2113684478495,25.503522807464158,注入驱油隔离液1,0.0,0.0,0.0,0.0,0.0,0.0,0.0,0.0,0.0,0.0,0.0,1.0,0.0
1531.6137943160622,25.52689657193437,注入驱油隔离液1,0.0,0.0,0.0,0.0,0.0,0.0,0.0,0.0,0.0,0.0,0.0,1.0,0.0
1533.016220184275,25.550270336404584,注入驱油隔离液1,0.0,0.0,0.0,0.0,0.0,0.0,0.0,0.0,0.0,0.0,0.0,1.0,0.0
1534.4186460524877,25.573644100874795,注入驱油隔离液1,0.0,0.0,0.0,0.0,0.0,0.0,0.0,0.0,0.0,0.0,0.0,1.0,0.0
1535.8210719207004,25.597017865345006,注入驱油隔离液1,0.0,0.0,0.0,0.0,0.0,0.0,0.0,0.0,0.0,0.0,0.0,1.0,0.0
1537.2234977889132,25.62039162981522,注入驱油隔离液1,0.0,0.0,0.0,0.0,0.0,0.0,0.0,0.0,0.0,0.0,0.0,1.0,0.0
1538.625923657126,25.64376539428543,注入驱油隔离液1,0.0,0.0,0.0,0.0,0.0,0.0,0.0,0.0,0.0,0.0,0.0,1.0,0.0
1540.0283495253386,25.667139158755642,注入驱油隔离液1,0.0,0.0,0.0,0.0,0.0,0.0,0.0,0.0,0.0,0.0,0.0,1.0,0.0
1541.4307753935514,25.690512923225857,注入驱油隔离液1,0.0,0.0,0.0,0.0,0.0,0.0,0.0,0.0,0.0,0.0,0.0,1.0,0.0
1542.833201261764,25.713886687696068,注入驱油隔离液1,0.0,0.0,0.0,0.0,0.0,0.0,0.0,0.0,0.0,0.0,0.0,1.0,0.0
1544.2356271299768,25.73726045216628,注入驱油隔离液1,0.0,0.0,0.0,0.0,0.0,0.0,0.0,0.0,0.0,0.0,0.0,1.0,0.0
1545.6380529981896,25.760634216636493,注入驱油隔离液1,0.0,0.0,0.0,0.0,0.0,0.0,0.0,0.0,0.0,0.0,0.0,1.0,0.0
1547.0404788664023,25.784007981106704,注入驱油隔离液1,0.0,0.0,0.0,0.0,0.0,0.0,0.0,0.0,0.0,0.0,0.0,1.0,0.0
1548.442904734615,25.807381745576915,注入驱油隔离液1,0.0,0.0,0.0,0.0,0.0,0.0,0.0,0.0,0.0,0.0,0.0,1.0,0.0
1549.8453306028277,25.83075551004713,注入驱油隔离液1,0.0,0.0,0.0,0.0,0.0,0.0,0.0,0.0,0.0,0.0,0.0,1.0,0.0
1551.2477564710405,25.85412927451734,注入驱油隔离液1,0.0,0.0,0.0,0.0,0.0,0.0,0.0,0.0,0.0,0.0,0.0,1.0,0.0
1552.6501823392532,25.87750303898755,注入驱油隔离液1,0.0,0.0,0.0,0.0,0.0,0.0,0.0,0.0,0.0,0.0,0.0,1.0,0.0
1554.052608207466,25.900876803457766,注入驱油隔离液1,0.0,0.0,0.0,0.0,0.0,0.0,0.0,0.0,0.0,0.0,0.0,1.0,0.0
1555.4550340756787,25.924250567927977,注入驱油隔离液1,0.0,0.0,0.0,0.0,0.0,0.0,0.0,0.0,0.0,0.0,0.0,1.0,0.0
1556.8574599438914,25.94762433239819,注入驱油隔离液1,0.0,0.0,0.0,0.0,0.0,0.0,0.0,0.0,0.0,0.0,0.0,1.0,0.0
1558.2598858121041,25.970998096868403,注入驱油隔离液1,0.0,0.0,0.0,0.0,0.0,0.0,0.0,0.0,0.0,0.0,0.0,1.0,0.0
1559.6623116803169,25.994371861338614,注入驱油隔离液1,0.0,0.0,0.0,0.0,0.0,0.0,0.0,0.0,0.0,0.0,0.0,1.0,0.0
1561.0647375485296,26.017745625808825,注入驱油隔离液1,0.0,0.0,0.0,0.0,0.0,0.0,0.0,0.0,0.0,0.0,0.0,1.0,0.0
1562.4671634167423,26.04111939027904,注入驱油隔离液1,0.0,0.0,0.0,0.0,0.0,0.0,0.0,0.0,0.0,0.0,0.0,1.0,0.0
1563.869589284955,26.06449315474925,注入驱油隔离液1,0.0,0.0,0.0,0.0,0.0,0.0,0.0,0.0,0.0,0.0,0.0,1.0,0.0
1565.2720151531678,26.08786691921946,注入驱油隔离液1,0.0,0.0,0.0,0.0,0.0,0.0,0.0,0.0,0.0,0.0,0.0,1.0,0.0
1566.6744410213805,26.111240683689676,注入驱油隔离液1,0.0,0.0,0.0,0.0,0.0,0.0,0.0,0.0,0.0,0.0,0.0,1.0,0.0
1568.0768668895932,26.134614448159887,注入驱油隔离液1,0.0,0.0,0.0,0.0,0.0,0.0,0.0,0.0,0.0,0.0,0.0,1.0,0.0
1569.479292757806,26.157988212630098,注入驱油隔离液1,0.0,0.0,0.0,0.0,0.0,0.0,0.0,0.0,0.0,0.0,0.0,1.0,0.0
1570.8817186260187,26.181361977100313,注入驱油隔离液1,0.0,0.0,0.0,0.0,0.0,0.0,0.0,0.0,0.0,0.0,0.0,1.0,0.0
1572.2841444942314,26.204735741570524,注入驱油隔离液1,0.0,0.0,0.0,0.0,0.0,0.0,0.0,0.0,0.0,0.0,0.0,1.0,0.0
1573.6865703624442,26.228109506040735,注入驱油隔离液1,0.0,0.0,0.0,0.0,0.0,0.0,0.0,0.0,0.0,0.0,0.0,1.0,0.0
1575.088996230657,26.25148327051095,注入驱油隔离液1,0.0,0.0,0.0,0.0,0.0,0.0,0.0,0.0,0.0,0.0,0.0,1.0,0.0
1576.4914220988696,26.27485703498116,注入驱油隔离液1,0.0,0.0,0.0,0.0,0.0,0.0,0.0,0.0,0.0,0.0,0.0,1.0,0.0
1577.8938479670824,26.29823079945137,注入驱油隔离液1,0.0,0.0,0.0,0.0,0.0,0.0,0.0,0.0,0.0,0.0,0.0,1.0,0.0
1579.296273835295,26.321604563921586,注入驱油隔离液1,0.0,0.0,0.0,0.0,0.0,0.0,0.0,0.0,0.0,0.0,0.0,1.0,0.0
1580.6986997035078,26.344978328391797,注入驱油隔离液1,0.0,0.0,0.0,0.0,0.0,0.0,0.0,0.0,0.0,0.0,0.0,1.0,0.0
1582.1011255717206,26.368352092862008,注入驱油隔离液1,0.0,0.0,0.0,0.0,0.0,0.0,0.0,0.0,0.0,0.0,0.0,1.0,0.0
1583.5035514399333,26.391725857332222,注入驱油隔离液1,0.0,0.0,0.0,0.0,0.0,0.0,0.0,0.0,0.0,0.0,0.0,1.0,0.0
1584.905977308146,26.415099621802433,注入驱油隔离液1,0.0,0.0,0.0,0.0,0.0,0.0,0.0,0.0,0.0,0.0,0.0,1.0,0.0
1586.3084031763588,26.438473386272644,注入驱油隔离液1,0.0,0.0,0.0,0.0,0.0,0.0,0.0,0.0,0.0,0.0,0.0,1.0,0.0
1587.7108290445715,26.46184715074286,注入驱油隔离液1,0.0,0.0,0.0,0.0,0.0,0.0,0.0,0.0,0.0,0.0,0.0,1.0,0.0
1589.1132549127842,26.48522091521307,注入驱油隔离液1,0.0,0.0,0.0,0.0,0.0,0.0,0.0,0.0,0.0,0.0,0.0,1.0,0.0
1590.515680780997,26.50859467968328,注入驱油隔离液1,0.0,0.0,0.0,0.0,0.0,0.0,0.0,0.0,0.0,0.0,0.0,1.0,0.0
1591.9181066492097,26.531968444153495,注入驱油隔离液1,0.0,0.0,0.0,0.0,0.0,0.0,0.0,0.0,0.0,0.0,0.0,1.0,0.0
1593.3205325174224,26.555342208623706,注入驱油隔离液1,0.0,0.0,0.0,0.0,0.0,0.0,0.0,0.0,0.0,0.0,0.0,1.0,0.0
1594.7229583856351,26.578715973093917,注入驱油隔离液1,0.0,0.0,0.0,0.0,0.0,0.0,0.0,0.0,0.0,0.0,0.0,1.0,0.0
1596.1253842538479,26.602089737564132,注入驱油隔离液1,0.0,0.0,0.0,0.0,0.0,0.0,0.0,0.0,0.0,0.0,0.0,1.0,0.0
1597.5278101220606,26.625463502034343,注入驱油隔离液1,0.0,0.0,0.0,0.0,0.0,0.0,0.0,0.0,0.0,0.0,0.0,1.0,0.0
1598.9302359902733,26.648837266504554,注入驱油隔离液1,0.0,0.0,0.0,0.0,0.0,0.0,0.0,0.0,0.0,0.0,0.0,1.0,0.0
1600.332661858486,26.67221103097477,注入驱油隔离液1,0.0,0.0,0.0,0.0,0.0,0.0,0.0,0.0,0.0,0.0,0.0,1.0,0.0
1601.7350877266988,26.69558479544498,注入驱油隔离液1,0.0,0.0,0.0,0.0,0.0,0.0,0.0,0.0,0.0,0.0,0.0,1.0,0.0
1603.1375135949115,26.71895855991519,注入驱油隔离液1,0.0,0.0,0.0,0.0,0.0,0.0,0.0,0.0,0.0,0.0,0.0,1.0,0.0
1604.5399394631243,26.742332324385405,注入驱油隔离液1,0.0,0.0,0.0,0.0,0.0,0.0,0.0,0.0,0.0,0.0,0.0,1.0,0.0
1605.942365331337,26.765706088855616,注入驱油隔离液1,0.0,0.0,0.0,0.0,0.0,0.0,0.0,0.0,0.0,0.0,0.0,1.0,0.0
1607.3447911995497,26.789079853325827,注入驱油隔离液1,0.0,0.0,0.0,0.0,0.0,0.0,0.0,0.0,0.0,0.0,0.0,1.0,0.0
1608.7472170677624,26.81245361779604,注入驱油隔离液1,0.0,0.0,0.0,0.0,0.0,0.0,0.0,0.0,0.0,0.0,0.0,1.0,0.0
1610.1496429359752,26.835827382266253,注入驱油隔离液1,0.0,0.0,0.0,0.0,0.0,0.0,0.0,0.0,0.0,0.0,0.0,1.0,0.0
1611.552068804188,26.859201146736464,注入驱油隔离液1,0.0,0.0,0.0,0.0,0.0,0.0,0.0,0.0,0.0,0.0,0.0,1.0,0.0
1612.9544946724006,26.882574911206678,注入驱油隔离液1,0.0,0.0,0.0,0.0,0.0,0.0,0.0,0.0,0.0,0.0,0.0,1.0,0.0
1614.3569205406134,26.90594867567689,注入驱油隔离液1,0.0,0.0,0.0,0.0,0.0,0.0,0.0,0.0,0.0,0.0,0.0,1.0,0.0
1615.759346408826,26.9293224401471,注入驱油隔离液1,0.0,0.0,0.0,0.0,0.0,0.0,0.0,0.0,0.0,0.0,0.0,1.0,0.0
1617.1617722770388,26.952696204617315,注入驱油隔离液1,0.0,0.0,0.0,0.0,0.0,0.0,0.0,0.0,0.0,0.0,0.0,1.0,0.0
1618.5641981452516,26.976069969087526,注入驱油隔离液1,0.0,0.0,0.0,0.0,0.0,0.0,0.0,0.0,0.0,0.0,0.0,1.0,0.0
1619.9666240134643,26.999443733557737,注入驱油隔离液1,0.0,0.0,0.0,0.0,0.0,0.0,0.0,0.0,0.0,0.0,0.0,1.0,0.0
1621.369049881677,27.02281749802795,注入驱油隔离液1,0.0,0.0,0.0,0.0,0.0,0.0,0.0,0.0,0.0,0.0,0.0,1.0,0.0
1622.7714757498898,27.046191262498162,注入驱油隔离液1,0.0,0.0,0.0,0.0,0.0,0.0,0.0,0.0,0.0,0.0,0.0,1.0,0.0
1624.1739016181025,27.069565026968373,注入驱油隔离液1,0.0,0.0,0.0,0.0,0.0,0.0,0.0,0.0,0.0,0.0,0.0,1.0,0.0
1625.5763274863152,27.092938791438588,注入驱油隔离液1,0.0,0.0,0.0,0.0,0.0,0.0,0.0,0.0,0.0,0.0,0.0,1.0,0.0
1626.978753354528,27.1163125559088,注入驱油隔离液1,0.0,0.0,0.0,0.0,0.0,0.0,0.0,0.0,0.0,0.0,0.0,1.0,0.0
1628.3811792227407,27.13968632037901,注入驱油隔离液1,0.0,0.0,0.0,0.0,0.0,0.0,0.0,0.0,0.0,0.0,0.0,1.0,0.0
1629.7836050909534,27.163060084849224,注入驱油隔离液1,0.0,0.0,0.0,0.0,0.0,0.0,0.0,0.0,0.0,0.0,0.0,1.0,0.0
1631.1860309591661,27.186433849319435,注入驱油隔离液1,0.0,0.0,0.0,0.0,0.0,0.0,0.0,0.0,0.0,0.0,0.0,1.0,0.0
1632.5884568273789,27.209807613789646,注入驱油隔离液1,0.0,0.0,0.0,0.0,0.0,0.0,0.0,0.0,0.0,0.0,0.0,1.0,0.0
1633.9908826955916,27.23318137825986,注入驱油隔离液1,0.0,0.0,0.0,0.0,0.0,0.0,0.0,0.0,0.0,0.0,0.0,1.0,0.0
1635.3933085638043,27.256555142730072,注入驱油隔离液1,0.0,0.0,0.0,0.0,0.0,0.0,0.0,0.0,0.0,0.0,0.0,1.0,0.0
1636.795734432017,27.279928907200283,注入驱油隔离液1,0.0,0.0,0.0,0.0,0.0,0.0,0.0,0.0,0.0,0.0,0.0,1.0,0.0
1638.1981603002298,27.303302671670497,注入驱油隔离液1,0.0,0.0,0.0,0.0,0.0,0.0,0.0,0.0,0.0,0.0,0.0,1.0,0.0
1639.6005861684425,27.32667643614071,注入驱油隔离液1,0.0,0.0,0.0,0.0,0.0,0.0,0.0,0.0,0.0,0.0,0.0,1.0,0.0
1641.0030120366553,27.35005020061092,注入驱油隔离液1,0.0,0.0,0.0,0.0,0.0,0.0,0.0,0.0,0.0,0.0,0.0,1.0,0.0
1642.405437904868,27.373423965081134,注入驱油隔离液1,0.0,0.0,0.0,0.0,0.0,0.0,0.0,0.0,0.0,0.0,0.0,1.0,0.0
1643.8078637730807,27.396797729551345,注入驱油隔离液1,0.0,0.0,0.0,0.0,0.0,0.0,0.0,0.0,0.0,0.0,0.0,1.0,0.0
1645.2102896412935,27.420171494021556,注入驱油隔离液1,0.0,0.0,0.0,0.0,0.0,0.0,0.0,0.0,0.0,0.0,0.0,1.0,0.0
1646.6127155095062,27.44354525849177,注入驱油隔离液1,0.0,0.0,0.0,0.0,0.0,0.0,0.0,0.0,0.0,0.0,0.0,1.0,0.0
1648.015141377719,27.46691902296198,注入驱油隔离液1,0.0,0.0,0.0,0.0,0.0,0.0,0.0,0.0,0.0,0.0,0.0,1.0,0.0
1649.4175672459317,27.490292787432193,注入驱油隔离液1,0.0,0.0,0.0,0.0,0.0,0.0,0.0,0.0,0.0,0.0,0.0,1.0,0.0
1650.8199931141444,27.513666551902407,注入驱油隔离液1,0.0,0.0,0.0,0.0,0.0,0.0,0.0,0.0,0.0,0.0,0.0,1.0,0.0
1652.222418982357,27.537040316372618,注入驱油隔离液1,0.0,0.0,0.0,0.0,0.0,0.0,0.0,0.0,0.0,0.0,0.0,1.0,0.0
1653.6248448505698,27.56041408084283,注入驱油隔离液1,0.0,0.0,0.0,0.0,0.0,0.0,0.0,0.0,0.0,0.0,0.0,1.0,0.0
1655.0272707187826,27.583787845313044,注入驱油隔离液1,0.0,0.0,0.0,0.0,0.0,0.0,0.0,0.0,0.0,0.0,0.0,1.0,0.0
1656.4296965869953,27.607161609783255,注入驱油隔离液1,0.0,0.0,0.0,0.0,0.0,0.0,0.0,0.0,0.0,0.0,0.0,1.0,0.0
1657.832122455208,27.630535374253466,注入驱油隔离液1,0.0,0.0,0.0,0.0,0.0,0.0,0.0,0.0,0.0,0.0,0.0,1.0,0.0
1659.2345483234208,27.65390913872368,注入驱油隔离液1,0.0,0.0,0.0,0.0,0.0,0.0,0.0,0.0,0.0,0.0,0.0,1.0,0.0
1660.6369741916335,27.67728290319389,注入驱油隔离液1,0.0,0.0,0.0,0.0,0.0,0.0,0.0,0.0,0.0,0.0,0.0,1.0,0.0
1662.0394000598462,27.700656667664102,注入驱油隔离液1,0.0,0.0,0.0,0.0,0.0,0.0,0.0,0.0,0.0,0.0,0.0,1.0,0.0
1663.441825928059,27.724030432134317,注入驱油隔离液1,0.0,0.0,0.0,0.0,0.0,0.0,0.0,0.0,0.0,0.0,0.0,1.0,0.0
1664.8442517962717,27.747404196604528,注入驱油隔离液1,0.0,0.0,0.0,0.0,0.0,0.0,0.0,0.0,0.0,0.0,0.0,1.0,0.0
1666.2466776644844,27.77077796107474,注入驱油隔离液1,0.0,0.0,0.0,0.0,0.0,0.0,0.0,0.0,0.0,0.0,0.0,1.0,0.0
1667.6491035326972,27.794151725544953,注入驱油隔离液1,0.0,0.0,0.0,0.0,0.0,0.0,0.0,0.0,0.0,0.0,0.0,1.0,0.0
1669.0515294009099,27.817525490015164,注入驱油隔离液1,0.0,0.0,0.0,0.0,0.0,0.0,0.0,0.0,0.0,0.0,0.0,1.0,0.0
1670.4539552691226,27.840899254485375,注入驱油隔离液1,0.0,0.0,0.0,0.0,0.0,0.0,0.0,0.0,0.0,0.0,0.0,1.0,0.0
1671.8563811373353,27.86427301895559,注入驱油隔离液1,0.0,0.0,0.0,0.0,0.0,0.0,0.0,0.0,0.0,0.0,0.0,1.0,0.0
1673.258807005548,27.8876467834258,注入驱油隔离液1,0.0,0.0,0.0,0.0,0.0,0.0,0.0,0.0,0.0,0.0,0.0,1.0,0.0
1674.6612328737608,27.911020547896012,注入驱油隔离液1,0.0,0.0,0.0,0.0,0.0,0.0,0.0,0.0,0.0,0.0,0.0,1.0,0.0
1676.0636587419735,27.934394312366226,注入驱油隔离液1,0.0,0.0,0.0,0.0,0.0,0.0,0.0,0.0,0.0,0.0,0.0,1.0,0.0
1677.4660846101863,27.957768076836437,注入驱油隔离液1,0.0,0.0,0.0,0.0,0.0,0.0,0.0,0.0,0.0,0.0,0.0,1.0,0.0
1678.868510478399,27.98114184130665,注入驱油隔离液1,0.0,0.0,0.0,0.0,0.0,0.0,0.0,0.0,0.0,0.0,0.0,1.0,0.0
1680.2709363466117,28.004515605776863,注入驱油隔离液1,0.0,0.0,0.0,0.0,0.0,0.0,0.0,0.0,0.0,0.0,0.0,1.0,0.0
1681.6733622148245,28.027889370247074,注入驱油隔离液1,0.0,0.0,0.0,0.0,0.0,0.0,0.0,0.0,0.0,0.0,0.0,1.0,0.0
1683.0757880830372,28.051263134717285,注入驱油隔离液1,0.0,0.0,0.0,0.0,0.0,0.0,0.0,0.0,0.0,0.0,0.0,1.0,0.0
1684.47821395125,28.0746368991875,注入驱油隔离液1,0.0,0.0,0.0,0.0,0.0,0.0,0.0,0.0,0.0,0.0,0.0,1.0,0.0
1685.8806398194627,28.09801066365771,注入驱油隔离液1,0.0,0.0,0.0,0.0,0.0,0.0,0.0,0.0,0.0,0.0,0.0,1.0,0.0
1687.2830656876754,28.12138442812792,注入驱油隔离液1,0.0,0.0,0.0,0.0,0.0,0.0,0.0,0.0,0.0,0.0,0.0,1.0,0.0
1688.6854915558881,28.144758192598136,注入驱油隔离液1,0.0,0.0,0.0,0.0,0.0,0.0,0.0,0.0,0.0,0.0,0.0,1.0,0.0
1690.0879174241009,28.168131957068347,注入驱油隔离液1,0.0,0.0,0.0,0.0,0.0,0.0,0.0,0.0,0.0,0.0,0.0,1.0,0.0
1691.4903432923136,28.191505721538558,注入驱油隔离液1,0.0,0.0,0.0,0.0,0.0,0.0,0.0,0.0,0.0,0.0,0.0,1.0,0.0
1692.8927691605263,28.214879486008773,注入驱油隔离液1,0.0,0.0,0.0,0.0,0.0,0.0,0.0,0.0,0.0,0.0,0.0,1.0,0.0
1694.295195028739,28.238253250478984,注入驱油隔离液1,0.0,0.0,0.0,0.0,0.0,0.0,0.0,0.0,0.0,0.0,0.0,1.0,0.0
1695.6976208969518,28.261627014949195,注入驱油隔离液1,0.0,0.0,0.0,0.0,0.0,0.0,0.0,0.0,0.0,0.0,0.0,1.0,0.0
1697.1000467651645,28.28500077941941,注入驱油隔离液1,0.0,0.0,0.0,0.0,0.0,0.0,0.0,0.0,0.0,0.0,0.0,1.0,0.0
1698.5024726333772,28.30837454388962,注入驱油隔离液1,0.0,0.0,0.0,0.0,0.0,0.0,0.0,0.0,0.0,0.0,0.0,1.0,0.0
1699.90489850159,28.33174830835983,注入驱油隔离液1,0.0,0.0,0.0,0.0,0.0,0.0,0.0,0.0,0.0,0.0,0.0,1.0,0.0
1701.3073243698027,28.355122072830046,注入驱油隔离液1,0.0,0.0,0.0,0.0,0.0,0.0,0.0,0.0,0.0,0.0,0.0,1.0,0.0
1702.7097502380154,28.378495837300257,注入驱油隔离液1,0.0,0.0,0.0,0.0,0.0,0.0,0.0,0.0,0.0,0.0,0.0,1.0,0.0
1704.1121761062282,28.401869601770468,注入驱油隔离液1,0.0,0.0,0.0,0.0,0.0,0.0,0.0,0.0,0.0,0.0,0.0,1.0,0.0
1705.514601974441,28.425243366240682,注入驱油隔离液1,0.0,0.0,0.0,0.0,0.0,0.0,0.0,0.0,0.0,0.0,0.0,1.0,0.0
1706.9170278426536,28.448617130710893,注入驱油隔离液1,0.0,0.0,0.0,0.0,0.0,0.0,0.0,0.0,0.0,0.0,0.0,1.0,0.0
1708.3194537108664,28.471990895181104,注入驱油隔离液2,0.0,0.0,0.0,0.0,0.0,0.0,0.0,0.0,0.0,0.0,0.0,1.0,0.0
1709.721879579079,28.49536465965132,注入驱油隔离液2,0.0,0.0,0.0,0.0,0.0,0.0,0.0,0.0,0.0,0.0,0.0,1.0,0.0
1711.1243054472918,28.51873842412153,注入驱油隔离液2,0.0,0.0,0.0,0.0,0.0,0.0,0.0,0.0,0.0,0.0,0.0,1.0,0.0
1712.5267313155045,28.54211218859174,注入驱油隔离液2,0.0,0.0,0.0,0.0,0.0,0.0,0.0,0.0,0.0,0.0,0.0,1.0,0.0
1713.9291571837173,28.565485953061955,注入驱油隔离液2,0.0,0.0,0.0,0.0,0.0,0.0,0.0,0.0,0.0,0.0,0.0,1.0,0.0
1715.33158305193,28.588859717532166,注入驱油隔离液2,0.0,0.0,0.0,0.0,0.0,0.0,0.0,0.0,0.0,0.0,0.0,1.0,0.0
1716.7340089201427,28.612233482002377,注入驱油隔离液2,0.0,0.0,0.0,0.0,0.0,0.0,0.0,0.0,0.0,0.0,0.0,1.0,0.0
1718.1364347883555,28.635607246472592,注入驱油隔离液2,0.0,0.0,0.0,0.0,0.0,0.0,0.0,0.0,0.0,0.0,0.0,1.0,0.0
1719.5388606565682,28.658981010942803,注入驱油隔离液2,0.0,0.0,0.0,0.0,0.0,0.0,0.0,0.0,0.0,0.0,0.0,1.0,0.0
1720.941286524781,28.682354775413014,注入驱油隔离液2,0.0,0.0,0.0,0.0,0.0,0.0,0.0,0.0,0.0,0.0,0.0,1.0,0.0
1722.3437123929937,28.70572853988323,注入驱油隔离液2,0.0,0.0,0.0,0.0,0.0,0.0,0.0,0.0,0.0,0.0,0.0,1.0,0.0
1723.7461382612064,28.72910230435344,注入驱油隔离液2,0.0,0.0,0.0,0.0,0.0,0.0,0.0,0.0,0.0,0.0,0.0,1.0,0.0
1725.1485641294191,28.75247606882365,注入驱油隔离液2,0.0,0.0,0.0,0.0,0.0,0.0,0.0,0.0,0.0,0.0,0.0,1.0,0.0
1726.5509899976319,28.775849833293865,注入驱油隔离液2,0.0,0.0,0.0,0.0,0.0,0.0,0.0,0.0,0.0,0.0,0.0,1.0,0.0
1727.9534158658446,28.799223597764076,注入驱油隔离液2,0.0,0.0,0.0,0.0,0.0,0.0,0.0,0.0,0.0,0.0,0.0,1.0,0.0
1729.3558417340573,28.822597362234287,注入驱油隔离液2,0.0,0.0,0.0,0.0,0.0,0.0,0.0,0.0,0.0,0.0,0.0,1.0,0.0
1730.75826760227,28.8459711267045,注入驱油隔离液2,0.0,0.0,0.0,0.0,0.0,0.0,0.0,0.0,0.0,0.0,0.0,1.0,0.0
1732.1606934704828,28.869344891174713,注入驱油隔离液2,0.0,0.0,0.0,0.0,0.0,0.0,0.0,0.0,0.0,0.0,0.0,1.0,0.0
1733.5631193386955,28.892718655644924,注入驱油隔离液2,0.0,0.0,0.0,0.0,0.0,0.0,0.0,0.0,0.0,0.0,0.0,1.0,0.0
1734.9655452069082,28.916092420115138,注入驱油隔离液2,0.0,0.0,0.0,0.0,0.0,0.0,0.0,0.0,0.0,0.0,0.0,1.0,0.0
1736.367971075121,28.93946618458535,注入驱油隔离液2,0.0,0.0,0.0,0.0,0.0,0.0,0.0,0.0,0.0,0.0,0.0,1.0,0.0
1737.7703969433337,28.96283994905556,注入驱油隔离液2,0.0,0.0,0.0,0.0,0.0,0.0,0.0,0.0,0.0,0.0,0.0,1.0,0.0
1739.1728228115464,28.986213713525775,注入驱油隔离液2,0.0,0.0,0.0,0.0,0.0,0.0,0.0,0.0,0.0,0.0,0.0,1.0,0.0
1740.5752486797592,29.009587477995986,注入驱油隔离液2,0.0,0.0,0.0,0.0,0.0,0.0,0.0,0.0,0.0,0.0,0.0,1.0,0.0
1741.977674547972,29.032961242466197,注入驱油隔离液2,0.0,0.0,0.0,0.0,0.0,0.0,0.0,0.0,0.0,0.0,0.0,1.0,0.0
1743.3801004161846,29.05633500693641,注入驱油隔离液2,0.0,0.0,0.0,0.0,0.0,0.0,0.0,0.0,0.0,0.0,0.0,1.0,0.0
1744.7825262843974,29.079708771406622,注入驱油隔离液2,0.0,0.0,0.0,0.0,0.0,0.0,0.0,0.0,0.0,0.0,0.0,1.0,0.0
1746.18495215261,29.103082535876833,注入驱油隔离液2,0.0,0.0,0.0,0.0,0.0,0.0,0.0,0.0,0.0,0.0,0.0,1.0,0.0
1747.5873780208228,29.126456300347048,注入驱油隔离液2,0.0,0.0,0.0,0.0,0.0,0.0,0.0,0.0,0.0,0.0,0.0,1.0,0.0
1748.9898038890356,29.14983006481726,注入驱油隔离液2,0.0,0.0,0.0,0.0,0.0,0.0,0.0,0.0,0.0,0.0,0.0,1.0,0.0
1750.3922297572483,29.17320382928747,注入驱油隔离液2,0.0,0.0,0.0,0.0,0.0,0.0,0.0,0.0,0.0,0.0,0.0,1.0,0.0
1751.794655625461,29.196577593757684,注入驱油隔离液2,0.0,0.0,0.0,0.0,0.0,0.0,0.0,0.0,0.0,0.0,0.0,1.0,0.0
1753.1970814936737,29.219951358227895,注入驱油隔离液2,0.0,0.0,0.0,0.0,0.0,0.0,0.0,0.0,0.0,0.0,0.0,1.0,0.0
1754.5995073618865,29.243325122698106,注入驱油隔离液2,0.0,0.0,0.0,0.0,0.0,0.0,0.0,0.0,0.0,0.0,0.0,1.0,0.0
1756.0019332300992,29.26669888716832,注入驱油隔离液2,0.0,0.0,0.0,0.0,0.0,0.0,0.0,0.0,0.0,0.0,0.0,1.0,0.0
1757.404359098312,29.290072651638532,注入驱油隔离液2,0.0,0.0,0.0,0.0,0.0,0.0,0.0,0.0,0.0,0.0,0.0,1.0,0.0
1758.8067849665247,29.313446416108743,注入驱油隔离液2,0.0,0.0,0.0,0.0,0.0,0.0,0.0,0.0,0.0,0.0,0.0,1.0,0.0
1760.2092108347374,29.336820180578957,注入驱油隔离液2,0.0,0.0,0.0,0.0,0.0,0.0,0.0,0.0,0.0,0.0,0.0,1.0,0.0
1761.6116367029501,29.36019394504917,注入驱油隔离液2,0.0,0.0,0.0,0.0,0.0,0.0,0.0,0.0,0.0,0.0,0.0,1.0,0.0
1763.0140625711629,29.38356770951938,注入驱油隔离液2,0.0,0.0,0.0,0.0,0.0,0.0,0.0,0.0,0.0,0.0,0.0,1.0,0.0
1764.4164884393756,29.406941473989594,注入驱油隔离液2,0.0,0.0,0.0,0.0,0.0,0.0,0.0,0.0,0.0,0.0,0.0,1.0,0.0
1765.8189143075883,29.430315238459805,注入驱油隔离液2,0.0,0.0,0.0,0.0,0.0,0.0,0.0,0.0,0.0,0.0,0.0,1.0,0.0
1767.221340175801,29.453689002930016,注入驱油隔离液2,0.0,0.0,0.0,0.0,0.0,0.0,0.0,0.0,0.0,0.0,0.0,1.0,0.0
1768.6237660440138,29.47706276740023,注入驱油隔离液2,0.0,0.0,0.0,0.0,0.0,0.0,0.0,0.0,0.0,0.0,0.0,1.0,0.0
1770.0261919122265,29.50043653187044,注入驱油隔离液2,0.0,0.0,0.0,0.0,0.0,0.0,0.0,0.0,0.0,0.0,0.0,1.0,0.0
1771.4286177804393,29.523810296340653,注入驱油隔离液2,0.0,0.0,0.0,0.0,0.0,0.0,0.0,0.0,0.0,0.0,0.0,1.0,0.0
1772.831043648652,29.547184060810867,注入驱油隔离液2,0.0,0.0,0.0,0.0,0.0,0.0,0.0,0.0,0.0,0.0,0.0,1.0,0.0
1774.2334695168647,29.570557825281078,注入驱油隔离液2,0.0,0.0,0.0,0.0,0.0,0.0,0.0,0.0,0.0,0.0,0.0,1.0,0.0
1775.6358953850774,29.59393158975129,注入驱油隔离液2,0.0,0.0,0.0,0.0,0.0,0.0,0.0,0.0,0.0,0.0,0.0,1.0,0.0
1777.0383212532902,29.617305354221504,注入驱油隔离液2,0.0,0.0,0.0,0.0,0.0,0.0,0.0,0.0,0.0,0.0,0.0,1.0,0.0
1778.440747121503,29.640679118691715,注入驱油隔离液2,0.0,0.0,0.0,0.0,0.0,0.0,0.0,0.0,0.0,0.0,0.0,1.0,0.0
1779.8431729897156,29.664052883161926,注入驱油隔离液2,0.0,0.0,0.0,0.0,0.0,0.0,0.0,0.0,0.0,0.0,0.0,1.0,0.0
1781.2455988579284,29.68742664763214,注入驱油隔离液2,0.0,0.0,0.0,0.0,0.0,0.0,0.0,0.0,0.0,0.0,0.0,1.0,0.0
1782.648024726141,29.71080041210235,注入驱油隔离液2,0.0,0.0,0.0,0.0,0.0,0.0,0.0,0.0,0.0,0.0,0.0,1.0,0.0
1784.0504505943538,29.734174176572562,注入驱油隔离液2,0.0,0.0,0.0,0.0,0.0,0.0,0.0,0.0,0.0,0.0,0.0,1.0,0.0
1785.4528764625666,29.757547941042777,注入驱油隔离液2,0.0,0.0,0.0,0.0,0.0,0.0,0.0,0.0,0.0,0.0,0.0,1.0,0.0
1786.8553023307793,29.780921705512988,注入驱油隔离液2,0.0,0.0,0.0,0.0,0.0,0.0,0.0,0.0,0.0,0.0,0.0,1.0,0.0
1788.257728198992,29.8042954699832,注入驱油隔离液2,0.0,0.0,0.0,0.0,0.0,0.0,0.0,0.0,0.0,0.0,0.0,1.0,0.0
1789.6601540672048,29.827669234453413,注入驱油隔离液2,0.0,0.0,0.0,0.0,0.0,0.0,0.0,0.0,0.0,0.0,0.0,1.0,0.0
1791.0625799354175,29.851042998923624,注入驱油隔离液2,0.0,0.0,0.0,0.0,0.0,0.0,0.0,0.0,0.0,0.0,0.0,1.0,0.0
1792.4650058036302,29.874416763393835,注入驱油隔离液2,0.0,0.0,0.0,0.0,0.0,0.0,0.0,0.0,0.0,0.0,0.0,1.0,0.0
1793.867431671843,29.89779052786405,注入驱油隔离液2,0.0,0.0,0.0,0.0,0.0,0.0,0.0,0.0,0.0,0.0,0.0,1.0,0.0
1795.2698575400557,29.92116429233426,注入驱油隔离液2,0.0,0.0,0.0,0.0,0.0,0.0,0.0,0.0,0.0,0.0,0.0,1.0,0.0
1796.6722834082684,29.944538056804472,注入驱油隔离液2,0.0,0.0,0.0,0.0,0.0,0.0,0.0,0.0,0.0,0.0,0.0,1.0,0.0
1798.0747092764811,29.967911821274686,注入驱油隔离液2,0.0,0.0,0.0,0.0,0.0,0.0,0.0,0.0,0.0,0.0,0.0,1.0,0.0
1799.4771351446939,29.991285585744897,注入驱油隔离液2,0.0,0.0,0.0,0.0,0.0,0.0,0.0,0.0,0.0,0.0,0.0,1.0,0.0
1800.8795610129066,30.01465935021511,注入驱油隔离液2,0.0,0.0,0.0,0.0,0.0,0.0,0.0,0.0,0.0,0.0,0.0,1.0,0.0
1802.2819868811193,30.038033114685323,注入驱油隔离液2,0.0,0.0,0.0,0.0,0.0,0.0,0.0,0.0,0.0,0.0,0.0,1.0,0.0
1803.684412749332,30.061406879155534,注入驱油隔离液2,0.0,0.0,0.0,0.0,0.0,0.0,0.0,0.0,0.0,0.0,0.0,1.0,0.0
1805.0868386175448,30.084780643625745,注入驱油隔离液2,0.0,0.0,0.0,0.0,0.0,0.0,0.0,0.0,0.0,0.0,0.0,1.0,0.0
1806.4892644857575,30.10815440809596,注入驱油隔离液2,0.0,0.0,0.0,0.0,0.0,0.0,0.0,0.0,0.0,0.0,0.0,1.0,0.0
1807.8916903539703,30.13152817256617,注入驱油隔离液2,0.0,0.0,0.0,0.0,0.0,0.0,0.0,0.0,0.0,0.0,0.0,1.0,0.0
1809.294116222183,30.15490193703638,注入驱油隔离液2,0.0,0.0,0.0,0.0,0.0,0.0,0.0,0.0,0.0,0.0,0.0,1.0,0.0
1810.6965420903957,30.178275701506596,注入驱油隔离液2,0.0,0.0,0.0,0.0,0.0,0.0,0.0,0.0,0.0,0.0,0.0,1.0,0.0
1812.0989679586085,30.201649465976807,注入驱油隔离液2,0.0,0.0,0.0,0.0,0.0,0.0,0.0,0.0,0.0,0.0,0.0,1.0,0.0
1813.5013938268212,30.225023230447018,注入驱油隔离液2,0.0,0.0,0.0,0.0,0.0,0.0,0.0,0.0,0.0,0.0,0.0,1.0,0.0
1814.903819695034,30.248396994917233,注入驱油隔离液2,0.0,0.0,0.0,0.0,0.0,0.0,0.0,0.0,0.0,0.0,0.0,1.0,0.0
1816.3062455632466,30.271770759387444,注入驱油隔离液2,0.0,0.0,0.0,0.0,0.0,0.0,0.0,0.0,0.0,0.0,0.0,1.0,0.0
1817.7086714314594,30.295144523857655,注入驱油隔离液2,0.0,0.0,0.0,0.0,0.0,0.0,0.0,0.0,0.0,0.0,0.0,1.0,0.0
1819.111097299672,30.31851828832787,注入驱油隔离液2,0.0,0.0,0.0,0.0,0.0,0.0,0.0,0.0,0.0,0.0,0.0,1.0,0.0
1820.5135231678848,30.34189205279808,注入驱油隔离液2,0.0,0.0,0.0,0.0,0.0,0.0,0.0,0.0,0.0,0.0,0.0,1.0,0.0
1821.9159490360976,30.36526581726829,注入驱油隔离液2,0.0,0.0,0.0,0.0,0.0,0.0,0.0,0.0,0.0,0.0,0.0,1.0,0.0
1823.3183749043103,30.388639581738506,注入驱油隔离液2,0.0,0.0,0.0,0.0,0.0,0.0,0.0,0.0,0.0,0.0,0.0,1.0,0.0
1824.720800772523,30.412013346208717,注入驱油隔离液2,0.0,0.0,0.0,0.0,0.0,0.0,0.0,0.0,0.0,0.0,0.0,1.0,0.0
1826.1232266407358,30.435387110678928,注入驱油隔离液2,0.0,0.0,0.0,0.0,0.0,0.0,0.0,0.0,0.0,0.0,0.0,1.0,0.0
1827.5256525089485,30.458760875149142,注入驱油隔离液2,0.0,0.0,0.0,0.0,0.0,0.0,0.0,0.0,0.0,0.0,0.0,1.0,0.0
1828.9280783771612,30.482134639619353,注入驱油隔离液2,0.0,0.0,0.0,0.0,0.0,0.0,0.0,0.0,0.0,0.0,0.0,1.0,0.0
1830.330504245374,30.505508404089564,注入驱油隔离液2,0.0,0.0,0.0,0.0,0.0,0.0,0.0,0.0,0.0,0.0,0.0,1.0,0.0
1831.7329301135867,30.52888216855978,注入驱油隔离液2,0.0,0.0,0.0,0.0,0.0,0.0,0.0,0.0,0.0,0.0,0.0,1.0,0.0
1833.1353559817994,30.55225593302999,注入驱油隔离液2,0.0,0.0,0.0,0.0,0.0,0.0,0.0,0.0,0.0,0.0,0.0,1.0,0.0
1834.5377818500122,30.5756296975002,注入驱油隔离液2,0.0,0.0,0.0,0.0,0.0,0.0,0.0,0.0,0.0,0.0,0.0,1.0,0.0
1835.9402077182249,30.599003461970415,注入驱油隔离液2,0.0,0.0,0.0,0.0,0.0,0.0,0.0,0.0,0.0,0.0,0.0,1.0,0.0
1837.3426335864376,30.622377226440626,注入驱油隔离液2,0.0,0.0,0.0,0.0,0.0,0.0,0.0,0.0,0.0,0.0,0.0,1.0,0.0
1838.7450594546503,30.645750990910837,注入驱油隔离液2,0.0,0.0,0.0,0.0,0.0,0.0,0.0,0.0,0.0,0.0,0.0,1.0,0.0
1840.147485322863,30.669124755381052,注入驱油隔离液2,0.0,0.0,0.0,0.0,0.0,0.0,0.0,0.0,0.0,0.0,0.0,1.0,0.0
1841.5499111910758,30.692498519851263,注入驱油隔离液2,0.0,0.0,0.0,0.0,0.0,0.0,0.0,0.0,0.0,0.0,0.0,1.0,0.0
1842.9523370592885,30.715872284321474,注入驱油隔离液2,0.0,0.0,0.0,0.0,0.0,0.0,0.0,0.0,0.0,0.0,0.0,1.0,0.0
1844.3547629275013,30.73924604879169,注入驱油隔离液2,0.0,0.0,0.0,0.0,0.0,0.0,0.0,0.0,0.0,0.0,0.0,1.0,0.0
1845.757188795714,30.7626198132619,注入驱油隔离液2,0.0,0.0,0.0,0.0,0.0,0.0,0.0,0.0,0.0,0.0,0.0,1.0,0.0
1847.1596146639267,30.78599357773211,注入驱油隔离液2,0.0,0.0,0.0,0.0,0.0,0.0,0.0,0.0,0.0,0.0,0.0,1.0,0.0
1848.5620405321395,30.809367342202325,注入驱油隔离液2,0.0,0.0,0.0,0.0,0.0,0.0,0.0,0.0,0.0,0.0,0.0,1.0,0.0
1849.9644664003522,30.832741106672536,注入驱油隔离液2,0.0,0.0,0.0,0.0,0.0,0.0,0.0,0.0,0.0,0.0,0.0,1.0,0.0
1851.366892268565,30.856114871142747,注入驱油隔离液2,0.0,0.0,0.0,0.0,0.0,0.0,0.0,0.0,0.0,0.0,0.0,1.0,0.0
1852.7693181367777,30.87948863561296,注入驱油隔离液2,0.0,0.0,0.0,0.0,0.0,0.0,0.0,0.0,0.0,0.0,0.0,1.0,0.0
1854.1717440049904,30.902862400083173,注入驱油隔离液2,0.0,0.0,0.0,0.0,0.0,0.0,0.0,0.0,0.0,0.0,0.0,1.0,0.0
1855.5741698732031,30.926236164553384,注入驱油隔离液2,0.0,0.0,0.0,0.0,0.0,0.0,0.0,0.0,0.0,0.0,0.0,1.0,0.0
1856.9765957414158,30.949609929023598,注入驱油隔离液2,0.0,0.0,0.0,0.0,0.0,0.0,0.0,0.0,0.0,0.0,0.0,1.0,0.0
1858.3790216096286,30.97298369349381,注入驱油隔离液2,0.0,0.0,0.0,0.0,0.0,0.0,0.0,0.0,0.0,0.0,0.0,1.0,0.0
1859.7814474778413,30.99635745796402,注入驱油隔离液2,0.0,0.0,0.0,0.0,0.0,0.0,0.0,0.0,0.0,0.0,0.0,1.0,0.0
1861.183873346054,31.019731222434235,注入驱油隔离液2,0.0,0.0,0.0,0.0,0.0,0.0,0.0,0.0,0.0,0.0,0.0,1.0,0.0
1862.5862992142668,31.043104986904446,注入驱油隔离液2,0.0,0.0,0.0,0.0,0.0,0.0,0.0,0.0,0.0,0.0,0.0,1.0,0.0
1863.9887250824795,31.066478751374657,注入驱油隔离液2,0.0,0.0,0.0,0.0,0.0,0.0,0.0,0.0,0.0,0.0,0.0,1.0,0.0
1865.3911509506922,31.08985251584487,注入驱油隔离液2,0.0,0.0,0.0,0.0,0.0,0.0,0.0,0.0,0.0,0.0,0.0,1.0,0.0
1866.793576818905,31.113226280315082,注入驱油隔离液2,0.0,0.0,0.0,0.0,0.0,0.0,0.0,0.0,0.0,0.0,0.0,1.0,0.0
1868.1960026871177,31.136600044785293,注入驱油隔离液2,0.0,0.0,0.0,0.0,0.0,0.0,0.0,0.0,0.0,0.0,0.0,1.0,0.0
1869.5984285553304,31.159973809255508,注入驱油隔离液2,0.0,0.0,0.0,0.0,0.0,0.0,0.0,0.0,0.0,0.0,0.0,1.0,0.0
1871.0008544235432,31.18334757372572,注入驱油隔离液2,0.0,0.0,0.0,0.0,0.0,0.0,0.0,0.0,0.0,0.0,0.0,1.0,0.0
1872.403280291756,31.20672133819593,注入驱油隔离液2,0.0,0.0,0.0,0.0,0.0,0.0,0.0,0.0,0.0,0.0,0.0,1.0,0.0
1873.8057061599686,31.230095102666144,注入驱油隔离液2,0.0,0.0,0.0,0.0,0.0,0.0,0.0,0.0,0.0,0.0,0.0,1.0,0.0
1875.2081320281814,31.253468867136355,注入驱油隔离液2,0.0,0.0,0.0,0.0,0.0,0.0,0.0,0.0,0.0,0.0,0.0,1.0,0.0
1876.610557896394,31.276842631606566,注入驱油隔离液2,0.0,0.0,0.0,0.0,0.0,0.0,0.0,0.0,0.0,0.0,0.0,1.0,0.0
1878.0129837646068,31.30021639607678,注入驱油隔离液2,0.0,0.0,0.0,0.0,0.0,0.0,0.0,0.0,0.0,0.0,0.0,1.0,0.0
1879.4154096328195,31.323590160546992,注入驱油隔离液2,0.0,0.0,0.0,0.0,0.0,0.0,0.0,0.0,0.0,0.0,0.0,1.0,0.0
1880.8178355010323,31.346963925017203,注入驱油隔离液2,0.0,0.0,0.0,0.0,0.0,0.0,0.0,0.0,0.0,0.0,0.0,1.0,0.0
1882.220261369245,31.370337689487418,注入驱油隔离液2,0.0,0.0,0.0,0.0,0.0,0.0,0.0,0.0,0.0,0.0,0.0,1.0,0.0
1883.6226872374577,31.39371145395763,注入驱油隔离液2,0.0,0.0,0.0,0.0,0.0,0.0,0.0,0.0,0.0,0.0,0.0,1.0,0.0
1885.0251131056705,31.41708521842784,注入驱油隔离液2,0.0,0.0,0.0,0.0,0.0,0.0,0.0,0.0,0.0,0.0,0.0,1.0,0.0
1886.4275389738832,31.440458982898054,注入驱油隔离液2,0.0,0.0,0.0,0.0,0.0,0.0,0.0,0.0,0.0,0.0,0.0,1.0,0.0
1887.829964842096,31.463832747368265,注入驱油隔离液2,0.0,0.0,0.0,0.0,0.0,0.0,0.0,0.0,0.0,0.0,0.0,1.0,0.0
1889.2323907103087,31.487206511838476,注入驱油隔离液2,0.0,0.0,0.0,0.0,0.0,0.0,0.0,0.0,0.0,0.0,0.0,1.0,0.0
1890.6348165785214,31.51058027630869,注入驱油隔离液2,0.0,0.0,0.0,0.0,0.0,0.0,0.0,0.0,0.0,0.0,0.0,1.0,0.0
1892.0372424467341,31.5339540407789,注入驱油隔离液2,0.0,0.0,0.0,0.0,0.0,0.0,0.0,0.0,0.0,0.0,0.0,1.0,0.0
1893.4396683149469,31.557327805249113,注入驱油隔离液2,0.0,0.0,0.0,0.0,0.0,0.0,0.0,0.0,0.0,0.0,0.0,1.0,0.0
1894.8420941831596,31.580701569719327,注入驱油隔离液2,0.0,0.0,0.0,0.0,0.0,0.0,0.0,0.0,0.0,0.0,0.0,1.0,0.0
1896.2445200513723,31.604075334189538,注入驱油隔离液2,0.0,0.0,0.0,0.0,0.0,0.0,0.0,0.0,0.0,0.0,0.0,1.0,0.0
1897.646945919585,31.62744909865975,注入驱油隔离液2,0.0,0.0,0.0,0.0,0.0,0.0,0.0,0.0,0.0,0.0,0.0,1.0,0.0
1899.0493717877978,31.650822863129964,注入驱油隔离液2,0.0,0.0,0.0,0.0,0.0,0.0,0.0,0.0,0.0,0.0,0.0,1.0,0.0
1900.4517976560105,31.674196627600175,注入驱油隔离液2,0.0,0.0,0.0,0.0,0.0,0.0,0.0,0.0,0.0,0.0,0.0,1.0,0.0
1901.8542235242232,31.697570392070386,注入驱油隔离液2,0.0,0.0,0.0,0.0,0.0,0.0,0.0,0.0,0.0,0.0,0.0,1.0,0.0
1903.256649392436,31.7209441565406,注入驱油隔离液2,0.0,0.0,0.0,0.0,0.0,0.0,0.0,0.0,0.0,0.0,0.0,1.0,0.0
1904.6590752606487,31.74431792101081,注入驱油隔离液2,0.0,0.0,0.0,0.0,0.0,0.0,0.0,0.0,0.0,0.0,0.0,1.0,0.0
1906.0615011288614,31.767691685481022,注入驱油隔离液2,0.0,0.0,0.0,0.0,0.0,0.0,0.0,0.0,0.0,0.0,0.0,1.0,0.0
1907.4639269970742,31.791065449951237,注入驱油隔离液2,0.0,0.0,0.0,0.0,0.0,0.0,0.0,0.0,0.0,0.0,0.0,1.0,0.0
1908.866352865287,31.814439214421448,注入驱油隔离液2,0.0,0.0,0.0,0.0,0.0,0.0,0.0,0.0,0.0,0.0,0.0,1.0,0.0
1910.2687787334996,31.83781297889166,注入驱油隔离液2,0.0,0.0,0.0,0.0,0.0,0.0,0.0,0.0,0.0,0.0,0.0,1.0,0.0
1911.6712046017124,31.861186743361873,注入驱油隔离液2,0.0,0.0,0.0,0.0,0.0,0.0,0.0,0.0,0.0,0.0,0.0,1.0,0.0
1913.073630469925,31.884560507832084,注入驱油隔离液2,0.0,0.0,0.0,0.0,0.0,0.0,0.0,0.0,0.0,0.0,0.0,1.0,0.0
1914.4760563381378,31.907934272302295,注入驱油隔离液2,0.0,0.0,0.0,0.0,0.0,0.0,0.0,0.0,0.0,0.0,0.0,1.0,0.0
1915.8784822063506,31.93130803677251,注入驱油隔离液2,0.0,0.0,0.0,0.0,0.0,0.0,0.0,0.0,0.0,0.0,0.0,1.0,0.0
1917.2809080745633,31.95468180124272,注入驱油隔离液2,0.0,0.0,0.0,0.0,0.0,0.0,0.0,0.0,0.0,0.0,0.0,1.0,0.0
1918.683333942776,31.978055565712932,注入驱油隔离液2,0.0,0.0,0.0,0.0,0.0,0.0,0.0,0.0,0.0,0.0,0.0,1.0,0.0
1920.0857598109887,32.00142933018314,注入驱油隔离液2,0.0,0.0,0.0,0.0,0.0,0.0,0.0,0.0,0.0,0.0,0.0,1.0,0.0
1921.4881856792015,32.02480309465336,注入驱油隔离液2,0.0,0.0,0.0,0.0,0.0,0.0,0.0,0.0,0.0,0.0,0.0,1.0,0.0
1922.8906115474142,32.04817685912357,注入驱油隔离液2,0.0,0.0,0.0,0.0,0.0,0.0,0.0,0.0,0.0,0.0,0.0,1.0,0.0
1924.293037415627,32.07155062359378,注入驱油隔离液2,0.0,0.0,0.0,0.0,0.0,0.0,0.0,0.0,0.0,0.0,0.0,1.0,0.0
1925.6954632838397,32.094924388063994,注入驱油隔离液2,0.0,0.0,0.0,0.0,0.0,0.0,0.0,0.0,0.0,0.0,0.0,1.0,0.0
1927.0978891520524,32.11829815253421,注入驱油隔离液2,0.0,0.0,0.0,0.0,0.0,0.0,0.0,0.0,0.0,0.0,0.0,1.0,0.0
1928.5003150202651,32.141671917004416,注入驱油隔离液2,0.0,0.0,0.0,0.0,0.0,0.0,0.0,0.0,0.0,0.0,0.0,1.0,0.0
1929.9027408884779,32.16504568147463,注入驱油隔离液2,0.0,0.0,0.0,0.0,0.0,0.0,0.0,0.0,0.0,0.0,0.0,1.0,0.0
1931.3051667566906,32.188419445944845,注入驱油隔离液2,0.0,0.0,0.0,0.0,0.0,0.0,0.0,0.0,0.0,0.0,0.0,1.0,0.0
1932.7075926249033,32.21179321041505,注入驱油隔离液2,0.0,0.0,0.0,0.0,0.0,0.0,0.0,0.0,0.0,0.0,0.0,1.0,0.0
1934.110018493116,32.23516697488527,注入驱油隔离液2,0.0,0.0,0.0,0.0,0.0,0.0,0.0,0.0,0.0,0.0,0.0,1.0,0.0
1935.5124443613288,32.25854073935548,注入驱油隔离液2,0.0,0.0,0.0,0.0,0.0,0.0,0.0,0.0,0.0,0.0,0.0,1.0,0.0
1936.9148702295415,32.28191450382569,注入驱油隔离液2,0.0,0.0,0.0,0.0,0.0,0.0,0.0,0.0,0.0,0.0,0.0,1.0,0.0
1938.3172960977543,32.305288268295904,注入驱油隔离液2,0.0,0.0,0.0,0.0,0.0,0.0,0.0,0.0,0.0,0.0,0.0,1.0,0.0
1939.719721965967,32.32866203276612,注入驱油隔离液2,0.0,0.0,0.0,0.0,0.0,0.0,0.0,0.0,0.0,0.0,0.0,1.0,0.0
1941.1221478341797,32.352035797236326,注入驱油隔离液2,0.0,0.0,0.0,0.0,0.0,0.0,0.0,0.0,0.0,0.0,0.0,1.0,0.0
1942.5245737023924,32.37540956170654,注入驱油隔离液2,0.0,0.0,0.0,0.0,0.0,0.0,0.0,0.0,0.0,0.0,0.0,1.0,0.0
1943.9269995706052,32.398783326176755,注入驱油隔离液2,0.0,0.0,0.0,0.0,0.0,0.0,0.0,0.0,0.0,0.0,0.0,1.0,0.0
1945.329425438818,32.42215709064696,注入驱油隔离液2,0.0,0.0,0.0,0.0,0.0,0.0,0.0,0.0,0.0,0.0,0.0,1.0,0.0
1946.7318513070306,32.44553085511718,注入驱油隔离液2,0.0,0.0,0.0,0.0,0.0,0.0,0.0,0.0,0.0,0.0,0.0,1.0,0.0
1948.1342771752434,32.46890461958739,注入驱油隔离液2,0.0,0.0,0.0,0.0,0.0,0.0,0.0,0.0,0.0,0.0,0.0,1.0,0.0
1949.536703043456,32.4922783840576,注入驱油隔离液2,0.0,0.0,0.0,0.0,0.0,0.0,0.0,0.0,0.0,0.0,0.0,1.0,0.0
1950.9391289116688,32.51565214852781,注入驱油隔离液2,0.0,0.0,0.0,0.0,0.0,0.0,0.0,0.0,0.0,0.0,0.0,1.0,0.0
1952.3415547798816,32.53902591299803,注入驱油隔离液2,0.0,0.0,0.0,0.0,0.0,0.0,0.0,0.0,0.0,0.0,0.0,1.0,0.0
1953.7439806480943,32.562399677468235,注入驱油隔离液2,0.0,0.0,0.0,0.0,0.0,0.0,0.0,0.0,0.0,0.0,0.0,1.0,0.0
1955.146406516307,32.58577344193845,注入驱油隔离液2,0.0,0.0,0.0,0.0,0.0,0.0,0.0,0.0,0.0,0.0,0.0,1.0,0.0
1956.5488323845198,32.609147206408664,注入驱油隔离液2,0.0,0.0,0.0,0.0,0.0,0.0,0.0,0.0,0.0,0.0,0.0,1.0,0.0
1957.9512582527325,32.63252097087887,注入驱油隔离液2,0.0,0.0,0.0,0.0,0.0,0.0,0.0,0.0,0.0,0.0,0.0,1.0,0.0
1959.3536841209452,32.65589473534909,注入驱油隔离液2,0.0,0.0,0.0,0.0,0.0,0.0,0.0,0.0,0.0,0.0,0.0,1.0,0.0
1960.756109989158,32.6792684998193,注入驱油隔离液2,0.0,0.0,0.0,0.0,0.0,0.0,0.0,0.0,0.0,0.0,0.0,1.0,0.0
1962.1585358573707,32.70264226428951,注入驱油隔离液2,0.0,0.0,0.0,0.0,0.0,0.0,0.0,0.0,0.0,0.0,0.0,1.0,0.0
1963.5609617255834,32.72601602875972,注入驱油隔离液2,0.0,0.0,0.0,0.0,0.0,0.0,0.0,0.0,0.0,0.0,0.0,1.0,0.0
1964.9633875937961,32.74938979322994,注入驱油隔离液2,0.0,0.0,0.0,0.0,0.0,0.0,0.0,0.0,0.0,0.0,0.0,1.0,0.0
1966.3658134620089,32.772763557700145,注入驱油隔离液2,0.0,0.0,0.0,0.0,0.0,0.0,0.0,0.0,0.0,0.0,0.0,1.0,0.0
1967.7682393302216,32.79613732217036,注入驱油隔离液2,0.0,0.0,0.0,0.0,0.0,0.0,0.0,0.0,0.0,0.0,0.0,1.0,0.0
1969.1706651984343,32.819511086640574,注入驱油隔离液2,0.0,0.0,0.0,0.0,0.0,0.0,0.0,0.0,0.0,0.0,0.0,1.0,0.0
1970.573091066647,32.84288485111078,注入驱油隔离液2,0.0,0.0,0.0,0.0,0.0,0.0,0.0,0.0,0.0,0.0,0.0,1.0,0.0
1971.9755169348598,32.866258615580996,注入驱油隔离液2,0.0,0.0,0.0,0.0,0.0,0.0,0.0,0.0,0.0,0.0,0.0,1.0,0.0
1973.3779428030725,32.88963238005121,注入驱油隔离液2,0.0,0.0,0.0,0.0,0.0,0.0,0.0,0.0,0.0,0.0,0.0,1.0,0.0
1974.7803686712853,32.91300614452142,注入驱油隔离液2,0.0,0.0,0.0,0.0,0.0,0.0,0.0,0.0,0.0,0.0,0.0,1.0,0.0
1976.182794539498,32.93637990899163,注入驱油隔离液2,0.0,0.0,0.0,0.0,0.0,0.0,0.0,0.0,0.0,0.0,0.0,1.0,0.0
1977.5852204077107,32.95975367346185,注入驱油隔离液2,0.0,0.0,0.0,0.0,0.0,0.0,0.0,0.0,0.0,0.0,0.0,1.0,0.0
1978.9876462759235,32.983127437932055,注入驱油隔离液2,0.0,0.0,0.0,0.0,0.0,0.0,0.0,0.0,0.0,0.0,0.0,1.0,0.0
1980.3900721441362,33.00650120240227,注入驱油隔离液2,0.0,0.0,0.0,0.0,0.0,0.0,0.0,0.0,0.0,0.0,0.0,1.0,0.0
1981.792498012349,33.029874966872484,注入驱油隔离液2,0.0,0.0,0.0,0.0,0.0,0.0,0.0,0.0,0.0,0.0,0.0,1.0,0.0
1983.1949238805616,33.05324873134269,注入驱油隔离液2,0.0,0.0,0.0,0.0,0.0,0.0,0.0,0.0,0.0,0.0,0.0,1.0,0.0
1984.5973497487744,33.076622495812906,注入驱油隔离液2,0.0,0.0,0.0,0.0,0.0,0.0,0.0,0.0,0.0,0.0,0.0,1.0,0.0
1985.999775616987,33.09999626028312,注入驱油隔离液2,0.0,0.0,0.0,0.0,0.0,0.0,0.0,0.0,0.0,0.0,0.0,1.0,0.0
1987.4022014851998,33.12337002475333,注入驱油隔离液2,0.0,0.0,0.0,0.0,0.0,0.0,0.0,0.0,0.0,0.0,0.0,1.0,0.0
1988.8046273534126,33.14674378922354,注入驱油隔离液2,0.0,0.0,0.0,0.0,0.0,0.0,0.0,0.0,0.0,0.0,0.0,1.0,0.0
1990.2070532216253,33.17011755369376,注入驱油隔离液2,0.0,0.0,0.0,0.0,0.0,0.0,0.0,0.0,0.0,0.0,0.0,1.0,0.0
1991.609479089838,33.193491318163964,注入驱油隔离液2,0.0,0.0,0.0,0.0,0.0,0.0,0.0,0.0,0.0,0.0,0.0,1.0,0.0
1993.0119049580508,33.21686508263418,注入驱油隔离液2,0.0,0.0,0.0,0.0,0.0,0.0,0.0,0.0,0.0,0.0,0.0,1.0,0.0
1994.4143308262635,33.24023884710439,注入驱油隔离液2,0.0,0.0,0.0,0.0,0.0,0.0,0.0,0.0,0.0,0.0,0.0,1.0,0.0
1995.8167566944762,33.2636126115746,注入驱油隔离液2,0.0,0.0,0.0,0.0,0.0,0.0,0.0,0.0,0.0,0.0,0.0,1.0,0.0
1997.219182562689,33.286986376044815,注入驱油隔离液2,0.0,0.0,0.0,0.0,0.0,0.0,0.0,0.0,0.0,0.0,0.0,1.0,0.0
1998.6216084309017,33.31036014051503,注入驱油隔离液2,0.0,0.0,0.0,0.0,0.0,0.0,0.0,0.0,0.0,0.0,0.0,1.0,0.0
2000.0240342991144,33.33373390498524,注入驱油隔离液2,0.0,0.0,0.0,0.0,0.0,0.0,0.0,0.0,0.0,0.0,0.0,1.0,0.0
2001.4264601673271,33.35710766945545,注入驱油隔离液2,0.0,0.0,0.0,0.0,0.0,0.0,0.0,0.0,0.0,0.0,0.0,1.0,0.0
2002.8288860355399,33.38048143392567,注入驱油隔离液2,0.0,0.0,0.0,0.0,0.0,0.0,0.0,0.0,0.0,0.0,0.0,1.0,0.0
2004.2313119037526,33.403855198395874,注入驱油隔离液2,0.0,0.0,0.0,0.0,0.0,0.0,0.0,0.0,0.0,0.0,0.0,1.0,0.0
2005.6337377719653,33.42722896286609,注入驱油隔离液2,0.0,0.0,0.0,0.0,0.0,0.0,0.0,0.0,0.0,0.0,0.0,1.0,0.0
2007.036163640178,33.4506027273363,注入驱油隔离液2,0.0,0.0,0.0,0.0,0.0,0.0,0.0,0.0,0.0,0.0,0.0,1.0,0.0
2008.4385895083908,33.47397649180651,注入驱油隔离液2,0.0,0.0,0.0,0.0,0.0,0.0,0.0,0.0,0.0,0.0,0.0,1.0,0.0
2009.8410153766035,33.497350256276725,注入驱油隔离液2,0.0,0.0,0.0,0.0,0.0,0.0,0.0,0.0,0.0,0.0,0.0,1.0,0.0
2011.2434412448163,33.52072402074694,注入驱油隔离液2,0.0,0.0,0.0,0.0,0.0,0.0,0.0,0.0,0.0,0.0,0.0,1.0,0.0
2012.645867113029,33.54409778521715,注入驱油隔离液2,0.0,0.0,0.0,0.0,0.0,0.0,0.0,0.0,0.0,0.0,0.0,1.0,0.0
2014.0482929812417,33.56747154968736,注入驱油隔离液2,0.0,0.0,0.0,0.0,0.0,0.0,0.0,0.0,0.0,0.0,0.0,1.0,0.0
2015.4507188494545,33.590845314157576,注入驱油隔离液2,0.0,0.0,0.0,0.0,0.0,0.0,0.0,0.0,0.0,0.0,0.0,1.0,0.0
2016.8531447176672,33.614219078627784,注入驱油隔离液2,0.0,0.0,0.0,0.0,0.0,0.0,0.0,0.0,0.0,0.0,0.0,1.0,0.0
2018.25557058588,33.637592843098,注入驱油隔离液2,0.0,0.0,0.0,0.0,0.0,0.0,0.0,0.0,0.0,0.0,0.0,1.0,0.0
2019.6579964540927,33.66096660756821,注入驱油隔离液2,0.0,0.0,0.0,0.0,0.0,0.0,0.0,0.0,0.0,0.0,0.0,1.0,0.0
2021.0604223223054,33.68434037203842,注入驱油隔离液2,0.0,0.0,0.0,0.0,0.0,0.0,0.0,0.0,0.0,0.0,0.0,1.0,0.0
2022.4628481905181,33.707714136508635,注入驱油隔离液2,0.0,0.0,0.0,0.0,0.0,0.0,0.0,0.0,0.0,0.0,0.0,1.0,0.0
2023.8652740587308,33.73108790097885,注入驱油隔离液2,0.0,0.0,0.0,0.0,0.0,0.0,0.0,0.0,0.0,0.0,0.0,1.0,0.0
2025.2676999269436,33.75446166544906,注入驱油隔离液2,0.0,0.0,0.0,0.0,0.0,0.0,0.0,0.0,0.0,0.0,0.0,1.0,0.0
2026.6701257951563,33.77783542991927,注入驱油隔离液2,0.0,0.0,0.0,0.0,0.0,0.0,0.0,0.0,0.0,0.0,0.0,1.0,0.0
2028.072551663369,33.801209194389486,注入驱油隔离液2,0.0,0.0,0.0,0.0,0.0,0.0,0.0,0.0,0.0,0.0,0.0,1.0,0.0
2029.4749775315818,33.82458295885969,注入驱油隔离液2,0.0,0.0,0.0,0.0,0.0,0.0,0.0,0.0,0.0,0.0,0.0,1.0,0.0
2030.8774033997945,33.84795672332991,注入驱油隔离液2,0.0,0.0,0.0,0.0,0.0,0.0,0.0,0.0,0.0,0.0,0.0,1.0,0.0
2032.2798292680072,33.87133048780012,注入驱油隔离液2,0.0,0.0,0.0,0.0,0.0,0.0,0.0,0.0,0.0,0.0,0.0,1.0,0.0
2033.68225513622,33.89470425227033,注入驱油隔离液2,0.0,0.0,0.0,0.0,0.0,0.0,0.0,0.0,0.0,0.0,0.0,1.0,0.0
2035.0846810044327,33.918078016740544,注入驱油隔离液2,0.0,0.0,0.0,0.0,0.0,0.0,0.0,0.0,0.0,0.0,0.0,1.0,0.0
2036.4871068726454,33.94145178121076,注入驱油隔离液2,0.0,0.0,0.0,0.0,0.0,0.0,0.0,0.0,0.0,0.0,0.0,1.0,0.0
2037.8895327408582,33.96482554568097,注入驱油隔离液2,0.0,0.0,0.0,0.0,0.0,0.0,0.0,0.0,0.0,0.0,0.0,1.0,0.0
2039.291958609071,33.98819931015118,注入驱油隔离液2,0.0,0.0,0.0,0.0,0.0,0.0,0.0,0.0,0.0,0.0,0.0,1.0,0.0
2040.6943844772836,34.011573074621396,注入驱油隔离液2,0.0,0.0,0.0,0.0,0.0,0.0,0.0,0.0,0.0,0.0,0.0,1.0,0.0
2042.0968103454964,34.0349468390916,注入驱油隔离液2,0.0,0.0,0.0,0.0,0.0,0.0,0.0,0.0,0.0,0.0,0.0,1.0,0.0
2043.499236213709,34.05832060356182,注入驱油隔离液2,0.0,0.0,0.0,0.0,0.0,0.0,0.0,0.0,0.0,0.0,0.0,1.0,0.0
2044.9016620819218,34.08169436803203,注入驱油隔离液2,0.0,0.0,0.0,0.0,0.0,0.0,0.0,0.0,0.0,0.0,0.0,1.0,0.0
2046.3040879501345,34.10506813250224,注入驱油隔离液2,0.0,0.0,0.0,0.0,0.0,0.0,0.0,0.0,0.0,0.0,0.0,1.0,0.0
2047.7065138183473,34.128441896972454,注入驱油隔离液2,0.0,0.0,0.0,0.0,0.0,0.0,0.0,0.0,0.0,0.0,0.0,1.0,0.0
2049.10893968656,34.15181566144267,注入驱油隔离液2,0.0,0.0,0.0,0.0,0.0,0.0,0.0,0.0,0.0,0.0,0.0,1.0,0.0
2050.5113655547725,34.175189425912876,注入驱油隔离液2,0.0,0.0,0.0,0.0,0.0,0.0,0.0,0.0,0.0,0.0,0.0,1.0,0.0
2051.913791422985,34.198563190383084,注入驱油隔离液2,0.0,0.0,0.0,0.0,0.0,0.0,0.0,0.0,0.0,0.0,0.0,1.0,0.0
2053.3162172911975,34.22193695485329,注入驱油隔离液2,0.0,0.0,0.0,0.0,0.0,0.0,0.0,0.0,0.0,0.0,0.0,1.0,0.0
2054.71864315941,34.2453107193235,注入驱油隔离液2,0.0,0.0,0.0,0.0,0.0,0.0,0.0,0.0,0.0,0.0,0.0,1.0,0.0
2056.1210690276225,34.268684483793706,注入驱油隔离液2,0.0,0.0,0.0,0.0,0.0,0.0,0.0,0.0,0.0,0.0,0.0,1.0,0.0
2057.523494895835,34.29205824826392,注入驱油隔离液2,0.0,0.0,0.0,0.0,0.0,0.0,0.0,0.0,0.0,0.0,0.0,1.0,0.0
2058.9259207640475,34.31543201273413,注入驱油隔离液2,0.0,0.0,0.0,0.0,0.0,0.0,0.0,0.0,0.0,0.0,0.0,1.0,0.0
2060.32834663226,34.338805777204335,注入驱油隔离液2,0.0,0.0,0.0,0.0,0.0,0.0,0.0,0.0,0.0,0.0,0.0,1.0,0.0
2061.7307725004725,34.36217954167454,注入驱油隔离液2,0.0,0.0,0.0,0.0,0.0,0.0,0.0,0.0,0.0,0.0,0.0,1.0,0.0
2063.133198368685,34.38555330614475,注入驱油隔离液2,0.0,0.0,0.0,0.0,0.0,0.0,0.0,0.0,0.0,0.0,0.0,1.0,0.0
2064.5356242368975,34.40892707061496,注入驱油隔离液2,0.0,0.0,0.0,0.0,0.0,0.0,0.0,0.0,0.0,0.0,0.0,1.0,0.0
2065.93805010511,34.432300835085165,注入驱油隔离液2,0.0,0.0,0.0,0.0,0.0,0.0,0.0,0.0,0.0,0.0,0.0,1.0,0.0
2067.3404759733226,34.45567459955537,注入驱油隔离液2,0.0,0.0,0.0,0.0,0.0,0.0,0.0,0.0,0.0,0.0,0.0,1.0,0.0
2068.742901841535,34.47904836402559,注入驱油隔离液2,0.0,0.0,0.0,0.0,0.0,0.0,0.0,0.0,0.0,0.0,0.0,1.0,0.0
2070.1453277097476,34.502422128495795,注入驱油隔离液2,0.0,0.0,0.0,0.0,0.0,0.0,0.0,0.0,0.0,0.0,0.0,1.0,0.0
2071.54775357796,34.525795892966,注入驱油隔离液2,0.0,0.0,0.0,0.0,0.0,0.0,0.0,0.0,0.0,0.0,0.0,1.0,0.0
2072.9501794461726,34.54916965743621,注入驱油隔离液2,0.0,0.0,0.0,0.0,0.0,0.0,0.0,0.0,0.0,0.0,0.0,1.0,0.0
2074.352605314385,34.57254342190642,注入驱油隔离液2,0.0,0.0,0.0,0.0,0.0,0.0,0.0,0.0,0.0,0.0,0.0,1.0,0.0
2075.7550311825976,34.595917186376624,注入驱油隔离液2,0.0,0.0,0.0,0.0,0.0,0.0,0.0,0.0,0.0,0.0,0.0,1.0,0.0
2077.15745705081,34.61929095084683,注入驱油隔离液2,0.0,0.0,0.0,0.0,0.0,0.0,0.0,0.0,0.0,0.0,0.0,1.0,0.0
2078.5598829190226,34.642664715317046,注入驱油隔离液2,0.0,0.0,0.0,0.0,0.0,0.0,0.0,0.0,0.0,0.0,0.0,1.0,0.0
2079.962308787235,34.666038479787254,注入驱油隔离液2,0.0,0.0,0.0,0.0,0.0,0.0,0.0,0.0,0.0,0.0,0.0,1.0,0.0
2081.3647346554476,34.68941224425746,注入驱油隔离液2,0.0,0.0,0.0,0.0,0.0,0.0,0.0,0.0,0.0,0.0,0.0,1.0,0.0
2082.76716052366,34.71278600872767,注入驱油隔离液2,0.0,0.0,0.0,0.0,0.0,0.0,0.0,0.0,0.0,0.0,0.0,1.0,0.0
2084.1695863918726,34.736159773197876,注入驱油隔离液2,0.0,0.0,0.0,0.0,0.0,0.0,0.0,0.0,0.0,0.0,0.0,1.0,0.0
2085.572012260085,34.759533537668084,注入驱油隔离液2,0.0,0.0,0.0,0.0,0.0,0.0,0.0,0.0,0.0,0.0,0.0,1.0,0.0
2086.9744381282976,34.78290730213829,注入驱油隔离液2,0.0,0.0,0.0,0.0,0.0,0.0,0.0,0.0,0.0,0.0,0.0,1.0,0.0
2088.37686399651,34.8062810666085,注入驱油隔离液2,0.0,0.0,0.0,0.0,0.0,0.0,0.0,0.0,0.0,0.0,0.0,1.0,0.0
2089.7792898647226,34.82965483107871,注入驱油隔离液2,0.0,0.0,0.0,0.0,0.0,0.0,0.0,0.0,0.0,0.0,0.0,1.0,0.0
2091.181715732935,34.85302859554892,注入驱油隔离液2,0.0,0.0,0.0,0.0,0.0,0.0,0.0,0.0,0.0,0.0,0.0,1.0,0.0
2092.5841416011476,34.87640236001913,注入驱油隔离液2,0.0,0.0,0.0,0.0,0.0,0.0,0.0,0.0,0.0,0.0,0.0,1.0,0.0
2093.98656746936,34.899776124489335,注入驱油隔离液2,0.0,0.0,0.0,0.0,0.0,0.0,0.0,0.0,0.0,0.0,0.0,1.0,0.0
2095.3889933375726,34.92314988895954,注入驱油隔离液2,0.0,0.0,0.0,0.0,0.0,0.0,0.0,0.0,0.0,0.0,0.0,1.0,0.0
2096.791419205785,34.94652365342975,注入驱油隔离液2,0.0,0.0,0.0,0.0,0.0,0.0,0.0,0.0,0.0,0.0,0.0,1.0,0.0
2098.1938450739976,34.96989741789996,注入驱油隔离液2,0.0,0.0,0.0,0.0,0.0,0.0,0.0,0.0,0.0,0.0,0.0,1.0,0.0
2099.59627094221,34.99327118237017,注入驱油隔离液2,0.0,0.0,0.0,0.0,0.0,0.0,0.0,0.0,0.0,0.0,0.0,1.0,0.0
2100.9986968104226,35.01664494684038,注入驱油隔离液2,0.0,0.0,0.0,0.0,0.0,0.0,0.0,0.0,0.0,0.0,0.0,1.0,0.0
2102.401122678635,35.04001871131059,注入驱油隔离液2,0.0,0.0,0.0,0.0,0.0,0.0,0.0,0.0,0.0,0.0,0.0,1.0,0.0
2103.8035485468477,35.063392475780795,注入驱油隔离液2,0.0,0.0,0.0,0.0,0.0,0.0,0.0,0.0,0.0,0.0,0.0,1.0,0.0
2105.20597441506,35.086766240251,注入驱油隔离液2,0.0,0.0,0.0,0.0,0.0,0.0,0.0,0.0,0.0,0.0,0.0,1.0,0.0
2106.6084002832727,35.11014000472121,注入驱油隔离液2,0.0,0.0,0.0,0.0,0.0,0.0,0.0,0.0,0.0,0.0,0.0,1.0,0.0
2108.010826151485,35.13351376919142,注入驱油隔离液2,0.0,0.0,0.0,0.0,0.0,0.0,0.0,0.0,0.0,0.0,0.0,1.0,0.0
2109.4132520196977,35.156887533661624,注入驱油隔离液2,0.0,0.0,0.0,0.0,0.0,0.0,0.0,0.0,0.0,0.0,0.0,1.0,0.0
2110.81567788791,35.18026129813184,注入驱油隔离液2,0.0,0.0,0.0,0.0,0.0,0.0,0.0,0.0,0.0,0.0,0.0,1.0,0.0
2112.2181037561227,35.203635062602046,注入驱油隔离液2,0.0,0.0,0.0,0.0,0.0,0.0,0.0,0.0,0.0,0.0,0.0,1.0,0.0
2113.620529624335,35.227008827072254,注入驱油隔离液2,0.0,0.0,0.0,0.0,0.0,0.0,0.0,0.0,0.0,0.0,0.0,1.0,0.0
2115.0229554925477,35.25038259154246,注入驱油隔离液2,0.0,0.0,0.0,0.0,0.0,0.0,0.0,0.0,0.0,0.0,0.0,1.0,0.0
2116.42538136076,35.27375635601267,注入驱油隔离液2,0.0,0.0,0.0,0.0,0.0,0.0,0.0,0.0,0.0,0.0,0.0,1.0,0.0
2117.8278072289727,35.297130120482876,注入驱油隔离液2,0.0,0.0,0.0,0.0,0.0,0.0,0.0,0.0,0.0,0.0,0.0,1.0,0.0
2119.230233097185,35.320503884953084,注入驱油隔离液2,0.0,0.0,0.0,0.0,0.0,0.0,0.0,0.0,0.0,0.0,0.0,1.0,0.0
2120.6326589653977,35.3438776494233,注入驱油隔离液2,0.0,0.0,0.0,0.0,0.0,0.0,0.0,0.0,0.0,0.0,0.0,1.0,0.0
2122.03508483361,35.367251413893506,注入驱油隔离液2,0.0,0.0,0.0,0.0,0.0,0.0,0.0,0.0,0.0,0.0,0.0,1.0,0.0
2123.4375107018227,35.39062517836371,注入驱油隔离液2,0.0,0.0,0.0,0.0,0.0,0.0,0.0,0.0,0.0,0.0,0.0,1.0,0.0
2124.839936570035,35.41399894283392,注入驱油隔离液2,0.0,0.0,0.0,0.0,0.0,0.0,0.0,0.0,0.0,0.0,0.0,1.0,0.0
2126.2423624382477,35.43737270730413,注入驱油隔离液2,0.0,0.0,0.0,0.0,0.0,0.0,0.0,0.0,0.0,0.0,0.0,1.0,0.0
2127.64478830646,35.460746471774335,注入驱油隔离液2,0.0,0.0,0.0,0.0,0.0,0.0,0.0,0.0,0.0,0.0,0.0,1.0,0.0
2129.0472141746727,35.48412023624454,注入驱油隔离液2,0.0,0.0,0.0,0.0,0.0,0.0,0.0,0.0,0.0,0.0,0.0,1.0,0.0
2130.449640042885,35.50749400071475,注入驱油隔离液2,0.0,0.0,0.0,0.0,0.0,0.0,0.0,0.0,0.0,0.0,0.0,1.0,0.0
2131.8520659110977,35.530867765184965,注入驱油隔离液2,0.0,0.0,0.0,0.0,0.0,0.0,0.0,0.0,0.0,0.0,0.0,1.0,0.0
2133.2544917793102,35.55424152965517,注入驱油隔离液2,0.0,0.0,0.0,0.0,0.0,0.0,0.0,0.0,0.0,0.0,0.0,1.0,0.0
2134.6569176475227,35.57761529412538,注入驱油隔离液2,0.0,0.0,0.0,0.0,0.0,0.0,0.0,0.0,0.0,0.0,0.0,1.0,0.0
2136.0593435157352,35.60098905859559,注入驱油隔离液2,0.0,0.0,0.0,0.0,0.0,0.0,0.0,0.0,0.0,0.0,0.0,1.0,0.0
2137.4617693839477,35.624362823065795,注入驱油隔离液2,0.0,0.0,0.0,0.0,0.0,0.0,0.0,0.0,0.0,0.0,0.0,1.0,0.0
2138.8641952521602,35.647736587536,注入驱油隔离液2,0.0,0.0,0.0,0.0,0.0,0.0,0.0,0.0,0.0,0.0,0.0,1.0,0.0
2140.2666211203727,35.67111035200621,注入驱油隔离液2,0.0,0.0,0.0,0.0,0.0,0.0,0.0,0.0,0.0,0.0,0.0,1.0,0.0
2141.6690469885853,35.694484116476424,注入驱油隔离液2,0.0,0.0,0.0,0.0,0.0,0.0,0.0,0.0,0.0,0.0,0.0,1.0,0.0
2143.0714728567978,35.71785788094663,注入驱油隔离液2,0.0,0.0,0.0,0.0,0.0,0.0,0.0,0.0,0.0,0.0,0.0,1.0,0.0
2144.4738987250103,35.74123164541684,注入驱油隔离液2,0.0,0.0,0.0,0.0,0.0,0.0,0.0,0.0,0.0,0.0,0.0,1.0,0.0
2145.8763245932228,35.76460540988705,注入驱油隔离液2,0.0,0.0,0.0,0.0,0.0,0.0,0.0,0.0,0.0,0.0,0.0,1.0,0.0
2147.2787504614353,35.787979174357254,注入驱油隔离液2,0.0,0.0,0.0,0.0,0.0,0.0,0.0,0.0,0.0,0.0,0.0,1.0,0.0
2148.6811763296478,35.81135293882746,注入驱油隔离液2,0.0,0.0,0.0,0.0,0.0,0.0,0.0,0.0,0.0,0.0,0.0,1.0,0.0
2150.0836021978603,35.83472670329767,注入驱油隔离液2,0.0,0.0,0.0,0.0,0.0,0.0,0.0,0.0,0.0,0.0,0.0,1.0,0.0
2151.486028066073,35.858100467767876,注入驱油隔离液2,0.0,0.0,0.0,0.0,0.0,0.0,0.0,0.0,0.0,0.0,0.0,1.0,0.0
2152.8884539342853,35.88147423223809,注入驱油隔离液2,0.0,0.0,0.0,0.0,0.0,0.0,0.0,0.0,0.0,0.0,0.0,1.0,0.0
2154.290879802498,35.9048479967083,注入驱油隔离液2,0.0,0.0,0.0,0.0,0.0,0.0,0.0,0.0,0.0,0.0,0.0,1.0,0.0
2155.6933056707103,35.928221761178506,注入驱油隔离液2,0.0,0.0,0.0,0.0,0.0,0.0,0.0,0.0,0.0,0.0,0.0,1.0,0.0
2157.095731538923,35.95159552564871,注入驱油隔离液2,0.0,0.0,0.0,0.0,0.0,0.0,0.0,0.0,0.0,0.0,0.0,1.0,0.0
2158.4981574071353,35.97496929011892,注入驱油隔离液2,0.0,0.0,0.0,0.0,0.0,0.0,0.0,0.0,0.0,0.0,0.0,1.0,0.0
2159.900583275348,35.99834305458913,注入驱油隔离液2,0.0,0.0,0.0,0.0,0.0,0.0,0.0,0.0,0.0,0.0,0.0,1.0,0.0
2161.3030091435603,36.021716819059336,注入驱油隔离液2,0.0,0.0,0.0,0.0,0.0,0.0,0.0,0.0,0.0,0.0,0.0,1.0,0.0
2162.705435011773,36.04509058352955,注入驱油隔离液2,0.0,0.0,0.0,0.0,0.0,0.0,0.0,0.0,0.0,0.0,0.0,1.0,0.0
2164.1078608799853,36.06846434799976,注入驱油隔离液2,0.0,0.0,0.0,0.0,0.0,0.0,0.0,0.0,0.0,0.0,0.0,1.0,0.0
2165.510286748198,36.091838112469965,注入驱油隔离液2,0.0,0.0,0.0,0.0,0.0,0.0,0.0,0.0,0.0,0.0,0.0,1.0,0.0
2166.9127126164103,36.11521187694017,注入驱油隔离液2,0.0,0.0,0.0,0.0,0.0,0.0,0.0,0.0,0.0,0.0,0.0,1.0,0.0
2168.315138484623,36.13858564141038,注入驱油隔离液2,0.0,0.0,0.0,0.0,0.0,0.0,0.0,0.0,0.0,0.0,0.0,1.0,0.0
2169.7175643528353,36.16195940588059,注入驱油隔离液2,0.0,0.0,0.0,0.0,0.0,0.0,0.0,0.0,0.0,0.0,0.0,1.0,0.0
2171.119990221048,36.185333170350795,注入驱油隔离液2,0.0,0.0,0.0,0.0,0.0,0.0,0.0,0.0,0.0,0.0,0.0,1.0,0.0
2172.5224160892603,36.208706934821,注入驱油隔离液2,0.0,0.0,0.0,0.0,0.0,0.0,0.0,0.0,0.0,0.0,0.0,1.0,0.0
2173.924841957473,36.23208069929122,注入驱油隔离液2,0.0,0.0,0.0,0.0,0.0,0.0,0.0,0.0,0.0,0.0,0.0,1.0,0.0
2175.3272678256853,36.255454463761424,注入驱油隔离液2,0.0,0.0,0.0,0.0,0.0,0.0,0.0,0.0,0.0,0.0,0.0,1.0,0.0
2176.729693693898,36.27882822823163,注入驱油隔离液2,0.0,0.0,0.0,0.0,0.0,0.0,0.0,0.0,0.0,0.0,0.0,1.0,0.0
2178.1321195621103,36.30220199270184,注入驱油隔离液2,0.0,0.0,0.0,0.0,0.0,0.0,0.0,0.0,0.0,0.0,0.0,1.0,0.0
2179.534545430323,36.32557575717205,注入驱油隔离液2,0.0,0.0,0.0,0.0,0.0,0.0,0.0,0.0,0.0,0.0,0.0,1.0,0.0
2180.9369712985354,36.348949521642254,注入驱油隔离液2,0.0,0.0,0.0,0.0,0.0,0.0,0.0,0.0,0.0,0.0,0.0,1.0,0.0
2182.339397166748,36.37232328611246,注入驱油隔离液2,0.0,0.0,0.0,0.0,0.0,0.0,0.0,0.0,0.0,0.0,0.0,1.0,0.0
2183.7418230349604,36.395697050582676,注入驱油隔离液2,0.0,0.0,0.0,0.0,0.0,0.0,0.0,0.0,0.0,0.0,0.0,1.0,0.0
2185.144248903173,36.41907081505288,注入驱油隔离液2,0.0,0.0,0.0,0.0,0.0,0.0,0.0,0.0,0.0,0.0,0.0,1.0,0.0
2186.5466747713854,36.44244457952309,注入驱油隔离液2,0.0,0.0,0.0,0.0,0.0,0.0,0.0,0.0,0.0,0.0,0.0,1.0,0.0
2187.949100639598,36.4658183439933,注入驱油隔离液2,0.0,0.0,0.0,0.0,0.0,0.0,0.0,0.0,0.0,0.0,0.0,1.0,0.0
2189.3515265078104,36.489192108463506,注入驱油隔离液2,0.0,0.0,0.0,0.0,0.0,0.0,0.0,0.0,0.0,0.0,0.0,1.0,0.0
2190.753952376023,36.51256587293371,注入驱油隔离液2,0.0,0.0,0.0,0.0,0.0,0.0,0.0,0.0,0.0,0.0,0.0,1.0,0.0
2192.1563782442354,36.53593963740392,注入驱油隔离液2,0.0,0.0,0.0,0.0,0.0,0.0,0.0,0.0,0.0,0.0,0.0,1.0,0.0
2193.558804112448,36.55931340187413,注入驱油隔离液2,0.0,0.0,0.0,0.0,0.0,0.0,0.0,0.0,0.0,0.0,0.0,1.0,0.0
2194.9612299806604,36.58268716634434,注入驱油隔离液2,0.0,0.0,0.0,0.0,0.0,0.0,0.0,0.0,0.0,0.0,0.0,1.0,0.0
2196.363655848873,36.60606093081455,注入驱油隔离液2,0.0,0.0,0.0,0.0,0.0,0.0,0.0,0.0,0.0,0.0,0.0,1.0,0.0
2197.7660817170854,36.62943469528476,注入驱油隔离液2,0.0,0.0,0.0,0.0,0.0,0.0,0.0,0.0,0.0,0.0,0.0,1.0,0.0
2199.168507585298,36.652808459754965,注入驱油隔离液2,0.0,0.0,0.0,0.0,0.0,0.0,0.0,0.0,0.0,0.0,0.0,1.0,0.0
2200.5709334535104,36.67618222422517,注入驱油隔离液2,0.0,0.0,0.0,0.0,0.0,0.0,0.0,0.0,0.0,0.0,0.0,1.0,0.0
2201.973359321723,36.69955598869538,注入驱油隔离液2,0.0,0.0,0.0,0.0,0.0,0.0,0.0,0.0,0.0,0.0,0.0,1.0,0.0
2203.3757851899354,36.72292975316559,注入驱油隔离液2,0.0,0.0,0.0,0.0,0.0,0.0,0.0,0.0,0.0,0.0,0.0,1.0,0.0
2204.778211058148,36.7463035176358,注入驱油隔离液2,0.0,0.0,0.0,0.0,0.0,0.0,0.0,0.0,0.0,0.0,0.0,1.0,0.0
2206.1806369263604,36.76967728210601,注入驱油隔离液2,0.0,0.0,0.0,0.0,0.0,0.0,0.0,0.0,0.0,0.0,0.0,1.0,0.0
2207.583062794573,36.79305104657622,注入驱油隔离液2,0.0,0.0,0.0,0.0,0.0,0.0,0.0,0.0,0.0,0.0,0.0,1.0,0.0
2208.9854886627854,36.816424811046424,注入驱油隔离液2,0.0,0.0,0.0,0.0,0.0,0.0,0.0,0.0,0.0,0.0,0.0,1.0,0.0
2210.387914530998,36.83979857551663,注入驱油隔离液2,0.0,0.0,0.0,0.0,0.0,0.0,0.0,0.0,0.0,0.0,0.0,1.0,0.0
2211.7903403992104,36.86317233998684,注入驱油隔离液2,0.0,0.0,0.0,0.0,0.0,0.0,0.0,0.0,0.0,0.0,0.0,1.0,0.0
2213.192766267423,36.88654610445705,注入驱油隔离液2,0.0,0.0,0.0,0.0,0.0,0.0,0.0,0.0,0.0,0.0,0.0,1.0,0.0
2214.5951921356354,36.909919868927254,注入驱油隔离液2,0.0,0.0,0.0,0.0,0.0,0.0,0.0,0.0,0.0,0.0,0.0,1.0,0.0
2215.997618003848,36.93329363339747,注入驱油隔离液2,0.0,0.0,0.0,0.0,0.0,0.0,0.0,0.0,0.0,0.0,0.0,1.0,0.0
2217.4000438720605,36.956667397867676,注入驱油隔离液2,0.0,0.0,0.0,0.0,0.0,0.0,0.0,0.0,0.0,0.0,0.0,1.0,0.0
2218.802469740273,36.98004116233788,注入驱油隔离液2,0.0,0.0,0.0,0.0,0.0,0.0,0.0,0.0,0.0,0.0,0.0,1.0,0.0
2220.2048956084855,37.00341492680809,注入驱油隔离液2,0.0,0.0,0.0,0.0,0.0,0.0,0.0,0.0,0.0,0.0,0.0,1.0,0.0
2221.607321476698,37.0267886912783,注入驱油隔离液2,0.0,0.0,0.0,0.0,0.0,0.0,0.0,0.0,0.0,0.0,0.0,1.0,0.0
2223.0097473449105,37.050162455748506,注入驱油隔离液2,0.0,0.0,0.0,0.0,0.0,0.0,0.0,0.0,0.0,0.0,0.0,1.0,0.0
2224.412173213123,37.07353622021871,注入驱油隔离液2,0.0,0.0,0.0,0.0,0.0,0.0,0.0,0.0,0.0,0.0,0.0,1.0,0.0
2225.8145990813355,37.09690998468893,注入驱油隔离液2,0.0,0.0,0.0,0.0,0.0,0.0,0.0,0.0,0.0,0.0,0.0,1.0,0.0
2227.217024949548,37.120283749159135,注入驱油隔离液2,0.0,0.0,0.0,0.0,0.0,0.0,0.0,0.0,0.0,0.0,0.0,1.0,0.0
2228.6194508177605,37.14365751362934,注入驱油隔离液2,0.0,0.0,0.0,0.0,0.0,0.0,0.0,0.0,0.0,0.0,0.0,1.0,0.0
2230.021876685973,37.16703127809955,注入驱油隔离液2,0.0,0.0,0.0,0.0,0.0,0.0,0.0,0.0,0.0,0.0,0.0,1.0,0.0
2231.4243025541855,37.19040504256976,注入驱油隔离液2,0.0,0.0,0.0,0.0,0.0,0.0,0.0,0.0,0.0,0.0,0.0,1.0,0.0
2232.826728422398,37.213778807039965,注入驱油隔离液2,0.0,0.0,0.0,0.0,0.0,0.0,0.0,0.0,0.0,0.0,0.0,1.0,0.0
2234.2291542906105,37.23715257151017,注入驱油隔离液2,0.0,0.0,0.0,0.0,0.0,0.0,0.0,0.0,0.0,0.0,0.0,1.0,0.0
2235.631580158823,37.26052633598038,注入驱油隔离液2,0.0,0.0,0.0,0.0,0.0,0.0,0.0,0.0,0.0,0.0,0.0,1.0,0.0
2237.0340060270355,37.283900100450595,注入驱油隔离液2,0.0,0.0,0.0,0.0,0.0,0.0,0.0,0.0,0.0,0.0,0.0,1.0,0.0
2238.436431895248,37.3072738649208,注入驱油隔离液2,0.0,0.0,0.0,0.0,0.0,0.0,0.0,0.0,0.0,0.0,0.0,1.0,0.0
2239.8388577634605,37.33064762939101,注入驱油隔离液2,0.0,0.0,0.0,0.0,0.0,0.0,0.0,0.0,0.0,0.0,0.0,1.0,0.0
2241.241283631673,37.35402139386122,注入驱油隔离液2,0.0,0.0,0.0,0.0,0.0,0.0,0.0,0.0,0.0,0.0,0.0,1.0,0.0
2242.6437094998855,37.377395158331424,注入驱油隔离液2,0.0,0.0,0.0,0.0,0.0,0.0,0.0,0.0,0.0,0.0,0.0,1.0,0.0
2244.046135368098,37.40076892280163,注入驱油隔离液2,0.0,0.0,0.0,0.0,0.0,0.0,0.0,0.0,0.0,0.0,0.0,1.0,0.0
2245.4485612363105,37.42414268727184,注入驱油隔离液2,0.0,0.0,0.0,0.0,0.0,0.0,0.0,0.0,0.0,0.0,0.0,1.0,0.0
2246.850987104523,37.447516451742054,注入驱油隔离液2,0.0,0.0,0.0,0.0,0.0,0.0,0.0,0.0,0.0,0.0,0.0,1.0,0.0
2248.2534129727355,37.47089021621226,注入驱油隔离液2,0.0,0.0,0.0,0.0,0.0,0.0,0.0,0.0,0.0,0.0,0.0,1.0,0.0
2249.655838840948,37.49426398068247,注入驱油隔离液2,0.0,0.0,0.0,0.0,0.0,0.0,0.0,0.0,0.0,0.0,0.0,1.0,0.0
2251.0582647091605,37.517637745152676,注入驱油隔离液2,0.0,0.0,0.0,0.0,0.0,0.0,0.0,0.0,0.0,0.0,0.0,1.0,0.0
2252.460690577373,37.541011509622884,注入驱油隔离液2,0.0,0.0,0.0,0.0,0.0,0.0,0.0,0.0,0.0,0.0,0.0,1.0,0.0
2253.8631164455855,37.56438527409309,注入驱油隔离液2,0.0,0.0,0.0,0.0,0.0,0.0,0.0,0.0,0.0,0.0,0.0,1.0,0.0
2255.265542313798,37.5877590385633,注入驱油隔离液2,0.0,0.0,0.0,0.0,0.0,0.0,0.0,0.0,0.0,0.0,0.0,1.0,0.0
2256.6679681820106,37.611132803033506,注入驱油隔离液2,0.0,0.0,0.0,0.0,0.0,0.0,0.0,0.0,0.0,0.0,0.0,1.0,0.0
2258.070394050223,37.63450656750372,注入驱油隔离液2,0.0,0.0,0.0,0.0,0.0,0.0,0.0,0.0,0.0,0.0,0.0,1.0,0.0
2259.4728199184356,37.65788033197393,注入驱油隔离液2,0.0,0.0,0.0,0.0,0.0,0.0,0.0,0.0,0.0,0.0,0.0,1.0,0.0
2260.875245786648,37.681254096444135,注入驱油隔离液2,0.0,0.0,0.0,0.0,0.0,0.0,0.0,0.0,0.0,0.0,0.0,1.0,0.0
2262.2776716548606,37.70462786091434,注入驱油隔离液2,0.0,0.0,0.0,0.0,0.0,0.0,0.0,0.0,0.0,0.0,0.0,1.0,0.0
2263.680097523073,37.72800162538455,注入驱油隔离液2,0.0,0.0,0.0,0.0,0.0,0.0,0.0,0.0,0.0,0.0,0.0,1.0,0.0
2265.0825233912856,37.75137538985476,注入驱油隔离液2,0.0,0.0,0.0,0.0,0.0,0.0,0.0,0.0,0.0,0.0,0.0,1.0,0.0
2266.484949259498,37.774749154324965,注入驱油隔离液2,0.0,0.0,0.0,0.0,0.0,0.0,0.0,0.0,0.0,0.0,0.0,1.0,0.0
2267.8873751277106,37.79812291879518,注入驱油隔离液2,0.0,0.0,0.0,0.0,0.0,0.0,0.0,0.0,0.0,0.0,0.0,1.0,0.0
2269.289800995923,37.82149668326539,注入驱油隔离液2,0.0,0.0,0.0,0.0,0.0,0.0,0.0,0.0,0.0,0.0,0.0,1.0,0.0
2270.6922268641356,37.844870447735595,注入驱油隔离液2,0.0,0.0,0.0,0.0,0.0,0.0,0.0,0.0,0.0,0.0,0.0,1.0,0.0
2272.094652732348,37.8682442122058,注入驱油隔离液2,0.0,0.0,0.0,0.0,0.0,0.0,0.0,0.0,0.0,0.0,0.0,1.0,0.0
2273.4970786005606,37.89161797667601,注入驱油隔离液2,0.0,0.0,0.0,0.0,0.0,0.0,0.0,0.0,0.0,0.0,0.0,1.0,0.0
2274.899504468773,37.91499174114622,注入驱油隔离液2,0.0,0.0,0.0,0.0,0.0,0.0,0.0,0.0,0.0,0.0,0.0,1.0,0.0
2276.3019303369856,37.938365505616424,注入驱油隔离液2,0.0,0.0,0.0,0.0,0.0,0.0,0.0,0.0,0.0,0.0,0.0,1.0,0.0
2277.704356205198,37.96173927008663,注入驱油隔离液2,0.0,0.0,0.0,0.0,0.0,0.0,0.0,0.0,0.0,0.0,0.0,1.0,0.0
2279.1067820734106,37.985113034556846,注入驱油隔离液2,0.0,0.0,0.0,0.0,0.0,0.0,0.0,0.0,0.0,0.0,0.0,1.0,0.0
2280.509207941623,38.008486799027054,注入驱油隔离液2,0.0,0.0,0.0,0.0,0.0,0.0,0.0,0.0,0.0,0.0,0.0,1.0,0.0
2281.9116338098356,38.03186056349726,注入驱油隔离液2,0.0,0.0,0.0,0.0,0.0,0.0,0.0,0.0,0.0,0.0,0.0,1.0,0.0
2283.314059678048,38.05523432796747,注入驱油隔离液2,0.0,0.0,0.0,0.0,0.0,0.0,0.0,0.0,0.0,0.0,0.0,1.0,0.0
2284.7164855462606,38.078608092437676,注入驱油隔离液2,0.0,0.0,0.0,0.0,0.0,0.0,0.0,0.0,0.0,0.0,0.0,1.0,0.0
2286.118911414473,38.101981856907884,注入驱油隔离液2,0.0,0.0,0.0,0.0,0.0,0.0,0.0,0.0,0.0,0.0,0.0,1.0,0.0
2287.5213372826856,38.12535562137809,注入驱油隔离液2,0.0,0.0,0.0,0.0,0.0,0.0,0.0,0.0,0.0,0.0,0.0,1.0,0.0
2288.923763150898,38.148729385848306,注入驱油隔离液2,0.0,0.0,0.0,0.0,0.0,0.0,0.0,0.0,0.0,0.0,0.0,1.0,0.0
2290.3261890191106,38.17210315031851,注入驱油隔离液2,0.0,0.0,0.0,0.0,0.0,0.0,0.0,0.0,0.0,0.0,0.0,1.0,0.0
2291.728614887323,38.19547691478872,注入驱油隔离液2,0.0,0.0,0.0,0.0,0.0,0.0,0.0,0.0,0.0,0.0,0.0,1.0,0.0
2293.1310407555357,38.21885067925893,注入驱油隔离液2,0.0,0.0,0.0,0.0,0.0,0.0,0.0,0.0,0.0,0.0,0.0,1.0,0.0
2294.533466623748,38.242224443729135,注入驱油隔离液2,0.0,0.0,0.0,0.0,0.0,0.0,0.0,0.0,0.0,0.0,0.0,1.0,0.0
2295.9358924919607,38.26559820819934,注入驱油隔离液2,0.0,0.0,0.0,0.0,0.0,0.0,0.0,0.0,0.0,0.0,0.0,1.0,0.0
2297.338318360173,38.28897197266955,注入驱油隔离液2,0.0,0.0,0.0,0.0,0.0,0.0,0.0,0.0,0.0,0.0,0.0,1.0,0.0
2298.7407442283857,38.31234573713976,注入驱油隔离液2,0.0,0.0,0.0,0.0,0.0,0.0,0.0,0.0,0.0,0.0,0.0,1.0,0.0
2300.143170096598,38.33571950160997,注入驱油隔离液2,0.0,0.0,0.0,0.0,0.0,0.0,0.0,0.0,0.0,0.0,0.0,1.0,0.0
2301.5455959648107,38.35909326608018,注入驱油隔离液2,0.0,0.0,0.0,0.0,0.0,0.0,0.0,0.0,0.0,0.0,0.0,1.0,0.0
2302.948021833023,38.38246703055039,注入驱油隔离液2,0.0,0.0,0.0,0.0,0.0,0.0,0.0,0.0,0.0,0.0,0.0,1.0,0.0
2304.3504477012357,38.405840795020595,注入驱油隔离液2,0.0,0.0,0.0,0.0,0.0,0.0,0.0,0.0,0.0,0.0,0.0,1.0,0.0
2305.752873569448,38.4292145594908,注入驱油隔离液2,0.0,0.0,0.0,0.0,0.0,0.0,0.0,0.0,0.0,0.0,0.0,1.0,0.0
2307.1552994376607,38.45258832396101,注入驱油隔离液2,0.0,0.0,0.0,0.0,0.0,0.0,0.0,0.0,0.0,0.0,0.0,1.0,0.0
2308.557725305873,38.47596208843122,注入驱油隔离液2,0.0,0.0,0.0,0.0,0.0,0.0,0.0,0.0,0.0,0.0,0.0,1.0,0.0
2309.9601511740857,38.49933585290143,注入驱油隔离液2,0.0,0.0,0.0,0.0,0.0,0.0,0.0,0.0,0.0,0.0,0.0,1.0,0.0
2311.362577042298,38.52270961737164,注入驱油隔离液2,0.0,0.0,0.0,0.0,0.0,0.0,0.0,0.0,0.0,0.0,0.0,1.0,0.0
2312.7650029105107,38.54608338184185,注入驱油隔离液2,0.0,0.0,0.0,0.0,0.0,0.0,0.0,0.0,0.0,0.0,0.0,1.0,0.0
2314.167428778723,38.569457146312054,注入驱油隔离液2,0.0,0.0,0.0,0.0,0.0,0.0,0.0,0.0,0.0,0.0,0.0,1.0,0.0
2315.5698546469357,38.59283091078226,注入驱油隔离液2,0.0,0.0,0.0,0.0,0.0,0.0,0.0,0.0,0.0,0.0,0.0,1.0,0.0
2316.972280515148,38.61620467525247,注入驱油隔离液2,0.0,0.0,0.0,0.0,0.0,0.0,0.0,0.0,0.0,0.0,0.0,1.0,0.0
2318.3747063833607,38.639578439722676,注入驱油隔离液2,0.0,0.0,0.0,0.0,0.0,0.0,0.0,0.0,0.0,0.0,0.0,1.0,0.0
2319.777132251573,38.662952204192884,注入驱油隔离液2,0.0,0.0,0.0,0.0,0.0,0.0,0.0,0.0,0.0,0.0,0.0,1.0,0.0
2321.1795581197857,38.6863259686631,注入驱油隔离液2,0.0,0.0,0.0,0.0,0.0,0.0,0.0,0.0,0.0,0.0,0.0,1.0,0.0
2322.5819839879982,38.709699733133306,注入驱油隔离液2,0.0,0.0,0.0,0.0,0.0,0.0,0.0,0.0,0.0,0.0,0.0,1.0,0.0
2323.9844098562107,38.73307349760351,注入驱油隔离液2,0.0,0.0,0.0,0.0,0.0,0.0,0.0,0.0,0.0,0.0,0.0,1.0,0.0
2325.3868357244232,38.75644726207372,注入驱油隔离液2,0.0,0.0,0.0,0.0,0.0,0.0,0.0,0.0,0.0,0.0,0.0,1.0,0.0
2326.7892615926357,38.77982102654393,注入驱油隔离液2,0.0,0.0,0.0,0.0,0.0,0.0,0.0,0.0,0.0,0.0,0.0,1.0,0.0
2328.1916874608482,38.803194791014135,注入驱油隔离液2,0.0,0.0,0.0,0.0,0.0,0.0,0.0,0.0,0.0,0.0,0.0,1.0,0.0
2329.5941133290607,38.82656855548434,注入驱油隔离液2,0.0,0.0,0.0,0.0,0.0,0.0,0.0,0.0,0.0,0.0,0.0,1.0,0.0
2330.9965391972733,38.84994231995456,注入驱油隔离液2,0.0,0.0,0.0,0.0,0.0,0.0,0.0,0.0,0.0,0.0,0.0,1.0,0.0
2332.3989650654858,38.873316084424765,注入驱油隔离液2,0.0,0.0,0.0,0.0,0.0,0.0,0.0,0.0,0.0,0.0,0.0,1.0,0.0
2333.8013909336983,38.89668984889497,注入驱油隔离液2,0.0,0.0,0.0,0.0,0.0,0.0,0.0,0.0,0.0,0.0,0.0,1.0,0.0
2335.2038168019108,38.92006361336518,注入驱油隔离液2,0.0,0.0,0.0,0.0,0.0,0.0,0.0,0.0,0.0,0.0,0.0,1.0,0.0
2336.6062426701233,38.94343737783539,注入驱油隔离液2,0.0,0.0,0.0,0.0,0.0,0.0,0.0,0.0,0.0,0.0,0.0,1.0,0.0
2338.0086685383358,38.966811142305595,注入驱油隔离液2,0.0,0.0,0.0,0.0,0.0,0.0,0.0,0.0,0.0,0.0,0.0,1.0,0.0
2339.4110944065483,38.9901849067758,注入驱油隔离液2,0.0,0.0,0.0,0.0,0.0,0.0,0.0,0.0,0.0,0.0,0.0,1.0,0.0
2340.813520274761,39.01355867124601,注入驱油隔离液2,0.0,0.0,0.0,0.0,0.0,0.0,0.0,0.0,0.0,0.0,0.0,1.0,0.0
2342.2159461429733,39.036932435716224,注入驱油隔离液2,0.0,0.0,0.0,0.0,0.0,0.0,0.0,0.0,0.0,0.0,0.0,1.0,0.0
2343.618372011186,39.06030620018643,注入驱油隔离液2,0.0,0.0,0.0,0.0,0.0,0.0,0.0,0.0,0.0,0.0,0.0,1.0,0.0
2345.0207978793983,39.08367996465664,注入驱油隔离液2,0.0,0.0,0.0,0.0,0.0,0.0,0.0,0.0,0.0,0.0,0.0,1.0,0.0
2346.423223747611,39.10705372912685,注入驱油隔离液2,0.0,0.0,0.0,0.0,0.0,0.0,0.0,0.0,0.0,0.0,0.0,1.0,0.0
2347.8256496158233,39.130427493597054,注入驱油隔离液2,0.0,0.0,0.0,0.0,0.0,0.0,0.0,0.0,0.0,0.0,0.0,1.0,0.0
2349.228075484036,39.15380125806726,注入驱油隔离液2,0.0,0.0,0.0,0.0,0.0,0.0,0.0,0.0,0.0,0.0,0.0,1.0,0.0
2350.6305013522483,39.17717502253747,注入驱油隔离液2,0.0,0.0,0.0,0.0,0.0,0.0,0.0,0.0,0.0,0.0,0.0,1.0,0.0
2352.032927220461,39.20054878700768,注入驱油隔离液2,0.0,0.0,0.0,0.0,0.0,0.0,0.0,0.0,0.0,0.0,0.0,1.0,0.0
2353.4353530886733,39.22392255147789,注入驱油隔离液2,0.0,0.0,0.0,0.0,0.0,0.0,0.0,0.0,0.0,0.0,0.0,1.0,0.0
2354.837778956886,39.2472963159481,注入驱油隔离液2,0.0,0.0,0.0,0.0,0.0,0.0,0.0,0.0,0.0,0.0,0.0,1.0,0.0
2356.2402048250983,39.270670080418306,注入驱油隔离液2,0.0,0.0,0.0,0.0,0.0,0.0,0.0,0.0,0.0,0.0,0.0,1.0,0.0
2357.642630693311,39.29404384488851,注入驱油隔离液2,0.0,0.0,0.0,0.0,0.0,0.0,0.0,0.0,0.0,0.0,0.0,1.0,0.0
2359.0450565615233,39.31741760935872,注入驱油隔离液2,0.0,0.0,0.0,0.0,0.0,0.0,0.0,0.0,0.0,0.0,0.0,1.0,0.0
2360.447482429736,39.34079137382893,注入驱油隔离液2,0.0,0.0,0.0,0.0,0.0,0.0,0.0,0.0,0.0,0.0,0.0,1.0,0.0
2361.8499082979483,39.364165138299136,注入驱油隔离液2,0.0,0.0,0.0,0.0,0.0,0.0,0.0,0.0,0.0,0.0,0.0,1.0,0.0
2363.252334166161,39.38753890276935,注入驱油隔离液2,0.0,0.0,0.0,0.0,0.0,0.0,0.0,0.0,0.0,0.0,0.0,1.0,0.0
2364.4989349379052,39.40831558229842,注入领浆,0.0,0.0,0.0,0.0,0.0,0.0,0.0,0.0,0.0,0.0,0.0,1.0,0.0
2365.7422603369932,39.42903767228322,注入领浆,0.0,0.0,0.0,0.0,0.0,0.0,0.0,0.0,0.0,0.0,0.0,1.0,0.0
2366.9835055009366,39.449725091682275,注入领浆,0.0,0.0,0.0,0.0,0.0,0.0,0.0,0.0,0.0,0.0,0.0,1.0,0.0
2368.2241763378656,39.470402938964426,注入领浆,0.0,0.0,0.0,0.0,0.0,0.0,0.0,0.0,0.0,0.0,0.0,1.0,0.0
2369.4651029973384,39.491085049955636,注入领浆,0.0,0.0,0.0,0.0,0.0,0.0,0.0,0.0,0.0,0.0,0.0,1.0,0.0
2370.7067831979825,39.51177971996638,注入领浆,0.0,0.0,0.0,0.0,0.0,0.0,0.0,0.0,0.0,0.0,0.0,1.0,0.0
2371.94952901111,39.53249215018516,注入领浆,0.0,0.0,0.0,0.0,0.0,0.0,0.0,0.0,0.0,0.0,0.0,1.0,0.0
2373.1934774321326,39.55322462386888,注入领浆,0.0,0.0,0.0,0.0,0.0,0.0,0.0,0.0,0.0,0.0,0.0,1.0,0.0
2374.4386749605906,39.573977916009845,注入领浆,0.0,0.0,0.0,0.0,0.0,0.0,0.0,0.0,0.0,0.0,0.0,1.0,0.0
2375.6851117560695,39.59475186260116,注入领浆,0.0,0.0,0.0,0.0,0.0,0.0,0.0,0.0,0.0,0.0,0.0,1.0,0.0
2376.932744570561,39.615545742842684,注入领浆,0.0,0.0,0.0,0.0,0.0,0.0,0.0,0.0,0.0,0.0,0.0,1.0,0.0
2378.181511784087,39.636358529734785,注入领浆,0.0,0.0,0.0,0.0,0.0,0.0,0.0,0.0,0.0,0.0,0.0,1.0,0.0
2379.4313430328834,39.657189050548055,注入领浆,0.0,0.0,0.0,0.0,0.0,0.0,0.0,0.0,0.0,0.0,0.0,1.0,0.0
2380.6821652186954,39.67803608697826,注入领浆,0.0,0.0,0.0,0.0,0.0,0.0,0.0,0.0,0.0,0.0,0.0,1.0,0.0
2381.9339061379287,39.698898435632145,注入领浆,0.0,0.0,0.0,0.0,0.0,0.0,0.0,0.0,0.0,0.0,0.0,1.0,0.0
2383.1864965689806,39.71977494281634,注入领浆,0.0,0.0,0.0,0.0,0.0,0.0,0.0,0.0,0.0,0.0,0.0,1.0,0.0
2384.4398713760916,39.74066452293486,注入领浆,0.0,0.0,0.0,0.0,0.0,0.0,0.0,0.0,0.0,0.0,0.0,1.0,0.0
2385.693969997135,39.76156616661891,注入领浆,0.0,0.0,0.0,0.0,0.0,0.0,0.0,0.0,0.0,0.0,0.0,1.0,0.0
2386.9487365546524,39.78247894257754,注入领浆,0.0,0.0,0.0,0.0,0.0,0.0,0.0,0.0,0.0,0.0,0.0,1.0,0.0
2388.204119744471,39.80340199574118,注入领浆,0.0,0.0,0.0,0.0,0.0,0.0,0.0,0.0,0.0,0.0,0.0,1.0,0.0
2389.460072600338,39.82433454333897,注入领浆,0.0,0.0,0.0,0.0,0.0,0.0,0.0,0.0,0.0,0.0,0.0,1.0,0.0
2390.716552196519,39.84527586994198,注入领浆,0.0,0.0,0.0,0.0,0.0,0.0,0.0,0.0,0.0,0.0,0.0,1.0,0.0
2391.973519326604,39.86622532211007,注入领浆,0.0,0.0,0.0,0.0,0.0,0.0,0.0,0.0,0.0,0.0,0.0,1.0,0.0
2393.230949097901,39.88718248496502,注入领浆,0.0,0.0,0.0,0.0,0.0,0.0,0.0,0.0,0.0,0.0,0.0,1.0,0.0
2394.4888090397985,39.90814681732998,注入领浆,0.0,0.0,0.0,0.0,0.0,0.0,0.0,0.0,0.0,0.0,0.0,1.0,0.0
2395.7470688899166,39.92911781483194,注入领浆,0.0,0.0,0.0,0.0,0.0,0.0,0.0,0.0,0.0,0.0,0.0,1.0,0.0
2397.005700951494,39.95009501585823,注入领浆,0.0,0.0,0.0,0.0,0.0,0.0,0.0,0.0,0.0,0.0,0.0,1.0,0.0
2398.264679843729,39.97107799739548,注入领浆,0.0,0.0,0.0,0.0,0.0,0.0,0.0,0.0,0.0,0.0,0.0,1.0,0.0
2399.5239822755057,39.992066371258424,注入领浆,0.0,0.0,0.0,0.0,0.0,0.0,0.0,0.0,0.0,0.0,0.0,1.0,0.0
2400.7835868424745,40.013059780707906,注入领浆,0.0,0.0,0.0,0.0,0.0,0.0,0.0,0.0,0.0,0.0,0.0,1.0,0.0
2402.0434738455156,40.03405789742526,注入领浆,0.0,0.0,0.0,0.0,0.0,0.0,0.0,0.0,0.0,0.0,0.0,1.0,0.0
2403.3036251285366,40.05506041880894,注入领浆,0.0,0.0,0.0,0.0,0.0,0.0,0.0,0.0,0.0,0.0,0.0,1.0,0.0
2404.56402393362,40.07606706556033,注入领浆,0.0,0.0,0.0,0.0,0.0,0.0,0.0,0.0,0.0,0.0,0.0,1.0,0.0
2405.824654771645,40.097077579527415,注入领浆,0.0,0.0,0.0,0.0,0.0,0.0,0.0,0.0,0.0,0.0,0.0,1.0,0.0
2407.0855033066778,40.118091721777965,注入领浆,0.0,0.0,0.0,0.0,0.0,0.0,0.0,0.0,0.0,0.0,0.0,1.0,0.0
2408.3465562525707,40.139109270876176,注入领浆,0.0,0.0,0.0,0.0,0.0,0.0,0.0,0.0,0.0,0.0,0.0,1.0,0.0
2409.607801280382,40.1601300213397,注入领浆,0.0,0.0,0.0,0.0,0.0,0.0,0.0,0.0,0.0,0.0,0.0,1.0,0.0
2410.869226935378,40.181153782256295,注入领浆,0.0,0.0,0.0,0.0,0.0,0.0,0.0,0.0,0.0,0.0,0.0,1.0,0.0
2412.130822562523,40.20218037604205,注入领浆,0.0,0.0,0.0,0.0,0.0,0.0,0.0,0.0,0.0,0.0,0.0,1.0,0.0
2413.3925782394867,40.22320963732478,注入领浆,0.0,0.0,0.0,0.0,0.0,0.0,0.0,0.0,0.0,0.0,0.0,1.0,0.0
2414.654484716314,40.24424141193857,注入领浆,0.0,0.0,0.0,0.0,0.0,0.0,0.0,0.0,0.0,0.0,0.0,1.0,0.0
2415.9165333610113,40.26527555601685,注入领浆,0.0,0.0,0.0,0.0,0.0,0.0,0.0,0.0,0.0,0.0,0.0,1.0,0.0
2417.1787161103825,40.28631193517304,注入领浆,0.0,0.0,0.0,0.0,0.0,0.0,0.0,0.0,0.0,0.0,0.0,1.0,0.0
2418.44102542554,40.307350423759,注入领浆,0.0,0.0,0.0,0.0,0.0,0.0,0.0,0.0,0.0,0.0,0.0,1.0,0.0
2419.703454251569,40.328390904192815,注入领浆,0.0,0.0,0.0,0.0,0.0,0.0,0.0,0.0,0.0,0.0,0.0,1.0,0.0
2420.9659959809087,40.34943326634848,注入领浆,0.0,0.0,0.0,0.0,0.0,0.0,0.0,0.0,0.0,0.0,0.0,1.0,0.0
2422.2286444200395,40.37047740700066,注入领浆,0.0,0.0,0.0,0.0,0.0,0.0,0.0,0.0,0.0,0.0,0.0,1.0,0.0
2423.491393759137,40.39152322931895,注入领浆,0.0,0.0,0.0,0.0,0.0,0.0,0.0,0.0,0.0,0.0,0.0,1.0,0.0
2424.7542385443776,40.412570642406294,注入领浆,0.0,0.0,0.0,0.0,0.0,0.0,0.0,0.0,0.0,0.0,0.0,1.0,0.0
2426.017173652629,40.43361956087715,注入领浆,0.0,0.0,0.0,0.0,0.0,0.0,0.0,0.0,0.0,0.0,0.0,1.0,0.0
2427.280194268277,40.45466990447128,注入领浆,0.0,0.0,0.0,0.0,0.0,0.0,0.0,0.0,0.0,0.0,0.0,1.0,0.0
2428.54329586198,40.47572159769967,注入领浆,0.0,0.0,0.0,0.0,0.0,0.0,0.0,0.0,0.0,0.0,0.0,1.0,0.0
2429.8064741711637,40.496774569519395,注入领浆,0.0,0.0,0.0,0.0,0.0,0.0,0.0,0.0,0.0,0.0,0.0,1.0,0.0
2431.0697251820807,40.51782875303468,注入领浆,0.0,0.0,0.0,0.0,0.0,0.0,0.0,0.0,0.0,0.0,0.0,1.0,0.0
2432.333045113291,40.53888408522152,注入领浆,0.0,0.0,0.0,0.0,0.0,0.0,0.0,0.0,0.0,0.0,0.0,1.0,0.0
2433.596430400429,40.55994050667382,注入领浆,0.0,0.0,0.0,0.0,0.0,0.0,0.0,0.0,0.0,0.0,0.0,1.0,0.0
2434.8598776821386,40.58099796136898,注入领浆,0.0,0.0,0.0,0.0,0.0,0.0,0.0,0.0,0.0,0.0,0.0,1.0,0.0
2436.1233837870664,40.602056396451104,注入领浆,0.0,0.0,0.0,0.0,0.0,0.0,0.0,0.0,0.0,0.0,0.0,1.0,0.0
2437.386945721825,40.62311576203042,注入领浆,0.0,0.0,0.0,0.0,0.0,0.0,0.0,0.0,0.0,0.0,0.0,1.0,0.0
2438.6505606598366,40.64417601099728,注入领浆,0.0,0.0,0.0,0.0,0.0,0.0,0.0,0.0,0.0,0.0,0.0,1.0,0.0
2439.914225930979,40.665237098849644,注入领浆,0.0,0.0,0.0,0.0,0.0,0.0,0.0,0.0,0.0,0.0,0.0,1.0,0.0
2441.177939011972,40.686298983532865,注入领浆,0.0,0.0,0.0,0.0,0.0,0.0,0.0,0.0,0.0,0.0,0.0,1.0,0.0
2442.4416975174368,40.70736162529061,注入领浆,0.0,0.0,0.0,0.0,0.0,0.0,0.0,0.0,0.0,0.0,0.0,1.0,0.0
2443.7054991915757,40.728424986526264,注入领浆,0.0,0.0,0.0,0.0,0.0,0.0,0.0,0.0,0.0,0.0,0.0,1.0,0.0
2444.969341900417,40.74948903167362,注入领浆,0.0,0.0,0.0,0.0,0.0,0.0,0.0,0.0,0.0,0.0,0.0,1.0,0.0
2446.23322362459,40.7705537270765,注入领浆,0.0,0.0,0.0,0.0,0.0,0.0,0.0,0.0,0.0,0.0,0.0,1.0,0.0
2447.497142452576,40.79161904087627,注入领浆,0.0,0.0,0.0,0.0,0.0,0.0,0.0,0.0,0.0,0.0,0.0,1.0,0.0
2448.761096574409,40.81268494290681,注入领浆,0.0,0.0,0.0,0.0,0.0,0.0,0.0,0.0,0.0,0.0,0.0,1.0,0.0
2450.0250842757837,40.83375140459639,注入领浆,0.0,0.0,0.0,0.0,0.0,0.0,0.0,0.0,0.0,0.0,0.0,1.0,0.0
2451.2891039325486,40.854818398875814,注入领浆,0.0,0.0,0.0,0.0,0.0,0.0,0.0,0.0,0.0,0.0,0.0,1.0,0.0
2452.5531540055454,40.87588590009242,注入领浆,0.0,0.0,0.0,0.0,0.0,0.0,0.0,0.0,0.0,0.0,0.0,1.0,0.0
2453.8172330357793,40.896953883929655,注入领浆,0.0,0.0,0.0,0.0,0.0,0.0,0.0,0.0,0.0,0.0,0.0,1.0,0.0
2455.0813396398903,40.91802232733151,注入领浆,0.0,0.0,0.0,0.0,0.0,0.0,0.0,0.0,0.0,0.0,0.0,1.0,0.0
2456.345472505906,40.93909120843177,注入领浆,0.0,0.0,0.0,0.0,0.0,0.0,0.0,0.0,0.0,0.0,0.0,1.0,0.0
2457.6096303892555,40.96016050648759,注入领浆,0.0,0.0,0.0,0.0,0.0,0.0,0.0,0.0,0.0,0.0,0.0,1.0,0.0
2458.8738121090287,40.98123020181715,注入领浆,0.0,0.0,0.0,0.0,0.0,0.0,0.0,0.0,0.0,0.0,0.0,1.0,0.0
2460.13801654446,41.002300275741,注入领浆,0.0,0.0,0.0,0.0,0.0,0.0,0.0,0.0,0.0,0.0,0.0,1.0,0.0
2461.4022426316233,41.023370710527054,注入领浆,0.0,0.0,0.0,0.0,0.0,0.0,0.0,0.0,0.0,0.0,0.0,1.0,0.0
2462.6664893603283,41.04444148933881,注入领浆,0.0,0.0,0.0,0.0,0.0,0.0,0.0,0.0,0.0,0.0,0.0,1.0,0.0
2463.9307557711954,41.06551259618659,注入领浆,0.0,0.0,0.0,0.0,0.0,0.0,0.0,0.0,0.0,0.0,0.0,1.0,0.0
2465.1950409529063,41.08658401588177,注入领浆,0.0,0.0,0.0,0.0,0.0,0.0,0.0,0.0,0.0,0.0,0.0,1.0,0.0
2466.4593440396156,41.107655733993596,注入领浆,0.0,0.0,0.0,0.0,0.0,0.0,0.0,0.0,0.0,0.0,0.0,1.0,0.0
2467.7236642085104,41.12872773680851,注入领浆,0.0,0.0,0.0,0.0,0.0,0.0,0.0,0.0,0.0,0.0,0.0,1.0,0.0
2468.988000677514,41.149800011291894,注入领浆,0.0,0.0,0.0,0.0,0.0,0.0,0.0,0.0,0.0,0.0,0.0,1.0,0.0
2470.2523527031185,41.17087254505198,注入领浆,0.0,0.0,0.0,0.0,0.0,0.0,0.0,0.0,0.0,0.0,0.0,1.0,0.0
2471.5167195783456,41.19194532630576,注入领浆,0.0,0.0,0.0,0.0,0.0,0.0,0.0,0.0,0.0,0.0,0.0,1.0,0.0
2472.7811006308184,41.213018343846976,注入领浆,0.0,0.0,0.0,0.0,0.0,0.0,0.0,0.0,0.0,0.0,0.0,1.0,0.0
2474.045495220945,41.234091587015754,注入领浆,0.0,0.0,0.0,0.0,0.0,0.0,0.0,0.0,0.0,0.0,0.0,1.0,0.0
2475.309902740206,41.2551650456701,注入领浆,0.0,0.0,0.0,0.0,0.0,0.0,0.0,0.0,0.0,0.0,0.0,1.0,0.0
2476.5743226095324,41.27623871015887,注入领浆,0.0,0.0,0.0,0.0,0.0,0.0,0.0,0.0,0.0,0.0,0.0,1.0,0.0
2477.8387542777814,41.29731257129636,注入领浆,0.0,0.0,0.0,0.0,0.0,0.0,0.0,0.0,0.0,0.0,0.0,1.0,0.0
2479.1031972202904,41.318386620338174,注入领浆,0.0,0.0,0.0,0.0,0.0,0.0,0.0,0.0,0.0,0.0,0.0,1.0,0.0
2480.3676509375136,41.33946084895856,注入领浆,0.0,0.0,0.0,0.0,0.0,0.0,0.0,0.0,0.0,0.0,0.0,1.0,0.0
2481.632114953735,41.36053524922891,注入领浆,0.0,0.0,0.0,0.0,0.0,0.0,0.0,0.0,0.0,0.0,0.0,1.0,0.0
2482.8965888158477,41.381609813597464,注入领浆,0.0,0.0,0.0,0.0,0.0,0.0,0.0,0.0,0.0,0.0,0.0,1.0,0.0
2484.161072092206,41.4026845348701,注入领浆,0.0,0.0,0.0,0.0,0.0,0.0,0.0,0.0,0.0,0.0,0.0,1.0,0.0
2485.4255643715323,41.423759406192204,注入领浆,0.0,0.0,0.0,0.0,0.0,0.0,0.0,0.0,0.0,0.0,0.0,1.0,0.0
2486.690065261892,41.44483442103153,注入领浆,0.0,0.0,0.0,0.0,0.0,0.0,0.0,0.0,0.0,0.0,0.0,1.0,0.0
2487.9545743897143,41.4659095731619,注入领浆,0.0,0.0,0.0,0.0,0.0,0.0,0.0,0.0,0.0,0.0,0.0,1.0,0.0
2489.219091398873,41.48698485664788,注入领浆,0.0,0.0,0.0,0.0,0.0,0.0,0.0,0.0,0.0,0.0,0.0,1.0,0.0
2490.4836159498136,41.508060265830224,注入领浆,0.0,0.0,0.0,0.0,0.0,0.0,0.0,0.0,0.0,0.0,0.0,1.0,0.0
2491.748147718726,41.5291357953121,注入领浆,0.0,0.0,0.0,0.0,0.0,0.0,0.0,0.0,0.0,0.0,0.0,1.0,0.0
2493.012686396764,41.55021143994607,注入领浆,0.0,0.0,0.0,0.0,0.0,0.0,0.0,0.0,0.0,0.0,0.0,1.0,0.0
2494.277231689302,41.5712871948217,注入领浆,0.0,0.0,0.0,0.0,0.0,0.0,0.0,0.0,0.0,0.0,0.0,1.0,0.0
2495.5417833152355,41.59236305525393,注入领浆,0.0,0.0,0.0,0.0,0.0,0.0,0.0,0.0,0.0,0.0,0.0,1.0,0.0
2496.8063410063155,41.61343901677193,注入领浆,0.0,0.0,0.0,0.0,0.0,0.0,0.0,0.0,0.0,0.0,0.0,1.0,0.0
2498.0709045065178,41.63451507510863,注入领浆,0.0,0.0,0.0,0.0,0.0,0.0,0.0,0.0,0.0,0.0,0.0,1.0,0.0
2499.3354735714474,41.65559122619079,注入领浆,0.0,0.0,0.0,0.0,0.0,0.0,0.0,0.0,0.0,0.0,0.0,1.0,0.0
2500.600047967771,41.676667466129516,注入领浆,0.0,0.0,0.0,0.0,0.0,0.0,0.0,0.0,0.0,0.0,0.0,1.0,0.0
2501.864627472681,41.69774379121135,注入领浆,0.0,0.0,0.0,0.0,0.0,0.0,0.0,0.0,0.0,0.0,0.0,1.0,0.0
2503.1292118733877,41.7188201978898,注入领浆,0.0,0.0,0.0,0.0,0.0,0.0,0.0,0.0,0.0,0.0,0.0,1.0,0.0
2504.3938009666335,41.73989668277723,注入领浆,0.0,0.0,0.0,0.0,0.0,0.0,0.0,0.0,0.0,0.0,0.0,1.0,0.0
2505.6583945582383,41.760973242637306,注入领浆,0.0,0.0,0.0,0.0,0.0,0.0,0.0,0.0,0.0,0.0,0.0,1.0,0.0
2506.922992462664,41.78204987437773,注入领浆,0.0,0.0,0.0,0.0,0.0,0.0,0.0,0.0,0.0,0.0,0.0,1.0,0.0
2508.1875945026004,41.80312657504334,注入领浆,0.0,0.0,0.0,0.0,0.0,0.0,0.0,0.0,0.0,0.0,0.0,1.0,0.0
2509.452200508577,41.824203341809614,注入领浆,0.0,0.0,0.0,0.0,0.0,0.0,0.0,0.0,0.0,0.0,0.0,1.0,0.0
2510.7168103185886,41.845280171976476,注入领浆,0.0,0.0,0.0,0.0,0.0,0.0,0.0,0.0,0.0,0.0,0.0,1.0,0.0
2511.981423777745,41.866357062962415,注入领浆,0.0,0.0,0.0,0.0,0.0,0.0,0.0,0.0,0.0,0.0,0.0,1.0,0.0
2513.246040737934,41.8874340122989,注入领浆,0.0,0.0,0.0,0.0,0.0,0.0,0.0,0.0,0.0,0.0,0.0,1.0,0.0
2514.510661057505,41.90851101762508,注入领浆,0.0,0.0,0.0,0.0,0.0,0.0,0.0,0.0,0.0,0.0,0.0,1.0,0.0
2515.7752846009653,41.929588076682755,注入领浆,0.0,0.0,0.0,0.0,0.0,0.0,0.0,0.0,0.0,0.0,0.0,1.0,0.0
2517.0399112386945,41.95066518731157,注入领浆,0.0,0.0,0.0,0.0,0.0,0.0,0.0,0.0,0.0,0.0,0.0,1.0,0.0
2518.30454084667,41.971742347444504,注入领浆,0.0,0.0,0.0,0.0,0.0,0.0,0.0,0.0,0.0,0.0,0.0,1.0,0.0
2519.5691733062094,41.99281955510349,注入领浆,0.0,0.0,0.0,0.0,0.0,0.0,0.0,0.0,0.0,0.0,0.0,1.0,0.0
2520.833808503722,42.013896808395366,注入领浆,0.0,0.0,0.0,0.0,0.0,0.0,0.0,0.0,0.0,0.0,0.0,1.0,0.0
2522.0984463304767,42.03497410550794,注入领浆,0.0,0.0,0.0,0.0,0.0,0.0,0.0,0.0,0.0,0.0,0.0,1.0,0.0
2523.363086682377,42.056051444706284,注入领浆,0.0,0.0,0.0,0.0,0.0,0.0,0.0,0.0,0.0,0.0,0.0,1.0,0.0
2524.6277294597508,42.07712882432918,注入领浆,0.0,0.0,0.0,0.0,0.0,0.0,0.0,0.0,0.0,0.0,0.0,1.0,0.0
2525.8923745671473,42.098206242785785,注入领浆,0.0,0.0,0.0,0.0,0.0,0.0,0.0,0.0,0.0,0.0,0.0,1.0,0.0
2527.1570219131463,42.11928369855244,注入领浆,0.0,0.0,0.0,0.0,0.0,0.0,0.0,0.0,0.0,0.0,0.0,1.0,0.0
2528.421671410176,42.1403611901696,注入领浆,0.0,0.0,0.0,0.0,0.0,0.0,0.0,0.0,0.0,0.0,0.0,1.0,0.0
2529.6863229743367,42.16143871623895,注入领浆,0.0,0.0,0.0,0.0,0.0,0.0,0.0,0.0,0.0,0.0,0.0,1.0,0.0
2530.95097652524,42.18251627542067,注入领浆,0.0,0.0,0.0,0.0,0.0,0.0,0.0,0.0,0.0,0.0,0.0,1.0,0.0
2532.2156319858477,42.20359386643079,注入领浆,0.0,0.0,0.0,0.0,0.0,0.0,0.0,0.0,0.0,0.0,0.0,1.0,0.0
2533.4802892823227,42.22467148803871,注入领浆,0.0,0.0,0.0,0.0,0.0,0.0,0.0,0.0,0.0,0.0,0.0,1.0,0.0
2534.7449483438877,42.24574913906479,注入领浆,0.0,0.0,0.0,0.0,0.0,0.0,0.0,0.0,0.0,0.0,0.0,1.0,0.0
2536.009609102688,42.266826818378135,注入领浆,0.0,0.0,0.0,0.0,0.0,0.0,0.0,0.0,0.0,0.0,0.0,1.0,0.0
2537.274271493663,42.28790452489439,注入领浆,0.0,0.0,0.0,0.0,0.0,0.0,0.0,0.0,0.0,0.0,0.0,1.0,0.0
2538.538935454422,42.308982257573696,注入领浆,0.0,0.0,0.0,0.0,0.0,0.0,0.0,0.0,0.0,0.0,0.0,1.0,0.0
2539.803600925127,42.33006001541878,注入领浆,0.0,0.0,0.0,0.0,0.0,0.0,0.0,0.0,0.0,0.0,0.0,1.0,0.0
2541.0682678483813,42.35113779747302,注入领浆,0.0,0.0,0.0,0.0,0.0,0.0,0.0,0.0,0.0,0.0,0.0,1.0,0.0
2542.3329361691226,42.37221560281871,注入领浆,0.0,0.0,0.0,0.0,0.0,0.0,0.0,0.0,0.0,0.0,0.0,1.0,0.0
2543.59760583452,42.39329343057533,注入领浆,0.0,0.0,0.0,0.0,0.0,0.0,0.0,0.0,0.0,0.0,0.0,1.0,0.0
2544.862276793879,42.414371279897985,注入领浆,0.0,0.0,0.0,0.0,0.0,0.0,0.0,0.0,0.0,0.0,0.0,1.0,0.0
2546.1269489985475,42.43544914997579,注入领浆,0.0,0.0,0.0,0.0,0.0,0.0,0.0,0.0,0.0,0.0,0.0,1.0,0.0
2547.391622401828,42.456527040030466,注入领浆,0.0,0.0,0.0,0.0,0.0,0.0,0.0,0.0,0.0,0.0,0.0,1.0,0.0
2548.6562969588945,42.47760494931491,注入领浆,0.0,0.0,0.0,0.0,0.0,0.0,0.0,0.0,0.0,0.0,0.0,1.0,0.0
2549.92097262671,42.49868287711183,注入领浆,0.0,0.0,0.0,0.0,0.0,0.0,0.0,0.0,0.0,0.0,0.0,1.0,0.0
2551.1856493639525,42.51976082273254,注入领浆,0.0,0.0,0.0,0.0,0.0,0.0,0.0,0.0,0.0,0.0,0.0,1.0,0.0
2552.4503271309395,42.54083878551566,注入领浆,0.0,0.0,0.0,0.0,0.0,0.0,0.0,0.0,0.0,0.0,0.0,1.0,0.0
2553.7150058895604,42.56191676482601,注入领浆,0.0,0.0,0.0,0.0,0.0,0.0,0.0,0.0,0.0,0.0,0.0,1.0,0.0
2554.9796856032085,42.582994760053474,注入领浆,0.0,0.0,0.0,0.0,0.0,0.0,0.0,0.0,0.0,0.0,0.0,1.0,0.0
2556.2443662367177,42.604072770611964,注入领浆,0.0,0.0,0.0,0.0,0.0,0.0,0.0,0.0,0.0,0.0,0.0,1.0,0.0
2557.5090477563017,42.62515079593836,注入领浆,0.0,0.0,0.0,0.0,0.0,0.0,0.0,0.0,0.0,0.0,0.0,1.0,0.0
2558.7737301294974,42.64622883549162,注入领浆,0.0,0.0,0.0,0.0,0.0,0.0,0.0,0.0,0.0,0.0,0.0,1.0,0.0
2560.0384133251073,42.66730688875179,注入领浆,0.0,0.0,0.0,0.0,0.0,0.0,0.0,0.0,0.0,0.0,0.0,1.0,0.0
2561.303097313148,42.688384955219135,注入领浆,0.0,0.0,0.0,0.0,0.0,0.0,0.0,0.0,0.0,0.0,0.0,1.0,0.0
2562.5677820648,42.70946303441334,注入领浆,0.0,0.0,0.0,0.0,0.0,0.0,0.0,0.0,0.0,0.0,0.0,1.0,0.0
2563.832467552359,42.73054112587265,注入领浆,0.0,0.0,0.0,0.0,0.0,0.0,0.0,0.0,0.0,0.0,0.0,1.0,0.0
2565.0971537491887,42.75161922915314,注入领浆,0.0,0.0,0.0,0.0,0.0,0.0,0.0,0.0,0.0,0.0,0.0,1.0,0.0
2566.361840629678,42.77269734382797,注入领浆,0.0,0.0,0.0,0.0,0.0,0.0,0.0,0.0,0.0,0.0,0.0,1.0,0.0
2567.6265281691994,42.793775469486654,注入领浆,0.0,0.0,0.0,0.0,0.0,0.0,0.0,0.0,0.0,0.0,0.0,1.0,0.0
2568.8912163440664,42.81485360573444,注入领浆,0.0,0.0,0.0,0.0,0.0,0.0,0.0,0.0,0.0,0.0,0.0,1.0,0.0
2570.155905131497,42.83593175219162,注入领浆,0.0,0.0,0.0,0.0,0.0,0.0,0.0,0.0,0.0,0.0,0.0,1.0,0.0
2571.420594509577,42.85700990849295,注入领浆,0.0,0.0,0.0,0.0,0.0,0.0,0.0,0.0,0.0,0.0,0.0,1.0,0.0
2572.685284457223,42.87808807428705,注入领浆,0.0,0.0,0.0,0.0,0.0,0.0,0.0,0.0,0.0,0.0,0.0,1.0,0.0
2573.9499749541505,42.89916624923584,注入领浆,0.0,0.0,0.0,0.0,0.0,0.0,0.0,0.0,0.0,0.0,0.0,1.0,0.0
2575.21466598084,42.920244433014,注入领浆,0.0,0.0,0.0,0.0,0.0,0.0,0.0,0.0,0.0,0.0,0.0,1.0,0.0
2576.4793575185076,42.94132262530846,注入领浆,0.0,0.0,0.0,0.0,0.0,0.0,0.0,0.0,0.0,0.0,0.0,1.0,0.0
2577.7440495490746,42.96240082581791,注入领浆,0.0,0.0,0.0,0.0,0.0,0.0,0.0,0.0,0.0,0.0,0.0,1.0,0.0
2579.00874205514,42.98347903425233,注入领浆,0.0,0.0,0.0,0.0,0.0,0.0,0.0,0.0,0.0,0.0,0.0,1.0,0.0
2580.2734350199526,43.004557250332546,注入领浆,0.0,0.0,0.0,0.0,0.0,0.0,0.0,0.0,0.0,0.0,0.0,1.0,0.0
2581.5381284273853,43.025635473789755,注入领浆,0.0,0.0,0.0,0.0,0.0,0.0,0.0,0.0,0.0,0.0,0.0,1.0,0.0
2582.802822261911,43.04671370436518,注入领浆,0.0,0.0,0.0,0.0,0.0,0.0,0.0,0.0,0.0,0.0,0.0,1.0,0.0
2584.0675165085777,43.06779194180963,注入领浆,0.0,0.0,0.0,0.0,0.0,0.0,0.0,0.0,0.0,0.0,0.0,1.0,0.0
2585.3322111529874,43.088870185883124,注入领浆,0.0,0.0,0.0,0.0,0.0,0.0,0.0,0.0,0.0,0.0,0.0,1.0,0.0
2586.5969061812725,43.10994843635454,注入领浆,0.0,0.0,0.0,0.0,0.0,0.0,0.0,0.0,0.0,0.0,0.0,1.0,0.0
2587.861601580076,43.13102669300126,注入领浆,0.0,0.0,0.0,0.0,0.0,0.0,0.0,0.0,0.0,0.0,0.0,1.0,0.0
2589.1262973365306,43.15210495560884,注入领浆,0.0,0.0,0.0,0.0,0.0,0.0,0.0,0.0,0.0,0.0,0.0,1.0,0.0
2590.390993438242,43.173183223970696,注入领浆,0.0,0.0,0.0,0.0,0.0,0.0,0.0,0.0,0.0,0.0,0.0,1.0,0.0
2591.655689873267,43.19426149788778,注入领浆,0.0,0.0,0.0,0.0,0.0,0.0,0.0,0.0,0.0,0.0,0.0,1.0,0.0
2592.9203866300986,43.21533977716831,注入领浆,0.0,0.0,0.0,0.0,0.0,0.0,0.0,0.0,0.0,0.0,0.0,1.0,0.0
2594.185083697648,43.23641806162747,注入领浆,0.0,0.0,0.0,0.0,0.0,0.0,0.0,0.0,0.0,0.0,0.0,1.0,0.0
2595.4497810652288,43.25749635108715,注入领浆,0.0,0.0,0.0,0.0,0.0,0.0,0.0,0.0,0.0,0.0,0.0,1.0,0.0
2596.714478722541,43.278574645375684,注入领浆,0.0,0.0,0.0,0.0,0.0,0.0,0.0,0.0,0.0,0.0,0.0,1.0,0.0
2597.9791766596572,43.29965294432762,注入领浆,0.0,0.0,0.0,0.0,0.0,0.0,0.0,0.0,0.0,0.0,0.0,1.0,0.0
2599.2438748670065,43.32073124778344,注入领浆,0.0,0.0,0.0,0.0,0.0,0.0,0.0,0.0,0.0,0.0,0.0,1.0,0.0
2600.5085733353635,43.34180955558939,注入领浆,0.0,0.0,0.0,0.0,0.0,0.0,0.0,0.0,0.0,0.0,0.0,1.0,0.0
2601.7732720558324,43.36288786759721,注入领浆,0.0,0.0,0.0,0.0,0.0,0.0,0.0,0.0,0.0,0.0,0.0,1.0,0.0
2603.0379710198363,43.38396618366394,注入领浆,0.0,0.0,0.0,0.0,0.0,0.0,0.0,0.0,0.0,0.0,0.0,1.0,0.0
2604.302670219104,43.40504450365174,注入领浆,0.0,0.0,0.0,0.0,0.0,0.0,0.0,0.0,0.0,0.0,0.0,1.0,0.0
2605.56736964566,43.42612282742767,注入领浆,0.0,0.0,0.0,0.0,0.0,0.0,0.0,0.0,0.0,0.0,0.0,1.0,0.0
2606.8320692918114,43.44720115486352,注入领浆,0.0,0.0,0.0,0.0,0.0,0.0,0.0,0.0,0.0,0.0,0.0,1.0,0.0
2608.0967691501382,43.46827948583564,注入领浆,0.0,0.0,0.0,0.0,0.0,0.0,0.0,0.0,0.0,0.0,0.0,1.0,0.0
2609.3614692134834,43.489357820224726,注入领浆,0.0,0.0,0.0,0.0,0.0,0.0,0.0,0.0,0.0,0.0,0.0,1.0,0.0
2610.626169474943,43.51043615791571,注入领浆,0.0,0.0,0.0,0.0,0.0,0.0,0.0,0.0,0.0,0.0,0.0,1.0,0.0
2611.890869927855,43.531514498797584,注入领浆,0.0,0.0,0.0,0.0,0.0,0.0,0.0,0.0,0.0,0.0,0.0,1.0,0.0
2613.1555705657934,43.552592842763225,注入领浆,0.0,0.0,0.0,0.0,0.0,0.0,0.0,0.0,0.0,0.0,0.0,1.0,0.0
2614.4202713825566,43.57367118970928,注入领浆,0.0,0.0,0.0,0.0,0.0,0.0,0.0,0.0,0.0,0.0,0.0,1.0,0.0
2615.684972372161,43.59474953953602,注入领浆,0.0,0.0,0.0,0.0,0.0,0.0,0.0,0.0,0.0,0.0,0.0,1.0,0.0
2616.9496735288317,43.615827892147195,注入领浆,0.0,0.0,0.0,0.0,0.0,0.0,0.0,0.0,0.0,0.0,0.0,1.0,0.0
2618.2143748469953,43.63690624744992,注入领浆,0.0,0.0,0.0,0.0,0.0,0.0,0.0,0.0,0.0,0.0,0.0,1.0,0.0
2619.4790763212727,43.65798460535454,注入领浆,0.0,0.0,0.0,0.0,0.0,0.0,0.0,0.0,0.0,0.0,0.0,1.0,0.0
2620.7437779464713,43.67906296577452,注入领浆,0.0,0.0,0.0,0.0,0.0,0.0,0.0,0.0,0.0,0.0,0.0,1.0,0.0
2622.0084797175787,43.70014132862631,注入领浆,0.0,0.0,0.0,0.0,0.0,0.0,0.0,0.0,0.0,0.0,0.0,1.0,0.0
2623.2731816297564,43.721219693829276,注入领浆,0.0,0.0,0.0,0.0,0.0,0.0,0.0,0.0,0.0,0.0,0.0,1.0,0.0
2624.5378836783325,43.74229806130554,注入领浆,0.0,0.0,0.0,0.0,0.0,0.0,0.0,0.0,0.0,0.0,0.0,1.0,0.0
2625.8025858587966,43.763376430979946,注入领浆,0.0,0.0,0.0,0.0,0.0,0.0,0.0,0.0,0.0,0.0,0.0,1.0,0.0
2627.067288166794,43.7844548027799,注入领浆,0.0,0.0,0.0,0.0,0.0,0.0,0.0,0.0,0.0,0.0,0.0,1.0,0.0
2628.331990598118,43.8055331766353,注入领浆,0.0,0.0,0.0,0.0,0.0,0.0,0.0,0.0,0.0,0.0,0.0,1.0,0.0
2629.596693148708,43.82661155247846,注入领浆,0.0,0.0,0.0,0.0,0.0,0.0,0.0,0.0,0.0,0.0,0.0,1.0,0.0
2630.861395814641,43.847689930244016,注入领浆,0.0,0.0,0.0,0.0,0.0,0.0,0.0,0.0,0.0,0.0,0.0,1.0,0.0
2632.1260985921294,43.86876830986883,注入领浆,0.0,0.0,0.0,0.0,0.0,0.0,0.0,0.0,0.0,0.0,0.0,1.0,0.0
2633.390801477514,43.8898466912919,注入领浆,0.0,0.0,0.0,0.0,0.0,0.0,0.0,0.0,0.0,0.0,0.0,1.0,0.0
2634.6555044672596,43.910925074454326,注入领浆,0.0,0.0,0.0,0.0,0.0,0.0,0.0,0.0,0.0,0.0,0.0,1.0,0.0
2635.9202075579524,43.9320034592992,注入领浆,0.0,0.0,0.0,0.0,0.0,0.0,0.0,0.0,0.0,0.0,0.0,1.0,0.0
2637.1849107462936,43.95308184577156,注入领浆,0.0,0.0,0.0,0.0,0.0,0.0,0.0,0.0,0.0,0.0,0.0,1.0,0.0
2638.449614029096,43.97416023381827,注入领浆,0.0,0.0,0.0,0.0,0.0,0.0,0.0,0.0,0.0,0.0,0.0,1.0,0.0
2639.7143174032817,43.995238623388026,注入领浆,0.0,0.0,0.0,0.0,0.0,0.0,0.0,0.0,0.0,0.0,0.0,1.0,0.0
2640.9790208658746,44.016317014431245,注入领浆,0.0,0.0,0.0,0.0,0.0,0.0,0.0,0.0,0.0,0.0,0.0,1.0,0.0
2642.2437244140006,44.03739540690001,注入领浆,0.0,0.0,0.0,0.0,0.0,0.0,0.0,0.0,0.0,0.0,0.0,1.0,0.0
2643.5084280448814,44.058473800748025,注入领浆,0.0,0.0,0.0,0.0,0.0,0.0,0.0,0.0,0.0,0.0,0.0,1.0,0.0
2644.7731317558323,44.07955219593054,注入领浆,0.0,0.0,0.0,0.0,0.0,0.0,0.0,0.0,0.0,0.0,0.0,1.0,0.0
2646.0378355442585,44.10063059240431,注入领浆,0.0,0.0,0.0,0.0,0.0,0.0,0.0,0.0,0.0,0.0,0.0,1.0,0.0
2647.3025394076526,44.121708990127544,注入领浆,0.0,0.0,0.0,0.0,0.0,0.0,0.0,0.0,0.0,0.0,0.0,1.0,0.0
2648.5672433435907,44.14278738905985,注入领浆,0.0,0.0,0.0,0.0,0.0,0.0,0.0,0.0,0.0,0.0,0.0,1.0,0.0
2649.8319473497295,44.16386578916216,注入领浆,0.0,0.0,0.0,0.0,0.0,0.0,0.0,0.0,0.0,0.0,0.0,1.0,0.0
2651.0966514238044,44.18494419039674,注入领浆,0.0,0.0,0.0,0.0,0.0,0.0,0.0,0.0,0.0,0.0,0.0,1.0,0.0
2652.361355563626,44.2060225927271,注入领浆,0.0,0.0,0.0,0.0,0.0,0.0,0.0,0.0,0.0,0.0,0.0,1.0,0.0
2653.6260597670785,44.227100996117976,注入领浆,0.0,0.0,0.0,0.0,0.0,0.0,0.0,0.0,0.0,0.0,0.0,1.0,0.0
2654.8907640321145,44.24817940053524,注入领浆,0.0,0.0,0.0,0.0,0.0,0.0,0.0,0.0,0.0,0.0,0.0,1.0,0.0
2656.1554683567556,44.26925780594593,注入领浆,0.0,0.0,0.0,0.0,0.0,0.0,0.0,0.0,0.0,0.0,0.0,1.0,0.0
2657.420172739089,44.29033621231815,注入领浆,0.0,0.0,0.0,0.0,0.0,0.0,0.0,0.0,0.0,0.0,0.0,1.0,0.0
2658.684877177265,44.31141461962109,注入领浆,0.0,0.0,0.0,0.0,0.0,0.0,0.0,0.0,0.0,0.0,0.0,1.0,0.0
2659.9495816694953,44.332493027824924,注入领浆,0.0,0.0,0.0,0.0,0.0,0.0,0.0,0.0,0.0,0.0,0.0,1.0,0.0
2661.214286214049,44.353571436900815,注入领浆,0.0,0.0,0.0,0.0,0.0,0.0,0.0,0.0,0.0,0.0,0.0,1.0,0.0
2662.4789908092544,44.37464984682091,注入领浆,0.0,0.0,0.0,0.0,0.0,0.0,0.0,0.0,0.0,0.0,0.0,1.0,0.0
2663.743695453493,44.39572825755821,注入领浆,0.0,0.0,0.0,0.0,0.0,0.0,0.0,0.0,0.0,0.0,0.0,1.0,0.0
2665.0084001452,44.41680666908667,注入领浆,0.0,0.0,0.0,0.0,0.0,0.0,0.0,0.0,0.0,0.0,0.0,1.0,0.0
2666.2731048828623,44.43788508138104,注入领浆,0.0,0.0,0.0,0.0,0.0,0.0,0.0,0.0,0.0,0.0,0.0,1.0,0.0
2667.537809665016,44.458963494416935,注入领浆,0.0,0.0,0.0,0.0,0.0,0.0,0.0,0.0,0.0,0.0,0.0,1.0,0.0
2668.8025144902454,44.480041908170755,注入领浆,0.0,0.0,0.0,0.0,0.0,0.0,0.0,0.0,0.0,0.0,0.0,1.0,0.0
2670.0672193571804,44.50112032261968,注入领浆,0.0,0.0,0.0,0.0,0.0,0.0,0.0,0.0,0.0,0.0,0.0,1.0,0.0
2671.331924264496,44.522198737741604,注入领浆,0.0,0.0,0.0,0.0,0.0,0.0,0.0,0.0,0.0,0.0,0.0,1.0,0.0
2672.5966292109106,44.54327715351518,注入领浆,0.0,0.0,0.0,0.0,0.0,0.0,0.0,0.0,0.0,0.0,0.0,1.0,0.0
2673.8613341951836,44.56435556991973,注入领浆,0.0,0.0,0.0,0.0,0.0,0.0,0.0,0.0,0.0,0.0,0.0,1.0,0.0
2675.1260392161157,44.585433986935264,注入领浆,0.0,0.0,0.0,0.0,0.0,0.0,0.0,0.0,0.0,0.0,0.0,1.0,0.0
2676.390744272546,44.60651240454243,注入领浆,0.0,0.0,0.0,0.0,0.0,0.0,0.0,0.0,0.0,0.0,0.0,1.0,0.0
2677.655449363351,44.62759082272252,注入领浆,0.0,0.0,0.0,0.0,0.0,0.0,0.0,0.0,0.0,0.0,0.0,1.0,0.0
2678.9201544874445,44.648669241457405,注入领浆,0.0,0.0,0.0,0.0,0.0,0.0,0.0,0.0,0.0,0.0,0.0,1.0,0.0
2680.1848596437744,44.66974766072958,注入领浆,0.0,0.0,0.0,0.0,0.0,0.0,0.0,0.0,0.0,0.0,0.0,1.0,0.0
2681.4495648313227,44.690826080522044,注入领浆,0.0,0.0,0.0,0.0,0.0,0.0,0.0,0.0,0.0,0.0,0.0,1.0,0.0
2682.7142700491054,44.71190450081842,注入领浆,0.0,0.0,0.0,0.0,0.0,0.0,0.0,0.0,0.0,0.0,0.0,1.0,0.0
2683.9789752961688,44.73298292160281,注入领浆,0.0,0.0,0.0,0.0,0.0,0.0,0.0,0.0,0.0,0.0,0.0,1.0,0.0
2685.243680571591,44.75406134285985,注入领浆,0.0,0.0,0.0,0.0,0.0,0.0,0.0,0.0,0.0,0.0,0.0,1.0,0.0
2686.5083858744797,44.77513976457466,注入领浆,0.0,0.0,0.0,0.0,0.0,0.0,0.0,0.0,0.0,0.0,0.0,1.0,0.0
2687.77309120397,44.79621818673284,注入领浆,0.0,0.0,0.0,0.0,0.0,0.0,0.0,0.0,0.0,0.0,0.0,1.0,0.0
2689.0377965592265,44.817296609320444,注入领浆,0.0,0.0,0.0,0.0,0.0,0.0,0.0,0.0,0.0,0.0,0.0,1.0,0.0
2690.30250193944,44.838375032324,注入领浆,0.0,0.0,0.0,0.0,0.0,0.0,0.0,0.0,0.0,0.0,0.0,1.0,0.0
2691.5672073438263,44.85945345573044,注入领浆,0.0,0.0,0.0,0.0,0.0,0.0,0.0,0.0,0.0,0.0,0.0,1.0,0.0
2692.831912771628,44.88053187952713,注入领浆,0.0,0.0,0.0,0.0,0.0,0.0,0.0,0.0,0.0,0.0,0.0,1.0,0.0
2694.096618222111,44.90161030370185,注入领浆,0.0,0.0,0.0,0.0,0.0,0.0,0.0,0.0,0.0,0.0,0.0,1.0,0.0
2695.361323694564,44.92268872824273,注入领浆,0.0,0.0,0.0,0.0,0.0,0.0,0.0,0.0,0.0,0.0,0.0,1.0,0.0
2696.6260291882995,44.943767153138324,注入领浆,0.0,0.0,0.0,0.0,0.0,0.0,0.0,0.0,0.0,0.0,0.0,1.0,0.0
2697.8907347026516,44.96484557837753,注入领浆,0.0,0.0,0.0,0.0,0.0,0.0,0.0,0.0,0.0,0.0,0.0,1.0,0.0
2699.1554402369757,44.98592400394959,注入领浆,0.0,0.0,0.0,0.0,0.0,0.0,0.0,0.0,0.0,0.0,0.0,1.0,0.0
2700.4201457906474,45.00700242984412,注入领浆,0.0,0.0,0.0,0.0,0.0,0.0,0.0,0.0,0.0,0.0,0.0,1.0,0.0
2701.6848513630625,45.02808085605104,注入领浆,0.0,0.0,0.0,0.0,0.0,0.0,0.0,0.0,0.0,0.0,0.0,1.0,0.0
2702.949556953636,45.0491592825606,注入领浆,0.0,0.0,0.0,0.0,0.0,0.0,0.0,0.0,0.0,0.0,0.0,1.0,0.0
2704.2142625618017,45.07023770936336,注入领浆,0.0,0.0,0.0,0.0,0.0,0.0,0.0,0.0,0.0,0.0,0.0,1.0,0.0
2705.4789681870107,45.091316136450175,注入领浆,0.0,0.0,0.0,0.0,0.0,0.0,0.0,0.0,0.0,0.0,0.0,1.0,0.0
2706.743673828732,45.1123945638122,注入领浆,0.0,0.0,0.0,0.0,0.0,0.0,0.0,0.0,0.0,0.0,0.0,1.0,0.0
2708.008379486451,45.13347299144085,注入领浆,0.0,0.0,0.0,0.0,0.0,0.0,0.0,0.0,0.0,0.0,0.0,1.0,0.0
2709.27308515967,45.15455141932783,注入领浆,0.0,0.0,0.0,0.0,0.0,0.0,0.0,0.0,0.0,0.0,0.0,1.0,0.0
2710.5377908479068,45.17562984746511,注入领浆,0.0,0.0,0.0,0.0,0.0,0.0,0.0,0.0,0.0,0.0,0.0,1.0,0.0
2711.8024965506943,45.196708275844905,注入领浆,0.0,0.0,0.0,0.0,0.0,0.0,0.0,0.0,0.0,0.0,0.0,1.0,0.0
2713.0672022675803,45.21778670445967,注入领浆,0.0,0.0,0.0,0.0,0.0,0.0,0.0,0.0,0.0,0.0,0.0,1.0,0.0
2714.331907998127,45.23886513330212,注入领浆,0.0,0.0,0.0,0.0,0.0,0.0,0.0,0.0,0.0,0.0,0.0,1.0,0.0
2715.59661374191,45.259943562365166,注入领浆,0.0,0.0,0.0,0.0,0.0,0.0,0.0,0.0,0.0,0.0,0.0,1.0,0.0
2716.8613194985182,45.28102199164197,注入领浆,0.0,0.0,0.0,0.0,0.0,0.0,0.0,0.0,0.0,0.0,0.0,1.0,0.0
2718.1260252675543,45.30210042112591,注入领浆,0.0,0.0,0.0,0.0,0.0,0.0,0.0,0.0,0.0,0.0,0.0,1.0,0.0
2719.390731048633,45.32317885081055,注入领浆,0.0,0.0,0.0,0.0,0.0,0.0,0.0,0.0,0.0,0.0,0.0,1.0,0.0
2720.6554368413804,45.344257280689675,注入领浆,0.0,0.0,0.0,0.0,0.0,0.0,0.0,0.0,0.0,0.0,0.0,1.0,0.0
2721.9201426454356,45.36533571075726,注入领浆,0.0,0.0,0.0,0.0,0.0,0.0,0.0,0.0,0.0,0.0,0.0,1.0,0.0
2723.1848484604484,45.38641414100747,注入领浆,0.0,0.0,0.0,0.0,0.0,0.0,0.0,0.0,0.0,0.0,0.0,1.0,0.0
2724.4495542860795,45.40749257143466,注入领浆,0.0,0.0,0.0,0.0,0.0,0.0,0.0,0.0,0.0,0.0,0.0,1.0,0.0
2725.7142601220007,45.428571002033344,注入领浆,0.0,0.0,0.0,0.0,0.0,0.0,0.0,0.0,0.0,0.0,0.0,1.0,0.0
2726.978965967894,45.44964943279823,注入领浆,0.0,0.0,0.0,0.0,0.0,0.0,0.0,0.0,0.0,0.0,0.0,1.0,0.0
2728.2436718234508,45.47072786372418,注入领浆,0.0,0.0,0.0,0.0,0.0,0.0,0.0,0.0,0.0,0.0,0.0,1.0,0.0
2729.5083776883725,45.49180629480621,注入领浆,0.0,0.0,0.0,0.0,0.0,0.0,0.0,0.0,0.0,0.0,0.0,1.0,0.0
2730.7730835623697,45.512884726039495,注入领浆,0.0,0.0,0.0,0.0,0.0,0.0,0.0,0.0,0.0,0.0,0.0,1.0,0.0
2732.0377894451626,45.53396315741938,注入领浆,0.0,0.0,0.0,0.0,0.0,0.0,0.0,0.0,0.0,0.0,0.0,1.0,0.0
2733.3024953364798,45.55504158894133,注入领浆,0.0,0.0,0.0,0.0,0.0,0.0,0.0,0.0,0.0,0.0,0.0,1.0,0.0
2734.567201236058,45.57612002060096,注入领浆,0.0,0.0,0.0,0.0,0.0,0.0,0.0,0.0,0.0,0.0,0.0,1.0,0.0
2735.831907143642,45.59719845239404,注入领浆,0.0,0.0,0.0,0.0,0.0,0.0,0.0,0.0,0.0,0.0,0.0,1.0,0.0
2737.0966130589863,45.61827688431644,注入领浆,0.0,0.0,0.0,0.0,0.0,0.0,0.0,0.0,0.0,0.0,0.0,1.0,0.0
2738.361318981851,45.63935531636419,注入领浆,0.0,0.0,0.0,0.0,0.0,0.0,0.0,0.0,0.0,0.0,0.0,1.0,0.0
2739.6260249120046,45.66043374853341,注入领浆,0.0,0.0,0.0,0.0,0.0,0.0,0.0,0.0,0.0,0.0,0.0,1.0,0.0
2740.8907308492226,45.68151218082038,注入领浆,0.0,0.0,0.0,0.0,0.0,0.0,0.0,0.0,0.0,0.0,0.0,1.0,0.0
2742.1554367932877,45.70259061322146,注入领浆,0.0,0.0,0.0,0.0,0.0,0.0,0.0,0.0,0.0,0.0,0.0,1.0,0.0
2743.420142743989,45.723669045733146,注入领浆,0.0,0.0,0.0,0.0,0.0,0.0,0.0,0.0,0.0,0.0,0.0,1.0,0.0
2744.684848701122,45.74474747835203,注入领浆,0.0,0.0,0.0,0.0,0.0,0.0,0.0,0.0,0.0,0.0,0.0,1.0,0.0
2745.94955466449,45.76582591107483,注入领浆,0.0,0.0,0.0,0.0,0.0,0.0,0.0,0.0,0.0,0.0,0.0,1.0,0.0
2747.2142606339003,45.786904343898335,注入领浆,0.0,0.0,0.0,0.0,0.0,0.0,0.0,0.0,0.0,0.0,0.0,1.0,0.0
2748.478966609168,45.807982776819465,注入领浆,0.0,0.0,0.0,0.0,0.0,0.0,0.0,0.0,0.0,0.0,0.0,1.0,0.0
2749.7436725901125,45.82906120983521,注入领浆,0.0,0.0,0.0,0.0,0.0,0.0,0.0,0.0,0.0,0.0,0.0,1.0,0.0
2751.0083785765596,45.85013964294266,注入领浆,0.0,0.0,0.0,0.0,0.0,0.0,0.0,0.0,0.0,0.0,0.0,1.0,0.0
2752.2730845683404,45.87121807613901,注入领浆,0.0,0.0,0.0,0.0,0.0,0.0,0.0,0.0,0.0,0.0,0.0,1.0,0.0
2753.5377905652917,45.89229650942153,注入领浆,0.0,0.0,0.0,0.0,0.0,0.0,0.0,0.0,0.0,0.0,0.0,1.0,0.0
2754.8024965672544,45.91337494278757,注入领浆,0.0,0.0,0.0,0.0,0.0,0.0,0.0,0.0,0.0,0.0,0.0,1.0,0.0
2756.0672025740746,45.93445337623458,注入领浆,0.0,0.0,0.0,0.0,0.0,0.0,0.0,0.0,0.0,0.0,0.0,1.0,0.0
2757.3319085856037,45.95553180976006,注入领浆,0.0,0.0,0.0,0.0,0.0,0.0,0.0,0.0,0.0,0.0,0.0,1.0,0.0
2758.596614601697,45.97661024336162,注入领浆,0.0,0.0,0.0,0.0,0.0,0.0,0.0,0.0,0.0,0.0,0.0,1.0,0.0
2759.8613206222153,45.99768867703692,注入领浆,0.0,0.0,0.0,0.0,0.0,0.0,0.0,0.0,0.0,0.0,0.0,1.0,0.0
2761.126026647022,46.018767110783706,注入领浆,0.0,0.0,0.0,0.0,0.0,0.0,0.0,0.0,0.0,0.0,0.0,1.0,0.0
2762.390732675987,46.03984554459978,注入领浆,0.0,0.0,0.0,0.0,0.0,0.0,0.0,0.0,0.0,0.0,0.0,1.0,0.0
2763.6554387089814,46.060923978483025,注入领浆,0.0,0.0,0.0,0.0,0.0,0.0,0.0,0.0,0.0,0.0,0.0,1.0,0.0
2764.9201447458827,46.08200241243138,注入领浆,0.0,0.0,0.0,0.0,0.0,0.0,0.0,0.0,0.0,0.0,0.0,1.0,0.0
2766.1848507865716,46.10308084644286,注入领浆,0.0,0.0,0.0,0.0,0.0,0.0,0.0,0.0,0.0,0.0,0.0,1.0,0.0
2767.4495568309317,46.12415928051553,注入领浆,0.0,0.0,0.0,0.0,0.0,0.0,0.0,0.0,0.0,0.0,0.0,1.0,0.0
2768.7142628788506,46.14523771464751,注入领浆,0.0,0.0,0.0,0.0,0.0,0.0,0.0,0.0,0.0,0.0,0.0,1.0,0.0
2769.9789689302197,46.166316148837,注入领浆,0.0,0.0,0.0,0.0,0.0,0.0,0.0,0.0,0.0,0.0,0.0,1.0,0.0
2771.2436749849335,46.187394583082224,注入领浆,0.0,0.0,0.0,0.0,0.0,0.0,0.0,0.0,0.0,0.0,0.0,1.0,0.0
2772.50838104289,46.2084730173815,注入领浆,0.0,0.0,0.0,0.0,0.0,0.0,0.0,0.0,0.0,0.0,0.0,1.0,0.0
2773.77308710399,46.229551451733165,注入领浆,0.0,0.0,0.0,0.0,0.0,0.0,0.0,0.0,0.0,0.0,0.0,1.0,0.0
2775.037793168137,46.25062988613561,注入领浆,0.0,0.0,0.0,0.0,0.0,0.0,0.0,0.0,0.0,0.0,0.0,1.0,0.0
2776.302499235238,46.2717083205873,注入领浆,0.0,0.0,0.0,0.0,0.0,0.0,0.0,0.0,0.0,0.0,0.0,1.0,0.0
2777.567205305203,46.292786755086716,注入领浆,0.0,0.0,0.0,0.0,0.0,0.0,0.0,0.0,0.0,0.0,0.0,1.0,0.0
2778.8319113779444,46.31386518963241,注入领浆,0.0,0.0,0.0,0.0,0.0,0.0,0.0,0.0,0.0,0.0,0.0,1.0,0.0
2780.0966174533773,46.33494362422296,注入领浆,0.0,0.0,0.0,0.0,0.0,0.0,0.0,0.0,0.0,0.0,0.0,1.0,0.0
2781.36132353142,46.356022058857,注入领浆,0.0,0.0,0.0,0.0,0.0,0.0,0.0,0.0,0.0,0.0,0.0,1.0,0.0
2782.6260296119926,46.37710049353321,注入领浆,0.0,0.0,0.0,0.0,0.0,0.0,0.0,0.0,0.0,0.0,0.0,1.0,0.0
2783.8907356950176,46.398178928250296,注入领浆,0.0,0.0,0.0,0.0,0.0,0.0,0.0,0.0,0.0,0.0,0.0,1.0,0.0
2785.1554417804205,46.419257363007006,注入领浆,0.0,0.0,0.0,0.0,0.0,0.0,0.0,0.0,0.0,0.0,0.0,1.0,0.0
2786.420147868129,46.44033579780215,注入领浆,0.0,0.0,0.0,0.0,0.0,0.0,0.0,0.0,0.0,0.0,0.0,1.0,0.0
2787.6848539580724,46.46141423263454,注入领浆,0.0,0.0,0.0,0.0,0.0,0.0,0.0,0.0,0.0,0.0,0.0,1.0,0.0
2788.9495600501828,46.482492667503045,注入领浆,0.0,0.0,0.0,0.0,0.0,0.0,0.0,0.0,0.0,0.0,0.0,1.0,0.0
2790.2142661443936,46.50357110240656,注入领浆,0.0,0.0,0.0,0.0,0.0,0.0,0.0,0.0,0.0,0.0,0.0,1.0,0.0
2791.4789722406413,46.52464953734402,注入领浆,0.0,0.0,0.0,0.0,0.0,0.0,0.0,0.0,0.0,0.0,0.0,1.0,0.0
2792.743678338864,46.545727972314396,注入领浆,0.0,0.0,0.0,0.0,0.0,0.0,0.0,0.0,0.0,0.0,0.0,1.0,0.0
2794.008384439001,46.56680640731668,注入领浆,0.0,0.0,0.0,0.0,0.0,0.0,0.0,0.0,0.0,0.0,0.0,1.0,0.0
2795.2730905409944,46.58788484234991,注入领浆,0.0,0.0,0.0,0.0,0.0,0.0,0.0,0.0,0.0,0.0,0.0,1.0,0.0
2796.5377966447872,46.60896327741312,注入领浆,0.0,0.0,0.0,0.0,0.0,0.0,0.0,0.0,0.0,0.0,0.0,1.0,0.0
2797.802502750325,46.63004171250542,注入领浆,0.0,0.0,0.0,0.0,0.0,0.0,0.0,0.0,0.0,0.0,0.0,1.0,0.0
2799.0672088575543,46.6511201476259,注入领浆,0.0,0.0,0.0,0.0,0.0,0.0,0.0,0.0,0.0,0.0,0.0,1.0,0.0
2800.331914966424,46.67219858277373,注入领浆,0.0,0.0,0.0,0.0,0.0,0.0,0.0,0.0,0.0,0.0,0.0,1.0,0.0
2801.596621076884,46.69327701794806,注入领浆,0.0,0.0,0.0,0.0,0.0,0.0,0.0,0.0,0.0,0.0,0.0,1.0,0.0
2802.8613271888858,46.714355453148094,注入领浆,0.0,0.0,0.0,0.0,0.0,0.0,0.0,0.0,0.0,0.0,0.0,1.0,0.0
2804.1260333023824,46.73543388837304,注入领浆,0.0,0.0,0.0,0.0,0.0,0.0,0.0,0.0,0.0,0.0,0.0,1.0,0.0
2805.390739417329,46.75651232362215,注入领浆,0.0,0.0,0.0,0.0,0.0,0.0,0.0,0.0,0.0,0.0,0.0,1.0,0.0
2806.6554455336804,46.777590758894675,注入领浆,0.0,0.0,0.0,0.0,0.0,0.0,0.0,0.0,0.0,0.0,0.0,1.0,0.0
2807.920151651395,46.79866919418991,注入领浆,0.0,0.0,0.0,0.0,0.0,0.0,0.0,0.0,0.0,0.0,0.0,1.0,0.0
2809.1848577704304,46.81974762950718,注入领浆,0.0,0.0,0.0,0.0,0.0,0.0,0.0,0.0,0.0,0.0,0.0,1.0,0.0
2810.449563890747,46.840826064845785,注入领浆,0.0,0.0,0.0,0.0,0.0,0.0,0.0,0.0,0.0,0.0,0.0,1.0,0.0
2811.714270012306,46.8619045002051,注入领浆,0.0,0.0,0.0,0.0,0.0,0.0,0.0,0.0,0.0,0.0,0.0,1.0,0.0
2812.978976135069,46.88298293558448,注入领浆,0.0,0.0,0.0,0.0,0.0,0.0,0.0,0.0,0.0,0.0,0.0,1.0,0.0
2814.243682259,46.90406137098333,注入领浆,0.0,0.0,0.0,0.0,0.0,0.0,0.0,0.0,0.0,0.0,0.0,1.0,0.0
2815.5083883840625,46.92513980640104,注入领浆,0.0,0.0,0.0,0.0,0.0,0.0,0.0,0.0,0.0,0.0,0.0,1.0,0.0
2816.773094510223,46.94621824183705,注入领浆,0.0,0.0,0.0,0.0,0.0,0.0,0.0,0.0,0.0,0.0,0.0,1.0,0.0
2818.037800637448,46.967296677290804,注入领浆,0.0,0.0,0.0,0.0,0.0,0.0,0.0,0.0,0.0,0.0,0.0,1.0,0.0
2819.3025067657054,46.98837511276176,注入领浆,0.0,0.0,0.0,0.0,0.0,0.0,0.0,0.0,0.0,0.0,0.0,1.0,0.0
2820.567212894963,47.00945354824939,注入领浆,0.0,0.0,0.0,0.0,0.0,0.0,0.0,0.0,0.0,0.0,0.0,1.0,0.0
2821.8319190251914,47.03053198375319,注入领浆,0.0,0.0,0.0,0.0,0.0,0.0,0.0,0.0,0.0,0.0,0.0,1.0,0.0
2823.0966251563605,47.05161041927268,注入领浆,0.0,0.0,0.0,0.0,0.0,0.0,0.0,0.0,0.0,0.0,0.0,1.0,0.0
2824.361331288442,47.07268885480737,注入领浆,0.0,0.0,0.0,0.0,0.0,0.0,0.0,0.0,0.0,0.0,0.0,1.0,0.0
2825.6260374214085,47.09376729035681,注入领浆,0.0,0.0,0.0,0.0,0.0,0.0,0.0,0.0,0.0,0.0,0.0,1.0,0.0
2826.8907435552323,47.11484572592054,注入领浆,0.0,0.0,0.0,0.0,0.0,0.0,0.0,0.0,0.0,0.0,0.0,1.0,0.0
2828.155449689888,47.13592416149813,注入领浆,0.0,0.0,0.0,0.0,0.0,0.0,0.0,0.0,0.0,0.0,0.0,1.0,0.0
2829.42015582535,47.15700259708917,注入领浆,0.0,0.0,0.0,0.0,0.0,0.0,0.0,0.0,0.0,0.0,0.0,1.0,0.0
2830.684861961594,47.178081032693235,注入领浆,0.0,0.0,0.0,0.0,0.0,0.0,0.0,0.0,0.0,0.0,0.0,1.0,0.0
2831.949568098596,47.19915946830994,注入领浆,0.0,0.0,0.0,0.0,0.0,0.0,0.0,0.0,0.0,0.0,0.0,1.0,0.0
2833.2142742363335,47.220237903938894,注入领浆,0.0,0.0,0.0,0.0,0.0,0.0,0.0,0.0,0.0,0.0,0.0,1.0,0.0
2834.478980374784,47.24131633957973,注入领浆,0.0,0.0,0.0,0.0,0.0,0.0,0.0,0.0,0.0,0.0,0.0,1.0,0.0
2835.7436865139257,47.262394775232096,注入领浆,0.0,0.0,0.0,0.0,0.0,0.0,0.0,0.0,0.0,0.0,0.0,1.0,0.0
2837.0083926537377,47.28347321089563,注入领浆,0.0,0.0,0.0,0.0,0.0,0.0,0.0,0.0,0.0,0.0,0.0,1.0,0.0
2838.2730987942,47.30455164657,注入领浆,0.0,0.0,0.0,0.0,0.0,0.0,0.0,0.0,0.0,0.0,0.0,1.0,0.0
2839.5378049352926,47.325630082254875,注入领浆,0.0,0.0,0.0,0.0,0.0,0.0,0.0,0.0,0.0,0.0,0.0,1.0,0.0
2840.8025110769963,47.34670851794994,注入领浆,0.0,0.0,0.0,0.0,0.0,0.0,0.0,0.0,0.0,0.0,0.0,1.0,0.0
2842.0672172192926,47.36778695365488,注入领浆,0.0,0.0,0.0,0.0,0.0,0.0,0.0,0.0,0.0,0.0,0.0,1.0,0.0
2843.3319233621633,47.388865389369386,注入领浆,0.0,0.0,0.0,0.0,0.0,0.0,0.0,0.0,0.0,0.0,0.0,1.0,0.0
2844.5966295055914,47.40994382509319,注入领浆,0.0,0.0,0.0,0.0,0.0,0.0,0.0,0.0,0.0,0.0,0.0,1.0,0.0
2845.86133564956,47.431022260826,注入领浆,0.0,0.0,0.0,0.0,0.0,0.0,0.0,0.0,0.0,0.0,0.0,1.0,0.0
2847.126041794052,47.452100696567534,注入领浆,0.0,0.0,0.0,0.0,0.0,0.0,0.0,0.0,0.0,0.0,0.0,1.0,0.0
2848.3907479390523,47.47317913231754,注入领浆,0.0,0.0,0.0,0.0,0.0,0.0,0.0,0.0,0.0,0.0,0.0,1.0,0.0
2849.6554540845455,47.49425756807576,注入领浆,0.0,0.0,0.0,0.0,0.0,0.0,0.0,0.0,0.0,0.0,0.0,1.0,0.0
2850.920160230516,47.51533600384194,注入领浆,0.0,0.0,0.0,0.0,0.0,0.0,0.0,0.0,0.0,0.0,0.0,1.0,0.0
2852.18486637695,47.53641443961583,注入领浆,0.0,0.0,0.0,0.0,0.0,0.0,0.0,0.0,0.0,0.0,0.0,1.0,0.0
2853.4495725238335,47.55749287539722,注入领浆,0.0,0.0,0.0,0.0,0.0,0.0,0.0,0.0,0.0,0.0,0.0,1.0,0.0
2854.7142786711524,47.578571311185875,注入领浆,0.0,0.0,0.0,0.0,0.0,0.0,0.0,0.0,0.0,0.0,0.0,1.0,0.0
2855.978984818894,47.59964974698156,注入领浆,0.0,0.0,0.0,0.0,0.0,0.0,0.0,0.0,0.0,0.0,0.0,1.0,0.0
2857.243690967045,47.620728182784084,注入领浆,0.0,0.0,0.0,0.0,0.0,0.0,0.0,0.0,0.0,0.0,0.0,1.0,0.0
2858.508397115593,47.64180661859322,注入领浆,0.0,0.0,0.0,0.0,0.0,0.0,0.0,0.0,0.0,0.0,0.0,1.0,0.0
2859.7731032645265,47.662885054408775,注入领浆,0.0,0.0,0.0,0.0,0.0,0.0,0.0,0.0,0.0,0.0,0.0,1.0,0.0
2861.037809413833,47.68396349023055,注入领浆,0.0,0.0,0.0,0.0,0.0,0.0,0.0,0.0,0.0,0.0,0.0,1.0,0.0
2862.3025155635023,47.70504192605837,注入领浆,0.0,0.0,0.0,0.0,0.0,0.0,0.0,0.0,0.0,0.0,0.0,1.0,0.0
2863.5672217135225,47.72612036189204,注入领浆,0.0,0.0,0.0,0.0,0.0,0.0,0.0,0.0,0.0,0.0,0.0,1.0,0.0
2864.8319278638833,47.747198797731386,注入领浆,0.0,0.0,0.0,0.0,0.0,0.0,0.0,0.0,0.0,0.0,0.0,1.0,0.0
2866.096634014574,47.768277233576235,注入领浆,0.0,0.0,0.0,0.0,0.0,0.0,0.0,0.0,0.0,0.0,0.0,1.0,0.0
2867.3613401655857,47.78935566942643,注入领浆,0.0,0.0,0.0,0.0,0.0,0.0,0.0,0.0,0.0,0.0,0.0,1.0,0.0
2868.626046316908,47.8104341052818,注入领浆,0.0,0.0,0.0,0.0,0.0,0.0,0.0,0.0,0.0,0.0,0.0,1.0,0.0
2869.890752468531,47.83151254114218,注入领浆,0.0,0.0,0.0,0.0,0.0,0.0,0.0,0.0,0.0,0.0,0.0,1.0,0.0
2871.155458620446,47.85259097700744,注入领浆,0.0,0.0,0.0,0.0,0.0,0.0,0.0,0.0,0.0,0.0,0.0,1.0,0.0
2872.4201647726445,47.87366941287741,注入领浆,0.0,0.0,0.0,0.0,0.0,0.0,0.0,0.0,0.0,0.0,0.0,1.0,0.0
2873.6848709251176,47.89474784875196,注入领浆,0.0,0.0,0.0,0.0,0.0,0.0,0.0,0.0,0.0,0.0,0.0,1.0,0.0
2874.9495770778567,47.915826284630946,注入领浆,0.0,0.0,0.0,0.0,0.0,0.0,0.0,0.0,0.0,0.0,0.0,1.0,0.0
2876.214283230854,47.936904720514235,注入领浆,0.0,0.0,0.0,0.0,0.0,0.0,0.0,0.0,0.0,0.0,0.0,1.0,0.0
2877.478989384102,47.9579831564017,注入领浆,0.0,0.0,0.0,0.0,0.0,0.0,0.0,0.0,0.0,0.0,0.0,1.0,0.0
2878.743695537593,47.97906159229321,注入领浆,0.0,0.0,0.0,0.0,0.0,0.0,0.0,0.0,0.0,0.0,0.0,1.0,0.0
2880.0084016913192,48.00014002818865,注入领浆,0.0,0.0,0.0,0.0,0.0,0.0,0.0,0.0,0.0,0.0,0.0,1.0,0.0
2881.273107845274,48.0212184640879,注入领浆,0.0,0.0,0.0,0.0,0.0,0.0,0.0,0.0,0.0,0.0,0.0,1.0,0.0
2882.53781399945,48.04229689999083,注入领浆,0.0,0.0,0.0,0.0,0.0,0.0,0.0,0.0,0.0,0.0,0.0,1.0,0.0
2883.8025201538408,48.06337533589735,注入领浆,0.0,0.0,0.0,0.0,0.0,0.0,0.0,0.0,0.0,0.0,0.0,1.0,0.0
2885.06722630844,48.08445377180733,注入领浆,0.0,0.0,0.0,0.0,0.0,0.0,0.0,0.0,0.0,0.0,0.0,1.0,0.0
2886.331932463241,48.105532207720685,注入领浆,0.0,0.0,0.0,0.0,0.0,0.0,0.0,0.0,0.0,0.0,0.0,1.0,0.0
2887.596638618238,48.1266106436373,注入领浆,0.0,0.0,0.0,0.0,0.0,0.0,0.0,0.0,0.0,0.0,0.0,1.0,0.0
2888.861344773425,48.14768907955708,注入领浆,0.0,0.0,0.0,0.0,0.0,0.0,0.0,0.0,0.0,0.0,0.0,1.0,0.0
2890.1260509287963,48.168767515479935,注入领浆,0.0,0.0,0.0,0.0,0.0,0.0,0.0,0.0,0.0,0.0,0.0,1.0,0.0
2891.390757084346,48.18984595140577,注入领浆,0.0,0.0,0.0,0.0,0.0,0.0,0.0,0.0,0.0,0.0,0.0,1.0,0.0
2892.6554632400694,48.21092438733449,注入领浆,0.0,0.0,0.0,0.0,0.0,0.0,0.0,0.0,0.0,0.0,0.0,1.0,0.0
2893.9201693959603,48.23200282326601,注入领浆,0.0,0.0,0.0,0.0,0.0,0.0,0.0,0.0,0.0,0.0,0.0,1.0,0.0
2895.184875552014,48.253081259200236,注入领浆,0.0,0.0,0.0,0.0,0.0,0.0,0.0,0.0,0.0,0.0,0.0,1.0,0.0
2896.449581708226,48.2741596951371,注入领浆,0.0,0.0,0.0,0.0,0.0,0.0,0.0,0.0,0.0,0.0,0.0,1.0,0.0
2897.714287864591,48.295238131076516,注入领浆,0.0,0.0,0.0,0.0,0.0,0.0,0.0,0.0,0.0,0.0,0.0,1.0,0.0
2898.9789940211044,48.316316567018404,注入领浆,0.0,0.0,0.0,0.0,0.0,0.0,0.0,0.0,0.0,0.0,0.0,1.0,0.0
2900.243700177762,48.3373950029627,注入领浆,0.0,0.0,0.0,0.0,0.0,0.0,0.0,0.0,0.0,0.0,0.0,1.0,0.0
2901.5084063345594,48.35847343890932,注入领浆,0.0,0.0,0.0,0.0,0.0,0.0,0.0,0.0,0.0,0.0,0.0,1.0,0.0
2902.773112491492,48.3795518748582,注入领浆,0.0,0.0,0.0,0.0,0.0,0.0,0.0,0.0,0.0,0.0,0.0,1.0,0.0
2904.0378186485564,48.40063031080927,注入领浆,0.0,0.0,0.0,0.0,0.0,0.0,0.0,0.0,0.0,0.0,0.0,1.0,0.0
2905.302524805748,48.42170874676246,注入领浆,0.0,0.0,0.0,0.0,0.0,0.0,0.0,0.0,0.0,0.0,0.0,1.0,0.0
2906.567230963063,48.442787182717716,注入领浆,0.0,0.0,0.0,0.0,0.0,0.0,0.0,0.0,0.0,0.0,0.0,1.0,0.0
2907.831937120498,48.463865618674966,注入领浆,0.0,0.0,0.0,0.0,0.0,0.0,0.0,0.0,0.0,0.0,0.0,1.0,0.0
2909.096643278049,48.484944054634155,注入领浆,0.0,0.0,0.0,0.0,0.0,0.0,0.0,0.0,0.0,0.0,0.0,1.0,0.0
2910.3613494357132,48.50602249059522,注入领浆,0.0,0.0,0.0,0.0,0.0,0.0,0.0,0.0,0.0,0.0,0.0,1.0,0.0
2911.6260555934864,48.527100926558106,注入领浆,0.0,0.0,0.0,0.0,0.0,0.0,0.0,0.0,0.0,0.0,0.0,1.0,0.0
2912.8907617513655,48.54817936252276,注入领浆,0.0,0.0,0.0,0.0,0.0,0.0,0.0,0.0,0.0,0.0,0.0,1.0,0.0
2914.1554679093474,48.569257798489126,注入领浆,0.0,0.0,0.0,0.0,0.0,0.0,0.0,0.0,0.0,0.0,0.0,1.0,0.0
2915.420174067429,48.59033623445715,注入领浆,0.0,0.0,0.0,0.0,0.0,0.0,0.0,0.0,0.0,0.0,0.0,1.0,0.0
2916.6848802256072,48.61141467042679,注入领浆,0.0,0.0,0.0,0.0,0.0,0.0,0.0,0.0,0.0,0.0,0.0,1.0,0.0
2917.9495863838793,48.63249310639799,注入领浆,0.0,0.0,0.0,0.0,0.0,0.0,0.0,0.0,0.0,0.0,0.0,1.0,0.0
2919.214292542242,48.653571542370706,注入领浆,0.0,0.0,0.0,0.0,0.0,0.0,0.0,0.0,0.0,0.0,0.0,1.0,0.0
2920.478998700693,48.67464997834488,注入领浆,0.0,0.0,0.0,0.0,0.0,0.0,0.0,0.0,0.0,0.0,0.0,1.0,0.0
2921.743704859229,48.695728414320484,注入领浆,0.0,0.0,0.0,0.0,0.0,0.0,0.0,0.0,0.0,0.0,0.0,1.0,0.0
2923.0084110178486,48.71680685029748,注入领浆,0.0,0.0,0.0,0.0,0.0,0.0,0.0,0.0,0.0,0.0,0.0,1.0,0.0
2924.273117176548,48.737885286275805,注入领浆,0.0,0.0,0.0,0.0,0.0,0.0,0.0,0.0,0.0,0.0,0.0,1.0,0.0
2925.537823335326,48.75896372225543,注入领浆,0.0,0.0,0.0,0.0,0.0,0.0,0.0,0.0,0.0,0.0,0.0,1.0,0.0
2926.802529494179,48.78004215823632,注入领浆,0.0,0.0,0.0,0.0,0.0,0.0,0.0,0.0,0.0,0.0,0.0,1.0,0.0
2928.0672356531054,48.801120594218425,注入领浆,0.0,0.0,0.0,0.0,0.0,0.0,0.0,0.0,0.0,0.0,0.0,1.0,0.0
2929.331941812103,48.82219903020172,注入领浆,0.0,0.0,0.0,0.0,0.0,0.0,0.0,0.0,0.0,0.0,0.0,1.0,0.0
2930.5966479711697,48.84327746618616,注入领浆,0.0,0.0,0.0,0.0,0.0,0.0,0.0,0.0,0.0,0.0,0.0,1.0,0.0
2931.861354130303,48.86435590217172,注入领浆,0.0,0.0,0.0,0.0,0.0,0.0,0.0,0.0,0.0,0.0,0.0,1.0,0.0
2933.1260602895013,48.885434338158355,注入领浆,0.0,0.0,0.0,0.0,0.0,0.0,0.0,0.0,0.0,0.0,0.0,1.0,0.0
2934.3907664487624,48.90651277414604,注入领浆,0.0,0.0,0.0,0.0,0.0,0.0,0.0,0.0,0.0,0.0,0.0,1.0,0.0
2935.6554726080844,48.92759121013474,注入领浆,0.0,0.0,0.0,0.0,0.0,0.0,0.0,0.0,0.0,0.0,0.0,1.0,0.0
2936.920178767466,48.948669646124436,注入领浆,0.0,0.0,0.0,0.0,0.0,0.0,0.0,0.0,0.0,0.0,0.0,1.0,0.0
2938.184884926905,48.96974808211508,注入领浆,0.0,0.0,0.0,0.0,0.0,0.0,0.0,0.0,0.0,0.0,0.0,1.0,0.0
2939.4495910863993,48.99082651810666,注入领浆,0.0,0.0,0.0,0.0,0.0,0.0,0.0,0.0,0.0,0.0,0.0,1.0,0.0
2940.714297245948,49.01190495409913,注入领浆,0.0,0.0,0.0,0.0,0.0,0.0,0.0,0.0,0.0,0.0,0.0,1.0,0.0
2941.9790034055486,49.032983390092475,注入领浆,0.0,0.0,0.0,0.0,0.0,0.0,0.0,0.0,0.0,0.0,0.0,1.0,0.0
2943.2437095652,49.05406182608667,注入领浆,0.0,0.0,0.0,0.0,0.0,0.0,0.0,0.0,0.0,0.0,0.0,1.0,0.0
2944.5084157249003,49.07514026208167,注入领浆,0.0,0.0,0.0,0.0,0.0,0.0,0.0,0.0,0.0,0.0,0.0,1.0,0.0
2945.7731218846484,49.09621869807747,注入领浆,0.0,0.0,0.0,0.0,0.0,0.0,0.0,0.0,0.0,0.0,0.0,1.0,0.0
2947.037828044443,49.11729713407405,注入领浆,0.0,0.0,0.0,0.0,0.0,0.0,0.0,0.0,0.0,0.0,0.0,1.0,0.0
2948.3025342042824,49.138375570071375,注入领浆,0.0,0.0,0.0,0.0,0.0,0.0,0.0,0.0,0.0,0.0,0.0,1.0,0.0
2949.5672403641656,49.159454006069424,注入领浆,0.0,0.0,0.0,0.0,0.0,0.0,0.0,0.0,0.0,0.0,0.0,1.0,0.0
2950.8319465240907,49.18053244206818,注入领浆,0.0,0.0,0.0,0.0,0.0,0.0,0.0,0.0,0.0,0.0,0.0,1.0,0.0
2952.0966526840566,49.20161087806761,注入领浆,0.0,0.0,0.0,0.0,0.0,0.0,0.0,0.0,0.0,0.0,0.0,1.0,0.0
2953.3613588440626,49.22268931406771,注入领浆,0.0,0.0,0.0,0.0,0.0,0.0,0.0,0.0,0.0,0.0,0.0,1.0,0.0
2954.6260650041067,49.24376775006844,注入领浆,0.0,0.0,0.0,0.0,0.0,0.0,0.0,0.0,0.0,0.0,0.0,1.0,0.0
2955.890771164188,49.2648461860698,注入领浆,0.0,0.0,0.0,0.0,0.0,0.0,0.0,0.0,0.0,0.0,0.0,1.0,0.0
2957.155477324306,49.28592462207177,注入领浆,0.0,0.0,0.0,0.0,0.0,0.0,0.0,0.0,0.0,0.0,0.0,1.0,0.0
2958.420183484459,49.307003058074315,注入领浆,0.0,0.0,0.0,0.0,0.0,0.0,0.0,0.0,0.0,0.0,0.0,1.0,0.0
2959.684889644646,49.32808149407743,注入领浆,0.0,0.0,0.0,0.0,0.0,0.0,0.0,0.0,0.0,0.0,0.0,1.0,0.0
2960.949595804866,49.3491599300811,注入领浆,0.0,0.0,0.0,0.0,0.0,0.0,0.0,0.0,0.0,0.0,0.0,1.0,0.0
2962.214301965118,49.3702383660853,注入领浆,0.0,0.0,0.0,0.0,0.0,0.0,0.0,0.0,0.0,0.0,0.0,1.0,0.0
2963.479008125401,49.39131680209002,注入领浆,0.0,0.0,0.0,0.0,0.0,0.0,0.0,0.0,0.0,0.0,0.0,1.0,0.0
2964.7437142857143,49.412395238095236,注入领浆,0.0,0.0,0.0,0.0,0.0,0.0,0.0,0.0,0.0,0.0,0.0,1.0,0.0
2966.008420446057,49.433473674100945,注入领浆,0.0,0.0,0.0,0.0,0.0,0.0,0.0,0.0,0.0,0.0,0.0,1.0,0.0
2967.2731266064275,49.45455211010712,注入领浆,0.0,0.0,0.0,0.0,0.0,0.0,0.0,0.0,0.0,0.0,0.0,1.0,0.0
2968.537832766826,49.47563054611376,注入领浆,0.0,0.0,0.0,0.0,0.0,0.0,0.0,0.0,0.0,0.0,0.0,1.0,0.0
2969.8025389272507,49.49670898212084,注入领浆,0.0,0.0,0.0,0.0,0.0,0.0,0.0,0.0,0.0,0.0,0.0,1.0,0.0
2971.0672450877014,49.51778741812836,注入领浆,0.0,0.0,0.0,0.0,0.0,0.0,0.0,0.0,0.0,0.0,0.0,1.0,0.0
2972.331951248177,49.53886585413628,注入领浆,0.0,0.0,0.0,0.0,0.0,0.0,0.0,0.0,0.0,0.0,0.0,1.0,0.0
2973.596657408677,49.559944290144614,注入领浆,0.0,0.0,0.0,0.0,0.0,0.0,0.0,0.0,0.0,0.0,0.0,1.0,0.0
2974.8613635692004,49.58102272615334,注入领浆,0.0,0.0,0.0,0.0,0.0,0.0,0.0,0.0,0.0,0.0,0.0,1.0,0.0
2976.126069729747,49.60210116216245,注入领浆,0.0,0.0,0.0,0.0,0.0,0.0,0.0,0.0,0.0,0.0,0.0,1.0,0.0
2977.3907758903156,49.62317959817192,注入领浆,0.0,0.0,0.0,0.0,0.0,0.0,0.0,0.0,0.0,0.0,0.0,1.0,0.0
2978.655482050906,49.64425803418177,注入领浆,0.0,0.0,0.0,0.0,0.0,0.0,0.0,0.0,0.0,0.0,0.0,1.0,0.0
2979.9201882115167,49.665336470191946,注入领浆,0.0,0.0,0.0,0.0,0.0,0.0,0.0,0.0,0.0,0.0,0.0,1.0,0.0
2981.184894372148,49.686414906202465,注入领浆,0.0,0.0,0.0,0.0,0.0,0.0,0.0,0.0,0.0,0.0,0.0,1.0,0.0
2982.4496005327987,49.70749334221331,注入领浆,0.0,0.0,0.0,0.0,0.0,0.0,0.0,0.0,0.0,0.0,0.0,1.0,0.0
2983.7143066934686,49.72857177822448,注入领浆,0.0,0.0,0.0,0.0,0.0,0.0,0.0,0.0,0.0,0.0,0.0,1.0,0.0
2984.9790128541567,49.74965021423595,注入领浆,0.0,0.0,0.0,0.0,0.0,0.0,0.0,0.0,0.0,0.0,0.0,1.0,0.0
2986.243719014863,49.77072865024772,注入领浆,0.0,0.0,0.0,0.0,0.0,0.0,0.0,0.0,0.0,0.0,0.0,1.0,0.0
2987.5084251755866,49.79180708625977,注入领浆,0.0,0.0,0.0,0.0,0.0,0.0,0.0,0.0,0.0,0.0,0.0,1.0,0.0
2988.773131336327,49.81288552227212,注入领浆,0.0,0.0,0.0,0.0,0.0,0.0,0.0,0.0,0.0,0.0,0.0,1.0,0.0
2990.0378374970837,49.83396395828473,注入领浆,0.0,0.0,0.0,0.0,0.0,0.0,0.0,0.0,0.0,0.0,0.0,1.0,0.0
2991.302543657856,49.8550423942976,注入领浆,0.0,0.0,0.0,0.0,0.0,0.0,0.0,0.0,0.0,0.0,0.0,1.0,0.0
2992.5672498186436,49.876120830310725,注入领浆,0.0,0.0,0.0,0.0,0.0,0.0,0.0,0.0,0.0,0.0,0.0,1.0,0.0
2993.8319559794463,49.89719926632411,注入领浆,0.0,0.0,0.0,0.0,0.0,0.0,0.0,0.0,0.0,0.0,0.0,1.0,0.0
2995.0966621402636,49.918277702337726,注入领浆,0.0,0.0,0.0,0.0,0.0,0.0,0.0,0.0,0.0,0.0,0.0,1.0,0.0
2996.3613683010944,49.93935613835158,注入领浆,0.0,0.0,0.0,0.0,0.0,0.0,0.0,0.0,0.0,0.0,0.0,1.0,0.0
2997.626074461939,49.96043457436565,注入领浆,0.0,0.0,0.0,0.0,0.0,0.0,0.0,0.0,0.0,0.0,0.0,1.0,0.0
2998.8907806227967,49.98151301037994,注入领浆,0.0,0.0,0.0,0.0,0.0,0.0,0.0,0.0,0.0,0.0,0.0,1.0,0.0
3000.155486783667,50.002591446394455,注入领浆,0.0,0.0,0.0,0.0,0.0,0.0,0.0,0.0,0.0,0.0,0.0,1.0,0.0
3001.42019294455,50.023669882409166,注入领浆,0.0,0.0,0.0,0.0,0.0,0.0,0.0,0.0,0.0,0.0,0.0,1.0,0.0
3002.684899105445,50.044748318424084,注入领浆,0.0,0.0,0.0,0.0,0.0,0.0,0.0,0.0,0.0,0.0,0.0,1.0,0.0
3003.949605266351,50.065826754439186,注入领浆,0.0,0.0,0.0,0.0,0.0,0.0,0.0,0.0,0.0,0.0,0.0,1.0,0.0
3005.214311427269,50.08690519045448,注入领浆,0.0,0.0,0.0,0.0,0.0,0.0,0.0,0.0,0.0,0.0,0.0,1.0,0.0
3006.4790175881976,50.10798362646996,注入领浆,0.0,0.0,0.0,0.0,0.0,0.0,0.0,0.0,0.0,0.0,0.0,1.0,0.0
3007.743723749137,50.12906206248562,注入领浆,0.0,0.0,0.0,0.0,0.0,0.0,0.0,0.0,0.0,0.0,0.0,1.0,0.0
3009.0084299100868,50.15014049850144,注入领浆,0.0,0.0,0.0,0.0,0.0,0.0,0.0,0.0,0.0,0.0,0.0,1.0,0.0
3010.2731360710463,50.17121893451744,注入领浆,0.0,0.0,0.0,0.0,0.0,0.0,0.0,0.0,0.0,0.0,0.0,1.0,0.0
3011.537842232016,50.1922973705336,注入领浆,0.0,0.0,0.0,0.0,0.0,0.0,0.0,0.0,0.0,0.0,0.0,1.0,0.0
3012.8025483929946,50.21337580654991,注入领浆,0.0,0.0,0.0,0.0,0.0,0.0,0.0,0.0,0.0,0.0,0.0,1.0,0.0
3014.0672545539824,50.23445424256637,注入领浆,0.0,0.0,0.0,0.0,0.0,0.0,0.0,0.0,0.0,0.0,0.0,1.0,0.0
3015.3319607149792,50.25553267858299,注入领浆,0.0,0.0,0.0,0.0,0.0,0.0,0.0,0.0,0.0,0.0,0.0,1.0,0.0
3016.5966668759847,50.276611114599746,注入领浆,0.0,0.0,0.0,0.0,0.0,0.0,0.0,0.0,0.0,0.0,0.0,1.0,0.0
3017.8613730369984,50.29768955061664,注入领浆,0.0,0.0,0.0,0.0,0.0,0.0,0.0,0.0,0.0,0.0,0.0,1.0,0.0
3019.1260791980203,50.318767986633674,注入领浆,0.0,0.0,0.0,0.0,0.0,0.0,0.0,0.0,0.0,0.0,0.0,1.0,0.0
3020.39078535905,50.33984642265083,注入领浆,0.0,0.0,0.0,0.0,0.0,0.0,0.0,0.0,0.0,0.0,0.0,1.0,0.0
3021.655491520087,50.36092485866811,注入领浆,0.0,0.0,0.0,0.0,0.0,0.0,0.0,0.0,0.0,0.0,0.0,1.0,0.0
3022.9201976811314,50.382003294685525,注入领浆,0.0,0.0,0.0,0.0,0.0,0.0,0.0,0.0,0.0,0.0,0.0,1.0,0.0
3024.184903842183,50.40308173070305,注入领浆,0.0,0.0,0.0,0.0,0.0,0.0,0.0,0.0,0.0,0.0,0.0,1.0,0.0
3025.449610003241,50.42416016672068,注入领浆,0.0,0.0,0.0,0.0,0.0,0.0,0.0,0.0,0.0,0.0,0.0,1.0,0.0
3026.714316164306,50.445238602738435,注入领浆,0.0,0.0,0.0,0.0,0.0,0.0,0.0,0.0,0.0,0.0,0.0,1.0,0.0
3027.9790223253776,50.466317038756294,注入领浆,0.0,0.0,0.0,0.0,0.0,0.0,0.0,0.0,0.0,0.0,0.0,1.0,0.0
3029.2437284864554,50.48739547477426,注入领浆,0.0,0.0,0.0,0.0,0.0,0.0,0.0,0.0,0.0,0.0,0.0,1.0,0.0
3030.5084346475396,50.508473910792326,注入领浆,0.0,0.0,0.0,0.0,0.0,0.0,0.0,0.0,0.0,0.0,0.0,1.0,0.0
3031.7731408086297,50.5295523468105,注入领浆,0.0,0.0,0.0,0.0,0.0,0.0,0.0,0.0,0.0,0.0,0.0,1.0,0.0
3033.0378469697253,50.550630782828755,注入领浆,0.0,0.0,0.0,0.0,0.0,0.0,0.0,0.0,0.0,0.0,0.0,1.0,0.0
3034.3025531308267,50.57170921884711,注入领浆,0.0,0.0,0.0,0.0,0.0,0.0,0.0,0.0,0.0,0.0,0.0,1.0,0.0
3035.5672592919336,50.59278765486556,注入领浆,0.0,0.0,0.0,0.0,0.0,0.0,0.0,0.0,0.0,0.0,0.0,1.0,0.0
3036.8319654530455,50.613866090884095,注入领浆,0.0,0.0,0.0,0.0,0.0,0.0,0.0,0.0,0.0,0.0,0.0,1.0,0.0
3038.0966716141625,50.63494452690271,注入领浆,0.0,0.0,0.0,0.0,0.0,0.0,0.0,0.0,0.0,0.0,0.0,1.0,0.0
3039.3613777752844,50.656022962921405,注入领浆,0.0,0.0,0.0,0.0,0.0,0.0,0.0,0.0,0.0,0.0,0.0,1.0,0.0
3040.6260839364113,50.67710139894019,注入领浆,0.0,0.0,0.0,0.0,0.0,0.0,0.0,0.0,0.0,0.0,0.0,1.0,0.0
3041.890790097543,50.69817983495905,注入领浆,0.0,0.0,0.0,0.0,0.0,0.0,0.0,0.0,0.0,0.0,0.0,1.0,0.0
3043.155496258679,50.71925827097798,注入领浆,0.0,0.0,0.0,0.0,0.0,0.0,0.0,0.0,0.0,0.0,0.0,1.0,0.0
3044.420202419819,50.740336706996985,注入领浆,0.0,0.0,0.0,0.0,0.0,0.0,0.0,0.0,0.0,0.0,0.0,1.0,0.0
3045.6849085809636,50.76141514301606,注入领浆,0.0,0.0,0.0,0.0,0.0,0.0,0.0,0.0,0.0,0.0,0.0,1.0,0.0
3046.9496147421123,50.782493579035204,注入领浆,0.0,0.0,0.0,0.0,0.0,0.0,0.0,0.0,0.0,0.0,0.0,1.0,0.0
3048.2143209032647,50.803572015054414,注入领浆,0.0,0.0,0.0,0.0,0.0,0.0,0.0,0.0,0.0,0.0,0.0,1.0,0.0
3049.479027064421,50.82465045107369,注入领浆,0.0,0.0,0.0,0.0,0.0,0.0,0.0,0.0,0.0,0.0,0.0,1.0,0.0
3050.7437332255813,50.845728887093024,注入领浆,0.0,0.0,0.0,0.0,0.0,0.0,0.0,0.0,0.0,0.0,0.0,1.0,0.0
3052.008439386745,50.86680732311242,注入领浆,0.0,0.0,0.0,0.0,0.0,0.0,0.0,0.0,0.0,0.0,0.0,1.0,0.0
3053.2731455479125,50.887885759131876,注入领浆,0.0,0.0,0.0,0.0,0.0,0.0,0.0,0.0,0.0,0.0,0.0,1.0,0.0
3054.537851709083,50.908964195151384,注入领浆,0.0,0.0,0.0,0.0,0.0,0.0,0.0,0.0,0.0,0.0,0.0,1.0,0.0
3055.8025578702573,50.930042631170956,注入领浆,0.0,0.0,0.0,0.0,0.0,0.0,0.0,0.0,0.0,0.0,0.0,1.0,0.0
3057.0672640314347,50.95112106719058,注入领浆,0.0,0.0,0.0,0.0,0.0,0.0,0.0,0.0,0.0,0.0,0.0,1.0,0.0
3058.3319701926152,50.972199503210256,注入领浆,0.0,0.0,0.0,0.0,0.0,0.0,0.0,0.0,0.0,0.0,0.0,1.0,0.0
3059.5966763537986,50.993277939229976,注入领浆,0.0,0.0,0.0,0.0,0.0,0.0,0.0,0.0,0.0,0.0,0.0,1.0,0.0
3060.861382514985,51.014356375249754,注入领浆,0.0,0.0,0.0,0.0,0.0,0.0,0.0,0.0,0.0,0.0,0.0,1.0,0.0
3062.1260886761743,51.035434811269575,注入领浆,0.0,0.0,0.0,0.0,0.0,0.0,0.0,0.0,0.0,0.0,0.0,1.0,0.0
3063.3907948373662,51.05651324728944,注入领浆,0.0,0.0,0.0,0.0,0.0,0.0,0.0,0.0,0.0,0.0,0.0,1.0,0.0
3064.655500998561,51.07759168330935,注入领浆,0.0,0.0,0.0,0.0,0.0,0.0,0.0,0.0,0.0,0.0,0.0,1.0,0.0
3065.9202071597583,51.098670119329306,注入领浆,0.0,0.0,0.0,0.0,0.0,0.0,0.0,0.0,0.0,0.0,0.0,1.0,0.0
3067.184913320958,51.1197485553493,注入领浆,0.0,0.0,0.0,0.0,0.0,0.0,0.0,0.0,0.0,0.0,0.0,1.0,0.0
3068.44961948216,51.14082699136933,注入领浆,0.0,0.0,0.0,0.0,0.0,0.0,0.0,0.0,0.0,0.0,0.0,1.0,0.0
3069.7143256433646,51.161905427389414,注入领浆,0.0,0.0,0.0,0.0,0.0,0.0,0.0,0.0,0.0,0.0,0.0,1.0,0.0
3070.9790318045716,51.182983863409525,注入领浆,0.0,0.0,0.0,0.0,0.0,0.0,0.0,0.0,0.0,0.0,0.0,1.0,0.0
3072.243737965781,51.20406229942968,注入领浆,0.0,0.0,0.0,0.0,0.0,0.0,0.0,0.0,0.0,0.0,0.0,1.0,0.0
3073.508444126992,51.22514073544986,注入领浆,0.0,0.0,0.0,0.0,0.0,0.0,0.0,0.0,0.0,0.0,0.0,1.0,0.0
3074.773150288205,51.24621917147009,注入领浆,0.0,0.0,0.0,0.0,0.0,0.0,0.0,0.0,0.0,0.0,0.0,1.0,0.0
3076.0378564494204,51.26729760749034,注入领浆,0.0,0.0,0.0,0.0,0.0,0.0,0.0,0.0,0.0,0.0,0.0,1.0,0.0
3077.302562610638,51.28837604351063,注入领浆,0.0,0.0,0.0,0.0,0.0,0.0,0.0,0.0,0.0,0.0,0.0,1.0,0.0
3078.567268771857,51.30945447953095,注入领浆,0.0,0.0,0.0,0.0,0.0,0.0,0.0,0.0,0.0,0.0,0.0,1.0,0.0
3079.831974933078,51.3305329155513,注入领浆,0.0,0.0,0.0,0.0,0.0,0.0,0.0,0.0,0.0,0.0,0.0,1.0,0.0
3081.096681094301,51.351611351571684,注入领浆,0.0,0.0,0.0,0.0,0.0,0.0,0.0,0.0,0.0,0.0,0.0,1.0,0.0
3082.3613872555256,51.372689787592094,注入领浆,0.0,0.0,0.0,0.0,0.0,0.0,0.0,0.0,0.0,0.0,0.0,1.0,0.0
3083.626093416752,51.39376822361253,注入领浆,0.0,0.0,0.0,0.0,0.0,0.0,0.0,0.0,0.0,0.0,0.0,1.0,0.0
3084.89079957798,51.414846659633,注入领浆,0.0,0.0,0.0,0.0,0.0,0.0,0.0,0.0,0.0,0.0,0.0,1.0,0.0
3086.1555057392097,51.435925095653495,注入领浆,0.0,0.0,0.0,0.0,0.0,0.0,0.0,0.0,0.0,0.0,0.0,1.0,0.0
3087.420211900441,51.45700353167401,注入领浆,0.0,0.0,0.0,0.0,0.0,0.0,0.0,0.0,0.0,0.0,0.0,1.0,0.0
3088.684918061673,51.47808196769456,注入领浆,0.0,0.0,0.0,0.0,0.0,0.0,0.0,0.0,0.0,0.0,0.0,1.0,0.0
3089.949624222907,51.499160403715116,注入领浆,0.0,0.0,0.0,0.0,0.0,0.0,0.0,0.0,0.0,0.0,0.0,1.0,0.0
3091.2143303841426,51.52023883973571,注入领浆,0.0,0.0,0.0,0.0,0.0,0.0,0.0,0.0,0.0,0.0,0.0,1.0,0.0
3092.4790365453796,51.54131727575633,注入领浆,0.0,0.0,0.0,0.0,0.0,0.0,0.0,0.0,0.0,0.0,0.0,1.0,0.0
3093.7437427066175,51.56239571177696,注入领浆,0.0,0.0,0.0,0.0,0.0,0.0,0.0,0.0,0.0,0.0,0.0,1.0,0.0
3095.0084488678567,51.58347414779761,注入领浆,0.0,0.0,0.0,0.0,0.0,0.0,0.0,0.0,0.0,0.0,0.0,1.0,0.0
3096.2731550290973,51.60455258381829,注入领浆,0.0,0.0,0.0,0.0,0.0,0.0,0.0,0.0,0.0,0.0,0.0,1.0,0.0
3097.5378611903393,51.62563101983899,注入中间浆,0.0,0.0,0.0,0.0,0.0,0.0,0.0,0.0,0.0,0.0,0.0,1.0,0.0
3098.802567351582,51.6467094558597,注入中间浆,0.0,0.0,0.0,0.0,0.0,0.0,0.0,0.0,0.0,0.0,0.0,1.0,0.0
3100.0672735128264,51.667787891880444,注入中间浆,0.0,0.0,0.0,0.0,0.0,0.0,0.0,0.0,0.0,0.0,0.0,1.0,0.0
3101.3319796740716,51.688866327901195,注入中间浆,0.0,0.0,0.0,0.0,0.0,0.0,0.0,0.0,0.0,0.0,0.0,1.0,0.0
3102.5966858353177,51.70994476392196,注入中间浆,0.0,0.0,0.0,0.0,0.0,0.0,0.0,0.0,0.0,0.0,0.0,1.0,0.0
3103.861391996565,51.731023199942754,注入中间浆,0.0,0.0,0.0,0.0,0.0,0.0,0.0,0.0,0.0,0.0,0.0,1.0,0.0
3105.1260981578134,51.752101635963555,注入中间浆,0.0,0.0,0.0,0.0,0.0,0.0,0.0,0.0,0.0,0.0,0.0,1.0,0.0
3106.3908043190627,51.77318007198438,注入中间浆,0.0,0.0,0.0,0.0,0.0,0.0,0.0,0.0,0.0,0.0,0.0,1.0,0.0
3107.655510480313,51.794258508005214,注入中间浆,0.0,0.0,0.0,0.0,0.0,0.0,0.0,0.0,0.0,0.0,0.0,1.0,0.0
3108.920216641564,51.815336944026065,注入中间浆,0.0,0.0,0.0,0.0,0.0,0.0,0.0,0.0,0.0,0.0,0.0,1.0,0.0
3110.184922802816,51.83641538004693,注入中间浆,0.0,0.0,0.0,0.0,0.0,0.0,0.0,0.0,0.0,0.0,0.0,1.0,0.0
3111.449628964069,51.857493816067816,注入中间浆,0.0,0.0,0.0,0.0,0.0,0.0,0.0,0.0,0.0,0.0,0.0,1.0,0.0
3112.7143351253226,51.87857225208871,注入中间浆,0.0,0.0,0.0,0.0,0.0,0.0,0.0,0.0,0.0,0.0,0.0,1.0,0.0
3113.9790412865773,51.899650688109624,注入中间浆,0.0,0.0,0.0,0.0,0.0,0.0,0.0,0.0,0.0,0.0,0.0,1.0,0.0
3115.2437474478324,51.92072912413054,注入中间浆,0.0,0.0,0.0,0.0,0.0,0.0,0.0,0.0,0.0,0.0,0.0,1.0,0.0
3116.5084536090885,51.941807560151474,注入中间浆,0.0,0.0,0.0,0.0,0.0,0.0,0.0,0.0,0.0,0.0,0.0,1.0,0.0
3117.7731597703455,51.962885996172425,注入中间浆,0.0,0.0,0.0,0.0,0.0,0.0,0.0,0.0,0.0,0.0,0.0,1.0,0.0
3119.037865931603,51.98396443219338,注入中间浆,0.0,0.0,0.0,0.0,0.0,0.0,0.0,0.0,0.0,0.0,0.0,1.0,0.0
3120.3025720928613,52.00504286821435,注入中间浆,0.0,0.0,0.0,0.0,0.0,0.0,0.0,0.0,0.0,0.0,0.0,1.0,0.0
3121.56727825412,52.02612130423533,注入中间浆,0.0,0.0,0.0,0.0,0.0,0.0,0.0,0.0,0.0,0.0,0.0,1.0,0.0
3122.83198441538,52.04719974025633,注入中间浆,0.0,0.0,0.0,0.0,0.0,0.0,0.0,0.0,0.0,0.0,0.0,1.0,0.0
3124.09669057664,52.06827817627733,注入中间浆,0.0,0.0,0.0,0.0,0.0,0.0,0.0,0.0,0.0,0.0,0.0,1.0,0.0
3125.3613967379006,52.089356612298346,注入中间浆,0.0,0.0,0.0,0.0,0.0,0.0,0.0,0.0,0.0,0.0,0.0,1.0,0.0
3126.626102899162,52.11043504831937,注入中间浆,0.0,0.0,0.0,0.0,0.0,0.0,0.0,0.0,0.0,0.0,0.0,1.0,0.0
3127.890809060424,52.1315134843404,注入中间浆,0.0,0.0,0.0,0.0,0.0,0.0,0.0,0.0,0.0,0.0,0.0,1.0,0.0
3129.1555152216865,52.152591920361445,注入中间浆,0.0,0.0,0.0,0.0,0.0,0.0,0.0,0.0,0.0,0.0,0.0,1.0,0.0
3130.4202213829494,52.17367035638249,注入中间浆,0.0,0.0,0.0,0.0,0.0,0.0,0.0,0.0,0.0,0.0,0.0,1.0,0.0
3131.684927544213,52.19474879240355,注入中间浆,0.0,0.0,0.0,0.0,0.0,0.0,0.0,0.0,0.0,0.0,0.0,1.0,0.0
3132.9496337054775,52.21582722842462,注入中间浆,0.0,0.0,0.0,0.0,0.0,0.0,0.0,0.0,0.0,0.0,0.0,1.0,0.0
3134.214339866742,52.2369056644457,注入中间浆,0.0,0.0,0.0,0.0,0.0,0.0,0.0,0.0,0.0,0.0,0.0,1.0,0.0
3135.4790460280074,52.25798410046679,注入中间浆,0.0,0.0,0.0,0.0,0.0,0.0,0.0,0.0,0.0,0.0,0.0,1.0,0.0
3136.743752189273,52.279062536487885,注入中间浆,0.0,0.0,0.0,0.0,0.0,0.0,0.0,0.0,0.0,0.0,0.0,1.0,0.0
3138.008458350539,52.300140972508984,注入中间浆,0.0,0.0,0.0,0.0,0.0,0.0,0.0,0.0,0.0,0.0,0.0,1.0,0.0
3139.2731645118056,52.32121940853009,注入中间浆,0.0,0.0,0.0,0.0,0.0,0.0,0.0,0.0,0.0,0.0,0.0,1.0,0.0
3140.5378706730726,52.34229784455121,注入中间浆,0.0,0.0,0.0,0.0,0.0,0.0,0.0,0.0,0.0,0.0,0.0,1.0,0.0
3141.80257683434,52.36337628057233,注入中间浆,0.0,0.0,0.0,0.0,0.0,0.0,0.0,0.0,0.0,0.0,0.0,1.0,0.0
3143.0672829956075,52.38445471659346,注入中间浆,0.0,0.0,0.0,0.0,0.0,0.0,0.0,0.0,0.0,0.0,0.0,1.0,0.0
3144.3319891568754,52.40553315261459,注入中间浆,0.0,0.0,0.0,0.0,0.0,0.0,0.0,0.0,0.0,0.0,0.0,1.0,0.0
3145.5966953181437,52.42661158863573,注入中间浆,0.0,0.0,0.0,0.0,0.0,0.0,0.0,0.0,0.0,0.0,0.0,1.0,0.0
3146.8614014794125,52.44769002465687,注入中间浆,0.0,0.0,0.0,0.0,0.0,0.0,0.0,0.0,0.0,0.0,0.0,1.0,0.0
3148.1261076406818,52.46876846067803,注入中间浆,0.0,0.0,0.0,0.0,0.0,0.0,0.0,0.0,0.0,0.0,0.0,1.0,0.0
3149.3908138019515,52.48984689669919,注入中间浆,0.0,0.0,0.0,0.0,0.0,0.0,0.0,0.0,0.0,0.0,0.0,1.0,0.0
3150.655519963221,52.510925332720355,注入中间浆,0.0,0.0,0.0,0.0,0.0,0.0,0.0,0.0,0.0,0.0,0.0,1.0,0.0
3151.9202261244914,52.532003768741525,注入中间浆,0.0,0.0,0.0,0.0,0.0,0.0,0.0,0.0,0.0,0.0,0.0,1.0,0.0
3153.184932285762,52.5530822047627,注入中间浆,0.0,0.0,0.0,0.0,0.0,0.0,0.0,0.0,0.0,0.0,0.0,1.0,0.0
3154.4496384470326,52.57416064078388,注入中间浆,0.0,0.0,0.0,0.0,0.0,0.0,0.0,0.0,0.0,0.0,0.0,1.0,0.0
3155.7143446083037,52.595239076805065,注入中间浆,0.0,0.0,0.0,0.0,0.0,0.0,0.0,0.0,0.0,0.0,0.0,1.0,0.0
3156.979050769575,52.61631751282626,注入中间浆,0.0,0.0,0.0,0.0,0.0,0.0,0.0,0.0,0.0,0.0,0.0,1.0,0.0
3158.2437569308468,52.63739594884745,注入中间浆,0.0,0.0,0.0,0.0,0.0,0.0,0.0,0.0,0.0,0.0,0.0,1.0,0.0
3159.5084630921187,52.65847438486865,注入中间浆,0.0,0.0,0.0,0.0,0.0,0.0,0.0,0.0,0.0,0.0,0.0,1.0,0.0
3160.7731692533907,52.679552820889846,注入中间浆,0.0,0.0,0.0,0.0,0.0,0.0,0.0,0.0,0.0,0.0,0.0,1.0,0.0
3162.037875414663,52.70063125691105,注入中间浆,0.0,0.0,0.0,0.0,0.0,0.0,0.0,0.0,0.0,0.0,0.0,1.0,0.0
3163.3025815759356,52.72170969293226,注入中间浆,0.0,0.0,0.0,0.0,0.0,0.0,0.0,0.0,0.0,0.0,0.0,1.0,0.0
3164.5672877372085,52.74278812895348,注入中间浆,0.0,0.0,0.0,0.0,0.0,0.0,0.0,0.0,0.0,0.0,0.0,1.0,0.0
3165.8319938984814,52.76386656497469,注入中间浆,0.0,0.0,0.0,0.0,0.0,0.0,0.0,0.0,0.0,0.0,0.0,1.0,0.0
3167.0967000597548,52.78494500099591,注入中间浆,0.0,0.0,0.0,0.0,0.0,0.0,0.0,0.0,0.0,0.0,0.0,1.0,0.0
3168.361406221028,52.80602343701714,注入中间浆,0.0,0.0,0.0,0.0,0.0,0.0,0.0,0.0,0.0,0.0,0.0,1.0,0.0
3169.626112382302,52.827101873038366,注入中间浆,0.0,0.0,0.0,0.0,0.0,0.0,0.0,0.0,0.0,0.0,0.0,1.0,0.0
3170.8908185435757,52.84818030905959,注入中间浆,0.0,0.0,0.0,0.0,0.0,0.0,0.0,0.0,0.0,0.0,0.0,1.0,0.0
3172.15552470485,52.869258745080835,注入中间浆,0.0,0.0,0.0,0.0,0.0,0.0,0.0,0.0,0.0,0.0,0.0,1.0,0.0
3173.4202308661243,52.89033718110207,注入中间浆,0.0,0.0,0.0,0.0,0.0,0.0,0.0,0.0,0.0,0.0,0.0,1.0,0.0
3174.684937027399,52.91141561712332,注入中间浆,0.0,0.0,0.0,0.0,0.0,0.0,0.0,0.0,0.0,0.0,0.0,1.0,0.0
3175.9496431886737,52.93249405314456,注入中间浆,0.0,0.0,0.0,0.0,0.0,0.0,0.0,0.0,0.0,0.0,0.0,1.0,0.0
3177.2143493499484,52.95357248916581,注入中间浆,0.0,0.0,0.0,0.0,0.0,0.0,0.0,0.0,0.0,0.0,0.0,1.0,0.0
3178.4790555112236,52.974650925187056,注入中间浆,0.0,0.0,0.0,0.0,0.0,0.0,0.0,0.0,0.0,0.0,0.0,1.0,0.0
3179.7437616724987,52.99572936120831,注入中间浆,0.0,0.0,0.0,0.0,0.0,0.0,0.0,0.0,0.0,0.0,0.0,1.0,0.0
3181.008467833774,53.01680779722957,注入中间浆,0.0,0.0,0.0,0.0,0.0,0.0,0.0,0.0,0.0,0.0,0.0,1.0,0.0
3182.2731739950495,53.03788623325082,注入中间浆,0.0,0.0,0.0,0.0,0.0,0.0,0.0,0.0,0.0,0.0,0.0,1.0,0.0
3183.537880156325,53.058964669272086,注入中间浆,0.0,0.0,0.0,0.0,0.0,0.0,0.0,0.0,0.0,0.0,0.0,1.0,0.0
3184.802586317601,53.08004310529335,注入中间浆,0.0,0.0,0.0,0.0,0.0,0.0,0.0,0.0,0.0,0.0,0.0,1.0,0.0
3186.067292478877,53.10112154131461,注入中间浆,0.0,0.0,0.0,0.0,0.0,0.0,0.0,0.0,0.0,0.0,0.0,1.0,0.0
3187.331998640153,53.12219997733588,注入中间浆,0.0,0.0,0.0,0.0,0.0,0.0,0.0,0.0,0.0,0.0,0.0,1.0,0.0
3188.596704801429,53.14327841335715,注入中间浆,0.0,0.0,0.0,0.0,0.0,0.0,0.0,0.0,0.0,0.0,0.0,1.0,0.0
3189.8614109627056,53.16435684937843,注入中间浆,0.0,0.0,0.0,0.0,0.0,0.0,0.0,0.0,0.0,0.0,0.0,1.0,0.0
3191.126117123982,53.1854352853997,注入中间浆,0.0,0.0,0.0,0.0,0.0,0.0,0.0,0.0,0.0,0.0,0.0,1.0,0.0
3192.3908232852586,53.206513721420976,注入中间浆,0.0,0.0,0.0,0.0,0.0,0.0,0.0,0.0,0.0,0.0,0.0,1.0,0.0
3193.655529446535,53.22759215744225,注入中间浆,0.0,0.0,0.0,0.0,0.0,0.0,0.0,0.0,0.0,0.0,0.0,1.0,0.0
3194.920235607812,53.24867059346354,注入中间浆,0.0,0.0,0.0,0.0,0.0,0.0,0.0,0.0,0.0,0.0,0.0,1.0,0.0
3196.184941769089,53.26974902948482,注入中间浆,0.0,0.0,0.0,0.0,0.0,0.0,0.0,0.0,0.0,0.0,0.0,1.0,0.0
3197.449647930366,53.290827465506105,注入中间浆,0.0,0.0,0.0,0.0,0.0,0.0,0.0,0.0,0.0,0.0,0.0,1.0,0.0
3198.714354091643,53.31190590152739,注入中间浆,0.0,0.0,0.0,0.0,0.0,0.0,0.0,0.0,0.0,0.0,0.0,1.0,0.0
3199.9790602529206,53.33298433754867,注入中间浆,0.0,0.0,0.0,0.0,0.0,0.0,0.0,0.0,0.0,0.0,0.0,1.0,0.0
3201.243766414198,53.354062773569964,注入中间浆,0.0,0.0,0.0,0.0,0.0,0.0,0.0,0.0,0.0,0.0,0.0,1.0,0.0
3202.5084725754755,53.375141209591256,注入中间浆,0.0,0.0,0.0,0.0,0.0,0.0,0.0,0.0,0.0,0.0,0.0,1.0,0.0
3203.773178736753,53.39621964561255,注入中间浆,0.0,0.0,0.0,0.0,0.0,0.0,0.0,0.0,0.0,0.0,0.0,1.0,0.0
3205.0378848980304,53.41729808163384,注入中间浆,0.0,0.0,0.0,0.0,0.0,0.0,0.0,0.0,0.0,0.0,0.0,1.0,0.0
3206.3025910593083,53.438376517655136,注入中间浆,0.0,0.0,0.0,0.0,0.0,0.0,0.0,0.0,0.0,0.0,0.0,1.0,0.0
3207.567297220586,53.459454953676435,注入中间浆,0.0,0.0,0.0,0.0,0.0,0.0,0.0,0.0,0.0,0.0,0.0,1.0,0.0
3208.832003381864,53.48053338969773,注入中间浆,0.0,0.0,0.0,0.0,0.0,0.0,0.0,0.0,0.0,0.0,0.0,1.0,0.0
3210.096709543142,53.50161182571903,注入中间浆,0.0,0.0,0.0,0.0,0.0,0.0,0.0,0.0,0.0,0.0,0.0,1.0,0.0
3211.36141570442,53.52269026174033,注入中间浆,0.0,0.0,0.0,0.0,0.0,0.0,0.0,0.0,0.0,0.0,0.0,1.0,0.0
3212.626121865698,53.543768697761635,注入中间浆,0.0,0.0,0.0,0.0,0.0,0.0,0.0,0.0,0.0,0.0,0.0,1.0,0.0
3213.8908280269766,53.56484713378294,注入中间浆,0.0,0.0,0.0,0.0,0.0,0.0,0.0,0.0,0.0,0.0,0.0,1.0,0.0
3215.155534188255,53.585925569804246,注入中间浆,0.0,0.0,0.0,0.0,0.0,0.0,0.0,0.0,0.0,0.0,0.0,1.0,0.0
3216.4202403495333,53.60700400582555,注入中间浆,0.0,0.0,0.0,0.0,0.0,0.0,0.0,0.0,0.0,0.0,0.0,1.0,0.0
3217.6849465108116,53.628082441846864,注入中间浆,0.0,0.0,0.0,0.0,0.0,0.0,0.0,0.0,0.0,0.0,0.0,1.0,0.0
3218.94965267209,53.64916087786817,注入中间浆,0.0,0.0,0.0,0.0,0.0,0.0,0.0,0.0,0.0,0.0,0.0,1.0,0.0
3220.2143588333684,53.670239313889475,注入中间浆,0.0,0.0,0.0,0.0,0.0,0.0,0.0,0.0,0.0,0.0,0.0,1.0,0.0
3221.479064994647,53.69131774991079,注入中间浆,0.0,0.0,0.0,0.0,0.0,0.0,0.0,0.0,0.0,0.0,0.0,1.0,0.0
3222.743771155926,53.7123961859321,注入中间浆,0.0,0.0,0.0,0.0,0.0,0.0,0.0,0.0,0.0,0.0,0.0,1.0,0.0
3224.008477317205,53.73347462195341,注入中间浆,0.0,0.0,0.0,0.0,0.0,0.0,0.0,0.0,0.0,0.0,0.0,1.0,0.0
3225.2731834784836,53.754553057974725,注入中间浆,0.0,0.0,0.0,0.0,0.0,0.0,0.0,0.0,0.0,0.0,0.0,1.0,0.0
3226.5378896397624,53.77563149399604,注入中间浆,0.0,0.0,0.0,0.0,0.0,0.0,0.0,0.0,0.0,0.0,0.0,1.0,0.0
3227.802595801041,53.79670993001735,注入中间浆,0.0,0.0,0.0,0.0,0.0,0.0,0.0,0.0,0.0,0.0,0.0,1.0,0.0
3229.06730196232,53.81778836603867,注入中间浆,0.0,0.0,0.0,0.0,0.0,0.0,0.0,0.0,0.0,0.0,0.0,1.0,0.0
3230.332008123599,53.83886680205998,注入中间浆,0.0,0.0,0.0,0.0,0.0,0.0,0.0,0.0,0.0,0.0,0.0,1.0,0.0
3231.5967142848776,53.859945238081295,注入中间浆,0.0,0.0,0.0,0.0,0.0,0.0,0.0,0.0,0.0,0.0,0.0,1.0,0.0
3232.861420446157,53.881023674102615,注入中间浆,0.0,0.0,0.0,0.0,0.0,0.0,0.0,0.0,0.0,0.0,0.0,1.0,0.0
3234.126126607436,53.902102110123934,注入中间浆,0.0,0.0,0.0,0.0,0.0,0.0,0.0,0.0,0.0,0.0,0.0,1.0,0.0
3235.3908327687154,53.923180546145254,注入中间浆,0.0,0.0,0.0,0.0,0.0,0.0,0.0,0.0,0.0,0.0,0.0,1.0,0.0
3236.6555389299947,53.94425898216658,注入中间浆,0.0,0.0,0.0,0.0,0.0,0.0,0.0,0.0,0.0,0.0,0.0,1.0,0.0
3237.920245091274,53.9653374181879,注入中间浆,0.0,0.0,0.0,0.0,0.0,0.0,0.0,0.0,0.0,0.0,0.0,1.0,0.0
3239.184951252553,53.98641585420922,注入中间浆,0.0,0.0,0.0,0.0,0.0,0.0,0.0,0.0,0.0,0.0,0.0,1.0,0.0
3240.4496574138325,54.00749429023054,注入中间浆,0.0,0.0,0.0,0.0,0.0,0.0,0.0,0.0,0.0,0.0,0.0,1.0,0.0
3241.7143635751117,54.02857272625186,注入中间浆,0.0,0.0,0.0,0.0,0.0,0.0,0.0,0.0,0.0,0.0,0.0,1.0,0.0
3242.979069736391,54.049651162273186,注入中间浆,0.0,0.0,0.0,0.0,0.0,0.0,0.0,0.0,0.0,0.0,0.0,1.0,0.0
3244.2437758976703,54.070729598294506,注入中间浆,0.0,0.0,0.0,0.0,0.0,0.0,0.0,0.0,0.0,0.0,0.0,1.0,0.0
3245.5084820589495,54.091808034315825,注入中间浆,0.0,0.0,0.0,0.0,0.0,0.0,0.0,0.0,0.0,0.0,0.0,1.0,0.0
3246.773188220229,54.112886470337145,注入中间浆,0.0,0.0,0.0,0.0,0.0,0.0,0.0,0.0,0.0,0.0,0.0,1.0,0.0
3248.0378943815085,54.13396490635848,注入中间浆,0.0,0.0,0.0,0.0,0.0,0.0,0.0,0.0,0.0,0.0,0.0,1.0,0.0
3249.3026005427882,54.155043342379805,注入中间浆,0.0,0.0,0.0,0.0,0.0,0.0,0.0,0.0,0.0,0.0,0.0,1.0,0.0
3250.567306704068,54.17612177840113,注入中间浆,0.0,0.0,0.0,0.0,0.0,0.0,0.0,0.0,0.0,0.0,0.0,1.0,0.0
3251.8320128653477,54.19720021442246,注入中间浆,0.0,0.0,0.0,0.0,0.0,0.0,0.0,0.0,0.0,0.0,0.0,1.0,0.0
3253.0967190266274,54.21827865044379,注入中间浆,0.0,0.0,0.0,0.0,0.0,0.0,0.0,0.0,0.0,0.0,0.0,1.0,0.0
3254.361425187907,54.23935708646512,注入中间浆,0.0,0.0,0.0,0.0,0.0,0.0,0.0,0.0,0.0,0.0,0.0,1.0,0.0
3255.626131349187,54.260435522486446,注入中间浆,0.0,0.0,0.0,0.0,0.0,0.0,0.0,0.0,0.0,0.0,0.0,1.0,0.0
3256.8908375104666,54.28151395850777,注入中间浆,0.0,0.0,0.0,0.0,0.0,0.0,0.0,0.0,0.0,0.0,0.0,1.0,0.0
3258.1555436717463,54.30259239452911,注入中间浆,0.0,0.0,0.0,0.0,0.0,0.0,0.0,0.0,0.0,0.0,0.0,1.0,0.0
3259.420249833026,54.323670830550434,注入中间浆,0.0,0.0,0.0,0.0,0.0,0.0,0.0,0.0,0.0,0.0,0.0,1.0,0.0
3260.6849559943057,54.34474926657176,注入中间浆,0.0,0.0,0.0,0.0,0.0,0.0,0.0,0.0,0.0,0.0,0.0,1.0,0.0
3261.9496621555854,54.36582770259309,注入中间浆,0.0,0.0,0.0,0.0,0.0,0.0,0.0,0.0,0.0,0.0,0.0,1.0,0.0
3263.214368316865,54.38690613861442,注入中间浆,0.0,0.0,0.0,0.0,0.0,0.0,0.0,0.0,0.0,0.0,0.0,1.0,0.0
3264.479074478145,54.40798457463575,注入中间浆,0.0,0.0,0.0,0.0,0.0,0.0,0.0,0.0,0.0,0.0,0.0,1.0,0.0
3265.7437806394246,54.429063010657075,注入中间浆,0.0,0.0,0.0,0.0,0.0,0.0,0.0,0.0,0.0,0.0,0.0,1.0,0.0
3267.0084868007043,54.45014144667841,注入中间浆,0.0,0.0,0.0,0.0,0.0,0.0,0.0,0.0,0.0,0.0,0.0,1.0,0.0
3268.273192961984,54.471219882699735,注入中间浆,0.0,0.0,0.0,0.0,0.0,0.0,0.0,0.0,0.0,0.0,0.0,1.0,0.0
3269.5378991232637,54.49229831872106,注入中间浆,0.0,0.0,0.0,0.0,0.0,0.0,0.0,0.0,0.0,0.0,0.0,1.0,0.0
3270.8026052845435,54.51337675474239,注入中间浆,0.0,0.0,0.0,0.0,0.0,0.0,0.0,0.0,0.0,0.0,0.0,1.0,0.0
3272.067311445823,54.53445519076372,注入中间浆,0.0,0.0,0.0,0.0,0.0,0.0,0.0,0.0,0.0,0.0,0.0,1.0,0.0
3273.3320176071034,54.555533626785056,注入中间浆,0.0,0.0,0.0,0.0,0.0,0.0,0.0,0.0,0.0,0.0,0.0,1.0,0.0
3274.5967237683835,54.57661206280639,注入中间浆,0.0,0.0,0.0,0.0,0.0,0.0,0.0,0.0,0.0,0.0,0.0,1.0,0.0
3275.8614299296637,54.59769049882773,注入中间浆,0.0,0.0,0.0,0.0,0.0,0.0,0.0,0.0,0.0,0.0,0.0,1.0,0.0
3277.126136090944,54.618768934849065,注入中间浆,0.0,0.0,0.0,0.0,0.0,0.0,0.0,0.0,0.0,0.0,0.0,1.0,0.0
3278.390842252224,54.6398473708704,注入中间浆,0.0,0.0,0.0,0.0,0.0,0.0,0.0,0.0,0.0,0.0,0.0,1.0,0.0
3279.655548413504,54.66092580689174,注入中间浆,0.0,0.0,0.0,0.0,0.0,0.0,0.0,0.0,0.0,0.0,0.0,1.0,0.0
3280.9202545747844,54.682004242913074,注入中间浆,0.0,0.0,0.0,0.0,0.0,0.0,0.0,0.0,0.0,0.0,0.0,1.0,0.0
3282.1849607360646,54.70308267893441,注入中间浆,0.0,0.0,0.0,0.0,0.0,0.0,0.0,0.0,0.0,0.0,0.0,1.0,0.0
3283.4496668973447,54.72416111495575,注入中间浆,0.0,0.0,0.0,0.0,0.0,0.0,0.0,0.0,0.0,0.0,0.0,1.0,0.0
3284.714373058625,54.74523955097708,注入中间浆,0.0,0.0,0.0,0.0,0.0,0.0,0.0,0.0,0.0,0.0,0.0,1.0,0.0
3285.979079219905,54.766317986998416,注入中间浆,0.0,0.0,0.0,0.0,0.0,0.0,0.0,0.0,0.0,0.0,0.0,1.0,0.0
3287.2437853811853,54.78739642301976,注入中间浆,0.0,0.0,0.0,0.0,0.0,0.0,0.0,0.0,0.0,0.0,0.0,1.0,0.0
3288.5084915424654,54.80847485904109,注入中间浆,0.0,0.0,0.0,0.0,0.0,0.0,0.0,0.0,0.0,0.0,0.0,1.0,0.0
3289.7731977037456,54.829553295062425,注入中间浆,0.0,0.0,0.0,0.0,0.0,0.0,0.0,0.0,0.0,0.0,0.0,1.0,0.0
3291.037903865026,54.850631731083766,注入中间浆,0.0,0.0,0.0,0.0,0.0,0.0,0.0,0.0,0.0,0.0,0.0,1.0,0.0
3292.302610026306,54.8717101671051,注入中间浆,0.0,0.0,0.0,0.0,0.0,0.0,0.0,0.0,0.0,0.0,0.0,1.0,0.0
3293.567316187586,54.892788603126434,注入中间浆,0.0,0.0,0.0,0.0,0.0,0.0,0.0,0.0,0.0,0.0,0.0,1.0,0.0
3294.8320223488663,54.913867039147775,注入中间浆,0.0,0.0,0.0,0.0,0.0,0.0,0.0,0.0,0.0,0.0,0.0,1.0,0.0
3296.0967285101465,54.93494547516911,注入中间浆,0.0,0.0,0.0,0.0,0.0,0.0,0.0,0.0,0.0,0.0,0.0,1.0,0.0
3297.3614346714267,54.95602391119044,注入中间浆,0.0,0.0,0.0,0.0,0.0,0.0,0.0,0.0,0.0,0.0,0.0,1.0,0.0
3298.626140832707,54.97710234721178,注入中间浆,0.0,0.0,0.0,0.0,0.0,0.0,0.0,0.0,0.0,0.0,0.0,1.0,0.0
3299.890846993987,54.99818078323312,注入中间浆,0.0,0.0,0.0,0.0,0.0,0.0,0.0,0.0,0.0,0.0,0.0,1.0,0.0
3301.155553155267,55.01925921925445,注入中间浆,0.0,0.0,0.0,0.0,0.0,0.0,0.0,0.0,0.0,0.0,0.0,1.0,0.0
3302.4202593165473,55.04033765527579,注入中间浆,0.0,0.0,0.0,0.0,0.0,0.0,0.0,0.0,0.0,0.0,0.0,1.0,0.0
3303.6849654778275,55.061416091297126,注入中间浆,0.0,0.0,0.0,0.0,0.0,0.0,0.0,0.0,0.0,0.0,0.0,1.0,0.0
3304.9496716391077,55.08249452731846,注入中间浆,0.0,0.0,0.0,0.0,0.0,0.0,0.0,0.0,0.0,0.0,0.0,1.0,0.0
3306.214377800388,55.1035729633398,注入中间浆,0.0,0.0,0.0,0.0,0.0,0.0,0.0,0.0,0.0,0.0,0.0,1.0,0.0
3307.479083961668,55.124651399361134,注入中间浆,0.0,0.0,0.0,0.0,0.0,0.0,0.0,0.0,0.0,0.0,0.0,1.0,0.0
3308.743790122948,55.14572983538247,注入中间浆,0.0,0.0,0.0,0.0,0.0,0.0,0.0,0.0,0.0,0.0,0.0,1.0,0.0
3310.0084962842284,55.16680827140381,注入中间浆,0.0,0.0,0.0,0.0,0.0,0.0,0.0,0.0,0.0,0.0,0.0,1.0,0.0
3311.2732024455086,55.18788670742514,注入中间浆,0.0,0.0,0.0,0.0,0.0,0.0,0.0,0.0,0.0,0.0,0.0,1.0,0.0
3312.5379086067887,55.20896514344648,注入中间浆,0.0,0.0,0.0,0.0,0.0,0.0,0.0,0.0,0.0,0.0,0.0,1.0,0.0
3313.802614768069,55.23004357946782,注入中间浆,0.0,0.0,0.0,0.0,0.0,0.0,0.0,0.0,0.0,0.0,0.0,1.0,0.0
3315.067320929349,55.25112201548915,注入中间浆,0.0,0.0,0.0,0.0,0.0,0.0,0.0,0.0,0.0,0.0,0.0,1.0,0.0
3316.3320270906293,55.272200451510486,注入中间浆,0.0,0.0,0.0,0.0,0.0,0.0,0.0,0.0,0.0,0.0,0.0,1.0,0.0
3317.5967332519094,55.29327888753183,注入中间浆,0.0,0.0,0.0,0.0,0.0,0.0,0.0,0.0,0.0,0.0,0.0,1.0,0.0
3318.8614394131896,55.31435732355316,注入中间浆,0.0,0.0,0.0,0.0,0.0,0.0,0.0,0.0,0.0,0.0,0.0,1.0,0.0
3320.12614557447,55.335435759574494,注入中间浆,0.0,0.0,0.0,0.0,0.0,0.0,0.0,0.0,0.0,0.0,0.0,1.0,0.0
3321.39085173575,55.356514195595835,注入中间浆,0.0,0.0,0.0,0.0,0.0,0.0,0.0,0.0,0.0,0.0,0.0,1.0,0.0
3322.65555789703,55.37759263161717,注入中间浆,0.0,0.0,0.0,0.0,0.0,0.0,0.0,0.0,0.0,0.0,0.0,1.0,0.0
3323.9202640583103,55.3986710676385,注入中间浆,0.0,0.0,0.0,0.0,0.0,0.0,0.0,0.0,0.0,0.0,0.0,1.0,0.0
3325.1849702195905,55.419749503659844,注入中间浆,0.0,0.0,0.0,0.0,0.0,0.0,0.0,0.0,0.0,0.0,0.0,1.0,0.0
3326.4496763808706,55.44082793968118,注入中间浆,0.0,0.0,0.0,0.0,0.0,0.0,0.0,0.0,0.0,0.0,0.0,1.0,0.0
3327.714382542151,55.46190637570251,注入中间浆,0.0,0.0,0.0,0.0,0.0,0.0,0.0,0.0,0.0,0.0,0.0,1.0,0.0
3328.979088703431,55.48298481172385,注入中间浆,0.0,0.0,0.0,0.0,0.0,0.0,0.0,0.0,0.0,0.0,0.0,1.0,0.0
3330.243794864711,55.50406324774519,注入中间浆,0.0,0.0,0.0,0.0,0.0,0.0,0.0,0.0,0.0,0.0,0.0,1.0,0.0
3331.5085010259913,55.52514168376652,注入中间浆,0.0,0.0,0.0,0.0,0.0,0.0,0.0,0.0,0.0,0.0,0.0,1.0,0.0
3332.7732071872715,55.54622011978786,注入中间浆,0.0,0.0,0.0,0.0,0.0,0.0,0.0,0.0,0.0,0.0,0.0,1.0,0.0
3334.0379133485517,55.567298555809195,注入中间浆,0.0,0.0,0.0,0.0,0.0,0.0,0.0,0.0,0.0,0.0,0.0,1.0,0.0
3335.302619509832,55.58837699183053,注入中间浆,0.0,0.0,0.0,0.0,0.0,0.0,0.0,0.0,0.0,0.0,0.0,1.0,0.0
3336.567325671112,55.60945542785187,注入中间浆,0.0,0.0,0.0,0.0,0.0,0.0,0.0,0.0,0.0,0.0,0.0,1.0,0.0
3337.832031832392,55.630533863873204,注入中间浆,0.0,0.0,0.0,0.0,0.0,0.0,0.0,0.0,0.0,0.0,0.0,1.0,0.0
3339.0967379936724,55.65161229989454,注入中间浆,0.0,0.0,0.0,0.0,0.0,0.0,0.0,0.0,0.0,0.0,0.0,1.0,0.0
3340.3614441549526,55.67269073591588,注入中间浆,0.0,0.0,0.0,0.0,0.0,0.0,0.0,0.0,0.0,0.0,0.0,1.0,0.0
3341.626150316233,55.69376917193722,注入中间浆,0.0,0.0,0.0,0.0,0.0,0.0,0.0,0.0,0.0,0.0,0.0,1.0,0.0
3342.890856477514,55.71484760795856,注入中间浆,0.0,0.0,0.0,0.0,0.0,0.0,0.0,0.0,0.0,0.0,0.0,1.0,0.0
3344.1555626387944,55.73592604397991,注入中间浆,0.0,0.0,0.0,0.0,0.0,0.0,0.0,0.0,0.0,0.0,0.0,1.0,0.0
3345.420268800075,55.75700448000125,注入中间浆,0.0,0.0,0.0,0.0,0.0,0.0,0.0,0.0,0.0,0.0,0.0,1.0,0.0
3346.6849749613557,55.7780829160226,注入中间浆,0.0,0.0,0.0,0.0,0.0,0.0,0.0,0.0,0.0,0.0,0.0,1.0,0.0
3347.9496811226363,55.79916135204394,注入中间浆,0.0,0.0,0.0,0.0,0.0,0.0,0.0,0.0,0.0,0.0,0.0,1.0,0.0
3349.214387283917,55.82023978806528,注入中间浆,0.0,0.0,0.0,0.0,0.0,0.0,0.0,0.0,0.0,0.0,0.0,1.0,0.0
3350.4790934451976,55.84131822408663,注入中间浆,0.0,0.0,0.0,0.0,0.0,0.0,0.0,0.0,0.0,0.0,0.0,1.0,0.0
3351.743799606478,55.86239666010797,注入中间浆,0.0,0.0,0.0,0.0,0.0,0.0,0.0,0.0,0.0,0.0,0.0,1.0,0.0
3353.008505767759,55.88347509612932,注入中间浆,0.0,0.0,0.0,0.0,0.0,0.0,0.0,0.0,0.0,0.0,0.0,1.0,0.0
3354.2732119290395,55.90455353215066,注入中间浆,0.0,0.0,0.0,0.0,0.0,0.0,0.0,0.0,0.0,0.0,0.0,1.0,0.0
3355.53791809032,55.925631968172,注入中间浆,0.0,0.0,0.0,0.0,0.0,0.0,0.0,0.0,0.0,0.0,0.0,1.0,0.0
3356.8026242516007,55.94671040419335,注入中间浆,0.0,0.0,0.0,0.0,0.0,0.0,0.0,0.0,0.0,0.0,0.0,1.0,0.0
3358.0673304128813,55.96778884021469,注入中间浆,0.0,0.0,0.0,0.0,0.0,0.0,0.0,0.0,0.0,0.0,0.0,1.0,0.0
3359.332036574162,55.988867276236036,注入中间浆,0.0,0.0,0.0,0.0,0.0,0.0,0.0,0.0,0.0,0.0,0.0,1.0,0.0
3360.5967427354426,56.00994571225738,注入中间浆,0.0,0.0,0.0,0.0,0.0,0.0,0.0,0.0,0.0,0.0,0.0,1.0,0.0
3361.8614488967232,56.03102414827872,注入中间浆,0.0,0.0,0.0,0.0,0.0,0.0,0.0,0.0,0.0,0.0,0.0,1.0,0.0
3363.126155058004,56.052102584300066,注入中间浆,0.0,0.0,0.0,0.0,0.0,0.0,0.0,0.0,0.0,0.0,0.0,1.0,0.0
3364.3908612192845,56.07318102032141,注入中间浆,0.0,0.0,0.0,0.0,0.0,0.0,0.0,0.0,0.0,0.0,0.0,1.0,0.0
3365.655567380565,56.094259456342755,注入中间浆,0.0,0.0,0.0,0.0,0.0,0.0,0.0,0.0,0.0,0.0,0.0,1.0,0.0
3366.9202735418457,56.115337892364096,注入中间浆,0.0,0.0,0.0,0.0,0.0,0.0,0.0,0.0,0.0,0.0,0.0,1.0,0.0
3368.1849797031264,56.13641632838544,注入中间浆,0.0,0.0,0.0,0.0,0.0,0.0,0.0,0.0,0.0,0.0,0.0,1.0,0.0
3369.449685864407,56.157494764406785,注入中间浆,0.0,0.0,0.0,0.0,0.0,0.0,0.0,0.0,0.0,0.0,0.0,1.0,0.0
3370.7143920256876,56.178573200428126,注入中间浆,0.0,0.0,0.0,0.0,0.0,0.0,0.0,0.0,0.0,0.0,0.0,1.0,0.0
3371.9790981869683,56.199651636449474,注入中间浆,0.0,0.0,0.0,0.0,0.0,0.0,0.0,0.0,0.0,0.0,0.0,1.0,0.0
3373.243804348249,56.220730072470815,注入中间浆,0.0,0.0,0.0,0.0,0.0,0.0,0.0,0.0,0.0,0.0,0.0,1.0,0.0
3374.5085105095295,56.241808508492156,注入中间浆,0.0,0.0,0.0,0.0,0.0,0.0,0.0,0.0,0.0,0.0,0.0,1.0,0.0
3375.77321667081,56.262886944513504,注入中间浆,0.0,0.0,0.0,0.0,0.0,0.0,0.0,0.0,0.0,0.0,0.0,1.0,0.0
3377.0379228320908,56.283965380534845,注入中间浆,0.0,0.0,0.0,0.0,0.0,0.0,0.0,0.0,0.0,0.0,0.0,1.0,0.0
3378.3026289933714,56.30504381655619,注入中间浆,0.0,0.0,0.0,0.0,0.0,0.0,0.0,0.0,0.0,0.0,0.0,1.0,0.0
3379.567335154652,56.326122252577534,注入中间浆,0.0,0.0,0.0,0.0,0.0,0.0,0.0,0.0,0.0,0.0,0.0,1.0,0.0
3380.8320413159327,56.347200688598875,注入中间浆,0.0,0.0,0.0,0.0,0.0,0.0,0.0,0.0,0.0,0.0,0.0,1.0,0.0
3382.0967474772133,56.36827912462022,注入中间浆,0.0,0.0,0.0,0.0,0.0,0.0,0.0,0.0,0.0,0.0,0.0,1.0,0.0
3383.361453638494,56.389357560641564,注入中间浆,0.0,0.0,0.0,0.0,0.0,0.0,0.0,0.0,0.0,0.0,0.0,1.0,0.0
3384.6261597997745,56.41043599666291,注入中间浆,0.0,0.0,0.0,0.0,0.0,0.0,0.0,0.0,0.0,0.0,0.0,1.0,0.0
3385.890865961055,56.43151443268425,注入中间浆,0.0,0.0,0.0,0.0,0.0,0.0,0.0,0.0,0.0,0.0,0.0,1.0,0.0
3387.155572122336,56.452592868705594,注入中间浆,0.0,0.0,0.0,0.0,0.0,0.0,0.0,0.0,0.0,0.0,0.0,1.0,0.0
3388.4202782836164,56.47367130472694,注入中间浆,0.0,0.0,0.0,0.0,0.0,0.0,0.0,0.0,0.0,0.0,0.0,1.0,0.0
3389.684984444897,56.49474974074828,注入中间浆,0.0,0.0,0.0,0.0,0.0,0.0,0.0,0.0,0.0,0.0,0.0,1.0,0.0
3390.9496906061777,56.51582817676963,注入中间浆,0.0,0.0,0.0,0.0,0.0,0.0,0.0,0.0,0.0,0.0,0.0,1.0,0.0
3392.2143967674583,56.53690661279097,注入中间浆,0.0,0.0,0.0,0.0,0.0,0.0,0.0,0.0,0.0,0.0,0.0,1.0,0.0
3393.479102928739,56.55798504881231,注入中间浆,0.0,0.0,0.0,0.0,0.0,0.0,0.0,0.0,0.0,0.0,0.0,1.0,0.0
3394.7438090900196,56.57906348483366,注入中间浆,0.0,0.0,0.0,0.0,0.0,0.0,0.0,0.0,0.0,0.0,0.0,1.0,0.0
3396.0085152513,56.600141920855,注入中间浆,0.0,0.0,0.0,0.0,0.0,0.0,0.0,0.0,0.0,0.0,0.0,1.0,0.0
3397.273221412581,56.62122035687635,注入中间浆,0.0,0.0,0.0,0.0,0.0,0.0,0.0,0.0,0.0,0.0,0.0,1.0,0.0
3398.5379275738615,56.64229879289769,注入中间浆,0.0,0.0,0.0,0.0,0.0,0.0,0.0,0.0,0.0,0.0,0.0,1.0,0.0
3399.802633735142,56.66337722891903,注入中间浆,0.0,0.0,0.0,0.0,0.0,0.0,0.0,0.0,0.0,0.0,0.0,1.0,0.0
3401.0673398964227,56.68445566494038,注入中间浆,0.0,0.0,0.0,0.0,0.0,0.0,0.0,0.0,0.0,0.0,0.0,1.0,0.0
3402.3320460577033,56.70553410096172,注入中间浆,0.0,0.0,0.0,0.0,0.0,0.0,0.0,0.0,0.0,0.0,0.0,1.0,0.0
3403.596752218984,56.72661253698307,注入中间浆,0.0,0.0,0.0,0.0,0.0,0.0,0.0,0.0,0.0,0.0,0.0,1.0,0.0
3404.8614583802646,56.74769097300441,注入中间浆,0.0,0.0,0.0,0.0,0.0,0.0,0.0,0.0,0.0,0.0,0.0,1.0,0.0
3406.126164541545,56.76876940902575,注入中间浆,0.0,0.0,0.0,0.0,0.0,0.0,0.0,0.0,0.0,0.0,0.0,1.0,0.0
3407.390870702826,56.7898478450471,注入中间浆,0.0,0.0,0.0,0.0,0.0,0.0,0.0,0.0,0.0,0.0,0.0,1.0,0.0
3408.6555768641065,56.81092628106844,注入中间浆,0.0,0.0,0.0,0.0,0.0,0.0,0.0,0.0,0.0,0.0,0.0,1.0,0.0
3409.920283025387,56.83200471708979,注入中间浆,0.0,0.0,0.0,0.0,0.0,0.0,0.0,0.0,0.0,0.0,0.0,1.0,0.0
3411.1849891866677,56.85308315311113,注入中间浆,0.0,0.0,0.0,0.0,0.0,0.0,0.0,0.0,0.0,0.0,0.0,1.0,0.0
3412.4496953479484,56.87416158913247,注入中间浆,0.0,0.0,0.0,0.0,0.0,0.0,0.0,0.0,0.0,0.0,0.0,1.0,0.0
3413.714401509229,56.89524002515382,注入中间浆,0.0,0.0,0.0,0.0,0.0,0.0,0.0,0.0,0.0,0.0,0.0,1.0,0.0
3414.9791076705096,56.91631846117516,注入中间浆,0.0,0.0,0.0,0.0,0.0,0.0,0.0,0.0,0.0,0.0,0.0,1.0,0.0
3416.2438138317902,56.93739689719651,注入中间浆,0.0,0.0,0.0,0.0,0.0,0.0,0.0,0.0,0.0,0.0,0.0,1.0,0.0
3417.508519993071,56.95847533321785,注入中间浆,0.0,0.0,0.0,0.0,0.0,0.0,0.0,0.0,0.0,0.0,0.0,1.0,0.0
3418.7732261543515,56.97955376923919,注入中间浆,0.0,0.0,0.0,0.0,0.0,0.0,0.0,0.0,0.0,0.0,0.0,1.0,0.0
3420.037932315632,57.00063220526054,注入中间浆,0.0,0.0,0.0,0.0,0.0,0.0,0.0,0.0,0.0,0.0,0.0,1.0,0.0
3421.3026384769128,57.02171064128188,注入中间浆,0.0,0.0,0.0,0.0,0.0,0.0,0.0,0.0,0.0,0.0,0.0,1.0,0.0
3422.5673446381934,57.042789077303226,注入中间浆,0.0,0.0,0.0,0.0,0.0,0.0,0.0,0.0,0.0,0.0,0.0,1.0,0.0
3423.832050799474,57.06386751332457,注入中间浆,0.0,0.0,0.0,0.0,0.0,0.0,0.0,0.0,0.0,0.0,0.0,1.0,0.0
3425.0967569607546,57.08494594934591,注入中间浆,0.0,0.0,0.0,0.0,0.0,0.0,0.0,0.0,0.0,0.0,0.0,1.0,0.0
3426.3614631220353,57.106024385367256,注入中间浆,0.0,0.0,0.0,0.0,0.0,0.0,0.0,0.0,0.0,0.0,0.0,1.0,0.0
3427.626169283316,57.1271028213886,注入中间浆,0.0,0.0,0.0,0.0,0.0,0.0,0.0,0.0,0.0,0.0,0.0,1.0,0.0
3428.8908754445965,57.148181257409945,注入中间浆,0.0,0.0,0.0,0.0,0.0,0.0,0.0,0.0,0.0,0.0,0.0,1.0,0.0
3430.155581605877,57.169259693431286,注入中间浆,0.0,0.0,0.0,0.0,0.0,0.0,0.0,0.0,0.0,0.0,0.0,1.0,0.0
3431.420287767158,57.19033812945263,注入中间浆,0.0,0.0,0.0,0.0,0.0,0.0,0.0,0.0,0.0,0.0,0.0,1.0,0.0
3432.6849939284384,57.211416565473975,注入中间浆,0.0,0.0,0.0,0.0,0.0,0.0,0.0,0.0,0.0,0.0,0.0,1.0,0.0
3433.949700089719,57.232495001495316,注入中间浆,0.0,0.0,0.0,0.0,0.0,0.0,0.0,0.0,0.0,0.0,0.0,1.0,0.0
3435.2144062509997,57.253573437516664,注入中间浆,0.0,0.0,0.0,0.0,0.0,0.0,0.0,0.0,0.0,0.0,0.0,1.0,0.0
3436.4791124122803,57.274651873538005,注入中间浆,0.0,0.0,0.0,0.0,0.0,0.0,0.0,0.0,0.0,0.0,0.0,1.0,0.0
3437.743818573561,57.295730309559346,注入中间浆,0.0,0.0,0.0,0.0,0.0,0.0,0.0,0.0,0.0,0.0,0.0,1.0,0.0
3439.0085247348416,57.316808745580694,注入中间浆,0.0,0.0,0.0,0.0,0.0,0.0,0.0,0.0,0.0,0.0,0.0,1.0,0.0
3440.273230896122,57.337887181602035,注入中间浆,0.0,0.0,0.0,0.0,0.0,0.0,0.0,0.0,0.0,0.0,0.0,1.0,0.0
3441.537937057403,57.35896561762338,注入中间浆,0.0,0.0,0.0,0.0,0.0,0.0,0.0,0.0,0.0,0.0,0.0,1.0,0.0
3442.8026432186834,57.380044053644724,注入中间浆,0.0,0.0,0.0,0.0,0.0,0.0,0.0,0.0,0.0,0.0,0.0,1.0,0.0
3444.067349379964,57.401122489666065,注入中间浆,0.0,0.0,0.0,0.0,0.0,0.0,0.0,0.0,0.0,0.0,0.0,1.0,0.0
3445.3320555412447,57.42220092568741,注入中间浆,0.0,0.0,0.0,0.0,0.0,0.0,0.0,0.0,0.0,0.0,0.0,1.0,0.0
3446.5967617025253,57.443279361708754,注入中间浆,0.0,0.0,0.0,0.0,0.0,0.0,0.0,0.0,0.0,0.0,0.0,1.0,0.0
3447.861467863806,57.4643577977301,注入中间浆,0.0,0.0,0.0,0.0,0.0,0.0,0.0,0.0,0.0,0.0,0.0,1.0,0.0
3449.1261740250866,57.48543623375144,注入中间浆,0.0,0.0,0.0,0.0,0.0,0.0,0.0,0.0,0.0,0.0,0.0,1.0,0.0
3450.390880186367,57.506514669772784,注入中间浆,0.0,0.0,0.0,0.0,0.0,0.0,0.0,0.0,0.0,0.0,0.0,1.0,0.0
3451.655586347648,57.52759310579413,注入中间浆,0.0,0.0,0.0,0.0,0.0,0.0,0.0,0.0,0.0,0.0,0.0,1.0,0.0
3452.9202925089285,57.54867154181547,注入中间浆,0.0,0.0,0.0,0.0,0.0,0.0,0.0,0.0,0.0,0.0,0.0,1.0,0.0
3454.184998670209,57.56974997783682,注入中间浆,0.0,0.0,0.0,0.0,0.0,0.0,0.0,0.0,0.0,0.0,0.0,1.0,0.0
3455.4497048314897,57.59082841385816,注入中间浆,0.0,0.0,0.0,0.0,0.0,0.0,0.0,0.0,0.0,0.0,0.0,1.0,0.0
3456.7144109927704,57.6119068498795,注入中间浆,0.0,0.0,0.0,0.0,0.0,0.0,0.0,0.0,0.0,0.0,0.0,1.0,0.0
3457.979117154051,57.63298528590085,注入中间浆,0.0,0.0,0.0,0.0,0.0,0.0,0.0,0.0,0.0,0.0,0.0,1.0,0.0
3459.2438233153316,57.65406372192219,注入中间浆,0.0,0.0,0.0,0.0,0.0,0.0,0.0,0.0,0.0,0.0,0.0,1.0,0.0
3460.5085294766122,57.67514215794354,注入中间浆,0.0,0.0,0.0,0.0,0.0,0.0,0.0,0.0,0.0,0.0,0.0,1.0,0.0
3461.773235637893,57.69622059396488,注入中间浆,0.0,0.0,0.0,0.0,0.0,0.0,0.0,0.0,0.0,0.0,0.0,1.0,0.0
3463.0379417991735,57.71729902998622,注入中间浆,0.0,0.0,0.0,0.0,0.0,0.0,0.0,0.0,0.0,0.0,0.0,1.0,0.0
3464.302647960454,57.73837746600757,注入中间浆,0.0,0.0,0.0,0.0,0.0,0.0,0.0,0.0,0.0,0.0,0.0,1.0,0.0
3465.5673541217348,57.75945590202891,注入中间浆,0.0,0.0,0.0,0.0,0.0,0.0,0.0,0.0,0.0,0.0,0.0,1.0,0.0
3466.8320602830154,57.78053433805026,注入中间浆,0.0,0.0,0.0,0.0,0.0,0.0,0.0,0.0,0.0,0.0,0.0,1.0,0.0
3468.096766444296,57.8016127740716,注入中间浆,0.0,0.0,0.0,0.0,0.0,0.0,0.0,0.0,0.0,0.0,0.0,1.0,0.0
3469.3614726055766,57.82269121009294,注入中间浆,0.0,0.0,0.0,0.0,0.0,0.0,0.0,0.0,0.0,0.0,0.0,1.0,0.0
3470.6261787668573,57.84376964611429,注入中间浆,0.0,0.0,0.0,0.0,0.0,0.0,0.0,0.0,0.0,0.0,0.0,1.0,0.0
3471.890884928138,57.86484808213563,注入中间浆,0.0,0.0,0.0,0.0,0.0,0.0,0.0,0.0,0.0,0.0,0.0,1.0,0.0
3473.1555910894185,57.88592651815698,注入中间浆,0.0,0.0,0.0,0.0,0.0,0.0,0.0,0.0,0.0,0.0,0.0,1.0,0.0
3474.420297250699,57.90700495417832,注入中间浆,0.0,0.0,0.0,0.0,0.0,0.0,0.0,0.0,0.0,0.0,0.0,1.0,0.0
3475.68500341198,57.92808339019966,注入中间浆,0.0,0.0,0.0,0.0,0.0,0.0,0.0,0.0,0.0,0.0,0.0,1.0,0.0
3476.9497095732604,57.94916182622101,注入中间浆,0.0,0.0,0.0,0.0,0.0,0.0,0.0,0.0,0.0,0.0,0.0,1.0,0.0
3478.214415734541,57.97024026224235,注入中间浆,0.0,0.0,0.0,0.0,0.0,0.0,0.0,0.0,0.0,0.0,0.0,1.0,0.0
3479.4791218958217,57.9913186982637,注入中间浆,0.0,0.0,0.0,0.0,0.0,0.0,0.0,0.0,0.0,0.0,0.0,1.0,0.0
3480.7438280571023,58.01239713428504,注入中间浆,0.0,0.0,0.0,0.0,0.0,0.0,0.0,0.0,0.0,0.0,0.0,1.0,0.0
3482.008534218383,58.03347557030638,注入中间浆,0.0,0.0,0.0,0.0,0.0,0.0,0.0,0.0,0.0,0.0,0.0,1.0,0.0
3483.2732403796635,58.05455400632773,注入中间浆,0.0,0.0,0.0,0.0,0.0,0.0,0.0,0.0,0.0,0.0,0.0,1.0,0.0
3484.537946540944,58.07563244234907,注入中间浆,0.0,0.0,0.0,0.0,0.0,0.0,0.0,0.0,0.0,0.0,0.0,1.0,0.0
3485.802652702225,58.096710878370416,注入中间浆,0.0,0.0,0.0,0.0,0.0,0.0,0.0,0.0,0.0,0.0,0.0,1.0,0.0
3487.0673588635054,58.11778931439176,注入中间浆,0.0,0.0,0.0,0.0,0.0,0.0,0.0,0.0,0.0,0.0,0.0,1.0,0.0
3488.332065024786,58.1388677504131,注入中间浆,0.0,0.0,0.0,0.0,0.0,0.0,0.0,0.0,0.0,0.0,0.0,1.0,0.0
3489.5967711860667,58.159946186434446,注入中间浆,0.0,0.0,0.0,0.0,0.0,0.0,0.0,0.0,0.0,0.0,0.0,1.0,0.0
3490.8614773473473,58.18102462245579,注入中间浆,0.0,0.0,0.0,0.0,0.0,0.0,0.0,0.0,0.0,0.0,0.0,1.0,0.0
3492.126183508628,58.202103058477135,注入中间浆,0.0,0.0,0.0,0.0,0.0,0.0,0.0,0.0,0.0,0.0,0.0,1.0,0.0
3493.3908896699086,58.223181494498476,注入中间浆,0.0,0.0,0.0,0.0,0.0,0.0,0.0,0.0,0.0,0.0,0.0,1.0,0.0
3494.655595831189,58.24425993051982,注入中间浆,0.0,0.0,0.0,0.0,0.0,0.0,0.0,0.0,0.0,0.0,0.0,1.0,0.0
3495.92030199247,58.265338366541165,注入中间浆,0.0,0.0,0.0,0.0,0.0,0.0,0.0,0.0,0.0,0.0,0.0,1.0,0.0
3497.1850081537505,58.286416802562506,注入中间浆,0.0,0.0,0.0,0.0,0.0,0.0,0.0,0.0,0.0,0.0,0.0,1.0,0.0
3498.449714315031,58.307495238583854,注入中间浆,0.0,0.0,0.0,0.0,0.0,0.0,0.0,0.0,0.0,0.0,0.0,1.0,0.0
3499.7144204763117,58.328573674605195,注入中间浆,0.0,0.0,0.0,0.0,0.0,0.0,0.0,0.0,0.0,0.0,0.0,1.0,0.0
3500.9791266375923,58.349652110626536,注入中间浆,0.0,0.0,0.0,0.0,0.0,0.0,0.0,0.0,0.0,0.0,0.0,1.0,0.0
3502.243832798873,58.370730546647884,注入中间浆,0.0,0.0,0.0,0.0,0.0,0.0,0.0,0.0,0.0,0.0,0.0,1.0,0.0
3503.5085389601536,58.391808982669225,注入中间浆,0.0,0.0,0.0,0.0,0.0,0.0,0.0,0.0,0.0,0.0,0.0,1.0,0.0
3504.7732451214342,58.41288741869057,注入中间浆,0.0,0.0,0.0,0.0,0.0,0.0,0.0,0.0,0.0,0.0,0.0,1.0,0.0
3506.037951282715,58.433965854711914,注入中间浆,0.0,0.0,0.0,0.0,0.0,0.0,0.0,0.0,0.0,0.0,0.0,1.0,0.0
3507.3026574439955,58.455044290733255,注入中间浆,0.0,0.0,0.0,0.0,0.0,0.0,0.0,0.0,0.0,0.0,0.0,1.0,0.0
3508.567363605276,58.4761227267546,注入中间浆,0.0,0.0,0.0,0.0,0.0,0.0,0.0,0.0,0.0,0.0,0.0,1.0,0.0
3509.8320697665567,58.497201162775944,注入中间浆,0.0,0.0,0.0,0.0,0.0,0.0,0.0,0.0,0.0,0.0,0.0,1.0,0.0
3511.0967759278374,58.51827959879729,注入中间浆,0.0,0.0,0.0,0.0,0.0,0.0,0.0,0.0,0.0,0.0,0.0,1.0,0.0
3512.361482089118,58.53935803481863,注入中间浆,0.0,0.0,0.0,0.0,0.0,0.0,0.0,0.0,0.0,0.0,0.0,1.0,0.0
3513.6261882503986,58.560436470839974,注入中间浆,0.0,0.0,0.0,0.0,0.0,0.0,0.0,0.0,0.0,0.0,0.0,1.0,0.0
3514.8908944116793,58.58151490686132,注入中间浆,0.0,0.0,0.0,0.0,0.0,0.0,0.0,0.0,0.0,0.0,0.0,1.0,0.0
3516.15560057296,58.60259334288266,注入中间浆,0.0,0.0,0.0,0.0,0.0,0.0,0.0,0.0,0.0,0.0,0.0,1.0,0.0
3517.4203067342405,58.62367177890401,注入中间浆,0.0,0.0,0.0,0.0,0.0,0.0,0.0,0.0,0.0,0.0,0.0,1.0,0.0
3518.685012895521,58.64475021492535,注入中间浆,0.0,0.0,0.0,0.0,0.0,0.0,0.0,0.0,0.0,0.0,0.0,1.0,0.0
3519.9497190568018,58.66582865094669,注入中间浆,0.0,0.0,0.0,0.0,0.0,0.0,0.0,0.0,0.0,0.0,0.0,1.0,0.0
3521.2144252180824,58.68690708696804,注入中间浆,0.0,0.0,0.0,0.0,0.0,0.0,0.0,0.0,0.0,0.0,0.0,1.0,0.0
3522.479131379363,58.70798552298938,注入中间浆,0.0,0.0,0.0,0.0,0.0,0.0,0.0,0.0,0.0,0.0,0.0,1.0,0.0
3523.7438375406437,58.72906395901073,注入中间浆,0.0,0.0,0.0,0.0,0.0,0.0,0.0,0.0,0.0,0.0,0.0,1.0,0.0
3525.0085437019243,58.75014239503207,注入中间浆,0.0,0.0,0.0,0.0,0.0,0.0,0.0,0.0,0.0,0.0,0.0,1.0,0.0
3526.273249863205,58.77122083105341,注入中间浆,0.0,0.0,0.0,0.0,0.0,0.0,0.0,0.0,0.0,0.0,0.0,1.0,0.0
3527.5379560244855,58.79229926707476,注入中间浆,0.0,0.0,0.0,0.0,0.0,0.0,0.0,0.0,0.0,0.0,0.0,1.0,0.0
3528.802662185766,58.8133777030961,注入中间浆,0.0,0.0,0.0,0.0,0.0,0.0,0.0,0.0,0.0,0.0,0.0,1.0,0.0
3530.067368347047,58.83445613911745,注入中间浆,0.0,0.0,0.0,0.0,0.0,0.0,0.0,0.0,0.0,0.0,0.0,1.0,0.0
3531.3320745083274,58.85553457513879,注入中间浆,0.0,0.0,0.0,0.0,0.0,0.0,0.0,0.0,0.0,0.0,0.0,1.0,0.0
3532.596780669608,58.87661301116013,注入中间浆,0.0,0.0,0.0,0.0,0.0,0.0,0.0,0.0,0.0,0.0,0.0,1.0,0.0
3533.8614868308887,58.89769144718148,注入中间浆,0.0,0.0,0.0,0.0,0.0,0.0,0.0,0.0,0.0,0.0,0.0,1.0,0.0
3535.1261929921693,58.91876988320282,注入中间浆,0.0,0.0,0.0,0.0,0.0,0.0,0.0,0.0,0.0,0.0,0.0,1.0,0.0
3536.39089915345,58.93984831922417,注入中间浆,0.0,0.0,0.0,0.0,0.0,0.0,0.0,0.0,0.0,0.0,0.0,1.0,0.0
3537.6556053147306,58.96092675524551,注入中间浆,0.0,0.0,0.0,0.0,0.0,0.0,0.0,0.0,0.0,0.0,0.0,1.0,0.0
3538.920311476011,58.98200519126685,注入中间浆,0.0,0.0,0.0,0.0,0.0,0.0,0.0,0.0,0.0,0.0,0.0,1.0,0.0
3540.185017637292,59.0030836272882,注入中间浆,0.0,0.0,0.0,0.0,0.0,0.0,0.0,0.0,0.0,0.0,0.0,1.0,0.0
3541.4497237985724,59.02416206330954,注入中间浆,0.0,0.0,0.0,0.0,0.0,0.0,0.0,0.0,0.0,0.0,0.0,1.0,0.0
3542.714429959853,59.04524049933089,注入中间浆,0.0,0.0,0.0,0.0,0.0,0.0,0.0,0.0,0.0,0.0,0.0,1.0,0.0
3543.9791361211337,59.06631893535223,注入中间浆,0.0,0.0,0.0,0.0,0.0,0.0,0.0,0.0,0.0,0.0,0.0,1.0,0.0
3545.2438422824143,59.08739737137357,注入中间浆,0.0,0.0,0.0,0.0,0.0,0.0,0.0,0.0,0.0,0.0,0.0,1.0,0.0
3546.508548443695,59.10847580739492,注入中间浆,0.0,0.0,0.0,0.0,0.0,0.0,0.0,0.0,0.0,0.0,0.0,1.0,0.0
3547.7732546049756,59.12955424341626,注入中间浆,0.0,0.0,0.0,0.0,0.0,0.0,0.0,0.0,0.0,0.0,0.0,1.0,0.0
3549.037960766256,59.15063267943761,注入中间浆,0.0,0.0,0.0,0.0,0.0,0.0,0.0,0.0,0.0,0.0,0.0,1.0,0.0
3550.302666927537,59.17171111545895,注入中间浆,0.0,0.0,0.0,0.0,0.0,0.0,0.0,0.0,0.0,0.0,0.0,1.0,0.0
3551.5673730888175,59.19278955148029,注入中间浆,0.0,0.0,0.0,0.0,0.0,0.0,0.0,0.0,0.0,0.0,0.0,1.0,0.0
3552.832079250098,59.21386798750164,注入中间浆,0.0,0.0,0.0,0.0,0.0,0.0,0.0,0.0,0.0,0.0,0.0,1.0,0.0
3554.0967854113787,59.23494642352298,注入中间浆,0.0,0.0,0.0,0.0,0.0,0.0,0.0,0.0,0.0,0.0,0.0,1.0,0.0
3555.3614915726594,59.256024859544326,注入中间浆,0.0,0.0,0.0,0.0,0.0,0.0,0.0,0.0,0.0,0.0,0.0,1.0,0.0
3556.62619773394,59.27710329556567,注入中间浆,0.0,0.0,0.0,0.0,0.0,0.0,0.0,0.0,0.0,0.0,0.0,1.0,0.0
3557.8909038952206,59.29818173158701,注入中间浆,0.0,0.0,0.0,0.0,0.0,0.0,0.0,0.0,0.0,0.0,0.0,1.0,0.0
3559.1556100565012,59.319260167608356,注入中间浆,0.0,0.0,0.0,0.0,0.0,0.0,0.0,0.0,0.0,0.0,0.0,1.0,0.0
3560.420316217782,59.3403386036297,注入中间浆,0.0,0.0,0.0,0.0,0.0,0.0,0.0,0.0,0.0,0.0,0.0,1.0,0.0
3561.6850223790625,59.361417039651045,注入中间浆,0.0,0.0,0.0,0.0,0.0,0.0,0.0,0.0,0.0,0.0,0.0,1.0,0.0
3562.949728540343,59.382495475672386,注入中间浆,0.0,0.0,0.0,0.0,0.0,0.0,0.0,0.0,0.0,0.0,0.0,1.0,0.0
3564.2144347016238,59.40357391169373,注入中间浆,0.0,0.0,0.0,0.0,0.0,0.0,0.0,0.0,0.0,0.0,0.0,1.0,0.0
3565.4791408629044,59.424652347715075,注入中间浆,0.0,0.0,0.0,0.0,0.0,0.0,0.0,0.0,0.0,0.0,0.0,1.0,0.0
3566.743847024185,59.445730783736416,注入中间浆,0.0,0.0,0.0,0.0,0.0,0.0,0.0,0.0,0.0,0.0,0.0,1.0,0.0
3568.0085531854656,59.466809219757764,注入中间浆,0.0,0.0,0.0,0.0,0.0,0.0,0.0,0.0,0.0,0.0,0.0,1.0,0.0
3569.2732593467463,59.487887655779105,注入中间浆,0.0,0.0,0.0,0.0,0.0,0.0,0.0,0.0,0.0,0.0,0.0,1.0,0.0
3570.537965508027,59.508966091800445,注入中间浆,0.0,0.0,0.0,0.0,0.0,0.0,0.0,0.0,0.0,0.0,0.0,1.0,0.0
3571.8026716693075,59.530044527821794,注入中间浆,0.0,0.0,0.0,0.0,0.0,0.0,0.0,0.0,0.0,0.0,0.0,1.0,0.0
3573.067377830588,59.551122963843135,注入中间浆,0.0,0.0,0.0,0.0,0.0,0.0,0.0,0.0,0.0,0.0,0.0,1.0,0.0
3574.332083991869,59.57220139986448,注入中间浆,0.0,0.0,0.0,0.0,0.0,0.0,0.0,0.0,0.0,0.0,0.0,1.0,0.0
3575.5967901531494,59.593279835885824,注入中间浆,0.0,0.0,0.0,0.0,0.0,0.0,0.0,0.0,0.0,0.0,0.0,1.0,0.0
3576.86149631443,59.614358271907165,注入中间浆,0.0,0.0,0.0,0.0,0.0,0.0,0.0,0.0,0.0,0.0,0.0,1.0,0.0
3578.1262024757107,59.63543670792851,注入中间浆,0.0,0.0,0.0,0.0,0.0,0.0,0.0,0.0,0.0,0.0,0.0,1.0,0.0
3579.3909086369913,59.65651514394985,注入中间浆,0.0,0.0,0.0,0.0,0.0,0.0,0.0,0.0,0.0,0.0,0.0,1.0,0.0
3580.655614798272,59.6775935799712,注入中间浆,0.0,0.0,0.0,0.0,0.0,0.0,0.0,0.0,0.0,0.0,0.0,1.0,0.0
3581.9203209595526,59.69867201599254,注入中间浆,0.0,0.0,0.0,0.0,0.0,0.0,0.0,0.0,0.0,0.0,0.0,1.0,0.0
3583.185027120833,59.71975045201388,注入中间浆,0.0,0.0,0.0,0.0,0.0,0.0,0.0,0.0,0.0,0.0,0.0,1.0,0.0
3584.449733282114,59.74082888803523,注入中间浆,0.0,0.0,0.0,0.0,0.0,0.0,0.0,0.0,0.0,0.0,0.0,1.0,0.0
3585.7144394433944,59.76190732405657,注入中间浆,0.0,0.0,0.0,0.0,0.0,0.0,0.0,0.0,0.0,0.0,0.0,1.0,0.0
3586.979145604675,59.78298576007792,注入中间浆,0.0,0.0,0.0,0.0,0.0,0.0,0.0,0.0,0.0,0.0,0.0,1.0,0.0
3588.2438517659557,59.80406419609926,注入中间浆,0.0,0.0,0.0,0.0,0.0,0.0,0.0,0.0,0.0,0.0,0.0,1.0,0.0
3589.5085579272363,59.8251426321206,注入中间浆,0.0,0.0,0.0,0.0,0.0,0.0,0.0,0.0,0.0,0.0,0.0,1.0,0.0
3590.773264088517,59.84622106814195,注入中间浆,0.0,0.0,0.0,0.0,0.0,0.0,0.0,0.0,0.0,0.0,0.0,1.0,0.0
3592.0379702497976,59.86729950416329,注入中间浆,0.0,0.0,0.0,0.0,0.0,0.0,0.0,0.0,0.0,0.0,0.0,1.0,0.0
3593.302676411078,59.88837794018464,注入中间浆,0.0,0.0,0.0,0.0,0.0,0.0,0.0,0.0,0.0,0.0,0.0,1.0,0.0
3594.567382572359,59.90945637620598,注入中间浆,0.0,0.0,0.0,0.0,0.0,0.0,0.0,0.0,0.0,0.0,0.0,1.0,0.0
3595.8320887336395,59.93053481222732,注入中间浆,0.0,0.0,0.0,0.0,0.0,0.0,0.0,0.0,0.0,0.0,0.0,1.0,0.0
3597.09679489492,59.95161324824867,注入中间浆,0.0,0.0,0.0,0.0,0.0,0.0,0.0,0.0,0.0,0.0,0.0,1.0,0.0
3598.3615010562007,59.97269168427001,注入中间浆,0.0,0.0,0.0,0.0,0.0,0.0,0.0,0.0,0.0,0.0,0.0,1.0,0.0
3599.6262072174814,59.99377012029136,注入中间浆,0.0,0.0,0.0,0.0,0.0,0.0,0.0,0.0,0.0,0.0,0.0,1.0,0.0
3600.890913378762,60.0148485563127,注入中间浆,0.0,0.0,0.0,0.0,0.0,0.0,0.0,0.0,0.0,0.0,0.0,1.0,0.0
3602.1556195400426,60.03592699233404,注入中间浆,0.0,0.0,0.0,0.0,0.0,0.0,0.0,0.0,0.0,0.0,0.0,1.0,0.0
3603.4203257013232,60.05700542835539,注入中间浆,0.0,0.0,0.0,0.0,0.0,0.0,0.0,0.0,0.0,0.0,0.0,1.0,0.0
3604.685031862604,60.07808386437673,注入中间浆,0.0,0.0,0.0,0.0,0.0,0.0,0.0,0.0,0.0,0.0,0.0,1.0,0.0
3605.9497380238845,60.09916230039808,注入中间浆,0.0,0.0,0.0,0.0,0.0,0.0,0.0,0.0,0.0,0.0,0.0,1.0,0.0
3607.214444185165,60.12024073641942,注入中间浆,0.0,0.0,0.0,0.0,0.0,0.0,0.0,0.0,0.0,0.0,0.0,1.0,0.0
3608.4791503464457,60.14131917244076,注入中间浆,0.0,0.0,0.0,0.0,0.0,0.0,0.0,0.0,0.0,0.0,0.0,1.0,0.0
3609.7438565077264,60.16239760846211,注入中间浆,0.0,0.0,0.0,0.0,0.0,0.0,0.0,0.0,0.0,0.0,0.0,1.0,0.0
3611.008562669007,60.18347604448345,注入中间浆,0.0,0.0,0.0,0.0,0.0,0.0,0.0,0.0,0.0,0.0,0.0,1.0,0.0
3612.2732688302876,60.2045544805048,注入中间浆,0.0,0.0,0.0,0.0,0.0,0.0,0.0,0.0,0.0,0.0,0.0,1.0,0.0
3613.5379749915683,60.22563291652614,注入中间浆,0.0,0.0,0.0,0.0,0.0,0.0,0.0,0.0,0.0,0.0,0.0,1.0,0.0
3614.802681152849,60.24671135254748,注入中间浆,0.0,0.0,0.0,0.0,0.0,0.0,0.0,0.0,0.0,0.0,0.0,1.0,0.0
3616.0673873141295,60.26778978856883,注入中间浆,0.0,0.0,0.0,0.0,0.0,0.0,0.0,0.0,0.0,0.0,0.0,1.0,0.0
3617.33209347541,60.28886822459017,注入中间浆,0.0,0.0,0.0,0.0,0.0,0.0,0.0,0.0,0.0,0.0,0.0,1.0,0.0
3618.596799636691,60.309946660611516,注入中间浆,0.0,0.0,0.0,0.0,0.0,0.0,0.0,0.0,0.0,0.0,0.0,1.0,0.0
3619.8615057979714,60.33102509663286,注入中间浆,0.0,0.0,0.0,0.0,0.0,0.0,0.0,0.0,0.0,0.0,0.0,1.0,0.0
3621.126211959252,60.3521035326542,注入中间浆,0.0,0.0,0.0,0.0,0.0,0.0,0.0,0.0,0.0,0.0,0.0,1.0,0.0
3622.3909181205327,60.373181968675546,注入中间浆,0.0,0.0,0.0,0.0,0.0,0.0,0.0,0.0,0.0,0.0,0.0,1.0,0.0
3623.6556242818133,60.39426040469689,注入中间浆,0.0,0.0,0.0,0.0,0.0,0.0,0.0,0.0,0.0,0.0,0.0,1.0,0.0
3624.920330443094,60.415338840718235,注入中间浆,0.0,0.0,0.0,0.0,0.0,0.0,0.0,0.0,0.0,0.0,0.0,1.0,0.0
3626.1850366043745,60.436417276739576,注入中间浆,0.0,0.0,0.0,0.0,0.0,0.0,0.0,0.0,0.0,0.0,0.0,1.0,0.0
3627.449742765655,60.45749571276092,注入中间浆,0.0,0.0,0.0,0.0,0.0,0.0,0.0,0.0,0.0,0.0,0.0,1.0,0.0
3628.714448926936,60.478574148782265,注入中间浆,0.0,0.0,0.0,0.0,0.0,0.0,0.0,0.0,0.0,0.0,0.0,1.0,0.0
3629.9791550882164,60.499652584803606,注入中间浆,0.0,0.0,0.0,0.0,0.0,0.0,0.0,0.0,0.0,0.0,0.0,1.0,0.0
3631.243861249497,60.520731020824954,注入中间浆,0.0,0.0,0.0,0.0,0.0,0.0,0.0,0.0,0.0,0.0,0.0,1.0,0.0
3632.5085674107777,60.541809456846295,注入中间浆,0.0,0.0,0.0,0.0,0.0,0.0,0.0,0.0,0.0,0.0,0.0,1.0,0.0
3633.7732735720583,60.562887892867636,注入中间浆,0.0,0.0,0.0,0.0,0.0,0.0,0.0,0.0,0.0,0.0,0.0,1.0,0.0
3635.037979733339,60.583966328888984,注入中间浆,0.0,0.0,0.0,0.0,0.0,0.0,0.0,0.0,0.0,0.0,0.0,1.0,0.0
3636.3026858946196,60.605044764910325,注入中间浆,0.0,0.0,0.0,0.0,0.0,0.0,0.0,0.0,0.0,0.0,0.0,1.0,0.0
3637.5673920559,60.62612320093167,注入中间浆,0.0,0.0,0.0,0.0,0.0,0.0,0.0,0.0,0.0,0.0,0.0,1.0,0.0
3638.832098217181,60.647201636953014,注入中间浆,0.0,0.0,0.0,0.0,0.0,0.0,0.0,0.0,0.0,0.0,0.0,1.0,0.0
3640.0968043784615,60.668280072974355,注入中间浆,0.0,0.0,0.0,0.0,0.0,0.0,0.0,0.0,0.0,0.0,0.0,1.0,0.0
3641.361510539742,60.6893585089957,注入中间浆,0.0,0.0,0.0,0.0,0.0,0.0,0.0,0.0,0.0,0.0,0.0,1.0,0.0
3642.6262167010227,60.710436945017044,注入中间浆,0.0,0.0,0.0,0.0,0.0,0.0,0.0,0.0,0.0,0.0,0.0,1.0,0.0
3643.8909228623033,60.73151538103839,注入中间浆,0.0,0.0,0.0,0.0,0.0,0.0,0.0,0.0,0.0,0.0,0.0,1.0,0.0
3645.155629023584,60.75259381705973,注入中间浆,0.0,0.0,0.0,0.0,0.0,0.0,0.0,0.0,0.0,0.0,0.0,1.0,0.0
3646.4203351848646,60.773672253081074,注入中间浆,0.0,0.0,0.0,0.0,0.0,0.0,0.0,0.0,0.0,0.0,0.0,1.0,0.0
3647.685041346145,60.79475068910242,注入中间浆,0.0,0.0,0.0,0.0,0.0,0.0,0.0,0.0,0.0,0.0,0.0,1.0,0.0
3648.949747507426,60.81582912512376,注入中间浆,0.0,0.0,0.0,0.0,0.0,0.0,0.0,0.0,0.0,0.0,0.0,1.0,0.0
3650.2144536687065,60.83690756114511,注入中间浆,0.0,0.0,0.0,0.0,0.0,0.0,0.0,0.0,0.0,0.0,0.0,1.0,0.0
3651.479159829987,60.85798599716645,注入中间浆,0.0,0.0,0.0,0.0,0.0,0.0,0.0,0.0,0.0,0.0,0.0,1.0,0.0
3652.7438659912677,60.87906443318779,注入中间浆,0.0,0.0,0.0,0.0,0.0,0.0,0.0,0.0,0.0,0.0,0.0,1.0,0.0
3654.0085721525484,60.90014286920914,注入中间浆,0.0,0.0,0.0,0.0,0.0,0.0,0.0,0.0,0.0,0.0,0.0,1.0,0.0
3655.273278313829,60.92122130523048,注入中间浆,0.0,0.0,0.0,0.0,0.0,0.0,0.0,0.0,0.0,0.0,0.0,1.0,0.0
3656.5379844751096,60.94229974125183,注入中间浆,0.0,0.0,0.0,0.0,0.0,0.0,0.0,0.0,0.0,0.0,0.0,1.0,0.0
3657.8026906363903,60.96337817727317,注入中间浆,0.0,0.0,0.0,0.0,0.0,0.0,0.0,0.0,0.0,0.0,0.0,1.0,0.0
3659.067396797671,60.98445661329451,注入中间浆,0.0,0.0,0.0,0.0,0.0,0.0,0.0,0.0,0.0,0.0,0.0,1.0,0.0
3660.3321029589515,61.00553504931586,注入中间浆,0.0,0.0,0.0,0.0,0.0,0.0,0.0,0.0,0.0,0.0,0.0,1.0,0.0
3661.596809120232,61.0266134853372,注入中间浆,0.0,0.0,0.0,0.0,0.0,0.0,0.0,0.0,0.0,0.0,0.0,1.0,0.0
3662.8615152815128,61.04769192135855,注入中间浆,0.0,0.0,0.0,0.0,0.0,0.0,0.0,0.0,0.0,0.0,0.0,1.0,0.0
3664.1262214427934,61.06877035737989,注入中间浆,0.0,0.0,0.0,0.0,0.0,0.0,0.0,0.0,0.0,0.0,0.0,1.0,0.0
3665.390927604074,61.08984879340123,注入中间浆,0.0,0.0,0.0,0.0,0.0,0.0,0.0,0.0,0.0,0.0,0.0,1.0,0.0
3666.6556337653547,61.11092722942258,注入中间浆,0.0,0.0,0.0,0.0,0.0,0.0,0.0,0.0,0.0,0.0,0.0,1.0,0.0
3667.9203399266353,61.13200566544392,注入中间浆,0.0,0.0,0.0,0.0,0.0,0.0,0.0,0.0,0.0,0.0,0.0,1.0,0.0
3669.185046087916,61.15308410146527,注入中间浆,0.0,0.0,0.0,0.0,0.0,0.0,0.0,0.0,0.0,0.0,0.0,1.0,0.0
3670.4497522491965,61.17416253748661,注入中间浆,0.0,0.0,0.0,0.0,0.0,0.0,0.0,0.0,0.0,0.0,0.0,1.0,0.0
3671.714458410477,61.19524097350795,注入中间浆,0.0,0.0,0.0,0.0,0.0,0.0,0.0,0.0,0.0,0.0,0.0,1.0,0.0
3672.979164571758,61.2163194095293,注入中间浆,0.0,0.0,0.0,0.0,0.0,0.0,0.0,0.0,0.0,0.0,0.0,1.0,0.0
3674.2438707330384,61.23739784555064,注入中间浆,0.0,0.0,0.0,0.0,0.0,0.0,0.0,0.0,0.0,0.0,0.0,1.0,0.0
3675.508576894319,61.25847628157199,注入中间浆,0.0,0.0,0.0,0.0,0.0,0.0,0.0,0.0,0.0,0.0,0.0,1.0,0.0
3676.7732830555997,61.27955471759333,注入中间浆,0.0,0.0,0.0,0.0,0.0,0.0,0.0,0.0,0.0,0.0,0.0,1.0,0.0
3678.0379892168803,61.30063315361467,注入中间浆,0.0,0.0,0.0,0.0,0.0,0.0,0.0,0.0,0.0,0.0,0.0,1.0,0.0
3679.302695378161,61.32171158963602,注入中间浆,0.0,0.0,0.0,0.0,0.0,0.0,0.0,0.0,0.0,0.0,0.0,1.0,0.0
3680.5674015394416,61.34279002565736,注入中间浆,0.0,0.0,0.0,0.0,0.0,0.0,0.0,0.0,0.0,0.0,0.0,1.0,0.0
3681.832107700722,61.363868461678706,注入中间浆,0.0,0.0,0.0,0.0,0.0,0.0,0.0,0.0,0.0,0.0,0.0,1.0,0.0
3683.096813862003,61.38494689770005,注入中间浆,0.0,0.0,0.0,0.0,0.0,0.0,0.0,0.0,0.0,0.0,0.0,1.0,0.0
3684.3615200232834,61.40602533372139,注入中间浆,0.0,0.0,0.0,0.0,0.0,0.0,0.0,0.0,0.0,0.0,0.0,1.0,0.0
3685.626226184564,61.427103769742736,注入中间浆,0.0,0.0,0.0,0.0,0.0,0.0,0.0,0.0,0.0,0.0,0.0,1.0,0.0
3686.8909323458447,61.44818220576408,注入中间浆,0.0,0.0,0.0,0.0,0.0,0.0,0.0,0.0,0.0,0.0,0.0,1.0,0.0
3688.1556385071253,61.469260641785425,注入中间浆,0.0,0.0,0.0,0.0,0.0,0.0,0.0,0.0,0.0,0.0,0.0,1.0,0.0
3689.420344668406,61.490339077806766,注入中间浆,0.0,0.0,0.0,0.0,0.0,0.0,0.0,0.0,0.0,0.0,0.0,1.0,0.0
3690.6850508296866,61.51141751382811,注入中间浆,0.0,0.0,0.0,0.0,0.0,0.0,0.0,0.0,0.0,0.0,0.0,1.0,0.0
3691.949756990967,61.532495949849455,注入中间浆,0.0,0.0,0.0,0.0,0.0,0.0,0.0,0.0,0.0,0.0,0.0,1.0,0.0
3693.214463152248,61.553574385870796,注入中间浆,0.0,0.0,0.0,0.0,0.0,0.0,0.0,0.0,0.0,0.0,0.0,1.0,0.0
3694.4791693135285,61.574652821892144,注入中间浆,0.0,0.0,0.0,0.0,0.0,0.0,0.0,0.0,0.0,0.0,0.0,1.0,0.0
3695.743875474809,61.595731257913485,注入中间浆,0.0,0.0,0.0,0.0,0.0,0.0,0.0,0.0,0.0,0.0,0.0,1.0,0.0
3697.0085816360897,61.616809693934826,注入中间浆,0.0,0.0,0.0,0.0,0.0,0.0,0.0,0.0,0.0,0.0,0.0,1.0,0.0
3698.2732877973704,61.637888129956174,注入中间浆,0.0,0.0,0.0,0.0,0.0,0.0,0.0,0.0,0.0,0.0,0.0,1.0,0.0
3699.537993958651,61.658966565977515,注入中间浆,0.0,0.0,0.0,0.0,0.0,0.0,0.0,0.0,0.0,0.0,0.0,1.0,0.0
3700.8027001199316,61.68004500199886,注入中间浆,0.0,0.0,0.0,0.0,0.0,0.0,0.0,0.0,0.0,0.0,0.0,1.0,0.0
3702.0674062812122,61.701123438020204,注入中间浆,0.0,0.0,0.0,0.0,0.0,0.0,0.0,0.0,0.0,0.0,0.0,1.0,0.0
3703.332112442493,61.722201874041545,注入中间浆,0.0,0.0,0.0,0.0,0.0,0.0,0.0,0.0,0.0,0.0,0.0,1.0,0.0
3704.5968186037735,61.74328031006289,注入中间浆,0.0,0.0,0.0,0.0,0.0,0.0,0.0,0.0,0.0,0.0,0.0,1.0,0.0
3705.861524765054,61.764358746084234,注入中间浆,0.0,0.0,0.0,0.0,0.0,0.0,0.0,0.0,0.0,0.0,0.0,1.0,0.0
3707.1262309263348,61.78543718210558,注入中间浆,0.0,0.0,0.0,0.0,0.0,0.0,0.0,0.0,0.0,0.0,0.0,1.0,0.0
3708.3909370876154,61.80651561812692,注入中间浆,0.0,0.0,0.0,0.0,0.0,0.0,0.0,0.0,0.0,0.0,0.0,1.0,0.0
3709.655643248896,61.827594054148264,注入中间浆,0.0,0.0,0.0,0.0,0.0,0.0,0.0,0.0,0.0,0.0,0.0,1.0,0.0
3710.9203494101766,61.84867249016961,注入中间浆,0.0,0.0,0.0,0.0,0.0,0.0,0.0,0.0,0.0,0.0,0.0,1.0,0.0
3712.1850555714573,61.86975092619095,注入中间浆,0.0,0.0,0.0,0.0,0.0,0.0,0.0,0.0,0.0,0.0,0.0,1.0,0.0
3713.449761732738,61.8908293622123,注入中间浆,0.0,0.0,0.0,0.0,0.0,0.0,0.0,0.0,0.0,0.0,0.0,1.0,0.0
3714.7144678940185,61.91190779823364,注入中间浆,0.0,0.0,0.0,0.0,0.0,0.0,0.0,0.0,0.0,0.0,0.0,1.0,0.0
3715.979174055299,61.93298623425498,注入中间浆,0.0,0.0,0.0,0.0,0.0,0.0,0.0,0.0,0.0,0.0,0.0,1.0,0.0
3717.24388021658,61.95406467027633,注入中间浆,0.0,0.0,0.0,0.0,0.0,0.0,0.0,0.0,0.0,0.0,0.0,1.0,0.0
3718.5085863778604,61.97514310629767,注入中间浆,0.0,0.0,0.0,0.0,0.0,0.0,0.0,0.0,0.0,0.0,0.0,1.0,0.0
3719.773292539141,61.99622154231902,注入中间浆,0.0,0.0,0.0,0.0,0.0,0.0,0.0,0.0,0.0,0.0,0.0,1.0,0.0
3721.0379987004217,62.01729997834036,注入中间浆,0.0,0.0,0.0,0.0,0.0,0.0,0.0,0.0,0.0,0.0,0.0,1.0,0.0
3722.3027048617023,62.0383784143617,注入中间浆,0.0,0.0,0.0,0.0,0.0,0.0,0.0,0.0,0.0,0.0,0.0,1.0,0.0
3723.567411022983,62.05945685038305,注入中间浆,0.0,0.0,0.0,0.0,0.0,0.0,0.0,0.0,0.0,0.0,0.0,1.0,0.0
3724.8321171842636,62.08053528640439,注入中间浆,0.0,0.0,0.0,0.0,0.0,0.0,0.0,0.0,0.0,0.0,0.0,1.0,0.0
3726.096823345544,62.10161372242574,注入中间浆,0.0,0.0,0.0,0.0,0.0,0.0,0.0,0.0,0.0,0.0,0.0,1.0,0.0
3727.361529506825,62.12269215844708,注入中间浆,0.0,0.0,0.0,0.0,0.0,0.0,0.0,0.0,0.0,0.0,0.0,1.0,0.0
3728.6262356681054,62.14377059446842,注入中间浆,0.0,0.0,0.0,0.0,0.0,0.0,0.0,0.0,0.0,0.0,0.0,1.0,0.0
3729.890941829386,62.16484903048977,注入中间浆,0.0,0.0,0.0,0.0,0.0,0.0,0.0,0.0,0.0,0.0,0.0,1.0,0.0
3731.1556479906667,62.18592746651111,注入中间浆,0.0,0.0,0.0,0.0,0.0,0.0,0.0,0.0,0.0,0.0,0.0,1.0,0.0
3732.4203541519473,62.20700590253246,注入中间浆,0.0,0.0,0.0,0.0,0.0,0.0,0.0,0.0,0.0,0.0,0.0,1.0,0.0
3733.685060313228,62.2280843385538,注入中间浆,0.0,0.0,0.0,0.0,0.0,0.0,0.0,0.0,0.0,0.0,0.0,1.0,0.0
3734.9497664745086,62.24916277457514,注入中间浆,0.0,0.0,0.0,0.0,0.0,0.0,0.0,0.0,0.0,0.0,0.0,1.0,0.0
3736.214472635789,62.27024121059649,注入中间浆,0.0,0.0,0.0,0.0,0.0,0.0,0.0,0.0,0.0,0.0,0.0,1.0,0.0
3737.47917879707,62.29131964661783,注入中间浆,0.0,0.0,0.0,0.0,0.0,0.0,0.0,0.0,0.0,0.0,0.0,1.0,0.0
3738.7438849583505,62.31239808263918,注入中间浆,0.0,0.0,0.0,0.0,0.0,0.0,0.0,0.0,0.0,0.0,0.0,1.0,0.0
3740.008591119631,62.33347651866052,注入中间浆,0.0,0.0,0.0,0.0,0.0,0.0,0.0,0.0,0.0,0.0,0.0,1.0,0.0
3741.2732972809117,62.35455495468186,注入中间浆,0.0,0.0,0.0,0.0,0.0,0.0,0.0,0.0,0.0,0.0,0.0,1.0,0.0
3742.5380034421923,62.37563339070321,注入中间浆,0.0,0.0,0.0,0.0,0.0,0.0,0.0,0.0,0.0,0.0,0.0,1.0,0.0
3743.802709603473,62.39671182672455,注入中间浆,0.0,0.0,0.0,0.0,0.0,0.0,0.0,0.0,0.0,0.0,0.0,1.0,0.0
3745.0674157647536,62.417790262745896,注入中间浆,0.0,0.0,0.0,0.0,0.0,0.0,0.0,0.0,0.0,0.0,0.0,1.0,0.0
3746.3321219260342,62.43886869876724,注入中间浆,0.0,0.0,0.0,0.0,0.0,0.0,0.0,0.0,0.0,0.0,0.0,1.0,0.0
3747.596828087315,62.45994713478858,注入中间浆,0.0,0.0,0.0,0.0,0.0,0.0,0.0,0.0,0.0,0.0,0.0,1.0,0.0
3748.8615342485955,62.481025570809926,注入中间浆,0.0,0.0,0.0,0.0,0.0,0.0,0.0,0.0,0.0,0.0,0.0,1.0,0.0
3750.126240409876,62.50210400683127,注入中间浆,0.0,0.0,0.0,0.0,0.0,0.0,0.0,0.0,0.0,0.0,0.0,1.0,0.0
3751.3909465711567,62.523182442852615,注入中间浆,0.0,0.0,0.0,0.0,0.0,0.0,0.0,0.0,0.0,0.0,0.0,1.0,0.0
3752.6556527324374,62.544260878873956,注入中间浆,0.0,0.0,0.0,0.0,0.0,0.0,0.0,0.0,0.0,0.0,0.0,1.0,0.0
3753.920358893718,62.5653393148953,注入中间浆,0.0,0.0,0.0,0.0,0.0,0.0,0.0,0.0,0.0,0.0,0.0,1.0,0.0
3755.1850650549986,62.586417750916645,注入中间浆,0.0,0.0,0.0,0.0,0.0,0.0,0.0,0.0,0.0,0.0,0.0,1.0,0.0
3756.4497712162793,62.607496186937986,注入中间浆,0.0,0.0,0.0,0.0,0.0,0.0,0.0,0.0,0.0,0.0,0.0,1.0,0.0
3757.71447737756,62.628574622959334,注入中间浆,0.0,0.0,0.0,0.0,0.0,0.0,0.0,0.0,0.0,0.0,0.0,1.0,0.0
3758.9791835388405,62.649653058980675,注入中间浆,0.0,0.0,0.0,0.0,0.0,0.0,0.0,0.0,0.0,0.0,0.0,1.0,0.0
3760.243889700121,62.670731495002016,注入中间浆,0.0,0.0,0.0,0.0,0.0,0.0,0.0,0.0,0.0,0.0,0.0,1.0,0.0
3761.508595861402,62.691809931023364,注入中间浆,0.0,0.0,0.0,0.0,0.0,0.0,0.0,0.0,0.0,0.0,0.0,1.0,0.0
3762.7733020226824,62.712888367044705,注入中间浆,0.0,0.0,0.0,0.0,0.0,0.0,0.0,0.0,0.0,0.0,0.0,1.0,0.0
3764.038008183963,62.73396680306605,注入中间浆,0.0,0.0,0.0,0.0,0.0,0.0,0.0,0.0,0.0,0.0,0.0,1.0,0.0
3765.3027143452437,62.755045239087394,注入中间浆,0.0,0.0,0.0,0.0,0.0,0.0,0.0,0.0,0.0,0.0,0.0,1.0,0.0
3766.5674205065243,62.776123675108735,注入中间浆,0.0,0.0,0.0,0.0,0.0,0.0,0.0,0.0,0.0,0.0,0.0,1.0,0.0
3767.832126667805,62.79720211113008,注入中间浆,0.0,0.0,0.0,0.0,0.0,0.0,0.0,0.0,0.0,0.0,0.0,1.0,0.0
3769.0968328290855,62.818280547151424,注入中间浆,0.0,0.0,0.0,0.0,0.0,0.0,0.0,0.0,0.0,0.0,0.0,1.0,0.0
3770.361538990366,62.83935898317277,注入中间浆,0.0,0.0,0.0,0.0,0.0,0.0,0.0,0.0,0.0,0.0,0.0,1.0,0.0
3771.626245151647,62.86043741919411,注入中间浆,0.0,0.0,0.0,0.0,0.0,0.0,0.0,0.0,0.0,0.0,0.0,1.0,0.0
3772.8909513129274,62.881515855215454,注入中间浆,0.0,0.0,0.0,0.0,0.0,0.0,0.0,0.0,0.0,0.0,0.0,1.0,0.0
3774.155657474208,62.9025942912368,注入中间浆,0.0,0.0,0.0,0.0,0.0,0.0,0.0,0.0,0.0,0.0,0.0,1.0,0.0
3775.4203636354887,62.92367272725814,注入中间浆,0.0,0.0,0.0,0.0,0.0,0.0,0.0,0.0,0.0,0.0,0.0,1.0,0.0
3776.6850697967693,62.94475116327949,注入中间浆,0.0,0.0,0.0,0.0,0.0,0.0,0.0,0.0,0.0,0.0,0.0,1.0,0.0
3777.94977595805,62.96582959930083,注入中间浆,0.0,0.0,0.0,0.0,0.0,0.0,0.0,0.0,0.0,0.0,0.0,1.0,0.0
3779.2144821193306,62.98690803532217,注入中间浆,0.0,0.0,0.0,0.0,0.0,0.0,0.0,0.0,0.0,0.0,0.0,1.0,0.0
3780.479188280611,63.00798647134352,注入中间浆,0.0,0.0,0.0,0.0,0.0,0.0,0.0,0.0,0.0,0.0,0.0,1.0,0.0
3781.743894441892,63.02906490736486,注入中间浆,0.0,0.0,0.0,0.0,0.0,0.0,0.0,0.0,0.0,0.0,0.0,1.0,0.0
3783.0086006031725,63.05014334338621,注入中间浆,0.0,0.0,0.0,0.0,0.0,0.0,0.0,0.0,0.0,0.0,0.0,1.0,0.0
3784.273306764453,63.07122177940755,注入中间浆,0.0,0.0,0.0,0.0,0.0,0.0,0.0,0.0,0.0,0.0,0.0,1.0,0.0
3785.5380129257337,63.09230021542889,注入中间浆,0.0,0.0,0.0,0.0,0.0,0.0,0.0,0.0,0.0,0.0,0.0,1.0,0.0
3786.8027190870143,63.11337865145024,注入中间浆,0.0,0.0,0.0,0.0,0.0,0.0,0.0,0.0,0.0,0.0,0.0,1.0,0.0
3788.067425248295,63.13445708747158,注入中间浆,0.0,0.0,0.0,0.0,0.0,0.0,0.0,0.0,0.0,0.0,0.0,1.0,0.0
3789.3321314095756,63.15553552349293,注入中间浆,0.0,0.0,0.0,0.0,0.0,0.0,0.0,0.0,0.0,0.0,0.0,1.0,0.0
3790.596837570856,63.17661395951427,注入中间浆,0.0,0.0,0.0,0.0,0.0,0.0,0.0,0.0,0.0,0.0,0.0,1.0,0.0
3791.861543732137,63.19769239553561,注入中间浆,0.0,0.0,0.0,0.0,0.0,0.0,0.0,0.0,0.0,0.0,0.0,1.0,0.0
3793.1262498934175,63.21877083155696,注入中间浆,0.0,0.0,0.0,0.0,0.0,0.0,0.0,0.0,0.0,0.0,0.0,1.0,0.0
3794.390956054698,63.2398492675783,注入中间浆,0.0,0.0,0.0,0.0,0.0,0.0,0.0,0.0,0.0,0.0,0.0,1.0,0.0
3795.6556622159787,63.26092770359965,注入中间浆,0.0,0.0,0.0,0.0,0.0,0.0,0.0,0.0,0.0,0.0,0.0,1.0,0.0
3796.9203683772594,63.28200613962099,注入中间浆,0.0,0.0,0.0,0.0,0.0,0.0,0.0,0.0,0.0,0.0,0.0,1.0,0.0
3798.18507453854,63.30308457564233,注入中间浆,0.0,0.0,0.0,0.0,0.0,0.0,0.0,0.0,0.0,0.0,0.0,1.0,0.0
3799.4497806998206,63.32416301166368,注入中间浆,0.0,0.0,0.0,0.0,0.0,0.0,0.0,0.0,0.0,0.0,0.0,1.0,0.0
3800.7144868611012,63.34524144768502,注入中间浆,0.0,0.0,0.0,0.0,0.0,0.0,0.0,0.0,0.0,0.0,0.0,1.0,0.0
3801.979193022382,63.36631988370637,注入中间浆,0.0,0.0,0.0,0.0,0.0,0.0,0.0,0.0,0.0,0.0,0.0,1.0,0.0
3803.2438991836625,63.38739831972771,注入中间浆,0.0,0.0,0.0,0.0,0.0,0.0,0.0,0.0,0.0,0.0,0.0,1.0,0.0
3804.508605344943,63.40847675574905,注入中间浆,0.0,0.0,0.0,0.0,0.0,0.0,0.0,0.0,0.0,0.0,0.0,1.0,0.0
3805.7733115062238,63.4295551917704,注入中间浆,0.0,0.0,0.0,0.0,0.0,0.0,0.0,0.0,0.0,0.0,0.0,1.0,0.0
3807.0380176675044,63.45063362779174,注入中间浆,0.0,0.0,0.0,0.0,0.0,0.0,0.0,0.0,0.0,0.0,0.0,1.0,0.0
3808.302723828785,63.47171206381309,注入中间浆,0.0,0.0,0.0,0.0,0.0,0.0,0.0,0.0,0.0,0.0,0.0,1.0,0.0
3809.5674299900656,63.49279049983443,注入中间浆,0.0,0.0,0.0,0.0,0.0,0.0,0.0,0.0,0.0,0.0,0.0,1.0,0.0
3810.8321361513463,63.51386893585577,注入中间浆,0.0,0.0,0.0,0.0,0.0,0.0,0.0,0.0,0.0,0.0,0.0,1.0,0.0
3812.096842312627,63.53494737187712,注入中间浆,0.0,0.0,0.0,0.0,0.0,0.0,0.0,0.0,0.0,0.0,0.0,1.0,0.0
3813.3615484739075,63.55602580789846,注入中间浆,0.0,0.0,0.0,0.0,0.0,0.0,0.0,0.0,0.0,0.0,0.0,1.0,0.0
3814.626254635188,63.577104243919806,注入中间浆,0.0,0.0,0.0,0.0,0.0,0.0,0.0,0.0,0.0,0.0,0.0,1.0,0.0
3815.890960796469,63.59818267994115,注入中间浆,0.0,0.0,0.0,0.0,0.0,0.0,0.0,0.0,0.0,0.0,0.0,1.0,0.0
3817.1556669577494,63.61926111596249,注入中间浆,0.0,0.0,0.0,0.0,0.0,0.0,0.0,0.0,0.0,0.0,0.0,1.0,0.0
3818.42037311903,63.640339551983836,注入中间浆,0.0,0.0,0.0,0.0,0.0,0.0,0.0,0.0,0.0,0.0,0.0,1.0,0.0
3819.6850792803107,63.66141798800518,注入中间浆,0.0,0.0,0.0,0.0,0.0,0.0,0.0,0.0,0.0,0.0,0.0,1.0,0.0
3820.9497854415913,63.682496424026525,注入中间浆,0.0,0.0,0.0,0.0,0.0,0.0,0.0,0.0,0.0,0.0,0.0,1.0,0.0
3822.214491602872,63.703574860047866,注入中间浆,0.0,0.0,0.0,0.0,0.0,0.0,0.0,0.0,0.0,0.0,0.0,1.0,0.0
3823.4791977641526,63.72465329606921,注入中间浆,0.0,0.0,0.0,0.0,0.0,0.0,0.0,0.0,0.0,0.0,0.0,1.0,0.0
3824.743903925433,63.745731732090555,注入中间浆,0.0,0.0,0.0,0.0,0.0,0.0,0.0,0.0,0.0,0.0,0.0,1.0,0.0
3826.008610086714,63.766810168111896,注入中间浆,0.0,0.0,0.0,0.0,0.0,0.0,0.0,0.0,0.0,0.0,0.0,1.0,0.0
3827.2733162479944,63.787888604133244,注入中间浆,0.0,0.0,0.0,0.0,0.0,0.0,0.0,0.0,0.0,0.0,0.0,1.0,0.0
3828.538022409275,63.808967040154585,注入中间浆,0.0,0.0,0.0,0.0,0.0,0.0,0.0,0.0,0.0,0.0,0.0,1.0,0.0
3829.8027285705557,63.830045476175926,注入中间浆,0.0,0.0,0.0,0.0,0.0,0.0,0.0,0.0,0.0,0.0,0.0,1.0,0.0
3831.0674347318363,63.851123912197274,注入中间浆,0.0,0.0,0.0,0.0,0.0,0.0,0.0,0.0,0.0,0.0,0.0,1.0,0.0
3832.332140893117,63.872202348218615,注入中间浆,0.0,0.0,0.0,0.0,0.0,0.0,0.0,0.0,0.0,0.0,0.0,1.0,0.0
3833.5968470543976,63.89328078423996,注入中间浆,0.0,0.0,0.0,0.0,0.0,0.0,0.0,0.0,0.0,0.0,0.0,1.0,0.0
3834.861553215678,63.914359220261304,注入中间浆,0.0,0.0,0.0,0.0,0.0,0.0,0.0,0.0,0.0,0.0,0.0,1.0,0.0
3836.126259376959,63.935437656282645,注入中间浆,0.0,0.0,0.0,0.0,0.0,0.0,0.0,0.0,0.0,0.0,0.0,1.0,0.0
3837.3909655382395,63.95651609230399,注入中间浆,0.0,0.0,0.0,0.0,0.0,0.0,0.0,0.0,0.0,0.0,0.0,1.0,0.0
3838.65567169952,63.977594528325334,注入中间浆,0.0,0.0,0.0,0.0,0.0,0.0,0.0,0.0,0.0,0.0,0.0,1.0,0.0
3839.9203778608007,63.99867296434668,注入中间浆,0.0,0.0,0.0,0.0,0.0,0.0,0.0,0.0,0.0,0.0,0.0,1.0,0.0
3841.1850840220814,64.01975140036802,注入中间浆,0.0,0.0,0.0,0.0,0.0,0.0,0.0,0.0,0.0,0.0,0.0,1.0,0.0
3842.449790183362,64.04082983638936,注入中间浆,0.0,0.0,0.0,0.0,0.0,0.0,0.0,0.0,0.0,0.0,0.0,1.0,0.0
3843.7144963446426,64.0619082724107,注入中间浆,0.0,0.0,0.0,0.0,0.0,0.0,0.0,0.0,0.0,0.0,0.0,1.0,0.0
3844.9792025059232,64.08298670843206,注入中间浆,0.0,0.0,0.0,0.0,0.0,0.0,0.0,0.0,0.0,0.0,0.0,1.0,0.0
3846.243908667204,64.1040651444534,注入中间浆,0.0,0.0,0.0,0.0,0.0,0.0,0.0,0.0,0.0,0.0,0.0,1.0,0.0
3847.5086148284845,64.12514358047474,注入中间浆,0.0,0.0,0.0,0.0,0.0,0.0,0.0,0.0,0.0,0.0,0.0,1.0,0.0
3848.773320989765,64.14622201649608,注入中间浆,0.0,0.0,0.0,0.0,0.0,0.0,0.0,0.0,0.0,0.0,0.0,1.0,0.0
3850.0380271510458,64.16730045251742,注入中间浆,0.0,0.0,0.0,0.0,0.0,0.0,0.0,0.0,0.0,0.0,0.0,1.0,0.0
3851.3027333123264,64.18837888853878,注入中间浆,0.0,0.0,0.0,0.0,0.0,0.0,0.0,0.0,0.0,0.0,0.0,1.0,0.0
3852.567439473607,64.20945732456012,注入中间浆,0.0,0.0,0.0,0.0,0.0,0.0,0.0,0.0,0.0,0.0,0.0,1.0,0.0
3853.8321456348876,64.23053576058146,注入中间浆,0.0,0.0,0.0,0.0,0.0,0.0,0.0,0.0,0.0,0.0,0.0,1.0,0.0
3855.0968517961683,64.2516141966028,注入中间浆,0.0,0.0,0.0,0.0,0.0,0.0,0.0,0.0,0.0,0.0,0.0,1.0,0.0
3856.361557957449,64.27269263262414,注入中间浆,0.0,0.0,0.0,0.0,0.0,0.0,0.0,0.0,0.0,0.0,0.0,1.0,0.0
3857.6262641187295,64.2937710686455,注入中间浆,0.0,0.0,0.0,0.0,0.0,0.0,0.0,0.0,0.0,0.0,0.0,1.0,0.0
3858.89097028001,64.31484950466684,注入中间浆,0.0,0.0,0.0,0.0,0.0,0.0,0.0,0.0,0.0,0.0,0.0,1.0,0.0
3860.155676441291,64.33592794068818,注入中间浆,0.0,0.0,0.0,0.0,0.0,0.0,0.0,0.0,0.0,0.0,0.0,1.0,0.0
3861.4203826025714,64.35700637670952,注入中间浆,0.0,0.0,0.0,0.0,0.0,0.0,0.0,0.0,0.0,0.0,0.0,1.0,0.0
3862.685088763852,64.37808481273086,注入中间浆,0.0,0.0,0.0,0.0,0.0,0.0,0.0,0.0,0.0,0.0,0.0,1.0,0.0
3863.9497949251327,64.39916324875222,注入中间浆,0.0,0.0,0.0,0.0,0.0,0.0,0.0,0.0,0.0,0.0,0.0,1.0,0.0
3865.2145010864133,64.42024168477356,注入中间浆,0.0,0.0,0.0,0.0,0.0,0.0,0.0,0.0,0.0,0.0,0.0,1.0,0.0
3866.479207247694,64.4413201207949,注入中间浆,0.0,0.0,0.0,0.0,0.0,0.0,0.0,0.0,0.0,0.0,0.0,1.0,0.0
3867.7439134089745,64.46239855681624,注入中间浆,0.0,0.0,0.0,0.0,0.0,0.0,0.0,0.0,0.0,0.0,0.0,1.0,0.0
3869.008619570255,64.48347699283758,注入中间浆,0.0,0.0,0.0,0.0,0.0,0.0,0.0,0.0,0.0,0.0,0.0,1.0,0.0
3870.273325731536,64.50455542885894,注入中间浆,0.0,0.0,0.0,0.0,0.0,0.0,0.0,0.0,0.0,0.0,0.0,1.0,0.0
3871.5380318928164,64.52563386488028,注入中间浆,0.0,0.0,0.0,0.0,0.0,0.0,0.0,0.0,0.0,0.0,0.0,1.0,0.0
3872.802738054097,64.54671230090162,注入中间浆,0.0,0.0,0.0,0.0,0.0,0.0,0.0,0.0,0.0,0.0,0.0,1.0,0.0
3874.0674442153777,64.56779073692296,注入中间浆,0.0,0.0,0.0,0.0,0.0,0.0,0.0,0.0,0.0,0.0,0.0,1.0,0.0
3875.3321503766583,64.5888691729443,注入中间浆,0.0,0.0,0.0,0.0,0.0,0.0,0.0,0.0,0.0,0.0,0.0,1.0,0.0
3876.596856537939,64.60994760896565,注入中间浆,0.0,0.0,0.0,0.0,0.0,0.0,0.0,0.0,0.0,0.0,0.0,1.0,0.0
3877.8615626992196,64.631026044987,注入中间浆,0.0,0.0,0.0,0.0,0.0,0.0,0.0,0.0,0.0,0.0,0.0,1.0,0.0
3879.1262688605,64.65210448100834,注入中间浆,0.0,0.0,0.0,0.0,0.0,0.0,0.0,0.0,0.0,0.0,0.0,1.0,0.0
3880.390975021781,64.67318291702968,注入中间浆,0.0,0.0,0.0,0.0,0.0,0.0,0.0,0.0,0.0,0.0,0.0,1.0,0.0
3881.6556811830615,64.69426135305102,注入中间浆,0.0,0.0,0.0,0.0,0.0,0.0,0.0,0.0,0.0,0.0,0.0,1.0,0.0
3882.920387344342,64.71533978907237,注入中间浆,0.0,0.0,0.0,0.0,0.0,0.0,0.0,0.0,0.0,0.0,0.0,1.0,0.0
3884.1850935056227,64.73641822509371,注入中间浆,0.0,0.0,0.0,0.0,0.0,0.0,0.0,0.0,0.0,0.0,0.0,1.0,0.0
3885.4497996669033,64.75749666111506,注入中间浆,0.0,0.0,0.0,0.0,0.0,0.0,0.0,0.0,0.0,0.0,0.0,1.0,0.0
3886.714505828184,64.7785750971364,注入中间浆,0.0,0.0,0.0,0.0,0.0,0.0,0.0,0.0,0.0,0.0,0.0,1.0,0.0
3887.9792119894646,64.79965353315774,注入中间浆,0.0,0.0,0.0,0.0,0.0,0.0,0.0,0.0,0.0,0.0,0.0,1.0,0.0
3889.2439181507452,64.82073196917909,注入中间浆,0.0,0.0,0.0,0.0,0.0,0.0,0.0,0.0,0.0,0.0,0.0,1.0,0.0
3890.508624312026,64.84181040520043,注入中间浆,0.0,0.0,0.0,0.0,0.0,0.0,0.0,0.0,0.0,0.0,0.0,1.0,0.0
3891.7733304733065,64.86288884122177,注入中间浆,0.0,0.0,0.0,0.0,0.0,0.0,0.0,0.0,0.0,0.0,0.0,1.0,0.0
3893.038036634587,64.88396727724312,注入中间浆,0.0,0.0,0.0,0.0,0.0,0.0,0.0,0.0,0.0,0.0,0.0,1.0,0.0
3894.3027427958677,64.90504571326446,注入中间浆,0.0,0.0,0.0,0.0,0.0,0.0,0.0,0.0,0.0,0.0,0.0,1.0,0.0
3895.5674489571484,64.92612414928581,注入中间浆,0.0,0.0,0.0,0.0,0.0,0.0,0.0,0.0,0.0,0.0,0.0,1.0,0.0
3896.832155118429,64.94720258530715,注入中间浆,0.0,0.0,0.0,0.0,0.0,0.0,0.0,0.0,0.0,0.0,0.0,1.0,0.0
3898.0968612797096,64.9682810213285,注入中间浆,0.0,0.0,0.0,0.0,0.0,0.0,0.0,0.0,0.0,0.0,0.0,1.0,0.0
3899.3615674409903,64.98935945734983,注入中间浆,0.0,0.0,0.0,0.0,0.0,0.0,0.0,0.0,0.0,0.0,0.0,1.0,0.0
3900.626273602271,65.01043789337118,注入中间浆,0.0,0.0,0.0,0.0,0.0,0.0,0.0,0.0,0.0,0.0,0.0,1.0,0.0
3901.8909797635515,65.03151632939253,注入中间浆,0.0,0.0,0.0,0.0,0.0,0.0,0.0,0.0,0.0,0.0,0.0,1.0,0.0
3903.155685924832,65.05259476541387,注入中间浆,0.0,0.0,0.0,0.0,0.0,0.0,0.0,0.0,0.0,0.0,0.0,1.0,0.0
3904.4203920861128,65.07367320143521,注入中间浆,0.0,0.0,0.0,0.0,0.0,0.0,0.0,0.0,0.0,0.0,0.0,1.0,0.0
3905.6850982473934,65.09475163745655,注入中间浆,0.0,0.0,0.0,0.0,0.0,0.0,0.0,0.0,0.0,0.0,0.0,1.0,0.0
3906.949804408674,65.1158300734779,注入中间浆,0.0,0.0,0.0,0.0,0.0,0.0,0.0,0.0,0.0,0.0,0.0,1.0,0.0
3908.2145105699547,65.13690850949925,注入中间浆,0.0,0.0,0.0,0.0,0.0,0.0,0.0,0.0,0.0,0.0,0.0,1.0,0.0
3909.4792167312353,65.15798694552059,注入中间浆,0.0,0.0,0.0,0.0,0.0,0.0,0.0,0.0,0.0,0.0,0.0,1.0,0.0
3910.743922892516,65.17906538154193,注入中间浆,0.0,0.0,0.0,0.0,0.0,0.0,0.0,0.0,0.0,0.0,0.0,1.0,0.0
3912.0086290537965,65.20014381756327,注入中间浆,0.0,0.0,0.0,0.0,0.0,0.0,0.0,0.0,0.0,0.0,0.0,1.0,0.0
3913.273335215077,65.22122225358461,注入中间浆,0.0,0.0,0.0,0.0,0.0,0.0,0.0,0.0,0.0,0.0,0.0,1.0,0.0
3914.538041376358,65.24230068960597,注入中间浆,0.0,0.0,0.0,0.0,0.0,0.0,0.0,0.0,0.0,0.0,0.0,1.0,0.0
3915.8027475376384,65.26337912562731,注入中间浆,0.0,0.0,0.0,0.0,0.0,0.0,0.0,0.0,0.0,0.0,0.0,1.0,0.0
3917.067453698919,65.28445756164865,注入中间浆,0.0,0.0,0.0,0.0,0.0,0.0,0.0,0.0,0.0,0.0,0.0,1.0,0.0
3918.3321598601997,65.30553599766999,注入中间浆,0.0,0.0,0.0,0.0,0.0,0.0,0.0,0.0,0.0,0.0,0.0,1.0,0.0
3919.5968660214803,65.32661443369133,注入中间浆,0.0,0.0,0.0,0.0,0.0,0.0,0.0,0.0,0.0,0.0,0.0,1.0,0.0
3920.861572182761,65.34769286971269,注入中间浆,0.0,0.0,0.0,0.0,0.0,0.0,0.0,0.0,0.0,0.0,0.0,1.0,0.0
3922.1262783440416,65.36877130573403,注入中间浆,0.0,0.0,0.0,0.0,0.0,0.0,0.0,0.0,0.0,0.0,0.0,1.0,0.0
3923.390984505322,65.38984974175537,注入中间浆,0.0,0.0,0.0,0.0,0.0,0.0,0.0,0.0,0.0,0.0,0.0,1.0,0.0
3924.655690666603,65.41092817777671,注入中间浆,0.0,0.0,0.0,0.0,0.0,0.0,0.0,0.0,0.0,0.0,0.0,1.0,0.0
3925.9203968278835,65.43200661379805,注入中间浆,0.0,0.0,0.0,0.0,0.0,0.0,0.0,0.0,0.0,0.0,0.0,1.0,0.0
3927.185102989164,65.4530850498194,注入中间浆,0.0,0.0,0.0,0.0,0.0,0.0,0.0,0.0,0.0,0.0,0.0,1.0,0.0
3928.4498091504447,65.47416348584075,注入中间浆,0.0,0.0,0.0,0.0,0.0,0.0,0.0,0.0,0.0,0.0,0.0,1.0,0.0
3929.7145153117253,65.49524192186209,注入中间浆,0.0,0.0,0.0,0.0,0.0,0.0,0.0,0.0,0.0,0.0,0.0,1.0,0.0
3930.979221473006,65.51632035788343,注入中间浆,0.0,0.0,0.0,0.0,0.0,0.0,0.0,0.0,0.0,0.0,0.0,1.0,0.0
3932.2439276342866,65.53739879390477,注入中间浆,0.0,0.0,0.0,0.0,0.0,0.0,0.0,0.0,0.0,0.0,0.0,1.0,0.0
3933.508633795567,65.55847722992613,注入中间浆,0.0,0.0,0.0,0.0,0.0,0.0,0.0,0.0,0.0,0.0,0.0,1.0,0.0
3934.773339956848,65.57955566594747,注入中间浆,0.0,0.0,0.0,0.0,0.0,0.0,0.0,0.0,0.0,0.0,0.0,1.0,0.0
3936.0380461181285,65.60063410196881,注入中间浆,0.0,0.0,0.0,0.0,0.0,0.0,0.0,0.0,0.0,0.0,0.0,1.0,0.0
3937.302752279409,65.62171253799015,注入中间浆,0.0,0.0,0.0,0.0,0.0,0.0,0.0,0.0,0.0,0.0,0.0,1.0,0.0
3938.5674584406897,65.64279097401149,注入中间浆,0.0,0.0,0.0,0.0,0.0,0.0,0.0,0.0,0.0,0.0,0.0,1.0,0.0
3939.8321646019704,65.66386941003285,注入中间浆,0.0,0.0,0.0,0.0,0.0,0.0,0.0,0.0,0.0,0.0,0.0,1.0,0.0
3941.096870763251,65.68494784605419,注入中间浆,0.0,0.0,0.0,0.0,0.0,0.0,0.0,0.0,0.0,0.0,0.0,1.0,0.0
3942.3615769245316,65.70602628207553,注入中间浆,0.0,0.0,0.0,0.0,0.0,0.0,0.0,0.0,0.0,0.0,0.0,1.0,0.0
3943.6262830858122,65.72710471809687,注入中间浆,0.0,0.0,0.0,0.0,0.0,0.0,0.0,0.0,0.0,0.0,0.0,1.0,0.0
3944.890989247093,65.74818315411821,注入中间浆,0.0,0.0,0.0,0.0,0.0,0.0,0.0,0.0,0.0,0.0,0.0,1.0,0.0
3946.1556954083735,65.76926159013956,注入中间浆,0.0,0.0,0.0,0.0,0.0,0.0,0.0,0.0,0.0,0.0,0.0,1.0,0.0
3947.420401569654,65.7903400261609,注入中间浆,0.0,0.0,0.0,0.0,0.0,0.0,0.0,0.0,0.0,0.0,0.0,1.0,0.0
3948.6851077309348,65.81141846218225,注入中间浆,0.0,0.0,0.0,0.0,0.0,0.0,0.0,0.0,0.0,0.0,0.0,1.0,0.0
3949.9498138922154,65.83249689820359,注入中间浆,0.0,0.0,0.0,0.0,0.0,0.0,0.0,0.0,0.0,0.0,0.0,1.0,0.0
3951.214520053496,65.85357533422493,注入中间浆,0.0,0.0,0.0,0.0,0.0,0.0,0.0,0.0,0.0,0.0,0.0,1.0,0.0
3952.4792262147766,65.87465377024628,注入中间浆,0.0,0.0,0.0,0.0,0.0,0.0,0.0,0.0,0.0,0.0,0.0,1.0,0.0
3953.7439323760573,65.89573220626762,注入中间浆,0.0,0.0,0.0,0.0,0.0,0.0,0.0,0.0,0.0,0.0,0.0,1.0,0.0
3955.008638537338,65.91681064228897,注入中间浆,0.0,0.0,0.0,0.0,0.0,0.0,0.0,0.0,0.0,0.0,0.0,1.0,0.0
3956.2733446986185,65.9378890783103,注入中间浆,0.0,0.0,0.0,0.0,0.0,0.0,0.0,0.0,0.0,0.0,0.0,1.0,0.0
3957.538050859899,65.95896751433165,注入中间浆,0.0,0.0,0.0,0.0,0.0,0.0,0.0,0.0,0.0,0.0,0.0,1.0,0.0
3958.80275702118,65.980045950353,注入中间浆,0.0,0.0,0.0,0.0,0.0,0.0,0.0,0.0,0.0,0.0,0.0,1.0,0.0
3960.0674631824604,66.00112438637434,注入中间浆,0.0,0.0,0.0,0.0,0.0,0.0,0.0,0.0,0.0,0.0,0.0,1.0,0.0
3961.332169343741,66.02220282239568,注入中间浆,0.0,0.0,0.0,0.0,0.0,0.0,0.0,0.0,0.0,0.0,0.0,1.0,0.0
3962.5968755050217,66.04328125841703,注入中间浆,0.0,0.0,0.0,0.0,0.0,0.0,0.0,0.0,0.0,0.0,0.0,1.0,0.0
3963.8615816663023,66.06435969443837,注入中间浆,0.0,0.0,0.0,0.0,0.0,0.0,0.0,0.0,0.0,0.0,0.0,1.0,0.0
3965.126287827583,66.08543813045972,注入中间浆,0.0,0.0,0.0,0.0,0.0,0.0,0.0,0.0,0.0,0.0,0.0,1.0,0.0
3966.3909939888636,66.10651656648106,注入中间浆,0.0,0.0,0.0,0.0,0.0,0.0,0.0,0.0,0.0,0.0,0.0,1.0,0.0
3967.655700150144,66.1275950025024,注入中间浆,0.0,0.0,0.0,0.0,0.0,0.0,0.0,0.0,0.0,0.0,0.0,1.0,0.0
3968.920406311425,66.14867343852374,注入中间浆,0.0,0.0,0.0,0.0,0.0,0.0,0.0,0.0,0.0,0.0,0.0,1.0,0.0
3970.1851124727054,66.16975187454509,注入中间浆,0.0,0.0,0.0,0.0,0.0,0.0,0.0,0.0,0.0,0.0,0.0,1.0,0.0
3971.449818633986,66.19083031056644,注入中间浆,0.0,0.0,0.0,0.0,0.0,0.0,0.0,0.0,0.0,0.0,0.0,1.0,0.0
3972.7145247952667,66.21190874658778,注入中间浆,0.0,0.0,0.0,0.0,0.0,0.0,0.0,0.0,0.0,0.0,0.0,1.0,0.0
3973.9792309565473,66.23298718260912,注入中间浆,0.0,0.0,0.0,0.0,0.0,0.0,0.0,0.0,0.0,0.0,0.0,1.0,0.0
3975.243937117828,66.25406561863046,注入中间浆,0.0,0.0,0.0,0.0,0.0,0.0,0.0,0.0,0.0,0.0,0.0,1.0,0.0
3976.5086432791086,66.2751440546518,注入中间浆,0.0,0.0,0.0,0.0,0.0,0.0,0.0,0.0,0.0,0.0,0.0,1.0,0.0
3977.773349440389,66.29622249067316,注入中间浆,0.0,0.0,0.0,0.0,0.0,0.0,0.0,0.0,0.0,0.0,0.0,1.0,0.0
3979.03805560167,66.3173009266945,注入中间浆,0.0,0.0,0.0,0.0,0.0,0.0,0.0,0.0,0.0,0.0,0.0,1.0,0.0
3980.3027617629505,66.33837936271584,注入中间浆,0.0,0.0,0.0,0.0,0.0,0.0,0.0,0.0,0.0,0.0,0.0,1.0,0.0
3981.567467924231,66.35945779873718,注入中间浆,0.0,0.0,0.0,0.0,0.0,0.0,0.0,0.0,0.0,0.0,0.0,1.0,0.0
3982.8321740855117,66.38053623475852,注入中间浆,0.0,0.0,0.0,0.0,0.0,0.0,0.0,0.0,0.0,0.0,0.0,1.0,0.0
3984.0968802467924,66.40161467077988,注入中间浆,0.0,0.0,0.0,0.0,0.0,0.0,0.0,0.0,0.0,0.0,0.0,1.0,0.0
3985.361586408073,66.42269310680122,注入中间浆,0.0,0.0,0.0,0.0,0.0,0.0,0.0,0.0,0.0,0.0,0.0,1.0,0.0
3986.6262925693536,66.44377154282256,注入中间浆,0.0,0.0,0.0,0.0,0.0,0.0,0.0,0.0,0.0,0.0,0.0,1.0,0.0
3987.8909987306342,66.4648499788439,注入中间浆,0.0,0.0,0.0,0.0,0.0,0.0,0.0,0.0,0.0,0.0,0.0,1.0,0.0
3989.155704891915,66.48592841486524,注入中间浆,0.0,0.0,0.0,0.0,0.0,0.0,0.0,0.0,0.0,0.0,0.0,1.0,0.0
3990.4204110531955,66.5070068508866,注入中间浆,0.0,0.0,0.0,0.0,0.0,0.0,0.0,0.0,0.0,0.0,0.0,1.0,0.0
3991.685117214476,66.52808528690794,注入中间浆,0.0,0.0,0.0,0.0,0.0,0.0,0.0,0.0,0.0,0.0,0.0,1.0,0.0
3992.9498233757568,66.54916372292928,注入中间浆,0.0,0.0,0.0,0.0,0.0,0.0,0.0,0.0,0.0,0.0,0.0,1.0,0.0
3994.2145295370374,66.57024215895062,注入中间浆,0.0,0.0,0.0,0.0,0.0,0.0,0.0,0.0,0.0,0.0,0.0,1.0,0.0
3995.479235698318,66.59132059497196,注入中间浆,0.0,0.0,0.0,0.0,0.0,0.0,0.0,0.0,0.0,0.0,0.0,1.0,0.0
3996.7439418595986,66.61239903099332,注入中间浆,0.0,0.0,0.0,0.0,0.0,0.0,0.0,0.0,0.0,0.0,0.0,1.0,0.0
3998.0086480208793,66.63347746701466,注入中间浆,0.0,0.0,0.0,0.0,0.0,0.0,0.0,0.0,0.0,0.0,0.0,1.0,0.0
3999.27335418216,66.654555903036,注入中间浆,0.0,0.0,0.0,0.0,0.0,0.0,0.0,0.0,0.0,0.0,0.0,1.0,0.0
4000.5380603434405,66.67563433905734,注入中间浆,0.0,0.0,0.0,0.0,0.0,0.0,0.0,0.0,0.0,0.0,0.0,1.0,0.0
4001.802766504721,66.69671277507868,注入中间浆,0.0,0.0,0.0,0.0,0.0,0.0,0.0,0.0,0.0,0.0,0.0,1.0,0.0
4003.067472666002,66.71779121110004,注入中间浆,0.0,0.0,0.0,0.0,0.0,0.0,0.0,0.0,0.0,0.0,0.0,1.0,0.0
4004.3321788272824,66.73886964712138,注入中间浆,0.0,0.0,0.0,0.0,0.0,0.0,0.0,0.0,0.0,0.0,0.0,1.0,0.0
4005.596884988563,66.75994808314272,注入中间浆,0.0,0.0,0.0,0.0,0.0,0.0,0.0,0.0,0.0,0.0,0.0,1.0,0.0
4006.8615911498437,66.78102651916406,注入中间浆,0.0,0.0,0.0,0.0,0.0,0.0,0.0,0.0,0.0,0.0,0.0,1.0,0.0
4008.1262973111243,66.8021049551854,注入中间浆,0.0,0.0,0.0,0.0,0.0,0.0,0.0,0.0,0.0,0.0,0.0,1.0,0.0
4009.391003472405,66.82318339120675,注入中间浆,0.0,0.0,0.0,0.0,0.0,0.0,0.0,0.0,0.0,0.0,0.0,1.0,0.0
4010.6557096336855,66.8442618272281,注入中间浆,0.0,0.0,0.0,0.0,0.0,0.0,0.0,0.0,0.0,0.0,0.0,1.0,0.0
4011.920415794966,66.86534026324944,注入中间浆,0.0,0.0,0.0,0.0,0.0,0.0,0.0,0.0,0.0,0.0,0.0,1.0,0.0
4013.185121956247,66.88641869927078,注入中间浆,0.0,0.0,0.0,0.0,0.0,0.0,0.0,0.0,0.0,0.0,0.0,1.0,0.0
4014.4498281175274,66.90749713529212,注入中间浆,0.0,0.0,0.0,0.0,0.0,0.0,0.0,0.0,0.0,0.0,0.0,0.9996842079622417,0.0
4015.714534278808,66.92857557131347,注入中间浆,0.0,0.0,0.0,0.0,0.0,0.0,0.0,0.0,0.0,0.0,0.0,0.999640993295471,0.0
4016.9792404400887,66.94965400733481,注入中间浆,0.0,0.0,0.0,0.0,0.0,0.0,0.0,0.0,0.0,0.0,0.0,0.9995979021392092,0.0
4018.2439466013693,66.97073244335616,注入中间浆,0.0,0.0,0.0,0.0,0.0,0.0,0.0,0.0,0.0,0.0,0.0,0.9989080584378247,0.0
4019.50865276265,66.9918108793775,注入中间浆,0.0,0.0,0.0,0.0,0.0,0.0,0.0,0.0,0.0,0.0,0.0,0.9987766199261919,0.0
4020.7733589239306,67.01288931539884,注入中间浆,0.0,0.0,0.0,0.0,0.0,0.0,0.0,0.0,0.0,0.0,0.0,0.9986455003901401,0.0
4022.038065085211,67.03396775142019,注入中间浆,0.0,0.0,0.0,0.0,0.0,0.0,0.0,0.0,0.0,0.0,0.0,0.9974696847076154,0.0
4023.302771246492,67.05504618744153,注入中间浆,0.0,0.0,0.0,0.0,0.0,0.0,0.0,0.0,0.0,0.0,0.0,0.9971960359293537,0.0
4024.5674774077725,67.07612462346287,注入中间浆,0.0,0.0,0.0,0.0,0.0,0.0,0.0,0.0,0.0,0.0,0.0,0.9969229873232444,0.0
4025.832183569053,67.09720305948422,注入中间浆,0.0,0.0,0.0,0.0,0.0,0.0,0.0,0.0,0.0,0.0,0.0,0.9956054805821812,0.0
4027.0968897303337,67.11828149550556,注入中间浆,0.0,0.0,0.0,0.0,0.0,0.0,0.0,0.0,0.0,0.0,0.0,0.9951903532611305,0.0
4028.3615958916143,67.13935993152691,注入中间浆,0.0,0.0,0.0,0.0,0.0,0.0,0.0,0.0,0.0,0.0,0.0,0.9947760239812733,0.0
4029.626302052895,67.16043836754825,注入中间浆,0.0,0.0,0.0,0.0,0.0,0.0,0.0,0.0,0.0,0.0,0.0,0.9933997364805466,0.0
4030.8910082141756,67.1815168035696,注入中间浆,0.0,0.0,0.0,0.0,0.0,0.0,0.0,0.0,0.0,0.0,0.0,0.9928549649871194,0.0
4032.1557143754562,67.20259523959093,注入中间浆,0.0,0.0,0.0,0.0,0.0,0.0,0.0,0.0,0.0,0.0,0.0,0.9923111370853559,0.0
4033.420420536737,67.22367367561228,注入中间浆,0.0,0.0,0.0,0.0,0.0,0.0,0.0,0.0,0.0,0.0,0.0,0.9917681357384401,0.0
4034.6851266980175,67.24475211163363,注入中间浆,0.0,0.0,0.0,0.0,0.0,0.0,0.0,0.0,0.0,0.0,0.0,0.9912258846355079,0.0
4035.949832859298,67.26583054765497,注入中间浆,0.0,0.0,0.0,0.0,0.0,0.0,0.0,0.0,0.0,0.0,0.0,0.990684329399143,0.0
4037.2145390205787,67.28690898367631,注入中间浆,0.0,0.0,0.0,0.0,0.0,0.0,0.0,0.0,0.0,0.0,0.0,0.9901434243577459,0.0
4038.4792451818594,67.30798741969765,注入中间浆,0.0,0.0,0.0,0.0,0.0,0.0,0.0,0.0,0.0,0.0,0.0,0.9896031231774277,0.0
4039.74395134314,67.329065855719,注入中间浆,0.0,0.0,0.0,0.0,0.0,0.0,0.0,0.0,0.0,0.0,0.0,0.9890633721722377,0.0
4041.0086575044206,67.35014429174035,注入中间浆,0.0,0.0,0.0,0.0,0.0,0.0,0.0,0.0,0.0,0.0,0.0,0.988524105436687,0.0
4042.2733636657013,67.37122272776169,注入中间浆,0.0,0.0,0.0,0.0,0.0,0.0,0.0,0.0,0.0,0.0,0.0,0.9879852412427156,0.0
4043.538069826982,67.39230116378303,注入中间浆,0.0,0.0,0.0,0.0,0.0,0.0,0.0,0.0,0.0,0.0,0.0,0.987446679396142,0.0
4044.8027759882625,67.41337959980437,注入中间浆,0.0,0.0,0.0,0.0,0.0,0.0,0.0,0.0,0.0,0.0,0.0,0.9869082994224992,0.0
4046.067482149543,67.43445803582571,注入中间浆,0.0,0.0,0.0,0.0,0.0,0.0,0.0,0.0,0.0,0.0,0.0,0.9863699595436306,0.0
4047.3321883108238,67.45553647184707,注入中间浆,0.0,0.0,0.0,0.0,0.0,0.0,0.0,0.0,0.0,0.0,0.0,0.9858314964319407,0.0
4048.5968944721044,67.47661490786841,注入中间浆,0.0,0.0,0.0,0.0,0.0,0.0,0.0,0.0,0.0,0.0,0.0,0.9852927257149071,0.0
4049.861600633385,67.49769334388975,注入中间浆,0.0,0.0,0.0,0.0,0.0,0.0,0.0,0.0,0.0,0.0,0.0,0.9847534431724249,0.0
4051.1263067946657,67.51877177991109,注入中间浆,0.0,0.0,0.0,0.0,0.0,0.0,0.0,0.0,0.0,0.0,0.0,0.9842134265405084,0.0
4052.3910129559463,67.53985021593243,注入中间浆,0.0,0.0,0.0,0.0,0.0,0.0,0.0,0.0,0.0,0.0,0.0,0.9836724378154962,0.0
4053.655719117227,67.56092865195379,注入中间浆,0.0,0.0,0.0,0.0,0.0,0.0,0.0,0.0,0.0,0.0,0.0,0.9831302259453373,0.0
4054.9204252785075,67.58200708797513,注入中间浆,0.0,0.0,0.0,0.0,0.0,0.0,0.0,0.0,0.0,0.0,0.0,0.9825865297968492,0.0
4056.185131439788,67.60308552399647,注入中间浆,0.0,0.0,0.0,0.0,0.0,0.0,0.0,0.0,0.0,0.0,0.0,0.9820410812963509,0.0
4057.449837601069,67.62416396001781,注入中间浆,0.0,0.0,0.0,0.0,0.0,0.0,0.0,0.0,0.0,0.0,0.0,0.9814936086520638,0.0
4058.7145437623494,67.64524239603915,注入中间浆,0.0,0.0,0.0,0.0,0.0,0.0,0.0,0.0,0.0,0.0,0.0,0.9809438395774704,0.0
4059.97924992363,67.6663208320605,注入中间浆,0.0,0.0,0.0,0.0,0.0,0.0,0.0,0.0,0.0,0.0,0.0,0.9803915044441135,0.0
4061.2439560849107,67.68739926808185,注入中间浆,0.0,0.0,0.0,0.0,0.0,0.0,0.0,0.0,0.0,0.0,0.0,0.9798363393000922,0.0
4062.5086622461913,67.70847770410319,注入中间浆,0.0,0.0,0.0,0.0,0.0,0.0,0.0,0.0,0.0,0.0,0.0,0.9792780886976364,0.0
4063.773368407472,67.72955614012453,注入中间浆,0.0,0.0,0.0,0.0,0.0,0.0,0.0,0.0,0.0,0.0,0.0,0.978716508280775,0.0
4065.0380745687526,67.75063457614587,注入中间浆,0.0,0.0,0.0,0.0,0.0,0.0,0.0,0.0,0.0,0.0,0.0,0.97815136709337,0.0
4066.302780730033,67.77171301216723,注入中间浆,0.0,0.0,0.0,0.0,0.0,0.0,0.0,0.0,0.0,0.0,0.0,0.977582449579217,0.0
4067.567486891314,67.79279144818857,注入中间浆,0.0,0.0,0.0,0.0,0.0,0.0,0.0,0.0,0.0,0.0,0.0,0.9770095572594797,0.0
4068.8321930525944,67.81386988420991,注入中间浆,0.0,0.0,0.0,0.0,0.0,0.0,0.0,0.0,0.0,0.0,0.0,0.9764325100877214,0.0
4070.096899213875,67.83494832023125,注入中间浆,0.0,0.0,0.0,0.0,0.0,0.0,0.0,0.0,0.0,0.0,0.0,0.975851147498025,0.0
4071.3616053751557,67.85602675625259,注入中间浆,0.0,0.0,0.0,0.0,0.0,0.0,0.0,0.0,0.0,0.0,0.0,0.9752653291756971,0.0
4072.6263115364363,67.87710519227394,注入中间浆,0.0,0.0,0.0,0.0,0.0,0.0,0.0,0.0,0.0,0.0,0.0,0.9746749355913517,0.0
4073.891017697717,67.89818362829529,注入中间浆,0.0,0.0,0.0,0.0,0.0,0.0,0.0,0.0,0.0,0.0,0.0,0.9740798683465666,0.0
4075.1557238589976,67.91926206431663,注入中间浆,0.0,0.0,0.0,0.0,0.0,0.0,0.0,0.0,0.0,0.0,0.0,0.9734800503819726,0.0
4076.420430020278,67.94034050033797,注入中间浆,0.0,0.0,0.0,0.0,0.0,0.0,0.0,0.0,0.0,0.0,0.0,0.9728754260963492,0.0
4077.685136181559,67.96141893635931,注入中间浆,0.0,0.0,0.0,0.0,0.0,0.0,0.0,0.0,0.0,0.0,0.0,0.9722659614183474,0.0
4078.9498423428395,67.98249737238066,注入中间浆,0.0,0.0,0.0,0.0,0.0,0.0,0.0,0.0,0.0,0.0,0.0,0.9716516438616302,0.0
4080.21454850412,68.003575808402,注入中间浆,0.0,0.0,0.0,0.0,0.0,0.0,0.0,0.0,0.0,0.0,0.0,0.9710324825807469,0.0
4081.4792546654007,68.02465424442335,注入中间浆,0.0,0.0,0.0,0.0,0.0,0.0,0.0,0.0,0.0,0.0,0.0,0.9704085084302903,0.0
4082.7439608266814,68.04573268044469,注入中间浆,0.0,0.0,0.0,0.0,0.0,0.0,0.0,0.0,0.0,0.0,0.0,0.9697797740153639,0.0
4084.008666987962,68.06681111646603,注入中间浆,0.0,0.0,0.0,0.0,0.0,0.0,0.0,0.0,0.0,0.0,0.0,0.9691463537084383,0.0
4085.2733731492426,68.08788955248738,注入中间浆,0.0,0.0,0.0,0.0,0.0,0.0,0.0,0.0,0.0,0.0,0.0,0.9685083435974571,0.0
4086.5380793105232,68.10896798850872,注入中间浆,0.0,0.0,0.0,0.0,0.0,0.0,0.0,0.0,0.0,0.0,0.0,0.9678658613234127,0.0
4087.802785471804,68.13004642453006,注入中间浆,0.0,0.0,0.0,0.0,0.0,0.0,0.0,0.0,0.0,0.0,0.0,0.9672190457629487,0.0
4089.0674916330845,68.1511248605514,注入中间浆,0.0,0.0,0.0,0.0,0.0,0.0,0.0,0.0,0.0,0.0,0.0,0.9665680565129915,0.0
4090.332197794365,68.17220329657275,注入中间浆,0.0,0.0,0.0,0.0,0.0,0.0,0.0,0.0,0.0,0.0,0.0,0.9659130731396631,0.0
4091.5969039556458,68.1932817325941,注入中间浆,0.0,0.0,0.0,0.0,0.0,0.0,0.0,0.0,0.0,0.0,0.0,0.9652542941622548,0.0
4092.8616101169264,68.21436016861544,注入中间浆,0.0,0.0,0.0,0.0,0.0,0.0,0.0,0.0,0.0,0.0,0.0,0.9645919357540533,0.0
4094.126316278207,68.23543860463678,注入中间浆,0.0,0.0,0.0,0.0,0.0,0.0,0.0,0.0,0.0,0.0,0.0,0.9639262301544806,0.0
4095.3910224394876,68.25651704065812,注入中间浆,0.0,0.0,0.0,0.0,0.0,0.0,0.0,0.0,0.0,0.0,0.0,0.9632574238003377,0.0
4096.655728600768,68.27759547667947,注入中间浆,0.0,0.0,0.0,0.0,0.0,0.0,0.0,0.0,0.0,0.0,0.0,0.9625857751970909,0.0
4097.920434762049,68.29867391270082,注入中间浆,0.0,0.0,0.0,0.0,0.0,0.0,0.0,0.0,0.0,0.0,0.0,0.9619115525632722,0.0
4099.1851409233295,68.31975234872216,注入中间浆,0.0,0.0,0.0,0.0,0.0,0.0,0.0,0.0,0.0,0.0,0.0,0.9612350312915192,0.0
4100.44984708461,68.3408307847435,注入中间浆,0.0,0.0,0.0,0.0,0.0,0.0,0.0,0.0,0.0,0.0,0.0,0.9605564912780418,0.0
4101.714553245891,68.36190922076484,注入中间浆,0.0,0.0,0.0,0.0,0.0,0.0,0.0,0.0,0.0,0.0,0.0,0.9598762141780435,0.0
4102.979259407171,68.38298765678618,注入中间浆,0.0,0.0,0.0,0.0,0.0,0.0,0.0,0.0,0.0,0.0,0.0,0.9591944806476891,0.0
4104.243965568452,68.40406609280754,注入中间浆,0.0,0.0,0.0,0.0,0.0,0.0,0.0,0.0,0.0,0.0,0.0,0.9585115676335839,0.0
4105.508671729733,68.42514452882888,注入中间浆,0.0,0.0,0.0,0.0,0.0,0.0,0.0,0.0,0.0,0.0,0.0,0.9578277457685903,0.0
4106.773377891013,68.44622296485022,注入中间浆,0.0,0.0,0.0,0.0,0.0,0.0,0.0,0.0,0.0,0.0,0.0,0.9571432769283931,0.0
4108.038084052294,68.46730140087156,注入中间浆,0.0,0.0,0.0,0.0,0.0,0.0,0.0,0.0,0.0,0.0,0.0,0.9564584119969095,0.0
4109.302790213575,68.4883798368929,注入中间浆,0.0,0.0,0.0,0.0,0.0,0.0,0.0,0.0,0.0,0.0,0.0,0.9557733888808322,0.0
4110.567496374855,68.50945827291426,注入中间浆,0.0,0.0,0.0,0.0,0.0,0.0,0.0,0.0,0.0,0.0,0.0,0.955088430804755,0.0
4111.832202536136,68.5305367089356,注入中间浆,0.0,0.0,0.0,0.0,0.0,0.0,0.0,0.0,0.0,0.0,0.0,0.9544037449089076,0.0
4113.096908697416,68.55161514495694,注入中间浆,0.0,0.0,0.0,0.0,0.0,0.0,0.0,0.0,0.0,0.0,0.0,0.9537195211619536,0.0
4114.361614858697,68.57269358097828,注入中间浆,0.0,0.0,0.0,0.0,0.0,0.0,0.0,0.0,0.0,0.0,0.0,0.9530359315920283,0.0
4115.626321019978,68.59377201699962,注入中间浆,0.0,0.0,0.0,0.0,0.0,0.0,0.0,0.0,0.0,0.0,0.0,0.952353129830498,0.0
4116.891027181258,68.61485045302098,注入中间浆,0.0,0.0,0.0,0.0,0.0,0.0,0.0,0.0,0.0,0.0,0.0,0.9516712509551648,0.0
4118.155733342539,68.63592888904232,注入中间浆,0.0,0.0,0.0,0.0,0.0,0.0,0.0,0.0,0.0,0.0,0.0,0.9509904116130034,0.0
4119.42043950382,68.65700732506366,注入中间浆,0.0,0.0,0.0,0.0,0.0,0.0,0.0,0.0,0.0,0.0,0.0,0.9503107103971578,0.0
4120.6851456651,68.678085761085,注入中间浆,0.0,0.0,0.0,0.0,0.0,0.0,0.0,0.0,0.0,0.0,0.0,0.9496322284489199,0.0
4121.949851826381,68.69916419710634,注入中间浆,0.0,0.0,0.0,0.0,0.0,0.0,0.0,0.0,0.0,0.0,0.0,0.9489550302527763,0.0
4123.2145579876615,68.7202426331277,注入中间浆,0.0,0.0,0.0,0.0,0.0,0.0,0.0,0.0,0.0,0.0,0.0,0.9482791645912716,0.0
4124.479264148942,68.74132106914904,注入中间浆,0.0,0.0,0.0,0.0,0.0,0.0,0.0,0.0,0.0,0.0,0.0,0.9476046656263155,0.0
4125.743970310223,68.76239950517038,注入中间浆,0.0,0.0,0.0,0.0,0.0,0.0,0.0,0.0,0.0,0.0,0.0,0.946931554074497,0.0
4127.008676471503,68.78347794119172,注入中间浆,0.0,0.0,0.0,0.0,0.0,0.0,0.0,0.0,0.0,0.0,0.0,0.9462598384457771,0.0
4128.273382632784,68.80455637721306,注入中间浆,0.0,0.0,0.0,0.0,0.0,0.0,0.0,0.0,0.0,0.0,0.0,0.9455895163174624,0.0
4129.538088794065,68.82563481323442,注入中间浆,0.0,0.0,0.0,0.0,0.0,0.0,0.0,0.0,0.0,0.0,0.0,0.944920575618355,0.0
4130.802794955345,68.84671324925576,注入中间浆,0.0,0.0,0.0,0.0,0.0,0.0,0.0,0.0,0.0,0.0,0.0,0.9442529959012949,0.0
4132.067501116626,68.8677916852771,注入中间浆,0.0,0.0,0.0,0.0,0.0,0.0,0.0,0.0,0.0,0.0,0.0,0.9435867495857329,0.0
4133.3322072779065,68.88887012129844,注入中间浆,0.0,0.0,0.0,0.0,0.0,0.0,0.0,0.0,0.0,0.0,0.0,0.9429218031553721,0.0
4134.596913439187,68.90994855731978,注入中间浆,0.0,0.0,0.0,0.0,0.0,0.0,0.0,0.0,0.0,0.0,0.0,0.9422581182991262,0.0
4135.861619600468,68.93102699334113,注入中间浆,0.0,0.0,0.0,0.0,0.0,0.0,0.0,0.0,0.0,0.0,0.0,0.9415956529865828,0.0
4137.126325761748,68.95210542936248,注入中间浆,0.0,0.0,0.0,0.0,0.0,0.0,0.0,0.0,0.0,0.0,0.0,0.9409343624717467,0.0
4138.391031923029,68.97318386538382,注入中间浆,0.0,0.0,0.0,0.0,0.0,0.0,0.0,0.0,0.0,0.0,0.0,0.9402742002210229,0.0
4139.65573808431,68.99426230140516,注入中间浆,0.0,0.0,0.0,0.0,0.0,0.0,0.0,0.0,0.0,0.0,0.0,0.939615118763173,0.0
4140.92044424559,69.0153407374265,注入中间浆,0.0,0.0,0.0,0.0,0.0,0.0,0.0,0.0,0.0,0.0,0.0,0.9389570704603543,0.0
4142.185150406871,69.03641917344785,注入中间浆,0.0,0.0,0.0,0.0,0.0,0.0,0.0,0.0,0.0,0.0,0.0,0.9383000082003397,0.0
4143.4498565681515,69.0574976094692,注入中间浆,0.0,0.0,0.0,0.0,0.0,0.0,0.0,0.0,0.0,0.0,0.0,0.9376438860107046,0.0
4144.714562729432,69.07857604549054,注入中间浆,0.0,0.0,0.0,0.0,0.0,0.0,0.0,0.0,0.0,0.0,0.0,0.9369886595961556,0.0
4145.979268890713,69.09965448151188,注入中间浆,0.0,0.0,0.0,0.0,0.0,0.0,0.0,0.0,0.0,0.0,0.0,0.9363342868003941,0.0
4147.243975051993,69.12073291753322,注入中间浆,0.0,0.0,0.0,0.0,0.0,0.0,0.0,0.0,0.0,0.0,0.0,0.9356807279939671,0.0
4148.508681213274,69.14181135355457,注入中间浆,0.0,0.0,0.0,0.0,0.0,0.0,0.0,0.0,0.0,0.0,0.0,0.9350279463895568,0.0
4149.773387374555,69.16288978957591,注入中间浆,0.0,0.0,0.0,0.0,0.0,0.0,0.0,0.0,0.0,0.0,0.0,0.9343759082861401,0.0
4151.038093535835,69.18396822559725,注入中间浆,0.0,0.0,0.0,0.0,0.0,0.0,0.0,0.0,0.0,0.0,0.0,0.9337245832434653,0.0
4152.302799697116,69.2050466616186,注入中间浆,0.0,0.0,0.0,0.0,0.0,0.0,0.0,0.0,0.0,0.0,0.0,0.9330739441883805,0.0
4153.5675058583965,69.22612509763994,注入中间浆,0.0,0.0,0.0,0.0,0.0,0.0,0.0,0.0,0.0,0.0,0.0,0.9324239674547318,0.0
4154.832212019677,69.24720353366129,注入中间浆,0.0,0.0,0.0,0.0,0.0,0.0,0.0,0.0,0.0,0.0,0.0,0.9317746327588553,0.0
4156.096918180958,69.26828196968263,注入中间浆,0.0,0.0,0.0,0.0,0.0,0.0,0.0,0.0,0.0,0.0,0.0,0.9311259231130915,0.0
4157.361624342238,69.28936040570397,注入中间浆,0.0,0.0,0.0,0.0,0.0,0.0,0.0,0.0,0.0,0.0,0.0,0.9304778246802791,0.0
4158.626330503519,69.31043884172531,注入中间浆,0.0,0.0,0.0,0.0,0.0,0.0,0.0,0.0,0.0,0.0,0.0,0.929830326572792,0.0
4159.8910366648,69.33151727774666,注入中间浆,0.0,0.0,0.0,0.0,0.0,0.0,0.0,0.0,0.0,0.0,0.0,0.9291834206003615,0.0
4161.15574282608,69.35259571376801,注入中间浆,0.0,0.0,0.0,0.0,0.0,0.0,0.0,0.0,0.0,0.0,0.0,0.9285371009716277,0.0
4162.420448987361,69.37367414978935,注入中间浆,0.0,0.0,0.0,0.0,0.0,0.0,0.0,0.0,0.0,0.0,0.0,0.9278913639550854,0.0
4163.685155148642,69.39475258581069,注入中间浆,0.0,0.0,0.0,0.0,0.0,0.0,0.0,0.0,0.0,0.0,0.0,0.9272462075057561,0.0
4164.949861309922,69.41583102183203,注入中间浆,0.0,0.0,0.0,0.0,0.0,0.0,0.0,0.0,0.0,0.0,0.0,0.9266016308645316,0.0
4166.214567471203,69.43690945785337,注入中间浆,0.0,0.0,0.0,0.0,0.0,0.0,0.0,0.0,0.0,0.0,0.0,0.9259576341376429,0.0
4167.4792736324835,69.45798789387473,注入中间浆,0.0,0.0,0.0,0.0,0.0,0.0,0.0,0.0,0.0,0.0,0.0,0.9253142178640934,0.0
4168.743979793764,69.47906632989607,注入中间浆,0.0,0.0,0.0,0.0,0.0,0.0,0.0,0.0,0.0,0.0,0.0,0.924671382579128,0.0
4170.008685955045,69.50014476591741,注入中间浆,0.0,0.0,0.0,0.0,0.0,0.0,0.0,0.0,0.0,0.0,0.0,0.9240291283818853,0.0
4171.273392116325,69.52122320193875,注入中间浆,0.0,0.0,0.0,0.0,0.0,0.0,0.0,0.0,0.0,0.0,0.0,0.9233874545152762,0.0
4172.538098277606,69.5423016379601,注入中间浆,0.0,0.0,0.0,0.0,0.0,0.0,0.0,0.0,0.0,0.0,0.0,0.9227463589658559,0.0
4173.802804438887,69.56338007398145,注入中间浆,0.0,0.0,0.0,0.0,0.0,0.0,0.0,0.0,0.0,0.0,0.0,0.9221058380910087,0.0
4175.067510600167,69.58445851000279,注入中间浆,0.0,0.0,0.0,0.0,0.0,0.0,0.0,0.0,0.0,0.0,0.0,0.921465886280153,0.0
4176.332216761448,69.60553694602413,注入中间浆,0.0,0.0,0.0,0.0,0.0,0.0,0.0,0.0,0.0,0.0,0.0,0.9208264956559209,0.0
4177.5969229227285,69.62661538204547,注入中间浆,0.0,0.0,0.0,0.0,0.0,0.0,0.0,0.0,0.0,0.0,0.0,0.9201876558203845,0.0
4178.861629084009,69.64769381806681,注入中间浆,0.0,0.0,0.0,0.0,0.0,0.0,0.0,0.0,0.0,0.0,0.0,0.9195493536504223,0.0
4180.12633524529,69.66877225408817,注入中间浆,0.0,0.0,0.0,0.0,0.0,0.0,0.0,0.0,0.0,0.0,0.0,0.9189115731452601,0.0
4181.39104140657,69.68985069010951,注入中间浆,0.0,0.0,0.0,0.0,0.0,0.0,0.0,0.0,0.0,0.0,0.0,0.9182742953281282,0.0
4182.655747567851,69.71092912613085,注入中间浆,0.0,0.0,0.0,0.0,0.0,0.0,0.0,0.0,0.0,0.0,0.0,0.9176374982028525,0.0
4183.920453729132,69.73200756215219,注入中间浆,0.0,0.0,0.0,0.0,0.0,0.0,0.0,0.0,0.0,0.0,0.0,0.9170011567651054,0.0
4185.185159890412,69.75308599817353,注入中间浆,0.0,0.0,0.0,0.0,0.0,0.0,0.0,0.0,0.0,0.0,0.0,0.9163652430669678,0.0
4186.449866051693,69.77416443419489,注入中间浆,0.0,0.0,0.0,0.0,0.0,0.0,0.0,0.0,0.0,0.0,0.0,0.9157297263324677,0.0
4187.7145722129735,69.79524287021623,注入中间浆,0.0,0.0,0.0,0.0,0.0,0.0,0.0,0.0,0.0,0.0,0.0,0.9150945731208465,0.0
4188.979278374254,69.81632130623757,注入中间浆,0.0,0.0,0.0,0.0,0.0,0.0,0.0,0.0,0.0,0.0,0.0,0.9144597475334963,0.0
4190.243984535535,69.83739974225891,注入中间浆,0.0,0.0,0.0,0.0,0.0,0.0,0.0,0.0,0.0,0.0,0.0,0.913825211459841,0.0
4191.508690696815,69.85847817828025,注入中间浆,0.0,0.0,0.0,0.0,0.0,0.0,0.0,0.0,0.0,0.0,0.0,0.9131909248568681,0.0
4192.773396858096,69.8795566143016,注入中间浆,0.0,0.0,0.0,0.0,0.0,0.0,0.0,0.0,0.0,0.0,0.0,0.9125568460566188,0.0
4194.038103019377,69.90063505032295,注入中间浆,0.0,0.0,0.0,0.0,0.0,0.0,0.0,0.0,0.0,0.0,0.0,0.9119229320956614,0.0
4195.302809180657,69.92171348634429,注入中间浆,0.0,0.0,0.0,0.0,0.0,0.0,0.0,0.0,0.0,0.0,0.0,0.9112891390604491,0.0
4196.567515341938,69.94279192236563,注入中间浆,0.0,0.0,0.0,0.0,0.0,0.0,0.0,0.0,0.0,0.0,0.0,0.9106554224424546,0.0
4197.8322215032185,69.96387035838697,注入中间浆,0.0,0.0,0.0,0.0,0.0,0.0,0.0,0.0,0.0,0.0,0.0,0.9100217374971126,0.0
4199.096927664499,69.98494879440833,注入中间浆,0.0,0.0,0.0,0.0,0.0,0.0,0.0,0.0,0.0,0.0,0.0,0.9093880396008317,0.0
4200.36163382578,70.00602723042967,注入中间浆,0.0,0.0,0.0,0.0,0.0,0.0,0.0,0.0,0.0,0.0,0.0,0.9087542846006943,0.0
4201.62633998706,70.027105666451,注入中间浆,0.0,0.0,0.0,0.0,0.0,0.0,0.0,0.0,0.0,0.0,0.0,0.908120429151882,0.0
4202.891046148341,70.04818410247235,注入中间浆,0.0,0.0,0.0,0.0,0.0,0.0,0.0,0.0,0.0,0.0,0.0,0.9074864310383746,0.0
4204.155752309622,70.06926253849369,注入中间浆,0.0,0.0,0.0,0.0,0.0,0.0,0.0,0.0,0.0,0.0,0.0,0.9068522494730287,0.0
4205.420458470902,70.09034097451504,注入中间浆,0.0,0.0,0.0,0.0,0.0,0.0,0.0,0.0,0.0,0.0,0.0,0.9062178453737297,0.0
4206.685164632183,70.11141941053639,注入中间浆,0.0,0.0,0.0,0.0,0.0,0.0,0.0,0.0,0.0,0.0,0.0,0.9055831816129368,0.0
4207.949870793464,70.13249784655773,注入中间浆,0.0,0.0,0.0,0.0,0.0,0.0,0.0,0.0,0.0,0.0,0.0,0.9049482232385588,0.0
4209.214576954744,70.15357628257907,注入中间浆,0.0,0.0,0.0,0.0,0.0,0.0,0.0,0.0,0.0,0.0,0.0,0.9043129376647148,0.0
4210.479283116025,70.17465471860041,注入中间浆,0.0,0.0,0.0,0.0,0.0,0.0,0.0,0.0,0.0,0.0,0.0,0.9036772948315313,0.0
4211.743989277305,70.19573315462176,注入中间浆,0.0,0.0,0.0,0.0,0.0,0.0,0.0,0.0,0.0,0.0,0.0,0.9030412673336851,0.0
4213.008695438586,70.2168115906431,注入中间浆,0.0,0.0,0.0,0.0,0.0,0.0,0.0,0.0,0.0,0.0,0.0,0.9024048305179271,0.0
4214.273401599867,70.23789002666445,注入中间浆,0.0,0.0,0.0,0.0,0.0,0.0,0.0,0.0,0.0,0.0,0.0,0.9017679625502926,0.0
4215.538107761147,70.25896846268579,注入中间浆,0.0,0.0,0.0,0.0,0.0,0.0,0.0,0.0,0.0,0.0,0.0,0.9011306444541191,0.0
4216.802813922428,70.28004689870713,注入中间浆,0.0,0.0,0.0,0.0,0.0,0.0,0.0,0.0,0.0,0.0,0.0,0.9004928601203547,0.0
4218.067520083709,70.30112533472848,注入中间浆,0.0,0.0,0.0,0.0,0.0,0.0,0.0,0.0,0.0,0.0,0.0,0.8998545962919375,0.0
4219.332226244989,70.32220377074982,注入中间浆,0.0,0.0,0.0,0.0,0.0,0.0,0.0,0.0,0.0,0.0,0.0,0.8992158425242657,0.0
4220.59693240627,70.34328220677116,注入中间浆,0.0,0.0,0.0,0.0,0.0,0.0,0.0,0.0,0.0,0.0,0.0,0.8985765911239497,0.0
4221.8616385675505,70.3643606427925,注入中间浆,0.0,0.0,0.0,0.0,0.0,0.0,0.0,0.0,0.0,0.0,0.0,0.8979368370681714,0.0
4223.126344728831,70.38543907881385,注入中间浆,0.0,0.0,0.0,0.0,0.0,0.0,0.0,0.0,0.0,0.0,0.0,0.8972965779070264,0.0
4224.391050890112,70.4065175148352,注入中间浆,0.0,0.0,0.0,0.0,0.0,0.0,0.0,0.0,0.0,0.0,0.0,0.8966558136512606,0.0
4225.655757051392,70.42759595085654,注入中间浆,0.0,0.0,0.0,0.0,0.0,0.0,0.0,0.0,0.0,0.0,0.0,0.8960145466477705,0.0
4226.920463212673,70.44867438687788,注入中间浆,0.0,0.0,0.0,0.0,0.0,0.0,0.0,0.0,0.0,0.0,0.0,0.8953727814451841,0.0
4228.185169373954,70.46975282289922,注入中间浆,0.0,0.0,0.0,0.0,0.0,0.0,0.0,0.0,0.0,0.0,0.0,0.8947305246517342,0.0
4229.449875535234,70.49083125892057,注入中间浆,0.0,0.0,0.0,0.0,0.0,0.0,0.0,0.0,0.0,0.0,0.0,0.8940877847875185,0.0
4230.714581696515,70.51190969494192,注入中间浆,0.0,0.0,0.0,0.0,0.0,0.0,0.0,0.0,0.0,0.0,0.0,0.8934445721330867,0.0
4231.9792878577955,70.53298813096326,注入中间浆,0.0,0.0,0.0,0.0,0.0,0.0,0.0,0.0,0.0,0.0,0.0,0.8928008985761485,0.0
4233.243994019076,70.5540665669846,注入中间浆,0.0,0.0,0.0,0.0,0.0,0.0,0.0,0.0,0.0,0.0,0.0,0.8921567774580104,0.0
4234.508700180357,70.57514500300594,注入中间浆,0.0,0.0,0.0,0.0,0.0,0.0,0.0,0.0,0.0,0.0,0.0,0.8915122234211871,0.0
4235.773406341637,70.59622343902728,注入中间浆,0.0,0.0,0.0,0.0,0.0,0.0,0.0,0.0,0.0,0.0,0.0,0.89086725225945,0.0
4237.038112502918,70.61730187504864,注入中间浆,0.0,0.0,0.0,0.0,0.0,0.0,0.0,0.0,0.0,0.0,0.0,0.8902218807714014,0.0
4238.302818664199,70.63838031106998,注入中间浆,0.0,0.0,0.0,0.0,0.0,0.0,0.0,0.0,0.0,0.0,0.0,0.889576126618505,0.0
4239.567524825479,70.65945874709132,注入中间浆,0.0,0.0,0.0,0.0,0.0,0.0,0.0,0.0,0.0,0.0,0.0,0.8889300081883288,0.0
4240.83223098676,70.68053718311266,注入中间浆,0.0,0.0,0.0,0.0,0.0,0.0,0.0,0.0,0.0,0.0,0.0,0.888283544463625,0.0
4242.0969371480405,70.701615619134,注入中间浆,0.0,0.0,0.0,0.0,0.0,0.0,0.0,0.0,0.0,0.0,0.0,0.8876367548977252,0.0
4243.361643309321,70.72269405515536,注入中间浆,0.0,0.0,0.0,0.0,0.0,0.0,0.0,0.0,0.0,0.0,0.0,0.8869896592966077,0.0
4244.626349470602,70.7437724911767,注入中间浆,0.0,0.0,0.0,0.0,0.0,0.0,0.0,0.0,0.0,0.0,0.0,0.8863422777078884,0.0
4245.891055631882,70.76485092719804,注入中间浆,0.0,0.0,0.0,0.0,0.0,0.0,0.0,0.0,0.0,0.0,0.0,0.8856946303168818,0.0
4247.155761793163,70.78592936321938,注入中间浆,0.0,0.0,0.0,0.0,0.0,0.0,0.0,0.0,0.0,0.0,0.0,0.8850467373498068,0.0
4248.420467954444,70.80700779924072,注入中间浆,0.0,0.0,0.0,0.0,0.0,0.0,0.0,0.0,0.0,0.0,0.0,0.8843986189841262,0.0
4249.685174115724,70.82808623526208,注入中间浆,0.0,0.0,0.0,0.0,0.0,0.0,0.0,0.0,0.0,0.0,0.0,0.8837502952659615,0.0
4250.949880277005,70.84916467128342,注入中间浆,0.0,0.0,0.0,0.0,0.0,0.0,0.0,0.0,0.0,0.0,0.0,0.8831017860344685,0.0
4252.214586438286,70.87024310730476,注入中间浆,0.0,0.0,0.0,0.0,0.0,0.0,0.0,0.0,0.0,0.0,0.0,0.8824531108530171,0.0
4253.479292599566,70.8913215433261,注入中间浆,0.0,0.0,0.0,0.0,0.0,0.0,0.0,0.0,0.0,0.0,0.0,0.8818042889469927,0.0
4254.743998760847,70.91239997934744,注入中间浆,0.0,0.0,0.0,0.0,0.0,0.0,0.0,0.0,0.0,0.0,0.0,0.8811553391480058,0.0
4256.008704922127,70.9334784153688,注入中间浆,0.0,0.0,0.0,0.0,0.0,0.0,0.0,0.0,0.0,0.0,0.0,0.8805062798442741,0.0
4257.273411083408,70.95455685139014,注入中间浆,0.0,0.0,0.0,0.0,0.0,0.0,0.0,0.0,0.0,0.0,0.0,0.8798571289369366,0.0
4258.538117244689,70.97563528741148,注入中间浆,0.0,0.0,0.0,0.0,0.0,0.0,0.0,0.0,0.0,0.0,0.0,0.8792079038020316,0.0
4259.802823405969,70.99671372343282,注入中间浆,0.0,0.0,0.0,0.0,0.0,0.0,0.0,0.0,0.0,0.0,0.0,0.8785586212578773,0.0
4261.06752956725,71.01779215945416,注入中间浆,0.0,0.0,0.0,0.0,0.0,0.0,0.0,0.0,0.0,0.0,0.0,0.8779092975375724,0.0
4262.332235728531,71.03887059547552,注入中间浆,0.0,0.0,0.0,0.0,0.0,0.0,0.0,0.0,0.0,0.0,0.0,0.8772599482663395,0.0
4263.596941889811,71.05994903149686,注入中间浆,0.0,0.0,0.0,0.0,0.0,0.0,0.0,0.0,0.0,0.0,0.0,0.8766105884434213,0.0
4264.861648051092,71.0810274675182,注入尾浆,0.0,0.0,0.0,0.0,0.0,0.0,0.0,0.0,0.0,0.0,0.0,0.8759612324282422,0.0
4266.1263542123725,71.10210590353954,注入尾浆,0.0,0.0,0.0,0.0,0.0,0.0,0.0,0.0,0.0,0.0,0.0,0.8753118939305338,0.0
4267.391060373653,71.12318433956088,注入尾浆,0.0,0.0,0.0,0.0,0.0,0.0,0.0,0.0,0.0,0.0,0.0,0.8746625860041355,0.0
4268.655766534934,71.14426277558223,注入尾浆,0.0,0.0,0.0,0.0,0.0,0.0,0.0,0.0,0.0,0.0,0.0,0.8740133210441622,0.0
4269.920472696214,71.16534121160358,注入尾浆,0.0,0.0,0.0,0.0,0.0,0.0,0.0,0.0,0.0,0.0,0.0,0.8733641107872394,0.0
4271.185178857495,71.18641964762492,注入尾浆,0.0,0.0,0.0,0.0,0.0,0.0,0.0,0.0,0.0,0.0,0.0,0.8727149663145021,0.0
4272.449885018776,71.20749808364626,注入尾浆,0.0,0.0,0.0,0.0,0.0,0.0,0.0,0.0,0.0,0.0,0.0,0.872065898057053,0.0
4273.714591180056,71.2285765196676,注入尾浆,0.0,0.0,0.0,0.0,0.0,0.0,0.0,0.0,0.0,0.0,0.0,0.8714169158035756,0.0
4274.979297341337,71.24965495568895,注入尾浆,0.0,0.0,0.0,0.0,0.0,0.0,0.0,0.0,0.0,0.0,0.0,0.8707680287098057,0.0
4276.2440035026175,71.2707333917103,注入尾浆,0.0,0.0,0.0,0.0,0.0,0.0,0.0,0.0,0.0,0.0,0.0,0.8701192453095604,0.0
4277.508709663898,71.29181182773164,注入尾浆,0.0,0.0,0.0,0.0,0.0,0.0,0.0,0.0,0.0,0.0,0.0,0.8694705735270418,0.0
4278.773415825179,71.31289026375298,注入尾浆,0.0,0.0,0.0,0.0,0.0,0.0,0.0,0.0,0.0,0.0,0.0,0.8688220206901315,0.0
4280.038121986459,71.33396869977432,注入尾浆,0.0,0.0,0.0,0.0,0.0,0.0,0.0,0.0,0.0,0.0,0.0,0.8681735935444099,0.0
4281.30282814774,71.35504713579567,注入尾浆,0.0,0.0,0.0,0.0,0.0,0.0,0.0,0.0,0.0,0.0,0.0,0.8675252982676449,0.0
4282.567534309021,71.37612557181701,注入尾浆,0.0,0.0,0.0,0.0,0.0,0.0,0.0,0.0,0.0,0.0,0.0,0.8668771404845125,0.0
4283.832240470301,71.39720400783835,注入尾浆,0.0,0.0,0.0,0.0,0.0,0.0,0.0,0.0,0.0,0.0,0.0,0.866229125281334,0.0
4285.096946631582,71.4182824438597,注入尾浆,0.0,0.0,0.0,0.0,0.0,0.0,0.0,0.0,0.0,0.0,0.0,0.8655812572206272,0.0
4286.3616527928625,71.43936087988104,注入尾浆,0.0,0.0,0.0,0.0,0.0,0.0,0.0,0.0,0.0,0.0,0.0,0.8649335403553042,0.0
4287.626358954143,71.46043931590239,注入尾浆,0.0,0.0,0.0,0.0,0.0,0.0,0.0,0.0,0.0,0.0,0.0,0.8642859782423645,0.0
4288.891065115424,71.48151775192373,注入尾浆,0.0,0.0,0.0,0.0,0.0,0.0,0.0,0.0,0.0,0.0,0.0,0.8636385739559653,0.0
4290.155771276704,71.50259618794507,注入尾浆,0.0,0.0,0.0,0.0,0.0,0.0,0.0,0.0,0.0,0.0,0.0,0.8629913300997758,0.0
4291.420477437985,71.52367462396641,注入尾浆,0.0,0.0,0.0,0.0,0.0,0.0,0.0,0.0,0.0,0.0,0.0,0.8623442488185546,0.0
4292.685183599266,71.54475305998776,注入尾浆,0.0,0.0,0.0,0.0,0.0,0.0,0.0,0.0,0.0,0.0,0.0,0.8616973318089184,0.0
4293.949889760546,71.56583149600911,注入尾浆,0.0,0.0,0.0,0.0,0.0,0.0,0.0,0.0,0.0,0.0,0.0,0.8610505803292974,0.0
4295.214595921827,71.58690993203045,注入尾浆,0.0,0.0,0.0,0.0,0.0,0.0,0.0,0.0,0.0,0.0,0.0,0.8604039952091067,0.0
4296.4793020831075,71.60798836805179,注入尾浆,0.0,0.0,0.0,0.0,0.0,0.0,0.0,0.0,0.0,0.0,0.0,0.8597575768571869,0.0
4297.744008244388,71.62906680407313,注入尾浆,0.0,0.0,0.0,0.0,0.0,0.0,0.0,0.0,0.0,0.0,0.0,0.8591113252695975,0.0
4299.008714405669,71.65014524009447,注入尾浆,0.0,0.0,0.0,0.0,0.0,0.0,0.0,0.0,0.0,0.0,0.0,0.8584652400368684,0.0
4300.273420566949,71.67122367611583,注入尾浆,0.0,0.0,0.0,0.0,0.0,0.0,0.0,0.0,0.0,0.0,0.0,0.8578193203508392,0.0
4301.53812672823,71.69230211213717,注入尾浆,0.0,0.0,0.0,0.0,0.0,0.0,0.0,0.0,0.0,0.0,0.0,0.8571735650112335,0.0
4302.802832889511,71.71338054815851,注入尾浆,0.0,0.0,0.0,0.0,0.0,0.0,0.0,0.0,0.0,0.0,0.0,0.8565279724321372,0.0
4304.067539050791,71.73445898417985,注入尾浆,0.0,0.0,0.0,0.0,0.0,0.0,0.0,0.0,0.0,0.0,0.0,0.855882540648552,0.0
4305.332245212072,71.7555374202012,注入尾浆,0.0,0.0,0.0,0.0,0.0,0.0,0.0,0.0,0.0,0.0,0.0,0.8552372673232177,0.0
4306.596951373353,71.77661585622255,注入尾浆,0.0,0.0,0.0,0.0,0.0,0.0,0.0,0.0,0.0,0.0,0.0,0.8545921497538919,0.0
4307.861657534633,71.79769429224389,注入尾浆,0.0,0.0,0.0,0.0,0.0,0.0,0.0,0.0,0.0,0.0,0.0,0.8539471848812816,0.0
4309.126363695914,71.81877272826523,注入尾浆,0.0,0.0,0.0,0.0,0.0,0.0,0.0,0.0,0.0,0.0,0.0,0.8533023692978179,0.0
4310.391069857194,71.83985116428657,注入尾浆,0.0,0.0,0.0,0.0,0.0,0.0,0.0,0.0,0.0,0.0,0.0,0.8526576992574599,0.0
4311.655776018475,71.86092960030791,注入尾浆,0.0,0.0,0.0,0.0,0.0,0.0,0.0,0.0,0.0,0.0,0.0,0.8520131706866996,0.0
4312.920482179756,71.88200803632927,注入尾浆,0.0,0.0,0.0,0.0,0.0,0.0,0.0,0.0,0.0,0.0,0.0,0.8513687791969272,0.0
4314.185188341036,71.90308647235061,注入尾浆,0.0,0.0,0.0,0.0,0.0,0.0,0.0,0.0,0.0,0.0,0.0,0.8507245200983021,0.0
4315.449894502317,71.92416490837195,注入尾浆,0.0,0.0,0.0,0.0,0.0,0.0,0.0,0.0,0.0,0.0,0.0,0.8500803884152484,0.0
4316.714600663598,71.94524334439329,注入尾浆,0.0,0.0,0.0,0.0,0.0,0.0,0.0,0.0,0.0,0.0,0.0,0.8494363789036721,0.0
4317.979306824878,71.96632178041463,注入尾浆,0.0,0.0,0.0,0.0,0.0,0.0,0.0,0.0,0.0,0.0,0.0,0.8487924860699757,0.0
4319.244012986159,71.98740021643599,注入尾浆,0.0,0.0,0.0,0.0,0.0,0.0,0.0,0.0,0.0,0.0,0.0,0.8481487041919094,0.0
4320.5087191474395,72.00847865245733,注入尾浆,0.0,0.0,0.0,0.0,0.0,0.0,0.0,0.0,0.0,0.0,0.0,0.8475050273412762,0.0
4321.77342530872,72.02955708847867,注入尾浆,0.0,0.0,0.0,0.0,0.0,0.0,0.0,0.0,0.0,0.0,0.0,0.8468614494084755,0.0
4323.038131470001,72.05063552450001,注入尾浆,0.0,0.0,0.0,0.0,0.0,0.0,0.0,0.0,0.0,0.0,0.0,0.8462179641288361,0.0
4324.302837631281,72.07171396052135,注入尾浆,0.0,0.0,0.0,0.0,0.0,0.0,0.0,0.0,0.0,0.0,0.0,0.8455745651106649,0.0
4325.567543792562,72.0927923965427,注入尾浆,0.0,0.0,0.0,0.0,0.0,0.0,0.0,0.0,0.0,0.0,0.0,0.8449312458648998,0.0
4326.832249953843,72.11387083256405,注入尾浆,0.0,0.0,0.0,0.0,0.0,0.0,0.0,0.0,0.0,0.0,0.0,0.8442879998362354,0.0
4328.096956115123,72.13494926858539,注入尾浆,0.0,0.0,0.0,0.0,0.0,0.0,0.0,0.0,0.0,0.0,0.0,0.8436448204355517,0.0
4329.361662276404,72.15602770460673,注入尾浆,0.0,0.0,0.0,0.0,0.0,0.0,0.0,0.0,0.0,0.0,0.0,0.8430017010734618,0.0
4330.6263684376845,72.17710614062807,注入尾浆,0.0,0.0,0.0,0.0,0.0,0.0,0.0,0.0,0.0,0.0,0.0,0.8423586351947623,0.0
4331.891074598965,72.19818457664942,注入尾浆,0.0,0.0,0.0,0.0,0.0,0.0,0.0,0.0,0.0,0.0,0.0,0.8417156163135548,0.0
4333.155780760246,72.21926301267077,注入尾浆,0.0,0.0,0.0,0.0,0.0,0.0,0.0,0.0,0.0,0.0,0.0,0.841072638048791,0.0
4334.420486921526,72.2403414486921,注入尾浆,0.0,0.0,0.0,0.0,0.0,0.0,0.0,0.0,0.0,0.0,0.0,0.8404296941599714,0.0
4335.685193082807,72.26141988471345,注入尾浆,0.0,0.0,0.0,0.0,0.0,0.0,0.0,0.0,0.0,0.0,0.0,0.8397867785827325,0.0
4336.949899244088,72.28249832073479,注入尾浆,0.0,0.0,0.0,0.0,0.0,0.0,0.0,0.0,0.0,0.0,0.0,0.8391438854640313,0.0
4338.214605405368,72.30357675675614,注入尾浆,0.0,0.0,0.0,0.0,0.0,0.0,0.0,0.0,0.0,0.0,0.0,0.8385010091966532,0.0
4339.479311566649,72.32465519277748,注入尾浆,0.0,0.0,0.0,0.0,0.0,0.0,0.0,0.0,0.0,0.0,0.0,0.837858144452755,0.0
4340.7440177279295,72.34573362879883,注入尾浆,0.0,0.0,0.0,0.0,0.0,0.0,0.0,0.0,0.0,0.0,0.0,0.8372152862161673,0.0
4342.00872388921,72.36681206482017,注入尾浆,0.0,0.0,0.0,0.0,0.0,0.0,0.0,0.0,0.0,0.0,0.0,0.8365724298131865,0.0
4343.273430050491,72.38789050084151,注入尾浆,0.0,0.0,0.0,0.0,0.0,0.0,0.0,0.0,0.0,0.0,0.0,0.8359295709415994,0.0
4344.538136211771,72.40896893686286,注入尾浆,0.0,0.0,0.0,0.0,0.0,0.0,0.0,0.0,0.0,0.0,0.0,0.8352867056976977,0.0
4345.802842373052,72.4300473728842,注入尾浆,0.0,0.0,0.0,0.0,0.0,0.0,0.0,0.0,0.0,0.0,0.0,0.8346438306010577,0.0
4347.067548534333,72.45112580890554,注入尾浆,0.0,0.0,0.0,0.0,0.0,0.0,0.0,0.0,0.0,0.0,0.0,0.8340009426168854,0.0
4348.332254695613,72.47220424492689,注入尾浆,0.0,0.0,0.0,0.0,0.0,0.0,0.0,0.0,0.0,0.0,0.0,0.8333580391757401,0.0
4349.596960856894,72.49328268094823,注入尾浆,0.0,0.0,0.0,0.0,0.0,0.0,0.0,0.0,0.0,0.0,0.0,0.8327151181904903,0.0
4350.861667018175,72.51436111696958,注入尾浆,0.0,0.0,0.0,0.0,0.0,0.0,0.0,0.0,0.0,0.0,0.0,0.8320721780703684,0.0
4352.126373179455,72.53543955299092,注入尾浆,0.0,0.0,0.0,0.0,0.0,0.0,0.0,0.0,0.0,0.0,0.0,0.8314292177320256,0.0
4353.391079340736,72.55651798901226,注入尾浆,0.0,0.0,0.0,0.0,0.0,0.0,0.0,0.0,0.0,0.0,0.0,0.8307862366075202,0.0
4354.655785502016,72.5775964250336,注入尾浆,0.0,0.0,0.0,0.0,0.0,0.0,0.0,0.0,0.0,0.0,0.0,0.8301432346491927,0.0
4355.920491663297,72.59867486105495,注入尾浆,0.0,0.0,0.0,0.0,0.0,0.0,0.0,0.0,0.0,0.0,0.0,0.8295002123314204,0.0
4357.185197824578,72.6197532970763,注入尾浆,0.0,0.0,0.0,0.0,0.0,0.0,0.0,0.0,0.0,0.0,0.0,0.8288571706492669,0.0
4358.449903985858,72.64083173309764,注入尾浆,0.0,0.0,0.0,0.0,0.0,0.0,0.0,0.0,0.0,0.0,0.0,0.8282141111140728,0.0
4359.714610147139,72.66191016911898,注入尾浆,0.0,0.0,0.0,0.0,0.0,0.0,0.0,0.0,0.0,0.0,0.0,0.8275710357460624,0.0
4360.97931630842,72.68298860514032,注入尾浆,0.0,0.0,0.0,0.0,0.0,0.0,0.0,0.0,0.0,0.0,0.0,0.8269279470640589,0.0
4362.2440224697,72.70406704116166,注入尾浆,0.0,0.0,0.0,0.0,0.0,0.0,0.0,0.0,0.0,0.0,0.0,0.8262848480724402,0.0
4363.508728630981,72.72514547718302,注入尾浆,0.0,0.0,0.0,0.0,0.0,0.0,0.0,0.0,0.0,0.0,0.0,0.8256417422454724,0.0
4364.7734347922615,72.74622391320436,注入尾浆,0.0,0.0,0.0,0.0,0.0,0.0,0.0,0.0,0.0,0.0,0.0,0.8249986335091889,0.0
4366.038140953542,72.7673023492257,注入尾浆,0.0,0.0,0.0,0.0,0.0,0.0,0.0,0.0,0.0,0.0,0.0,0.8243555262209993,0.0
4367.302847114823,72.78838078524704,注入尾浆,0.0,0.0,0.0,0.0,0.0,0.0,0.0,0.0,0.0,0.0,0.0,0.8237124251472192,0.0
4368.567553276103,72.80945922126838,注入尾浆,0.0,0.0,0.0,0.0,0.0,0.0,0.0,0.0,0.0,0.0,0.0,0.8230693354387406,0.0
4369.832259437384,72.83053765728974,注入尾浆,0.0,0.0,0.0,0.0,0.0,0.0,0.0,0.0,0.0,0.0,0.0,0.8224262626050524,0.0
4371.096965598665,72.85161609331108,注入尾浆,0.0,0.0,0.0,0.0,0.0,0.0,0.0,0.0,0.0,0.0,0.0,0.8217832124868444,0.0
4372.361671759945,72.87269452933242,注入尾浆,0.0,0.0,0.0,0.0,0.0,0.0,0.0,0.0,0.0,0.0,0.0,0.8211401912274249,0.0
4373.626377921226,72.89377296535376,注入尾浆,0.0,0.0,0.0,0.0,0.0,0.0,0.0,0.0,0.0,0.0,0.0,0.8204972052431827,0.0
4374.8910840825065,72.9148514013751,注入尾浆,0.0,0.0,0.0,0.0,0.0,0.0,0.0,0.0,0.0,0.0,0.0,0.8198542611933304,0.0
4376.155790243787,72.93592983739646,注入尾浆,0.0,0.0,0.0,0.0,0.0,0.0,0.0,0.0,0.0,0.0,0.0,0.819211365949155,0.0
4377.420496405068,72.9570082734178,注入尾浆,0.0,0.0,0.0,0.0,0.0,0.0,0.0,0.0,0.0,0.0,0.0,0.8185685265630025,0.0
4378.685202566348,72.97808670943914,注入尾浆,0.0,0.0,0.0,0.0,0.0,0.0,0.0,0.0,0.0,0.0,0.0,0.817925750237216,0.0
4379.949908727629,72.99916514546048,注入尾浆,0.0,0.0,0.0,0.0,0.0,0.0,0.0,0.0,0.0,0.0,0.0,0.8172830442932308,0.0
4381.21461488891,73.02024358148182,注入尾浆,0.0,0.0,0.0,0.0,0.0,0.0,0.0,0.0,0.0,0.0,0.0,0.8166404161410302,0.0
4382.47932105019,73.04132201750318,注入尾浆,0.0,0.0,0.0,0.0,0.0,0.0,0.0,0.0,0.0,0.0,0.0,0.8159978732491439,0.0
4383.744027211471,73.06240045352452,注入尾浆,0.0,0.0,0.0,0.0,0.0,0.0,0.0,0.0,0.0,0.0,0.0,0.815355423115363,0.0
4385.0087333727515,73.08347888954586,注入尾浆,0.0,0.0,0.0,0.0,0.0,0.0,0.0,0.0,0.0,0.0,0.0,0.8147130732383313,0.0
4386.273439534032,73.1045573255672,注入尾浆,0.0,0.0,0.0,0.0,0.0,0.0,0.0,0.0,0.0,0.0,0.0,0.8140708310901535,0.0
4387.538145695313,73.12563576158854,注入尾浆,0.0,0.0,0.0,0.0,0.0,0.0,0.0,0.0,0.0,0.0,0.0,0.8134287040901487,0.0
4388.802851856593,73.1467141976099,注入尾浆,0.0,0.0,0.0,0.0,0.0,0.0,0.0,0.0,0.0,0.0,0.0,0.8127866995798624,0.0
4390.067558017874,73.16779263363124,注入尾浆,0.0,0.0,0.0,0.0,0.0,0.0,0.0,0.0,0.0,0.0,0.0,0.812144824799431,0.0
4391.332264179155,73.18887106965258,注入尾浆,0.0,0.0,0.0,0.0,0.0,0.0,0.0,0.0,0.0,0.0,0.0,0.8115030868653793,0.0
4392.596970340435,73.20994950567392,注入尾浆,0.0,0.0,0.0,0.0,0.0,0.0,0.0,0.0,0.0,0.0,0.0,0.8108614927499129,0.0
4393.861676501716,73.23102794169526,注入尾浆,0.0,0.0,0.0,0.0,0.0,0.0,0.0,0.0,0.0,0.0,0.0,0.8102200492617576,0.0
4395.126382662997,73.25210637771661,注入尾浆,0.0,0.0,0.0,0.0,0.0,0.0,0.0,0.0,0.0,0.0,0.0,0.8095787630285742,0.0
4396.391088824277,73.27318481373796,注入尾浆,0.0,0.0,0.0,0.0,0.0,0.0,0.0,0.0,0.0,0.0,0.0,0.8089376404809743,0.0
4397.655794985558,73.2942632497593,注入尾浆,0.0,0.0,0.0,0.0,0.0,0.0,0.0,0.0,0.0,0.0,0.0,0.8082966878381374,0.0
4398.920501146838,73.31534168578064,注入尾浆,0.0,0.0,0.0,0.0,0.0,0.0,0.0,0.0,0.0,0.0,0.0,0.8076559110950263,0.0
4400.185207308119,73.33642012180198,注入尾浆,0.0,0.0,0.0,0.0,0.0,0.0,0.0,0.0,0.0,0.0,0.0,0.8070153160111823,0.0
4401.4499134694,73.35749855782333,注入尾浆,0.0,0.0,0.0,0.0,0.0,0.0,0.0,0.0,0.0,0.0,0.0,0.8063749081010706,0.0
4402.71461963068,73.37857699384467,注入尾浆,0.0,0.0,0.0,0.0,0.0,0.0,0.0,0.0,0.0,0.0,0.0,0.8057346926259381,0.0
4403.979325791961,73.39965542986602,注入尾浆,0.0,0.0,0.0,0.0,0.0,0.0,0.0,0.0,0.0,0.0,0.0,0.8050946745871401,0.0
4405.244031953242,73.42073386588736,注入尾浆,0.0,0.0,0.0,0.0,0.0,0.0,0.0,0.0,0.0,0.0,0.0,0.8044548587208767,0.0
4406.508738114522,73.4418123019087,注入尾浆,0.0,0.0,0.0,0.0,0.0,0.0,0.0,0.0,0.0,0.0,0.0,0.8038152494942833,0.0
4407.773444275803,73.46289073793005,注入尾浆,0.0,0.0,0.0,0.0,0.0,0.0,0.0,0.0,0.0,0.0,0.0,0.8031758511028083,0.0
4409.0381504370835,73.4839691739514,注入尾浆,0.0,0.0,0.0,0.0,0.0,0.0,0.0,0.0,0.0,0.0,0.0,0.8025366674688084,0.0
4410.302856598364,73.50504760997273,注入尾浆,0.0,0.0,0.0,0.0,0.0,0.0,0.0,0.0,0.0,0.0,0.0,0.8018977022412879,0.0
4411.567562759645,73.52612604599408,注入尾浆,0.0,0.0,0.0,0.0,0.0,0.0,0.0,0.0,0.0,0.0,0.0,0.8012589587967088,0.0
4412.832268920925,73.54720448201542,注入尾浆,0.0,0.0,0.0,0.0,0.0,0.0,0.0,0.0,0.0,0.0,0.0,0.8006204402407937,0.0
4414.096975082206,73.56828291803677,注入尾浆,0.0,0.0,0.0,0.0,0.0,0.0,0.0,0.0,0.0,0.0,0.0,0.7999821494112419,0.0
4415.361681243487,73.58936135405811,注入尾浆,0.0,0.0,0.0,0.0,0.0,0.0,0.0,0.0,0.0,0.0,0.0,0.7993440888812875,0.0
4416.626387404767,73.61043979007945,注入尾浆,0.0,0.0,0.0,0.0,0.0,0.0,0.0,0.0,0.0,0.0,0.0,0.7987062609640146,0.0
4417.891093566048,73.6315182261008,注入尾浆,0.0,0.0,0.0,0.0,0.0,0.0,0.0,0.0,0.0,0.0,0.0,0.7980686677173624,0.0
4419.1557997273285,73.65259666212214,注入尾浆,0.0,0.0,0.0,0.0,0.0,0.0,0.0,0.0,0.0,0.0,0.0,0.7974313109497397,0.0
4420.420505888609,73.67367509814349,注入尾浆,0.0,0.0,0.0,0.0,0.0,0.0,0.0,0.0,0.0,0.0,0.0,0.7967941922261829,0.0
4421.68521204989,73.69475353416483,注入尾浆,0.0,0.0,0.0,0.0,0.0,0.0,0.0,0.0,0.0,0.0,0.0,0.7961573128749841,0.0
4422.94991821117,73.71583197018617,注入尾浆,0.0,0.0,0.0,0.0,0.0,0.0,0.0,0.0,0.0,0.0,0.0,0.795520673994729,0.0
4424.214624372451,73.73691040620751,注入尾浆,0.0,0.0,0.0,0.0,0.0,0.0,0.0,0.0,0.0,0.0,0.0,0.7948842764616769,0.0
4425.479330533732,73.75798884222885,注入尾浆,0.0,0.0,0.0,0.0,0.0,0.0,0.0,0.0,0.0,0.0,0.0,0.7942481209374262,0.0
4426.744036695012,73.77906727825021,注入尾浆,0.0,0.0,0.0,0.0,0.0,0.0,0.0,0.0,0.0,0.0,0.0,0.7936122078768115,0.0
4428.008742856293,73.80014571427155,注入尾浆,0.0,0.0,0.0,0.0,0.0,0.0,0.0,0.0,0.0,0.0,0.0,0.7929765375359772,0.0
4429.2734490175735,73.82122415029289,注入尾浆,0.0,0.0,0.0,0.0,0.0,0.0,0.0,0.0,0.0,0.0,0.0,0.7923411099805818,0.0
4430.538155178854,73.84230258631423,注入尾浆,0.0,0.0,0.0,0.0,0.0,0.0,0.0,0.0,0.0,0.0,0.0,0.7917059250940882,0.0
4431.802861340135,73.86338102233557,注入尾浆,0.0,0.0,0.0,0.0,0.0,0.0,0.0,0.0,0.0,0.0,0.0,0.791070982586098,0.0
4433.067567501415,73.88445945835693,注入尾浆,0.0,0.0,0.0,0.0,0.0,0.0,0.0,0.0,0.0,0.0,0.0,0.7904362820006948,0.0
4434.332273662696,73.90553789437827,注入尾浆,0.0,0.0,0.0,0.0,0.0,0.0,0.0,0.0,0.0,0.0,0.0,0.7898018227247602,0.0
4435.596979823977,73.92661633039961,注入尾浆,0.0,0.0,0.0,0.0,0.0,0.0,0.0,0.0,0.0,0.0,0.0,0.7891676039962353,0.0
4436.861685985257,73.94769476642095,注入尾浆,0.0,0.0,0.0,0.0,0.0,0.0,0.0,0.0,0.0,0.0,0.0,0.7885336249122986,0.0
4438.126392146538,73.96877320244229,注入尾浆,0.0,0.0,0.0,0.0,0.0,0.0,0.0,0.0,0.0,0.0,0.0,0.7878998844374366,0.0
4439.3910983078185,73.98985163846365,注入尾浆,0.0,0.0,0.0,0.0,0.0,0.0,0.0,0.0,0.0,0.0,0.0,0.787266381411387,0.0
4440.655804469099,74.01093007448499,注入尾浆,0.0,0.0,0.0,0.0,0.0,0.0,0.0,0.0,0.0,0.0,0.0,0.7866331145569367,0.0
4441.92051063038,74.03200851050633,注入尾浆,0.0,0.0,0.0,0.0,0.0,0.0,0.0,0.0,0.0,0.0,0.0,0.7860000824875575,0.0
4443.18521679166,74.05308694652767,注入尾浆,0.0,0.0,0.0,0.0,0.0,0.0,0.0,0.0,0.0,0.0,0.0,0.7853672837148662,0.0
4444.449922952941,74.07416538254901,注入尾浆,0.0,0.0,0.0,0.0,0.0,0.0,0.0,0.0,0.0,0.0,0.0,0.7847347166559019,0.0
4445.714629114222,74.09524381857037,注入尾浆,0.0,0.0,0.0,0.0,0.0,0.0,0.0,0.0,0.0,0.0,0.0,0.7841023796402056,0.0
4446.979335275502,74.11632225459171,注入尾浆,0.0,0.0,0.0,0.0,0.0,0.0,0.0,0.0,0.0,0.0,0.0,0.7834702709167009,0.0
4448.244041436783,74.13740069061305,注入尾浆,0.0,0.0,0.0,0.0,0.0,0.0,0.0,0.0,0.0,0.0,0.0,0.7828383886603658,0.0
4449.508747598064,74.15847912663439,注入尾浆,0.0,0.0,0.0,0.0,0.0,0.0,0.0,0.0,0.0,0.0,0.0,0.7822067309786951,0.0
4450.773453759344,74.17955756265573,注入尾浆,0.0,0.0,0.0,0.0,0.0,0.0,0.0,0.0,0.0,0.0,0.0,0.7815752959179486,0.0
4452.038159920625,74.20063599867709,注入尾浆,0.0,0.0,0.0,0.0,0.0,0.0,0.0,0.0,0.0,0.0,0.0,0.7809440814691859,0.0
4453.302866081905,74.22171443469843,注入尾浆,0.0,0.0,0.0,0.0,0.0,0.0,0.0,0.0,0.0,0.0,0.0,0.7803130855740852,0.0
4454.567572243186,74.24279287071977,注入尾浆,0.0,0.0,0.0,0.0,0.0,0.0,0.0,0.0,0.0,0.0,0.0,0.7796823061305489,0.0
4455.832278404467,74.26387130674111,注入尾浆,0.0,0.0,0.0,0.0,0.0,0.0,0.0,0.0,0.0,0.0,0.0,0.7790517409980963,0.0
4457.096984565747,74.28494974276245,注入尾浆,0.0,0.0,0.0,0.0,0.0,0.0,0.0,0.0,0.0,0.0,0.0,0.7784213880030456,0.0
4458.361690727028,74.3060281787838,注入尾浆,0.0,0.0,0.0,0.0,0.0,0.0,0.0,0.0,0.0,0.0,0.0,0.7777912449434885,0.0
4459.626396888309,74.32710661480515,注入尾浆,0.0,0.0,0.0,0.0,0.0,0.0,0.0,0.0,0.0,0.0,0.0,0.7771613095940595,0.0
4460.891103049589,74.34818505082649,注入尾浆,0.0,0.0,0.0,0.0,0.0,0.0,0.0,0.0,0.0,0.0,0.0,0.7765315797105045,0.0
4462.15580921087,74.36926348684783,注入尾浆,0.0,0.0,0.0,0.0,0.0,0.0,0.0,0.0,0.0,0.0,0.0,0.7759020530340512,0.0
4463.4205153721505,74.39034192286917,注入尾浆,0.0,0.0,0.0,0.0,0.0,0.0,0.0,0.0,0.0,0.0,0.0,0.7752727272955867,0.0
4464.685221533431,74.41142035889052,注入尾浆,0.0,0.0,0.0,0.0,0.0,0.0,0.0,0.0,0.0,0.0,0.0,0.774643600219644,0.0
4465.949927694712,74.43249879491187,注入尾浆,0.0,0.0,0.0,0.0,0.0,0.0,0.0,0.0,0.0,0.0,0.0,0.7740146695282042,0.0
4467.214633855992,74.4535772309332,注入尾浆,0.0,0.0,0.0,0.0,0.0,0.0,0.0,0.0,0.0,0.0,0.0,0.7733859329443167,0.0
4468.479340017273,74.47465566695455,注入尾浆,0.0,0.0,0.0,0.0,0.0,0.0,0.0,0.0,0.0,0.0,0.0,0.7727573881955415,0.0
4469.744046178554,74.49573410297589,注入尾浆,0.0,0.0,0.0,0.0,0.0,0.0,0.0,0.0,0.0,0.0,0.0,0.7721290330172186,0.0
4471.008752339834,74.51681253899724,注入尾浆,0.0,0.0,0.0,0.0,0.0,0.0,0.0,0.0,0.0,0.0,0.0,0.7715008651555663,0.0
4472.273458501115,74.53789097501858,注入尾浆,0.0,0.0,0.0,0.0,0.0,0.0,0.0,0.0,0.0,0.0,0.0,0.7708728823706148,0.0
4473.5381646623955,74.55896941103993,注入尾浆,0.0,0.0,0.0,0.0,0.0,0.0,0.0,0.0,0.0,0.0,0.0,0.7702450824389765,0.0
4474.802870823676,74.58004784706127,注入尾浆,0.0,0.0,0.0,0.0,0.0,0.0,0.0,0.0,0.0,0.0,0.0,0.7696174631564571,0.0
4476.067576984957,74.6011262830826,注入尾浆,0.0,0.0,0.0,0.0,0.0,0.0,0.0,0.0,0.0,0.0,0.0,0.7689900223405104,0.0
4477.332283146237,74.62220471910396,注入尾浆,0.0,0.0,0.0,0.0,0.0,0.0,0.0,0.0,0.0,0.0,0.0,0.7683627578325408,0.0
4478.596989307518,74.6432831551253,注入尾浆,0.0,0.0,0.0,0.0,0.0,0.0,0.0,0.0,0.0,0.0,0.0,0.7677356675000546,0.0
4479.861695468799,74.66436159114664,注入尾浆,0.0,0.0,0.0,0.0,0.0,0.0,0.0,0.0,0.0,0.0,0.0,0.7671087492386656,0.0
4481.126401630079,74.68544002716799,注入尾浆,0.0,0.0,0.0,0.0,0.0,0.0,0.0,0.0,0.0,0.0,0.0,0.7664820009739532,0.0
4482.39110779136,74.70651846318933,注入尾浆,0.0,0.0,0.0,0.0,0.0,0.0,0.0,0.0,0.0,0.0,0.0,0.7658554206631812,0.0
4483.6558139526405,74.72759689921068,注入尾浆,0.0,0.0,0.0,0.0,0.0,0.0,0.0,0.0,0.0,0.0,0.0,0.7652290062968745,0.0
4484.920520113921,74.74867533523202,注入尾浆,0.0,0.0,0.0,0.0,0.0,0.0,0.0,0.0,0.0,0.0,0.0,0.7646027559002585,0.0
4486.185226275202,74.76975377125336,注入尾浆,0.0,0.0,0.0,0.0,0.0,0.0,0.0,0.0,0.0,0.0,0.0,0.7639766675345643,0.0
4487.449932436482,74.7908322072747,注入尾浆,0.0,0.0,0.0,0.0,0.0,0.0,0.0,0.0,0.0,0.0,0.0,0.7633507392981993,0.0
4488.714638597763,74.81191064329605,注入尾浆,0.0,0.0,0.0,0.0,0.0,0.0,0.0,0.0,0.0,0.0,0.0,0.7627249693277882,0.0
4489.979344759044,74.8329890793174,注入尾浆,0.0,0.0,0.0,0.0,0.0,0.0,0.0,0.0,0.0,0.0,0.0,0.7620993557990844,0.0
4491.244050920324,74.85406751533874,注入尾浆,0.0,0.0,0.0,0.0,0.0,0.0,0.0,0.0,0.0,0.0,0.0,0.7614738969277567,0.0
4492.508757081605,74.87514595136008,注入尾浆,0.0,0.0,0.0,0.0,0.0,0.0,0.0,0.0,0.0,0.0,0.0,0.7608485909700509,0.0
4493.773463242886,74.89622438738142,注入尾浆,0.0,0.0,0.0,0.0,0.0,0.0,0.0,0.0,0.0,0.0,0.0,0.7602234362233323,0.0
4495.038169404166,74.91730282340276,注入尾浆,0.0,0.0,0.0,0.0,0.0,0.0,0.0,0.0,0.0,0.0,0.0,0.7595984310265077,0.0
4496.302875565447,74.93838125942412,注入尾浆,0.0,0.0,0.0,0.0,0.0,0.0,0.0,0.0,0.0,0.0,0.0,0.7589735737603355,0.0
4497.567581726727,74.95945969544546,注入尾浆,0.0,0.0,0.0,0.0,0.0,0.0,0.0,0.0,0.0,0.0,0.0,0.7583488628476206,0.0
4498.832287888008,74.9805381314668,注入尾浆,0.0,0.0,0.0,0.0,0.0,0.0,0.0,0.0,0.0,0.0,0.0,0.7577242967533032,0.0
4500.096994049289,75.00161656748814,注入尾浆,0.0,0.0,0.0,0.0,0.0,0.0,0.0,0.0,0.0,0.0,0.0,0.7570998739844418,0.0
4501.361700210569,75.02269500350948,注入尾浆,0.0,0.0,0.0,0.0,0.0,0.0,0.0,0.0,0.0,0.0,0.0,0.7564755930900953,0.0
4502.62640637185,75.04377343953084,注入尾浆,0.0,0.0,0.0,0.0,0.0,0.0,0.0,0.0,0.0,0.0,0.0,0.7558514526611084,0.0
4503.891112533131,75.06485187555218,注入尾浆,0.0,0.0,0.0,0.0,0.0,0.0,0.0,0.0,0.0,0.0,0.0,0.7552274513298044,0.0
4505.155818694411,75.08593031157352,注入尾浆,0.0,0.0,0.0,0.0,0.0,0.0,0.0,0.0,0.0,0.0,0.0,0.7546035877695907,0.0
4506.420524855692,75.10700874759486,注入尾浆,0.0,0.0,0.0,0.0,0.0,0.0,0.0,0.0,0.0,0.0,0.0,0.7539798606944809,0.0
4507.6852310169725,75.1280871836162,注入尾浆,0.0,0.0,0.0,0.0,0.0,0.0,0.0,0.0,0.0,0.0,0.0,0.7533562688585398,0.0
4508.949937178253,75.14916561963756,注入尾浆,0.0,0.0,0.0,0.0,0.0,0.0,0.0,0.0,0.0,0.0,0.0,0.7527328110552557,0.0
4510.214643339534,75.1702440556589,注入尾浆,0.0,0.0,0.0,0.0,0.0,0.0,0.0,0.0,0.0,0.0,0.0,0.7521094861168446,0.0
4511.479349500814,75.19132249168024,注入尾浆,0.0,0.0,0.0,0.0,0.0,0.0,0.0,0.0,0.0,0.0,0.0,0.7514862929134957,0.0
4512.744055662095,75.21240092770158,注入尾浆,0.0,0.0,0.0,0.0,0.0,0.0,0.0,0.0,0.0,0.0,0.0,0.7508632303525598,0.0
4514.008761823376,75.23347936372292,注入尾浆,0.0,0.0,0.0,0.0,0.0,0.0,0.0,0.0,0.0,0.0,0.0,0.7502402973776882,0.0
4515.273467984656,75.25455779974428,注入尾浆,0.0,0.0,0.0,0.0,0.0,0.0,0.0,0.0,0.0,0.0,0.0,0.7496174929679299,0.0
4516.538174145937,75.27563623576562,注入尾浆,0.0,0.0,0.0,0.0,0.0,0.0,0.0,0.0,0.0,0.0,0.0,0.7489948161367894,0.0
4517.8028803072175,75.29671467178696,注入尾浆,0.0,0.0,0.0,0.0,0.0,0.0,0.0,0.0,0.0,0.0,0.0,0.7483722659312556,0.0
4519.067586468498,75.3177931078083,注入尾浆,0.0,0.0,0.0,0.0,0.0,0.0,0.0,0.0,0.0,0.0,0.0,0.7477498414308031,0.0
4520.332292629779,75.33887154382964,注入尾浆,0.0,0.0,0.0,0.0,0.0,0.0,0.0,0.0,0.0,0.0,0.0,0.7471275417463771,0.0
4521.596998791059,75.359949979851,注入尾浆,0.0,0.0,0.0,0.0,0.0,0.0,0.0,0.0,0.0,0.0,0.0,0.7465053660193626,0.0
4522.86170495234,75.38102841587234,注入尾浆,0.0,0.0,0.0,0.0,0.0,0.0,0.0,0.0,0.0,0.0,0.0,0.7458833134205478,0.0
4524.126411113621,75.40210685189368,注入尾浆,0.0,0.0,0.0,0.0,0.0,0.0,0.0,0.0,0.0,0.0,0.0,0.7452613831490836,0.0
4525.391117274901,75.42318528791502,注入尾浆,0.0,0.0,0.0,0.0,0.0,0.0,0.0,0.0,0.0,0.0,0.0,0.7446395744314492,0.0
4526.655823436182,75.44426372393636,注入尾浆,0.0,0.0,0.0,0.0,0.0,0.0,0.0,0.0,0.0,0.0,0.0,0.7440178865204212,0.0
4527.9205295974625,75.46534215995771,注入尾浆,0.0,0.0,0.0,0.0,0.0,0.0,0.0,0.0,0.0,0.0,0.0,0.7433963186940605,0.0
4529.185235758743,75.48642059597906,注入尾浆,0.0,0.0,0.0,0.0,0.0,0.0,0.0,0.0,0.0,0.0,0.0,0.7427748702547122,0.0
4530.449941920024,75.5074990320004,注入尾浆,0.0,0.0,0.0,0.0,0.0,0.0,0.0,0.0,0.0,0.0,0.0,0.7421535405280287,0.0
4531.714648081304,75.52857746802174,注入尾浆,0.0,0.0,0.0,0.0,0.0,0.0,0.0,0.0,0.0,0.0,0.0,0.7415323288620165,0.0
4532.979354242585,75.54965590404308,注入尾浆,0.0,0.0,0.0,0.0,0.0,0.0,0.0,0.0,0.0,0.0,0.0,0.7409112346261094,0.0
4534.244060403866,75.57073434006443,注入尾浆,0.0,0.0,0.0,0.0,0.0,0.0,0.0,0.0,0.0,0.0,0.0,0.740290257210274,0.0
4535.508766565146,75.59181277608577,注入尾浆,0.0,0.0,0.0,0.0,0.0,0.0,0.0,0.0,0.0,0.0,0.0,0.7396693960241443,0.0
4536.773472726427,75.61289121210712,注入尾浆,0.0,0.0,0.0,0.0,0.0,0.0,0.0,0.0,0.0,0.0,0.0,0.7390486504961926,0.0
4538.0381788877075,75.63396964812846,注入尾浆,0.0,0.0,0.0,0.0,0.0,0.0,0.0,0.0,0.0,0.0,0.0,0.7384280200729336,0.0
4539.302885048988,75.6550480841498,注入尾浆,0.0,0.0,0.0,0.0,0.0,0.0,0.0,0.0,0.0,0.0,0.0,0.7378075042181648,0.0
4540.567591210269,75.67612652017115,注入尾浆,0.0,0.0,0.0,0.0,0.0,0.0,0.0,0.0,0.0,0.0,0.0,0.7371871024122411,0.0
4541.832297371549,75.6972049561925,注入尾浆,0.0,0.0,0.0,0.0,0.0,0.0,0.0,0.0,0.0,0.0,0.0,0.7365668141513871,0.0
4543.09700353283,75.71828339221383,注入尾浆,0.0,0.0,0.0,0.0,0.0,0.0,0.0,0.0,0.0,0.0,0.0,0.7359466389470405,0.0
4544.361709694111,75.73936182823518,注入尾浆,0.0,0.0,0.0,0.0,0.0,0.0,0.0,0.0,0.0,0.0,0.0,0.7353265763252312,0.0
4545.626415855391,75.76044026425652,注入尾浆,0.0,0.0,0.0,0.0,0.0,0.0,0.0,0.0,0.0,0.0,0.0,0.7347066258259907,0.0
4546.891122016672,75.78151870027787,注入尾浆,0.0,0.0,0.0,0.0,0.0,0.0,0.0,0.0,0.0,0.0,0.0,0.7340867870027901,0.0
4548.155828177953,75.80259713629921,注入尾浆,0.0,0.0,0.0,0.0,0.0,0.0,0.0,0.0,0.0,0.0,0.0,0.7334670594220065,0.0
4549.420534339233,75.82367557232055,注入尾浆,0.0,0.0,0.0,0.0,0.0,0.0,0.0,0.0,0.0,0.0,0.0,0.7328474426624116,0.0
4550.685240500514,75.8447540083419,注入尾浆,0.0,0.0,0.0,0.0,0.0,0.0,0.0,0.0,0.0,0.0,0.0,0.7322279363146815,0.0
4551.9499466617945,75.86583244436324,注入尾浆,0.0,0.0,0.0,0.0,0.0,0.0,0.0,0.0,0.0,0.0,0.0,0.7316085399809248,0.0
4553.214652823075,75.88691088038459,注入尾浆,0.0,0.0,0.0,0.0,0.0,0.0,0.0,0.0,0.0,0.0,0.0,0.7309892532742223,0.0
4554.479358984356,75.90798931640593,注入尾浆,0.0,0.0,0.0,0.0,0.0,0.0,0.0,0.0,0.0,0.0,0.0,0.7303700758181785,0.0
4555.744065145636,75.92906775242727,注入尾浆,0.0,0.0,0.0,0.0,0.0,0.0,0.0,0.0,0.0,0.0,0.0,0.7297510072464775,0.0
4557.008771306917,75.95014618844861,注入尾浆,0.0,0.0,0.0,0.0,0.0,0.0,0.0,0.0,0.0,0.0,0.0,0.7291320472024411,0.0
4558.273477468198,75.97122462446995,注入尾浆,0.0,0.0,0.0,0.0,0.0,0.0,0.0,0.0,0.0,0.0,0.0,0.7285131953385849,0.0
4559.538183629478,75.99230306049131,注入尾浆,0.0,0.0,0.0,0.0,0.0,0.0,0.0,0.0,0.0,0.0,0.0,0.7278944513161668,0.0
4560.802889790759,76.01338149651265,注入尾浆,0.0,0.0,0.0,0.0,0.0,0.0,0.0,0.0,0.0,0.0,0.0,0.7272758148047256,0.0
4562.0675959520395,76.03445993253399,注入尾浆,0.0,0.0,0.0,0.0,0.0,0.0,0.0,0.0,0.0,0.0,0.0,0.726657285481605,0.0
4563.33230211332,76.05553836855533,注入尾浆,0.0,0.0,0.0,0.0,0.0,0.0,0.0,0.0,0.0,0.0,0.0,0.7260388630314586,0.0
4564.597008274601,76.07661680457667,注入尾浆,0.0,0.0,0.0,0.0,0.0,0.0,0.0,0.0,0.0,0.0,0.0,0.7254205471457327,0.0
4565.861714435881,76.09769524059803,注入尾浆,0.0,0.0,0.0,0.0,0.0,0.0,0.0,0.0,0.0,0.0,0.0,0.7248023375221236,0.0
4567.126420597162,76.11877367661937,注入尾浆,0.0,0.0,0.0,0.0,0.0,0.0,0.0,0.0,0.0,0.0,0.0,0.724184233864006,0.0
4568.391126758443,76.13985211264071,注入尾浆,0.0,0.0,0.0,0.0,0.0,0.0,0.0,0.0,0.0,0.0,0.0,0.7235662358798287,0.0
4569.655832919723,76.16093054866205,注入尾浆,0.0,0.0,0.0,0.0,0.0,0.0,0.0,0.0,0.0,0.0,0.0,0.7229483432824765,0.0
4570.920539081004,76.18200898468339,注入尾浆,0.0,0.0,0.0,0.0,0.0,0.0,0.0,0.0,0.0,0.0,0.0,0.722330555788595,0.0
4572.1852452422845,76.20308742070475,注入尾浆,0.0,0.0,0.0,0.0,0.0,0.0,0.0,0.0,0.0,0.0,0.0,0.7217128731178755,0.0
4573.449951403565,76.22416585672609,注入尾浆,0.0,0.0,0.0,0.0,0.0,0.0,0.0,0.0,0.0,0.0,0.0,0.7210952949923011,0.0
4574.714657564846,76.24524429274743,注入尾浆,0.0,0.0,0.0,0.0,0.0,0.0,0.0,0.0,0.0,0.0,0.0,0.7204778211353492,0.0
4575.979363726126,76.26632272876877,注入尾浆,0.0,0.0,0.0,0.0,0.0,0.0,0.0,0.0,0.0,0.0,0.0,0.719860451271154,0.0
4577.244069887407,76.28740116479011,注入尾浆,0.0,0.0,0.0,0.0,0.0,0.0,0.0,0.0,0.0,0.0,0.0,0.7192431851236228,0.0
4578.508776048688,76.30847960081147,注入尾浆,0.0,0.0,0.0,0.0,0.0,0.0,0.0,0.0,0.0,0.0,0.0,0.7186260224155133,0.0
4579.773482209968,76.32955803683281,注入尾浆,0.0,0.0,0.0,0.0,0.0,0.0,0.0,0.0,0.0,0.0,0.0,0.7180089628674665,0.0
4581.038188371249,76.35063647285415,注入尾浆,0.0,0.0,0.0,0.0,0.0,0.0,0.0,0.0,0.0,0.0,0.0,0.7173920061969983,0.0
4582.3028945325295,76.37171490887549,注入尾浆,0.0,0.0,0.0,0.0,0.0,0.0,0.0,0.0,0.0,0.0,0.0,0.7167751521174518,0.0
4583.56760069381,76.39279334489683,注入尾浆,0.0,0.0,0.0,0.0,0.0,0.0,0.0,0.0,0.0,0.0,0.0,0.7161584003369117,0.0
4584.832306855091,76.41387178091819,注入尾浆,0.0,0.0,0.0,0.0,0.0,0.0,0.0,0.0,0.0,0.0,0.0,0.7155417505570822,0.0
4586.097013016371,76.43495021693953,注入尾浆,0.0,0.0,0.0,0.0,0.0,0.0,0.0,0.0,0.0,0.0,0.0,0.7149252024721312,0.0
4587.361719177652,76.45602865296087,注入尾浆,0.0,0.0,0.0,0.0,0.0,0.0,0.0,0.0,0.0,0.0,0.0,0.7143087557675036,0.0
4588.626425338933,76.47710708898221,注入尾浆,0.0,0.0,0.0,0.0,0.0,0.0,0.0,0.0,0.0,0.0,0.0,0.713692410118708,0.0
4589.891131500213,76.49818552500355,注入尾浆,0.0,0.0,0.0,0.0,0.0,0.0,0.0,0.0,0.0,0.0,0.0,0.7130761651900787,0.0
4591.155837661494,76.5192639610249,注入尾浆,0.0,0.0,0.0,0.0,0.0,0.0,0.0,0.0,0.0,0.0,0.0,0.712460020633517,0.0
4592.420543822775,76.54034239704625,注入尾浆,0.0,0.0,0.0,0.0,0.0,0.0,0.0,0.0,0.0,0.0,0.0,0.711843976087218,0.0
4593.685249984055,76.56142083306759,注入尾浆,0.0,0.0,0.0,0.0,0.0,0.0,0.0,0.0,0.0,0.0,0.0,0.7112280311743833,0.0
4594.949956145336,76.58249926908893,注入尾浆,0.0,0.0,0.0,0.0,0.0,0.0,0.0,0.0,0.0,0.0,0.0,0.7106121855019263,0.0
4596.214662306616,76.60357770511027,注入尾浆,0.0,0.0,0.0,0.0,0.0,0.0,0.0,0.0,0.0,0.0,0.0,0.7099964386591758,0.0
4597.479368467897,76.62465614113162,注入尾浆,0.0,0.0,0.0,0.0,0.0,0.0,0.0,0.0,0.0,0.0,0.0,0.7093807902165803,0.0
4598.744074629178,76.64573457715296,注入尾浆,0.0,0.0,0.0,0.0,0.0,0.0,0.0,0.0,0.0,0.0,0.0,0.7087652397244176,0.0
4600.008780790458,76.6668130131743,注入尾浆,0.0,0.0,0.0,0.0,0.0,0.0,0.0,0.0,0.0,0.0,0.0,0.7081497867115166,0.0
4601.273486951739,76.68789144919565,注入尾浆,0.0,0.0,0.0,0.0,0.0,0.0,0.0,0.0,0.0,0.0,0.0,0.7075344306839939,0.0
4602.53819311302,76.70896988521699,注入尾浆,0.0,0.0,0.0,0.0,0.0,0.0,0.0,0.0,0.0,0.0,0.0,0.7069191711240119,0.0
4603.8028992743,76.73004832123834,注入尾浆,0.0,0.0,0.0,0.0,0.0,0.0,0.0,0.0,0.0,0.0,0.0,0.7063040074885611,0.0
4605.067605435581,76.75112675725968,注入尾浆,0.0,0.0,0.0,0.0,0.0,0.0,0.0,0.0,0.0,0.0,0.0,0.7056889392082718,0.0
4606.3323115968615,76.77220519328102,注入尾浆,0.0,0.0,0.0,0.0,0.0,0.0,0.0,0.0,0.0,0.0,0.0,0.7050739656862601,0.0
4607.597017758142,76.79328362930237,注入尾浆,0.0,0.0,0.0,0.0,0.0,0.0,0.0,0.0,0.0,0.0,0.0,0.704459086297013,0.0
4608.861723919423,76.8143620653237,注入尾浆,0.0,0.0,0.0,0.0,0.0,0.0,0.0,0.0,0.0,0.0,0.0,0.7038443003853139,0.0
4610.126430080703,76.83544050134506,注入尾浆,0.0,0.0,0.0,0.0,0.0,0.0,0.0,0.0,0.0,0.0,0.0,0.7032296072652169,0.0
4611.391136241984,76.8565189373664,注入尾浆,0.0,0.0,0.0,0.0,0.0,0.0,0.0,0.0,0.0,0.0,0.0,0.7026150062190673,0.0
4612.655842403265,76.87759737338774,注入尾浆,0.0,0.0,0.0,0.0,0.0,0.0,0.0,0.0,0.0,0.0,0.0,0.7020004964965785,0.0
4613.920548564545,76.89867580940908,注入尾浆,0.0,0.0,0.0,0.0,0.0,0.0,0.0,0.0,0.0,0.0,0.0,0.7013860773139637,0.0
4615.185254725826,76.91975424543043,注入尾浆,0.0,0.0,0.0,0.0,0.0,0.0,0.0,0.0,0.0,0.0,0.0,0.7007717478531257,0.0
4616.4499608871065,76.94083268145178,注入尾浆,0.0,0.0,0.0,0.0,0.0,0.0,0.0,0.0,0.0,0.0,0.0,0.7001575072609084,0.0
4617.714667048387,76.96191111747312,注入尾浆,0.0,0.0,0.0,0.0,0.0,0.0,0.0,0.0,0.0,0.0,0.0,0.6995433546484138,0.0
4618.979373209668,76.98298955349446,注入尾浆,0.0,0.0,0.0,0.0,0.0,0.0,0.0,0.0,0.0,0.0,0.0,0.6989292890903803,0.0
4620.244079370948,77.0040679895158,注入尾浆,0.0,0.0,0.0,0.0,0.0,0.0,0.0,0.0,0.0,0.0,0.0,0.6983153096246311,0.0
4621.508785532229,77.02514642553714,注入尾浆,0.0,0.0,0.0,0.0,0.0,0.0,0.0,0.0,0.0,0.0,0.0,0.697701415251589,0.0
4622.77349169351,77.0462248615585,注入尾浆,0.0,0.0,0.0,0.0,0.0,0.0,0.0,0.0,0.0,0.0,0.0,0.69708760493386,0.0
4624.03819785479,77.06730329757984,注入尾浆,0.0,0.0,0.0,0.0,0.0,0.0,0.0,0.0,0.0,0.0,0.0,0.6964738775958859,0.0
4625.302904016071,77.08838173360118,注入尾浆,0.0,0.0,0.0,0.0,0.0,0.0,0.0,0.0,0.0,0.0,0.0,0.695860232123667,0.0
4626.5676101773515,77.10946016962252,注入尾浆,0.0,0.0,0.0,0.0,0.0,0.0,0.0,0.0,0.0,0.0,0.0,0.6952466673645534,0.0
4627.832316338632,77.13053860564386,注入尾浆,0.0,0.0,0.0,0.0,0.0,0.0,0.0,0.0,0.0,0.0,0.0,0.6946331821271052,0.0
4629.097022499913,77.15161704166522,注入尾浆,0.0,0.0,0.0,0.0,0.0,0.0,0.0,0.0,0.0,0.0,0.0,0.694019775181022,0.0
4630.361728661193,77.17269547768656,注入尾浆,0.0,0.0,0.0,0.0,0.0,0.0,0.0,0.0,0.0,0.0,0.0,0.6934064452571375,0.0
4631.626434822474,77.1937739137079,注入尾浆,0.0,0.0,0.0,0.0,0.0,0.0,0.0,0.0,0.0,0.0,0.0,0.6927931910474843,0.0
4632.891140983755,77.21485234972924,注入尾浆,0.0,0.0,0.0,0.0,0.0,0.0,0.0,0.0,0.0,0.0,0.0,0.6921800112054197,0.0
4634.155847145035,77.23593078575058,注入尾浆,0.0,0.0,0.0,0.0,0.0,0.0,0.0,0.0,0.0,0.0,0.0,0.6915669043458182,0.0
4635.420553306316,77.25700922177194,注入尾浆,0.0,0.0,0.0,0.0,0.0,0.0,0.0,0.0,0.0,0.0,0.0,0.690953869045325,0.0
4636.685259467597,77.27808765779328,注入尾浆,0.0,0.0,0.0,0.0,0.0,0.0,0.0,0.0,0.0,0.0,0.0,0.6903409038426703,0.0
4637.949965628877,77.29916609381462,注入尾浆,0.0,0.0,0.0,0.0,0.0,0.0,0.0,0.0,0.0,0.0,0.0,0.6897280072390427,0.0
4639.214671790158,77.32024452983596,注入尾浆,0.0,0.0,0.0,0.0,0.0,0.0,0.0,0.0,0.0,0.0,0.0,0.6891151776985199,0.0
4640.479377951438,77.3413229658573,注入尾浆,0.0,0.0,0.0,0.0,0.0,0.0,0.0,0.0,0.0,0.0,0.0,0.6885024136485554,0.0
4641.744084112719,77.36240140187866,注入尾浆,0.0,0.0,0.0,0.0,0.0,0.0,0.0,0.0,0.0,0.0,0.0,0.6878897134805185,0.0
4643.008790274,77.3834798379,注入尾浆,0.0,0.0,0.0,0.0,0.0,0.0,0.0,0.0,0.0,0.0,0.0,0.6872770755502879,0.0
4644.27349643528,77.40455827392134,注入尾浆,0.0,0.0,0.0,0.0,0.0,0.0,0.0,0.0,0.0,0.0,0.0,0.6866644981788956,0.0
4645.538202596561,77.42563670994268,注入尾浆,0.0,0.0,0.0,0.0,0.0,0.0,0.0,0.0,0.0,0.0,0.0,0.6860519796532217,0.0
4646.802908757842,77.44671514596402,注入尾浆,0.0,0.0,0.0,0.0,0.0,0.0,0.0,0.0,0.0,0.0,0.0,0.6854395182267373,0.0
4648.067614919122,77.46779358198538,注入尾浆,0.0,0.0,0.0,0.0,0.0,0.0,0.0,0.0,0.0,0.0,0.0,0.684827112120296,0.0
4649.332321080403,77.48887201800672,注入尾浆,0.0,0.0,0.0,0.0,0.0,0.0,0.0,0.0,0.0,0.0,0.0,0.6842147595229733,0.0
4650.5970272416835,77.50995045402806,注入尾浆,0.0,0.0,0.0,0.0,0.0,0.0,0.0,0.0,0.0,0.0,0.0,0.6836024585929521,0.0
4651.861733402964,77.5310288900494,注入尾浆,0.0,0.0,0.0,0.0,0.0,0.0,0.0,0.0,0.0,0.0,0.0,0.6829902074584573,0.0
4653.126439564245,77.55210732607074,注入尾浆,0.0,0.0,0.0,0.0,0.0,0.0,0.0,0.0,0.0,0.0,0.0,0.6823780042187362,0.0
4654.391145725525,77.5731857620921,注入尾浆,0.0,0.0,0.0,0.0,0.0,0.0,0.0,0.0,0.0,0.0,0.0,0.6817658469450879,0.0
4655.655851886806,77.59426419811344,注入尾浆,0.0,0.0,0.0,0.0,0.0,0.0,0.0,0.0,0.0,0.0,0.0,0.6811537336819421,0.0
4656.920558048087,77.61534263413478,注入尾浆,0.0,0.0,0.0,0.0,0.0,0.0,0.0,0.0,0.0,0.0,0.0,0.6805416624479877,0.0
4658.185264209367,77.63642107015612,注入尾浆,0.0,0.0,0.0,0.0,0.0,0.0,0.0,0.0,0.0,0.0,0.0,0.6799296312373541,0.0
4659.449970370648,77.65749950617746,注入尾浆,0.0,0.0,0.0,0.0,0.0,0.0,0.0,0.0,0.0,0.0,0.0,0.6793176380208453,0.0
4660.7146765319285,77.67857794219881,注入尾浆,0.0,0.0,0.0,0.0,0.0,0.0,0.0,0.0,0.0,0.0,0.0,0.6787056807472321,0.0
4661.979382693209,77.69965637822015,注入尾浆,0.0,0.0,0.0,0.0,0.0,0.0,0.0,0.0,0.0,0.0,0.0,0.678093757344601,0.0
4663.24408885449,77.7207348142415,注入尾浆,0.0,0.0,0.0,0.0,0.0,0.0,0.0,0.0,0.0,0.0,0.0,0.6774818657217666,0.0
4664.50879501577,77.74181325026284,注入尾浆,0.0,0.0,0.0,0.0,0.0,0.0,0.0,0.0,0.0,0.0,0.0,0.6768700037697472,0.0
4665.773501177051,77.76289168628418,注入尾浆,0.0,0.0,0.0,0.0,0.0,0.0,0.0,0.0,0.0,0.0,0.0,0.6762581693633093,0.0
4667.038207338332,77.78397012230553,注入尾浆,0.0,0.0,0.0,0.0,0.0,0.0,0.0,0.0,0.0,0.0,0.0,0.6756463603625839,0.0
4668.302913499612,77.80504855832687,注入尾浆,0.0,0.0,0.0,0.0,0.0,0.0,0.0,0.0,0.0,0.0,0.0,0.6750345746147561,0.0
4669.567619660893,77.82612699434821,注入尾浆,0.0,0.0,0.0,0.0,0.0,0.0,0.0,0.0,0.0,0.0,0.0,0.674422809955836,0.0
4670.8323258221735,77.84720543036956,注入尾浆,0.0,0.0,0.0,0.0,0.0,0.0,0.0,0.0,0.0,0.0,0.0,0.6738110642125096,0.0
4672.097031983454,77.8682838663909,注入尾浆,0.0,0.0,0.0,0.0,0.0,0.0,0.0,0.0,0.0,0.0,0.0,0.6731993352040777,0.0
4673.361738144735,77.88936230241225,注入尾浆,0.0,0.0,0.0,0.0,0.0,0.0,0.0,0.0,0.0,0.0,0.0,0.6725876207444843,0.0
4674.626444306015,77.91044073843359,注入尾浆,0.0,0.0,0.0,0.0,0.0,0.0,0.0,0.0,0.0,0.0,0.0,0.6719759186444368,0.0
4675.891150467296,77.93151917445493,注入尾浆,0.0,0.0,0.0,0.0,0.0,0.0,0.0,0.0,0.0,0.0,0.0,0.6713642267136244,0.0
4677.155856628577,77.95259761047627,注入尾浆,0.0,0.0,0.0,0.0,0.0,0.0,0.0,0.0,0.0,0.0,0.0,0.6707525427630345,0.0
4678.420562789857,77.97367604649762,注入尾浆,0.0,0.0,0.0,0.0,0.0,0.0,0.0,0.0,0.0,0.0,0.0,0.6701408646073722,0.0
4679.685268951138,77.99475448251897,注入尾浆,0.0,0.0,0.0,0.0,0.0,0.0,0.0,0.0,0.0,0.0,0.0,0.6695291900675825,0.0
4680.9499751124185,78.01583291854031,注入尾浆,0.0,0.0,0.0,0.0,0.0,0.0,0.0,0.0,0.0,0.0,0.0,0.6689175169734785,0.0
4682.214681273699,78.03691135456165,注入尾浆,0.0,0.0,0.0,0.0,0.0,0.0,0.0,0.0,0.0,0.0,0.0,0.6683058431664762,0.0
4683.47938743498,78.057989790583,注入尾浆,0.0,0.0,0.0,0.0,0.0,0.0,0.0,0.0,0.0,0.0,0.0,0.6676941665024361,0.0
4684.74409359626,78.07906822660433,注入尾浆,0.0,0.0,0.0,0.0,0.0,0.0,0.0,0.0,0.0,0.0,0.0,0.6670824848546101,0.0
4686.008799757541,78.10014666262569,注入尾浆,0.0,0.0,0.0,0.0,0.0,0.0,0.0,0.0,0.0,0.0,0.0,0.666470796116695,0.0
4687.273505918822,78.12122509864703,注入尾浆,0.0,0.0,0.0,0.0,0.0,0.0,0.0,0.0,0.0,0.0,0.0,0.6658590982059873,0.0
4688.538212080102,78.14230353466837,注入尾浆,0.0,0.0,0.0,0.0,0.0,0.0,0.0,0.0,0.0,0.0,0.0,0.6652473890666384,0.0
4689.802918241383,78.16338197068971,注入尾浆,0.0,0.0,0.0,0.0,0.0,0.0,0.0,0.0,0.0,0.0,0.0,0.664635666673005,0.0
4691.067624402664,78.18446040671105,注入尾浆,0.0,0.0,0.0,0.0,0.0,0.0,0.0,0.0,0.0,0.0,0.0,0.6640239290330899,0.0
4692.332330563944,78.20553884273241,注入尾浆,0.0,0.0,0.0,0.0,0.0,0.0,0.0,0.0,0.0,0.0,0.0,0.6634121741920669,0.0
4693.597036725225,78.22661727875375,注入尾浆,0.0,0.0,0.0,0.0,0.0,0.0,0.0,0.0,0.0,0.0,0.0,0.6628004002358815,0.0
4694.861742886505,78.24769571477509,注入尾浆,0.0,0.0,0.0,0.0,0.0,0.0,0.0,0.0,0.0,0.0,0.0,0.6621886052949211,0.0
4696.126449047786,78.26877415079643,注入尾浆,0.0,0.0,0.0,0.0,0.0,0.0,0.0,0.0,0.0,0.0,0.0,0.6615767875477402,0.0
4697.391155209067,78.28985258681777,注入尾浆,0.0,0.0,0.0,0.0,0.0,0.0,0.0,0.0,0.0,0.0,0.0,0.6609649452248358,0.0
4698.655861370347,78.31093102283913,注入尾浆,0.0,0.0,0.0,0.0,0.0,0.0,0.0,0.0,0.0,0.0,0.0,0.6603530766124546,0.0
4699.920567531628,78.33200945886047,注入尾浆,0.0,0.0,0.0,0.0,0.0,0.0,0.0,0.0,0.0,0.0,0.0,0.6597411800564223,0.0
4701.185273692909,78.35308789488181,注入尾浆,0.0,0.0,0.0,0.0,0.0,0.0,0.0,0.0,0.0,0.0,0.0,0.6591292539659794,0.0
4702.449979854189,78.37416633090315,注入尾浆,0.0,0.0,0.0,0.0,0.0,0.0,0.0,0.0,0.0,0.0,0.0,0.6585172968176058,0.0
4703.71468601547,78.39524476692449,注入尾浆,0.0,0.0,0.0,0.0,0.0,0.0,0.0,0.0,0.0,0.0,0.0,0.6579053071588195,0.0
4704.9793921767505,78.41632320294585,注入尾浆,0.0,0.0,0.0,0.0,0.0,0.0,0.0,0.0,0.0,0.0,0.0,0.6572932836119294,0.0
4706.244098338031,78.43740163896719,注入尾浆,0.0,0.0,0.0,0.0,0.0,0.0,0.0,0.0,0.0,0.0,0.0,0.6566812248777248,0.0
4707.508804499312,78.45848007498853,注入尾浆,0.0,0.0,0.0,0.0,0.0,0.0,0.0,0.0,0.0,0.0,0.0,0.656069129739078,0.0
4708.773510660592,78.47955851100987,注入尾浆,0.0,0.0,0.0,0.0,0.0,0.0,0.0,0.0,0.0,0.0,0.0,0.6554569970644426,0.0
4710.038216821873,78.50063694703121,注入尾浆,0.0,0.0,0.0,0.0,0.0,0.0,0.0,0.0,0.0,0.0,0.0,0.6548448258112235,0.0
4711.302922983154,78.52171538305257,注入尾浆,0.0,0.0,0.0,0.0,0.0,0.0,0.0,0.0,0.0,0.0,0.0,0.6542326150289951,0.0
4712.567629144434,78.5427938190739,注入尾浆,0.0,0.0,0.0,0.0,0.0,0.0,0.0,0.0,0.0,0.0,0.0,0.6536203638625476,0.0
4713.832335305715,78.56387225509525,注入尾浆,0.0,0.0,0.0,0.0,0.0,0.0,0.0,0.0,0.0,0.0,0.0,0.6530080715547337,0.0
4715.0970414669955,78.58495069111659,注入尾浆,0.0,0.0,0.0,0.0,0.0,0.0,0.0,0.0,0.0,0.0,0.0,0.6523957374490946,0.0
4716.361747628276,78.60602912713793,注入尾浆,0.0,0.0,0.0,0.0,0.0,0.0,0.0,0.0,0.0,0.0,0.0,0.6517833609922394,0.0
4717.626453789557,78.62710756315929,注入尾浆,0.0,0.0,0.0,0.0,0.0,0.0,0.0,0.0,0.0,0.0,0.0,0.6511709417359539,0.0
4718.891159950837,78.64818599918063,注入尾浆,0.0,0.0,0.0,0.0,0.0,0.0,0.0,0.0,0.0,0.0,0.0,0.6505584793390162,0.0
4720.155866112118,78.66926443520197,注入尾浆,0.0,0.0,0.0,0.0,0.0,0.0,0.0,0.0,0.0,0.0,0.0,0.6499459735686913,0.0
4721.420572273399,78.69034287122331,注入尾浆,0.0,0.0,0.0,0.0,0.0,0.0,0.0,0.0,0.0,0.0,0.0,0.6493334243018857,0.0
4722.685278434679,78.71142130724465,注入尾浆,0.0,0.0,0.0,0.0,0.0,0.0,0.0,0.0,0.0,0.0,0.0,0.6487208315259358,0.0
4723.94998459596,78.732499743266,注入尾浆,0.0,0.0,0.0,0.0,0.0,0.0,0.0,0.0,0.0,0.0,0.0,0.6481081953390098,0.0
4725.2146907572405,78.75357817928735,注入尾浆,0.0,0.0,0.0,0.0,0.0,0.0,0.0,0.0,0.0,0.0,0.0,0.6474955159501004,0.0
4726.479396918521,78.77465661530869,注入尾浆,0.0,0.0,0.0,0.0,0.0,0.0,0.0,0.0,0.0,0.0,0.0,0.6468827936785907,0.0
4727.744103079802,78.79573505133003,注入尾浆,0.0,0.0,0.0,0.0,0.0,0.0,0.0,0.0,0.0,0.0,0.0,0.6462700289533719,0.0
4729.008809241082,78.81681348735137,注入尾浆,0.0,0.0,0.0,0.0,0.0,0.0,0.0,0.0,0.0,0.0,0.0,0.6456572223114977,0.0
4730.273515402363,78.83789192337272,注入尾浆,0.0,0.0,0.0,0.0,0.0,0.0,0.0,0.0,0.0,0.0,0.0,0.6450443743963581,0.0
4731.538221563644,78.85897035939406,注入尾浆,0.0,0.0,0.0,0.0,0.0,0.0,0.0,0.0,0.0,0.0,0.0,0.6444314859553615,0.0
4732.802927724924,78.8800487954154,注入尾浆,0.0,0.0,0.0,0.0,0.0,0.0,0.0,0.0,0.0,0.0,0.0,0.6438185578371108,0.0
4734.067633886205,78.90112723143675,注入尾浆,0.0,0.0,0.0,0.0,0.0,0.0,0.0,0.0,0.0,0.0,0.0,0.6432055909880664,0.0
4735.332340047486,78.92220566745809,注入尾浆,0.0,0.0,0.0,0.0,0.0,0.0,0.0,0.0,0.0,0.0,0.0,0.642592586448687,0.0
4736.597046208766,78.94328410347944,注入尾浆,0.0,0.0,0.0,0.0,0.0,0.0,0.0,0.0,0.0,0.0,0.0,0.6419795453490443,0.0
4737.861752370047,78.96436253950078,注入尾浆,0.0,0.0,0.0,0.0,0.0,0.0,0.0,0.0,0.0,0.0,0.0,0.6413664689039126,0.0
4739.126458531327,78.98544097552212,注入尾浆,0.0,0.0,0.0,0.0,0.0,0.0,0.0,0.0,0.0,0.0,0.0,0.6407533584073273,0.0
4740.391164692608,79.00651941154347,注入尾浆,0.0,0.0,0.0,0.0,0.0,0.0,0.0,0.0,0.0,0.0,0.0,0.6401402152266236,0.0
4741.655870853889,79.0275978475648,注入尾浆,0.0,0.0,0.0,0.0,0.0,0.0,0.0,0.0,0.0,0.0,0.0,0.639527040795956,0.0
4742.920577015169,79.04867628358616,注入尾浆,0.0,0.0,0.0,0.0,0.0,0.0,0.0,0.0,0.0,0.0,0.0,0.6389138366093122,0.0
4744.18528317645,79.0697547196075,注入尾浆,0.0,0.0,0.0,0.0,0.0,0.0,0.0,0.0,0.0,0.0,0.0,0.6383006042130313,0.0
4745.449989337731,79.09083315562884,注入尾浆,0.0,0.0,0.0,0.0,0.0,0.0,0.0,0.0,0.0,0.0,0.0,0.6376873451978435,0.0
4746.714695499011,79.11191159165018,注入尾浆,0.0,0.0,0.0,0.0,0.0,0.0,0.0,0.0,0.0,0.0,0.0,0.6370740611904514,0.0
4747.979401660292,79.13299002767153,注入尾浆,0.0,0.0,0.0,0.0,0.0,0.0,0.0,0.0,0.0,0.0,0.0,0.6364607538446713,0.0
4749.2441078215725,79.15406846369288,注入尾浆,0.0,0.0,0.0,0.0,0.0,0.0,0.0,0.0,0.0,0.0,0.0,0.6358474248321646,0.0
4750.508813982853,79.17514689971422,注入尾浆,0.0,0.0,0.0,0.0,0.0,0.0,0.0,0.0,0.0,0.0,0.0,0.6352340758327852,0.0
4751.773520144134,79.19622533573556,注入尾浆,0.0,0.0,0.0,0.0,0.0,0.0,0.0,0.0,0.0,0.0,0.0,0.634620708524574,0.0
4753.038226305414,79.2173037717569,注入尾浆,0.0,0.0,0.0,0.0,0.0,0.0,0.0,0.0,0.0,0.0,0.0,0.6340073245734373,0.0
4754.302932466695,79.23838220777824,注入尾浆,0.0,0.0,0.0,0.0,0.0,0.0,0.0,0.0,0.0,0.0,0.0,0.6333939256225459,0.0
4755.567638627976,79.2594606437996,注入尾浆,0.0,0.0,0.0,0.0,0.0,0.0,0.0,0.0,0.0,0.0,0.0,0.6327805132814951,0.0
4756.832344789256,79.28053907982094,注入尾浆,0.0,0.0,0.0,0.0,0.0,0.0,0.0,0.0,0.0,0.0,0.0,0.6321670891152695,0.0
4758.097050950537,79.30161751584228,注入尾浆,0.0,0.0,0.0,0.0,0.0,0.0,0.0,0.0,0.0,0.0,0.0,0.6315536546330592,0.0
4759.3617571118175,79.32269595186362,注入尾浆,0.0,0.0,0.0,0.0,0.0,0.0,0.0,0.0,0.0,0.0,0.0,0.6309402112769751,0.0
4760.626463273098,79.34377438788496,注入尾浆,0.0,0.0,0.0,0.0,0.0,0.0,0.0,0.0,0.0,0.0,0.0,0.6303267604107141,0.0
4761.891169434379,79.36485282390632,注入尾浆,0.0,0.0,0.0,0.0,0.0,0.0,0.0,0.0,0.0,0.0,0.0,0.6297133033082293,0.0
4763.155875595659,79.38593125992766,注入尾浆,0.0,0.0,0.0,0.0,0.0,0.0,0.0,0.0,0.0,0.0,0.0,0.629099841142457,0.0
4764.42058175694,79.407009695949,注入尾浆,0.0,0.0,0.0,0.0,0.0,0.0,0.0,0.0,0.0,0.0,0.0,0.6284863749741595,0.0
4765.685287918221,79.42808813197034,注入尾浆,0.0,0.0,0.0,0.0,0.0,0.0,0.0,0.0,0.0,0.0,0.0,0.6278729057409415,0.0
4766.949994079501,79.44916656799168,注入尾浆,0.0,0.0,0.0,0.0,0.0,0.0,0.0,0.0,0.0,0.0,0.0,0.6272594342464995,0.0
4768.214700240782,79.47024500401304,注入尾浆,0.0,0.0,0.0,0.0,0.0,0.0,0.0,0.0,0.0,0.0,0.0,0.6266459611501642,0.0
4769.4794064020625,79.49132344003438,注入尾浆,0.0,0.0,0.0,0.0,0.0,0.0,0.0,0.0,0.0,0.0,0.0,0.6260324869567968,0.0
4770.744112563343,79.51240187605572,注入尾浆,0.0,0.0,0.0,0.0,0.0,0.0,0.0,0.0,0.0,0.0,0.0,0.6254190120071034,0.0
4772.008818724624,79.53348031207706,注入尾浆,0.0,0.0,0.0,0.0,0.0,0.0,0.0,0.0,0.0,0.0,0.0,0.6248055364684253,0.0
4773.273524885904,79.5545587480984,注入尾浆,0.0,0.0,0.0,0.0,0.0,0.0,0.0,0.0,0.0,0.0,0.0,0.6241920603260703,0.0
4774.538231047185,79.57563718411976,注入尾浆,0.0,0.0,0.0,0.0,0.0,0.0,0.0,0.0,0.0,0.0,0.0,0.6235785833752455,0.0
4775.802937208466,79.5967156201411,注入尾浆,0.0,0.0,0.0,0.0,0.0,0.0,0.0,0.0,0.0,0.0,0.0,0.6229651052136499,0.0
4777.067643369746,79.61779405616244,注入尾浆,0.0,0.0,0.0,0.0,0.0,0.0,0.0,0.0,0.0,0.0,0.0,0.6223516252347907,0.0
4778.332349531027,79.63887249218378,注入尾浆,0.0,0.0,0.0,0.0,0.0,0.0,0.0,0.0,0.0,0.0,0.0,0.6217381426220779,0.0
4779.597055692308,79.65995092820512,注入尾浆,0.0,0.0,0.0,0.0,0.0,0.0,0.0,0.0,0.0,0.0,0.0,0.6211246563437558,0.0
4780.861761853588,79.68102936422648,注入尾浆,0.0,0.0,0.0,0.0,0.0,0.0,0.0,0.0,0.0,0.0,0.0,0.6205111651487264,0.0
4782.126468014869,79.70210780024782,注入尾浆,0.0,0.0,0.0,0.0,0.0,0.0,0.0,0.0,0.0,0.0,0.0,0.6198976675633162,0.0
4783.391174176149,79.72318623626916,注入尾浆,0.0,0.0,0.0,0.0,0.0,0.0,0.0,0.0,0.0,0.0,0.0,0.6192841618890392,0.0
4784.65588033743,79.7442646722905,注入尾浆,0.0,0.0,0.0,0.0,0.0,0.0,0.0,0.0,0.0,0.0,0.0,0.6186706462014002,0.0
4785.920586498711,79.76534310831184,注入尾浆,0.0,0.0,0.0,0.0,0.0,0.0,0.0,0.0,0.0,0.0,0.0,0.6180571183497877,0.0
4787.185292659991,79.7864215443332,注入尾浆,0.0,0.0,0.0,0.0,0.0,0.0,0.0,0.0,0.0,0.0,0.0,0.617443575958493,0.0
4788.449998821272,79.80749998035454,注入尾浆,0.0,0.0,0.0,0.0,0.0,0.0,0.0,0.0,0.0,0.0,0.0,0.6168300164288979,0.0
4789.714704982553,79.82857841637588,注入尾浆,0.0,0.0,0.0,0.0,0.0,0.0,0.0,0.0,0.0,0.0,0.0,0.6162164369428635,0.0
4790.979411143833,79.84965685239722,注入尾浆,0.0,0.0,0.0,0.0,0.0,0.0,0.0,0.0,0.0,0.0,0.0,0.6156028344673505,0.0
4792.244117305114,79.87073528841856,注入尾浆,0.0,0.0,0.0,0.0,0.0,0.0,0.0,0.0,0.0,0.0,0.0,0.614989205760298,0.0
4793.5088234663945,79.89181372443991,注入尾浆,0.0,0.0,0.0,0.0,0.0,0.0,0.0,0.0,0.0,0.0,0.0,0.6143755473777839,0.0
4794.773529627675,79.91289216046125,注入尾浆,0.0,0.0,0.0,0.0,0.0,0.0,0.0,0.0,0.0,0.0,0.0,0.6137618556824839,0.0
4796.038235788956,79.9339705964826,注入尾浆,0.0,0.0,0.0,0.0,0.0,0.0,0.0,0.0,0.0,0.0,0.0,0.613148126853443,0.0
4797.302941950236,79.95504903250394,注入尾浆,0.0,0.0,0.0,0.0,0.0,0.0,0.0,0.0,0.0,0.0,0.0,0.6125343568971685,0.0
4798.567648111517,79.97612746852528,注入尾浆,0.0,0.0,0.0,0.0,0.0,0.0,0.0,0.0,0.0,0.0,0.0,0.6119205416600481,0.0
4799.832354272798,79.99720590454663,注入尾浆,0.0,0.0,0.0,0.0,0.0,0.0,0.0,0.0,0.0,0.0,0.0,0.6113066768420924,0.0
4801.097060434078,80.01828434056797,注入尾浆,0.0,0.0,0.0,0.0,0.0,0.0,0.0,0.0,0.0,0.0,0.0,0.6106927580119978,0.0
4802.361766595359,80.03936277658931,注入尾浆,0.0,0.0,0.0,0.0,0.0,0.0,0.0,0.0,0.0,0.0,0.0,0.6100787806235166,0.0
4803.6264727566395,80.06044121261066,注入尾浆,0.0,0.0,0.0,0.0,0.0,0.0,0.0,0.0,0.0,0.0,0.0,0.6094647400331203,0.0
4804.89117891792,80.081519648632,注入尾浆,0.0,0.0,0.0,0.0,0.0,0.0,0.0,0.0,0.0,0.0,0.0,0.6088506315189357,0.0
4806.155885079201,80.10259808465335,注入尾浆,0.0,0.0,0.0,0.0,0.0,0.0,0.0,0.0,0.0,0.0,0.0,0.6082364503009287,0.0
4807.420591240481,80.12367652067469,注入尾浆,0.0,0.0,0.0,0.0,0.0,0.0,0.0,0.0,0.0,0.0,0.0,0.6076221915623029,0.0
4808.685297401762,80.14475495669603,注入尾浆,0.0,0.0,0.0,0.0,0.0,0.0,0.0,0.0,0.0,0.0,0.0,0.6070078504720821,0.0
4809.950003563043,80.16583339271737,注入尾浆,0.0,0.0,0.0,0.0,0.0,0.0,0.0,0.0,0.0,0.0,0.0,0.6063934222088319,0.0
4811.214709724323,80.18691182873872,注入尾浆,0.0,0.0,0.0,0.0,0.0,0.0,0.0,0.0,0.0,0.0,0.0,0.6057789019854798,0.0
4812.479415885604,80.20799026476007,注入尾浆,0.0,0.0,0.0,0.0,0.0,0.0,0.0,0.0,0.0,0.0,0.0,0.6051642850751805,0.0
4813.7441220468845,80.22906870078141,注入尾浆,0.0,0.0,0.0,0.0,0.0,0.0,0.0,0.0,0.0,0.0,0.0,0.6045495668381766,0.0
4815.008828208165,80.25014713680275,注入尾浆,0.0,0.0,0.0,0.0,0.0,0.0,0.0,0.0,0.0,0.0,0.0,0.6039347427495929,0.0
4816.273534369446,80.2712255728241,注入尾浆,0.0,0.0,0.0,0.0,0.0,0.0,0.0,0.0,0.0,0.0,0.0,0.603319808428103,0.0
4817.538240530726,80.29230400884543,注入尾浆,0.0,0.0,0.0,0.0,0.0,0.0,0.0,0.0,0.0,0.0,0.0,0.6027047596654027,0.0
4818.802946692007,80.31338244486679,注入尾浆,0.0,0.0,0.0,0.0,0.0,0.0,0.0,0.0,0.0,0.0,0.0,0.6020895924564188,0.0
4820.067652853288,80.33446088088813,注入尾浆,0.0,0.0,0.0,0.0,0.0,0.0,0.0,0.0,0.0,0.0,0.0,0.6014743030301782,0.0
4821.332359014568,80.35553931690947,注入尾浆,0.0,0.0,0.0,0.0,0.0,0.0,0.0,0.0,0.0,0.0,0.0,0.6008588878812625,0.0
4822.597065175849,80.37661775293081,注入尾浆,0.0,0.0,0.0,0.0,0.0,0.0,0.0,0.0,0.0,0.0,0.0,0.6002433438017635,0.0
4823.8617713371295,80.39769618895215,注入尾浆,0.0,0.0,0.0,0.0,0.0,0.0,0.0,0.0,0.0,0.0,0.0,0.5996276679136588,0.0
4825.12647749841,80.41877462497351,注入尾浆,0.0,0.0,0.0,0.0,0.0,0.0,0.0,0.0,0.0,0.0,0.0,0.5990118577015204,0.0
4826.391183659691,80.43985306099485,注入尾浆,0.0,0.0,0.0,0.0,0.0,0.0,0.0,0.0,0.0,0.0,0.0,0.5983959110454646,0.0
4827.655889820971,80.46093149701619,注入尾浆,0.0,0.0,0.0,0.0,0.0,0.0,0.0,0.0,0.0,0.0,0.0,0.5977798262542544,0.0
4828.920595982252,80.48200993303753,注入尾浆,0.0,0.0,0.0,0.0,0.0,0.0,0.0,0.0,0.0,0.0,0.0,0.5971636020984592,0.0
4830.185302143533,80.50308836905887,注入尾浆,0.0,0.0,0.0,0.0,0.0,0.0,0.0,0.0,0.0,0.0,0.0,0.5965472378435768,0.0
4831.450008304813,80.52416680508023,注入尾浆,0.0,0.0,0.0,0.0,0.0,0.0,0.0,0.0,0.0,0.0,0.0,0.5959307332830218,0.0
4832.714714466094,80.54524524110157,注入尾浆,0.0,0.0,0.0,0.0,0.0,0.0,0.0,0.0,0.0,0.0,0.0,0.59531408877088,0.0
4833.979420627375,80.56632367712291,注入尾浆,0.0,0.0,0.0,0.0,0.0,0.0,0.0,0.0,0.0,0.0,0.0,0.5946973052543313,0.0
4835.244126788655,80.58740211314425,注入尾浆,0.0,0.0,0.0,0.0,0.0,0.0,0.0,0.0,0.0,0.0,0.0,0.5940803843056416,0.0
4836.508832949936,80.60848054916559,注入尾浆,0.0,0.0,0.0,0.0,0.0,0.0,0.0,0.0,0.0,0.0,0.0,0.5934633281536236,0.0
4837.773539111216,80.62955898518695,注入尾浆,0.0,0.0,0.0,0.0,0.0,0.0,0.0,0.0,0.0,0.0,0.0,0.5928461397144643,0.0
4839.038245272497,80.65063742120829,注入尾浆,0.0,0.0,0.0,0.0,0.0,0.0,0.0,0.0,0.0,0.0,0.0,0.5922288226218227,0.0
4840.302951433778,80.67171585722963,注入尾浆,0.0,0.0,0.0,0.0,0.0,0.0,0.0,0.0,0.0,0.0,0.0,0.5916113812560952,0.0
4841.567657595058,80.69279429325097,注入尾浆,0.0,0.0,0.0,0.0,0.0,0.0,0.0,0.0,0.0,0.0,0.0,0.590993820772753,0.0
4842.832363756339,80.71387272927231,注入尾浆,0.0,0.0,0.0,0.0,0.0,0.0,0.0,0.0,0.0,0.0,0.0,0.5903761471296524,0.0
4844.09706991762,80.73495116529367,注入尾浆,0.0,0.0,0.0,0.0,0.0,0.0,0.0,0.0,0.0,0.0,0.0,0.5897583671132216,0.0
4845.3617760789,80.756029601315,注入尾浆,0.0,0.0,0.0,0.0,0.0,0.0,0.0,0.0,0.0,0.0,0.0,0.5891404883634337,0.0
4846.626482240181,80.77710803733635,注入尾浆,0.0,0.0,0.0,0.0,0.0,0.0,0.0,0.0,0.0,0.0,0.0,0.5885225193974682,0.0
4847.8911884014615,80.79818647335769,注入尾浆,0.0,0.0,0.0,0.0,0.0,0.0,0.0,0.0,0.0,0.0,0.0,0.5879044696319765,0.0
4849.155894562742,80.81926490937903,注入尾浆,0.0,0.0,0.0,0.0,0.0,0.0,0.0,0.0,0.0,0.0,0.0,0.5872863494038613,0.0
4850.420600724023,80.84034334540038,注入尾浆,0.0,0.0,0.0,0.0,0.0,0.0,0.0,0.0,0.0,0.0,0.0,0.586668169989488,0.0
4851.685306885303,80.86142178142173,注入尾浆,0.0,0.0,0.0,0.0,0.0,0.0,0.0,0.0,0.0,0.0,0.0,0.586049943622246,0.0
4852.950013046584,80.88250021744307,注入尾浆,0.0,0.0,0.0,0.0,0.0,0.0,0.0,0.0,0.0,0.0,0.0,0.5854316835083831,0.0
4854.214719207865,80.90357865346441,注入尾浆,0.0,0.0,0.0,0.0,0.0,0.0,0.0,0.0,0.0,0.0,0.0,0.5848134038410405,0.0
4855.479425369145,80.92465708948575,注入尾浆,0.0,0.0,0.0,0.0,0.0,0.0,0.0,0.0,0.0,0.0,0.0,0.5841951198124176,0.0
4856.744131530426,80.9457355255071,注入尾浆,0.0,0.0,0.0,0.0,0.0,0.0,0.0,0.0,0.0,0.0,0.0,0.5835768476240041,0.0
4858.0088376917065,80.96681396152844,注入尾浆,0.0,0.0,0.0,0.0,0.0,0.0,0.0,0.0,0.0,0.0,0.0,0.5829586044948171,0.0
4859.273543852987,80.98789239754979,注入尾浆,0.0,0.0,0.0,0.0,0.0,0.0,0.0,0.0,0.0,0.0,0.0,0.5823404086675882,0.0
4860.538250014268,81.00897083357113,注入尾浆,0.0,0.0,0.0,0.0,0.0,0.0,0.0,0.0,0.0,0.0,0.0,0.5817222794128536,0.0
4861.802956175548,81.03004926959247,注入尾浆,0.0,0.0,0.0,0.0,0.0,0.0,0.0,0.0,0.0,0.0,0.0,0.581104237030896,0.0
4863.067662336829,81.05112770561382,注入尾浆,0.0,0.0,0.0,0.0,0.0,0.0,0.0,0.0,0.0,0.0,0.0,0.5804863028515057,0.0
4864.33236849811,81.07220614163516,注入尾浆,0.0,0.0,0.0,0.0,0.0,0.0,0.0,0.0,0.0,0.0,0.0,0.5798684992315241,0.0
4865.59707465939,81.0932845776565,注入尾浆,0.0,0.0,0.0,0.0,0.0,0.0,0.0,0.0,0.0,0.0,0.0,0.579250849550141,0.0
4866.861780820671,81.11436301367785,注入尾浆,0.0,0.0,0.0,0.0,0.0,0.0,0.0,0.0,0.0,0.0,0.0,0.5786333782019285,0.0
4868.1264869819515,81.13544144969919,注入尾浆,0.0,0.0,0.0,0.0,0.0,0.0,0.0,0.0,0.0,0.0,0.0,0.578016110587591,0.0
4869.391193143232,81.15651988572054,注入尾浆,0.0,0.0,0.0,0.0,0.0,0.0,0.0,0.0,0.0,0.0,0.0,0.5773990731024269,0.0
4870.655899304513,81.17759832174188,注入尾浆,0.0,0.0,0.0,0.0,0.0,0.0,0.0,0.0,0.0,0.0,0.0,0.5767822931224977,0.0
4871.920605465793,81.19867675776322,注入尾浆,0.0,0.0,0.0,0.0,0.0,0.0,0.0,0.0,0.0,0.0,0.0,0.5761657989885094,0.0
4873.185311627074,81.21975519378456,注入尾浆,0.0,0.0,0.0,0.0,0.0,0.0,0.0,0.0,0.0,0.0,0.0,0.575549619987417,0.0
4874.450017788355,81.2408336298059,注入尾浆,0.0,0.0,0.0,0.0,0.0,0.0,0.0,0.0,0.0,0.0,0.0,0.5749337863317698,0.0
4875.714723949635,81.26191206582726,注入尾浆,0.0,0.0,0.0,0.0,0.0,0.0,0.0,0.0,0.0,0.0,0.0,0.5743183291368232,0.0
4876.979430110916,81.2829905018486,注入尾浆,0.0,0.0,0.0,0.0,0.0,0.0,0.0,0.0,0.0,0.0,0.0,0.5737032803954466,0.0
4878.244136272197,81.30406893786994,注入尾浆,0.0,0.0,0.0,0.0,0.0,0.0,0.0,0.0,0.0,0.0,0.0,0.5730886729508675,0.0
4879.508842433477,81.32514737389128,注入尾浆,0.0,0.0,0.0,0.0,0.0,0.0,0.0,0.0,0.0,0.0,0.0,0.5724745404672931,0.0
4880.773548594758,81.34622580991262,注入尾浆,0.0,0.0,0.0,0.0,0.0,0.0,0.0,0.0,0.0,0.0,0.0,0.5718609173984666,0.0
4882.038254756038,81.36730424593398,注入尾浆,0.0,0.0,0.0,0.0,0.0,0.0,0.0,0.0,0.0,0.0,0.0,0.5712478389542089,0.0
4883.302960917319,81.38838268195532,注入尾浆,0.0,0.0,0.0,0.0,0.0,0.0,0.0,0.0,0.0,0.0,0.0,0.5706353410650173,0.0
4884.5676670786,81.40946111797666,注入尾浆,0.0,0.0,0.0,0.0,0.0,0.0,0.0,0.0,0.0,0.0,0.0,0.5700234603447852,0.0
4885.83237323988,81.430539553998,注入尾浆,0.0,0.0,0.0,0.0,0.0,0.0,0.0,0.0,0.0,0.0,0.0,0.5694122340517251,0.0
4887.097079401161,81.45161799001934,注入尾浆,0.0,0.0,0.0,0.0,0.0,0.0,0.0,0.0,0.0,0.0,0.0,0.5688017000475732,0.0
4888.361785562442,81.4726964260407,注入尾浆,0.0,0.0,0.0,0.0,0.0,0.0,0.0,0.0,0.0,0.0,0.0,0.5681918967551668,0.0
4889.626491723722,81.49377486206204,注入尾浆,0.0,0.0,0.0,0.0,0.0,0.0,0.0,0.0,0.0,0.0,0.0,0.5675828631144867,0.0
4890.891197885003,81.51485329808338,注入尾浆,0.0,0.0,0.0,0.0,0.0,0.0,0.0,0.0,0.0,0.0,0.0,0.5669746385372629,0.0
4892.1559040462835,81.53593173410472,注入尾浆,0.0,0.0,0.0,0.0,0.0,0.0,0.0,0.0,0.0,0.0,0.0,0.5663672628602503,0.0
4893.420610207564,81.55701017012606,注入尾浆,0.0,0.0,0.0,0.0,0.0,0.0,0.0,0.0,0.0,0.0,0.0,0.5657607762972773,0.0
4894.685316368845,81.57808860614742,注入尾浆,0.0,0.0,0.0,0.0,0.0,0.0,0.0,0.0,0.0,0.0,0.0,0.565155219390185,0.0
4895.950022530125,81.59916704216876,注入尾浆,0.0,0.0,0.0,0.0,0.0,0.0,0.0,0.0,0.0,0.0,0.0,0.5645506329587704,0.0
4897.214728691406,81.6202454781901,注入尾浆,0.0,0.0,0.0,0.0,0.0,0.0,0.0,0.0,0.0,0.0,0.0,0.563947058049853,0.0
4898.479434852687,81.64132391421144,注入尾浆,0.0,0.0,0.0,0.0,0.0,0.0,0.0,0.0,0.0,0.0,0.0,0.5633445358855892,0.0
4899.744141013967,81.66240235023278,注入尾浆,0.0,0.0,0.0,0.0,0.0,0.0,0.0,0.0,0.0,0.0,0.0,0.5627431078111582,0.0
4901.008847175248,81.68348078625414,注入尾浆,0.0,0.0,0.0,0.0,0.0,0.0,0.0,0.0,0.0,0.0,0.0,0.5621428152419476,0.0
4902.2735533365285,81.70455922227548,注入尾浆,0.0,0.0,0.0,0.0,0.0,0.0,0.0,0.0,0.0,0.0,0.0,0.5615436996103685,0.0
4903.538259497809,81.72563765829682,注入尾浆,0.0,0.0,0.0,0.0,0.0,0.0,0.0,0.0,0.0,0.0,0.0,0.560945802312429,0.0
4904.80296565909,81.74671609431816,注入尾浆,0.0,0.0,0.0,0.0,0.0,0.0,0.0,0.0,0.0,0.0,0.0,0.5603491646541997,0.0
4906.06767182037,81.7677945303395,注入尾浆,0.0,0.0,0.0,0.0,0.0,0.0,0.0,0.0,0.0,0.0,0.0,0.5597538277983023,0.0
4907.332377981651,81.78887296636086,注入尾浆,0.0,0.0,0.0,0.0,0.0,0.0,0.0,0.0,0.0,0.0,0.0,0.5591598327105523,0.0
4908.597084142932,81.8099514023822,注入尾浆,0.0,0.0,0.0,0.0,0.0,0.0,0.0,0.0,0.0,0.0,0.0,0.5585672201068873,0.0
4909.861790304212,81.83102983840354,注入尾浆,0.0,0.0,0.0,0.0,0.0,0.0,0.0,0.0,0.0,0.0,0.0,0.5579760304007139,0.0
4911.126496465493,81.85210827442488,注入尾浆,0.0,0.0,0.0,0.0,0.0,0.0,0.0,0.0,0.0,0.0,0.0,0.5573863036507971,0.0
4912.3912026267735,81.87318671044622,注入尾浆,0.0,0.0,0.0,0.0,0.0,0.0,0.0,0.0,0.0,0.0,0.0,0.5567980795098242,0.0
4913.655908788054,81.89426514646757,注入尾浆,0.0,0.0,0.0,0.0,0.0,0.0,0.0,0.0,0.0,0.0,0.0,0.556211397173764,0.0
4914.920614949335,81.91534358248892,注入尾浆,0.0,0.0,0.0,0.0,0.0,0.0,0.0,0.0,0.0,0.0,0.0,0.5556262953321459,0.0
4916.185321110615,81.93642201851026,注入尾浆,0.0,0.0,0.0,0.0,0.0,0.0,0.0,0.0,0.0,0.0,0.0,0.5550428121193757,0.0
4917.450027271896,81.9575004545316,注入尾浆,0.0,0.0,0.0,0.0,0.0,0.0,0.0,0.0,0.0,0.0,0.0,0.5544609850672038,0.0
4918.714733433177,81.97857889055294,注入尾浆,0.0,0.0,0.0,0.0,0.0,0.0,0.0,0.0,0.0,0.0,0.0,0.5538808510584563,0.0
4919.979439594457,81.9996573265743,注入尾浆,0.0,0.0,0.0,0.0,0.0,0.0,0.0,0.0,0.0,0.0,0.0,0.5533024462821371,0.0
4921.244145755738,82.02073576259563,注入尾浆,0.0,0.0,0.0,0.0,0.0,0.0,0.0,0.0,0.0,0.0,0.0,0.55272580619,0.0
4922.508851917019,82.04181419861698,注入尾浆,0.0,0.0,0.0,0.0,0.0,0.0,0.0,0.0,0.0,0.0,0.0,0.5521509654546897,0.0
4923.773558078299,82.06289263463832,注入尾浆,0.0,0.0,0.0,0.0,0.0,0.0,0.0,0.0,0.0,0.0,0.0,0.5515779579295429,0.0
4925.03826423958,82.08397107065966,注入尾浆,0.0,0.0,0.0,0.0,0.0,0.0,0.0,0.0,0.0,0.0,0.0,0.5510068166101335,0.0
4926.30297040086,82.10504950668101,注入尾浆,0.0,0.0,0.0,0.0,0.0,0.0,0.0,0.0,0.0,0.0,0.0,0.5504375735976424,0.0
4927.567676562141,82.12612794270235,注入尾浆,0.0,0.0,0.0,0.0,0.0,0.0,0.0,0.0,0.0,0.0,0.0,0.549870260064127,0.0
4928.832382723422,82.1472063787237,注入尾浆,0.0,0.0,0.0,0.0,0.0,0.0,0.0,0.0,0.0,0.0,0.0,0.5493049062197529,0.0
4930.097088884702,82.16828481474504,注入尾浆,0.0,0.0,0.0,0.0,0.0,0.0,0.0,0.0,0.0,0.0,0.0,0.5487415412820538,0.0
4931.361795045983,82.18936325076638,注入尾浆,0.0,0.0,0.0,0.0,0.0,0.0,0.0,0.0,0.0,0.0,0.0,0.5481801934472681,0.0
4932.626501207264,82.21044168678773,注入尾浆,0.0,0.0,0.0,0.0,0.0,0.0,0.0,0.0,0.0,0.0,0.0,0.5476208898638033,0.0
4933.891207368544,82.23152012280907,注入尾浆,0.0,0.0,0.0,0.0,0.0,0.0,0.0,0.0,0.0,0.0,0.0,0.5470636566078645,0.0
4935.155913529825,82.25259855883041,注入尾浆,0.0,0.0,0.0,0.0,0.0,0.0,0.0,0.0,0.0,0.0,0.0,0.5465085186612826,0.0
4936.4206196911055,82.27367699485175,注入尾浆,0.0,0.0,0.0,0.0,0.0,0.0,0.0,0.0,0.0,0.0,0.0,0.5459554998915656,0.0
4937.685325852386,82.2947554308731,注入尾浆,0.0,0.0,0.0,0.0,0.0,0.0,0.0,0.0,0.0,0.0,0.0,0.5454046230341941,0.0
4938.950032013667,82.31583386689445,注入尾浆,0.0,0.0,0.0,0.0,0.0,0.0,0.0,0.0,0.0,0.0,0.0,0.5448559096771713,0.0
4940.214738174947,82.33691230291579,注入尾浆,0.0,0.0,0.0,0.0,0.0,0.0,0.0,0.0,0.0,0.0,0.0,0.5443093802478325,0.0
4941.479444336228,82.35799073893713,注入尾浆,0.0,0.0,0.0,0.0,0.0,0.0,0.0,0.0,0.0,0.0,0.0,0.5437650540019122,0.0
4942.744150497509,82.37906917495847,注入尾浆,0.0,0.0,0.0,0.0,0.0,0.0,0.0,0.0,0.0,0.0,0.0,0.5432229490148608,0.0
4944.008856658789,82.40014761097981,注入尾浆,0.0,0.0,0.0,0.0,0.0,0.0,0.0,0.0,0.0,0.0,0.0,0.5426830821753936,0.0
4945.27356282007,82.42122604700117,注入尾浆,0.0,0.0,0.0,0.0,0.0,0.0,0.0,0.0,0.0,0.0,0.0,0.542145469181254,0.0
4946.5382689813505,82.44230448302251,注入尾浆,0.0,0.0,0.0,0.0,0.0,0.0,0.0,0.0,0.0,0.0,0.0,0.5416101245371576,0.0
4947.802975142631,82.46338291904385,注入尾浆,0.0,0.0,0.0,0.0,0.0,0.0,0.0,0.0,0.0,0.0,0.0,0.5410770615548885,0.0
4949.067681303912,82.48446135506519,注入尾浆,0.0,0.0,0.0,0.0,0.0,0.0,0.0,0.0,0.0,0.0,0.0,0.5405462923555048,0.0
4950.332387465192,82.50553979108653,注入尾浆,0.0,0.0,0.0,0.0,0.0,0.0,0.0,0.0,0.0,0.0,0.0,0.5400178278736089,0.0
4951.597093626473,82.52661822710789,注入尾浆,0.0,0.0,0.0,0.0,0.0,0.0,0.0,0.0,0.0,0.0,0.0,0.5394916778636322,0.0
4952.861799787754,82.54769666312923,注入尾浆,0.0,0.0,0.0,0.0,0.0,0.0,0.0,0.0,0.0,0.0,0.0,0.5389678509080792,0.0
4954.126505949034,82.56877509915057,注入尾浆,0.0,0.0,0.0,0.0,0.0,0.0,0.0,0.0,0.0,0.0,0.0,0.5384463544276695,0.0
4955.391212110315,82.58985353517191,注入尾浆,0.0,0.0,0.0,0.0,0.0,0.0,0.0,0.0,0.0,0.0,0.0,0.537927194693315,0.0
4956.6559182715955,82.61093197119325,注入尾浆,0.0,0.0,0.0,0.0,0.0,0.0,0.0,0.0,0.0,0.0,0.0,0.5374103768398608,0.0
4957.920624432876,82.63201040721461,注入尾浆,0.0,0.0,0.0,0.0,0.0,0.0,0.0,0.0,0.0,0.0,0.0,0.5368959048815242,0.0
4959.185330594157,82.65308884323595,注入尾浆,0.0,0.0,0.0,0.0,0.0,0.0,0.0,0.0,0.0,0.0,0.0,0.536383781728947,0.0
4960.450036755437,82.67416727925729,注入尾浆,0.0,0.0,0.0,0.0,0.0,0.0,0.0,0.0,0.0,0.0,0.0,0.5358740092077922,0.0
4961.714742916718,82.69524571527863,注入尾浆,0.0,0.0,0.0,0.0,0.0,0.0,0.0,0.0,0.0,0.0,0.0,0.5353665880787959,0.0
4962.979449077999,82.71632415129997,注入尾浆,0.0,0.0,0.0,0.0,0.0,0.0,0.0,0.0,0.0,0.0,0.0,0.5348615180591987,0.0
4964.244155239279,82.73740258732133,注入尾浆,0.0,0.0,0.0,0.0,0.0,0.0,0.0,0.0,0.0,0.0,0.0,0.5343587978454652,0.0
4965.50886140056,82.75848102334267,注入尾浆,0.0,0.0,0.0,0.0,0.0,0.0,0.0,0.0,0.0,0.0,0.0,0.533858425137209,0.0
4966.7735675618405,82.77955945936401,注入尾浆,0.0,0.0,0.0,0.0,0.0,0.0,0.0,0.0,0.0,0.0,0.0,0.5333603966622331,0.0
4968.038273723121,82.80063789538535,注入尾浆,0.0,0.0,0.0,0.0,0.0,0.0,0.0,0.0,0.0,0.0,0.0,0.5328647082025989,0.0
4969.302979884402,82.82171633140669,注入尾浆,0.0,0.0,0.0,0.0,0.0,0.0,0.0,0.0,0.0,0.0,0.0,0.5323713546216327,0.0
4970.567686045682,82.84279476742805,注入尾浆,0.0,0.0,0.0,0.0,0.0,0.0,0.0,0.0,0.0,0.0,0.0,0.5318803298917821,0.0
4971.832392206963,82.86387320344939,注入尾浆,0.0,0.0,0.0,0.0,0.0,0.0,0.0,0.0,0.0,0.0,0.0,0.531391627123232,0.0
4973.097098368244,82.88495163947073,注入尾浆,0.0,0.0,0.0,0.0,0.0,0.0,0.0,0.0,0.0,0.0,0.0,0.5309052385931919,0.0
4974.361804529524,82.90603007549207,注入尾浆,0.0,0.0,0.0,0.0,0.0,0.0,0.0,0.0,0.0,0.0,0.0,0.5304211557757662,0.0
4975.626510690805,82.92710851151341,注入尾浆,0.0,0.0,0.0,0.0,0.0,0.0,0.0,0.0,0.0,0.0,0.0,0.5299393693723217,0.0
4976.891216852086,82.94818694753477,注入尾浆,0.0,0.0,0.0,0.0,0.0,0.0,0.0,0.0,0.0,0.0,0.0,0.5294598693422645,0.0
4978.155923013366,82.9692653835561,注入尾浆,0.0,0.0,0.0,0.0,0.0,0.0,0.0,0.0,0.0,0.0,0.0,0.528982644934145,0.0
4979.420629174647,82.99034381957745,注入尾浆,0.0,0.0,0.0,0.0,0.0,0.0,0.0,0.0,0.0,0.0,0.0,0.5285076847170073,0.0
4980.685335335927,83.01142225559879,注入尾浆,0.0,0.0,0.0,0.0,0.0,0.0,0.0,0.0,0.0,0.0,0.0,0.5280349766119014,0.0
4981.950041497208,83.03250069162013,注入尾浆,0.0,0.0,0.0,0.0,0.0,0.0,0.0,0.0,0.0,0.0,0.0,0.5275645079234852,0.0
4983.214747658489,83.05357912764148,注入尾浆,0.0,0.0,0.0,0.0,0.0,0.0,0.0,0.0,0.0,0.0,0.0,0.5270962653716337,0.0
4984.479453819769,83.07465756366283,注入尾浆,0.0,0.0,0.0,0.0,0.0,0.0,0.0,0.0,0.0,0.0,0.0,0.5266302351229905,0.0
4985.74415998105,83.09573599968417,注入尾浆,0.0,0.0,0.0,0.0,0.0,0.0,0.0,0.0,0.0,0.0,0.0,0.5261664028223845,0.0
4987.008866142331,83.1168144357055,注入尾浆,0.0,0.0,0.0,0.0,0.0,0.0,0.0,0.0,0.0,0.0,0.0,0.5257047536240494,0.0
4988.273572303611,83.13789287172685,注入尾浆,0.0,0.0,0.0,0.0,0.0,0.0,0.0,0.0,0.0,0.0,0.0,0.5252452722225806,0.0
4989.538278464892,83.1589713077482,注入尾浆,0.0,0.0,0.0,0.0,0.0,0.0,0.0,0.0,0.0,0.0,0.0,0.5247879428835676,0.0
4990.8029846261725,83.18004974376954,注入尾浆,0.0,0.0,0.0,0.0,0.0,0.0,0.0,0.0,0.0,0.0,0.0,0.5243327494738454,0.0
4992.067690787453,83.20112817979089,注入尾浆,0.0,0.0,0.0,0.0,0.0,0.0,0.0,0.0,0.0,0.0,0.0,0.5238796754913113,0.0
4993.332396948734,83.22220661581223,注入尾浆,0.0,0.0,0.0,0.0,0.0,0.0,0.0,0.0,0.0,0.0,0.0,0.5234287040942539,0.0
4994.597103110014,83.24328505183357,注入尾浆,0.0,0.0,0.0,0.0,0.0,0.0,0.0,0.0,0.0,0.0,0.0,0.5229798181301485,0.0
4995.861809271295,83.26436348785492,注入尾浆,0.0,0.0,0.0,0.0,0.0,0.0,0.0,0.0,0.0,0.0,0.0,0.5225330001638754,0.0
4997.126515432576,83.28544192387626,注入尾浆,0.0,0.0,0.0,0.0,0.0,0.0,0.0,0.0,0.0,0.0,0.0,0.5220882325053182,0.0
4998.391221593856,83.3065203598976,注入尾浆,0.0,0.0,0.0,0.0,0.0,0.0,0.0,0.0,0.0,0.0,0.0,0.521645497236307,0.0
4999.655927755137,83.32759879591895,注入尾浆,0.0,0.0,0.0,0.0,0.0,0.0,0.0,0.0,0.0,0.0,0.0,0.5212047762368722,0.0
5000.9206339164175,83.34867723194029,注入尾浆,0.0,0.0,0.0,0.0,0.0,0.0,0.0,0.0,0.0,0.0,0.0,0.5207660512107772,0.0
5002.185340077698,83.36975566796164,注入尾浆,0.0,0.0,0.0,0.0,0.0,0.0,0.0,0.0,0.0,0.0,0.0,0.5203293037103064,0.0
5003.450046238979,83.39083410398298,注入尾浆,0.0,0.0,0.0,0.0,0.0,0.0,0.0,0.0,0.0,0.0,0.0,0.5198945151602798,0.0
5004.714752400259,83.41191254000432,注入尾浆,0.0,0.0,0.0,0.0,0.0,0.0,0.0,0.0,0.0,0.0,0.0,0.5194616668812793,0.0
5005.97945856154,83.43299097602566,注入尾浆,0.0,0.0,0.0,0.0,0.0,0.0,0.0,0.0,0.0,0.0,0.0,0.5190307401120636,0.0
5007.244164722821,83.454069412047,注入尾浆,0.0,0.0,0.0,0.0,0.0,0.0,0.0,0.0,0.0,0.0,0.0,0.5186017160311636,0.0
5008.508870884101,83.47514784806836,注入尾浆,0.0,0.0,0.0,0.0,0.0,0.0,0.0,0.0,0.0,0.0,0.0,0.5181745757776405,0.0
5009.773577045382,83.4962262840897,注入尾浆,0.0,0.0,0.0,0.0,0.0,0.0,0.0,0.0,0.0,0.0,0.0,0.5177493004710052,0.0
5011.0382832066625,83.51730472011104,注入尾浆,0.0,0.0,0.0,0.0,0.0,0.0,0.0,0.0,0.0,0.0,0.0,0.517325871230285,0.0
5012.302989367943,83.53838315613238,注入尾浆,0.0,0.0,0.0,0.0,0.0,0.0,0.0,0.0,0.0,0.0,0.0,0.516904269192244,0.0
5013.567695529224,83.55946159215372,注入尾浆,0.0,0.0,0.0,0.0,0.0,0.0,0.0,0.0,0.0,0.0,0.0,0.5164844755287489,0.0
5014.832401690504,83.58054002817508,注入尾浆,0.0,0.0,0.0,0.0,0.0,0.0,0.0,0.0,0.0,0.0,0.0,0.5160664714632851,0.0
5016.097107851785,83.60161846419642,注入尾浆,0.0,0.0,0.0,0.0,0.0,0.0,0.0,0.0,0.0,0.0,0.0,0.5156502382866299,0.0
5017.361814013066,83.62269690021776,注入尾浆,0.0,0.0,0.0,0.0,0.0,0.0,0.0,0.0,0.0,0.0,0.0,0.5152357573716834,0.0
5018.626520174346,83.6437753362391,注入尾浆,0.0,0.0,0.0,0.0,0.0,0.0,0.0,0.0,0.0,0.0,0.0,0.5148230101874708,0.0
5019.891226335627,83.66485377226044,注入尾浆,0.0,0.0,0.0,0.0,0.0,0.0,0.0,0.0,0.0,0.0,0.0,0.5144119783123234,0.0
5021.155932496908,83.6859322082818,注入尾浆,0.0,0.0,0.0,0.0,0.0,0.0,0.0,0.0,0.0,0.0,0.0,0.5140026434462523,0.0
5022.420638658188,83.70701064430314,注入尾浆,0.0,0.0,0.0,0.0,0.0,0.0,0.0,0.0,0.0,0.0,0.0,0.5135949874225253,0.0
5023.685344819469,83.72808908032448,注入尾浆,0.0,0.0,0.0,0.0,0.0,0.0,0.0,0.0,0.0,0.0,0.0,0.5131889922184653,0.0
5024.950050980749,83.74916751634582,注入尾浆,0.0,0.0,0.0,0.0,0.0,0.0,0.0,0.0,0.0,0.0,0.0,0.5127846399654865,0.0
5026.21475714203,83.77024595236716,注入尾浆,0.0,0.0,0.0,0.0,0.0,0.0,0.0,0.0,0.0,0.0,0.0,0.512381912958384,0.0
5027.479463303311,83.79132438838852,注入尾浆,0.0,0.0,0.0,0.0,0.0,0.0,0.0,0.0,0.0,0.0,0.0,0.5119807936638961,0.0
5028.744169464591,83.81240282440986,注入尾浆,0.0,0.0,0.0,0.0,0.0,0.0,0.0,0.0,0.0,0.0,0.0,0.5115812647285626,0.0
5030.008875625872,83.8334812604312,注入尾浆,0.0,0.0,0.0,0.0,0.0,0.0,0.0,0.0,0.0,0.0,0.0,0.5111833089858935,0.0
5031.273581787153,83.85455969645254,注入尾浆,0.0,0.0,0.0,0.0,0.0,0.0,0.0,0.0,0.0,0.0,0.0,0.5107869094628764,0.0
5032.538287948433,83.87563813247388,注入尾浆,0.0,0.0,0.0,0.0,0.0,0.0,0.0,0.0,0.0,0.0,0.0,0.5103920493858394,0.0
5033.802994109714,83.89671656849524,注入尾浆,0.0,0.0,0.0,0.0,0.0,0.0,0.0,0.0,0.0,0.0,0.0,0.509998712185694,0.0
5035.0677002709945,83.91779500451658,注入尾浆,0.0,0.0,0.0,0.0,0.0,0.0,0.0,0.0,0.0,0.0,0.0,0.509606881502583,0.0
5036.332406432275,83.93887344053792,注入尾浆,0.0,0.0,0.0,0.0,0.0,0.0,0.0,0.0,0.0,0.0,0.0,0.5092165411899522,0.0
5037.597112593556,83.95995187655926,注入尾浆,0.0,0.0,0.0,0.0,0.0,0.0,0.0,0.0,0.0,0.0,0.0,0.5088276753180736,0.0
5038.861818754836,83.9810303125806,注入尾浆,0.0,0.0,0.0,0.0,0.0,0.0,0.0,0.0,0.0,0.0,0.0,0.5084402681770424,0.0
5040.126524916117,84.00210874860196,注入尾浆,0.0,0.0,0.0,0.0,0.0,0.0,0.0,0.0,0.0,0.0,0.0,0.5080543042792703,0.0
5041.391231077398,84.0231871846233,注入尾浆,0.0,0.0,0.0,0.0,0.0,0.0,0.0,0.0,0.0,0.0,0.0,0.5076697683615012,0.0
5042.655937238678,84.04426562064464,注入尾浆,0.0,0.0,0.0,0.0,0.0,0.0,0.0,0.0,0.0,0.0,0.0,0.5072866453863702,0.0
5043.920643399959,84.06534405666598,注入尾浆,0.0,0.0,0.0,0.0,0.0,0.0,0.0,0.0,0.0,0.0,0.0,0.5069049205435313,0.0
5045.1853495612395,84.08642249268732,注入尾浆,0.0,0.0,0.0,0.0,0.0,0.0,0.0,0.0,0.0,0.0,0.0,0.5065245792503767,0.0
5046.45005572252,84.10750092870867,注入尾浆,0.0,0.0,0.0,0.0,0.0,0.0,0.0,0.0,0.0,0.0,0.0,0.5061456071523692,0.0
5047.714761883801,84.12857936473002,注入尾浆,0.0,0.0,0.0,0.0,0.0,0.0,0.0,0.0,0.0,0.0,0.0,0.5057679901230122,0.0
5048.979468045081,84.14965780075136,注入尾浆,0.0,0.0,0.0,0.0,0.0,0.0,0.0,0.0,0.0,0.0,0.0,0.5053917142634776,0.0
5050.244174206362,84.1707362367727,注入尾浆,0.0,0.0,0.0,0.0,0.0,0.0,0.0,0.0,0.0,0.0,0.0,0.505016765901914,0.0
5051.508880367643,84.19181467279404,注入尾浆,0.0,0.0,0.0,0.0,0.0,0.0,0.0,0.0,0.0,0.0,0.0,0.5046431315924564,0.0
5052.773586528923,84.2128931088154,注入尾浆,0.0,0.0,0.0,0.0,0.0,0.0,0.0,0.0,0.0,0.0,0.0,0.5042707981139584,0.0
5054.038292690204,84.23397154483673,注入尾浆,0.0,0.0,0.0,0.0,0.0,0.0,0.0,0.0,0.0,0.0,0.0,0.5038997524684647,0.0
5055.3029988514845,84.25504998085808,注入尾浆,0.0,0.0,0.0,0.0,0.0,0.0,0.0,0.0,0.0,0.0,0.0,0.5035299818794475,0.0
5056.567705012765,84.27612841687942,注入尾浆,0.0,0.0,0.0,0.0,0.0,0.0,0.0,0.0,0.0,0.0,0.0,0.5031614737898199,0.0
5057.832411174046,84.29720685290076,注入尾浆,0.0,0.0,0.0,0.0,0.0,0.0,0.0,0.0,0.0,0.0,0.0,0.5027942158597514,0.0
5059.097117335326,84.31828528892211,注入尾浆,0.0,0.0,0.0,0.0,0.0,0.0,0.0,0.0,0.0,0.0,0.0,0.5024281959642949,0.0
5060.361823496607,84.33936372494345,注入尾浆,0.0,0.0,0.0,0.0,0.0,0.0,0.0,0.0,0.0,0.0,0.0,0.5020634021908505,0.0
5061.626529657888,84.3604421609648,注入尾浆,0.0,0.0,0.0,0.0,0.0,0.0,0.0,0.0,0.0,0.0,0.0,0.5016998228364757,0.0
5062.891235819168,84.38152059698614,注入尾浆,0.0,0.0,0.0,0.0,0.0,0.0,0.0,0.0,0.0,0.0,0.0,0.5013374464050597,0.0
5064.155941980449,84.40259903300748,注入尾浆,0.0,0.0,0.0,0.0,0.0,0.0,0.0,0.0,0.0,0.0,0.0,0.5009762616043789,0.0
5065.4206481417295,84.42367746902883,注入尾浆,0.0,0.0,0.0,0.0,0.0,0.0,0.0,0.0,0.0,0.0,0.0,0.5006162573430434,0.0
5066.68535430301,84.44475590505017,注入尾浆,0.0,0.0,0.0,0.0,0.0,0.0,0.0,0.0,0.0,0.0,0.0,0.5002574227273514,0.0
5067.950060464291,84.46583434107151,注入尾浆,0.0,0.0,0.0,0.0,0.0,0.0,0.0,0.0,0.0,0.0,0.0,0.49989974705806234,0.0
5069.214766625571,84.48691277709285,注入尾浆,0.0,0.0,0.0,0.0,0.0,0.0,0.0,0.0,0.0,0.0,0.0,0.4995432198271021,0.0
5070.479472786852,84.5079912131142,注入尾浆,0.0,0.0,0.0,0.0,0.0,0.0,0.0,0.0,0.0,0.0,0.0,0.49918783071421075,0.0
5071.744178948133,84.52906964913555,注入尾浆,0.0,0.0,0.0,0.0,0.0,0.0,0.0,0.0,0.0,0.0,0.0,0.4988335695835438,0.0
5073.008885109413,84.55014808515689,注入尾浆,0.0,0.0,0.0,0.0,0.0,0.0,0.0,0.0,0.0,0.0,0.0,0.4984804264802375,0.0
5074.273591270694,84.57122652117823,注入尾浆,0.0,0.0,0.0,0.0,0.0,0.0,0.0,0.0,0.0,0.0,0.0,0.49812839162694744,0.0
5075.538297431975,84.59230495719957,注入尾浆,0.0,0.0,0.0,0.0,0.0,0.0,0.0,0.0,0.0,0.0,0.0,0.49777745542036916,0.0
5076.803003593255,84.61338339322091,注入尾浆,0.0,0.0,0.0,0.0,0.0,0.0,0.0,0.0,0.0,0.0,0.0,0.4974276084277491,0.0
5078.067709754536,84.63446182924227,注入尾浆,0.0,0.0,0.0,0.0,0.0,0.0,0.0,0.0,0.0,0.0,0.0,0.49707884138339414,0.0
5079.3324159158165,84.65554026526361,注入尾浆,0.0,0.0,0.0,0.0,0.0,0.0,0.0,0.0,0.0,0.0,0.0,0.4967311451851864,0.0
5080.597122077097,84.67661870128495,注入尾浆,0.0,0.0,0.0,0.0,0.0,0.0,0.0,0.0,0.0,0.0,0.0,0.49638451089111,0.0
5081.861828238378,84.69769713730629,注入尾浆,0.0,0.0,0.0,0.0,0.0,0.0,0.0,0.0,0.0,0.0,0.0,0.49603892971579583,0.0
5083.126534399658,84.71877557332763,注入尾浆,0.0,0.0,0.0,0.0,0.0,0.0,0.0,0.0,0.0,0.0,0.0,0.4956943930270896,0.0
5084.391240560939,84.73985400934899,注入尾浆,0.0,0.0,0.0,0.0,0.0,0.0,0.0,0.0,0.0,0.0,0.0,0.4953508923426508,0.0
5085.65594672222,84.76093244537033,注入尾浆,0.0,0.0,0.0,0.0,0.0,0.0,0.0,0.0,0.0,0.0,0.0,0.49500841932658185,0.0
5086.9206528835,84.78201088139167,注入尾浆,0.0,0.0,0.0,0.0,0.0,0.0,0.0,0.0,0.0,0.0,0.0,0.49466696578609864,0.0
5088.185359044781,84.80308931741301,注入尾浆,0.0,0.0,0.0,0.0,0.0,0.0,0.0,0.0,0.0,0.0,0.0,0.4943265236682396,0.0
5089.4500652060615,84.82416775343435,注入尾浆,0.0,0.0,0.0,0.0,0.0,0.0,0.0,0.0,0.0,0.0,0.0,0.4939870850566218,0.0
5090.714771367342,84.84524618945571,注入尾浆,0.0,0.0,0.0,0.0,0.0,0.0,0.0,0.0,0.0,0.0,0.0,0.49364864216824433,0.0
5091.979477528623,84.86632462547705,注入尾浆,0.0,0.0,0.0,0.0,0.0,0.0,0.0,0.0,0.0,0.0,0.0,0.4933111873503427,0.0
5093.244183689903,84.88740306149839,注入尾浆,0.0,0.0,0.0,0.0,0.0,0.0,0.0,0.0,0.0,0.0,0.0,0.4929747130772961,0.0
5094.508889851184,84.90848149751973,注入尾浆,0.0,0.0,0.0,0.0,0.0,0.0,0.0,0.0,0.0,0.0,0.0,0.49263921194758997,0.0
5095.773596012465,84.92955993354107,注入尾浆,0.0,0.0,0.0,0.0,0.0,0.0,0.0,0.0,0.0,0.0,0.0,0.4923046766808353,0.0
5097.038302173745,84.95063836956243,注入尾浆,0.0,0.0,0.0,0.0,0.0,0.0,0.0,0.0,0.0,0.0,0.0,0.4919711001148471,0.0
5098.303008335026,84.97171680558377,注入尾浆,0.0,0.0,0.0,0.0,0.0,0.0,0.0,0.0,0.0,0.0,0.0,0.49163847520278087,0.0
5099.5677144963065,84.99279524160511,注入尾浆,0.0,0.0,0.0,0.0,0.0,0.0,0.0,0.0,0.0,0.0,0.0,0.49130679501033075,0.0
5100.832420657587,85.01387367762645,注入尾浆,0.0,0.0,0.0,0.0,0.0,0.0,0.0,0.0,0.0,0.0,0.0,0.490976052712989,0.0
5102.097126818868,85.03495211364779,注入尾浆,0.0,0.0,0.0,0.0,0.0,0.0,0.0,0.0,0.0,0.0,0.0,0.49064624159336606,0.0
5103.361832980148,85.05603054966915,注入尾浆,0.0,0.0,0.0,0.0,0.0,0.0,0.0,0.0,0.0,0.0,0.0,0.490317355038574,0.0
5104.626539141429,85.07710898569049,注入尾浆,0.0,0.0,0.0,0.0,0.0,0.0,0.0,0.0,0.0,0.0,0.0,0.4899893865376707,0.0
5105.89124530271,85.09818742171183,注入尾浆,0.0,0.0,0.0,0.0,0.0,0.0,0.0,0.0,0.0,0.0,0.0,0.4896623296791681,0.0
5107.15595146399,85.11926585773317,注入尾浆,0.0,0.0,0.0,0.0,0.0,0.0,0.0,0.0,0.0,0.0,0.0,0.4893361781486,0.0
5108.420657625271,85.14034429375451,注入尾浆,0.0,0.0,0.0,0.0,0.0,0.0,0.0,0.0,0.0,0.0,0.0,0.48901092572615323,0.0
5109.6853637865515,85.16142272977586,注入尾浆,0.0,0.0,0.0,0.0,0.0,0.0,0.0,0.0,0.0,0.0,0.0,0.4886865662843602,0.0
5110.950069947832,85.1825011657972,注入尾浆,0.0,0.0,0.0,0.0,0.0,0.0,0.0,0.0,0.0,0.0,0.0,0.48836309378584986,0.0
5112.214776109113,85.20357960181855,注入尾浆,0.0,0.0,0.0,0.0,0.0,0.0,0.0,0.0,0.0,0.0,0.0,0.48804050228116147,0.0
5113.479482270393,85.22465803783989,注入尾浆,0.0,0.0,0.0,0.0,0.0,0.0,0.0,0.0,0.0,0.0,0.0,0.48771878590661555,0.0
5114.744188431674,85.24573647386123,注入尾浆,0.0,0.0,0.0,0.0,0.0,0.0,0.0,0.0,0.0,0.0,0.0,0.4873979388822435,0.0
5116.008894592955,85.26681490988258,注入尾浆,0.0,0.0,0.0,0.0,0.0,0.0,0.0,0.0,0.0,0.0,0.0,0.4870779555097755,0.0
5117.273600754235,85.28789334590392,注入尾浆,0.0,0.0,0.0,0.0,0.0,0.0,0.0,0.0,0.0,0.0,0.0,0.4867588301706841,0.0
5118.538306915516,85.30897178192527,注入尾浆,0.0,0.0,0.0,0.0,0.0,0.0,0.0,0.0,0.0,0.0,0.0,0.486440557324283,0.0
5119.803013076797,85.3300502179466,注入尾浆,0.0,0.0,0.0,0.0,0.0,0.0,0.0,0.0,0.0,0.0,0.0,0.48612313150588105,0.0
5121.067719238077,85.35112865396795,注入尾浆,0.0,0.0,0.0,0.0,0.0,0.0,0.0,0.0,0.0,0.0,0.0,0.4858065473249886,0.0
5122.332425399358,85.3722070899893,注入尾浆,0.0,0.0,0.0,0.0,0.0,0.0,0.0,0.0,0.0,0.0,0.0,0.4854907994635767,0.0
5123.597131560638,85.39328552601064,注入尾浆,0.0,0.0,0.0,0.0,0.0,0.0,0.0,0.0,0.0,0.0,0.0,0.4851758826743862,0.0
5124.861837721919,85.41436396203198,注入尾浆,0.0,0.0,0.0,0.0,0.0,0.0,0.0,0.0,0.0,0.0,0.0,0.48486179177928745,0.0
5126.1265438832,85.43544239805333,注入尾浆,0.0,0.0,0.0,0.0,0.0,0.0,0.0,0.0,0.0,0.0,0.0,0.4845485216676876,0.0
5127.39125004448,85.45652083407467,注入尾浆,0.0,0.0,0.0,0.0,0.0,0.0,0.0,0.0,0.0,0.0,0.0,0.4842360672949866,0.0
5128.655956205761,85.47759927009602,注入尾浆,0.0,0.0,0.0,0.0,0.0,0.0,0.0,0.0,0.0,0.0,0.0,0.48392442368107713,0.0
5129.920662367042,85.49867770611736,注入尾浆,0.0,0.0,0.0,0.0,0.0,0.0,0.0,0.0,0.0,0.0,0.0,0.4836135859088907,0.0
5131.185368528322,85.5197561421387,注入压塞液,0.0,0.0,0.0,0.0,0.0,0.0,0.0,0.0,0.0,0.0,0.0,0.4833035491229873,0.0
5132.450074689603,85.54083457816004,注入压塞液,0.0,0.0,0.0,0.0,0.0,0.0,0.0,0.0,0.0,0.0,0.0,0.48299430852818676,0.0
5133.7147808508835,85.56191301418139,注入压塞液,0.0,0.0,0.0,0.0,0.0,0.0,0.0,0.0,0.0,0.0,0.0,0.4826858593882417,0.0
5134.979487012164,85.58299145020274,注入压塞液,0.0,0.0,0.0,0.0,0.0,0.0,0.0,0.0,0.0,0.0,0.0,0.48237819702454965,0.0
5136.244193173445,85.60406988622408,注入压塞液,0.0,0.0,0.0,0.0,0.0,0.0,0.0,0.0,0.0,0.0,0.0,0.4820713168149046,0.0
5137.508899334725,85.62514832224542,注入压塞液,0.0,0.0,0.0,0.0,0.0,0.0,0.0,0.0,0.0,0.0,0.0,0.4817652141922863,0.0
5138.773605496006,85.64622675826676,注入压塞液,0.0,0.0,0.0,0.0,0.0,0.0,0.0,0.0,0.0,0.0,0.0,0.48145988464368455,0.0
5140.038311657287,85.6673051942881,注入压塞液,0.0,0.0,0.0,0.0,0.0,0.0,0.0,0.0,0.0,0.0,0.0,0.4811553237089604,0.0
5141.303017818567,85.68838363030946,注入压塞液,0.0,0.0,0.0,0.0,0.0,0.0,0.0,0.0,0.0,0.0,0.0,0.48085152697974026,0.0
5142.567723979848,85.7094620663308,注入压塞液,0.0,0.0,0.0,0.0,0.0,0.0,0.0,0.0,0.0,0.0,0.0,0.4805484900983435,0.0
5143.8324301411285,85.73054050235214,注入压塞液,0.0,0.0,0.0,0.0,0.0,0.0,0.0,0.0,0.0,0.0,0.0,0.4802462087567419,0.0
5145.097136302409,85.75161893837348,注入压塞液,0.0,0.0,0.0,0.0,0.0,0.0,0.0,0.0,0.0,0.0,0.0,0.47994467869555035,0.0
5146.36184246369,85.77269737439482,注入压塞液,0.0,0.0,0.0,0.0,0.0,0.0,0.0,0.0,0.0,0.0,0.0,0.4796438957030463,0.0
5147.62654862497,85.79377581041618,注入压塞液,0.0,0.0,0.0,0.0,0.0,0.0,0.0,0.0,0.0,0.0,0.0,0.47934385561421966,0.0
5148.891254786251,85.81485424643752,注入压塞液,0.0,0.0,0.0,0.0,0.0,0.0,0.0,0.0,0.0,0.0,0.0,0.47904455430985,0.0
5150.155960947532,85.83593268245886,注入压塞液,0.0,0.0,0.0,0.0,0.0,0.0,0.0,0.0,0.0,0.0,0.0,0.4787459877156094,0.0
5151.420667108812,85.8570111184802,注入压塞液,0.0,0.0,0.0,0.0,0.0,0.0,0.0,0.0,0.0,0.0,0.0,0.4784481518011936,0.0
5152.685373270093,85.87808955450154,注入压塞液,0.0,0.0,0.0,0.0,0.0,0.0,0.0,0.0,0.0,0.0,0.0,0.47815104257947677,0.0
5153.9500794313735,85.8991679905229,注入压塞液,0.0,0.0,0.0,0.0,0.0,0.0,0.0,0.0,0.0,0.0,0.0,0.47785465610569117,0.0
5155.214785592654,85.92024642654424,注入压塞液,0.0,0.0,0.0,0.0,0.0,0.0,0.0,0.0,0.0,0.0,0.0,0.47755898847663003,0.0
5156.479491753935,85.94132486256558,注入压塞液,0.0,0.0,0.0,0.0,0.0,0.0,0.0,0.0,0.0,0.0,0.0,0.47726403582987315,0.0
5157.744197915215,85.96240329858692,注入压塞液,0.0,0.0,0.0,0.0,0.0,0.0,0.0,0.0,0.0,0.0,0.0,0.4769697943430342,0.0
5159.008904076496,85.98348173460826,注入压塞液,0.0,0.0,0.0,0.0,0.0,0.0,0.0,0.0,0.0,0.0,0.0,0.47667626023302984,0.0
5160.273610237777,86.00456017062962,注入压塞液,0.0,0.0,0.0,0.0,0.0,0.0,0.0,0.0,0.0,0.0,0.0,0.4763834297553682,0.0
5161.538316399057,86.02563860665096,注入压塞液,0.0,0.0,0.0,0.0,0.0,0.0,0.0,0.0,0.0,0.0,0.0,0.47609129920345766,0.0
5162.803022560338,86.0467170426723,注入压塞液,0.0,0.0,0.0,0.0,0.0,0.0,0.0,0.0,0.0,0.0,0.0,0.47579986490793463,0.0
5164.067728721619,86.06779547869364,注入压塞液,0.0,0.0,0.0,0.0,0.0,0.0,0.0,0.0,0.0,0.0,0.0,0.47550912323600897,0.0
5165.332434882899,86.08887391471498,注入压塞液,0.0,0.0,0.0,0.0,0.0,0.0,0.0,0.0,0.0,0.0,0.0,0.47521907059082824,0.0
5166.59714104418,86.10995235073634,注入压塞液,0.0,0.0,0.0,0.0,0.0,0.0,0.0,0.0,0.0,0.0,0.0,0.47492970341085783,0.0
5167.86184720546,86.13103078675768,注入压塞液,0.0,0.0,0.0,0.0,0.0,0.0,0.0,0.0,0.0,0.0,0.0,0.4746410181692784,0.0
5169.126553366741,86.15210922277902,注入压塞液,0.0,0.0,0.0,0.0,0.0,0.0,0.0,0.0,0.0,0.0,0.0,0.47435301137339875,0.0
5170.391259528022,86.17318765880036,注入压塞液,0.0,0.0,0.0,0.0,0.0,0.0,0.0,0.0,0.0,0.0,0.0,0.47406567956408446,0.0
5171.655965689302,86.1942660948217,注入压塞液,0.0,0.0,0.0,0.0,0.0,0.0,0.0,0.0,0.0,0.0,0.0,0.47377901931520067,0.0
5172.920671850583,86.21534453084305,注入压塞液,0.0,0.0,0.0,0.0,0.0,0.0,0.0,0.0,0.0,0.0,0.0,0.4734930272330703,0.0
5174.185378011864,86.2364229668644,注入压塞液,0.0,0.0,0.0,0.0,0.0,0.0,0.0,0.0,0.0,0.0,0.0,0.4732076999559443,0.0
5175.450084173144,86.25750140288574,注入压塞液,0.0,0.0,0.0,0.0,0.0,0.0,0.0,0.0,0.0,0.0,0.0,0.47292303415348796,0.0
5176.714790334425,86.27857983890708,注入压塞液,0.0,0.0,0.0,0.0,0.0,0.0,0.0,0.0,0.0,0.0,0.0,0.47263902652627676,0.0
5177.9794964957055,86.29965827492842,注入压塞液,0.00018394812219527863,0.00018394812219527863,0.0,0.0,0.0,0.0,0.0006785702075212318,0.0,0.0,0.0,0.00031638858587384165,0.4723556738053079,0.0
5179.244202656986,86.32073671094977,注入压塞液,0.00024334517253377523,0.00024334517253377523,0.0,0.0,0.0,0.0,0.0009113572061565552,0.0,0.0,0.0,0.0003601118423108399,0.47207276157735906,0.0
5180.508908818267,86.34181514697111,注入压塞液,0.0006792360054993865,0.0006792360054993865,0.0,0.0,0.0,0.0,0.002170111658708813,0.0,0.0,0.0,0.0010516867053135181,0.4717905115732395,0.0
5181.773614979547,86.36289358299246,注入压塞液,0.000859698268110981,0.000859698268110981,0.0,0.0,0.0,0.0,0.002817410674917568,0.0,0.0,0.0,0.0011845255423312934,0.47150851637551877,0.0
5183.038321140828,86.3839720190138,注入压塞液,0.0016475885260774593,0.0016475885260774593,0.0,0.0,0.0,0.0,0.004082015070663036,0.0,0.0,0.0,0.0023633639595907656,0.4712271743257672,0.0
5184.303027302109,86.40505045503514,注入压塞液,0.002020465481584979,0.002020465481584979,0.0,0.0,0.0,0.0,0.005179784773360987,0.0,0.0,0.0,0.0026378566243769456,0.4709459098662139,0.0
5185.567733463389,86.42612889105649,注入压塞液,0.0029970065310034166,0.0029970065310034166,0.0,0.0,0.0,0.0,0.005573602748845237,0.0,0.0,0.0,0.003955577400038922,0.4706653515550965,0.0
5186.83243962467,86.44720732707783,注入压塞液,0.003548212271347039,0.003548212271347039,0.0,0.0,0.0,0.0,0.006748771680108974,0.0,0.0,0.0,0.004361360339542083,0.4703848811409178,0.0
5188.049995905299,86.46749993175497,注入压塞液,0.004068665974345948,0.004068665974345948,8.969228915662649,0.0,0.0,0.004016064257026314,0.007767803304659427,0.11352315919392808,0.02244882137033144,0.0,0.004744351470839888,0.47010524219765976,0.0
5189.174057290567,86.48623428817612,注入压塞液,0.005102903298589239,0.005102903298589239,8.969228915662649,0.0,0.0,0.004016064257026314,0.006979174824922777,0.11330524358284016,0.022406215709402155,0.0,0.006056989614811512,0.4698370247049601,0.0
5189.97507864995,86.49958464416584,注入压塞液,0.005535365886214289,0.005535365886214289,8.969228915662649,0.0,0.0,0.004016064257026314,0.0075640313716724365,0.11306640058196968,0.022359516307414062,0.0,0.006375112569679278,0.46958973681518185,0.0
5190.740065452546,86.5123344242091,注入压塞液,0.005943619661253988,0.005943619661253988,8.969228915662649,0.0,0.0,0.004016064257026314,0.008087231512514337,0.11285450068441039,0.02231808304578098,0.0,0.006675418172922369,0.46941499143538823,0.0
5191.511212135129,86.52518686891882,注入压塞液,0.006352672048165498,0.006352672048165498,17.938457831325298,0.0,0.0,0.008032128514052628,0.00858936388343248,0.2256100700469278,0.04411915613674322,0.0,0.006976457520583837,0.4692484775524674,0.0
5192.297430425798,86.53829050709663,注入压塞液,0.0067680742769411,0.0067680742769411,17.938457831325298,0.0,0.0,0.008032128514052628,0.009080984488454668,0.2255705296886932,0.04411159693265465,0.0,0.007282375648879307,0.469080841881746,0.0
5193.100275848603,86.55167126414338,注入压塞液,0.007191083978880696,0.007191083978880696,17.938457831325298,0.0,0.0,0.008032128514052628,0.009565814140432642,0.22553993819746962,0.044105748504424835,0.0,0.007594133355563514,0.468910138548085,0.0
5193.921576936473,86.56535961560787,注入压塞液,0.007622946433799656,0.007622946433799656,17.938457831325298,0.0,8.969228915662649,0.008032128514052628,0.01004671354569158,0.22550950408461282,0.04409993012801128,0.0,0.007912675490011253,0.468736029641945,0.0
5194.76254084321,86.57937568072018,注入压塞液,0.008064498921414772,0.008064498921414772,17.938457831325298,0.0,8.969228915662649,0.008032128514052628,0.010525641104993003,0.22547755251477516,0.04409382160692554,0.0,0.008238646097668497,0.4685581304414588,0.0
5195.6231424510925,86.59371904085154,注入压塞液,0.008515888697528768,0.008515888697528768,17.938457831325298,0.0,8.969228915662649,0.008032128514052628,0.011003582204557391,0.22544149087007637,0.04408692727226937,0.0,0.00857218138775459,0.4683761981999457,0.0
5196.505877652133,86.60843129420222,注入压塞液,0.008978559260649674,0.008978559260649674,26.90768674698795,0.0,8.969228915662649,0.012048192771078943,0.01148253445590718,0.3380933262366585,0.06538319249923086,0.0,0.008914376883191223,0.4681902586718411,0.0
5197.409841549439,86.62349735915731,注入压塞液,0.009452137649279881,0.009452137649279881,26.90768674698795,0.0,8.969228915662649,0.012048192771078943,0.011962611616818596,0.33800981468643704,0.06536758210917493,0.0,0.009264986721263937,0.46799978098682077,0.0
5198.3384544876835,86.6389742414614,注入压塞液,0.009938520055423436,0.009938520055423436,26.90768674698795,0.0,8.969228915662649,0.012048192771078943,0.01244586516589858,0.3379122630097943,0.06534934693940642,0.0,0.009625450687914792,0.46780498279161703,0.0
5199.2907892017265,86.65484648669545,注入压塞液,0.010437301788032873,0.010437301788032873,26.90768674698795,0.0,8.969228915662649,0.012048192771078943,0.012932133006884323,0.3378005121035933,0.06532845709446922,0.0,0.009995509163887155,0.46760513378847735,0.0
5200.271012607156,86.6711835434526,注入压塞液,0.010950744808365671,0.010950744808365671,35.876915662650596,0.0,8.969228915662649,0.016064257028105256,0.013423483243337355,0.4502332067860739,0.08611144072557886,0.0,0.010376891389535518,0.46740045807490277,0.0
5201.279409604356,86.6879901600726,注入压塞液,0.011479061814751857,0.011479061814751857,35.876915662650596,0.0,8.969228915662649,0.016064257028105256,0.013920063136507125,0.4500468620901459,0.08607738043374935,0.0,0.010769815312339795,0.46719007946581814,0.0
5202.31934354897,86.70532239248284,注入压塞液,0.012024082066902699,0.012024082066902699,35.876915662650596,0.0,8.969228915662649,0.016064257028105256,0.014423276633888635,0.44984173343039885,0.08603988532020956,0.0,0.011175714986776523,0.46697396444709355,0.0
5203.396148709785,86.72326914516309,注入压塞液,0.012588653369629733,0.012588653369629733,35.876915662650596,0.0,8.969228915662649,0.016064257028105256,0.01493516547566734,0.449617219604749,0.08599884506243827,0.0,0.011596800549115861,0.4667514118036007,0.0
5204.509887538207,86.74183145897013,注入压塞液,0.013172838807871914,0.013172838807871914,35.876915662650596,0.0,8.969228915662649,0.016064257028105256,0.015455350693747693,0.44936698183532503,0.08595310039569093,0.0,0.012033226159850165,0.466521320624371,0.0
5205.665959789544,86.76109932982574,注入压塞液,0.013779505604194378,0.013779505604194378,44.84614457831324,0.0,8.969228915662649,0.02008032128513157,0.01598554766821679,0.5613561601641501,0.10619820305802308,0.0,0.012487263506304561,0.4662837265897211,0.0
5206.871035461616,86.78118392436026,注入压塞液,0.014412166352206034,0.014412166352206034,44.84614457831324,0.0,17.938457831325298,0.02008032128513157,0.01652771655588334,0.5609639304902637,0.10612808519036143,0.0,0.012961698044596045,0.466037504851393,0.0
5208.12936731448,86.802156121908,注入压塞液,0.01507304966526912,0.01507304966526912,44.84614457831324,0.0,17.938457831325298,0.02008032128513157,0.017082606857020892,0.5605316191201436,0.10605079565065434,0.0,0.013458392512559697,0.4657812781240331,0.0
5209.394073475761,86.82323455792934,注入压塞液,0.015737365875683154,0.015737365875683154,53.8153734939759,0.0,17.938457831325298,0.024096385542157886,0.017631625902320078,0.6720658065285099,0.12577120753273852,0.0,0.013958890129034509,0.4655141786935421,0.0
5210.658779637041,86.8443129939507,注入压塞液,0.016401749654862824,0.016401749654862824,53.8153734939759,0.0,17.938457831325298,0.024096385542157886,0.01817259019534844,0.6714494962466944,0.12566344165246168,0.0,0.014460817319957906,0.46524639620249375,0.0
5211.923485798322,86.86539142997204,注入压塞液,0.017066189801023188,0.017066189801023188,53.8153734939759,0.0,17.938457831325298,0.024096385542157886,0.018705770644666102,0.6707937340884955,0.1255487627667199,0.0,0.014964320589936622,0.46497933139228453,0.0
5213.1881919596035,86.88646986599339,注入压塞液,0.017730659884041627,0.017730659884041627,53.8153734939759,0.0,17.938457831325298,0.024096385542157886,0.019231405596492317,0.6700945440663043,0.12542647270052643,0.0,0.015469528807393673,0.4647129771580461,0.0
5214.452898120886,86.90754830201476,注入压塞液,0.01839512021555319,0.01839512021555319,62.784602409638545,0.0,17.938457831325298,0.0281124497991842,0.019749730132935125,0.7809118322018372,0.14459682068703017,0.0,0.015976555192019428,0.46444733115641773,0.0
5215.717604282171,86.92862673803619,注入压塞液,0.01905954189502501,0.01905954189502501,62.784602409638545,0.0,17.938457831325298,0.0281124497991842,0.020260991785614177,0.7800048740107025,0.14444164362950518,0.0,0.016485517335024895,0.464182399322279,0.0
5216.982310443462,86.9497051740577,注入压塞液,0.019723891772406278,0.019723891772406278,62.784602409638545,0.0,17.938457831325298,0.0281124497991842,0.020765440355980512,0.7790635456376764,0.1442805561952375,0.0,0.01699652414717217,0.4639181594518855,0.0
5218.247016604763,86.9707836100794,注入压塞液,0.020388133379782705,0.020388133379782705,62.784602409638545,0.0,17.938457831325298,0.0281124497991842,0.02126332680338809,0.7780958581633303,0.14411492637049894,0.0,0.017509676892611233,0.463654604108776,0.0
5219.511722766084,86.9918620461014,注入压塞液,0.021052236271301455,0.021052236271301455,71.75383132530119,0.0,26.90768674698795,0.03212851405621051,0.021754916493212862,0.8881292612330316,0.1627443777961196,0.0,0.018025075363092048,0.46339172383312716,0.0
5220.776428927441,87.01294048212402,注入压塞液,0.021716171494635443,0.021716171494635443,71.75383132530119,0.0,26.90768674698795,0.03212851405621051,0.022240478019894948,0.886978762346137,0.16255170329751167,0.0,0.018542812922229198,0.46312950205792824,0.0
5222.041135088863,87.03401891814771,注入压塞液,0.022379921475125984,0.022379921475125984,71.75383132530119,0.0,26.90768674698795,0.03212851405621051,0.022720302684969468,0.885802217676669,0.1623546210449256,0.0,0.0190629849698246,0.46286794499451916,0.0
5223.305841250409,87.05509735417348,注入压塞液,0.02304347599106632,0.02304347599106632,80.72306024096385,0.0,26.90768674698795,0.03614457831323683,0.023194689045416977,0.9951801105482195,0.18047962805147622,0.0,0.019585685600140998,0.4626070417629244,0.0
5224.570547412225,87.07617579020375,注入压塞液,0.023706828777912456,0.023706828777912456,80.72306024096385,0.0,26.90768674698795,0.03614457831323683,0.02366392873740938,0.993813902601173,0.18025567040661372,0.0,0.020111003366743707,0.46234677107617755,0.0
5225.835253574721,87.09725422624534,注入压塞液,0.024369984245032318,0.024369984245032318,80.72306024096385,8.969228915662649,26.90768674698795,0.03212851405621051,0.024128309500099136,0.882162329704636,0.16174461196745726,0.0,0.02063902636102564,0.4620871270602137,0.0
5227.099959739125,87.11833266231875,注入压塞液,0.025032950389942316,0.025032950389942316,80.72306024096385,8.969228915662649,26.90768674698795,0.03212851405621051,0.024588096626780753,0.8809235200237819,0.1615368984588248,0.0,0.021169835710552136,0.461828098330394,0.0
5228.364665909079,87.13941109848466,注入压塞液,0.025695736001442076,0.025695736001442076,89.69228915662649,8.969228915662649,26.90768674698795,0.03614457831323682,0.02504352613405946,0.9896272427710333,0.17956898482370143,0.0,0.021703503360493696,0.46156967846286046,0.0
5229.629372094935,87.16048953491558,注入压塞液,0.026358356332879907,0.026358356332879907,89.69228915662649,8.969228915662649,26.90768674698795,0.03614457831323682,0.025494801648370802,0.9881915342182317,0.17933337103295233,0.0,0.02224009597296497,0.4613118611850705,0.0
5230.894078324447,87.18156797207412,注入压塞液,0.027020826933887895,0.027020826933887895,89.69228915662649,8.969228915662649,26.90768674698795,0.03614457831323682,0.025942093031296378,0.9867319147369694,0.17909376386127196,0.0,0.022779668874286445,0.4610546329600356,0.0
5232.15878466753,87.2026464111255,注入压塞液,0.027683160221280447,0.027683160221280447,98.66151807228914,8.969228915662649,35.876915662650596,0.04016064257026314,0.026385529479219953,1.094728041117505,0.1966345865627016,0.0,0.023322263151708544,0.4607979809986109,0.0
5233.423491289672,87.22372485482786,注入压塞液,0.028345367282982172,0.028345367282982172,98.66151807228914,8.969228915662649,35.876915662650596,0.04016064257026314,0.0268252103880848,1.09306671800816,0.19636761230678923,0.0,0.023867907449606797,0.4605419045440099,0.0
5234.688198559418,87.24480330932364,注入压塞液,0.029007458014904123,0.029007458014904123,98.66151807228914,8.969228915662649,35.876915662650596,0.04016064257026314,0.027261222988940716,1.0913818270059166,0.1960967600778768,0.0,0.024416617750865188,0.46028640285182154,0.0
5235.952907250679,87.26588178751132,注入压塞液,0.02966943803565002,0.02966943803565002,98.66151807228914,8.969228915662649,35.876915662650596,0.04016064257026314,0.027693628851397527,1.0896710078953251,0.1958216464084036,0.0,0.024968395675372294,0.4600314689545968,0.0
5237.2176188992435,87.2869603149874,注入压塞液,0.030331311246106645,0.030331311246106645,107.6307469879518,8.969228915662649,35.876915662650596,0.044176706827289455,0.028122479561914798,1.1967200745430722,0.21285595349765352,0.0,0.025523230042428634,0.4597770969288017,0.0
5238.48233639146,87.30803893985767,注入压塞液,0.0309930820305252,0.0309930820305252,107.6307469879518,8.969228915662649,35.876915662650596,0.044176706827289455,0.028547833494900594,1.1947738844549585,0.2125495074730569,0.0,0.026081098425036794,0.45952327879134974,0.0
5239.747064875723,87.3291177479287,注入压塞液,0.03165475135691396,0.03165475135691396,107.6307469879518,8.969228915662649,35.876915662650596,0.044176706827289455,0.028969741821059606,1.1927898166005386,0.2122369744266468,0.0,0.026641964263906425,0.45927000328914147,0.0
5241.011813085185,87.35019688475309,注入压塞液,0.03231632237673397,0.03231632237673397,116.59997590361444,8.969228915662649,35.876915662650596,0.048192771084315765,0.029388261836910744,1.2990195116134542,0.22879719794527886,0.0,0.027205781170980197,0.4590172662506033,0.0
5242.27659513572,87.37127658559533,注入压塞液,0.03297780191681893,0.03297780191681893,116.59997590361444,8.969228915662649,35.876915662650596,0.048192771084315765,0.029803471128873434,1.2967732178605165,0.22845065049907054,0.0,0.027772493937582597,0.45876506163731856,0.0
5243.541432810872,87.39235721351453,注入压塞液,0.0336392012953018,0.0336392012953018,116.59997590361444,8.969228915662649,35.876915662650596,0.048192771084315765,0.030215449311674594,1.2944870102042552,0.22809778542693282,0.0,0.028342039267666763,0.4585133724109396,0.0
5244.806358268512,87.41343930447519,注入压塞液,0.03430053550986471,0.03430053550986471,116.59997590361444,8.969228915662649,44.84614457831324,0.048192771084315765,0.030624296789851523,1.2921479798180666,0.22773660040423493,0.0,0.02891434521184832,0.45826218735238106,0.0
5246.071417011332,87.43452361685554,注入压塞液,0.03496182992529107,0.03496182992529107,125.56920481927709,8.969228915662649,44.84614457831324,0.05220883534134208,0.031030121338625132,1.397234461174974,0.24379811305911347,0.0,0.029489336538546962,0.45801149331949476,0.0
5247.336670878171,87.45561118130286,注入压塞液,0.03562312076601784,0.03562312076601784,125.56920481927709,8.969228915662649,44.84614457831324,0.05220883534134208,0.031433045828323125,1.3945787844969826,0.24339636083315608,0.0,0.03006693602861653,0.4577612797037704,0.0
5248.602200759305,87.47670334598841,注入压塞液,0.036284454092301126,0.036284454092301126,125.56920481927709,8.969228915662649,44.84614457831324,0.05220883534134208,0.03183321045058593,1.391858577246354,0.24298462510163665,0.0,0.03064706404192375,0.4575115231138705,0.0
5249.868108720337,87.49780181200562,注入压塞液,0.03694589227488512,0.03694589227488512,134.53843373493973,8.969228915662649,44.84614457831324,0.05622489959836839,0.03223075513451752,1.4959254770833474,0.2585778371106189,0.0,0.031229645167935256,0.4572622029754659,0.0
5251.134519283969,87.51890865473281,注入压塞液,0.03760750605274235,0.03760750605274235,134.53843373493973,8.969228915662649,44.84614457831324,0.05622489959836839,0.03262583154906551,1.4928563875756324,0.2581225992121443,0.0,0.031814602669386585,0.45701329356187287,0.0
5252.401579696762,87.54002632827937,注入压塞液,0.03826938118952891,0.03826938118952891,134.53843373493973,8.969228915662649,44.84614457831324,0.05622489959836839,0.03301859455920362,1.489697387810502,0.2576537330059484,0.0,0.032401866357143254,0.4567647681653365,0.0
5253.66945910984,87.56115765183067,注入压塞液,0.03893161531569322,0.03893161531569322,143.50766265060238,8.969228915662649,44.84614457831324,0.06024096385539471,0.0334092069725315,1.5926140560296755,0.2727775110555827,0.0,0.032991370822022976,0.4565166023469439,0.0
5254.938346749512,87.58230577915853,注入压塞液,0.03959431913973557,0.03959431913973557,143.50766265060238,17.938457831325298,44.84614457831324,0.0562248995983684,0.03379783110906547,1.483063398315102,0.2566681358389721,0.0,0.03358305898028821,0.45626876368217417,0.0
5256.208449163499,87.60347415272498,注入压塞液,0.040257609943064175,0.040257609943064175,143.50766265060238,17.938457831325298,44.84614457831324,0.0562248995983684,0.034184643271289464,1.4795625643525767,0.2561474973062394,0.0,0.03417687836337693,0.4560212141136255,0.0
5257.479986926345,87.62466644877242,注入压塞液,0.04092161139988321,0.04092161139988321,152.47689156626504,17.938457831325298,53.8153734939759,0.06024096385539471,0.03456980267414114,1.5813606431848348,0.2711389207943843,0.0,0.034772782757634665,0.4557739153711078,0.0
5258.753190988762,87.64588651647937,注入压塞液,0.04158645424860127,0.04158645424860127,152.47689156626504,17.938457831325298,53.8153734939759,0.06024096385539471,0.03495348287836324,1.5773408246719178,0.27055270732687753,0.0,0.03537073466254612,0.4555268268316303,0.0
5260.028298924893,87.66713831541487,注入压塞液,0.042252275390891006,0.042252275390891006,152.47689156626504,17.938457831325298,53.8153734939759,0.06024096385539471,0.035335853312616586,1.5731852274235387,0.26994619748827464,0.0,0.03597070628899669,0.45527990492160636,0.0
5261.30555129431,87.68842585490516,注入压塞液,0.042919206896594,0.042919206896594,161.4461204819277,17.938457831325298,53.8153734939759,0.06425702811242102,0.035717071816828996,1.6734857135768302,0.28444523548738865,0.0,0.03657267167717891,0.45503310709937905,0.0
5262.585188281531,87.70975313802552,注入压塞液,0.04358738334224425,0.04358738334224425,161.4461204819277,17.938457831325298,53.8153734939759,0.06425702811242102,0.03609728596323866,1.6687602265964339,0.28376864687198766,0.0,0.03717661433284328,0.4547863961750853,0.0
5263.867446718862,87.73112411198103,注入压塞液,0.04425693725089019,0.04425693725089019,161.4461204819277,17.938457831325298,53.8153734939759,0.06425702811242102,0.03647664720085647,1.663886797102334,0.2830702059468345,0.0,0.037782524680703325,0.4545397387144082,0.0
5265.152074959732,87.75253458266221,注入压塞液,0.04492774654115006,0.04492774654115006,161.4461204819277,17.938457831325298,53.8153734939759,0.06425702811242102,0.0368551577022393,1.658864454572843,0.2823497107509807,0.0,0.03839017230461129,0.4542930934347165,0.0
5266.439114509962,87.77398524183269,注入压塞液,0.04559983617104353,0.04559983617104353,170.41534939759032,17.938457831325298,53.8153734939759,0.06827309236944733,0.03723288600278835,1.75704843192757,0.2963045996326744,0.0,0.038999469710025665,0.45404651954208475,0.0
5267.72878959286,87.79547982654768,注入压塞液,0.046273329580460085,0.046273329580460085,170.41534939759032,17.938457831325298,53.8153734939759,0.06827309236944733,0.037609944452630585,1.7513943793096938,0.2955084033798403,0.0,0.0396104301940986,0.45380002039166223,0.0
5269.021317728119,87.81702196213533,注入压塞液,0.04694834303791519,0.04694834303791519,170.41534939759032,17.938457831325298,53.8153734939759,0.06827309236944733,0.03798643691177617,1.7455814168930632,0.2946888904575675,0.0,0.040223071840500044,0.45355356479372605,0.0
5270.316908029,87.83861513381666,注入压塞液,0.047624989356195906,0.047624989356195906,179.38457831325297,17.938457831325298,62.784602409638545,0.07228915662647364,0.03836245169779629,1.841939965033878,0.30815130284920433,0.0,0.04083742163621401,0.4533071213172282,0.0
5271.615759867052,87.86026266445086,注入压塞液,0.04830337072625611,0.04830337072625611,179.38457831325297,17.938457831325298,62.784602409638545,0.07228915662647364,0.03873806546526606,1.8354503420014172,0.30725275240197714,0.0,0.041453507956122466,0.4530606644430754,0.0
5272.918061885008,87.88196769808346,注入压塞液,0.048983586148583176,0.048983586148583176,179.38457831325297,17.938457831325298,62.784602409638545,0.07228915662647364,0.03911334981328245,1.828795194534464,0.30633007146240865,0.0,0.04207136803122302,0.45281416979571243,0.0
5274.223991321545,87.90373318869243,注入压塞液,0.04966572708664152,0.04966572708664152,188.35380722891563,17.938457831325298,62.784602409638545,0.07630522088349996,0.03948837010529738,1.9231974324378687,0.3193040079221251,0.0,0.042691042006704864,0.45256762483981855,0.0
5275.533713604909,87.92556189341515,注入压塞液,0.050349877709219004,0.050349877709219004,188.35380722891563,17.938457831325298,62.784602409638545,0.07630522088349996,0.039863179893995536,1.9158301792383445,0.3183002966991383,0.0,0.043312573650073224,0.45232101310327344,0.0
5276.847382171673,87.94745636952788,注入压塞液,0.0510361149589167,0.0510361149589167,188.35380722891563,17.938457831325298,62.784602409638545,0.07630522088349996,0.040237828278105285,1.9082968542092942,0.31727242948036083,0.0,0.04393600879138465,0.4520743187430362,0.0
5278.165072630019,87.96941787716698,注入压塞液,0.051724476771724745,0.051724476771724745,197.32303614457828,17.938457831325298,62.784602409638545,0.08032128514052628,0.040612341735780745,2.000633817733868,0.32976492072541186,0.0,0.04456136584527357,0.4518275352370936,0.0
5279.486903344946,87.99144838908244,注入压塞液,0.052415025167766825,0.052415025167766825,197.32303614457828,26.90768674698795,62.784602409638545,0.07630522088349996,0.04098676885457182,1.89275181180154,0.3151465206511437,0.0,0.045188692465904706,0.45158066647419975,0.0
5280.809638371826,88.01349397286376,注入压塞液,0.053106069531073156,0.053106069531073156,197.32303614457828,26.90768674698795,71.75383132530119,0.07630522088349996,0.041360288679637085,1.884752316672105,0.3140499472672198,0.0,0.0458164502150744,0.45133371068710915,0.0
5282.132373398706,88.03553955664509,注入压塞液,0.05379713463249076,0.05379713463249076,206.29226506024094,26.90768674698795,71.75383132530119,0.08032128514052628,0.041732695250220615,1.9753823295116817,0.32637147233375463,0.0,0.04644421093479617,0.4510873071331559,0.0
5283.455108425585,88.05758514042643,注入压塞液,0.054488221699273136,0.054488221699273136,206.29226506024094,26.90768674698795,71.75383132530119,0.08032128514052628,0.042104013019403065,1.9666811937143809,0.3251981850774457,0.0,0.047071983705721666,0.45084164380017794,0.0
5284.777843452465,88.07963072420776,注入压塞液,0.055179329986922515,0.055179329986922515,206.29226506024094,26.90768674698795,71.75383132530119,0.08032128514052628,0.04247426854162098,1.957861457159338,0.3240068197866608,0.0,0.04769977958941642,0.45059674012820744,0.0
5286.100578479345,88.10167630798908,注入压塞液,0.055870456899786765,0.055870456899786765,215.2614939759036,26.90768674698795,71.75383132530119,0.0843373493975526,0.04284349317518968,2.046386596690657,0.335869969318483,0.0,0.04832761087165869,0.4503526102793281,0.0
5287.423313506225,88.12372189177042,注入压塞液,0.05656160402252398,0.05656160402252398,215.2614939759036,26.90768674698795,71.75383132530119,0.0843373493975526,0.043211712525135546,2.036930277859488,0.33461273574998807,0.0,0.04895549612958459,0.4501092700678022,0.0
5288.746048533105,88.14576747555175,注入压塞液,0.05725276809940016,0.05725276809940016,215.2614939759036,26.90768674698795,71.75383132530119,0.0843373493975526,0.043578959074957055,2.0274059325469636,0.33334405218131435,0.0,0.04958345091142358,0.44986673772694813,0.0
5290.068783559985,88.16781305933308,注入压塞液,0.05794394904069559,0.05794394904069559,215.2614939759036,26.90768674698795,71.75383132530119,0.0843373493975526,0.04394526127779925,2.0178353072882826,0.3320667672791753,0.0,0.050211495441294086,0.44962503509762336,0.0
5291.391518586865,88.1898586431144,注入压塞液,0.05863514935524169,0.05863514935524169,224.23072289156622,26.90768674698795,80.72306024096385,0.08835341365457891,0.04431065374823476,2.103871892943177,0.34346178622171053,0.0,0.05083965317861037,0.4493841781361499,0.0
5292.714253613744,88.21190422689574,注入压塞液,0.05932636598761727,0.05932636598761727,224.23072289156622,26.90768674698795,80.72306024096385,0.08835341365457891,0.04467517639289597,2.0938216467008433,0.342140784884413,0.0,0.051467943618202686,0.44914418128975014,0.0
5294.036988640624,88.23394981067707,注入压塞液,0.06001759996739891,0.06001759996739891,224.23072289156622,26.90768674698795,80.72306024096385,0.08835341365457891,0.04503885016806702,2.083797535996056,0.3408205712097093,0.0,0.05209638982374833,0.44890505681149606,0.0
5295.359723667504,88.2559953944584,注入压塞液,0.06070884939036117,0.06070884939036117,224.23072289156622,26.90768674698795,80.72306024096385,0.08835341365457891,0.045401725049550555,2.0738253425417676,0.3395045663434333,0.0,0.05272501322205819,0.4486668205277395,0.0
5296.682458694384,88.27804097823973,注入压塞液,0.06140011673684829,0.06140011673684829,233.19995180722887,26.90768674698795,80.72306024096385,0.09236947791160523,0.04576383576684394,2.157745521585733,0.350497831605339,0.0,0.0533538391342169,0.4484294936014195,0.0
5298.005193721264,88.30008656202106,注入压塞液,0.062091403061879734,0.062091403061879734,233.19995180722887,26.90768674698795,80.72306024096385,0.09236947791160523,0.046125211817035106,2.147507452802335,0.34916653950948073,0.0,0.05398289115490942,0.448193083284485,0.0
5299.327928748144,88.3221321458024,注入压塞液,0.06278270556396302,0.06278270556396302,233.19995180722887,26.90768674698795,89.69228915662649,0.09236947791160523,0.04648590124384557,2.1374001879159676,0.3478495796352884,0.0,0.054612189557646636,0.44795759549025577,0.0
5300.6506637750235,88.34417772958372,注入压塞液,0.06347403184714438,0.06347403184714438,242.16918072289153,26.90768674698795,89.69228915662649,0.09638554216863154,0.04684593379312015,2.2199436155746866,0.3585273454000707,0.0,0.05524176282448899,0.4477230376603384,0.0
5301.973398801903,88.36622331336505,注入压塞液,0.0641653799990672,0.0641653799990672,242.16918072289153,35.876915662650596,89.69228915662649,0.09236947791160523,0.047205357688771536,2.117664632389932,0.34527038262881704,0.0,0.05587163066763907,0.4474894168646304,0.0
5303.296133828783,88.38826889714639,注入压塞液,0.0648567527223975,0.0648567527223975,242.16918072289153,35.876915662650596,89.69228915662649,0.09236947791160523,0.047564203485800545,2.108075569950562,0.3440135291730412,0.0,0.056501815333625464,0.44725673620705675,0.0
5304.618868855663,88.41031448092772,注入压塞液,0.06554815026218089,0.06554815026218089,242.16918072289153,35.876915662650596,89.69228915662649,0.09236947791160523,0.04792250978808081,2.0986895151032763,0.3427809476283512,0.0,0.057132335847379354,0.44702499663524214,0.0
5305.941603882543,88.43236006470904,注入压塞液,0.06623957632375571,0.06623957632375571,251.13840963855418,35.876915662650596,89.69228915662649,0.09638554216863154,0.048280326538739204,2.1803639150205827,0.3534293351325253,0.0,0.05776321333140121,0.446794201773846,0.0
5307.264338909423,88.45440564849038,注入压塞液,0.0669310335889376,0.0669310335889376,251.13840963855418,35.876915662650596,98.66151807228914,0.09638554216863154,0.04863768425235996,2.1710198160060448,0.35221988129640214,0.0,0.05839446594281534,0.4465643524574858,0.0
5308.587073936303,88.47645123227171,注入压塞液,0.0676225224394919,0.0676225224394919,251.13840963855418,35.876915662650596,98.66151807228914,0.09638554216863154,0.04899462119932685,2.161909075625144,0.3510384539584267,0.0,0.059026108085896874,0.44633544748204623,0.0
5309.9098089631825,88.49849681605305,注入压塞液,0.0683140464972063,0.0683140464972063,251.13840963855418,35.876915662650596,98.66151807228914,0.09638554216863154,0.04935117954345543,2.1530331504314364,0.3498854039954523,0.0,0.05965815578217048,0.4461074819959611,0.0
5311.232543990062,88.52054239983437,注入压塞液,0.0690056095958468,0.0690056095958468,260.1076385542168,35.876915662650596,98.66151807228914,0.10040160642565785,0.04970739659438633,2.2337403574701975,0.3602949520869094,0.0,0.06029062355540595,0.4458804518526143,0.0
5312.554856183564,88.54258093639274,注入压塞液,0.06969699259065609,0.06969699259065609,260.1076385542168,35.876915662650596,98.66151807228914,0.10040160642565785,0.050063206110816334,2.224977178066756,0.3591727989912361,0.0,0.060923320364069944,0.44565435118149055,0.0
5313.873563753694,88.5645593958949,注入压塞液,0.07038653533153097,0.07038653533153097,260.1076385542168,35.876915662650596,107.6307469879518,0.10040160642565785,0.050417874827364664,2.216446863778738,0.3580785743628635,0.0,0.06155473413955033,0.44542924732605027,0.0
5315.188701604602,88.5864783600767,注入压塞液,0.07107426250903734,0.07107426250903734,269.07686746987946,35.876915662650596,107.6307469879518,0.10441767068268416,0.05077143710550247,2.2964688596701524,0.3682703667990529,0.0,0.06218489124259125,0.44520568637135194,0.0
5316.500305981763,88.60833843302937,注入压塞液,0.07176019040761347,0.07176019040761347,269.07686746987946,35.876915662650596,107.6307469879518,0.10441767068268416,0.051123948685804804,2.2880634771913204,0.3672074878208752,0.0,0.06281381000151616,0.44498364605259433,0.0
5317.8084129465515,88.63014021577585,注入压塞液,0.0724443416583015,0.0724443416583015,269.07686746987946,35.876915662650596,107.6307469879518,0.10441767068268416,0.051475448810632686,2.279881429588594,0.36617113240975063,0.0,0.0634415134589091,0.4447631067257189,0.0
5319.113057521032,88.6518842920172,注入压塞液,0.07312673896050652,0.07312673896050652,269.07686746987946,35.876915662650596,107.6307469879518,0.10441767068268416,0.051825975085042775,2.2719141372578076,0.3651603473264443,0.0,0.064068024570723,0.4445440442506203,0.0
5320.414273203134,88.67357122005224,注入压塞液,0.07380739647909211,0.07380739647909211,278.0460963855421,35.876915662650596,116.59997590361444,0.10843373493971048,0.052175574961059824,2.3512349225832514,0.3751520785390141,0.0,0.06469335834778954,0.4443264342388679,0.0
5321.712091711245,88.69520152852076,注入压塞液,0.07448634047225007,0.07448634047225007,278.0460963855421,35.876915662650596,116.59997590361444,0.10843373493971048,0.05252428024067208,2.3433772459461664,0.37416933595108626,0.0,0.06531754138543036,0.44411025248281333,0.0
5323.006542851183,88.7167757141864,注入压塞液,0.07516358663680375,0.07516358663680375,278.0460963855421,35.876915662650596,116.59997590361444,0.10843373493971048,0.05287213861927669,2.335711969072961,0.3732091670799804,0.0,0.06594059141379487,0.4438954702059,0.0
5324.297654435794,88.73829424059657,注入压塞液,0.07583916077116669,0.07583916077116669,278.0460963855421,44.84614457831324,116.59997590361444,0.10441767068268416,0.05321919379592011,2.2419979896433286,0.3613505699535593,0.0,0.0665625366429981,0.4436820650189862,0.0
5325.585452340699,88.75975753901164,注入压塞液,0.07651307952051835,0.07651307952051835,287.01532530120477,44.84614457831324,116.59997590361444,0.10843373493971048,0.05356547424631786,2.320917223179695,0.3713517782553344,0.0,0.067183397267895,0.44347001384656787,0.0
5326.869960563983,88.78116600939971,注入压塞液,0.07718535498269408,0.07718535498269408,287.01532530120477,44.84614457831324,125.56920481927709,0.10843373493971048,0.05391100411714012,2.3137679212505486,0.3704522561241651,0.0,0.06780319028582105,0.4432592886565337,0.0
5328.151201238842,88.80252002064736,注入压塞液,0.07785600056353353,0.07785600056353353,287.01532530120477,44.84614457831324,125.56920481927709,0.10843373493971048,0.054255808071810935,2.306771698852528,0.3695707483402737,0.0,0.06842193545799856,0.44304986032418964,0.0
5329.429194728636,88.82381991214393,注入压塞液,0.07852502789396297,0.07852502789396297,295.9845542168674,44.84614457831324,125.56920481927709,0.1124497991967368,0.05459990424444464,2.3851022352251214,0.37937016088256437,0.0,0.06903965196085939,0.44284170198751416,0.0
5330.70395974167,88.8450659956945,注入压塞液,0.07919244855134164,0.07919244855134164,295.9845542168674,44.84614457831324,125.56920481927709,0.1124497991967368,0.05494331388380373,2.3781385072408696,0.3785051791969626,0.0,0.06965636061654489,0.442634783981933,0.0
5331.975513429979,88.86625855716632,注入压塞液,0.07985827562420876,0.07985827562420876,295.9845542168674,44.84614457831324,125.56920481927709,0.1124497991967368,0.05528605132738205,2.371309080102538,0.37765570847008156,0.0,0.07027208516378645,0.44242907930371966,0.0
5333.243871483749,88.88739785806249,注入压塞液,0.0805225148672752,0.0805225148672752,295.9845542168674,44.84614457831324,125.56920481927709,0.1124497991967368,0.055628129252582675,2.3646072138808134,0.37682097553106864,0.0,0.07088684340819351,0.4422245590564264,0.0
5334.509048185351,88.90848413642252,注入压塞液,0.08118517468955108,0.08118517468955108,304.9537831325301,44.84614457831324,125.56920481927709,0.1164658634537631,0.05596955294564466,2.442242060245763,0.38642232427635415,0.0,0.07150065709354528,0.44202119153964825,0.0
5335.77105650391,88.9295176083985,注入压塞液,0.08184626188262606,0.08184626188262606,304.9537831325301,44.84614457831324,134.53843373493973,0.1164658634537631,0.05631032827940438,2.435547140563516,0.3856002033442655,0.0,0.07211354754988517,0.44181894536415045,0.0
5337.029908169532,88.9504984694922,注入压塞液,0.0825057805398317,0.0825057805398317,304.9537831325301,44.84614457831324,134.53843373493973,0.1164658634537631,0.056650463331112046,2.4289674922948308,0.38479116423006465,0.0,0.0727255345068734,0.441617787578517,0.0
5338.28561368391,88.97142689473183,注入压塞液,0.08316373647012569,0.08316373647012569,304.9537831325301,44.84614457831324,134.53843373493973,0.1164658634537631,0.056989957718285966,2.4224983011677312,0.38399466836444307,0.0,0.07333664010922751,0.44141768483607274,0.0
5339.538182406175,88.99230304010293,注入压塞液,0.08382013294805134,0.08382013294805134,313.92301204819273,44.84614457831324,134.53843373493973,0.12048192771078944,0.057328815462443096,2.4994503948777824,0.3934026661515171,0.0,0.07394688471735547,0.44121860307055377,0.0
5340.787622735692,89.01312704559487,注入压塞液,0.08447497328338194,0.08447497328338194,313.92301204819273,44.84614457831324,134.53843373493973,0.12048192771078944,0.057667040306702735,2.492974073796209,0.39261645326448147,0.0,0.07455628923518137,0.441020508163705,0.0
5342.033942255253,89.03389903758756,注入压塞液,0.0851282615881058,0.0851282615881058,313.92301204819273,44.84614457831324,134.53843373493973,0.12048192771078944,0.05800463145594662,2.48660037080146,0.39184170310049127,0.0,0.07516487550794661,0.44082336519338605,0.0
5343.277147853282,89.05461913088804,注入压塞液,0.08577999887945874,0.08577999887945874,313.92301204819273,44.84614457831324,134.53843373493973,0.12048192771078944,0.058341590298523635,2.48032635745227,0.39107810546387334,0.0,0.07577266212694546,0.4406271395420778,0.0
5344.517245776764,89.07528742961273,注入压塞液,0.08643018890095433,0.08643018890095433,322.8922409638554,44.84614457831324,143.50766265060238,0.12449799196781573,0.05867791731540642,2.5566210990557625,0.40029908306008566,0.0,0.07637967041317253,0.4404317969387812,0.0
5345.75424179671,89.09590402994516,注入压塞液,0.08707883364907405,0.08707883364907405,322.8922409638554,53.8153734939759,143.50766265060238,0.12048192771078944,0.05901361422645401,2.468067290147375,0.3895833108361859,0.0,0.07698591934026058,0.44023730151632406,0.0
5346.988141334932,89.11646902224886,注入压塞液,0.08772593328344562,0.08772593328344562,322.8922409638554,53.8153734939759,143.50766265060238,0.12048192771078944,0.059348682085517794,2.4620778499985505,0.38885166186178277,0.0,0.07759142523152049,0.4400436166125987,0.0
5348.218949482644,89.13698249137741,注入压塞液,0.08837149133032549,0.08837149133032549,322.8922409638554,53.8153734939759,143.50766265060238,0.12048192771078944,0.05968312087328788,2.4561793776917886,0.38813026812378026,0.0,0.07819620731342763,0.439850709007107,0.0
5349.446671048469,89.15744451747449,注入压塞液,0.08901550804834936,0.08901550804834936,331.86146987951804,53.8153734939759,143.50766265060238,0.12449799196781573,0.06001693273703995,2.5320491623054857,0.3973446668332501,0.0,0.07880028007760606,0.439658541360151,0.0
5350.671310718203,89.17785517863672,注入压塞液,0.08965798438213804,0.08965798438213804,331.86146987951804,53.8153734939759,143.50766265060238,0.12449799196781573,0.06035011968139592,2.526135793797591,0.3966315005812383,0.0,0.07940365769179865,0.43946707804235857,0.0
5351.892873186443,89.19821455310738,注入压塞液,0.09029892385352517,0.09029892385352517,331.86146987951804,53.8153734939759,143.50766265060238,0.12449799196781573,0.060682683435340896,2.520308092809074,0.3959278403486538,0.0,0.08000635608571484,0.4392762822090699,0.0
5353.111363417031,89.21852272361717,注入压塞液,0.09093832641299575,0.09093832641299575,331.86146987951804,53.8153734939759,152.47689156626504,0.12449799196781573,0.06101462875334676,2.514564637460067,0.3952335493667638,0.0,0.08060838577452585,0.43908611903717626,0.0
5354.326786735854,89.23877977893089,注入压塞液,0.09157619364113916,0.09157619364113916,340.83069879518064,53.8153734939759,152.47689156626504,0.12851405622484202,0.06134595621302784,2.5898366742968917,0.40426976180549756,0.0,0.0812097574353915,0.43889655149750334,0.0
5355.53914908855,89.2589858181425,注入压塞液,0.0922125296610164,0.0922125296610164,340.83069879518064,53.8153734939759,152.47689156626504,0.12851405622484202,0.06167666891290822,2.5840783477456837,0.403583284735868,0.0,0.08181048320419006,0.43870754419345975,0.0
5356.748457204021,89.27914095340036,注入压塞液,0.09284733546417348,0.09284733546417348,340.83069879518064,53.8153734939759,152.47689156626504,0.12851405622484202,0.062006769235032365,2.578403715690684,0.4029060113987514,0.0,0.08241056979297778,0.4385190623284582,0.0
5357.954718519217,89.29924530865361,注入压塞液,0.09348061324956697,0.09348061324956697,340.83069879518064,53.8153734939759,152.47689156626504,0.12851405622484202,0.06233625924862395,2.572811182307614,0.4022377841472795,0.0,0.08301002370031263,0.4383310696804624,0.0
5359.157941404816,89.31929902341359,注入压塞液,0.09411236559870714,0.09411236559870714,349.7999277108433,53.8153734939759,161.4461204819277,0.13253012048186835,0.06266514081330761,2.6475231125428396,0.4111033764348999,0.0,0.08360885008120945,0.43814352963993963,0.0
5360.3581353997915,89.33930225666319,注入压塞液,0.09474259607636694,0.09474259607636694,349.7999277108433,53.8153734939759,161.4461204819277,0.13253012048186835,0.06299341519405548,2.6419125509909698,0.410442197394866,0.0,0.08420705329494811,0.43795640335428054,0.0
5361.555311421684,89.3592551903614,注入压塞液,0.09537130694702371,0.09537130694702371,349.7999277108433,53.8153734939759,161.4461204819277,0.13253012048186835,0.06332108998047727,2.636379046391497,0.4097893720578224,0.0,0.08480463476516524,0.43776965245436494,0.0
5362.749481986187,89.37915803310311,注入压塞液,0.09599850416420552,0.09599850416420552,349.7999277108433,53.8153734939759,161.4461204819277,0.13253012048186835,0.0636481653251569,2.630921856996105,0.4091448421536582,0.0,0.08540159818078659,0.4375832385957505,0.0
5363.94066126041,89.39901102100683,替钻井液(一段),0.09662419291823554,0.09662419291823554,358.76915662650595,53.8153734939759,170.41534939759032,0.13654618473889465,0.06397464626761168,2.7051021859169913,0.41784610230890906,0.0,0.08599794486361034,0.4373971229059683,0.0
5365.128711911766,89.4188118651961,替钻井液(一段),0.09724829749152196,0.09724829749152196,358.76915662650595,53.8153734939759,170.41534939759032,0.13654618473889465,0.06430050342765944,2.6996347734508856,0.41720917904466825,0.0,0.08659359716544979,0.4372112660831698,0.0
5366.313588614897,89.43855981024828,替钻井液(一段),0.09787079298767133,0.09787079298767133,358.76915662650595,62.784602409638545,170.41534939759032,0.13253012048186835,0.06462572424429094,2.6150013107476586,0.40726049639099127,0.0,0.08718852482377898,0.437025654696714,0.0
5367.495294636526,89.45825491060876,替钻井液(一段),0.09849168040347984,0.09849168040347984,358.76915662650595,62.784602409638545,179.38457831325297,0.13253012048186835,0.0649503092999046,2.609840315988384,0.40664835542536115,0.0,0.08778272081355977,0.4368402593800643,0.0
5368.673834986054,89.47789724976757,替钻井液(一段),0.0991109572784577,0.0991109572784577,367.7383855421686,62.784602409638545,179.38457831325297,0.13654618473889468,0.06527426622396724,2.683677928454287,0.4153463075114394,0.0,0.08837617297867419,0.436655042444039,0.0
5369.849216667291,89.49748694445485,替钻井液(一段),0.09972862574946725,0.09972862574946725,367.7383855421686,62.784602409638545,179.38457831325297,0.13654618473889468,0.06559759848601468,2.678497339471566,0.4147402234828339,0.0,0.08896887309482925,0.43646996899344137,0.0
5371.021448814819,89.51702414691366,替钻井液(一段),0.10034469075065895,0.10034469075065895,367.7383855421686,62.784602409638545,179.38457831325297,0.13654618473889468,0.06592030439727987,2.673382087792398,0.41414116689164404,0.0,0.0895608146964321,0.43628500143043975,0.0
5372.190542776806,89.5365090462801,替钻井液(一段),0.10095915292148251,0.10095915292148251,367.7383855421686,62.784602409638545,188.35380722891563,0.13654618473889468,0.06624239433982186,2.668331690793483,0.41354910398820743,0.0,0.09015198533799366,0.4361001028038816,0.0
5373.356512349582,89.55594187249304,替钻井液(一段),0.10157201763209561,0.10157201763209561,376.70761445783126,62.784602409638545,188.35380722891563,0.14056224899592099,0.06656387512985983,2.741679222765247,0.422089256100345,0.0,0.09074237685261455,0.4359152385894982,0.0
5374.519373847737,89.57532289746229,替钻井液(一段),0.10218329400256719,0.10218329400256719,376.70761445783126,62.784602409638545,188.35380722891563,0.14056224899592099,0.06688474585338491,2.7366119875255803,0.4215032772838737,0.0,0.0913319842086295,0.4357303721210066,0.0
5375.6791462806395,89.59465243801066,替钻井液(一段),0.10279298692847894,0.10279298692847894,376.70761445783126,62.784602409638545,188.35380722891563,0.14056224899592099,0.06720501918886515,2.7316096682786113,0.42092422261247,0.0,0.09192079667816931,0.43554546695925017,0.0
5376.835851545916,89.6139308590986,替钻井液(一段),0.10340110559608279,0.10340110559608279,376.70761445783126,62.784602409638545,188.35380722891563,0.14056224899592099,0.06752470409605568,2.7266715824583208,0.4203520349307528,0.0,0.09250880739573845,0.43536048912767394,0.0
5377.989514580735,89.63315857634558,替钻井液(一段),0.10400766375345048,0.10400766375345048,385.6768433734939,62.784602409638545,197.32303614457828,0.14457831325294732,0.06784380215185097,2.799562725295233,0.4287409789117623,0.0,0.09309601383138602,0.4351754032399924,0.0
5379.140163499157,89.65233605831928,替钻井液(一段),0.10461267161924895,0.10461267161924895,385.6768433734939,62.784602409638545,197.32303614457828,0.14457831325294732,0.06816232763312792,2.794613748818849,0.42817526949823204,0.0,0.09368240870869385,0.43499017283180436,0.0
5380.287829721162,89.67146382868603,替钻井液(一段),0.10521614285539865,0.10521614285539865,385.6768433734939,62.784602409638545,197.32303614457828,0.14457831325294732,0.06848029245227558,2.7897288779097478,0.42761633851389214,0.0,0.09426798757515763,0.43480476441925187,0.0
5381.432548044326,89.69054246740544,替钻井液(一段),0.10581809652219966,0.10581809652219966,385.6768433734939,62.784602409638545,197.32303614457828,0.14457831325294732,0.06879770045309545,2.784907430310094,0.42706412874548483,0.0,0.09485275161174672,0.43461914552476866,0.0
5382.574356780032,89.70957261300053,替钻井液(一段),0.10641854932038776,0.10641854932038776,385.6768433734939,62.784602409638545,197.32303614457828,0.14457831325294732,0.0691145664612496,2.7801486499369306,0.4265185739732912,0.0,0.0954366986104493,0.43443328140765913,0.0
5383.713297780136,89.72855496300227,替钻井液(一段),0.10701751928109163,0.10701751928109163,394.64607228915656,62.784602409638545,197.32303614457828,0.14859437750997362,0.06943090680957283,2.852546076574185,0.4347624622067823,0.0,0.09601982690296658,0.4342471404156673,0.0
5384.849416577662,89.74749027629437,替钻井液(一段),0.1076150315283229,0.1076150315283229,394.64607228915656,62.784602409638545,206.29226506024094,0.14859437750997362,0.0697467284896535,2.8477774673399345,0.43422312567069155,0.0,0.09660214248611182,0.4340606937577636,0.0
5385.982762572521,89.76637937620869,替钻井液(一段),0.10821110927548526,0.10821110927548526,394.64607228915656,62.784602409638545,206.29226506024094,0.14859437750997362,0.07006204769687326,2.8430682619045906,0.4336900027452065,0.0,0.09718364871834295,0.4338739086056715,0.0
5387.113389161204,89.78522315268674,替钻井液(一段),0.10880577630738682,0.10880577630738682,394.64607228915656,71.75383132530119,206.29226506024094,0.14457831325294732,0.07037688359518109,2.7617036047236563,0.4243990888105533,0.0,0.09776434859462081,0.43368675599573564,0.0
5388.241353829622,89.80402256382703,替钻井液(一段),0.109399063551886,0.109399063551886,403.6153012048192,71.75383132530119,206.29226506024094,0.14859437750997362,0.07069124816221152,2.8338246206811006,0.43264208109531577,0.0,0.09834425291516043,0.43349921131297897,0.0
5389.366492410604,89.82277487351007,替钻井液(一段),0.10999088316821125,0.10999088316821125,403.6153012048192,71.75383132530119,206.29226506024094,0.14859437750997362,0.07100510189655897,2.8292884223921666,0.4321271179289441,0.0,0.09892325581003289,0.43331124502118107,0.0
5390.488595030827,89.84147658384713,替钻井液(一段),0.11058112203442881,0.11058112203442881,403.6153012048192,71.75383132530119,206.29226506024094,0.14859437750997362,0.0713183941484228,2.8248087136259565,0.431618108916198,0.0,0.09950122565723296,0.4331228701811607,0.0
5391.607708048419,89.86012846747366,替钻井液(一段),0.1111698035617805,0.1111698035617805,403.6153012048192,71.75383132530119,206.29226506024094,0.14859437750997362,0.07163113652466292,2.8203845496787014,0.4311149634150455,0.0,0.10007816459119538,0.43293411287383415,0.0
5392.7238823348425,89.87873137224737,替钻井液(一段),0.11175695328497581,0.11175695328497581,403.6153012048192,71.75383132530119,206.29226506024094,0.14859437750997362,0.07194334136798868,2.8160145109376717,0.43061753613925025,0.0,0.1006540765976664,0.4327449540305874,0.0
5393.837173206685,89.89728622011143,替钻井液(一段),0.11234259773067362,0.11234259773067362,412.5845301204819,71.75383132530119,206.29226506024094,0.15261044176699995,0.07225502426482061,2.887689898366081,0.43872145395738527,0.0,0.10122896621925534,0.4325553777226376,0.0
5394.94764044332,89.91579400738867,替钻井液(一段),0.11292676705253583,0.11292676705253583,412.5845301204819,71.75383132530119,215.2614939759036,0.15261044176699995,0.07256619989933895,2.8833131021906984,0.43822991849499016,0.0,0.10180284172403753,0.432365370541653,0.0
5396.0553483573885,89.93425580595648,替钻井液(一段),0.11350949371765276,0.11350949371765276,412.5845301204819,71.75383132530119,215.2614939759036,0.15261044176699995,0.07287688311013202,2.8789910101507994,0.43774410415230536,0.0,0.10237571358150947,0.4321749180762502,0.0
5397.160365885267,89.95267276475445,替钻井液(一段),0.11409081128360206,0.11409081128360206,412.5845301204819,71.75383132530119,215.2614939759036,0.15261044176699995,0.07318709312177706,2.8747218186414933,0.4372638235211628,0.0,0.10294759313018047,0.43198400957156263,0.0
5398.262766669929,89.97104611116548,替钻井液(一段),0.11467075833780747,0.11467075833780747,412.5845301204819,71.75383132530119,215.2614939759036,0.15261044176699995,0.07349684447044293,2.8705047493710594,0.4367890038271174,0.0,0.1035184971277726,0.43179263584191885,0.0
5399.362629103309,89.98937715172181,替钻井液(一段),0.1152493732181075,0.1152493732181075,421.5537590361445,71.75383132530119,215.2614939759036,0.15662650602402625,0.07380615754620153,2.941769004826817,0.4447594307066586,0.0,0.10408844147501928,0.43160078540841257,0.0
5400.460036441825,90.00766727403041,替钻井液(一段),0.11582669765990196,0.11582669765990196,421.5537590361445,71.75383132530119,215.2614939759036,0.15662650602402625,0.07411505242931143,2.93754547616166,0.4442902176689931,0.0,0.10465744571368157,0.4314084538722512,0.0
5401.555076963564,90.02591794939273,替钻井液(一段),0.11640277736807543,0.11640277736807543,421.5537590361445,71.75383132530119,215.2614939759036,0.15662650602402625,0.07442354893541438,2.933372894329918,0.4438262752038328,0.0,0.10522553368904417,0.4312156343318171,0.0
5402.647843978176,90.04413073296959,替钻井液(一段),0.11697765962734334,0.11697765962734334,421.5537590361445,71.75383132530119,215.2614939759036,0.15662650602402625,0.07473166669511787,2.929250490677461,0.4433675315982878,0.0,0.10579273050616272,0.4310223212394857,0.0
5403.738436029685,90.06230726716142,替钻井液(一段),0.11755139436605604,0.11755139436605604,421.5537590361445,71.75383132530119,215.2614939759036,0.15662650602402625,0.07503943010486963,2.9251773926987137,0.4429139031396674,0.0,0.10635906403132926,0.4308285120771041,0.0
5404.8269570142575,90.08044928357096,替钻井液(一段),0.1181240344669094,0.1181240344669094,430.5229879518072,80.72306024096385,215.2614939759036,0.15662650602402625,0.07534686387820452,2.9211528684155255,0.4424653213261177,0.0,0.10692456522024235,0.4306342045832167,0.0
5405.912850954438,90.0985475159073,替钻井液(一段),0.11869528708536563,0.11869528708536563,430.5229879518072,80.72306024096385,215.2614939759036,0.15662650602402625,0.0756538205892037,2.9171760768341155,0.44202170508927296,0.0,0.1074889238699303,0.43043939681395277,0.0
5406.996174933685,90.11660291556142,替钻井液(一段),0.11926518164914515,0.11926518164914515,430.5229879518072,80.72306024096385,215.2614939759036,0.15662650602402625,0.07596031015915371,2.9132451933089634,0.4415828630708185,0.0,0.10805214808071457,0.4302442111121683,0.0
5408.077023306633,90.13461705511055,替钻井液(一段),0.119833764915759,0.119833764915759,430.5229879518072,80.72306024096385,215.2614939759036,0.15662650602402625,0.07626635190029342,2.9093603399529515,0.441148820735881,0.0,0.10861426227484476,0.4300486580124517,0.0
5409.155496317416,90.15259160529027,替钻井液(一段),0.12040108665637858,0.12040108665637858,439.4922168674698,80.72306024096385,215.2614939759036,0.16064257028105255,0.07657196553702826,2.980022029371917,0.4489911486897903,0.0,0.10917529388494206,0.42985274641685783,0.0
5410.231699948224,90.1705283324704,替钻井液(一段),0.12096720109657517,0.12096720109657517,439.4922168674698,80.72306024096385,215.2614939759036,0.16064257028105255,0.07687717040397939,2.976131776549314,0.44856226911861197,0.0,0.10973527557264111,0.42965648665016,0.0
5411.3057459306165,90.18842909884361,替钻井液(一段),0.12153216519446955,0.12153216519446955,439.4922168674698,80.72306024096385,224.23072289156622,0.16064257028105255,0.07718198685005441,2.9722882641887067,0.4481382146066678,0.0,0.1102942425871809,0.42945988628022963,0.0
5412.377751874356,90.20629586457261,替钻井液(一段),0.1220960370206868,0.1220960370206868,439.4922168674698,80.72306024096385,224.23072289156622,0.16064257028105255,0.07748643931925753,2.9684911290821203,0.4477189566770573,0.0,0.11085223073935517,0.42926295565037853,0.0
5413.447841406036,90.2241306901006,替钻井液(一段),0.12265887878137298,0.12265887878137298,448.46144578313243,80.72306024096385,224.23072289156622,0.16465863453807886,0.07779055275021887,3.038858548424501,0.4554370374997513,0.0,0.11140928057467911,0.4290657070977297,0.0
5414.516144367926,90.24193573946543,替钻井液(一段),0.12322075772880306,0.12322075772880306,448.46144578313243,80.72306024096385,224.23072289156622,0.16465863453807886,0.07809434972888804,3.035060577992978,0.4550232335521963,0.0,0.11196543826116301,0.42886815186629973,0.0
5415.582796946168,90.25971328243614,替钻井液(一段),0.1237817436450763,0.1237817436450763,448.46144578313243,80.72306024096385,224.23072289156622,0.16465863453807886,0.07839785494339647,3.0313093015543924,0.4546142084340432,0.0,0.11252075237993563,0.4286702993813623,0.0
5416.647941779236,90.2774656963206,替钻井液(一段),0.12434190591390724,0.12434190591390724,448.46144578313243,80.72306024096385,224.23072289156622,0.16465863453807886,0.07870110074975042,3.0276045880059073,0.45420995906349226,0.0,0.1130752700852427,0.42847216002291644,0.0
5417.711728110022,90.29519546850037,替钻井液(一段),0.12490132195754691,0.12490132195754691,457.4306746987951,80.72306024096385,224.23072289156622,0.1686746987951052,0.07900411317846219,3.097701069047316,0.46180816611130193,0.0,0.11362904803584263,0.4282737495786704,0.0
5418.773463279355,90.31289105465592,替钻井液(一段),0.12545962713561698,0.12545962713561698,457.4306746987951,80.72306024096385,224.23072289156622,0.1686746987951052,0.0793067004037995,3.093999026360156,0.46140953672662566,0.0,0.1141817058835677,0.42807507639202796,0.0
5419.833262594185,90.33055437656975,替钻井液(一段),0.12601687848739973,0.12601687848739973,457.4306746987951,80.72306024096385,224.23072289156622,0.1686746987951052,0.07960888371236355,3.0903389862614365,0.46101513985492637,0.0,0.11473328002766957,0.42787631136700477,0.0
5420.8912688811115,90.34818781468519,替钻井液(一段),0.1265731479480828,0.1265731479480828,457.4306746987951,89.69228915662649,224.23072289156622,0.16465863453807886,0.07991068938264112,3.013228337134487,0.45263841794890436,0.0,0.11528382171169205,0.427677476002985,0.0
5421.947632369083,90.36579387281806,替钻井液(一段),0.12712851429222752,0.12712851429222752,466.39990361445774,89.69228915662649,224.23072289156622,0.1686746987951052,0.08021214491236593,3.0831477546604433,0.46023938913659546,0.0,0.11583339033631608,0.4274785871366776,0.0
5423.002501994603,90.38337503324338,替钻井液(一段),0.12768305186151335,0.12768305186151335,466.39990361445774,89.69228915662649,224.23072289156622,0.1686746987951052,0.08051328077501219,3.079617502705643,0.4598581563773384,0.0,0.11638204009207502,0.4272796558717948,0.0
5424.056026563671,90.4009337760612,替钻井液(一段),0.1282368356924502,0.1282368356924502,466.39990361445774,89.69228915662649,224.23072289156622,0.1686746987951052,0.08081412158750273,3.0761311618149274,0.4594814013237061,0.0,0.11692982563051721,0.4270806965420574,0.0
5425.108374451927,90.41847290753212,替钻井液(一段),0.12878995158650883,0.12878995158650883,466.39990361445774,89.69228915662649,224.23072289156622,0.1686746987951052,0.0811146962038591,3.072687746390383,0.45910902709852164,0.0,0.11747681259380272,0.42688172556619713,0.0
5426.159721145288,90.43599535242147,替钻井液(一段),0.12934248831071649,0.12934248831071649,466.39990361445774,89.69228915662649,224.23072289156622,0.1686746987951052,0.08141503827673648,3.06928390073986,0.4587406798559278,0.0,0.11802306981995586,0.42668275555134577,0.0
5427.210249457803,90.45350415763005,替钻井液(一段),0.12989453777365803,0.12989453777365803,475.3691325301204,89.69228915662649,224.23072289156622,0.1726907630521315,0.08171518348930444,3.1389175185326383,0.46622640199974275,0.0,0.11856866909597873,0.426483796243042,0.0
5428.260149646657,90.47100249411095,替钻井液(一段),0.1304461978380981,0.1304461978380981,475.3691325301204,89.69228915662649,224.23072289156622,0.1726907630521315,0.08201516529148759,3.135513139687882,0.4658628447361379,0.0,0.11911368859883778,0.42628485741068345,0.0
5429.309127165379,90.48848545275632,替钻井液(一段),0.13099731090224592,0.13099731090224592,475.3691325301204,89.69228915662649,224.23072289156622,0.1726907630521315,0.08231489187809952,3.1321485415516412,0.4655032923993738,0.0,0.11965795418863033,0.42608594622849416,0.0
5430.356848786524,90.5059474797754,替钻井液(一段),0.13154769792756027,0.13154769792756027,475.3691325301204,89.69228915662649,224.23072289156622,0.1726907630521315,0.08261426365836615,3.128821813239895,0.46514754900039157,0.0,0.12020127102304677,0.42588716459788967,0.0
5431.403501108901,90.52339168514835,替钻井液(一段),0.13209745447236523,0.13209745447236523,484.33836144578305,89.69228915662649,224.23072289156622,0.17670682730915782,0.08291331301832587,3.198219183274435,0.4725197402752448,0.0,0.12074371638051641,0.42568862285759895,0.0
5432.449279165343,90.54082131942238,替钻井液(一段),0.13264668033585583,0.13264668033585583,484.33836144578305,89.69228915662649,224.23072289156622,0.17670682730915782,0.08321207437781904,3.194893897054741,0.47216881902905616,0.0,0.12128537146059855,0.42549032771525397,0.0
5433.494386205567,90.55823977009278,替钻井液(一段),0.13319547774431206,0.13319547774431206,484.33836144578305,89.69228915662649,233.19995180722887,0.17670682730915782,0.08351058750098646,3.191606358116759,0.47182165179695934,0.0,0.12182631938942592,0.42529228407536396,0.0
5434.539033811546,90.57565056352577,替钻井液(一段),0.1337439544825435,0.1337439544825435,484.33836144578305,98.66151807228914,233.19995180722887,0.1726907630521315,0.08380889340247161,3.115893410636998,0.46376280195122754,0.0,0.12236664965820267,0.425094498270033,0.0
5435.58344195902,90.59305736598367,替钻井液(一段),0.1342922233805305,0.1342922233805305,493.3075903614457,98.66151807228914,233.19995180722887,0.17670682730915782,0.08410703230821835,3.185142208166135,0.4711383653968638,0.0,0.12290645673341354,0.42489696986139514,0.0
5436.627839307513,90.61046398845855,替钻井液(一段),0.13484040011624657,0.13484040011624657,493.3075903614457,98.66151807228914,233.19995180722887,0.17670682730915782,0.0844050498245672,3.1819636940890237,0.4708020596828588,0.0,0.12344583747594585,0.42469969737898744,0.0
5437.672463450665,90.62787439084443,替钻井液(一段),0.1353886066312124,0.1353886066312124,493.3075903614457,98.66151807228914,233.19995180722887,0.17670682730915782,0.08470299083221368,3.1788193903300286,0.47046916320646703,0.0,0.12398489556515133,0.4245026791694947,0.0
5438.717547026675,90.64529245044459,替钻井液(一段),0.1359369608250379,0.1359369608250379,493.3075903614457,98.66151807228914,233.19995180722887,0.17670682730915782,0.08500090251560531,3.1757104456056933,0.4701398044009619,0.0,0.12452373038561784,0.4243059087604165,0.0
5439.762205851533,90.66270343085888,替钻井液(一段),0.13648499675760947,0.13648499675760947,493.3075903614457,98.66151807228914,233.19995180722887,0.17670682730915782,0.08529853625889079,3.1726354894221562,0.46981384480311394,0.0,0.12506186884897286,0.4241093814903622,0.0
5440.80667811617,90.68011130193617,替钻井液(一段),0.13703283653386822,0.13703283653386822,502.27681927710836,98.66151807228914,233.19995180722887,0.18072289156618412,0.08559593833146635,3.241623866297159,0.47707894525410754,0.0,0.12559941635374372,0.4239133041501338,0.0
5441.851212209421,90.69752020349034,替钻井液(一段),0.13758060743948025,0.13758060743948025,502.27681927710836,98.66151807228914,233.19995180722887,0.18072289156618412,0.08589315690893264,3.23853270631232,0.4767555587725405,0.0,0.12613648342570005,0.4237176685000716,0.0
5442.8960664543265,90.71493444090544,替钻井液(一段),0.13812844140634872,0.13812844140634872,502.27681927710836,98.66151807228914,233.19995180722887,0.18072289156618412,0.08619024502923224,3.235466315928661,0.4764345660091124,0.0,0.12667318508816475,0.4235224618339578,0.0
5443.941509089676,90.73235848482794,替钻井液(一段),0.13867647557928767,0.13867647557928767,502.27681927710836,98.66151807228914,233.19995180722887,0.18072289156618412,0.08648725803189117,3.2324231840420863,0.4761158132849168,0.0,0.1272096414576207,0.42332766877001304,0.0
5444.987818586733,90.74979697644555,替钻井液(一段),0.1392248543407146,0.1392248543407146,511.246048192771,98.66151807228914,233.19995180722887,0.18473895582321045,0.08678425092788405,3.3011658614728456,0.48326916687057975,0.0,0.12774598032579493,0.42313327200059486,0.0
5446.03528389042,90.767254731507,替钻井液(一段),0.13977372604710028,0.13977372604710028,511.246048192771,107.6307469879518,233.19995180722887,0.18072289156618412,0.0870812862431633,3.2263988074270054,0.4754842177356883,0.0,0.12828233331771602,0.4229392496020536,0.0
5447.084204662114,90.78473674436856,替钻井液(一段),0.14032324485392345,0.14032324485392345,511.246048192771,107.6307469879518,233.19995180722887,0.18072289156618412,0.08737843242062224,3.2234130800941148,0.47517091197891426,0.0,0.12881883778701345,0.42274557712261185,0.0
5448.134535914817,90.80224226524696,替钻井液(一段),0.1408733854311064,0.1408733854311064,511.246048192771,107.6307469879518,233.19995180722887,0.18072289156618412,0.08767565988462943,3.22044089450227,0.47485884134419964,0.0,0.12935545598505846,0.42255222667458936,0.0
5449.185665657414,90.81976109429023,替钻井液(一段),0.14142382575631296,0.14142382575631296,520.2152771084336,107.6307469879518,233.19995180722887,0.18473895582321043,0.08797279139349597,3.288975138332757,0.4820077652507345,0.0,0.129891861984351,0.42235923394736147,0.0
5450.237900400777,90.83729834001295,替钻井液(一段),0.14197472170295525,0.14197472170295525,520.2152771084336,107.6307469879518,233.19995180722887,0.18473895582321043,0.08826989578103701,3.285945375380423,0.4816937913972186,0.0,0.13042819582444184,0.4221667395282957,0.0
5451.291558534503,90.85485930890837,替钻井液(一段),0.14252623779317394,0.14252623779317394,520.2152771084336,107.6307469879518,233.19995180722887,0.18473895582321043,0.08856704092367504,3.2829137227585345,0.4813794312285161,0.0,0.13096460655050107,0.42197471174630136,0.0
5452.346970462373,90.87244950770622,替钻井液(一段),0.1430785453339161,0.1430785453339161,520.2152771084336,107.6307469879518,233.19995180722887,0.18473895582321043,0.08886429560158027,3.279876107632925,0.4810642615649656,0.0,0.13150124994973458,0.42178311346263897,0.0
5453.404478906694,90.8900746484449,替钻井液(一段),0.14363182004558847,0.14363182004558847,529.1845060240963,107.6307469879518,233.19995180722887,0.18875502008023676,0.08916173634347953,3.3480654010280935,0.48809339372765725,0.0,0.1320382855942962,0.4215919038727046,0.0
5454.46443922608,90.907740653768,替钻井液(一段),0.1441862443033946,0.1441862443033946,529.1845060240963,107.6307469879518,233.19995180722887,0.18875502008023676,0.08945944360802462,3.3449414598458223,0.48777346056706483,0.0,0.13257587926774328,0.4214010412352045,0.0
5455.5272198603725,90.92545366433954,替钻井液(一段),0.14474200944537266,0.14474200944537266,529.1845060240963,116.59997590361444,242.16918072289153,0.18473895582321045,0.08975749668635317,3.2707006607523903,0.4801110937979467,0.0,0.13311420611449223,0.4212104807475911,0.0
5456.5930562470485,90.94321760411748,替钻井液(一段),0.14529923673901793,0.14529923673901793,529.1845060240963,116.59997590361444,242.16918072289153,0.18473895582321045,0.09005594063126707,3.267611295859126,0.4797897692322425,0.0,0.13365337330343605,0.4210201717454349,0.0
5457.661079835686,90.96101799726144,替钻井液(一段),0.1458574678200561,0.1458574678200561,529.1845060240963,116.59997590361444,242.16918072289153,0.18473895582321045,0.09035454183463686,3.26450027301014,0.47946599133180434,0.0,0.13419292747968503,0.4208300880518485,0.0
5458.731673581553,90.97886122635921,替钻井液(一段),0.14641690215108763,0.14641690215108763,538.1537349397589,116.59997590361444,242.16918072289153,0.18875502008023673,0.09065338511714194,3.332259349146125,0.48647258874916555,0.0,0.13473305382052594,0.4206404072719509,0.0
5459.805234529003,90.99675390881673,替钻井液(一段),0.1469777463604691,0.1469777463604691,538.1537349397589,116.59997590361444,242.16918072289153,0.18875502008023673,0.09095255891834046,3.3290196991712055,0.48613975112007224,0.0,0.1352739442754824,0.4204510710611787,0.0
5460.882174129422,91.01470290215704,替钻井液(一段),0.14754021140504991,0.14754021140504991,538.1537349397589,116.59997590361444,242.16918072289153,0.18875502008023673,0.09125216068246682,3.3257465782103584,0.48580325564273785,0.0,0.13581579371173305,0.4202620180662111,0.0
5461.962918529409,91.03271530882348,替钻井液(一段),0.1481045180798959,0.1481045180798959,538.1537349397589,116.59997590361444,242.16918072289153,0.18875502008023673,0.09155228836079685,3.3224374775071928,0.4854628372456239,0.0,0.13635880709218734,0.42007318784751585,0.0
5463.047908949295,91.05079848248825,替钻井液(一段),0.1486708964127143,0.1486708964127143,547.1229638554216,116.59997590361444,242.16918072289153,0.1927710843372631,0.09185304213045899,3.389708145828129,0.492339128016013,0.0,0.13690319836762718,0.41988451382644726,0.0
5464.1376020181715,91.06896003363619,替钻井液(一段),0.14923958240231555,0.14923958240231555,547.1229638554216,125.56920481927709,242.16918072289153,0.18875502008023676,0.09215452874478072,3.3156988755011585,0.4847689175143448,0.0,0.1374491863762806,0.4196959252515788,0.0
5465.231940901815,91.08719901503024,替钻井液(一段),0.1498105440132663,0.1498105440132663,547.1229638554216,125.56920481927709,242.16918072289153,0.18875502008023676,0.09245672456714094,3.312263167376503,0.4844147591265606,0.0,0.1379967329799116,0.4195073504194548,0.0
5466.330402017091,91.10550670028485,替钻井液(一段),0.15038350853443835,0.15038350853443835,547.1229638554216,125.56920481927709,242.16918072289153,0.18875502008023676,0.09275948340284319,3.308776858595984,0.484055135894895,0.0,0.13854557155413902,0.41931880829044466,0.0
5467.43170122275,91.12386168704583,替钻井液(一段),0.15095780692706215,0.15095780692706215,556.0921927710842,125.56920481927709,242.16918072289153,0.19277108433726306,0.09306246973375085,3.3755578397617327,0.4909003817630011,0.0,0.13909505857263407,0.41913039538641406,0.0
5468.535441999389,91.14225736665648,替钻井液(一段),0.15153323113402814,0.15153323113402814,556.0921927710842,125.56920481927709,242.16918072289153,0.19277108433726306,0.09336557964745379,3.3718739918431178,0.4905251544381328,0.0,0.13964499393138993,0.4189423387091616,0.0
5469.641468978288,91.16069114963813,替钻井液(一段),0.15210970186470885,0.15210970186470885,556.0921927710842,125.56920481927709,242.16918072289153,0.19277108433726306,0.09366876745769508,3.3681224162356327,0.4901427443113756,0.0,0.14019530312725467,0.41875470781265667,0.0
5470.749414222895,91.17915690371493,替钻井液(一段),0.15268702905155954,0.15268702905155954,556.0921927710842,125.56920481927709,251.13840963855418,0.19277108433726306,0.09397193497186002,3.364301789990703,0.48975300062139204,0.0,0.14074580710736107,0.41856752344759734,0.0
5471.859616801333,91.19766028002222,替钻井液(一段),0.15326538988522637,0.15326538988522637,565.0614216867469,134.53843373493973,251.13840963855418,0.1927710843372631,0.0942751669087474,3.3604104843899614,0.4893557406541611,0.0,0.14129667736992013,0.41838084153911476,0.0
5472.972427632125,91.21620712720208,替钻井液(一段),0.1538449686779788,0.1538449686779788,565.0614216867469,134.53843373493973,251.13840963855418,0.1927710843372631,0.09457855199733921,3.356449463095705,0.4889510458178281,0.0,0.14184809254887326,0.41819459660127256,0.0
5474.0882091968015,91.23480348661336,替钻井液(一段),0.15442595636072118,0.15442595636072118,565.0614216867469,134.53843373493973,251.13840963855418,0.1927710843372631,0.09488217830354552,3.3524191481552266,0.488538942102294,0.0,0.14240023778510497,0.4180087179449591,0.0
5475.207335437246,91.25345559062076,替钻井液(一段),0.15500854971279926,0.15500854971279926,565.0614216867469,134.53843373493973,251.13840963855418,0.1927710843372631,0.09518613797291783,3.3483195609918828,0.48811941429921557,0.0,0.14295330354475574,0.4178231332865838,0.0
5476.330191857171,91.27216986428617,替钻井液(一段),0.15559295017555916,0.15559295017555916,574.0306506024095,134.53843373493973,260.1076385542168,0.19678714859428936,0.09549053049962225,3.4138201011555296,0.49478137380426834,0.0,0.1435074843342267,0.41763776832465327,0.0
5477.457175601157,91.29095292668596,替钻井液(一段),0.1561793673175548,0.1561793673175548,574.0306506024095,134.53843373493973,269.07686746987946,0.19678714859428936,0.09579545384487623,3.4094918534733134,0.4943438421875008,0.0,0.14406298303283296,0.417452547275353,0.0
5478.588402238237,91.30980670397062,替钻井液(一段),0.15676786457222064,0.15676786457222064,574.0306506024095,134.53843373493973,269.07686746987946,0.19678714859428936,0.0961009358240994,3.4050908837958502,0.4938985707700967,0.0,0.14461986424794523,0.41726739130629886,0.0
5479.723301041755,91.32872168402925,替钻井液(一段),0.1573581468080535,0.1573581468080535,574.0306506024095,143.50766265060238,269.07686746987946,0.1927710843372631,0.09640683711854862,3.3312151011106272,0.48636532755075135,0.0,0.14517785418325577,0.41708226741462096,0.0
5480.862288899593,91.34770481499322,替钻井液(一段),0.15795043428516717,0.15795043428516717,582.9998795180721,143.50766265060238,278.0460963855421,0.19678714859428936,0.09671326436656043,3.396062565176181,0.4929838962299057,0.0,0.1457371676772835,0.4168972590813042,0.0
5482.0057946521565,91.3667632442026,替钻井液(一段),0.15854495446903957,0.15854495446903957,582.9998795180721,143.50766265060238,278.0460963855421,0.19678714859428936,0.09702032627998791,3.3914316157938043,0.492514085514004,0.0,0.14629802661251956,0.41671228159207957,0.0
5483.154258844559,91.38590431407599,替钻井液(一段),0.15914193983778085,0.15914193983778085,582.9998795180721,143.50766265060238,278.0460963855421,0.19678714859428936,0.0973281365403535,3.3867207142513363,0.49203571695920867,0.0,0.14686065712303917,0.4165272464509859,0.0
5484.30813340845,91.4051355568075,替钻井液(一段),0.1597416280475363,0.1597416280475363,582.9998795180721,143.50766265060238,278.0460963855421,0.19678714859428936,0.09763681195040358,3.381929686154965,0.4915487494585701,0.0,0.14742528971296268,0.4163420646664503,0.0
5485.467881359662,91.4244646893277,替钻井液(一段),0.1603442639933451,0.1603442639933451,591.9691084337348,143.50766265060238,278.0460963855421,0.20080321285131572,0.09794646935480864,3.4459783852099037,0.4980203394992314,0.0,0.1479921619161436,0.4161566475092692,0.0
5486.633976517868,91.44389960863114,替钻井液(一段),0.16095009779153696,0.16095009779153696,591.9691084337348,152.47689156626504,278.0460963855421,0.19678714859428936,0.0982572284101207,3.3721035117747755,0.4905485408277114,0.0,0.148561516052777,0.41597090246825835,0.0
5487.806521720551,91.46344202867586,替钻井液(一段),0.16155918574054617,0.16155918574054617,591.9691084337348,152.47689156626504,278.0460963855421,0.19678714859428936,0.09856911850818934,3.3670601712890598,0.4900344141458002,0.0,0.14913341209675476,0.41578473563060653,0.0
5488.985050800222,91.4830841800037,替钻井液(一段),0.16217128986624407,0.16217128986624407,591.9691084337348,152.47689156626504,278.0460963855421,0.19678714859428936,0.09888202740794239,3.3619278003322606,0.4895106788790581,0.0,0.14970763504970325,0.41559811603377994,0.0
5490.170058312059,91.50283430520099,替钻井液(一段),0.16278667171743047,0.16278667171743047,600.9383373493974,152.47689156626504,278.0460963855421,0.20080321285131567,0.09919608049664984,3.4252085949424482,0.495930800120988,0.0,0.15028443945219996,0.4154111031028487,0.0
5491.362047544352,91.52270079240587,替钻井液(一段),0.16340559673784383,0.16340559673784383,600.9383373493974,152.47689156626504,278.0460963855421,0.20080321285131567,0.09951140633917613,3.41978798482902,0.49538403127191877,0.0,0.15086408314891211,0.4152235994578123,0.0
5492.561529730633,91.54269216217722,替钻井液(一段),0.16402833420391819,0.16402833420391819,600.9383373493974,152.47689156626504,278.0460963855421,0.20080321285131567,0.0998281349178054,3.4142787523925375,0.4948277155083407,0.0,0.15144682701969167,0.41503550658419847,0.0
5493.769023073026,91.5628170512171,替钻井液(一段),0.16465515789252458,0.16465515789252458,600.9383373493974,161.4461204819277,287.01532530120477,0.19678714859428936,0.10014639592245418,3.34050905477501,0.48731918013916986,0.0,0.15203293633171217,0.4148467267504375,0.0
5494.985051660615,91.58308419434358,替钻井液(一段),0.16528634435858527,0.16528634435858527,609.9075662650602,161.4461204819277,287.01532530120477,0.20080321285131572,0.10046631962525078,3.4030014943274427,0.49368703797649993,0.0,0.15262267876050245,0.4146571600846353,0.0
5496.2101441466375,91.60350240244397,替钻井液(一段),0.16592217186161193,0.16592217186161193,609.9075662650602,161.4461204819277,287.01532530120477,0.20080321285131572,0.1007880386788518,3.3972366733675603,0.49310294060438065,0.0,0.15321632320556583,0.41446670684317977,0.0
5497.444351571117,91.62407252618529,替钻井液(一段),0.16656267134430466,0.16656267134430466,609.9075662650602,161.4461204819277,287.01532530120477,0.20080321285131572,0.10111156638886543,3.391389613574455,0.49250982238915864,0.0,0.15381390789971394,0.4142752673585628,0.0
5498.687333198823,91.64478888664705,替钻井液(一段),0.16720767071477782,0.16720767071477782,618.8767951807228,161.4461204819277,287.01532530120477,0.204819277108342,0.10143682146805158,3.4531698598295004,0.49874181532495554,0.0,0.15441528260893758,0.41408281935496616,0.0
5499.939624578378,91.66566040963964,替钻井液(一段),0.16785745249194456,0.16785745249194456,618.8767951807228,170.41534939759032,287.01532530120477,0.2008032128513157,0.10176393460537815,3.3794503326616647,0.49129656086042883,0.0,0.15502072134289702,0.413889402745778,0.0
5501.20175922363,91.6866959870605,替钻井液(一段),0.1685122976610921,0.1685122976610921,618.8767951807228,170.41534939759032,287.01532530120477,0.2008032128513157,0.10209303708856055,3.373361905534046,0.49067674280155305,0.0,0.15563049635667003,0.4136949177853948,0.0
5502.474266666318,91.70790444443863,替钻井液(一段),0.16917248521292869,0.16917248521292869,618.8767951807228,170.41534939759032,287.01532530120477,0.2008032128513157,0.10242425568345184,3.367198330176392,0.4900485052067026,0.0,0.15624487779723337,0.41349926641893453,0.0
5503.757670138847,91.72929450231412,替钻井液(一段),0.16983829048188348,0.16983829048188348,627.8460240963855,170.41534939759032,287.01532530120477,0.20481927710834202,0.10275771484019854,3.428181585576078,0.49623042963457487,0.0,0.15686413223514065,0.4133023523107746,0.0
5505.052484002454,91.75087473337423,替钻井液(一段),0.17050998478628043,0.17050998478628043,627.8460240963855,179.38457831325297,287.01532530120477,0.20080321285131572,0.10309353489132372,3.354656414269321,0.48876774580770144,0.0,0.15748852249423917,0.41310408133377297,0.0
5506.359210781102,91.77265351301837,替钻井液(一段),0.17118783242916458,0.17118783242916458,627.8460240963855,179.38457831325297,287.01532530120477,0.20080321285131572,0.1034318318479172,3.3482829718838993,0.4881156684347049,0.0,0.15811830448349384,0.41290436145629855,0.0
5507.670055097124,91.7945009182854,替钻井液(一段),0.1718677949925657,0.1718677949925657,636.8152530120481,179.38457831325297,287.01532530120477,0.204819277108342,0.10377074041171058,3.408678662654573,0.4942615965105447,0.0,0.1587497417194339,0.4127031045876541,0.0
5508.979910766012,91.8163318461002,替钻井液(一段),0.17254723006045858,0.17254723006045858,636.8152530120481,179.38457831325297,287.01532530120477,0.204819277108342,0.10410904457188841,3.4020265359975683,0.49358830154245226,0.0,0.1593804007892249,0.41250152967554277,0.0
5510.28849307446,91.83814155124101,替钻井液(一段),0.17322599406164732,0.17322599406164732,636.8152530120481,188.35380722891563,287.01532530120477,0.2008032128513157,0.10444668132962093,3.3287208223857596,0.4861090340221479,0.0,0.1600101687730176,0.4123004252166692,0.0
5511.596071456283,91.8599345242714,替钻井液(一段),0.17390422982141043,0.17390422982141043,636.8152530120481,188.35380722891563,287.01532530120477,0.2008032128513157,0.10478371765814984,3.32205984527939,0.4854239746150525,0.0,0.16063919712566066,0.41209982130794887,0.0
5512.902931222134,91.8817155203689,替钻井液(一段),0.17458208773237485,0.17458208773237485,645.7844819277108,188.35380722891563,295.9845542168674,0.20481927710834202,0.10512022243448084,3.3816592460319113,0.4915212475910633,0.0,0.1612676428382129,0.4118996632575632,0.0
5514.209371673554,91.90348952789257,替钻井液(一段),0.17525972451035515,0.17525972451035515,645.7844819277108,188.35380722891563,295.9845542168674,0.20481927710834202,0.10545626771189347,3.3747824722818582,0.49082142778372506,0.0,0.16189566744468667,0.4116998956884472,0.0
5515.515705765899,91.92526176276498,替钻井液(一段),0.17593730363747023,0.17593730363747023,645.7844819277108,197.32303614457828,295.9845542168674,0.20080321285131572,0.10579192663656509,3.3018442048360823,0.48333926630157054,0.0,0.16252343740714353,0.4115004640190834,0.0
5516.822259952405,91.94703766587342,替钻井液(一段),0.1766149951722351,0.1766149951722351,654.7537108433734,197.32303614457828,295.9845542168674,0.204819277108342,0.10612727391357145,3.360963622207917,0.4894122288598005,0.0,0.16315112419264,0.4113013135099126,0.0
5518.129374524662,91.96882290874437,替钻井液(一段),0.17729297552646128,0.17729297552646128,654.7537108433734,197.32303614457828,295.9845542168674,0.204819277108342,0.10646238754327564,3.3540365871978888,0.4887043667611902,0.0,0.16377890412166918,0.4111023891898403,0.0
5519.436861343781,91.99061435572968,替钻井液(一段),0.1779711473085598,0.1779711473085598,654.7537108433734,197.32303614457828,295.9845542168674,0.204819277108342,0.10679721762610256,3.3471053393632992,0.4879950919086511,0.0,0.16440669916227257,0.41090363597828355,0.0
5520.744181268245,92.01240302113742,替钻井液(一段),0.17864923068850386,0.17864923068850386,654.7537108433734,206.29226506024094,295.9845542168674,0.2008032128513157,0.10713163083285504,3.274679869342678,0.4805246784824556,0.0,0.16503426191010218,0.41070508283076945,0.0
5522.051677880829,92.03419463134715,替钻井液(一段),0.17932740242388162,0.17932740242388162,663.7229397590361,206.29226506024094,295.9845542168674,0.20481927710834202,0.1074657042248043,3.333244007945244,0.48657370864879423,0.0,0.16566176669139915,0.41050681369398534,0.0
5523.359711607542,92.05599519345903,替钻井液(一段),0.18000584817609916,0.18000584817609916,663.7229397590361,206.29226506024094,295.9845542168674,0.20481927710834202,0.10779951646125172,3.32632154620047,0.4858623815768457,0.0,0.16628939503099668,0.41030877805584604,0.0
5524.668659669232,92.0778109944872,替钻井液(一段),0.18068476199332728,0.18068476199332728,663.7229397590361,206.29226506024094,295.9845542168674,0.20481927710834202,0.10813314960843211,3.31940968139265,0.4851511601612466,0.0,0.16691733527671748,0.41011092342426253,0.0
5525.978916348773,92.09964860581289,替钻井液(一段),0.18136434578344687,0.18136434578344687,672.6921686746987,215.2614939759036,295.9845542168674,0.204819277108342,0.1084666912665808,3.312510488354554,0.4844402615050365,0.0,0.16754578221583463,0.40991319625870476,0.0
5527.290893955457,92.12151489925762,替钻井液(一段),0.18204481120648378,0.18204481120648378,672.6921686746987,215.2614939759036,295.9845542168674,0.204819277108342,0.10880023055677175,3.305625705933218,0.4837298692026877,0.0,0.16817493874887768,0.40971554229545465,0.0
5528.605023157215,92.14341705262025,替钻井液(一段),0.1827263793726224,0.1827263793726224,672.6921686746987,215.2614939759036,295.9845542168674,0.204819277108342,0.1091338612998034,3.298756494440162,0.48302010802115836,0.0,0.1688050157258126,0.4095179052028308,0.0
5529.92054547522,92.165342424587,替钻井液(一段),0.18340865404297688,0.18340865404297688,672.6921686746987,215.2614939759036,295.9845542168674,0.204819277108342,0.10946739956826113,3.2919030645823413,0.4823110050679277,0.0,0.16943565308770872,0.40932022729806494,0.0
5531.237512450395,92.18729187417325,替钻井液(一段),0.18409165934900296,0.18409165934900296,681.6613975903613,224.23072289156622,304.9537831325301,0.204819277108342,0.10980085019911817,3.285063356237151,0.4816023521327246,0.0,0.17006687868864687,0.4091226345400668,0.0
5532.556371084081,92.20927285140134,替钻井液(一段),0.18477562427548294,0.18477562427548294,681.6613975903613,224.23072289156622,304.9537831325301,0.204819277108342,0.11013431094382058,3.2782374547203217,0.48089416258132056,0.0,0.1706989089580877,0.40892512839343464,0.0
5533.8775888947075,92.23129314824513,替钻井液(一段),0.18546078765125174,0.18546078765125174,681.6613975903613,224.23072289156622,304.9537831325301,0.204819277108342,0.1104678865226861,3.2714251621094648,0.48018642038400783,0.0,0.17133196872365,0.40872765023646446,0.0
5535.200499303026,92.25334165505043,替钻井液(一段),0.1861468011021225,0.1861468011021225,690.630626506024,224.23072289156622,304.9537831325301,0.20883534136536835,0.11080141487988528,3.3286381605128414,0.4861005381139746,0.0,0.1719657400625391,0.4085301394384228,0.0
5536.523409711344,92.27539016185574,替钻井液(一段),0.1868327847095288,0.1868327847095288,690.630626506024,224.23072289156622,304.9537831325301,0.20883534136536835,0.11113449518291142,3.3217154039301438,0.4853885251419454,0.0,0.1725994141931394,0.40833270859308807,0.0
5537.846320119663,92.29743866866104,替钻井液(一段),0.1875187354716323,0.1875187354716323,690.630626506024,224.23072289156622,304.9537831325301,0.20883534136536835,0.11146712702121134,3.314798600610828,0.4846761392407445,0.0,0.17323299181542562,0.4081356255571659,0.0
5539.169230527981,92.31948717546635,替钻井液(一段),0.1882046510184206,0.1882046510184206,699.5998554216866,233.19995180722887,304.9537831325301,0.2088353413653683,0.11179930910293098,3.3078876809179234,0.48396337440465553,0.0,0.17386647370757946,0.407938899836557,0.0
5540.4921409363,92.34153568227165,替钻井液(一段),0.18889052927005812,0.18889052927005812,699.5998554216866,233.19995180722887,331.86146987951804,0.2088353413653683,0.11213103945657682,3.30098273560796,0.4832502411678573,0.0,0.1744998604500365,0.4077425403992114,0.0
5541.815051344618,92.36358418907697,替钻井液(一段),0.18957636733407232,0.18957636733407232,699.5998554216866,233.19995180722887,331.86146987951804,0.2088353413653683,0.11246231924441093,3.294083490085299,0.48253671230799866,0.0,0.17513315150984005,0.4075465554613137,0.0
5543.1379617529365,92.38563269588228,替钻井液(一段),0.19026216307264196,0.19026216307264196,699.5998554216866,233.19995180722887,331.86146987951804,0.2088353413653683,0.1127931491505374,3.287189286636821,0.4818227207443154,0.0,0.17576634668827026,0.40735095386174913,0.0
5544.460872161255,92.40768120268758,替钻井液(一段),0.19094791487885526,0.19094791487885526,708.5690843373493,233.19995180722887,340.83069879518064,0.21285140562239463,0.11312353005135727,3.3433813203599874,0.48761360665895004,0.0,0.1763994460004139,0.4071557435018312,0.0
5545.783782569573,92.42972970949289,替钻井液(一段),0.19163362056093097,0.19163362056093097,708.5690843373493,233.19995180722887,340.83069879518064,0.21285140562239463,0.11345346615075269,3.3363604162496663,0.4868936181331954,0.0,0.1770324487098745,0.40696093094167873,0.0
5547.106692977892,92.4517782162982,替钻井液(一段),0.19231927897787301,0.19231927897787301,708.5690843373493,233.19995180722887,340.83069879518064,0.21285140562239463,0.11378296179533796,3.3293404586158393,0.48617271516831795,0.0,0.1776653548522955,0.40676652326180374,0.0
5548.42960338621,92.4738267231035,替钻井液(一段),0.19300488936999807,0.19300488936999807,717.5383132530119,233.19995180722887,340.83069879518064,0.21686746987942093,0.11411202026807592,3.385005472311347,0.4918614307381567,0.0,0.17829816466410756,0.406572525932918,0.0
5549.752513794529,92.4958752299088,替钻井液(一段),0.19369045056577067,0.19369045056577067,717.5383132530119,242.16918072289153,340.83069879518064,0.21285140562239463,0.11444064850545514,3.3152983822167723,0.48472764654380374,0.0,0.178930877898974,0.40637894366261046,0.0
5551.075424202847,92.51792373671411,替钻井液(一段),0.19437596199043658,0.19437596199043658,717.5383132530119,242.16918072289153,340.83069879518064,0.21285140562239463,0.11476885260666733,3.3082733022252513,0.4840031718136011,0.0,0.17956349479688796,0.40618578061834804,0.0
5552.398334611165,92.53997224351943,替钻井液(一段),0.19506142387319056,0.19506142387319056,717.5383132530119,242.16918072289153,340.83069879518064,0.21285140562239463,0.11509663853225355,3.3012436663011733,0.48327720763877124,0.0,0.18019601635384477,0.4059930401932842,0.0
5553.721245019484,92.56202075032473,替钻井液(一段),0.19574683607390408,0.19574683607390408,726.5075421686746,242.16918072289153,340.83069879518064,0.216867469879421,0.11542401497254454,3.356363455100292,0.4889422548829978,0.0,0.18082844320152536,0.4058007242625117,0.0
5555.044155427802,92.58406925713004,替钻井液(一段),0.19643219913837343,0.19643219913837343,726.5075421686746,242.16918072289153,340.83069879518064,0.216867469879421,0.11575099154470765,3.3491893388970593,0.4882084510394784,0.0,0.18146077670738014,0.4056088345938817,0.0
5556.367065836121,92.60611776393534,替钻井液(一段),0.1971175141134974,0.1971175141134974,726.5075421686746,242.16918072289153,340.83069879518064,0.216867469879421,0.11607757588117128,3.342008367158799,0.4874728908324132,0.0,0.18209301877106113,0.4054173713549995,0.0
5557.689976244439,92.62816627074065,替钻井液(一段),0.1978027816785483,0.1978027816785483,735.4767710843372,242.16918072289153,340.83069879518064,0.22088353413644726,0.11640377852069007,3.396576173308564,0.4930359750738772,0.0,0.18272517101450272,0.4052263342636078,0.0
5559.0128866527575,92.65021477754595,替钻井液(一段),0.19848800306757983,0.19848800306757983,735.4767710843372,242.16918072289153,349.7999277108433,0.22088353413644726,0.11672960993553204,3.389247608304767,0.492292366486364,0.0,0.18335723573193569,0.40503572172866537,0.0
5560.335797061076,92.67226328435126,替钻井液(一段),0.199173180207899,0.199173180207899,735.4767710843372,242.16918072289153,349.7999277108433,0.22088353413644726,0.11705507920133443,3.3819113517295225,0.4915468850228428,0.0,0.18398921603954752,0.4048455319036047,0.0
5561.658707469394,92.69431179115658,替钻井液(一段),0.199858314618228,0.199858314618228,735.4767710843372,242.16918072289153,349.7999277108433,0.22088353413644726,0.11738019827133726,3.374567582432164,0.4907995438520948,0.0,0.18462111481479826,0.4046557614011383,0.0
5562.981617877713,92.71636029796188,替钻井液(一段),0.20054340821895436,0.20054340821895436,744.4459999999999,242.16918072289153,349.7999277108433,0.22489959839347362,0.1177049781685105,3.4284391326657913,0.4962563778436272,0.0,0.18525293548640692,0.40446640691416724,0.0
5564.304528286031,92.73840880476719,替钻井液(一段),0.2012284635068358,0.2012284635068358,744.4459999999999,251.13840963855418,349.7999277108433,0.22088353413644726,0.11802942822092224,3.3598606586380124,0.4892995844938328,0.0,0.18588468223574772,0.40427746432390715,0.0
5565.62743869435,92.7604573115725,替钻井液(一段),0.20191348246782687,0.20191348246782687,744.4459999999999,251.13840963855418,349.7999277108433,0.22088353413644726,0.11835355874900533,3.352499852991219,0.4885471975118274,0.0,0.18651635888261486,0.4040889277969291,0.0
5566.950349102668,92.7825058183778,替钻井液(一段),0.2025984672587045,0.2025984672587045,753.4152289156625,251.13840963855418,349.7999277108433,0.22489959839347357,0.11867738046488074,3.4059560081769593,0.4939861313319487,0.0,0.18714796964970137,0.40390079237319976,0.0
5568.2732595109865,92.8045543251831,替钻井液(一段),0.2032834209963413,0.2032834209963413,753.4152289156625,251.13840963855418,349.7999277108433,0.22489959839347357,0.11900090229571049,3.398455663753539,0.493226506069674,0.0,0.1877795198438612,0.40371305218649084,0.0
5569.596169919305,92.82660283198841,替钻井液(一段),0.2039683460004826,0.2039683460004826,753.4152289156625,251.13840963855418,349.7999277108433,0.22489959839347357,0.11932413546468687,3.3909555213019544,0.4924657609636197,0.0,0.18841101420292006,0.40352570010654143,0.0
5570.919080327623,92.84865133879372,替钻井液(一段),0.20465324472465693,0.20465324472465693,753.4152289156625,251.13840963855418,349.7999277108433,0.22489959839347357,0.11964708894743102,3.383457246229095,0.49170406369817254,0.0,0.18904245766199723,0.4033387299598295,0.0
5572.241990735942,92.87069984559903,替钻井液(一段),0.20533811997777515,0.20533811997777515,762.3844578313252,251.13840963855418,349.7999277108433,0.2289156626504999,0.11996977036116536,3.436248407859409,0.49704253826399736,0.0,0.1896738557461018,0.40315213469729244,0.0
5573.56490114426,92.89274835240434,替钻井液(一段),0.20602297429542876,0.20602297429542876,762.3844578313252,251.13840963855418,349.7999277108433,0.2289156626504999,0.12029218715385513,3.4286280392291237,0.4962754095793954,0.0,0.19030521375409443,0.40296590695397483,0.0
5574.887811552579,92.91479685920964,替钻井液(一段),0.2067078097399075,0.2067078097399075,762.3844578313252,251.13840963855418,349.7999277108433,0.2289156626504999,0.1206143488746434,3.421018111097347,0.495508164273076,0.0,0.19093653670144228,0.40278003956842495,0.0
5576.210721960897,92.93684536601495,替钻井液(一段),0.2073926293543822,0.2073926293543822,771.3536867469878,251.13840963855418,349.7999277108433,0.2329317269075262,0.12093626074431993,3.4733064672794915,0.500756483602665,0.0,0.19156783058323057,0.4025945257779661,0.0
5577.533632369215,92.95889387282025,替钻井液(一段),0.2080774353442759,0.2080774353442759,771.3536867469878,251.13840963855418,358.76915662650595,0.2329317269075262,0.12125792911658377,3.4655943333410786,0.49998584285371417,0.0,0.19219910069695623,0.40240935844402037,0.0
5578.856542777534,92.98094237962556,替钻井液(一段),0.20876222945236006,0.20876222945236006,771.3536867469878,260.1076385542168,358.76915662650595,0.2289156626504999,0.12157935968833931,3.39828408335121,0.4932091152912883,0.0,0.19283035175520902,0.4022245302796455,0.0
5580.179453185852,93.00299088643087,替钻井液(一段),0.2094470135717371,0.2094470135717371,780.3229156626504,260.1076385542168,358.76915662650595,0.2329317269075262,0.12190055687807969,3.4502363651759556,0.4984476413966713,0.0,0.1934615888070758,0.4020400353497402,0.0
5581.502363594171,93.02503939323618,替钻井液(一段),0.21013179008817823,0.21013179008817823,780.3229156626504,260.1076385542168,358.76915662650595,0.2329317269075262,0.1222215235840148,3.442597701233496,0.49768081781166573,0.0,0.19409281728306813,0.4018558670460247,0.0
5582.825274002489,93.04708790004149,替钻井液(一段),0.21081655989303583,0.21081655989303583,780.3229156626504,260.1076385542168,358.76915662650595,0.2329317269075262,0.12254226422032095,3.434990701459612,0.4969160077871553,0.0,0.19472404106995014,0.40167201975617717,0.0
5584.1481844108075,93.0691364068468,替钻井液(一段),0.21150132455642734,0.21150132455642734,780.3229156626504,260.1076385542168,358.76915662650595,0.2329317269075262,0.12286277968594893,3.427418901381166,0.49615358035571167,0.0,0.1953552645658268,0.4014884884564035,0.0
5585.471094819126,93.0911849136521,替钻井液(一段),0.21218608507770237,0.21218608507770237,789.2921445783131,260.1076385542168,358.76915662650595,0.23694779116455253,0.12318307120607185,3.4788493040357453,0.5013096220130285,0.0,0.19598649158971934,0.40130526812344275,0.0
5586.794005227444,93.1132334204574,替钻井液(一段),0.21287084274372636,0.21287084274372636,789.2921445783131,260.1076385542168,358.76915662650595,0.23694779116455253,0.12350313881304918,3.4712289869939106,0.5005490067901472,0.0,0.196617726011227,0.40112235493777726,0.0
5588.116915635763,93.13528192726271,替钻井液(一段),0.21355559748970737,0.21355559748970737,789.2921445783131,260.1076385542168,358.76915662650595,0.23694779116455253,0.12382298377606718,3.4636546128741936,0.49979182768375807,0.0,0.19724897019140808,0.4009397451833033,0.0
5589.439826044081,93.15733043406802,替钻井液(一段),0.2142403499970329,0.2142403499970329,798.2613734939757,260.1076385542168,358.76915662650595,0.24096385542157883,0.12414260421328234,3.5147076763991514,0.5048732731197065,0.0,0.19788022699267035,0.4007574365893353,0.0
5590.7627364524,93.17937894087332,替钻井液(一段),0.21492510010251842,0.21492510010251842,798.2613734939757,269.07686746987946,358.76915662650595,0.2369477911645525,0.12446199835640376,3.4486556049113695,0.4982890495206007,0.0,0.19851149829637782,0.40057542694355863,0.0
5592.085646860718,93.20142744767864,替钻井液(一段),0.21560984780409692,0.21560984780409692,798.2613734939757,269.07686746987946,358.76915662650595,0.2369477911645525,0.12478116360295134,3.4412363167122146,0.49754402927845676,0.0,0.19914278578958194,0.4003937148321652,0.0
5593.4085572690365,93.22347595448394,替钻井液(一段),0.2162945923702329,0.2162945923702329,798.2613734939757,269.07686746987946,358.76915662650595,0.2369477911645525,0.12510009767115313,3.433873561490143,0.49680359218208614,0.0,0.19977409012119346,0.4002122999233271,0.0
5594.731467677355,93.24552446128925,替钻井液(一段),0.21697933322319224,0.21697933322319224,807.2306024096384,269.07686746987946,367.7383855421686,0.2409638554215789,0.1254187970098843,3.4846467197299984,0.5018875100073759,0.0,0.20040541181651902,0.4000311824846689,0.0
5596.054378085673,93.26757296809456,替钻井液(一段),0.2176640696453296,0.2176640696453296,807.2306024096384,269.07686746987946,367.7383855421686,0.2409638554215789,0.12573725729051513,3.4772797356189993,0.5011530517061287,0.0,0.2010367509433743,0.39985036350540876,0.0
5597.377288493992,93.28962147489986,替钻井液(一段),0.21834880041381322,0.21834880041381322,807.2306024096384,269.07686746987946,367.7383855421686,0.2409638554215789,0.1260554741882097,3.4699751635741483,0.5004237464149024,0.0,0.2016681067286511,0.3996698444308331,0.0
5598.70019890231,93.31166998170517,替钻井液(一段),0.21903352410013438,0.21903352410013438,816.199831325301,278.0460963855421,367.7383855421686,0.24096385542157883,0.12637344302831405,3.462733954043886,0.4996997149894148,0.0,0.20229947774909893,0.39948962773911934,0.0
5600.023109310629,93.33371848851047,替钻井液(一段),0.21971823895702128,0.21971823895702128,816.199831325301,278.0460963855421,367.7383855421686,0.24096385542157883,0.1266911593579232,3.4555566979807666,0.4989810426524848,0.0,0.20293086201196772,0.3993097166783841,0.0
5601.346019718947,93.35576699531579,替钻井液(一段),0.22040294365756388,0.22040294365756388,816.199831325301,278.0460963855421,367.7383855421686,0.24096385542157883,0.12700861781068148,3.4484436182242084,0.4982677778612121,0.0,0.20356225750001086,0.3991301147792384,0.0
5602.668930127265,93.3778155021211,替钻井液(一段),0.2210876364545442,0.2210876364545442,816.199831325301,278.0460963855421,367.7383855421686,0.24096385542157883,0.12732581316172495,3.441394554860091,0.49755993056727577,0.0,0.20419366142328746,0.3989508264018155,0.0
5603.991840535584,93.3998640089264,替钻井液(一段),0.22177231566246886,0.22177231566246886,825.1690602409637,278.0460963855421,367.7383855421686,0.24497991967860516,0.1276427400276559,3.491649123868497,0.5025846187420002,0.0,0.20482507066938396,0.398771856134247,0.0
5605.314750943902,93.4219125157317,替钻井液(一段),0.22245697929713407,0.22245697929713407,825.1690602409637,278.0460963855421,367.7383855421686,0.24497991967860516,0.12795939391562836,3.4846108045923634,0.5018839320387984,0.0,0.20545648142367717,0.3985932091253778,0.0
5606.637661352221,93.44396102253701,替钻井液(一段),0.2231416255793697,0.2231416255793697,825.1690602409637,287.01532530120477,367.7383855421686,0.2409638554215789,0.12827576946263708,3.420624542716235,0.4954684523031446,0.0,0.20608788971580916,0.39841489136657954,0.0
5607.960571760539,93.46600952934232,替钻井液(一段),0.22382625266396736,0.22382625266396736,834.1382891566263,287.01532530120477,367.7383855421686,0.24497991967860516,0.1285918624998571,3.4707200279478676,0.5004981641823008,0.0,0.20671929120686441,0.3982369083640181,0.0
5609.2834821688575,93.48805803614762,替钻井液(一段),0.22451085909005003,0.22451085909005003,834.1382891566263,287.01532530120477,376.70761445783126,0.24497991967860516,0.1289076679446853,3.4638641500011587,0.4998127896811857,0.0,0.20735068153248762,0.39805926662976393,0.0
5610.606392577176,93.51010654295293,替钻井液(一段),0.22519544315253584,0.22519544315253584,834.1382891566263,287.01532530120477,376.70761445783126,0.24497991967860516,0.12922318213111517,3.457065170740746,0.49913217454338277,0.0,0.2079820558227068,0.3978819723743465,0.0
5611.929302985494,93.53215504975825,替钻井液(一段),0.22588000344572326,0.22588000344572326,834.1382891566263,287.01532530120477,376.70761445783126,0.24497991967860516,0.1295384015659802,3.450320721614547,0.49845610315943845,0.0,0.2086134091858501,0.3977050318281946,0.0
5613.252213393813,93.55420355656355,替钻井液(一段),0.2265645385602547,0.2265645385602547,843.107518072289,287.01532530120477,376.70761445783126,0.24899598393563147,0.12985332254847665,3.5000810890119567,0.503422749665613,0.0,0.20924473642824618,0.39752845183533764,0.0
5614.575123802131,93.57625206336886,替钻井液(一段),0.22724904685556982,0.22724904685556982,843.107518072289,287.01532530120477,376.70761445783126,0.24899598393563147,0.1301679432138226,3.493328784129501,0.5027516884482166,0.0,0.20987603192776924,0.3973522387325609,0.0
5615.89803421045,93.59830057017416,替钻井液(一段),0.22793352743309017,0.22793352743309017,843.107518072289,287.01532530120477,376.70761445783126,0.24899598393563147,0.13048226006459024,3.4866230856430347,0.5020843616089492,0.0,0.21050729053465883,0.3971763988488612,0.0
5617.220944618768,93.62034907697947,替钻井液(一段),0.2286179792465497,0.2286179792465497,852.0767469879517,295.9845542168674,376.70761445783126,0.24899598393563147,0.1307962717457702,3.479960662661353,0.5014204544657287,0.0,0.21113850677218926,0.3970009388289909,0.0
5618.5438550270865,93.64239758378477,替钻井液(一段),0.22930240165065072,0.22930240165065072,852.0767469879517,295.9845542168674,376.70761445783126,0.24899598393563147,0.13110997681011125,3.4733385953768328,0.5007596915412169,0.0,0.2117696753579565,0.39682586454536506,0.0
5619.866765435405,93.66444609059008,替钻井液(一段),0.22998679416415754,0.22998679416415754,852.0767469879517,295.9845542168674,376.70761445783126,0.24899598393563147,0.13142337331890247,3.466753789551387,0.5001017783149347,0.0,0.21240079107981175,0.3966511817151518,0.0
5621.189675843723,93.6864945973954,替钻井液(一段),0.23067115592221135,0.23067115592221135,852.0767469879517,295.9845542168674,385.6768433734939,0.24899598393563147,0.13173646204414477,3.4602033237743264,0.49944643589022264,0.0,0.21303184829567567,0.39647689627054605,0.0
5622.512586252042,93.7085431042007,替钻井液(一段),0.2313554868131606,0.2313554868131606,861.0459759036144,295.9845542168674,385.6768433734939,0.2530120481926578,0.13204924199355692,3.5093874272149956,0.5043461532155687,0.0,0.21366284198068466,0.3963030135577496,0.0
5623.83549666036,93.730591611006,替钻井液(一段),0.23203978678855094,0.23203978678855094,861.0459759036144,295.9845542168674,385.6768433734939,0.2530120481926578,0.13236171311259626,3.5027891765860946,0.5036916317796547,0.0,0.21429376713686507,0.3961295381767697,0.0
5625.158407068679,93.75264011781131,替钻井液(一段),0.23272405559461595,0.23272405559461595,861.0459759036144,295.9845542168674,385.6768433734939,0.2530120481926578,0.13267387801250102,3.4962147424330987,0.5030386132136946,0.0,0.214924618569631,0.3959564752857229,0.0
5626.481317476997,93.77468862461662,替钻井液(一段),0.23340829392973478,0.23340829392973478,870.015204819277,295.9845542168674,385.6768433734939,0.2570281124496841,0.13298573717178633,3.5450515413081947,0.5078689854789193,0.0,0.21555539202661703,0.3957838291459327,0.0
5627.804227885315,93.79673713142192,替钻井液(一段),0.23409250209661708,0.23409250209661708,870.015204819277,295.9845542168674,385.6768433734939,0.2570281124496841,0.13329729228616355,3.5384096632700923,0.5072148162484462,0.0,0.2161860829749307,0.3956116030547738,0.0
5629.127138293634,93.81878563822723,替钻井液(一段),0.2347766806019918,0.2347766806019918,870.015204819277,295.9845542168674,385.6768433734939,0.2570281124496841,0.1336085451640859,3.531781640015074,0.5065611447576559,0.0,0.21681668713910263,0.3954398010521502,0.0
5630.450048701952,93.84083414503253,替钻井液(一段),0.2354608307064427,0.2354608307064427,870.015204819277,304.9537831325301,385.6768433734939,0.25301204819265777,0.13391949727902405,3.4700840569042777,0.5004346264008075,0.0,0.21744720108531437,0.39526842575600846,0.0
5631.772959110271,93.86288265183785,替钻井液(一段),0.2361449528683416,0.2361449528683416,878.9844337349396,304.9537831325301,385.6768433734939,0.25702811244968404,0.13423015151079576,3.5185562811788746,0.5052542359009075,0.0,0.21807762088344035,0.39509747943373885,0.0
5633.095869518589,93.88493115864316,替钻井液(一段),0.23682904807443958,0.23682904807443958,878.9844337349396,304.9537831325301,385.6768433734939,0.25702811244968404,0.13454051029241684,3.5119533097135207,0.5046004458676396,0.0,0.21870794328955306,0.3949269645754961,0.0
5634.4187799269075,93.90697966544846,替钻井液(一段),0.23751311778162817,0.23751311778162817,878.9844337349396,304.9537831325301,394.64607228915656,0.25702811244968404,0.1348505751425029,3.505352928823851,0.5039460488857666,0.0,0.2193381657436565,0.3947568823789079,0.0
5635.741690335226,93.92902817225377,替钻井液(一段),0.23819716330185847,0.23819716330185847,887.9536626506023,304.9537831325301,394.64607228915656,0.26104417670671043,0.1351603506680266,3.5534210568649196,0.5086920760362048,0.0,0.21996828580672087,0.3945872338381439,0.0
5637.064600743544,93.95107667905907,替钻井液(一段),0.2388811862730391,0.2388811862730391,887.9536626506023,304.9537831325301,394.64607228915656,0.26104417670671043,0.13546983920128886,3.546716612922263,0.5080328448701794,0.0,0.22059830166187852,0.3944180197868816,0.0
5638.387511151863,93.97312518586438,替钻井液(一段),0.23956518863042905,0.23956518863042905,887.9536626506023,304.9537831325301,394.64607228915656,0.26104417670671043,0.13577904241146355,3.540009068716114,0.5073724237006028,0.0,0.22122821210626203,0.39424924004596706,0.0
5639.710421560181,93.99517369266968,替钻井液(一段),0.24024917184771025,0.24024917184771025,887.9536626506023,304.9537831325301,394.64607228915656,0.26104417670671043,0.13608796416625016,3.533296979362443,0.5067106675613067,0.0,0.22185801586295312,0.3940808937536706,0.0
5641.0333319685,94.017222199475,替钻井液(一段),0.24093313795631668,0.24093313795631668,896.9228915662649,304.9537831325301,394.64607228915656,0.2650602409637367,0.13639660890309893,3.5808336061103176,0.5113783061980712,0.0,0.22248771256718874,0.39391298011172676,0.0
5642.356242376818,94.0392707062803,替钻井液(一段),0.24161708909407262,0.24161708909407262,896.9228915662649,304.9537831325301,394.64607228915656,0.2650602409637367,0.13670497890601516,3.574003799532028,0.5107104118112482,0.0,0.22311730237260494,0.39374549757279376,0.0
5643.6791527851365,94.06131921308561,替钻井液(一段),0.24230102707439616,0.24230102707439616,896.9228915662649,304.9537831325301,394.64607228915656,0.2650602409637367,0.13701307710328692,3.5671647933934145,0.510040703001958,0.0,0.22374678552068308,0.3935784436172655,0.0
5645.002063193455,94.08336771989092,替钻井液(一段),0.24298495359057984,0.24298495359057984,905.8921204819276,313.92301204819273,394.64607228915656,0.2650602409637367,0.137320909255825,3.560315892725315,0.5093691066259705,0.0,0.22437616262620205,0.3934118159577804,0.0
5646.324973601773,94.10541622669622,替钻井液(一段),0.2436688710517804,0.2436688710517804,905.8921204819276,313.92301204819273,403.6153012048192,0.2650602409637367,0.13762847791181437,3.55345660878967,0.5086955694122537,0.0,0.2250054354117654,0.393245611655587,0.0
5647.647884010092,94.12746473350153,替钻井液(一段),0.24435278186288778,0.24435278186288778,905.8921204819276,313.92301204819273,403.6153012048192,0.2650602409637367,0.13793578484835206,3.5465866426786254,0.5080200564857663,0.0,0.2256346060691959,0.39307982675097475,0.0
5648.97079441841,94.14951324030683,替钻井液(一段),0.24503668776387172,0.24503668776387172,905.8921204819276,313.92301204819273,403.6153012048192,0.2650602409637367,0.13824283508369745,3.5397060142557057,0.5073425641988428,0.0,0.22626367663029032,0.3929144572211391,0.0
5650.293704826729,94.17156174711214,替钻井液(一段),0.2457205909595764,0.2457205909595764,914.8613493975902,313.92301204819273,403.6153012048192,0.26907630522076303,0.13854963224674502,3.586342137255017,0.5119163273366893,0.0,0.22689265017054727,0.3927494983632445,0.0
5651.616615235047,94.19361025391746,替钻井液(一段),0.246404493444986,0.246404493444986,914.8613493975902,313.92301204819273,403.6153012048192,0.26907630522076303,0.13885617896764246,3.5793355967030505,0.5112318922874429,0.0,0.22752153007365095,0.39258494493039764,0.0
5652.939525643365,94.21565876072276,替钻井液(一段),0.2470883974859656,0.2470883974859656,914.8613493975902,313.92301204819273,403.6153012048192,0.26907630522076303,0.13916247834140624,3.5723186293021043,0.5105454767688817,0.0,0.22815032041742966,0.39242079161358917,0.0
5654.262436051684,94.23770726752807,替钻井液(一段),0.2477723045577808,0.2477723045577808,923.8305783132529,313.92301204819273,403.6153012048192,0.27309236947778937,0.13946853688837987,3.618505009171505,0.5150458855172433,0.0,0.2287790251648499,0.39225703161481623,0.0
5655.585346460002,94.25975577433337,替钻井液(一段),0.24845621677254257,0.24845621677254257,923.8305783132529,313.92301204819273,412.5845301204819,0.27309236947778937,0.13977435720533551,3.6113636798051942,0.5143527472303795,0.0,0.22940764940626676,0.3920936587773944,0.0
5656.908256868321,94.28180428113868,替钻井液(一段),0.2491401359491778,0.2491401359491778,923.8305783132529,322.8922409638554,412.5845301204819,0.26907630522076303,0.1400799440288088,3.5512103465130354,0.5084748001036352,0.0,0.2300361985649588,0.391930665941635,0.0
5658.231167276639,94.30385278794398,替钻井液(一段),0.249824064004903,0.249824064004903,923.8305783132529,322.8922409638554,412.5845301204819,0.26907630522076303,0.14038530040559163,3.544157354219422,0.5077809661687471,0.0,0.23066467868186374,0.3917680449197738,0.0
5659.5540776849575,94.32590129474929,替钻井液(一段),0.25050800170733006,0.25050800170733006,932.7998072289155,322.8922409638554,412.5845301204819,0.2730923694777893,0.1406904323132366,3.5898898131880967,0.5122625170450432,0.0,0.23129309531780068,0.39160578772108584,0.0
5660.876988093276,94.3479498015546,替钻井液(一段),0.25119195111336307,0.25119195111336307,932.7998072289155,322.8922409638554,412.5845301204819,0.2730923694777893,0.14099534398738747,3.582718260319302,0.5115624480778792,0.0,0.23192145575629083,0.391443885953294,0.0
5662.199898501594,94.36999830835991,替钻井液(一段),0.2518759135008711,0.2518759135008711,932.7998072289155,322.8922409638554,412.5845301204819,0.2730923694777893,0.14130003959787618,3.5755414551899403,0.5108608604569685,0.0,0.2325497671342836,0.39128232996373163,0.0
5663.522808909913,94.39204681516522,替钻井液(一段),0.2525598903301497,0.2525598903301497,941.7690361445782,322.8922409638554,421.5537590361445,0.2771084337348157,0.14160452368924273,3.6208360094860583,0.5152719184635431,0.0,0.23317803732655,0.3911211104538812,0.0
5664.845719318231,94.41409532197052,替钻井液(一段),0.25324388262485803,0.25324388262485803,941.7690361445782,331.86146987951804,421.5537590361445,0.27309236947778937,0.14190880164435593,3.561175462439306,0.5094534456675727,0.0,0.23380627446069188,0.39096021685141563,0.0
5666.16862972655,94.43614382877583,替钻井液(一段),0.253927891233781,0.253927891233781,941.7690361445782,331.86146987951804,430.5229879518072,0.27309236947778937,0.1422128789546301,3.5539889626169634,0.508747876186431,0.0,0.2344344869364998,0.39079963854116495,0.0
5667.491540134868,94.45819233558113,替钻井液(一段),0.25461191761175805,0.25461191761175805,941.7690361445782,331.86146987951804,430.5229879518072,0.27309236947778937,0.14251676066626404,3.5468018540412016,0.5080412319648435,0.0,0.23506268432271307,0.3906393645217433,0.0
5668.8144505431865,94.48024084238644,替钻井液(一段),0.25529596287918727,0.25529596287918727,950.7382650602408,331.86146987951804,439.4922168674698,0.27710843373481564,0.14282045178863273,3.591668595106882,0.5124360019071987,0.0,0.23569087639546538,0.3904793825976835,0.0
5670.137360951505,94.50228934919174,替钻井液(一段),0.2559800275657866,0.2559800275657866,950.7382650602408,331.86146987951804,439.4922168674698,0.27710843373481564,0.1431239584972431,3.5843786569999025,0.5117246211672014,0.0,0.2363190730596665,0.39031968051456367,0.0
5671.460271359823,94.52433785599706,替钻井液(一段),0.25666411270097517,0.25666411270097517,950.7382650602408,331.86146987951804,439.4922168674698,0.27710843373481564,0.1434272850195995,3.577092409941702,0.5110125634618519,0.0,0.23694728503730567,0.39016024542601874,0.0
5672.783181768142,94.54638636280237,替钻井液(一段),0.25734821871343255,0.25734821871343255,959.7074939759034,340.83069879518064,439.4922168674698,0.27710843373481564,0.14373043753350453,3.5698116618665368,0.5103000059250966,0.0,0.23757552312372346,0.39000106384491773,0.0
5674.10609217646,94.56843486960767,替钻井液(一段),0.25803234688429677,0.25803234688429677,959.7074939759034,340.83069879518064,439.4922168674698,0.27710843373481564,0.14403341951650012,3.562537968135868,0.5095871019509421,0.0,0.23820379934058064,0.3898421220905467,0.0
5675.429002584779,94.59048337641298,替钻井液(一段),0.2587164968253061,0.2587164968253061,959.7074939759034,340.83069879518064,439.4922168674698,0.27710843373481564,0.1443362389069761,3.5552730249465614,0.5088740196574346,0.0,0.23883212475850205,0.38968340519924294,0.0
5676.751912993097,94.61253188321828,替钻井液(一段),0.25940066997993655,0.25940066997993655,959.7074939759034,340.83069879518064,448.46144578313243,0.27710843373481564,0.1446388981644615,3.5480186371814035,0.5081609388254477,0.0,0.23946051247876776,0.3895248987599523,0.0
5678.074823401415,94.63458039002359,替钻井液(一段),0.2600848667106567,0.2600848667106567,968.6767228915661,340.83069879518064,448.46144578313243,0.28112449799184197,0.14494140332696664,3.592092249436459,0.5124773118768069,0.0,0.2400889751355015,0.3893665868675381,0.0
5679.397733809734,94.65662889682889,替钻井液(一段),0.2607690868381708,0.2607690868381708,968.6767228915661,340.83069879518064,448.46144578313243,0.28112449799184197,0.1452437608052168,3.5847598784422687,0.5117618479568564,0.0,0.2407175253733808,0.38920845372772106,0.0
5680.720644218052,94.67867740363421,替钻井液(一段),0.2614533308568498,0.2614533308568498,968.6767228915661,349.7999277108433,448.46144578313243,0.2771084337348157,0.1455459751230351,3.5263379363400156,0.5060236252191034,0.0,0.24134617689672988,0.3890504834798531,0.0
5682.043554626371,94.70072591043952,替钻井液(一段),0.26213759932441344,0.26213759932441344,977.6459518072287,349.7999277108433,448.46144578313243,0.28112449799184197,0.14584805013198698,3.5701472266934786,0.5103328700410332,0.0,0.24197494369280176,0.3888926591962372,0.0
5683.366465034689,94.72277441724482,替钻井液(一段),0.2628218927638936,0.2628218927638936,977.6459518072287,349.7999277108433,448.46144578313243,0.28112449799184197,0.14614998994077585,3.562870798728192,0.5096197457475129,0.0,0.2426038402555823,0.3887349635582591,0.0
5684.6893754430075,94.74482292405013,替钻井液(一段),0.2635062111875599,0.2635062111875599,977.6459518072287,349.7999277108433,448.46144578313243,0.28112449799184197,0.14645179920054097,3.5556171057998944,0.5089078159038392,0.0,0.2432328810045166,0.38857737882553983,0.0
5686.012285851326,94.76687143085543,替钻井液(一段),0.26419055486364457,0.26419055486364457,977.6459518072287,349.7999277108433,457.4306746987951,0.28112449799184197,0.1467534818058203,3.5483882957634263,0.508197299987297,0.0,0.243862080734919,0.38841988709686126,0.0
5687.335196259644,94.78891993766074,替钻井液(一段),0.26487492375900995,0.26487492375900995,986.6151807228914,349.7999277108433,457.4306746987951,0.2851405622488683,0.1470550425786354,3.591775203727129,0.512446397501396,0.0,0.24449145449215148,0.3882624700365988,0.0
5688.658106667963,94.81096844446604,替钻井液(一段),0.26555931798498716,0.26555931798498716,986.6151807228914,358.76915662650595,457.4306746987951,0.28112449799184197,0.14735648527813788,3.5340146987101204,0.5067814711390541,0.0,0.2451210176653694,0.3881051090026101,0.0
5689.981017076281,94.83301695127135,替钻井液(一段),0.2662437379422219,0.2662437379422219,986.6151807228914,358.76915662650595,457.4306746987951,0.28112449799184197,0.1476578131331276,3.5268740612382037,0.5060765889862606,0.0,0.24575078616353152,0.38794778521333795,0.0
5691.3039274846,94.85506545807667,替钻井液(一段),0.2669281838917694,0.2669281838917694,995.584409638554,358.76915662650595,457.4306746987951,0.2851405622488683,0.1479590285407256,3.570049583569242,0.5103233074219802,0.0,0.24638077601034447,0.38779047913810855,0.0
5692.626837892918,94.87711396488197,替钻井液(一段),0.2676126555078527,0.2676126555078527,995.584409638554,358.76915662650595,457.4306746987951,0.2851405622488683,0.14826013538352112,3.5628778332312603,0.5096204356633083,0.0,0.24701100285797226,0.387633171542359,0.0
5693.9497483012365,94.89916247168728,替钻井液(一段),0.2682971523782913,0.2682971523782913,995.584409638554,358.76915662650595,457.4306746987951,0.2851405622488683,0.14856113760314607,3.5557447768662667,0.5089203553963115,0.0,0.24764148250418544,0.387475843113589,0.0
5695.272658709555,94.92121097849258,替钻井液(一段),0.2689816750736118,0.2689816750736118,995.584409638554,358.76915662650595,457.4306746987951,0.2851405622488683,0.1488620350495935,3.5486524768811534,0.5082232842982326,0.0,0.24827223167654192,0.38731847392330926,0.0
5696.595569117873,94.94325948529789,替钻井液(一段),0.26966622324908207,0.26966622324908207,1004.5536385542167,358.76915662650595,466.39990361445774,0.28915662650589463,0.14916283079570003,3.5914851640722114,0.5124181147053662,0.0,0.24890326642719637,0.38716104436002313,0.0
5697.918479526192,94.96530799210319,替钻井液(一段),0.27035079658193867,0.27035079658193867,1004.5536385542167,358.76915662650595,466.39990361445774,0.28915662650589463,0.14946352791743417,3.5843831986718206,0.5117250646843152,0.0,0.24953460299484578,0.3870035345590937,0.0
5699.24138993451,94.9873564989085,替钻井液(一段),0.27103539548446787,0.27103539548446787,1004.5536385542167,367.7383855421686,466.39990361445774,0.2851405622488683,0.1497641268460036,3.5276448800435327,0.5061527282078757,0.0,0.2501662581286886,0.3868459243790382,0.0
5700.564300342829,95.00940500571382,替钻井液(一段),0.2717200192757461,0.2717200192757461,1013.5228674698793,367.7383855421686,466.39990361445774,0.2891566265058946,0.1500646295735528,3.570328106713859,0.510350583920712,0.0,0.2507982476028146,0.3866881944893372,0.0
5701.887210751147,95.03145351251912,替钻井液(一段),0.2724046675669072,0.2724046675669072,1013.5228674698793,367.7383855421686,466.39990361445774,0.2891566265058946,0.15036503774601212,3.563379970775267,0.5096696807884977,0.0,0.2514305875286685,0.3865303251429391,0.0
5703.210121159465,95.05350201932443,替钻井液(一段),0.27308934035947907,0.27308934035947907,1013.5228674698793,367.7383855421686,466.39990361445774,0.2891566265058946,0.15066535109877302,3.556488060054924,0.5089933522192712,0.0,0.2520632941390532,0.3863722966859587,0.0
5704.533031567784,95.07555052612973,替钻井液(一段),0.2737740375084835,0.2737740375084835,1013.5228674698793,367.7383855421686,466.39990361445774,0.2891566265058946,0.15096556923581,3.5496547737083346,0.5083218556664915,0.0,0.25269638349871465,0.38621408990643186,0.0
5705.855941976102,95.09759903293504,替钻井液(一段),0.2744587584285861,0.2744587584285861,1022.492096385542,367.7383855421686,466.39990361445774,0.29317269076292096,0.15126569231598372,3.5920891644036805,0.5124770110720194,0.0,0.2533298710485615,0.38605568539178103,0.0
5707.178852384421,95.11964753974034,替钻井液(一段),0.27514350223160366,0.27514350223160366,1022.492096385542,367.7383855421686,475.3691325301204,0.29317269076292096,0.1515657212235182,3.585286988512277,0.5118133162931617,0.0,0.25396377160611056,0.3858970644955022,0.0
5708.501762792739,95.14169604654565,替钻井液(一段),0.27582826850667036,0.27582826850667036,1022.492096385542,367.7383855421686,475.3691325301204,0.29317269076292096,0.15186565535980978,3.5785512765024596,0.5111552161336779,0.0,0.25459810033716107,0.38573820954933186,0.0
5709.8246732010575,95.16374455335095,替钻井液(一段),0.2765130570419223,0.2765130570419223,1022.492096385542,376.70761445783126,475.3691325301204,0.28915662650589463,0.1521654931107522,3.5229543533531733,0.5056892300749705,0.0,0.2552328722112136,0.3855791025492628,0.0
5711.147583609376,95.18579306015627,替钻井液(一段),0.2771978676674337,0.2771978676674337,1031.4613253012046,376.70761445783126,475.3691325301204,0.2931726907629209,0.15246523296163994,3.565288118390044,0.5098567696127289,0.0,0.2558681018838573,0.3854197259164473,0.0
5712.470494017694,95.20784156696158,替钻井液(一段),0.27788269926522646,0.27788269926522646,1031.4613253012046,376.70761445783126,475.3691325301204,0.2931726907629209,0.15276487513626705,3.5587647847894464,0.5092168787205411,0.0,0.25650380269163947,0.3852600626724791,0.0
5713.793404426013,95.22989007376688,替钻井液(一段),0.2785675513211433,0.2785675513211433,1031.4613253012046,376.70761445783126,475.3691325301204,0.2931726907629209,0.15306441798819095,3.552316196358032,0.5085834986959834,0.0,0.25713998806325994,0.38510009668348244,0.0
5715.116314834331,95.25193858057219,替钻井液(一段),0.279252423671251,0.279252423671251,1040.4305542168672,376.70761445783126,475.3691325301204,0.2971887550199472,0.15336385948534548,3.594518714767248,0.5127138458581549,0.0,0.2577766713403501,0.38493981235725644,0.0
5716.43922524265,95.27398708737749,替钻井液(一段),0.27993731574172437,0.27993731574172437,1040.4305542168672,376.70761445783126,475.3691325301204,0.2971887550199472,0.15366319809597176,3.588138595212577,0.5120916601965342,0.0,0.2584138649482319,0.3847791945923144,0.0
5717.762135650968,95.2960355941828,替钻井液(一段),0.28062222684010163,0.28062222684010163,1040.4305542168672,376.70761445783126,475.3691325301204,0.2971887550199472,0.15396243223447204,3.5818391479803853,0.5114765622320327,0.0,0.2590515805877219,0.3846182288158521,0.0
5719.0850460592865,95.3180841009881,替钻井液(一段),0.28130715594746386,0.28130715594746386,1040.4305542168672,376.70761445783126,484.33836144578305,0.2971887550199472,0.1542615600601918,3.57562157161291,0.5108686980098156,0.0,0.2596898289698579,0.3844569019215799,0.0
5720.407956467605,95.34013260779342,替钻井液(一段),0.28199210288712123,0.28199210288712123,1049.39978313253,376.70761445783126,484.33836144578305,0.3012048192769736,0.15456057862878977,3.6177232128770407,0.5149700525228649,0.0,0.26032862101453086,0.3842952014380528,0.0
5721.730866875923,95.36218111459873,替钻井液(一段),0.28267706665710657,0.28267706665710657,1049.39978313253,376.70761445783126,484.33836144578305,0.3012048192769736,0.1548594870897039,3.611590535028198,0.5143747810536925,0.0,0.2609679662259728,0.3841331148960228,0.0
5723.053777284242,95.38422962140403,替钻井液(一段),0.283362047220573,0.283362047220573,1049.39978313253,385.6768433734939,484.33836144578305,0.29718875501994724,0.15515828174843352,3.5574690442394963,0.5090896767208795,0.0,0.26160787426780263,0.3839706318840689,0.0
5724.376687692561,95.40627812820935,替钻井液(一段),0.2840470437956722,0.2840470437956722,1058.3690120481926,385.6768433734939,484.33836144578305,0.30120481927697357,0.1554569614443341,3.599580466710738,0.5132069005715332,0.0,0.2622483532149138,0.38380774171724613,0.0
5725.69959810088,95.42832663501467,替钻井液(一段),0.284732055714893,0.284732055714893,1058.3690120481926,385.6768433734939,484.33836144578305,0.30120481927697357,0.15575552497607134,3.593703111655686,0.5126343529541574,0.0,0.2628894105919796,0.38364443563784073,0.0
5727.0225085092,95.45037514181999,替钻井液(一段),0.28541708292978585,0.28541708292978585,1058.3690120481926,385.6768433734939,484.33836144578305,0.30120481927697357,0.15605396968556393,3.5879106452972547,0.5120694159565322,0.0,0.26353105369228036,0.38348070561736197,0.0
5728.345418917519,95.47242364862532,替钻井液(一段),0.2861021256047562,0.2861021256047562,1058.3690120481926,385.6768433734939,493.3075903614457,0.30120481927697357,0.15635229277970916,3.5822022475875404,0.5115120374775803,0.0,0.2641732891529955,0.38331654357254336,0.0
5729.668329325838,95.49447215543064,替钻井液(一段),0.2867871821783179,0.2867871821783179,1067.3382409638552,385.6768433734939,493.3075903614457,0.30522088353399984,0.15665049405128248,3.6242652288464576,0.5156042522703106,0.0,0.26481612099732604,0.38315194280977166,0.0
5730.991239734158,95.51652066223596,替钻井液(一段),0.2874722517469784,0.2874722517469784,1067.3382409638552,385.6768433734939,493.3075903614457,0.30522088353399984,0.15694857202737253,3.6186486170419085,0.5150598139627438,0.0,0.2654595530266906,0.3829868987741777,0.0
5732.314150142477,95.53856916904128,替钻井液(一段),0.28815733393935994,0.28815733393935994,1067.3382409638552,385.6768433734939,493.3075903614457,0.30522088353399984,0.15724652328275548,3.6131139699174937,0.5145227221950113,0.0,0.2661035886987036,0.3828214075499939,0.0
5733.637060550796,95.5606176758466,替钻井液(一段),0.2888424280286461,0.2888424280286461,1076.3074698795178,385.6768433734939,493.3075903614457,0.3092369477910261,0.15754434597415465,3.6551286915865204,0.5185850689954006,0.0,0.26674823016198856,0.3826554655710275,0.0
5734.959970959116,95.58266618265193,替钻井液(一段),0.28952753228505057,0.28952753228505057,1076.3074698795178,385.6768433734939,493.3075903614457,0.3092369477910261,0.15784204034268248,3.6496821732110343,0.5180603762188083,0.0,0.26739347757441406,0.3824890711357365,0.0
5736.282881367436,95.60471468945727,替钻井液(一段),0.29021264630565985,0.29021264630565985,1076.3074698795178,394.64607228915656,493.3075903614457,0.30522088353399984,0.1581396060480713,3.5969849056262526,0.5129541347252755,0.0,0.26803933154923615,0.38232222398246957,0.0
5737.605791775756,95.6267631962626,替钻井液(一段),0.290897770000261,0.290897770000261,1076.3074698795178,394.64607228915656,493.3075903614457,0.30522088353399984,0.1584370405393592,3.5917607204369713,0.5124449852232922,0.0,0.2686857920711162,0.3821549239980664,0.0
5738.928702184076,95.64881170306793,替钻井液(一段),0.2915829022316294,0.2915829022316294,1085.2766987951804,394.64607228915656,502.27681927710836,0.3092369477910261,0.15873434433388606,3.6338015218017277,0.5165272397539433,0.0,0.269332857035216,0.381987172095241,0.0
5740.251612592398,95.6708602098733,替钻井液(一段),0.29226804180023963,0.29226804180023963,1085.2766987951804,394.64607228915656,502.27681927710836,0.3092369477910261,0.15903151980333957,3.628653896290883,0.5160292361014116,0.0,0.2699805234221553,0.3818189705981345,0.0
5741.574523000719,95.69290871667864,替钻井液(一段),0.29295318856899827,0.29295318856899827,1085.2766987951804,394.64607228915656,502.27681927710836,0.3092369477910261,0.15932856530752318,3.6235749338015086,0.5155373724568459,0.0,0.27062878841827065,0.3816503231837276,0.0
5742.897433409041,95.714957223484,替钻井液(一段),0.2936383415831727,0.2936383415831727,1085.2766987951804,394.64607228915656,502.27681927710836,0.3092369477910261,0.15962548204561675,3.618562321218982,0.5150514442280318,0.0,0.2712776474711979,0.38148123344314244,0.0
5744.220343817363,95.73700573028938,替钻井液(一段),0.2943234994155348,0.2943234994155348,1094.2459277108433,394.64607228915656,502.27681927710836,0.3132530120480525,0.15992227248731947,3.66054363049359,0.5191061532685883,0.0,0.27192709460418785,0.3813117063522413,0.0
5745.543254225686,95.75905423709476,替钻井液(一段),0.2950086619882394,0.2950086619882394,1094.2459277108433,394.64607228915656,502.27681927710836,0.3132530120480525,0.16021893657159855,3.6555924114550726,0.5186297152587376,0.0,0.27257712442812454,0.38114174853254346,0.0
5746.86616463401,95.78110274390016,替钻井液(一段),0.2956938284772538,0.2956938284772538,1094.2459277108433,394.64607228915656,502.27681927710836,0.3132530120480525,0.16051547787245263,3.6507000452376066,0.518158476805394,0.0,0.273227730092949,0.3809713658402533,0.0
5748.1890750423345,95.80315125070557,替钻井液(一段),0.2963789978718416,0.2963789978718416,1103.2151566265059,394.64607228915656,511.246048192771,0.31726907630507883,0.1608118991540904,3.6926056936619576,0.5221799772004019,0.0,0.2738789036100437,0.380800565888295,0.0
5749.51198545066,95.825199757511,替钻井液(一段),0.2970641696358986,0.2970641696358986,1103.2151566265059,394.64607228915656,511.246048192771,0.31726907630507883,0.16110820326203315,3.6877611735651254,0.5217167911045782,0.0,0.274530636806392,0.38062935727430613,0.0
5750.834895858987,95.84724826431645,替钻井液(一段),0.29774934305743705,0.29774934305743705,1103.2151566265059,403.6153012048192,511.246048192771,0.3132530120480525,0.16140439434051862,3.6363474615927953,0.5167733555966556,0.0,0.2751829207328422,0.3804577484946426,0.0
5752.157806267315,95.86929677112192,替钻井液(一段),0.29843451752753625,0.29843451752753625,1103.2151566265059,403.6153012048192,511.246048192771,0.3132530120480525,0.16170047482416897,3.6316614497959416,0.5163202621584547,0.0,0.2758357458022015,0.3802857489394421,0.0
5753.480716675645,95.89134527792743,替钻井液(一段),0.2991196918629361,0.2991196918629361,1112.1843855421685,403.6153012048192,511.246048192771,0.31726907630507883,0.1619964495811376,3.673519556857862,0.5203525438906034,0.0,0.2764891013186231,0.3801133686664216,0.0
5754.8036270839775,95.91339378473296,替钻井液(一段),0.2998048655392972,0.2998048655392972,1112.1843855421685,403.6153012048192,511.246048192771,0.31726907630507883,0.16229232301227867,3.668859546193045,0.519905303056107,0.0,0.27714297679435607,0.37994061830316544,0.0
5756.126537492311,95.93544229153852,替钻井液(一段),0.30049003849322553,0.30049003849322553,1112.1843855421685,403.6153012048192,520.2152771084336,0.31726907630507883,0.1625880978422839,3.664238273296888,0.5194613682111877,0.0,0.27779736157901935,0.37976750855534674,0.0
5757.449447900648,95.95749079834414,替钻井液(一段),0.3011752102803827,0.3011752102803827,1121.153614457831,403.6153012048192,520.2152771084336,0.3212851405621051,0.1628837798546662,3.70597776528759,0.5234561586345985,0.0,0.2784522442759093,0.3795940499920622,0.0
5758.772358308987,95.97953930514979,替钻井液(一段),0.3018603803351794,0.3018603803351794,1121.153614457831,403.6153012048192,520.2152771084336,0.3212851405621051,0.1631793748149172,3.70136786449129,0.5230165920631509,0.0,0.27910761306721754,0.3794202542411784,0.0
5760.09526871733,96.0015878119555,替钻井液(一段),0.3025455492350899,0.3025455492350899,1121.153614457831,403.6153012048192,520.2152771084336,0.3212851405621051,0.16347488685528272,3.696788862732989,0.5225795704086776,0.0,0.2797634568275753,0.3792461330240839,0.0
5761.418179125678,96.02363631876129,替钻井液(一段),0.30323071646675204,0.30323071646675204,1121.153614457831,403.6153012048192,520.2152771084336,0.3212851405621051,0.16377032148481577,3.692238529572279,0.5221448882413369,0.0,0.28041976317210887,0.3790716970099842,0.0
5762.74108953403,96.04568482556716,替钻井液(一段),0.30391588164774075,0.30391588164774075,1130.1228433734939,403.6153012048192,520.2152771084336,0.3253012048191315,0.16406568454062262,3.7338109621731945,0.5261015365832113,0.0,0.2810765196926177,0.37889695837432324,0.0
5764.063999942388,96.06773333237314,替钻井液(一段),0.3046010451552517,0.3046010451552517,1130.1228433734939,403.6153012048192,520.2152771084336,0.3253012048191315,0.16436097973554523,3.7292544269706682,0.5256694727355036,0.0,0.2817337144583503,0.37872192890794526,0.0
5765.386910350754,96.08978183917924,替钻井液(一段),0.3052862070378166,0.3052862070378166,1130.1228433734939,412.5845301204819,529.1845060240963,0.32128514056210516,0.16465621237920508,3.678735678084802,0.5208526628325952,0.0,0.28239133518181786,0.3785466194037016,0.0
5766.709820759128,96.11183034598547,替钻井液(一段),0.30597136754555054,0.30597136754555054,1130.1228433734939,412.5845301204819,529.1845060240963,0.32128514056210516,0.16495138847447088,3.67427698691131,0.5204251982670671,0.0,0.28304936971491945,0.37837104189182413,0.0
5768.032731167513,96.13387885279188,替钻井液(一段),0.3066565270547006,0.3066565270547006,1139.0920722891565,412.5845301204819,529.1845060240963,0.32530120481913144,0.16524651378731028,3.7157091344663176,0.5243827414601887,0.0,0.28370780606982093,0.37819520753968844,0.0
5769.35564157591,96.15592735959851,替钻井液(一段),0.3073416860319533,0.3073416860319533,1139.0920722891565,412.5845301204819,529.1845060240963,0.32530120481913144,0.16554159336964278,3.7112288725012053,0.5239563724815675,0.0,0.2843666322819202,0.3780191273080045,0.0
5770.678551984324,96.1779758664054,替钻井液(一段),0.30802684497698724,0.30802684497698724,1139.0920722891565,412.5845301204819,529.1845060240963,0.32530120481913144,0.16583663180618774,3.706763127519317,0.5235310046632742,0.0,0.28502583653896635,0.37784281215903515,0.0
5772.00146239276,96.20002437321267,替钻井液(一段),0.30871200426765105,0.30871200426765105,1148.061301204819,412.5845301204819,529.1845060240963,0.3293172690761577,0.16613163415274382,3.7480180555346276,0.5274461692890174,0.0,0.28568540702895373,0.37766627281376525,0.0
5773.324372801222,96.22207288002036,替钻井液(一段),0.3093971643098382,0.3093971643098382,1148.061301204819,412.5845301204819,538.1537349397589,0.3293172690761577,0.16642660520382815,3.7435220990594185,0.5270210619002149,0.0,0.28634533208550195,0.3774895192895582,0.0
5774.64728320972,96.24412138682867,替钻井液(一段),0.31008232557197757,0.31008232557197757,1148.061301204819,412.5845301204819,538.1537349397589,0.3293172690761577,0.16672155089129886,3.7390363389057453,0.5265965374824065,0.0,0.28700560027328353,0.37731256209515485,0.0
5775.970193618264,96.26616989363772,替钻井液(一段),0.310767489390154,0.310767489390154,1148.061301204819,412.5845301204819,538.1537349397589,0.3293172690761577,0.16701647525344032,3.734559715292098,0.5261724978603364,0.0,0.28766620129913856,0.37713541155078795,0.0
5777.2931040268695,96.28821840044783,替钻井液(一段),0.31145265581566295,0.31145265581566295,1157.0305301204817,412.5845301204819,538.1537349397589,0.33333333333318405,0.16731138454730213,3.7755802119013806,0.5300439232555303,0.0,0.2883271236890855,0.3769580760114066,0.0
5778.616014435557,96.31026690725929,替钻井液(一段),0.3121378258048668,0.3121378258048668,1157.0305301204817,421.5537590361445,538.1537349397589,0.3293172690761577,0.16760628202313127,3.725630288521212,0.5253255402043283,0.0,0.2889883570866651,0.3767805657889295,0.0
5779.938924844354,96.33231541407257,替钻井液(一段),0.3128230000896721,0.3128230000896721,1157.0305301204817,421.5537590361445,538.1537349397589,0.3293172690761577,0.16790117178042666,3.721175970330907,0.5249024815723837,0.0,0.2896498912724128,0.3766028893408187,0.0
5781.261835253298,96.3543639208883,替钻井液(一段),0.31350817839754247,0.31350817839754247,1165.9997590361443,421.5537590361445,547.1229638554216,0.333333333333184,0.16819605966595505,3.7620531799268,0.5287707796713141,0.0,0.2903117151148812,0.37642505478651556,0.0
5782.5847456624415,96.37641242770736,替钻井液(一段),0.3141933614368754,0.3141933614368754,1165.9997590361443,421.5537590361445,547.1229638554216,0.333333333333184,0.16849094908512846,3.7575553914701736,0.528346691084313,0.0,0.2909738186785002,0.37624707195539825,0.0
5783.907656071852,96.39846093453087,替钻井液(一段),0.314878550785302,0.314878550785302,1165.9997590361443,421.5537590361445,547.1229638554216,0.333333333333184,0.1687858420184675,3.753062480235601,0.5279226813189295,0.0,0.29163619328979357,0.37606894870588914,0.0
5785.230566481625,96.42050944136041,替钻井液(一段),0.31556374515308916,0.31556374515308916,1165.9997590361443,421.5537590361445,547.1229638554216,0.333333333333184,0.1690807458021736,3.748574281447936,0.527498735702298,0.0,0.2922988276115664,0.3758906921919313,0.0
5786.553476891886,96.4425579481981,替钻井液(一段),0.31624894497432937,0.31624894497432937,1174.968987951807,421.5537590361445,547.1229638554216,0.3373493975902104,0.16937566372792337,3.789199981796021,0.5313223200432243,0.0,0.29296171233830726,0.3757123122707864,0.0
5787.876387302804,96.46460645504673,替钻井液(一段),0.3169341520543668,0.3169341520543668,1174.968987951807,421.5537590361445,547.1229638554216,0.3373493975902104,0.1696705957279593,3.784666489410948,0.5308971779958992,0.0,0.2936248398397818,0.37553381573203903,0.0
5789.199297714606,96.48665496191009,替钻井液(一段),0.31761936565588283,0.31761936565588283,1174.968987951807,430.5229879518072,547.1229638554216,0.3333333333331841,0.16996554778067782,3.7351353596635892,0.5262270459471792,0.0,0.29428820016451157,0.3753552089928431,0.0
5790.522208127592,96.5087034687932,替钻井液(一段),0.3183045860148364,0.3183045860148364,1174.968987951807,430.5229879518072,547.1229638554216,0.3333333333331841,0.17026052416830906,3.730663302012385,0.5258031083953023,0.0,0.2949517847294463,0.3751765007348019,0.0
5791.845118542165,96.53075197570276,替钻井液(一段),0.3189898141064346,0.3189898141064346,1183.9382168674697,430.5229879518072,556.0921927710842,0.3373493975902104,0.17055552623401082,3.771088611344998,0.5296215625812333,0.0,0.2956155859697591,0.37499769743339945,0.0
5793.168028958853,96.55280048264756,替钻井液(一段),0.3196750494242619,0.3196750494242619,1183.9382168674697,430.5229879518072,556.0921927710842,0.3373493975902104,0.17085055830878162,3.7665696569289286,0.5291962466684628,0.0,0.29627959508614665,0.3748188053448511,0.0
5794.490939378353,96.57484898963921,替钻井液(一段),0.3203602930870574,0.3203602930870574,1183.9382168674697,430.5229879518072,556.0921927710842,0.3373493975902104,0.1711456214336581,3.7620539700633846,0.5287708541383975,0.0,0.29694380513409124,0.3746398317703701,0.0
5795.813849801578,96.59689749669296,替钻井液(一段),0.32104554477910363,0.32104554477910363,1192.9074457831323,430.5229879518072,556.0921927710842,0.34136546184723665,0.1714407201843333,3.8022739881583116,0.5325462182145653,0.0,0.2976082081415278,0.3744607821005243,0.0
5797.1367602297205,96.61894600382867,替钻井液(一段),0.3217308044628262,0.3217308044628262,1192.9074457831323,439.4922168674698,556.0921927710842,0.3373493975902104,0.17173585756006676,3.753031524407421,0.5279197586010091,0.0,0.298272796573302,0.37428166319469275,0.0
5798.459670664331,96.64099451107218,替钻井液(一段),0.32241607289230684,0.32241607289230684,1192.9074457831323,439.4922168674698,556.0921927710842,0.3373493975902104,0.17203103459882413,3.748523368202915,0.5274939243632736,0.0,0.29893756394676646,0.37410248139677116,0.0
5799.782581107416,96.66304301845693,替钻井液(一段),0.3231013511193653,0.3231013511193653,1192.9074457831323,439.4922168674698,556.0921927710842,0.3373493975902104,0.17232625126645065,3.7440166017535526,0.5270678374589446,0.0,0.2996025043156016,0.3739232416598141,0.0
5801.105491561565,96.68509152602608,替钻井液(一段),0.3237866368605296,0.3237866368605296,1201.876674698795,439.4922168674698,565.0614216867469,0.34136546184723665,0.17262151642749288,3.7840286960852203,0.5308373360495101,0.0,0.3002676086461943,0.3737439494734472,0.0
5802.428402030099,96.70714003383499,替钻井液(一段),0.3244719315957989,0.3244719315957989,1201.876674698795,439.4922168674698,565.0614216867469,0.34136546184723665,0.17291682885409645,3.779469848257822,0.5304093727389478,0.0,0.3009328718972107,0.37356461237659433,0.0
5803.7513125172645,96.72918854195441,替钻井液(一段),0.3251572375514198,0.3251572375514198,1201.876674698795,439.4922168674698,565.0614216867469,0.34136546184723665,0.1732121848864778,3.7749114476478143,0.5299810610866523,0.0,0.30159829004844557,0.3733852343636278,0.0
5805.074223028466,96.75123705047443,替钻井液(一段),0.32584255153077457,0.32584255153077457,1210.8459036144577,448.46144578313243,565.0614216867469,0.34136546184723676,0.17350759419392872,3.770353070681635,0.529552360997722,0.0,0.30226385353658486,0.3732058195896231,0.0
5806.397133570552,96.7732855595092,替钻井液(一段),0.3265278737732023,0.3265278737732023,1210.8459036144577,448.46144578313243,565.0614216867469,0.34136546184723676,0.1738030584948088,3.765794964475339,0.5291232953941629,0.0,0.30292955676456024,0.37302637615235124,0.0
5807.720044152167,96.79533406920278,替钻井液(一段),0.32721320724977415,0.32721320724977415,1210.8459036144577,448.46144578313243,565.0614216867469,0.34136546184723676,0.1740985718268578,3.761236784522673,0.5286938315155196,0.0,0.3035953970544627,0.3728469090227414,0.0
5809.042954784174,96.81738257973623,替钻井液(一段),0.3278985501778183,0.3278985501778183,1210.8459036144577,448.46144578313243,565.0614216867469,0.34136546184723676,0.1743941393638305,3.7566789113386294,0.5282640048863954,0.0,0.30426136678162513,0.37266742145037024,0.0
5810.365865480167,96.83943109133611,替钻井液(一段),0.3285839015286941,0.3285839015286941,1219.8151325301203,448.46144578313243,565.0614216867469,0.34538152610426304,0.17468976520547538,3.7962638240772533,0.5319839855854585,0.0,0.3049274594063318,0.3724879203186685,0.0
5811.688776257081,96.8614796042847,替钻井液(一段),0.32926926309499444,0.32926926309499444,1219.8151325301203,457.4306746987951,574.0306506024095,0.3413654618472367,0.17498544628433668,3.747563897565769,0.527403244521998,0.0,0.3055936715909593,0.37230841130009384,0.0
5813.011687135937,96.88352811893228,替钻井液(一段),0.3299546343794839,0.3299546343794839,1219.8151325301203,457.4306746987951,574.0306506024095,0.3413654618472367,0.17528118361352485,3.7430066547583003,0.5269723005272424,0.0,0.3062599974424777,0.372128898331221,0.0
5814.334598142702,96.9055766357117,替钻井液(一段),0.3306400151333965,0.3306400151333965,1219.8151325301203,457.4306746987951,574.0306506024095,0.3413654618472367,0.17557697842906872,3.738449695581103,0.5265409904276097,0.0,0.30692643155546206,0.37194938747641315,0.0
5815.657509309329,96.92762515515548,替钻井液(一段),0.3313254055474958,0.3313254055474958,1228.784361445783,457.4306746987951,574.0306506024095,0.345381526104263,0.1758728308356839,3.7778213582036284,0.5302545241179929,0.0,0.3075929693146043,0.37176988346399265,0.0
5816.980420674969,96.94967367791614,替钻井液(一段),0.33201080493061075,0.33201080493061075,1228.784361445783,457.4306746987951,574.0306506024095,0.345381526104263,0.17616874199447452,3.7732111721508064,0.5298212015706782,0.0,0.30825960490273496,0.37159039185882964,0.0
5818.303332287394,96.97172220478991,替钻井液(一段),0.3326962139275642,0.3326962139275642,1228.784361445783,457.4306746987951,574.0306506024095,0.345381526104263,0.17646471026342,3.7686009447847324,0.5293874754110921,0.0,0.30892633413335896,0.3714109178516895,0.0
5819.626244204656,96.99377073674427,替钻井液(一段),0.3333816330809822,0.3333816330809822,1237.7535903614455,466.39990361445774,574.0306506024095,0.345381526104263,0.1767607343624139,3.7639907727078294,0.5289533543605931,0.0,0.30959315288303924,0.37123146601010676,0.0
5820.949156497006,97.01581927495009,替钻井液(一段),0.33406706063471947,0.33406706063471947,1237.7535903614455,466.39990361445774,574.0306506024095,0.345381526104263,0.17705681762540773,3.759380729589984,0.5285188450113081,0.0,0.3102600545622901,0.37105204119788315,0.0
5822.272069249109,97.03786782081849,替钻井液(一段),0.33475249716715644,0.33475249716715644,1237.7535903614455,466.39990361445774,582.9998795180721,0.345381526104263,0.17735295785320668,3.7547703534086616,0.5280839034203091,0.0,0.3109270351169572,0.3708726494794987,0.0
5823.594982562589,97.05991637604316,替钻井液(一段),0.33543794395464216,0.33543794395464216,1237.7535903614455,466.39990361445774,582.9998795180721,0.345381526104263,0.1776491511663177,3.750159601676202,0.5276485251170587,0.0,0.3115940913529513,0.3706932954844258,0.0
5824.917896558924,97.08196494264874,替钻井液(一段),0.33612339883827536,0.33612339883827536,1246.722819277108,466.39990361445774,582.9998795180721,0.34939759036128926,0.17794540087068697,3.7891013278010273,0.5313130725668962,0.0,0.3122612164060672,0.3705139834781112,0.0
5826.240811382738,97.10401352304562,替钻井液(一段),0.33680886220321543,0.33680886220321543,1246.722819277108,475.3691325301204,582.9998795180721,0.345381526104263,0.1782417053212761,3.740936824936741,0.5267764426230279,0.0,0.31292840620438417,0.3703347199083978,0.0
5827.563727205512,97.12606212009186,替钻井液(一段),0.3374943352113933,0.3374943352113933,1246.722819277108,475.3691325301204,582.9998795180721,0.345381526104263,0.1785380608415987,3.73632470797522,0.5263397287573366,0.0,0.31359565751616686,0.3701555095801288,0.0
5828.886644229762,97.1481107371627,替钻井液(一段),0.3381798169828535,0.3381798169828535,1246.722819277108,475.3691325301204,582.9998795180721,0.345381526104263,0.1788344675332405,3.731711736832747,0.5259025308777119,0.0,0.31426296488825567,0.3699763569226868,0.0
5830.209562693691,97.17015937822818,替钻井液(一段),0.33886530753912475,0.33886530753912475,1255.692048192771,475.3691325301204,582.9998795180721,0.34939759036128937,0.1791309242324336,3.770435751237943,0.5295601403079033,0.0,0.31493032403104915,0.3697972675617746,0.0
5831.53248287636,97.19220804793933,替钻井液(一段),0.3395508074176661,0.3395508074176661,1255.692048192771,475.3691325301204,582.9998795180721,0.34939759036128937,0.17942742827700398,3.765766166372116,0.5291205833151638,0.0,0.31559773116487577,0.3696182466648039,0.0
5832.855405103406,97.21425675172344,替钻井液(一段),0.3402363162823494,0.3402363162823494,1255.692048192771,475.3691325301204,582.9998795180721,0.34939759036128937,0.1797239782372212,3.761094757538956,0.5286804436866739,0.0,0.3162651814846578,0.3694392993929728,0.0
5834.178329753311,97.23630549588852,替钻井液(一段),0.340921834284336,0.340921834284336,1264.6612771084335,484.33836144578305,591.9691084337348,0.34939759036128937,0.18002057213687234,3.7564212292054333,0.5282396926724132,0.0,0.3169326708957428,0.3692604311087105,0.0
5835.501257264252,97.25835428773753,替钻井液(一段),0.341607361553115,0.341607361553115,1264.6612771084335,484.33836144578305,591.9691084337348,0.34939759036128937,0.18031720852662525,3.751745270954557,0.5277983000109202,0.0,0.3176001953531432,0.3690816468245306,0.0
5836.824188141536,97.28040313569227,替钻井液(一段),0.3422928984481022,0.3422928984481022,1264.6612771084335,484.33836144578305,591.9691084337348,0.34939759036128937,0.18061388548717316,3.747065997125645,0.5273561809522289,0.0,0.31826775092008985,0.36890295185580063,0.0
5838.147122965625,97.30245204942709,替钻井液(一段),0.34297844594717447,0.34297844594717447,1264.6612771084335,484.33836144578305,591.9691084337348,0.34939759036128937,0.18091059943716375,3.742382862661961,0.5269132826577747,0.0,0.31893533433111443,0.3687243509991234,0.0
5839.470062400739,97.32450104001232,替钻井液(一段),0.3436640038531954,0.3436640038531954,1273.6305060240961,484.33836144578305,591.9691084337348,0.35341365461831564,0.18120734961954038,3.780657442987106,0.5305208961647316,0.0,0.31960294127320293,0.3685458487660951,0.0
5840.793007204026,97.3465501200671,替钻井液(一段),0.34434957245580305,0.34434957245580305,1273.6305060240961,484.33836144578305,591.9691084337348,0.35341365461831564,0.18150413471076782,3.775911628643503,0.5300750724855603,0.0,0.3202705679799193,0.36836745086376743,0.0
5842.115958235275,97.36859930392124,替钻井液(一段),0.345035153131656,0.345035153131656,1273.6305060240961,493.3075903614457,591.9691084337348,0.3493975903612893,0.18180094971221616,3.7283064298717075,0.525579531416603,0.0,0.3209382116899721,0.36818916187938605,0.0
5843.438916467141,97.39064860778568,替钻井液(一段),0.3457207461373621,0.3457207461373621,1273.6305060240961,493.3075903614457,591.9691084337348,0.3493975903612893,0.18209779295896053,3.7236034672613716,0.5251330851424392,0.0,0.32160586863309737,0.36801098604151444,0.0
5844.761882995834,97.41269804993057,替钻井液(一段),0.3464063512854426,0.3464063512854426,1282.5997349397587,493.3075903614457,591.9691084337348,0.3534136546183156,0.1823946652264244,3.7616396262840137,0.528731802347284,0.0,0.32227353477811876,0.3678329283359922,0.0
5846.084859052206,97.43474765087011,替钻井液(一段),0.3470919704233802,0.3470919704233802,1282.5997349397587,493.3075903614457,600.9383373493974,0.3534136546183156,0.18269156086529328,3.7568683337488884,0.528281876021714,0.0,0.3229412080168524,0.36765499347777003,0.0
5847.407846013206,97.45679743355343,替钻井液(一段),0.3477776047543922,0.3477776047543922,1282.5997349397587,493.3075903614457,600.9383373493974,0.3534136546183156,0.18298847699024443,3.752089107414889,0.5278307709266563,0.0,0.32360888571627455,0.36747718602335727,0.0
5848.730845413574,97.47884742355956,替钻井液(一段),0.3484632541103715,0.3484632541103715,1291.5689638554215,493.3075903614457,600.9383373493974,0.357429718875342,0.1832854157216449,3.789884268664788,0.5313864576506877,0.0,0.3242765640285167,0.367299509338093,0.0
5850.053858957718,97.5008976492953,替钻井液(一段),0.3491489207555874,0.3491489207555874,1291.5689638554215,502.27681927710836,600.9383373493974,0.35341365461831564,0.18358237221403428,3.7425042864426024,0.5269247713138328,0.0,0.324944241527718,0.367121968457901,0.0
5851.376888531677,97.52294814219461,替钻井液(一段),0.34983460632521,0.34983460632521,1291.5689638554215,502.27681927710836,600.9383373493974,0.35341365461831564,0.18387934361111344,3.7376975154872447,0.5264697597814649,0.0,0.3256119162668294,0.3669445660670475,0.0
5852.699936215084,97.54499893691806,替钻井液(一段),0.350520311173754,0.350520311173754,1291.5689638554215,502.27681927710836,600.9383373493974,0.35341365461831564,0.1841763316748053,3.7328804446306547,0.5260133342093619,0.0,0.3262795850782319,0.3667673054428785,0.0
5854.023004292999,97.56705007154999,替钻井液(一段),0.35120603763230135,0.35120603763230135,1300.5381927710841,502.27681927710836,600.9383373493974,0.3574297188753419,0.18447333274474806,3.7704166125039977,0.5295583395797947,0.0,0.3269472469457728,0.3665901906072515,0.0
5855.346095267474,97.58910158779123,替钻井液(一段),0.35189178786165104,0.35189178786165104,1300.5381927710841,502.27681927710836,600.9383373493974,0.3574297188753419,0.18477034466522735,3.7655213209799188,0.529097524219486,0.0,0.32761490087201517,0.36641322382758384,0.0
5856.669211868751,97.61115353114585,替钻井液(一段),0.3525775624180965,0.3525775624180965,1300.5381927710841,502.27681927710836,600.9383373493974,0.3574297188753419,0.18506736897666334,3.7606130341649457,0.5286350323697588,0.0,0.3282825441918412,0.36623640748287906,0.0
5857.99235706599,97.63320595109984,替钻井液(一段),0.35326336439248957,0.35326336439248957,1300.5381927710841,511.246048192771,609.9075662650602,0.35341365461831564,0.185364402449096,3.7134924430862464,0.5241718353768298,0.0,0.3289501771180977,0.3660597449690447,0.0
5859.315534077413,97.65525890129021,替钻井液(一段),0.35394919582836165,0.35394919582836165,1309.5074216867467,511.246048192771,609.9075662650602,0.3574297188753419,0.1856614440197106,3.7507553608508717,0.5277048033091332,0.0,0.32961779871795616,0.3658832376882022,0.0
5860.638746379678,97.6773124396613,替钻井液(一段),0.35463505884684926,0.35463505884684926,1309.5074216867467,511.246048192771,609.9075662650602,0.3574297188753419,0.18595849377977805,3.7458049377826246,0.5272369595375468,0.0,0.33028540838112574,0.3657068876356015,0.0
5861.961997716486,97.69936662860809,替钻井液(一段),0.3553209561268414,0.3553209561268414,1309.5074216867467,511.246048192771,609.9075662650602,0.3574297188753419,0.1862555515144279,3.740839540884697,0.5267672351124169,0.0,0.33095300628751373,0.36553069628926943,0.0
5863.285292106234,97.7214215351039,替钻井液(一段),0.3560068903389269,0.3560068903389269,1318.4766506024093,511.246048192771,609.9075662650602,0.3614457831323682,0.1865526166087326,3.7778346801773917,0.5302557757037065,0.0,0.3316205926630951,0.36535466504225117,0.0
5864.6086338486275,97.74347723081046,替钻井液(一段),0.35669286395322586,0.35669286395322586,1318.4766506024093,511.246048192771,609.9075662650602,0.3614457831323682,0.18684969027491985,3.772781918800945,0.5297808346730885,0.0,0.33228816772648345,0.36517879514859436,0.0
5865.932027530249,97.76553379217081,替钻井液(一段),0.3573788805279738,0.3573788805279738,1318.4766506024093,520.2152771084336,609.9075662650602,0.3574297188753419,0.1871467723888374,3.725849203964517,0.5253463224633276,0.0,0.332955733016791,0.36500308693484174,0.0
5867.255478028901,97.78759130048168,替钻井液(一段),0.3580649431832218,0.3580649431832218,1318.4766506024093,520.2152771084336,618.8767951807228,0.3574297188753419,0.18744386411931097,3.720819286668385,0.5248685884589006,0.0,0.3336232897503236,0.364827539948843,0.0
5868.578990516647,97.80964984194411,替钻井液(一段),0.3587510549395412,0.3587510549395412,1327.4458795180722,520.2152771084336,618.8767951807228,0.3614457831323683,0.18774096718663486,3.757522342863173,0.5283435735770408,0.0,0.334290839258518,0.36465215398492296,0.0
5869.902570461571,97.83170950769285,替钻井液(一段),0.359437219046822,0.359437219046822,1327.4458795180722,520.2152771084336,618.8767951807228,0.3614457831323683,0.18803808304808237,3.7524005004180605,0.5278601760498411,0.0,0.33495838325326804,0.36447692851422353,0.0
5871.226223628195,97.85377039380325,替钻井液(一段),0.36012343934133223,0.36012343934133223,1327.4458795180722,520.2152771084336,618.8767951807228,0.3614457831323683,0.188335212855366,3.7472606059207827,0.5273745767230595,0.0,0.3356259243261718,0.36430186286341415,0.0
5872.549956076493,97.87583260127488,替钻井液(一段),0.36080971928359534,0.36080971928359534,1327.4458795180722,520.2152771084336,618.8767951807228,0.3614457831323683,0.18863235877159676,3.742102927838611,0.5268867952269766,0.0,0.3362934647672372,0.364126955449447,0.0
5873.873738801251,97.89789564668753,替钻井液(一段),0.3614960438412276,0.3614960438412276,1336.4151084337348,529.1845060240963,618.8767951807228,0.36144578313236825,0.18892951726282303,3.7369272324780924,0.5263968037022544,0.0,0.33696098919937356,0.36395220490363434,0.0
5875.1975267166035,97.91995877861005,替钻井液(一段),0.3621823909604737,0.3621823909604737,1336.4151084337348,529.1845060240963,627.8460240963855,0.36144578313236825,0.18922667774791246,3.7317335556259614,0.5259045997201264,0.0,0.3376284756264057,0.36377761440745543,0.0
5876.521320631883,97.94202201053139,替钻井液(一段),0.3628687613564812,0.3628687613564812,1336.4151084337348,529.1845060240963,627.8460240963855,0.36144578313236825,0.18952384282148727,3.726522348264363,0.5254102202454752,0.0,0.3382959244512943,0.363603187920341,0.0
5877.845121459897,97.96408535766496,替钻井液(一段),0.363555155655236,0.363555155655236,1345.3843373493974,529.1845060240963,627.8460240963855,0.3654618473893946,0.18982101628583956,3.7626411568088134,0.528826190790741,0.0,0.3389633362396266,0.3634289235196352,0.0
5879.168930226501,97.98614883710836,替钻井液(一段),0.3642415761356602,0.3642415761356602,1345.3843373493974,529.1845060240963,627.8460240963855,0.3654618473893946,0.1901181985263481,3.757336180260585,0.5283260122925433,0.0,0.33963071348741913,0.36325481896485284,0.0
5880.492748080521,98.00821246800868,替钻井液(一段),0.36492802326682905,0.36492802326682905,1345.3843373493974,529.1845060240963,627.8460240963855,0.3654618473893946,0.19041539393725906,3.7520137676090357,0.5278236562454449,0.0,0.3402980570921792,0.36308087080908613,0.0
5881.816576303975,98.03027627173292,替钻井液(一段),0.3656144986019995,0.3656144986019995,1345.3843373493974,538.1537349397589,627.8460240963855,0.36144578313236825,0.19071260432298187,3.7055024372045553,0.5234108535470349,0.0,0.3409653692508329,0.36290707630677255,0.0
5883.140416322546,98.05234027204243,替钻井液(一段),0.3663010038711062,0.3663010038711062,1354.35356626506,538.1537349397589,627.8460240963855,0.3654618473893946,0.1910098317005048,3.741319490765808,0.5268126585341345,0.0,0.34163265268734144,0.3627334316900824,0.0
5884.464269716212,98.0744044952702,替钻井液(一段),0.36698754021210034,0.36698754021210034,1354.35356626506,538.1537349397589,636.8152530120481,0.3654618473893946,0.19130708019348266,3.73594763656143,0.5263040066607487,0.0,0.34229990970018237,0.3625599330326507,0.0
5885.788138229965,98.09646897049942,替钻井液(一段),0.36767410901817776,0.36767410901817776,1354.35356626506,538.1537349397589,636.8152530120481,0.3654618473893946,0.19160435292805114,3.7305592028714694,0.5257932355947195,0.0,0.3429671430781561,0.3623865762870142,0.0
5887.1120237845325,98.11853372974221,替钻井液(一段),0.36836071213217797,0.36836071213217797,1354.35356626506,538.1537349397589,636.8152530120481,0.3654618473893946,0.1919016528668195,3.7251542693592645,0.52528034722538,0.0,0.3436343563200276,0.36221335702794716,0.0
5888.435928486972,98.14059880811621,替钻井液(一段),0.3690473516278973,0.3690473516278973,1363.3227951807226,538.1537349397589,636.8152530120481,0.36947791164642085,0.1921989827298965,3.7606098175885876,0.528634729133379,0.0,0.34430155326799616,0.3620402703470713,0.0
5889.759854641104,98.16266424401839,替钻井液(一段),0.36973402904013264,0.36973402904013264,1363.3227951807226,547.1229638554216,636.8152530120481,0.3654618473893945,0.19249634876668212,3.7142984112333934,0.5242485296641888,0.0,0.34496873760217134,0.3618673111831237,0.0
5891.083804757673,98.18473007929454,替钻井液(一段),0.37042074632246696,0.37042074632246696,1363.3227951807226,547.1229638554216,636.8152530120481,0.3654618473893945,0.19279375437859103,3.7088490324662424,0.5237297370135987,0.0,0.3456359136186432,0.361694474241725,0.0
5892.4077815640785,98.20679635940131,替钻井液(一段),0.3711075054818456,0.3711075054818456,1372.2920240963854,547.1229638554216,645.7844819277108,0.3694779116464209,0.19309120329135257,3.7440836492097107,0.5270741791961115,0.0,0.3463030856841597,0.3615217541405425,0.0
5893.731788013598,98.22886313355997,替钻井液(一段),0.3717943094440617,0.3717943094440617,1372.2920240963854,547.1229638554216,645.7844819277108,0.3694779116464209,0.19338869726094465,3.73854941692282,0.526550433126982,0.0,0.3469702593800163,0.3613491454846271,0.0
5895.0558272940425,98.25093045490071,替钻井液(一段),0.3724811606688949,0.3724811606688949,1372.2920240963854,547.1229638554216,645.7844819277108,0.3694779116464209,0.1936862392985681,3.733003343572673,0.5260249845581311,0.0,0.3476374400534405,0.3611766418599739,0.0
5896.379902835716,98.27299838059527,替钻井液(一段),0.3731680588010333,0.3731680588010333,1372.2920240963854,556.0921927710842,645.7844819277108,0.36546184738939463,0.19398384065902802,3.6869308056531627,0.5216373543026842,0.0,0.34830463041226384,0.3610042371199617,0.0
5897.704018318585,98.29506697197642,替钻井液(一段),0.37385500836180036,0.37385500836180036,1381.261253012048,556.0921927710842,645.7844819277108,0.3694779116464209,0.19428149950262186,3.721879985214953,0.5249693720079562,0.0,0.348971838022575,0.36083192724760466,0.0
5899.028177678638,98.31713629464396,替钻井液(一段),0.37454201251329017,0.37454201251329017,1381.261253012048,556.0921927710842,654.7537108433734,0.3694779116464209,0.19457922044445936,3.7163038214607136,0.524439306775849,0.0,0.34963906933446426,0.36065970463641245,0.0
5900.352385113225,98.33920641855374,替钻井液(一段),0.37522907261562904,0.37522907261562904,1381.261253012048,556.0921927710842,654.7537108433734,0.3694779116464209,0.19487701177576439,3.7107183757345608,0.5239077662537515,0.0,0.35030632902030157,0.36048756266659504,0.0
5901.676645085357,98.36127741808929,替钻井液(一段),0.3759161928914987,0.3759161928914987,1381.261253012048,556.0921927710842,654.7537108433734,0.3694779116464209,0.1951748730952306,3.705125161558395,0.52337489109464,0.0,0.35097362466160054,0.3603154961603375,0.0
5903.00096232694,98.38334937211566,替钻井液(一段),0.37660337511373265,0.37660337511373265,1390.2304819277106,556.0921927710842,654.7537108433734,0.3734939759034472,0.19547281118163978,3.7397375473327754,0.5266629237266989,0.0,0.3516409617545922,0.3601434979404562,0.0
5904.325341840961,98.40542236401602,替钻井液(一段),0.3772906220135751,0.3772906220135751,1390.2304819277106,565.0614216867469,654.7537108433734,0.36947791164642085,0.19577083067034287,3.693919595969895,0.5223055224704045,0.0,0.35230834655272375,0.3599715626573331,0.0
5905.64978890245,98.42749648170751,替钻井液(一段),0.37797793655138406,0.37797793655138406,1390.2304819277106,565.0614216867469,654.7537108433734,0.36947791164642085,0.196068935210601,3.688309588397913,0.5217692477489317,0.0,0.3529757856112967,0.3597996844941606,0.0
5906.974309058279,98.44957181763797,替钻井液(一段),0.3786653221463519,0.3786653221463519,1399.1997108433732,565.0614216867469,663.7229397590361,0.37349397590344713,0.19636712939672343,3.722725590702178,0.5250497029160651,0.0,0.35364328598238115,0.35962785771556144,0.0
5908.298908125763,98.47164846876271,替钻井液(一段),0.3793527830319833,0.3793527830319833,1399.1997108433732,565.0614216867469,663.7229397590361,0.37349397590344713,0.19666541497926956,3.717049267340175,0.524510202442669,0.0,0.35431085548341307,0.35945607655175815,0.0
5909.623592190222,98.4937265365037,替钻井液(一段),0.38004032151123057,0.38004032151123057,1399.1997108433732,565.0614216867469,663.7229397590361,0.37349397590344713,0.1969637987310467,3.7113722778327536,0.5239700257246189,0.0,0.3549785001337977,0.35928433470896043,0.0
5910.948367601188,98.51580612668646,替钻井液(一段),0.38072793993238174,0.38072793993238174,1399.1997108433732,565.0614216867469,663.7229397590361,0.37349397590344713,0.19726228776914947,3.7056958334833587,0.523429287304019,0.0,0.3556462259625233,0.35911262748733835,0.0
5912.273235334104,98.5378872555684,替钻井液(一段),0.3814156405096042,0.3814156405096042,1408.168939759036,574.0306506024095,663.7229397590361,0.37349397590344724,0.1975608806136587,3.70002119674618,0.5228881071271915,0.0,0.3563140387497404,0.35894095038527524,0.0
5913.598189893227,98.55996983155379,替钻井液(一段),0.38210341997563824,0.38210341997563824,1408.168939759036,574.0306506024095,663.7229397590361,0.37349397590344724,0.19785957925753386,3.6943496267845894,0.5223466053727571,0.0,0.3569819390403604,0.3587692979392355,0.0
5914.923237678852,98.5820539613142,替钻井液(一段),0.38279128059235473,0.38279128059235473,1408.168939759036,574.0306506024095,663.7229397590361,0.37349397590344724,0.198158391275617,3.6886822922515305,0.5218048941092182,0.0,0.35764993254484134,0.3585976673863072,0.0
5916.24837533461,98.60413958891016,替钻井液(一段),0.38347922233880494,0.38347922233880494,1408.168939759036,574.0306506024095,672.6921686746987,0.37349397590344724,0.19845731329759428,3.6830205520900945,0.5212631041324971,0.0,0.35831802281891717,0.35842605536424527,0.0
5917.573601652199,98.62622669420331,替钻井液(一段),0.38416724347693904,0.38416724347693904,1417.1381686746986,574.0306506024095,672.6921686746987,0.3775100401604735,0.198756348923088,3.716906644805886,0.5244966391372353,0.0,0.35898621157002786,0.35825445760847713,0.0
5918.898923080864,98.64831538468107,替钻井液(一段),0.3848553449415406,0.3848553449415406,1417.1381686746986,574.0306506024095,672.6921686746987,0.3775100401604735,0.19905550677273004,3.711197274027095,0.5239533640216133,0.0,0.3596545031458281,0.35808287204322314,0.0
5920.224332919599,98.67040554865999,替钻井液(一段),0.38554352628906524,0.38554352628906524,1417.1381686746986,582.9998795180721,672.6921686746987,0.37349397590344724,0.19935478132810705,3.6660755259367934,0.5196379099479902,0.0,0.3603229004593223,0.35791129679884726,0.0
5921.549833368827,98.69249722281378,替钻井液(一段),0.3862317884083132,0.3862317884083132,1426.1073975903612,582.9998795180721,672.6921686746987,0.3775100401604735,0.19965417508279454,3.6998028655980133,0.5228672729948458,0.0,0.36099140745927716,0.35773972784541413,0.0
5922.875430933928,98.71459051556548,替钻井液(一段),0.38692013204586645,0.38692013204586645,1426.1073975903612,582.9998795180721,672.6921686746987,0.3775100401604735,0.19995369606970856,3.6941198904047163,0.5223246579962068,0.0,0.3616600279243558,0.35756816309104245,0.0
5924.201132367651,98.73668553946085,替钻井液(一段),0.38760856124350596,0.38760856124350596,1426.1073975903612,582.9998795180721,672.6921686746987,0.3775100401604735,0.20025334501986541,3.68844753204327,0.521782441345591,0.0,0.3623287689195987,0.35739660170925525,0.0
5925.526944663326,98.75878241105542,替钻井液(一段),0.38829707995599805,0.38829707995599805,1426.1073975903612,582.9998795180721,681.6613975903613,0.3775100401604735,0.20055312216655682,3.6827864846968983,0.521240692268464,0.0,0.36299763711153976,0.357225040440607,0.0
5926.852875047094,98.7808812507849,替钻井液(一段),0.38898569072917705,0.38898569072917705,1435.0766265060238,582.9998795180721,681.6613975903613,0.38152610441749985,0.2008530321149446,3.716256017444458,0.5244347600118918,0.0,0.3636666377329552,0.3570534766802679,0.0
5928.178930969294,98.80298218282157,替钻井液(一段),0.3896743975205936,0.3896743975205936,1435.0766265060238,591.9691084337348,681.6613975903613,0.37751004016047346,0.2011530763698871,3.6715014234229706,0.520158906300956,0.0,0.3643357772954168,0.35688190948235526,0.0
5929.505120095028,98.82508533491713,替钻井液(一段),0.3903632038314219,0.3903632038314219,1435.0766265060238,591.9691084337348,681.6613975903613,0.37751004016047346,0.20145325790676835,3.6658788387843613,0.5196190133659955,0.0,0.36500506166402186,0.356710336926545,0.0
5930.831450294079,98.84719083823465,替钻井液(一段),0.39105211309580235,0.39105211309580235,1435.0766265060238,591.9691084337348,681.6613975903613,0.37751004016047346,0.20175357912479816,3.660270076455468,0.5190798424581158,0.0,0.36567449669502217,0.3565387577397501,0.0
5932.157929630066,98.86929882716777,替钻井液(一段),0.39174112790116694,0.39174112790116694,1444.0458554216864,591.9691084337348,681.6613975903613,0.3815261044174998,0.20205404401643015,3.693554978395977,0.5222706860399282,0.0,0.3663440871556498,0.3563671708932548,0.0
5933.484566349053,98.89140943915089,替钻井液(一段),0.3924302535181526,0.3924302535181526,1444.0458554216864,591.9691084337348,681.6613975903613,0.3815261044174998,0.20235465025468932,3.687915800222069,0.521731581942604,0.0,0.3670138403445278,0.3561955766957274,0.0
5934.811368867636,98.91352281446059,替钻井液(一段),0.3931194940874234,0.3931194940874234,1444.0458554216864,591.9691084337348,681.6613975903613,0.3815261044174998,0.20265539810777172,3.68229189041785,0.5211933316031422,0.0,0.3676837624431686,0.3560239733470666,0.0
5936.138345760618,98.9356390960103,替钻井液(一段),0.3938088513994077,0.3938088513994077,1444.0458554216864,591.9691084337348,690.630626506024,0.3815261044174998,0.20295629287939995,3.6766836774015563,0.520655980343447,0.0,0.3683538571047487,0.3558523601859103,0.0
5937.46550574872,98.95775842914533,替钻井液(一段),0.39449833030772363,0.39449833030772363,1453.0150843373492,600.9383373493974,690.630626506024,0.3815261044174999,0.20325733517005393,3.6710909076715073,0.5201195082181922,0.0,0.36902413089915165,0.3556807388751912,0.0
5938.792857685968,98.9798809614328,替钻井液(一段),0.3951879360574933,0.3951879360574933,1453.0150843373492,600.9383373493974,690.630626506024,0.3815261044174999,0.20355852240458105,3.665513585423369,0.5195839199302266,0.0,0.3696945907213134,0.3555091089133613,0.0
5940.120410546449,99.00200684244082,替钻井液(一段),0.39587767161369863,0.39587767161369863,1453.0150843373492,600.9383373493974,690.630626506024,0.3815261044174999,0.20385985679816118,3.6599516493626107,0.5190492138812968,0.0,0.3703652411057171,0.35533746954844025,0.0
5941.448173411032,99.0241362235172,替钻井液(一段),0.3965675403050678,0.3965675403050678,1461.9843132530118,600.9383373493974,690.630626506024,0.3855421686745262,0.2041613398187969,3.692872465908279,0.5222054703444734,0.0,0.3710360868500045,0.35516582216252984,0.0
5942.776155454517,99.04626925757528,替钻井液(一段),0.39725754722108003,0.39725754722108003,1461.9843132530118,600.9383373493974,690.630626506024,0.3855421686745262,0.20446296891369123,3.6872826656790036,0.5216710164568089,0.0,0.3717071344284107,0.3549941679520059,0.0
5944.10436593281,99.06840609888016,替钻井液(一段),0.397947696307689,0.397947696307689,1461.9843132530118,600.9383373493974,690.630626506024,0.3855421686745262,0.20476474438575873,3.6817075859388204,0.5211373745574239,0.0,0.3723783890871059,0.35482250673872073,0.0
5945.432814169623,99.09054690282706,替钻井液(一段),0.3986379917941947,0.3986379917941947,1461.9843132530118,600.9383373493974,699.5998554216866,0.3855421686745262,0.205066665829417,3.6761469208174367,0.520604519369573,0.0,0.37304985628703713,0.3546508394989069,0.0
5946.761509543738,99.11269182572896,替钻井液(一段),0.399328437566215,0.399328437566215,1470.9535421686744,609.9075662650602,699.5998554216866,0.3855421686745261,0.20536873279963264,3.6706002437666596,0.5200724139002901,0.0,0.3737215410982016,0.35447916722896466,0.0
5948.0904614765495,99.13484102460916,替钻井液(一段),0.40001903833572816,0.40001903833572816,1470.9535421686744,609.9075662650602,699.5998554216866,0.3855421686745261,0.20567094257023283,3.665066855957963,0.5195409948089391,0.0,0.37439344935130303,0.3543074910545637,0.0
5949.419679419328,99.1569946569888,替钻井液(一段),0.40070979744161184,0.40070979744161184,1470.9535421686744,609.9075662650602,699.5998554216866,0.3855421686745261,0.20597329450221613,3.659546401411444,0.5190102314374252,0.0,0.375065585354714,0.35413581151492146,0.0
5950.749172841314,99.17915288068858,替钻井液(一段),0.4014007197663602,0.4014007197663602,1470.9535421686744,609.9075662650602,699.5998554216866,0.3855421686745261,0.20627578624056164,3.6540387189675263,0.5184801117371285,0.0,0.37573795507354824,0.3539641304295591,0.0
5952.0789512182155,99.20131585363693,替钻井液(一段),0.4020918093512193,0.4020918093512193,1479.922771084337,609.9075662650602,699.5998554216866,0.3895582329315524,0.2065784165632012,3.6865482480557517,0.5216007526495922,0.0,0.37641056349456775,0.35379244814745026,0.0
5953.409024020349,99.22348373367248,替钻井液(一段),0.4027830699330062,0.4027830699330062,1479.922771084337,609.9075662650602,699.5998554216866,0.3895582329315524,0.2068811840425372,3.6810060050641114,0.5210701776712044,0.0,0.3770834153569289,0.35362076588775054,0.0
5954.739400701663,99.24565667836104,替钻井液(一段),0.40347450658331213,0.40347450658331213,1479.922771084337,609.9075662650602,708.5690843373493,0.3895582329315524,0.20718408330394827,3.675474132656169,0.5205400087086827,0.0,0.3777565166125487,0.3534490848947291,0.0
5956.070090689316,99.26783484482193,替钻井液(一段),0.40416612292613885,0.40416612292613885,1479.922771084337,618.8767951807228,708.5690843373493,0.3855421686745261,0.2074871126473529,3.6321171211631436,0.5163643399514115,0.0,0.3784298718753348,0.35327740526358076,0.0
5957.401103373335,99.29001838955558,替钻井液(一段),0.4048579225662554,0.4048579225662554,1488.8919999999998,618.8767951807228,708.5690843373493,0.3895582329315525,0.20779027091888227,3.6644380699415087,0.5194805698287916,0.0,0.37910348567345153,0.35310572808345975,0.0
5958.732448096683,99.31220746827805,替钻井液(一段),0.40554991108819505,0.40554991108819505,1488.8919999999998,618.8767951807228,708.5690843373493,0.3895582329315525,0.20809355146469496,3.658932794546025,0.518951200090458,0.0,0.37977736461807216,0.35293405472103895,0.0
5960.064134145943,99.33440223576572,替钻井液(一段),0.4062420917765858,0.4062420917765858,1488.8919999999998,618.8767951807228,708.5690843373493,0.3895582329315525,0.2083969511606634,3.653435346027498,0.5184220010168228,0.0,0.38045151284982925,0.3527623843597673,0.0
5961.396170741924,99.35660284569873,替钻井液(一段),0.4069344675600499,0.4069344675600499,1497.8612289156624,618.8767951807228,708.5690843373493,0.3935742971885788,0.20870046884222798,3.6855529954821757,0.5215055175551848,0.0,0.3811259344485123,0.3525907180479283,0.0
5962.728567030902,99.37880945051504,替钻井液(一段),0.4076270442069636,0.4076270442069636,1497.8612289156624,618.8767951807228,708.5690843373493,0.3935742971885788,0.209004096536151,3.680013591217952,0.5209751089193585,0.0,0.38180063626673655,0.35241905665417805,0.0
5964.061332076756,99.40102220127928,替钻井液(一段),0.40831982460553634,0.40831982460553634,1497.8612289156624,618.8767951807228,717.5383132530119,0.3935742971885788,0.20930783041050305,3.674480705078091,0.5204447374889036,0.0,0.38247562217067255,0.3522473989913927,0.0
5965.394474853153,99.42324124755255,替钻井液(一段),0.4090128117966235,0.4090128117966235,1497.8612289156624,627.8460240963855,717.5383132530119,0.38955823293155245,0.20961166795355507,3.631515602325515,0.5163061532594289,0.0,0.38315089656491536,0.352075745775925,0.0
5966.728000510985,99.44546667518308,替钻井液(一段),0.40970600879602687,0.40970600879602687,1506.830457831325,627.8460240963855,717.5383132530119,0.3935742971885787,0.209915599080074,3.663432803283381,0.5193839500839097,0.0,0.383826463717767,0.3519040970393435,0.0
5968.061867205376,99.46769778675626,替钻井液(一段),0.41039939217802357,0.41039939217802357,1506.830457831325,627.8460240963855,717.5383132530119,0.3935742971885787,0.21021960798322853,3.6579170114307322,0.5188534619129992,0.0,0.3845023021711177,0.3517324517559597,0.0
5969.396082819896,99.48993471366494,替钻井液(一段),0.4110929637069726,0.4110929637069726,1506.830457831325,627.8460240963855,717.5383132530119,0.3935742971885787,0.21052369125977546,3.6524061260364484,0.5183228608727104,0.0,0.3851784152175794,0.3515608164749984,0.0
5970.730655138926,99.51217758564876,替钻井液(一段),0.41178672767033125,0.41178672767033125,1506.830457831325,627.8460240963855,717.5383132530119,0.3935742971885787,0.21082783735159683,3.646899942079556,0.51779212810795,0.0,0.3858548085629001,0.35138919110138567,0.0
5972.065591843165,99.53442653071941,替钻井液(一段),0.4124806860488086,0.4124806860488086,1515.7996867469876,627.8460240963855,717.5383132530119,0.39759036144560506,0.21113203949424697,3.6785551358281543,0.5208353612519268,0.0,0.38653148569105505,0.3512175733380821,0.0
5973.400900504928,99.55668167508215,替钻井液(一段),0.4131748394521739,0.4131748394521739,1515.7996867469876,627.8460240963855,726.5075421686746,0.39759036144560506,0.21143629440468584,3.673000901700275,0.5203027869845935,0.0,0.38720844910965996,0.35104596254244513,0.0
5974.736588583296,99.57894314305493,替钻井液(一段),0.41386919158778873,0.41386919158778873,1515.7996867469876,636.8152530120481,726.5075421686746,0.3935742971885787,0.21174058822999578,3.630405413143778,0.5161987430001145,0.0,0.38788570412411183,0.3508743583820162,0.0
5976.072663420647,99.60121105701077,替钻井液(一段),0.41456374379011196,0.41456374379011196,1515.7996867469876,636.8152530120481,726.5075421686746,0.3935742971885787,0.21204491102906098,3.624914558724889,0.5156671547121758,0.0,0.38856325368980094,0.3507027581511101,0.0
5977.4091322384675,99.62348553730779,替钻井液(一段),0.415258495289955,0.415258495289955,1524.7689156626504,636.8152530120481,726.5075421686746,0.39759036144560517,0.21234925867361157,3.6563601539947013,0.5187036232733415,0.0,0.38924109911751376,0.35053116063063583,0.0
5978.74600213317,99.6457667022195,替钻井液(一段),0.4159534478708938,0.4159534478708938,1524.7689156626504,636.8152530120481,726.5075421686746,0.39759036144560517,0.21265361656891427,3.650820331441316,0.5181700684434849,0.0,0.38991924386895027,0.3503595656514671,0.0
5980.083280074259,99.66805466790431,替钻井液(一段),0.4166486025200121,0.4166486025200121,1524.7689156626504,636.8152530120481,726.5075421686746,0.39759036144560517,0.21295797119151594,3.6452838812874058,0.5176362474709622,0.0,0.39059769075199724,0.35018797106426164,0.0
5981.420972900442,99.6903495483407,替钻井液(一段),0.4173439577568968,0.4173439577568968,1533.738144578313,636.8152530120481,735.4767710843372,0.40160642570263144,0.21326231475433166,3.6765159203252695,0.5206398974033912,0.0,0.3912764404816711,0.35001637489810944,0.0
5982.759087318255,99.71265145530425,替钻井液(一段),0.4180395141447352,0.4180395141447352,1533.738144578313,645.7844819277108,735.4767710843372,0.3975903614456051,0.21356663172050752,3.6342210531584755,0.5165678044487148,0.0,0.3919554957200437,0.3498447765923358,0.0
5984.097629899927,99.73496049833211,替钻井液(一段),0.4187352711840762,0.4187352711840762,1533.738144578313,645.7844819277108,735.4767710843372,0.3975903614456051,0.21387090813809498,3.6286948071647416,0.5160331960185858,0.0,0.3926348581820048,0.349673173690037,0.0
5985.436607081685,99.75727678469475,替钻井液(一段),0.4194312276621193,0.4194312276621193,1533.738144578313,645.7844819277108,735.4767710843372,0.3975903614456051,0.21417513044364825,3.623172117329866,0.515498340979361,0.0,0.3933145290331815,0.34950156417751715,0.0
5986.776025162112,99.77960041936853,替钻井液(一段),0.4201273832107289,0.4201273832107289,1542.7073734939756,645.7844819277108,735.4767710843372,0.4016064257026314,0.21447928112859152,3.6541948937801543,0.5184951517579053,0.0,0.39399451045611517,0.3493299462045188,0.0
5988.115890301225,99.8019315050204,替钻井液(一段),0.4208237353556395,0.4208237353556395,1542.7073734939756,645.7844819277108,735.4767710843372,0.4016064257026314,0.21478334608029795,3.6486235180439754,0.5179583238407766,0.0,0.3946748024272446,0.34915831679255743,0.0
5989.456013784376,99.82426689640627,替钻井液(一段),0.4215201812225677,0.4215201812225677,1542.7073734939756,645.7844819277108,735.4767710843372,0.4016064257026314,0.21508726539237746,3.64305586591098,0.5174212568027352,0.0,0.39535530696260923,0.34898667440326275,0.0
5990.796129428528,99.84660215714213,替钻井液(一段),0.42221657834568027,0.42221657834568027,1542.7073734939756,645.7844819277108,744.4459999999999,0.4016064257026314,0.215390959081631,3.637491828642251,0.5168839406710362,0.0,0.3960358874267225,0.3488150419149938,0.0
5992.136236506256,99.86893727510427,替钻井液(一段),0.42291291830517747,0.42291291830517747,1551.6766024096382,654.7537108433734,744.4459999999999,0.4016064257026314,0.21569441229107786,3.6319312068843264,0.5163463566620888,0.0,0.3967165380799096,0.3486434515508954,0.0
5993.476334255661,99.89127223759435,替钻井液(一段),0.423609195770128,0.423609195770128,1551.6766024096382,654.7537108433734,744.4459999999999,0.4016064257026314,0.21599760086899833,3.6263744743138338,0.5158085510827095,0.0,0.39739725629689143,0.34847190359775637,0.0
5994.816421880447,99.91360703134077,替钻井液(一段),0.42430540543306033,0.42430540543306033,1551.6766024096382,654.7537108433734,744.4459999999999,0.4016064257026314,0.21630049899304066,3.6208223505082473,0.5152705942837124,0.0,0.3980780395270037,0.34830039575684174,0.0
5996.156498550512,99.93594164250854,替钻井液(一段),0.42500153817585146,0.42500153817585146,1551.6766024096382,654.7537108433734,744.4459999999999,0.4016064257026314,0.21660308875378545,3.6152755414467794,0.5147325556071141,0.0,0.3987588814946341,0.3481289255240634,0.0
5997.496563402888,99.9582760567148,替钻井液(一段),0.425697587470269,0.425697587470269,1560.6458313253008,654.7537108433734,744.4459999999999,0.40562248995965766,0.21690534368137437,3.6458320321246562,0.5176891261913193,0.0,0.39943977846102324,0.34795749291388134,0.0
5998.836615543099,99.98061025905164,替钻井液(一段),0.4263935476124833,0.4263935476124833,1560.6458313253008,654.7537108433734,744.4459999999999,0.40562248995965766,0.21720723380319978,3.640242278212719,0.5171496248608134,0.0,0.4001207276275353,0.3477860958040398,0.0
6000.176654046826,100.00294423411377,替钻井液(一段),0.427089409109343,0.427089409109343,1560.6458313253008,663.7229397590361,753.4152289156625,0.40160642570263133,0.21750873643406893,3.5986728503257175,0.5131185282723298,0.0,0.40080172235908085,0.34761473107625657,0.0
6001.516677961784,100.02527796602973,替钻井液(一段),0.42778516352008805,0.42778516352008805,1569.6150602409637,663.7229397590361,753.4152289156625,0.4056224899596577,0.2178098248329379,3.6290844864921916,0.5160709129205536,0.0,0.4014827572048141,0.347443398323758,0.0
6002.856686309868,100.0476114384978,替钻井液(一段),0.4284808045881869,0.4284808045881869,1569.6150602409637,663.7229397590361,753.4152289156625,0.4056224899596577,0.21811046526689995,3.623517479877679,0.5155318055690818,0.0,0.4021638288263186,0.3472720960334366,0.0
6004.196678089515,100.06994463482526,替钻井液(一段),0.4291763231536396,0.4291763231536396,1569.6150602409637,663.7229397590361,753.4152289156625,0.4056224899596577,0.21841062887703766,3.6179590108860302,0.5149929258026963,0.0,0.4028449309010699,0.3471008207296044,0.0
6005.536652278373,100.09227753797289,替钻井液(一段),0.4298717085748744,0.4298717085748744,1569.6150602409637,663.7229397590361,753.4152289156625,0.4056224899596577,0.21871028957058428,3.612409000163846,0.5144542680099247,0.0,0.40352605593287183,0.34692957104196925,0.0
6006.876607836182,100.11461013060304,替钻井液(一段),0.4305669538853614,0.4305669538853614,1578.5842891566263,663.7229397590361,753.4152289156625,0.409638554216684,0.2190094101168477,3.6425793426841193,0.5173752626150555,0.0,0.40420719983472475,0.3467583463323569,0.0
6008.2165437079,100.13694239513167,替钻井液(一段),0.431262049750515,0.431262049750515,1578.5842891566263,672.6921686746987,762.3844578313252,0.4056224899596577,0.21930795770107697,3.6013357338506014,0.5133777609654827,0.0,0.4048883561762103,0.3465871430173284,0.0
6009.55645882705,100.15927431378417,替钻井液(一段),0.43195698442481983,0.43195698442481983,1578.5842891566263,672.6921686746987,762.3844578313252,0.4056224899596577,0.21960590372553004,3.595813099534376,0.512839976686299,0.0,0.4055695162876983,0.34641595906582867,0.0
6010.896352119284,100.18160586865473,替钻井液(一段),0.43265174998693273,0.43265174998693273,1578.5842891566263,672.6921686746987,762.3844578313252,0.4056224899596577,0.21990320914889022,3.590299591763881,0.5123024882813095,0.0,0.4062506752268067,0.3462447940759003,0.0
6012.236222506171,100.2039370417695,替钻井液(一段),0.4333463361606481,0.4333463361606481,1587.5535180722889,672.6921686746987,762.3844578313252,0.409638554216684,0.2201998382459695,3.6202878602003308,0.5152187748802014,0.0,0.40693182555186397,0.34607364437930827,0.0
6013.576068909335,100.22626781515558,替钻井液(一段),0.43404073114322067,0.43404073114322067,1587.5535180722889,672.6921686746987,762.3844578313252,0.409638554216684,0.22049575835444438,3.614737666523336,0.5146803501612638,0.0,0.40761295853819957,0.3459025080392636,0.0
6014.915890254777,100.24859817091296,替钻井液(一段),0.43473492538775155,0.43473492538775155,1587.5535180722889,672.6921686746987,762.3844578313252,0.409638554216684,0.22079093003724806,3.609196476804838,0.5141422023676665,0.0,0.408294067639031,0.3457313839705167,0.0
6016.255685477468,100.27092809129114,替钻井液(一段),0.4354289079549639,0.4354289079549639,1587.5535180722889,681.6613975903613,762.3844578313252,0.4056224899596577,0.22108531527492598,3.5683339621774333,0.5101552586310474,0.0,0.4089751447365531,0.3455602691263099,0.0
6017.595453526234,100.29325755877058,替钻井液(一段),0.43612266699537666,0.43612266699537666,1596.5227469879515,681.6613975903613,771.3536867469878,0.409638554216684,0.22137887778860116,3.5981405749453477,0.5130666945092834,0.0,0.409656181005901,0.3453891613601134,0.0
6018.935193368891,100.31558655614819,替钻井液(一段),0.43681619113139225,0.43681619113139225,1596.5227469879515,681.6613975903613,771.3536867469878,0.409638554216684,0.22167157924753844,3.5926265718328283,0.5125294079513478,0.0,0.4103371680155942,0.3452180590204799,0.0
6020.274903997519,100.33791506662531,替钻井液(一段),0.43750946980860445,0.43750946980860445,1596.5227469879515,681.6613975903613,771.3536867469878,0.409638554216684,0.22196337717429712,3.587121857154229,0.5119924351126716,0.0,0.41101809787609145,0.3450469599325981,0.0
6021.614584433934,100.3602430738989,替钻井液(一段),0.4382024917795685,0.4382024917795685,1605.4919759036143,681.6613975903613,771.3536867469878,0.41365461847371043,0.22225423076535303,3.6167400522412145,0.5148746706752931,0.0,0.41169896231301756,0.34487586111168794,0.0
6022.954233735665,100.38257056226108,替钻井液(一段),0.4388952431199514,0.4388952431199514,1605.4919759036143,681.6613975903613,771.3536867469878,0.41365461847371043,0.22254410496022034,3.611199665751052,0.5143368163741304,0.0,0.4123797504687326,0.34470475981714094,0.0
6024.293851002014,100.40489751670023,替钻井液(一段),0.4395877134363759,0.4395877134363759,1605.4919759036143,690.630626506024,771.3536867469878,0.40963855421668405,0.22283295460876043,3.5706624840974155,0.5103833283639214,0.0,0.41306045459790586,0.3445336552126823,0.0
6025.633435380387,100.42722392300645,替钻井液(一段),0.44027989179878807,0.44027989179878807,1605.4919759036143,690.630626506024,771.3536867469878,0.40963855421668405,0.223120735550935,3.5651954274752677,0.5098476831636268,0.0,0.41374106653676007,0.3443625435508815,0.0
6026.972986072763,100.44954976787939,替钻井液(一段),0.4409717642870434,0.4409717642870434,1614.4612048192769,690.630626506024,780.3229156626504,0.4136546184737104,0.22340741104131304,3.59463777967063,0.5127254494557687,0.0,0.4144215753847803,0.3441914215098601,0.0
6028.312502342499,100.47187503904165,替钻井液(一段),0.4416633193547725,0.4416633193547725,1614.4612048192769,690.630626506024,780.3229156626504,0.4136546184737104,0.2236929380380201,3.5891377443735233,0.5121891490972812,0.0,0.4151019724001038,0.34402028780305505,0.0
6029.6519835212885,100.4941997253548,替钻井液(一段),0.44235454554746345,0.44235454554746345,1614.4612048192769,690.630626506024,780.3229156626504,0.4136546184737104,0.22397727252757507,3.583648678448079,0.5116533298524286,0.0,0.4157822488633906,0.34384913914129356,0.0
6030.991429016206,100.51652381693677,替钻井液(一段),0.4430454303908388,0.4430454303908388,1614.4612048192769,690.630626506024,780.3229156626504,0.4136546184737104,0.2242603732075899,3.57817105228648,0.5111180405952555,0.0,0.4164623951259766,0.34367797199513905,0.0
6032.330838316912,100.53884730528188,替钻井液(一段),0.4437359603542836,0.4437359603542836,1623.4304337349395,690.630626506024,780.3229156626504,0.41767068273073665,0.22454220221203203,3.6073914805942113,0.5139667764085265,0.0,0.4171424006590496,0.34350678353841596,0.0
6033.670211003116,100.56117018338526,替钻井液(一段),0.4444261244941222,0.4444261244941222,1623.4304337349395,699.5998554216866,789.2921445783131,0.4136546184737104,0.2248227144442791,3.567250513340257,0.5100491027869336,0.0,0.4178222571950246,0.34333557165378,0.0
6035.009546752249,100.58349244587082,替钻井液(一段),0.44511591118915045,0.44511591118915045,1623.4304337349395,699.5998554216866,789.2921445783131,0.4136546184737104,0.2251018668619981,3.5618080090816786,0.509515500457409,0.0,0.4185019558611334,0.343164332233731,0.0
6036.3488453470445,100.6058140891174,替钻井液(一段),0.4458053069469747,0.4458053069469747,1623.4304337349395,699.5998554216866,789.2921445783131,0.4136546184737104,0.2253796222688156,3.556378087925029,0.5089825526911371,0.0,0.4191814861880724,0.34299306151659104,0.0
6037.688106683281,100.62813511138802,替钻井液(一段),0.4464943002477712,0.4464943002477712,1632.399662650602,699.5998554216866,789.2921445783131,0.41767068273073665,0.2256559390499671,3.5854366819424275,0.5118279317422245,0.0,0.4198608394818912,0.34282175705337553,0.0
6039.027330777404,100.65045551295674,替钻井液(一段),0.4471828798281919,0.4471828798281919,1632.399662650602,699.5998554216866,798.2613734939757,0.41767068273073665,0.22593077521597554,3.5799811486325352,0.5112949932528612,0.0,0.42054000717234824,0.3426504148975423,0.0
6040.366517773912,100.67277529623188,替钻井液(一段),0.4478710338836806,0.4478710338836806,1632.399662650602,699.5998554216866,798.2613734939757,0.41767068273073665,0.22620409135844152,3.574539726507579,0.5107628536985291,0.0,0.4212189803089883,0.34247903087815956,0.0
6041.705667952804,100.69509446588008,替钻井液(一段),0.44855874933260576,0.44855874933260576,1641.3688915662647,708.5690843373493,807.2306024096384,0.4176706827307366,0.22647585260262856,3.5691128235535685,0.5102315569181853,0.0,0.42189774882435077,0.34230760118113795,0.0
6043.0447817368395,100.71741302894732,替钻井液(一段),0.4492460155662438,0.4492460155662438,1641.3688915662647,708.5690843373493,807.2306024096384,0.4176706827307366,0.2267460190168384,3.5637011795217344,0.5097011794541599,0.0,0.42257630496437204,0.34213612296172236,0.0
6044.38385969888,100.73973099498133,替钻井液(一段),0.4499328215748098,0.4499328215748098,1641.3688915662647,708.5690843373493,816.199831325301,0.4176706827307366,0.22701455238261217,3.5583055769106116,0.5091718023554124,0.0,0.42325464050465605,0.3419645914730571,0.0
6045.722902568913,100.76204837614856,替钻井液(一段),0.45061915572468714,0.45061915572468714,1641.3688915662647,708.5690843373493,816.199831325301,0.4176706827307366,0.22728141782371133,3.5529269263189747,0.5086435195863828,0.0,0.4239327466880256,0.34179300245978594,0.0
6047.061911240722,100.78436518734537,替钻井液(一段),0.45130500714682587,0.45130500714682587,1650.3381204819275,708.5690843373493,816.199831325301,0.421686746987763,0.22754658080294646,3.5816774459544454,0.511460762930635,0.0,0.4246106156677958,0.34162135220568673,0.0
6048.400886778161,100.80668144630269,替钻井液(一段),0.451990365867952,0.451990365867952,1650.3381204819275,708.5690843373493,816.199831325301,0.421686746987763,0.22781000558418157,3.5762843947915406,0.5109335352250304,0.0,0.42528824032461854,0.34144963628713365,0.0
6049.739830420859,100.82899717368099,替钻井液(一段),0.452675221199572,0.452675221199572,1650.3381204819275,708.5690843373493,816.199831325301,0.421686746987763,0.2280716597989094,3.5709113985523913,0.5104077022906075,0.0,0.42596561281778506,0.34127784969253605,0.0
6051.0787435897555,100.85131239316259,替钻井液(一段),0.45335956296668684,0.45335956296668684,1650.3381204819275,717.5383132530119,825.1690602409637,0.4176706827307367,0.2283315119494534,3.5316021755819396,0.5065434334949153,0.0,0.4266427258640716,0.3411059881755965,0.0
6052.4176278920595,100.87362713153432,替钻井液(一段),0.45404338120110543,0.45404338120110543,1659.30734939759,717.5383132530119,825.1690602409637,0.421686746987763,0.2285895320109183,3.5602309142720197,0.5093607679442183,0.0,0.4273195724429494,0.34093404725059123,0.0
6053.756485125472,100.89594141875787,替钻井液(一段),0.4547266665754562,0.4547266665754562,1659.30734939759,717.5383132530119,825.1690602409637,0.421686746987763,0.2288456903635473,3.554925912297476,0.5088399232659052,0.0,0.42799614610455866,0.3407620223766942,0.0
6055.095317281846,100.91825528803078,替钻井液(一段),0.45540940955382747,0.45540940955382747,1659.30734939759,717.5383132530119,825.1690602409637,0.421686746987763,0.22909995947166534,3.54964640160769,0.5083210323900204,0.0,0.42867244007571426,0.34058990881201084,0.0
6056.434126550522,100.94056877584202,替钻井液(一段),0.4560916017634334,0.4560916017634334,1659.30734939759,717.5383132530119,825.1690602409637,0.421686746987763,0.22935231173249293,3.5443940646250747,0.5078042682905909,0.0,0.4293484488064635,0.340417702306557,0.0
6057.772915320938,100.96288192201564,替钻井液(一段),0.45677323444521034,0.45677323444521034,1668.2765783132527,717.5383132530119,825.1690602409637,0.42570281124478926,0.2296027224734209,3.57287673488162,0.5106001071799382,0.0,0.43002416635856133,0.3402453978354746,0.0
6059.111686184529,100.98519476974215,替钻井液(一段),0.45745429977374463,0.45745429977374463,1668.2765783132527,726.5075421686746,825.1690602409637,0.42168674698776293,0.22985116677468184,3.5339770019174455,0.5067777525737112,0.0,0.4306995875576362,0.3400729909581069,0.0
6060.450441935753,101.00750736559588,替钻井液(一段),0.4581347898305279,0.4581347898305279,1668.2765783132527,726.5075421686746,825.1690602409637,0.42168674698776293,0.2300976222480251,3.5288158443267674,0.5062683701694148,0.0,0.43137470710574327,0.33990047694022596,0.0
6061.7891855724965,101.02981975954161,替钻井液(一段),0.4588146966621481,0.4588146966621481,1668.2765783132527,726.5075421686746,825.1690602409637,0.42168674698776293,0.23034206856876785,3.523688731824768,0.5057618269810216,0.0,0.43204951957905013,0.3397278515135008,0.0
6063.127920295675,101.05213200492791,替钻井液(一段),0.459494013449277,0.459494013449277,1677.2458072289153,726.5075421686746,834.1382891566263,0.42570281124478926,0.230584485451498,3.5521078198793674,0.5085630183412042,0.0,0.43272402064444787,0.33955511086849993,0.0
6064.466649508092,101.0744441584682,替钻井液(一段),0.46017273352433424,0.46017273352433424,1677.2458072289153,726.5075421686746,834.1382891566263,0.42570281124478926,0.23082485391573013,3.5470057373234174,0.5080612919895187,0.0,0.4333982058649118,0.33938225073300043,0.0
6065.805376812866,101.09675628021442,替钻井液(一段),0.46085085061418074,0.46085085061418074,1677.2458072289153,726.5075421686746,834.1382891566263,0.42570281124478926,0.2310631560621048,3.5419433530227904,0.5075629632004444,0.0,0.4340720710748089,0.3392092673588643,0.0
6067.144106011139,101.11906843351899,替钻井液(一段),0.4615283585297772,0.4615283585297772,1686.215036144578,726.5075421686746,834.1382891566263,0.42971887550181564,0.2312993759706138,3.5702898302226185,0.5103468354940472,0.0,0.4347456120614045,0.339036157195045,0.0
6068.482841098954,101.14138068498256,替钻井液(一段),0.46220525229693676,0.46220525229693676,1686.215036144578,735.4767710843372,834.1382891566263,0.4257028112447893,0.23153349709096666,3.5319455679029628,0.50657732217033,0.0,0.4354188256044353,0.33886291718655487,0.0
6069.8215862632915,101.16369310438819,替钻井液(一段),0.46288152616017186,0.46288152616017186,1686.215036144578,735.4767710843372,834.1382891566263,0.4257028112447893,0.2317655061006309,3.5270140969182937,0.5060904221727005,0.0,0.4360917074532629,0.3386895439517954,0.0
6071.160345877523,101.18600576462538,替钻井液(一段),0.4635571742710056,0.4635571742710056,1686.215036144578,735.4767710843372,834.1382891566263,0.4257028112447893,0.23199539178943324,3.522130068296163,0.5056077327612196,0.0,0.4367642529809821,0.3385160354907407,0.0
6072.49912449653,101.20831874160884,替钻井液(一段),0.4642321929214832,0.4642321929214832,1695.1842650602407,735.4767710843372,834.1382891566263,0.42971887550181564,0.2322231403713347,3.550477252768365,0.5084027280103259,0.0,0.43743645945281134,0.3383423906116328,0.0
6073.837926850983,101.23063211418305,替钻井液(一段),0.46490657794726176,0.46490657794726176,1695.1842650602407,735.4767710843372,843.107518072289,0.42971887550181564,0.2324487402330138,3.545647891732431,0.5079276784865476,0.0,0.4381083233170445,0.33816860713232816,0.0
6075.176757910517,101.25294596517529,替钻井液(一段),0.46558032509219327,0.46558032509219327,1695.1842650602407,735.4767710843372,843.107518072289,0.42971887550181564,0.2326721820603894,3.5408709963812885,0.5074573382487007,0.0,0.4387798406049301,0.33799468417766976,0.0
6076.515623077723,101.27526038462871,替钻井液(一段),0.4662534315325379,0.4662534315325379,1695.1842650602407,744.4459999999999,843.107518072289,0.42570281124478926,0.23289345497379324,3.5030998134062683,0.5037224651525127,0.0,0.4394510083301659,0.3378206218141743,0.0
6077.8545279015525,101.29757546502587,替钻井液(一段),0.4669258929620417,0.4669258929620417,1704.1534939759033,744.4459999999999,843.107518072289,0.4297188755018156,0.2331125527834455,3.5314794948308528,0.5065313258219364,0.0,0.4401218216521908,0.33764641995671973,0.0
6079.193478070805,101.31989130118009,替钻井液(一段),0.46759770716761917,0.46759770716761917,1704.1534939759033,744.4459999999999,843.107518072289,0.4297188755018156,0.23332946653102138,3.5268665277482314,0.5060758447922871,0.0,0.44079227736800014,0.33747208069171003,0.0
6080.532479407209,101.34220799012016,替钻井液(一段),0.4682688718989033,0.4682688718989033,1704.1534939759033,744.4459999999999,843.107518072289,0.4297188755018156,0.23354418833635057,3.522309325720129,0.5056254571403458,0.0,0.4414623717591297,0.33729760526780217,0.0
6081.871537858621,101.36452563097701,替钻井液(一段),0.4689393846171757,0.4689393846171757,1704.1534939759033,744.4459999999999,843.107518072289,0.4297188755018156,0.23375671225993436,3.5178082477266233,0.5051802130875103,0.0,0.4421321002803198,0.3371229959769789,0.0
6083.210659491533,101.38684432485888,替钻井液(一段),0.4696092437727415,0.4696092437727415,1713.122722891566,744.4459999999999,843.107518072289,0.43373493975884186,0.23396703159001409,3.546198617001254,0.5079818748340723,0.0,0.44280145890752454,0.33694825629055475,0.0
6084.549850483133,101.40916417471888,替钻井液(一段),0.4702784469927381,0.4702784469927381,1713.122722891566,753.4152289156625,843.107518072289,0.4297188755018156,0.23417514224886277,3.508974791018293,0.5043052465839926,0.0,0.4434704421712811,0.33677338990198513,0.0
6085.88911711305,101.4314852852175,替钻井液(一段),0.47094699348311186,0.47094699348311186,1713.122722891566,753.4152289156625,852.0767469879517,0.4297188755018156,0.23438103833195514,3.5046418613080266,0.5038754982991156,0.0,0.4441390456382266,0.33659840228281274,0.0
6087.2284657548735,101.45380776258122,替钻井液(一段),0.4716148822220335,0.4716148822220335,1713.122722891566,753.4152289156625,852.0767469879517,0.4297188755018156,0.23458471526193747,3.5003639297073925,0.50345083932208,0.0,0.44480726404956533,0.33642329852613156,0.0
6088.567902867051,101.47613171445086,替钻井液(一段),0.4722821127379841,0.4722821127379841,1722.0919518072287,753.4152289156625,852.0767469879517,0.433734939758842,0.23478616854162399,3.528813778889534,0.5062681662150343,0.0,0.4454750920843945,0.3362480849026181,0.0
6089.907434984427,101.49845724974044,替钻井液(一段),0.47294868364596426,0.47294868364596426,1722.0919518072287,753.4152289156625,852.0767469879517,0.433734939758842,0.23498539665649115,3.5246025147486337,0.5058521440083199,0.0,0.44614252291177,0.33607276813378795,0.0
6091.247068709708,101.52078447849514,替钻井液(一段),0.4736145950880747,0.4736145950880747,1722.0919518072287,753.4152289156625,852.0767469879517,0.433734939758842,0.23518239615952466,3.520442118806153,0.5054408027507922,0.0,0.4468095506232192,0.3358973567191295,0.0
6092.586810704881,101.54311351174802,替钻井液(一段),0.4742798473154948,0.4742798473154948,1722.0919518072287,753.4152289156625,852.0767469879517,0.433734939758842,0.23537716446133053,3.5163306449853176,0.5050339620637645,0.0,0.4474761688286995,0.33572185869287513,0.0
6093.926667682664,101.56544446137772,替钻井液(一段),0.4749444410444063,0.4749444410444063,1731.0611807228913,762.3844578313252,852.0767469879517,0.4337349397588419,0.23556969924461002,3.512265892839596,0.5046314156078251,0.0,0.44814237104906224,0.33554628281161164,0.0
6095.266646398032,101.5877774399672,替钻井液(一段),0.47560837593994804,0.47560837593994804,1731.0611807228913,762.3844578313252,852.0767469879517,0.4337349397588419,0.23576000101903874,3.5082454315261025,0.5042329333751617,0.0,0.44880814901770866,0.33537063831281166,0.0
6096.606753639777,101.61011256066294,替钻井液(一段),0.47627165312978037,0.47627165312978037,1731.0611807228913,762.3844578313252,861.0459759036144,0.4337349397588419,0.23594806915194447,3.50426661399925,0.5038382630250733,0.0,0.44947349553634314,0.3351949361301399,0.0
6097.946996222385,101.63244993703975,替钻井液(一段),0.4769342744533899,0.4769342744533899,1731.0611807228913,762.3844578313252,861.0459759036144,0.4337349397588419,0.23613390241757454,3.500326592171833,0.5034471313238467,0.0,0.4501384035603428,0.3350191865438836,0.0
6099.287380977905,101.65478968296507,替钻井液(一段),0.4775962405976764,0.4775962405976764,1740.030409638554,762.3844578313252,861.0459759036144,0.4377510040158682,0.2363175032601696,3.528796656415248,0.5062664754300137,0.0,0.45080286434389943,0.33484339982329175,0.0
6100.62791474846,101.67713191247434,替钻井液(一段),0.47825755295719524,0.47825755295719524,1740.030409638554,762.3844578313252,861.0459759036144,0.4377510040158682,0.23649887346629916,3.5248892256292907,0.5058804787093186,0.0,0.45146686938756947,0.3346675877631427,0.0
6101.968604379012,101.6994767396502,替钻井液(一段),0.4789182139134168,0.4789182139134168,1740.030409638554,771.3536867469878,861.0459759036144,0.4337349397588419,0.23667801490960041,3.488708635614846,0.5022920038902254,0.0,0.45213041092659734,0.3344917620693369,0.0
6103.309456710219,101.72182427850365,替钻井液(一段),0.4795782256578608,0.4795782256578608,1740.030409638554,771.3536867469878,861.0459759036144,0.4337349397588419,0.23685493025232912,3.4848926751882527,0.5019120121018763,0.0,0.45279348050424234,0.334315933782628,0.0
6104.650478571745,101.74417464286242,替钻井液(一段),0.48023758977934733,0.48023758977934733,1748.9996385542165,771.3536867469878,861.0459759036144,0.4377510040158682,0.23702962439611297,3.513332062791165,0.5047370337666602,0.0,0.4534560686435734,0.3341401146098199,0.0
6105.991676775755,101.76652794626258,替钻井液(一段),0.4808963093644667,0.4808963093644667,1748.9996385542165,771.3536867469878,861.0459759036144,0.4377510040158682,0.23720210130125416,3.5095238418572463,0.5043596759195362,0.0,0.45411816733926696,0.33396431706747354,0.0
6107.333058110691,101.78888430184485,替钻井液(一段),0.48155438752204316,0.48155438752204316,1748.9996385542165,771.3536867469878,861.0459759036144,0.4377510040158682,0.23737236504672576,3.5057323554166153,0.5039836906696188,0.0,0.45477976823116933,0.33378855228026727,0.0
6108.674629335378,101.8112438222563,替钻井液(一段),0.4822118261268202,0.4822118261268202,1757.9688674698791,771.3536867469878,870.015204819277,0.44176706827289447,0.2375404238325197,3.534082523799633,0.5067881616118497,0.0,0.4554408615286524,0.3336128316513432,0.0
6110.016397173379,101.83360661955632,替钻井液(一段),0.4828686292472388,0.4828686292472388,1757.9688674698791,771.3536867469878,870.015204819277,0.44176706827289447,0.2377062819822619,3.530280724510468,0.5064130005178882,0.0,0.45610143963027966,0.3334371676151344,0.0
6111.358368307754,101.85597280512924,替钻井液(一段),0.48352479949982824,0.48352479949982824,1757.9688674698791,780.3229156626504,870.015204819277,0.4377510040158682,0.23786994780196385,3.4944277272509847,0.5028609659611295,0.0,0.45676149331652516,0.3332615706048098,0.0
6112.70054937632,101.87834248960533,替钻井液(一段),0.48418033980819286,0.48418033980819286,1757.9688674698791,780.3229156626504,870.015204819277,0.4377510040158682,0.23803142893695237,3.490673082579129,0.5024875096740476,0.0,0.4574210135447167,0.33308605235533717,0.0
6114.042946967182,101.90071578278636,替钻井液(一段),0.4848352539534024,0.4848352539534024,1766.938096385542,780.3229156626504,870.015204819277,0.4417670682728946,0.2381907323764853,3.5189107870516523,0.5052893127131801,0.0,0.4580799923028659,0.33291062418306316,0.0
6115.385458774269,101.92309097957114,替钻井液(一段),0.4854894918370122,0.4854894918370122,1766.938096385542,780.3229156626504,870.015204819277,0.4417670682728946,0.2383478562490686,3.51512372131142,0.5049144703968205,0.0,0.4587383673244575,0.3327352964753554,0.0
6116.727878999489,101.94546464999148,替钻井液(一段),0.48614295447843936,0.48614295447843936,1766.938096385542,780.3229156626504,870.015204819277,0.4417670682728946,0.23850278722174828,3.511333742429541,0.5045390553929175,0.0,0.45939602745789726,0.3325600946805903,0.0
6118.0702075665995,101.96783679277665,替钻井液(一段),0.4867956431697376,0.4867956431697376,1766.938096385542,780.3229156626504,878.9844337349396,0.4417670682728946,0.23865553558262312,3.5075381528715366,0.5041627993220748,0.0,0.4600529626871252,0.33238505644612204,0.0
6119.412444417441,101.99020740695735,替钻井液(一段),0.48744755901141174,0.48744755901141174,1775.9073253012045,789.2921445783131,878.9844337349396,0.4417670682728945,0.23880611216235056,3.5037351875833553,0.5037855255317962,0.0,0.46070916289365166,0.33221019180843964,0.0
6120.75458950608,102.012576491768,替钻井液(一段),0.48809870357364454,0.48809870357364454,1775.9073253012045,789.2921445783131,878.9844337349396,0.4417670682728945,0.2389545286219833,3.499923209945065,0.5034070695874742,0.0,0.46136461896525177,0.33203551066883613,0.0
6122.096642796152,102.03494404660253,替钻井液(一段),0.48874907895845804,0.48874907895845804,1775.9073253012045,789.2921445783131,878.9844337349396,0.4417670682728945,0.23910079549111157,3.4961006343175995,0.5030272716188138,0.0,0.4620193225355656,0.33186102201143397,0.0
6123.4386042589695,102.05731007098282,替钻井液(一段),0.48939868681324405,0.48939868681324405,1775.9073253012045,789.2921445783131,878.9844337349396,0.4417670682728945,0.23924492526448188,3.4922660675626016,0.5026459904121994,0.0,0.46267326518219715,0.3316867340445188,0.0
6124.780473872266,102.07967456453777,替钻井液(一段),0.49004752956799963,0.49004752956799963,1784.8765542168671,789.2921445783131,878.9844337349396,0.44578313252992086,0.2393869293994401,3.520131154662052,0.5054100437588118,0.0,0.4633264397354204,0.3315126549342855,0.0
6126.122251619358,102.1020375269893,替钻井液(一段),0.49069560962187225,0.49069560962187225,1784.8765542168671,789.2921445783131,878.9844337349396,0.44578313252992086,0.2395268198751002,3.516233899629116,0.5050243848379801,0.0,0.46397883931998557,0.3313387917303022,0.0
6127.463937488592,102.1243989581432,替钻井液(一段),0.49134292886006886,0.49134292886006886,1784.8765542168671,798.2613734939757,878.9844337349396,0.4417670682728945,0.23966461104420594,3.4806786813599078,0.5014920472123947,0.0,0.4646304570717127,0.33116515106165956,0.0
6128.805531472964,102.14675885788273,替钻井液(一段),0.491989490899982,0.491989490899982,1793.8457831325297,798.2613734939757,887.9536626506023,0.44578313252992086,0.23980031311208053,3.508392274635159,0.5042474931568466,0.0,0.46528128830736404,0.33099173945863514,0.0
6130.147033569825,102.16911722616375,替钻井液(一段),0.49263529766624775,0.49263529766624775,1793.8457831325297,798.2613734939757,887.9536626506023,0.44578313252992086,0.23993394152361547,3.5044464007694325,0.5038561033675613,0.0,0.4659313271237117,0.33081856160140705,0.0
6131.488443780631,102.19147406301052,替中置液,0.4932803518366972,0.4932803518366972,1793.8457831325297,798.2613734939757,887.9536626506023,0.44578313252992086,0.24006551018546746,3.500483180143739,0.5034626819216717,0.0,0.46658056882106513,0.3306456229606532,0.0
6132.829762110757,102.2138293685126,替中置液,0.4939246571110323,0.4939246571110323,1793.8457831325297,798.2613734939757,887.9536626506023,0.44578313252992086,0.24019503079777982,3.4965021972726777,0.5030671831835722,0.0,0.46722901027063135,0.33047292800328143,0.0
6134.170988569238,102.23618314282064,替中置液,0.4945682161075933,0.4945682161075933,1802.8150120481926,807.2306024096384,887.9536626506023,0.4457831325299209,0.2403225185354256,3.4925029895086186,0.5026695566698208,0.0,0.4678766477520403,0.33030047980926913,0.0
6135.512123168302,102.25853538613838,替中置液,0.4952110320924492,0.4952110320924492,1802.8150120481926,807.2306024096384,887.9536626506023,0.4457831325299209,0.2404479869798905,3.4884853449373336,0.5022697766827855,0.0,0.46852347850734893,0.3301282818785247,0.0
6136.8531659236805,102.280886098728,替中置液,0.4958531078199634,0.4958531078199634,1802.8150120481926,807.2306024096384,887.9536626506023,0.4457831325299209,0.24057145265917487,3.4844491335865633,0.5018678255932629,0.0,0.4691695000936109,0.3299563368544393,0.0
6138.194116854366,102.30323528090611,替中置液,0.49649444783856117,0.49649444783856117,1802.8150120481926,807.2306024096384,896.9228915662649,0.4457831325299209,0.24069292638451917,3.480394341057876,0.5014636972259259,0.0,0.4698147120635277,0.3297846470828762,0.0
6139.534975982466,102.32558293304109,替中置液,0.4971350543177179,0.4971350543177179,1811.7842409638552,807.2306024096384,896.9228915662649,0.4497991967869472,0.24081242634999228,3.507639247727905,0.5041728245388415,0.0,0.4704591121395519,0.32961321319686376,0.0
6140.875743333584,102.34792905555973,替中置液,0.49777493061349665,0.49777493061349665,1811.7842409638552,816.199831325301,896.9228915662649,0.4457831325299209,0.24092996788382987,3.472229364767032,0.5006489247287196,0.0,0.4711026997400308,0.32944203720505333,0.0
6142.216418936964,102.37027364894941,替中置液,0.49841408105807855,0.49841408105807855,1811.7842409638552,816.199831325301,896.9228915662649,0.4457831325299209,0.24104556349731532,3.4681195592935907,0.5002383088402316,0.0,0.471745475648569,0.32927111970566963,0.0
6143.557002825528,102.3926167137588,替中置液,0.4990525088744647,0.4990525088744647,1811.7842409638552,816.199831325301,896.9228915662649,0.4457831325299209,0.24115922964003145,3.463991953267144,0.49982557462960575,0.0,0.47238744012492534,0.3291004601543031,0.0
6144.897495035853,102.41495825059755,替中置液,0.4996902173541658,0.4996902173541658,1820.7534698795178,816.199831325301,896.9228915662649,0.4497991967869472,0.2412709821066811,3.4910167337280362,0.5025217026467681,0.0,0.47302859369794625,0.32893005841339434,0.0
6146.2378956070825,102.43729826011804,替中置液,0.5003272098691005,0.5003272098691005,1820.7534698795178,816.199831325301,896.9228915662649,0.4497991967869472,0.24138083707571037,3.4868170922197432,0.5021036810158364,0.0,0.47366893752748135,0.3287599140381,0.0
6147.578204580438,102.4596367430073,替中置液,0.5009634906683167,0.5009634906683167,1820.7534698795178,825.1690602409637,905.8921204819276,0.44578313252992086,0.24148880864511554,3.451505949823933,0.4985749778644726,0.0,0.47430847408464294,0.3285900260863361,0.0
6148.918421999482,102.48197369999137,替中置液,0.5015990629124908,0.5015990629124908,1820.7534698795178,825.1690602409637,905.8921204819276,0.44578313252992086,0.24159491344697345,3.447310411290408,0.4981540516875623,0.0,0.474947205000553,0.32842039248838983,0.0
6150.258547910618,102.50430913184364,替中置液,0.5022339302283364,0.5022339302283364,1829.7226987951803,825.1690602409637,905.8921204819276,0.44979919678694713,0.2416991676792387,3.4741176303798653,0.5008374706168401,0.0,0.4755851328801409,0.32825101184202843,0.0
6151.598582363252,102.52664303938754,替中置液,0.5028680965323397,0.5028680965323397,1829.7226987951803,825.1690602409637,905.8921204819276,0.44979919678694713,0.24180158620835995,3.469852347325241,0.500411475047889,0.0,0.4762222608920757,0.3280818819381547,0.0
6152.938525409821,102.54897542349701,替中置液,0.5035015655020357,0.5035015655020357,1829.7226987951803,834.1382891566263,905.8921204819276,0.44578313252992086,0.24190218506261577,3.4346294985659402,0.4968796633956517,0.0,0.4768585923716367,0.3279130001173569,0.0
6154.278377105751,102.57130628509586,替中置液,0.5041343403146014,0.5041343403146014,1829.7226987951803,834.1382891566263,905.8921204819276,0.44578313252992086,0.24200098116553678,3.430373375928483,0.4964512126968532,0.0,0.4774941303356259,0.3277443635929866,0.0
6155.618137509368,102.59363562515614,替中置液,0.5047664247539752,0.5047664247539752,1838.691927710843,834.1382891566263,905.8921204819276,0.44979919678694713,0.2420979900483164,3.456969710726618,0.499122611882159,0.0,0.4781288787450816,0.32757596979467374,0.0
6156.9578066817885,102.61596344469648,替中置液,0.5053978221795313,0.5053978221795313,1838.691927710843,834.1382891566263,914.8613493975902,0.44979919678694713,0.24219322836286095,3.4526491094202973,0.49868960652527017,0.0,0.47876284150762677,0.3274078154171202,0.0
6158.297384686796,102.63828974477994,替中置液,0.5060285368791394,0.5060285368791394,1838.691927710843,834.1382891566263,914.8613493975902,0.44979919678694713,0.24228671010799013,3.4483166467961355,0.4982550365680838,0.0,0.47939602368178885,0.32723989723304286,0.0
6159.636871590724,102.66061452651206,替中置液,0.5066585717579828,0.5066585717579828,1847.6611566265058,843.107518072289,914.8613493975902,0.4497991967869472,0.2423784527038005,3.443973158038342,0.497818982474311,0.0,0.4800284290978687,0.3270722110456889,0.0
6160.9762674623225,102.68293779103871,替中置液,0.5072879298759984,0.5072879298759984,1847.6611566265058,843.107518072289,914.8613493975902,0.4497991967869472,0.2424684733734829,3.439619489591197,0.49738152611780506,0.0,0.4806600620848609,0.32690475360282795,0.0
6162.31557237264,102.705259539544,替中置液,0.507916615730204,0.507916615730204,1847.6611566265058,843.107518072289,914.8613493975902,0.4497991967869472,0.24255678540451428,3.435256498701584,0.49694275074385064,0.0,0.4812909286045824,0.32673752128529704,0.0
6163.6547863949,102.72757977324834,替中置液,0.5085446327053802,0.5085446327053802,1847.6611566265058,843.107518072289,914.8613493975902,0.4497991967869472,0.24264340474648466,3.4308850578702246,0.4965027414244261,0.0,0.48192103370681444,0.3265705091587505,0.0
6164.993909604377,102.74989849340629,替中置液,0.5091719833567725,0.5091719833567725,1856.6303855421684,843.107518072289,923.8305783132529,0.45381526104397346,0.24272834950483732,3.4570998486844724,0.49913564834458946,0.0,0.48255038171302783,0.32640371301494525,0.0
6166.3329420782775,102.77221570130463,替中置液,0.5097986713261303,0.5097986713261303,1856.6303855421684,843.107518072289,923.8305783132529,0.45381526104397346,0.24281163495231012,3.45267498742714,0.4986922011013144,0.0,0.4831789784042601,0.3262371291799445,0.0
6167.671883894734,102.79453139824555,替中置液,0.5104247004427117,0.5104247004427117,1856.6303855421684,852.0767469879517,923.8305783132529,0.4497991967869472,0.24289327559193738,3.4177288361012814,0.49517617260766544,0.0,0.4838068298064456,0.3260707528722159,0.0
6169.0107351332235,102.81684558555372,替中置液,0.511050074018512,0.511050074018512,1856.6303855421684,852.0767469879517,923.8305783132529,0.4497991967869472,0.24297328726866732,3.413332372461804,0.4947320894764493,0.0,0.48443394162305264,0.32590457909142206,0.0
6170.349495874575,102.83915826457626,替中置液,0.5116747948847957,0.5116747948847957,1865.599614457831,852.0767469879517,923.8305783132529,0.45381526104397346,0.24305168686802262,3.4393687164999998,0.4973563168479521,0.0,0.48506031925164145,0.3257386031068152,0.0
6171.688166199811,102.86146943666353,替中置液,0.5122988672627502,0.5122988672627502,1865.599614457831,852.0767469879517,923.8305783132529,0.45381526104397346,0.2431284875587227,3.4349256432576167,0.49690946179657114,0.0,0.4856859695204157,0.3255728204655555,0.0
6173.026746190762,102.88377910317938,替中置液,0.5129222943461191,0.5129222943461191,1865.599614457831,852.0767469879517,932.7998072289155,0.45381526104397346,0.24320370493518953,3.430480167079305,0.4964619674928993,0.0,0.48631089847825004,0.32540722553473317,0.0
6174.365235929692,102.90608726549486,替中置液,0.5135450784405529,0.5135450784405529,1865.599614457831,861.0459759036144,932.7998072289155,0.44979919678694713,0.24327735666616768,3.3957142766102355,0.49294857741746745,0.0,0.48693511141256496,0.3252418133863681,0.0
6175.703635499101,102.92839392498503,替中置液,0.5141672240655057,0.5141672240655057,1874.5688433734936,861.0459759036144,932.7998072289155,0.4538152610439734,0.24334945450974188,3.4215854416129,0.4955654037482955,0.0,0.4875586157328063,0.3250765796888117,0.0
6177.041944982253,102.95069908303755,替中置液,0.5147887345801624,0.5147887345801624,1874.5688433734936,861.0459759036144,932.7998072289155,0.4538152610439734,0.2434200129718616,3.4171378617837527,0.4951165014979526,0.0,0.48818141784769686,0.3249115183569047,0.0
6178.380164463301,102.97300274105503,替中置液,0.5154096117890027,0.5154096117890027,1874.5688433734936,861.0459759036144,932.7998072289155,0.4538152610439734,0.24348905037861035,3.412691261510432,0.49466729876457183,0.0,0.4888035228208854,0.3247466241296822,0.0
6179.718294026053,102.9953049004342,替中置液,0.5160298597167714,0.5160298597167714,1874.5688433734936,861.0459759036144,932.7998072289155,0.4538152610439734,0.24355657930545832,3.40824647803005,0.4942178801488142,0.0,0.4894249379294376,0.32458189288492534,0.0
6181.056333754074,103.01760556256791,替中置液,0.5166494821943174,0.5166494821943174,1883.5380722891564,861.0459759036144,932.7998072289155,0.4578313253009998,0.24362261219278725,3.433926449834608,0.49680891479892575,0.0,0.4900456701858999,0.32441731874867963,0.0
6182.394283731309,103.03990472885515,替中置液,0.517268481107236,0.517268481107236,1883.5380722891564,870.015204819277,941.7690361445782,0.4538152610439735,0.24368716627878528,3.3993654676155174,0.49331871057700316,0.0,0.49066572487963456,0.32425289602503815,0.0
6183.732144041844,103.06220240069739,替中置液,0.5178868601118567,0.5178868601118567,1883.5380722891564,870.015204819277,941.7690361445782,0.4538152610439735,0.2437502541704927,3.3949306448090457,0.49286910286583663,0.0,0.49128510896059213,0.32408862050167203,0.0
6185.069914769605,103.08449857949341,替中置液,0.5185046226282906,0.5185046226282906,1883.5380722891564,870.015204819277,941.7690361445782,0.4538152610439735,0.24381188859876646,3.3905003516145804,0.4924195560203599,0.0,0.49190382919763687,0.3239244866188192,0.0
6186.40759599812,103.10679326663534,替中置液,0.5191217709586045,0.5191217709586045,1892.507301204819,870.015204819277,941.7690361445782,0.4578313253009998,0.24387208491422477,3.4160405858649754,0.4950056900383838,0.0,0.4925218913536915,0.3237604889954541,0.0
6187.745187810345,103.12908646350574,替中置液,0.5197383087146805,0.5197383087146805,1892.507301204819,870.015204819277,941.7690361445782,0.4578313253009998,0.24393085491432046,3.411582395680318,0.49455521710363093,0.0,0.49313930239323317,0.3235966231201394,0.0
6189.082690289255,103.15137817148758,替中置液,0.520354239220971,0.520354239220971,1892.507301204819,870.015204819277,941.7690361445782,0.4578313253009998,0.24398821073402155,3.40713088175269,0.49410501782839167,0.0,0.49375606895742546,0.3234328835499782,0.0
6190.420103518302,103.1736683919717,替中置液,0.5209695649580156,0.5209695649580156,1892.507301204819,878.9844337349396,950.7382650602408,0.4538152610439735,0.24404416642701238,3.3728386079846486,0.49062343448952217,0.0,0.4943721968865967,0.3232692650709629,0.0
6191.757427581607,103.19595712636011,替中置液,0.521584288606022,0.521584288606022,1901.4765301204816,878.9844337349396,950.7382650602408,0.4578313253009998,0.24409873523811132,3.3982511765803656,0.4932057799100109,0.0,0.4949876922208023,0.32310576316316364,0.0
6193.094662564025,103.21824437606709,替中置液,0.5221984131178383,0.5221984131178383,1901.4765301204816,878.9844337349396,950.7382650602408,0.4578313253009998,0.2441519291860258,3.393824457333369,0.49275689408451173,0.0,0.4956025610968564,0.32294237321951424,0.0
6194.431808551147,103.24053014251912,替中置液,0.5228119418075737,0.5228119418075737,1901.4765301204816,878.9844337349396,950.7382650602408,0.4578313253009998,0.24420375934579583,3.389407035997376,0.4923085547595829,0.0,0.4962168099999017,0.32277909059410553,0.0
6195.768865629242,103.26281442715404,替中置液,0.5234248770529909,0.5234248770529909,1901.4765301204816,878.9844337349396,950.7382650602408,0.4578313253009998,0.2442542388793705,3.3849995193553095,0.4918608257524838,0.0,0.4968304445512633,0.32261591042712645,0.0
6197.105833884432,103.2850972314072,替中置液,0.524037221489043,0.524037221489043,1910.4457590361442,878.9844337349396,950.7382650602408,0.4618473895580261,0.2443033798874334,3.410256892453096,0.49442120560296576,0.0,0.49744347034179526,0.32245282863544505,0.0
6198.4427134013,103.30737855668833,替中置液,0.5246489781907744,0.5246489781907744,1910.4457590361442,878.9844337349396,959.7074939759034,0.4618473895580261,0.24435119324299262,3.405832386863052,0.493973620357427,0.0,0.4980558934253155,0.3222898409744852,0.0
6199.779504263602,103.32965840439336,替中置液,0.5252601489529253,0.5252601489529253,1910.4457590361442,887.9536626506023,959.7074939759034,0.45783132530099974,0.24439769266946115,3.3718418630632616,0.49052188066658353,0.0,0.4986677186158403,0.32212694306318984,0.0
6201.1162065541685,103.35193677590281,替中置液,0.5258707375930196,0.5258707375930196,1910.4457590361442,887.9536626506023,959.7074939759034,0.45783132530099974,0.2444428868091686,3.3674791535310953,0.490077145660305,0.0,0.49927895244178444,0.32196413162088383,0.0
6202.452820355581,103.37421367259302,替中置液,0.526480746298382,0.526480746298382,1919.4149879518068,887.9536626506023,959.7074939759034,0.461847389558026,0.2444867876995083,3.392629870058933,0.49263569037437294,0.0,0.4998895998096965,0.3218014018630796,0.0
6203.789345750383,103.39648909583973,替中置液,0.5270901768113936,0.5270901768113936,1919.4149879518068,887.9536626506023,959.7074939759034,0.461847389558026,0.2445294085169024,3.38825411432308,0.49219147556757337,0.0,0.5004996651910982,0.3216387504272483,0.0
6205.125782821144,103.41876304701906,替中置液,0.5276990327082707,0.5276990327082707,1919.4149879518068,887.9536626506023,959.7074939759034,0.461847389558026,0.24457075776805934,3.3838915698005985,0.49174821476184705,0.0,0.5011091545925324,0.3214761744430479,0.0
6206.462131650441,103.44103552750735,替中置液,0.5283073165915627,0.5283073165915627,1919.4149879518068,887.9536626506023,959.7074939759034,0.461847389558026,0.24461084584448453,3.3795426147438725,0.49130594961630514,0.0,0.5017180729071963,0.3213136697417615,0.0
6207.798392320803,103.46330653868004,替中置液,0.5289150301598471,0.5289150301598471,1928.3842168674696,896.9228915662649,968.6767228915661,0.46184738955802623,0.24464968545609306,3.375207598187952,0.490864718943655,0.0,0.5023264242046995,0.3211512330221072,0.0
6209.134564914634,103.48557608191057,替中置液,0.5295221765384401,0.5295221765384401,1928.3842168674696,896.9228915662649,968.6767228915661,0.46184738955802623,0.24468728548786006,3.3708868350123105,0.49042455819324837,0.0,0.5029342137039197,0.32098886179786856,0.0
6210.470649514138,103.50784415856897,替中置液,0.5301287583312925,0.5301287583312925,1928.3842168674696,896.9228915662649,968.6767228915661,0.46184738955802623,0.24472365573690488,3.3665806196257306,0.4899855008312042,0.0,0.5035414459394515,0.3208265527174093,0.0
6211.806646201246,103.53011077002076,替中置液,0.5307347771358902,0.5307347771358902,1928.3842168674696,896.9228915662649,968.6767228915661,0.46184738955802623,0.24475880826790786,3.3622892156011805,0.4895475772725325,0.0,0.5041481244418065,0.3206643028600846,0.0
6213.14255505749,103.55237591762484,替中置液,0.5313402367537818,0.5313402367537818,1937.3534457831322,896.9228915662649,968.6767228915661,0.4658634538150524,0.24479274972713302,3.387212959300741,0.49208572307836207,0.0,0.504754254611703,0.32050211037038656,0.0
6214.478376162291,103.57463960270485,替中置液,0.5319451393666685,0.5319451393666685,1937.3534457831322,896.9228915662649,968.6767228915661,0.4658634538150524,0.24482549041398188,3.3829147756462397,0.4916489135879297,0.0,0.5053598401627609,0.32033997187705215,0.0
6215.814109593386,103.59690182655643,替中置液,0.5325494858242744,0.5325494858242744,1937.3534457831322,896.9228915662649,977.6459518072287,0.4658634538150524,0.24485704347204648,3.3786320631229425,0.49121330274215824,0.0,0.5059648834253596,0.3201778852612155,0.0
6217.149755427544,103.61916259045907,替中置液,0.533153279889315,0.533153279889315,1937.3534457831322,905.8921204819276,977.6459518072287,0.4618473895580261,0.2448874152466264,3.3452757923404794,0.4878077102173267,0.0,0.5065693893017322,0.32001584960654667,0.0
6218.485313740854,103.64142189568089,替中置液,0.5337565244875794,0.5337565244875794,1946.3226746987948,905.8921204819276,977.6459518072287,0.4658634538150524,0.24491661339646972,3.370114059906579,0.49034579466357153,0.0,0.5071733616682553,0.3198538620386726,0.0
6219.820784608858,103.66367974348097,替中置液,0.5343592203533801,0.5343592203533801,1946.3226746987948,905.8921204819276,977.6459518072287,0.4658634538150524,0.24494465093373882,3.365878683820292,0.4899138963174927,0.0,0.5077768023167178,0.3196919203876635,0.0
6221.15616810659,103.68593613510983,替中置液,0.5349613706602019,0.5349613706602019,1946.3226746987948,905.8921204819276,977.6459518072287,0.4658634538150524,0.2449715349446826,3.361659047328507,0.48948323903392355,0.0,0.5083797150839873,0.3195300244216595,0.0
6222.491464308542,103.70819107180904,替中置液,0.5355629783751001,0.5355629783751001,1946.3226746987948,905.8921204819276,977.6459518072287,0.4658634538150524,0.24499727252099404,3.357455346863153,0.4890538466463895,0.0,0.5089821033730656,0.31936817230317693,0.0
6223.826673288607,103.73044455481012,替中置液,0.5361640445852356,0.5361640445852356,1955.2919036144574,905.8921204819276,977.6459518072287,0.4698795180720787,0.2450218750687222,3.382175006977962,0.491573695582432,0.0,0.5095839686818598,0.31920636234164124,0.0
6225.161795119238,103.75269658532063,替中置液,0.5367645722337929,0.5367645722337929,1955.2919036144574,905.8921204819276,986.6151807228914,0.4698795180720787,0.24504534982696996,3.377966738539916,0.49114559657816004,0.0,0.5101853140881283,0.319044594509836,0.0
6226.496829871166,103.77494716451943,替中置液,0.5373645637801134,0.5373645637801134,1955.2919036144574,914.8613493975902,986.6151807228914,0.4658634538150524,0.24506770487668258,3.3449382250674358,0.48777312917909,0.0,0.5107861420343788,0.31888286766251184,0.0
6227.831778031294,103.79719630052156,替中置液,0.5379640211643116,0.5379640211643116,1955.2919036144574,914.8613493975902,986.6151807228914,0.4658634538150524,0.24508894979767631,3.3407963976644037,0.4873486423302098,0.0,0.5113864543073704,0.3187211811099668,0.0
6229.166640137319,103.81944400228865,替中置液,0.5385629471094168,0.5385629471094168,1955.2919036144574,914.8613493975902,986.6151807228914,0.4658634538150524,0.24510909231945074,3.336669575176948,0.4869253434360892,0.0,0.5119862532643716,0.3185595347827783,0.0
6230.501416708847,103.84169027848078,替中置液,0.5391613443346444,0.5391613443346444,1964.2611325301202,914.8613493975902,986.6151807228914,0.4698795180720788,0.24512813999416816,3.361286537327089,0.4894452030971941,0.0,0.5125855410875211,0.3183979282889316,0.0
6231.836108250043,103.86393513750072,替中置液,0.5397592149182667,0.5397592149182667,1964.2611325301202,914.8613493975902,986.6151807228914,0.4698795180720788,0.2451461018758694,3.357153900870466,0.4890230411836991,0.0,0.5131843192086997,0.318236361374118,0.0
6233.1707152518,103.88617858753,替中置液,0.5403565612173349,0.5403565612173349,1964.2611325301202,914.8613493975902,986.6151807228914,0.4698795180720788,0.24516298621290225,3.353035868563138,0.4886020239062818,0.0,0.5137825891448675,0.3180748344178347,0.0
6234.505238192739,103.90842063654564,替中置液,0.5409533862324724,0.5409533862324724,1964.2611325301202,914.8613493975902,995.584409638554,0.4698795180720788,0.24517879959902772,3.348932241704589,0.4881821343288154,0.0,0.5143803528539728,0.31791334762017975,0.0
6235.839677539914,103.9306612923319,替中置液,0.5415496920004773,0.5415496920004773,1964.2611325301202,923.8305783132529,995.584409638554,0.4658634538150524,0.24519355079349286,3.3162543906323654,0.4848261580669644,0.0,0.5149776112763902,0.31775190076876364,0.0
6237.174023651983,103.95290039419972,替中置液,0.5421454756334492,0.5421454756334492,1973.2303614457828,923.8305783132529,995.584409638554,0.4698795180720788,0.24520724988199685,3.3407672544255056,0.4873456542573039,0.0,0.5155743604213512,0.31759049456023974,0.0
6238.508269215474,103.9751378202579,替中置液,0.5427407371089158,0.5427407371089158,1973.2303614457828,923.8305783132529,995.584409638554,0.4698795180720788,0.24521990231494373,3.336705374106789,0.4869290169276651,0.0,0.5161705988572638,0.31742913127267547,0.0
6239.842414687973,103.9973735781329,替中置液,0.5433354787940612,0.5433354787940612,1973.2303614457828,923.8305783132529,995.584409638554,0.4698795180720788,0.24523151595114157,3.332656917107306,0.48651341953502314,0.0,0.5167663275066503,0.3172678115434902,0.0
6241.176460520245,104.01960767533743,替中置液,0.5439297025545127,0.5439297025545127,1973.2303614457828,923.8305783132529,995.584409638554,0.4698795180720788,0.24524210001819965,3.3286216693268265,0.48609884314885565,0.0,0.5173615468282308,0.31710653606083405,0.0
6242.510407154125,104.0418401192354,替中置液,0.5445234111126431,0.5445234111126431,1982.1995903614454,923.8305783132529,1004.5536385542167,0.473895582329105,0.24525166186959033,3.35301479766203,0.4885998687785046,0.0,0.5179562580548498,0.31694530587793873,0.0
6243.844255022982,104.0640709170497,替中置液,0.5451166066672879,0.5451166066672879,1982.1995903614454,932.7998072289155,1004.5536385542167,0.4698795180720788,0.2452602096606439,3.3205898866493637,0.48527267128131435,0.0,0.518550461807735,0.31678412113259435,0.0
6245.178004551448,104.08630007585747,替中置液,0.5457092917870332,0.5457092917870332,1982.1995903614454,932.7998072289155,1004.5536385542167,0.4698795180720788,0.24526775061905406,3.3165928291842235,0.4848610278246279,0.0,0.5191441590424951,0.31662298254494586,0.0
6246.511656156884,104.10852760261473,替中置液,0.5463014691727234,0.5463014691727234,1982.1995903614454,932.7998072289155,1004.5536385542167,0.4698795180720788,0.24527429211986268,3.3126079991681694,0.4844503159369081,0.0,0.5197373509779442,0.31646189053878604,0.0
6247.845210250232,104.13075350417054,替中置液,0.5468931404302049,0.5468931404302049,1982.1995903614454,932.7998072289155,1004.5536385542167,0.4698795180720788,0.24527984369361805,3.308635204331656,0.484040518529803,0.0,0.520330037759339,0.3163008449320276,0.0
6249.178667236666,104.15297778727776,替中置液,0.5474843084414966,0.5474843084414966,1991.168819277108,932.7998072289155,1004.5536385542167,0.473895582329105,0.24528441144281615,3.332919357844226,0.4865403707870215,0.0,0.520922220700432,0.31613984651288385,0.0
6250.512027515183,104.17520045858639,替中置液,0.5480749759430517,0.5480749759430517,1991.168819277108,932.7998072289155,1004.5536385542167,0.473895582329105,0.24528800251209182,3.3289364131830244,0.4861311915770604,0.0,0.5215139012359427,0.3159788950681545,0.0
6251.845291478954,104.19742152464923,替中置液,0.5486651447577074,0.5486651447577074,1991.168819277108,932.7998072289155,1013.5228674698793,0.473895582329105,0.2452906252587759,3.3249651609027424,0.4857228889157942,0.0,0.5221050797955051,0.31581799005362754,0.0
6253.178459516101,104.21964099193501,替中置液,0.549254817966992,0.549254817966992,1991.168819277108,941.7690361445782,1013.5228674698793,0.4698795180720787,0.24529228586082938,3.2928613687512867,0.4824102162645858,0.0,0.5226957583004707,0.31565713162588677,0.0
6254.511532009586,104.24185886682643,替中置液,0.5498439972776238,0.5498439972776238,2000.1380481927708,941.7690361445782,1013.5228674698793,0.47389558232910506,0.24529299328420806,3.3170573087983013,0.48490887991216003,0.0,0.5232859374259482,0.3154963186532052,0.0
6255.844509336622,104.26407515561036,替中置液,0.5504326852735043,0.5504326852735043,2000.1380481927708,941.7690361445782,1013.5228674698793,0.47389558232910506,0.24529275406138543,3.3131205782649675,0.48450316522620007,0.0,0.5238756187392596,0.3153355508460484,0.0
6257.177391869615,104.28628986449358,替中置液,0.5510208853108984,0.5510208853108984,2000.1380481927708,941.7690361445782,1013.5228674698793,0.47389558232910506,0.24529157333575557,3.309195236288506,0.48409830605306925,0.0,0.5244648048149313,0.3151748270198872,0.0
6258.510179976536,104.30850299960893,替中置液,0.5516085979407642,0.5516085979407642,2000.1380481927708,941.7690361445782,1013.5228674698793,0.47389558232910506,0.2452894620857861,3.3052812840544505,0.48369430503211375,0.0,0.525053495613303,0.31501414518167,0.0
6259.842874020515,104.33071456700858,替中置液,0.5521958267432622,0.5521958267432622,2009.1072771084334,941.7690361445782,1022.492096385542,0.4779116465861314,0.24528642452663432,3.3293565274556434,0.4861743664873298,0.0,0.5256416942204293,0.3148535051105154,0.0
6261.175474358962,104.35292457264936,替中置液,0.5527825742305256,0.5527825742305256,2009.1072771084334,941.7690361445782,1022.492096385542,0.4779116465861314,0.24528246681311752,3.3254324580077674,0.4857709507108835,0.0,0.5262294028424676,0.31469290420719653,0.0
6262.507981344607,104.37513302241013,替中置液,0.5533688418911561,0.5533688418911561,2009.1072771084334,950.7382650602408,1022.492096385542,0.47389558232910506,0.24527759764439547,3.2936080295644463,0.48248750329548384,0.0,0.5268166229656963,0.3145323401849415,0.0
6263.840395325907,104.39733992209844,替中置液,0.5539546329803796,0.5539546329803796,2009.1072771084334,950.7382650602408,1022.492096385542,0.47389558232910506,0.24527182134782397,3.2897399617572054,0.48208699370996555,0.0,0.5274033579013537,0.3143718111961898,0.0
6265.172716647276,104.41954527745459,替中置液,0.5545399490127393,0.5545399490127393,2018.076506024096,950.7382650602408,1022.492096385542,0.4779116465861314,0.24526514570301394,3.313730025202018,0.484565994990384,0.0,0.5279896093783606,0.3142113140337259,0.0
6266.504945649239,104.44174909415398,替中置液,0.5551247924088866,0.5551247924088866,2018.076506024096,950.7382650602408,1022.492096385542,0.4779116465861314,0.2452575767208478,3.3098528200124626,0.48416615130299845,0.0,0.5285753803322573,0.3140508462541017,0.0
6267.837082668538,104.46395137780897,替中置液,0.5557091654513676,0.5557091654513676,2018.076506024096,950.7382650602408,1022.492096385542,0.4779116465861314,0.24524912029395957,3.3059876403982447,0.48376723904084795,0.0,0.5291606736840694,0.31389040466229146,0.0
6269.169128038209,104.48615213397015,替中置液,0.5562930706078366,0.5562930706078366,2018.076506024096,950.7382650602408,1031.4613253012046,0.4779116465861314,0.2452397815558009,3.3021346393426065,0.4833692766510044,0.0,0.5297454926859867,0.313729985887621,0.0
6270.501082087663,104.50835136812772,替中置液,0.5568765096018796,0.5568765096018796,2027.0457349397586,959.7074939759034,1031.4613253012046,0.4779116465861314,0.2452295674503712,3.2982939803994342,0.48297228371748846,0.0,0.5303298401170936,0.31356958601061585,0.0
6271.832945142746,104.53054908571244,替中置液,0.5574594847584567,0.5574594847584567,2027.0457349397586,959.7074939759034,1031.4613253012046,0.4779116465861314,0.24521848265729565,3.294465827512471,0.48257627991157626,0.0,0.5309137192755856,0.3134092017129598,0.0
6273.164717524266,104.5527452920711,替中置液,0.5580419985496912,0.5580419985496912,2027.0457349397586,959.7074939759034,1031.4613253012046,0.4779116465861314,0.24520653220499136,3.290650352785156,0.48218128579627517,0.0,0.5314971340158542,0.3132488289060982,0.0
6274.496399548785,104.57493999247976,替中置液,0.5586240520287087,0.5586240520287087,2027.0457349397586,959.7074939759034,1031.4613253012046,0.4779116465861314,0.24519372375029483,3.286847683278752,0.4817873173152024,0.0,0.5320800868602289,0.3130884630738247,0.0
6275.827991529155,104.59713319215258,替中置液,0.5592056484231636,0.5592056484231636,2036.0149638554212,959.7074939759034,1031.4613253012046,0.48192771084315766,0.24518005947657773,3.3106466843024216,0.48424804521596765,0.0,0.5326625823812297,0.3129281009054348,0.0
6277.1594937748105,104.61932489624684,替中置液,0.5597867893247995,0.5597867893247995,2036.0149638554212,959.7074939759034,1040.4305542168672,0.48192771084315766,0.24516554575320826,3.3068383349719475,0.4838550628512154,0.0,0.5332446239170231,0.3127677369967626,0.0
6278.490906590688,104.64151510984479,替中置液,0.5603674757506293,0.5603674757506293,2036.0149638554212,959.7074939759034,1040.4305542168672,0.48192771084315766,0.24515018979862102,3.303043355855691,0.4834631622930974,0.0,0.5338262142756164,0.3126073671001549,0.0
6279.8222302774775,104.66370383795795,替中置液,0.5609477109556184,0.5609477109556184,2036.0149638554212,968.6767228915661,1040.4305542168672,0.4779116465861314,0.24513399345426268,3.2717680064092214,0.4802220621865765,0.0,0.5344073584185213,0.3124469873534225,0.0
6281.153465130385,104.68589108550641,替中置液,0.5615274967180245,0.5615274967180245,2044.984192771084,968.6767228915661,1040.4305542168672,0.4819277108431578,0.24511696170527386,3.2954939468744655,0.48268266364267964,0.0,0.5349880599950747,0.31228659196886643,0.0
6282.484611440722,104.70807685734536,替中置液,0.5621068338363181,0.5621068338363181,2044.984192771084,968.6767228915661,1040.4305542168672,0.4819277108431578,0.24509910194137347,3.2917396907870367,0.48229408942839413,0.0,0.5355683218301387,0.3121261764158181,0.0
6283.815669496528,104.73026115827547,替中置液,0.5626857254343286,0.5626857254343286,2044.984192771084,968.6767228915661,1040.4305542168672,0.4819277108431578,0.24508041595681412,3.28799917492358,0.48190664708882236,0.0,0.5361481488855935,0.31196573671629646,0.0
6285.146639582925,104.75244399304874,替中置液,0.5632641728526697,0.5632641728526697,2044.984192771084,968.6767228915661,1040.4305542168672,0.4819277108431578,0.24506090926499347,3.2842725001376203,0.481520350059352,0.0,0.5367275444649308,0.31180526697462335,0.0
6286.477521982309,104.77462536637181,替中置液,0.5638421774707948,0.5638421774707948,2053.9534216867464,968.6767228915661,1049.39978313253,0.48594377510018394,0.24504058772449333,3.307897751488763,0.48396441376028754,0.0,0.5373065120129741,0.3116447628059979,0.0
6287.808316973173,104.79680528288621,替中置液,0.564419741455448,0.564419741455448,2053.9534216867464,977.6459518072287,1049.39978313253,0.48192771084315755,0.24501945501634687,3.2768610135466525,0.4807512391800347,0.0,0.5378850556203181,0.31148421970645424,0.0
6289.139024829938,104.81898374716563,替中置液,0.564996866642248,0.564996866642248,2053.9534216867464,977.6459518072287,1049.39978313253,0.48192771084315755,0.24499751549827406,3.27317625385718,0.48036843676333263,0.0,0.5384631790895356,0.31132363246703176,0.0
6290.469645822467,104.84116076370779,替中置液,0.5655735549372521,0.5655735549372521,2053.9534216867464,977.6459518072287,1049.39978313253,0.48192771084315755,0.2449747734121471,3.269505278961153,0.4799867857925981,0.0,0.5390408862760837,0.31116299633952904,0.0
6291.800180217324,104.8633363369554,替中置液,0.5661498071335825,0.5661498071335825,2062.9226506024092,977.6459518072287,1049.39978313253,0.48594377510018394,0.24495123534937596,3.293063491316876,0.48243113915668634,0.0,0.5396181799144363,0.3110023064113085,0.0
6293.130628278263,104.88551047130439,替中置液,0.566725626162892,0.566725626162892,2062.9226506024092,977.6459518072287,1049.39978313253,0.48594377510018394,0.24492690324950842,3.2893897482980066,0.48205071641840147,0.0,0.5401950647468088,0.31084155862425095,0.0
6294.460990266498,104.9076831711083,替中置液,0.5673010134461717,0.5673010134461717,2062.9226506024092,977.6459518072287,1049.39978313253,0.48594377510018394,0.24490178210780264,3.285729955847458,0.4816714602598877,0.0,0.5407715439967574,0.3106807473920916,0.0
6295.79126643951,104.9298544406585,替中置液,0.5678759694033884,0.5678759694033884,2062.9226506024092,977.6459518072287,1058.3690120481926,0.48594377510018394,0.2448758792824992,3.282084133345599,0.48129337566299824,0.0,0.5413476199190392,0.310519868184828,0.0
6297.121457051283,104.95202428418806,替中置液,0.568450497026629,0.568450497026629,2071.891879518072,986.6151807228914,1058.3690120481926,0.48594377510018405,0.24484919647479353,3.278452254593516,0.4809164628759175,0.0,0.5419232971635121,0.31035891737097565,0.0
6298.451562352128,104.9741927058688,替中置液,0.5690245981791994,0.5690245981791994,2071.891879518072,986.6151807228914,1058.3690120481926,0.48594377510018405,0.24482173753125067,3.2748341725899923,0.4805407095808911,0.0,0.5424985792003065,0.3101978895083248,0.0
6299.7815825884145,104.99635970980691,替中置液,0.5695982735182168,0.5695982735182168,2071.891879518072,986.6151807228914,1058.3690120481926,0.48594377510018405,0.24479350945067974,3.27122969340635,0.48016609852952796,0.0,0.5430734683678167,0.31003677979347566,0.0
6301.111518003579,105.01852530005964,替中置液,0.5701715253679654,0.5701715253679654,2071.891879518072,986.6151807228914,1058.3690120481926,0.48594377510018405,0.24476451526325127,3.2676387671966705,0.4797926273985593,0.0,0.5436479684637615,0.3098755845060735,0.0
6302.441368838516,105.04068948064193,替中置液,0.5707443555939257,0.5707443555939257,2080.8611084337344,986.6151807228914,1058.3690120481926,0.48995983935721027,0.2447347585287588,3.291037086943182,0.4822213358842711,0.0,0.5442220826760503,0.3097142988959,0.0
6303.771135331781,105.06285225552968,替中置液,0.5713167656512874,0.5713167656512874,2080.8611084337344,986.6151807228914,1067.3382409638552,0.48995983935721027,0.24470424430938442,3.2874437512949153,0.4818490916341033,0.0,0.5447958138991986,0.3095529183835268,0.0
6305.100817719006,105.0850136286501,替中置液,0.5718887568554909,0.5718887568554909,2080.8611084337344,986.6151807228914,1067.3382409638552,0.48995983935721027,0.24467297784606526,3.2838640151516065,0.4814779900985239,0.0,0.5453691648156052,0.3093914388879758,0.0
6306.430416231615,105.10717360386025,替中置液,0.5724603313279105,0.5724603313279105,2080.8611084337344,995.584409638554,1067.3382409638552,0.48594377510018394,0.2446409623166963,3.2534101496329924,0.4783101526907233,0.0,0.5459421387168187,0.3092298562544879,0.0
6307.759931097166,105.12933218495277,替中置液,0.573031490986885,0.573031490986885,2089.8303373493973,995.584409638554,1067.3382409638552,0.4899598393572103,0.24460820138680442,3.2767451413822153,0.4807392057450417,0.0,0.546514738669578,0.30906816581121904,0.0
6309.089362538671,105.15148937564452,替中置液,0.5736022367293174,0.5736022367293174,2089.8303373493973,995.584409638554,1067.3382409638552,0.4899598393572103,0.24457470122675673,3.273205859853291,0.4803715135962314,0.0,0.5470869667832844,0.3089063631891417,0.0
6310.418710775857,105.17364517959761,替中置液,0.5741725706710818,0.5741725706710818,2089.8303373493973,995.584409638554,1067.3382409638552,0.4899598393572103,0.24454046482814046,3.2696798980408706,0.48000494632126,0.0,0.5476588261099822,0.3087444447095192,0.0
6311.747976025647,105.19579960042746,替中置液,0.5747424945222457,0.5747424945222457,2089.8303373493973,995.584409638554,1067.3382409638552,0.4899598393572103,0.2445054960688701,3.2661672012920455,0.479639500979532,0.0,0.5482303192804316,0.30858240594153397,0.0
6313.077158502438,105.2179526417073,替中置液,0.5753120095361532,0.5753120095361532,2098.79956626506,995.584409638554,1076.3074698795178,0.4939759036142367,0.24446980027394746,3.2894108987243422,0.482052907383401,0.0,0.54880144856634,0.3084202427864039,0.0
6314.406258418273,105.24010430697122,替中置液,0.5758811177074424,0.5758811177074424,2098.79956626506,995.584409638554,1076.3074698795178,0.4939759036142367,0.24443338077582852,3.285896009849186,0.4816886740796905,0.0,0.5493722167785701,0.30825795119492844,0.0
6315.735275982701,105.26225459971168,替中置液,0.5764498209660006,0.5764498209660006,2098.79956626506,1004.5536385542167,1076.3074698795178,0.4899598393572103,0.24439624102383703,3.2557082227460317,0.47854987387911085,0.0,0.5499426266004772,0.308095526804566,0.0
6317.064211400321,105.28440352333868,替中置液,0.5770181203094398,0.5770181203094398,2098.79956626506,1004.5536385542167,1076.3074698795178,0.4899598393572103,0.24435838651674946,3.252247949162453,0.4781888769593944,0.0,0.5505126798141491,0.30793296535189774,0.0
6318.393064871233,105.30655108118722,替中置液,0.5775860173045749,0.5775860173045749,2107.7687951807225,1004.5536385542167,1076.3074698795178,0.49397590361423654,0.24431982148497883,3.2754297824118015,0.4806025849065436,0.0,0.5510823786938117,0.3077702632397807,0.0
6319.721836592437,105.32869727654062,替中置液,0.5781535143500466,0.5781535143500466,2107.7687951807225,1004.5536385542167,1076.3074698795178,0.49397590361423654,0.24428054805599936,3.2719664515035554,0.48024269125358043,0.0,0.5516517261762254,0.3076074163972706,0.0
6321.05052675837,105.35084211263951,替中置液,0.5787206127056573,0.5787206127056573,2107.7687951807225,1004.5536385542167,1085.2766987951804,0.49397590361423654,0.24424057097948346,3.268515668579857,0.47988385351161067,0.0,0.5522207241289734,0.30744442020652896,0.0
6322.3791355612,105.37298559268667,替中置液,0.5792873131902747,0.5792873131902747,2107.7687951807225,1004.5536385542167,1085.2766987951804,0.49397590361423654,0.2441998961598392,3.265077382276038,0.4795260688645311,0.0,0.5527893740119209,0.3072812708656299,0.0
6323.707663189565,105.39512771982609,替中置液,0.5798536181905831,0.5798536181905831,2116.7380240963853,1013.5228674698793,1085.2766987951804,0.4939759036142367,0.24415852568507515,3.261651545490155,0.4791693349193844,0.0,0.5533576786404485,0.30711796490822924,0.0
6325.036109829067,105.41726849715111,替中置液,0.5804195296851519,0.5804195296851519,2116.7380240963853,1013.5228674698793,1085.2766987951804,0.4939759036142367,0.24411646256469943,3.2582380853855315,0.47881364658110026,0.0,0.5539256403952595,0.3069544976179419,0.0
6326.364475661677,105.43940792769462,替中置液,0.5809850478734514,0.5809850478734514,2116.7380240963853,1013.5228674698793,1085.2766987951804,0.4939759036142367,0.24407371384206814,3.254836938756643,0.47845899973239114,0.0,0.5544932600079355,0.30679086465881755,0.0
6327.692760865148,105.46154601441913,替中置液,0.5815501750658039,0.5815501750658039,2116.7380240963853,1013.5228674698793,1085.2766987951804,0.4939759036142367,0.2440302817302303,3.2514480158733643,0.4781053874633824,0.0,0.5550605401292977,0.3066270630435233,0.0
6329.020965613602,105.4836827602267,替中置液,0.5821149132906723,0.5821149132906723,2125.7072530120477,1013.5228674698793,1085.2766987951804,0.49799196787126293,0.24398616885073818,3.2744783016407335,0.48050373617097397,0.0,0.5556274830806769,0.30646308813199524,0.0
6330.349090078917,105.50581816798194,替中置液,0.5826792635556529,0.5826792635556529,2125.7072530120477,1013.5228674698793,1094.2459277108433,0.49799196787126293,0.2439413802991423,3.271086182327606,0.48015117793060835,0.0,0.5561940902341677,0.30629893547107856,0.0
6331.6771344312965,105.52795224052161,替中置液,0.5832432271239062,0.5832432271239062,2125.7072530120477,1013.5228674698793,1094.2459277108433,0.49799196787126293,0.24389592047557931,3.2677061278320076,0.4797996356511762,0.0,0.5567603631466971,0.30613460142988713,0.0
6333.005098837314,105.5500849806219,替中置液,0.5838068059892716,0.5838068059892716,2125.7072530120477,1022.492096385542,1094.2459277108433,0.49397590361423654,0.24384979198161244,3.2380127773133567,0.47670114595180113,0.0,0.557326304002132,0.30597008215979965,0.0
6334.332983460981,105.57221639101635,替中置液,0.5843700016756525,0.5843700016756525,2134.6764819277105,1022.492096385542,1094.2459277108433,0.49799196787126293,0.24380299838384412,3.2609819529389577,0.4790995813820891,0.0,0.5578919145098474,0.30580537319024537,0.0
6335.6607884644645,105.59434647440774,替中置液,0.5849328150224761,0.5849328150224761,2134.6764819277105,1022.492096385542,1094.2459277108433,0.49799196787126293,0.24375554530584578,3.257637660787434,0.4787510562017381,0.0,0.5584571958021307,0.30564047045707177,0.0
6336.988514008348,105.61647523347247,替中置液,0.5854952482631507,0.5854952482631507,2134.6764819277105,1022.492096385542,1094.2459277108433,0.49799196787126293,0.2437074347316283,3.2543051470913245,0.47840352655101304,0.0,0.5590221502080194,0.30547537042809236,0.0
6338.316160250811,105.63860267084685,替中置液,0.5860573027209384,0.5860573027209384,2134.6764819277105,1022.492096385542,1094.2459277108433,0.49799196787126293,0.2436586703891851,3.250984246455472,0.4780569774661779,0.0,0.559586779138649,0.30531006843006736,0.0
6339.643727474957,105.66072879124928,替中置液,0.5866189791839871,0.5866189791839871,2143.6457108433733,1022.492096385542,1103.2151566265059,0.5020080321282894,0.24360925762467375,3.273865634197948,0.48044007658133847,0.0,0.5601510835643901,0.30514456053629946,0.0
6340.971216331357,105.68285360552262,替中置液,0.5871802800871931,0.5871802800871931,2143.6457108433733,1022.492096385542,1103.2151566265059,0.5020080321282894,0.24355919833540587,3.270540750872428,0.4800944664575436,0.0,0.5607150659397967,0.30497884317849994,0.0
6342.2986274468885,105.7049771241148,替中置液,0.5877412072438221,0.5877412072438221,2143.6457108433733,1031.4613253012046,1103.2151566265059,0.49799196787126304,0.24350849563933677,3.241088932053765,0.47702299658552005,0.0,0.5612787281120105,0.3048129115924995,0.0
6343.625961429281,105.72709935715469,替中置液,0.588301761399473,0.588301761399473,2143.6457108433733,1031.4613253012046,1103.2151566265059,0.49799196787126304,0.243457154948068,3.2378121168777243,0.47668014445518314,0.0,0.5618420708986395,0.30464676148864533,0.0
6344.953218870293,105.74922031450488,替中置液,0.5888619442487313,0.5888619442487313,2152.6149397590357,1031.4613253012046,1103.2151566265059,0.5020080321282893,0.2434051797720564,3.2606309589974596,0.4790630135203826,0.0,0.5624050960159226,0.30448038938304345,0.0
6346.280400347953,105.77134000579922,替中置液,0.5894217582691476,0.5894217582691476,2152.6149397590357,1031.4613253012046,1103.2151566265059,0.5020080321282893,0.24335257152387815,3.25734905606206,0.4787209683517416,0.0,0.5629678058287507,0.3043137909686585,0.0
6347.607506428133,105.79345844046888,替中置液,0.5899812043677327,0.5899812043677327,2152.6149397590357,1031.4613253012046,1112.1843855421685,0.5020080321282893,0.24329933504049978,3.254077754459061,0.47837980457258145,0.0,0.5635302012515049,0.3041469614114633,0.0
6348.934537665653,105.81557562776088,替中置液,0.5905402836130634,0.5905402836130634,2152.6149397590357,1031.4613253012046,1112.1843855421685,0.5020080321282893,0.2432454748717236,3.2508170087229975,0.478039519460702,0.0,0.5640922833186753,0.3039798970604509,0.0
6350.261494605072,105.8376915767512,替中置液,0.5910989983682822,0.5910989983682822,2161.5841686746985,1031.4613253012046,1112.1843855421685,0.5060240963853156,0.24319099262447183,3.2735473100110943,0.48040699783034424,0.0,0.5646540542442205,0.30381259412352163,0.0
6351.58837778127,105.85980629635449,替中置液,0.5916573505051006,0.5916573505051006,2161.5841686746985,1040.4305542168672,1112.1843855421685,0.5020080321282894,0.24313589086499932,3.2443270197400107,0.4773615760176867,0.0,0.565215515748922,0.30364504775447254,0.0
6352.915187719891,105.88191979533151,替中置液,0.592215340378907,0.592215340378907,2161.5841686746985,1040.4305542168672,1112.1843855421685,0.5020080321282894,0.24308017562792983,3.241097703866959,0.47702391407603095,0.0,0.5657766681420451,0.30347725352472893,0.0
6354.241924937706,105.9040320822951,替中置液,0.5927729700168279,0.5927729700168279,2161.5841686746985,1040.4305542168672,1112.1843855421685,0.5020080321282894,0.2430238490611195,3.2378787854842384,0.4766871222097694,0.0,0.5663375132318783,0.30330920816117835,0.0
6355.5685899429145,105.92614316571525,替中置液,0.593330241455866,0.593330241455866,2170.553397590361,1040.4305542168672,1112.1843855421685,0.5060240963853155,0.24296691322000263,3.2605475913952287,0.4790543275944751,0.0,0.5668980528199267,0.3031409070463769,0.0
6356.895183235412,105.94825305392354,替中置液,0.5938871556902239,0.5938871556902239,2170.553397590361,1040.4305542168672,1121.153614457831,0.5060240963853155,0.2429093726053187,3.257323775327387,0.4787183326817005,0.0,0.5674582877695122,0.3029723455545679,0.0
6358.221705306241,105.97036175510402,替中置液,0.5944437139626015,0.5944437139626015,2170.553397590361,1040.4305542168672,1121.153614457831,0.5060240963853155,0.2428512308780862,3.2541103245157634,0.4783832024013831,0.0,0.56801821908423,0.30280351986732074,0.0
6359.5481566367,105.99246927727833,替中置液,0.594999918223275,0.594999918223275,2170.553397590361,1049.39978313253,1121.153614457831,0.5020080321282892,0.24279249021841828,3.2251063292107878,0.4753486151655787,0.0,0.5685778484597247,0.30263442605434554,0.0
6360.874537699784,106.01457562832974,替中置液,0.595555769994528,0.595555769994528,2179.5226265060237,1049.39978313253,1121.153614457831,0.5060240963853155,0.24273315368004644,3.247714259897482,0.4777155164875231,0.0,0.56913717716,0.3024650594463555,0.0
6362.20084896083,106.03668081601383,替中置液,0.5961112702380025,0.5961112702380025,2179.5226265060237,1049.39978313253,1121.153614457831,0.5060240963853155,0.24267322562742352,3.2445315081645454,0.4773829502821889,0.0,0.5696962059309397,0.30229541574473107,0.0
6363.527090877954,106.0587848479659,替中置液,0.5966664208796418,0.5966664208796418,2179.5226265060237,1049.39978313253,1121.153614457831,0.5060240963853155,0.24261270808676647,3.241358871646303,0.47705123026321616,0.0,0.570254936373416,0.3021254910888114,0.0
6364.853263902368,106.08088773170613,替中置液,0.597221223463842,0.597221223463842,2179.5226265060237,1049.39978313253,1121.153614457831,0.5060240963853155,0.24255160387167068,3.238196305607859,0.4767203536285234,0.0,0.5708133697188152,0.3019552808900632,0.0
6366.179368478619,106.10298947464365,替中置液,0.5977756785679251,0.5977756785679251,2188.4918554216865,1049.39978313253,1130.1228433734939,0.5100401606423419,0.242489918202102,3.260718716255994,0.4790721566405053,0.0,0.5713715063487165,0.3017847807125528,0.0
6367.505405044778,106.12509008407963,替中置液,0.5983297882807197,0.5983297882807197,2188.4918554216865,1049.39978313253,1130.1228433734939,0.5100401606423419,0.24242765275362543,3.25755121284612,0.4787420439442085,0.0,0.5719293479799776,0.3016139869477168,0.0
6368.83137403212,106.147189567202,替中置液,0.5988835543691668,0.5988835543691668,2188.4918554216865,1058.3690120481926,1130.1228433734939,0.5060240963853156,0.24236480982958136,3.228768520379766,0.47573274920484376,0.0,0.5724868960499443,0.30144289495628207,0.0
6370.157275863552,106.1692879310592,替中置液,0.5994369775622621,0.5994369775622621,2188.4918554216865,1058.3690120481926,1130.1228433734939,0.5060240963853156,0.24230139393161687,3.225645426050185,0.47540517969681784,0.0,0.5730441510050855,0.3012715001083577,0.0
6371.483110955153,106.19138518258589,替中置液,0.5999900593024864,0.5999900593024864,2197.461084337349,1058.3690120481926,1130.1228433734939,0.5100401606423418,0.24223740794998877,3.2481074846200437,0.47775658990661907,0.0,0.5736011139392599,0.3010997985925599,0.0
6372.808879716784,106.21348132861307,替中置液,0.6005428017729435,0.6005428017729435,2197.461084337349,1058.3690120481926,1130.1228433734939,0.5100401606423418,0.2421728531515922,3.2449787080602253,0.47742969104993405,0.0,0.5741577866707063,0.30092778612268034,0.0
6374.134582552464,106.2355763758744,替中置液,0.6010952058890688,0.6010952058890688,2197.461084337349,1058.3690120481926,1139.0920722891565,0.5100401606423418,0.2421077335992995,3.241859413493977,0.4771035791915781,0.0,0.5747141698367163,0.3007554577632903,0.0
6375.460219860626,106.25767033101043,替中置液,0.6016472720690449,0.6016472720690449,2197.461084337349,1058.3690120481926,1139.0920722891565,0.5100401606423418,0.24204205454610642,3.23874955784935,0.47677825155270503,0.0,0.5752702636204685,0.3005828094697635,0.0
6376.785792034286,106.27976320057142,替中置液,0.6021990027328579,0.6021990027328579,2206.4303132530117,1058.3690120481926,1139.0920722891565,0.5140562248993682,0.24197581640764193,3.2611266503424234,0.4791146557515735,0.0,0.5758260700007695,0.3004098375725019,0.0
6378.111299461162,106.30185499101937,替中置液,0.6027503996261449,0.6027503996261449,2206.4303132530117,1067.3382409638552,1139.0920722891565,0.5100401606423419,0.24190902129948133,3.2325580020051876,0.47612993889426813,0.0,0.5763815904044786,0.3002365369257054,0.0
6379.43674252377,106.3239457087295,替中置液,0.6033014632203728,0.6033014632203728,2206.4303132530117,1067.3382409638552,1139.0920722891565,0.5100401606423419,0.24184167408549748,3.229476230527576,0.4758069498041786,0.0,0.5769368250619175,0.30006290282512404,0.0
6380.7621215994905,106.3460353599915,替中置液,0.6038521949784473,0.6038521949784473,2206.4303132530117,1067.3382409638552,1139.0920722891565,0.5100401606423419,0.24177377742329112,3.2264037451629615,0.47548473571952,0.0,0.5774917751238609,0.2998889315457117,0.0
6382.087437060634,106.36812395101057,替中置液,0.6044025967567099,0.6044025967567099,2215.399542168674,1067.3382409638552,1139.0920722891565,0.5140562248993681,0.2417053330814885,3.2487211477526605,0.47782068227883123,0.0,0.5780464421386036,0.299714618590777,0.0
6383.412689274119,106.39021148790198,替中置液,0.6049526697465731,0.6049526697465731,2215.399542168674,1067.3382409638552,1148.061301204819,0.5140562248993681,0.24163634426216776,3.24564309310335,0.47749912401625894,0.0,0.5786008270394998,0.29953995905060943,0.0
6384.737878599841,106.41229797666401,替中置液,0.6055024145714062,0.6055024145714062,2215.399542168674,1067.3382409638552,1148.061301204819,0.5140562248993681,0.24156681541144778,3.2425742964466,0.4771783357946733,0.0,0.5791549302078051,0.29936494858259177,0.0
6386.063005392057,106.43438342320094,替中置液,0.6060518332435804,0.6060518332435804,2215.399542168674,1067.3382409638552,1148.061301204819,0.5140562248993681,0.2414967477308191,3.2395146848375234,0.4768583116430425,0.0,0.5797087533378676,0.2991895833088078,0.0
6387.388069999876,106.45646783333127,替中置液,0.6066009273420909,0.6066009273420909,2224.368771084337,1076.3074698795178,1148.061301204819,0.5140562248993682,0.24142614341838575,3.2364642187618897,0.4765390490683634,0.0,0.5802622977738474,0.29901385816036546,0.0
6388.713072767502,106.4785512127917,替中置液,0.6071496973542122,0.6071496973542122,2224.368771084337,1076.3074698795178,1148.061301204819,0.5140562248993682,0.2413550073210758,3.2334228642358016,0.47622054614368337,0.0,0.5808155639350142,0.29883776837150827,0.0
6390.038014034329,106.50063356723881,替中置液,0.6076981448040534,0.6076981448040534,2224.368771084337,1076.3074698795178,1148.061301204819,0.5140562248993682,0.24128334166207635,3.230390859722677,0.4759028294879911,0.0,0.5813685531148263,0.29866130995811846,0.0
6391.362894134966,106.52271490224943,替中置液,0.6082462714938951,0.6082462714938951,2224.368771084337,1076.3074698795178,1148.061301204819,0.5140562248993682,0.2412111480033707,3.2273680592404155,0.475585885455832,0.0,0.5819212669150537,0.29848447822826213,0.0
6392.687713399256,106.54479522332093,替中置液,0.608794078334129,0.608794078334129,2224.368771084337,1076.3074698795178,1157.0305301204817,0.5140562248993682,0.24113842993581625,3.2243543027962716,0.47526969889105364,0.0,0.5824737061597846,0.2983072680814721,0.0
6394.012472152303,106.56687453587172,替中置液,0.6093415664676145,0.6093415664676145,2233.3379999999997,1076.3074698795178,1157.0305301204817,0.5180722891563946,0.24106519058267767,3.2465163681496194,0.47759037344277233,0.0,0.583025871907422,0.2981296752168011,0.0
6395.337170714542,106.58895284524236,替中置液,0.6098887375131112,0.6098887375131112,2233.3379999999997,1085.2766987951804,1157.0305301204817,0.5140562248993683,0.24099143214489968,3.2183538659067845,0.4746395986678531,0.0,0.5835777657077326,0.2979516951602024,0.0
6396.661809401826,106.6110301566971,替中置液,0.6104355926769564,0.6104355926769564,2233.3379999999997,1085.2766987951804,1157.0305301204817,0.5140562248993683,0.24091715732106972,3.2153671734293634,0.4743256869296857,0.0,0.584129388718229,0.2977733229605773,0.0
6397.9863885255445,106.63310647542575,替中置液,0.6109821327464052,0.6109821327464052,2233.3379999999997,1085.2766987951804,1157.0305301204817,0.5140562248993683,0.24084236999672898,3.212389496956798,0.47401253608589866,0.0,0.5846807418002379,0.2975945539393193,0.0
6399.310908392737,106.65518180654561,替中置液,0.6115283596101986,0.6115283596101986,2233.3379999999997,1085.2766987951804,1157.0305301204817,0.5140562248993683,0.24076707141127482,3.209420836551903,0.4737001477260614,0.0,0.5852318268157355,0.29741538374543525,0.0
6400.6353693062,106.67725615510334,替中置液,0.6120742746325192,0.6120742746325192,2233.3379999999997,1085.2766987951804,1165.9997590361443,0.5140562248993683,0.2406912640300381,3.2064612039717906,0.4733885246682451,0.0,0.5857826452012653,0.29723580715636916,0.0
6401.9597715645905,106.69932952607651,替中置液,0.6126198781475415,0.6126198781475415,2233.3379999999997,1085.2766987951804,1165.9997590361443,0.5140562248993683,0.24061495257469573,3.2035106132530164,0.47307766997046474,0.0,0.5863331974975844,0.2970558191988181,0.0
6403.284115462496,106.72140192437493,替中置液,0.6131651720166962,0.6131651720166962,2233.3379999999997,1085.2766987951804,1165.9997590361443,0.5140562248993683,0.24053813821169498,3.200569078645674,0.4727675867135124,0.0,0.5868834856515811,0.2968754157112167,0.0
6404.608401290498,106.74347335484163,替中置液,0.6137101578040491,0.6137101578040491,2233.3379999999997,1094.2459277108433,1165.9997590361443,0.5100401606423419,0.2404608229639478,3.1726550897844232,0.46981592316718235,0.0,0.5874335114464024,0.2966945914743998,0.0
6405.932629335208,106.76554382225346,替中置液,0.6142548359257292,0.6142548359257292,2233.3379999999997,1094.2459277108433,1165.9997590361443,0.5100401606423419,0.24038301115603683,3.169754585603739,0.4695082737156807,0.0,0.5879832755959338,0.29651334129719176,0.0
6407.256799879287,106.78761333132145,替中置液,0.6147992077473634,0.6147992077473634,2233.3379999999997,1094.2459277108433,1165.9997590361443,0.5100401606423419,0.2403047049283862,3.1668631479227747,0.46920140824262957,0.0,0.5885327797076917,0.2963316608747588,0.0
6408.580913201458,106.80968188669097,替中置液,0.6153432751971298,0.6153432751971298,2233.3379999999997,1094.2459277108433,1165.9997590361443,0.5100401606423419,0.24022590517963502,3.1639808099017577,0.4688953318370347,0.0,0.5890820259721835,0.2961495452184851,0.0
6409.904969576498,106.83174949294163,替中置液,0.6158870390107409,0.6158870390107409,2233.3379999999997,1094.2459277108433,1174.968987951807,0.5100401606423419,0.24014661556251188,3.161107610637018,0.4685900502235315,0.0,0.5896310155439487,0.29596698886284334,0.0
6411.228969275233,106.85381615458722,替中置液,0.616430499782232,0.616430499782232,2233.3379999999997,1094.2459277108433,1174.968987951807,0.5100401606423419,0.24006683987015606,3.1582435882050364,0.46828556902441054,0.0,0.5901797494488406,0.29578398711917037,0.0
6412.552912564524,106.87588187607541,替中置液,0.616973659483546,0.616973659483546,2233.3379999999997,1094.2459277108433,1174.968987951807,0.5100401606423419,0.23998657854474648,3.1553887831856917,0.4679818941341187,0.0,0.5907282299645765,0.2956005354942992,0.0
6413.876799707258,106.89794666178764,替中置液,0.6175165190900754,0.6175165190900754,2233.3379999999997,1103.2151566265059,1174.968987951807,0.5060240963853156,0.23990583472076119,3.127720068479011,0.4650296818377686,0.0,0.5912764586145851,0.29541662854753215,0.0
6415.2006309623275,106.92001051603879,替中置液,0.6180590793389888,0.6180590793389888,2233.3379999999997,1103.2151566265059,1174.968987951807,0.5060240963853156,0.23982461175206696,3.1249061704491448,0.4647285267188749,0.0,0.5918244366249265,0.29523226134568564,0.0
6416.524406582698,106.94207344304498,替中置液,0.6186013418214102,0.6186013418214102,2233.3379999999997,1103.2151566265059,1174.968987951807,0.5060240963853156,0.23974291086280147,3.122101551941801,0.4644281960393678,0.0,0.59237216603047,0.29504742922208704,0.0
6417.848126816074,106.96413544693456,替中置液,0.619143307875014,0.619143307875014,2233.3379999999997,1103.2151566265059,1174.968987951807,0.5060240963853156,0.23966073390087667,3.1193062225702355,0.4641286924072,0.0,0.5929196486924102,0.29486212701453085,0.0
6419.171791905673,106.98619653176121,替中置液,0.6196849779489956,0.6196849779489956,2233.3379999999997,1103.2151566265059,1183.9382168674697,0.5060240963853156,0.23957808489956486,3.1165202020685014,0.46383001951419833,0.0,0.5934668857079536,0.29467634962087574,0.0
6420.495402090577,107.00825670150962,替中置液,0.6202263535959541,0.6202263535959541,2233.3379999999997,1103.2151566265059,1183.9382168674697,0.5060240963853156,0.23949496512812637,3.113743517771753,0.4635321818687008,0.0,0.5940138790899311,0.29449009262870984,0.0
6421.818957603615,107.03031596006025,替中置液,0.6207674361371285,0.6207674361371285,2233.3379999999997,1112.1843855421685,1183.9382168674697,0.5020080321282894,0.23941137618751368,3.0862859172152954,0.46057805415440944,0.0,0.5945606306694895,0.29430335108243333,0.0
6423.1424586726525,107.05237431121087,替中置液,0.621308225519206,0.621308225519206,2233.3379999999997,1112.1843855421685,1183.9382168674697,0.5020080321282894,0.23932732307851923,3.083549855485399,0.4602827950285988,0.0,0.5951071411192456,0.29411612007268495,0.0
6424.465905521321,107.07443175868868,替中置液,0.6218487239725785,0.6218487239725785,2233.3379999999997,1112.1843855421685,1183.9382168674697,0.5020080321282894,0.2392428053328192,3.080823086056058,0.4599883778801267,0.0,0.5956534130782798,0.2939283956353314,0.0
6425.789298369339,107.09648830615565,替中置液,0.6223889326235936,0.6223889326235936,2233.3379999999997,1112.1843855421685,1183.9382168674697,0.5020080321282894,0.23915782494627472,3.0781056290105533,0.45969480643313654,0.0,0.596199448204911,0.29374017233123867,0.0
6427.11263743268,107.11854395721133,替中置液,0.6229288512557662,0.6229288512557662,2233.3379999999997,1112.1843855421685,1192.9074457831323,0.5020080321282894,0.23907238694760186,3.0753974990924897,0.45940208383529335,0.0,0.5967452469397148,0.2935514455587497,0.0
6428.435922921907,107.14059871536512,替中置液,0.6234684818420687,0.6234684818420687,2233.3379999999997,1112.1843855421685,1192.9074457831323,0.5020080321282894,0.23898649142037398,3.07269870067145,0.4591102121115723,0.0,0.5972908116892313,0.29336221167306703,0.0
6429.759155042058,107.1626525840343,替中置液,0.6240078256696495,0.6240078256696495,2233.3379999999997,1112.1843855421685,1192.9074457831323,0.5020080321282894,0.23890013978439836,3.0700092141375124,0.4588191906885952,0.0,0.5978361441493427,0.2931724655666504,0.0
6431.0823339932585,107.18470556655431,替中置液,0.6245468831218058,0.6245468831218058,2233.3379999999997,1121.153614457831,1192.9074457831323,0.49799196787126304,0.23881333572172744,3.0427903842660164,0.45586509560705624,0.0,0.5983812452318052,0.29298220282518433,0.0
6432.4054601752005,107.20675766958668,替中置液,0.6250856551776728,0.6250856551776728,2233.3379999999997,1121.153614457831,1192.9074457831323,0.49799196787126304,0.23872608165499043,3.0401408252175988,0.4555766756833447,0.0,0.5989261163367392,0.29279141967497097,0.0
6433.728534255883,107.22880890426471,替中置液,0.6256241436708659,0.6256241436708659,2233.3379999999997,1121.153614457831,1192.9074457831323,0.49799196787126304,0.2386383780151338,3.0375004274720343,0.45528910093522423,0.0,0.5994707595360736,0.29260011202100294,0.0
6435.051556881173,107.25085928135289,替中置液,0.6261623496305169,0.6261623496305169,2233.3379999999997,1121.153614457831,1192.9074457831323,0.49799196787126304,0.2385502271017024,3.0348691405244024,0.4550023673582215,0.0,0.6000151761860839,0.2924082754170739,0.0
6436.3745286783105,107.27290881130517,替中置液,0.6267002735741042,0.6267002735741042,2233.3379999999997,1121.153614457831,1201.876674698795,0.49799196787126304,0.23846163271794593,3.032246925814541,0.4547164722351039,0.0,0.6005593672167769,0.29221590616044424,0.0
6437.697450258852,107.2949575043142,替中置液,0.6272379173207644,0.6272379173207644,2233.3379999999997,1121.153614457831,1201.876674698795,0.49799196787126304,0.23837259527084279,3.029633741100116,0.45443141243424456,0.0,0.6011033345639089,0.29202300078877513,0.0
6439.020322220821,107.31700537034702,替中置液,0.627775282023587,0.627775282023587,2233.3379999999997,1121.153614457831,1201.876674698795,0.49799196787126304,0.2382831166055776,3.027029549319487,0.45414718537619136,0.0,0.6016470794747723,0.291829555097745,0.0
6440.343145147912,107.33905241913186,替中置液,0.6283123680191254,0.6283123680191254,2233.3379999999997,1130.1228433734939,1201.876674698795,0.49397590361423666,0.23819320078517806,3.00004370865633,0.4511931614488425,0.0,0.6021906025055102,0.29163556567049703,0.0
6441.665919611516,107.36109866019193,替中置液,0.6288491769596966,0.6288491769596966,2233.3379999999997,1130.1228433734939,1201.876674698795,0.49397590361423666,0.2381028488181672,2.997478186118129,0.45091149392990104,0.0,0.6027339053253817,0.29144102966154517,0.0
6442.988646172295,107.38314410287158,替中置液,0.6293857104284405,0.6293857104284405,2233.3379999999997,1130.1228433734939,1201.876674698795,0.49397590361423666,0.238012061503926,2.9949213820675533,0.45063063978383033,0.0,0.6032769893871008,0.29124594332320153,0.0
6444.3113253810525,107.40518875635088,替中置液,0.6299219687764733,0.6299219687764733,2233.3379999999997,1130.1228433734939,1201.876674698795,0.49397590361423666,0.23792084250139864,2.9923732335140176,0.4503505934818153,0.0,0.6038198549979006,0.291050303257037,0.0
6445.63395777929,107.42723262965482,替中置液,0.6304579528985435,0.6304579528985435,2233.3379999999997,1130.1228433734939,1210.8459036144577,0.49397590361423666,0.23782919462444274,2.989833673366346,0.45007134902641244,0.0,0.6043625030148393,0.2908541070569787,0.0
6446.956543899479,107.44927573165798,替中置液,0.6309936645057136,0.6309936645057136,2233.3379999999997,1130.1228433734939,1210.8459036144577,0.49397590361423666,0.2377371184651529,2.987302635005474,0.44979290045368514,0.0,0.6049049348631959,0.2906573517976408,0.0
6448.279084265227,107.47131807108711,替中置液,0.631529104939952,0.631529104939952,2233.3379999999997,1139.0920722891565,1210.8459036144577,0.4899598393572103,0.2376446153912058,2.9605135485530067,0.446837080040387,0.0,0.6054471515655029,0.2904600342428041,0.0
6449.601579391424,107.49335965652374,替中置液,0.6320642743239111,0.6320642743239111,2233.3379999999997,1139.0920722891565,1210.8459036144577,0.4899598393572103,0.2375516898907868,2.9580197975400395,0.44656112111042434,0.0,0.6059891530496934,0.2902621517063324,0.0
6450.924029784411,107.51540049640684,替中置液,0.6325991742437238,0.6325991742437238,2233.3379999999997,1139.0920722891565,1210.8459036144577,0.4899598393572103,0.23745834303151908,2.9555342972371115,0.4462859382191485,0.0,0.6065309404692346,0.2900637022410008,0.0
6452.246435942169,107.53744059903616,替中置液,0.6331338060802949,0.6331338060802949,2233.3379999999997,1139.0920722891565,1210.8459036144577,0.4899598393572103,0.2373645759804659,2.9530569821110375,0.4460115253999055,0.0,0.6070725147006364,0.28986468288524864,0.0
6453.568798354524,107.5594799725754,替中置液,0.6336681706591931,0.6336681706591931,2233.3379999999997,1139.0920722891565,1219.8151325301203,0.4899598393572103,0.2372703916114997,2.950587784475564,0.44573787642981555,0.0,0.6076138761608331,0.28966509124185047,0.0
6454.891117503346,107.58151862505578,替中置液,0.6342022686884614,0.6342022686884614,2233.3379999999997,1139.0920722891565,1219.8151325301203,0.4899598393572103,0.23717579273991043,2.94812663375997,0.44546498474815943,0.0,0.6081550250474812,0.289464925248047,0.0
6456.213393862753,107.60355656437922,替中置液,0.6347361015708167,0.6347361015708167,2233.3379999999997,1139.0920722891565,1219.8151325301203,0.4899598393572103,0.23708078053452672,2.945673460593383,0.44519284390888847,0.0,0.608695962126196,0.28926418296497586,0.0
6457.53562789929,107.6255937983215,替中置液,0.6352696706884655,0.6352696706884655,2233.3379999999997,1148.061301204819,1219.8151325301203,0.48594377510018405,0.23698535645507074,2.9191033750968116,0.44223674176231054,0.0,0.6092366881595038,0.2890628621889772,0.0
6458.857820072114,107.64763033453524,替中置液,0.6358029763528464,0.6358029763528464,2233.3379999999997,1148.061301204819,1219.8151325301203,0.48594377510018405,0.23688952451414289,2.916685931736207,0.4419670043429885,0.0,0.6097772029289928,0.2888609607813598,0.0
6460.179970833154,107.66966618055257,替中置液,0.6363360202149934,0.6363360202149934,2233.3379999999997,1148.061301204819,1219.8151325301203,0.48594377510018405,0.23679328547895404,2.9142761969178737,0.441697997216729,0.0,0.610317507312387,0.2886584773192867,0.0
6461.5020806272705,107.69170134378784,替中置液,0.6368688033988418,0.6368688033988418,2233.3379999999997,1148.061301204819,1219.8151325301203,0.48594377510018405,0.2366966410616955,2.911874109064793,0.44142971468622083,0.0,0.6108576016720924,0.28845540962077404,0.0
6462.824149892408,107.71373583154013,替中置液,0.6374013264398555,0.6374013264398555,2233.3379999999997,1148.061301204819,1228.784361445783,0.48594377510018405,0.23659959470731806,2.9094796049442606,0.4411621508531064,0.0,0.6113974859184722,0.2882517560668181,0.0
6464.146179059736,107.73576965099559,替中置液,0.6379335905351161,0.6379335905351161,2233.3379999999997,1148.061301204819,1228.784361445783,0.48594377510018405,0.2365021479503413,2.907092619653451,0.4408952996160044,0.0,0.6119371604254858,0.2880475153004606,0.0
6465.4681685537835,107.75780280922973,替中置液,0.6384655971856713,0.6384655971856713,2233.3379999999997,1148.061301204819,1228.784361445783,0.48594377510018405,0.23640430165914292,2.9047130934932817,0.44062915543915704,0.0,0.6124766258605471,0.2878426858074229,0.0
6466.790118792573,107.77983531320955,替中置液,0.6389973467895889,0.6389973467895889,2233.3379999999997,1157.0305301204817,1228.784361445783,0.4819277108431578,0.23630605927070203,2.878354678793832,0.4376725433873325,0.0,0.613015881896715,0.28763726581659216,0.0
6468.112030187737,107.80186716979561,替中置液,0.6395288405333845,0.6395288405333845,2233.3379999999997,1157.0305301204817,1228.784361445783,0.4819277108431578,0.23620742247164522,2.8760094351821825,0.43740872254469965,0.0,0.6135549289033391,0.28743125432583333,0.0
6469.433903144637,107.82389838574395,替中置液,0.6400600799671754,0.6400600799671754,2233.3379999999997,1157.0305301204817,1228.784361445783,0.4819277108431578,0.23610839197987196,2.8736714133938905,0.4371455908958227,0.0,0.6140937675377529,0.2872246498767368,0.0
6470.755738062467,107.84592896770778,替中置液,0.6405910656772023,0.6405910656772023,2233.3379999999997,1157.0305301204817,1228.784361445783,0.4819277108431578,0.2360089706058747,2.8713405606796547,0.4368831435825362,0.0,0.6146323975631673,0.28701745086340535,0.0
6472.077535334352,107.86795892223921,替中置液,0.6411217980710113,0.6411217980710113,2233.3379999999997,1157.0305301204817,1237.7535903614455,0.4819277108431578,0.23590916163820455,2.8690168222076338,0.4366213754984909,0.0,0.6151708186124436,0.2868096563574173,0.0
6473.399295347447,107.88998825579078,替中置液,0.6416522788440531,0.6416522788440531,2233.3379999999997,1157.0305301204817,1237.7535903614455,0.4819277108431578,0.2358089654161904,2.8667001435745454,0.43636028157174545,0.0,0.6157090314599535,0.2866012656745998,0.0
6474.721018483014,107.91201697471689,替中置液,0.6421825093771151,0.6421825093771151,2233.3379999999997,1157.0305301204817,1237.7535903614455,0.4819277108431578,0.23570838294234933,2.864390476116763,0.4360998573639311,0.0,0.6162470366160604,0.28639227720633,0.0
6476.042705116506,107.9340450852751,替中置液,0.6427124894040123,0.6427124894040123,2233.3379999999997,1165.9997590361443,1237.7535903614455,0.47791164658613144,0.2356074188176389,2.8382370395968737,0.433142544400139,0.0,0.6167848330496709,0.28618268956784704,0.0
6477.364355617643,107.95607259362738,替中置液,0.6432422205150851,0.6432422205150851,2233.3379999999997,1165.9997590361443,1237.7535903614455,0.47791164658613144,0.23550607343421293,2.8359603732696033,0.4328843765720941,0.0,0.6173224214058992,0.28597250275867725,0.0
6478.685970350477,107.97809950584129,替中置液,0.6437717042055496,0.6437717042055496,2233.3379999999997,1165.9997590361443,1237.7535903614455,0.47791164658613144,0.23540434750188483,2.8336905112078994,0.432626863276907,0.0,0.6178598022868775,0.28576171541173956,0.0
6480.007549673462,108.00012582789103,替中置液,0.6443009406993138,0.6443009406993138,2233.3379999999997,1165.9997590361443,1246.722819277108,0.47791164658613144,0.23530224451242301,2.831427407917925,0.43237000034808615,0.0,0.618396975118507,0.28555032624276033,0.0
6481.329093939516,108.02215156565859,替中置液,0.6448299308485563,0.6448299308485563,2233.3379999999997,1165.9997590361443,1246.722819277108,0.47791164658613144,0.23519976656392255,2.8291710143825664,0.43211378320742644,0.0,0.6189339398741814,0.2853383349789414,0.0
6482.650603496085,108.04417672493474,替中置液,0.6453586762031833,0.6453586762031833,2233.3379999999997,1165.9997590361443,1246.722819277108,0.47791164658613144,0.2350969142700216,2.826921285183324,0.431858207673411,0.0,0.6194706972090427,0.2851257408934942,0.0
6483.972078685204,108.06620131142007,替中置液,0.6458871777554365,0.6458871777554365,2233.3379999999997,1174.968987951807,1246.722819277108,0.47389558232910506,0.23499368916677868,2.8009413850091254,0.4288984715576023,0.0,0.6200072472400131,0.2849125426941339,0.0
6485.293519843553,108.08822533072589,替中置液,0.6464154355363299,0.6464154355363299,2233.3379999999997,1174.968987951807,1246.722819277108,0.47389558232910506,0.2348900951254401,2.7987236468811045,0.4286451046446902,0.0,0.6205435892502011,0.28469873967028353,0.0
6486.6149273025185,108.1102487883753,替中置液,0.6469434512136442,0.6469434512136442,2233.3379999999997,1174.968987951807,1246.722819277108,0.47389558232910506,0.23478613219468478,2.7965123814208064,0.4283923652922953,0.0,0.6210797239725881,0.28448433188395045,0.0
6487.936301388245,108.13227168980409,替中置液,0.6474712258472387,0.6474712258472387,2233.3379999999997,1174.968987951807,1246.722819277108,0.47389558232910506,0.2346818018145334,2.794307547507499,0.42814024972946463,0.0,0.6216156515940168,0.2842693180854516,0.0
6489.257642421698,108.15429404036163,替中置液,0.6479987596504162,0.6479987596504162,2233.3379999999997,1174.968987951807,1255.692048192771,0.47389558232910506,0.2345771074388397,2.7921091021151025,0.42788875395692816,0.0,0.6221513715673703,0.2840536976048205,0.0
6490.578950718715,108.1763158453119,替中置液,0.6485260539009068,0.6485260539009068,2233.3379999999997,1174.968987951807,1255.692048192771,0.47389558232910506,0.23447205003556282,2.7899169995040394,0.4276378736541562,0.0,0.6226868842666866,0.28383747043140384,0.0
6491.900226590061,108.19833710983434,替中置液,0.6490531097341581,0.6490531097341581,2233.3379999999997,1174.968987951807,1255.692048192771,0.47389558232910506,0.23436663059215543,2.7877311987588467,0.4273876050419526,0.0,0.623222189959079,0.28362063574901586,0.0
6493.221470341483,108.22035783902471,替中置液,0.6495799274234766,0.6495799274234766,2233.3379999999997,1183.9382168674697,1255.692048192771,0.4698795180720788,0.2342608521702165,2.76194528821295,0.424426910785468,0.0,0.6237572881682487,0.2834031928589282,0.0
6494.54268227376,108.242378037896,替中置液,0.6501065079398056,0.6501065079398056,2233.3379999999997,1183.9382168674697,1255.692048192771,0.4698795180720788,0.2341547161795179,2.7597903810668702,0.4241787960102704,0.0,0.6242921790413402,0.2831851418108914,0.0
6495.863862682755,108.26439771137925,替中置液,0.6506328527749495,0.6506328527749495,2233.3379999999997,1183.9382168674697,1255.692048192771,0.4698795180720788,0.2340482227352785,2.7576415941364787,0.4239312794125618,0.0,0.6248268631787172,0.2829664821988368,0.0
6497.185011859463,108.28641686432438,替中置液,0.6511589623183053,0.6511589623183053,2233.3379999999997,1183.9382168674697,1255.692048192771,0.4698795180720788,0.23394137439523333,2.7554988858982696,0.42368435706941143,0.0,0.6253613401991802,0.28274721325620206,0.0
6498.506130090057,108.30843550150095,替中置液,0.6516848368936508,0.6516848368936508,2233.3379999999997,1183.9382168674697,1264.6612771084335,0.4698795180720788,0.2338341740746643,2.7533622121889105,0.42343802474347114,0.0,0.6258956097076465,0.28252733498463484,0.0
6499.827217655938,108.33045362759896,替中置液,0.6522104779776996,0.6522104779776996,2233.3379999999997,1183.9382168674697,1264.6612771084335,0.4698795180720788,0.233726621828098,2.751231529038606,0.4231922782092329,0.0,0.6264296722879793,0.2823068474682423,0.0
6501.148274833775,108.35247124722959,替中置液,0.6527358866442257,0.6527358866442257,2233.3379999999997,1183.9382168674697,1264.6612771084335,0.4698795180720788,0.23361871871231668,2.749106796845212,0.4229471137348596,0.0,0.6269635282339544,0.2820857500540913,0.0
6502.469301895552,108.37448836492587,替中置液,0.6532610626329232,0.6532610626329232,2233.3379999999997,1192.9074457831323,1264.6612771084335,0.4658634538150525,0.23351046871124956,2.7235094447897854,0.419985333654016,0.0,0.6274971766084668,0.28186404231316,0.0
6503.7902991086075,108.39650498514347,替中置液,0.6537860072939025,0.6537860072939025,2233.3379999999997,1192.9074457831323,1264.6612771084335,0.4658634538150525,0.23340187209519922,2.721414546148214,0.4197422683505303,0.0,0.6280306179107538,0.28164172480806715,0.0
6505.111266885434,108.41852111475723,替中置液,0.6543107219745232,0.6543107219745232,2233.3379999999997,1192.9074457831323,1264.6612771084335,0.4658634538150525,0.23329292924874415,2.7193254220803444,0.41949977161493024,0.0,0.6285638526459089,0.28141879705323725,0.0
6506.432205950885,108.44053676584808,替中置液,0.6548352071901342,0.6548352071901342,2233.3379999999997,1192.9074457831323,1273.6305060240961,0.4658634538150525,0.23318364295328453,2.7172419830381935,0.4192578338442121,0.0,0.6290968807006975,0.28119525870881323,0.0
6507.753117005783,108.46255195009638,替中置液,0.6553594636053977,0.6553594636053977,2233.3379999999997,1192.9074457831323,1273.6305060240961,0.4658634538150525,0.23307401528922073,2.7151641324388653,0.419016444599007,0.0,0.6296297019996147,0.2809711097981952,0.0
6509.074000730625,108.48456667884375,替中置液,0.6558834925624071,0.6558834925624071,2233.3379999999997,1192.9074457831323,1273.6305060240961,0.4658634538150525,0.23296404686268243,2.7130918078548385,0.4187755973901409,0.0,0.630162317101105,0.2807463503990485,0.0
6510.394857788563,108.50658096314272,替中置液,0.6564072953364977,0.6564072953364977,2233.3379999999997,1201.876674698795,1273.6305060240961,0.46184738955802623,0.23285373890556713,2.6876540525258954,0.41581105382210026,0.0,0.6306947265558251,0.28052098019488886,0.0
6511.715688827611,108.52859481379352,替中置液,0.6569308722131001,0.6569308722131001,2233.3379999999997,1201.876674698795,1273.6305060240961,0.46184738955802623,0.23274309441598828,2.6856103992925324,0.4155722290921817,0.0,0.6312269300345672,0.28029499875624964,0.0
6513.036494482298,108.55060824137163,替中置液,0.6574542244966097,0.6574542244966097,2233.3379999999997,1201.876674698795,1273.6305060240961,0.46184738955802623,0.23263211380397425,2.6835720785037194,0.41533393026753695,0.0,0.6317589280649819,0.28006840639421005,0.0
6514.357275374919,108.57262125624864,替中置液,0.65797735338784,0.65797735338784,2233.3379999999997,1201.876674698795,1273.6305060240961,0.46184738955802623,0.2325207977540882,2.681539049250905,0.4150961532854781,0.0,0.6322907211366241,0.27984120281868524,0.0
6515.678032116498,108.5946338686083,替中置液,0.6585002591181883,0.6585002591181883,2233.3379999999997,1201.876674698795,1282.5997349397587,0.46184738955802623,0.23240914948356736,2.6795112706730335,0.4148588940797201,0.0,0.632822308959012,0.2796133879012778,0.0
6516.998765307536,108.61664608845894,替中置液,0.6590229429198844,0.6590229429198844,2233.3379999999997,1201.876674698795,1282.5997349397587,0.46184738955802623,0.23229716994320754,2.6774886991062607,0.4146221482467324,0.0,0.6333536920507419,0.2793849619890988,0.0
6518.319475538589,108.63865792564316,替中置液,0.6595454058792408,0.6595454058792408,2233.3379999999997,1201.876674698795,1282.5997349397587,0.46184738955802623,0.2321848599458416,2.6754712981337883,0.41438591222218046,0.0,0.6338848707763943,0.27915592479306167,0.0
6519.640163390733,108.66066938984554,替中置液,0.6600676486956099,0.6600676486956099,2233.3379999999997,1210.8459036144577,1282.5997349397587,0.4578313253009998,0.23207222148032175,2.6502115614946016,0.4114199350241765,0.0,0.6344158452899133,0.27892627626844485,0.0
6520.960829435923,108.68268049059871,替中置液,0.6605896722412452,0.6605896722412452,2233.3379999999997,1210.8459036144577,1282.5997349397587,0.4578313253009998,0.23195925601589545,2.648221844730955,0.4111856668901386,0.0,0.634946615881795,0.2786960164599726,0.0
6522.281474237295,108.70469123728824,替中置液,0.6611114776806825,0.6611114776806825,2233.3379999999997,1210.8459036144577,1282.5997349397587,0.4578313253009998,0.23184596398362417,2.646237144419414,0.41095189649871855,0.0,0.6354771830486803,0.278465145352684,0.0
6523.6020983494,108.72670163915667,替中置液,0.6616330655441715,0.6616330655441715,2233.3379999999997,1210.8459036144577,1282.5997349397587,0.4578313253009998,0.23173234743514795,2.644257428004536,0.41071862067983844,0.0,0.6360075468139096,0.2782336628130598,0.0
6524.922702318415,108.74871170530692,替中置液,0.662154436052733,0.662154436052733,2233.3379999999997,1210.8459036144577,1291.5689638554215,0.4578313253009998,0.2316184093515872,2.642282661405603,0.4104858360762875,0.0,0.636537706987176,0.2780015690676081,0.0
6526.243286682316,108.77072144470526,替中置液,0.6626755910622507,0.6626755910622507,2233.3379999999997,1210.8459036144577,1291.5689638554215,0.4578313253009998,0.23150414870214028,2.640312808382584,0.4102535390686124,0.0,0.6370676647813278,0.27776886456598215,0.0
6527.563851971034,108.7927308661839,替中置液,0.6631965314188,0.6631965314188,2233.3379999999997,1210.8459036144577,1291.5689638554215,0.4578313253009998,0.23138956664445826,2.6383478412225676,0.41002172703559936,0.0,0.6375974205075196,0.2775355486455633,0.0
6528.88439870659,108.81473997844317,替中置液,0.6637172572362288,0.6637172572362288,2233.3379999999997,1219.8151325301203,1291.5689638554215,0.4538152610439735,0.23127466632566449,2.6132615216424306,0.4070542121578429,0.0,0.6381269739122294,0.277301621424055,0.0
6530.204927403228,108.8367487900538,替中置液,0.6642377695341785,0.6642377695341785,2233.3379999999997,1219.8151325301203,1291.5689638554215,0.4538152610439735,0.23115944880341288,2.6113233866199157,0.40682432580606853,0.0,0.6386563255708502,0.27706708333309166,0.0
6531.525438567542,108.85875730945902,替中置液,0.664758069592658,0.664758069592658,2233.3379999999997,1219.8151325301203,1291.5689638554215,0.4538152610439735,0.23104391426815013,2.6093900079648145,0.40659491481765375,0.0,0.639185476277983,0.27683193421743707,0.0
6532.845932698616,108.88076554497692,替中置液,0.6652781579195214,0.6652781579195214,2233.3379999999997,1219.8151325301203,1291.5689638554215,0.4538152610439735,0.23092806475725192,2.6074613620371325,0.40636597700629407,0.0,0.6397144262240074,0.27659617387431346,0.0
6534.1664102878185,108.90277350479697,替中置液,0.6657980347963935,0.6657980347963935,2233.3379999999997,1219.8151325301203,1300.5381927710841,0.4538152610439735,0.23081190274392635,2.6055374237859747,0.40613751001266885,0.0,0.6402431753908089,0.27635980240110236,0.0
6535.486871815922,108.92478119693205,替中置液,0.6663177018253439,0.6663177018253439,2233.3379999999997,1219.8151325301203,1300.5381927710841,0.4538152610439735,0.23069542816671518,2.603618164850163,0.40590951107845885,0.0,0.6407717249676664,0.27612282011311784,0.0
6536.807317755592,108.94678862925986,替中置液,0.6668371601822135,0.6668371601822135,2233.3379999999997,1228.784361445783,1300.5381927710841,0.44979919678694724,0.23057864161235136,2.5786796001834307,0.4029389562842782,0.0,0.6413000758196378,0.2758852263530122,0.0
6538.127748572276,108.96879580953792,替中置液,0.6673564096914515,0.6673564096914515,2233.3379999999997,1228.784361445783,1300.5381927710841,0.44979919678694724,0.2304615466637953,2.5767864515466687,0.40271284842120536,0.0,0.6418282276687988,0.27564702076828446,0.0
6539.448164724768,108.9908027454128,替中置液,0.6678754513241186,0.6678754513241186,2233.3379999999997,1228.784361445783,1300.5381927710841,0.44979919678694724,0.23034414406119713,2.5748978240118143,0.402487195214265,0.0,0.6423561812221324,0.27540820379075437,0.0
6540.768566665555,109.01280944442593,替中置液,0.6683942863507897,0.6683942863507897,2233.3379999999997,1228.784361445783,1300.5381927710841,0.44979919678694724,0.23022643408933732,2.5730137022033084,0.40226199540527097,0.0,0.6428839375202948,0.27516877519504024,0.0
6542.088954841057,109.03481591401761,替中置液,0.6689129154637906,0.6689129154637906,2233.3379999999997,1228.784361445783,1309.5074216867467,0.44979919678694724,0.23010841880169983,2.5711340747290445,0.4020372482086476,0.0,0.6434114972045573,0.27492873453473354,0.0
6543.40932969178,109.05682216152967,替中置液,0.6694313389129795,0.6694313389129795,2233.3379999999997,1228.784361445783,1309.5074216867467,0.44979919678694724,0.22999010053772856,2.569258931835555,0.4018129530318072,0.0,0.6439388604795804,0.2746880814643973,0.0
6544.7296916524365,109.07882819420728,替中置液,0.6699495580168321,0.6699495580168321,2233.3379999999997,1228.784361445783,1309.5074216867467,0.44979919678694724,0.22987147922196882,2.5673882671242336,0.401589109680926,0.0,0.6444660285365779,0.2744468161410431,0.0
6546.050041152032,109.10083401920052,替中置液,0.670467573722554,0.670467573722554,2233.3379999999997,1237.7535903614455,1309.5074216867467,0.44578313252992097,0.22975255570838532,2.5426156326309903,0.3986169099866922,0.0,0.644993002346568,0.2742049379553714,0.0
6547.370378613929,109.12283964356547,替中置液,0.6709853862892045,0.6709853862892045,2233.3379999999997,1237.7535903614455,1309.5074216867467,0.44578313252992097,0.229633332475613,2.540770547229484,0.3983949484033841,0.0,0.6455197823174513,0.2739624463863811,0.0
6548.690704455904,109.14484507426506,替中置液,0.6715029965527405,0.6715029965527405,2233.3379999999997,1237.7535903614455,1309.5074216867467,0.44578313252992097,0.2295138103163377,2.5389299056764747,0.3981734397827946,0.0,0.6460463693081808,0.2737193413733137,0.0
6550.011019090199,109.16685031816998,替中置液,0.6720204053872616,0.6720204053872616,2233.3379999999997,1237.7535903614455,1309.5074216867467,0.44578313252992097,0.22939399004264163,2.5370937190188325,0.3979523860156641,0.0,0.6465727643198597,0.2734756225358867,0.0
6551.3313229235655,109.18885538205943,替中置液,0.6725376130682201,0.6725376130682201,2233.3379999999997,1237.7535903614455,1318.4766506024093,0.44578313252992097,0.2292738740309087,2.535262000788258,0.3977317892929856,0.0,0.6470989679341355,0.2732312893487903,0.0
6552.651616357316,109.21086027262193,替中置液,0.6730546206927895,0.6730546206927895,2233.3379999999997,1237.7535903614455,1318.4766506024093,0.44578313252992097,0.2291534624702358,2.533434764887559,0.39751165185184123,0.0,0.6476249814320064,0.27298634156939544,0.0
6553.971899787377,109.23286499645629,替中置液,0.6735714291336637,0.6735714291336637,2233.3379999999997,1237.7535903614455,1318.4766506024093,0.44578313252992097,0.22903275595298292,2.53161203173206,0.39729197671576444,0.0,0.6481508059220189,0.2727407784484421,0.0
6555.292173604352,109.25486956007254,替中置液,0.6740880387062307,0.6740880387062307,2233.3379999999997,1246.722819277108,1318.4766506024093,0.44176706827289464,0.22891175654209708,2.5070028871889467,0.3943182388318456,0.0,0.6486764421388631,0.27249459939097953,0.0
6556.612438300354,109.27687397167257,替中置液,0.6746044503572673,0.6746044503572673,2233.3379999999997,1246.722819277108,1318.4766506024093,0.44176706827289464,0.22879046491741428,2.505205563373621,0.3941004784448263,0.0,0.649201891404563,0.2722478039747744,0.0
6557.932694731822,109.29887824553037,替中置液,0.6751206651658798,0.6751206651658798,2233.3379999999997,1246.722819277108,1318.4766506024093,0.44176706827289464,0.22866888184069517,2.503412869913031,0.39388320107396835,0.0,0.6497271551857965,0.27200039137742615,0.0
6559.252943730405,109.32088239550674,替中置液,0.6756366836786941,0.6756366836786941,2233.3379999999997,1246.722819277108,1318.4766506024093,0.44176706827289464,0.22854700952858398,2.5016248516526103,0.3936664127332419,0.0,0.6502522345284275,0.27175236077921994,0.0
6560.573186106958,109.34288643511597,替中置液,0.6761525063795416,0.6761525063795416,2233.3379999999997,1246.722819277108,1327.4458795180722,0.44176706827289464,0.22842484989112286,2.499841370729071,0.3934500972788485,0.0,0.6507771304972851,0.2715037115283194,0.0
6561.893422654755,109.36489037757926,替中置液,0.6766681351141478,0.6766681351141478,2233.3379999999997,1246.722819277108,1327.4458795180722,0.44176706827289464,0.2283024015107784,2.4980624503157265,0.3932342580843178,0.0,0.6513018453571835,0.2712544429703149,0.0
6563.213654151824,109.38689423586374,替中置液,0.6771835704909175,0.6771835704909175,2233.3379999999997,1255.692048192771,1327.4458795180722,0.43775100401586825,0.22817966635266163,2.4735945938899984,0.39025772968583705,0.0,0.6518263803392056,0.2710045535947068,0.0
6564.533881362604,109.40889802271006,替中置液,0.6776988125371289,0.6776988125371289,2233.3379999999997,1255.692048192771,1327.4458795180722,0.43775100401586825,0.22805664725542682,2.471840975281012,0.3900438411017477,0.0,0.6523507361706139,0.2707540427046302,0.0
6565.854105039115,109.43090175065191,替中置液,0.6782138628054973,0.6782138628054973,2233.3379999999997,1255.692048192771,1327.4458795180722,0.43775100401586825,0.22793334345985553,2.47009196422736,0.3898304397669632,0.0,0.6528749149701957,0.27050290983345593,0.0
6567.17432592178,109.45290543202967,替中置液,0.6787287222069162,0.6787287222069162,2233.3379999999997,1255.692048192771,1327.4458795180722,0.43775100401586825,0.22780975555266086,2.468347594932604,0.38961753042077696,0.0,0.6533989182977071,0.27025115355107404,0.0
6568.494544740024,109.4749090790004,替中置液,0.6792433906614788,0.6792433906614788,2233.3379999999997,1255.692048192771,1336.4151084337348,0.43775100401586825,0.22768588659914313,2.4666078999904815,0.3894051176105533,0.0,0.6539227468890675,0.26999877297924946,0.0
6569.814762210434,109.49691270350723,替中置液,0.679757869306438,0.679757869306438,2233.3379999999997,1255.692048192771,1336.4151084337348,0.43775100401586825,0.22756173646382916,2.4648729075774467,0.3891932053483862,0.0,0.6544464025126097,0.26974576771364556,0.0
6571.134979037373,109.51891631728955,替中置液,0.6802721594398276,0.6802721594398276,2233.3379999999997,1255.692048192771,1336.4151084337348,0.43775100401586825,0.22743730456269556,2.463142623646149,0.388981794934109,0.0,0.6549698870944954,0.26949213651453185,0.0
6572.455195911045,109.54091993185075,替中置液,0.6807862609338591,0.6807862609338591,2233.3379999999997,1264.6612771084335,1336.4151084337348,0.433734939758842,0.22731259368322004,2.4388352464545893,0.38600411283816205,0.0,0.6554932013827021,0.26923787817499134,0.0
6573.775413510935,109.56292355851559,替中置液,0.6813001749739686,0.6813001749739686,2233.3379999999997,1264.6612771084335,1336.4151084337348,0.433734939758842,0.2271876036101026,2.4371301510793426,0.3857946928225575,0.0,0.6560163472576616,0.26898299242169676,0.0
6575.095632507092,109.58492720845153,替中置液,0.6818139023681865,0.6818139023681865,2233.3379999999997,1264.6612771084335,1336.4151084337348,0.433734939758842,0.22706233480385102,2.4354297032141847,0.3855857724780841,0.0,0.656539326225357,0.26872747791906293,0.0
6576.415853560838,109.60693089268062,替中置液,0.6823274432144264,0.6823274432144264,2233.3379999999997,1264.6612771084335,1336.4151084337348,0.433734939758842,0.22693678935311068,2.4337339131057094,0.38537735362271097,0.0,0.6570621391663957,0.26847133373129956,0.0
6577.736077325191,109.62893462208652,替中置液,0.682840798413895,0.682840798413895,2233.3379999999997,1264.6612771084335,1345.3843373493974,0.433734939758842,0.22681096792878108,2.4320427906709954,0.3851694380343871,0.0,0.6575847877259227,0.2682145595559489,0.0
6579.056304445158,109.6509384074193,替中置液,0.6833539692301871,0.6833539692301871,2233.3379999999997,1264.6612771084335,1345.3843373493974,0.433734939758842,0.2266848705300988,2.4303563475404673,0.3849620277022472,0.0,0.6581072737795592,0.26795715430757255,0.0
6580.376535557967,109.67294225929945,替中置液,0.6838669560835271,0.6838669560835271,2233.3379999999997,1264.6612771084335,1345.3843373493974,0.433734939758842,0.22655849839123904,2.4286745947432076,0.38475512454213445,0.0,0.6586295984011487,0.2676991167480026,0.0
6581.696771293299,109.69494618822165,替中置液,0.6843797589352262,0.6843797589352262,2233.3379999999997,1273.6305060240961,1345.3843373493974,0.4297188755018157,0.22643185403752059,2.404525340257335,0.3817763959113595,0.0,0.6591517623774183,0.2674404463950249,0.0
6583.017012273515,109.71695020455859,替中置液,0.684892379309799,0.684892379309799,2233.3379999999997,1273.6305060240961,1345.3843373493974,0.4297188755018157,0.22630493719446562,2.4028684706800933,0.381571498788144,0.0,0.6596737678012602,0.2671811429663585,0.0
6584.337259113888,109.7389543185648,替中置液,0.6854048179899784,0.6854048179899784,2233.3379999999997,1273.6305060240961,1345.3843373493974,0.4297188755018157,0.2261777481776221,2.4012162625267894,0.38136711049841643,0.0,0.6601956160291832,0.26692120503363803,0.0
6585.657512422823,109.76095854038039,替中置液,0.6859170747444523,0.6859170747444523,2233.3379999999997,1273.6305060240961,1345.3843373493974,0.4297188755018157,0.22605028950335218,2.399568716212568,0.38116323164288446,0.0,0.6607173074728114,0.2666606319477447,0.0
6586.977772889985,109.78296288149976,替中置液,0.6864291505703938,0.6864291505703938,2233.3379999999997,1273.6305060240961,1354.35356626506,0.4297188755018157,0.22592256124482532,2.397925826877513,0.3809598621679853,0.0,0.6612388436725524,0.26639942383901544,0.0
6588.2980415941165,109.80496735990194,替中置液,0.686941046707615,0.686941046707615,2233.3379999999997,1273.6305060240961,1354.35356626506,0.4297188755018157,0.2257945630196941,2.3962875833232893,0.3807570012331164,0.0,0.6617602263230724,0.26613757980720987,0.0
6589.6183195873455,109.82697199312243,替中置液,0.6874527635828153,0.6874527635828153,2233.3379999999997,1273.6305060240961,1354.35356626506,0.4297188755018157,0.22566629629215681,2.394653944462978,0.380554644291748,0.0,0.6622814563798594,0.2658750989851758,0.0
6590.938607899648,109.84897679832746,替中置液,0.6879643014207669,0.6879643014207669,2233.3379999999997,1282.5997349397587,1354.35356626506,0.42570281124478937,0.22553776318441965,2.3706601693448146,0.3775749340474994,0.0,0.6628025346444087,0.26561198122251045,0.0
6592.258907542308,109.87098179237181,替中置液,0.6884756616320945,0.6884756616320945,2233.3379999999997,1282.5997349397587,1354.35356626506,0.42570281124478937,0.22540896276141073,2.3690508572336935,0.377374566564467,0.0,0.6633234628591105,0.26534822630644,0.0
6593.579219510446,109.89298699184077,替中置液,0.6889868449122761,0.6889868449122761,2233.3379999999997,1282.5997349397587,1354.35356626506,0.42570281124478937,0.22527989571759086,2.3674460495445393,0.3771746956741405,0.0,0.6638442420815932,0.2650838333098376,0.0
6594.89954478307,109.91499241305117,替中置液,0.6894978516120684,0.6894978516120684,2233.3379999999997,1282.5997349397587,1363.3227951807226,0.42570281124478937,0.2251505637775743,2.3658457279320566,0.37697531961019737,0.0,0.664364873094754,0.26481880201494107,0.0
6596.219884322926,109.93699807204877,替中置液,0.690008682701803,0.690008682701803,2233.3379999999997,1282.5997349397587,1363.3227951807226,0.42570281124478937,0.2250209671153882,2.3642498557617326,0.37677643432256447,0.0,0.6648853571569424,0.264553132413511,0.0
6597.540239285475,109.95900398809125,替中置液,0.6905193392135569,0.6905193392135569,2233.3379999999997,1282.5997349397587,1363.3227951807226,0.42570281124478937,0.224891106434547,2.3626582277556536,0.37657801472698527,0.0,0.6654056955008967,0.26428682390364794,0.0
6598.860610938096,109.9810101823016,替中置液,0.6910298213975506,0.6910298213975506,2233.3379999999997,1291.5689638554215,1363.3227951807226,0.421686746987763,0.22476098405022651,2.338796435208167,0.3735957108592022,0.0,0.6659258887581203,0.2640198761057869,0.0
6600.181000518029,110.00301667530047,替中置液,0.691540130533924,0.691540130533924,2233.3379999999997,1291.5689638554215,1363.3227951807226,0.421686746987763,0.22463060073581648,2.3372278438947696,0.37339916556556585,0.0,0.6664459384338727,0.2637522892192811,0.0
6601.501409238339,110.02502348730565,替中置液,0.6920502678339657,0.6920502678339657,2233.3379999999997,1291.5689638554215,1363.3227951807226,0.421686746987763,0.2244999565316508,2.335663182706677,0.3732030512807121,0.0,0.6669658458852006,0.2634840625214239,0.0
6602.821838292078,110.04703063820129,替中置液,0.6925602339167005,0.6925602339167005,2233.3379999999997,1291.5689638554215,1363.3227951807226,0.421686746987763,0.22436905225561546,2.334102423323146,0.37300736489650854,0.0,0.6674856118615374,0.2632151956124864,0.0
6604.1422888551915,110.06903814758653,替中置液,0.6930700289630168,0.6930700289630168,2233.3379999999997,1291.5689638554215,1372.2920240963854,0.421686746987763,0.22423789029202468,2.3325455423941084,0.37281210392302966,0.0,0.6680052368443514,0.26294568856472744,0.0
6605.462762084495,110.09104603474158,替中置液,0.6935796546081983,0.6935796546081983,2233.3379999999997,1291.5689638554215,1372.2920240963854,0.421686746987763,0.22410646935622572,2.3309925188755343,0.37261726615519797,0.0,0.6685247224715554,0.2626755414666216,0.0
6606.783259121448,110.1130543186908,替中置液,0.6940891115735983,0.6940891115735983,2233.3379999999997,1291.5689638554215,1372.2920240963854,0.421686746987763,0.2239747904316519,2.329443302006231,0.372422845653845,0.0,0.669044069558026,0.26240475365025584,0.0
6608.103781094131,110.13506301823551,替中置液,0.6945983996887631,0.6945983996887631,2233.3379999999997,1300.5381927710841,1372.2920240963854,0.4176706827307367,0.2238428563369037,2.305727406781605,0.369439064135318,0.0,0.6695632781161742,0.2621333251846315,0.0
6609.424329118327,110.15707215197212,替中置液,0.6951075203263759,0.6951075203263759,2233.3379999999997,1300.5381927710841,1372.2920240963854,0.4176706827307367,0.223710666438235,2.3042004058271908,0.3692464612961668,0.0,0.6700823495219291,0.2618612565393129,0.0
6610.7449042981825,110.17908173830304,替中置液,0.6956164746632226,0.6956164746632226,2233.3379999999997,1300.5381927710841,1372.2920240963854,0.4176706827307367,0.22357822055282303,2.302677112638709,0.3690542675070807,0.0,0.6706012849347405,0.2615885471814992,0.0
6612.065507726627,110.20109179544379,替中置液,0.6961252628920358,0.6961252628920358,2233.3379999999997,1300.5381927710841,1372.2920240963854,0.4176706827307367,0.2234455205653109,2.3011575170665304,0.3688624818966242,0.0,0.6711200846324565,0.2613151968689164,0.0
6613.386140485685,110.22310234142809,替中置液,0.6966338855802434,0.6966338855802434,2233.3379999999997,1300.5381927710841,1381.261253012048,0.4176706827307367,0.22331256795450072,2.299641608350995,0.36867110351399546,0.0,0.6716387491946881,0.261041205894968,0.0
6614.706803646744,110.24511339411241,替中置液,0.6971423442716553,0.6971423442716553,2233.3379999999997,1300.5381927710841,1381.261253012048,0.4176706827307367,0.22317936191313018,2.2981293786175776,0.36848013177037,0.0,0.6721572800289239,0.2607665744206796,0.0
6616.027498270812,110.26712497118021,替中置液,0.6976506396440141,0.6976506396440141,2233.3379999999997,1300.5381927710841,1381.261253012048,0.4176706827307367,0.22304590414268585,2.296620824908738,0.36828956669616586,0.0,0.6726756778548378,0.26049130195939046,0.0
6617.348225408766,110.2891370901461,替中置液,0.6981587716998318,0.6981587716998318,2233.3379999999997,1309.5074216867467,1381.261253012048,0.41365461847371043,0.22291219678822838,2.2730475195820077,0.36530423422614966,0.0,0.6731939426631222,0.2602153884519822,0.0
6618.668986101605,110.31114976836008,替中置液,0.6986667417084178,0.6986667417084178,2233.3379999999997,1309.5074216867467,1381.261253012048,0.41365461847371043,0.22277823914854014,2.2715607376842586,0.3651154753281831,0.0,0.6737120755707299,0.25993883451458294,0.0
6619.9897813806965,110.33316302301161,替中置液,0.6991745506700021,0.6991745506700021,2233.3379999999997,1309.5074216867467,1381.261253012048,0.41365461847371043,0.2226440311352341,2.2700775850051853,0.36492712125704585,0.0,0.6742300774691117,0.2596616397953636,0.0
6621.310612268013,110.35517687113355,替中置液,0.699682198473946,0.699682198473946,2233.3379999999997,1309.5074216867467,1390.2304819277106,0.41365461847371043,0.22250957500724267,2.268598059004077,0.3647391720835086,0.0,0.6747479482181772,0.2593838041043157,0.0
6622.631479776311,110.37719132960518,替中置液,0.7001896860078377,0.7001896860078377,2233.3379999999997,1309.5074216867467,1390.2304819277106,0.41365461847371043,0.22237487078016768,2.26712215325315,0.364551627383188,0.0,0.6752656885431336,0.25910532823237076,0.0
6623.952384909214,110.39920641515356,替中置液,0.7006970144159096,0.7006970144159096,2233.3379999999997,1309.5074216867467,1390.2304819277106,0.41365461847371043,0.22223991788924902,2.2656498637489086,0.3643644870381655,0.0,0.6757832993937574,0.25882621221281815,0.0
6625.27332866131,110.42122214435517,替中置液,0.7012041837001981,0.7012041837001981,2233.3379999999997,1309.5074216867467,1390.2304819277106,0.41365461847371043,0.22210471822215413,2.2641811870909314,0.36417775100584926,0.0,0.6763007806678346,0.2585464557396165,0.0
6626.594312018287,110.44323853363812,替中置液,0.7017111947466556,0.7017111947466556,2233.3379999999997,1318.4766506024093,1390.2304819277106,0.4096385542166841,0.22196927166127386,2.24074799784054,0.3611908886838804,0.0,0.6768181330078129,0.25826605953634346,0.0
6627.915335957131,110.46525559928551,替中置液,0.702218048631317,0.702218048631317,2233.3379999999997,1318.4766506024093,1390.2304819277106,0.4096385542166841,0.22183357808679274,2.239300714259544,0.3610059543322869,0.0,0.6773353572677483,0.2579850237078333,0.0
6629.236401446349,110.48727335743915,替中置液,0.702724745422634,0.702724745422634,2233.3379999999997,1318.4766506024093,1390.2304819277106,0.4096385542166841,0.22169763992337024,2.2378569877556576,0.3608214211641152,0.0,0.6778524533425452,0.25770334809267736,0.0
6630.55750944622,110.50929182410367,替钻井液(二段),0.7032312856436378,0.7032312856436378,2233.3379999999997,1318.4766506024093,1399.1997108433732,0.4096385542166841,0.2215614581363857,2.236416806774899,0.3606372880803822,0.0,0.678369421499073,0.25742103341181294,0.0
6631.878660909033,110.53131101515055,替钻井液(二段),0.7037376707033333,0.7037376707033333,2233.3379999999997,1318.4766506024093,1399.1997108433732,0.4096385542166841,0.22142503148681889,2.2349801583690874,0.3604535538013274,0.0,0.6788862627788763,0.25713808017805995,0.0
6633.199856779318,110.55333094632196,替钻井液(二段),0.7042439008808098,0.7042439008808098,2233.3379999999997,1318.4766506024093,1399.1997108433732,0.4096385542166841,0.22128836098192772,2.233547028745103,0.360270216936441,0.0,0.6794029771318061,0.25685448815902534,0.0
6634.52109799405,110.57535163323418,替钻井液(二段),0.7047499759446507,0.7047499759446507,2233.3379999999997,1318.4766506024093,1399.1997108433732,0.4096385542166841,0.2211514487561798,2.2321174003312008,0.360087275608858,0.0,0.6799195640385596,0.2565702579897354,0.0
6635.842385482835,110.59737309138059,替钻井液(二段),0.7052558973675187,0.7052558973675187,2233.3379999999997,1327.4458795180722,1399.1997108433732,0.4056224899596577,0.22101429327498937,2.208821729420614,0.3570988800991297,0.0,0.6804360245062817,0.2562853907503877,0.0
6637.163720168066,110.61939533613443,替钻井液(二段),0.7057616660135682,0.7057616660135682,2233.3379999999997,1327.4458795180722,1399.1997108433732,0.4056224899596577,0.22087689423746004,2.20741298821145,0.3569177183191171,0.0,0.6809523589509264,0.25599988624614917,0.0
6638.4851029650545,110.64141838275091,替钻井液(二段),0.7062672809414443,0.7062672809414443,2233.3379999999997,1327.4458795180722,1399.1997108433732,0.4056224899596577,0.22073925525126542,2.206007649776668,0.3567369432658595,0.0,0.6814685661199301,0.255713744779431,0.0
6639.806534782142,110.66344224636903,替钻井液(二段),0.7067727432534076,0.7067727432534076,2233.3379999999997,1327.4458795180722,1408.168939759036,0.4056224899596577,0.22060137542911923,2.204605683501291,0.3565565513543564,0.0,0.6819846465698284,0.2554269679519883,0.0
6641.128016520791,110.68546694201318,替钻井液(二段),0.7072780543288579,0.7072780543288579,2233.3379999999997,1327.4458795180722,1408.168939759036,0.4056224899596577,0.220463254058206,2.2032070621022544,0.3563765394234071,0.0,0.6825006010929657,0.255139555968454,0.0
6642.449549075659,110.70749248459431,替钻井液(二段),0.7077832145319253,0.7077832145319253,2233.3379999999997,1327.4458795180722,1408.168939759036,0.4056224899596577,0.22032489219253376,2.201811753675173,0.3561969037121687,0.0,0.6830164295065204,0.25485150897386805,0.0
6643.771133334656,110.72951888891093,替钻井液(二段),0.7082882235859269,0.7082882235859269,2233.3379999999997,1336.4151084337348,1408.168939759036,0.40160642570263144,0.22018629184108224,2.178633388086254,0.35320551481195017,0.0,0.6835321309835095,0.25456282782453526,0.0
6645.09277017899,110.75154616964983,替钻井液(二段),0.7087930825454951,0.7087930825454951,2233.3379999999997,1336.4151084337348,1408.168939759036,0.40160642570263144,0.2200474521845368,2.177258344869328,0.35302761627733337,0.0,0.684047705909303,0.25427351386317876,0.0
6646.414460483204,110.77357434138672,替钻井液(二段),0.7092977920181958,0.7092977920181958,2233.3379999999997,1336.4151084337348,1408.168939759036,0.40160642570263144,0.21990837324313284,2.1758864709967125,0.35285007902066823,0.0,0.6845631542311031,0.2539835674265164,0.0
6647.736202781244,110.7956033796874,替钻井液(二段),0.7098023509263681,0.7098023509263681,2233.3379999999997,1336.4151084337348,1417.1381686746986,0.40160642570263144,0.21976905726038554,2.174517727383881,0.3526728983061006,0.0,0.685078474252751,0.25369298922253364,0.0
6649.057986772439,110.81763311287399,替钻井液(二段),0.710306755690293,0.710306755690293,2233.3379999999997,1336.4151084337348,1417.1381686746986,0.40160642570263144,0.2196295053547258,2.1731520690776183,0.35249606863164906,0.0,0.6855936615165162,0.25340178113080003,0.0
6650.379813307326,110.8396635551221,替钻井液(二段),0.7108110071303194,0.7108110071303194,2233.3379999999997,1336.4151084337348,1417.1381686746986,0.40160642570263144,0.2194897170557393,2.1717894431895104,0.3523195834605083,0.0,0.6861087160605229,0.25310994640295187,0.0
6651.701683228003,110.86169472046672,替钻井液(二段),0.7113151057765165,0.7113151057765165,2233.3379999999997,1336.4151084337348,1417.1381686746986,0.40160642570263144,0.2193496928652944,2.1704298113592535,0.3521434381302817,0.0,0.6866236376585345,0.252817485709529,0.0
6653.0235973658155,110.88372662276359,替钻井液(二段),0.7118190515258409,0.7118190515258409,2233.3379999999997,1345.3843373493974,1417.1381686746986,0.39759036144560517,0.21920943496148718,2.1473823871244004,0.34915025992028814,0.0,0.6871384255266199,0.25252440000965964,0.0
6654.345556543962,110.90575927573269,替钻井液(二段),0.7123228452783376,0.7123228452783376,2233.3379999999997,1345.3843373493974,1417.1381686746986,0.39759036144560517,0.21906894281190895,2.1460420967386216,0.3489757710049083,0.0,0.6876530797099107,0.2522306907550008,0.0
6655.667561578329,110.92779269297215,替钻井液(二段),0.7128264875793151,0.7128264875793151,2233.3379999999997,1345.3843373493974,1417.1381686746986,0.39759036144560517,0.2189282167127485,2.144704592723025,0.34880159820615875,0.0,0.688167599913988,0.2519363586298529,0.0
6656.989613277937,110.94982688796561,替钻井液(二段),0.7133299784272101,0.7133299784272101,2233.3379999999997,1345.3843373493974,1426.1073975903612,0.39759036144560517,0.21878725817819508,2.1433698295657853,0.3486277358737342,0.0,0.6886819853762388,0.2516414046032787,0.0
6658.311712445155,110.97186187408592,替钻井液(二段),0.7138333185471706,0.7138333185471706,2233.3379999999997,1345.3843373493974,1426.1073975903612,0.39759036144560517,0.21864606705419526,2.142037763379105,0.3484541785621813,0.0,0.6891962359559558,0.2513458300476748,0.0
6659.633859875785,110.99389766459642,替钻井液(二段),0.7143365085925987,0.7143365085925987,2233.3379999999997,1345.3843373493974,1426.1073975903612,0.39759036144560517,0.218504643328629,2.1407083557298052,0.34828092153050183,0.0,0.6897103514789297,0.25104963581684486,0.0
6660.956056359079,111.01593427265132,替钻井液(二段),0.7148395487041755,0.7148395487041755,2233.3379999999997,1345.3843373493974,1426.1073975903612,0.39759036144560517,0.21836298798022533,2.1393815704088985,0.3481079603219439,0.0,0.6902243312737616,0.2507528227153729,0.0
6662.278302677708,111.03797171129513,替钻井液(二段),0.7153424389771099,0.7153424389771099,2233.3379999999997,1354.35356626506,1426.1073975903612,0.39357429718857884,0.2182211025223846,2.1164608337892794,0.34511273113207397,0.0,0.6907381746819632,0.250455391944963,0.0
6663.600599607706,111.06000999346176,替钻井液(二段),0.7158451805712078,0.7158451805712078,2233.3379999999997,1354.35356626506,1426.1073975903612,0.39357429718857884,0.21807898575954826,2.115152542258097,0.3449413520181197,0.0,0.6912518820220757,0.25015734487490093,0.0
6664.922947917631,111.08204913196052,替钻井液(二段),0.7163477738411096,0.7163477738411096,2233.3379999999997,1354.35356626506,1426.1073975903612,0.39357429718857884,0.21793663820458162,2.1138467561711414,0.34477025638392733,0.0,0.6917654528775433,0.2498586818961433,0.0
6666.24534836499,111.1040891394165,替钻井液(二段),0.7168502184056769,0.7168502184056769,2233.3379999999997,1354.35356626506,1435.0766265060238,0.39357429718857884,0.217794062016313,2.1125434460879213,0.34459944061596715,0.0,0.6922788861822997,0.24955940389375036,0.0
6667.567801699156,111.12613002831927,替钻井液(二段),0.7173525154368802,0.7173525154368802,2233.3379999999997,1354.35356626506,1435.0766265060238,0.39357429718857884,0.2176512560211877,2.111242555898849,0.34442889759963247,0.0,0.6927921823184141,0.24925951236578006,0.0
6668.890308661984,111.14817181103307,替钻井液(二段),0.7178546655493405,0.7178546655493405,2233.3379999999997,1354.35356626506,1435.0766265060238,0.39357429718857884,0.21750822038311057,2.1099440595116064,0.34425862414903385,0.0,0.6933053412294383,0.24895900759978673,0.0
6670.212869987984,111.17021449979974,替钻井液(二段),0.7183566683217592,0.7183566683217592,2233.3379999999997,1354.35356626506,1435.0766265060238,0.39357429718857884,0.2173649572534886,2.108647938106337,0.3440886180284164,0.0,0.6938183618614232,0.24865789016800927,0.0
6671.535486404384,111.19225810673973,替钻井液(二段),0.7188585245429893,0.7188585245429893,2233.3379999999997,1363.3227951807226,1435.0766265060238,0.38955823293155256,0.2172214663054498,2.0858505624257777,0.34109117820742263,0.0,0.6943312443680135,0.24835616159024784,0.0
6672.858158631231,111.21430264385386,替钻井液(二段),0.7193602350130187,0.7193602350130187,2233.3379999999997,1363.3227951807226,1435.0766265060238,0.38955823293155256,0.2170777470731356,2.08457233040076,0.3409227090025505,0.0,0.6948439889610749,0.24805382231366324,0.0
6674.180887381573,111.2363481230262,替钻井液(二段),0.7198617998595288,0.7198617998595288,2233.3379999999997,1363.3227951807226,1435.0766265060238,0.38955823293155256,0.21693380024480408,2.083296423272046,0.3407545032591811,0.0,0.6953565951988613,0.24775087263155873,0.0
6675.503673361692,111.2583945560282,替钻井液(二段),0.7203632189088232,0.7203632189088232,2233.3379999999997,1363.3227951807226,1444.0458554216864,0.38955823293155256,0.21678962757125783,2.082022841142291,0.34058656121453634,0.0,0.695869062504935,0.24744731347935944,0.0
6676.8265172713645,111.28044195452274,替钻井液(二段),0.7208644935109243,0.7208644935109243,2233.3379999999997,1363.3227951807226,1444.0458554216864,0.38955823293155256,0.2166452272040735,2.080751585431159,0.3404188832792756,0.0,0.6963813916786147,0.24714314589649167,0.0
6678.149419803593,111.3024903300599,替钻井液(二段),0.7213656239376622,0.7213656239376622,2233.3379999999997,1363.3227951807226,1444.0458554216864,0.38955823293155256,0.21650059972439661,2.079482664627531,0.3402514707967186,0.0,0.6968935826153239,0.24683836953311566,0.0
6679.472381639986,111.32453969399977,替钻井液(二段),0.7218666094077113,0.7218666094077113,2233.3379999999997,1372.2920240963854,1444.0458554216864,0.3855421686745262,0.21635574768273624,2.0567911752674886,0.3372505310219257,0.0,0.6974056342537652,0.24653298488600722,0.0
6680.7954034547,111.34659005757834,替钻井液(二段),0.7223674512141945,0.7223674512141945,2233.3379999999997,1372.2920240963854,1444.0458554216864,0.3855421686745262,0.2162106692194049,2.055539934585018,0.33708465844856594,0.0,0.6979175475103803,0.24622699340248647,0.0
6682.118485915697,111.3686414319283,替钻井液(二段),0.7228681499628566,0.7228681499628566,2233.3379999999997,1372.2920240963854,1444.0458554216864,0.3855421686745262,0.2160653636278448,2.054290976214017,0.3369190470322314,0.0,0.6984293226670788,0.24592039473310265,0.0
6683.441629685426,111.39069382809043,替钻井液(二段),0.7233687050024888,0.7233687050024888,2233.3379999999997,1372.2920240963854,1453.0150843373492,0.3855421686745262,0.21591983309552273,2.053044306200202,0.3367536977913347,0.0,0.698940958924509,0.24561318904991086,0.0
6684.764835421136,111.41274725701894,替钻井液(二段),0.7238691171888809,0.7238691171888809,2233.3379999999997,1372.2920240963854,1453.0150843373492,0.3855421686745262,0.21577407662443507,2.051799930909394,0.33658861178725463,0.0,0.6994524569172902,0.24530537746955214,0.0
6686.088103774974,111.4348017295829,替钻井液(二段),0.7243693870215518,0.7243693870215518,2233.3379999999997,1372.2920240963854,1453.0150843373492,0.3855421686745262,0.21562809373388883,2.050557863156044,0.3364237909377352,0.0,0.6999638169401301,0.24499695982755676,0.0
6687.411435390972,111.4568572565162,替钻井液(二段),0.7248695140905034,0.7248695140905034,2233.3379999999997,1372.2920240963854,1453.0150843373492,0.3855421686745262,0.21548188601235374,2.0493179897733387,0.33625922043811773,0.0,0.7004750385267003,0.24468793622161603,0.0
6688.73483090242,111.47891384837367,替钻井液(二段),0.7253694990533162,0.7253694990533162,2233.3379999999997,1381.261253012048,1453.0150843373492,0.3815261044174999,0.2153354526848009,2.026746011901024,0.333256058369808,0.0,0.700986122215191,0.24437830745991673,0.0
6690.058290931884,111.50097151553139,替钻井液(二段),0.7258693426137586,0.7258693426137586,2233.3379999999997,1381.261253012048,1453.0150843373492,0.3815261044174999,0.2151887926194346,2.025523114326902,0.33309296651640175,0.0,0.7014970685702385,0.24406807349312004,0.0
6691.381816095135,111.52303026825226,替钻井液(二段),0.7263690443481795,0.7263690443481795,2233.3379999999997,1381.261253012048,1453.0150843373492,0.3815261044174999,0.21504190716486588,2.024302206370475,0.33293010021205893,0.0,0.7020078771795893,0.2437572342123201,0.0
6692.705407002563,111.54509011670939,替钻井液(二段),0.7268686045391198,0.7268686045391198,2233.3379999999997,1381.261253012048,1461.9843132530118,0.3815261044174999,0.21489479641214973,2.0230832809228767,0.3327674586928401,0.0,0.7025185483294734,0.24344579037770556,0.0
6694.029064259854,111.56715107099757,替钻井液(二段),0.7273680241690837,0.7273680241690837,2233.3379999999997,1381.261253012048,1461.9843132530118,0.3815261044174999,0.21474745874250303,2.021866338388297,0.3326050421964931,0.0,0.7030290828771179,0.24313374220898154,0.0
6695.352788468234,111.58921314113724,替钻井液(二段),0.7278673029534865,0.7278673029534865,2233.3379999999997,1381.261253012048,1461.9843132530118,0.3815261044174999,0.2145998948965267,2.020651383395078,0.3324428515245679,0.0,0.7035394805510269,0.24282108944736575,0.0
6696.676580224482,111.6112763370747,替钻井液(二段),0.7283664402852873,0.7283664402852873,2233.3379999999997,1381.261253012048,1461.9843132530118,0.3815261044174999,0.21445210681400115,2.01943841857341,0.3322808872121502,0.0,0.7040497409069161,0.2425078326627414,0.0
6698.000440120785,111.63334066867975,替钻井液(二段),0.7288654373034176,0.7288654373034176,2233.3379999999997,1390.2304819277106,1461.9843132530118,0.37751004016047357,0.2143040923339597,1.9969829445321932,0.3292753533543744,0.0,0.7045598649851701,0.24219397271919943,0.0
6699.324368744539,111.65540614574232,替钻井液(二段),0.729364294450652,0.729364294450652,2233.3379999999997,1390.2304819277106,1461.9843132530118,0.37751004016047357,0.21415585069357618,1.9957866893705318,0.329114862592229,0.0,0.7050698532013169,0.24187950921089296,0.0
6700.6483666781005,111.67747277796835,替钻井液(二段),0.729863010999835,0.729863010999835,2233.3379999999997,1390.2304819277106,1461.9843132530118,0.37751004016047357,0.21400738374717074,1.9945924053434148,0.3289545979721161,0.0,0.7055797049297527,0.24156444228033397,0.0
6701.9724344985425,111.69954057497571,替钻井液(二段),0.7303615872836668,0.7303615872836668,2233.3379999999997,1390.2304819277106,1470.9535421686744,0.37751004016047357,0.21385869111188477,1.993400086085757,0.3287945588199781,0.0,0.7060894205162874,0.24124877291816355,0.0
6703.296572777437,111.72160954629062,替钻井液(二段),0.7308600241374162,0.7308600241374162,2233.3379999999997,1390.2304819277106,1470.9535421686744,0.37751004016047357,0.2137097710513388,1.992209726339547,0.32863474460936903,0.0,0.7065990007074524,0.24093250136785313,0.0
6704.620782080669,111.74367970134449,替钻井液(二段),0.7313583216490314,0.7313583216490314,2233.3379999999997,1390.2304819277106,1470.9535421686744,0.37751004016047357,0.21356062362295294,1.9910213199628728,0.3284751546942364,0.0,0.7071084456324934,0.2406156275885933,0.0
6705.945062968297,111.76575104947162,替钻井液(二段),0.7318564790631195,0.7318564790631195,2233.3379999999997,1390.2304819277106,1470.9535421686744,0.37751004016047357,0.21341125076439948,1.989834857679805,0.32831578800650807,0.0,0.7076177546598549,0.24029815196164245,0.0
6707.269415994461,111.78782359990768,替钻井液(二段),0.732354496758488,0.732354496758488,2233.3379999999997,1399.1997108433732,1470.9535421686744,0.3734939759034473,0.21326165203840708,1.967494473163979,0.32530793664106017,0.0,0.7081269281607256,0.23998007551306763,0.0
6708.59384170734,111.809897361789,替钻井液(二段),0.7328523752923312,0.7328523752923312,2233.3379999999997,1399.1997108433732,1470.9535421686744,0.3734939759034473,0.21311182635523018,1.9663244465067364,0.32515003662714614,0.0,0.7086359666471163,0.2396613984803245,0.0
6709.918340649145,111.83197234415242,替钻井液(二段),0.7333501149748192,0.7333501149748192,2233.3379999999997,1399.1997108433732,1470.9535421686744,0.3734939759034473,0.21296177330781862,1.9651563103316958,0.32499235487749967,0.0,0.7091448704560703,0.23934212110097275,0.0
6711.242913356137,111.85404855593562,替钻井液(二段),0.7338477154466249,0.7338477154466249,2233.3379999999997,1399.1997108433732,1479.922771084337,0.3734939759034473,0.21281149390174212,1.9639900510893442,0.3248348897327391,0.0,0.7096536392994267,0.23902224372906203,0.0
6712.567560358678,111.87612600597797,替钻井液(二段),0.7343451769417048,0.7343451769417048,2233.3379999999997,1399.1997108433732,1479.922771084337,0.3734939759034473,0.21266098770381886,1.962825655276479,0.32467763953782536,0.0,0.7101622734051832,0.23870176717774083,0.0
6713.892282181281,111.89820470302135,替钻井液(二段),0.7348424996886342,0.7348424996886342,2233.3379999999997,1399.1997108433732,1479.922771084337,0.3734939759034473,0.2125102546019545,1.9616631125521622,0.3245206030630269,0.0,0.7106707730958,0.23838069189688244,0.0
6715.217079342686,111.92028465571143,替钻井液(二段),0.7353396836534069,0.7353396836534069,2233.3379999999997,1408.168939759036,1479.922771084337,0.3694779116464209,0.21235929513360458,1.9394217422923645,0.3215091927654543,0.0,0.7111791384598428,0.2380590182104117,0.0
6716.541952355917,111.94236587259861,替钻井液(二段),0.735836728887743,0.735836728887743,2233.3379999999997,1408.168939759036,1479.922771084337,0.3694779116464209,0.21220810952932623,1.9382753399449688,0.32135361023929854,0.0,0.7116873696384463,0.23773674662016578,0.0
6717.866901726173,111.96444836210289,替钻井液(二段),0.7363336359580942,0.7363336359580942,2233.3379999999997,1408.168939759036,1479.922771084337,0.3694779116464209,0.2120566968170788,1.9371307485603175,0.32119823789400337,0.0,0.7121954672761623,0.23741387772006736,0.0
6719.19192794884,111.98653213248068,替钻井液(二段),0.736830405049435,0.736830405049435,2233.3379999999997,1408.168939759036,1479.922771084337,0.3694779116464209,0.21190505696837067,1.9359879514256666,0.321043073620804,0.0,0.7127034317703065,0.23709041163605798,0.0
6720.517031512645,112.00861719187742,替钻井液(二段),0.7373270355557556,0.7373270355557556,2233.3379999999997,1408.168939759036,1488.8919999999998,0.3694779116464209,0.21175319166000306,1.9348469192595552,0.3208881136015592,0.0,0.7132112628201263,0.23676634861157458,0.0
6721.842212900715,112.03070354834524,替钻井液(二段),0.7378235280067722,0.7378235280067722,2233.3379999999997,1408.168939759036,1488.8919999999998,0.3694779116464209,0.21160110005077346,1.933707644253477,0.3207333569314873,0.0,0.7137189611474287,0.23644168954828865,0.0
6723.167472591049,112.05279120985081,替钻井液(二段),0.7383198829634486,0.7383198829634486,2233.3379999999997,1408.168939759036,1488.8919999999998,0.3694779116464209,0.2114487812472641,1.9325701307748837,0.3205788043591806,0.0,0.714226527584302,0.2361164345390101,0.0
6724.4928110566425,112.07488018427738,替钻井液(二段),0.7388161001147243,0.7388161001147243,2233.3379999999997,1417.1381686746986,1488.8919999999998,0.36546184738939463,0.211296236356824,1.9104405377368712,0.3175650771108366,0.0,0.7147339622764908,0.2357905834104584,0.0
6725.818228761379,112.09697047935632,替钻井液(二段),0.7393121793427293,0.7393121793427293,2233.3379999999997,1417.1381686746986,1488.8919999999998,0.36546184738939463,0.2111434658349024,1.9093189103311052,0.3174119723964015,0.0,0.715241265568223,0.23546413670047064,0.0
6727.143726160025,112.11906210266709,替钻井液(二段),0.7398081212578755,0.7398081212578755,2233.3379999999997,1417.1381686746986,1488.8919999999998,0.36546184738939463,0.2109904686975062,1.908199047131427,0.31725907423200705,0.0,0.7157484385679059,0.23513709479182793,0.0
6728.4693036996805,112.14115506166134,替钻井液(二段),0.7403039256889241,0.7403039256889241,2233.3379999999997,1417.1381686746986,1497.8612289156624,0.36546184738939463,0.2108372455084779,1.9070809560559432,0.3171063838532746,0.0,0.7162554817187186,0.23480945720641308,0.0
6729.7949618206685,112.1632493636778,替钻井液(二段),0.7407995926854007,0.7407995926854007,2233.3379999999997,1417.1381686746986,1497.8612289156624,0.36546184738939463,0.21068379628930917,1.9059646607353031,0.31695390464308515,0.0,0.7167623956975645,0.23448122420020753,0.0
6731.120700957581,112.18534501595968,替钻井液(二段),0.7412951229406867,0.7412951229406867,2233.3379999999997,1417.1381686746986,1497.8612289156624,0.36546184738939463,0.21053011989951734,1.9048501940555425,0.31680164125166466,0.0,0.7172691819286429,0.23415239582092173,0.0
6732.446521540359,112.20744202567265,替钻井液(二段),0.7417905162902921,0.7417905162902921,2233.3379999999997,1417.1381686746986,1497.8612289156624,0.36546184738939463,0.21037621669613443,1.9037375980464983,0.31664959958273087,0.0,0.7177758410179801,0.23382297133568872,0.0
6733.772423995259,112.22954039992098,替钻井液(二段),0.7422857725795303,0.7422857725795303,2233.3379999999997,1426.1073975903612,1497.8612289156624,0.3614457831323683,0.21022208768934963,1.8817189323066041,0.31363367097429296,0.0,0.7182823737705331,0.23349295083788693,0.0
6735.0984087456245,112.2516401457604,替钻井液(二段),0.7427808923692837,0.7427808923692837,2233.3379999999997,1426.1073975903612,1497.8612289156624,0.3614457831323683,0.2100677322063655,1.8806224092591002,0.313483131168098,0.0,0.7187887816847995,0.23316233421178673,0.0
6736.424476212422,112.27374127020703,替钻井液(二段),0.743275875542808,0.743275875542808,2233.3379999999997,1426.1073975903612,1497.8612289156624,0.3614457831323683,0.20991315044348727,1.8795278947103629,0.31333283417829605,0.0,0.7192950656910642,0.2328311207104458,0.0
6737.750626814541,112.29584378024235,替钻井液(二段),0.7437707220884151,0.7437707220884151,2233.3379999999997,1426.1073975903612,1506.830457831325,0.3614457831323683,0.20975834245363548,1.8784354500859994,0.31318278861644044,0.0,0.7198012269337849,0.23249931009590435,0.0
6739.0768609673705,112.31794768278951,替钻井液(二段),0.744265432382102,0.744265432382102,2233.3379999999997,1426.1073975903612,1506.830457831325,0.3614457831323683,0.20960330723493684,1.8773451399768644,0.3130330035360753,0.0,0.7203072669381856,0.23216690201772103,0.0
6740.403179079105,112.34005298465175,替钻井液(二段),0.7447600067321014,0.7447600067321014,2233.3379999999997,1426.1073975903612,1506.830457831325,0.3614457831323683,0.2094480438260615,1.8762570219035772,0.312883487026583,0.0,0.7208131872203605,0.2318338956708747,0.0
6741.729581554467,112.36215969257445,替钻井液(二段),0.7452544442863794,0.7452544442863794,2233.3379999999997,1426.1073975903612,1506.830457831325,0.3614457831323683,0.20929255387238638,1.8751711332518055,0.31273424441630737,0.0,0.7213189883940809,0.2315002903167088,0.0
6743.056068795762,112.38426781326271,替钻井液(二段),0.7457487458682952,0.7457487458682952,2233.3379999999997,1435.0766265060238,1506.830457831325,0.35742971887534203,0.20913683527516086,1.8532643368691797,0.30971648009528474,0.0,0.7218246726047444,0.23116608606267383,0.0
6744.38264120333,112.40637735338883,替钻井液(二段),0.7462429116677977,0.7462429116677977,2233.3379999999997,1435.0766265060238,1506.830457831325,0.35742971887534203,0.2089808875898705,1.8521951042116362,0.3095688495742206,0.0,0.7223302414564428,0.2308312815262349,0.0
6745.709299175615,112.42848831959358,替钻井液(二段),0.7467369405475685,0.7467369405475685,2233.3379999999997,1435.0766265060238,1506.830457831325,0.35742971887534203,0.20882471348236473,1.8511282702884801,0.3094215187824553,0.0,0.7228356953899742,0.23049587591892878,0.0
6747.036043109015,112.45060071848359,替钻井液(二段),0.7472308336666309,0.7472308336666309,2233.3379999999997,1435.0766265060238,1515.7996867469876,0.35742971887534203,0.20866830997582006,1.8500639017102214,0.30927449712724153,0.0,0.7233410369960153,0.23015986943552952,0.0
6748.3628733976075,112.4727145566268,替钻井液(二段),0.7477245912109273,0.7477245912109273,2233.3379999999997,1435.0766265060238,1515.7996867469876,0.35742971887534203,0.2085116759017445,1.8490020694989127,0.3091277946328249,0.0,0.7238462679652484,0.2298232604680972,0.0
6749.689790432658,112.4948298405443,替钻井液(二段),0.748218212045019,0.748218212045019,2233.3379999999997,1435.0766265060238,1515.7996867469876,0.35742971887534203,0.20835481307518464,1.8479428411675192,0.3089814208463868,0.0,0.7243513888590991,0.2294860482942448,0.0
6751.016794602134,112.51694657670222,替钻井液(二段),0.7487116968131443,0.7487116968131443,2233.3379999999997,1444.0458554216864,1515.7996867469876,0.35341365461831575,0.20819771939192952,1.8261347477827625,0.305960878867769,0.0,0.7248564018219675,0.22914823309016474,0.0
6752.343886290389,112.53906477150647,替钻井液(二段),0.7492050457710914,0.7492050457710914,2233.3379999999997,1444.0458554216864,1515.7996867469876,0.35341365461831575,0.20804039349387493,1.8250927567258302,0.30581622728425073,0.0,0.7253613086342977,0.22880981373284176,0.0
6753.671065878025,112.56118443130042,替钻井液(二段),0.7496982576401989,0.7496982576401989,2233.3379999999997,1444.0458554216864,1515.7996867469876,0.35341365461831575,0.20788283737164823,1.8240535250041547,0.3056719287293509,0.0,0.7258661097687839,0.22847078947563013,0.0
6754.998333741954,112.58330556236591,替钻井液(二段),0.7501913333497904,0.7501913333497904,2233.3379999999997,1444.0458554216864,1524.7689156626504,0.35341365461831575,0.2077250491527723,1.8230171049872166,0.3055279907095644,0.0,0.7263708076193771,0.2281311606315414,0.0
6756.325690255603,112.60542817092671,替钻井液(二段),0.7506842733215277,0.7506842733215277,2233.3379999999997,1444.0458554216864,1524.7689156626504,0.35341365461831575,0.2075670275731725,1.821983548800559,0.3053844207029762,0.0,0.7268754040194506,0.22779092598830575,0.0
6757.653135789189,112.62755226315315,替钻井液(二段),0.7511770763650434,0.7511770763650434,2233.3379999999997,1444.0458554216864,1524.7689156626504,0.35341365461831575,0.2074087742762021,1.8209529029672886,0.30524122541461507,0.0,0.7273798994105418,0.22745008478957826,0.0
6758.9806707100315,112.64967784516719,替钻井液(二段),0.7516697425769281,0.7516697425769281,2233.3379999999997,1444.0458554216864,1524.7689156626504,0.35341365461831575,0.2072502880904674,1.8199252050498402,0.3050984103088852,0.0,0.7278842953685006,0.2271086375772234,0.0
6760.308295382846,112.67180492304743,替钻井液(二段),0.7521622724532059,0.7521622724532059,2233.3379999999997,1453.0150843373492,1524.7689156626504,0.34939759036128937,0.2070915667966296,1.7982311660380506,0.30207681555039456,0.0,0.7283885936968503,0.22676658404033223,0.0
6761.636010170005,112.69393350283342,替钻井液(二段),0.7526546657009922,0.7526546657009922,2233.3379999999997,1453.0150843373492,1524.7689156626504,0.34939759036128937,0.20693261040640745,1.7972210747332973,0.30193580807983256,0.0,0.7288927954762021,0.22642392369492736,0.0
6762.963815431763,112.71606359052937,替钻井液(二段),0.7531469212280484,0.7531469212280484,2233.3379999999997,1453.0150843373492,1524.7689156626504,0.34939759036128937,0.20677342016328928,1.7962139867314166,0.30179519150453626,0.0,0.7293969010312332,0.2260806565854884,0.0
6764.291711526443,112.73819519210738,替钻井液(二段),0.7536390397086905,0.7536390397086905,2233.3379999999997,1453.0150843373492,1533.738144578313,0.34939759036128937,0.20661399492190755,1.7952099200494254,0.3016549685886084,0.0,0.7299009121809601,0.22573678364366115,0.0
6765.619698810597,112.76032831350994,替钻井液(二段),0.7541310215447673,0.7541310215447673,2233.3379999999997,1453.0150843373492,1533.738144578313,0.34939759036128937,0.20645433323510085,1.7942088902847886,0.3015151417595079,0.0,0.7304048304368822,0.22539230440321867,0.0
6766.947777639139,112.78246296065231,替钻井液(二段),0.7546228657583087,0.7546228657583087,2233.3379999999997,1453.0150843373492,1533.738144578313,0.34939759036128937,0.2062944360597697,1.7932109072654923,0.3013757126396295,0.0,0.7309086559994117,0.2250472188433716,0.0
6768.275948365459,112.80459913942431,替钻井液(二段),0.7551145722430851,0.7551145722430851,2233.3379999999997,1453.0150843373492,1533.738144578313,0.34939759036128937,0.20613430249052775,1.7922159731941616,0.30123668178612406,0.0,0.731412389770684,0.2247015281674863,0.0
6769.604211341531,112.82673685569218,替钻井液(二段),0.7556061411052922,0.7556061411052922,2233.3379999999997,1461.9843132530118,1533.738144578313,0.34538152610426304,0.20597393113422657,1.7706353048892194,0.2982142078988148,0.0,0.7319160327557349,0.2243552329991464,0.0
6770.932566918004,112.84887611530007,替钻井液(二段),0.7560975719245759,0.7560975719245759,2233.3379999999997,1461.9843132530118,1533.738144578313,0.34538152610426304,0.20581332162545965,1.7696578298033776,0.29807699886193495,0.0,0.7324195854072494,0.2240083338463924,0.0
6772.2610154443,112.87101692407167,替钻井液(二段),0.7565888642618492,0.7565888642618492,2233.3379999999997,1461.9843132530118,1533.738144578313,0.34538152610426304,0.20565247495094865,1.768683356755828,0.2979401845209664,0.0,0.7329230481609712,0.22366083184345234,0.0
6773.589557267169,112.89315928778615,替钻井液(二段),0.757080018581892,0.757080018581892,2233.3379999999997,1461.9843132530118,1542.7073734939756,0.34538152610426304,0.20549139011509704,1.7677118741316047,0.2978037634859484,0.0,0.7334264221400952,0.22331272815150288,0.0
6774.918192725839,112.91530321209731,替钻井液(二段),0.7575710346495872,0.7575710346495872,2233.3379999999997,1461.9843132530118,1542.7073734939756,0.34538152610426304,0.2053300661269132,1.766743360575433,0.29766773299680516,0.0,0.7339297076652301,0.22296402324153977,0.0
6776.246922156976,112.93744870261627,替钻井液(二段),0.7580619116271609,0.7580619116271609,2233.3379999999997,1461.9843132530118,1542.7073734939756,0.34538152610426304,0.205168504380203,1.7657777636440577,0.2975320859228221,0.0,0.7344329046000262,0.22261471856910012,0.0
6777.575745896309,112.95959576493848,替钻井液(二段),0.758552649664999,0.758552649664999,2233.3379999999997,1461.9843132530118,1542.7073734939756,0.34538152610426304,0.20500670417670358,1.7648150509624971,0.29739681794696604,0.0,0.7349360135477291,0.2222648158704194,0.0
6778.9046642795365,112.98174440465894,替钻井液(二段),0.7590432488935249,0.7590432488935249,2233.3379999999997,1470.9535421686744,1542.7073734939756,0.34136546184723676,0.20484466414056213,1.743345251962063,0.2943733815161026,0.0,0.7354390350047317,0.22191431627258126,0.0
6780.233677642817,113.00389462738029,替钻井液(二段),0.7595337093975248,0.7595337093975248,2233.3379999999997,1470.9535421686744,1542.7073734939756,0.34136546184723676,0.20468238524699642,1.7423993590964082,0.29423987945178776,0.0,0.7359419694552317,0.22156322123469172,0.0
6781.562786323006,113.02604643871676,替钻井液(二段),0.760024030358115,0.760024030358115,2233.3379999999997,1470.9535421686744,1551.6766024096382,0.34136546184723676,0.20451986848296855,1.7414562432933163,0.2941067441914095,0.0,0.7364448164790895,0.2212115319874042,0.0
6782.891990657752,113.04819984429587,替钻井液(二段),0.7605142122060073,0.7605142122060073,2233.3379999999997,1470.9535421686744,1551.6766024096382,0.34136546184723676,0.20435711181508795,1.7405158796344302,0.29397397243346424,0.0,0.7369475766495182,0.22085925062490297,0.0
6784.221290983277,113.07035484972128,替钻井液(二段),0.7610042550629919,0.7610042550629919,2233.3379999999997,1470.9535421686744,1551.6766024096382,0.34136546184723676,0.20419411416006605,1.739578246469852,0.2938415613348482,0.0,0.7374502502861712,0.22050637863990263,0.0
6785.550687630957,113.09251146051595,替钻井液(二段),0.7614941575805909,0.7614941575805909,2233.3379999999997,1470.9535421686744,1551.6766024096382,0.34136546184723676,0.20403087740890327,1.7386433098565024,0.29370950631309867,0.0,0.7379528362947524,0.2201529175710976,0.0
6786.8801809314,113.11466968219,替钻井液(二段),0.7619839205138638,0.7619839205138638,2233.3379999999997,1470.9535421686744,1551.6766024096382,0.34136546184723676,0.20386740101274853,1.737711014912202,0.2935777998232564,0.0,0.7384553354908736,0.2197988702334086,0.0
6788.209771215304,113.13682952025506,替钻井液(二段),0.7624735441904055,0.7624735441904055,2233.3379999999997,1479.922771084337,1551.6766024096382,0.3373493975902105,0.2037036834668999,1.7163486086796733,0.2905531674793953,0.0,0.738957748248138,0.21944423791777962,0.0
6789.539458813699,113.15899098022831,替钻井液(二段),0.76296302798634,0.76296302798634,2233.3379999999997,1479.922771084337,1551.6766024096382,0.3373493975902105,0.20353972559941466,1.7154324146791353,0.29042315738198077,0.0,0.7394600740341777,0.2190890221848922,0.0
6790.869244058067,113.18115406763445,替钻井液(二段),0.7634523716144475,0.7634523716144475,2233.3379999999997,1479.922771084337,1560.6458313253008,0.3373493975902105,0.20337552814569823,1.7145187504132784,0.29029348253341813,0.0,0.7399623126235678,0.21873322543632304,0.0
6792.1991272805635,113.2033187880094,替钻井液(二段),0.763941575743778,0.763941575743778,2233.3379999999997,1479.922771084337,1560.6458313253008,0.3373493975902105,0.20321108936840948,1.7136075948036176,0.29016414013375025,0.0,0.7404644645746127,0.21837684991884285,0.0
6793.529108814386,113.22548514690644,替钻井液(二段),0.7644306403201939,0.7644306403201939,2233.3379999999997,1479.922771084337,1560.6458313253008,0.3373493975902105,0.20304640927709694,1.712698930956399,0.29003512797457287,0.0,0.7409665298231844,0.218019897082329,0.0
6794.859188994251,113.24765314990418,替钻井液(二段),0.7649195641446903,0.7649195641446903,2233.3379999999997,1479.922771084337,1560.6458313253008,0.3373493975902105,0.20288148982669635,1.7117927422297916,0.28990644388105424,0.0,0.7414685072585177,0.21766236902807878,0.0
6796.189368156919,113.26982280261532,替钻井液(二段),0.7654083481314761,0.7654083481314761,2233.3379999999997,1479.922771084337,1560.6458313253008,0.3373493975902105,0.20271632841009105,1.710889010756454,0.28977808550211726,0.0,0.741970397658006,0.21730426874372774,0.0
6797.519646641701,113.29199411069501,替钻井液(二段),0.7658969923085848,0.7658969923085848,2233.3379999999997,1488.8919999999998,1560.6458313253008,0.3333333333331841,0.2025509247584577,1.6896307275999558,0.2867520374894812,0.0,0.742472200995381,0.21694559759351278,0.0
6798.85002479089,113.31416707984816,替钻井液(二段),0.7663854959898383,0.7663854959898383,2233.3379999999997,1488.8919999999998,1560.6458313253008,0.3333333333331841,0.2023852799205355,1.688742572760872,0.28662533131046963,0.0,0.7429739165925401,0.21658635771414056,0.0
6800.180502950113,113.33634171583522,替钻井液(二段),0.7668738590361368,0.7668738590361368,2233.3379999999997,1488.8919999999998,1569.6150602409637,0.3333333333331841,0.20221939328792887,1.6878568064909418,0.2864989434719222,0.0,0.7434755442850155,0.21622655163062765,0.0
6801.511081468591,113.35851802447652,替钻井液(二段),0.7673620815651448,0.7673620815651448,2233.3379999999997,1488.8919999999998,1569.6150602409637,0.3333333333331841,0.2020532631041424,1.6869734174622106,0.28637287253421684,0.0,0.7439770840184474,0.21586618167222418,0.0
6802.84176069931,113.38069601165516,替钻井液(二段),0.7678501640669725,0.7678501640669725,2233.3379999999997,1488.8919999999998,1569.6150602409637,0.3333333333331841,0.2018868907538471,1.686092397239315,0.2862471174690857,0.0,0.7444785362899751,0.21550524996149079,0.0
6804.172540999125,113.40287568331875,替钻井液(二段),0.7683381054389384,0.7683381054389384,2233.3379999999997,1488.8919999999998,1569.6150602409637,0.3333333333331841,0.20172027735260561,1.6852137362700728,0.2861216770875391,0.0,0.7449799000258905,0.21514375810044326,0.0
6805.503422728871,113.42505704548118,替钻井液(二段),0.7688259063229685,0.7688259063229685,2233.3379999999997,1488.8919999999998,1569.6150602409637,0.3333333333331841,0.20155342029433743,1.684337424172631,0.28599655008073444,0.0,0.7454811757796233,0.214781709191566,0.0
6806.834406253456,113.44724010422426,替钻井液(二段),0.7693135664931512,0.7693135664931512,2233.3379999999997,1497.8612289156624,1569.6150602409637,0.32931726907615777,0.2013863190611824,1.6631807622957597,0.2829689633212267,0.0,0.7459823633186167,0.21441910475436343,0.0
6808.165491941921,113.46942486569868,替钻井液(二段),0.7698010851705066,0.7698010851705066,2233.3379999999997,1497.8612289156624,1569.6150602409637,0.32931726907615777,0.2012189742511415,1.6623196284114126,0.28284546074194383,0.0,0.7464834619788726,0.21405594725690827,0.0
6809.496680167433,113.49161133612388,替钻井液(二段),0.7702884621113679,0.7702884621113679,2233.3379999999997,1497.8612289156624,1578.5842891566263,0.32931726907615777,0.20105138474541429,1.6614607920013733,0.2827222664758866,0.0,0.746984471523067,0.2136922392258277,0.0
6810.827971307236,113.51379952178726,替钻井液(二段),0.770775697623771,0.770775697623771,2233.3379999999997,1497.8612289156624,1578.5842891566263,0.32931726907615777,0.20088354983289752,1.6606042477907343,0.28259937993239737,0.0,0.7474853922380779,0.21332798312132628,0.0
6812.159365742553,113.53598942904254,替钻井液(二段),0.7712627911020091,0.7712627911020091,2233.3379999999997,1497.8612289156624,1578.5842891566263,0.32931726907615777,0.20071547006962467,1.6597499910257214,0.28247680059468927,0.0,0.7479862236751564,0.2129631807397222,0.0
6813.490863858471,113.55818106430785,替钻井液(二段),0.7717497429771967,0.7717497429771967,2233.3379999999997,1497.8612289156624,1578.5842891566263,0.32931726907615777,0.2005471461560638,1.6588980164457714,0.28235452787237647,0.0,0.7484869662992144,0.2125978345668846,0.0
6814.822466043836,113.58037443406394,替钻井液(二段),0.7722365535559119,0.7722365535559119,2233.3379999999997,1506.830457831325,1578.5842891566263,0.3253012048191315,0.20037857628116817,1.6378282181740422,0.27932401806819396,0.0,0.7489876204730103,0.21223194625603892,0.0
6816.154172691166,113.60256954485277,替钻井液(二段),0.7727232219177418,0.7727232219177418,2233.3379999999997,1506.830457831325,1578.5842891566263,0.3253012048191315,0.20020976059677767,1.6369911301273834,0.2792033541178429,0.0,0.7494881854549039,0.21186551754731403,0.0
6817.485984196596,113.62476640327661,替钻井液(二段),0.7732097473403373,0.7732097473403373,2233.3379999999997,1506.830457831325,1587.5535180722889,0.3253012048191315,0.2000406994987191,1.636156283955576,0.2790829932057446,0.0,0.7499886608122992,0.2114985513113332,0.0
6818.817900959867,113.64696501599778,替钻井液(二段),0.7736961308085398,0.7736961308085398,2233.3379999999997,1506.830457831325,1587.5535180722889,0.3253012048191315,0.19987139184495725,1.6353236754821032,0.27896293488815926,0.0,0.7504890476323655,0.21113104988782994,0.0
6820.149923384207,113.66916538973678,替钻井液(二段),0.7741823720547075,0.7741823720547075,2233.3379999999997,1506.830457831325,1587.5535180722889,0.3253012048191315,0.1997018366919671,1.6344933038442855,0.27884317919852475,0.0,0.7509893458557255,0.2107630143951862,0.0
6821.482051868111,113.69136753113519,替钻井液(二段),0.7746684698562991,0.7746684698562991,2233.3379999999997,1506.830457831325,1587.5535180722889,0.3253012048191315,0.19953203543218037,1.6336651670517388,0.27872372600713924,0.0,0.7514895546745265,0.21039444704798307,0.0
6822.814286809718,113.71357144682864,替钻井液(二段),0.7751544247607055,0.7751544247607055,2233.3379999999997,1506.830457831325,1587.5535180722889,0.3253012048191315,0.19936198689939447,1.632839222146201,0.27860456927292254,0.0,0.7519896748913835,0.21002535063957897,0.0
6824.146628607973,113.73577714346622,替钻井液(二段),0.7756402371344047,0.7756402371344047,2233.3379999999997,1515.7996867469876,1587.5535180722889,0.3212851405621052,0.1991916895396779,1.6118671188801164,0.27557237868321194,0.0,0.7524897071893656,0.20965572647748468,0.0
6825.479077658806,113.75798462764676,替钻井液(二段),0.7761259061242668,0.7761259061242668,2233.3379999999997,1515.7996867469876,1587.5535180722889,0.3212851405621052,0.19902114547896083,1.6110556745258655,0.27545480260214916,0.0,0.7529896512454984,0.20928557604185016,0.0
6826.811634357105,113.78019390595175,替钻井液(二段),0.776611431478131,0.776611431478131,2233.3379999999997,1515.7996867469876,1596.5227469879515,0.3212851405621052,0.19885035563697126,1.6102463539316565,0.2753375152401596,0.0,0.7534895073686387,0.20891490160176981,0.0
6828.144299101935,113.80240498503225,替钻井液(二段),0.777096813910545,0.777096813910545,2233.3379999999997,1515.7996867469876,1596.5227469879515,0.3212851405621052,0.1986793175628495,1.6094391341383982,0.27522051341556886,0.0,0.7539892767305845,0.2085437048668536,0.0
6829.477072299003,113.82461787165006,替钻井液(二段),0.7775820531745549,0.7775820531745549,2233.3379999999997,1515.7996867469876,1596.5227469879515,0.3212851405621052,0.19850803009019533,1.6086340126336427,0.27510379690855313,0.0,0.7544889596545765,0.20817198685645125,0.0
6830.809954361967,113.84683257269945,替钻井液(二段),0.7780671480336473,0.7780671480336473,2233.3379999999997,1515.7996867469876,1596.5227469879515,0.3212851405621052,0.19833649442794726,1.6078309929571761,0.27498736637630683,0.0,0.7549885556891516,0.20779974937179546,0.0
6832.14294571292,113.86904909521533,替钻井液(二段),0.7785520996229264,0.7785520996229264,2233.3379999999997,1515.7996867469876,1596.5227469879515,0.3212851405621052,0.19816471198680358,1.6070300839086302,0.2748712232388304,0.0,0.7554880666330089,0.20742699483331206,0.0
6833.476046782063,113.89126744636772,替钻井液(二段),0.7790369082405333,0.7790369082405333,2233.3379999999997,1524.7689156626504,1596.5227469879515,0.31726907630507883,0.19799268229839456,1.5861534092286038,0.271837238179938,0.0,0.755987493606539,0.20705372339191536,0.0
6834.8092579994245,113.91348763332374,替钻井液(二段),0.7795215731447771,0.7795215731447771,2233.3379999999997,1524.7689156626504,1596.5227469879515,0.31726907630507883,0.1978204051976101,1.5853667272201148,0.2717226626579291,0.0,0.7564868368252408,0.20667993599730675,0.0
6836.1425797985485,113.93570966330914,替钻井液(二段),0.7800060933924554,0.7800060933924554,2233.3379999999997,1524.7689156626504,1605.4919759036143,0.31726907630507883,0.1976478810162964,1.58458214716638,0.2716083753169136,0.0,0.7569860963959818,0.20630563442684507,0.0
6837.476012619608,113.95793354366013,替钻井液(二段),0.7804904697711418,0.7804904697711418,2233.3379999999997,1524.7689156626504,1605.4919759036143,0.31726907630507883,0.19747510827907447,1.5837996738937845,0.2714943770014234,0.0,0.7574852740545817,0.20593082049041808,0.0
6838.809556910828,113.98015928184714,替钻井液(二段),0.7809747032970095,0.7809747032970095,2233.3379999999997,1524.7689156626504,1605.4919759036143,0.31726907630507883,0.1973020880770752,1.5830193313527463,0.27138067134291566,0.0,0.7579843719115339,0.20555549450842567,0.0
6840.143213127966,114.00238688546611,替钻井液(二段),0.7814587931771233,0.7814587931771233,2233.3379999999997,1524.7689156626504,1605.4919759036143,0.31726907630507883,0.19712882263964326,1.582241150689274,0.27126726302340987,0.0,0.7584833905121695,0.20517965628534757,0.0
6841.476981727933,114.02461636213222,替钻井液(二段),0.7819427393285453,0.7819427393285453,2233.3379999999997,1524.7689156626504,1605.4919759036143,0.31726907630507883,0.1969553108975553,1.581465160826469,0.27115415640336027,0.0,0.7589823310418302,0.20480330707897282,0.0
6842.810863175628,114.0468477195938,替钻井液(二段),0.7824265419718647,0.7824265419718647,2233.3379999999997,1533.738144578313,1605.4919759036143,0.3132530120480525,0.1967815531587465,1.5606826171028856,0.26811839757245914,0.0,0.7594811951315733,0.20442644765814041,0.0
6844.144857946068,114.06908096576781,替钻井液(二段),0.782910201730498,0.782910201730498,2233.3379999999997,1533.738144578313,1614.4612048192769,0.3132530120480525,0.19660755081351014,1.559920827863775,0.26800688117166893,0.0,0.7599799849219177,0.20404907825856097,0.0
6845.478966525419,114.09131610875698,替钻井液(二段),0.7833937175700714,0.7833937175700714,2233.3379999999997,1533.738144578313,1614.4612048192769,0.3132530120480525,0.19643330434641143,1.5591612956425085,0.2678956782537638,0.0,0.7604787010530083,0.20367119865315145,0.0
6846.813189411309,114.11355315685516,替钻井液(二段),0.783877090054423,0.783877090054423,2233.3379999999997,1533.738144578313,1614.4612048192769,0.3132530120480525,0.19625881212337215,1.5584040762237845,0.2677847971360505,0.0,0.7609773456744456,0.20329281003684907,0.0
6848.147527112722,114.13579211854537,替钻井液(二段),0.7843603202468166,0.7843603202468166,2233.3379999999997,1533.738144578313,1614.4612048192769,0.3132530120480525,0.19608407562681013,1.5576494306622648,0.26767427620526363,0.0,0.7614759216155428,0.20291391222616423,0.0
6849.481980149711,114.15803300249517,替钻井液(二段),0.7848434076073613,0.7848434076073613,2233.3379999999997,1533.738144578313,1614.4612048192769,0.3132530120480525,0.19590909563908473,1.55689735485292,0.2675641150282303,0.0,0.7619744303130661,0.2025345041313492,0.0
6850.816549053054,114.18027581755089,替钻井液(二段),0.7853263512415807,0.7853263512415807,2233.3379999999997,1533.738144578313,1614.4612048192769,0.3132530120480525,0.1957338720736487,1.5561478054000406,0.2674543074144423,0.0,0.7624728728699461,0.2021545860467857,0.0
6852.151234363897,114.20252057273161,替钻井液(二段),0.7858091517026453,0.7858091517026453,2233.3379999999997,1542.7073734939756,1623.4304337349395,0.30923694779102623,0.19555840603560784,1.5354598285196814,0.26441705060725296,0.0,0.7629712518601618,0.20177415865501297,0.0
6853.486036633396,114.22476727722326,替钻井液(二段),0.7862918095445909,0.7862918095445909,2233.3379999999997,1542.7073734939756,1623.4304337349395,0.30923694779102623,0.19538269804949102,1.534725127985754,0.2643089560285996,0.0,0.7634695698904436,0.20139322109840607,0.0
6854.8209564223935,114.24701594037323,替钻井液(二段),0.786774324859946,0.786774324859946,2233.3379999999997,1542.7073734939756,1623.4304337349395,0.30923694779102623,0.19520674646635006,1.5339931795758908,0.2642012505673508,0.0,0.763967829133958,0.20101177253868152,0.0
6856.155994301145,114.26926657168575,替钻井液(二段),0.7872566974014372,0.7872566974014372,2233.3379999999997,1542.7073734939756,1623.4304337349395,0.30923694779102623,0.195030553537964,1.5332640762178789,0.26409394807627384,0.0,0.7644660316661585,0.20062981262616228,0.0
6857.491150849121,114.2915191808187,替钻井液(二段),0.7877389266929261,0.7877389266929261,2233.3379999999997,1542.7073734939756,1623.4304337349395,0.30923694779102623,0.19485412031688593,1.5325379105932386,0.26398706237921543,0.0,0.7649641793123988,0.20024734090724988,0.0
6858.826426654895,114.31377377758159,替钻井液(二段),0.7882210132372293,0.7882210132372293,2233.3379999999997,1542.7073734939756,1623.4304337349395,0.30923694779102623,0.1946774449022189,1.5318147771064061,0.2638806075609096,0.0,0.7654622747555877,0.19986435713722026,0.0
6860.1618223161095,114.33603037193515,替钻井液(二段),0.7887029574470538,0.7887029574470538,2233.3379999999997,1551.6766024096382,1623.4304337349395,0.30522088353399995,0.19450052779642907,1.5112104250070422,0.26084089610418804,0.0,0.7659603206673662,0.19948086042792462,0.0
6861.4973384395125,114.35828897399188,替钻井液(二段),0.7891847585736139,0.7891847585736139,2233.3379999999997,1551.6766024096382,1632.399662650602,0.30522088353399995,0.19432336924879726,1.5105029518756217,0.26073630166341666,0.0,0.7664583185844062,0.19909684981268494,0.0
6862.8329756410485,114.38054959401748,替钻井液(二段),0.7896664172037663,0.7896664172037663,2233.3379999999997,1551.6766024096382,1632.399662650602,0.30522088353399995,0.19414596811630147,1.5097987470458683,0.2606321757176234,0.0,0.7669562712829208,0.19871232551334556,0.0
6864.168734545989,114.40281224243314,替钻井液(二段),0.7901479331622793,0.7901479331622793,2233.3379999999997,1551.6766024096382,1632.399662650602,0.30522088353399995,0.19396832494430993,1.5090978963363848,0.2605285311610135,0.0,0.7674541808406354,0.19832728658646967,0.0
6865.504615789082,114.42507692981803,替钻井液(二段),0.7906293058435204,0.7906293058435204,2233.3379999999997,1551.6766024096382,1632.399662650602,0.30522088353399995,0.1937904399093471,1.5084004783767482,0.2604253798306202,0.0,0.7679520488100027,0.19794173268183407,0.0
6866.840620014713,114.44734366691188,替钻井液(二段),0.7911105353674105,0.7911105353674105,2233.3379999999997,1551.6766024096382,1632.399662650602,0.30522088353399995,0.19361231182288272,1.5077065647739323,0.26032273253010263,0.0,0.7684498773528682,0.1975556639198246,0.0
6868.176747877049,114.46961246461748,替钻井液(二段),0.791591622330592,0.791591622330592,2233.3379999999997,1551.6766024096382,1632.399662650602,0.30522088353399995,0.19343393906917894,1.5070162191403196,0.26022059888513716,0.0,0.7689476689222063,0.19716907997601762,0.0
6869.513000038557,114.49188333397595,替钻井液(二段),0.7920725658938287,0.7920725658938287,2233.3379999999997,1560.6458313253008,1632.399662650602,0.3012048192769737,0.19325532285248884,1.4865093717269628,0.2571802597101942,0.0,0.769445424552366,0.19678198026374238,0.0
6870.849377162714,114.51415628604522,替钻井液(二段),0.7925533660978932,0.7925533660978932,2233.3379999999997,1560.6458313253008,1641.3688915662647,0.3012048192769737,0.19307646219348157,1.4858352948373066,0.25708010943542536,0.0,0.7699431459414089,0.1963943655537539,0.0
6872.185879921161,114.53643133201936,替钻井液(二段),0.7930340225285906,0.7930340225285906,2233.3379999999997,1560.6458313253008,1641.3688915662647,0.3012048192769737,0.19289735625854343,1.4851648208318617,0.25698048106080085,0.0,0.7704408341559591,0.19600623616092644,0.0
6873.522508995203,114.55870848325338,替钻井液(二段),0.7935145353698374,0.7935145353698374,2233.3379999999997,1560.6458313253008,1641.3688915662647,0.3012048192769737,0.19271800298898528,1.4844979548611517,0.2568813755653887,0.0,0.770938490652693,0.19561759300719103,0.0
6874.859265076174,114.58098775126956,替钻井液(二段),0.7939949049595473,0.7939949049595473,2233.3379999999997,1560.6458313253008,1641.3688915662647,0.3012048192769737,0.19253839988808352,1.4838346938386382,0.25678279270317794,0.0,0.771436116843265,0.19522843676359444,0.0
6876.196148858494,114.60326914764157,替钻井液(二段),0.7944751289585295,0.7944751289585295,2233.3379999999997,1560.6458313253008,1641.3688915662647,0.3012048192769737,0.19235854958286996,1.48317502484237,0.2566847307646488,0.0,0.7719337114368412,0.19483876813115328,0.0
6877.533161040618,114.6255526840103,替钻井液(二段),0.7949552081719218,0.7949552081719218,2233.3379999999997,1560.6458313253008,1641.3688915662647,0.3012048192769737,0.19217844973743775,1.4825188900797601,0.2565871813666889,0.0,0.7724312757811729,0.19444859030503966,0.0
6878.870302330697,114.64783837217828,替钻井液(二段),0.7954351431068148,0.7954351431068148,2233.3379999999997,1569.6150602409637,1641.3688915662647,0.29718875501994724,0.1919980981461422,1.462108007819782,0.2535462364503871,0.0,0.7729288107535519,0.1940579042500702,0.0
6880.207573448915,114.67012622414859,替钻井液(二段),0.7959149316818837,0.7959149316818837,2233.3379999999997,1569.6150602409637,1650.3381204819275,0.29718875501994724,0.19181749727105094,1.461467406228682,0.2534505944299523,0.0,0.7734263144210838,0.19366671138565766,0.0
6881.544975128919,114.69241625214865,替钻井液(二段),0.7963945750334919,0.7963945750334919,2233.3379999999997,1569.6150602409637,1650.3381204819275,0.29718875501994724,0.19163664540034736,1.4608300950341495,0.2533554315065534,0.0,0.7739237877459086,0.1932750157409854,0.0
6882.882508118675,114.71470846864459,替钻井液(二段),0.7968740729715841,0.7968740729715841,2233.3379999999997,1569.6150602409637,1650.3381204819275,0.29718875501994724,0.1914555409365165,1.4601959965548685,0.25326073626498036,0.0,0.7744212300338429,0.19288281889159795,0.0
6884.220173180936,114.73700288634895,替钻井液(二段),0.7973534245707208,0.7973534245707208,2233.3379999999997,1569.6150602409637,1650.3381204819275,0.29718875501994724,0.1912741849219887,1.4595650234735027,0.25316649584394535,0.0,0.7749186396878167,0.1924901237941694,0.0
6885.557971093501,114.759299518225,替钻井液(二段),0.7978326311499296,0.7978326311499296,2233.3379999999997,1569.6150602409637,1650.3381204819275,0.29718875501994724,0.19109257667927443,1.4589370776179298,0.25307269575318325,0.0,0.7754160170469442,0.19209693438261305,0.0
6886.89590264935,114.78159837748917,替钻井液(二段),0.7983116914149027,0.7983116914149027,2233.3379999999997,1569.6150602409637,1650.3381204819275,0.29718875501994724,0.19091071694992312,1.458312055380496,0.2529793206821751,0.0,0.7759133595288141,0.1917032529197572,0.0
6888.233968656635,114.80389947761059,替钻井液(二段),0.7987906053264893,0.7987906053264893,2233.3379999999997,1578.5842891566263,1659.30734939759,0.29317269076292096,0.1907286049998549,1.4379913345221778,0.24993714320565374,0.0,0.7764106656388454,0.19130908425253498,0.0
6889.572169929615,114.82620283216025,替钻井液(二段),0.7992693730314895,0.7992693730314895,2233.3379999999997,1578.5842891566263,1659.30734939759,0.29317269076292096,0.1905462396021597,1.4373801962551578,0.24984545917971468,0.0,0.7769079337551079,0.19091443255181603,0.0
6890.910507290611,114.84850845484353,替钻井液(二段),0.7997479934429923,0.7997479934429923,2233.3379999999997,1578.5842891566263,1659.30734939759,0.29317269076292096,0.19036362316143857,1.436771575302573,0.2497541416678084,0.0,0.7774051609120189,0.19051930192777086,0.0
6892.248981571959,114.87081635953265,替钻井液(二段),0.8002264677745917,0.8002264677745917,2233.3379999999997,1578.5842891566263,1659.30734939759,0.29317269076292096,0.19018075721115393,1.4361653400196492,0.2496631710509224,0.0,0.7779023461214006,0.19012369782134053,0.0
6893.587593616953,114.89312656028255,替钻井液(二段),0.8007047964571133,0.8007047964571133,2233.3379999999997,1578.5842891566263,1659.30734939759,0.29317269076292096,0.18999764122124263,1.4355613748977814,0.24957253012176894,0.0,0.778399487406385,0.18972762388692854,0.0
6894.926344280458,114.91543907134096,替钻井液(二段),0.8011829781511043,0.8011829781511043,2233.3379999999997,1578.5842891566263,1659.30734939759,0.29317269076292096,0.18981427799096184,1.4349595745208803,0.24948220317915737,0.0,0.7788965811316206,0.1893310845310865,0.0
6896.265234429654,114.9377539071609,替钻井液(二段),0.801661012958903,0.801661012958903,2233.3379999999997,1587.5535180722889,1668.2765783132527,0.2891566265058947,0.1896306670141078,1.4147110758316261,0.2464366688666123,0.0,0.77939362473492,0.18893408591939695,0.0
6897.604264944989,114.96007108241649,替钻井液(二段),0.8021389024017196,0.8021389024017196,2233.3379999999997,1587.5535180722889,1668.2765783132527,0.2891566265058947,0.18944680889571855,1.4141215148986608,0.24634780932779377,0.0,0.7798906169887201,0.1885366329432694,0.0
6898.943436721206,114.9823906120201,替钻井液(二段),0.8026166454664335,0.8026166454664335,2233.3379999999997,1587.5535180722889,1668.2765783132527,0.2891566265058947,0.1892627079339419,1.4135338446588113,0.24625922432928793,0.0,0.7803875541977684,0.18813872945306556,0.0
6900.282750668309,115.00471251113848,替钻井液(二段),0.8030942429289621,0.8030942429289621,2233.3379999999997,1587.5535180722889,1668.2765783132527,0.2891566265058947,0.18907836270497178,1.4129480092536866,0.24617090554882726,0.0,0.7808844342617722,0.18774038147277383,0.0
6901.622207706443,115.02703679510738,替钻井液(二段),0.8035716955230756,0.8035716955230756,2233.3379999999997,1587.5535180722889,1668.2765783132527,0.2891566265058947,0.1888937722835636,1.4123639725816561,0.24608284763890187,0.0,0.7813812551614383,0.1873415934255247,0.0
6902.961808760014,115.04936347933356,替钻井液(二段),0.804049002362962,0.804049002362962,2233.3379999999997,1587.5535180722889,1677.2458072289153,0.2891566265058947,0.18870894378895947,1.4117816969618286,0.2459950450110302,0.0,0.781878013350089,0.18694236999507355,0.0
6904.3015547601335,115.07169257933556,替钻井液(二段),0.8045261653985649,0.8045261653985649,2233.3379999999997,1587.5535180722889,1677.2458072289153,0.2891566265058947,0.1885238782609456,1.4112011339543513,0.24590749045117055,0.0,0.7823747081190201,0.18654271639967168,0.0
6905.641446654722,115.09402411091203,替钻井液(二段),0.8050031849845701,0.8050031849845701,2233.3379999999997,1596.5227469879515,1677.2458072289153,0.2851405622488684,0.18833857631359804,1.3910302839319446,0.24285920855896848,0.0,0.7828713372017584,0.18614263576937498,0.0
6906.981485411713,115.11635809019522,替钻井液(二段),0.8054800603269184,0.8054800603269184,2233.3379999999997,1596.5227469879515,1677.2458072289153,0.2851405622488684,0.18815303973825803,1.390461139364201,0.24277301913994442,0.0,0.7833678973532858,0.18574213237711926,0.0
6908.321672020142,115.13869453366902,替钻井液(二段),0.8059567934779952,0.8059567934779952,2233.3379999999997,1596.5227469879515,1677.2458072289153,0.2851405622488684,0.18796726879271167,1.3898937375420855,0.2426870838703148,0.0,0.7838643883508972,0.1853412115117371,0.0
6909.66200749015,115.16103345816917,替钻井液(二段),0.806433383200203,0.806433383200203,2233.3379999999997,1596.5227469879515,1686.215036144578,0.2851405622488684,0.1877812668464687,1.389328159835485,0.24260141516471834,0.0,0.784360806839711,0.1849398754863288,0.0
6911.0024928525345,115.18337488087558,替钻井液(二段),0.8069098303179055,0.8069098303179055,2233.3379999999997,1596.5227469879515,1686.215036144578,0.2851405622488684,0.18759503499914829,1.3887645069199768,0.24251602836784825,0.0,0.7848571516694373,0.18453812922896887,0.0
6912.343129150021,115.20571881916702,替钻井液(二段),0.807386136672325,0.807386136672325,2233.3379999999997,1596.5227469879515,1686.215036144578,0.2851405622488684,0.18740857455480217,1.388202902601238,0.24243094233550055,0.0,0.7853534228092177,0.1841359759974714,0.0
6913.683917438327,115.22806529063878,替钻井液(二段),0.8078623016223073,0.8078623016223073,2233.3379999999997,1596.5227469879515,1686.215036144578,0.2851405622488684,0.18722188794053138,1.3876434595591427,0.24234617424565374,0.0,0.7858496179867882,0.18373341741641722,0.0
6915.024858791714,115.25041431319524,替钻井液(二段),0.8083383261198209,0.8083383261198209,2233.3379999999997,1605.4919759036143,1686.215036144578,0.28112449799184197,0.1870349732039516,1.3675498772932104,0.23929525206073665,0.0,0.7863457366909677,0.18333045742614895,0.0
6916.365954304791,115.27276590507985,替钻井液(二段),0.808814211015415,0.808814211015415,2233.3379999999997,1605.4919759036143,1686.215036144578,0.28112449799184197,0.18684783254839438,1.3670029810676667,0.23921204219902348,0.0,0.7868417784987228,0.18292709839072313,0.0
6917.707205093062,115.29512008488436,替钻井液(二段),0.8092899552825259,0.8092899552825259,2233.3379999999997,1605.4919759036143,1686.215036144578,0.28112449799184197,0.1866604673996571,1.3664586668470864,0.23912921614991012,0.0,0.7873377412640318,0.182523342370808,0.0
6919.0486122792445,115.31747687132074,替钻井液(二段),0.8097655600095158,0.8097655600095158,2233.3379999999997,1605.4919759036143,1695.1842650602407,0.28112449799184197,0.18647287430904913,1.3659171107681503,0.23904680084708407,0.0,0.7878336250961046,0.18211919304315527,0.0
6920.390177004823,115.33983628341372,替钻井液(二段),0.8102410247718947,0.8102410247718947,2233.3379999999997,1605.4919759036143,1695.1842650602407,0.28112449799184197,0.18628505756191227,1.3653784496731227,0.23896481725432217,0.0,0.7883294287988832,0.1817146521260965,0.0
6921.731900432956,115.36219834054926,替钻井液(二段),0.810716350738619,0.810716350738619,2233.3379999999997,1605.4919759036143,1695.1842650602407,0.28112449799184197,0.18609701647961083,1.3648428510872874,0.23888329101433625,0.0,0.7888251526695059,0.18130972216834557,0.0
6923.073783744196,115.38456306240326,替钻井液(二段),0.811191539308242,0.811191539308242,2233.3379999999997,1605.4919759036143,1695.1842650602407,0.28112449799184197,0.18590874631632237,1.3643103614595382,0.23880222934735496,0.0,0.7893207972885571,0.18090440456345142,0.0
6924.415828131371,115.40693046885619,替钻井液(二段),0.8116665870683903,0.8116665870683903,2233.3379999999997,1614.4612048192769,1695.1842650602407,0.2771084337348157,0.18572025016118351,1.3442983254566434,0.23574950085298052,0.0,0.7898163586838413,0.18049870050249464,0.0
6925.758034808244,115.4293005801374,替钻井液(二段),0.8121414950309535,0.8121414950309535,2233.3379999999997,1614.4612048192769,1695.1842650602407,0.2771084337348157,0.18553152696329234,1.3437795465719808,0.23567020133485006,0.0,0.7903118372116426,0.1800926152698375,0.0
6927.100405011751,115.45167341686252,替钻井液(二段),0.812616263378848,0.812616263378848,2233.3379999999997,1614.4612048192769,1695.1842650602407,0.2771084337348157,0.18534257286046874,1.343264004593816,0.23559138845251015,0.0,0.7908072322074053,0.17968615031257335,0.0
6928.442940002761,115.47404900004602,替钻井液(二段),0.8130908910626875,0.8130908910626875,2233.3379999999997,1614.4612048192769,1695.1842650602407,0.2771084337348157,0.18515338715683335,1.3427518131761362,0.23551307973558633,0.0,0.7913025417596804,0.1792793079556057,0.0
6929.785641065663,115.49642735109438,替钻井液(二段),0.8135653787105077,0.8135653787105077,2233.3379999999997,1614.4612048192769,1695.1842650602407,0.2771084337348157,0.1849639672787147,1.3422430610967029,0.23543528891595245,0.0,0.7917977655848184,0.17887209169935445,0.0
6931.128509495082,115.51880849158469,替钻井液(二段),0.814039724411894,0.814039724411894,2233.3379999999997,1614.4612048192769,1704.1534939759033,0.2771084337348157,0.18477431159609234,1.3417378094026085,0.2353580254891665,0.0,0.7922929006927288,0.17846450371578468,0.0
6932.471546606472,115.54119244344119,替钻井液(二段),0.8145139269877101,0.8145139269877101,2233.3379999999997,1623.4304337349395,1704.1534939759033,0.2730923694777894,0.18458441771192025,1.3217980792044193,0.23230258614095278,0.0,0.7927879446499803,0.1780565487394437,0.0
6933.814753737825,115.56357922896376,替钻井液(二段),0.8149879866000169,0.8149879866000169,2233.3379999999997,1623.4304337349395,1704.1534939759033,0.2730923694777894,0.1843942820411769,1.3213073418472294,0.23222723488324581,0.0,0.7932828962055835,0.17764823113503744,0.0
6935.158132249722,115.58596887082871,替钻井液(二段),0.8154619020383869,0.8154619020383869,2233.3379999999997,1623.4304337349395,1704.1534939759033,0.2730923694777894,0.18420390169120532,1.3208199787543338,0.23215239441396718,0.0,0.7937777523741539,0.1772395543820327,0.0
6936.5016835250035,115.6083613920834,替钻井液(二段),0.8159356733816039,0.8159356733816039,2233.3379999999997,1623.4304337349395,1704.1534939759033,0.2730923694777894,0.1840132736945379,1.3203359085919153,0.23207805239232004,0.0,0.7942725113147743,0.17683052363366394,0.0
6937.845408956728,115.63075681594546,替钻井液(二段),0.8164092983209122,0.8164092983209122,2233.3379999999997,1623.4304337349395,1704.1534939759033,0.2730923694777894,0.18382239633895361,1.319855014471672,0.23200419101054448,0.0,0.7947671684706448,0.1764211429009976,0.0
6939.18930995253,115.65315516587549,替钻井液(二段),0.8168827758476457,0.8168827758476457,2233.3379999999997,1623.4304337349395,1704.1534939759033,0.2730923694777894,0.18363126712582234,1.3193771019746605,0.23193078054326866,0.0,0.7952617202111746,0.17601141884119542,0.0
6940.533387937905,115.67555646563174,替钻井液(二段),0.817356106354138,0.817356106354138,2233.3379999999997,1623.4304337349395,1704.1534939759033,0.2730923694777894,0.1834398810543137,1.3189019601450052,0.23185778871232954,0.0,0.7957561640660017,0.17560135740818394,0.0
6941.877644358168,115.6979607393028,替钻井液(二段),0.817829288395491,0.817829288395491,2233.3379999999997,1632.399662650602,1704.1534939759033,0.26907630522076315,0.18324823616401048,1.2990406873765306,0.2288004640999266,0.0,0.7962504954401642,0.17519096364330716,0.0
6943.222080680359,115.72036801133932,替钻井液(二段),0.8183023207207993,0.8183023207207993,2233.3379999999997,1632.399662650602,1713.122722891566,0.26907630522076315,0.18305632985680323,1.2985772678715892,0.22872898300597688,0.0,0.7967447097536926,0.17478024468360573,0.0
6944.566698395561,115.74277830659268,替钻井液(二段),0.8187752035429231,0.8187752035429231,2233.3379999999997,1632.399662650602,1713.122722891566,0.26907630522076315,0.1828641577157676,1.298115794492057,0.22865779551236454,0.0,0.7972388035701435,0.17436920775801093,0.0
6945.911499021435,115.76519165035725,替钻井液(二段),0.8192479363093423,0.8192479363093423,2233.3379999999997,1632.399662650602,1713.122722891566,0.26907630522076315,0.182671717478435,1.2976559539359804,0.22858685336455953,0.0,0.7977327724844209,0.17395785885030893,0.0
6947.256484104619,115.78760806841031,替钻井液(二段),0.8197205173972643,0.8197205173972643,2233.3379999999997,1632.399662650602,1713.122722891566,0.26907630522076315,0.18247900848234458,1.2971974115090403,0.2285161049892096,0.0,0.7982266109074376,0.17354620483728245,0.0
6948.601655222694,115.8100275870449,替钻井液(二段),0.8201929467787106,0.8201929467787106,2233.3379999999997,1632.399662650602,1713.122722891566,0.26907630522076315,0.18228602810409897,1.2967398159095838,0.2284454962311515,0.0,0.798720314669385,0.17313425382067604,0.0
6949.947013985577,115.83245023309294,替钻井液(二段),0.8206652252536764,0.8206652252536764,2233.3379999999997,1641.3688915662647,1713.122722891566,0.2650602409637368,0.1820927743047199,1.276935303333962,0.22538338369538746,0.0,0.7992138803666385,0.1727220126056546,0.0
6951.2925620362985,115.85487603393831,替钻井液(二段),0.8211373519014042,0.8211373519014042,2233.3379999999997,1641.3688915662647,1713.122722891566,0.2650602409637368,0.18189924615176511,1.276485336421004,0.22531367018904447,0.0,0.7997073027825982,0.17230948736407053,0.0
6952.638301051266,115.87730501752111,替钻井液(二段),0.821609327477552,0.821609327477552,2233.3379999999997,1641.3688915662647,1713.122722891566,0.2650602409637368,0.1817054430853409,1.2760352315640666,0.22524392903407808,0.0,0.8002005785808601,0.17189668550052578,0.0
6953.984232740138,115.89973721233564,替钻井液(二段),0.8220811527151033,0.8220811527151033,2233.3379999999997,1641.3688915662647,1722.0919518072287,0.2650602409637368,0.18151136315077177,1.2755846387304177,0.22517410598126797,0.0,0.8006937044361249,0.17148361306237697,0.0
6955.330358835007,115.92217264725012,替钻井液(二段),0.8225528283766349,0.8225528283766349,2233.3379999999997,1641.3688915662647,1722.0919518072287,0.2650602409637368,0.18131700563744715,1.2751332216997666,0.22510414890246389,0.0,0.801186677296648,0.17107027557580437,0.0
6956.676681092858,115.94461135154764,替钻井液(二段),0.823024355290063,0.823024355290063,2233.3379999999997,1641.3688915662647,1722.0919518072287,0.2650602409637368,0.18112237210833781,1.2746806323638542,0.2250340038080898,0.0,0.8016794945936514,0.17065667809436363,0.0
6958.023201302246,115.96705335503744,替钻井液(二段),0.8234957341492293,0.8234957341492293,2233.3379999999997,1641.3688915662647,1722.0919518072287,0.2650602409637368,0.18092746181479924,1.2742265520615508,0.22496362125343983,0.0,0.8021721537984571,0.170242825017365,0.0
6959.369921285011,115.98949868808351,替钻井液(二段),0.8239669672629107,0.8239669672629107,2233.3379999999997,1650.3381204819275,1722.0919518072287,0.26104417670671043,0.1807322760952946,1.2544711560947157,0.22189533361113278,0.0,0.8026646546650958,0.16982872071179214,0.0
6960.7168428963705,116.01194738160618,替钻井液(二段),0.8244380554097508,0.8244380554097508,2233.3379999999997,1650.3381204819275,1722.0919518072287,0.26104417670671043,0.18053681638863608,1.254020265884401,0.2218251624918982,0.0,0.8031569958214655,0.16941436728668838,0.0
6962.063968017792,116.0343994669632,替钻井液(二段),0.8249090016058683,0.8249090016058683,2233.3379999999997,1650.3381204819275,1731.0611807228913,0.26104417670671043,0.18034108474073046,1.2535672363440344,0.22175465205982337,0.0,0.8036491787993065,0.1689997675161781,0.0
6963.411298550405,116.05685497584008,替钻井液(二段),0.8253798075762744,0.8253798075762744,2233.3379999999997,1650.3381204819275,1731.0611807228913,0.26104417670671043,0.18014508314162764,1.2531119115866505,0.2216837779579518,0.0,0.804141204568576,0.16858492136185427,0.0
6964.758836425053,116.07931394041755,替钻井液(二段),0.8258504752117515,0.8258504752117515,2233.3379999999997,1650.3381204819275,1731.0611807228913,0.26104417670671043,0.17994881656057207,1.2526541629555512,0.22161252005914056,0.0,0.804633075090191,0.1681698290977305,0.0
6966.106583605086,116.10177639341809,替钻井液(二段),0.8263210075729882,0.8263210075729882,2233.3379999999997,1650.3381204819275,1731.0611807228913,0.26104417670671043,0.17975228555607653,1.2521939356326006,0.22154086972442477,0.0,0.8051247942426366,0.1677544897202086,0.0
6967.454542087719,116.12424236812866,替钻井液(二段),0.8267914072741449,0.8267914072741449,2233.3379999999997,1650.3381204819275,1731.0611807228913,0.26104417670671043,0.1795554939437514,1.2517312345665321,0.22146882761718634,0.0,0.8056163662505997,0.16733890028232423,0.0
6968.802713904704,116.14671189841174,替钻井液(二段),0.8272616760544551,0.8272616760544551,2233.3379999999997,1659.30734939759,1740.030409638554,0.25702811244968415,0.17935844492176772,1.2320158697275845,0.21839296220114512,0.0,0.8061077952631185,0.1669230570665901,0.0
6970.151101118081,116.16918501863468,替钻井液(二段),0.8277318158263322,0.8277318158263322,2233.3379999999997,1659.30734939759,1740.030409638554,0.25702811244968415,0.17916114190617521,1.2315556390046145,0.21832101497554668,0.0,0.8065990863911612,0.16650695608815883,0.0
6971.499705810218,116.19166176350363,替钻井液(二段),0.8282018282857354,0.8282018282857354,2233.3379999999997,1659.30734939759,1740.030409638554,0.25702811244968415,0.1789635869139126,1.2310932856144483,0.21824872924769345,0.0,0.8070902451943865,0.16609059214685054,0.0
6972.848530078336,116.21414216797227,替钻井液(二段),0.8286717145652406,0.8286717145652406,2233.3379999999997,1659.30734939759,1740.030409638554,0.25702811244968415,0.1787657841513749,1.2306289796217336,0.21817613151702497,0.0,0.8075812776683919,0.16567395943102647,0.0
6974.197576043027,116.23662626738378,替钻井液(二段),0.8291414771020573,0.8291414771020573,2233.3379999999997,1659.30734939759,1740.030409638554,0.25702811244968415,0.1785677355235494,1.2301629266610834,0.21810325385487006,0.0,0.8080721919702571,0.16525705152003817,0.0
6975.546845856436,116.25911409760728,替钻井液(二段),0.829611116909925,0.829611116909925,2233.3379999999997,1659.30734939759,1748.9996385542165,0.25702811244968415,0.1783694438058315,1.2296956531565828,0.2180301785137604,0.0,0.8085629957089903,0.16483985974268991,0.0
6976.896341705931,116.28160569509886,替钻井液(二段),0.8300806351731189,0.8300806351731189,2233.3379999999997,1668.2765783132527,1748.9996385542165,0.2530120481926579,0.17817091501186882,1.2100206917816643,0.2149470712836521,0.0,0.8090536977482674,0.1644223757362285,0.0
6978.246065816671,116.30410109694452,替钻井液(二段),0.8305500341328463,0.8305500341328463,2233.3379999999997,1668.2765783132527,1748.9996385542165,0.2530120481926579,0.17797214837250708,1.2095589651253724,0.21487457196345905,0.0,0.8095443084229762,0.16400458974028925,0.0
6979.5960204537305,116.32660034089551,替钻井液(二段),0.831019315690085,0.831019315690085,2233.3379999999997,1668.2765783132527,1748.9996385542165,0.2530120481926579,0.17777314836730493,1.2090968863379308,0.21480201064945093,0.0,0.8100348386320189,0.16358649066701283,0.0
6980.946207922462,116.34910346537437,替钻井液(二段),0.8314884813426386,0.8314884813426386,2233.3379999999997,1668.2765783132527,1748.9996385542165,0.2530120481926579,0.1775739166640537,1.2086348914395317,0.21472945580444314,0.0,0.8105252995056115,0.16316806648666124,0.0
6982.296630568839,116.37161050948065,替钻井液(二段),0.8319575324184596,0.8319575324184596,2233.3379999999997,1668.2765783132527,1757.9688674698791,0.2530120481926579,0.17737445631583615,1.208173442910371,0.21465698007259015,0.0,0.8110157026798293,0.1627493049798112,0.0
6983.647290780415,116.39412151300691,替钻井液(二段),0.8324264700479603,0.8324264700479603,2233.3379999999997,1668.2765783132527,1757.9688674698791,0.2530120481926579,0.17717477097835427,1.2077130244711365,0.21458465946136718,0.0,0.8115060598557798,0.16233019336660015,0.0
6984.998168096103,116.41663613493505,替钻井液(二段),0.8328952871516494,0.8328952871516494,2233.3379999999997,1668.2765783132527,1757.9688674698791,0.2530120481926579,0.17697486584860914,1.207254136842675,0.2145125726768491,0.0,0.8119963745740968,0.1619107184997334,0.0
6986.3492461268215,116.43915410211369,替钻井液(二段),0.8333639782727643,0.8333639782727643,2233.3379999999997,1677.2458072289153,1757.9688674698791,0.24899598393563158,0.1767747453252754,1.1876417667824424,0.2114254680707205,0.0,0.8124866525041807,0.16149087421865357,0.0
6987.700526969587,116.46167544949313,替钻井液(二段),0.8338325447295991,0.8338325447295991,2233.3379999999997,1677.2458072289153,1766.938096385542,0.24899598393563158,0.1765744101710903,1.1871946596686687,0.211354949461237,0.0,0.8129769065973145,0.161070652596448,0.0
6989.052012764705,116.48420021274508,替钻井液(二段),0.8343009863681384,0.8343009863681384,2233.3379999999997,1677.2458072289153,1766.938096385542,0.24899598393563158,0.17637386317690829,1.1867505674105288,0.21128490011817302,0.0,0.8134671485155306,0.16065003948675916,0.0
6990.403705695523,116.50672842825871,替钻井液(二段),0.8347693028078016,0.8347693028078016,2233.3379999999997,1677.2458072289153,1766.938096385542,0.24899598393563158,0.17617310623924184,1.1863100000447278,0.21121540062951283,0.0,0.813957389867416,0.1602290219469818,0.0
6991.755607980593,116.52926013300988,替钻井液(二段),0.8352374952738527,0.8352374952738527,2233.3379999999997,1677.2458072289153,1766.938096385542,0.24899598393563158,0.1759721379225668,1.1858734579938393,0.21114653009372442,0.0,0.8144476436361588,0.15980758760134928,0.0
6993.107721845641,116.55179536409402,替钻井液(二段),0.8357055649025318,0.8357055649025318,2233.3379999999997,1677.2458072289153,1775.9073253012045,0.24899598393563158,0.17577095584383565,1.185441409125684,0.21107836249883094,0.0,0.8149379224806649,0.15938572303344312,0.0
6994.460049548606,116.57433415914343,替钻井液(二段),0.8361735100275774,0.8361735100275774,2233.3379999999997,1686.215036144578,1775.9073253012045,0.24497991967860516,0.17556956180675426,1.1659010999749595,0.20798917552523655,0.0,0.8154282362715272,0.15896341519015994,0.0
6995.812593386722,116.59687655644537,替钻井液(二段),0.836641331110874,0.836641331110874,2233.3379999999997,1686.215036144578,1775.9073253012045,0.24497991967860516,0.1753679531121101,1.1654860204574158,0.20792342330185165,0.0,0.8159185963849608,0.15854065393183395,0.0
6997.165355688285,116.61942259480475,替钻井液(二段),0.8371090278277198,0.8371090278277198,2233.3379999999997,1686.215036144578,1775.9073253012045,0.24497991967860516,0.1751661288101906,1.1650765567813932,0.2078585553284228,0.0,0.8164090131027966,0.15811742813998322,0.0
6998.518338816103,116.64197231360171,替钻井液(二段),0.8375765990693231,0.8375765990693231,2233.3379999999997,1686.215036144578,1775.9073253012045,0.24497991967860516,0.17496408824113735,1.1646733502393614,0.20779467343015623,0.0,0.8168994954314767,0.1576937279619699,0.0
6999.87154518047,116.66452575300784,替钻井液(二段),0.8380440455548467,0.8380440455548467,2233.3379999999997,1686.215036144578,1775.9073253012045,0.24497991967860516,0.17476182779363997,1.164276613189221,0.20773181149534958,0.0,0.8173900535075279,0.15726954491306977,0.0
7001.224977234357,116.68708295390594,替钻井液(二段),0.8385113659089205,0.8385113659089205,2233.3379999999997,1686.215036144578,1775.9073253012045,0.24497991967860516,0.17455934817344967,1.1638865173446846,0.2076699969784036,0.0,0.8178806948292643,0.1568448698318499,0.0
7002.578637472094,116.70964395786822,替钻井液(二段),0.8389785600399404,0.8389785600399404,2233.3379999999997,1695.1842650602407,1784.8765542168671,0.2409638554215789,0.1743566476038973,1.1444295191907692,0.20458071738486228,0.0,0.8183714273879354,0.15641969621614457,0.0
7003.9325284336,116.73220880722667,替钻井液(二段),0.8394456276456799,0.8394456276456799,2233.3379999999997,1695.1842650602407,1784.8765542168671,0.2409638554215789,0.17415372441299262,1.1440598513041909,0.20452190701782902,0.0,0.8188622581987194,0.15599401743903846,0.0
7005.286652697831,116.75477754496386,替钻井液(二段),0.839912566618103,0.839912566618103,2233.3379999999997,1695.1842650602407,1784.8765542168671,0.2409638554215789,0.17395057966195124,1.1436977531563035,0.20446429670296462,0.0,0.8193531917313247,0.15556782822100348,0.0
7006.641012891437,116.77735021485728,替钻井液(二段),0.8403793758174323,0.8403793758174323,2233.3379999999997,1695.1842650602407,1784.8765542168671,0.2409638554215789,0.17374721313626765,1.1433430922356955,0.2044078656166166,0.0,0.8198442325236736,0.15514112587302945,0.0
7007.995611680383,116.79992686133973,替钻井液(二段),0.8408460545694029,0.8408460545694029,2233.3379999999997,1695.1842650602407,1784.8765542168671,0.2409638554215789,0.17354362423246195,1.1429958492305605,0.20435261093723767,0.0,0.8203353846655218,0.1547139080142538,0.0
7009.350451768214,116.82250752947023,替钻井液(二段),0.841312601669411,0.841312601669411,2233.3379999999997,1695.1842650602407,1784.8765542168671,0.2409638554215789,0.17333981339049143,1.1426559402608836,0.20429851956179568,0.0,0.8208266508411416,0.15428617294531288,0.0
7010.705535908737,116.84509226514562,替钻井液(二段),0.8417790152136703,0.8417790152136703,2233.3379999999997,1704.1534939759033,1784.8765542168671,0.23694779116455258,0.17313578197839166,1.123284723522585,0.20120979903041147,0.0,0.8213180320645835,0.153857920781366,0.0
7012.060866912556,116.86768111520927,替钻井液(二段),0.8422452951665967,0.8422452951665967,2233.3379999999997,1704.1534939759033,1784.8765542168671,0.23694779116455258,0.17293152863814532,1.1229651363081057,0.20115874077161588,0.0,0.8218095303087193,0.1534291532779764,0.0
7013.416447651399,116.89027412752331,替钻井液(二段),0.842711439531701,0.842711439531701,2233.3379999999997,1704.1534939759033,1784.8765542168671,0.23694779116455258,0.17272705411290787,1.1226529575741153,0.20110886296396002,0.0,0.8223011445745935,0.15299987174715976,0.0
7014.772281061813,116.91287135103022,替钻井液(二段),0.8431774472051561,0.8431774472051561,2233.3379999999997,1704.1534939759033,1793.8457831325297,0.23694779116455258,0.1725223579452888,1.1223481981905419,0.201060167565844,0.0,0.8227928738347439,0.15257008023467677,0.0
7016.128370148697,116.93547283581162,替钻井液(二段),0.8436433172942579,0.8436433172942579,2233.3379999999997,1704.1534939759033,1793.8457831325297,0.23694779116455258,0.17231744015267197,1.1220508368333508,0.20101265138633317,0.0,0.8232847163648194,0.15213978338536477,0.0
7017.484717982118,116.9580786330353,替钻井液(二段),0.8441090490578129,0.8441090490578129,2233.3379999999997,1704.1534939759033,1793.8457831325297,0.23694779116455258,0.17211230111780862,1.1217608173547435,0.20096630566337814,0.0,0.8237766696575761,0.1517089864162287,0.0
7018.841327687358,116.9806887947893,替钻井液(二段),0.8445746416331898,0.8445746416331898,2233.3379999999997,1704.1534939759033,1793.8457831325297,0.23694779116455258,0.17190693954484015,1.121478030531411,0.20092111314537398,0.0,0.8242687301400472,0.15127769574321118,0.0
7020.19820244767,117.00330337412784,替钻井液(二段),0.8450400949345085,0.8450400949345085,2233.3379999999997,1713.122722891566,1793.8457831325297,0.2329317269075263,0.1717013532160536,1.102198868386242,0.1978340510878135,0.0,0.8247608942071271,0.15084591867701985,0.0
7021.555345491467,117.02592242485778,替钻井液(二段),0.845505408885934,0.845505408885934,2233.3379999999997,1713.122722891566,1793.8457831325297,0.2329317269075263,0.1714955393883497,1.1019345243193341,0.19779164040486807,0.0,0.8252531574466718,0.15041366301236964,0.0
7022.912760125657,117.04854600209428,替钻井液(二段),0.8459705831239238,0.8459705831239238,2233.3379999999997,1713.122722891566,1793.8457831325297,0.2329317269075263,0.17128949561144,1.1016765983458483,0.19775025726308104,0.0,0.8257455143955078,0.14998093728117912,0.0
7024.270449744221,117.07117416240368,替钻井液(二段),0.8464356181353012,0.8464356181353012,2233.3379999999997,1713.122722891566,1793.8457831325297,0.2329317269075263,0.17108321875531093,1.101424819445388,0.19770985833430565,0.0,0.8262379597612535,0.1495477510752271,0.0
7025.628417830289,117.09380696383816,替钻井液(二段),0.8469005140803333,0.8469005140803333,2233.3379999999997,1713.122722891566,1793.8457831325297,0.2329317269075263,0.17087670628963308,1.1011789000604624,0.1976703976242642,0.0,0.8267304872745895,0.1491141141110993,0.0
7026.986667955681,117.11644446592801,替钻井液(二段),0.8473652712550465,0.8473652712550465,2233.3379999999997,1713.122722891566,1802.8150120481926,0.2329317269075263,0.1706699551289253,1.100938527709862,0.1976318251265996,0.0,0.8272230901731294,0.14868003703301402,0.0
7028.345203779833,117.13908672966389,替钻井液(二段),0.8478298902393239,0.8478298902393239,2233.3379999999997,1713.122722891566,1802.8150120481926,0.2329317269075263,0.17046296193418478,1.1007033639548542,0.1975940866565541,0.0,0.8277157614203645,0.14824553126273932,0.0
7029.704029048973,117.16173381748288,替钻井液(二段),0.848294372201939,0.848294372201939,2233.3379999999997,1722.0919518072287,1802.8150120481926,0.2289156626504999,0.17025572330913494,1.0814993710003082,0.19450628113156554,0.0,0.8282084941672522,0.1478106082330845,0.0
7031.063147570622,117.1843857928437,替钻井液(二段),0.8487587174378536,0.8487587174378536,2233.3379999999997,1722.0919518072287,1802.8150120481926,0.2289156626504999,0.17004823782119177,1.0812774010363446,0.1944705212554595,0.0,0.8287012803686248,0.14737527946586806,0.0
7032.422563234842,117.20704272058069,替钻井液(二段),0.8492229271095227,0.8492229271095227,2233.3379999999997,1722.0919518072287,1802.8150120481926,0.2289156626504999,0.16984050300509693,1.0810593494289384,0.1944353910899156,0.0,0.8291941123754548,0.14693955738313694,0.0
7033.782280003688,117.22970466672814,替钻井液(二段),0.8496870027668062,0.8496870027668062,2233.3379999999997,1722.0919518072287,1802.8150120481926,0.2289156626504999,0.1696325154078411,1.0808445617718732,0.19440078527963822,0.0,0.8296869826318529,0.14650345422887823,0.0
7035.1423018882715,117.25237169813786,替钻井液(二段),0.8501509454864841,0.8501509454864841,2233.3379999999997,1722.0919518072287,1802.8150120481926,0.2289156626504999,0.16942427298859183,1.0806323264007285,0.19436658922421612,0.0,0.830179882931867,0.1460669820852705,0.0
7036.502632968356,117.27504388280593,替钻井液(二段),0.8506147561208622,0.8506147561208622,2233.3379999999997,1722.0919518072287,1811.7842409638552,0.2289156626504999,0.16921577415468933,1.0804221014888937,0.19433271566956434,0.0,0.8306728047119006,0.14563015352795078,0.0
7037.863277406298,117.29772129010497,替钻井液(二段),0.8510784363436985,0.8510784363436985,2233.3379999999997,1722.0919518072287,1811.7842409638552,0.2289156626504999,0.1690070162954907,1.0802133683982476,0.19429908108304594,0.0,0.8311657400484462,0.14519298131247027,0.0
7039.224239466163,117.32040399110272,替钻井液(二段),0.8515419878508258,0.8515419878508258,2233.3379999999997,1722.0919518072287,1811.7842409638552,0.2289156626504999,0.16879799741417284,1.0800056267660625,0.19426560486282052,0.0,0.8316586810448063,0.1447554775459177,0.0
7040.585523519037,117.34309205865063,替钻井液(二段),0.8520054120171783,0.8520054120171783,2233.3379999999997,1731.0611807228913,1811.7842409638552,0.22489959839347362,0.1685887173658529,1.0608545820299082,0.19117355595694008,0.0,0.8321516196609117,0.14431765420789766,0.0
7041.947134044207,117.36578556740345,替钻井液(二段),0.8524687114769088,0.8524687114769088,2233.3379999999997,1731.0611807228913,1811.7842409638552,0.22489959839347362,0.16837917512621264,1.060651089582893,0.19114063727261243,0.0,0.8326445493201441,0.1438795232401897,0.0
7043.309075620639,117.38848459367732,替钻井液(二段),0.8529318890567342,0.8529318890567342,2233.3379999999997,1731.0611807228913,1811.7842409638552,0.22489959839347362,0.16816936922738693,1.0604472692945905,0.19110766421085768,0.0,0.8331374636779947,0.14344109510215067,0.0
7044.671352908121,117.41118921513535,替钻井液(二段),0.8533949460667359,0.8533949460667359,2233.3379999999997,1731.0611807228913,1820.7534698795178,0.22489959839347362,0.1679592990440422,1.0602427116866318,0.19107457051764454,0.0,0.8336303547226446,0.1430023796793704,0.0
7046.0339706473005,117.43389951078834,替钻井液(二段),0.8538578850441723,0.8538578850441723,2233.3379999999997,1731.0611807228913,1820.7534698795178,0.22489959839347362,0.16774896266282066,1.0600369341915945,0.1910412781028561,0.0,0.83412321593332,0.14256338815600486,0.0
7047.396933662155,117.45661556103592,替钻井液(二段),0.8543207086033422,0.8543207086033422,2233.3379999999997,1731.0611807228913,1820.7534698795178,0.22489959839347362,0.16753835740156323,1.0598289706097994,0.19100763061244963,0.0,0.8346160411226569,0.1421241300485221,0.0
7048.760246872765,117.47933744787942,替钻井液(二段),0.8547834176765056,0.8547834176765056,2233.3379999999997,1740.030409638554,1820.7534698795178,0.22088353413644732,0.16732748197184294,1.0406961948922655,0.18790604629318142,0.0,0.8351088224489353,0.14168461425590645,0.0
7050.123915333311,117.50206525555518,替钻井液(二段),0.8552460142573792,0.8552460142573792,2233.3379999999997,1740.030409638554,1820.7534698795178,0.22088353413644732,0.1671163341350981,1.0404855785183713,0.1878718375159354,0.0,0.8356015536334842,0.14124485096570918,0.0
7051.487944243744,117.52479907072907,替钻井液(二段),0.8557085002624945,0.8557085002624945,2233.3379999999997,1740.030409638554,1820.7534698795178,0.22088353413644732,0.1669049122738999,1.040271348300461,0.187837040291835,0.0,0.8360942287926442,0.14080484878835134,0.0
7052.852338953555,117.54753898255925,替钻井液(二段),0.8561708771749699,0.8561708771749699,2233.3379999999997,1740.030409638554,1829.7226987951803,0.22088353413644732,0.16669321618300054,1.040053301560672,0.18780162162243974,0.0,0.8365868419497224,0.14036461571225806,0.0
7054.217054987119,117.57028424978532,替钻井液(二段),0.8566331311023163,0.8566331311023163,2233.3379999999997,1740.030409638554,1829.7226987951803,0.22088353413644732,0.16648125184239912,1.0398312850005083,0.18776555652371318,0.0,0.837079371230421,0.13992415960882257,0.0
7055.581911828494,117.59303186380824,替钻井液(二段),0.8570952022088939,0.8570952022088939,2233.3379999999997,1740.030409638554,1829.7226987951803,0.22088353413644732,0.1662690483960606,1.0396051707371918,0.18772882413458236,0.0,0.8375717463925132,0.1394835024153717,0.0
7056.946918528223,117.61578197547038,替钻井液(二段),0.8575570935031451,0.8575570935031451,2233.3379999999997,1740.030409638554,1829.7226987951803,0.22088353413644732,0.16605660645391765,1.0393747927939525,0.1876913973997898,0.0,0.8380639647247539,0.13904270913516276,0.0
7058.312084356667,117.63853473927777,替钻井液(二段),0.8580188093457018,0.8580188093457018,2233.3379999999997,1748.9996385542165,1829.7226987951803,0.21686746987942104,0.16584392526982825,1.0202466928112037,0.18457786156114198,0.0,0.8385560254818077,0.13860178408049936,0.0
7059.677395513549,117.66128992522582,替钻井液(二段),0.8584803459254459,0.8584803459254459,2233.3379999999997,1748.9996385542165,1829.7226987951803,0.21686746987942104,0.16563100706374273,1.0200121623105924,0.18453961239162175,0.0,0.8390479196978873,0.1381607297034138,0.0
7061.042813407508,117.68404689012513,替钻井液(二段),0.8589416895395006,0.8589416895395006,2233.3379999999997,1748.9996385542165,1838.691927710843,0.21686746987942104,0.16541785961903457,1.0197735279278792,0.18450069208561204,0.0,0.8395396281238152,0.13771955563994798,0.0
7062.408346754865,117.70680577924776,替钻井液(二段),0.8594028436066389,0.8594028436066389,2233.3379999999997,1748.9996385542165,1838.691927710843,0.21686746987942104,0.16520448069675875,1.019530851743945,0.18446111067306414,0.0,0.8400311501971264,0.13727828052526084,0.0
7063.774004414188,117.72956674023648,替钻井液(二段),0.8598638115602781,0.8598638115602781,2233.3379999999997,1748.9996385542165,1838.691927710843,0.21686746987942104,0.16499086792486142,1.019284251530663,0.1844208872683527,0.0,0.8405224857992085,0.13683690622084954,0.0
7065.139795376943,117.75232992294904,替钻井液(二段),0.8603245956587846,0.8603245956587846,2233.3379999999997,1748.9996385542165,1838.691927710843,0.21686746987942104,0.16477702092720872,1.0190338669706813,0.18438004456226864,0.0,0.8410136340818859,0.13639543407401997,0.0
7066.505728763312,117.77509547938853,替钻井液(二段),0.8607851984840197,0.8607851984840197,2233.3379999999997,1757.9688674698791,1838.691927710843,0.21285140562239474,0.1645629389427534,0.999913561831952,0.1812550928823894,0.0,0.8415045950620732,0.13595386592549202,0.0
7067.871813820702,117.79786356367838,替钻井液(二段),0.8612456233767457,0.8612456233767457,2233.3379999999997,1757.9688674698791,1847.6611566265058,0.21285140562239474,0.16434861946443868,0.9996608648651804,0.18121371296582267,0.0,0.8419953697376539,0.1355122028571156,0.0
7069.238059923425,117.82063433205708,替钻井液(二段),0.86170587319453,0.86170587319453,2233.3379999999997,1757.9688674698791,1847.6611566265058,0.21285140562239474,0.16413406069286549,0.9994049629225318,0.18117180609313355,0.0,0.8424859589137046,0.13507044508349464,0.0
7070.604476572718,117.84340794287864,替钻井液(二段),0.8621659501111023,0.8621659501111023,2233.3379999999997,1757.9688674698791,1847.6611566265058,0.21285140562239474,0.16391926175442156,0.9991460501828513,0.18112940398509603,0.0,0.8429763631917488,0.13462859279858433,0.0
7071.971073396753,117.86618455661255,替钻井液(二段),0.8626258571415438,0.8626258571415438,2233.3379999999997,1757.9688674698791,1847.6611566265058,0.21285140562239474,0.16370421999530593,0.9988843268939309,0.18108653936212094,0.0,0.8434665841966653,0.13418664658137486,0.0
7073.337860150497,117.88896433584162,替钻井液(二段),0.8630855967382864,0.8630855967382864,2233.3379999999997,1757.9688674698791,1847.6611566265058,0.21285140562239474,0.16348893319962737,0.9986199987494137,0.1810432458426473,0.0,0.843956623120489,0.13374460610435454,0.0
7074.70484671545,117.9117474452575,替钻井液(二段),0.8635451707074493,0.8635451707074493,2233.3379999999997,1766.938096385542,1847.6611566265058,0.20883534136536835,0.16327340075173188,0.9795164191256943,0.17790825959810352,0.0,0.8444464807852561,0.13330247129442824,0.0
7076.072043099325,117.93453405165542,替钻井液(二段),0.8640045819379815,0.8640045819379815,2233.3379999999997,1766.938096385542,1856.6303855421684,0.20883534136536835,0.16305761894162557,0.979252575501832,0.17786487772072346,0.0,0.844936159104881,0.13286024267792731,0.0
7077.439459435775,117.95732432392957,替钻井液(二段),0.8644638327415546,0.8644638327415546,2233.3379999999997,1766.938096385542,1856.6303855421684,0.20883534136536835,0.16284158529933457,0.978986779103661,0.17782117244820106,0.0,0.8454256595262001,0.13241791987294538,0.0
7078.8071059841795,117.98011843306966,替钻井液(二段),0.8649229250368335,0.8649229250368335,2233.3379999999997,1766.938096385542,1856.6303855421684,0.20883534136536835,0.16262529767496112,0.9787192207996299,0.1777771751164844,0.0,0.8459149831269833,0.13197550291854285,0.0
7080.174993127319,118.00291655212199,替钻井液(二段),0.8653818604664771,0.8653818604664771,2233.3379999999997,1766.938096385542,1856.6303855421684,0.20883534136536835,0.16240875412756886,0.9784500824103206,0.17773291557995252,0.0,0.8464041307330644,0.1315329923098996,0.0
7081.543131370392,118.0257188561732,替钻井液(二段),0.8658406410429504,0.8658406410429504,2233.3379999999997,1775.9073253012045,1856.6303855421684,0.20481927710834205,0.16219195172023237,0.9593683898903337,0.17458887049088168,0.0,0.8468931033815553,0.13109038898861758,0.0
7082.911531341639,118.04852552236065,替钻井液(二段),0.866299269914571,0.866299269914571,2233.3379999999997,1775.9073253012045,1856.6303855421684,0.20481927710834205,0.16197488515594166,0.9591018177055789,0.17454486298815164,0.0,0.8473819030932549,0.13064769378438265,0.0
7084.280203794092,118.07133672990153,替钻井液(二段),0.8667577472567212,0.8667577472567212,2233.3379999999997,1775.9073253012045,1865.599614457831,0.20481927710834205,0.16175755458300922,0.9588341605353189,0.1745006740081827,0.0,0.8478705289269961,0.13020490674355475,0.0
7085.649159608029,118.09415266013382,替钻井液(二段),0.8672160746276346,0.8672160746276346,2233.3379999999997,1775.9073253012045,1865.599614457831,0.20481927710834205,0.1615399577121578,0.9585655428943816,0.17445632408056733,0.0,0.8483589811079538,0.12976203064722977,0.0
7087.018409793838,118.11697349656397,替钻井液(二段),0.8676742550806079,0.8676742550806079,2233.3379999999997,1775.9073253012045,1865.599614457831,0.20481927710834205,0.16132208938721582,0.9582960743192479,0.17441183126602444,0.0,0.8488472611054165,0.12931906745231142,0.0
7088.38796549508,118.139799424918,替钻井液(二段),0.8681322879360049,0.8681322879360049,2233.3379999999997,1775.9073253012045,1865.599614457831,0.20481927710834205,0.16110395110834458,0.9580258493645262,0.1743672111551856,0.0,0.8493353664808571,0.12887601822633865,0.0
7089.757837991776,118.16263063319626,替钻井液(二段),0.8685901746098886,0.8685901746098886,2233.3379999999997,1784.8765542168671,1865.599614457831,0.20080321285131578,0.1608855408303097,0.9389754328620232,0.17121548108975215,0.0,0.8498232966964009,0.12843288759175836,0.0
7091.128038704009,118.18546731173348,替钻井液(二段),0.8690479170782485,0.8690479170782485,2233.3379999999997,1784.8765542168671,1865.599614457831,0.20080321285131578,0.16066685451847962,0.9387092226947213,0.17117135374196046,0.0,0.8503110513659842,0.12798967858791757,0.0
7092.4985791958625,118.20830965326438,替钻井液(二段),0.8695055165834669,0.8695055165834669,2233.3379999999997,1784.8765542168671,1865.599614457831,0.20080321285131578,0.16044788969525606,0.938442435707122,0.17112712842254274,0.0,0.8507986290942726,0.1275463942733453,0.0
7093.869471180056,118.23115785300094,替钻井液(二段),0.8699629749141562,0.8699629749141562,2233.3379999999997,1784.8765542168671,1874.5688433734936,0.20080321285131578,0.1602286432962936,0.9381750897699279,0.17108280807873355,0.0,0.8512860288112901,0.1271030388274128,0.0
7095.240726523157,118.25401210871928,替钻井液(二段),0.870420292289938,0.870420292289938,2233.3379999999997,1784.8765542168671,1874.5688433734936,0.20080321285131578,0.16000911409119095,0.9379071847029662,0.17103839266567133,0.0,0.8517732475508472,0.12665961623685493,0.0
7096.612357250466,118.27687262084109,替钻井液(二段),0.870877471333618,0.870877471333618,2233.3379999999997,1793.8457831325297,1874.5688433734936,0.19678714859428947,0.15978929658036242,0.9188859260210054,0.16787880791422427,0.0,0.8522602843757766,0.12621613210815566,0.0
7097.984375551242,118.2997395925207,替钻井液(二段),0.8713345142082588,0.8713345142082588,2233.3379999999997,1793.8457831325297,1874.5688433734936,0.19678714859428947,0.1595691854092686,0.9186222069827006,0.16783491751665514,0.0,0.8527471374542188,0.12577259050771616,0.0
7099.3567937847665,118.32261322974611,替钻井液(二段),0.8717914228110727,0.8717914228110727,2233.3379999999997,1793.8457831325297,1874.5688433734936,0.19678714859428947,0.15934877634824635,0.9183578293110188,0.16779091517994948,0.0,0.8532338045253249,0.1253289962052165,0.0
7100.729624487554,118.34549374145924,替钻井液(二段),0.8722481983102539,0.8722481983102539,2233.3379999999997,1793.8457831325297,1874.5688433734936,0.19678714859428947,0.15912806587053244,0.9180927203571937,0.16774678879416172,0.0,0.8537202822379925,0.12488535468533549,0.0
7102.102880381854,118.36838133969758,替钻井液(二段),0.8727048439467857,0.8727048439467857,2233.3379999999997,1793.8457831325297,1874.5688433734936,0.19678714859428947,0.15890704715282167,0.9178267897316627,0.1677025232936057,0.0,0.8542065690167254,0.12444167219532114,0.0
7103.476574385472,118.39127623975787,替钻井液(二段),0.8731613614920436,0.8731613614920436,2233.3379999999997,1793.8457831325297,1874.5688433734936,0.19678714859428947,0.15868571577773005,0.9175599331527381,0.16765810129672976,0.0,0.8546926614215148,0.12399795377046051,0.0
7104.850719622923,118.41417866038205,替钻井液(二段),0.8736177537916126,0.8736177537916126,2233.3379999999997,1793.8457831325297,1883.5380722891564,0.19678714859428947,0.15846406568084206,0.9172920291898062,0.16761350256328733,0.0,0.8551785568910687,0.12355420593323863,0.0
7106.225329440371,118.43708882400618,替钻井液(二段),0.8740740228983129,0.8740740228983129,2233.3379999999997,1802.8150120481926,1883.5380722891564,0.1927710843372631,0.15824209201992764,0.8983081886376589,0.16444711684183944,0.0,0.8556642518542716,0.12311043465035375,0.0
7107.600417421181,118.46000695701969,替钻井液(二段),0.8745301712181922,0.8745301712181922,2233.3379999999997,1802.8150120481926,1883.5380722891564,0.1927710843372631,0.15801978905498731,0.8980432883783251,0.16440284803408078,0.0,0.8561497427577113,0.12266664654140877,0.0
7108.975997399921,118.48293328999868,替钻井液(二段),0.8749862020501755,0.8749862020501755,2233.3379999999997,1802.8150120481926,1883.5380722891564,0.1927710843372631,0.15779715011252002,0.8977769243093878,0.16435833223687235,0.0,0.8566350268104453,0.12222284856402485,0.0
7110.35208347603,118.50586805793384,替钻井液(二段),0.875442117588637,0.875442117588637,2233.3379999999997,1802.8150120481926,1883.5380722891564,0.1927710843372631,0.1575741699330524,0.8975089266758114,0.16431354103859397,0.0,0.8571200998024977,0.12177904688798785,0.0
7111.7286900284,118.52881150047332,替钻井液(二段),0.8758979204577315,0.8758979204577315,2233.3379999999997,1802.8150120481926,1883.5380722891564,0.1927710843372631,0.15735084356916113,0.8972391146965291,0.1642684441783272,0.0,0.8576049579343554,0.1213352490682294,0.0
7113.105831731721,118.55176386219536,替钻井液(二段),0.8763536136734447,0.8763536136734447,2233.3379999999997,1802.8150120481926,1883.5380722891564,0.1927710843372631,0.15712716569488774,0.8969672996898456,0.1642230100676848,0.0,0.8580895974757022,0.1208914622816032,0.0
7114.483523575106,118.57472539291844,替钻井液(二段),0.8768092006315672,0.8768092006315672,2233.3379999999997,1811.7842409638552,1883.5380722891564,0.18875502008023679,0.1569031311684058,0.8780121766466445,0.16104854549677683,0.0,0.8585740150524657,0.12044769353492954,0.0
7115.861780886032,118.59769634810053,替钻井液(二段),0.8772646833309785,0.8772646833309785,2233.3379999999997,1811.7842409638552,1892.507301204819,0.18875502008023679,0.15667873617279587,0.877741524415621,0.16100313145107037,0.0,0.8590582058508255,0.12000394965340119,0.0
7117.240619357812,118.62067698929687,替钻井液(二段),0.8777200657157505,0.8777200657157505,2233.3379999999997,1811.7842409638552,1892.507301204819,0.18875502008023679,0.15645397316502305,0.8774683236571214,0.1609572872824423,0.0,0.8595421668568959,0.11956023864218727,0.0
7118.620055074836,118.6436675845806,替钻井液(二段),0.8781753530187408,0.8781753530187408,2233.3379999999997,1811.7842409638552,1892.507301204819,0.18875502008023679,0.1562288328720841,0.8771923737322819,0.16091097924988196,0.0,0.8600258964079026,0.1191165668149682,0.0
7120.000104536732,118.66666840894553,替钻井液(二段),0.878630547290765,0.878630547290765,2233.3379999999997,1811.7842409638552,1892.507301204819,0.18875502008023679,0.1560033118092702,0.8769134758811353,0.1608641739195419,0.0,0.8605093896786616,0.11867293937491777,0.0
7121.380784683136,118.68967974471893,替钻井液(二段),0.8790856542279462,0.8790856542279462,2233.3379999999997,1811.7842409638552,1892.507301204819,0.18875502008023679,0.15577740170507545,0.8766314313140824,0.1608168378443131,0.0,0.8609926455301294,0.11822936419459433,0.0
7122.76211292051,118.7127018820085,替钻井液(二段),0.8795406787874158,0.8795406787874158,2233.3379999999997,1811.7842409638552,1892.507301204819,0.18875502008023679,0.1555510955555589,0.876346049648118,0.1607689389796072,0.0,0.861475662120277,0.11778584585880819,0.0
7124.144107154813,118.73573511924688,替钻井液(二段),0.8799956241180109,0.8799956241180109,2233.3379999999997,1820.7534698795178,1892.507301204819,0.1847389558232105,0.15532438829139314,0.8574176341413218,0.15758585486139076,0.0,0.8619584359786863,0.11734238938259518,0.0
7125.5267858285415,118.75877976380903,替钻井液(二段),0.880450495316241,0.880450495316241,2233.3379999999997,1820.7534698795178,1901.4765301204816,0.1847389558232105,0.15509727138160848,0.8571312637462938,0.1575376049853663,0.0,0.8624409657489353,0.11689900127813058,0.0
7126.910167956156,118.7818361326026,替钻井液(二段),0.8809052967781618,0.8809052967781618,2233.3379999999997,1820.7534698795178,1901.4765301204816,0.1847389558232105,0.15486973782111507,0.8568411217458424,0.15748871682201004,0.0,0.8629232495695124,0.1164556859551049,0.0
7128.294273158672,118.80490455264453,替钻井液(二段),0.8813600329542404,0.8813600329542404,2233.3379999999997,1820.7534698795178,1901.4765301204816,0.1847389558232105,0.15464178298387488,0.856547066609978,0.15743916641100064,0.0,0.863405286039153,0.11601244796130468,0.0
7129.679121699348,118.82798536165579,替钻井液(二段),0.8818147098390642,0.8818147098390642,2233.3379999999997,1820.7534698795178,1901.4765301204816,0.1847389558232105,0.15441339995313316,0.8562489727551224,0.15738893247220564,0.0,0.8638870754625982,0.11556929137632707,0.0
7131.064734523969,118.85107890873282,替钻井液(二段),0.8822693326620779,0.8822693326620779,2233.3379999999997,1820.7534698795178,1901.4765301204816,0.1847389558232105,0.15418458158623696,0.8559467336599164,0.15733799693141803,0.0,0.8643686179237049,0.1151262183768909,0.0
7132.451133306195,118.87418555510324,替钻井液(二段),0.8827239068436795,0.8827239068436795,2233.3379999999997,1829.7226987951803,1901.4765301204816,0.1807228915661842,0.1539553211097781,0.8370393866480464,0.15414546392162887,0.0,0.8648499141414675,0.11468323135967043,0.0
7133.838340492659,118.89730567487764,替钻井液(二段),0.8831784384096214,0.8831784384096214,2233.3379999999997,1829.7226987951803,1901.4765301204816,0.1807228915661842,0.15372561093451365,0.8367353720837267,0.15409403193838467,0.0,0.8653309659547748,0.11424033187340513,0.0
7135.22637934823,118.92043965580383,替钻井液(二段),0.8836329336911399,0.8836329336911399,2233.3379999999997,1829.7226987951803,1910.4457590361442,0.1807228915661842,0.15349544654432518,0.8364271105147161,0.15404187827051408,0.0,0.8658117757085946,0.11379752024987531,0.0
7136.615274002883,118.94358790004804,替钻井液(二段),0.8840873992580534,0.8840873992580534,2233.3379999999997,1829.7226987951803,1910.4457590361442,0.1807228915661842,0.15326481953989973,0.8361145813743946,0.1539889993050031,0.0,0.866292346761286,0.11335479602408305,0.0
7138.005049503828,118.9667508250638,替钻井液(二段),0.8845418418996466,0.8845418418996466,2233.3379999999997,1829.7226987951803,1910.4457590361442,0.1807228915661842,0.15303372067825952,0.8357977870313181,0.1539353953070366,0.0,0.8667726831427657,0.11291215776686961,0.0
7139.395662942963,118.98992771571605,替钻井液(二段),0.8849962454625871,0.8849962454625871,2233.3379999999997,1829.7226987951803,1910.4457590361442,0.1807228915661842,0.1528021555913783,0.8354767570449427,0.15388107114138316,0.0,0.8672527653494093,0.11246960306331016,0.0
7140.787006461956,119.01311677436593,替钻井液(二段),0.8854505744245154,0.8854505744245154,2233.3379999999997,1838.691927710843,1910.4457590361442,0.17670682730915793,0.15257014055500012,0.816592597297589,0.15067937981864343,0.0,0.8677325537818346,0.11202715115553329,0.0
7142.179101553379,119.03631835922299,替钻井液(二段),0.885904834713906,0.885904834713906,2233.3379999999997,1838.691927710843,1910.4457590361442,0.17670682730915793,0.15233766661513418,0.8162704985209053,0.15062466502975114,0.0,0.8682120534078936,0.11158483957006811,0.0
7143.571970654978,119.05953284424963,替钻井液(二段),0.8863590313656005,0.8863590313656005,2233.3379999999997,1838.691927710843,1919.4149879518068,0.17670682730915793,0.1521047267279792,0.8159444162470676,0.1505692699753225,0.0,0.8686912688505678,0.11114266472992235,0.0
7144.965637173508,119.08276061955847,替钻井液(二段),0.8868131715472722,0.8868131715472722,2233.3379999999997,1838.691927710843,1919.4149879518068,0.17670682730915793,0.1518713135402894,0.8156144732562531,0.15051321538274998,0.0,0.869170207338883,0.11070062324360681,0.0
7146.360125524754,119.10600209207924,替钻井液(二段),0.88726726151303,0.88726726151303,2233.3379999999997,1838.691927710843,1919.4149879518068,0.17670682730915793,0.15163741880302073,0.8152808063664996,0.15045652436851764,0.0,0.8696488757701655,0.11025870898494443,0.0
7147.7554611831,119.129257686385,替钻井液(二段),0.8877213076134123,0.8877213076134123,2233.3379999999997,1838.691927710843,1919.4149879518068,0.17670682730915793,0.15140303243988096,0.8149435634867048,0.15039922193840916,0.0,0.8701272814918871,0.10981691635384304,0.0
7149.151670738343,119.15252784563904,替钻井液(二段),0.8881753174267136,0.8881753174267136,2233.3379999999997,1847.6611566265058,1919.4149879518068,0.17269076305213152,0.15116814496235742,0.7960892007403574,0.14718943764629489,0.0,0.8706054334520457,0.10937523890409946,0.0
7150.548781957968,119.17581303263279,替钻井液(二段),0.8886292971605536,0.8886292971605536,2233.3379999999997,1847.6611566265058,1919.4149879518068,0.17269076305213152,0.1509327476967079,0.7957531054873752,0.14713211060324172,0.0,0.8710833397450595,0.10893366890553907,0.0
7151.946823853082,119.19911373088469,替钻井液(二段),0.8890832547218742,0.8890832547218742,2233.3379999999997,1847.6611566265058,1928.3842168674696,0.17269076305213152,0.15069682685936983,0.7954139992978557,0.14707426608569318,0.0,0.8715610102738985,0.1084921991435614,0.0
7153.345826747906,119.22243044579844,替钻井液(二段),0.889537198375,0.889537198375,2233.3379999999997,1847.6611566265058,1928.3842168674696,0.17269076305213152,0.15046037182353744,0.7950720533678142,0.14701593319437845,0.0,0.8720384556416586,0.10805082095573855,0.0
7154.745822352499,119.24576370587498,替钻井液(二段),0.889991134950827,0.889991134950827,2233.3379999999997,1847.6611566265058,1928.3842168674696,0.17269076305213152,0.15022337122551535,0.7947274375015866,0.14695714079971045,0.0,0.8725156853619148,0.10760952491399343,0.0
7156.146843837603,119.26911406396006,替钻井液(二段),0.89044507257027,0.89044507257027,2233.3379999999997,1847.6611566265058,1928.3842168674696,0.17269076305213152,0.14998581183892348,0.7943803175778005,0.14689791710950761,0.0,0.8729927102668593,0.1071683027210646,0.0
7157.548925911698,119.2924820985283,替钻井液(二段),0.8908990204703399,0.8908990204703399,2233.3379999999997,1856.6303855421684,1928.3842168674696,0.16867469879510524,0.1497476786413276,0.7755650197350025,0.14368159534375458,0.0,0.8734695422441211,0.10672714483083327,0.0
7158.952104900053,119.31586841500089,替钻井液(二段),0.891352986911428,0.891352986911428,2233.3379999999997,1856.6303855421684,1928.3842168674696,0.16867469879510524,0.149508957346589,0.7752215401300252,0.14362276774169636,0.0,0.8739461923726427,0.10628604097532236,0.0
7160.356418825608,119.33927364709346,替钻井液(二段),0.8918069815141282,0.8918069815141282,2233.3379999999997,1856.6303855421684,1928.3842168674696,0.16867469879510524,0.149269631808503,0.7748760506057824,0.14356359182474487,0.0,0.8744226727888644,0.10584498172835909,0.0
7161.761907491688,119.3626984581948,替钻井液(二段),0.8922610128185829,0.8922610128185829,2233.3379999999997,1856.6303855421684,1928.3842168674696,0.16867469879510524,0.1490296865984475,0.7745286684947279,0.14350408762020805,0.0,0.874898994596517,0.1054039566429007,0.0
7163.168612566519,119.38614354277532,替钻井液(二段),0.8927150901524985,0.8927150901524985,2233.3379999999997,1856.6303855421684,1937.3534457831322,0.16867469879510524,0.148789105944813,0.7741794921554523,0.1434442719101514,0.0,0.875375169390939,0.10496295651764004,0.0
7164.576577669466,119.40960962782444,替钻井液(二段),0.89316922504043,0.89316922504043,2233.3379999999997,1856.6303855421684,1937.3534457831322,0.16867469879510524,0.14854786884888949,0.7738285982548712,0.14338415776470848,0.0,0.8758512105071997,0.10452197182538385,0.0
7165.985848458816,119.4330974743136,替钻井液(二段),0.89362342679621,0.89362342679621,2233.3379999999997,1865.599614457831,1937.3534457831322,0.16465863453807894,0.14830595934491306,0.7550599450657106,0.14016261000435848,0.0,0.8763271289466628,0.104080991715956,0.0
7167.396472720251,119.45660787867085,替钻井液(二段),0.894077706121149,0.894077706121149,2233.3379999999997,1865.599614457831,1937.3534457831322,0.16465863453807894,0.1480633585374431,0.7547141844707176,0.14010314837092075,0.0,0.876802936694548,0.10364000748722674,0.0
7168.808500455555,119.48014167425926,替钻井液(二段),0.8945320759819927,0.8945320759819927,2233.3379999999997,1865.599614457831,1937.3534457831322,0.16465863453807894,0.1478200437761136,0.7543668248673022,0.14004340760992007,0.0,0.8772786474036913,0.10319900991745394,0.0
7170.22198397302,119.50369973288366,替钻井液(二段),0.8949865470931812,0.8949865470931812,2233.3379999999997,1865.599614457831,1937.3534457831322,0.16465863453807894,0.14757599699274482,0.7540178386075899,0.1399833829082262,0.0,0.8777542721807374,0.10275798846707576,0.0
7171.636977979154,119.52728296631923,替钻井液(二段),0.8954411326611778,0.8954411326611778,2233.3379999999997,1865.599614457831,1937.3534457831322,0.16465863453807894,0.14733119575899725,0.7536671661210457,0.13992306395991438,0.0,0.8782298240264328,0.10231693508467377,0.0
7173.0535396709,119.55089232784833,替钻井液(二段),0.8958958454753304,0.8958958454753304,2233.3379999999997,1865.599614457831,1937.3534457831322,0.16465863453807894,0.1470856191724477,0.7533147199711653,0.13986243566217682,0.0,0.8787053150866304,0.10187584023415086,0.0
7174.471728827621,119.57452881379368,替钻井液(二段),0.8963506995907383,0.8963506995907383,2233.3379999999997,1874.5688433734936,1937.3534457831322,0.16064257028105267,0.14683924446245755,0.7345954952196355,0.13663617845034515,0.0,0.8791807581999287,0.10143469513662759,0.0
7175.891607902177,119.59819346503629,替钻井液(二段),0.896805710127891,0.896805710127891,2233.3379999999997,1874.5688433734936,1937.3534457831322,0.16064257028105267,0.1465920481079711,0.734247812449616,0.136576141017969,0.0,0.8796561668206614,0.10099349066723899,0.0
7177.313242110439,119.62188736850732,替钻井液(二段),0.8972608911197271,0.8972608911197271,2233.3379999999997,1874.5688433734936,1946.3226746987948,0.16064257028105267,0.14634400953349153,0.7338979725443867,0.13651572688026625,0.0,0.8801315530147745,0.1005522172957899,0.0
7178.736699518483,119.64561165864139,替钻井液(二段),0.8977162589508311,0.8977162589508311,2233.3379999999997,1874.5688433734936,1946.3226746987948,0.16064257028105267,0.14609510489472877,0.7335457792464308,0.13645490206330557,0.0,0.8806069307078036,0.10011086681038667,0.0
7180.161915273753,119.66936525456255,替钻井液(二段),0.898171787132596,0.898171787132596,2233.3379999999997,1874.5688433734936,1946.3226746987948,0.16064257028105267,0.14584533571424518,0.7331910204564351,0.13639362984683534,0.0,0.8810822687323482,0.0996694295171864,0.0
7181.58870057767,119.69314500962784,替钻井液(二段),0.8986274091199288,0.8986274091199288,2233.3379999999997,1874.5688433734936,1946.3226746987948,0.16064257028105267,0.14559472758241404,0.7328334286226714,0.136331863921052,0.0,0.8815574939919836,0.09922793758369083,0.0
7183.0171204048875,119.71695200674813,替钻井液(二段),0.8990831396562032,0.8990831396562032,2233.3379999999997,1883.5380722891564,1946.3226746987948,0.15662650602402625,0.14534326021268743,0.7141608638098219,0.13310045395589964,0.0,0.8820326180464569,0.09878646229354013,0.0
7184.447242893611,119.74078738156018,替钻井液(二段),0.8995389954177028,0.8995389954177028,2233.3379999999997,1883.5380722891564,1946.3226746987948,0.15662650602402625,0.14509091210489372,0.7138058243451548,0.13303889506019217,0.0,0.8825076542616678,0.09834499619267884,0.0
7185.879139362646,119.76465232271077,替钻井液(二段),0.8999949917391357,0.8999949917391357,2233.3379999999997,1883.5380722891564,1946.3226746987948,0.15662650602402625,0.1448376648532301,0.7134472286965338,0.1329767151345228,0.0,0.8829826146644851,0.09790353024307544,0.0
7187.312884367108,119.78854807278513,替钻井液(二段),0.9004511473746677,0.9004511473746677,2233.3379999999997,1883.5380722891564,1946.3226746987948,0.15662650602402625,0.14458349592834166,0.713084816218163,0.13291386884542766,0.0,0.8834575148769138,0.09746205628918453,0.0
7188.7485557728905,119.81247592954817,替钻井液(二段),0.9009074823998087,0.9009074823998087,2233.3379999999997,1883.5380722891564,1946.3226746987948,0.15662650602402625,0.14432838138217258,0.7127183176370715,0.13285030934865916,0.0,0.8839323720030621,0.09702056294658813,0.0
7190.186234837605,119.83643724729342,替钻井液(二段),0.9013640162751306,0.9013640162751306,2233.3379999999997,1883.5380722891564,1946.3226746987948,0.15662650602402625,0.14407230031704388,0.712347459865103,0.13278598912287543,0.0,0.8844072030016896,0.09657903714610405,0.0
7191.626006290039,119.86043343816732,替钻井液(二段),0.9018207705199567,0.9018207705199567,2233.3379999999997,1883.5380722891564,1955.2919036144574,0.15662650602402625,0.14381523076282834,0.7119719694599869,0.13272086056933807,0.0,0.8848820274521786,0.09613746562939064,0.0
7193.067958401536,119.88446597335893,替钻井液(二段),0.9022777683431,0.9022777683431,2233.3379999999997,1892.507301204819,1955.2919036144574,0.15261044176699998,0.14355714873718112,0.6933456404211108,0.12948398988691523,0.0,0.8853568671569194,0.09569583244913,0.0
7194.51218304148,119.90853638402467,替钻井液(二段),0.902735033830919,0.902735033830919,2233.3379999999997,1892.507301204819,1955.2919036144574,0.15261044176699998,0.1432980302846294,0.6929699758207504,0.12941858302003217,0.0,0.8858317456807138,0.09525411929478741,0.0
7195.95877572008,119.93264626200133,替钻井液(二段),0.9031925933724586,0.9031925933724586,2233.3379999999997,1892.507301204819,1955.2919036144574,0.15261044176699998,0.14303784923127283,0.6925890439412775,0.12935225405030149,0.0,0.8863066898361592,0.0948123057624102,0.0
7197.407835615645,119.95679726026076,替钻井液(二段),0.9036504738812604,0.9036504738812604,2233.3379999999997,1892.507301204819,1955.2919036144574,0.15261044176699998,0.1427765796398959,0.6922026211994914,0.12928496383226395,0.0,0.8867817280039372,0.09437036805755365,0.0
7198.859465581704,119.98099109302841,替钻井液(二段),0.9041087028519053,0.9041087028519053,2233.3379999999997,1892.507301204819,1955.2919036144574,0.15261044176699998,0.14251419734916818,0.6918105034371391,0.12921667658830915,0.0,0.8872568906040262,0.0939282801943921,0.0
7200.313772129413,120.00522953549022,替钻井液(二段),0.9045673102519948,0.9045673102519948,2233.3379999999997,1892.507301204819,1955.2919036144574,0.15261044176699998,0.14225067490852428,0.6914125075778421,0.12914736019816953,0.0,0.8877322118395353,0.09348601406552946,0.0
7201.770865380387,120.02951442300645,替钻井液(二段),0.9050263266985249,0.9050263266985249,2233.3379999999997,1892.507301204819,1955.2919036144574,0.15261044176699998,0.1419859852401351,0.6910084765113866,0.1290769870507571,0.0,0.8882077280980161,0.0930435372078106,0.0
7203.230858981405,120.05384764969008,替钻井液(二段),0.9054857843295039,0.9054857843295039,2233.3379999999997,1901.4765301204816,1964.2611325301202,0.14859437750997367,0.14172010034582086,0.67242464096732,0.12583394596106812,0.0,0.8886834789414514,0.09260081490527516,0.0
7204.693869973338,120.07823116622231,替钻井液(二段),0.9059457169104053,0.9059457169104053,2233.3379999999997,1901.4765301204816,1964.2611325301202,0.14859437750997367,0.14145299010639764,0.6720191370986193,0.12576304754278866,0.0,0.8891595071834858,0.09215780885101434,0.0
7206.1600186214855,120.10266697702475,替钻井液(二段),0.9064061582313301,0.9064061582313301,2233.3379999999997,1901.4765301204816,1964.2611325301202,0.14859437750997367,0.14118462625419917,0.6716074636392705,0.12569106454937884,0.0,0.8896358576285144,0.09171447710733568,0.0
7207.629428200083,120.12715713666805,替钻井液(二段),0.9068671433204807,0.9068671433204807,2233.3379999999997,1901.4765301204816,1964.2611325301202,0.14859437750997367,0.14091497883827264,0.6711895841957866,0.12561799034952503,0.0,0.8901125782230558,0.09127077550615971,0.0
7209.101835442089,120.15169725736816,替钻井液(二段),0.9073285866014416,0.9073285866014416,2233.3379999999997,1901.4765301204816,1964.2611325301202,0.14859437750997367,0.14064409088951668,0.6707655149616671,0.1255438275027192,0.0,0.8905895942480242,0.09082665607510432,0.0
7210.577205170283,120.17628675283805,替钻井液(二段),0.9077904732243269,0.9077904732243269,2233.3379999999997,1901.4765301204816,1964.2611325301202,0.14859437750997367,0.1403719646690275,0.6703352120863031,0.12546856806324924,0.0,0.8910669062182389,0.09038218507446705,0.0
7212.055662632038,120.20092771053396,替钻井液(二段),0.9082528401139539,0.9082528401139539,2233.3379999999997,1910.4457590361442,1964.2611325301202,0.1445783132529474,0.14009856905105056,0.6517933785774703,0.12221946411042006,0.0,0.8915445700773085,0.08993735780522627,0.0
7213.537336177386,120.2256222696231,替钻井液(二段),0.9087157239879073,0.9087157239879073,2233.3379999999997,1910.4457590361442,1973.2303614457828,0.1445783132529474,0.13982387411554056,0.6513452959671006,0.12214079694676316,0.0,0.8920226435957589,0.08949211765567681,0.0
7215.022356764203,120.25037261273673,替钻井液(二段),0.9091791618529769,0.9091791618529769,2233.3379999999997,1910.4457590361442,1973.2303614457828,0.1445783132529474,0.1395478495237739,0.6508554720311197,0.12205479344415926,0.0,0.892501187007823,0.08904640549519878,0.0
7216.510857451294,120.27518095752157,替钻井液(二段),0.9096431923504331,0.9096431923504331,2233.3379999999997,1910.4457590361442,2009.1072771084334,0.1445783132529474,0.13927046148826774,0.6503614718504231,0.12196804814087425,0.0,0.892980264042586,0.08860015940352008,0.0
7218.002972834595,120.30004954724326,替钻井液(二段),0.9101078534820464,0.9101078534820464,2233.3379999999997,1910.4457590361442,2009.1072771084334,0.1445783132529474,0.1389916769790482,0.6498056004490508,0.12187042814425242,0.0,0.8934599397003914,0.08815331372910848,0.0
7219.498838375663,120.32498063959437,替钻井液(二段),0.9105731841634893,0.9105731841634893,2233.3379999999997,1910.4457590361442,2018.076506024096,0.1445783132529474,0.13871146105497434,0.6491944610341368,0.12176308966595606,0.0,0.8939402819032419,0.08770580111605178,0.0
7220.998589626622,120.34997649377702,替钻井液(二段),0.911039221788047,0.911039221788047,2233.3379999999997,1910.4457590361442,2018.076506024096,0.1445783132529474,0.13842978152473423,0.648587541101986,0.12165647929848478,0.0,0.8944213593446457,0.0872575510818284,0.0
7222.502361344183,120.37503935573638,替钻井液(二段),0.9115060040856636,0.9115060040856636,2233.3379999999997,1919.4149879518068,2018.076506024096,0.1405622489959211,0.13814660410359397,0.6299332226037603,0.11837337874916642,0.0,0.8949032428322318,0.08680849209287175,0.0
7224.010286474471,120.40017144124118,替钻井液(二段),0.9119735676218965,0.9119735676218965,2233.3379999999997,1919.4149879518068,2018.076506024096,0.1405622489959211,0.13786189530550416,0.6293021018813886,0.11826208915958436,0.0,0.8953860038587421,0.08635855012947549,0.0
7225.522494971518,120.42537491619197,替钻井液(二段),0.9124419483007534,0.9124419483007534,2233.3379999999997,1919.4149879518068,2018.076506024096,0.1405622489959211,0.13757562094864095,0.6286701505274136,0.11815063902330492,0.0,0.895869715084639,0.08590765023014861,0.0
7227.039112447232,120.45065187412052,替钻井液(二段),0.912911179730091,0.912911179730091,2233.3379999999997,1919.4149879518068,2027.0457349397586,0.1405622489959211,0.13728774818760675,0.6280364906946484,0.11803887343759822,0.0,0.8963544487610458,0.08545571619558111,0.0
7228.560258675522,120.4760043112587,替钻井液(二段),0.9133812928901668,0.9133812928901668,2233.3379999999997,1919.4149879518068,2027.0457349397586,0.1405622489959211,0.1369982463160489,0.6274010562181153,0.1179267806136286,0.0,0.8968402761568733,0.08500267198351494,0.0
7230.086045935593,120.50143409892654,替钻井液(二段),0.913852317495343,0.913852317495343,2233.3379999999997,1919.4149879518068,2027.0457349397586,0.1405622489959211,0.1367070827963686,0.6267641214329883,0.11781440883313976,0.0,0.8973272686017061,0.08454844214224215,0.0
7231.616577137472,120.5269429522912,替钻井液(二段),0.9143242790693301,0.9143242790693301,2233.3379999999997,1928.3842168674696,2027.0457349397586,0.1365461847388947,0.1364142287886102,0.6082368232308427,0.11453944184793396,0.0,0.8978154949925758,0.08409295121709717,0.0
7233.1519437727775,120.55253239621295,替钻井液(二段),0.9147971995237675,0.9147971995237675,2233.3379999999997,1928.3842168674696,2027.0457349397586,0.1365461847388947,0.13611965672975798,0.6076166128710442,0.11442960067333963,0.0,0.8983050218510605,0.08363612584369344,0.0
7234.692223715301,120.57820372858835,替钻井液(二段),0.915271095959025,0.915271095959025,2233.3379999999997,1928.3842168674696,2027.0457349397586,0.1365461847388947,0.1358233427987358,0.6069965912210272,0.11431977930027815,0.0,0.8987959120627321,0.08317789475576333,0.0
7236.237078816123,120.60395131360205,替钻井液(二段),0.9157458569143845,0.9157458569143845,2233.3379999999997,1928.3842168674696,2036.0149638554212,0.1365461847388947,0.13552534678170985,0.6063775023062825,0.1142101095495568,0.0,0.8992880967463951,0.08271819001255476,0.0
7237.786565494202,120.62977609157002,替钻井液(二段),0.9162214931248659,0.9162214931248659,2233.3379999999997,1928.3842168674696,2036.0149638554212,0.1365461847388947,0.1352256491640368,0.605760119457393,0.1141007284994805,0.0,0.8997816342194185,0.08225706723707961,0.0
7239.3407437691085,120.65567906281848,替钻井液(二段),0.9166980155870558,0.9166980155870558,2233.3379999999997,1928.3842168674696,2036.0149638554212,0.1365461847388947,0.134924231752977,0.6051453508611199,0.11399179719254715,0.0,0.9002765842765506,0.08179446298695568,0.0
7240.899653061616,120.68166088436027,替钻井液(二段),0.9171754280283204,0.9171754280283204,2233.3379999999997,1937.3534457831322,2036.0149638554212,0.1325301204818684,0.13462108252055352,0.5867537527009737,0.11072677460900926,0.0,0.9007730002269333,0.08133031248583442,0.0
7242.463308906113,120.70772181510188,替钻井液(二段),0.9176537269314006,0.9176537269314006,2233.3379999999997,1937.3534457831322,2036.0149638554212,0.1325301204818684,0.13431619515683746,0.5861650308300388,0.11062206152503706,0.0,0.9012709286479162,0.08086455703415535,0.0
7244.031699633832,120.73386166056387,替钻井液(二段),0.9181329006444812,0.9181329006444812,2233.3379999999997,1937.3534457831322,2044.984192771084,0.1325301204818684,0.13400956901443398,0.5855818550277508,0.11051832273679807,0.0,0.9017704081749623,0.08039714434863292,0.0
7245.604782933626,120.76007971556042,替钻井液(二段),0.9186129264526082,0.9186129264526082,2233.3379999999997,1937.3534457831322,2044.984192771084,0.1325301204818684,0.13370121425845574,0.5850053529404111,0.11041575921538482,0.0,0.9022714667413051,0.07992802997151244,0.0
7247.182482330573,120.78637470550956,替钻井液(二段),0.9190937728784038,0.9190937728784038,2233.3379999999997,1937.3534457831322,2044.984192771084,0.1325301204818684,0.13339114627448856,0.5844367194756327,0.1103145839885219,0.0,0.9027741230237498,0.07945717966268906,0.0
7248.76468372983,120.8127447288305,替钻井液(二段),0.9195753938987232,0.9195753938987232,2233.3379999999997,1937.3534457831322,2044.984192771084,0.1325301204818684,0.13307939592172496,0.5838772214249192,0.1102150229670047,0.0,0.9032783813376439,0.07898456814771945,0.0
7250.351231960526,120.8391871993421,替钻井液(二段),0.9200577339294261,0.9200577339294261,2233.3379999999997,1937.3534457831322,2044.984192771084,0.1325301204818684,0.13276599901324984,0.58332819565442,0.11011731462614438,0.0,0.9037842351900502,0.07851018385597985,0.0
7251.941544866861,120.86569241444768,替钻井液(二段),0.9205406053568129,0.9205406053568129,2233.3379999999997,1946.3226746987948,2044.984192771084,0.12851405622484213,0.1324510844224347,0.5651307329880174,0.10687269242959774,0.0,0.9042915397675452,0.07803402581366861,0.0
7253.533553950661,120.89222589917769,替钻井液(二段),0.9210233743704912,0.9210233743704912,2233.3379999999997,1946.3226746987948,2053.9534216867464,0.12851405622484213,0.13213508400095578,0.5646228971786097,0.10678197541691203,0.0,0.9047996783808409,0.07755622329098914,0.0
7255.126903293098,120.91878172155162,替钻井液(二段),0.9215059249792152,0.9215059249792152,2233.3379999999997,1946.3226746987948,2053.9534216867464,0.12851405622484213,0.13181808863324126,0.5641294330772354,0.10669381686070889,0.0,0.9053085756234792,0.07707735116000074,0.0
7256.721207927882,120.94535346546469,替钻井液(二段),0.921988136629948,0.921988136629948,2233.3379999999997,1946.3226746987948,2053.9534216867464,0.12851405622484213,0.13150018943294983,0.5636520363185795,0.10660852049348923,0.0,0.9058181487343112,0.07659747527599339,0.0
7258.316054170749,120.97193423617915,替钻井液(二段),0.9224698791221525,0.9224698791221525,2233.3379999999997,1946.3226746987948,2053.9534216867464,0.12851405622484213,0.13118148595569937,0.5631923845276599,0.10652638691955307,0.0,0.9063283029432819,0.07611666955990945,0.0
7259.9107391392345,120.99851231898724,替钻井液(二段),0.9229509375079405,0.9229509375079405,2233.3379999999997,1946.3226746987948,2053.9534216867464,0.12851405622484213,0.13086213566394797,0.5627521230131836,0.10644771104660011,0.0,0.906838850639341,0.07563501959266059,0.0
7261.504463626396,121.02507439377327,替钻井液(二段),0.9234310680232792,0.9234310680232792,2233.3379999999997,1946.3226746987948,2062.9226506024092,0.12851405622484213,0.13054231886283885,0.5623328119913004,0.10637277263971667,0.0,0.9073495701856121,0.07515269971344338,0.0
7263.09676831996,121.05161280533267,替钻井液(二段),0.9239101307686131,0.9239101307686131,2233.3379999999997,1946.3226746987948,2062.9226506024092,0.12851405622484213,0.13022214501783888,0.5619359287184774,0.10630183668468884,0.0,0.9078603463113181,0.07466991725252435,0.0
7264.6871837757735,121.07811972959622,替钻井液(二段),0.924387983844654,0.924387983844654,2233.3379999999997,1955.2919036144574,2062.9226506024092,0.12449799196781583,0.12990172541450307,0.5440140803109192,0.1030927442326226,0.0,0.9083710579675816,0.07418678010658052,0.0
7266.275234547633,121.10458724246055,替钻井液(二段),0.9248644833571814,0.9248644833571814,2233.3379999999997,1955.2919036144574,2062.9226506024092,0.12449799196781583,0.12958117388616,0.5436771353002373,0.10303230051104939,0.0,0.908881578283224,0.0737034027623555,0.0
7267.8604440282315,121.13100740047052,替钻井液(二段),0.9253394867017144,0.9253394867017144,2233.3379999999997,1955.2919036144574,2062.9226506024092,0.12449799196781583,0.12926060299398187,0.54336572224751,0.10297643328138983,0.0,0.909391777399827,0.07321990611192072,0.0
7269.442339933318,121.15737233222197,替钻井液(二段),0.9258128526325622,0.9258128526325622,2233.3379999999997,1955.2919036144574,2071.891879518072,0.12449799196781583,0.12894012578972822,0.5430808017404104,0.10292531574305819,0.0,0.9099015226041863,0.07273641497703,0.0
7271.020460420599,121.18367434034332,替钻井液(二段),0.9262844437352513,0.9262844437352513,2233.3379999999997,1955.2919036144574,2071.891879518072,0.12449799196781583,0.12861985239380352,0.5428231507429302,0.10287908811456636,0.0,0.9104106806643633,0.07225305807196591,0.0
7272.594360754697,121.20990601257829,替钻井液(二段),0.926754128693341,0.926754128693341,2233.3379999999997,1955.2919036144574,2071.891879518072,0.12449799196781583,0.128299889068059,0.5425933486531381,0.10283785511496124,0.0,0.9109191200502257,0.07176996583767531,0.0
7274.1636204144015,121.23606034024003,替钻井液(二段),0.9272217837016465,0.9272217837016465,2233.3379999999997,1955.2919036144574,2071.891879518072,0.12449799196781583,0.12798033758440963,0.5423917658362876,0.10280168389134892,0.0,0.9114267125160018,0.07128726829696058,0.0
7275.727850499293,121.26213084165488,替钻井液(二段),0.9276872950892596,0.9276872950892596,2233.3379999999997,1955.2919036144574,2071.891879518072,0.12449799196781583,0.1276612937723487,0.5422185582058717,0.10277060303413854,0.0,0.9119333358868911,0.07080509364598231,0.0
7277.286701219278,121.28811168698797,替钻井液(二段),0.9281505612721015,0.9281505612721015,2233.3379999999997,1955.2919036144574,2071.891879518072,0.12449799196781583,0.12734284595509404,0.5420736666223779,0.10274460245979722,0.0,0.9124388762668908,0.07032356543774479,0.0
7278.839869283155,121.31399782138593,替钻井液(二段),0.9286114959655021,0.9286114959655021,2233.3379999999997,1964.2611325301202,2080.8611084337344,0.12048192771078944,0.12702507605179691,0.524474345175639,0.09958082045237515,0.0,0.9129432319066464,0.06984280051704657,0.0
7280.38710505619,121.33978508426983,替钻井液(二段),0.9290700265405596,0.9290700265405596,2233.3379999999997,1964.2611325301202,2080.8611084337344,0.12048192771078944,0.12670805013079955,0.5243879627417461,0.09956526423794654,0.0,0.9134463108739779,0.06936290490345054,0.0
7281.9282187604385,121.36547031267398,替钻井液(二段),0.9295260984568923,0.9295260984568923,2233.3379999999997,1964.2611325301202,2080.8611084337344,0.12048192771078944,0.12639182119523149,0.5243276445885885,0.09955440166036555,0.0,0.9139480365610527,0.06888397644987458,0.0
7283.463085776271,121.39105142960452,替钻井液(二段),0.9299796765232848,0.9299796765232848,2233.3379999999997,1964.2611325301202,2080.8611084337344,0.12048192771078944,0.12607643032411261,0.5242926083923074,0.09954809200051418,0.0,0.9144483495607203,0.06840609934438298,0.0
7284.991650761482,121.41652751269136,替钻井液(二段),0.9304307468412886,0.9304307468412886,2233.3379999999997,1964.2611325301202,2080.8611084337344,0.12048192771078944,0.12576190383797872,0.5242819400039785,0.09954617072433924,0.0,0.9149472101971352,0.06792934214078553,0.0
7286.513930290014,121.4418988381669,替钻井液(二段),0.9308793155903687,0.9308793155903687,2233.3379999999997,1964.2611325301202,2089.8303373493973,0.12048192771078944,0.1254482529263773,0.5242946196529675,0.09954845420914116,0.0,0.915444597707021,0.06745375497673724,0.0
7288.030013818378,121.46716689697297,替钻井液(二段),0.931325409001962,0.931325409001962,2233.3379999999997,1964.2611325301202,2089.8303373493973,0.12048192771078944,0.12513547358004495,0.5243295488418106,0.09955474459558666,0.0,0.9159405106862311,0.06697937006558762,0.0
7289.540062946085,121.49233438243475,替钻井液(二段),0.9317690751659693,0.9317690751659693,2233.3379999999997,1964.2611325301202,2089.8303373493973,0.12048192771078944,0.12482354479375292,0.524385576352654,0.09956483448031761,0.0,0.9164349695301931,0.06650620151746449,0.0
7291.044308752377,121.51740514587296,替钻井液(二段),0.9322103816945788,0.9322103816945788,2233.3379999999997,1964.2611325301202,2089.8303373493973,0.12048192771078944,0.12451243277083796,0.5244615239228555,0.09957851154903241,0.0,0.9169280145602484,0.06603424272578039,0.0
7292.543047522232,121.54238412537053,替钻井液(二段),0.9326494156968238,0.9326494156968238,2233.3379999999997,1973.2303614457828,2089.8303373493973,0.11646586345376315,0.12420208813676645,0.5070710004263205,0.09644129872398621,0.0,0.9174197063523174,0.06556346796250548,0.0
7294.036290251438,121.56727150419063,替钻井液(二段),0.9330861809203441,0.9330861809203441,2233.3379999999997,1973.2303614457828,2089.8303373493973,0.11646586345376315,0.12389252253695876,0.5071795233475503,0.09646090987711242,0.0,0.9179100109596008,0.06509383206677426,0.0
7295.524138060017,121.59206896766696,替钻井液(二段),0.9335207069213014,0.9335207069213014,2233.3379999999997,1973.2303614457828,2098.79956626506,0.11646586345376315,0.12358372957218441,0.5073038418258453,0.09648337491878212,0.0,0.9183989218558729,0.0646253798609149,0.0
7297.007033998719,121.61678389997864,替钻井液(二段),0.9339531246863187,0.9339531246863187,2233.3379999999997,1973.2303614457828,2098.79956626506,0.11646586345376315,0.12327562606017049,0.5074428139572061,0.09650848729600991,0.0,0.9188865457767134,0.0641581296992673,0.0
7298.485462660804,121.64142437768007,替钻井液(二段),0.9343835750324123,0.9343835750324123,2233.3379999999997,1973.2303614457828,2098.79956626506,0.11646586345376315,0.12296812200152392,0.5075954582020645,0.09653606943092097,0.0,0.9193730008792096,0.06369199140593879,0.0
7299.95994008349,121.66599900139151,替钻井液(二段),0.9348122080565836,0.9348122080565836,2233.3379999999997,1973.2303614457828,2098.79956626506,0.11646586345376315,0.12266111653348108,0.5077608396291186,0.09656595216753916,0.0,0.9198584161369814,0.06322686343856118,0.0
7301.431003692196,121.69051672820326,替钻井液(二段),0.9352391791051192,0.9352391791051192,2233.3379999999997,1973.2303614457828,2098.79956626506,0.11646586345376315,0.12235450332240463,0.5079380790401729,0.09659797642365253,0.0,0.9203429273054857,0.06276263357740675,0.0
7302.899202732752,121.71498671221254,替钻井液(二段),0.9356646450322142,0.9356646450322142,2233.3379999999997,1973.2303614457828,2107.7687951807225,0.11646586345376315,0.12204817435656577,0.5081263567675836,0.0966319938791631,0.0,0.9208266729074334,0.06229918255889335,0.0
7304.365089395226,121.7394181565871,替钻井液(二段),0.9360887647041215,0.9360887647041215,2233.3379999999997,1973.2303614457828,2107.7687951807225,0.11646586345376315,0.12174201555601026,0.5083249137355927,0.09666786716932751,0.0,0.9213097948089697,0.06183638793005177,0.0
7305.828877705104,121.7638146284184,替钻井液(二段),0.9365115960930162,0.9365115960930162,2233.3379999999997,1982.1995903614454,2107.7687951807225,0.11244979919673685,0.12143598903945736,0.4909974445214938,0.09353194460325254,0.0,0.921792321190054,0.06137412367810604,0.0
7307.290759527929,121.78817932546549,替钻井液(二段),0.9369331924278085,0.9369331924278085,2233.3379999999997,1982.1995903614454,2107.7687951807225,0.11244979919673685,0.12113005699261492,0.4912069667230563,0.09356992884391535,0.0,0.9222742753924942,0.060912371916594085,0.0
7308.751271925659,121.81252119876099,替钻井液(二段),0.9373537053333572,0.9373537053333572,2233.3379999999997,1982.1995903614454,2107.7687951807225,0.11244979919673685,0.12082410715567135,0.49142436862315403,0.09360933991106013,0.0,0.9227557941921839,0.06045111909680686,0.0
7310.210930497858,121.83684884163095,替钻井液(二段),0.9377732781482596,0.9377732781482596,2233.3379999999997,1982.1995903614454,2107.7687951807225,0.11244979919673685,0.12051803288154561,0.49164917358153615,0.09365009121786749,0.0,0.9232370065056513,0.05999024258038777,0.0
7311.670224913097,121.86117041521828,替钻井液(二段),0.9381920481494146,0.9381920481494146,2233.3379999999997,1982.1995903614454,2116.7380240963853,0.11244979919673685,0.12021172719150748,0.4918809384608382,0.09369210225963442,0.0,0.9237180357670995,0.059529626717780434,0.0
7313.129615528988,121.8854935921498,替钻井液(二段),0.938610140170857,0.938610140170857,2233.3379999999997,1982.1995903614454,2116.7380240963853,0.11244979919673685,0.1199050939983848,0.4921192552132847,0.09373529890115917,0.0,0.9241989928053934,0.0590691609349225,0.0
7314.58953102283,121.90982551704717,替钻井液(二段),0.9390276717047333,0.9390276717047333,2233.3379999999997,1982.1995903614454,2116.7380240963853,0.11244979919673685,0.1195980379892745,0.4923637464335178,0.09377961257024514,0.0,0.9246799814398473,0.058608746108452896,0.0
7316.0503669005075,121.93417278167513,替钻井液(二段),0.9394447487044624,0.9394447487044624,2233.3379999999997,1982.1995903614454,2116.7380240963853,0.11244979919673685,0.11929047229318814,0.4926140672420108,0.09382498059859046,0.0,0.9251610938305285,0.05814828967502681,0.0
7317.512484776306,121.95854141293844,替钻井液(二段),0.9398614656465992,0.9398614656465992,2233.3379999999997,1991.168819277108,2116.7380240963853,0.10843373493971056,0.11898231814260221,0.47526740477908486,0.0906756983650212,0.0,0.925642410323132,0.05768770982046012,0.0
7318.975726528036,121.98292877546727,替钻井液(二段),0.9402777706874805,0.9402777706874805,2233.3379999999997,1991.168819277108,2116.7380240963853,0.10843373493971056,0.11867360436202425,0.4755191570773561,0.09072148210895736,0.0,0.9261238434308325,0.0572269355792783,0.0
7320.440346805518,122.0073391134253,替钻井液(二段),0.9406937262453615,0.9406937262453615,2233.3379999999997,1991.168819277108,2125.7072530120477,0.10843373493971056,0.11836427533666329,0.47577553724309785,0.09076810510905042,0.0,0.9266054387159541,0.05676605666472899,0.0
7321.906634682777,122.03177724471294,替钻井液(二段),0.9411094065246588,0.9411094065246588,2233.3379999999997,1991.168819277108,2125.7072530120477,0.10843373493971056,0.11805426196282437,0.47603631521982587,0.09081552540320803,0.0,0.9270872564891918,0.05630503484570388,0.0
7323.374847272503,122.05624745454172,替钻井液(二段),0.9415248743732577,0.9415248743732577,2233.3379999999997,1991.168819277108,2125.7072530120477,0.10843373493971056,0.11774350405872602,0.4763012980576222,0.09086370778287822,0.0,0.9275693453789993,0.05584381766156633,0.0
7324.845211088479,122.08075351814132,替钻井液(二段),0.9419401835063228,0.9419401835063228,2233.3379999999997,1991.168819277108,2125.7072530120477,0.10843373493971056,0.11743194673661562,0.47657029816489666,0.09091261801920725,0.0,0.9280517446085359,0.055382363550088666,0.0
7326.317923563215,122.10529872605359,替钻井液(二段),0.9423553796911961,0.9423553796911961,2233.3379999999997,2000.1380481927708,2125.7072530120477,0.10441767068268418,0.11711953912530855,0.45918227877041073,0.08774566870745382,0.0,0.9285344853973456,0.054920639714596486,0.0
7327.793154677329,122.12988591128881,替钻井液(二段),0.9427704978606026,0.9427704978606026,2233.3379999999997,2000.1380481927708,2134.6764819277105,0.10441767068268418,0.11680624009453291,0.45944854155931325,0.08779424729046303,0.0,0.9290175876461481,0.05445862085603431,0.0
7329.271048643141,122.15451747738568,替钻井液(二段),0.943185568181826,0.943185568181826,2233.3379999999997,2000.1380481927708,2134.6764819277105,0.10441767068268418,0.1164920075150352,0.45971817585251296,0.08784343835476827,0.0,0.9295010666310943,0.0539962921149381,0.0
7330.751725601825,122.17919542669708,替钻井液(二段),0.9436006108198282,0.9436006108198282,2233.3379999999997,2000.1380481927708,2134.6764819277105,0.10441767068268418,0.11617680899270974,0.4599910316018867,0.08789321442902187,0.0,0.9299849273212057,0.053533643243514416,0.0
7332.235283298694,122.20392138831157,替钻井液(二段),0.9440156406735066,0.9440156406735066,2233.3379999999997,2000.1380481927708,2134.6764819277105,0.10441767068268418,0.11586061330773911,0.4602669633808968,0.08794354888971934,0.0,0.9304691694205122,0.05307067342872566,0.0
7333.721798702287,122.22869664503811,替钻井液(二段),0.944430665939741,0.944430665939741,2233.3379999999997,2009.1072771084334,2134.6764819277105,0.10040160642565789,0.11554339386004712,0.4428325309913411,0.08475776056997852,0.0,0.9309537859150722,0.05260738689094765,0.0
7335.211329544828,122.25352215908046,替钻井液(二段),0.9448456878774012,0.9448456878774012,2233.3379999999997,2009.1072771084334,2134.6764819277105,0.10040160642565789,0.11522512964063168,0.4431033687358036,0.08480733565603882,0.0,0.931438762715544,0.052143794112355764,0.0
7336.703907296325,122.27839845493875,替钻井液(二段),0.9452607021982408,0.9452607021982408,2233.3379999999997,2009.1072771084334,2143.6457108433733,0.10040160642565789,0.11490580062614798,0.44337677551704385,0.08485737826394202,0.0,0.9319240800663084,0.05167991208956105,0.0
7338.199302072292,122.30332170120487,替钻井液(二段),0.9456756284049134,0.9456756284049134,2233.3379999999997,2018.076506024096,2143.6457108433733,0.0963855421686316,0.11458544974465334,0.4259065314497314,0.08165423255735538,0.0,0.932409630285704,0.05121576343563493,0.0
7339.697546155873,122.32829243593122,替钻井液(二段),0.9460904617456152,0.9460904617456152,2233.3379999999997,2018.076506024096,2143.6457108433733,0.0963855421686316,0.11426405594726374,0.4261735179178374,0.08170326842674236,0.0,0.9328953947557876,0.050751454491523296,0.0
7341.198657071388,122.3533109511898,替钻井液(二段),0.9465051907363363,0.9465051907363363,2233.3379999999997,2018.076506024096,2143.6457108433733,0.0963855421686316,0.11394160486866702,0.4264425695424976,0.08175268094278865,0.0,0.9333813481606495,0.050287006479744795,0.0
7342.702638773171,122.37837731288619,替钻井液(二段),0.9469198005382078,0.9469198005382078,2233.3379999999997,2018.076506024096,2143.6457108433733,0.0963855421686316,0.11361808262372758,0.4267135891550166,0.08180245220039928,0.0,0.9338674620064387,0.04982244680149066,0.0
7344.209482653882,122.4034913775647,替钻井液(二段),0.9473342726584523,0.9473342726584523,2233.3379999999997,2027.0457349397586,2152.6149397590357,0.0923694779116053,0.1132934768267545,0.40919537541015394,0.07857977375961955,0.0,0.9343537044264733,0.04935780599921471,0.0
7345.719168432465,122.42865280720775,替钻井液(二段),0.9477485835238231,0.9477485835238231,2233.3379999999997,2027.0457349397586,2152.6149397590357,0.0923694779116053,0.11296777925743115,0.4094585922110037,0.07862827913970316,0.0,0.9348400385223308,0.048893117888041265,0.0
7347.2316649486365,122.45386108247727,替钻井液(二段),0.9481627079678816,0.9481627079678816,2233.3379999999997,2027.0457349397586,2152.6149397590357,0.0923694779116053,0.11264098015293382,0.4097234123425783,0.07867707740348495,0.0,0.9353264262842371,0.04842842090054185,0.0
7348.7469308793325,122.47911551465555,替钻井液(二段),0.9485766146787741,0.9485766146787741,2233.3379999999997,2027.0457349397586,2152.6149397590357,0.0923694779116053,0.11231307631673386,0.40998974383958614,0.07872615155911455,0.0,0.9358128235736772,0.04796375467305929,0.0
7350.264915387003,122.50441525645006,替钻井液(二段),0.948990271995864,0.948990271995864,2233.3379999999997,2036.0149638554212,2152.6149397590357,0.08835341365457901,0.11198406042490787,0.3924202126426115,0.07548318723548575,0.0,0.9362991863090083,0.0474991644596005,0.0
7351.7855587089925,122.52975931181655,替钻井液(二段),0.9494036433732668,0.9494036433732668,2233.3379999999997,2036.0149638554212,2152.6149397590357,0.08835341365457901,0.11165392984642945,0.3926775961675558,0.0755307770898187,0.0,0.9367854657416883,0.047034695730347485,0.0
7353.308792696353,122.5551465449392,替钻井液(二段),0.9498166903714325,0.9498166903714325,2233.3379999999997,2036.0149638554212,2161.5841686746985,0.08835341365457901,0.11132268094741976,0.3929361701535926,0.07557858459201772,0.0,0.9372716115095807,0.04657039840908807,0.0
7354.834541310759,122.58057568851265,替钻井液(二段),0.9502293716090346,0.9502293716090346,2233.3379999999997,2044.984192771084,2161.5841686746985,0.08433734939755262,0.11099031145377411,0.37532331540664793,0.07231650248440491,0.0,0.9377575706855339,0.046106324027309804,0.0
7356.362721089107,122.60604535148512,替钻井液(二段),0.9506416423689924,0.9506416423689924,2233.3379999999997,2044.984192771084,2161.5841686746985,0.08433734939755262,0.1106568208086889,0.37557218128881403,0.07236267508971284,0.0,0.9382432872092097,0.04564252668625842,0.0
7357.89324158278,122.63155402637967,替钻井液(二段),0.9510534569830116,0.9510534569830116,2233.3379999999997,2044.984192771084,2161.5841686746985,0.08433734939755262,0.1103222058473386,0.37582196152692293,0.07240901502660213,0.0,0.9387287044659385,0.04517906348965513,0.0
7359.426005780027,122.65710009633378,替钻井液(二段),0.9514647647893731,0.9514647647893731,2233.3379999999997,2044.984192771084,2161.5841686746985,0.08433734939755262,0.1099864682427194,0.37607258902686924,0.07245550982321225,0.0,0.9392137609443584,0.04471599236337375,0.0
7360.960910518635,122.68268184197724,替钻井液(二段),0.9518755153278189,0.9518755153278189,2233.3379999999997,2053.9534216867464,2170.553397590361,0.08032128514052643,0.10964960485513059,0.3584038084347764,0.06917199565368903,0.0,0.9396983957866069,0.04425337565072838,0.0
7362.497846895852,122.70829744826419,替钻井液(二段),0.9522856535030224,0.9522856535030224,2233.3379999999997,2053.9534216867464,2170.553397590361,0.08032128514052643,0.1093116167547654,0.35864393453345456,0.06921669779971007,0.0,0.940182543706236,0.04379127542578967,0.0
7364.036700679548,122.7339450113258,替钻井液(二段),0.9526951237612742,0.9526951237612742,2233.3379999999997,2053.9534216867464,2170.553397590361,0.08032128514052643,0.10897250147587834,0.35888469457441163,0.06926151580585482,0.0,0.940666139330188,0.043329758049830455,0.0
7365.577352725359,122.75962254542264,替钻井液(二段),0.9531038674662756,0.9531038674662756,2233.3379999999997,2053.9534216867464,2170.553397590361,0.08032128514052643,0.10863225737606198,0.35912603910049046,0.06930644044928869,0.0,0.941149114430731,0.0428688903651217,0.0
7367.119679404362,122.7853279900727,替钻井液(二段),0.9535118242068427,0.9535118242068427,2233.3379999999997,2062.9226506024092,2170.553397590361,0.07630522088350003,0.10829088134302722,0.34139952624568987,0.06600099423858874,0.0,0.9416313992559014,0.042408742095367234,0.0
7368.663553045082,122.81105921741803,替钻井液(二段),0.9539189317773967,0.9539189317773967,2233.3379999999997,2062.9226506024092,2179.5226265060237,0.07630522088350003,0.10794836893962681,0.34162978797415766,0.06604400609327343,0.0,0.9421129225945352,0.04194938458173225,0.0
7370.20884239221,122.83681403987016,替钻井液(二段),0.9543251243692099,0.9543251243692099,2233.3379999999997,2062.9226506024092,2179.5226265060237,0.07630522088350003,0.10760471704781095,0.341860487549704,0.06608709774941779,0.0,0.9425936096598758,0.0414908907191522,0.0
7371.75541308079,122.86259021801317,替钻井液(二段),0.9547303365796085,0.9547303365796085,2233.3379999999997,2062.9226506024092,2179.5226265060237,0.07630522088350003,0.1072599168308137,0.34209159381385723,0.06613026337620209,0.0,0.9430733865189818,0.04103333672720546,0.0
7373.303128126286,122.88838546877143,替钻井液(二段),0.9551344985734413,0.9551344985734413,2233.3379999999997,2071.891879518072,2179.5226265060237,0.07228915662647364,0.1069139622244593,0.32430607653678806,0.06280247697777142,0.0,0.9435521748587496,0.04057679872957152,0.0
7374.851848430184,122.9141974738364,替钻井液(二段),0.9555375412171135,0.9555375412171135,2233.3379999999997,2071.891879518072,2179.5226265060237,0.07228915662647364,0.10656684034408356,0.3245257186421564,0.06284364568094725,0.0,0.9440298974395369,0.04012135703782623,0.0
7376.401433313514,122.94002388855856,替钻井液(二段),0.9559393920027774,0.9559393920027774,2233.3379999999997,2071.891879518072,2188.4918554216865,0.07228915662647364,0.10621853885743503,0.3247456821031243,0.06288487280512733,0.0,0.94450647383387,0.03966709145100827,0.0
7377.951741080588,122.96586235134313,替钻井液(二段),0.9563399774421995,0.9563399774421995,2233.3379999999997,2071.891879518072,2188.4918554216865,0.07228915662647364,0.10586904138424247,0.32496595257176825,0.06292615565342952,0.0,0.9449818227654679,0.0392140851172446,0.0
7379.502562748724,122.9917093791454,替钻井液(二段),0.9567392047518642,0.9567392047518642,2233.3379999999997,2080.8611084337344,2188.4918554216865,0.06827309236944745,0.10551834489923868,0.307120603617655,0.05957569825223619,0.0,0.9454558406049226,0.03876242220713517,0.0
7381.053618349526,123.01756030582543,替钻井液(二段),0.9571369616905157,0.9571369616905157,2233.3379999999997,2080.8611084337344,2188.4918554216865,0.06827309236944745,0.1051664593927116,0.30732918272989074,0.05961492800717649,0.0,0.9459284009255813,0.038312208563022476,0.0
7382.604760997421,123.04341268329036,替钻井液(二段),0.9575331698544026,0.9575331698544026,2233.3379999999997,2080.8611084337344,2188.4918554216865,0.06827309236944745,0.10481335901270275,0.3075379930525188,0.059654199609194714,0.0,0.946399417803856,0.0378635720201425,0.0
7384.155846312843,123.06926410521405,替钻井液(二段),0.9579277483064935,0.9579277483064935,2233.3379999999997,2080.8611084337344,2188.4918554216865,0.06827309236944745,0.10445901607854553,0.30774703418560073,0.059693512977698315,0.0,0.9468688027946317,0.037416602486417795,0.0
7385.706733035649,123.09511221726082,替钻井液(二段),0.9583206167672631,0.9583206167672631,2233.3379999999997,2089.8303373493973,2197.461084337349,0.06425702811242107,0.10410339545221013,0.28984122948411567,0.05632008732965066,0.0,0.947336468280643,0.036971392685489705,0.0
7387.257283607616,123.1209547267936,替钻井液(二段),0.9587116917922016,0.9587116917922016,2233.3379999999997,2089.8303373493973,2197.461084337349,0.06425702811242107,0.10374646087233187,0.2900384099866673,0.05635730165173769,0.0,0.9478023233897253,0.03652803511288724,0.0
7388.807364723848,123.14678941206414,替钻井液(二段),0.9591008910367919,0.9591008910367919,2233.3379999999997,2089.8303373493973,2197.461084337349,0.06425702811242107,0.1033881674236383,0.2902358093525845,0.056394555810399316,0.0,0.9482662785153143,0.03608662568665037,0.0
7390.3568478530315,123.17261413088386,替钻井液(二段),0.9594881301738628,0.9594881301738628,2233.3379999999997,2089.8303373493973,2197.461084337349,0.06425702811242107,0.10302846652264158,0.29043342815880363,0.05643184990967742,0.0,0.9487282420490725,0.035647259850607495,0.0
7391.9056097240955,123.19842682873492,替钻井液(二段),0.9598733245135044,0.9598733245135044,2233.3379999999997,2098.79956626506,2197.461084337349,0.060240963855394666,0.10266730316847951,0.2724668113676284,0.05303520546974938,0.0,0.94918812191655,0.03521003558677728,0.0
7393.453532775703,123.22422554626172,替钻井液(二段),0.9602563882738097,0.9602563882738097,2233.3379999999997,2098.79956626506,2206.4303132530117,0.060240963855394666,0.10230461721620843,0.2726524864437721,0.05307037036888673,0.0,0.9496458248181536,0.03477505195425002,0.0
7395.0005055647125,123.25000842607854,替钻井液(二段),0.9606372342730374,0.9606372342730374,2233.3379999999997,2098.79956626506,2206.4303132530117,0.060240963855394666,0.10194034361464421,0.2728383594808283,0.05310557145181716,0.0,0.9501012557231577,0.034342409825666456,0.0
7396.546423129998,123.2757737188333,替钻井液(二段),0.9610157757271465,0.9610157757271465,2233.3379999999997,2098.79956626506,2206.4303132530117,0.060240963855394666,0.10157440931061275,0.27302442260306237,0.05314080722296566,0.0,0.9505543198542127,0.03391221229305213,0.0
7398.091187308641,123.30151978847735,替钻井液(二段),0.9613919235566386,0.9613919235566386,2233.3379999999997,2107.7687951807225,2206.4303132530117,0.05622489959836848,0.1012067380693957,0.25499661987602534,0.04972068705541255,0.0,0.9510049197054121,0.033484563131125786,0.0
7399.634707002211,123.32724511670352,替钻井液(二段),0.9617655897012739,0.9617655897012739,2233.3379999999997,2107.7687951807225,2206.4303132530117,0.05622489959836848,0.10083724500663659,0.25517059615027904,0.04975375169103624,0.0,0.9514529584206332,0.0330595693823348,0.0
7401.1768983917555,123.35294830652926,替钻井液(二段),0.9621366833053675,0.9621366833053675,2233.3379999999997,2107.7687951807225,2215.399542168674,0.05622489959836848,0.1004658434451456,0.25534470277977267,0.049786839949240824,0.0,0.9518983356630866,0.03263733842623764,0.0
7402.717685100891,123.37862808501485,替钻井液(二段),0.9625051140865483,0.9625051140865483,2233.3379999999997,2107.7687951807225,2215.399542168674,0.05622489959836848,0.10009243943489805,0.2555189124981099,0.049819946645881186,0.0,0.9523409510314734,0.032217981511013224,0.0
7404.256998307299,123.40428330512165,替钻井液(二段),0.9628707904637418,0.9628707904637418,2233.3379999999997,2116.7380240963853,2215.399542168674,0.05220883534134209,0.09971693547357088,0.23742939192810808,0.04637606025291996,0.0,0.9527807021405237,0.0318016108283569,0.0
7405.794776803621,123.42991294672701,替钻井液(二段),0.9632336205653604,0.9632336205653604,2233.3379999999997,2116.7380240963853,2215.399542168674,0.05220883534134209,0.09933922949482057,0.23759124707434034,0.04640692954172565,0.0,0.9532174854077763,0.03138834141013912,0.0
7407.330967009456,123.45551611682427,替钻井液(二段),0.9635935121443486,0.9635935121443486,2233.3379999999997,2116.7380240963853,2215.399542168674,0.05220883534134209,0.09895921612781167,0.23775307939434537,0.04643779347803123,0.0,0.9536511959441061,0.030978290363192947,0.0
7408.865522936722,123.48109204894537,替钻井液(二段),0.963950371314254,0.963950371314254,2233.3379999999997,2116.7380240963853,2224.368771084337,0.05220883534134209,0.09857678947350783,0.23791483194039245,0.04646864120200267,0.0,0.9540817259311182,0.03057157685401375,0.0
7410.398406111196,123.50664010185326,替钻井液(二段),0.964304105236586,0.964304105236586,2233.3379999999997,2125.7072530120477,2224.368771084337,0.0481927710843159,0.09819184032003422,0.21976286547128693,0.04300065608555148,0.0,0.9545089675631041,0.030168323462072134,0.0
7411.929585453939,123.53215975756565,替钻井液(二段),0.96465461948733,0.96465461948733,2233.3379999999997,2125.7072530120477,2224.368771084337,0.0481927710843159,0.09780426168148254,0.21991183292526748,0.04302916801195922,0.0,0.9549328100533047,0.02976865378774072,0.0
7413.459037126338,123.55765061877231,替钻井液(二段),0.9650018209554753,0.9650018209554753,2233.3379999999997,2125.7072530120477,2224.368771084337,0.0481927710843159,0.0974139456888418,0.22006051114904263,0.04305762373358346,0.0,0.9553531424725632,0.029372695047446603,0.0
7414.986744342047,123.58311240570079,替钻井液(二段),0.9653456156316267,0.9653456156316267,2233.3379999999997,2125.7072530120477,2224.368771084337,0.0481927710843159,0.09702078931004862,0.22020880738752266,0.04308600550365893,0.0,0.9557698514870361,0.028980575409332573,0.0
7416.512697149341,123.60854495248901,替钻井液(二段),0.9656859104004544,0.9656859104004544,2233.3379999999997,2125.7072530120477,2233.3379999999997,0.0481927710843159,0.09662469318455472,0.2203566174155818,0.04311429338240902,0.0,0.9561828229558067,0.028592425965502048,0.0
7418.036892187633,123.63394820312722,替钻井液(二段),0.9660226130281304,0.9660226130281304,2233.3379999999997,2134.6764819277105,2233.3379999999997,0.044176706827289504,0.09622556408527781,0.2021285069703686,0.039619483205750816,0.0,0.9565919418895246,0.02820837915872964,0.0
7419.559332422014,123.65932220703357,替钻井液(二段),0.9663556317781034,0.9663556317781034,2233.3379999999997,2134.6764819277105,2233.3379999999997,0.044176706827289504,0.0958233178781594,0.20226278020616648,0.03964527353937153,0.0,0.9569970919956908,0.02782856882635017,0.0
7421.080026859656,123.6846671143276,替钻井液(二段),0.9666848776092345,0.9666848776092345,2233.3379999999997,2134.6764819277105,2233.3379999999997,0.044176706827289504,0.09541787867316788,0.20239625906292746,0.03967091060736394,0.0,0.9573981579295194,0.027453130445140743,0.0
7422.5989688199315,123.70998281366552,替钻井液(二段),0.9670102571659777,0.9670102571659777,2233.3379999999997,2134.6764819277105,2233.3379999999997,0.044176706827289504,0.09500919133111477,0.2025288081834478,0.03969636842516322,0.0,0.957795016957092,0.027082199039178204,0.0
7424.116169767784,123.73526949612975,替钻井液(二段),0.9673316835990938,0.9673316835990938,2233.3379999999997,2143.6457108433733,2233.3379999999997,0.04016064257026311,0.09459720964733118,0.1842366183589472,0.03617672288477081,0.0,0.958187551678918,0.026715916458401587,0.0
7425.6316647366275,123.76052774561046,替钻井液(二段),0.9676490763557444,0.9676490763557444,2233.3379999999997,2143.6457108433733,2233.3379999999997,0.04016064257026311,0.09418189913606997,0.1843550193797659,0.03619954614651988,0.0,0.9585756500295587,0.026354419541651884,0.0
7427.14549321363,123.78575822022717,替钻井液(二段),0.967962358527229,0.967962358527229,2233.3379999999997,2143.6457108433733,2233.3379999999997,0.04016064257026311,0.09376324263955946,0.18447215737708475,0.03622212541302572,0.0,0.9589592016369195,0.02599784009776506,0.0
7428.657698787467,123.81096164645778,替钻井液(二段),0.9682714570396118,0.9682714570396118,2233.3379999999997,2143.6457108433733,2233.3379999999997,0.04016064257026311,0.0933412430102277,0.18458788356101805,0.0362444320219959,0.0,0.959338098359574,0.025646307927364442,0.0
7430.16832880622,123.836138813437,替钻井液(二段),0.9685763026224381,0.9685763026224381,2233.3379999999997,2143.6457108433733,2233.3379999999997,0.04016064257026311,0.09291592490143759,0.18470204579868466,0.0362664366692258,0.0,0.959712234135369,0.025299950144215808,0.0
7431.677434047504,123.8612905674584,替钻井液(二段),0.9688768319713219,0.9688768319713219,2233.3379999999997,2152.6149397590357,2233.3379999999997,0.036144578313236926,0.09248733405402956,0.1663330411507873,0.03271935977070939,0.0,0.9600815073396787,0.0249588909088559,0.0
7433.1850684085575,123.88641780680929,替钻井液(二段),0.9691729863882537,0.9691729863882537,2233.3379999999997,2152.6149397590357,2233.3379999999997,0.036144578313236926,0.09205554096213046,0.16643255683573557,0.03273861149821378,0.0,0.9604458197981256,0.02462324915209073,0.0
7434.691288599774,123.91152147666291,替钻井液(二段),0.9694647147042534,0.9694647147042534,2233.3379999999997,2152.6149397590357,2233.3379999999997,0.036144578313236926,0.09162063788390111,0.16653025195725035,0.03275751065735488,0.0,0.9608050799494263,0.02429313921465971,0.0
7436.196130362136,123.93660217270227,替钻井液(二段),0.9697519670491362,0.9697519670491362,2233.3379999999997,2152.6149397590357,2233.3379999999997,0.036144578313236926,0.09118275001952285,0.1666259946583918,0.03277603176174593,0.0,0.9611591955875585,0.02396866765922506,0.0
7437.699635999517,123.96166059999196,替钻井液(二段),0.9700347020975174,0.9700347020975174,2233.3379999999997,2161.5841686746985,2233.3379999999997,0.03212851405621053,0.09074202502507932,0.14819525011219215,0.02920412093313296,0.0,0.9615080831072103,0.02364993942210975,0.0
7439.201863053246,123.9866977175541,替钻井液(二段),0.9703128898199915,0.9703128898199915,2233.3379999999997,2161.5841686746985,2233.3379999999997,0.03212851405621053,0.09029862842861858,0.1482765476350631,0.029219905464844653,0.0,0.9618516708181706,0.023337049063145536,0.0
7440.702871245317,124.01171452075528,替钻井液(二段),0.9705865073846834,0.9705865073846834,2233.3379999999997,2161.5841686746985,2233.3379999999997,0.03212851405621053,0.08985274978088735,0.14835578915941094,0.02923529056182994,0.0,0.9621898946611205,0.023030077704087062,0.0
7442.202722286672,124.03671203811119,替钻井液(二段),0.9708555423495259,0.9708555423495259,2233.3379999999997,2161.5841686746985,2233.3379999999997,0.03212851405621053,0.08940459627561442,0.14843288489417905,0.029250258810143093,0.0,0.962522702223552,0.02272909657576835,0.0
7443.70147961535,124.0616913269225,替钻井液(二段),0.9711199900906031,0.9711199900906031,2233.3379999999997,2161.5841686746985,2233.3379999999997,0.03212851405621053,0.08895439552239966,0.14850775551217002,0.029264794827918217,0.0,0.9628500500294933,0.022434163135943316,0.0
7445.199208152053,124.08665346920088,替钻井液(二段),0.9713798557784606,0.9713798557784606,2233.3379999999997,2170.553397590361,2233.3379999999997,0.02811244979918434,0.0885023902761284,0.1300077909072458,0.025666428580929712,0.0,0.9631719066287917,0.02214532325242181,0.0
7446.695974080284,124.11159956800473,替钻井液(二段),0.9716351541118333,0.9716351541118333,2233.3379999999997,2170.553397590361,2233.3379999999997,0.02811244979918434,0.08804883645497691,0.13006923908128762,0.02567840271112498,0.0,0.9634882525164595,0.02186260816374182,0.0
7448.191844626824,124.1365307437804,替钻井液(二段),0.9718859084191015,0.9718859084191015,2233.3379999999997,2170.553397590361,2233.3379999999997,0.02811244979918434,0.08759400137647988,0.13012859131726107,0.025689968275551922,0.0,0.9637990796016065,0.02158603457441125,0.0
7449.686887889199,124.16144813148665,替钻井液(二段),0.9721321523765392,0.9721321523765392,2233.3379999999997,2170.553397590361,2233.3379999999997,0.02811244979918434,0.08713815797739007,0.130185818761038,0.025701119666247663,0.0,0.9641043938294078,0.021315604993960863,0.0
7451.181172665152,124.18635287775254,替钻井液(二段),0.9723739275966629,0.9723739275966629,2233.3379999999997,2179.5226265060237,2233.3379999999997,0.02409638554215795,0.08668158494033523,0.11163505984094241,0.022079608914162607,0.0,0.9644042124109193,0.021051305416660625,0.0
7452.674768274265,124.21124613790442,替钻井液(二段),0.9726112847099802,0.9726112847099802,2233.3379999999997,2179.5226265060237,2233.3379999999997,0.02409638554215795,0.08622456177098758,0.11168043100088527,0.022088482750395988,0.0,0.9646985659458484,0.020793107665020804,0.0
7454.167744443343,124.23612907405571,替钻井液(二段),0.9728442826498779,0.9728442826498779,2233.3379999999997,2179.5226265060237,2233.3379999999997,0.02409638554215795,0.08576736567773645,0.11172395943031964,0.022096996103832978,0.0,0.9649874975409515,0.020540967679640344,0.0
7455.660171141098,124.26100285235162,替钻井液(二段),0.9730729875327939,0.9730729875327939,2233.3379999999997,2179.5226265060237,2233.3379999999997,0.02409638554215795,0.08531026986158467,0.11176565422942794,0.02210515076369124,0.0,0.9652710618737439,0.020294826512487863,0.0
7457.152118475221,124.28586864125369,替钻井液(二段),0.9732974729961166,0.9732974729961166,2233.3379999999997,2179.5226265060237,2233.3379999999997,0.02409638554215795,0.08485353951060273,0.11180553165790205,0.02211294991897128,0.0,0.9655493258711536,0.02005461132037938,0.0
7458.6436566274015,124.3107276104567,替钻井液(二段),0.9735178184228391,0.9735178184228391,2233.3379999999997,2188.4918554216865,2233.3379999999997,0.020080321285131555,0.08439743075630708,0.09320301213987875,0.01846794090128323,0.0,0.9658223663719216,0.01982023511372792,0.0
7460.134855690607,124.33558092817678,替钻井液(二段),0.9737341090323366,0.9737341090323366,2233.3379999999997,2188.4918554216865,2233.3379999999997,0.020080321285131555,0.08394218754002522,0.0932332762991238,0.01847388193181132,0.0,0.9660902706616921,0.019591598955082428,0.0
7461.625785521428,124.36042975869047,替钻井液(二段),0.973946434830251,0.973946434830251,2233.3379999999997,2188.4918554216865,2233.3379999999997,0.020080321285131555,0.08348804056135224,0.09326209694685401,0.018479539559203007,0.0,0.9663531349302954,0.019368592061974756,0.0
7463.1165157521355,124.38527526253559,替钻井液(二段),0.9741548896584539,0.9741548896584539,2233.3379999999997,2188.4918554216865,2233.3379999999997,0.020080321285131555,0.08303520584847594,0.09328950578210463,0.018484920010974792,0.0,0.9666110630267922,0.01915109348881612,0.0
7464.607115743721,124.41011859572868,替钻井液(二段),0.9743595707713987,0.9743595707713987,2233.3379999999997,2188.4918554216865,2233.3379999999997,0.020080321285131555,0.08258388362995941,0.09331553752787104,0.018490030107877975,0.0,0.9668641660049226,0.018938973566481384,0.0
7466.097654531072,124.43496090885121,替钻井液(二段),0.9745605775739286,0.9745605775739286,2233.3379999999997,2197.461084337349,2233.3379999999997,0.016064257028105367,0.08213425845602591,0.07467218351505209,0.014823471092952456,0.0,0.9671125601967254,0.018732094785886007,0.0
7467.588200772425,124.45980334620708,替钻井液(二段),0.9747580112061127,0.9747580112061127,2233.3379999999997,2197.461084337349,2233.3379999999997,0.016064257028105367,0.0816864981261461,0.074690896381006,0.014827158181318079,0.0,0.967356366547361,0.018530313746426292,0.0
7469.078822761128,124.48464704601881,替钻井液(二段),0.974951973919499,0.974951973919499,2233.3379999999997,2197.461084337349,2233.3379999999997,0.016064257028105367,0.08124075380356505,0.07470860103424053,0.014830646603850028,0.0,0.9675957096977534,0.018333482299361162,0.0
7470.569588339498,124.50949313899164,替钻井液(二段),0.9751425682945789,0.9751425682945789,2233.3379999999997,2197.461084337349,2233.3379999999997,0.016064257028105367,0.08079716053279909,0.07472533065876338,0.014833942901010255,0.0,0.9678307166751674,0.018141448716772805,0.0
7472.060564847517,124.53434274745861,替钻井液(二段),0.975329896570327,0.975329896570327,2233.3379999999997,2197.461084337349,2233.3379999999997,0.016064257028105367,0.08035583781645053,0.07474111887771413,0.014837053699581326,0.0,0.9680615158368737,0.017954059104192063,0.0
7473.551819091148,124.55919698485246,替钻井液(二段),0.9755140602678034,0.9755140602678034,2233.3379999999997,2206.4303132530117,2233.3379999999997,0.012048192771078974,0.0799168897393186,0.056066999621233876,0.011150764094130405,0.0,0.9682882362071874,0.017771158603470998,0.0
7475.0434172986625,124.58405695497771,替钻井液(二段),0.9756951596124402,0.9756951596124402,2233.3379999999997,2206.4303132530117,2233.3379999999997,0.012048192771078974,0.07948040637679352,0.056077504696069334,0.011152841678992664,0.0,0.9685110064813678,0.017592592305516373,0.0
7476.535425094436,124.60892375157393,替钻井液(二段),0.9758732933473077,0.9758732933473077,2233.3379999999997,2206.4303132530117,2233.3379999999997,0.012048192771078974,0.07904646385514554,0.05608737947379471,0.011154794606242802,0.0,0.9687299545531645,0.017418206417793927,0.0
7478.027907422108,124.63379845703513,替钻井液(二段),0.976048558110661,0.976048558110661,2233.3379999999997,2206.4303132530117,2233.3379999999997,0.012048192771078974,0.07861512620384094,0.05609664871857826,0.011156627774195904,0.0,0.9689452065969936,0.01724784877988908,0.0
7479.5209284935145,124.65868214155857,替钻井液(二段),0.9762210484024068,0.9762210484024068,2233.3379999999997,2206.4303132530117,2233.3379999999997,0.012048192771078974,0.07818644551716983,0.056105336734157685,0.011158345990027851,0.0,0.9691568867984641,0.017081369877118054,0.0
7481.014551779415,124.68357586299025,替钻井液(二段),0.9763908561509556,0.9763908561509556,2233.3379999999997,2215.399542168674,2233.3379999999997,0.008032128514052786,0.07776046353928141,0.0374089781924258,0.0074538766768756926,0.0,0.9693651166595221,0.016918623245468473,0.0
7482.5088399703445,124.7084806661724,替钻井液(二段),0.9765580706924697,0.9765580706924697,2233.3379999999997,2215.399542168674,2233.3379999999997,0.008032128514052786,0.07733721216730807,0.037414042378000306,0.007454881963918636,0.0,0.9695700147913622,0.016759466088570766,0.0
7484.003854885629,124.73339758142716,替钻井液(二段),0.9767227785605017,0.9767227785605017,2233.3379999999997,2215.399542168674,2233.3379999999997,0.008032128514052786,0.07691671470204672,0.037418765417069795,0.007455819529349927,0.0,0.9697716965361773,0.01660375960770597,0.0
7485.499657455364,124.75832762425607,替钻井液(二段),0.9768850636285221,0.9768850636285221,2233.3379999999997,2215.399542168674,2233.3379999999997,0.008032128514052786,0.0764989859332294,0.037423161889058414,0.007456692267503562,0.0,0.9699702739921646,0.016451369331795872,0.0
7486.996307682302,124.78327179470504,替钻井液(二段),0.9770450067046204,0.9770450067046204,2233.3379999999997,2224.368771084337,2233.3379999999997,0.004016064257026393,0.0760840341545051,0.018713622960074488,0.0037357293281656823,0.0,0.9701658554846962,0.01630216516710812,0.0
7488.493864530496,124.80823107550826,替钻井液(二段),0.9772026858100272,0.9772026858100272,2233.3379999999997,2224.368771084337,2233.3379999999997,0.004016064257026393,0.07567186095624416,0.01871551557754869,0.003736106437527753,0.0,0.9703585457673495,0.016156021872228133,0.0
7489.992385950108,124.8332064325018,替钻井液(二段),0.9773581759795114,0.9773581759795114,2233.3379999999997,2224.368771084337,2233.3379999999997,0.004016064257026393,0.07526246263348756,0.0187172653822096,0.0037364550909076977,0.0,0.97054844573803,0.01601281886874776,0.0
7491.491928831708,124.85819881386179,替钻井液(二段),0.97751154940501,0.97751154940501,2233.3379999999997,2224.368771084337,2233.3379999999997,0.004016064257026393,0.07485583051773365,0.01871887872541581,0.003736776553860177,0.0,0.9707356525391424,0.015872440417728263,0.0
7492.992548940474,124.8832091490079,替钻井液(二段),0.9776628754819042,0.9776628754819042,2233.3379999999997,2224.368771084337,2233.3379999999997,0.004016064257026393,0.07445195156659727,0.018720361731727024,0.003737072046746004,0.0,0.9709202595721256,0.01573477551394871,0.0
7494.494300813068,124.90823834688446,替钻井液(二段),0.9778122209536468,0.9778122209536468,2233.3379999999997,2233.3379999999997,2233.3379999999997,0.0,0.07405080865826189,0.0,0.0,0.0,0.9711023566310983,0.015599717868477412,0.0
7495.997237750956,124.93328729584927,替钻井液(二段),0.9779596497268428,0.9779596497268428,2233.3379999999997,2233.3379999999997,2233.3379999999997,0.0,0.07365238191414016,0.0,0.0,0.0,0.9712820296799064,0.015467165725097686,0.0
7497.501411790081,124.95835686316802,替钻井液(二段),0.9781052232327827,0.9781052232327827,2233.3379999999997,2233.3379999999997,2233.3379999999997,0.0,0.07325664821712045,0.0,0.0,0.0,0.9714593612381326,0.015337021996225922,0.0
7499.006873684683,124.98344789474473,替钻井液(二段),0.9782490004297292,0.9782490004297292,2233.3379999999997,2233.3379999999997,2233.3379999999997,0.0,0.07286358198160679,0.0,0.0,0.0,0.9716344303883725,0.015209193907107385,0.0
7500.513672804337,125.00856121340561,替钻井液(二段),0.9783910378165863,0.9783910378165863,2233.3379999999997,2233.3379999999997,2233.3379999999997,0.0,0.0724731557366339,0.0,0.0,0.0,0.9718073127951833,0.015083592820632498,0.0
7502.021857106052,125.0336976184342,替钻井液(二段),0.978531389662501,0.978531389662501,2233.3379999999997,2233.3379999999997,2233.3379999999997,0.0,0.07208534000712191,0.0,0.0,0.0,0.9719780809695462,0.014960134258354038,0.0
7503.531473101901,125.05885788503168,替钻井液(二段),0.9786701080626291,0.9786701080626291,2233.3379999999997,2233.3379999999997,2233.3379999999997,0.0,0.07170010373270098,0.0,0.0,0.0,0.9721468043489389,0.014838737598281856,0.0
7505.042565823909,125.08404276373182,替钻井液(二段),0.9788072429194106,0.9788072429194106,2233.3379999999997,2233.3379999999997,2233.3379999999997,0.0,0.07131741486619814,0.0,0.0,0.0,0.972313549278143,0.014719325929277159,0.0
7506.5551787863,125.10925297977165,替钻井液(二段),0.9789428422960884,0.9789428422960884,2233.3379999999997,2233.3379999999997,2233.3379999999997,0.0,0.07093723982245369,0.0,0.0,0.0,0.9724783794406144,0.014601825990191794,0.0
7508.069353912869,125.13448923188115,替钻井液(二段),0.9790769523937959,0.9790769523937959,2233.3379999999997,2233.3379999999997,2233.3379999999997,0.0,0.07055954400245774,0.0,0.0,0.0,0.9726413558228025,0.014486167782449792,0.0
7509.58513157531,125.15975219292183,替钻井液(二段),0.9792096175010734,0.9792096175010734,2233.3379999999997,2233.3379999999997,2233.3379999999997,0.0,0.0701842924769096,0.0,0.0,0.0,0.9728025367076805,0.014372284452771762,0.0
7511.102550552546,125.1850425092091,替钻井液(二段),0.9793408803285102,0.9793408803285102,2233.3379999999997,2233.3379999999997,2233.3379999999997,0.0,0.069811449271383,0.0,0.0,0.0,0.9729619780559664,0.014260112347138107,0.0
7512.621647997458,125.21036079995764,替钻井液(二段),0.9794707819953569,0.9794707819953569,2233.3379999999997,2233.3379999999997,2233.3379999999997,0.0,0.06944097790937753,0.0,0.0,0.0,0.9731197335363079,0.014149590590238804,0.0
7514.1424339308,125.23570723217999,替钻井液(二段),0.9795993599547953,0.9795993599547953,2233.3379999999997,2233.3379999999997,2233.3379999999997,0.0,0.06907284767039198,0.0,0.0,0.0,0.9732758520092604,0.014040661029743393,0.0
7515.66490429819,125.26108173830316,替钻井液(二段),0.9797266493495271,0.9797266493495271,2233.3379999999997,2233.3379999999997,2233.3379999999997,0.0,0.06870703009812978,0.0,0.0,0.0,0.9734303791972543,0.013933269847135275,0.0
7517.18909327333,125.28648488788885,替钻井液(二段),0.9798526874156026,0.9798526874156026,2233.3379999999997,2233.3379999999997,2233.3379999999997,0.0,0.06834348664240542,0.0,0.0,0.0,0.9735833630399917,0.01382736630508045,0.0
7518.715033330163,125.31191722216938,替钻井液(二段),0.9799775100697784,0.9799775100697784,2233.3379999999997,2233.3379999999997,2233.3379999999997,0.0,0.06798217866764743,0.0,0.0,0.0,0.973734849580815,0.013722899052111314,0.0
7520.242755252347,125.33737925420579,替钻井液(二段),0.9801011521848038,0.9801011521848038,2233.3379999999997,2233.3379999999997,2233.3379999999997,0.0,0.06762306688451994,0.0,0.0,0.0,0.9738848832998208,0.013619818980885443,0.0
7521.772288133614,125.36287146889357,替钻井液(二段),0.9802236474264094,0.9802236474264094,2233.3379999999997,2233.3379999999997,2233.3379999999997,0.0,0.06726611217372286,0.0,0.0,0.0,0.9740335069846217,0.01351807886313594,0.0
7523.303659363952,125.38839432273252,替钻井液(二段),0.9803450283963092,0.9803450283963092,2233.3379999999997,2233.3379999999997,2233.3379999999997,0.0,0.06691127529340823,0.0,0.0,0.0,0.9741807618886212,0.01341763343851255,0.0
7524.83689459671,125.41394824327851,替钻井液(二段),0.9804653267424185,0.9804653267424185,2233.3379999999997,2233.3379999999997,2233.3379999999997,0.0,0.06655851674519993,0.0,0.0,0.0,0.9743266878855138,0.013318439217015808,0.0
7526.3720177736595,125.439533629561,替钻井液(二段),0.9805845730714692,0.9805845730714692,2233.3379999999997,2233.3379999999997,2233.3379999999997,0.0,0.06620779728894258,0.0,0.0,0.0,0.9744713233934026,0.013220454241244616,0.0
7527.909051147785,125.46515085246308,替钻井液(二段),0.9807027971226386,0.9807027971226386,2233.3379999999997,2233.3379999999997,2233.3379999999997,0.0,0.06585907763802713,0.0,0.0,0.0,0.974614705609679,0.013123638244900197,0.0
7529.448015299534,125.49080025499224,替钻井液(二段),0.9808200278668223,0.9808200278668223,2233.3379999999997,2233.3379999999997,2233.3379999999997,0.0,0.06551231825240748,0.0,0.0,0.0,0.9747568706365617,0.013027952449364624,0.0
7530.988929153224,125.51648215255372,替钻井液(二段),0.9809362933847626,0.9809362933847626,2233.3379999999997,2233.3379999999997,2233.3379999999997,0.0,0.06516747992184711,0.0,0.0,0.0,0.974897853373177,0.012933359414388121,0.0
7532.531809992434,125.54219683320724,替钻井液(二段),0.9810516209157502,0.9810516209157502,2233.3379999999997,2233.3379999999997,2233.3379999999997,0.0,0.06482452375272742,0.0,0.0,0.0,0.975037687613387,0.012839823100348145,0.0
7534.076673482169,125.56794455803615,替钻井液(二段),0.9811660370769112,0.9811660370769112,2233.3379999999997,2233.3379999999997,2233.3379999999997,0.0,0.06448341058577392,0.0,0.0,0.0,0.975176406291541,0.012747308762927855,0.0
7535.623533677113,125.59372556128523,替钻井液(二段),0.9812795675846296,0.9812795675846296,2233.3379999999997,2233.3379999999997,2233.3379999999997,0.0,0.06414410204268542,0.0,0.0,0.0,0.9753140411884691,0.012655782647057254,0.0
7537.17240306686,125.61954005111434,替钻井液(二段),0.9813922375538012,0.9813922375538012,2233.3379999999997,2233.3379999999997,2233.3379999999997,0.0,0.063806559684028,0.0,0.0,0.0,0.9754506233322522,0.012565212230127121,0.0
7538.7232926108145,125.64538821018024,替钻井液(二段),0.9815040713389819,0.9815040713389819,2233.3379999999997,2233.3379999999997,2233.3379999999997,0.0,0.06347074564885936,0.0,0.0,0.0,0.975586182851824,0.012475566049424095,0.0
7540.276211773648,125.67127019622747,替钻井液(二段),0.9816150925312538,0.9816150925312538,2233.3379999999997,2233.3379999999997,2233.3379999999997,0.0,0.06313662272849391,0.0,0.0,0.0,0.9757207489646907,0.012386813757883086,0.0
7541.831168560666,125.69718614267777,替钻井液(二段),0.9817253240333093,0.9817253240333093,2233.3379999999997,2233.3379999999997,2233.3379999999997,0.0,0.06280415422305162,0.0,0.0,0.0,0.9758543500837316,0.012298926079558672,0.0
7543.38816955449,125.72313615924149,替钻井液(二段),0.9818347881090059,0.9818347881090059,2233.3379999999997,2233.3379999999997,2233.3379999999997,0.0,0.06247330379473573,0.0,0.0,0.0,0.9759870138754917,0.012211874732697657,0.0
7544.947219953013,125.74912033255022,替钻井液(二段),0.9819435061339138,0.9819435061339138,2233.3379999999997,2233.3379999999997,2233.3379999999997,0.0,0.06214403641989185,0.0,0.0,0.0,0.9761187670189524,0.012125632319792948,0.0
7546.508323600825,125.77513872668041,替钻井液(二段),0.9820514988225317,0.9820514988225317,2233.3379999999997,2233.3379999999997,2233.3379999999997,0.0,0.0618163177240885,0.0,0.0,0.0,0.9762496354738988,0.012040172433028223,0.0
7548.071483016691,125.80119138361151,替钻井液(二段),0.9821587861063623,0.9821587861063623,2233.3379999999997,2233.3379999999997,2233.3379999999997,0.0,0.06149011441689756,0.0,0.0,0.0,0.9763796443613102,0.011955469616172701,0.0
7549.636699454374,125.82727832423957,替钻井液(二段),0.9822653870528856,0.9822653870528856,2233.3379999999997,2233.3379999999997,2233.3379999999997,0.0,0.06116539462030381,0.0,0.0,0.0,0.9765088178924918,0.011871499493419646,0.0
7551.203972955203,125.8533995492534,替钻井液(二段),0.9823713200293182,0.9823713200293182,2233.3379999999997,2233.3379999999997,2233.3379999999997,0.0,0.06084212738219706,0.0,0.0,0.0,0.9766371795587152,0.01178823874687247,0.0
7552.7733023999535,125.87955503999923,替钻井液(二段),0.9824766025061591,0.9824766025061591,2233.3379999999997,2233.3379999999997,2233.3379999999997,0.0,0.060520283309900044,0.0,0.0,0.0,0.9767647519174516,0.011705664944825705,0.0
7554.34468554723,125.90574475912051,替钻井液(二段),0.9825812511255902,0.9825812511255902,2233.3379999999997,2233.3379999999997,2233.3379999999997,0.0,0.060199834409497895,0.0,0.0,0.0,0.9768915566696198,0.011623756701070421,0.0
7555.918119076466,125.93196865127443,替钻井液(二段),0.9826852815752931,0.9826852815752931,2233.3379999999997,2233.3379999999997,2233.3379999999997,0.0,0.0598807545962997,0.0,0.0,0.0,0.9770176145590577,0.01154249343777909,0.0
7557.49359863275,125.95822664387917,替钻井液(二段),0.9827887086405263,0.9827887086405263,2233.3379999999997,2233.3379999999997,2233.3379999999997,0.0,0.05956301949543944,0.0,0.0,0.0,0.9771429454102494,0.011461855731973078,0.0
7559.071118872926,125.9845186478821,替钻井液(二段),0.9828915461154798,0.9828915461154798,2233.3379999999997,2233.3379999999997,2233.3379999999997,0.0,0.05924660678285254,0.0,0.0,0.0,0.9772675680435866,0.011381825235977907,0.0
7560.650673512627,126.01084455854378,替钻井液(二段),0.9829938069063546,0.9829938069063546,2233.3379999999997,2233.3379999999997,2233.3379999999997,0.0,0.05893149585271997,0.0,0.0,0.0,0.9773915003802611,0.011302384706686028,0.0
7562.232255351437,126.03720425585728,替钻井液(二段),0.9830955027852922,0.9830955027852922,2233.3379999999997,2233.3379999999997,2233.3379999999997,0.0,0.05861766861334193,0.0,0.0,0.0,0.9775147591674211,0.011223517935122215,0.0
7563.815856328843,126.06359760548072,替钻井液(二段),0.9831966445038113,0.9831966445038113,2233.3379999999997,2233.3379999999997,2233.3379999999997,0.0,0.05830510916898791,0.0,0.0,0.0,0.9776373600916056,0.011145209932242835,0.0
7565.401467575625,126.09002445959375,替钻井液(二段),0.9832972417329999,0.9832972417329999,2233.3379999999997,2233.3379999999997,2233.3379999999997,0.0,0.05799380406136521,0.0,0.0,0.0,0.9777593177213357,0.011067446644274025,0.0
7566.9890794608555,126.11648465768093,替钻井液(二段),0.9833973029546105,0.9833973029546105,2233.3379999999997,2233.3379999999997,2233.3379999999997,0.0,0.05768374262906932,0.0,0.0,0.0,0.977880645375713,0.010990215222831596,0.0
7568.578681636731,126.14297802727884,替钻井液(二段),0.9834968355999759,0.9834968355999759,2233.3379999999997,2233.3379999999997,2233.3379999999997,0.0,0.057374916562527925,0.0,0.0,0.0,0.9780013552556742,0.010913504143940614,0.0
7570.170263081881,126.16950438469802,替钻井液(二段),0.9835958459198062,0.9835958459198062,2233.3379999999997,2233.3379999999997,2233.3379999999997,0.0,0.05706732035680896,0.0,0.0,0.0,0.9781214582957695,0.010837302997920054,0.0
7571.763812143253,126.19606353572088,替钻井液(二段),0.9836943390256725,0.9836943390256725,2233.3379999999997,2233.3379999999997,2233.3379999999997,0.0,0.05676095114020732,0.0,0.0,0.0,0.9782409641758703,0.010761602641070385,0.0
7573.359316581987,126.22265527636644,替钻井液(二段),0.9837923187958029,0.9837923187958029,2233.3379999999997,2233.3379999999997,2233.3379999999997,0.0,0.05645580905670687,0.0,0.0,0.0,0.9783598812031156,0.010686395137720942,0.0
7574.956763610928,126.24927939351547,替钻井液(二段),0.9838897879206367,0.9838897879206367,2233.3379999999997,2233.3379999999997,2233.3379999999997,0.0,0.05615189713615747,0.0,0.0,0.0,0.9784782163477679,0.010611673644828741,0.0
7576.556139926691,126.27593566544485,替钻井液(二段),0.983986747869282,0.983986747869282,2233.3379999999997,2233.3379999999997,2233.3379999999997,0.0,0.05584922142994856,0.0,0.0,0.0,0.9785959751855875,0.010537432639521728,0.0
7578.1574317454515,126.3026238624242,替钻井液(二段),0.9840831990292119,0.9840831990292119,2233.3379999999997,2233.3379999999997,2233.3379999999997,0.0,0.05554779057975689,0.0,0.0,0.0,0.9787131620246368,0.01046366790840903,0.0
7579.760624833997,126.32934374723328,替钻井液(二段),0.9841791405454737,0.9841791405454737,2233.3379999999997,2233.3379999999997,2233.3379999999997,0.0,0.05524761635427456,0.0,0.0,0.0,0.9788297797023351,0.01039037635496914,0.0
7581.365704545063,126.35609507575104,替钻井液(二段),0.9842745704830552,0.9842745704830552,2233.3379999999997,2233.3379999999997,2233.3379999999997,0.0,0.05494871314591107,0.0,0.0,0.0,0.9789458297461366,0.010317556173633247,0.0
7582.972655859467,126.38287759765778,替钻井液(二段),0.9843694857652204,0.9843694857652204,2233.3379999999997,2233.3379999999997,2233.3379999999997,0.0,0.054651098220542246,0.0,0.0,0.0,0.9790613122573086,0.010245206685980774,0.0
7584.58146342128,126.40969105702133,替钻井液(二段),0.9844638821630591,0.9844638821630591,2233.3379999999997,2233.3379999999997,2233.3379999999997,0.0,0.05435479181347789,0.0,0.0,0.0,0.9791762259038292,0.01017332818083828,0.0
7586.1921115710475,126.4365351928508,替钻井液(二段),0.9845577545322316,0.9845577545322316,2233.3379999999997,2233.3379999999997,2233.3379999999997,0.0,0.05405981637069891,0.0,0.0,0.0,0.9792905681380082,0.010101922225657721,0.0
7587.804584377803,126.46340973963005,替钻井液(二段),0.9846510966912163,0.9846510966912163,2233.3379999999997,2233.3379999999997,2233.3379999999997,0.0,0.05376619703744491,0.0,0.0,0.0,0.979404335062957,0.01003099135941964,0.0
7589.418865667327,126.49031442778877,替钻井液(二段),0.98474390148195,0.98474390148195,2233.3379999999997,2233.3379999999997,2233.3379999999997,0.0,0.05347396144906284,0.0,0.0,0.0,0.9795175214574728,0.009960539146556846,0.0
7591.034939049682,126.51724898416137,替钻井液(二段),0.9848361610345466,0.9848361610345466,2233.3379999999997,2233.3379999999997,2233.3379999999997,0.0,0.05318313893102577,0.0,0.0,0.0,0.9796301210534512,0.00989057015020918,0.0
7592.6527879469695,126.54421313244949,替钻井液(二段),0.9849278665111822,0.9849278665111822,2233.3379999999997,2233.3379999999997,2233.3379999999997,0.0,0.05289376141214038,0.0,0.0,0.0,0.9797421262275189,0.009821089621707546,0.0
7594.27239562032,126.571206593672,替钻井液(二段),0.9850190084281091,0.9850190084281091,2233.3379999999997,2233.3379999999997,2233.3379999999997,0.0,0.05260586244488055,0.0,0.0,0.0,0.9798535283576141,0.009752103618569558,0.0
7595.893745195558,126.59822908659264,替钻井液(二段),0.985109576659934,0.985109576659934,2233.3379999999997,2233.3379999999997,2233.3379999999997,0.0,0.052319477242445886,0.0,0.0,0.0,0.9799643178130254,0.009683618901815813,0.0
7597.516819687369,126.62528032812283,替钻井液(二段),0.9851995604800131,0.9851995604800131,2233.3379999999997,2233.3379999999997,2233.3379999999997,0.0,0.052034642621384825,0.0,0.0,0.0,0.980074483993138,0.009615642877644284,0.0
7599.141602021992,126.65236003369986,替钻井液(二段),0.9852889487144895,0.9852889487144895,2233.3379999999997,2233.3379999999997,2233.3379999999997,0.0,0.05175139653016097,0.0,0.0,0.0,0.9801840154872814,0.009548183512279042,0.0
7600.768075058504,126.67946791764173,替钻井液(二段),0.9853777298786082,0.9853777298786082,2233.3379999999997,2233.3379999999997,2233.3379999999997,0.0,0.05146977764933156,0.0,0.0,0.0,0.980292900198106,0.0094812492106479,0.0
7602.396221611141,126.70660369351903,替钻井液(二段),0.9854658919951423,0.9854658919951423,2233.3379999999997,2233.3379999999997,2233.3379999999997,0.0,0.0511898261140004,0.0,0.0,0.0,0.9804011251626583,0.00941484858167941,0.0
7604.02602446234,126.73376707437232,替钻井液(二段),0.9855534229844625,0.9855534229844625,2233.3379999999997,2233.3379999999997,2233.3379999999997,0.0,0.050911582267246805,0.0,0.0,0.0,0.9805086769852321,0.009348990545428947,0.0
7605.657466381757,126.76095777302929,替钻井液(二段),0.9856403106427194,0.9856403106427194,2233.3379999999997,2233.3379999999997,2233.3379999999997,0.0,0.050635086817686914,0.0,0.0,0.0,0.9806155418263727,0.009283684166782564,0.0
7607.290530145391,126.78817550242319,替钻井液(二段),0.9857265426255432,0.9857265426255432,2233.3379999999997,2233.3379999999997,2233.3379999999997,0.0,0.050360380933261895,0.0,0.0,0.0,0.9807217053954964,0.009218938562228447,0.0
7608.9251985519195,126.81541997586532,替钻井液(二段),0.9858121068484899,0.9858121068484899,2233.3379999999997,2233.3379999999997,2233.3379999999997,0.0,0.050087504962213376,0.0,0.0,0.0,0.9808271533971942,0.009154762941196949,0.0
7610.561454437356,126.84269090728927,替钻井液(二段),0.9858969911455876,0.9858969911455876,2233.3379999999997,2233.3379999999997,2233.3379999999997,0.0,0.04981649961741995,0.0,0.0,0.0,0.9809318711640124,0.00909116622417091,0.0
7612.199280688068,126.8699880114678,替钻井液(二段),0.9859811836068968,0.9859811836068968,2233.3379999999997,2233.3379999999997,2233.3379999999997,0.0,0.0495474049606862,0.0,0.0,0.0,0.9810358440550204,0.009028157220087376,0.0
7613.838660253875,126.89731100423124,替钻井液(二段),0.9860646726311784,0.9860646726311784,2233.3379999999997,2233.3379999999997,2233.3379999999997,0.0,0.04928026024162882,0.0,0.0,0.0,0.9811390575356556,0.008965744324583124,0.0
7615.479576160824,126.92465960268039,替钻井液(二段),0.986147446844985,0.986147446844985,2233.3379999999997,2233.3379999999997,2233.3379999999997,0.0,0.0490151042473825,0.0,0.0,0.0,0.9812414971261474,0.008903935647804544,0.0
7617.122011523166,126.9520335253861,替钻井液(二段),0.9862294953633394,0.9862294953633394,2233.3379999999997,2233.3379999999997,2233.3379999999997,0.0,0.048751974443912854,0.0,0.0,0.0,0.9813431486751056,0.008842738967306968,0.0
7618.7659495545,126.979432492575,替钻井液(二段),0.9863108078121086,0.9863108078121086,2233.3379999999997,2233.3379999999997,2233.3379999999997,0.0,0.04849090690274493,0.0,0.0,0.0,0.9814439984333332,0.008782161542010739,0.0
7620.411373578122,127.00685622630203,替钻井液(二段),0.9863913741896942,0.9863913741896942,2233.3379999999997,2233.3379999999997,2233.3379999999997,0.0,0.04823193683649946,0.0,0.0,0.0,0.9815440329057041,0.00872221008204803,0.0
7622.058267036641,127.03430445061069,替钻井液(二段),0.9864711851017074,0.9864711851017074,2233.3379999999997,2233.3379999999997,2233.3379999999997,0.0,0.04797509783977117,0.0,0.0,0.0,0.9816432391382239,0.00866289069986733,0.0
7623.706613500897,127.06177689168162,替钻井液(二段),0.9865502317050389,0.9865502317050389,2233.3379999999997,2233.3379999999997,2233.3379999999997,0.0,0.0477204220802718,0.0,0.0,0.0,0.981741604697451,0.00860420885254437,0.0
7625.356396678219,127.08927327797032,替钻井液(二段),0.9866285057345959,0.9866285057345959,2233.3379999999997,2233.3379999999997,2233.3379999999997,0.0,0.04746794024021533,0.0,0.0,0.0,0.9818391176958834,0.008546169469409568,0.0
7627.007600420065,127.11679334033441,替钻井液(二段),0.9867059997124222,0.9867059997124222,2233.3379999999997,2233.3379999999997,2233.3379999999997,0.0,0.047217680803814215,0.0,0.0,0.0,0.9819357670767392,0.00848877686150198,0.0
7628.660208729047,127.14433681215078,替钻井液(二段),0.9867827066948952,0.9867827066948952,2233.3379999999997,2233.3379999999997,2233.3379999999997,0.0,0.04696967086137258,0.0,0.0,0.0,0.982031542305714,0.008432034575452175,0.0
7630.3142057655405,127.17190342942567,替钻井液(二段),0.9868586204687423,0.9868586204687423,2233.3379999999997,2233.3379999999997,2233.3379999999997,0.0,0.04672393553049411,0.0,0.0,0.0,0.982126433649143,0.008375945607118499,0.0
7631.969575853758,127.19949293089597,替钻井液(二段),0.9869337354653889,0.9869337354653889,2233.3379999999997,2233.3379999999997,2233.3379999999997,0.0,0.046480498182710744,0.0,0.0,0.0,0.9822204320724998,0.00832051206497502,0.0
7633.626303487115,127.2271050581186,替钻井液(二段),0.987008046794725,0.987008046794725,2233.3379999999997,2233.3379999999997,2233.3379999999997,0.0,0.046239380356484186,0.0,0.0,0.0,0.9823135293146823,0.008265735501884221,0.0
7635.284373333039,127.25473955555066,替钻井液(二段),0.9870815502873513,0.9870815502873513,2233.3379999999997,2233.3379999999997,2233.3379999999997,0.0,0.04600060157837904,0.0,0.0,0.0,0.9824057179441293,0.00821161685585308,0.0
7636.943770234565,127.28239617057608,替钻井液(二段),0.9871542424823714,0.9871542424823714,2233.3379999999997,2233.3379999999997,2233.3379999999997,0.0,0.04576417935434353,0.0,0.0,0.0,0.9824969913392768,0.008158156367601928,0.0
7638.604479215178,127.3100746535863,替钻井液(二段),0.9872261206214867,0.9872261206214867,2233.3379999999997,2233.3379999999997,2233.3379999999997,0.0,0.04553012920521162,0.0,0.0,0.0,0.9825873437183156,0.008105353751023989,0.0
7640.266485484351,127.33777475807251,替钻井液(二段),0.9872971825331199,0.9872971825331199,2233.3379999999997,2233.3379999999997,2233.3379999999997,0.0,0.04529846502318758,0.0,0.0,0.0,0.9826767699966221,0.008053207953345833,0.0
7641.929774441168,127.36549624068613,替钻井液(二段),0.9873674267384704,0.9873674267384704,2233.3379999999997,2233.3379999999997,2233.3379999999997,0.0,0.045069198696883216,0.0,0.0,0.0,0.9827652659324063,0.008001717342078244,0.0
7643.594331677366,127.39323886128945,替钻井液(二段),0.9874368523848902,0.9874368523848902,2233.3379999999997,2233.3379999999997,2233.3379999999997,0.0,0.04484234031929175,0.0,0.0,0.0,0.9828528280701899,0.0079508797852345,0.0
7645.260142981324,127.42100238302207,替钻井液(二段),0.9875054592722192,0.9875054592722192,2233.3379999999997,2233.3379999999997,2233.3379999999997,0.0,0.044617898045659916,0.0,0.0,0.0,0.9829394537463744,0.007900692627245593,0.0
7646.927194338237,127.44878657230396,替钻井液(二段),0.9875732478373399,0.9875732478373399,2233.3379999999997,2233.3379999999997,2233.3379999999997,0.0,0.0443958780857049,0.0,0.0,0.0,0.9830251410902981,0.007851152728709652,0.0
7648.59547193112,127.476591198852,替钻井液(二段),0.9876402190770391,0.9876402190770391,2233.3379999999997,2233.3379999999997,2233.3379999999997,0.0,0.044176285013112694,0.0,0.0,0.0,0.9831098889525162,0.007802256506170911,0.0
7650.264962141882,127.50441603569804,替钻井液(二段),0.9877063745234982,0.9877063745234982,2233.3379999999997,2233.3379999999997,2233.3379999999997,0.0,0.04395912175283229,0.0,0.0,0.0,0.9831936968517948,0.0077539997672126364,0.0
7651.935651551681,127.53226085919468,替钻井液(二段),0.9877717162372394,0.9877717162372394,2233.3379999999997,2233.3379999999997,2233.3379999999997,0.0,0.04374438962928122,0.0,0.0,0.0,0.983276565001422,0.00770637798596133,0.0
7653.607526941588,127.56012544902646,替钻井液(二段),0.9878362468181245,0.9878362468181245,2233.3379999999997,2233.3379999999997,2233.3379999999997,0.0,0.04353208828272008,0.0,0.0,0.0,0.9833584943180418,0.007659386295330729,0.0
7655.280575293255,127.58800958822093,替钻井液(二段),0.9878999694176416,0.9878999694176416,2233.3379999999997,2233.3379999999997,2233.3379999999997,0.0,0.04332221555816254,0.0,0.0,0.0,0.9834394864190695,0.007613019474320207,0.0
7656.954783789414,127.61591306315691,替钻井液(二段),0.9879628876490364,0.9879628876490364,2233.3379999999997,2233.3379999999997,2233.3379999999997,0.0,0.043114767810742936,0.0,0.0,0.0,0.9835195435077357,0.007567271993034486,0.0
7658.630139814139,127.64383566356898,替钻井液(二段),0.9880250055027294,0.9880250055027294,2233.3379999999997,2233.3379999999997,2233.3379999999997,0.0,0.042909740188762126,0.0,0.0,0.0,0.9835986683215003,0.007522138052100356,0.0
7660.306630952868,127.6717771825478,替钻井液(二段),0.9880863274488884,0.9880863274488884,2233.3379999999997,2233.3379999999997,2233.3379999999997,0.0,0.04270712623059804,0.0,0.0,0.0,0.9836768642119945,0.007477611414081798,0.0
7661.984244992196,127.6997374165366,替钻井液(二段),0.9881468583253583,0.9881468583253583,2233.3379999999997,2233.3379999999997,2233.3379999999997,0.0,0.04250691826081704,0.0,0.0,0.0,0.9837541350295582,0.007433685722324836,0.0
7663.662969919438,127.72771616532397,替钻井液(二段),0.988206603364343,0.988206603364343,2233.3379999999997,2233.3379999999997,2233.3379999999997,0.0,0.0423091072476168,0.0,0.0,0.0,0.9838304851529971,0.007390354439142097,0.0
7665.342774350204,127.75571290583675,替钻井液(二段),0.9882655675428633,0.9882655675428633,2233.3379999999997,2233.3379999999997,2233.3379999999997,0.0,0.04211368488853149,0.0,0.0,0.0,0.9839059186383361,0.007347610820904975,0.0
7667.023636721424,127.78372727869039,替钻井液(二段),0.9883237564954759,0.9883237564954759,2233.3379999999997,2233.3379999999997,2233.3379999999997,0.0,0.04192064066494756,0.0,0.0,0.0,0.9839804404139937,0.00730544847559803,0.0
7668.705545514265,127.81175909190442,替钻井液(二段),0.988381176523001,0.988381176523001,2233.3379999999997,2233.3379999999997,2233.3379999999997,0.0,0.041729961742564485,0.0,0.0,0.0,0.9840540562733365,0.007263860576534172,0.0
7670.3884894142075,127.83980815690346,替钻井液(二段),0.9884378341984753,0.9884378341984753,2233.3379999999997,2233.3379999999997,2233.3379999999997,0.0,0.041541634275629874,0.0,0.0,0.0,0.9841267723908983,0.007222839787661213,0.0
7672.072457310727,127.86787428851213,替钻井液(二段),0.9884937363763832,0.9884937363763832,2233.3379999999997,2233.3379999999997,2233.3379999999997,0.0,0.041355643366851616,0.0,0.0,0.0,0.9841985953349313,0.007182378803521782,0.0
7673.757438295616,127.89595730492694,替钻井液(二段),0.9885488902604491,0.9885488902604491,2233.3379999999997,2233.3379999999997,2233.3379999999997,0.0,0.041171972799664794,0.0,0.0,0.0,0.9842695321282101,0.00714247026802459,0.0
7675.443421660892,127.92405702768154,替钻井液(二段),0.9886033032887416,0.9886033032887416,2233.3379999999997,2233.3379999999997,2233.3379999999997,0.0,0.04099060541314866,0.0,0.0,0.0,0.9843395901038248,0.007103106704631599,0.0
7677.130396896563,127.95217328160939,替钻井液(二段),0.9886569830521277,0.9886569830521277,2233.3379999999997,2233.3379999999997,2233.3379999999997,0.0,0.04081152339287646,0.0,0.0,0.0,0.9844087768244979,0.007064280629394634,0.0
7678.818353688308,127.98030589480513,替钻井液(二段),0.9887099373909424,0.9887099373909424,2233.3379999999997,2233.3379999999997,2233.3379999999997,0.0,0.0406347079196423,0.0,0.0,0.0,0.9844771001954127,0.007025984407800548,0.0
7680.507281915094,128.0084546985849,替钻井液(二段),0.9887621743160088,0.9887621743160088,2233.3379999999997,2233.3379999999997,2233.3379999999997,0.0,0.04046013944494541,0.0,0.0,0.0,0.9845445683697355,0.00698821036921118,0.0
7682.1971716467215,128.03661952744537,替钻井液(二段),0.9888137020433194,0.9888137020433194,2233.3379999999997,2233.3379999999997,2233.3379999999997,0.0,0.04028779755669183,0.0,0.0,0.0,0.984611189791225,0.006950950921504429,0.0
7683.888013141314,128.06480021902192,替钻井液(二段),0.9888645290286721,0.9888645290286721,2233.3379999999997,2233.3379999999997,2233.3379999999997,0.0,0.04011766082192043,0.0,0.0,0.0,0.9846769732072009,0.006914198512292083,0.0
7685.579796841905,128.09299661403173,替钻井液(二段),0.988914663821691,0.988914663821691,2233.3379999999997,2233.3379999999997,2233.3379999999997,0.0,0.039949707318510094,0.0,0.0,0.0,0.984741927518556,0.00687794547062301,0.0
7687.272513373173,128.12120855621956,替钻井液(二段),0.9889641151059398,0.9889641151059398,2233.3379999999997,2233.3379999999997,2233.3379999999997,0.0,0.03978391445919889,0.0,0.0,0.0,0.9848060618086376,0.006842184221887345,0.0
7688.966153540223,128.14943589233704,替钻井液(二段),0.9890128917146086,0.9890128917146086,2233.3379999999997,2233.3379999999997,2233.3379999999997,0.0,0.03962025898323805,0.0,0.0,0.0,0.9848693853761641,0.006806907086238239,0.0
7690.660708326324,128.1776784721054,替钻井液(二段),0.989061002587195,0.989061002587195,2233.3379999999997,2233.3379999999997,2233.3379999999997,0.0,0.03945871707102711,0.0,0.0,0.0,0.984931907678541,0.0067721064873349345,0.0
7692.356168890336,128.20593614817227,替钻井液(二段),0.9891084568068476,0.9891084568068476,2233.3379999999997,2233.3379999999997,2233.3379999999997,0.0,0.03929926419958585,0.0,0.0,0.0,0.9849936383590328,0.006737774926230071,0.0
7694.052526563912,128.2342087760652,替钻井液(二段),0.9891552635825265,0.9891552635825265,2233.3379999999997,2233.3379999999997,2233.3379999999997,0.0,0.0391418752257454,0.0,0.0,0.0,0.9850545872507602,0.006703904921075037,0.0
7695.749772848588,128.26249621414314,替钻井液(二段),0.9892014321637591,0.9892014321637591,2233.3379999999997,2233.3379999999997,2233.3379999999997,0.0,0.03898652465630797,0.0,0.0,0.0,0.9851147642600856,0.006670489017389883,0.0
7697.447899412892,128.29079832354822,替钻井液(二段),0.9892469718929799,0.9892469718929799,2233.3379999999997,2233.3379999999997,2233.3379999999997,0.0,0.038833186479169356,0.0,0.0,0.0,0.9851741794349662,0.006637519788697688,0.0
7699.146898089419,128.31911496815698,替钻井液(二段),0.9892918921909694,0.9892918921909694,2233.3379999999997,2233.3379999999997,2233.3379999999997,0.0,0.03868183423307606,0.0,0.0,0.0,0.98523284294572,0.006604989841473105,0.0
7700.846760871884,128.34744601453139,替钻井液(二段),0.9893362025350406,0.9893362025350406,2233.3379999999997,2233.3379999999997,2233.3379999999997,0.0,0.038532441056823685,0.0,0.0,0.0,0.9852907650609514,0.00657289186973216,0.0
7702.547479912174,128.37579133186958,替钻井液(二段),0.9893799125027501,0.9893799125027501,2233.3379999999997,2233.3379999999997,2233.3379999999997,0.0,0.03838497953236357,0.0,0.0,0.0,0.9853479561899993,0.006541218628030551,0.0
7704.249047517406,128.40415079195677,替钻井液(二段),0.9894230317061388,0.9894230317061388,2233.3379999999997,2233.3379999999997,2233.3379999999997,0.0,0.038239421948218076,0.0,0.0,0.0,0.9854044268216475,0.006509962946915598,0.0
7705.951456147375,128.43252426912292,替钻井液(二段),0.98946556976511,0.98946556976511,2233.3379999999997,2233.3379999999997,2233.3379999999997,0.0,0.03809574035754481,0.0,0.0,0.0,0.9854601874887241,0.00647911768597089,0.0
7707.654698412169,128.46091164020282,替钻井液(二段),0.9895075363418153,0.9895075363418153,2233.3379999999997,2233.3379999999997,2233.3379999999997,0.0,0.03795390648456489,0.0,0.0,0.0,0.9855152487995295,0.00644867574127397,0.0
7709.358767068464,128.4893127844744,替钻井液(二段),0.9895489411076744,0.9895489411076744,2233.3379999999997,2233.3379999999997,2233.3379999999997,0.0,0.03781389184788985,0.0,0.0,0.0,0.9855696214107844,0.006418630093263717,0.0
7711.063655016194,128.51772758360323,替钻井液(二段),0.9895897937647211,0.9895897937647211,2233.3379999999997,2233.3379999999997,2233.3379999999997,0.0,0.037675667664763345,0.0,0.0,0.0,0.9856233160536653,0.006388973745623178,0.0
7712.769355295334,128.5461559215889,替钻井液(二段),0.9896301040431223,0.9896301040431223,2233.3379999999997,2233.3379999999997,2233.3379999999997,0.0,0.03753920486651681,0.0,0.0,0.0,0.985676343517857,0.0063596998494272325,0.0
7714.475861083032,128.5745976847172,替钻井液(二段),0.9896698816526039,0.9896698816526039,2233.3379999999997,2233.3379999999997,2233.3379999999997,0.0,0.037404474298109,0.0,0.0,0.0,0.9857287146105579,0.006330801574847965,0.0
7716.183165690879,128.60305276151465,替钻井液(二段),0.9897091362663558,0.9897091362663558,2233.3379999999997,2233.3379999999997,2233.3379999999997,0.0,0.037271446748269224,0.0,0.0,0.0,0.9857804401355532,0.0063022721592615955,0.0
7717.891262562217,128.6315210427036,替钻井液(二段),0.989747877541127,0.989747877541127,2233.3379999999997,2233.3379999999997,2233.3379999999997,0.0,0.03714009289983163,0.0,0.0,0.0,0.9858315309164356,0.006274104905206467,0.0
7719.600145269483,128.66000242115805,替钻井液(二段),0.9897861151032646,0.9897861151032646,2233.3379999999997,2233.3379999999997,2233.3379999999997,0.0,0.037010383385014625,0.0,0.0,0.0,0.9858819977741794,0.006246293161915415,0.0
7721.3098075115595,128.68849679185934,替钻井液(二段),0.9898238585790529,0.9898238585790529,2233.3379999999997,2233.3379999999997,2233.3379999999997,0.0,0.036882288654238315,0.0,0.0,0.0,0.9859318515622226,0.006218830332212413,0.0
7723.020243111152,128.71700405185254,替钻井液(二段),0.989861117537467,0.989861117537467,2233.3379999999997,2233.3379999999997,2233.3379999999997,0.0,0.03675577921045922,0.0,0.0,0.0,0.9859811031138893,0.006191709952660087,0.0
7724.731446012175,128.7455241002029,替钻井液(二段),0.9898979014809408,0.9898979014809408,2233.3379999999997,2233.3379999999997,2233.3379999999997,0.0,0.036630825652890636,0.0,0.0,0.0,0.986029763228085,0.006164925594169486,0.0
7726.443410277158,128.77405683795263,替钻井液(二段),0.9899342198428526,0.9899342198428526,2233.3379999999997,2233.3379999999997,2233.3379999999997,0.0,0.03650739866110485,0.0,0.0,0.0,0.9860778426548195,0.006138470920212802,0.0
7728.156130084671,128.80260216807784,替钻井液(二段),0.9899700819853782,0.9899700819853782,2233.3379999999997,2233.3379999999997,2233.3379999999997,0.0,0.03638546902374068,0.0,0.0,0.0,0.986125352100413,0.006112339648631586,0.0
7729.86959972677,128.83115999544617,替钻井液(二段),0.9900054972221033,0.9900054972221033,2233.3379999999997,2233.3379999999997,2233.3379999999997,0.0,0.036265007560386926,0.0,0.0,0.0,0.9861723022521597,0.006086525547346892,0.0
7731.583813606477,128.85973022677462,替钻井液(二段),0.99004047479091,0.99004047479091,2233.3379999999997,2233.3379999999997,2233.3379999999997,0.0,0.03614598520668783,0.0,0.0,0.0,0.9862187037487121,0.006061022460641172,0.0
7733.2987662352825,128.88831277058804,替钻井液(二段),0.9900750238174314,0.9900750238174314,2233.3379999999997,2233.3379999999997,2233.3379999999997,0.0,0.036028373179230515,0.0,0.0,0.0,0.9862645671359948,0.006035824317192394,0.0
7735.014452230681,128.91690753717802,替钻井液(二段),0.9901091533400123,0.9901091533400123,2233.3379999999997,2233.3379999999997,2233.3379999999997,0.0,0.03591214287606398,0.0,0.0,0.0,0.9863099028961162,0.006010925139311019,0.0
7736.730866313738,128.9455144385623,替钻井液(二段),0.9901428722863377,0.9901428722863377,2233.3379999999997,2233.3379999999997,2233.3379999999997,0.0,0.03579726595289889,0.0,0.0,0.0,0.9863547214172067,0.00598631904813611,0.0
7738.4480033067,128.974133388445,替钻井液(二段),0.9901761894757949,0.9901761894757949,2233.3379999999997,2233.3379999999997,2233.3379999999997,0.0,0.03568371432574335,0.0,0.0,0.0,0.9863990329978587,0.0059620002139772164,0.0
7740.165858130635,129.00276430217724,替钻井液(二段),0.9902091136453476,0.9902091136453476,2233.3379999999997,2233.3379999999997,2233.3379999999997,0.0,0.03557146008633903,0.0,0.0,0.0,0.9864428478766633,0.005937962870629402,0.0
7741.884425803117,129.03140709671862,替钻井液(二段),0.9902416533921936,0.9902416533921936,2233.3379999999997,2233.3379999999997,2233.3379999999997,0.0,0.03546047570150626,0.0,0.0,0.0,0.9864861761572356,0.0059142013565744705,0.0
7743.603701435954,129.0600616905992,替钻井液(二段),0.9902738171902988,0.9902738171902988,2233.3379999999997,2233.3379999999997,2233.3379999999997,0.0,0.035350733977090786,0.0,0.0,0.0,0.9865290278359,0.005890710039172649,0.0
7745.323680232952,129.08872800388252,替钻井液(二段),0.9903056133907853,0.9903056133907853,2233.3379999999997,2233.3379999999997,2233.3379999999997,0.0,0.035242208044680715,0.0,0.0,0.0,0.986571412796613,0.005867483404919156,0.0
7747.044357487727,129.11740595812878,替钻井液(二段),0.9903370502042075,0.9903370502042075,2233.3379999999997,2233.3379999999997,2233.3379999999997,0.0,0.035134871428301406,0.0,0.0,0.0,0.9866133407893276,0.00584451606364563,0.0
7748.765728581556,129.14609547635925,替钻井液(二段),0.9903681357117106,0.9903681357117106,2233.3379999999997,2233.3379999999997,2233.3379999999997,0.0,0.035028698010057556,0.0,0.0,0.0,0.9866548214454655,0.005821802676098236,0.0
7750.487788981274,129.17479648302123,替钻井液(二段),0.9903988778758007,0.9903988778758007,2233.3379999999997,2233.3379999999997,2233.3379999999997,0.0,0.03492366199597647,0.0,0.0,0.0,0.9866958642810694,0.0057993380108433325,0.0
7752.21053423722,129.20350890395366,替钻井液(二段),0.9904292844927214,0.9904292844927214,2233.3379999999997,2233.3379999999997,2233.3379999999997,0.0,0.03481973808972978,0.0,0.0,0.0,0.9867364786440572,0.005777116892483264,0.0
7753.9339599812165,129.2322326663536,替钻井液(二段),0.9904593632285035,0.9904593632285035,2233.3379999999997,2233.3379999999997,2233.3379999999997,0.0,0.03471690137373915,0.0,0.0,0.0,0.9867766737558317,0.005755134238176246,0.0
7755.658061924605,129.26096769874343,替钻井液(二段),0.9904891215968621,0.9904891215968621,2233.3379999999997,2233.3379999999997,2233.3379999999997,0.0,0.034615127382679155,0.0,0.0,0.0,0.9868164586825067,0.005733385055316895,0.0
7757.38283585631,129.2897139309385,替钻井液(二段),0.9905185669575722,0.9905185669575722,2233.3379999999997,2233.3379999999997,2233.3379999999997,0.0,0.03451439211139194,0.0,0.0,0.0,0.9868558423309549,0.0057118644235457875,0.0
7759.108277640231,129.31847129400384,替钻井液(二段),0.9905477065320307,0.9905477065320307,2233.3379999999997,2233.3379999999997,2233.3379999999997,0.0,0.03441467196563839,0.0,0.0,0.0,0.9868948334681928,0.0056905675210310765,0.0
7760.834383213562,129.34723972022604,替钻井液(二段),0.9905765473933895,0.9905765473933895,2233.3379999999997,2233.3379999999997,2233.3379999999997,0.0,0.03431594380177412,0.0,0.0,0.0,0.9869334407071978,0.005669489644167883,0.0
7762.5611485856,129.37601914309332,替钻井液(二段),0.9906050964561665,0.9906050964561665,2233.3379999999997,2233.3379999999997,2233.3379999999997,0.0,0.03421818496507184,0.0,0.0,0.0,0.986971672489491,0.0056486261729336296,0.0
7764.288569836151,129.40480949726918,替钻井液(二段),0.9906333604911499,0.9906333604911499,2233.3379999999997,2233.3379999999997,2233.3379999999997,0.0,0.034121373244512435,0.0,0.0,0.0,0.9870095371054729,0.0056279725726139955,0.0
7766.016643113858,129.4336107185643,替钻井液(二段),0.9906613461091712,0.9906613461091712,2233.3379999999997,2233.3379999999997,2233.3379999999997,0.0,0.03402548692617679,0.0,0.0,0.0,0.9870470426727874,0.00560752439259115,0.0
7767.745364634505,129.4624227439084,替钻井液(二段),0.9906890597660453,0.9906890597660453,2233.3379999999997,2233.3379999999997,2233.3379999999997,0.0,0.03393050477685762,0.0,0.0,0.0,0.9870841971393711,0.005587277265313372,0.0
7769.47473067936,129.49124551132266,替钻井液(二段),0.9907165077825982,0.9907165077825982,2233.3379999999997,2233.3379999999997,2233.3379999999997,0.0,0.03383640598078051,0.0,0.0,0.0,0.9871210083064758,0.005567226919446024,0.0
7771.20473759357,129.52007895989283,替钻井液(二段),0.9907436963167476,0.9907436963167476,2233.3379999999997,2233.3379999999997,2233.3379999999997,0.0,0.03374317024195826,0.0,0.0,0.0,0.9871574837967586,0.005547369173339433,0.0
7772.935381784599,129.54892302974332,替钻井液(二段),0.9907706313811708,0.9907706313811708,2233.3379999999997,2233.3379999999997,2233.3379999999997,0.0,0.03365077772025586,0.0,0.0,0.0,0.9871936310722572,0.005527699911412789,0.0
7774.666659720675,129.57777766201124,替钻井液(二段),0.9907973188427053,0.9907973188427053,2233.3379999999997,2233.3379999999997,2233.3379999999997,0.0,0.033559209042127364,0.0,0.0,0.0,0.9872294574281599,0.005508215123618089,0.0
7776.3985679293,129.60664279882167,替钻井液(二段),0.9908237644122134,0.9908237644122134,2233.3379999999997,2233.3379999999997,2233.3379999999997,0.0,0.03346844532809382,0.0,0.0,0.0,0.9872649699824926,0.005488910904941095,0.0
7778.131102995857,129.63551838326427,替钻井液(二段),0.9908499736615165,0.9908499736615165,2233.3379999999997,2233.3379999999997,2233.3379999999997,0.0,0.03337846813703503,0.0,0.0,0.0,0.9873001756948552,0.00546978344383442,0.0
7779.864261562192,129.66440435936985,替钻井液(二段),0.9908759520256037,0.9908759520256037,2233.3379999999997,2233.3379999999997,2233.3379999999997,0.0,0.03328925947309696,0.0,0.0,0.0,0.9873350813710545,0.005450829010338935,0.0
7781.598040325213,129.69330067208688,替钻井液(二段),0.9909017047854944,0.9909017047854944,2233.3379999999997,2233.3379999999997,2233.3379999999997,0.0,0.03320080183448147,0.0,0.0,0.0,0.9873696936384091,0.0054320439459509245,0.0
7783.332436035526,129.72220726725877,替钻井液(二段),0.9909272370910212,0.9909272370910212,2233.3379999999997,2233.3379999999997,2233.3379999999997,0.0,0.033113078143595785,0.0,0.0,0.0,0.9874040189733719,0.005413424688753433,0.0
7785.067445496101,129.75112409160167,替钻井液(二段),0.9909525539548418,0.9909525539548418,2233.3379999999997,2233.3379999999997,2233.3379999999997,0.0,0.03302607176733445,0.0,0.0,0.0,0.9874380636940002,0.005394967735158495,0.0
7786.803065560981,129.780051092683,替钻井液(二段),0.9909776602487637,0.9909776602487637,2233.3379999999997,2233.3379999999997,2233.3379999999997,0.0,0.032939766524242846,0.0,0.0,0.0,0.9874718339533025,0.005376669688264605,0.0
7788.539293134034,129.80898821890057,替钻井液(二段),0.9910025607212051,0.9910025607212051,2233.3379999999997,2233.3379999999997,2233.3379999999997,0.0,0.03285414663101051,0.0,0.0,0.0,0.9875053357615767,0.005358527226354366,0.0
7790.276125167736,129.83793541946227,替钻井液(二段),0.9910272599866335,0.9910272599866335,2233.3379999999997,2233.3379999999997,2233.3379999999997,0.0,0.032769196747284755,0.0,0.0,0.0,0.9875385749651774,0.005340537094492991,0.0
7792.013558662004,129.86689264436671,替钻井液(二段),0.9910517625253278,0.9910517625253278,2233.3379999999997,2233.3379999999997,2233.3379999999997,0.0,0.032684901965611746,0.0,0.0,0.0,0.987571557249863,0.005322696134416833,0.0
7793.751590663195,129.8958598443866,替钻井液(二段),0.9910760726996416,0.9910760726996416,2233.3379999999997,2233.3379999999997,2233.3379999999997,0.0,0.03260124776393764,0.0,0.0,0.0,0.9876042881617563,0.005305001275341822,0.0
7795.490218263447,129.92483697105746,替钻井液(二段),0.9911001947505381,0.9911001947505381,2233.3379999999997,2233.3379999999997,2233.3379999999997,0.0,0.032518220020022755,0.0,0.0,0.0,0.9876367731025304,0.005287449519259075,0.0
7797.229438599034,129.95382397665057,替钻井液(二段),0.9911241327987723,0.9911241327987723,2233.3379999999997,2233.3379999999997,2233.3379999999997,0.0,0.03243580499989722,0.0,0.0,0.0,0.9876690173281704,0.005270037942389325,0.0
7798.969248848997,129.98282081414996,替钻井液(二段),0.9911478908524396,0.9911478908524396,2233.3379999999997,2233.3379999999997,2233.3379999999997,0.0,0.03235398934273332,0.0,0.0,0.0,0.9877010259597814,0.005252763693199438,0.0
7800.709646234097,130.01182743723496,替钻井液(二段),0.9911714728044583,0.9911714728044583,2233.3379999999997,2233.3379999999997,2233.3379999999997,0.0,0.032272760067859105,0.0,0.0,0.0,0.98773280398012,0.005235623985954556,0.0
7802.450628015891,130.04084380026487,替钻井液(二段),0.9911948824332764,0.9911948824332764,2233.3379999999997,2233.3379999999997,2233.3379999999997,0.0,0.032192104567087584,0.0,0.0,0.0,0.9877643562319989,0.005218616105188054,0.0
7804.1921914958675,130.06986985826447,替钻井液(二段),0.9912181234180218,0.9912181234180218,2233.3379999999997,2233.3379999999997,2233.3379999999997,0.0,0.03211201056570916,0.0,0.0,0.0,0.9877956874417309,0.0052017374116074735,0.0
7805.9343340145915,130.09890556690985,替钻井液(二段),0.9912411993275401,0.9912411993275401,2233.3379999999997,2233.3379999999997,2233.3379999999997,0.0,0.032032466149002174,0.0,0.0,0.0,0.9878268021954646,0.005184985324507301,0.0
7807.677052950873,130.12795088251454,替钻井液(二段),0.9912641136267286,0.9912641136267286,2233.3379999999997,2233.3379999999997,2233.3379999999997,0.0,0.03195345974140784,0.0,0.0,0.0,0.9878577049492787,0.005168357338392676,0.0
7809.420345720937,130.15700576201561,替钻井液(二段),0.9912868696796466,0.9912868696796466,2233.3379999999997,2233.3379999999997,2233.3379999999997,0.0,0.031874980102503274,0.0,0.0,0.0,0.9878884000340545,0.005151851016322191,0.0
7811.164209777605,130.18607016296008,替钻井液(二段),0.9913094707541048,0.9913094707541048,2233.3379999999997,2233.3379999999997,2233.3379999999997,0.0,0.031797016310985596,0.0,0.0,0.0,0.9879188916622507,0.005135463985604737,0.0
7812.908642609486,130.21514404349145,替钻井液(二段),0.9913319200272815,0.9913319200272815,2233.3379999999997,2233.3379999999997,2233.3379999999997,0.0,0.03171955774454346,0.0,0.0,0.0,0.9879491839339993,0.005119193935031059,0.0
7814.653641740183,130.24422736233637,替钻井液(二段),0.99135422059063,0.99135422059063,2233.3379999999997,2233.3379999999997,2233.3379999999997,0.0,0.03164259407229883,0.0,0.0,0.0,0.9879792808444597,0.0051030386123568205,0.0
7816.3992047275,130.27332007879167,替钻井液(二段),0.99137637544016,0.99137637544016,2233.3379999999997,2233.3379999999997,2233.3379999999997,0.0,0.031566115273545456,0.0,0.0,0.0,0.98800918627049,0.005086995824101447,0.0
7818.145329162676,130.30242215271127,替钻井液(二段),0.9913983874876596,0.9913983874876596,2233.3379999999997,2233.3379999999997,2233.3379999999997,0.0,0.031490111607413676,0.0,0.0,0.0,0.9880389039843143,0.005071063434828871,0.0
7819.8920126696285,130.3315335444938,替钻井液(二段),0.9914202595620965,0.9914202595620965,2233.3379999999997,2233.3379999999997,2233.3379999999997,0.0,0.03141457361044715,0.0,0.0,0.0,0.9880684376565482,0.005055239365058615,0.0
7821.639241012084,130.36065401686807,替钻井液(二段),0.9914419942612407,0.9914419942612407,2233.3379999999997,2233.3379999999997,2233.3379999999997,0.0,0.03133949260379254,0.0,0.0,0.0,0.9880977906472471,0.005039521590752703,0.0
7823.38699648466,130.38978327474433,替钻井液(二段),0.9914635940648377,0.9914635940648377,2233.3379999999997,2233.3379999999997,2233.3379999999997,0.0,0.03126486030772555,0.0,0.0,0.0,0.9881269661648745,0.005023908248727021,0.0
7825.135276853626,130.41892128089378,替钻井液(二段),0.9914850615703621,0.9914850615703621,2233.3379999999997,2233.3379999999997,2233.3379999999997,0.0,0.031190668027270278,0.0,0.0,0.0,0.9881559675842931,0.00500839755652653,0.0
7826.884079913986,130.44806799856644,替钻井液(二段),0.9915063993035672,0.9915063993035672,2233.3379999999997,2233.3379999999997,2233.3379999999997,0.0,0.031116907305590382,0.0,0.0,0.0,0.9881847981899975,0.004992987643306726,0.0
7828.633403489618,130.47722339149362,替钻井液(二段),0.9915276097178384,0.9915276097178384,2233.3379999999997,2233.3379999999997,2233.3379999999997,0.0,0.031043569927776484,0.0,0.0,0.0,0.9882134611754618,0.004977676687134726,0.0
7830.383245432734,130.5063874238789,替钻井液(二段),0.9915486951964517,0.9915486951964517,2233.3379999999997,2233.3379999999997,2233.3379999999997,0.0,0.030970647913220656,0.0,0.0,0.0,0.988241959645808,0.004962462915004352,0.0
7832.133603623194,130.53556006038656,替钻井液(二段),0.9915696580558557,0.9915696580558557,2233.3379999999997,2233.3379999999997,2233.3379999999997,0.0,0.030898133503969888,0.0,0.0,0.0,0.9882702966221968,0.004947344601448882,0.0
7833.884475967824,130.5647412661304,替钻井液(二段),0.9915905005458786,0.9915905005458786,2233.3379999999997,2233.3379999999997,2233.3379999999997,0.0,0.030826019165148093,0.0,0.0,0.0,0.9882984750399951,0.004932320066501655,0.0
7835.635860399759,130.59393100666264,替钻井液(二段),0.9916112248537395,0.9916112248537395,2233.3379999999997,2233.3379999999997,2233.3379999999997,0.0,0.03075429757040075,0.0,0.0,0.0,0.9883264977549227,0.004917387676126508,0.0
7837.387754877823,130.6231292479637,替钻井液(二段),0.9916318331056457,0.9916318331056457,2233.3379999999997,2233.3379999999997,2233.3379999999997,0.0,0.03068296159681123,0.0,0.0,0.0,0.988354367544506,0.004902545839589332,0.0
7839.1401573859475,130.65233595643247,替钻井液(二段),0.9916523273665623,0.9916523273665623,2233.3379999999997,2233.3379999999997,2233.3379999999997,0.0,0.030612004326964804,0.0,0.0,0.0,0.9883820871080671,0.004887793008472681,0.0
7840.893065932613,130.6815510988769,替钻井液(二段),0.9916727096435314,0.9916727096435314,2233.3379999999997,2233.3379999999997,2233.3379999999997,0.0,0.030541419037082802,0.0,0.0,0.0,0.9884096590706278,0.004873127676451385,0.0
7842.646478550318,130.7107746425053,替钻井液(二段),0.9916929818876141,0.9916929818876141,2233.3379999999997,2233.3379999999997,2233.3379999999997,0.0,0.030471199190529506,0.0,0.0,0.0,0.9884370859852412,0.0048585483774555216,0.0
7844.400393295069,130.7400065549178,替钻井液(二段),0.9917131459963301,0.9917131459963301,2233.3379999999997,2233.3379999999997,2233.3379999999997,0.0,0.030401338429318824,0.0,0.0,0.0,0.9884643703360362,0.0048440536844617955,0.0
7846.1548082459,130.76924680409834,替钻井液(二段),0.9917332038157929,0.9917332038157929,2233.3379999999997,2233.3379999999997,2233.3379999999997,0.0,0.030331830566831353,0.0,0.0,0.0,0.9884915145406081,0.004829642208137827,0.0
7847.9097215043985,130.79849535840665,替钻井液(二段),0.9917531571401639,0.9917531571401639,2233.3379999999997,2233.3379999999997,2233.3379999999997,0.0,0.03026266959098157,0.0,0.0,0.0,0.9885185209495913,0.004815312595477104,0.0
7849.665131194252,130.82775218657088,替钻井液(二段),0.9917730077137482,0.9917730077137482,2233.3379999999997,2233.3379999999997,2233.3379999999997,0.0,0.030193849656986096,0.0,0.0,0.0,0.9885453918492325,0.004801063529672434,0.0
7851.421035460814,130.85701725768024,替钻井液(二段),0.9917927572331862,0.9917927572331862,2233.3379999999997,2233.3379999999997,2233.3379999999997,0.0,0.030125365079749302,0.0,0.0,0.0,0.9885721294640775,0.004786893728838007,0.0
7853.177432470677,130.88629054117794,替钻井液(二段),0.9918124073492242,0.9918124073492242,2233.3379999999997,2233.3379999999997,2233.3379999999997,0.0,0.030057210327842174,0.0,0.0,0.0,0.9885987359591561,0.004772801944731682,0.0
7854.934320411258,130.91557200685432,替钻井液(二段),0.991831959668615,0.991831959668615,2233.3379999999997,2233.3379999999997,2233.3379999999997,0.0,0.02998938001696654,0.0,0.0,0.0,0.9886252134422692,0.004758786961608094,0.0
7856.6916974904025,130.94486162484003,替钻井液(二段),0.9918514157553461,0.9918514157553461,2233.3379999999997,2233.3379999999997,2233.3379999999997,0.0,0.029921868905987296,0.0,0.0,0.0,0.9886515639656289,0.00474484759505656,0.0
7858.449561935896,130.97415936559827,替钻井液(二段),0.9918707771304781,0.9918707771304781,2233.3379999999997,2233.3379999999997,2233.3379999999997,0.0,0.029854671898421718,0.0,0.0,0.0,0.9886777895260089,0.004730982691107426,0.0
7860.207911995276,131.00346519992127,替钻井液(二段),0.9918900452751329,0.9918900452751329,2233.3379999999997,2233.3379999999997,2233.3379999999997,0.0,0.029787784031520815,0.0,0.0,0.0,0.988703892068182,0.004717191125997208,0.0
7861.966745936088,131.0327790989348,替钻井液(二段),0.9919092216306443,0.9919092216306443,2233.3379999999997,2233.3379999999997,2233.3379999999997,0.0,0.02972120047645795,0.0,0.0,0.0,0.9887298734850678,0.004703471804505174,0.0
7863.726062044859,131.06210103408097,替钻井液(二段),0.9919283076008083,0.9919283076008083,2233.3379999999997,2233.3379999999997,2233.3379999999997,0.0,0.029654916530249285,0.0,0.0,0.0,0.9887557356206275,0.004689823659695493,0.0
7865.485858626646,131.09143097711078,替钻井液(二段),0.9919473045535767,0.9919473045535767,2233.3379999999997,2233.3379999999997,2233.3379999999997,0.0,0.029588927609828508,0.0,0.0,0.0,0.9887814802726174,0.004676245651539159,0.0
7867.246134004685,131.12076890007808,替钻井液(二段),0.9919662138215072,0.9919662138215072,2233.3379999999997,2233.3379999999997,2233.3379999999997,0.0,0.02952322925097895,0.0,0.0,0.0,0.9888071091920448,0.004662736765624292,0.0
7869.0068865200365,131.15011477533395,替钻井液(二段),0.9919850367023894,0.9919850367023894,2233.3379999999997,2233.3379999999997,2233.3379999999997,0.0,0.02945781710653759,0.0,0.0,0.0,0.9888326240845118,0.004649296013296027,0.0
7870.768114531271,131.17946857552118,替钻井液(二段),0.9920037744603838,0.9920037744603838,2233.3379999999997,2233.3379999999997,2233.3379999999997,0.0,0.029392686942553037,0.0,0.0,0.0,0.9888580266118413,0.0046359224307283425,0.0
7872.529816414142,131.20883027356905,替钻井液(二段),0.9920224283271961,0.9920224283271961,2233.3379999999997,2233.3379999999997,2233.3379999999997,0.0,0.029327834634309814,0.0,0.0,0.0,0.9888833183934664,0.004622615078152486,0.0
7874.291990561283,131.23819984268803,替钻井液(二段),0.9920409995034385,0.9920409995034385,2233.3379999999997,2233.3379999999997,2233.3379999999997,0.0,0.029263256161568014,0.0,0.0,0.0,0.9889085010082321,0.004609373039051848,0.0
7876.054635381892,131.26757725636486,替钻井液(二段),0.9920594891597732,0.9920594891597732,2233.3379999999997,2233.3379999999997,2233.3379999999997,0.0,0.029198947604645996,0.0,0.0,0.0,0.9889335759958249,0.004596195419346333,0.0
7877.817749301438,131.2969624883573,替钻井液(二段),0.9920778984369787,0.9920778984369787,2233.3379999999997,2233.3379999999997,2233.3379999999997,0.0,0.029134905144723066,0.0,0.0,0.0,0.9889585448569497,0.004583081346618907,0.0
7879.5813307613635,131.3263555126894,替钻井液(二段),0.9920962284475427,0.9920962284475427,2233.3379999999997,2233.3379999999997,2233.3379999999997,0.0,0.029071125058101263,0.0,0.0,0.0,0.9889834090553246,0.0045700299698496795,0.0
7881.345378218796,131.35575630364661,替钻井液(二段),0.9921144802762136,0.9921144802762136,2233.3379999999997,2233.3379999999997,2233.3379999999997,0.0,0.02900760371455105,0.0,0.0,0.0,0.9890081700184546,0.004557040458467667,0.0
7883.109890146273,131.3851648357712,替钻井液(二段),0.9921326549811849,0.9921326549811849,2233.3379999999997,2233.3379999999997,2233.3379999999997,0.0,0.028944337573163156,0.0,0.0,0.0,0.9890328291393468,0.00454411200190806,0.0
7884.874865031465,131.41458108385774,替钻井液(二段),0.9921507535947288,0.9921507535947288,2233.3379999999997,2233.3379999999997,2233.3379999999997,0.0,0.028881323180316647,0.0,0.0,0.0,0.9890573877768729,0.004531243808863079,0.0
7886.640301376916,131.4440050229486,替钻井液(二段),0.9921687771241516,0.9921687771241516,2233.3379999999997,2233.3379999999997,2233.3379999999997,0.0,0.028818557166385664,0.0,0.0,0.0,0.9890818472572027,0.004518435106815381,0.0
7888.406197699791,131.47343662832984,替钻井液(二段),0.9921867265522871,0.9921867265522871,2233.3379999999997,2233.3379999999997,2233.3379999999997,0.0,0.02875603624424611,0.0,0.0,0.0,0.9891062088744756,0.004505685141377378,0.0
7890.172552531621,131.502875875527,替钻井液(二段),0.992204602838877,0.992204602838877,2233.3379999999997,2233.3379999999997,2233.3379999999997,0.0,0.028693757204272596,0.0,0.0,0.0,0.9891304738926856,0.004492993175905381,0.0
7891.939364418091,131.5323227403015,替钻井液(二段),0.9922224069198481,0.9922224069198481,2233.3379999999997,2233.3379999999997,2233.3379999999997,0.0,0.0286317169175612,0.0,0.0,0.0,0.9891546435447123,0.004480358490740847,0.0
7893.706631918818,131.56177719864698,替钻井液(二段),0.9922401397089785,0.9922401397089785,2233.3379999999997,2233.3379999999997,2233.3379999999997,0.0,0.028569912329800322,0.0,0.0,0.0,0.9891787190344252,0.004467780383227556,0.0
7895.474353607105,131.59123922678506,替钻井液(二段),0.9922578020984508,0.9922578020984508,2233.3379999999997,2233.3379999999997,2233.3379999999997,0.0,0.028508340459465934,0.0,0.0,0.0,0.9892027015373104,0.0044552581668642005,0.0
7897.2425280697025,131.6207088011617,替钻井液(二段),0.9922753949591311,0.9922753949591311,2233.3379999999997,2233.3379999999997,2233.3379999999997,0.0,0.028446998397079502,0.0,0.0,0.0,0.9892265922009658,0.004442791170811069,0.0
7899.011153906574,131.65018589844288,替钻井液(二段),0.9922929191413173,0.9922929191413173,2233.3379999999997,2233.3379999999997,2233.3379999999997,0.0,0.028385883302626314,0.0,0.0,0.0,0.9892503921461281,0.0044303787397080244,0.0
7900.78022973067,131.67967049551117,替钻井液(二段),0.9923103754753957,0.9923103754753957,2233.3379999999997,2233.3379999999997,2233.3379999999997,0.0,0.028324992403312772,0.0,0.0,0.0,0.9892741024674091,0.004418020233074801,0.0
7902.549754167713,131.70916256946188,替钻井液(二段),0.9923277647723279,0.9923277647723279,2233.3379999999997,2233.3379999999997,2233.3379999999997,0.0,0.028264322991971826,0.0,0.0,0.0,0.9892977242339884,0.004405715024901971,0.0
7904.319725855991,131.73866209759984,替钻井液(二段),0.9923450878245351,0.9923450878245351,2233.3379999999997,2233.3379999999997,2233.3379999999997,0.0,0.028203872423911182,0.0,0.0,0.0,0.9893212584906996,0.004393462503314829,0.0
7906.090143446157,131.76816905743595,替钻井液(二段),0.99236234540638,0.99236234540638,2233.3379999999997,2233.3379999999997,2233.3379999999997,0.0,0.02814363811532063,0.0,0.0,0.0,0.9893447062588085,0.004381262070027999,0.0
7907.861005601037,131.79768342668393,替钻井液(二段),0.9923795382743338,0.9923795382743338,2233.3379999999997,2233.3379999999997,2233.3379999999997,0.0,0.028083617542897548,0.0,0.0,0.0,0.9893680685360469,0.004369113139956946,0.0
7909.632310995517,131.82720518325863,替钻井液(二段),0.9923966671678698,0.9923966671678698,2233.3379999999997,2233.3379999999997,2233.3379999999997,0.0,0.02802380824063793,0.0,0.0,0.0,0.9893913462976969,0.0043570151410144906,0.0
7911.404058316692,131.8567343052782,替钻井液(二段),0.992413732809694,0.992413732809694,2233.3379999999997,2233.3379999999997,2233.3379999999997,0.0,0.027964207799184813,0.0,0.0,0.0,0.9894145404971386,0.004344967513568017,0.0
7913.176246263285,131.88627077105474,替钻井液(二段),0.9924307359060354,0.9924307359060354,2233.3379999999997,2233.3379999999997,2233.3379999999997,0.0,0.0279048138649604,0.0,0.0,0.0,0.9894376520661372,0.004332969710280662,0.0
7914.948873545464,131.91581455909107,替钻井液(二段),0.9924476771472746,0.9924476771472746,2233.3379999999997,2233.3379999999997,2233.3379999999997,0.0,0.027845624137940405,0.0,0.0,0.0,0.9894606819159216,0.004321021195834799,0.0
7916.721938884688,131.94536564807814,替钻井液(二段),0.9924645572082331,0.9924645572082331,2233.3379999999997,2233.3379999999997,2233.3379999999997,0.0,0.027786636370772458,0.0,0.0,0.0,0.9894836309369399,0.004309121446338899,0.0
7918.495441013571,131.97492401689286,替钻井液(二段),0.9924813767485212,0.9924813767485212,2233.3379999999997,2233.3379999999997,2233.3379999999997,0.0,0.02772784836763854,0.0,0.0,0.0,0.9895064999995995,0.0042972699493787556,0.0
7920.269378675756,132.00448964459594,替钻井液(二段),0.9924981364134107,0.9924981364134107,2233.3379999999997,2233.3379999999997,2233.3379999999997,0.0,0.027669257981066245,0.0,0.0,0.0,0.9895292899554248,0.00428546620363601,0.0
7922.0437506257795,132.03406251042966,替钻井液(二段),0.9925148368338961,0.9925148368338961,2233.3379999999997,2233.3379999999997,2233.3379999999997,0.0,0.027610863111894868,0.0,0.0,0.0,0.9895520016371961,0.004273709718363868,0.0
7923.81855562893,132.0636425938155,替钻井液(二段),0.9925314786270937,0.9925314786270937,2233.3379999999997,2233.3379999999997,2233.3379999999997,0.0,0.02755266170793387,0.0,0.0,0.0,0.9895746358594318,0.004262000013229693,0.0
7925.593792461114,132.09322987435192,替钻井液(二段),0.9925480623966811,0.9925480623966811,2233.3379999999997,2233.3379999999997,2233.3379999999997,0.0,0.027494651762440918,0.0,0.0,0.0,0.9895971934189532,0.004250336618049212,0.0
7927.369459908714,132.1228243318119,替钻井液(二段),0.9925645887331284,0.9925645887331284,2233.3379999999997,2233.3379999999997,2233.3379999999997,0.0,0.027436831313412527,0.0,0.0,0.0,0.9896196750952083,0.004238719072465259,0.0
7929.145556768438,132.15242594614062,替钻井液(二段),0.9925810582142575,0.9925810582142575,2233.3379999999997,2233.3379999999997,2233.3379999999997,0.0,0.027379198441587087,0.0,0.0,0.0,0.98964208165104,0.004227146925797941,0.0
7930.922081847177,132.18203469745293,替钻井液(二段),0.9925974714059788,0.9925974714059788,2233.3379999999997,2233.3379999999997,2233.3379999999997,0.0,0.027321751267740377,0.0,0.0,0.0,0.9896644138336371,0.004215619736660219,0.0
7932.699033961853,132.2116505660309,替钻井液(二段),0.9926138288621937,0.9926138288621937,2233.3379999999997,2233.3379999999997,2233.3379999999997,0.0,0.027264487953248113,0.0,0.0,0.0,0.9896866723741887,0.0042041370725226625,0.0
7934.476411939276,132.24127353232126,替钻井液(二段),0.9926301311248427,0.9926301311248427,2233.3379999999997,2233.3379999999997,2233.3379999999997,0.0,0.027207406700075296,0.0,0.0,0.0,0.9897088579881345,0.0041926985097317316,0.0
7936.254214615991,132.2709035769332,替钻井液(二段),0.9926463787245207,0.9926463787245207,2233.3379999999997,2233.3379999999997,2233.3379999999997,0.0,0.02715050574852656,0.0,0.0,0.0,0.9897309713759536,0.00418130363335516,0.0
7938.032440838145,132.30054068063575,替钻井液(二段),0.9926625721806329,0.9926625721806329,2233.3379999999997,2233.3379999999997,2233.3379999999997,0.0,0.027093783376800254,0.0,0.0,0.0,0.9897530132233758,0.004169952036847344,0.0
7939.811089461339,132.33018482435565,替钻井液(二段),0.9926787120019616,0.9926787120019616,2233.3379999999997,2233.3379999999997,2233.3379999999997,0.0,0.027037237898935584,0.0,0.0,0.0,0.9897749842020609,0.0041586433218798935,0.0
7941.5901593505005,132.359835989175,替钻井液(二段),0.9926947986869271,0.9926947986869271,2233.3379999999997,2233.3379999999997,2233.3379999999997,0.0,0.026980867663926163,0.0,0.0,0.0,0.9897968849699584,0.004147377097969749,0.0
7943.36964937975,132.38949415632916,替钻井液(二段),0.9927108327235716,0.9927108327235716,2233.3379999999997,2233.3379999999997,2233.3379999999997,0.0,0.026924671055940656,0.0,0.0,0.0,0.989818716171334,0.004136152982311775,0.0
7945.149558432274,132.41915930720455,替钻井液(二段),0.9927268145898788,0.9927268145898788,2233.3379999999997,2233.3379999999997,2233.3379999999997,0.0,0.026868646493216092,0.0,0.0,0.0,0.9898404784371463,0.004124970599741321,0.0
7946.929885400206,132.44883142333677,替钻井液(二段),0.992742744753888,0.992742744753888,2233.3379999999997,2233.3379999999997,2233.3379999999997,0.0,0.026812792427751853,0.0,0.0,0.0,0.9898621723852171,0.004113829582461196,0.0
7948.710629184508,132.47851048640848,替钻井液(二段),0.9927586236742678,0.9927586236742678,2233.3379999999997,2233.3379999999997,2233.3379999999997,0.0,0.02675710734319016,0.0,0.0,0.0,0.9898837986209582,0.004102729569939725,0.0
7950.491788694855,132.50819647824758,替钻井液(二段),0.9927744518007195,0.9927744518007195,2233.3379999999997,2233.3379999999997,2233.3379999999997,0.0,0.026701589753370954,0.0,0.0,0.0,0.989905357737891,0.004091670208580662,0.0
7952.273362849526,132.53788938082545,替钻井液(二段),0.9927902295740294,0.9927902295740294,2233.3379999999997,2233.3379999999997,2233.3379999999997,0.0,0.02664623820224917,0.0,0.0,0.0,0.9899268503177431,0.0040806511514888495,0.0
7954.055350575297,132.56758917625496,替钻井液(二段),0.9928059574262835,0.9928059574262835,2233.3379999999997,2233.3379999999997,2233.3379999999997,0.0,0.026591051263183837,0.0,0.0,0.0,0.9899482769309376,0.004069672058375308,0.0
7955.837750807336,132.59729584678894,替钻井液(二段),0.9928216357811416,0.9928216357811416,2233.3379999999997,2233.3379999999997,2233.3379999999997,0.0,0.026536027537979887,0.0,0.0,0.0,0.9899696381365058,0.004058732595401253,0.0
7957.620562489105,132.6270093748184,替钻井液(二段),0.9928372650538487,0.9928372650538487,2233.3379999999997,2233.3379999999997,2233.3379999999997,0.0,0.026481165656959706,0.0,0.0,0.0,0.9899909344823337,0.0040478324349884215,0.0
7959.403784572257,132.65672974287094,替钻井液(二段),0.9928528456516929,0.9928528456516929,2233.3379999999997,2233.3379999999997,2233.3379999999997,0.0,0.02642646427728437,0.0,0.0,0.0,0.9900121665057618,0.004036971255742127,0.0
7961.187416016542,132.68645693360904,替钻井液(二段),0.9928683779744357,0.9928683779744357,2233.3379999999997,2233.3379999999997,2233.3379999999997,0.0,0.026371922081372987,0.0,0.0,0.0,0.990033334734116,0.004026148742216353,0.0
7962.97145578971,132.71619092982849,替钻井液(二段),0.9928838624140048,0.9928838624140048,2233.3379999999997,2233.3379999999997,2233.3379999999997,0.0,0.0263175377782137,0.0,0.0,0.0,0.9900544396843448,0.004015364584643133,0.0
7964.755902867421,132.74593171445702,替钻井液(二段),0.9928992993547278,0.9928992993547278,2233.3379999999997,2233.3379999999997,2233.3379999999997,0.0,0.02626331010255422,0.0,0.0,0.0,0.99007548186334,0.004004618479005299,0.0
7966.540756233155,132.7756792705526,替钻井液(二段),0.9929146891737822,0.9929146891737822,2233.3379999999997,2233.3379999999997,2233.3379999999997,0.0,0.026209237813235257,0.0,0.0,0.0,0.9900964617684535,0.00399391012688941,0.0
7968.326014878115,132.8054335813019,替钻井液(二段),0.9929300322412018,0.9929300322412018,2233.3379999999997,2233.3379999999997,2233.3379999999997,0.0,0.026155319693266982,0.0,0.0,0.0,0.9901173798875638,0.003983239235210118,0.0
7970.111677801146,132.8351946300191,替钻井液(二段),0.9929453289202637,0.9929453289202637,2233.3379999999997,2233.3379999999997,2233.3379999999997,0.0,0.02610155454839821,0.0,0.0,0.0,0.9901382366995546,0.003972605516162345,0.0
7971.897744008643,132.86496240014404,替钻井液(二段),0.9929605795677645,0.9929605795677645,2233.3379999999997,2233.3379999999997,2233.3379999999997,0.0,0.02604794120613654,0.0,0.0,0.0,0.9901590326746704,0.003962008686965753,0.0
7973.68421251447,132.89473687524116,替钻井液(二段),0.9929757845337158,0.9929757845337158,2233.3379999999997,2233.3379999999997,2233.3379999999997,0.0,0.025994478517024574,0.0,0.0,0.0,0.9901797682741781,0.003951448469740985,0.0
7975.471082339871,132.92451803899786,替钻井液(二段),0.9929909441617015,0.9929909441617015,2233.3379999999997,2233.3379999999997,2233.3379999999997,0.0,0.025941165353308197,0.0,0.0,0.0,0.9902004439508226,0.003940924591575321,0.0
7977.258352513386,132.9543058752231,替钻井液(二段),0.9930060587893921,0.9930060587893921,2233.3379999999997,2233.3379999999997,2233.3379999999997,0.0,0.025888000607033338,0.0,0.0,0.0,0.9902210601496853,0.003930436784322265,0.0
7979.046022070771,132.9841003678462,替钻井液(二段),0.9930211287482117,0.9930211287482117,2233.3379999999997,2233.3379999999997,2233.3379999999997,0.0,0.02583498319143127,0.0,0.0,0.0,0.9902416173073285,0.0039199847843227305,0.0
7980.834090054914,133.01390150091524,替钻井液(二段),0.9930361543642848,0.9930361543642848,2233.3379999999997,2233.3379999999997,2233.3379999999997,0.0,0.0257821120372811,0.0,0.0,0.0,0.9902621158531909,0.003909568332532187,0.0
7982.622555515755,133.04370925859592,替钻井液(二段),0.9930511359576187,0.9930511359576187,2233.3379999999997,2233.3379999999997,2233.3379999999997,0.0,0.02572938609619138,0.0,0.0,0.0,0.9902825562086367,0.0038991871740489082,0.0
7984.411417510208,133.07352362517014,替钻井液(二段),0.9930660738426964,0.9930660738426964,2233.3379999999997,2233.3379999999997,2233.3379999999997,0.0,0.025676804338342712,0.0,0.0,0.0,0.9903029387876945,0.003888841058422689,0.0
7986.200675102076,133.1033445850346,替钻井液(二段),0.9930809683285322,0.9930809683285322,2233.3379999999997,2233.3379999999997,2233.3379999999997,0.0,0.025624365752355844,0.0,0.0,0.0,0.9903232639970718,0.003878529739366746,0.0
7987.99032736198,133.13317212269968,替钻井液(二段),0.9930958197188302,0.9930958197188302,2233.3379999999997,2233.3379999999997,2233.3379999999997,0.0,0.025572069344724852,0.0,0.0,0.0,0.9903435322364376,0.003868252974633384,0.0
7989.780373367276,133.16300622278794,替钻井液(二段),0.9931106283124103,0.9931106283124103,2233.3379999999997,2233.3379999999997,2233.3379999999997,0.0,0.025519914138238675,0.0,0.0,0.0,0.9903637438989188,0.0038580105259913133,0.0
7991.570807526848,133.19284679211412,替钻井液(二段),0.9931253943646055,0.9931253943646055,2233.3379999999997,2233.3379999999997,2233.3379999999997,0.0,0.025467899308078537,0.0,0.0,0.0,0.9903838993185458,0.003847802158887148,0.0
7993.361611038334,133.22269351730557,替钻井液(二段),0.9931401180169669,0.9931401180169669,2233.3379999999997,2233.3379999999997,2233.3379999999997,0.0,0.02541602443002785,0.0,0.0,0.0,0.9904039986741693,0.0038376276690123647,0.0
7995.152783037378,133.2525463839563,替钻井液(二段),0.9931547995553167,0.9931547995553167,2233.3379999999997,2233.3379999999997,2233.3379999999997,0.0,0.02536428857075478,0.0,0.0,0.0,0.9904240423415518,0.003827486930517091,0.0
7996.944322666232,133.28240537777054,替钻井液(二段),0.993169439260894,0.993169439260894,2233.3379999999997,2233.3379999999997,2233.3379999999997,0.0,0.025312690812276932,0.0,0.0,0.0,0.9904440306903569,0.003817379718490016,0.0
7998.736229073234,133.31227048455392,替钻井液(二段),0.9931840374103882,0.9931840374103882,2233.3379999999997,2233.3379999999997,2233.3379999999997,0.0,0.025261230251882795,0.0,0.0,0.0,0.9904639640841791,0.0038073058115202585,0.0
8000.528501412698,133.34214169021163,替钻井液(二段),0.9931985942765523,0.9931985942765523,2233.3379999999997,2233.3379999999997,2233.3379999999997,0.0,0.02520990599979038,0.0,0.0,0.0,0.9904838428815134,0.003797264991614432,0.0
8002.32113884485,133.3720189807475,替钻井液(二段),0.9932131101273005,0.9932131101273005,2233.3379999999997,2233.3379999999997,2233.3379999999997,0.0,0.025158717182726432,0.0,0.0,0.0,0.9905036674342629,0.0037872570438777864,0.0
8004.114140535754,133.40190234226256,替钻井液(二段),0.9932275852266117,0.9932275852266117,2233.3379999999997,2233.3379999999997,2233.3379999999997,0.0,0.02510766294045286,0.0,0.0,0.0,0.9905234380890464,0.0037772817568980186,0.0
8005.907505657266,133.43179176095444,替钻井液(二段),0.9932420198341275,0.9932420198341275,2233.3379999999997,2233.3379999999997,2233.3379999999997,0.0,0.02505674242739489,0.0,0.0,0.0,0.990543155186705,0.003767338922330649,0.0
8007.701233386971,133.46168722311617,替钻井液(二段),0.9932564142058115,0.9932564142058115,2233.3379999999997,2233.3379999999997,2233.3379999999997,0.0,0.02500595481009771,0.0,0.0,0.0,0.9905628190631715,0.003757428335027639,0.0
8009.495322908121,133.49158871513535,替钻井液(二段),0.9930859534697744,0.9930859534697744,2233.3379999999997,2233.3379999999997,2233.3379999999997,0.0,0.025637333655924317,0.0,0.0,0.0,0.9902652915993257,0.0037475497927561313,0.0
8011.28977340958,133.52149622349302,替钻井液(二段),0.9930424150353574,0.9930424150353574,2233.3379999999997,2233.3379999999997,2233.3379999999997,0.0,0.02581470747329109,0.0,0.0,0.0,0.9902389168277312,0.004054841545782546,0.0
8012.897845698079,133.5482974283013,替钻井液(二段),0.9926255504890169,0.9926255504890169,2233.3379999999997,2233.3379999999997,2233.3379999999997,0.0,0.027006034294682752,0.0,0.0,0.0,0.9895664166685492,0.004090959690798507,0.0
