time_s,time_min,stage,bulk_cement_fill,effective_efficiency,front_wide_m,front_narrow_m,front_mid_m,channeling_index,mixing_index,instability_proxy,instability_index,mean_wall_mud,mean_cement,mean_mud,mean_flusher
3.40613786775117,0.05676896446251949,注入平衡液,0.0,0.0,0.0,0.0,0.0,0.0,0.0,0.0,0.0,0.0,0.0,1.0,0.0
6.430793005166735,0.10717988341944558,注入平衡液,0.0,0.0,0.0,0.0,0.0,0.0,0.0,0.0,0.0,0.0,0.0,1.0,0.0
9.219335779156225,0.15365559631927042,注入平衡液,0.0,0.0,0.0,0.0,0.0,0.0,0.0,0.0,0.0,0.0,0.0,1.0,0.0
11.77664429725807,0.19627740495430115,注入平衡液,0.0,0.0,0.0,0.0,0.0,0.0,0.0,0.0,0.0,0.0,0.0,1.0,0.0
14.197621108668637,0.23662701847781062,注入平衡液,0.0,0.0,0.0,0.0,0.0,0.0,0.0,0.0,0.0,0.0,0.0,1.0,0.0
16.514943215333087,0.2752490535888848,注入平衡液,0.0,0.0,0.0,0.0,0.0,0.0,0.0,0.0,0.0,0.0,0.0,1.0,0.0
18.761073951023974,0.31268456585039955,注入平衡液,0.0,0.0,0.0,0.0,0.0,0.0,0.0,0.0,0.0,0.0,0.0,1.0,0.0
20.95719894659712,0.349286649109952,注入平衡液,0.0,0.0,0.0,0.0,0.0,0.0,0.0,0.0,0.0,0.0,0.0,1.0,0.0
23.117587154105042,0.385293119235084,注入平衡液,0.0,0.0,0.0,0.0,0.0,0.0,0.0,0.0,0.0,0.0,0.0,1.0,0.0
25.2519112014339,0.420865186690565,注入平衡液,0.0,0.0,0.0,0.0,0.0,0.0,0.0,0.0,0.0,0.0,0.0,1.0,0.0
27.366596131834395,0.4561099355305733,注入平衡液,0.0,0.0,0.0,0.0,0.0,0.0,0.0,0.0,0.0,0.0,0.0,1.0,0.0
29.466652832163227,0.4911108805360538,注入平衡液,0.0,0.0,0.0,0.0,0.0,0.0,0.0,0.0,0.0,0.0,0.0,1.0,0.0
31.555714459365937,0.5259285743227656,注入平衡液,0.0,0.0,0.0,0.0,0.0,0.0,0.0,0.0,0.0,0.0,0.0,1.0,0.0
33.6364429702604,0.5606073828376733,注入平衡液,0.0,0.0,0.0,0.0,0.0,0.0,0.0,0.0,0.0,0.0,0.0,1.0,0.0
35.71080729797348,0.5951801216328914,注入平衡液,0.0,0.0,0.0,0.0,0.0,0.0,0.0,0.0,0.0,0.0,0.0,1.0,0.0
37.780276562204726,0.6296712760367454,注入平衡液,0.0,0.0,0.0,0.0,0.0,0.0,0.0,0.0,0.0,0.0,0.0,1.0,0.0
39.845955928809296,0.664099265480155,注入平衡液,0.0,0.0,0.0,0.0,0.0,0.0,0.0,0.0,0.0,0.0,0.0,1.0,0.0
41.90868316515937,0.6984780527526561,注入平衡液,0.0,0.0,0.0,0.0,0.0,0.0,0.0,0.0,0.0,0.0,0.0,1.0,0.0
43.9690979226765,0.7328182987112749,注入平衡液,0.0,0.0,0.0,0.0,0.0,0.0,0.0,0.0,0.0,0.0,0.0,1.0,0.0
46.02769189341852,0.767128198223642,注入平衡液,0.0,0.0,0.0,0.0,0.0,0.0,0.0,0.0,0.0,0.0,0.0,1.0,0.0
48.084845426836154,0.8014140904472692,注入平衡液,0.0,0.0,0.0,0.0,0.0,0.0,0.0,0.0,0.0,0.0,0.0,1.0,0.0
50.14085447755676,0.8356809079592793,注入平衡液,0.0,0.0,0.0,0.0,0.0,0.0,0.0,0.0,0.0,0.0,0.0,1.0,0.0
52.19595059142868,0.8699325098571447,注入平衡液,0.0,0.0,0.0,0.0,0.0,0.0,0.0,0.0,0.0,0.0,0.0,1.0,0.0
54.25031583929585,0.9041719306549308,注入平衡液,0.0,0.0,0.0,0.0,0.0,0.0,0.0,0.0,0.0,0.0,0.0,1.0,0.0
56.30409405603019,0.9384015676005031,注入平衡液,0.0,0.0,0.0,0.0,0.0,0.0,0.0,0.0,0.0,0.0,0.0,1.0,0.0
58.35739935733854,0.972623322622309,注入平衡液,0.0,0.0,0.0,0.0,0.0,0.0,0.0,0.0,0.0,0.0,0.0,1.0,0.0
60.41032263623727,1.0068387106039545,注入平衡液,0.0,0.0,0.0,0.0,0.0,0.0,0.0,0.0,0.0,0.0,0.0,1.0,0.0
62.46293654947447,1.0410489424912412,注入平衡液,0.0,0.0,0.0,0.0,0.0,0.0,0.0,0.0,0.0,0.0,0.0,1.0,0.0
64.5152993675441,1.0752549894590684,注入平衡液,0.0,0.0,0.0,0.0,0.0,0.0,0.0,0.0,0.0,0.0,0.0,1.0,0.0
66.56745796382201,1.109457632730367,注入平衡液,0.0,0.0,0.0,0.0,0.0,0.0,0.0,0.0,0.0,0.0,0.0,1.0,0.0
68.61945014741192,1.1436575024568654,注入平衡液,0.0,0.0,0.0,0.0,0.0,0.0,0.0,0.0,0.0,0.0,0.0,1.0,0.0
70.67130649264233,1.1778551082107056,注入平衡液,0.0,0.0,0.0,0.0,0.0,0.0,0.0,0.0,0.0,0.0,0.0,1.0,0.0
72.72305178029883,1.2120508630049804,注入平衡液,0.0,0.0,0.0,0.0,0.0,0.0,0.0,0.0,0.0,0.0,0.0,1.0,0.0
74.77470613774184,1.2462451022956975,注入平衡液,0.0,0.0,0.0,0.0,0.0,0.0,0.0,0.0,0.0,0.0,0.0,1.0,0.0
76.82628594430915,1.2804380990718192,注入平衡液,0.0,0.0,0.0,0.0,0.0,0.0,0.0,0.0,0.0,0.0,0.0,1.0,0.0
78.87780455288959,1.314630075881493,注入平衡液,0.0,0.0,0.0,0.0,0.0,0.0,0.0,0.0,0.0,0.0,0.0,1.0,0.0
80.9292728668823,1.3488212144480383,注入平衡液,0.0,0.0,0.0,0.0,0.0,0.0,0.0,0.0,0.0,0.0,0.0,1.0,0.0
82.98069980292068,1.3830116633820113,注入平衡液,0.0,0.0,0.0,0.0,0.0,0.0,0.0,0.0,0.0,0.0,0.0,1.0,0.0
85.03209266301278,1.4172015443835462,注入平衡液,0.0,0.0,0.0,0.0,0.0,0.0,0.0,0.0,0.0,0.0,0.0,1.0,0.0
87.08345743459796,1.4513909572432993,注入平衡液,0.0,0.0,0.0,0.0,0.0,0.0,0.0,0.0,0.0,0.0,0.0,1.0,0.0
89.1347990330533,1.4855799838842216,注入平衡液,0.0,0.0,0.0,0.0,0.0,0.0,0.0,0.0,0.0,0.0,0.0,1.0,0.0
91.18612149811366,1.5197686916352278,注入平衡液,0.0,0.0,0.0,0.0,0.0,0.0,0.0,0.0,0.0,0.0,0.0,1.0,0.0
93.23742815328266,1.5539571358880444,注入平衡液,0.0,0.0,0.0,0.0,0.0,0.0,0.0,0.0,0.0,0.0,0.0,1.0,0.0
95.28872173544696,1.5881453622574493,注入平衡液,0.0,0.0,0.0,0.0,0.0,0.0,0.0,0.0,0.0,0.0,0.0,1.0,0.0
97.34000450044361,1.6223334083407268,注入平衡液,0.0,0.0,0.0,0.0,0.0,0.0,0.0,0.0,0.0,0.0,0.0,1.0,0.0
99.39127830917805,1.6565213051529675,注入平衡液,0.0,0.0,0.0,0.0,0.0,0.0,0.0,0.0,0.0,0.0,0.0,1.0,0.0
101.44254469797895,1.690709078299649,注入平衡液,0.0,0.0,0.0,0.0,0.0,0.0,0.0,0.0,0.0,0.0,0.0,1.0,0.0
103.49380493615371,1.724896748935895,注入平衡液,0.0,0.0,0.0,0.0,0.0,0.0,0.0,0.0,0.0,0.0,0.0,1.0,0.0
105.54506007313287,1.7590843345522145,注入平衡液,0.0,0.0,0.0,0.0,0.0,0.0,0.0,0.0,0.0,0.0,0.0,1.0,0.0
107.59631097713233,1.7932718496188722,注入平衡液,0.0,0.0,0.0,0.0,0.0,0.0,0.0,0.0,0.0,0.0,0.0,1.0,0.0
109.6475583668944,1.8274593061149067,注入平衡液,0.0,0.0,0.0,0.0,0.0,0.0,0.0,0.0,0.0,0.0,0.0,1.0,0.0
111.6988028377738,1.8616467139628967,注入平衡液,0.0,0.0,0.0,0.0,0.0,0.0,0.0,0.0,0.0,0.0,0.0,1.0,0.0
113.75004488319672,1.8958340813866121,注入平衡液,0.0,0.0,0.0,0.0,0.0,0.0,0.0,0.0,0.0,0.0,0.0,1.0,0.0
115.80128491232982,1.930021415205497,注入平衡液,0.0,0.0,0.0,0.0,0.0,0.0,0.0,0.0,0.0,0.0,0.0,1.0,0.0
117.85252326464082,1.9642087210773471,注入平衡液,0.0,0.0,0.0,0.0,0.0,0.0,0.0,0.0,0.0,0.0,0.0,1.0,0.0
119.90376022190736,1.998396003698456,注入平衡液,0.0,0.0,0.0,0.0,0.0,0.0,0.0,0.0,0.0,0.0,0.0,1.0,0.0
121.95499601812878,2.032583266968813,注入平衡液,0.0,0.0,0.0,0.0,0.0,0.0,0.0,0.0,0.0,0.0,0.0,1.0,0.0
124.0062308477129,2.066770514128548,注入平衡液,0.0,0.0,0.0,0.0,0.0,0.0,0.0,0.0,0.0,0.0,0.0,1.0,0.0
126.0574648722426,2.10095774787071,注入平衡液,0.0,0.0,0.0,0.0,0.0,0.0,0.0,0.0,0.0,0.0,0.0,1.0,0.0
128.10869822607222,2.135144970434537,注入平衡液,0.0,0.0,0.0,0.0,0.0,0.0,0.0,0.0,0.0,0.0,0.0,1.0,0.0
130.15993102095888,2.169332183682648,注入平衡液,0.0,0.0,0.0,0.0,0.0,0.0,0.0,0.0,0.0,0.0,0.0,1.0,0.0
132.21116334989753,2.203519389164959,注入平衡液,0.0,0.0,0.0,0.0,0.0,0.0,0.0,0.0,0.0,0.0,0.0,1.0,0.0
134.26239529029823,2.2377065881716374,注入平衡液,0.0,0.0,0.0,0.0,0.0,0.0,0.0,0.0,0.0,0.0,0.0,1.0,0.0
136.31362690661987,2.2718937817769977,注入平衡液,0.0,0.0,0.0,0.0,0.0,0.0,0.0,0.0,0.0,0.0,0.0,1.0,0.0
138.36485825255465,2.306080970875911,注入平衡液,0.0,0.0,0.0,0.0,0.0,0.0,0.0,0.0,0.0,0.0,0.0,1.0,0.0
140.4160893728405,2.3402681562140084,注入平衡液,0.0,0.0,0.0,0.0,0.0,0.0,0.0,0.0,0.0,0.0,0.0,1.0,0.0
142.4673203047657,2.3744553384127616,注入平衡液,0.0,0.0,0.0,0.0,0.0,0.0,0.0,0.0,0.0,0.0,0.0,1.0,0.0
144.51855107941847,2.408642517990308,注入平衡液,0.0,0.0,0.0,0.0,0.0,0.0,0.0,0.0,0.0,0.0,0.0,1.0,0.0
146.56978172272514,2.4428296953787525,注入平衡液,0.0,0.0,0.0,0.0,0.0,0.0,0.0,0.0,0.0,0.0,0.0,1.0,0.0
148.62101225631315,2.4770168709385527,注入平衡液,0.0,0.0,0.0,0.0,0.0,0.0,0.0,0.0,0.0,0.0,0.0,1.0,0.0
150.6722426982286,2.5112040449704764,注入平衡液,0.0,0.0,0.0,0.0,0.0,0.0,0.0,0.0,0.0,0.0,0.0,1.0,0.0
152.72347306353308,2.5453912177255513,注入平衡液,0.0,0.0,0.0,0.0,0.0,0.0,0.0,0.0,0.0,0.0,0.0,1.0,0.0
154.7747033648004,2.57957838941334,注入平衡液,0.0,0.0,0.0,0.0,0.0,0.0,0.0,0.0,0.0,0.0,0.0,1.0,0.0
156.82593361252987,2.613765560208831,注入平衡液,0.0,0.0,0.0,0.0,0.0,0.0,0.0,0.0,0.0,0.0,0.0,1.0,0.0
158.87716381549077,2.64795273025818,注入平衡液,0.0,0.0,0.0,0.0,0.0,0.0,0.0,0.0,0.0,0.0,0.0,1.0,0.0
160.9283939810089,2.6821398996834818,注入平衡液,0.0,0.0,0.0,0.0,0.0,0.0,0.0,0.0,0.0,0.0,0.0,1.0,0.0
162.9796241152055,2.716327068586758,注入平衡液,0.0,0.0,0.0,0.0,0.0,0.0,0.0,0.0,0.0,0.0,0.0,1.0,0.0
165.03085422319646,2.7505142370532742,注入平衡液,0.0,0.0,0.0,0.0,0.0,0.0,0.0,0.0,0.0,0.0,0.0,1.0,0.0
167.08208430925828,2.7847014051543044,注入平衡液,0.0,0.0,0.0,0.0,0.0,0.0,0.0,0.0,0.0,0.0,0.0,1.0,0.0
169.1333143769665,2.8188885729494415,注入平衡液,0.0,0.0,0.0,0.0,0.0,0.0,0.0,0.0,0.0,0.0,0.0,1.0,0.0
171.1845444293111,2.8530757404885185,注入平衡液,0.0,0.0,0.0,0.0,0.0,0.0,0.0,0.0,0.0,0.0,0.0,1.0,0.0
173.23577446879298,2.8872629078132164,注入平衡液,0.0,0.0,0.0,0.0,0.0,0.0,0.0,0.0,0.0,0.0,0.0,1.0,0.0
175.2870044975042,2.921450074958403,注入平衡液,0.0,0.0,0.0,0.0,0.0,0.0,0.0,0.0,0.0,0.0,0.0,1.0,0.0
177.33823451719525,2.955637241953254,注入平衡液,0.0,0.0,0.0,0.0,0.0,0.0,0.0,0.0,0.0,0.0,0.0,1.0,0.0
179.38946452933098,2.989824408822183,注入平衡液,0.0,0.0,0.0,0.0,0.0,0.0,0.0,0.0,0.0,0.0,0.0,1.0,0.0
181.44069453513748,3.0240115755856247,注入平衡液,0.0,0.0,0.0,0.0,0.0,0.0,0.0,0.0,0.0,0.0,0.0,1.0,0.0
183.4919245356411,3.058198742260685,注入平衡液,0.0,0.0,0.0,0.0,0.0,0.0,0.0,0.0,0.0,0.0,0.0,1.0,0.0
185.5431545317011,3.092385908861685,注入平衡液,0.0,0.0,0.0,0.0,0.0,0.0,0.0,0.0,0.0,0.0,0.0,1.0,0.0
187.5943845240371,3.1265730754006187,注入平衡液,0.0,0.0,0.0,0.0,0.0,0.0,0.0,0.0,0.0,0.0,0.0,1.0,0.0
189.64561451325176,3.1607602418875294,注入平衡液,0.0,0.0,0.0,0.0,0.0,0.0,0.0,0.0,0.0,0.0,0.0,1.0,0.0
191.69684449984982,3.1949474083308305,注入平衡液,0.0,0.0,0.0,0.0,0.0,0.0,0.0,0.0,0.0,0.0,0.0,1.0,0.0
193.74807448425418,3.2291345747375697,注入平衡液,0.0,0.0,0.0,0.0,0.0,0.0,0.0,0.0,0.0,0.0,0.0,1.0,0.0
195.79930446681917,3.2633217411136526,注入平衡液,0.0,0.0,0.0,0.0,0.0,0.0,0.0,0.0,0.0,0.0,0.0,1.0,0.0
197.85053444784165,3.2975089074640276,注入平衡液,0.0,0.0,0.0,0.0,0.0,0.0,0.0,0.0,0.0,0.0,0.0,1.0,0.0
199.9017644275705,3.3316960737928416,注入平衡液,0.0,0.0,0.0,0.0,0.0,0.0,0.0,0.0,0.0,0.0,0.0,1.0,0.0
201.95299440621426,3.365883240103571,注入平衡液,0.0,0.0,0.0,0.0,0.0,0.0,0.0,0.0,0.0,0.0,0.0,1.0,0.0
204.0042243839478,3.40007040639913,注入平衡液,0.0,0.0,0.0,0.0,0.0,0.0,0.0,0.0,0.0,0.0,0.0,1.0,0.0
206.05545436091765,3.4342575726819606,注入平衡液,0.0,0.0,0.0,0.0,0.0,0.0,0.0,0.0,0.0,0.0,0.0,1.0,0.0
208.10668433724675,3.4684447389541124,注入平衡液,0.0,0.0,0.0,0.0,0.0,0.0,0.0,0.0,0.0,0.0,0.0,1.0,0.0
210.1579143130382,3.5026319052173034,注入平衡液,0.0,0.0,0.0,0.0,0.0,0.0,0.0,0.0,0.0,0.0,0.0,1.0,0.0
212.2091442883784,3.5368190714729737,注入平衡液,0.0,0.0,0.0,0.0,0.0,0.0,0.0,0.0,0.0,0.0,0.0,1.0,0.0
214.2603742633399,3.5710062377223317,注入平衡液,0.0,0.0,0.0,0.0,0.0,0.0,0.0,0.0,0.0,0.0,0.0,1.0,0.0
216.31160423798352,3.6051934039663918,注入平衡液,0.0,0.0,0.0,0.0,0.0,0.0,0.0,0.0,0.0,0.0,0.0,1.0,0.0
218.36283421236027,3.6393805702060047,注入平衡液,0.0,0.0,0.0,0.0,0.0,0.0,0.0,0.0,0.0,0.0,0.0,1.0,0.0
220.41406418651297,3.673567736441883,注入平衡液,0.0,0.0,0.0,0.0,0.0,0.0,0.0,0.0,0.0,0.0,0.0,1.0,0.0
222.46529416047758,3.7077549026746266,注入平衡液,0.0,0.0,0.0,0.0,0.0,0.0,0.0,0.0,0.0,0.0,0.0,1.0,0.0
224.51652413428423,3.741942068904737,注入平衡液,0.0,0.0,0.0,0.0,0.0,0.0,0.0,0.0,0.0,0.0,0.0,1.0,0.0
226.56775410795822,3.776129235132637,注入平衡液,0.0,0.0,0.0,0.0,0.0,0.0,0.0,0.0,0.0,0.0,0.0,1.0,0.0
228.61898408152084,3.8103164013586808,注入平衡液,0.0,0.0,0.0,0.0,0.0,0.0,0.0,0.0,0.0,0.0,0.0,1.0,0.0
230.67021405498988,3.844503567583165,注入平衡液,0.0,0.0,0.0,0.0,0.0,0.0,0.0,0.0,0.0,0.0,0.0,1.0,0.0
232.72144402838032,3.8786907338063386,注入平衡液,0.0,0.0,0.0,0.0,0.0,0.0,0.0,0.0,0.0,0.0,0.0,1.0,0.0
234.77267400170476,3.9128779000284126,注入平衡液,0.0,0.0,0.0,0.0,0.0,0.0,0.0,0.0,0.0,0.0,0.0,1.0,0.0
236.82390397497372,3.947065066249562,注入平衡液,0.0,0.0,0.0,0.0,0.0,0.0,0.0,0.0,0.0,0.0,0.0,1.0,0.0
238.87513394819607,3.9812522324699344,注入平衡液,0.0,0.0,0.0,0.0,0.0,0.0,0.0,0.0,0.0,0.0,0.0,1.0,0.0
240.92636392137928,4.015439398689654,注入平衡液,0.0,0.0,0.0,0.0,0.0,0.0,0.0,0.0,0.0,0.0,0.0,1.0,0.0
242.97759389452958,4.049626564908826,注入平衡液,0.0,0.0,0.0,0.0,0.0,0.0,0.0,0.0,0.0,0.0,0.0,1.0,0.0
245.02882386765222,4.083813731127537,注入平衡液,0.0,0.0,0.0,0.0,0.0,0.0,0.0,0.0,0.0,0.0,0.0,1.0,0.0
247.08005384075162,4.11800089734586,注入平衡液,0.0,0.0,0.0,0.0,0.0,0.0,0.0,0.0,0.0,0.0,0.0,1.0,0.0
249.1312838138315,4.152188063563858,注入平衡液,0.0,0.0,0.0,0.0,0.0,0.0,0.0,0.0,0.0,0.0,0.0,1.0,0.0
251.18251378689493,4.186375229781582,注入平衡液,0.0,0.0,0.0,0.0,0.0,0.0,0.0,0.0,0.0,0.0,0.0,1.0,0.0
253.2337437599446,4.220562395999076,注入平衡液,0.0,0.0,0.0,0.0,0.0,0.0,0.0,0.0,0.0,0.0,0.0,1.0,0.0
255.28497373298262,4.254749562216377,注入平衡液,0.0,0.0,0.0,0.0,0.0,0.0,0.0,0.0,0.0,0.0,0.0,1.0,0.0
257.3362037060109,4.288936728433515,注入平衡液,0.0,0.0,0.0,0.0,0.0,0.0,0.0,0.0,0.0,0.0,0.0,1.0,0.0
259.387433679031,4.323123894650517,注入平衡液,0.0,0.0,0.0,0.0,0.0,0.0,0.0,0.0,0.0,0.0,0.0,1.0,0.0
261.43866365204417,4.357311060867403,注入平衡液,0.0,0.0,0.0,0.0,0.0,0.0,0.0,0.0,0.0,0.0,0.0,1.0,0.0
263.4898936250516,4.391498227084194,注入平衡液,0.0,0.0,0.0,0.0,0.0,0.0,0.0,0.0,0.0,0.0,0.0,1.0,0.0
265.5411235980541,4.425685393300902,注入平衡液,0.0,0.0,0.0,0.0,0.0,0.0,0.0,0.0,0.0,0.0,0.0,1.0,0.0
267.59235357105257,4.459872559517543,注入平衡液,0.0,0.0,0.0,0.0,0.0,0.0,0.0,0.0,0.0,0.0,0.0,1.0,0.0
269.64358354404754,4.494059725734126,注入平衡液,0.0,0.0,0.0,0.0,0.0,0.0,0.0,0.0,0.0,0.0,0.0,1.0,0.0
271.6948135170396,4.52824689195066,注入平衡液,0.0,0.0,0.0,0.0,0.0,0.0,0.0,0.0,0.0,0.0,0.0,1.0,0.0
273.74604349002925,4.562434058167154,注入平衡液,0.0,0.0,0.0,0.0,0.0,0.0,0.0,0.0,0.0,0.0,0.0,1.0,0.0
275.79727346301684,4.596621224383614,注入平衡液,0.0,0.0,0.0,0.0,0.0,0.0,0.0,0.0,0.0,0.0,0.0,1.0,0.0
277.84850343600266,4.630808390600044,注入平衡液,0.0,0.0,0.0,0.0,0.0,0.0,0.0,0.0,0.0,0.0,0.0,1.0,0.0
279.89973340898706,4.664995556816451,注入平衡液,0.0,0.0,0.0,0.0,0.0,0.0,0.0,0.0,0.0,0.0,0.0,1.0,0.0
281.9509633819702,4.699182723032837,注入平衡液,0.0,0.0,0.0,0.0,0.0,0.0,0.0,0.0,0.0,0.0,0.0,1.0,0.0
284.00219335495234,4.7333698892492055,注入平衡液,0.0,0.0,0.0,0.0,0.0,0.0,0.0,0.0,0.0,0.0,0.0,1.0,0.0
286.0534233279336,4.76755705546556,注入平衡液,0.0,0.0,0.0,0.0,0.0,0.0,0.0,0.0,0.0,0.0,0.0,1.0,0.0
288.10465330091415,4.801744221681902,注入平衡液,0.0,0.0,0.0,0.0,0.0,0.0,0.0,0.0,0.0,0.0,0.0,1.0,0.0
290.15588327389406,4.835931387898234,注入平衡液,0.0,0.0,0.0,0.0,0.0,0.0,0.0,0.0,0.0,0.0,0.0,1.0,0.0
292.20711324687346,4.8701185541145575,注入平衡液,0.0,0.0,0.0,0.0,0.0,0.0,0.0,0.0,0.0,0.0,0.0,1.0,0.0
294.25834321985246,4.904305720330874,注入平衡液,0.0,0.0,0.0,0.0,0.0,0.0,0.0,0.0,0.0,0.0,0.0,1.0,0.0
296.30957319283107,4.938492886547184,注入平衡液,0.0,0.0,0.0,0.0,0.0,0.0,0.0,0.0,0.0,0.0,0.0,1.0,0.0
298.3608031658094,4.97268005276349,注入平衡液,0.0,0.0,0.0,0.0,0.0,0.0,0.0,0.0,0.0,0.0,0.0,1.0,0.0
300.4120331387874,5.0068672189797905,注入平衡液,0.0,0.0,0.0,0.0,0.0,0.0,0.0,0.0,0.0,0.0,0.0,1.0,0.0
302.4632631117653,5.041054385196088,注入平衡液,0.0,0.0,0.0,0.0,0.0,0.0,0.0,0.0,0.0,0.0,0.0,1.0,0.0
304.5144930847429,5.075241551412382,注入平衡液,0.0,0.0,0.0,0.0,0.0,0.0,0.0,0.0,0.0,0.0,0.0,1.0,0.0
306.56572305772045,5.109428717628674,注入平衡液,0.0,0.0,0.0,0.0,0.0,0.0,0.0,0.0,0.0,0.0,0.0,1.0,0.0
308.6169530306978,5.143615883844963,注入平衡液,0.0,0.0,0.0,0.0,0.0,0.0,0.0,0.0,0.0,0.0,0.0,1.0,0.0
310.66818300367504,5.177803050061251,注入平衡液,0.0,0.0,0.0,0.0,0.0,0.0,0.0,0.0,0.0,0.0,0.0,1.0,0.0
312.7194129766522,5.211990216277537,注入平衡液,0.0,0.0,0.0,0.0,0.0,0.0,0.0,0.0,0.0,0.0,0.0,1.0,0.0
314.7706429496293,5.246177382493822,注入平衡液,0.0,0.0,0.0,0.0,0.0,0.0,0.0,0.0,0.0,0.0,0.0,1.0,0.0
316.8218729226063,5.280364548710105,注入平衡液,0.0,0.0,0.0,0.0,0.0,0.0,0.0,0.0,0.0,0.0,0.0,1.0,0.0
318.87310289558326,5.314551714926387,注入平衡液,0.0,0.0,0.0,0.0,0.0,0.0,0.0,0.0,0.0,0.0,0.0,1.0,0.0
320.92433286856016,5.348738881142669,注入平衡液,0.0,0.0,0.0,0.0,0.0,0.0,0.0,0.0,0.0,0.0,0.0,1.0,0.0
322.97556284153706,5.382926047358951,注入平衡液,0.0,0.0,0.0,0.0,0.0,0.0,0.0,0.0,0.0,0.0,0.0,1.0,0.0
325.0267928145139,5.417113213575232,注入平衡液,0.0,0.0,0.0,0.0,0.0,0.0,0.0,0.0,0.0,0.0,0.0,1.0,0.0
327.07802278749074,5.451300379791513,注入平衡液,0.0,0.0,0.0,0.0,0.0,0.0,0.0,0.0,0.0,0.0,0.0,1.0,0.0
329.1292527604675,5.485487546007792,注入平衡液,0.0,0.0,0.0,0.0,0.0,0.0,0.0,0.0,0.0,0.0,0.0,1.0,0.0
331.1804827334443,5.519674712224072,注入平衡液,0.0,0.0,0.0,0.0,0.0,0.0,0.0,0.0,0.0,0.0,0.0,1.0,0.0
333.2317127064211,5.553861878440352,注入平衡液,0.0,0.0,0.0,0.0,0.0,0.0,0.0,0.0,0.0,0.0,0.0,1.0,0.0
335.2829426793978,5.58804904465663,注入平衡液,0.0,0.0,0.0,0.0,0.0,0.0,0.0,0.0,0.0,0.0,0.0,1.0,0.0
337.33417265237455,5.622236210872909,注入平衡液,0.0,0.0,0.0,0.0,0.0,0.0,0.0,0.0,0.0,0.0,0.0,1.0,0.0
339.3854026253513,5.656423377089188,注入平衡液,0.0,0.0,0.0,0.0,0.0,0.0,0.0,0.0,0.0,0.0,0.0,1.0,0.0
341.436632598328,5.690610543305467,注入平衡液,0.0,0.0,0.0,0.0,0.0,0.0,0.0,0.0,0.0,0.0,0.0,1.0,0.0
343.48786257130473,5.724797709521746,注入平衡液,0.0,0.0,0.0,0.0,0.0,0.0,0.0,0.0,0.0,0.0,0.0,1.0,0.0
345.53909254428146,5.758984875738024,注入平衡液,0.0,0.0,0.0,0.0,0.0,0.0,0.0,0.0,0.0,0.0,0.0,1.0,0.0
347.5903225172582,5.793172041954303,注入平衡液,0.0,0.0,0.0,0.0,0.0,0.0,0.0,0.0,0.0,0.0,0.0,1.0,0.0
349.64155249023486,5.827359208170581,注入平衡液,0.0,0.0,0.0,0.0,0.0,0.0,0.0,0.0,0.0,0.0,0.0,1.0,0.0
351.69278246321153,5.861546374386859,注入平衡液,0.0,0.0,0.0,0.0,0.0,0.0,0.0,0.0,0.0,0.0,0.0,1.0,0.0
353.7440124361882,5.895733540603136,注入平衡液,0.0,0.0,0.0,0.0,0.0,0.0,0.0,0.0,0.0,0.0,0.0,1.0,0.0
355.79524240916487,5.929920706819415,注入平衡液,0.0,0.0,0.0,0.0,0.0,0.0,0.0,0.0,0.0,0.0,0.0,1.0,0.0
357.84647238214154,5.964107873035692,注入平衡液,0.0,0.0,0.0,0.0,0.0,0.0,0.0,0.0,0.0,0.0,0.0,1.0,0.0
359.8977023551182,5.99829503925197,注入平衡液,0.0,0.0,0.0,0.0,0.0,0.0,0.0,0.0,0.0,0.0,0.0,1.0,0.0
361.9489323280949,6.032482205468248,注入平衡液,0.0,0.0,0.0,0.0,0.0,0.0,0.0,0.0,0.0,0.0,0.0,1.0,0.0
364.00016230107155,6.066669371684526,注入平衡液,0.0,0.0,0.0,0.0,0.0,0.0,0.0,0.0,0.0,0.0,0.0,1.0,0.0
366.0513922740482,6.100856537900804,注入平衡液,0.0,0.0,0.0,0.0,0.0,0.0,0.0,0.0,0.0,0.0,0.0,1.0,0.0
368.1026222470249,6.1350437041170816,注入平衡液,0.0,0.0,0.0,0.0,0.0,0.0,0.0,0.0,0.0,0.0,0.0,1.0,0.0
370.15385222000157,6.16923087033336,注入平衡液,0.0,0.0,0.0,0.0,0.0,0.0,0.0,0.0,0.0,0.0,0.0,1.0,0.0
372.20508219297824,6.203418036549637,注入平衡液,0.0,0.0,0.0,0.0,0.0,0.0,0.0,0.0,0.0,0.0,0.0,1.0,0.0
374.2563121659549,6.2376052027659155,注入平衡液,0.0,0.0,0.0,0.0,0.0,0.0,0.0,0.0,0.0,0.0,0.0,1.0,0.0
376.3075421389316,6.271792368982193,注入平衡液,0.0,0.0,0.0,0.0,0.0,0.0,0.0,0.0,0.0,0.0,0.0,1.0,0.0
378.35877211190825,6.305979535198471,注入平衡液,0.0,0.0,0.0,0.0,0.0,0.0,0.0,0.0,0.0,0.0,0.0,1.0,0.0
380.4100020848849,6.3401667014147485,注入平衡液,0.0,0.0,0.0,0.0,0.0,0.0,0.0,0.0,0.0,0.0,0.0,1.0,0.0
382.4612320578616,6.374353867631027,注入平衡液,0.0,0.0,0.0,0.0,0.0,0.0,0.0,0.0,0.0,0.0,0.0,1.0,0.0
384.51246203083826,6.408541033847304,注入平衡液,0.0,0.0,0.0,0.0,0.0,0.0,0.0,0.0,0.0,0.0,0.0,1.0,0.0
386.56369200381494,6.442728200063582,注入平衡液,0.0,0.0,0.0,0.0,0.0,0.0,0.0,0.0,0.0,0.0,0.0,1.0,0.0
388.6149219767916,6.47691536627986,注入平衡液,0.0,0.0,0.0,0.0,0.0,0.0,0.0,0.0,0.0,0.0,0.0,1.0,0.0
390.6661519497683,6.511102532496138,注入平衡液,0.0,0.0,0.0,0.0,0.0,0.0,0.0,0.0,0.0,0.0,0.0,1.0,0.0
392.71738192274495,6.545289698712415,注入平衡液,0.0,0.0,0.0,0.0,0.0,0.0,0.0,0.0,0.0,0.0,0.0,1.0,0.0
394.7686118957216,6.579476864928694,注入平衡液,0.0,0.0,0.0,0.0,0.0,0.0,0.0,0.0,0.0,0.0,0.0,1.0,0.0
396.8198418686983,6.613664031144972,注入平衡液,0.0,0.0,0.0,0.0,0.0,0.0,0.0,0.0,0.0,0.0,0.0,1.0,0.0
398.87107184167496,6.647851197361249,注入平衡液,0.0,0.0,0.0,0.0,0.0,0.0,0.0,0.0,0.0,0.0,0.0,1.0,0.0
400.92230181465163,6.682038363577528,注入平衡液,0.0,0.0,0.0,0.0,0.0,0.0,0.0,0.0,0.0,0.0,0.0,1.0,0.0
402.9735317876283,6.716225529793805,注入平衡液,0.0,0.0,0.0,0.0,0.0,0.0,0.0,0.0,0.0,0.0,0.0,1.0,0.0
405.024761760605,6.750412696010083,注入平衡液,0.0,0.0,0.0,0.0,0.0,0.0,0.0,0.0,0.0,0.0,0.0,1.0,0.0
407.07599173358165,6.784599862226361,注入平衡液,0.0,0.0,0.0,0.0,0.0,0.0,0.0,0.0,0.0,0.0,0.0,1.0,0.0
409.1272217065583,6.818787028442639,注入平衡液,0.0,0.0,0.0,0.0,0.0,0.0,0.0,0.0,0.0,0.0,0.0,1.0,0.0
411.178451679535,6.852974194658916,注入平衡液,0.0,0.0,0.0,0.0,0.0,0.0,0.0,0.0,0.0,0.0,0.0,1.0,0.0
413.22968165251166,6.8871613608751945,注入平衡液,0.0,0.0,0.0,0.0,0.0,0.0,0.0,0.0,0.0,0.0,0.0,1.0,0.0
415.28091162548833,6.921348527091472,注入平衡液,0.0,0.0,0.0,0.0,0.0,0.0,0.0,0.0,0.0,0.0,0.0,1.0,0.0
417.332141598465,6.95553569330775,注入平衡液,0.0,0.0,0.0,0.0,0.0,0.0,0.0,0.0,0.0,0.0,0.0,1.0,0.0
419.38337157144167,6.9897228595240275,注入平衡液,0.0,0.0,0.0,0.0,0.0,0.0,0.0,0.0,0.0,0.0,0.0,1.0,0.0
421.43460154441834,7.023910025740306,注入平衡液,0.0,0.0,0.0,0.0,0.0,0.0,0.0,0.0,0.0,0.0,0.0,1.0,0.0
423.485831517395,7.058097191956583,注入平衡液,0.0,0.0,0.0,0.0,0.0,0.0,0.0,0.0,0.0,0.0,0.0,1.0,0.0
425.5370614903717,7.092284358172861,注入平衡液,0.0,0.0,0.0,0.0,0.0,0.0,0.0,0.0,0.0,0.0,0.0,1.0,0.0
427.58829146334836,7.12647152438914,注入平衡液,0.0,0.0,0.0,0.0,0.0,0.0,0.0,0.0,0.0,0.0,0.0,1.0,0.0
429.639521436325,7.160658690605417,注入平衡液,0.0,0.0,0.0,0.0,0.0,0.0,0.0,0.0,0.0,0.0,0.0,1.0,0.0
431.6907514093017,7.194845856821695,注入平衡液,0.0,0.0,0.0,0.0,0.0,0.0,0.0,0.0,0.0,0.0,0.0,1.0,0.0
433.74198138227837,7.229033023037973,注入平衡液,0.0,0.0,0.0,0.0,0.0,0.0,0.0,0.0,0.0,0.0,0.0,1.0,0.0
435.79321135525504,7.263220189254251,注入平衡液,0.0,0.0,0.0,0.0,0.0,0.0,0.0,0.0,0.0,0.0,0.0,1.0,0.0
437.8444413282317,7.297407355470528,注入平衡液,0.0,0.0,0.0,0.0,0.0,0.0,0.0,0.0,0.0,0.0,0.0,1.0,0.0
439.8956713012084,7.331594521686807,注入平衡液,0.0,0.0,0.0,0.0,0.0,0.0,0.0,0.0,0.0,0.0,0.0,1.0,0.0
441.94690127418505,7.365781687903084,注入平衡液,0.0,0.0,0.0,0.0,0.0,0.0,0.0,0.0,0.0,0.0,0.0,1.0,0.0
443.9981312471617,7.399968854119362,注入平衡液,0.0,0.0,0.0,0.0,0.0,0.0,0.0,0.0,0.0,0.0,0.0,1.0,0.0
446.0493612201384,7.43415602033564,注入平衡液,0.0,0.0,0.0,0.0,0.0,0.0,0.0,0.0,0.0,0.0,0.0,1.0,0.0
448.10059119311506,7.468343186551918,注入平衡液,0.0,0.0,0.0,0.0,0.0,0.0,0.0,0.0,0.0,0.0,0.0,1.0,0.0
450.15182116609174,7.502530352768195,注入平衡液,0.0,0.0,0.0,0.0,0.0,0.0,0.0,0.0,0.0,0.0,0.0,1.0,0.0
452.2030511390684,7.5367175189844735,注入平衡液,0.0,0.0,0.0,0.0,0.0,0.0,0.0,0.0,0.0,0.0,0.0,1.0,0.0
454.2542811120451,7.570904685200751,注入平衡液,0.0,0.0,0.0,0.0,0.0,0.0,0.0,0.0,0.0,0.0,0.0,1.0,0.0
456.30551108502175,7.605091851417029,注入平衡液,0.0,0.0,0.0,0.0,0.0,0.0,0.0,0.0,0.0,0.0,0.0,1.0,0.0
458.3567410579984,7.639279017633307,注入平衡液,0.0,0.0,0.0,0.0,0.0,0.0,0.0,0.0,0.0,0.0,0.0,1.0,0.0
460.4079710309751,7.673466183849585,注入平衡液,0.0,0.0,0.0,0.0,0.0,0.0,0.0,0.0,0.0,0.0,0.0,1.0,0.0
462.45920100395176,7.707653350065863,注入平衡液,0.0,0.0,0.0,0.0,0.0,0.0,0.0,0.0,0.0,0.0,0.0,1.0,0.0
464.51043097692843,7.74184051628214,注入平衡液,0.0,0.0,0.0,0.0,0.0,0.0,0.0,0.0,0.0,0.0,0.0,1.0,0.0
466.5616609499051,7.776027682498419,注入平衡液,0.0,0.0,0.0,0.0,0.0,0.0,0.0,0.0,0.0,0.0,0.0,1.0,0.0
468.6128909228818,7.810214848714696,注入平衡液,0.0,0.0,0.0,0.0,0.0,0.0,0.0,0.0,0.0,0.0,0.0,1.0,0.0
470.66412089585845,7.844402014930974,注入平衡液,0.0,0.0,0.0,0.0,0.0,0.0,0.0,0.0,0.0,0.0,0.0,1.0,0.0
472.7153508688351,7.878589181147252,注入平衡液,0.0,0.0,0.0,0.0,0.0,0.0,0.0,0.0,0.0,0.0,0.0,1.0,0.0
474.7665808418118,7.91277634736353,注入平衡液,0.0,0.0,0.0,0.0,0.0,0.0,0.0,0.0,0.0,0.0,0.0,1.0,0.0
476.81781081478846,7.946963513579807,注入平衡液,0.0,0.0,0.0,0.0,0.0,0.0,0.0,0.0,0.0,0.0,0.0,1.0,0.0
478.86904078776513,7.981150679796086,注入平衡液,0.0,0.0,0.0,0.0,0.0,0.0,0.0,0.0,0.0,0.0,0.0,1.0,0.0
480.9202707607418,8.015337846012363,注入平衡液,0.0,0.0,0.0,0.0,0.0,0.0,0.0,0.0,0.0,0.0,0.0,1.0,0.0
482.97150073371847,8.04952501222864,注入平衡液,0.0,0.0,0.0,0.0,0.0,0.0,0.0,0.0,0.0,0.0,0.0,1.0,0.0
485.02273070669514,8.08371217844492,注入平衡液,0.0,0.0,0.0,0.0,0.0,0.0,0.0,0.0,0.0,0.0,0.0,1.0,0.0
487.0739606796718,8.117899344661197,注入平衡液,0.0,0.0,0.0,0.0,0.0,0.0,0.0,0.0,0.0,0.0,0.0,1.0,0.0
489.1251906526485,8.152086510877474,注入平衡液,0.0,0.0,0.0,0.0,0.0,0.0,0.0,0.0,0.0,0.0,0.0,1.0,0.0
491.17642062562516,8.186273677093753,注入平衡液,0.0,0.0,0.0,0.0,0.0,0.0,0.0,0.0,0.0,0.0,0.0,1.0,0.0
493.2276505986018,8.22046084331003,注入平衡液,0.0,0.0,0.0,0.0,0.0,0.0,0.0,0.0,0.0,0.0,0.0,1.0,0.0
495.2788805715785,8.254648009526308,注入平衡液,0.0,0.0,0.0,0.0,0.0,0.0,0.0,0.0,0.0,0.0,0.0,1.0,0.0
497.33011054455517,8.288835175742586,注入平衡液,0.0,0.0,0.0,0.0,0.0,0.0,0.0,0.0,0.0,0.0,0.0,1.0,0.0
499.38134051753184,8.323022341958865,注入平衡液,0.0,0.0,0.0,0.0,0.0,0.0,0.0,0.0,0.0,0.0,0.0,1.0,0.0
501.4325704905085,8.357209508175142,注入平衡液,0.0,0.0,0.0,0.0,0.0,0.0,0.0,0.0,0.0,0.0,0.0,1.0,0.0
503.4838004634852,8.39139667439142,注入平衡液,0.0,0.0,0.0,0.0,0.0,0.0,0.0,0.0,0.0,0.0,0.0,1.0,0.0
505.53503043646185,8.425583840607697,注入平衡液,0.0,0.0,0.0,0.0,0.0,0.0,0.0,0.0,0.0,0.0,0.0,1.0,0.0
507.5862604094385,8.459771006823976,注入平衡液,0.0,0.0,0.0,0.0,0.0,0.0,0.0,0.0,0.0,0.0,0.0,1.0,0.0
509.6374903824152,8.493958173040253,注入平衡液,0.0,0.0,0.0,0.0,0.0,0.0,0.0,0.0,0.0,0.0,0.0,1.0,0.0
511.68872035539187,8.52814533925653,注入平衡液,0.0,0.0,0.0,0.0,0.0,0.0,0.0,0.0,0.0,0.0,0.0,1.0,0.0
513.7399503283685,8.562332505472808,注入平衡液,0.0,0.0,0.0,0.0,0.0,0.0,0.0,0.0,0.0,0.0,0.0,1.0,0.0
515.7911803013452,8.596519671689087,注入平衡液,0.0,0.0,0.0,0.0,0.0,0.0,0.0,0.0,0.0,0.0,0.0,1.0,0.0
517.8424102743219,8.630706837905365,注入平衡液,0.0,0.0,0.0,0.0,0.0,0.0,0.0,0.0,0.0,0.0,0.0,1.0,0.0
519.8936402472985,8.664894004121642,注入平衡液,0.0,0.0,0.0,0.0,0.0,0.0,0.0,0.0,0.0,0.0,0.0,1.0,0.0
521.9448702202752,8.699081170337921,注入平衡液,0.0,0.0,0.0,0.0,0.0,0.0,0.0,0.0,0.0,0.0,0.0,1.0,0.0
523.9961001932519,8.733268336554199,注入平衡液,0.0,0.0,0.0,0.0,0.0,0.0,0.0,0.0,0.0,0.0,0.0,1.0,0.0
526.0473301662286,8.767455502770476,注入平衡液,0.0,0.0,0.0,0.0,0.0,0.0,0.0,0.0,0.0,0.0,0.0,1.0,0.0
528.0985601392052,8.801642668986753,注入平衡液,0.0,0.0,0.0,0.0,0.0,0.0,0.0,0.0,0.0,0.0,0.0,1.0,0.0
530.1497901121819,8.835829835203032,注入平衡液,0.0,0.0,0.0,0.0,0.0,0.0,0.0,0.0,0.0,0.0,0.0,1.0,0.0
532.2010200851586,8.87001700141931,注入平衡液,0.0,0.0,0.0,0.0,0.0,0.0,0.0,0.0,0.0,0.0,0.0,1.0,0.0
534.2522500581352,8.904204167635587,注入平衡液,0.0,0.0,0.0,0.0,0.0,0.0,0.0,0.0,0.0,0.0,0.0,1.0,0.0
536.3034800311119,8.938391333851865,注入平衡液,0.0,0.0,0.0,0.0,0.0,0.0,0.0,0.0,0.0,0.0,0.0,1.0,0.0
538.3547100040886,8.972578500068144,注入平衡液,0.0,0.0,0.0,0.0,0.0,0.0,0.0,0.0,0.0,0.0,0.0,1.0,0.0
540.4059399770653,9.006765666284421,注入平衡液,0.0,0.0,0.0,0.0,0.0,0.0,0.0,0.0,0.0,0.0,0.0,1.0,0.0
542.4571699500419,9.040952832500698,注入平衡液,0.0,0.0,0.0,0.0,0.0,0.0,0.0,0.0,0.0,0.0,0.0,1.0,0.0
544.5083999230186,9.075139998716976,注入平衡液,0.0,0.0,0.0,0.0,0.0,0.0,0.0,0.0,0.0,0.0,0.0,1.0,0.0
546.5596298959953,9.109327164933255,注入平衡液,0.0,0.0,0.0,0.0,0.0,0.0,0.0,0.0,0.0,0.0,0.0,1.0,0.0
548.6108598689719,9.143514331149532,注入平衡液,0.0,0.0,0.0,0.0,0.0,0.0,0.0,0.0,0.0,0.0,0.0,1.0,0.0
550.6620898419486,9.17770149736581,注入平衡液,0.0,0.0,0.0,0.0,0.0,0.0,0.0,0.0,0.0,0.0,0.0,1.0,0.0
552.7133198149253,9.211888663582089,注入平衡液,0.0,0.0,0.0,0.0,0.0,0.0,0.0,0.0,0.0,0.0,0.0,1.0,0.0
554.764549787902,9.246075829798366,注入平衡液,0.0,0.0,0.0,0.0,0.0,0.0,0.0,0.0,0.0,0.0,0.0,1.0,0.0
556.8157797608786,9.280262996014644,注入平衡液,0.0,0.0,0.0,0.0,0.0,0.0,0.0,0.0,0.0,0.0,0.0,1.0,0.0
558.8670097338553,9.314450162230921,注入平衡液,0.0,0.0,0.0,0.0,0.0,0.0,0.0,0.0,0.0,0.0,0.0,1.0,0.0
560.918239706832,9.3486373284472,注入平衡液,0.0,0.0,0.0,0.0,0.0,0.0,0.0,0.0,0.0,0.0,0.0,1.0,0.0
562.9694696798086,9.382824494663478,注入平衡液,0.0,0.0,0.0,0.0,0.0,0.0,0.0,0.0,0.0,0.0,0.0,1.0,0.0
565.0206996527853,9.417011660879755,注入平衡液,0.0,0.0,0.0,0.0,0.0,0.0,0.0,0.0,0.0,0.0,0.0,1.0,0.0
567.071929625762,9.451198827096032,注入平衡液,0.0,0.0,0.0,0.0,0.0,0.0,0.0,0.0,0.0,0.0,0.0,1.0,0.0
569.1231595987387,9.485385993312311,注入平衡液,0.0,0.0,0.0,0.0,0.0,0.0,0.0,0.0,0.0,0.0,0.0,1.0,0.0
571.1743895717153,9.519573159528589,注入平衡液,0.0,0.0,0.0,0.0,0.0,0.0,0.0,0.0,0.0,0.0,0.0,1.0,0.0
573.225619544692,9.553760325744866,注入平衡液,0.0,0.0,0.0,0.0,0.0,0.0,0.0,0.0,0.0,0.0,0.0,1.0,0.0
575.2768495176687,9.587947491961144,注入平衡液,0.0,0.0,0.0,0.0,0.0,0.0,0.0,0.0,0.0,0.0,0.0,1.0,0.0
577.3280794906453,9.622134658177423,注入平衡液,0.0,0.0,0.0,0.0,0.0,0.0,0.0,0.0,0.0,0.0,0.0,1.0,0.0
579.379309463622,9.6563218243937,注入平衡液,0.0,0.0,0.0,0.0,0.0,0.0,0.0,0.0,0.0,0.0,0.0,1.0,0.0
581.4305394365987,9.690508990609978,注入平衡液,0.0,0.0,0.0,0.0,0.0,0.0,0.0,0.0,0.0,0.0,0.0,1.0,0.0
583.4817694095753,9.724696156826257,注入平衡液,0.0,0.0,0.0,0.0,0.0,0.0,0.0,0.0,0.0,0.0,0.0,1.0,0.0
585.532999382552,9.758883323042534,注入平衡液,0.0,0.0,0.0,0.0,0.0,0.0,0.0,0.0,0.0,0.0,0.0,1.0,0.0
587.5842293555287,9.793070489258811,注入平衡液,0.0,0.0,0.0,0.0,0.0,0.0,0.0,0.0,0.0,0.0,0.0,1.0,0.0
589.6354593285054,9.827257655475089,注入平衡液,0.0,0.0,0.0,0.0,0.0,0.0,0.0,0.0,0.0,0.0,0.0,1.0,0.0
591.686689301482,9.861444821691368,注入平衡液,0.0,0.0,0.0,0.0,0.0,0.0,0.0,0.0,0.0,0.0,0.0,1.0,0.0
593.7379192744587,9.895631987907645,注入平衡液,0.0,0.0,0.0,0.0,0.0,0.0,0.0,0.0,0.0,0.0,0.0,1.0,0.0
595.7891492474354,9.929819154123923,注入平衡液,0.0,0.0,0.0,0.0,0.0,0.0,0.0,0.0,0.0,0.0,0.0,1.0,0.0
597.840379220412,9.9640063203402,注入平衡液,0.0,0.0,0.0,0.0,0.0,0.0,0.0,0.0,0.0,0.0,0.0,1.0,0.0
599.8916091933887,9.99819348655648,注入平衡液,0.0,0.0,0.0,0.0,0.0,0.0,0.0,0.0,0.0,0.0,0.0,1.0,0.0
601.9428391663654,10.032380652772757,注入平衡液,0.0,0.0,0.0,0.0,0.0,0.0,0.0,0.0,0.0,0.0,0.0,1.0,0.0
603.9940691393421,10.066567818989034,注入平衡液,0.0,0.0,0.0,0.0,0.0,0.0,0.0,0.0,0.0,0.0,0.0,1.0,0.0
606.0452991123187,10.100754985205311,注入平衡液,0.0,0.0,0.0,0.0,0.0,0.0,0.0,0.0,0.0,0.0,0.0,1.0,0.0
608.0965290852954,10.13494215142159,注入平衡液,0.0,0.0,0.0,0.0,0.0,0.0,0.0,0.0,0.0,0.0,0.0,1.0,0.0
610.1477590582721,10.169129317637868,注入平衡液,0.0,0.0,0.0,0.0,0.0,0.0,0.0,0.0,0.0,0.0,0.0,1.0,0.0
612.1989890312487,10.203316483854145,注入平衡液,0.0,0.0,0.0,0.0,0.0,0.0,0.0,0.0,0.0,0.0,0.0,1.0,0.0
614.2502190042254,10.237503650070424,注入平衡液,0.0,0.0,0.0,0.0,0.0,0.0,0.0,0.0,0.0,0.0,0.0,1.0,0.0
616.3014489772021,10.271690816286702,注入平衡液,0.0,0.0,0.0,0.0,0.0,0.0,0.0,0.0,0.0,0.0,0.0,1.0,0.0
618.3526789501788,10.30587798250298,注入平衡液,0.0,0.0,0.0,0.0,0.0,0.0,0.0,0.0,0.0,0.0,0.0,1.0,0.0
620.4039089231554,10.340065148719257,注入平衡液,0.0,0.0,0.0,0.0,0.0,0.0,0.0,0.0,0.0,0.0,0.0,1.0,0.0
622.4551388961321,10.374252314935536,注入平衡液,0.0,0.0,0.0,0.0,0.0,0.0,0.0,0.0,0.0,0.0,0.0,1.0,0.0
624.5063688691088,10.408439481151813,注入平衡液,0.0,0.0,0.0,0.0,0.0,0.0,0.0,0.0,0.0,0.0,0.0,1.0,0.0
626.5575988420854,10.44262664736809,注入平衡液,0.0,0.0,0.0,0.0,0.0,0.0,0.0,0.0,0.0,0.0,0.0,1.0,0.0
628.6088288150621,10.476813813584368,注入平衡液,0.0,0.0,0.0,0.0,0.0,0.0,0.0,0.0,0.0,0.0,0.0,1.0,0.0
630.6600587880388,10.511000979800647,注入平衡液,0.0,0.0,0.0,0.0,0.0,0.0,0.0,0.0,0.0,0.0,0.0,1.0,0.0
632.7112887610155,10.545188146016924,注入平衡液,0.0,0.0,0.0,0.0,0.0,0.0,0.0,0.0,0.0,0.0,0.0,1.0,0.0
634.7625187339921,10.579375312233202,注入平衡液,0.0,0.0,0.0,0.0,0.0,0.0,0.0,0.0,0.0,0.0,0.0,1.0,0.0
636.8137487069688,10.613562478449479,注入平衡液,0.0,0.0,0.0,0.0,0.0,0.0,0.0,0.0,0.0,0.0,0.0,1.0,0.0
638.8649786799455,10.647749644665758,注入平衡液,0.0,0.0,0.0,0.0,0.0,0.0,0.0,0.0,0.0,0.0,0.0,1.0,0.0
640.9162086529221,10.681936810882036,注入平衡液,0.0,0.0,0.0,0.0,0.0,0.0,0.0,0.0,0.0,0.0,0.0,1.0,0.0
642.9674386258988,10.716123977098313,注入平衡液,0.0,0.0,0.0,0.0,0.0,0.0,0.0,0.0,0.0,0.0,0.0,1.0,0.0
645.0186685988755,10.750311143314592,注入平衡液,0.0,0.0,0.0,0.0,0.0,0.0,0.0,0.0,0.0,0.0,0.0,1.0,0.0
647.0698985718521,10.78449830953087,注入平衡液,0.0,0.0,0.0,0.0,0.0,0.0,0.0,0.0,0.0,0.0,0.0,1.0,0.0
649.1211285448288,10.818685475747147,注入平衡液,0.0,0.0,0.0,0.0,0.0,0.0,0.0,0.0,0.0,0.0,0.0,1.0,0.0
651.1723585178055,10.852872641963424,注入平衡液,0.0,0.0,0.0,0.0,0.0,0.0,0.0,0.0,0.0,0.0,0.0,1.0,0.0
653.2235884907822,10.887059808179703,注入平衡液,0.0,0.0,0.0,0.0,0.0,0.0,0.0,0.0,0.0,0.0,0.0,1.0,0.0
655.2748184637588,10.92124697439598,注入平衡液,0.0,0.0,0.0,0.0,0.0,0.0,0.0,0.0,0.0,0.0,0.0,1.0,0.0
657.3260484367355,10.955434140612258,注入平衡液,0.0,0.0,0.0,0.0,0.0,0.0,0.0,0.0,0.0,0.0,0.0,1.0,0.0
659.3772784097122,10.989621306828536,注入平衡液,0.0,0.0,0.0,0.0,0.0,0.0,0.0,0.0,0.0,0.0,0.0,1.0,0.0
661.4285083826888,11.023808473044815,注入平衡液,0.0,0.0,0.0,0.0,0.0,0.0,0.0,0.0,0.0,0.0,0.0,1.0,0.0
663.4797383556655,11.057995639261092,注入平衡液,0.0,0.0,0.0,0.0,0.0,0.0,0.0,0.0,0.0,0.0,0.0,1.0,0.0
665.5309683286422,11.09218280547737,注入平衡液,0.0,0.0,0.0,0.0,0.0,0.0,0.0,0.0,0.0,0.0,0.0,1.0,0.0
667.5821983016189,11.126369971693647,注入平衡液,0.0,0.0,0.0,0.0,0.0,0.0,0.0,0.0,0.0,0.0,0.0,1.0,0.0
669.6334282745955,11.160557137909926,注入平衡液,0.0,0.0,0.0,0.0,0.0,0.0,0.0,0.0,0.0,0.0,0.0,1.0,0.0
671.6846582475722,11.194744304126203,注入平衡液,0.0,0.0,0.0,0.0,0.0,0.0,0.0,0.0,0.0,0.0,0.0,1.0,0.0
673.7358882205489,11.22893147034248,注入平衡液,0.0,0.0,0.0,0.0,0.0,0.0,0.0,0.0,0.0,0.0,0.0,1.0,0.0
675.7871181935255,11.26311863655876,注入平衡液,0.0,0.0,0.0,0.0,0.0,0.0,0.0,0.0,0.0,0.0,0.0,1.0,0.0
677.8383481665022,11.297305802775037,注入平衡液,0.0,0.0,0.0,0.0,0.0,0.0,0.0,0.0,0.0,0.0,0.0,1.0,0.0
679.8895781394789,11.331492968991315,注入平衡液,0.0,0.0,0.0,0.0,0.0,0.0,0.0,0.0,0.0,0.0,0.0,1.0,0.0
681.9408081124556,11.365680135207592,注入平衡液,0.0,0.0,0.0,0.0,0.0,0.0,0.0,0.0,0.0,0.0,0.0,1.0,0.0
683.9920380854322,11.399867301423871,注入平衡液,0.0,0.0,0.0,0.0,0.0,0.0,0.0,0.0,0.0,0.0,0.0,1.0,0.0
686.0432680584089,11.434054467640149,注入平衡液,0.0,0.0,0.0,0.0,0.0,0.0,0.0,0.0,0.0,0.0,0.0,1.0,0.0
688.0944980313856,11.468241633856426,注入平衡液,0.0,0.0,0.0,0.0,0.0,0.0,0.0,0.0,0.0,0.0,0.0,1.0,0.0
690.1457280043622,11.502428800072703,注入平衡液,0.0,0.0,0.0,0.0,0.0,0.0,0.0,0.0,0.0,0.0,0.0,1.0,0.0
692.1969579773389,11.536615966288982,注入平衡液,0.0,0.0,0.0,0.0,0.0,0.0,0.0,0.0,0.0,0.0,0.0,1.0,0.0
694.2481879503156,11.57080313250526,注入平衡液,0.0,0.0,0.0,0.0,0.0,0.0,0.0,0.0,0.0,0.0,0.0,1.0,0.0
696.2994179232923,11.604990298721537,注入平衡液,0.0,0.0,0.0,0.0,0.0,0.0,0.0,0.0,0.0,0.0,0.0,1.0,0.0
698.3506478962689,11.639177464937815,注入平衡液,0.0,0.0,0.0,0.0,0.0,0.0,0.0,0.0,0.0,0.0,0.0,1.0,0.0
700.4018778692456,11.673364631154094,注入平衡液,0.0,0.0,0.0,0.0,0.0,0.0,0.0,0.0,0.0,0.0,0.0,1.0,0.0
702.4531078422223,11.707551797370371,注入平衡液,0.0,0.0,0.0,0.0,0.0,0.0,0.0,0.0,0.0,0.0,0.0,1.0,0.0
704.5043378151989,11.741738963586648,注入平衡液,0.0,0.0,0.0,0.0,0.0,0.0,0.0,0.0,0.0,0.0,0.0,1.0,0.0
706.5555677881756,11.775926129802928,注入平衡液,0.0,0.0,0.0,0.0,0.0,0.0,0.0,0.0,0.0,0.0,0.0,1.0,0.0
708.6067977611523,11.810113296019205,注入平衡液,0.0,0.0,0.0,0.0,0.0,0.0,0.0,0.0,0.0,0.0,0.0,1.0,0.0
710.658027734129,11.844300462235482,注入平衡液,0.0,0.0,0.0,0.0,0.0,0.0,0.0,0.0,0.0,0.0,0.0,1.0,0.0
712.7092577071056,11.87848762845176,注入平衡液,0.0,0.0,0.0,0.0,0.0,0.0,0.0,0.0,0.0,0.0,0.0,1.0,0.0
714.7604876800823,11.912674794668039,注入平衡液,0.0,0.0,0.0,0.0,0.0,0.0,0.0,0.0,0.0,0.0,0.0,1.0,0.0
716.811717653059,11.946861960884316,注入平衡液,0.0,0.0,0.0,0.0,0.0,0.0,0.0,0.0,0.0,0.0,0.0,1.0,0.0
718.8629476260356,11.981049127100594,注入平衡液,0.0,0.0,0.0,0.0,0.0,0.0,0.0,0.0,0.0,0.0,0.0,1.0,0.0
720.9141775990123,12.015236293316871,注入平衡液,0.0,0.0,0.0,0.0,0.0,0.0,0.0,0.0,0.0,0.0,0.0,1.0,0.0
722.965407571989,12.04942345953315,注入平衡液,0.0,0.0,0.0,0.0,0.0,0.0,0.0,0.0,0.0,0.0,0.0,1.0,0.0
725.0166375449656,12.083610625749428,注入平衡液,0.0,0.0,0.0,0.0,0.0,0.0,0.0,0.0,0.0,0.0,0.0,1.0,0.0
727.0678675179423,12.117797791965705,注入平衡液,0.0,0.0,0.0,0.0,0.0,0.0,0.0,0.0,0.0,0.0,0.0,1.0,0.0
729.119097490919,12.151984958181982,注入平衡液,0.0,0.0,0.0,0.0,0.0,0.0,0.0,0.0,0.0,0.0,0.0,1.0,0.0
731.1703274638957,12.186172124398261,注入平衡液,0.0,0.0,0.0,0.0,0.0,0.0,0.0,0.0,0.0,0.0,0.0,1.0,0.0
733.2215574368723,12.220359290614539,注入平衡液,0.0,0.0,0.0,0.0,0.0,0.0,0.0,0.0,0.0,0.0,0.0,1.0,0.0
735.272787409849,12.254546456830816,注入平衡液,0.0,0.0,0.0,0.0,0.0,0.0,0.0,0.0,0.0,0.0,0.0,1.0,0.0
737.3240173828257,12.288733623047095,注入平衡液,0.0,0.0,0.0,0.0,0.0,0.0,0.0,0.0,0.0,0.0,0.0,1.0,0.0
739.3752473558023,12.322920789263373,注入平衡液,0.0,0.0,0.0,0.0,0.0,0.0,0.0,0.0,0.0,0.0,0.0,1.0,0.0
741.426477328779,12.35710795547965,注入平衡液,0.0,0.0,0.0,0.0,0.0,0.0,0.0,0.0,0.0,0.0,0.0,1.0,0.0
743.4777073017557,12.391295121695928,注入平衡液,0.0,0.0,0.0,0.0,0.0,0.0,0.0,0.0,0.0,0.0,0.0,1.0,0.0
745.5289372747324,12.425482287912207,注入平衡液,0.0,0.0,0.0,0.0,0.0,0.0,0.0,0.0,0.0,0.0,0.0,1.0,0.0
747.580167247709,12.459669454128484,注入平衡液,0.0,0.0,0.0,0.0,0.0,0.0,0.0,0.0,0.0,0.0,0.0,1.0,0.0
749.6313972206857,12.493856620344761,注入平衡液,0.0,0.0,0.0,0.0,0.0,0.0,0.0,0.0,0.0,0.0,0.0,1.0,0.0
751.6826271936624,12.528043786561039,注入平衡液,0.0,0.0,0.0,0.0,0.0,0.0,0.0,0.0,0.0,0.0,0.0,1.0,0.0
753.733857166639,12.562230952777318,注入平衡液,0.0,0.0,0.0,0.0,0.0,0.0,0.0,0.0,0.0,0.0,0.0,1.0,0.0
755.7850871396157,12.596418118993595,注入平衡液,0.0,0.0,0.0,0.0,0.0,0.0,0.0,0.0,0.0,0.0,0.0,1.0,0.0
757.8363171125924,12.630605285209873,注入平衡液,0.0,0.0,0.0,0.0,0.0,0.0,0.0,0.0,0.0,0.0,0.0,1.0,0.0
759.887547085569,12.66479245142615,注入平衡液,0.0,0.0,0.0,0.0,0.0,0.0,0.0,0.0,0.0,0.0,0.0,1.0,0.0
761.9387770585457,12.69897961764243,注入平衡液,0.0,0.0,0.0,0.0,0.0,0.0,0.0,0.0,0.0,0.0,0.0,1.0,0.0
763.9900070315224,12.733166783858707,注入平衡液,0.0,0.0,0.0,0.0,0.0,0.0,0.0,0.0,0.0,0.0,0.0,1.0,0.0
766.0412370044991,12.767353950074984,注入平衡液,0.0,0.0,0.0,0.0,0.0,0.0,0.0,0.0,0.0,0.0,0.0,1.0,0.0
768.0924669774757,12.801541116291263,注入平衡液,0.0,0.0,0.0,0.0,0.0,0.0,0.0,0.0,0.0,0.0,0.0,1.0,0.0
770.1436969504524,12.83572828250754,注入平衡液,0.0,0.0,0.0,0.0,0.0,0.0,0.0,0.0,0.0,0.0,0.0,1.0,0.0
772.1949269234291,12.869915448723818,注入平衡液,0.0,0.0,0.0,0.0,0.0,0.0,0.0,0.0,0.0,0.0,0.0,1.0,0.0
774.2461568964058,12.904102614940095,注入平衡液,0.0,0.0,0.0,0.0,0.0,0.0,0.0,0.0,0.0,0.0,0.0,1.0,0.0
776.2973868693824,12.938289781156374,注入平衡液,0.0,0.0,0.0,0.0,0.0,0.0,0.0,0.0,0.0,0.0,0.0,1.0,0.0
778.3486168423591,12.972476947372652,注入平衡液,0.0,0.0,0.0,0.0,0.0,0.0,0.0,0.0,0.0,0.0,0.0,1.0,0.0
780.3998468153358,13.00666411358893,注入平衡液,0.0,0.0,0.0,0.0,0.0,0.0,0.0,0.0,0.0,0.0,0.0,1.0,0.0
782.4510767883124,13.040851279805207,注入平衡液,0.0,0.0,0.0,0.0,0.0,0.0,0.0,0.0,0.0,0.0,0.0,1.0,0.0
784.5023067612891,13.075038446021486,注入平衡液,0.0,0.0,0.0,0.0,0.0,0.0,0.0,0.0,0.0,0.0,0.0,1.0,0.0
786.5535367342658,13.109225612237763,注入平衡液,0.0,0.0,0.0,0.0,0.0,0.0,0.0,0.0,0.0,0.0,0.0,1.0,0.0
788.6047667072424,13.14341277845404,注入平衡液,0.0,0.0,0.0,0.0,0.0,0.0,0.0,0.0,0.0,0.0,0.0,1.0,0.0
790.6559966802191,13.177599944670318,注入平衡液,0.0,0.0,0.0,0.0,0.0,0.0,0.0,0.0,0.0,0.0,0.0,1.0,0.0
792.7072266531958,13.211787110886597,注入平衡液,0.0,0.0,0.0,0.0,0.0,0.0,0.0,0.0,0.0,0.0,0.0,1.0,0.0
794.7584566261725,13.245974277102874,注入平衡液,0.0,0.0,0.0,0.0,0.0,0.0,0.0,0.0,0.0,0.0,0.0,1.0,0.0
796.8096865991491,13.280161443319152,注入平衡液,0.0,0.0,0.0,0.0,0.0,0.0,0.0,0.0,0.0,0.0,0.0,1.0,0.0
798.8609165721258,13.31434860953543,注入平衡液,0.0,0.0,0.0,0.0,0.0,0.0,0.0,0.0,0.0,0.0,0.0,1.0,0.0
800.9121465451025,13.348535775751708,注入平衡液,0.0,0.0,0.0,0.0,0.0,0.0,0.0,0.0,0.0,0.0,0.0,1.0,0.0
802.9633765180791,13.382722941967986,注入平衡液,0.0,0.0,0.0,0.0,0.0,0.0,0.0,0.0,0.0,0.0,0.0,1.0,0.0
805.0146064910558,13.416910108184263,注入平衡液,0.0,0.0,0.0,0.0,0.0,0.0,0.0,0.0,0.0,0.0,0.0,1.0,0.0
807.0658364640325,13.451097274400542,注入平衡液,0.0,0.0,0.0,0.0,0.0,0.0,0.0,0.0,0.0,0.0,0.0,1.0,0.0
809.1170664370092,13.48528444061682,注入平衡液,0.0,0.0,0.0,0.0,0.0,0.0,0.0,0.0,0.0,0.0,0.0,1.0,0.0
811.1682964099858,13.519471606833097,注入平衡液,0.0,0.0,0.0,0.0,0.0,0.0,0.0,0.0,0.0,0.0,0.0,1.0,0.0
813.2195263829625,13.553658773049374,注入平衡液,0.0,0.0,0.0,0.0,0.0,0.0,0.0,0.0,0.0,0.0,0.0,1.0,0.0
815.2707563559392,13.587845939265653,注入平衡液,0.0,0.0,0.0,0.0,0.0,0.0,0.0,0.0,0.0,0.0,0.0,1.0,0.0
817.3219863289158,13.62203310548193,注入平衡液,0.0,0.0,0.0,0.0,0.0,0.0,0.0,0.0,0.0,0.0,0.0,1.0,0.0
819.3732163018925,13.656220271698208,注入平衡液,0.0,0.0,0.0,0.0,0.0,0.0,0.0,0.0,0.0,0.0,0.0,1.0,0.0
821.4244462748692,13.690407437914486,注入平衡液,0.0,0.0,0.0,0.0,0.0,0.0,0.0,0.0,0.0,0.0,0.0,1.0,0.0
823.4756762478459,13.724594604130765,注入平衡液,0.0,0.0,0.0,0.0,0.0,0.0,0.0,0.0,0.0,0.0,0.0,1.0,0.0
825.5269062208225,13.758781770347042,注入平衡液,0.0,0.0,0.0,0.0,0.0,0.0,0.0,0.0,0.0,0.0,0.0,1.0,0.0
827.5781361937992,13.79296893656332,注入平衡液,0.0,0.0,0.0,0.0,0.0,0.0,0.0,0.0,0.0,0.0,0.0,1.0,0.0
829.6293661667759,13.827156102779599,注入平衡液,0.0,0.0,0.0,0.0,0.0,0.0,0.0,0.0,0.0,0.0,0.0,1.0,0.0
831.6805961397525,13.861343268995876,注入平衡液,0.0,0.0,0.0,0.0,0.0,0.0,0.0,0.0,0.0,0.0,0.0,1.0,0.0
833.7318261127292,13.895530435212153,注入平衡液,0.0,0.0,0.0,0.0,0.0,0.0,0.0,0.0,0.0,0.0,0.0,1.0,0.0
835.7830560857059,13.92971760142843,注入平衡液,0.0,0.0,0.0,0.0,0.0,0.0,0.0,0.0,0.0,0.0,0.0,1.0,0.0
837.8342860586826,13.96390476764471,注入平衡液,0.0,0.0,0.0,0.0,0.0,0.0,0.0,0.0,0.0,0.0,0.0,1.0,0.0
839.8855160316592,13.998091933860987,注入平衡液,0.0,0.0,0.0,0.0,0.0,0.0,0.0,0.0,0.0,0.0,0.0,1.0,0.0
841.9367460046359,14.032279100077265,注入平衡液,0.0,0.0,0.0,0.0,0.0,0.0,0.0,0.0,0.0,0.0,0.0,1.0,0.0
843.9879759776126,14.066466266293542,注入平衡液,0.0,0.0,0.0,0.0,0.0,0.0,0.0,0.0,0.0,0.0,0.0,1.0,0.0
846.0392059505892,14.100653432509821,注入平衡液,0.0,0.0,0.0,0.0,0.0,0.0,0.0,0.0,0.0,0.0,0.0,1.0,0.0
848.0904359235659,14.134840598726099,注入平衡液,0.0,0.0,0.0,0.0,0.0,0.0,0.0,0.0,0.0,0.0,0.0,1.0,0.0
850.1416658965426,14.169027764942376,注入平衡液,0.0,0.0,0.0,0.0,0.0,0.0,0.0,0.0,0.0,0.0,0.0,1.0,0.0
852.1928958695192,14.203214931158653,注入平衡液,0.0,0.0,0.0,0.0,0.0,0.0,0.0,0.0,0.0,0.0,0.0,1.0,0.0
854.2441258424959,14.237402097374932,注入平衡液,0.0,0.0,0.0,0.0,0.0,0.0,0.0,0.0,0.0,0.0,0.0,1.0,0.0
856.2953558154726,14.27158926359121,注入平衡液,0.0,0.0,0.0,0.0,0.0,0.0,0.0,0.0,0.0,0.0,0.0,1.0,0.0
858.3465857884493,14.305776429807487,注入平衡液,0.0,0.0,0.0,0.0,0.0,0.0,0.0,0.0,0.0,0.0,0.0,1.0,0.0
860.3978157614259,14.339963596023766,注入平衡液,0.0,0.0,0.0,0.0,0.0,0.0,0.0,0.0,0.0,0.0,0.0,1.0,0.0
862.4490457344026,14.374150762240044,注入平衡液,0.0,0.0,0.0,0.0,0.0,0.0,0.0,0.0,0.0,0.0,0.0,1.0,0.0
864.5002757073793,14.408337928456321,注入平衡液,0.0,0.0,0.0,0.0,0.0,0.0,0.0,0.0,0.0,0.0,0.0,1.0,0.0
866.551505680356,14.442525094672598,注入平衡液,0.0,0.0,0.0,0.0,0.0,0.0,0.0,0.0,0.0,0.0,0.0,1.0,0.0
868.6027356533326,14.476712260888878,注入平衡液,0.0,0.0,0.0,0.0,0.0,0.0,0.0,0.0,0.0,0.0,0.0,1.0,0.0
870.6539656263093,14.510899427105155,注入平衡液,0.0,0.0,0.0,0.0,0.0,0.0,0.0,0.0,0.0,0.0,0.0,1.0,0.0
872.705195599286,14.545086593321432,注入平衡液,0.0,0.0,0.0,0.0,0.0,0.0,0.0,0.0,0.0,0.0,0.0,1.0,0.0
874.7564255722626,14.57927375953771,注入平衡液,0.0,0.0,0.0,0.0,0.0,0.0,0.0,0.0,0.0,0.0,0.0,1.0,0.0
876.8076555452393,14.613460925753989,注入平衡液,0.0,0.0,0.0,0.0,0.0,0.0,0.0,0.0,0.0,0.0,0.0,1.0,0.0
878.858885518216,14.647648091970266,注入平衡液,0.0,0.0,0.0,0.0,0.0,0.0,0.0,0.0,0.0,0.0,0.0,1.0,0.0
880.9101154911926,14.681835258186544,注入平衡液,0.0,0.0,0.0,0.0,0.0,0.0,0.0,0.0,0.0,0.0,0.0,1.0,0.0
882.9613454641693,14.716022424402821,注入平衡液,0.0,0.0,0.0,0.0,0.0,0.0,0.0,0.0,0.0,0.0,0.0,1.0,0.0
885.012575437146,14.7502095906191,注入平衡液,0.0,0.0,0.0,0.0,0.0,0.0,0.0,0.0,0.0,0.0,0.0,1.0,0.0
887.0638054101227,14.784396756835378,注入平衡液,0.0,0.0,0.0,0.0,0.0,0.0,0.0,0.0,0.0,0.0,0.0,1.0,0.0
889.1150353830993,14.818583923051655,注入平衡液,0.0,0.0,0.0,0.0,0.0,0.0,0.0,0.0,0.0,0.0,0.0,1.0,0.0
891.166265356076,14.852771089267934,注入平衡液,0.0,0.0,0.0,0.0,0.0,0.0,0.0,0.0,0.0,0.0,0.0,1.0,0.0
893.2174953290527,14.886958255484211,注入平衡液,0.0,0.0,0.0,0.0,0.0,0.0,0.0,0.0,0.0,0.0,0.0,1.0,0.0
895.2687253020293,14.921145421700489,注入平衡液,0.0,0.0,0.0,0.0,0.0,0.0,0.0,0.0,0.0,0.0,0.0,1.0,0.0
897.319955275006,14.955332587916766,注入平衡液,0.0,0.0,0.0,0.0,0.0,0.0,0.0,0.0,0.0,0.0,0.0,1.0,0.0
899.3711852479827,14.989519754133045,注入平衡液,0.0,0.0,0.0,0.0,0.0,0.0,0.0,0.0,0.0,0.0,0.0,1.0,0.0
901.4224152209594,15.023706920349323,注入平衡液,0.0,0.0,0.0,0.0,0.0,0.0,0.0,0.0,0.0,0.0,0.0,1.0,0.0
903.473645193936,15.0578940865656,注入平衡液,0.0,0.0,0.0,0.0,0.0,0.0,0.0,0.0,0.0,0.0,0.0,1.0,0.0
905.5248751669127,15.092081252781878,注入平衡液,0.0,0.0,0.0,0.0,0.0,0.0,0.0,0.0,0.0,0.0,0.0,1.0,0.0
907.5761051398894,15.126268418998157,注入平衡液,0.0,0.0,0.0,0.0,0.0,0.0,0.0,0.0,0.0,0.0,0.0,1.0,0.0
909.627335112866,15.160455585214434,注入平衡液,0.0,0.0,0.0,0.0,0.0,0.0,0.0,0.0,0.0,0.0,0.0,1.0,0.0
911.6785650858427,15.194642751430711,注入平衡液,0.0,0.0,0.0,0.0,0.0,0.0,0.0,0.0,0.0,0.0,0.0,1.0,0.0
913.7297950588194,15.228829917646989,注入平衡液,0.0,0.0,0.0,0.0,0.0,0.0,0.0,0.0,0.0,0.0,0.0,1.0,0.0
915.781025031796,15.263017083863268,注入平衡液,0.0,0.0,0.0,0.0,0.0,0.0,0.0,0.0,0.0,0.0,0.0,1.0,0.0
917.8322550047727,15.297204250079545,注入平衡液,0.0,0.0,0.0,0.0,0.0,0.0,0.0,0.0,0.0,0.0,0.0,1.0,0.0
919.8834849777494,15.331391416295823,注入平衡液,0.0,0.0,0.0,0.0,0.0,0.0,0.0,0.0,0.0,0.0,0.0,1.0,0.0
921.9347149507261,15.365578582512102,注入平衡液,0.0,0.0,0.0,0.0,0.0,0.0,0.0,0.0,0.0,0.0,0.0,1.0,0.0
923.9859449237027,15.39976574872838,注入平衡液,0.0,0.0,0.0,0.0,0.0,0.0,0.0,0.0,0.0,0.0,0.0,1.0,0.0
926.0371748966794,15.433952914944657,注入平衡液,0.0,0.0,0.0,0.0,0.0,0.0,0.0,0.0,0.0,0.0,0.0,1.0,0.0
928.0884048696561,15.468140081160934,注入平衡液,0.0,0.0,0.0,0.0,0.0,0.0,0.0,0.0,0.0,0.0,0.0,1.0,0.0
930.1396348426327,15.502327247377213,注入平衡液,0.0,0.0,0.0,0.0,0.0,0.0,0.0,0.0,0.0,0.0,0.0,1.0,0.0
932.1908648156094,15.53651441359349,注入平衡液,0.0,0.0,0.0,0.0,0.0,0.0,0.0,0.0,0.0,0.0,0.0,1.0,0.0
934.2420947885861,15.570701579809768,注入平衡液,0.0,0.0,0.0,0.0,0.0,0.0,0.0,0.0,0.0,0.0,0.0,1.0,0.0
936.2933247615628,15.604888746026045,注入平衡液,0.0,0.0,0.0,0.0,0.0,0.0,0.0,0.0,0.0,0.0,0.0,1.0,0.0
938.3445547345394,15.639075912242324,注入平衡液,0.0,0.0,0.0,0.0,0.0,0.0,0.0,0.0,0.0,0.0,0.0,1.0,0.0
940.3957847075161,15.673263078458602,注入平衡液,0.0,0.0,0.0,0.0,0.0,0.0,0.0,0.0,0.0,0.0,0.0,1.0,0.0
942.4470146804928,15.70745024467488,注入平衡液,0.0,0.0,0.0,0.0,0.0,0.0,0.0,0.0,0.0,0.0,0.0,1.0,0.0
944.4982446534694,15.741637410891157,注入平衡液,0.0,0.0,0.0,0.0,0.0,0.0,0.0,0.0,0.0,0.0,0.0,1.0,0.0
946.5494746264461,15.775824577107436,注入平衡液,0.0,0.0,0.0,0.0,0.0,0.0,0.0,0.0,0.0,0.0,0.0,1.0,0.0
948.6007045994228,15.810011743323713,注入平衡液,0.0,0.0,0.0,0.0,0.0,0.0,0.0,0.0,0.0,0.0,0.0,1.0,0.0
950.6519345723995,15.84419890953999,注入平衡液,0.0,0.0,0.0,0.0,0.0,0.0,0.0,0.0,0.0,0.0,0.0,1.0,0.0
952.7031645453761,15.87838607575627,注入平衡液,0.0,0.0,0.0,0.0,0.0,0.0,0.0,0.0,0.0,0.0,0.0,1.0,0.0
954.7543945183528,15.912573241972547,注入平衡液,0.0,0.0,0.0,0.0,0.0,0.0,0.0,0.0,0.0,0.0,0.0,1.0,0.0
956.8056244913295,15.946760408188824,注入平衡液,0.0,0.0,0.0,0.0,0.0,0.0,0.0,0.0,0.0,0.0,0.0,1.0,0.0
958.8568544643061,15.980947574405102,注入平衡液,0.0,0.0,0.0,0.0,0.0,0.0,0.0,0.0,0.0,0.0,0.0,1.0,0.0
960.9080844372828,16.01513474062138,注入平衡液,0.0,0.0,0.0,0.0,0.0,0.0,0.0,0.0,0.0,0.0,0.0,1.0,0.0
962.9593144102595,16.04932190683766,注入平衡液,0.0,0.0,0.0,0.0,0.0,0.0,0.0,0.0,0.0,0.0,0.0,1.0,0.0
965.0105443832362,16.083509073053936,注入平衡液,0.0,0.0,0.0,0.0,0.0,0.0,0.0,0.0,0.0,0.0,0.0,1.0,0.0
967.0617743562128,16.117696239270213,注入平衡液,0.0,0.0,0.0,0.0,0.0,0.0,0.0,0.0,0.0,0.0,0.0,1.0,0.0
969.1130043291895,16.15188340548649,注入平衡液,0.0,0.0,0.0,0.0,0.0,0.0,0.0,0.0,0.0,0.0,0.0,1.0,0.0
971.1642343021662,16.186070571702768,注入平衡液,0.0,0.0,0.0,0.0,0.0,0.0,0.0,0.0,0.0,0.0,0.0,1.0,0.0
973.2154642751428,16.22025773791905,注入平衡液,0.0,0.0,0.0,0.0,0.0,0.0,0.0,0.0,0.0,0.0,0.0,1.0,0.0
975.2666942481195,16.254444904135326,注入平衡液,0.0,0.0,0.0,0.0,0.0,0.0,0.0,0.0,0.0,0.0,0.0,1.0,0.0
977.3179242210962,16.288632070351603,注入平衡液,0.0,0.0,0.0,0.0,0.0,0.0,0.0,0.0,0.0,0.0,0.0,1.0,0.0
979.3691541940728,16.32281923656788,注入平衡液,0.0,0.0,0.0,0.0,0.0,0.0,0.0,0.0,0.0,0.0,0.0,1.0,0.0
981.4203841670495,16.357006402784158,注入平衡液,0.0,0.0,0.0,0.0,0.0,0.0,0.0,0.0,0.0,0.0,0.0,1.0,0.0
983.4716141400262,16.391193569000436,注入平衡液,0.0,0.0,0.0,0.0,0.0,0.0,0.0,0.0,0.0,0.0,0.0,1.0,0.0
985.5228441130029,16.425380735216713,注入平衡液,0.0,0.0,0.0,0.0,0.0,0.0,0.0,0.0,0.0,0.0,0.0,1.0,0.0
987.5740740859795,16.459567901432994,注入平衡液,0.0,0.0,0.0,0.0,0.0,0.0,0.0,0.0,0.0,0.0,0.0,1.0,0.0
989.6253040589562,16.49375506764927,注入平衡液,0.0,0.0,0.0,0.0,0.0,0.0,0.0,0.0,0.0,0.0,0.0,1.0,0.0
991.6765340319329,16.52794223386555,注入平衡液,0.0,0.0,0.0,0.0,0.0,0.0,0.0,0.0,0.0,0.0,0.0,1.0,0.0
993.7277640049095,16.562129400081826,注入平衡液,0.0,0.0,0.0,0.0,0.0,0.0,0.0,0.0,0.0,0.0,0.0,1.0,0.0
995.7789939778862,16.596316566298103,注入平衡液,0.0,0.0,0.0,0.0,0.0,0.0,0.0,0.0,0.0,0.0,0.0,1.0,0.0
997.8302239508629,16.63050373251438,注入平衡液,0.0,0.0,0.0,0.0,0.0,0.0,0.0,0.0,0.0,0.0,0.0,1.0,0.0
999.8814539238396,16.664690898730658,注入平衡液,0.0,0.0,0.0,0.0,0.0,0.0,0.0,0.0,0.0,0.0,0.0,1.0,0.0
1001.9326838968162,16.698878064946935,注入平衡液,0.0,0.0,0.0,0.0,0.0,0.0,0.0,0.0,0.0,0.0,0.0,1.0,0.0
1003.9839138697929,16.733065231163216,注入平衡液,0.0,0.0,0.0,0.0,0.0,0.0,0.0,0.0,0.0,0.0,0.0,1.0,0.0
1006.0351438427696,16.767252397379494,注入平衡液,0.0,0.0,0.0,0.0,0.0,0.0,0.0,0.0,0.0,0.0,0.0,1.0,0.0
1008.0863738157462,16.80143956359577,注入平衡液,0.0,0.0,0.0,0.0,0.0,0.0,0.0,0.0,0.0,0.0,0.0,1.0,0.0
1010.1376037887229,16.83562672981205,注入平衡液,0.0,0.0,0.0,0.0,0.0,0.0,0.0,0.0,0.0,0.0,0.0,1.0,0.0
1012.1888337616996,16.869813896028326,注入平衡液,0.0,0.0,0.0,0.0,0.0,0.0,0.0,0.0,0.0,0.0,0.0,1.0,0.0
1014.2400637346763,16.904001062244603,注入平衡液,0.0,0.0,0.0,0.0,0.0,0.0,0.0,0.0,0.0,0.0,0.0,1.0,0.0
1016.2912937076529,16.93818822846088,注入平衡液,0.0,0.0,0.0,0.0,0.0,0.0,0.0,0.0,0.0,0.0,0.0,1.0,0.0
1018.3425236806296,16.97237539467716,注入平衡液,0.0,0.0,0.0,0.0,0.0,0.0,0.0,0.0,0.0,0.0,0.0,1.0,0.0
1020.3937536536063,17.00656256089344,注入平衡液,0.0,0.0,0.0,0.0,0.0,0.0,0.0,0.0,0.0,0.0,0.0,1.0,0.0
1022.4449836265829,17.040749727109716,注入平衡液,0.0,0.0,0.0,0.0,0.0,0.0,0.0,0.0,0.0,0.0,0.0,1.0,0.0
1024.4962135995597,17.074936893325994,注入平衡液,0.0,0.0,0.0,0.0,0.0,0.0,0.0,0.0,0.0,0.0,0.0,1.0,0.0
1026.5474435725364,17.109124059542275,注入平衡液,0.0,0.0,0.0,0.0,0.0,0.0,0.0,0.0,0.0,0.0,0.0,1.0,0.0
1028.598673545513,17.143311225758552,注入平衡液,0.0,0.0,0.0,0.0,0.0,0.0,0.0,0.0,0.0,0.0,0.0,1.0,0.0
1030.6499035184897,17.17749839197483,注入平衡液,0.0,0.0,0.0,0.0,0.0,0.0,0.0,0.0,0.0,0.0,0.0,1.0,0.0
1032.7011334914664,17.211685558191107,注入平衡液,0.0,0.0,0.0,0.0,0.0,0.0,0.0,0.0,0.0,0.0,0.0,1.0,0.0
1034.752363464443,17.245872724407384,注入平衡液,0.0,0.0,0.0,0.0,0.0,0.0,0.0,0.0,0.0,0.0,0.0,1.0,0.0
1036.8035934374197,17.28005989062366,注入平衡液,0.0,0.0,0.0,0.0,0.0,0.0,0.0,0.0,0.0,0.0,0.0,1.0,0.0
1038.8548234103964,17.31424705683994,注入平衡液,0.0,0.0,0.0,0.0,0.0,0.0,0.0,0.0,0.0,0.0,0.0,1.0,0.0
1040.906053383373,17.34843422305622,注入平衡液,0.0,0.0,0.0,0.0,0.0,0.0,0.0,0.0,0.0,0.0,0.0,1.0,0.0
1042.9572833563498,17.382621389272497,注入平衡液,0.0,0.0,0.0,0.0,0.0,0.0,0.0,0.0,0.0,0.0,0.0,1.0,0.0
1045.0085133293264,17.416808555488775,注入平衡液,0.0,0.0,0.0,0.0,0.0,0.0,0.0,0.0,0.0,0.0,0.0,1.0,0.0
1047.059743302303,17.450995721705052,注入平衡液,0.0,0.0,0.0,0.0,0.0,0.0,0.0,0.0,0.0,0.0,0.0,1.0,0.0
1049.1109732752798,17.48518288792133,注入平衡液,0.0,0.0,0.0,0.0,0.0,0.0,0.0,0.0,0.0,0.0,0.0,1.0,0.0
1051.1622032482564,17.519370054137607,注入平衡液,0.0,0.0,0.0,0.0,0.0,0.0,0.0,0.0,0.0,0.0,0.0,1.0,0.0
1053.2134332212331,17.553557220353884,注入平衡液,0.0,0.0,0.0,0.0,0.0,0.0,0.0,0.0,0.0,0.0,0.0,1.0,0.0
1055.2646631942098,17.58774438657016,注入平衡液,0.0,0.0,0.0,0.0,0.0,0.0,0.0,0.0,0.0,0.0,0.0,1.0,0.0
1057.3158931671865,17.621931552786442,注入平衡液,0.0,0.0,0.0,0.0,0.0,0.0,0.0,0.0,0.0,0.0,0.0,1.0,0.0
1059.3671231401631,17.65611871900272,注入平衡液,0.0,0.0,0.0,0.0,0.0,0.0,0.0,0.0,0.0,0.0,0.0,1.0,0.0
1061.4183531131398,17.690305885218997,注入平衡液,0.0,0.0,0.0,0.0,0.0,0.0,0.0,0.0,0.0,0.0,0.0,1.0,0.0
1063.4695830861165,17.724493051435275,注入平衡液,0.0,0.0,0.0,0.0,0.0,0.0,0.0,0.0,0.0,0.0,0.0,1.0,0.0
1065.5208130590931,17.758680217651552,注入平衡液,0.0,0.0,0.0,0.0,0.0,0.0,0.0,0.0,0.0,0.0,0.0,1.0,0.0
1067.5720430320698,17.79286738386783,注入平衡液,0.0,0.0,0.0,0.0,0.0,0.0,0.0,0.0,0.0,0.0,0.0,1.0,0.0
1069.6232730050465,17.827054550084107,注入平衡液,0.0,0.0,0.0,0.0,0.0,0.0,0.0,0.0,0.0,0.0,0.0,1.0,0.0
1071.6745029780232,17.861241716300388,注入平衡液,0.0,0.0,0.0,0.0,0.0,0.0,0.0,0.0,0.0,0.0,0.0,1.0,0.0
1073.7257329509998,17.895428882516665,注入平衡液,0.0,0.0,0.0,0.0,0.0,0.0,0.0,0.0,0.0,0.0,0.0,1.0,0.0
1075.7769629239765,17.929616048732942,注入平衡液,0.0,0.0,0.0,0.0,0.0,0.0,0.0,0.0,0.0,0.0,0.0,1.0,0.0
1077.8281928969532,17.96380321494922,注入平衡液,0.0,0.0,0.0,0.0,0.0,0.0,0.0,0.0,0.0,0.0,0.0,1.0,0.0
1079.8794228699298,17.997990381165497,注入平衡液,0.0,0.0,0.0,0.0,0.0,0.0,0.0,0.0,0.0,0.0,0.0,1.0,0.0
1081.9306528429065,18.032177547381774,注入平衡液,0.0,0.0,0.0,0.0,0.0,0.0,0.0,0.0,0.0,0.0,0.0,1.0,0.0
1083.9818828158832,18.066364713598052,注入平衡液,0.0,0.0,0.0,0.0,0.0,0.0,0.0,0.0,0.0,0.0,0.0,1.0,0.0
1086.0331127888599,18.10055187981433,注入平衡液,0.0,0.0,0.0,0.0,0.0,0.0,0.0,0.0,0.0,0.0,0.0,1.0,0.0
1088.0843427618365,18.13473904603061,注入平衡液,0.0,0.0,0.0,0.0,0.0,0.0,0.0,0.0,0.0,0.0,0.0,1.0,0.0
1090.1355727348132,18.168926212246888,注入平衡液,0.0,0.0,0.0,0.0,0.0,0.0,0.0,0.0,0.0,0.0,0.0,1.0,0.0
1092.1868027077899,18.203113378463165,注入平衡液,0.0,0.0,0.0,0.0,0.0,0.0,0.0,0.0,0.0,0.0,0.0,1.0,0.0
1094.2380326807665,18.237300544679442,注入平衡液,0.0,0.0,0.0,0.0,0.0,0.0,0.0,0.0,0.0,0.0,0.0,1.0,0.0
1096.2892626537432,18.27148771089572,注入平衡液,0.0,0.0,0.0,0.0,0.0,0.0,0.0,0.0,0.0,0.0,0.0,1.0,0.0
1098.3404926267199,18.305674877111997,注入平衡液,0.0,0.0,0.0,0.0,0.0,0.0,0.0,0.0,0.0,0.0,0.0,1.0,0.0
1100.3917225996965,18.339862043328274,注入平衡液,0.0,0.0,0.0,0.0,0.0,0.0,0.0,0.0,0.0,0.0,0.0,1.0,0.0
1102.4429525726732,18.374049209544555,注入平衡液,0.0,0.0,0.0,0.0,0.0,0.0,0.0,0.0,0.0,0.0,0.0,1.0,0.0
1104.49418254565,18.408236375760833,注入平衡液,0.0,0.0,0.0,0.0,0.0,0.0,0.0,0.0,0.0,0.0,0.0,1.0,0.0
1106.5454125186266,18.44242354197711,注入平衡液,0.0,0.0,0.0,0.0,0.0,0.0,0.0,0.0,0.0,0.0,0.0,1.0,0.0
1108.5966424916032,18.476610708193387,注入平衡液,0.0,0.0,0.0,0.0,0.0,0.0,0.0,0.0,0.0,0.0,0.0,1.0,0.0
1110.64787246458,18.510797874409665,注入平衡液,0.0,0.0,0.0,0.0,0.0,0.0,0.0,0.0,0.0,0.0,0.0,1.0,0.0
1112.6991024375566,18.544985040625942,注入平衡液,0.0,0.0,0.0,0.0,0.0,0.0,0.0,0.0,0.0,0.0,0.0,1.0,0.0
1114.7503324105332,18.57917220684222,注入平衡液,0.0,0.0,0.0,0.0,0.0,0.0,0.0,0.0,0.0,0.0,0.0,1.0,0.0
1116.80156238351,18.613359373058497,注入平衡液,0.0,0.0,0.0,0.0,0.0,0.0,0.0,0.0,0.0,0.0,0.0,1.0,0.0
1118.8527923564866,18.647546539274778,注入平衡液,0.0,0.0,0.0,0.0,0.0,0.0,0.0,0.0,0.0,0.0,0.0,1.0,0.0
1120.9040223294633,18.681733705491055,注入平衡液,0.0,0.0,0.0,0.0,0.0,0.0,0.0,0.0,0.0,0.0,0.0,1.0,0.0
1122.95525230244,18.715920871707333,注入平衡液,0.0,0.0,0.0,0.0,0.0,0.0,0.0,0.0,0.0,0.0,0.0,1.0,0.0
1125.0064822754166,18.75010803792361,注入平衡液,0.0,0.0,0.0,0.0,0.0,0.0,0.0,0.0,0.0,0.0,0.0,1.0,0.0
1127.0577122483933,18.784295204139887,注入平衡液,0.0,0.0,0.0,0.0,0.0,0.0,0.0,0.0,0.0,0.0,0.0,1.0,0.0
1129.10894222137,18.818482370356165,注入平衡液,0.0,0.0,0.0,0.0,0.0,0.0,0.0,0.0,0.0,0.0,0.0,1.0,0.0
1131.1601721943466,18.852669536572442,注入平衡液,0.0,0.0,0.0,0.0,0.0,0.0,0.0,0.0,0.0,0.0,0.0,1.0,0.0
1133.2114021673233,18.886856702788723,注入平衡液,0.0,0.0,0.0,0.0,0.0,0.0,0.0,0.0,0.0,0.0,0.0,1.0,0.0
1135.2626321403,18.921043869005,注入平衡液,0.0,0.0,0.0,0.0,0.0,0.0,0.0,0.0,0.0,0.0,0.0,1.0,0.0
1137.3138621132766,18.955231035221278,注入平衡液,0.0,0.0,0.0,0.0,0.0,0.0,0.0,0.0,0.0,0.0,0.0,1.0,0.0
1139.3650920862533,18.989418201437555,注入平衡液,0.0,0.0,0.0,0.0,0.0,0.0,0.0,0.0,0.0,0.0,0.0,1.0,0.0
1141.41632205923,19.023605367653833,注入平衡液,0.0,0.0,0.0,0.0,0.0,0.0,0.0,0.0,0.0,0.0,0.0,1.0,0.0
1143.4675520322066,19.05779253387011,注入平衡液,0.0,0.0,0.0,0.0,0.0,0.0,0.0,0.0,0.0,0.0,0.0,1.0,0.0
1145.5187820051833,19.091979700086387,注入平衡液,0.0,0.0,0.0,0.0,0.0,0.0,0.0,0.0,0.0,0.0,0.0,1.0,0.0
1147.57001197816,19.126166866302665,注入平衡液,0.0,0.0,0.0,0.0,0.0,0.0,0.0,0.0,0.0,0.0,0.0,1.0,0.0
1149.6212419511367,19.160354032518946,注入平衡液,0.0,0.0,0.0,0.0,0.0,0.0,0.0,0.0,0.0,0.0,0.0,1.0,0.0
1151.6724719241133,19.194541198735223,注入平衡液,0.0,0.0,0.0,0.0,0.0,0.0,0.0,0.0,0.0,0.0,0.0,1.0,0.0
1153.72370189709,19.2287283649515,注入平衡液,0.0,0.0,0.0,0.0,0.0,0.0,0.0,0.0,0.0,0.0,0.0,1.0,0.0
1155.7749318700667,19.262915531167778,注入平衡液,0.0,0.0,0.0,0.0,0.0,0.0,0.0,0.0,0.0,0.0,0.0,1.0,0.0
1157.8261618430433,19.297102697384055,注入平衡液,0.0,0.0,0.0,0.0,0.0,0.0,0.0,0.0,0.0,0.0,0.0,1.0,0.0
1159.87739181602,19.331289863600333,注入平衡液,0.0,0.0,0.0,0.0,0.0,0.0,0.0,0.0,0.0,0.0,0.0,1.0,0.0
1161.9286217889967,19.36547702981661,注入平衡液,0.0,0.0,0.0,0.0,0.0,0.0,0.0,0.0,0.0,0.0,0.0,1.0,0.0
1163.9798517619734,19.39966419603289,注入平衡液,0.0,0.0,0.0,0.0,0.0,0.0,0.0,0.0,0.0,0.0,0.0,1.0,0.0
1166.03108173495,19.433851362249168,注入平衡液,0.0,0.0,0.0,0.0,0.0,0.0,0.0,0.0,0.0,0.0,0.0,1.0,0.0
1168.0823117079267,19.468038528465446,注入平衡液,0.0,0.0,0.0,0.0,0.0,0.0,0.0,0.0,0.0,0.0,0.0,1.0,0.0
1170.1335416809034,19.502225694681723,注入平衡液,0.0,0.0,0.0,0.0,0.0,0.0,0.0,0.0,0.0,0.0,0.0,1.0,0.0
1172.18477165388,19.536412860898,注入平衡液,0.0,0.0,0.0,0.0,0.0,0.0,0.0,0.0,0.0,0.0,0.0,1.0,0.0
1174.2360016268567,19.570600027114278,注入平衡液,0.0,0.0,0.0,0.0,0.0,0.0,0.0,0.0,0.0,0.0,0.0,1.0,0.0
1176.2872315998334,19.604787193330555,注入平衡液,0.0,0.0,0.0,0.0,0.0,0.0,0.0,0.0,0.0,0.0,0.0,1.0,0.0
1178.33846157281,19.638974359546832,注入平衡液,0.0,0.0,0.0,0.0,0.0,0.0,0.0,0.0,0.0,0.0,0.0,1.0,0.0
1180.3896915457867,19.673161525763113,注入平衡液,0.0,0.0,0.0,0.0,0.0,0.0,0.0,0.0,0.0,0.0,0.0,1.0,0.0
1182.4409215187634,19.70734869197939,注入平衡液,0.0,0.0,0.0,0.0,0.0,0.0,0.0,0.0,0.0,0.0,0.0,1.0,0.0
1184.49215149174,19.741535858195668,注入平衡液,0.0,0.0,0.0,0.0,0.0,0.0,0.0,0.0,0.0,0.0,0.0,1.0,0.0
1186.5433814647167,19.775723024411946,注入平衡液,0.0,0.0,0.0,0.0,0.0,0.0,0.0,0.0,0.0,0.0,0.0,1.0,0.0
1188.5946114376934,19.809910190628223,注入平衡液,0.0,0.0,0.0,0.0,0.0,0.0,0.0,0.0,0.0,0.0,0.0,1.0,0.0
1190.64584141067,19.8440973568445,注入平衡液,0.0,0.0,0.0,0.0,0.0,0.0,0.0,0.0,0.0,0.0,0.0,1.0,0.0
1192.6970713836467,19.878284523060778,注入平衡液,0.0,0.0,0.0,0.0,0.0,0.0,0.0,0.0,0.0,0.0,0.0,1.0,0.0
1194.7483013566234,19.91247168927706,注入平衡液,0.0,0.0,0.0,0.0,0.0,0.0,0.0,0.0,0.0,0.0,0.0,1.0,0.0
1196.7995313296,19.946658855493336,注入平衡液,0.0,0.0,0.0,0.0,0.0,0.0,0.0,0.0,0.0,0.0,0.0,1.0,0.0
1198.8507613025768,19.980846021709613,注入平衡液,0.0,0.0,0.0,0.0,0.0,0.0,0.0,0.0,0.0,0.0,0.0,1.0,0.0
1200.9019912755534,20.01503318792589,注入平衡液,0.0,0.0,0.0,0.0,0.0,0.0,0.0,0.0,0.0,0.0,0.0,1.0,0.0
1202.95322124853,20.049220354142168,注入平衡液,0.0,0.0,0.0,0.0,0.0,0.0,0.0,0.0,0.0,0.0,0.0,1.0,0.0
1205.0044512215068,20.083407520358445,注入平衡液,0.0,0.0,0.0,0.0,0.0,0.0,0.0,0.0,0.0,0.0,0.0,1.0,0.0
1207.0556811944834,20.117594686574723,注入平衡液,0.0,0.0,0.0,0.0,0.0,0.0,0.0,0.0,0.0,0.0,0.0,1.0,0.0
1209.10691116746,20.151781852791,注入平衡液,0.0,0.0,0.0,0.0,0.0,0.0,0.0,0.0,0.0,0.0,0.0,1.0,0.0
1211.1581411404368,20.18596901900728,注入平衡液,0.0,0.0,0.0,0.0,0.0,0.0,0.0,0.0,0.0,0.0,0.0,1.0,0.0
1213.2093711134135,20.22015618522356,注入平衡液,0.0,0.0,0.0,0.0,0.0,0.0,0.0,0.0,0.0,0.0,0.0,1.0,0.0
1215.2606010863901,20.254343351439836,注入平衡液,0.0,0.0,0.0,0.0,0.0,0.0,0.0,0.0,0.0,0.0,0.0,1.0,0.0
1217.3118310593668,20.288530517656113,注入平衡液,0.0,0.0,0.0,0.0,0.0,0.0,0.0,0.0,0.0,0.0,0.0,1.0,0.0
1219.3630610323435,20.32271768387239,注入平衡液,0.0,0.0,0.0,0.0,0.0,0.0,0.0,0.0,0.0,0.0,0.0,1.0,0.0
1221.4142910053201,20.356904850088668,注入平衡液,0.0,0.0,0.0,0.0,0.0,0.0,0.0,0.0,0.0,0.0,0.0,1.0,0.0
1223.4655209782968,20.391092016304945,注入平衡液,0.0,0.0,0.0,0.0,0.0,0.0,0.0,0.0,0.0,0.0,0.0,1.0,0.0
1225.5167509512735,20.425279182521226,注入平衡液,0.0,0.0,0.0,0.0,0.0,0.0,0.0,0.0,0.0,0.0,0.0,1.0,0.0
1227.5679809242502,20.459466348737504,注入平衡液,0.0,0.0,0.0,0.0,0.0,0.0,0.0,0.0,0.0,0.0,0.0,1.0,0.0
1229.6192108972268,20.49365351495378,注入平衡液,0.0,0.0,0.0,0.0,0.0,0.0,0.0,0.0,0.0,0.0,0.0,1.0,0.0
1231.6704408702035,20.52784068117006,注入平衡液,0.0,0.0,0.0,0.0,0.0,0.0,0.0,0.0,0.0,0.0,0.0,1.0,0.0
1233.7216708431802,20.562027847386336,注入平衡液,0.0,0.0,0.0,0.0,0.0,0.0,0.0,0.0,0.0,0.0,0.0,1.0,0.0
1235.7729008161568,20.596215013602613,注入平衡液,0.0,0.0,0.0,0.0,0.0,0.0,0.0,0.0,0.0,0.0,0.0,1.0,0.0
1237.8241307891335,20.63040217981889,注入平衡液,0.0,0.0,0.0,0.0,0.0,0.0,0.0,0.0,0.0,0.0,0.0,1.0,0.0
1239.8753607621102,20.664589346035168,注入平衡液,0.0,0.0,0.0,0.0,0.0,0.0,0.0,0.0,0.0,0.0,0.0,1.0,0.0
1241.9265907350868,20.69877651225145,注入平衡液,0.0,0.0,0.0,0.0,0.0,0.0,0.0,0.0,0.0,0.0,0.0,1.0,0.0
1243.9778207080635,20.732963678467726,注入平衡液,0.0,0.0,0.0,0.0,0.0,0.0,0.0,0.0,0.0,0.0,0.0,1.0,0.0
1246.0290506810402,20.767150844684004,注入平衡液,0.0,0.0,0.0,0.0,0.0,0.0,0.0,0.0,0.0,0.0,0.0,1.0,0.0
1248.0802806540169,20.80133801090028,注入平衡液,0.0,0.0,0.0,0.0,0.0,0.0,0.0,0.0,0.0,0.0,0.0,1.0,0.0
1250.1315106269935,20.83552517711656,注入平衡液,0.0,0.0,0.0,0.0,0.0,0.0,0.0,0.0,0.0,0.0,0.0,1.0,0.0
1252.1827405999702,20.869712343332836,注入平衡液,0.0,0.0,0.0,0.0,0.0,0.0,0.0,0.0,0.0,0.0,0.0,1.0,0.0
1254.2339705729469,20.903899509549113,注入平衡液,0.0,0.0,0.0,0.0,0.0,0.0,0.0,0.0,0.0,0.0,0.0,1.0,0.0
1256.2852005459235,20.938086675765394,注入平衡液,0.0,0.0,0.0,0.0,0.0,0.0,0.0,0.0,0.0,0.0,0.0,1.0,0.0
1258.3364305189002,20.97227384198167,注入平衡液,0.0,0.0,0.0,0.0,0.0,0.0,0.0,0.0,0.0,0.0,0.0,1.0,0.0
1260.3876604918769,21.00646100819795,注入平衡液,0.0,0.0,0.0,0.0,0.0,0.0,0.0,0.0,0.0,0.0,0.0,1.0,0.0
1262.4388904648536,21.040648174414226,注入平衡液,0.0,0.0,0.0,0.0,0.0,0.0,0.0,0.0,0.0,0.0,0.0,1.0,0.0
1264.4901204378302,21.074835340630504,注入平衡液,0.0,0.0,0.0,0.0,0.0,0.0,0.0,0.0,0.0,0.0,0.0,1.0,0.0
1266.541350410807,21.10902250684678,注入平衡液,0.0,0.0,0.0,0.0,0.0,0.0,0.0,0.0,0.0,0.0,0.0,1.0,0.0
1268.5925803837836,21.14320967306306,注入平衡液,0.0,0.0,0.0,0.0,0.0,0.0,0.0,0.0,0.0,0.0,0.0,1.0,0.0
1270.6438103567602,21.177396839279336,注入平衡液,0.0,0.0,0.0,0.0,0.0,0.0,0.0,0.0,0.0,0.0,0.0,1.0,0.0
1272.695040329737,21.211584005495617,注入平衡液,0.0,0.0,0.0,0.0,0.0,0.0,0.0,0.0,0.0,0.0,0.0,1.0,0.0
1274.7462703027136,21.245771171711894,注入平衡液,0.0,0.0,0.0,0.0,0.0,0.0,0.0,0.0,0.0,0.0,0.0,1.0,0.0
1276.7975002756903,21.27995833792817,注入平衡液,0.0,0.0,0.0,0.0,0.0,0.0,0.0,0.0,0.0,0.0,0.0,1.0,0.0
1278.848730248667,21.31414550414445,注入平衡液,0.0,0.0,0.0,0.0,0.0,0.0,0.0,0.0,0.0,0.0,0.0,1.0,0.0
1280.8999602216436,21.348332670360726,注入平衡液,0.0,0.0,0.0,0.0,0.0,0.0,0.0,0.0,0.0,0.0,0.0,1.0,0.0
1282.9511901946203,21.382519836577004,注入平衡液,0.0,0.0,0.0,0.0,0.0,0.0,0.0,0.0,0.0,0.0,0.0,1.0,0.0
1285.002420167597,21.41670700279328,注入平衡液,0.0,0.0,0.0,0.0,0.0,0.0,0.0,0.0,0.0,0.0,0.0,1.0,0.0
1287.0536501405736,21.450894169009562,注入平衡液,0.0,0.0,0.0,0.0,0.0,0.0,0.0,0.0,0.0,0.0,0.0,1.0,0.0
1289.1048801135503,21.48508133522584,注入平衡液,0.0,0.0,0.0,0.0,0.0,0.0,0.0,0.0,0.0,0.0,0.0,1.0,0.0
1291.156110086527,21.519268501442117,注入平衡液,0.0,0.0,0.0,0.0,0.0,0.0,0.0,0.0,0.0,0.0,0.0,1.0,0.0
1293.2073400595036,21.553455667658394,注入平衡液,0.0,0.0,0.0,0.0,0.0,0.0,0.0,0.0,0.0,0.0,0.0,1.0,0.0
1295.2585700324803,21.58764283387467,注入平衡液,0.0,0.0,0.0,0.0,0.0,0.0,0.0,0.0,0.0,0.0,0.0,1.0,0.0
1297.309800005457,21.62183000009095,注入平衡液,0.0,0.0,0.0,0.0,0.0,0.0,0.0,0.0,0.0,0.0,0.0,1.0,0.0
1299.3610299784336,21.656017166307226,注入平衡液,0.0,0.0,0.0,0.0,0.0,0.0,0.0,0.0,0.0,0.0,0.0,1.0,0.0
1301.4122599514103,21.690204332523503,注入平衡液,0.0,0.0,0.0,0.0,0.0,0.0,0.0,0.0,0.0,0.0,0.0,1.0,0.0
1303.463489924387,21.724391498739784,注入平衡液,0.0,0.0,0.0,0.0,0.0,0.0,0.0,0.0,0.0,0.0,0.0,1.0,0.0
1305.5147198973636,21.75857866495606,注入平衡液,0.0,0.0,0.0,0.0,0.0,0.0,0.0,0.0,0.0,0.0,0.0,1.0,0.0
1307.5659498703403,21.79276583117234,注入平衡液,0.0,0.0,0.0,0.0,0.0,0.0,0.0,0.0,0.0,0.0,0.0,1.0,0.0
1309.617179843317,21.826952997388616,注入平衡液,0.0,0.0,0.0,0.0,0.0,0.0,0.0,0.0,0.0,0.0,0.0,1.0,0.0
1311.6684098162937,21.861140163604894,注入平衡液,0.0,0.0,0.0,0.0,0.0,0.0,0.0,0.0,0.0,0.0,0.0,1.0,0.0
1313.7196397892703,21.89532732982117,注入平衡液,0.0,0.0,0.0,0.0,0.0,0.0,0.0,0.0,0.0,0.0,0.0,1.0,0.0
1315.770869762247,21.92951449603745,注入平衡液,0.0,0.0,0.0,0.0,0.0,0.0,0.0,0.0,0.0,0.0,0.0,1.0,0.0
1317.8220997352237,21.96370166225373,注入平衡液,0.0,0.0,0.0,0.0,0.0,0.0,0.0,0.0,0.0,0.0,0.0,1.0,0.0
1319.8733297082003,21.997888828470007,注入平衡液,0.0,0.0,0.0,0.0,0.0,0.0,0.0,0.0,0.0,0.0,0.0,1.0,0.0
1321.924559681177,22.032075994686284,注入平衡液,0.0,0.0,0.0,0.0,0.0,0.0,0.0,0.0,0.0,0.0,0.0,1.0,0.0
1323.9757896541537,22.06626316090256,注入平衡液,0.0,0.0,0.0,0.0,0.0,0.0,0.0,0.0,0.0,0.0,0.0,1.0,0.0
1326.0270196271304,22.10045032711884,注入平衡液,0.0,0.0,0.0,0.0,0.0,0.0,0.0,0.0,0.0,0.0,0.0,1.0,0.0
1328.078249600107,22.134637493335116,注入平衡液,0.0,0.0,0.0,0.0,0.0,0.0,0.0,0.0,0.0,0.0,0.0,1.0,0.0
1330.1294795730837,22.168824659551394,注入平衡液,0.0,0.0,0.0,0.0,0.0,0.0,0.0,0.0,0.0,0.0,0.0,1.0,0.0
1332.1807095460604,22.20301182576767,注入平衡液,0.0,0.0,0.0,0.0,0.0,0.0,0.0,0.0,0.0,0.0,0.0,1.0,0.0
1334.231939519037,22.237198991983952,注入平衡液,0.0,0.0,0.0,0.0,0.0,0.0,0.0,0.0,0.0,0.0,0.0,1.0,0.0
1336.2831694920137,22.27138615820023,注入平衡液,0.0,0.0,0.0,0.0,0.0,0.0,0.0,0.0,0.0,0.0,0.0,1.0,0.0
1338.3343994649904,22.305573324416507,注入平衡液,0.0,0.0,0.0,0.0,0.0,0.0,0.0,0.0,0.0,0.0,0.0,1.0,0.0
1340.385629437967,22.339760490632784,注入平衡液,0.0,0.0,0.0,0.0,0.0,0.0,0.0,0.0,0.0,0.0,0.0,1.0,0.0
1342.4368594109437,22.37394765684906,注入平衡液,0.0,0.0,0.0,0.0,0.0,0.0,0.0,0.0,0.0,0.0,0.0,1.0,0.0
1344.4880893839204,22.40813482306534,注入平衡液,0.0,0.0,0.0,0.0,0.0,0.0,0.0,0.0,0.0,0.0,0.0,1.0,0.0
1346.539319356897,22.442321989281616,注入平衡液,0.0,0.0,0.0,0.0,0.0,0.0,0.0,0.0,0.0,0.0,0.0,1.0,0.0
1348.5905493298737,22.476509155497897,注入平衡液,0.0,0.0,0.0,0.0,0.0,0.0,0.0,0.0,0.0,0.0,0.0,1.0,0.0
1350.6417793028504,22.510696321714175,注入平衡液,0.0,0.0,0.0,0.0,0.0,0.0,0.0,0.0,0.0,0.0,0.0,1.0,0.0
1352.693009275827,22.544883487930452,注入平衡液,0.0,0.0,0.0,0.0,0.0,0.0,0.0,0.0,0.0,0.0,0.0,1.0,0.0
1354.7442392488038,22.57907065414673,注入平衡液,0.0,0.0,0.0,0.0,0.0,0.0,0.0,0.0,0.0,0.0,0.0,1.0,0.0
1356.7954692217804,22.613257820363007,注入平衡液,0.0,0.0,0.0,0.0,0.0,0.0,0.0,0.0,0.0,0.0,0.0,1.0,0.0
1358.846699194757,22.647444986579284,注入平衡液,0.0,0.0,0.0,0.0,0.0,0.0,0.0,0.0,0.0,0.0,0.0,1.0,0.0
1360.8979291677338,22.68163215279556,注入平衡液,0.0,0.0,0.0,0.0,0.0,0.0,0.0,0.0,0.0,0.0,0.0,1.0,0.0
1362.9491591407104,22.71581931901184,注入平衡液,0.0,0.0,0.0,0.0,0.0,0.0,0.0,0.0,0.0,0.0,0.0,1.0,0.0
1365.000389113687,22.75000648522812,注入平衡液,0.0,0.0,0.0,0.0,0.0,0.0,0.0,0.0,0.0,0.0,0.0,1.0,0.0
1367.0516190866638,22.784193651444397,注入平衡液,0.0,0.0,0.0,0.0,0.0,0.0,0.0,0.0,0.0,0.0,0.0,1.0,0.0
1369.1028490596404,22.818380817660675,注入平衡液,0.0,0.0,0.0,0.0,0.0,0.0,0.0,0.0,0.0,0.0,0.0,1.0,0.0
1371.1540790326171,22.852567983876952,注入平衡液,0.0,0.0,0.0,0.0,0.0,0.0,0.0,0.0,0.0,0.0,0.0,1.0,0.0
1373.2053090055938,22.88675515009323,注入平衡液,0.0,0.0,0.0,0.0,0.0,0.0,0.0,0.0,0.0,0.0,0.0,1.0,0.0
1375.2565389785705,22.920942316309507,注入平衡液,0.0,0.0,0.0,0.0,0.0,0.0,0.0,0.0,0.0,0.0,0.0,1.0,0.0
1377.3077689515471,22.955129482525784,注入平衡液,0.0,0.0,0.0,0.0,0.0,0.0,0.0,0.0,0.0,0.0,0.0,1.0,0.0
1379.3589989245238,22.989316648742065,注入平衡液,0.0,0.0,0.0,0.0,0.0,0.0,0.0,0.0,0.0,0.0,0.0,1.0,0.0
1381.4102288975005,23.023503814958342,注入平衡液,0.0,0.0,0.0,0.0,0.0,0.0,0.0,0.0,0.0,0.0,0.0,1.0,0.0
1383.4614588704771,23.05769098117462,注入平衡液,0.0,0.0,0.0,0.0,0.0,0.0,0.0,0.0,0.0,0.0,0.0,1.0,0.0
1385.5126888434538,23.091878147390897,注入平衡液,0.0,0.0,0.0,0.0,0.0,0.0,0.0,0.0,0.0,0.0,0.0,1.0,0.0
1387.5639188164305,23.126065313607175,注入平衡液,0.0,0.0,0.0,0.0,0.0,0.0,0.0,0.0,0.0,0.0,0.0,1.0,0.0
1389.6151487894072,23.160252479823452,注入平衡液,0.0,0.0,0.0,0.0,0.0,0.0,0.0,0.0,0.0,0.0,0.0,1.0,0.0
1391.6663787623838,23.19443964603973,注入平衡液,0.0,0.0,0.0,0.0,0.0,0.0,0.0,0.0,0.0,0.0,0.0,1.0,0.0
1393.7176087353605,23.228626812256007,注入平衡液,0.0,0.0,0.0,0.0,0.0,0.0,0.0,0.0,0.0,0.0,0.0,1.0,0.0
1395.7688387083372,23.262813978472288,注入平衡液,0.0,0.0,0.0,0.0,0.0,0.0,0.0,0.0,0.0,0.0,0.0,1.0,0.0
1397.8200686813138,23.297001144688565,注入平衡液,0.0,0.0,0.0,0.0,0.0,0.0,0.0,0.0,0.0,0.0,0.0,1.0,0.0
1399.8712986542905,23.331188310904842,注入平衡液,0.0,0.0,0.0,0.0,0.0,0.0,0.0,0.0,0.0,0.0,0.0,1.0,0.0
1401.9225286272672,23.36537547712112,注入平衡液,0.0,0.0,0.0,0.0,0.0,0.0,0.0,0.0,0.0,0.0,0.0,1.0,0.0
1403.9737586002439,23.399562643337397,注入平衡液,0.0,0.0,0.0,0.0,0.0,0.0,0.0,0.0,0.0,0.0,0.0,1.0,0.0
1406.0249885732205,23.433749809553674,注入平衡液,0.0,0.0,0.0,0.0,0.0,0.0,0.0,0.0,0.0,0.0,0.0,1.0,0.0
1408.0762185461972,23.467936975769952,注入平衡液,0.0,0.0,0.0,0.0,0.0,0.0,0.0,0.0,0.0,0.0,0.0,1.0,0.0
1410.1274485191739,23.502124141986233,注入平衡液,0.0,0.0,0.0,0.0,0.0,0.0,0.0,0.0,0.0,0.0,0.0,1.0,0.0
1412.1786784921505,23.53631130820251,注入平衡液,0.0,0.0,0.0,0.0,0.0,0.0,0.0,0.0,0.0,0.0,0.0,1.0,0.0
1414.2299084651272,23.570498474418788,注入平衡液,0.0,0.0,0.0,0.0,0.0,0.0,0.0,0.0,0.0,0.0,0.0,1.0,0.0
1416.2811384381039,23.604685640635065,注入平衡液,0.0,0.0,0.0,0.0,0.0,0.0,0.0,0.0,0.0,0.0,0.0,1.0,0.0
1418.3323684110806,23.638872806851342,注入平衡液,0.0,0.0,0.0,0.0,0.0,0.0,0.0,0.0,0.0,0.0,0.0,1.0,0.0
1420.3835983840572,23.67305997306762,注入平衡液,0.0,0.0,0.0,0.0,0.0,0.0,0.0,0.0,0.0,0.0,0.0,1.0,0.0
1422.434828357034,23.707247139283897,注入平衡液,0.0,0.0,0.0,0.0,0.0,0.0,0.0,0.0,0.0,0.0,0.0,1.0,0.0
1424.4860583300106,23.741434305500174,注入平衡液,0.0,0.0,0.0,0.0,0.0,0.0,0.0,0.0,0.0,0.0,0.0,1.0,0.0
1426.5372883029872,23.775621471716455,注入平衡液,0.0,0.0,0.0,0.0,0.0,0.0,0.0,0.0,0.0,0.0,0.0,1.0,0.0
1428.588518275964,23.809808637932733,注入平衡液,0.0,0.0,0.0,0.0,0.0,0.0,0.0,0.0,0.0,0.0,0.0,1.0,0.0
1430.6397482489406,23.84399580414901,注入平衡液,0.0,0.0,0.0,0.0,0.0,0.0,0.0,0.0,0.0,0.0,0.0,1.0,0.0
1432.6909782219172,23.878182970365287,注入平衡液,0.0,0.0,0.0,0.0,0.0,0.0,0.0,0.0,0.0,0.0,0.0,1.0,0.0
1434.742208194894,23.912370136581565,注入平衡液,0.0,0.0,0.0,0.0,0.0,0.0,0.0,0.0,0.0,0.0,0.0,1.0,0.0
1436.7934381678706,23.946557302797842,注入平衡液,0.0,0.0,0.0,0.0,0.0,0.0,0.0,0.0,0.0,0.0,0.0,1.0,0.0
1438.8446681408473,23.98074446901412,注入平衡液,0.0,0.0,0.0,0.0,0.0,0.0,0.0,0.0,0.0,0.0,0.0,1.0,0.0
1440.895898113824,24.0149316352304,注入平衡液,0.0,0.0,0.0,0.0,0.0,0.0,0.0,0.0,0.0,0.0,0.0,1.0,0.0
1442.9471280868006,24.049118801446678,注入平衡液,0.0,0.0,0.0,0.0,0.0,0.0,0.0,0.0,0.0,0.0,0.0,1.0,0.0
1444.9983580597773,24.083305967662955,注入平衡液,0.0,0.0,0.0,0.0,0.0,0.0,0.0,0.0,0.0,0.0,0.0,1.0,0.0
1447.049588032754,24.117493133879233,注入平衡液,0.0,0.0,0.0,0.0,0.0,0.0,0.0,0.0,0.0,0.0,0.0,1.0,0.0
1449.1008180057306,24.15168030009551,注入平衡液,0.0,0.0,0.0,0.0,0.0,0.0,0.0,0.0,0.0,0.0,0.0,1.0,0.0
1451.1520479787073,24.185867466311787,注入平衡液,0.0,0.0,0.0,0.0,0.0,0.0,0.0,0.0,0.0,0.0,0.0,1.0,0.0
1453.203277951684,24.220054632528065,注入平衡液,0.0,0.0,0.0,0.0,0.0,0.0,0.0,0.0,0.0,0.0,0.0,1.0,0.0
1455.2545079246606,24.254241798744342,注入平衡液,0.0,0.0,0.0,0.0,0.0,0.0,0.0,0.0,0.0,0.0,0.0,1.0,0.0
1457.3057378976373,24.288428964960623,注入平衡液,0.0,0.0,0.0,0.0,0.0,0.0,0.0,0.0,0.0,0.0,0.0,1.0,0.0
1459.356967870614,24.3226161311769,注入平衡液,0.0,0.0,0.0,0.0,0.0,0.0,0.0,0.0,0.0,0.0,0.0,1.0,0.0
1461.4081978435906,24.356803297393178,注入平衡液,0.0,0.0,0.0,0.0,0.0,0.0,0.0,0.0,0.0,0.0,0.0,1.0,0.0
1463.4594278165673,24.390990463609455,注入平衡液,0.0,0.0,0.0,0.0,0.0,0.0,0.0,0.0,0.0,0.0,0.0,1.0,0.0
1465.510657789544,24.425177629825733,注入平衡液,0.0,0.0,0.0,0.0,0.0,0.0,0.0,0.0,0.0,0.0,0.0,1.0,0.0
1467.5618877625207,24.45936479604201,注入平衡液,0.0,0.0,0.0,0.0,0.0,0.0,0.0,0.0,0.0,0.0,0.0,1.0,0.0
1469.6131177354973,24.493551962258287,注入平衡液,0.0,0.0,0.0,0.0,0.0,0.0,0.0,0.0,0.0,0.0,0.0,1.0,0.0
1471.664347708474,24.52773912847457,注入平衡液,0.0,0.0,0.0,0.0,0.0,0.0,0.0,0.0,0.0,0.0,0.0,1.0,0.0
1473.7155776814507,24.561926294690846,注入平衡液,0.0,0.0,0.0,0.0,0.0,0.0,0.0,0.0,0.0,0.0,0.0,1.0,0.0
1475.7668076544273,24.596113460907123,注入平衡液,0.0,0.0,0.0,0.0,0.0,0.0,0.0,0.0,0.0,0.0,0.0,1.0,0.0
1477.818037627404,24.6303006271234,注入平衡液,0.0,0.0,0.0,0.0,0.0,0.0,0.0,0.0,0.0,0.0,0.0,1.0,0.0
1479.8692676003807,24.664487793339678,注入平衡液,0.0,0.0,0.0,0.0,0.0,0.0,0.0,0.0,0.0,0.0,0.0,1.0,0.0
1481.9204975733574,24.698674959555955,注入平衡液,0.0,0.0,0.0,0.0,0.0,0.0,0.0,0.0,0.0,0.0,0.0,1.0,0.0
1483.971727546334,24.732862125772233,注入平衡液,0.0,0.0,0.0,0.0,0.0,0.0,0.0,0.0,0.0,0.0,0.0,1.0,0.0
1486.0229575193107,24.76704929198851,注入平衡液,0.0,0.0,0.0,0.0,0.0,0.0,0.0,0.0,0.0,0.0,0.0,1.0,0.0
1488.0741874922874,24.80123645820479,注入平衡液,0.0,0.0,0.0,0.0,0.0,0.0,0.0,0.0,0.0,0.0,0.0,1.0,0.0
1490.125417465264,24.835423624421068,注入平衡液,0.0,0.0,0.0,0.0,0.0,0.0,0.0,0.0,0.0,0.0,0.0,1.0,0.0
1492.1766474382407,24.869610790637346,注入平衡液,0.0,0.0,0.0,0.0,0.0,0.0,0.0,0.0,0.0,0.0,0.0,1.0,0.0
1494.2278774112174,24.903797956853623,注入平衡液,0.0,0.0,0.0,0.0,0.0,0.0,0.0,0.0,0.0,0.0,0.0,1.0,0.0
1496.279107384194,24.9379851230699,注入平衡液,0.0,0.0,0.0,0.0,0.0,0.0,0.0,0.0,0.0,0.0,0.0,1.0,0.0
1498.3303373571707,24.972172289286178,注入平衡液,0.0,0.0,0.0,0.0,0.0,0.0,0.0,0.0,0.0,0.0,0.0,1.0,0.0
1500.3815673301474,25.006359455502455,注入平衡液,0.0,0.0,0.0,0.0,0.0,0.0,0.0,0.0,0.0,0.0,0.0,1.0,0.0
1502.432797303124,25.040546621718736,注入隔离液,0.0,0.0,0.0,0.0,0.0,0.0,0.0,0.0,0.0,0.0,0.0,1.0,0.0
1504.4840272761007,25.074733787935013,注入隔离液,0.0,0.0,0.0,0.0,0.0,0.0,0.0,0.0,0.0,0.0,0.0,1.0,0.0
1506.5352572490774,25.10892095415129,注入隔离液,0.0,0.0,0.0,0.0,0.0,0.0,0.0,0.0,0.0,0.0,0.0,1.0,0.0
1508.586487222054,25.143108120367568,注入隔离液,0.0,0.0,0.0,0.0,0.0,0.0,0.0,0.0,0.0,0.0,0.0,1.0,0.0
1510.6377171950307,25.177295286583846,注入隔离液,0.0,0.0,0.0,0.0,0.0,0.0,0.0,0.0,0.0,0.0,0.0,1.0,0.0
1512.6889471680074,25.211482452800123,注入隔离液,0.0,0.0,0.0,0.0,0.0,0.0,0.0,0.0,0.0,0.0,0.0,1.0,0.0
1514.740177140984,25.2456696190164,注入隔离液,0.0,0.0,0.0,0.0,0.0,0.0,0.0,0.0,0.0,0.0,0.0,1.0,0.0
1516.7914071139608,25.279856785232678,注入隔离液,0.0,0.0,0.0,0.0,0.0,0.0,0.0,0.0,0.0,0.0,0.0,1.0,0.0
1518.8426370869374,25.31404395144896,注入隔离液,0.0,0.0,0.0,0.0,0.0,0.0,0.0,0.0,0.0,0.0,0.0,1.0,0.0
1520.893867059914,25.348231117665236,注入隔离液,0.0,0.0,0.0,0.0,0.0,0.0,0.0,0.0,0.0,0.0,0.0,1.0,0.0
1522.9450970328908,25.382418283881513,注入隔离液,0.0,0.0,0.0,0.0,0.0,0.0,0.0,0.0,0.0,0.0,0.0,1.0,0.0
1524.9963270058674,25.41660545009779,注入隔离液,0.0,0.0,0.0,0.0,0.0,0.0,0.0,0.0,0.0,0.0,0.0,1.0,0.0
1527.047556978844,25.450792616314068,注入隔离液,0.0,0.0,0.0,0.0,0.0,0.0,0.0,0.0,0.0,0.0,0.0,1.0,0.0
1529.0987869518208,25.484979782530345,注入隔离液,0.0,0.0,0.0,0.0,0.0,0.0,0.0,0.0,0.0,0.0,0.0,1.0,0.0
1531.1500169247975,25.519166948746623,注入隔离液,0.0,0.0,0.0,0.0,0.0,0.0,0.0,0.0,0.0,0.0,0.0,1.0,0.0
1533.2012468977741,25.553354114962904,注入隔离液,0.0,0.0,0.0,0.0,0.0,0.0,0.0,0.0,0.0,0.0,0.0,1.0,0.0
1535.2524768707508,25.58754128117918,注入隔离液,0.0,0.0,0.0,0.0,0.0,0.0,0.0,0.0,0.0,0.0,0.0,1.0,0.0
1537.3037068437275,25.62172844739546,注入隔离液,0.0,0.0,0.0,0.0,0.0,0.0,0.0,0.0,0.0,0.0,0.0,1.0,0.0
1539.3549368167041,25.655915613611736,注入隔离液,0.0,0.0,0.0,0.0,0.0,0.0,0.0,0.0,0.0,0.0,0.0,1.0,0.0
1541.4061667896808,25.690102779828013,注入隔离液,0.0,0.0,0.0,0.0,0.0,0.0,0.0,0.0,0.0,0.0,0.0,1.0,0.0
1543.4573967626575,25.72428994604429,注入隔离液,0.0,0.0,0.0,0.0,0.0,0.0,0.0,0.0,0.0,0.0,0.0,1.0,0.0
1545.5086267356342,25.758477112260568,注入隔离液,0.0,0.0,0.0,0.0,0.0,0.0,0.0,0.0,0.0,0.0,0.0,1.0,0.0
1547.5598567086108,25.792664278476845,注入隔离液,0.0,0.0,0.0,0.0,0.0,0.0,0.0,0.0,0.0,0.0,0.0,1.0,0.0
1549.6110866815875,25.826851444693126,注入隔离液,0.0,0.0,0.0,0.0,0.0,0.0,0.0,0.0,0.0,0.0,0.0,1.0,0.0
1551.6623166545642,25.861038610909404,注入隔离液,0.0,0.0,0.0,0.0,0.0,0.0,0.0,0.0,0.0,0.0,0.0,1.0,0.0
1553.7135466275408,25.89522577712568,注入隔离液,0.0,0.0,0.0,0.0,0.0,0.0,0.0,0.0,0.0,0.0,0.0,1.0,0.0
1555.7647766005175,25.92941294334196,注入隔离液,0.0,0.0,0.0,0.0,0.0,0.0,0.0,0.0,0.0,0.0,0.0,1.0,0.0
1557.8160065734942,25.963600109558236,注入隔离液,0.0,0.0,0.0,0.0,0.0,0.0,0.0,0.0,0.0,0.0,0.0,1.0,0.0
1559.8672365464708,25.997787275774513,注入隔离液,0.0,0.0,0.0,0.0,0.0,0.0,0.0,0.0,0.0,0.0,0.0,1.0,0.0
1561.9184665194475,26.03197444199079,注入隔离液,0.0,0.0,0.0,0.0,0.0,0.0,0.0,0.0,0.0,0.0,0.0,1.0,0.0
1563.9696964924242,26.06616160820707,注入隔离液,0.0,0.0,0.0,0.0,0.0,0.0,0.0,0.0,0.0,0.0,0.0,1.0,0.0
1566.0209264654009,26.10034877442335,注入隔离液,0.0,0.0,0.0,0.0,0.0,0.0,0.0,0.0,0.0,0.0,0.0,1.0,0.0
1568.0721564383775,26.134535940639626,注入隔离液,0.0,0.0,0.0,0.0,0.0,0.0,0.0,0.0,0.0,0.0,0.0,1.0,0.0
1570.1233864113542,26.168723106855904,注入隔离液,0.0,0.0,0.0,0.0,0.0,0.0,0.0,0.0,0.0,0.0,0.0,1.0,0.0
1572.1746163843309,26.20291027307218,注入隔离液,0.0,0.0,0.0,0.0,0.0,0.0,0.0,0.0,0.0,0.0,0.0,1.0,0.0
1574.2258463573075,26.23709743928846,注入隔离液,0.0,0.0,0.0,0.0,0.0,0.0,0.0,0.0,0.0,0.0,0.0,1.0,0.0
1576.2770763302842,26.271284605504736,注入隔离液,0.0,0.0,0.0,0.0,0.0,0.0,0.0,0.0,0.0,0.0,0.0,1.0,0.0
1578.328306303261,26.305471771721013,注入隔离液,0.0,0.0,0.0,0.0,0.0,0.0,0.0,0.0,0.0,0.0,0.0,1.0,0.0
1580.3795362762376,26.339658937937294,注入隔离液,0.0,0.0,0.0,0.0,0.0,0.0,0.0,0.0,0.0,0.0,0.0,1.0,0.0
1582.4307662492142,26.37384610415357,注入隔离液,0.0,0.0,0.0,0.0,0.0,0.0,0.0,0.0,0.0,0.0,0.0,1.0,0.0
1584.481996222191,26.40803327036985,注入隔离液,0.0,0.0,0.0,0.0,0.0,0.0,0.0,0.0,0.0,0.0,0.0,1.0,0.0
1586.5332261951676,26.442220436586126,注入隔离液,0.0,0.0,0.0,0.0,0.0,0.0,0.0,0.0,0.0,0.0,0.0,1.0,0.0
1588.5844561681442,26.476407602802404,注入隔离液,0.0,0.0,0.0,0.0,0.0,0.0,0.0,0.0,0.0,0.0,0.0,1.0,0.0
1590.635686141121,26.51059476901868,注入隔离液,0.0,0.0,0.0,0.0,0.0,0.0,0.0,0.0,0.0,0.0,0.0,1.0,0.0
1592.6869161140976,26.54478193523496,注入隔离液,0.0,0.0,0.0,0.0,0.0,0.0,0.0,0.0,0.0,0.0,0.0,1.0,0.0
1594.7381460870743,26.57896910145124,注入隔离液,0.0,0.0,0.0,0.0,0.0,0.0,0.0,0.0,0.0,0.0,0.0,1.0,0.0
1596.789376060051,26.613156267667517,注入隔离液,0.0,0.0,0.0,0.0,0.0,0.0,0.0,0.0,0.0,0.0,0.0,1.0,0.0
1598.8406060330276,26.647343433883794,注入隔离液,0.0,0.0,0.0,0.0,0.0,0.0,0.0,0.0,0.0,0.0,0.0,1.0,0.0
1600.8918360060043,26.68153060010007,注入隔离液,0.0,0.0,0.0,0.0,0.0,0.0,0.0,0.0,0.0,0.0,0.0,1.0,0.0
1602.943065978981,26.71571776631635,注入隔离液,0.0,0.0,0.0,0.0,0.0,0.0,0.0,0.0,0.0,0.0,0.0,1.0,0.0
1604.9942959519576,26.749904932532626,注入隔离液,0.0,0.0,0.0,0.0,0.0,0.0,0.0,0.0,0.0,0.0,0.0,1.0,0.0
1607.0455259249343,26.784092098748904,注入隔离液,0.0,0.0,0.0,0.0,0.0,0.0,0.0,0.0,0.0,0.0,0.0,1.0,0.0
1609.096755897911,26.81827926496518,注入隔离液,0.0,0.0,0.0,0.0,0.0,0.0,0.0,0.0,0.0,0.0,0.0,1.0,0.0
1611.1479858708876,26.852466431181462,注入隔离液,0.0,0.0,0.0,0.0,0.0,0.0,0.0,0.0,0.0,0.0,0.0,1.0,0.0
1613.1992158438643,26.88665359739774,注入隔离液,0.0,0.0,0.0,0.0,0.0,0.0,0.0,0.0,0.0,0.0,0.0,1.0,0.0
1615.250445816841,26.920840763614017,注入隔离液,0.0,0.0,0.0,0.0,0.0,0.0,0.0,0.0,0.0,0.0,0.0,1.0,0.0
1617.3016757898176,26.955027929830294,注入隔离液,0.0,0.0,0.0,0.0,0.0,0.0,0.0,0.0,0.0,0.0,0.0,1.0,0.0
1619.3529057627943,26.98921509604657,注入隔离液,0.0,0.0,0.0,0.0,0.0,0.0,0.0,0.0,0.0,0.0,0.0,1.0,0.0
1621.404135735771,27.02340226226285,注入隔离液,0.0,0.0,0.0,0.0,0.0,0.0,0.0,0.0,0.0,0.0,0.0,1.0,0.0
1623.4553657087476,27.057589428479126,注入隔离液,0.0,0.0,0.0,0.0,0.0,0.0,0.0,0.0,0.0,0.0,0.0,1.0,0.0
1625.5065956817243,27.091776594695407,注入隔离液,0.0,0.0,0.0,0.0,0.0,0.0,0.0,0.0,0.0,0.0,0.0,1.0,0.0
1627.557825654701,27.125963760911684,注入隔离液,0.0,0.0,0.0,0.0,0.0,0.0,0.0,0.0,0.0,0.0,0.0,1.0,0.0
1629.6090556276777,27.16015092712796,注入隔离液,0.0,0.0,0.0,0.0,0.0,0.0,0.0,0.0,0.0,0.0,0.0,1.0,0.0
1631.6602856006543,27.19433809334424,注入隔离液,0.0,0.0,0.0,0.0,0.0,0.0,0.0,0.0,0.0,0.0,0.0,1.0,0.0
1633.711515573631,27.228525259560517,注入隔离液,0.0,0.0,0.0,0.0,0.0,0.0,0.0,0.0,0.0,0.0,0.0,1.0,0.0
1635.7627455466077,27.262712425776794,注入隔离液,0.0,0.0,0.0,0.0,0.0,0.0,0.0,0.0,0.0,0.0,0.0,1.0,0.0
1637.8139755195843,27.29689959199307,注入隔离液,0.0,0.0,0.0,0.0,0.0,0.0,0.0,0.0,0.0,0.0,0.0,1.0,0.0
1639.865205492561,27.33108675820935,注入隔离液,0.0,0.0,0.0,0.0,0.0,0.0,0.0,0.0,0.0,0.0,0.0,1.0,0.0
1641.9164354655377,27.36527392442563,注入隔离液,0.0,0.0,0.0,0.0,0.0,0.0,0.0,0.0,0.0,0.0,0.0,1.0,0.0
1643.9676654385144,27.399461090641907,注入隔离液,0.0,0.0,0.0,0.0,0.0,0.0,0.0,0.0,0.0,0.0,0.0,1.0,0.0
1646.018895411491,27.433648256858184,注入隔离液,0.0,0.0,0.0,0.0,0.0,0.0,0.0,0.0,0.0,0.0,0.0,1.0,0.0
1648.0701253844677,27.46783542307446,注入隔离液,0.0,0.0,0.0,0.0,0.0,0.0,0.0,0.0,0.0,0.0,0.0,1.0,0.0
1650.1213553574444,27.50202258929074,注入隔离液,0.0,0.0,0.0,0.0,0.0,0.0,0.0,0.0,0.0,0.0,0.0,1.0,0.0
1652.172585330421,27.536209755507016,注入隔离液,0.0,0.0,0.0,0.0,0.0,0.0,0.0,0.0,0.0,0.0,0.0,1.0,0.0
1654.2238153033977,27.570396921723294,注入隔离液,0.0,0.0,0.0,0.0,0.0,0.0,0.0,0.0,0.0,0.0,0.0,1.0,0.0
1656.2750452763744,27.604584087939575,注入隔离液,0.0,0.0,0.0,0.0,0.0,0.0,0.0,0.0,0.0,0.0,0.0,1.0,0.0
1658.326275249351,27.638771254155852,注入隔离液,0.0,0.0,0.0,0.0,0.0,0.0,0.0,0.0,0.0,0.0,0.0,1.0,0.0
1660.3775052223277,27.67295842037213,注入隔离液,0.0,0.0,0.0,0.0,0.0,0.0,0.0,0.0,0.0,0.0,0.0,1.0,0.0
1662.4287351953044,27.707145586588407,注入隔离液,0.0,0.0,0.0,0.0,0.0,0.0,0.0,0.0,0.0,0.0,0.0,1.0,0.0
1664.479965168281,27.741332752804684,注入隔离液,0.0,0.0,0.0,0.0,0.0,0.0,0.0,0.0,0.0,0.0,0.0,1.0,0.0
1666.5311951412577,27.77551991902096,注入隔离液,0.0,0.0,0.0,0.0,0.0,0.0,0.0,0.0,0.0,0.0,0.0,1.0,0.0
1668.5824251142344,27.80970708523724,注入隔离液,0.0,0.0,0.0,0.0,0.0,0.0,0.0,0.0,0.0,0.0,0.0,1.0,0.0
1670.633655087211,27.843894251453516,注入隔离液,0.0,0.0,0.0,0.0,0.0,0.0,0.0,0.0,0.0,0.0,0.0,1.0,0.0
1672.6848850601878,27.878081417669797,注入隔离液,0.0,0.0,0.0,0.0,0.0,0.0,0.0,0.0,0.0,0.0,0.0,1.0,0.0
1674.7361150331644,27.912268583886075,注入隔离液,0.0,0.0,0.0,0.0,0.0,0.0,0.0,0.0,0.0,0.0,0.0,1.0,0.0
1676.787345006141,27.946455750102352,注入隔离液,0.0,0.0,0.0,0.0,0.0,0.0,0.0,0.0,0.0,0.0,0.0,1.0,0.0
1678.8385749791178,27.98064291631863,注入隔离液,0.0,0.0,0.0,0.0,0.0,0.0,0.0,0.0,0.0,0.0,0.0,1.0,0.0
1680.8898049520944,28.014830082534907,注入隔离液,0.0,0.0,0.0,0.0,0.0,0.0,0.0,0.0,0.0,0.0,0.0,1.0,0.0
1682.941034925071,28.049017248751184,注入隔离液,0.0,0.0,0.0,0.0,0.0,0.0,0.0,0.0,0.0,0.0,0.0,1.0,0.0
1684.9922648980478,28.08320441496746,注入隔离液,0.0,0.0,0.0,0.0,0.0,0.0,0.0,0.0,0.0,0.0,0.0,1.0,0.0
1687.0434948710244,28.117391581183742,注入隔离液,0.0,0.0,0.0,0.0,0.0,0.0,0.0,0.0,0.0,0.0,0.0,1.0,0.0
1689.0947248440011,28.15157874740002,注入隔离液,0.0,0.0,0.0,0.0,0.0,0.0,0.0,0.0,0.0,0.0,0.0,1.0,0.0
1691.1459548169778,28.185765913616297,注入隔离液,0.0,0.0,0.0,0.0,0.0,0.0,0.0,0.0,0.0,0.0,0.0,1.0,0.0
1693.1971847899545,28.219953079832575,注入隔离液,0.0,0.0,0.0,0.0,0.0,0.0,0.0,0.0,0.0,0.0,0.0,1.0,0.0
1695.2484147629311,28.254140246048852,注入隔离液,0.0,0.0,0.0,0.0,0.0,0.0,0.0,0.0,0.0,0.0,0.0,1.0,0.0
1697.2996447359078,28.28832741226513,注入隔离液,0.0,0.0,0.0,0.0,0.0,0.0,0.0,0.0,0.0,0.0,0.0,1.0,0.0
1699.3508747088845,28.322514578481407,注入隔离液,0.0,0.0,0.0,0.0,0.0,0.0,0.0,0.0,0.0,0.0,0.0,1.0,0.0
1701.4021046818611,28.356701744697684,注入隔离液,0.0,0.0,0.0,0.0,0.0,0.0,0.0,0.0,0.0,0.0,0.0,1.0,0.0
1703.4533346548378,28.390888910913965,注入隔离液,0.0,0.0,0.0,0.0,0.0,0.0,0.0,0.0,0.0,0.0,0.0,1.0,0.0
1705.5045646278145,28.425076077130242,注入隔离液,0.0,0.0,0.0,0.0,0.0,0.0,0.0,0.0,0.0,0.0,0.0,1.0,0.0
1707.5557946007912,28.45926324334652,注入隔离液,0.0,0.0,0.0,0.0,0.0,0.0,0.0,0.0,0.0,0.0,0.0,1.0,0.0
1709.6070245737678,28.493450409562797,注入隔离液,0.0,0.0,0.0,0.0,0.0,0.0,0.0,0.0,0.0,0.0,0.0,1.0,0.0
1711.6582545467445,28.527637575779075,注入隔离液,0.0,0.0,0.0,0.0,0.0,0.0,0.0,0.0,0.0,0.0,0.0,1.0,0.0
1713.7094845197212,28.561824741995352,注入隔离液,0.0,0.0,0.0,0.0,0.0,0.0,0.0,0.0,0.0,0.0,0.0,1.0,0.0
1715.7607144926978,28.59601190821163,注入隔离液,0.0,0.0,0.0,0.0,0.0,0.0,0.0,0.0,0.0,0.0,0.0,1.0,0.0
1717.8119444656745,28.63019907442791,注入隔离液,0.0,0.0,0.0,0.0,0.0,0.0,0.0,0.0,0.0,0.0,0.0,1.0,0.0
1719.8631744386512,28.664386240644188,注入隔离液,0.0,0.0,0.0,0.0,0.0,0.0,0.0,0.0,0.0,0.0,0.0,1.0,0.0
1721.9144044116279,28.698573406860465,注入隔离液,0.0,0.0,0.0,0.0,0.0,0.0,0.0,0.0,0.0,0.0,0.0,1.0,0.0
1723.9656343846045,28.732760573076742,注入隔离液,0.0,0.0,0.0,0.0,0.0,0.0,0.0,0.0,0.0,0.0,0.0,1.0,0.0
1726.0168643575812,28.76694773929302,注入隔离液,0.0,0.0,0.0,0.0,0.0,0.0,0.0,0.0,0.0,0.0,0.0,1.0,0.0
1728.0680943305579,28.801134905509297,注入隔离液,0.0,0.0,0.0,0.0,0.0,0.0,0.0,0.0,0.0,0.0,0.0,1.0,0.0
1730.1193243035345,28.835322071725574,注入隔离液,0.0,0.0,0.0,0.0,0.0,0.0,0.0,0.0,0.0,0.0,0.0,1.0,0.0
1732.1705542765112,28.869509237941852,注入隔离液,0.0,0.0,0.0,0.0,0.0,0.0,0.0,0.0,0.0,0.0,0.0,1.0,0.0
1734.2217842494879,28.903696404158133,注入隔离液,0.0,0.0,0.0,0.0,0.0,0.0,0.0,0.0,0.0,0.0,0.0,1.0,0.0
1736.2730142224646,28.93788357037441,注入隔离液,0.0,0.0,0.0,0.0,0.0,0.0,0.0,0.0,0.0,0.0,0.0,1.0,0.0
1738.3242441954412,28.972070736590688,注入隔离液,0.0,0.0,0.0,0.0,0.0,0.0,0.0,0.0,0.0,0.0,0.0,1.0,0.0
1740.375474168418,29.006257902806965,注入隔离液,0.0,0.0,0.0,0.0,0.0,0.0,0.0,0.0,0.0,0.0,0.0,1.0,0.0
1742.4267041413946,29.040445069023242,注入隔离液,0.0,0.0,0.0,0.0,0.0,0.0,0.0,0.0,0.0,0.0,0.0,1.0,0.0
1744.4779341143712,29.07463223523952,注入隔离液,0.0,0.0,0.0,0.0,0.0,0.0,0.0,0.0,0.0,0.0,0.0,1.0,0.0
1746.529164087348,29.108819401455797,注入隔离液,0.0,0.0,0.0,0.0,0.0,0.0,0.0,0.0,0.0,0.0,0.0,1.0,0.0
1748.5803940603246,29.143006567672078,注入隔离液,0.0,0.0,0.0,0.0,0.0,0.0,0.0,0.0,0.0,0.0,0.0,1.0,0.0
1750.6316240333013,29.177193733888355,注入隔离液,0.0,0.0,0.0,0.0,0.0,0.0,0.0,0.0,0.0,0.0,0.0,1.0,0.0
1752.682854006278,29.211380900104633,注入隔离液,0.0,0.0,0.0,0.0,0.0,0.0,0.0,0.0,0.0,0.0,0.0,1.0,0.0
1754.7340839792546,29.24556806632091,注入隔离液,0.0,0.0,0.0,0.0,0.0,0.0,0.0,0.0,0.0,0.0,0.0,1.0,0.0
1756.7853139522313,29.279755232537187,注入隔离液,0.0,0.0,0.0,0.0,0.0,0.0,0.0,0.0,0.0,0.0,0.0,1.0,0.0
1758.836543925208,29.313942398753465,注入隔离液,0.0,0.0,0.0,0.0,0.0,0.0,0.0,0.0,0.0,0.0,0.0,1.0,0.0
1760.8877738981846,29.348129564969742,注入隔离液,0.0,0.0,0.0,0.0,0.0,0.0,0.0,0.0,0.0,0.0,0.0,1.0,0.0
1762.9390038711613,29.38231673118602,注入隔离液,0.0,0.0,0.0,0.0,0.0,0.0,0.0,0.0,0.0,0.0,0.0,1.0,0.0
1764.990233844138,29.4165038974023,注入隔离液,0.0,0.0,0.0,0.0,0.0,0.0,0.0,0.0,0.0,0.0,0.0,1.0,0.0
1767.0414638171146,29.450691063618578,注入隔离液,0.0,0.0,0.0,0.0,0.0,0.0,0.0,0.0,0.0,0.0,0.0,1.0,0.0
1769.0926937900913,29.484878229834855,注入隔离液,0.0,0.0,0.0,0.0,0.0,0.0,0.0,0.0,0.0,0.0,0.0,1.0,0.0
1771.143923763068,29.519065396051133,注入隔离液,0.0,0.0,0.0,0.0,0.0,0.0,0.0,0.0,0.0,0.0,0.0,1.0,0.0
1773.1951537360446,29.55325256226741,注入隔离液,0.0,0.0,0.0,0.0,0.0,0.0,0.0,0.0,0.0,0.0,0.0,1.0,0.0
1775.2463837090213,29.587439728483687,注入隔离液,0.0,0.0,0.0,0.0,0.0,0.0,0.0,0.0,0.0,0.0,0.0,1.0,0.0
1777.297613681998,29.621626894699965,注入隔离液,0.0,0.0,0.0,0.0,0.0,0.0,0.0,0.0,0.0,0.0,0.0,1.0,0.0
1779.3488436549746,29.655814060916246,注入隔离液,0.0,0.0,0.0,0.0,0.0,0.0,0.0,0.0,0.0,0.0,0.0,1.0,0.0
1781.4000736279513,29.690001227132523,注入隔离液,0.0,0.0,0.0,0.0,0.0,0.0,0.0,0.0,0.0,0.0,0.0,1.0,0.0
1783.451303600928,29.7241883933488,注入隔离液,0.0,0.0,0.0,0.0,0.0,0.0,0.0,0.0,0.0,0.0,0.0,1.0,0.0
1785.5025335739047,29.758375559565078,注入隔离液,0.0,0.0,0.0,0.0,0.0,0.0,0.0,0.0,0.0,0.0,0.0,1.0,0.0
1787.5537635468813,29.792562725781355,注入隔离液,0.0,0.0,0.0,0.0,0.0,0.0,0.0,0.0,0.0,0.0,0.0,1.0,0.0
1789.604993519858,29.826749891997633,注入隔离液,0.0,0.0,0.0,0.0,0.0,0.0,0.0,0.0,0.0,0.0,0.0,1.0,0.0
1791.6562234928347,29.86093705821391,注入隔离液,0.0,0.0,0.0,0.0,0.0,0.0,0.0,0.0,0.0,0.0,0.0,1.0,0.0
1793.7074534658113,29.895124224430187,注入隔离液,0.0,0.0,0.0,0.0,0.0,0.0,0.0,0.0,0.0,0.0,0.0,1.0,0.0
1795.758683438788,29.92931139064647,注入隔离液,0.0,0.0,0.0,0.0,0.0,0.0,0.0,0.0,0.0,0.0,0.0,1.0,0.0
1797.8099134117647,29.963498556862746,注入隔离液,0.0,0.0,0.0,0.0,0.0,0.0,0.0,0.0,0.0,0.0,0.0,1.0,0.0
1799.8611433847414,29.997685723079023,注入隔离液,0.0,0.0,0.0,0.0,0.0,0.0,0.0,0.0,0.0,0.0,0.0,1.0,0.0
1801.912373357718,30.0318728892953,注入隔离液,0.0,0.0,0.0,0.0,0.0,0.0,0.0,0.0,0.0,0.0,0.0,1.0,0.0
1803.9636033306947,30.066060055511578,注入隔离液,0.0,0.0,0.0,0.0,0.0,0.0,0.0,0.0,0.0,0.0,0.0,1.0,0.0
1806.0148333036714,30.100247221727855,注入隔离液,0.0,0.0,0.0,0.0,0.0,0.0,0.0,0.0,0.0,0.0,0.0,1.0,0.0
1808.066063276648,30.134434387944133,注入隔离液,0.0,0.0,0.0,0.0,0.0,0.0,0.0,0.0,0.0,0.0,0.0,1.0,0.0
1810.1172932496247,30.168621554160413,注入隔离液,0.0,0.0,0.0,0.0,0.0,0.0,0.0,0.0,0.0,0.0,0.0,1.0,0.0
1812.1685232226014,30.20280872037669,注入隔离液,0.0,0.0,0.0,0.0,0.0,0.0,0.0,0.0,0.0,0.0,0.0,1.0,0.0
1814.219753195578,30.236995886592968,注入隔离液,0.0,0.0,0.0,0.0,0.0,0.0,0.0,0.0,0.0,0.0,0.0,1.0,0.0
1816.2709831685547,30.271183052809246,注入隔离液,0.0,0.0,0.0,0.0,0.0,0.0,0.0,0.0,0.0,0.0,0.0,1.0,0.0
1818.3222131415314,30.305370219025523,注入隔离液,0.0,0.0,0.0,0.0,0.0,0.0,0.0,0.0,0.0,0.0,0.0,1.0,0.0
1820.373443114508,30.3395573852418,注入隔离液,0.0,0.0,0.0,0.0,0.0,0.0,0.0,0.0,0.0,0.0,0.0,1.0,0.0
1822.4246730874847,30.373744551458078,注入隔离液,0.0,0.0,0.0,0.0,0.0,0.0,0.0,0.0,0.0,0.0,0.0,1.0,0.0
1824.4759030604614,30.407931717674355,注入隔离液,0.0,0.0,0.0,0.0,0.0,0.0,0.0,0.0,0.0,0.0,0.0,1.0,0.0
1826.527133033438,30.442118883890636,注入隔离液,0.0,0.0,0.0,0.0,0.0,0.0,0.0,0.0,0.0,0.0,0.0,1.0,0.0
1828.5783630064147,30.476306050106913,注入隔离液,0.0,0.0,0.0,0.0,0.0,0.0,0.0,0.0,0.0,0.0,0.0,1.0,0.0
1830.6295929793914,30.51049321632319,注入隔离液,0.0,0.0,0.0,0.0,0.0,0.0,0.0,0.0,0.0,0.0,0.0,1.0,0.0
1832.680822952368,30.544680382539468,注入隔离液,0.0,0.0,0.0,0.0,0.0,0.0,0.0,0.0,0.0,0.0,0.0,1.0,0.0
1834.7320529253448,30.578867548755746,注入隔离液,0.0,0.0,0.0,0.0,0.0,0.0,0.0,0.0,0.0,0.0,0.0,1.0,0.0
1836.7832828983214,30.613054714972023,注入隔离液,0.0,0.0,0.0,0.0,0.0,0.0,0.0,0.0,0.0,0.0,0.0,1.0,0.0
1838.834512871298,30.6472418811883,注入隔离液,0.0,0.0,0.0,0.0,0.0,0.0,0.0,0.0,0.0,0.0,0.0,1.0,0.0
1840.8857428442748,30.68142904740458,注入隔离液,0.0,0.0,0.0,0.0,0.0,0.0,0.0,0.0,0.0,0.0,0.0,1.0,0.0
1842.9369728172514,30.71561621362086,注入隔离液,0.0,0.0,0.0,0.0,0.0,0.0,0.0,0.0,0.0,0.0,0.0,1.0,0.0
1844.9882027902281,30.749803379837136,注入隔离液,0.0,0.0,0.0,0.0,0.0,0.0,0.0,0.0,0.0,0.0,0.0,1.0,0.0
1847.0394327632048,30.783990546053413,注入隔离液,0.0,0.0,0.0,0.0,0.0,0.0,0.0,0.0,0.0,0.0,0.0,1.0,0.0
1849.0906627361815,30.81817771226969,注入隔离液,0.0,0.0,0.0,0.0,0.0,0.0,0.0,0.0,0.0,0.0,0.0,1.0,0.0
1851.1418927091581,30.852364878485968,注入隔离液,0.0,0.0,0.0,0.0,0.0,0.0,0.0,0.0,0.0,0.0,0.0,1.0,0.0
1853.1931226821348,30.886552044702245,注入隔离液,0.0,0.0,0.0,0.0,0.0,0.0,0.0,0.0,0.0,0.0,0.0,1.0,0.0
1855.2443526551115,30.920739210918523,注入隔离液,0.0,0.0,0.0,0.0,0.0,0.0,0.0,0.0,0.0,0.0,0.0,1.0,0.0
1857.2955826280881,30.954926377134804,注入隔离液,0.0,0.0,0.0,0.0,0.0,0.0,0.0,0.0,0.0,0.0,0.0,1.0,0.0
1859.3468126010648,30.98911354335108,注入隔离液,0.0,0.0,0.0,0.0,0.0,0.0,0.0,0.0,0.0,0.0,0.0,1.0,0.0
1861.3980425740415,31.02330070956736,注入隔离液,0.0,0.0,0.0,0.0,0.0,0.0,0.0,0.0,0.0,0.0,0.0,1.0,0.0
1863.4492725470182,31.057487875783636,注入隔离液,0.0,0.0,0.0,0.0,0.0,0.0,0.0,0.0,0.0,0.0,0.0,1.0,0.0
1865.5005025199948,31.091675041999913,注入隔离液,0.0,0.0,0.0,0.0,0.0,0.0,0.0,0.0,0.0,0.0,0.0,1.0,0.0
1867.5517324929715,31.12586220821619,注入隔离液,0.0,0.0,0.0,0.0,0.0,0.0,0.0,0.0,0.0,0.0,0.0,1.0,0.0
1869.6029624659482,31.160049374432468,注入隔离液,0.0,0.0,0.0,0.0,0.0,0.0,0.0,0.0,0.0,0.0,0.0,1.0,0.0
1871.6541924389248,31.19423654064875,注入隔离液,0.0,0.0,0.0,0.0,0.0,0.0,0.0,0.0,0.0,0.0,0.0,1.0,0.0
1873.7054224119015,31.228423706865026,注入隔离液,0.0,0.0,0.0,0.0,0.0,0.0,0.0,0.0,0.0,0.0,0.0,1.0,0.0
1875.7566523848782,31.262610873081304,注入隔离液,0.0,0.0,0.0,0.0,0.0,0.0,0.0,0.0,0.0,0.0,0.0,1.0,0.0
1877.8078823578549,31.29679803929758,注入隔离液,0.0,0.0,0.0,0.0,0.0,0.0,0.0,0.0,0.0,0.0,0.0,1.0,0.0
1879.8591123308315,31.33098520551386,注入隔离液,0.0,0.0,0.0,0.0,0.0,0.0,0.0,0.0,0.0,0.0,0.0,1.0,0.0
1881.9103423038082,31.365172371730136,注入隔离液,0.0,0.0,0.0,0.0,0.0,0.0,0.0,0.0,0.0,0.0,0.0,1.0,0.0
1883.9615722767849,31.399359537946413,注入隔离液,0.0,0.0,0.0,0.0,0.0,0.0,0.0,0.0,0.0,0.0,0.0,1.0,0.0
1886.0128022497615,31.43354670416269,注入隔离液,0.0,0.0,0.0,0.0,0.0,0.0,0.0,0.0,0.0,0.0,0.0,1.0,0.0
1888.0640322227382,31.46773387037897,注入隔离液,0.0,0.0,0.0,0.0,0.0,0.0,0.0,0.0,0.0,0.0,0.0,1.0,0.0
1890.1152621957149,31.50192103659525,注入隔离液,0.0,0.0,0.0,0.0,0.0,0.0,0.0,0.0,0.0,0.0,0.0,1.0,0.0
1892.1664921686915,31.536108202811526,注入隔离液,0.0,0.0,0.0,0.0,0.0,0.0,0.0,0.0,0.0,0.0,0.0,1.0,0.0
1894.2177221416682,31.570295369027804,注入隔离液,0.0,0.0,0.0,0.0,0.0,0.0,0.0,0.0,0.0,0.0,0.0,1.0,0.0
1896.268952114645,31.60448253524408,注入隔离液,0.0,0.0,0.0,0.0,0.0,0.0,0.0,0.0,0.0,0.0,0.0,1.0,0.0
1898.3201820876216,31.63866970146036,注入隔离液,0.0,0.0,0.0,0.0,0.0,0.0,0.0,0.0,0.0,0.0,0.0,1.0,0.0
1900.3714120605982,31.672856867676636,注入隔离液,0.0,0.0,0.0,0.0,0.0,0.0,0.0,0.0,0.0,0.0,0.0,1.0,0.0
1902.422642033575,31.707044033892917,注入隔离液,0.0,0.0,0.0,0.0,0.0,0.0,0.0,0.0,0.0,0.0,0.0,1.0,0.0
1904.4738720065516,31.741231200109194,注入隔离液,0.0,0.0,0.0,0.0,0.0,0.0,0.0,0.0,0.0,0.0,0.0,1.0,0.0
1906.5251019795282,31.77541836632547,注入隔离液,0.0,0.0,0.0,0.0,0.0,0.0,0.0,0.0,0.0,0.0,0.0,1.0,0.0
1908.576331952505,31.80960553254175,注入隔离液,0.0,0.0,0.0,0.0,0.0,0.0,0.0,0.0,0.0,0.0,0.0,1.0,0.0
1910.6275619254816,31.843792698758026,注入隔离液,0.0,0.0,0.0,0.0,0.0,0.0,0.0,0.0,0.0,0.0,0.0,1.0,0.0
1912.6787918984583,31.877979864974304,注入隔离液,0.0,0.0,0.0,0.0,0.0,0.0,0.0,0.0,0.0,0.0,0.0,1.0,0.0
1914.730021871435,31.91216703119058,注入隔离液,0.0,0.0,0.0,0.0,0.0,0.0,0.0,0.0,0.0,0.0,0.0,1.0,0.0
1916.7812518444116,31.94635419740686,注入隔离液,0.0,0.0,0.0,0.0,0.0,0.0,0.0,0.0,0.0,0.0,0.0,1.0,0.0
1918.8324818173883,31.98054136362314,注入隔离液,0.0,0.0,0.0,0.0,0.0,0.0,0.0,0.0,0.0,0.0,0.0,1.0,0.0
1920.883711790365,32.01472852983942,注入隔离液,0.0,0.0,0.0,0.0,0.0,0.0,0.0,0.0,0.0,0.0,0.0,1.0,0.0
1922.9349417633416,32.048915696055694,注入隔离液,0.0,0.0,0.0,0.0,0.0,0.0,0.0,0.0,0.0,0.0,0.0,1.0,0.0
1924.9861717363183,32.08310286227197,注入隔离液,0.0,0.0,0.0,0.0,0.0,0.0,0.0,0.0,0.0,0.0,0.0,1.0,0.0
1927.037401709295,32.11729002848825,注入隔离液,0.0,0.0,0.0,0.0,0.0,0.0,0.0,0.0,0.0,0.0,0.0,1.0,0.0
1929.0886316822716,32.151477194704526,注入隔离液,0.0,0.0,0.0,0.0,0.0,0.0,0.0,0.0,0.0,0.0,0.0,1.0,0.0
1931.1398616552483,32.1856643609208,注入隔离液,0.0,0.0,0.0,0.0,0.0,0.0,0.0,0.0,0.0,0.0,0.0,1.0,0.0
1933.191091628225,32.21985152713708,注入隔离液,0.0,0.0,0.0,0.0,0.0,0.0,0.0,0.0,0.0,0.0,0.0,1.0,0.0
1935.2423216012016,32.25403869335336,注入隔离液,0.0,0.0,0.0,0.0,0.0,0.0,0.0,0.0,0.0,0.0,0.0,1.0,0.0
1937.2935515741783,32.288225859569636,注入隔离液,0.0,0.0,0.0,0.0,0.0,0.0,0.0,0.0,0.0,0.0,0.0,1.0,0.0
1939.344781547155,32.32241302578591,注入隔离液,0.0,0.0,0.0,0.0,0.0,0.0,0.0,0.0,0.0,0.0,0.0,1.0,0.0
1941.3960115201317,32.3566001920022,注入隔离液,0.0,0.0,0.0,0.0,0.0,0.0,0.0,0.0,0.0,0.0,0.0,1.0,0.0
1943.4472414931083,32.390787358218475,注入隔离液,0.0,0.0,0.0,0.0,0.0,0.0,0.0,0.0,0.0,0.0,0.0,1.0,0.0
1945.498471466085,32.42497452443475,注入隔离液,0.0,0.0,0.0,0.0,0.0,0.0,0.0,0.0,0.0,0.0,0.0,1.0,0.0
1947.5497014390617,32.45916169065103,注入隔离液,0.0,0.0,0.0,0.0,0.0,0.0,0.0,0.0,0.0,0.0,0.0,1.0,0.0
1949.6009314120383,32.49334885686731,注入隔离液,0.0,0.0,0.0,0.0,0.0,0.0,0.0,0.0,0.0,0.0,0.0,1.0,0.0
1951.652161385015,32.527536023083584,注入隔离液,0.0,0.0,0.0,0.0,0.0,0.0,0.0,0.0,0.0,0.0,0.0,1.0,0.0
1953.7033913579917,32.56172318929986,注入隔离液,0.0,0.0,0.0,0.0,0.0,0.0,0.0,0.0,0.0,0.0,0.0,1.0,0.0
1955.7546213309683,32.59591035551614,注入隔离液,0.0,0.0,0.0,0.0,0.0,0.0,0.0,0.0,0.0,0.0,0.0,1.0,0.0
1957.805851303945,32.63009752173242,注入隔离液,0.0,0.0,0.0,0.0,0.0,0.0,0.0,0.0,0.0,0.0,0.0,1.0,0.0
1959.8570812769217,32.664284687948694,注入隔离液,0.0,0.0,0.0,0.0,0.0,0.0,0.0,0.0,0.0,0.0,0.0,1.0,0.0
1961.9083112498984,32.69847185416497,注入隔离液,0.0,0.0,0.0,0.0,0.0,0.0,0.0,0.0,0.0,0.0,0.0,1.0,0.0
1963.959541222875,32.73265902038125,注入隔离液,0.0,0.0,0.0,0.0,0.0,0.0,0.0,0.0,0.0,0.0,0.0,1.0,0.0
1966.0107711958517,32.766846186597526,注入隔离液,0.0,0.0,0.0,0.0,0.0,0.0,0.0,0.0,0.0,0.0,0.0,1.0,0.0
1968.0620011688284,32.8010333528138,注入隔离液,0.0,0.0,0.0,0.0,0.0,0.0,0.0,0.0,0.0,0.0,0.0,1.0,0.0
1970.113231141805,32.83522051903008,注入隔离液,0.0,0.0,0.0,0.0,0.0,0.0,0.0,0.0,0.0,0.0,0.0,1.0,0.0
1972.1644611147817,32.869407685246365,注入隔离液,0.0,0.0,0.0,0.0,0.0,0.0,0.0,0.0,0.0,0.0,0.0,1.0,0.0
1974.2156910877584,32.90359485146264,注入隔离液,0.0,0.0,0.0,0.0,0.0,0.0,0.0,0.0,0.0,0.0,0.0,1.0,0.0
1976.266921060735,32.93778201767892,注入隔离液,0.0,0.0,0.0,0.0,0.0,0.0,0.0,0.0,0.0,0.0,0.0,1.0,0.0
1978.3181510337117,32.9719691838952,注入隔离液,0.0,0.0,0.0,0.0,0.0,0.0,0.0,0.0,0.0,0.0,0.0,1.0,0.0
1980.3693810066884,33.006156350111475,注入隔离液,0.0,0.0,0.0,0.0,0.0,0.0,0.0,0.0,0.0,0.0,0.0,1.0,0.0
1982.420610979665,33.04034351632775,注入隔离液,0.0,0.0,0.0,0.0,0.0,0.0,0.0,0.0,0.0,0.0,0.0,1.0,0.0
1984.4718409526417,33.07453068254403,注入隔离液,0.0,0.0,0.0,0.0,0.0,0.0,0.0,0.0,0.0,0.0,0.0,1.0,0.0
1986.5230709256184,33.10871784876031,注入隔离液,0.0,0.0,0.0,0.0,0.0,0.0,0.0,0.0,0.0,0.0,0.0,1.0,0.0
1988.574300898595,33.142905014976584,注入隔离液,0.0,0.0,0.0,0.0,0.0,0.0,0.0,0.0,0.0,0.0,0.0,1.0,0.0
1990.6255308715718,33.17709218119286,注入隔离液,0.0,0.0,0.0,0.0,0.0,0.0,0.0,0.0,0.0,0.0,0.0,1.0,0.0
1992.6767608445484,33.21127934740914,注入隔离液,0.0,0.0,0.0,0.0,0.0,0.0,0.0,0.0,0.0,0.0,0.0,1.0,0.0
1994.727990817525,33.245466513625416,注入隔离液,0.0,0.0,0.0,0.0,0.0,0.0,0.0,0.0,0.0,0.0,0.0,1.0,0.0
1996.7792207905018,33.279653679841694,注入隔离液,0.0,0.0,0.0,0.0,0.0,0.0,0.0,0.0,0.0,0.0,0.0,1.0,0.0
1998.8304507634784,33.31384084605797,注入隔离液,0.0,0.0,0.0,0.0,0.0,0.0,0.0,0.0,0.0,0.0,0.0,1.0,0.0
2000.881680736455,33.34802801227425,注入隔离液,0.0,0.0,0.0,0.0,0.0,0.0,0.0,0.0,0.0,0.0,0.0,1.0,0.0
2002.9329107094318,33.38221517849053,注入隔离液,0.0,0.0,0.0,0.0,0.0,0.0,0.0,0.0,0.0,0.0,0.0,1.0,0.0
2004.9841406824085,33.41640234470681,注入隔离液,0.0,0.0,0.0,0.0,0.0,0.0,0.0,0.0,0.0,0.0,0.0,1.0,0.0
2007.0353706553851,33.45058951092309,注入隔离液,0.0,0.0,0.0,0.0,0.0,0.0,0.0,0.0,0.0,0.0,0.0,1.0,0.0
2009.0866006283618,33.484776677139365,注入隔离液,0.0,0.0,0.0,0.0,0.0,0.0,0.0,0.0,0.0,0.0,0.0,1.0,0.0
2011.1378306013385,33.51896384335564,注入隔离液,0.0,0.0,0.0,0.0,0.0,0.0,0.0,0.0,0.0,0.0,0.0,1.0,0.0
2013.1890605743151,33.55315100957192,注入隔离液,0.0,0.0,0.0,0.0,0.0,0.0,0.0,0.0,0.0,0.0,0.0,1.0,0.0
2015.2402905472918,33.5873381757882,注入隔离液,0.0,0.0,0.0,0.0,0.0,0.0,0.0,0.0,0.0,0.0,0.0,1.0,0.0
2017.2915205202685,33.621525342004475,注入隔离液,0.0,0.0,0.0,0.0,0.0,0.0,0.0,0.0,0.0,0.0,0.0,1.0,0.0
2019.3427504932451,33.65571250822075,注入隔离液,0.0,0.0,0.0,0.0,0.0,0.0,0.0,0.0,0.0,0.0,0.0,1.0,0.0
2021.3939804662218,33.68989967443703,注入隔离液,0.0,0.0,0.0,0.0,0.0,0.0,0.0,0.0,0.0,0.0,0.0,1.0,0.0
2023.4452104391985,33.72408684065331,注入隔离液,0.0,0.0,0.0,0.0,0.0,0.0,0.0,0.0,0.0,0.0,0.0,1.0,0.0
2025.4964404121752,33.758274006869584,注入隔离液,0.0,0.0,0.0,0.0,0.0,0.0,0.0,0.0,0.0,0.0,0.0,1.0,0.0
2027.5476703851518,33.79246117308586,注入隔离液,0.0,0.0,0.0,0.0,0.0,0.0,0.0,0.0,0.0,0.0,0.0,1.0,0.0
2029.5989003581285,33.82664833930214,注入隔离液,0.0,0.0,0.0,0.0,0.0,0.0,0.0,0.0,0.0,0.0,0.0,1.0,0.0
2031.6501303311052,33.860835505518416,注入隔离液,0.0,0.0,0.0,0.0,0.0,0.0,0.0,0.0,0.0,0.0,0.0,1.0,0.0
2033.7013603040818,33.8950226717347,注入隔离液,0.0,0.0,0.0,0.0,0.0,0.0,0.0,0.0,0.0,0.0,0.0,1.0,0.0
2035.7525902770585,33.92920983795098,注入隔离液,0.0,0.0,0.0,0.0,0.0,0.0,0.0,0.0,0.0,0.0,0.0,1.0,0.0
2037.8038202500352,33.963397004167255,注入隔离液,0.0,0.0,0.0,0.0,0.0,0.0,0.0,0.0,0.0,0.0,0.0,1.0,0.0
2039.8550502230119,33.99758417038353,注入隔离液,0.0,0.0,0.0,0.0,0.0,0.0,0.0,0.0,0.0,0.0,0.0,1.0,0.0
2041.9062801959885,34.03177133659981,注入隔离液,0.0,0.0,0.0,0.0,0.0,0.0,0.0,0.0,0.0,0.0,0.0,1.0,0.0
2043.9575101689652,34.06595850281609,注入隔离液,0.0,0.0,0.0,0.0,0.0,0.0,0.0,0.0,0.0,0.0,0.0,1.0,0.0
2046.0087401419419,34.100145669032365,注入隔离液,0.0,0.0,0.0,0.0,0.0,0.0,0.0,0.0,0.0,0.0,0.0,1.0,0.0
2048.0599701149185,34.13433283524864,注入隔离液,0.0,0.0,0.0,0.0,0.0,0.0,0.0,0.0,0.0,0.0,0.0,1.0,0.0
2050.111200087895,34.16852000146492,注入隔离液,0.0,0.0,0.0,0.0,0.0,0.0,0.0,0.0,0.0,0.0,0.0,1.0,0.0
2052.162430060872,34.2027071676812,注入隔离液,0.0,0.0,0.0,0.0,0.0,0.0,0.0,0.0,0.0,0.0,0.0,1.0,0.0
2054.2136600338486,34.236894333897474,注入隔离液,0.0,0.0,0.0,0.0,0.0,0.0,0.0,0.0,0.0,0.0,0.0,1.0,0.0
2056.264890006825,34.27108150011375,注入隔离液,0.0,0.0,0.0,0.0,0.0,0.0,0.0,0.0,0.0,0.0,0.0,1.0,0.0
2058.316119979802,34.30526866633003,注入隔离液,0.0,0.0,0.0,0.0,0.0,0.0,0.0,0.0,0.0,0.0,0.0,1.0,0.0
2060.3673499527786,34.33945583254631,注入隔离液,0.0,0.0,0.0,0.0,0.0,0.0,0.0,0.0,0.0,0.0,0.0,1.0,0.0
2062.4185799257552,34.373642998762584,注入隔离液,0.0,0.0,0.0,0.0,0.0,0.0,0.0,0.0,0.0,0.0,0.0,1.0,0.0
2064.469809898732,34.40783016497887,注入隔离液,0.0,0.0,0.0,0.0,0.0,0.0,0.0,0.0,0.0,0.0,0.0,1.0,0.0
2066.5210398717086,34.442017331195146,注入隔离液,0.0,0.0,0.0,0.0,0.0,0.0,0.0,0.0,0.0,0.0,0.0,1.0,0.0
2068.5722698446853,34.47620449741142,注入隔离液,0.0,0.0,0.0,0.0,0.0,0.0,0.0,0.0,0.0,0.0,0.0,1.0,0.0
2070.623499817662,34.5103916636277,注入隔离液,0.0,0.0,0.0,0.0,0.0,0.0,0.0,0.0,0.0,0.0,0.0,1.0,0.0
2072.6747297906386,34.54457882984398,注入隔离液,0.0,0.0,0.0,0.0,0.0,0.0,0.0,0.0,0.0,0.0,0.0,1.0,0.0
2074.7259597636153,34.578765996060255,注入隔离液,0.0,0.0,0.0,0.0,0.0,0.0,0.0,0.0,0.0,0.0,0.0,1.0,0.0
2076.777189736592,34.61295316227653,注入隔离液,0.0,0.0,0.0,0.0,0.0,0.0,0.0,0.0,0.0,0.0,0.0,1.0,0.0
2078.8284197095686,34.64714032849281,注入隔离液,0.0,0.0,0.0,0.0,0.0,0.0,0.0,0.0,0.0,0.0,0.0,1.0,0.0
2080.8796496825453,34.68132749470909,注入隔离液,0.0,0.0,0.0,0.0,0.0,0.0,0.0,0.0,0.0,0.0,0.0,1.0,0.0
2082.930879655522,34.715514660925365,注入隔离液,0.0,0.0,0.0,0.0,0.0,0.0,0.0,0.0,0.0,0.0,0.0,1.0,0.0
2084.9821096284986,34.74970182714164,注入隔离液,0.0,0.0,0.0,0.0,0.0,0.0,0.0,0.0,0.0,0.0,0.0,1.0,0.0
2087.0333396014753,34.78388899335792,注入隔离液,0.0,0.0,0.0,0.0,0.0,0.0,0.0,0.0,0.0,0.0,0.0,1.0,0.0
2089.084569574452,34.8180761595742,注入隔离液,0.0,0.0,0.0,0.0,0.0,0.0,0.0,0.0,0.0,0.0,0.0,1.0,0.0
2091.1357995474286,34.852263325790474,注入隔离液,0.0,0.0,0.0,0.0,0.0,0.0,0.0,0.0,0.0,0.0,0.0,1.0,0.0
2093.1870295204053,34.88645049200675,注入隔离液,0.0,0.0,0.0,0.0,0.0,0.0,0.0,0.0,0.0,0.0,0.0,1.0,0.0
2095.238259493382,34.920637658223036,注入隔离液,0.0,0.0,0.0,0.0,0.0,0.0,0.0,0.0,0.0,0.0,0.0,1.0,0.0
2097.2894894663586,34.954824824439314,注入隔离液,0.0,0.0,0.0,0.0,0.0,0.0,0.0,0.0,0.0,0.0,0.0,1.0,0.0
2099.3407194393353,34.98901199065559,注入隔离液,0.0,0.0,0.0,0.0,0.0,0.0,0.0,0.0,0.0,0.0,0.0,1.0,0.0
2101.391949412312,35.02319915687187,注入隔离液,0.0,0.0,0.0,0.0,0.0,0.0,0.0,0.0,0.0,0.0,0.0,1.0,0.0
2103.4431793852887,35.057386323088146,注入隔离液,0.0,0.0,0.0,0.0,0.0,0.0,0.0,0.0,0.0,0.0,0.0,1.0,0.0
2105.4944093582653,35.09157348930442,注入隔离液,0.0,0.0,0.0,0.0,0.0,0.0,0.0,0.0,0.0,0.0,0.0,1.0,0.0
2107.545639331242,35.1257606555207,注入隔离液,0.0,0.0,0.0,0.0,0.0,0.0,0.0,0.0,0.0,0.0,0.0,1.0,0.0
2109.5968693042187,35.15994782173698,注入隔离液,0.0,0.0,0.0,0.0,0.0,0.0,0.0,0.0,0.0,0.0,0.0,1.0,0.0
2111.6480992771953,35.194134987953255,注入隔离液,0.0,0.0,0.0,0.0,0.0,0.0,0.0,0.0,0.0,0.0,0.0,1.0,0.0
2113.699329250172,35.22832215416953,注入隔离液,0.0,0.0,0.0,0.0,0.0,0.0,0.0,0.0,0.0,0.0,0.0,1.0,0.0
2115.7505592231487,35.26250932038581,注入隔离液,0.0,0.0,0.0,0.0,0.0,0.0,0.0,0.0,0.0,0.0,0.0,1.0,0.0
2117.8017891961254,35.29669648660209,注入隔离液,0.0,0.0,0.0,0.0,0.0,0.0,0.0,0.0,0.0,0.0,0.0,1.0,0.0
2119.853019169102,35.330883652818365,注入隔离液,0.0,0.0,0.0,0.0,0.0,0.0,0.0,0.0,0.0,0.0,0.0,1.0,0.0
2121.9042491420787,35.36507081903464,注入隔离液,0.0,0.0,0.0,0.0,0.0,0.0,0.0,0.0,0.0,0.0,0.0,1.0,0.0
2123.9554791150554,35.39925798525092,注入隔离液,0.0,0.0,0.0,0.0,0.0,0.0,0.0,0.0,0.0,0.0,0.0,1.0,0.0
2126.006709088032,35.433445151467204,注入隔离液,0.0,0.0,0.0,0.0,0.0,0.0,0.0,0.0,0.0,0.0,0.0,1.0,0.0
2128.0579390610087,35.46763231768348,注入隔离液,0.0,0.0,0.0,0.0,0.0,0.0,0.0,0.0,0.0,0.0,0.0,1.0,0.0
2130.1091690339854,35.50181948389976,注入隔离液,0.0,0.0,0.0,0.0,0.0,0.0,0.0,0.0,0.0,0.0,0.0,1.0,0.0
2132.160399006962,35.536006650116036,注入隔离液,0.0,0.0,0.0,0.0,0.0,0.0,0.0,0.0,0.0,0.0,0.0,1.0,0.0
2134.2116289799387,35.57019381633231,注入隔离液,0.0,0.0,0.0,0.0,0.0,0.0,0.0,0.0,0.0,0.0,0.0,1.0,0.0
2136.2628589529154,35.60438098254859,注入隔离液,0.0,0.0,0.0,0.0,0.0,0.0,0.0,0.0,0.0,0.0,0.0,1.0,0.0
2138.314088925892,35.63856814876487,注入隔离液,0.0,0.0,0.0,0.0,0.0,0.0,0.0,0.0,0.0,0.0,0.0,1.0,0.0
2140.3653188988687,35.672755314981146,注入隔离液,0.0,0.0,0.0,0.0,0.0,0.0,0.0,0.0,0.0,0.0,0.0,1.0,0.0
2142.4165488718454,35.70694248119742,注入隔离液,0.0,0.0,0.0,0.0,0.0,0.0,0.0,0.0,0.0,0.0,0.0,1.0,0.0
2144.467778844822,35.7411296474137,注入隔离液,0.0,0.0,0.0,0.0,0.0,0.0,0.0,0.0,0.0,0.0,0.0,1.0,0.0
2146.5190088177987,35.77531681362998,注入隔离液,0.0,0.0,0.0,0.0,0.0,0.0,0.0,0.0,0.0,0.0,0.0,1.0,0.0
2148.5702387907754,35.809503979846255,注入隔离液,0.0,0.0,0.0,0.0,0.0,0.0,0.0,0.0,0.0,0.0,0.0,1.0,0.0
2150.621468763752,35.84369114606253,注入隔离液,0.0,0.0,0.0,0.0,0.0,0.0,0.0,0.0,0.0,0.0,0.0,1.0,0.0
2152.6726987367288,35.87787831227881,注入隔离液,0.0,0.0,0.0,0.0,0.0,0.0,0.0,0.0,0.0,0.0,0.0,1.0,0.0
2154.7239287097054,35.91206547849509,注入隔离液,0.0,0.0,0.0,0.0,0.0,0.0,0.0,0.0,0.0,0.0,0.0,1.0,0.0
2156.775158682682,35.94625264471137,注入隔离液,0.0,0.0,0.0,0.0,0.0,0.0,0.0,0.0,0.0,0.0,0.0,1.0,0.0
2158.826388655659,35.98043981092765,注入隔离液,0.0,0.0,0.0,0.0,0.0,0.0,0.0,0.0,0.0,0.0,0.0,1.0,0.0
2160.8776186286354,36.01462697714393,注入隔离液,0.0,0.0,0.0,0.0,0.0,0.0,0.0,0.0,0.0,0.0,0.0,1.0,0.0
2162.928848601612,36.048814143360204,注入隔离液,0.0,0.0,0.0,0.0,0.0,0.0,0.0,0.0,0.0,0.0,0.0,1.0,0.0
2164.980078574589,36.08300130957648,注入隔离液,0.0,0.0,0.0,0.0,0.0,0.0,0.0,0.0,0.0,0.0,0.0,1.0,0.0
2167.0313085475655,36.11718847579276,注入隔离液,0.0,0.0,0.0,0.0,0.0,0.0,0.0,0.0,0.0,0.0,0.0,1.0,0.0
2169.082538520542,36.151375642009036,注入隔离液,0.0,0.0,0.0,0.0,0.0,0.0,0.0,0.0,0.0,0.0,0.0,1.0,0.0
2171.133768493519,36.18556280822531,注入隔离液,0.0,0.0,0.0,0.0,0.0,0.0,0.0,0.0,0.0,0.0,0.0,1.0,0.0
2173.1849984664955,36.21974997444159,注入隔离液,0.0,0.0,0.0,0.0,0.0,0.0,0.0,0.0,0.0,0.0,0.0,1.0,0.0
2175.236228439472,36.25393714065787,注入隔离液,0.0,0.0,0.0,0.0,0.0,0.0,0.0,0.0,0.0,0.0,0.0,1.0,0.0
2177.287458412449,36.288124306874145,注入隔离液,0.0,0.0,0.0,0.0,0.0,0.0,0.0,0.0,0.0,0.0,0.0,1.0,0.0
2179.3386883854255,36.32231147309042,注入隔离液,0.0,0.0,0.0,0.0,0.0,0.0,0.0,0.0,0.0,0.0,0.0,1.0,0.0
2181.389918358402,36.3564986393067,注入隔离液,0.0,0.0,0.0,0.0,0.0,0.0,0.0,0.0,0.0,0.0,0.0,1.0,0.0
2183.441148331379,36.39068580552298,注入隔离液,0.0,0.0,0.0,0.0,0.0,0.0,0.0,0.0,0.0,0.0,0.0,1.0,0.0
2185.4923783043555,36.424872971739255,注入隔离液,0.0,0.0,0.0,0.0,0.0,0.0,0.0,0.0,0.0,0.0,0.0,1.0,0.0
2187.543608277332,36.45906013795554,注入隔离液,0.0,0.0,0.0,0.0,0.0,0.0,0.0,0.0,0.0,0.0,0.0,1.0,0.0
2189.594838250309,36.49324730417182,注入隔离液,0.0,0.0,0.0,0.0,0.0,0.0,0.0,0.0,0.0,0.0,0.0,1.0,0.0
2191.6460682232855,36.527434470388094,注入隔离液,0.0,0.0,0.0,0.0,0.0,0.0,0.0,0.0,0.0,0.0,0.0,1.0,0.0
2193.697298196262,36.56162163660437,注入隔离液,0.0,0.0,0.0,0.0,0.0,0.0,0.0,0.0,0.0,0.0,0.0,1.0,0.0
2195.748528169239,36.59580880282065,注入隔离液,0.0,0.0,0.0,0.0,0.0,0.0,0.0,0.0,0.0,0.0,0.0,1.0,0.0
2197.7997581422155,36.629995969036926,注入隔离液,0.0,0.0,0.0,0.0,0.0,0.0,0.0,0.0,0.0,0.0,0.0,1.0,0.0
2199.850988115192,36.664183135253204,注入隔离液,0.0,0.0,0.0,0.0,0.0,0.0,0.0,0.0,0.0,0.0,0.0,1.0,0.0
2201.902218088169,36.69837030146948,注入隔离液,0.0,0.0,0.0,0.0,0.0,0.0,0.0,0.0,0.0,0.0,0.0,1.0,0.0
2203.9534480611455,36.73255746768576,注入隔离液,0.0,0.0,0.0,0.0,0.0,0.0,0.0,0.0,0.0,0.0,0.0,1.0,0.0
2206.004678034122,36.766744633902036,注入隔离液,0.0,0.0,0.0,0.0,0.0,0.0,0.0,0.0,0.0,0.0,0.0,1.0,0.0
2208.055908007099,36.80093180011831,注入隔离液,0.0,0.0,0.0,0.0,0.0,0.0,0.0,0.0,0.0,0.0,0.0,1.0,0.0
2210.1071379800755,36.83511896633459,注入隔离液,0.0,0.0,0.0,0.0,0.0,0.0,0.0,0.0,0.0,0.0,0.0,1.0,0.0
2212.158367953052,36.86930613255087,注入隔离液,0.0,0.0,0.0,0.0,0.0,0.0,0.0,0.0,0.0,0.0,0.0,1.0,0.0
2214.209597926029,36.903493298767145,注入隔离液,0.0,0.0,0.0,0.0,0.0,0.0,0.0,0.0,0.0,0.0,0.0,1.0,0.0
2216.2608278990056,36.93768046498342,注入隔离液,0.0,0.0,0.0,0.0,0.0,0.0,0.0,0.0,0.0,0.0,0.0,1.0,0.0
2218.3120578719822,36.97186763119971,注入隔离液,0.0,0.0,0.0,0.0,0.0,0.0,0.0,0.0,0.0,0.0,0.0,1.0,0.0
2220.363287844959,37.006054797415985,注入隔离液,0.0,0.0,0.0,0.0,0.0,0.0,0.0,0.0,0.0,0.0,0.0,1.0,0.0
2222.4145178179356,37.04024196363226,注入隔离液,0.0,0.0,0.0,0.0,0.0,0.0,0.0,0.0,0.0,0.0,0.0,1.0,0.0
2224.4657477909122,37.07442912984854,注入隔离液,0.0,0.0,0.0,0.0,0.0,0.0,0.0,0.0,0.0,0.0,0.0,1.0,0.0
2226.516977763889,37.10861629606482,注入隔离液,0.0,0.0,0.0,0.0,0.0,0.0,0.0,0.0,0.0,0.0,0.0,1.0,0.0
2228.5682077368656,37.142803462281094,注入隔离液,0.0,0.0,0.0,0.0,0.0,0.0,0.0,0.0,0.0,0.0,0.0,1.0,0.0
2230.6194377098423,37.17699062849737,注入隔离液,0.0,0.0,0.0,0.0,0.0,0.0,0.0,0.0,0.0,0.0,0.0,1.0,0.0
2232.670667682819,37.21117779471365,注入隔离液,0.0,0.0,0.0,0.0,0.0,0.0,0.0,0.0,0.0,0.0,0.0,1.0,0.0
2234.7218976557956,37.245364960929926,注入隔离液,0.0,0.0,0.0,0.0,0.0,0.0,0.0,0.0,0.0,0.0,0.0,1.0,0.0
2236.7731276287723,37.279552127146204,注入隔离液,0.0,0.0,0.0,0.0,0.0,0.0,0.0,0.0,0.0,0.0,0.0,1.0,0.0
2238.824357601749,37.31373929336248,注入隔离液,0.0,0.0,0.0,0.0,0.0,0.0,0.0,0.0,0.0,0.0,0.0,1.0,0.0
2240.8755875747256,37.34792645957876,注入隔离液,0.0,0.0,0.0,0.0,0.0,0.0,0.0,0.0,0.0,0.0,0.0,1.0,0.0
2242.9268175477023,37.382113625795036,注入隔离液,0.0,0.0,0.0,0.0,0.0,0.0,0.0,0.0,0.0,0.0,0.0,1.0,0.0
2244.978047520679,37.41630079201131,注入隔离液,0.0,0.0,0.0,0.0,0.0,0.0,0.0,0.0,0.0,0.0,0.0,1.0,0.0
2247.0292774936556,37.45048795822759,注入隔离液,0.0,0.0,0.0,0.0,0.0,0.0,0.0,0.0,0.0,0.0,0.0,1.0,0.0
2249.0805074666323,37.484675124443875,注入隔离液,0.0,0.0,0.0,0.0,0.0,0.0,0.0,0.0,0.0,0.0,0.0,1.0,0.0
2251.131737439609,37.51886229066015,注入隔离液,0.0,0.0,0.0,0.0,0.0,0.0,0.0,0.0,0.0,0.0,0.0,1.0,0.0
2253.1829674125856,37.55304945687643,注入隔离液,0.0,0.0,0.0,0.0,0.0,0.0,0.0,0.0,0.0,0.0,0.0,1.0,0.0
2255.2341973855623,37.58723662309271,注入隔离液,0.0,0.0,0.0,0.0,0.0,0.0,0.0,0.0,0.0,0.0,0.0,1.0,0.0
2257.285427358539,37.621423789308984,注入隔离液,0.0,0.0,0.0,0.0,0.0,0.0,0.0,0.0,0.0,0.0,0.0,1.0,0.0
2259.3366573315157,37.65561095552526,注入隔离液,0.0,0.0,0.0,0.0,0.0,0.0,0.0,0.0,0.0,0.0,0.0,1.0,0.0
2261.3878873044923,37.68979812174154,注入隔离液,0.0,0.0,0.0,0.0,0.0,0.0,0.0,0.0,0.0,0.0,0.0,1.0,0.0
2263.439117277469,37.72398528795782,注入隔离液,0.0,0.0,0.0,0.0,0.0,0.0,0.0,0.0,0.0,0.0,0.0,1.0,0.0
2265.4903472504457,37.758172454174094,注入隔离液,0.0,0.0,0.0,0.0,0.0,0.0,0.0,0.0,0.0,0.0,0.0,1.0,0.0
2267.5415772234223,37.79235962039037,注入隔离液,0.0,0.0,0.0,0.0,0.0,0.0,0.0,0.0,0.0,0.0,0.0,1.0,0.0
2269.592807196399,37.82654678660665,注入隔离液,0.0,0.0,0.0,0.0,0.0,0.0,0.0,0.0,0.0,0.0,0.0,1.0,0.0
2271.6440371693757,37.860733952822926,注入隔离液,0.0,0.0,0.0,0.0,0.0,0.0,0.0,0.0,0.0,0.0,0.0,1.0,0.0
2273.6952671423523,37.8949211190392,注入隔离液,0.0,0.0,0.0,0.0,0.0,0.0,0.0,0.0,0.0,0.0,0.0,1.0,0.0
2275.746497115329,37.92910828525548,注入隔离液,0.0,0.0,0.0,0.0,0.0,0.0,0.0,0.0,0.0,0.0,0.0,1.0,0.0
2277.7977270883057,37.96329545147176,注入隔离液,0.0,0.0,0.0,0.0,0.0,0.0,0.0,0.0,0.0,0.0,0.0,1.0,0.0
2279.8489570612824,37.99748261768804,注入隔离液,0.0,0.0,0.0,0.0,0.0,0.0,0.0,0.0,0.0,0.0,0.0,1.0,0.0
2281.900187034259,38.03166978390432,注入隔离液,0.0,0.0,0.0,0.0,0.0,0.0,0.0,0.0,0.0,0.0,0.0,1.0,0.0
2283.9514170072357,38.0658569501206,注入隔离液,0.0,0.0,0.0,0.0,0.0,0.0,0.0,0.0,0.0,0.0,0.0,1.0,0.0
2286.0026469802124,38.100044116336875,注入隔离液,0.0,0.0,0.0,0.0,0.0,0.0,0.0,0.0,0.0,0.0,0.0,1.0,0.0
2288.053876953189,38.13423128255315,注入隔离液,0.0,0.0,0.0,0.0,0.0,0.0,0.0,0.0,0.0,0.0,0.0,1.0,0.0
2290.1051069261657,38.16841844876943,注入隔离液,0.0,0.0,0.0,0.0,0.0,0.0,0.0,0.0,0.0,0.0,0.0,1.0,0.0
2292.1563368991424,38.20260561498571,注入隔离液,0.0,0.0,0.0,0.0,0.0,0.0,0.0,0.0,0.0,0.0,0.0,1.0,0.0
2294.207566872119,38.236792781201984,注入隔离液,0.0,0.0,0.0,0.0,0.0,0.0,0.0,0.0,0.0,0.0,0.0,1.0,0.0
2296.2587968450957,38.27097994741826,注入隔离液,0.0,0.0,0.0,0.0,0.0,0.0,0.0,0.0,0.0,0.0,0.0,1.0,0.0
2298.3100268180724,38.30516711363454,注入隔离液,0.0,0.0,0.0,0.0,0.0,0.0,0.0,0.0,0.0,0.0,0.0,1.0,0.0
2300.361256791049,38.33935427985082,注入隔离液,0.0,0.0,0.0,0.0,0.0,0.0,0.0,0.0,0.0,0.0,0.0,1.0,0.0
2302.4124867640257,38.373541446067094,注入隔离液,0.0,0.0,0.0,0.0,0.0,0.0,0.0,0.0,0.0,0.0,0.0,1.0,0.0
2304.4637167370024,38.40772861228337,注入隔离液,0.0,0.0,0.0,0.0,0.0,0.0,0.0,0.0,0.0,0.0,0.0,1.0,0.0
2306.514946709979,38.44191577849965,注入隔离液,0.0,0.0,0.0,0.0,0.0,0.0,0.0,0.0,0.0,0.0,0.0,1.0,0.0
2308.5661766829558,38.476102944715926,注入隔离液,0.0,0.0,0.0,0.0,0.0,0.0,0.0,0.0,0.0,0.0,0.0,1.0,0.0
2310.6174066559324,38.51029011093221,注入隔离液,0.0,0.0,0.0,0.0,0.0,0.0,0.0,0.0,0.0,0.0,0.0,1.0,0.0
2312.668636628909,38.54447727714849,注入隔离液,0.0,0.0,0.0,0.0,0.0,0.0,0.0,0.0,0.0,0.0,0.0,1.0,0.0
2314.7198666018858,38.578664443364765,注入隔离液,0.0,0.0,0.0,0.0,0.0,0.0,0.0,0.0,0.0,0.0,0.0,1.0,0.0
2316.7710965748624,38.61285160958104,注入隔离液,0.0,0.0,0.0,0.0,0.0,0.0,0.0,0.0,0.0,0.0,0.0,1.0,0.0
2318.822326547839,38.64703877579732,注入隔离液,0.0,0.0,0.0,0.0,0.0,0.0,0.0,0.0,0.0,0.0,0.0,1.0,0.0
2320.873556520816,38.6812259420136,注入隔离液,0.0,0.0,0.0,0.0,0.0,0.0,0.0,0.0,0.0,0.0,0.0,1.0,0.0
2322.9247864937925,38.715413108229875,注入隔离液,0.0,0.0,0.0,0.0,0.0,0.0,0.0,0.0,0.0,0.0,0.0,1.0,0.0
2324.976016466769,38.74960027444615,注入隔离液,0.0,0.0,0.0,0.0,0.0,0.0,0.0,0.0,0.0,0.0,0.0,1.0,0.0
2327.027246439746,38.78378744066243,注入隔离液,0.0,0.0,0.0,0.0,0.0,0.0,0.0,0.0,0.0,0.0,0.0,1.0,0.0
2329.0784764127225,38.81797460687871,注入隔离液,0.0,0.0,0.0,0.0,0.0,0.0,0.0,0.0,0.0,0.0,0.0,1.0,0.0
2331.129706385699,38.852161773094984,注入隔离液,0.0,0.0,0.0,0.0,0.0,0.0,0.0,0.0,0.0,0.0,0.0,1.0,0.0
2333.180936358676,38.88634893931126,注入隔离液,0.0,0.0,0.0,0.0,0.0,0.0,0.0,0.0,0.0,0.0,0.0,1.0,0.0
2335.2321663316525,38.92053610552754,注入隔离液,0.0,0.0,0.0,0.0,0.0,0.0,0.0,0.0,0.0,0.0,0.0,1.0,0.0
2337.283396304629,38.954723271743816,注入隔离液,0.0,0.0,0.0,0.0,0.0,0.0,0.0,0.0,0.0,0.0,0.0,1.0,0.0
2339.334626277606,38.988910437960094,注入隔离液,0.0,0.0,0.0,0.0,0.0,0.0,0.0,0.0,0.0,0.0,0.0,1.0,0.0
2341.3858562505825,39.02309760417638,注入隔离液,0.0,0.0,0.0,0.0,0.0,0.0,0.0,0.0,0.0,0.0,0.0,1.0,0.0
2343.437086223559,39.057284770392656,注入隔离液,0.0,0.0,0.0,0.0,0.0,0.0,0.0,0.0,0.0,0.0,0.0,1.0,0.0
2345.488316196536,39.09147193660893,注入隔离液,0.0,0.0,0.0,0.0,0.0,0.0,0.0,0.0,0.0,0.0,0.0,1.0,0.0
2347.5395461695125,39.12565910282521,注入隔离液,0.0,0.0,0.0,0.0,0.0,0.0,0.0,0.0,0.0,0.0,0.0,1.0,0.0
2349.590776142489,39.15984626904149,注入隔离液,0.0,0.0,0.0,0.0,0.0,0.0,0.0,0.0,0.0,0.0,0.0,1.0,0.0
2351.642006115466,39.194033435257765,注入隔离液,0.0,0.0,0.0,0.0,0.0,0.0,0.0,0.0,0.0,0.0,0.0,1.0,0.0
2353.6932360884425,39.22822060147404,注入隔离液,0.0,0.0,0.0,0.0,0.0,0.0,0.0,0.0,0.0,0.0,0.0,1.0,0.0
2355.744466061419,39.26240776769032,注入隔离液,0.0,0.0,0.0,0.0,0.0,0.0,0.0,0.0,0.0,0.0,0.0,1.0,0.0
2357.795696034396,39.2965949339066,注入隔离液,0.0,0.0,0.0,0.0,0.0,0.0,0.0,0.0,0.0,0.0,0.0,1.0,0.0
2359.8469260073725,39.330782100122875,注入隔离液,0.0,0.0,0.0,0.0,0.0,0.0,0.0,0.0,0.0,0.0,0.0,1.0,0.0
2361.898155980349,39.36496926633915,注入隔离液,0.0,0.0,0.0,0.0,0.0,0.0,0.0,0.0,0.0,0.0,0.0,1.0,0.0
2363.949385953326,39.39915643255543,注入隔离液,0.0,0.0,0.0,0.0,0.0,0.0,0.0,0.0,0.0,0.0,0.0,1.0,0.0
2366.0006159263025,39.43334359877171,注入隔离液,0.0,0.0,0.0,0.0,0.0,0.0,0.0,0.0,0.0,0.0,0.0,1.0,0.0
2368.051845899279,39.467530764987984,注入隔离液,0.0,0.0,0.0,0.0,0.0,0.0,0.0,0.0,0.0,0.0,0.0,1.0,0.0
2370.103075872256,39.50171793120426,注入隔离液,0.0,0.0,0.0,0.0,0.0,0.0,0.0,0.0,0.0,0.0,0.0,1.0,0.0
2372.1543058452326,39.535905097420546,注入隔离液,0.0,0.0,0.0,0.0,0.0,0.0,0.0,0.0,0.0,0.0,0.0,1.0,0.0
2374.2055358182092,39.57009226363682,注入隔离液,0.0,0.0,0.0,0.0,0.0,0.0,0.0,0.0,0.0,0.0,0.0,1.0,0.0
2376.256765791186,39.6042794298531,注入隔离液,0.0,0.0,0.0,0.0,0.0,0.0,0.0,0.0,0.0,0.0,0.0,1.0,0.0
2378.3079957641626,39.63846659606938,注入隔离液,0.0,0.0,0.0,0.0,0.0,0.0,0.0,0.0,0.0,0.0,0.0,1.0,0.0
2380.3592257371392,39.672653762285655,注入隔离液,0.0,0.0,0.0,0.0,0.0,0.0,0.0,0.0,0.0,0.0,0.0,1.0,0.0
2382.410455710116,39.70684092850193,注入隔离液,0.0,0.0,0.0,0.0,0.0,0.0,0.0,0.0,0.0,0.0,0.0,1.0,0.0
2384.4616856830926,39.74102809471821,注入隔离液,0.0,0.0,0.0,0.0,0.0,0.0,0.0,0.0,0.0,0.0,0.0,1.0,0.0
2386.5129156560693,39.77521526093449,注入隔离液,0.0,0.0,0.0,0.0,0.0,0.0,0.0,0.0,0.0,0.0,0.0,1.0,0.0
2388.564145629046,39.809402427150765,注入隔离液,0.0,0.0,0.0,0.0,0.0,0.0,0.0,0.0,0.0,0.0,0.0,1.0,0.0
2390.6153756020226,39.84358959336704,注入隔离液,0.0,0.0,0.0,0.0,0.0,0.0,0.0,0.0,0.0,0.0,0.0,1.0,0.0
2392.6666055749993,39.87777675958332,注入隔离液,0.0,0.0,0.0,0.0,0.0,0.0,0.0,0.0,0.0,0.0,0.0,1.0,0.0
2394.717835547976,39.9119639257996,注入隔离液,0.0,0.0,0.0,0.0,0.0,0.0,0.0,0.0,0.0,0.0,0.0,1.0,0.0
2396.7690655209526,39.946151092015874,注入隔离液,0.0,0.0,0.0,0.0,0.0,0.0,0.0,0.0,0.0,0.0,0.0,1.0,0.0
2398.8202954939293,39.98033825823215,注入隔离液,0.0,0.0,0.0,0.0,0.0,0.0,0.0,0.0,0.0,0.0,0.0,1.0,0.0
2400.871525466906,40.01452542444843,注入隔离液,0.0,0.0,0.0,0.0,0.0,0.0,0.0,0.0,0.0,0.0,0.0,1.0,0.0
2402.9227554398826,40.048712590664714,注入隔离液,0.0,0.0,0.0,0.0,0.0,0.0,0.0,0.0,0.0,0.0,0.0,1.0,0.0
2404.9739854128593,40.08289975688099,注入隔离液,0.0,0.0,0.0,0.0,0.0,0.0,0.0,0.0,0.0,0.0,0.0,1.0,0.0
2407.025215385836,40.11708692309727,注入隔离液,0.0,0.0,0.0,0.0,0.0,0.0,0.0,0.0,0.0,0.0,0.0,1.0,0.0
2409.0764453588126,40.151274089313546,注入隔离液,0.0,0.0,0.0,0.0,0.0,0.0,0.0,0.0,0.0,0.0,0.0,1.0,0.0
2411.1276753317893,40.18546125552982,注入隔离液,0.0,0.0,0.0,0.0,0.0,0.0,0.0,0.0,0.0,0.0,0.0,1.0,0.0
2413.178905304766,40.2196484217461,注入隔离液,0.0,0.0,0.0,0.0,0.0,0.0,0.0,0.0,0.0,0.0,0.0,1.0,0.0
2415.2301352777426,40.25383558796238,注入隔离液,0.0,0.0,0.0,0.0,0.0,0.0,0.0,0.0,0.0,0.0,0.0,1.0,0.0
2417.2813652507193,40.288022754178655,注入隔离液,0.0,0.0,0.0,0.0,0.0,0.0,0.0,0.0,0.0,0.0,0.0,1.0,0.0
2419.332595223696,40.32220992039493,注入隔离液,0.0,0.0,0.0,0.0,0.0,0.0,0.0,0.0,0.0,0.0,0.0,1.0,0.0
2421.3838251966727,40.35639708661121,注入隔离液,0.0,0.0,0.0,0.0,0.0,0.0,0.0,0.0,0.0,0.0,0.0,1.0,0.0
2423.4350551696493,40.39058425282749,注入隔离液,0.0,0.0,0.0,0.0,0.0,0.0,0.0,0.0,0.0,0.0,0.0,1.0,0.0
2425.486285142626,40.424771419043765,注入隔离液,0.0,0.0,0.0,0.0,0.0,0.0,0.0,0.0,0.0,0.0,0.0,1.0,0.0
2427.5375151156027,40.45895858526004,注入隔离液,0.0,0.0,0.0,0.0,0.0,0.0,0.0,0.0,0.0,0.0,0.0,1.0,0.0
2429.5887450885793,40.49314575147632,注入隔离液,0.0,0.0,0.0,0.0,0.0,0.0,0.0,0.0,0.0,0.0,0.0,1.0,0.0
2431.639975061556,40.5273329176926,注入隔离液,0.0,0.0,0.0,0.0,0.0,0.0,0.0,0.0,0.0,0.0,0.0,1.0,0.0
2433.6912050345327,40.56152008390888,注入隔离液,0.0,0.0,0.0,0.0,0.0,0.0,0.0,0.0,0.0,0.0,0.0,1.0,0.0
2435.7424350075094,40.59570725012516,注入隔离液,0.0,0.0,0.0,0.0,0.0,0.0,0.0,0.0,0.0,0.0,0.0,1.0,0.0
2437.793664980486,40.629894416341436,注入隔离液,0.0,0.0,0.0,0.0,0.0,0.0,0.0,0.0,0.0,0.0,0.0,1.0,0.0
2439.8448949534627,40.66408158255771,注入隔离液,0.0,0.0,0.0,0.0,0.0,0.0,0.0,0.0,0.0,0.0,0.0,1.0,0.0
2441.8961249264394,40.69826874877399,注入隔离液,0.0,0.0,0.0,0.0,0.0,0.0,0.0,0.0,0.0,0.0,0.0,1.0,0.0
2443.947354899416,40.73245591499027,注入隔离液,0.0,0.0,0.0,0.0,0.0,0.0,0.0,0.0,0.0,0.0,0.0,1.0,0.0
2445.9985848723927,40.766643081206546,注入隔离液,0.0,0.0,0.0,0.0,0.0,0.0,0.0,0.0,0.0,0.0,0.0,1.0,0.0
2448.0498148453694,40.80083024742282,注入隔离液,0.0,0.0,0.0,0.0,0.0,0.0,0.0,0.0,0.0,0.0,0.0,1.0,0.0
2450.101044818346,40.8350174136391,注入隔离液,0.0,0.0,0.0,0.0,0.0,0.0,0.0,0.0,0.0,0.0,0.0,1.0,0.0
2452.1522747913227,40.86920457985538,注入隔离液,0.0,0.0,0.0,0.0,0.0,0.0,0.0,0.0,0.0,0.0,0.0,1.0,0.0
2454.2035047642994,40.903391746071655,注入隔离液,0.0,0.0,0.0,0.0,0.0,0.0,0.0,0.0,0.0,0.0,0.0,1.0,0.0
2456.254734737276,40.93757891228793,注入隔离液,0.0,0.0,0.0,0.0,0.0,0.0,0.0,0.0,0.0,0.0,0.0,1.0,0.0
2458.3059647102527,40.97176607850421,注入隔离液,0.0,0.0,0.0,0.0,0.0,0.0,0.0,0.0,0.0,0.0,0.0,1.0,0.0
2460.3571946832294,41.00595324472049,注入隔离液,0.0,0.0,0.0,0.0,0.0,0.0,0.0,0.0,0.0,0.0,0.0,1.0,0.0
2462.408424656206,41.040140410936765,注入隔离液,0.0,0.0,0.0,0.0,0.0,0.0,0.0,0.0,0.0,0.0,0.0,1.0,0.0
2464.4596546291828,41.07432757715305,注入隔离液,0.0,0.0,0.0,0.0,0.0,0.0,0.0,0.0,0.0,0.0,0.0,1.0,0.0
2466.5108846021594,41.10851474336933,注入隔离液,0.0,0.0,0.0,0.0,0.0,0.0,0.0,0.0,0.0,0.0,0.0,1.0,0.0
2468.562114575136,41.142701909585604,注入隔离液,0.0,0.0,0.0,0.0,0.0,0.0,0.0,0.0,0.0,0.0,0.0,1.0,0.0
2470.6133445481128,41.17688907580188,注入隔离液,0.0,0.0,0.0,0.0,0.0,0.0,0.0,0.0,0.0,0.0,0.0,1.0,0.0
2472.6645745210894,41.21107624201816,注入隔离液,0.0,0.0,0.0,0.0,0.0,0.0,0.0,0.0,0.0,0.0,0.0,1.0,0.0
2474.715804494066,41.245263408234436,注入隔离液,0.0,0.0,0.0,0.0,0.0,0.0,0.0,0.0,0.0,0.0,0.0,1.0,0.0
2476.767034467043,41.27945057445071,注入隔离液,0.0,0.0,0.0,0.0,0.0,0.0,0.0,0.0,0.0,0.0,0.0,1.0,0.0
2478.8182644400194,41.31363774066699,注入隔离液,0.0,0.0,0.0,0.0,0.0,0.0,0.0,0.0,0.0,0.0,0.0,1.0,0.0
2480.869494412996,41.34782490688327,注入隔离液,0.0,0.0,0.0,0.0,0.0,0.0,0.0,0.0,0.0,0.0,0.0,1.0,0.0
2482.920724385973,41.382012073099546,注入隔离液,0.0,0.0,0.0,0.0,0.0,0.0,0.0,0.0,0.0,0.0,0.0,1.0,0.0
2484.9719543589495,41.41619923931582,注入隔离液,0.0,0.0,0.0,0.0,0.0,0.0,0.0,0.0,0.0,0.0,0.0,1.0,0.0
2487.023184331926,41.4503864055321,注入隔离液,0.0,0.0,0.0,0.0,0.0,0.0,0.0,0.0,0.0,0.0,0.0,1.0,0.0
2489.074414304903,41.48457357174838,注入隔离液,0.0,0.0,0.0,0.0,0.0,0.0,0.0,0.0,0.0,0.0,0.0,1.0,0.0
2491.1256442778795,41.518760737964655,注入隔离液,0.0,0.0,0.0,0.0,0.0,0.0,0.0,0.0,0.0,0.0,0.0,1.0,0.0
2493.176874250856,41.55294790418093,注入隔离液,0.0,0.0,0.0,0.0,0.0,0.0,0.0,0.0,0.0,0.0,0.0,1.0,0.0
2495.228104223833,41.58713507039722,注入隔离液,0.0,0.0,0.0,0.0,0.0,0.0,0.0,0.0,0.0,0.0,0.0,1.0,0.0
2497.2793341968095,41.621322236613494,注入隔离液,0.0,0.0,0.0,0.0,0.0,0.0,0.0,0.0,0.0,0.0,0.0,1.0,0.0
2499.330564169786,41.65550940282977,注入隔离液,0.0,0.0,0.0,0.0,0.0,0.0,0.0,0.0,0.0,0.0,0.0,1.0,0.0
2501.381794142763,41.68969656904605,注入隔离液,0.0,0.0,0.0,0.0,0.0,0.0,0.0,0.0,0.0,0.0,0.0,1.0,0.0
2503.4330241157395,41.723883735262326,注入隔离液,0.0,0.0,0.0,0.0,0.0,0.0,0.0,0.0,0.0,0.0,0.0,1.0,0.0
2505.484254088716,41.758070901478604,注入隔离液,0.0,0.0,0.0,0.0,0.0,0.0,0.0,0.0,0.0,0.0,0.0,1.0,0.0
2507.535484061693,41.79225806769488,注入隔离液,0.0,0.0,0.0,0.0,0.0,0.0,0.0,0.0,0.0,0.0,0.0,1.0,0.0
2509.5867140346695,41.82644523391116,注入隔离液,0.0,0.0,0.0,0.0,0.0,0.0,0.0,0.0,0.0,0.0,0.0,1.0,0.0
2511.637944007646,41.860632400127436,注入隔离液,0.0,0.0,0.0,0.0,0.0,0.0,0.0,0.0,0.0,0.0,0.0,1.0,0.0
2513.689173980623,41.89481956634371,注入隔离液,0.0,0.0,0.0,0.0,0.0,0.0,0.0,0.0,0.0,0.0,0.0,1.0,0.0
2515.7404039535995,41.92900673255999,注入隔离液,0.0,0.0,0.0,0.0,0.0,0.0,0.0,0.0,0.0,0.0,0.0,1.0,0.0
2517.791633926576,41.96319389877627,注入隔离液,0.0,0.0,0.0,0.0,0.0,0.0,0.0,0.0,0.0,0.0,0.0,1.0,0.0
2519.842863899553,41.997381064992545,注入隔离液,0.0,0.0,0.0,0.0,0.0,0.0,0.0,0.0,0.0,0.0,0.0,1.0,0.0
2521.8940938725295,42.03156823120882,注入隔离液,0.0,0.0,0.0,0.0,0.0,0.0,0.0,0.0,0.0,0.0,0.0,1.0,0.0
2523.945323845506,42.0657553974251,注入隔离液,0.0,0.0,0.0,0.0,0.0,0.0,0.0,0.0,0.0,0.0,0.0,1.0,0.0
2525.996553818483,42.099942563641385,注入隔离液,0.0,0.0,0.0,0.0,0.0,0.0,0.0,0.0,0.0,0.0,0.0,1.0,0.0
2528.0477837914596,42.13412972985766,注入隔离液,0.0,0.0,0.0,0.0,0.0,0.0,0.0,0.0,0.0,0.0,0.0,1.0,0.0
2530.099013764436,42.16831689607394,注入隔离液,0.0,0.0,0.0,0.0,0.0,0.0,0.0,0.0,0.0,0.0,0.0,1.0,0.0
2532.150243737413,42.20250406229022,注入隔离液,0.0,0.0,0.0,0.0,0.0,0.0,0.0,0.0,0.0,0.0,0.0,1.0,0.0
2534.2014737103896,42.236691228506494,注入隔离液,0.0,0.0,0.0,0.0,0.0,0.0,0.0,0.0,0.0,0.0,0.0,1.0,0.0
2536.2527036833662,42.27087839472277,注入隔离液,0.0,0.0,0.0,0.0,0.0,0.0,0.0,0.0,0.0,0.0,0.0,1.0,0.0
2538.303933656343,42.30506556093905,注入隔离液,0.0,0.0,0.0,0.0,0.0,0.0,0.0,0.0,0.0,0.0,0.0,1.0,0.0
2540.3551636293196,42.339252727155326,注入隔离液,0.0,0.0,0.0,0.0,0.0,0.0,0.0,0.0,0.0,0.0,0.0,1.0,0.0
2542.4063936022962,42.373439893371604,注入隔离液,0.0,0.0,0.0,0.0,0.0,0.0,0.0,0.0,0.0,0.0,0.0,1.0,0.0
2544.457623575273,42.40762705958788,注入隔离液,0.0,0.0,0.0,0.0,0.0,0.0,0.0,0.0,0.0,0.0,0.0,1.0,0.0
2546.5088535482496,42.44181422580416,注入隔离液,0.0,0.0,0.0,0.0,0.0,0.0,0.0,0.0,0.0,0.0,0.0,1.0,0.0
2548.5600835212263,42.476001392020436,注入隔离液,0.0,0.0,0.0,0.0,0.0,0.0,0.0,0.0,0.0,0.0,0.0,1.0,0.0
2550.611313494203,42.51018855823671,注入隔离液,0.0,0.0,0.0,0.0,0.0,0.0,0.0,0.0,0.0,0.0,0.0,1.0,0.0
2552.6625434671796,42.54437572445299,注入隔离液,0.0,0.0,0.0,0.0,0.0,0.0,0.0,0.0,0.0,0.0,0.0,1.0,0.0
2554.7137734401563,42.57856289066927,注入隔离液,0.0,0.0,0.0,0.0,0.0,0.0,0.0,0.0,0.0,0.0,0.0,1.0,0.0
2556.765003413133,42.61275005688555,注入隔离液,0.0,0.0,0.0,0.0,0.0,0.0,0.0,0.0,0.0,0.0,0.0,1.0,0.0
2558.8162333861096,42.64693722310183,注入隔离液,0.0,0.0,0.0,0.0,0.0,0.0,0.0,0.0,0.0,0.0,0.0,1.0,0.0
2560.8674633590863,42.68112438931811,注入隔离液,0.0,0.0,0.0,0.0,0.0,0.0,0.0,0.0,0.0,0.0,0.0,1.0,0.0
2562.918693332063,42.715311555534385,注入隔离液,0.0,0.0,0.0,0.0,0.0,0.0,0.0,0.0,0.0,0.0,0.0,1.0,0.0
2564.9699233050396,42.74949872175066,注入隔离液,0.0,0.0,0.0,0.0,0.0,0.0,0.0,0.0,0.0,0.0,0.0,1.0,0.0
2567.0211532780163,42.78368588796694,注入隔离液,0.0,0.0,0.0,0.0,0.0,0.0,0.0,0.0,0.0,0.0,0.0,1.0,0.0
2569.072383250993,42.81787305418322,注入隔离液,0.0,0.0,0.0,0.0,0.0,0.0,0.0,0.0,0.0,0.0,0.0,1.0,0.0
2571.1236132239696,42.852060220399494,注入隔离液,0.0,0.0,0.0,0.0,0.0,0.0,0.0,0.0,0.0,0.0,0.0,1.0,0.0
2573.1748431969463,42.88624738661577,注入隔离液,0.0,0.0,0.0,0.0,0.0,0.0,0.0,0.0,0.0,0.0,0.0,1.0,0.0
2575.226073169923,42.92043455283205,注入隔离液,0.0,0.0,0.0,0.0,0.0,0.0,0.0,0.0,0.0,0.0,0.0,1.0,0.0
2577.2773031428997,42.954621719048326,注入隔离液,0.0,0.0,0.0,0.0,0.0,0.0,0.0,0.0,0.0,0.0,0.0,1.0,0.0
2579.3285331158763,42.9888088852646,注入隔离液,0.0,0.0,0.0,0.0,0.0,0.0,0.0,0.0,0.0,0.0,0.0,1.0,0.0
2581.379763088853,43.02299605148088,注入隔离液,0.0,0.0,0.0,0.0,0.0,0.0,0.0,0.0,0.0,0.0,0.0,1.0,0.0
2583.4309930618297,43.05718321769716,注入隔离液,0.0,0.0,0.0,0.0,0.0,0.0,0.0,0.0,0.0,0.0,0.0,1.0,0.0
2585.4822230348063,43.091370383913436,注入隔离液,0.0,0.0,0.0,0.0,0.0,0.0,0.0,0.0,0.0,0.0,0.0,1.0,0.0
2587.533453007783,43.12555755012972,注入隔离液,0.0,0.0,0.0,0.0,0.0,0.0,0.0,0.0,0.0,0.0,0.0,1.0,0.0
2589.5846829807597,43.159744716346,注入隔离液,0.0,0.0,0.0,0.0,0.0,0.0,0.0,0.0,0.0,0.0,0.0,1.0,0.0
2591.6359129537364,43.193931882562275,注入隔离液,0.0,0.0,0.0,0.0,0.0,0.0,0.0,0.0,0.0,0.0,0.0,1.0,0.0
2593.687142926713,43.22811904877855,注入隔离液,0.0,0.0,0.0,0.0,0.0,0.0,0.0,0.0,0.0,0.0,0.0,1.0,0.0
2595.7383728996897,43.26230621499483,注入隔离液,0.0,0.0,0.0,0.0,0.0,0.0,0.0,0.0,0.0,0.0,0.0,1.0,0.0
2597.7896028726664,43.29649338121111,注入隔离液,0.0,0.0,0.0,0.0,0.0,0.0,0.0,0.0,0.0,0.0,0.0,1.0,0.0
2599.840832845643,43.330680547427384,注入隔离液,0.0,0.0,0.0,0.0,0.0,0.0,0.0,0.0,0.0,0.0,0.0,1.0,0.0
2601.8920628186197,43.36486771364366,注入隔离液,0.0,0.0,0.0,0.0,0.0,0.0,0.0,0.0,0.0,0.0,0.0,1.0,0.0
2603.9432927915964,43.39905487985994,注入隔离液,0.0,0.0,0.0,0.0,0.0,0.0,0.0,0.0,0.0,0.0,0.0,1.0,0.0
2605.994522764573,43.43324204607622,注入隔离液,0.0,0.0,0.0,0.0,0.0,0.0,0.0,0.0,0.0,0.0,0.0,1.0,0.0
2608.0457527375497,43.467429212292494,注入隔离液,0.0,0.0,0.0,0.0,0.0,0.0,0.0,0.0,0.0,0.0,0.0,1.0,0.0
2610.0969827105264,43.50161637850877,注入隔离液,0.0,0.0,0.0,0.0,0.0,0.0,0.0,0.0,0.0,0.0,0.0,1.0,0.0
2612.148212683503,43.53580354472505,注入隔离液,0.0,0.0,0.0,0.0,0.0,0.0,0.0,0.0,0.0,0.0,0.0,1.0,0.0
2614.1994426564797,43.569990710941326,注入隔离液,0.0,0.0,0.0,0.0,0.0,0.0,0.0,0.0,0.0,0.0,0.0,1.0,0.0
2616.2506726294564,43.6041778771576,注入隔离液,0.0,0.0,0.0,0.0,0.0,0.0,0.0,0.0,0.0,0.0,0.0,1.0,0.0
2618.301902602433,43.63836504337389,注入隔离液,0.0,0.0,0.0,0.0,0.0,0.0,0.0,0.0,0.0,0.0,0.0,1.0,0.0
2620.3531325754097,43.672552209590165,注入隔离液,0.0,0.0,0.0,0.0,0.0,0.0,0.0,0.0,0.0,0.0,0.0,1.0,0.0
2622.4043625483864,43.70673937580644,注入隔离液,0.0,0.0,0.0,0.0,0.0,0.0,0.0,0.0,0.0,0.0,0.0,1.0,0.0
2624.455592521363,43.74092654202272,注入隔离液,0.0,0.0,0.0,0.0,0.0,0.0,0.0,0.0,0.0,0.0,0.0,1.0,0.0
2626.5068224943398,43.775113708239,注入隔离液,0.0,0.0,0.0,0.0,0.0,0.0,0.0,0.0,0.0,0.0,0.0,1.0,0.0
2628.5580524673164,43.809300874455275,注入领浆,0.0,0.0,0.0,0.0,0.0,0.0,0.0,0.0,0.0,0.0,0.0,1.0,0.0
2630.609282440293,43.84348804067155,注入领浆,0.0,0.0,0.0,0.0,0.0,0.0,0.0,0.0,0.0,0.0,0.0,1.0,0.0
2632.6605124132698,43.87767520688783,注入领浆,0.0,0.0,0.0,0.0,0.0,0.0,0.0,0.0,0.0,0.0,0.0,1.0,0.0
2634.7117423862464,43.91186237310411,注入领浆,0.0,0.0,0.0,0.0,0.0,0.0,0.0,0.0,0.0,0.0,0.0,1.0,0.0
2636.762972359223,43.946049539320384,注入领浆,0.0,0.0,0.0,0.0,0.0,0.0,0.0,0.0,0.0,0.0,0.0,1.0,0.0
2638.8142023322,43.98023670553666,注入领浆,0.0,0.0,0.0,0.0,0.0,0.0,0.0,0.0,0.0,0.0,0.0,1.0,0.0
2640.8654323051765,44.01442387175294,注入领浆,0.0,0.0,0.0,0.0,0.0,0.0,0.0,0.0,0.0,0.0,0.0,1.0,0.0
2642.916662278153,44.048611037969216,注入领浆,0.0,0.0,0.0,0.0,0.0,0.0,0.0,0.0,0.0,0.0,0.0,1.0,0.0
2644.96789225113,44.082798204185494,注入领浆,0.0,0.0,0.0,0.0,0.0,0.0,0.0,0.0,0.0,0.0,0.0,1.0,0.0
2647.0191222241065,44.11698537040177,注入领浆,0.0,0.0,0.0,0.0,0.0,0.0,0.0,0.0,0.0,0.0,0.0,1.0,0.0
2649.070352197083,44.151172536618056,注入领浆,0.0,0.0,0.0,0.0,0.0,0.0,0.0,0.0,0.0,0.0,0.0,1.0,0.0
2651.12158217006,44.18535970283433,注入领浆,0.0,0.0,0.0,0.0,0.0,0.0,0.0,0.0,0.0,0.0,0.0,1.0,0.0
2653.1728121430365,44.21954686905061,注入领浆,0.0,0.0,0.0,0.0,0.0,0.0,0.0,0.0,0.0,0.0,0.0,1.0,0.0
2655.224042116013,44.25373403526689,注入领浆,0.0,0.0,0.0,0.0,0.0,0.0,0.0,0.0,0.0,0.0,0.0,1.0,0.0
2657.27527208899,44.287921201483165,注入领浆,0.0,0.0,0.0,0.0,0.0,0.0,0.0,0.0,0.0,0.0,0.0,1.0,0.0
2659.3265020619665,44.32210836769944,注入领浆,0.0,0.0,0.0,0.0,0.0,0.0,0.0,0.0,0.0,0.0,0.0,1.0,0.0
2661.377732034943,44.35629553391572,注入领浆,0.0,0.0,0.0,0.0,0.0,0.0,0.0,0.0,0.0,0.0,0.0,1.0,0.0
2663.42896200792,44.390482700132,注入领浆,0.0,0.0,0.0,0.0,0.0,0.0,0.0,0.0,0.0,0.0,0.0,1.0,0.0
2665.4801919808965,44.424669866348275,注入领浆,0.0,0.0,0.0,0.0,0.0,0.0,0.0,0.0,0.0,0.0,0.0,1.0,0.0
2667.531421953873,44.45885703256455,注入领浆,0.0,0.0,0.0,0.0,0.0,0.0,0.0,0.0,0.0,0.0,0.0,1.0,0.0
2669.58265192685,44.49304419878083,注入领浆,0.0,0.0,0.0,0.0,0.0,0.0,0.0,0.0,0.0,0.0,0.0,1.0,0.0
2671.6338818998265,44.52723136499711,注入领浆,0.0,0.0,0.0,0.0,0.0,0.0,0.0,0.0,0.0,0.0,0.0,1.0,0.0
2673.685111872803,44.561418531213384,注入领浆,0.0,0.0,0.0,0.0,0.0,0.0,0.0,0.0,0.0,0.0,0.0,1.0,0.0
2675.73634184578,44.59560569742966,注入领浆,0.0,0.0,0.0,0.0,0.0,0.0,0.0,0.0,0.0,0.0,0.0,1.0,0.0
2677.7875718187565,44.62979286364594,注入领浆,0.0,0.0,0.0,0.0,0.0,0.0,0.0,0.0,0.0,0.0,0.0,1.0,0.0
2679.838801791733,44.66398002986222,注入领浆,0.0,0.0,0.0,0.0,0.0,0.0,0.0,0.0,0.0,0.0,0.0,1.0,0.0
2681.89003176471,44.6981671960785,注入领浆,0.0,0.0,0.0,0.0,0.0,0.0,0.0,0.0,0.0,0.0,0.0,1.0,0.0
2683.9412617376865,44.73235436229478,注入领浆,0.0,0.0,0.0,0.0,0.0,0.0,0.0,0.0,0.0,0.0,0.0,1.0,0.0
2685.992491710663,44.766541528511056,注入领浆,0.0,0.0,0.0,0.0,0.0,0.0,0.0,0.0,0.0,0.0,0.0,1.0,0.0
2688.04372168364,44.80072869472733,注入领浆,0.0,0.0,0.0,0.0,0.0,0.0,0.0,0.0,0.0,0.0,0.0,1.0,0.0
2690.0949516566166,44.83491586094361,注入领浆,0.0,0.0,0.0,0.0,0.0,0.0,0.0,0.0,0.0,0.0,0.0,1.0,0.0
2692.1461816295932,44.86910302715989,注入领浆,0.0,0.0,0.0,0.0,0.0,0.0,0.0,0.0,0.0,0.0,0.0,1.0,0.0
2694.19741160257,44.903290193376165,注入领浆,0.0,0.0,0.0,0.0,0.0,0.0,0.0,0.0,0.0,0.0,0.0,1.0,0.0
2696.2486415755466,44.93747735959244,注入领浆,0.0,0.0,0.0,0.0,0.0,0.0,0.0,0.0,0.0,0.0,0.0,1.0,0.0
2698.2998715485232,44.97166452580872,注入领浆,0.0,0.0,0.0,0.0,0.0,0.0,0.0,0.0,0.0,0.0,0.0,1.0,0.0
2700.3511015215,45.005851692025,注入领浆,0.0,0.0,0.0,0.0,0.0,0.0,0.0,0.0,0.0,0.0,0.0,1.0,0.0
2702.4023314944766,45.040038858241275,注入领浆,0.0,0.0,0.0,0.0,0.0,0.0,0.0,0.0,0.0,0.0,0.0,1.0,0.0
2704.4535614674533,45.07422602445755,注入领浆,0.0,0.0,0.0,0.0,0.0,0.0,0.0,0.0,0.0,0.0,0.0,1.0,0.0
2706.50479144043,45.10841319067383,注入领浆,0.0,0.0,0.0,0.0,0.0,0.0,0.0,0.0,0.0,0.0,0.0,1.0,0.0
2708.5560214134066,45.14260035689011,注入领浆,0.0,0.0,0.0,0.0,0.0,0.0,0.0,0.0,0.0,0.0,0.0,1.0,0.0
2710.6072513863833,45.17678752310639,注入领浆,0.0,0.0,0.0,0.0,0.0,0.0,0.0,0.0,0.0,0.0,0.0,1.0,0.0
2712.65848135936,45.21097468932267,注入领浆,0.0,0.0,0.0,0.0,0.0,0.0,0.0,0.0,0.0,0.0,0.0,1.0,0.0
2714.7097113323366,45.245161855538946,注入领浆,0.0,0.0,0.0,0.0,0.0,0.0,0.0,0.0,0.0,0.0,0.0,1.0,0.0
2716.7609413053133,45.27934902175522,注入领浆,0.0,0.0,0.0,0.0,0.0,0.0,0.0,0.0,0.0,0.0,0.0,1.0,0.0
2718.81217127829,45.3135361879715,注入领浆,0.0,0.0,0.0,0.0,0.0,0.0,0.0,0.0,0.0,0.0,0.0,1.0,0.0
2720.8634012512666,45.34772335418778,注入领浆,0.0,0.0,0.0,0.0,0.0,0.0,0.0,0.0,0.0,0.0,0.0,1.0,0.0
2722.9146312242433,45.381910520404055,注入领浆,0.0,0.0,0.0,0.0,0.0,0.0,0.0,0.0,0.0,0.0,0.0,1.0,0.0
2724.96586119722,45.41609768662033,注入领浆,0.0,0.0,0.0,0.0,0.0,0.0,0.0,0.0,0.0,0.0,0.0,1.0,0.0
2727.0170911701966,45.45028485283661,注入领浆,0.0,0.0,0.0,0.0,0.0,0.0,0.0,0.0,0.0,0.0,0.0,1.0,0.0
2729.0683211431733,45.48447201905289,注入领浆,0.0,0.0,0.0,0.0,0.0,0.0,0.0,0.0,0.0,0.0,0.0,1.0,0.0
2731.11955111615,45.518659185269165,注入领浆,0.0,0.0,0.0,0.0,0.0,0.0,0.0,0.0,0.0,0.0,0.0,1.0,0.0
2733.1707810891266,45.55284635148544,注入领浆,0.0,0.0,0.0,0.0,0.0,0.0,0.0,0.0,0.0,0.0,0.0,1.0,0.0
2735.2220110621033,45.58703351770172,注入领浆,0.0,0.0,0.0,0.0,0.0,0.0,0.0,0.0,0.0,0.0,0.0,1.0,0.0
2737.27324103508,45.621220683918,注入领浆,0.0,0.0,0.0,0.0,0.0,0.0,0.0,0.0,0.0,0.0,0.0,1.0,0.0
2739.3244710080567,45.655407850134274,注入领浆,0.0,0.0,0.0,0.0,0.0,0.0,0.0,0.0,0.0,0.0,0.0,1.0,0.0
2741.3757009810333,45.68959501635056,注入领浆,0.0,0.0,0.0,0.0,0.0,0.0,0.0,0.0,0.0,0.0,0.0,1.0,0.0
2743.42693095401,45.723782182566836,注入领浆,0.0,0.0,0.0,0.0,0.0,0.0,0.0,0.0,0.0,0.0,0.0,1.0,0.0
2745.4781609269867,45.757969348783114,注入领浆,0.0,0.0,0.0,0.0,0.0,0.0,0.0,0.0,0.0,0.0,0.0,1.0,0.0
2747.5293908999633,45.79215651499939,注入领浆,0.0,0.0,0.0,0.0,0.0,0.0,0.0,0.0,0.0,0.0,0.0,1.0,0.0
2749.58062087294,45.82634368121567,注入领浆,0.0,0.0,0.0,0.0,0.0,0.0,0.0,0.0,0.0,0.0,0.0,1.0,0.0
2751.6318508459167,45.860530847431946,注入领浆,0.0,0.0,0.0,0.0,0.0,0.0,0.0,0.0,0.0,0.0,0.0,1.0,0.0
2753.6830808188934,45.89471801364822,注入领浆,0.0,0.0,0.0,0.0,0.0,0.0,0.0,0.0,0.0,0.0,0.0,1.0,0.0
2755.73431079187,45.9289051798645,注入领浆,0.0,0.0,0.0,0.0,0.0,0.0,0.0,0.0,0.0,0.0,0.0,1.0,0.0
2757.7855407648467,45.96309234608078,注入领浆,0.0,0.0,0.0,0.0,0.0,0.0,0.0,0.0,0.0,0.0,0.0,1.0,0.0
2759.8367707378234,45.997279512297055,注入领浆,0.0,0.0,0.0,0.0,0.0,0.0,0.0,0.0,0.0,0.0,0.0,1.0,0.0
2761.8880007108,46.03146667851333,注入领浆,0.0,0.0,0.0,0.0,0.0,0.0,0.0,0.0,0.0,0.0,0.0,1.0,0.0
2763.9392306837767,46.06565384472961,注入领浆,0.0,0.0,0.0,0.0,0.0,0.0,0.0,0.0,0.0,0.0,0.0,1.0,0.0
2765.9904606567534,46.09984101094589,注入领浆,0.0,0.0,0.0,0.0,0.0,0.0,0.0,0.0,0.0,0.0,0.0,1.0,0.0
2768.04169062973,46.134028177162165,注入领浆,0.0,0.0,0.0,0.0,0.0,0.0,0.0,0.0,0.0,0.0,0.0,1.0,0.0
2770.0929206027067,46.16821534337844,注入领浆,0.0,0.0,0.0,0.0,0.0,0.0,0.0,0.0,0.0,0.0,0.0,1.0,0.0
2772.1441505756834,46.20240250959473,注入领浆,0.0,0.0,0.0,0.0,0.0,0.0,0.0,0.0,0.0,0.0,0.0,1.0,0.0
2774.19538054866,46.236589675811004,注入领浆,0.0,0.0,0.0,0.0,0.0,0.0,0.0,0.0,0.0,0.0,0.0,1.0,0.0
2776.2466105216367,46.27077684202728,注入领浆,0.0,0.0,0.0,0.0,0.0,0.0,0.0,0.0,0.0,0.0,0.0,1.0,0.0
2778.2978404946134,46.30496400824356,注入领浆,0.0,0.0,0.0,0.0,0.0,0.0,0.0,0.0,0.0,0.0,0.0,1.0,0.0
2780.34907046759,46.339151174459836,注入领浆,0.0,0.0,0.0,0.0,0.0,0.0,0.0,0.0,0.0,0.0,0.0,1.0,0.0
2782.4003004405668,46.37333834067611,注入领浆,0.0,0.0,0.0,0.0,0.0,0.0,0.0,0.0,0.0,0.0,0.0,1.0,0.0
2784.4515304135434,46.40752550689239,注入领浆,0.0,0.0,0.0,0.0,0.0,0.0,0.0,0.0,0.0,0.0,0.0,1.0,0.0
2786.50276038652,46.44171267310867,注入领浆,0.0,0.0,0.0,0.0,0.0,0.0,0.0,0.0,0.0,0.0,0.0,1.0,0.0
2788.5539903594968,46.475899839324946,注入领浆,0.0,0.0,0.0,0.0,0.0,0.0,0.0,0.0,0.0,0.0,0.0,1.0,0.0
2790.6052203324734,46.51008700554122,注入领浆,0.0,0.0,0.0,0.0,0.0,0.0,0.0,0.0,0.0,0.0,0.0,1.0,0.0
2792.65645030545,46.5442741717575,注入领浆,0.0,0.0,0.0,0.0,0.0,0.0,0.0,0.0,0.0,0.0,0.0,1.0,0.0
2794.707680278427,46.57846133797378,注入领浆,0.0,0.0,0.0,0.0,0.0,0.0,0.0,0.0,0.0,0.0,0.0,1.0,0.0
2796.7589102514034,46.612648504190055,注入领浆,0.0,0.0,0.0,0.0,0.0,0.0,0.0,0.0,0.0,0.0,0.0,1.0,0.0
2798.81014022438,46.64683567040633,注入领浆,0.0,0.0,0.0,0.0,0.0,0.0,0.0,0.0,0.0,0.0,0.0,1.0,0.0
2800.861370197357,46.68102283662261,注入领浆,0.0,0.0,0.0,0.0,0.0,0.0,0.0,0.0,0.0,0.0,0.0,1.0,0.0
2802.9126001703335,46.715210002838894,注入领浆,0.0,0.0,0.0,0.0,0.0,0.0,0.0,0.0,0.0,0.0,0.0,1.0,0.0
2804.96383014331,46.74939716905517,注入领浆,0.0,0.0,0.0,0.0,0.0,0.0,0.0,0.0,0.0,0.0,0.0,1.0,0.0
2807.015060116287,46.78358433527145,注入领浆,0.0,0.0,0.0,0.0,0.0,0.0,0.0,0.0,0.0,0.0,0.0,1.0,0.0
2809.0662900892635,46.81777150148773,注入领浆,0.0,0.0,0.0,0.0,0.0,0.0,0.0,0.0,0.0,0.0,0.0,1.0,0.0
2811.11752006224,46.851958667704004,注入领浆,0.0,0.0,0.0,0.0,0.0,0.0,0.0,0.0,0.0,0.0,0.0,1.0,0.0
2813.168750035217,46.88614583392028,注入领浆,0.0,0.0,0.0,0.0,0.0,0.0,0.0,0.0,0.0,0.0,0.0,1.0,0.0
2815.2199800081935,46.92033300013656,注入领浆,0.0,0.0,0.0,0.0,0.0,0.0,0.0,0.0,0.0,0.0,0.0,1.0,0.0
2817.27120998117,46.954520166352836,注入领浆,0.0,0.0,0.0,0.0,0.0,0.0,0.0,0.0,0.0,0.0,0.0,1.0,0.0
2819.322439954147,46.98870733256911,注入领浆,0.0,0.0,0.0,0.0,0.0,0.0,0.0,0.0,0.0,0.0,0.0,1.0,0.0
2821.3736699271235,47.02289449878539,注入领浆,0.0,0.0,0.0,0.0,0.0,0.0,0.0,0.0,0.0,0.0,0.0,1.0,0.0
2823.4248999001,47.05708166500167,注入领浆,0.0,0.0,0.0,0.0,0.0,0.0,0.0,0.0,0.0,0.0,0.0,1.0,0.0
2825.476129873077,47.091268831217945,注入领浆,0.0,0.0,0.0,0.0,0.0,0.0,0.0,0.0,0.0,0.0,0.0,1.0,0.0
2827.5273598460535,47.12545599743422,注入领浆,0.0,0.0,0.0,0.0,0.0,0.0,0.0,0.0,0.0,0.0,0.0,1.0,0.0
2829.57858981903,47.1596431636505,注入领浆,0.0,0.0,0.0,0.0,0.0,0.0,0.0,0.0,0.0,0.0,0.0,1.0,0.0
2831.629819792007,47.19383032986678,注入领浆,0.0,0.0,0.0,0.0,0.0,0.0,0.0,0.0,0.0,0.0,0.0,1.0,0.0
2833.6810497649835,47.22801749608306,注入领浆,0.0,0.0,0.0,0.0,0.0,0.0,0.0,0.0,0.0,0.0,0.0,1.0,0.0
2835.73227973796,47.26220466229934,注入领浆,0.0,0.0,0.0,0.0,0.0,0.0,0.0,0.0,0.0,0.0,0.0,1.0,0.0
2837.783509710937,47.29639182851562,注入领浆,0.0,0.0,0.0,0.0,0.0,0.0,0.0,0.0,0.0,0.0,0.0,1.0,0.0
2839.8347396839135,47.330578994731894,注入领浆,0.0,0.0,0.0,0.0,0.0,0.0,0.0,0.0,0.0,0.0,0.0,1.0,0.0
2841.88596965689,47.36476616094817,注入领浆,0.0,0.0,0.0,0.0,0.0,0.0,0.0,0.0,0.0,0.0,0.0,1.0,0.0
2843.937199629867,47.39895332716445,注入领浆,0.0,0.0,0.0,0.0,0.0,0.0,0.0,0.0,0.0,0.0,0.0,1.0,0.0
2845.9884296028436,47.433140493380726,注入领浆,0.0,0.0,0.0,0.0,0.0,0.0,0.0,0.0,0.0,0.0,0.0,1.0,0.0
2848.03965957582,47.467327659597004,注入领浆,0.0,0.0,0.0,0.0,0.0,0.0,0.0,0.0,0.0,0.0,0.0,1.0,0.0
2850.090889548797,47.50151482581328,注入领浆,0.0,0.0,0.0,0.0,0.0,0.0,0.0,0.0,0.0,0.0,0.0,1.0,0.0
2852.1421195217736,47.53570199202956,注入领浆,0.0,0.0,0.0,0.0,0.0,0.0,0.0,0.0,0.0,0.0,0.0,1.0,0.0
2854.1933494947502,47.569889158245836,注入领浆,0.0,0.0,0.0,0.0,0.0,0.0,0.0,0.0,0.0,0.0,0.0,1.0,0.0
2856.244579467727,47.60407632446211,注入领浆,0.0,0.0,0.0,0.0,0.0,0.0,0.0,0.0,0.0,0.0,0.0,1.0,0.0
2858.2958094407036,47.63826349067839,注入领浆,0.0,0.0,0.0,0.0,0.0,0.0,0.0,0.0,0.0,0.0,0.0,1.0,0.0
2860.3470394136802,47.67245065689467,注入领浆,0.0,0.0,0.0,0.0,0.0,0.0,0.0,0.0,0.0,0.0,0.0,1.0,0.0
2862.398269386657,47.706637823110945,注入领浆,0.0,0.0,0.0,0.0,0.0,0.0,0.0,0.0,0.0,0.0,0.0,1.0,0.0
2864.4494993596336,47.74082498932723,注入领浆,0.0,0.0,0.0,0.0,0.0,0.0,0.0,0.0,0.0,0.0,0.0,1.0,0.0
2866.5007293326103,47.77501215554351,注入领浆,0.0,0.0,0.0,0.0,0.0,0.0,0.0,0.0,0.0,0.0,0.0,1.0,0.0
2868.551959305587,47.809199321759785,注入领浆,0.0,0.0,0.0,0.0,0.0,0.0,0.0,0.0,0.0,0.0,0.0,1.0,0.0
2870.6031892785636,47.84338648797606,注入领浆,0.0,0.0,0.0,0.0,0.0,0.0,0.0,0.0,0.0,0.0,0.0,1.0,0.0
2872.6544192515403,47.87757365419234,注入领浆,0.0,0.0,0.0,0.0,0.0,0.0,0.0,0.0,0.0,0.0,0.0,1.0,0.0
2874.705649224517,47.91176082040862,注入领浆,0.0,0.0,0.0,0.0,0.0,0.0,0.0,0.0,0.0,0.0,0.0,1.0,0.0
2876.7568791974936,47.945947986624894,注入领浆,0.0,0.0,0.0,0.0,0.0,0.0,0.0,0.0,0.0,0.0,0.0,1.0,0.0
2878.8081091704703,47.98013515284117,注入领浆,0.0,0.0,0.0,0.0,0.0,0.0,0.0,0.0,0.0,0.0,0.0,1.0,0.0
2880.859339143447,48.01432231905745,注入领浆,0.0,0.0,0.0,0.0,0.0,0.0,0.0,0.0,0.0,0.0,0.0,1.0,0.0
2882.9105691164236,48.048509485273726,注入领浆,0.0,0.0,0.0,0.0,0.0,0.0,0.0,0.0,0.0,0.0,0.0,1.0,0.0
2884.9617990894003,48.082696651490004,注入领浆,0.0,0.0,0.0,0.0,0.0,0.0,0.0,0.0,0.0,0.0,0.0,1.0,0.0
2887.013029062377,48.11688381770628,注入领浆,0.0,0.0,0.0,0.0,0.0,0.0,0.0,0.0,0.0,0.0,0.0,1.0,0.0
2889.0642590353536,48.15107098392256,注入领浆,0.0,0.0,0.0,0.0,0.0,0.0,0.0,0.0,0.0,0.0,0.0,1.0,0.0
2891.1154890083303,48.185258150138836,注入领浆,0.0,0.0,0.0,0.0,0.0,0.0,0.0,0.0,0.0,0.0,0.0,1.0,0.0
2893.166718981307,48.21944531635511,注入领浆,0.0,0.0,0.0,0.0,0.0,0.0,0.0,0.0,0.0,0.0,0.0,1.0,0.0
2895.2179489542837,48.2536324825714,注入领浆,0.0,0.0,0.0,0.0,0.0,0.0,0.0,0.0,0.0,0.0,0.0,1.0,0.0
2897.2691789272603,48.287819648787675,注入领浆,0.0,0.0,0.0,0.0,0.0,0.0,0.0,0.0,0.0,0.0,0.0,1.0,0.0
2899.320408900237,48.32200681500395,注入领浆,0.0,0.0,0.0,0.0,0.0,0.0,0.0,0.0,0.0,0.0,0.0,1.0,0.0
2901.3716388732137,48.35619398122023,注入领浆,0.0,0.0,0.0,0.0,0.0,0.0,0.0,0.0,0.0,0.0,0.0,1.0,0.0
2903.4228688461903,48.39038114743651,注入领浆,0.0,0.0,0.0,0.0,0.0,0.0,0.0,0.0,0.0,0.0,0.0,1.0,0.0
2905.474098819167,48.424568313652784,注入领浆,0.0,0.0,0.0,0.0,0.0,0.0,0.0,0.0,0.0,0.0,0.0,1.0,0.0
2907.5253287921437,48.45875547986906,注入领浆,0.0,0.0,0.0,0.0,0.0,0.0,0.0,0.0,0.0,0.0,0.0,1.0,0.0
2909.5765587651204,48.49294264608534,注入领浆,0.0,0.0,0.0,0.0,0.0,0.0,0.0,0.0,0.0,0.0,0.0,1.0,0.0
2911.627788738097,48.52712981230162,注入领浆,0.0,0.0,0.0,0.0,0.0,0.0,0.0,0.0,0.0,0.0,0.0,1.0,0.0
2913.6790187110737,48.561316978517894,注入领浆,0.0,0.0,0.0,0.0,0.0,0.0,0.0,0.0,0.0,0.0,0.0,1.0,0.0
2915.7302486840504,48.59550414473417,注入领浆,0.0,0.0,0.0,0.0,0.0,0.0,0.0,0.0,0.0,0.0,0.0,1.0,0.0
2917.781478657027,48.62969131095045,注入领浆,0.0,0.0,0.0,0.0,0.0,0.0,0.0,0.0,0.0,0.0,0.0,1.0,0.0
2919.8327086300037,48.663878477166726,注入领浆,0.0,0.0,0.0,0.0,0.0,0.0,0.0,0.0,0.0,0.0,0.0,1.0,0.0
2921.8839386029804,48.698065643383,注入领浆,0.0,0.0,0.0,0.0,0.0,0.0,0.0,0.0,0.0,0.0,0.0,1.0,0.0
2923.935168575957,48.73225280959928,注入领浆,0.0,0.0,0.0,0.0,0.0,0.0,0.0,0.0,0.0,0.0,0.0,1.0,0.0
2925.9863985489337,48.766439975815565,注入领浆,0.0,0.0,0.0,0.0,0.0,0.0,0.0,0.0,0.0,0.0,0.0,1.0,0.0
2928.0376285219104,48.80062714203184,注入领浆,0.0,0.0,0.0,0.0,0.0,0.0,0.0,0.0,0.0,0.0,0.0,1.0,0.0
2930.088858494887,48.83481430824812,注入领浆,0.0,0.0,0.0,0.0,0.0,0.0,0.0,0.0,0.0,0.0,0.0,1.0,0.0
2932.1400884678637,48.8690014744644,注入领浆,0.0,0.0,0.0,0.0,0.0,0.0,0.0,0.0,0.0,0.0,0.0,1.0,0.0
2934.1913184408404,48.903188640680675,注入领浆,0.0,0.0,0.0,0.0,0.0,0.0,0.0,0.0,0.0,0.0,0.0,1.0,0.0
2936.242548413817,48.93737580689695,注入领浆,0.0,0.0,0.0,0.0,0.0,0.0,0.0,0.0,0.0,0.0,0.0,1.0,0.0
2938.2937783867937,48.97156297311323,注入领浆,0.0,0.0,0.0,0.0,0.0,0.0,0.0,0.0,0.0,0.0,0.0,1.0,0.0
2940.3450083597704,49.00575013932951,注入领浆,0.0,0.0,0.0,0.0,0.0,0.0,0.0,0.0,0.0,0.0,0.0,1.0,0.0
2942.396238332747,49.039937305545784,注入领浆,0.0,0.0,0.0,0.0,0.0,0.0,0.0,0.0,0.0,0.0,0.0,1.0,0.0
2944.4474683057238,49.07412447176206,注入领浆,0.0,0.0,0.0,0.0,0.0,0.0,0.0,0.0,0.0,0.0,0.0,1.0,0.0
2946.4986982787004,49.10831163797834,注入领浆,0.0,0.0,0.0,0.0,0.0,0.0,0.0,0.0,0.0,0.0,0.0,1.0,0.0
2948.549928251677,49.14249880419462,注入领浆,0.0,0.0,0.0,0.0,0.0,0.0,0.0,0.0,0.0,0.0,0.0,1.0,0.0
2950.601158224654,49.176685970410894,注入领浆,0.0,0.0,0.0,0.0,0.0,0.0,0.0,0.0,0.0,0.0,0.0,1.0,0.0
2952.6523881976304,49.21087313662717,注入领浆,0.0,0.0,0.0,0.0,0.0,0.0,0.0,0.0,0.0,0.0,0.0,1.0,0.0
2954.703618170607,49.24506030284345,注入领浆,0.0,0.0,0.0,0.0,0.0,0.0,0.0,0.0,0.0,0.0,0.0,1.0,0.0
2956.754848143584,49.27924746905973,注入领浆,0.0,0.0,0.0,0.0,0.0,0.0,0.0,0.0,0.0,0.0,0.0,1.0,0.0
2958.8060781165605,49.31343463527601,注入领浆,0.0,0.0,0.0,0.0,0.0,0.0,0.0,0.0,0.0,0.0,0.0,1.0,0.0
2960.857308089537,49.34762180149229,注入领浆,0.0,0.0,0.0,0.0,0.0,0.0,0.0,0.0,0.0,0.0,0.0,1.0,0.0
2962.908538062514,49.381808967708565,注入领浆,0.0,0.0,0.0,0.0,0.0,0.0,0.0,0.0,0.0,0.0,0.0,1.0,0.0
2964.9597680354905,49.41599613392484,注入领浆,0.0,0.0,0.0,0.0,0.0,0.0,0.0,0.0,0.0,0.0,0.0,1.0,0.0
2967.010998008467,49.45018330014112,注入领浆,0.0,0.0,0.0,0.0,0.0,0.0,0.0,0.0,0.0,0.0,0.0,1.0,0.0
2969.062227981444,49.4843704663574,注入领浆,0.0,0.0,0.0,0.0,0.0,0.0,0.0,0.0,0.0,0.0,0.0,1.0,0.0
2971.1134579544205,49.518557632573675,注入领浆,0.0,0.0,0.0,0.0,0.0,0.0,0.0,0.0,0.0,0.0,0.0,1.0,0.0
2973.164687927397,49.55274479878995,注入领浆,0.0,0.0,0.0,0.0,0.0,0.0,0.0,0.0,0.0,0.0,0.0,1.0,0.0
2975.215917900374,49.58693196500623,注入领浆,0.0,0.0,0.0,0.0,0.0,0.0,0.0,0.0,0.0,0.0,0.0,1.0,0.0
2977.2671478733505,49.62111913122251,注入领浆,0.0,0.0,0.0,0.0,0.0,0.0,0.0,0.0,0.0,0.0,0.0,1.0,0.0
2979.318377846327,49.655306297438784,注入领浆,0.0,0.0,0.0,0.0,0.0,0.0,0.0,0.0,0.0,0.0,0.0,1.0,0.0
2981.369607819304,49.68949346365506,注入领浆,0.0,0.0,0.0,0.0,0.0,0.0,0.0,0.0,0.0,0.0,0.0,1.0,0.0
2983.4208377922805,49.72368062987134,注入领浆,0.0,0.0,0.0,0.0,0.0,0.0,0.0,0.0,0.0,0.0,0.0,1.0,0.0
2985.472067765257,49.757867796087616,注入领浆,0.0,0.0,0.0,0.0,0.0,0.0,0.0,0.0,0.0,0.0,0.0,1.0,0.0
2987.523297738234,49.7920549623039,注入领浆,0.0,0.0,0.0,0.0,0.0,0.0,0.0,0.0,0.0,0.0,0.0,1.0,0.0
2989.5745277112105,49.82624212852018,注入领浆,0.0,0.0,0.0,0.0,0.0,0.0,0.0,0.0,0.0,0.0,0.0,1.0,0.0
2991.625757684187,49.860429294736456,注入领浆,0.0,0.0,0.0,0.0,0.0,0.0,0.0,0.0,0.0,0.0,0.0,1.0,0.0
2993.676987657164,49.89461646095273,注入领浆,0.0,0.0,0.0,0.0,0.0,0.0,0.0,0.0,0.0,0.0,0.0,1.0,0.0
2995.7282176301405,49.92880362716901,注入领浆,0.0,0.0,0.0,0.0,0.0,0.0,0.0,0.0,0.0,0.0,0.0,1.0,0.0
2997.779447603117,49.96299079338529,注入领浆,0.0,0.0,0.0,0.0,0.0,0.0,0.0,0.0,0.0,0.0,0.0,1.0,0.0
2999.830677576094,49.997177959601565,注入领浆,0.0,0.0,0.0,0.0,0.0,0.0,0.0,0.0,0.0,0.0,0.0,1.0,0.0
3001.8819075490705,50.03136512581784,注入领浆,0.0,0.0,0.0,0.0,0.0,0.0,0.0,0.0,0.0,0.0,0.0,1.0,0.0
3003.933137522047,50.06555229203412,注入领浆,0.0,0.0,0.0,0.0,0.0,0.0,0.0,0.0,0.0,0.0,0.0,1.0,0.0
3005.984367495024,50.0997394582504,注入领浆,0.0,0.0,0.0,0.0,0.0,0.0,0.0,0.0,0.0,0.0,0.0,1.0,0.0
3008.0355974680006,50.133926624466675,注入领浆,0.0,0.0,0.0,0.0,0.0,0.0,0.0,0.0,0.0,0.0,0.0,1.0,0.0
3010.0868274409772,50.16811379068295,注入领浆,0.0,0.0,0.0,0.0,0.0,0.0,0.0,0.0,0.0,0.0,0.0,1.0,0.0
3012.138057413954,50.20230095689923,注入领浆,0.0,0.0,0.0,0.0,0.0,0.0,0.0,0.0,0.0,0.0,0.0,1.0,0.0
3014.1892873869306,50.23648812311551,注入领浆,0.0,0.0,0.0,0.0,0.0,0.0,0.0,0.0,0.0,0.0,0.0,1.0,0.0
3016.2405173599072,50.270675289331784,注入领浆,0.0,0.0,0.0,0.0,0.0,0.0,0.0,0.0,0.0,0.0,0.0,1.0,0.0
3018.291747332884,50.30486245554807,注入领浆,0.0,0.0,0.0,0.0,0.0,0.0,0.0,0.0,0.0,0.0,0.0,1.0,0.0
3020.3429773058606,50.339049621764346,注入领浆,0.0,0.0,0.0,0.0,0.0,0.0,0.0,0.0,0.0,0.0,0.0,1.0,0.0
3022.3942072788373,50.37323678798062,注入领浆,0.0,0.0,0.0,0.0,0.0,0.0,0.0,0.0,0.0,0.0,0.0,1.0,0.0
3024.445437251814,50.4074239541969,注入领浆,0.0,0.0,0.0,0.0,0.0,0.0,0.0,0.0,0.0,0.0,0.0,1.0,0.0
3026.4966672247906,50.44161112041318,注入领浆,0.0,0.0,0.0,0.0,0.0,0.0,0.0,0.0,0.0,0.0,0.0,1.0,0.0
3028.5478971977673,50.475798286629455,注入领浆,0.0,0.0,0.0,0.0,0.0,0.0,0.0,0.0,0.0,0.0,0.0,1.0,0.0
3030.599127170744,50.50998545284573,注入领浆,0.0,0.0,0.0,0.0,0.0,0.0,0.0,0.0,0.0,0.0,0.0,1.0,0.0
3032.6503571437206,50.54417261906201,注入领浆,0.0,0.0,0.0,0.0,0.0,0.0,0.0,0.0,0.0,0.0,0.0,1.0,0.0
3034.7015871166973,50.57835978527829,注入领浆,0.0,0.0,0.0,0.0,0.0,0.0,0.0,0.0,0.0,0.0,0.0,1.0,0.0
3036.752817089674,50.612546951494565,注入领浆,0.0,0.0,0.0,0.0,0.0,0.0,0.0,0.0,0.0,0.0,0.0,1.0,0.0
3038.8040470626506,50.64673411771084,注入领浆,0.0,0.0,0.0,0.0,0.0,0.0,0.0,0.0,0.0,0.0,0.0,1.0,0.0
3040.8552770356273,50.68092128392712,注入领浆,0.0,0.0,0.0,0.0,0.0,0.0,0.0,0.0,0.0,0.0,0.0,1.0,0.0
3042.906507008604,50.7151084501434,注入领浆,0.0,0.0,0.0,0.0,0.0,0.0,0.0,0.0,0.0,0.0,0.0,1.0,0.0
3044.9577369815806,50.749295616359674,注入领浆,0.0,0.0,0.0,0.0,0.0,0.0,0.0,0.0,0.0,0.0,0.0,1.0,0.0
3047.0089669545573,50.78348278257595,注入领浆,0.0,0.0,0.0,0.0,0.0,0.0,0.0,0.0,0.0,0.0,0.0,1.0,0.0
3049.060196927534,50.817669948792236,注入领浆,0.0,0.0,0.0,0.0,0.0,0.0,0.0,0.0,0.0,0.0,0.0,1.0,0.0
3051.1114269005107,50.851857115008514,注入领浆,0.0,0.0,0.0,0.0,0.0,0.0,0.0,0.0,0.0,0.0,0.0,1.0,0.0
3053.1626568734873,50.88604428122479,注入领浆,0.0,0.0,0.0,0.0,0.0,0.0,0.0,0.0,0.0,0.0,0.0,1.0,0.0
3055.213886846464,50.92023144744107,注入领浆,0.0,0.0,0.0,0.0,0.0,0.0,0.0,0.0,0.0,0.0,0.0,1.0,0.0
3057.2651168194407,50.954418613657346,注入领浆,0.0,0.0,0.0,0.0,0.0,0.0,0.0,0.0,0.0,0.0,0.0,1.0,0.0
3059.3163467924173,50.98860577987362,注入领浆,0.0,0.0,0.0,0.0,0.0,0.0,0.0,0.0,0.0,0.0,0.0,1.0,0.0
3061.367576765394,51.0227929460899,注入领浆,0.0,0.0,0.0,0.0,0.0,0.0,0.0,0.0,0.0,0.0,0.0,1.0,0.0
3063.4188067383707,51.05698011230618,注入领浆,0.0,0.0,0.0,0.0,0.0,0.0,0.0,0.0,0.0,0.0,0.0,1.0,0.0
3065.4700367113473,51.091167278522455,注入领浆,0.0,0.0,0.0,0.0,0.0,0.0,0.0,0.0,0.0,0.0,0.0,1.0,0.0
3067.521266684324,51.12535444473873,注入领浆,0.0,0.0,0.0,0.0,0.0,0.0,0.0,0.0,0.0,0.0,0.0,1.0,0.0
3069.5724966573007,51.15954161095501,注入领浆,0.0,0.0,0.0,0.0,0.0,0.0,0.0,0.0,0.0,0.0,0.0,1.0,0.0
3071.6237266302774,51.19372877717129,注入领浆,0.0,0.0,0.0,0.0,0.0,0.0,0.0,0.0,0.0,0.0,0.0,1.0,0.0
3073.674956603254,51.227915943387565,注入领浆,0.0,0.0,0.0,0.0,0.0,0.0,0.0,0.0,0.0,0.0,0.0,1.0,0.0
3075.7261865762307,51.26210310960384,注入领浆,0.0,0.0,0.0,0.0,0.0,0.0,0.0,0.0,0.0,0.0,0.0,1.0,0.0
3077.7774165492074,51.29629027582012,注入领浆,0.0,0.0,0.0,0.0,0.0,0.0,0.0,0.0,0.0,0.0,0.0,1.0,0.0
3079.828646522184,51.330477442036404,注入领浆,0.0,0.0,0.0,0.0,0.0,0.0,0.0,0.0,0.0,0.0,0.0,1.0,0.0
3081.8798764951607,51.36466460825268,注入领浆,0.0,0.0,0.0,0.0,0.0,0.0,0.0,0.0,0.0,0.0,0.0,1.0,0.0
3083.9311064681374,51.39885177446896,注入领浆,0.0,0.0,0.0,0.0,0.0,0.0,0.0,0.0,0.0,0.0,0.0,1.0,0.0
3085.982336441114,51.433038940685236,注入领浆,0.0,0.0,0.0,0.0,0.0,0.0,0.0,0.0,0.0,0.0,0.0,1.0,0.0
3088.0335664140907,51.467226106901514,注入领浆,0.0,0.0,0.0,0.0,0.0,0.0,0.0,0.0,0.0,0.0,0.0,1.0,0.0
3090.0847963870674,51.50141327311779,注入领浆,0.0,0.0,0.0,0.0,0.0,0.0,0.0,0.0,0.0,0.0,0.0,1.0,0.0
3092.136026360044,51.53560043933407,注入领浆,0.0,0.0,0.0,0.0,0.0,0.0,0.0,0.0,0.0,0.0,0.0,1.0,0.0
3094.1872563330207,51.569787605550346,注入领浆,0.0,0.0,0.0,0.0,0.0,0.0,0.0,0.0,0.0,0.0,0.0,1.0,0.0
3096.2384863059974,51.60397477176662,注入领浆,0.0,0.0,0.0,0.0,0.0,0.0,0.0,0.0,0.0,0.0,0.0,1.0,0.0
3098.289716278974,51.6381619379829,注入领浆,0.0,0.0,0.0,0.0,0.0,0.0,0.0,0.0,0.0,0.0,0.0,1.0,0.0
3100.3409462519508,51.67234910419918,注入领浆,0.0,0.0,0.0,0.0,0.0,0.0,0.0,0.0,0.0,0.0,0.0,1.0,0.0
3102.3921762249274,51.706536270415455,注入领浆,0.0,0.0,0.0,0.0,0.0,0.0,0.0,0.0,0.0,0.0,0.0,1.0,0.0
3104.443406197904,51.74072343663173,注入领浆,0.0,0.0,0.0,0.0,0.0,0.0,0.0,0.0,0.0,0.0,0.0,1.0,0.0
3106.4946361708808,51.77491060284801,注入领浆,0.0,0.0,0.0,0.0,0.0,0.0,0.0,0.0,0.0,0.0,0.0,1.0,0.0
3108.5458661438574,51.80909776906429,注入领浆,0.0,0.0,0.0,0.0,0.0,0.0,0.0,0.0,0.0,0.0,0.0,1.0,0.0
3110.597096116834,51.84328493528057,注入领浆,0.0,0.0,0.0,0.0,0.0,0.0,0.0,0.0,0.0,0.0,0.0,1.0,0.0
3112.648326089811,51.87747210149685,注入领浆,0.0,0.0,0.0,0.0,0.0,0.0,0.0,0.0,0.0,0.0,0.0,1.0,0.0
3114.6995560627875,51.91165926771313,注入领浆,0.0,0.0,0.0,0.0,0.0,0.0,0.0,0.0,0.0,0.0,0.0,1.0,0.0
3116.750786035764,51.945846433929404,注入领浆,0.0,0.0,0.0,0.0,0.0,0.0,0.0,0.0,0.0,0.0,0.0,1.0,0.0
3118.802016008741,51.98003360014568,注入领浆,0.0,0.0,0.0,0.0,0.0,0.0,0.0,0.0,0.0,0.0,0.0,1.0,0.0
3120.8532459817175,52.01422076636196,注入领浆,0.0,0.0,0.0,0.0,0.0,0.0,0.0,0.0,0.0,0.0,0.0,1.0,0.0
3122.904475954694,52.048407932578236,注入领浆,0.0,0.0,0.0,0.0,0.0,0.0,0.0,0.0,0.0,0.0,0.0,1.0,0.0
3124.955705927671,52.08259509879451,注入领浆,0.0,0.0,0.0,0.0,0.0,0.0,0.0,0.0,0.0,0.0,0.0,1.0,0.0
3127.0069359006475,52.11678226501079,注入领浆,0.0,0.0,0.0,0.0,0.0,0.0,0.0,0.0,0.0,0.0,0.0,1.0,0.0
3129.058165873624,52.15096943122707,注入领浆,0.0,0.0,0.0,0.0,0.0,0.0,0.0,0.0,0.0,0.0,0.0,1.0,0.0
3131.109395846601,52.185156597443346,注入领浆,0.0,0.0,0.0,0.0,0.0,0.0,0.0,0.0,0.0,0.0,0.0,1.0,0.0
3133.1606258195775,52.21934376365962,注入领浆,0.0,0.0,0.0,0.0,0.0,0.0,0.0,0.0,0.0,0.0,0.0,1.0,0.0
3135.211855792554,52.2535309298759,注入领浆,0.0,0.0,0.0,0.0,0.0,0.0,0.0,0.0,0.0,0.0,0.0,1.0,0.0
3137.263085765531,52.28771809609218,注入领浆,0.0,0.0,0.0,0.0,0.0,0.0,0.0,0.0,0.0,0.0,0.0,1.0,0.0
3139.3143157385075,52.321905262308455,注入领浆,0.0,0.0,0.0,0.0,0.0,0.0,0.0,0.0,0.0,0.0,0.0,1.0,0.0
3141.365545711484,52.35609242852474,注入领浆,0.0,0.0,0.0,0.0,0.0,0.0,0.0,0.0,0.0,0.0,0.0,1.0,0.0
3143.416775684461,52.39027959474102,注入领浆,0.0,0.0,0.0,0.0,0.0,0.0,0.0,0.0,0.0,0.0,0.0,1.0,0.0
3145.4680056574375,52.424466760957294,注入领浆,0.0,0.0,0.0,0.0,0.0,0.0,0.0,0.0,0.0,0.0,0.0,1.0,0.0
3147.519235630414,52.45865392717357,注入领浆,0.0,0.0,0.0,0.0,0.0,0.0,0.0,0.0,0.0,0.0,0.0,1.0,0.0
3149.570465603391,52.49284109338985,注入领浆,0.0,0.0,0.0,0.0,0.0,0.0,0.0,0.0,0.0,0.0,0.0,1.0,0.0
3151.6216955763675,52.527028259606126,注入领浆,0.0,0.0,0.0,0.0,0.0,0.0,0.0,0.0,0.0,0.0,0.0,1.0,0.0
3153.672925549344,52.561215425822404,注入领浆,0.0,0.0,0.0,0.0,0.0,0.0,0.0,0.0,0.0,0.0,0.0,1.0,0.0
3155.724155522321,52.59540259203868,注入领浆,0.0,0.0,0.0,0.0,0.0,0.0,0.0,0.0,0.0,0.0,0.0,1.0,0.0
3157.7753854952975,52.62958975825496,注入领浆,0.0,0.0,0.0,0.0,0.0,0.0,0.0,0.0,0.0,0.0,0.0,1.0,0.0
3159.826615468274,52.663776924471236,注入领浆,0.0,0.0,0.0,0.0,0.0,0.0,0.0,0.0,0.0,0.0,0.0,1.0,0.0
3161.877845441251,52.69796409068751,注入领浆,0.0,0.0,0.0,0.0,0.0,0.0,0.0,0.0,0.0,0.0,0.0,1.0,0.0
3163.9290754142276,52.73215125690379,注入领浆,0.0,0.0,0.0,0.0,0.0,0.0,0.0,0.0,0.0,0.0,0.0,1.0,0.0
3165.980305387204,52.76633842312007,注入领浆,0.0,0.0,0.0,0.0,0.0,0.0,0.0,0.0,0.0,0.0,0.0,1.0,0.0
3168.031535360181,52.800525589336345,注入领浆,0.0,0.0,0.0,0.0,0.0,0.0,0.0,0.0,0.0,0.0,0.0,1.0,0.0
3170.0827653331576,52.83471275555262,注入领浆,0.0,0.0,0.0,0.0,0.0,0.0,0.0,0.0,0.0,0.0,0.0,1.0,0.0
3172.1339953061342,52.86889992176891,注入领浆,0.0,0.0,0.0,0.0,0.0,0.0,0.0,0.0,0.0,0.0,0.0,1.0,0.0
3174.185225279111,52.903087087985185,注入领浆,0.0,0.0,0.0,0.0,0.0,0.0,0.0,0.0,0.0,0.0,0.0,1.0,0.0
3176.2364552520876,52.93727425420146,注入领浆,0.0,0.0,0.0,0.0,0.0,0.0,0.0,0.0,0.0,0.0,0.0,1.0,0.0
3178.2876852250643,52.97146142041774,注入领浆,0.0,0.0,0.0,0.0,0.0,0.0,0.0,0.0,0.0,0.0,0.0,1.0,0.0
3180.338915198041,53.00564858663402,注入领浆,0.0,0.0,0.0,0.0,0.0,0.0,0.0,0.0,0.0,0.0,0.0,1.0,0.0
3182.3901451710176,53.039835752850294,注入领浆,0.0,0.0,0.0,0.0,0.0,0.0,0.0,0.0,0.0,0.0,0.0,1.0,0.0
3184.4413751439943,53.07402291906657,注入领浆,0.0,0.0,0.0,0.0,0.0,0.0,0.0,0.0,0.0,0.0,0.0,1.0,0.0
3186.492605116971,53.10821008528285,注入领浆,0.0,0.0,0.0,0.0,0.0,0.0,0.0,0.0,0.0,0.0,0.0,1.0,0.0
3188.5438350899476,53.142397251499126,注入领浆,0.0,0.0,0.0,0.0,0.0,0.0,0.0,0.0,0.0,0.0,0.0,1.0,0.0
3190.5950650629243,53.176584417715404,注入领浆,0.0,0.0,0.0,0.0,0.0,0.0,0.0,0.0,0.0,0.0,0.0,1.0,0.0
3192.646295035901,53.21077158393168,注入领浆,0.0,0.0,0.0,0.0,0.0,0.0,0.0,0.0,0.0,0.0,0.0,1.0,0.0
3194.6975250088776,53.24495875014796,注入领浆,0.0,0.0,0.0,0.0,0.0,0.0,0.0,0.0,0.0,0.0,0.0,1.0,0.0
3196.7487549818543,53.279145916364236,注入领浆,0.0,0.0,0.0,0.0,0.0,0.0,0.0,0.0,0.0,0.0,0.0,1.0,0.0
3198.799984954831,53.31333308258051,注入领浆,0.0,0.0,0.0,0.0,0.0,0.0,0.0,0.0,0.0,0.0,0.0,1.0,0.0
3200.8512149278076,53.34752024879679,注入领浆,0.0,0.0,0.0,0.0,0.0,0.0,0.0,0.0,0.0,0.0,0.0,1.0,0.0
3202.9024449007843,53.381707415013075,注入领浆,0.0,0.0,0.0,0.0,0.0,0.0,0.0,0.0,0.0,0.0,0.0,1.0,0.0
3204.953674873761,53.41589458122935,注入领浆,0.0,0.0,0.0,0.0,0.0,0.0,0.0,0.0,0.0,0.0,0.0,1.0,0.0
3207.0049048467376,53.45008174744563,注入领浆,0.0,0.0,0.0,0.0,0.0,0.0,0.0,0.0,0.0,0.0,0.0,1.0,0.0
3209.0561348197143,53.48426891366191,注入领浆,0.0,0.0,0.0,0.0,0.0,0.0,0.0,0.0,0.0,0.0,0.0,1.0,0.0
3211.107364792691,53.518456079878185,注入领浆,0.0,0.0,0.0,0.0,0.0,0.0,0.0,0.0,0.0,0.0,0.0,1.0,0.0
3213.1585947656677,53.55264324609446,注入领浆,0.0,0.0,0.0,0.0,0.0,0.0,0.0,0.0,0.0,0.0,0.0,1.0,0.0
3215.2098247386443,53.58683041231074,注入领浆,0.0,0.0,0.0,0.0,0.0,0.0,0.0,0.0,0.0,0.0,0.0,1.0,0.0
3217.261054711621,53.62101757852702,注入领浆,0.0,0.0,0.0,0.0,0.0,0.0,0.0,0.0,0.0,0.0,0.0,1.0,0.0
3219.3122846845977,53.655204744743294,注入领浆,0.0,0.0,0.0,0.0,0.0,0.0,0.0,0.0,0.0,0.0,0.0,1.0,0.0
3221.3635146575743,53.68939191095957,注入领浆,0.0,0.0,0.0,0.0,0.0,0.0,0.0,0.0,0.0,0.0,0.0,1.0,0.0
3223.414744630551,53.72357907717585,注入领浆,0.0,0.0,0.0,0.0,0.0,0.0,0.0,0.0,0.0,0.0,0.0,1.0,0.0
3225.4659746035277,53.757766243392126,注入领浆,0.0,0.0,0.0,0.0,0.0,0.0,0.0,0.0,0.0,0.0,0.0,1.0,0.0
3227.5172045765044,53.7919534096084,注入领浆,0.0,0.0,0.0,0.0,0.0,0.0,0.0,0.0,0.0,0.0,0.0,1.0,0.0
3229.568434549481,53.82614057582468,注入领浆,0.0,0.0,0.0,0.0,0.0,0.0,0.0,0.0,0.0,0.0,0.0,1.0,0.0
3231.6196645224577,53.86032774204096,注入领浆,0.0,0.0,0.0,0.0,0.0,0.0,0.0,0.0,0.0,0.0,0.0,1.0,0.0
3233.6708944954344,53.89451490825724,注入领浆,0.0,0.0,0.0,0.0,0.0,0.0,0.0,0.0,0.0,0.0,0.0,1.0,0.0
3235.722124468411,53.92870207447352,注入领浆,0.0,0.0,0.0,0.0,0.0,0.0,0.0,0.0,0.0,0.0,0.0,1.0,0.0
3237.7733544413877,53.9628892406898,注入领浆,0.0,0.0,0.0,0.0,0.0,0.0,0.0,0.0,0.0,0.0,0.0,1.0,0.0
3239.8245844143644,53.997076406906075,注入领浆,0.0,0.0,0.0,0.0,0.0,0.0,0.0,0.0,0.0,0.0,0.0,1.0,0.0
3241.875814387341,54.03126357312235,注入领浆,0.0,0.0,0.0,0.0,0.0,0.0,0.0,0.0,0.0,0.0,0.0,1.0,0.0
3243.9270443603177,54.06545073933863,注入领浆,0.0,0.0,0.0,0.0,0.0,0.0,0.0,0.0,0.0,0.0,0.0,1.0,0.0
3245.9782743332944,54.09963790555491,注入领浆,0.0,0.0,0.0,0.0,0.0,0.0,0.0,0.0,0.0,0.0,0.0,1.0,0.0
3248.029504306271,54.133825071771184,注入领浆,0.0,0.0,0.0,0.0,0.0,0.0,0.0,0.0,0.0,0.0,0.0,1.0,0.0
3250.0807342792477,54.16801223798746,注入领浆,0.0,0.0,0.0,0.0,0.0,0.0,0.0,0.0,0.0,0.0,0.0,1.0,0.0
3252.1319642522244,54.20219940420374,注入领浆,0.0,0.0,0.0,0.0,0.0,0.0,0.0,0.0,0.0,0.0,0.0,1.0,0.0
3254.183194225201,54.23638657042002,注入领浆,0.0,0.0,0.0,0.0,0.0,0.0,0.0,0.0,0.0,0.0,0.0,1.0,0.0
3256.2344241981777,54.270573736636294,注入领浆,0.0,0.0,0.0,0.0,0.0,0.0,0.0,0.0,0.0,0.0,0.0,1.0,0.0
3258.2856541711544,54.30476090285257,注入领浆,0.0,0.0,0.0,0.0,0.0,0.0,0.0,0.0,0.0,0.0,0.0,1.0,0.0
3260.336884144131,54.33894806906885,注入领浆,0.0,0.0,0.0,0.0,0.0,0.0,0.0,0.0,0.0,0.0,0.0,1.0,0.0
3262.3881141171078,54.373135235285126,注入领浆,0.0,0.0,0.0,0.0,0.0,0.0,0.0,0.0,0.0,0.0,0.0,1.0,0.0
3264.4393440900844,54.40732240150141,注入领浆,0.0,0.0,0.0,0.0,0.0,0.0,0.0,0.0,0.0,0.0,0.0,1.0,0.0
3266.490574063061,54.44150956771769,注入领浆,0.0,0.0,0.0,0.0,0.0,0.0,0.0,0.0,0.0,0.0,0.0,1.0,0.0
3268.541804036038,54.475696733933965,注入领浆,0.0,0.0,0.0,0.0,0.0,0.0,0.0,0.0,0.0,0.0,0.0,1.0,0.0
3270.5930340090144,54.50988390015024,注入领浆,0.0,0.0,0.0,0.0,0.0,0.0,0.0,0.0,0.0,0.0,0.0,1.0,0.0
3272.644263981991,54.54407106636652,注入领浆,0.0,0.0,0.0,0.0,0.0,0.0,0.0,0.0,0.0,0.0,0.0,1.0,0.0
3274.695493954968,54.5782582325828,注入领浆,0.0,0.0,0.0,0.0,0.0,0.0,0.0,0.0,0.0,0.0,0.0,1.0,0.0
3276.7467239279445,54.612445398799075,注入领浆,0.0,0.0,0.0,0.0,0.0,0.0,0.0,0.0,0.0,0.0,0.0,1.0,0.0
3278.797953900921,54.64663256501535,注入领浆,0.0,0.0,0.0,0.0,0.0,0.0,0.0,0.0,0.0,0.0,0.0,1.0,0.0
3280.849183873898,54.68081973123163,注入领浆,0.0,0.0,0.0,0.0,0.0,0.0,0.0,0.0,0.0,0.0,0.0,1.0,0.0
3282.9004138468745,54.71500689744791,注入领浆,0.0,0.0,0.0,0.0,0.0,0.0,0.0,0.0,0.0,0.0,0.0,1.0,0.0
3284.951643819851,54.749194063664184,注入领浆,0.0,0.0,0.0,0.0,0.0,0.0,0.0,0.0,0.0,0.0,0.0,1.0,0.0
3287.002873792828,54.78338122988046,注入领浆,0.0,0.0,0.0,0.0,0.0,0.0,0.0,0.0,0.0,0.0,0.0,1.0,0.0
3289.0541037658045,54.81756839609674,注入领浆,0.0,0.0,0.0,0.0,0.0,0.0,0.0,0.0,0.0,0.0,0.0,1.0,0.0
3291.105333738781,54.851755562313016,注入领浆,0.0,0.0,0.0,0.0,0.0,0.0,0.0,0.0,0.0,0.0,0.0,1.0,0.0
3293.156563711758,54.885942728529294,注入领浆,0.0,0.0,0.0,0.0,0.0,0.0,0.0,0.0,0.0,0.0,0.0,1.0,0.0
3295.2077936847345,54.92012989474558,注入领浆,0.0,0.0,0.0,0.0,0.0,0.0,0.0,0.0,0.0,0.0,0.0,1.0,0.0
3297.259023657711,54.954317060961856,注入领浆,0.0,0.0,0.0,0.0,0.0,0.0,0.0,0.0,0.0,0.0,0.0,1.0,0.0
3299.310253630688,54.98850422717813,注入领浆,0.0,0.0,0.0,0.0,0.0,0.0,0.0,0.0,0.0,0.0,0.0,1.0,0.0
3301.3614836036645,55.02269139339441,注入领浆,0.0,0.0,0.0,0.0,0.0,0.0,0.0,0.0,0.0,0.0,0.0,1.0,0.0
3303.412713576641,55.05687855961069,注入领浆,0.0,0.0,0.0,0.0,0.0,0.0,0.0,0.0,0.0,0.0,0.0,1.0,0.0
3305.463943549618,55.091065725826965,注入领浆,0.0,0.0,0.0,0.0,0.0,0.0,0.0,0.0,0.0,0.0,0.0,1.0,0.0
3307.5151735225945,55.12525289204324,注入领浆,0.0,0.0,0.0,0.0,0.0,0.0,0.0,0.0,0.0,0.0,0.0,1.0,0.0
3309.566403495571,55.15944005825952,注入领浆,0.0,0.0,0.0,0.0,0.0,0.0,0.0,0.0,0.0,0.0,0.0,1.0,0.0
3311.617633468548,55.1936272244758,注入领浆,0.0,0.0,0.0,0.0,0.0,0.0,0.0,0.0,0.0,0.0,0.0,1.0,0.0
3313.6688634415245,55.227814390692075,注入领浆,0.0,0.0,0.0,0.0,0.0,0.0,0.0,0.0,0.0,0.0,0.0,1.0,0.0
3315.720093414501,55.26200155690835,注入领浆,0.0,0.0,0.0,0.0,0.0,0.0,0.0,0.0,0.0,0.0,0.0,1.0,0.0
3317.771323387478,55.29618872312463,注入领浆,0.0,0.0,0.0,0.0,0.0,0.0,0.0,0.0,0.0,0.0,0.0,1.0,0.0
3319.8225533604545,55.33037588934091,注入领浆,0.0,0.0,0.0,0.0,0.0,0.0,0.0,0.0,0.0,0.0,0.0,1.0,0.0
3321.873783333431,55.364563055557184,注入领浆,0.0,0.0,0.0,0.0,0.0,0.0,0.0,0.0,0.0,0.0,0.0,1.0,0.0
3323.925013306408,55.39875022177346,注入领浆,0.0,0.0,0.0,0.0,0.0,0.0,0.0,0.0,0.0,0.0,0.0,1.0,0.0
3325.9762432793846,55.432937387989746,注入领浆,0.0,0.0,0.0,0.0,0.0,0.0,0.0,0.0,0.0,0.0,0.0,1.0,0.0
3328.0274732523612,55.46712455420602,注入领浆,0.0,0.0,0.0,0.0,0.0,0.0,0.0,0.0,0.0,0.0,0.0,1.0,0.0
3330.078703225338,55.5013117204223,注入领浆,0.0,0.0,0.0,0.0,0.0,0.0,0.0,0.0,0.0,0.0,0.0,1.0,0.0
3332.1299331983146,55.53549888663858,注入领浆,0.0,0.0,0.0,0.0,0.0,0.0,0.0,0.0,0.0,0.0,0.0,1.0,0.0
3334.1811631712912,55.569686052854856,注入领浆,0.0,0.0,0.0,0.0,0.0,0.0,0.0,0.0,0.0,0.0,0.0,1.0,0.0
3336.232393144268,55.60387321907113,注入领浆,0.0,0.0,0.0,0.0,0.0,0.0,0.0,0.0,0.0,0.0,0.0,1.0,0.0
3338.2836231172446,55.63806038528741,注入领浆,0.0,0.0,0.0,0.0,0.0,0.0,0.0,0.0,0.0,0.0,0.0,1.0,0.0
3340.3348530902213,55.67224755150369,注入领浆,0.0,0.0,0.0,0.0,0.0,0.0,0.0,0.0,0.0,0.0,0.0,1.0,0.0
3342.386083063198,55.706434717719965,注入领浆,0.0,0.0,0.0,0.0,0.0,0.0,0.0,0.0,0.0,0.0,0.0,1.0,0.0
3344.4373130361746,55.74062188393624,注入领浆,0.0,0.0,0.0,0.0,0.0,0.0,0.0,0.0,0.0,0.0,0.0,1.0,0.0
3346.4885430091513,55.77480905015252,注入领浆,0.0,0.0,0.0,0.0,0.0,0.0,0.0,0.0,0.0,0.0,0.0,1.0,0.0
3348.539772982128,55.8089962163688,注入领浆,0.0,0.0,0.0,0.0,0.0,0.0,0.0,0.0,0.0,0.0,0.0,1.0,0.0
3350.5910029551046,55.843183382585075,注入领浆,0.0,0.0,0.0,0.0,0.0,0.0,0.0,0.0,0.0,0.0,0.0,1.0,0.0
3352.6422329280813,55.87737054880135,注入领浆,0.0,0.0,0.0,0.0,0.0,0.0,0.0,0.0,0.0,0.0,0.0,1.0,0.0
3354.693462901058,55.91155771501763,注入领浆,0.0,0.0,0.0,0.0,0.0,0.0,0.0,0.0,0.0,0.0,0.0,1.0,0.0
3356.7446928740346,55.945744881233914,注入领浆,0.0,0.0,0.0,0.0,0.0,0.0,0.0,0.0,0.0,0.0,0.0,1.0,0.0
3358.7959228470113,55.97993204745019,注入领浆,0.0,0.0,0.0,0.0,0.0,0.0,0.0,0.0,0.0,0.0,0.0,1.0,0.0
3360.847152819988,56.01411921366647,注入领浆,0.0,0.0,0.0,0.0,0.0,0.0,0.0,0.0,0.0,0.0,0.0,1.0,0.0
3362.8983827929646,56.048306379882746,注入领浆,0.0,0.0,0.0,0.0,0.0,0.0,0.0,0.0,0.0,0.0,0.0,1.0,0.0
3364.9496127659413,56.08249354609902,注入领浆,0.0,0.0,0.0,0.0,0.0,0.0,0.0,0.0,0.0,0.0,0.0,1.0,0.0
3367.000842738918,56.1166807123153,注入领浆,0.0,0.0,0.0,0.0,0.0,0.0,0.0,0.0,0.0,0.0,0.0,1.0,0.0
3369.0520727118947,56.15086787853158,注入领浆,0.0,0.0,0.0,0.0,0.0,0.0,0.0,0.0,0.0,0.0,0.0,1.0,0.0
3371.1033026848713,56.185055044747855,注入领浆,0.0,0.0,0.0,0.0,0.0,0.0,0.0,0.0,0.0,0.0,0.0,1.0,0.0
3373.154532657848,56.21924221096413,注入领浆,0.0,0.0,0.0,0.0,0.0,0.0,0.0,0.0,0.0,0.0,0.0,1.0,0.0
3375.2057626308247,56.25342937718041,注入领浆,0.0,0.0,0.0,0.0,0.0,0.0,0.0,0.0,0.0,0.0,0.0,1.0,0.0
3377.2569926038013,56.28761654339669,注入领浆,0.0,0.0,0.0,0.0,0.0,0.0,0.0,0.0,0.0,0.0,0.0,1.0,0.0
3379.308222576778,56.321803709612965,注入领浆,0.0,0.0,0.0,0.0,0.0,0.0,0.0,0.0,0.0,0.0,0.0,1.0,0.0
3381.3594525497547,56.35599087582924,注入领浆,0.0,0.0,0.0,0.0,0.0,0.0,0.0,0.0,0.0,0.0,0.0,1.0,0.0
3383.4106825227313,56.39017804204552,注入领浆,0.0,0.0,0.0,0.0,0.0,0.0,0.0,0.0,0.0,0.0,0.0,1.0,0.0
3385.461912495708,56.4243652082618,注入领浆,0.0,0.0,0.0,0.0,0.0,0.0,0.0,0.0,0.0,0.0,0.0,1.0,0.0
3387.5131424686847,56.45855237447808,注入领浆,0.0,0.0,0.0,0.0,0.0,0.0,0.0,0.0,0.0,0.0,0.0,1.0,0.0
3389.5643724416614,56.49273954069436,注入领浆,0.0,0.0,0.0,0.0,0.0,0.0,0.0,0.0,0.0,0.0,0.0,1.0,0.0
3391.615602414638,56.526926706910636,注入领浆,0.0,0.0,0.0,0.0,0.0,0.0,0.0,0.0,0.0,0.0,0.0,1.0,0.0
3393.6668323876147,56.561113873126914,注入领浆,0.0,0.0,0.0,0.0,0.0,0.0,0.0,0.0,0.0,0.0,0.0,1.0,0.0
3395.7180623605914,56.59530103934319,注入领浆,0.0,0.0,0.0,0.0,0.0,0.0,0.0,0.0,0.0,0.0,0.0,1.0,0.0
3397.769292333568,56.62948820555947,注入领浆,0.0,0.0,0.0,0.0,0.0,0.0,0.0,0.0,0.0,0.0,0.0,1.0,0.0
3399.8205223065447,56.663675371775746,注入领浆,0.0,0.0,0.0,0.0,0.0,0.0,0.0,0.0,0.0,0.0,0.0,1.0,0.0
3401.8717522795214,56.69786253799202,注入领浆,0.0,0.0,0.0,0.0,0.0,0.0,0.0,0.0,0.0,0.0,0.0,1.0,0.0
3403.922982252498,56.7320497042083,注入领浆,0.0,0.0,0.0,0.0,0.0,0.0,0.0,0.0,0.0,0.0,0.0,1.0,0.0
3405.9742122254747,56.76623687042458,注入领浆,0.0,0.0,0.0,0.0,0.0,0.0,0.0,0.0,0.0,0.0,0.0,1.0,0.0
3408.0254421984514,56.800424036640855,注入领浆,0.0,0.0,0.0,0.0,0.0,0.0,0.0,0.0,0.0,0.0,0.0,1.0,0.0
3410.076672171428,56.83461120285713,注入领浆,0.0,0.0,0.0,0.0,0.0,0.0,0.0,0.0,0.0,0.0,0.0,1.0,0.0
3412.1279021444047,56.86879836907341,注入领浆,0.0,0.0,0.0,0.0,0.0,0.0,0.0,0.0,0.0,0.0,0.0,1.0,0.0
3414.1791321173814,56.90298553528969,注入领浆,0.0,0.0,0.0,0.0,0.0,0.0,0.0,0.0,0.0,0.0,0.0,1.0,0.0
3416.230362090358,56.937172701505965,注入领浆,0.0,0.0,0.0,0.0,0.0,0.0,0.0,0.0,0.0,0.0,0.0,1.0,0.0
3418.2815920633348,56.97135986772225,注入领浆,0.0,0.0,0.0,0.0,0.0,0.0,0.0,0.0,0.0,0.0,0.0,1.0,0.0
3420.3328220363114,57.00554703393853,注入领浆,0.0,0.0,0.0,0.0,0.0,0.0,0.0,0.0,0.0,0.0,0.0,1.0,0.0
3422.384052009288,57.039734200154804,注入领浆,0.0,0.0,0.0,0.0,0.0,0.0,0.0,0.0,0.0,0.0,0.0,1.0,0.0
3424.4352819822648,57.07392136637108,注入领浆,0.0,0.0,0.0,0.0,0.0,0.0,0.0,0.0,0.0,0.0,0.0,1.0,0.0
3426.4865119552414,57.10810853258736,注入领浆,0.0,0.0,0.0,0.0,0.0,0.0,0.0,0.0,0.0,0.0,0.0,1.0,0.0
3428.537741928218,57.142295698803636,注入领浆,0.0,0.0,0.0,0.0,0.0,0.0,0.0,0.0,0.0,0.0,0.0,1.0,0.0
3430.588971901195,57.17648286501991,注入领浆,0.0,0.0,0.0,0.0,0.0,0.0,0.0,0.0,0.0,0.0,0.0,1.0,0.0
3432.6402018741715,57.21067003123619,注入领浆,0.0,0.0,0.0,0.0,0.0,0.0,0.0,0.0,0.0,0.0,0.0,1.0,0.0
3434.691431847148,57.24485719745247,注入领浆,0.0,0.0,0.0,0.0,0.0,0.0,0.0,0.0,0.0,0.0,0.0,1.0,0.0
3436.742661820125,57.279044363668746,注入领浆,0.0,0.0,0.0,0.0,0.0,0.0,0.0,0.0,0.0,0.0,0.0,1.0,0.0
3438.7938917931015,57.31323152988502,注入领浆,0.0,0.0,0.0,0.0,0.0,0.0,0.0,0.0,0.0,0.0,0.0,1.0,0.0
3440.845121766078,57.3474186961013,注入领浆,0.0,0.0,0.0,0.0,0.0,0.0,0.0,0.0,0.0,0.0,0.0,1.0,0.0
3442.896351739055,57.38160586231758,注入领浆,0.0,0.0,0.0,0.0,0.0,0.0,0.0,0.0,0.0,0.0,0.0,1.0,0.0
3444.9475817120315,57.415793028533855,注入领浆,0.0,0.0,0.0,0.0,0.0,0.0,0.0,0.0,0.0,0.0,0.0,1.0,0.0
3446.998811685008,57.44998019475013,注入领浆,0.0,0.0,0.0,0.0,0.0,0.0,0.0,0.0,0.0,0.0,0.0,1.0,0.0
3449.050041657985,57.48416736096642,注入领浆,0.0,0.0,0.0,0.0,0.0,0.0,0.0,0.0,0.0,0.0,0.0,1.0,0.0
3451.1012716309615,57.518354527182694,注入领浆,0.0,0.0,0.0,0.0,0.0,0.0,0.0,0.0,0.0,0.0,0.0,1.0,0.0
3453.152501603938,57.55254169339897,注入领浆,0.0,0.0,0.0,0.0,0.0,0.0,0.0,0.0,0.0,0.0,0.0,1.0,0.0
3455.203731576915,57.58672885961525,注入领浆,0.0,0.0,0.0,0.0,0.0,0.0,0.0,0.0,0.0,0.0,0.0,1.0,0.0
3457.2549615498915,57.62091602583153,注入领浆,0.0,0.0,0.0,0.0,0.0,0.0,0.0,0.0,0.0,0.0,0.0,1.0,0.0
3459.306191522868,57.655103192047804,注入领浆,0.0,0.0,0.0,0.0,0.0,0.0,0.0,0.0,0.0,0.0,0.0,1.0,0.0
3461.357421495845,57.68929035826408,注入领浆,0.0,0.0,0.0,0.0,0.0,0.0,0.0,0.0,0.0,0.0,0.0,1.0,0.0
3463.4086514688215,57.72347752448036,注入领浆,0.0,0.0,0.0,0.0,0.0,0.0,0.0,0.0,0.0,0.0,0.0,1.0,0.0
3465.459881441798,57.757664690696636,注入领浆,0.0,0.0,0.0,0.0,0.0,0.0,0.0,0.0,0.0,0.0,0.0,1.0,0.0
3467.511111414775,57.79185185691291,注入领浆,0.0,0.0,0.0,0.0,0.0,0.0,0.0,0.0,0.0,0.0,0.0,1.0,0.0
3469.5623413877515,57.82603902312919,注入领浆,0.0,0.0,0.0,0.0,0.0,0.0,0.0,0.0,0.0,0.0,0.0,1.0,0.0
3471.613571360728,57.86022618934547,注入领浆,0.0,0.0,0.0,0.0,0.0,0.0,0.0,0.0,0.0,0.0,0.0,1.0,0.0
3473.664801333705,57.894413355561746,注入领浆,0.0,0.0,0.0,0.0,0.0,0.0,0.0,0.0,0.0,0.0,0.0,1.0,0.0
3475.7160313066815,57.92860052177802,注入领浆,0.0,0.0,0.0,0.0,0.0,0.0,0.0,0.0,0.0,0.0,0.0,1.0,0.0
3477.767261279658,57.9627876879943,注入领浆,0.0,0.0,0.0,0.0,0.0,0.0,0.0,0.0,0.0,0.0,0.0,1.0,0.0
3479.818491252635,57.996974854210585,注入领浆,0.0,0.0,0.0,0.0,0.0,0.0,0.0,0.0,0.0,0.0,0.0,1.0,0.0
3481.8697212256116,58.03116202042686,注入领浆,0.0,0.0,0.0,0.0,0.0,0.0,0.0,0.0,0.0,0.0,0.0,1.0,0.0
3483.920951198588,58.06534918664314,注入领浆,0.0,0.0,0.0,0.0,0.0,0.0,0.0,0.0,0.0,0.0,0.0,1.0,0.0
3485.972181171565,58.09953635285942,注入领浆,0.0,0.0,0.0,0.0,0.0,0.0,0.0,0.0,0.0,0.0,0.0,1.0,0.0
3488.0234111445416,58.133723519075694,注入领浆,0.0,0.0,0.0,0.0,0.0,0.0,0.0,0.0,0.0,0.0,0.0,1.0,0.0
3490.0746411175182,58.16791068529197,注入领浆,0.0,0.0,0.0,0.0,0.0,0.0,0.0,0.0,0.0,0.0,0.0,1.0,0.0
3492.125871090495,58.20209785150825,注入领浆,0.0,0.0,0.0,0.0,0.0,0.0,0.0,0.0,0.0,0.0,0.0,1.0,0.0
3494.1771010634716,58.236285017724526,注入领浆,0.0,0.0,0.0,0.0,0.0,0.0,0.0,0.0,0.0,0.0,0.0,1.0,0.0
3496.2283310364483,58.270472183940804,注入领浆,0.0,0.0,0.0,0.0,0.0,0.0,0.0,0.0,0.0,0.0,0.0,1.0,0.0
3498.279561009425,58.30465935015708,注入领浆,0.0,0.0,0.0,0.0,0.0,0.0,0.0,0.0,0.0,0.0,0.0,1.0,0.0
3500.3307909824016,58.33884651637336,注入领浆,0.0,0.0,0.0,0.0,0.0,0.0,0.0,0.0,0.0,0.0,0.0,1.0,0.0
3502.3820209553783,58.373033682589636,注入领浆,0.0,0.0,0.0,0.0,0.0,0.0,0.0,0.0,0.0,0.0,0.0,1.0,0.0
3504.433250928355,58.40722084880591,注入领浆,0.0,0.0,0.0,0.0,0.0,0.0,0.0,0.0,0.0,0.0,0.0,1.0,0.0
3506.4844809013316,58.44140801502219,注入领浆,0.0,0.0,0.0,0.0,0.0,0.0,0.0,0.0,0.0,0.0,0.0,1.0,0.0
3508.5357108743083,58.47559518123847,注入领浆,0.0,0.0,0.0,0.0,0.0,0.0,0.0,0.0,0.0,0.0,0.0,1.0,0.0
3510.586940847285,58.50978234745475,注入领浆,0.0,0.0,0.0,0.0,0.0,0.0,0.0,0.0,0.0,0.0,0.0,1.0,0.0
3512.6381708202616,58.54396951367103,注入领浆,0.0,0.0,0.0,0.0,0.0,0.0,0.0,0.0,0.0,0.0,0.0,1.0,0.0
3514.6894007932383,58.57815667988731,注入领浆,0.0,0.0,0.0,0.0,0.0,0.0,0.0,0.0,0.0,0.0,0.0,1.0,0.0
3516.740630766215,58.612343846103585,注入领浆,0.0,0.0,0.0,0.0,0.0,0.0,0.0,0.0,0.0,0.0,0.0,1.0,0.0
3518.7918607391916,58.64653101231986,注入领浆,0.0,0.0,0.0,0.0,0.0,0.0,0.0,0.0,0.0,0.0,0.0,1.0,0.0
3520.8430907121683,58.68071817853614,注入领浆,0.0,0.0,0.0,0.0,0.0,0.0,0.0,0.0,0.0,0.0,0.0,1.0,0.0
3522.894320685145,58.71490534475242,注入领浆,0.0,0.0,0.0,0.0,0.0,0.0,0.0,0.0,0.0,0.0,0.0,1.0,0.0
3524.9455506581216,58.749092510968694,注入领浆,0.0,0.0,0.0,0.0,0.0,0.0,0.0,0.0,0.0,0.0,0.0,1.0,0.0
3526.9967806310983,58.78327967718497,注入领浆,0.0,0.0,0.0,0.0,0.0,0.0,0.0,0.0,0.0,0.0,0.0,1.0,0.0
3529.048010604075,58.81746684340125,注入中间浆,0.0,0.0,0.0,0.0,0.0,0.0,0.0,0.0,0.0,0.0,0.0,1.0,0.0
3531.0992405770517,58.851654009617526,注入中间浆,0.0,0.0,0.0,0.0,0.0,0.0,0.0,0.0,0.0,0.0,0.0,1.0,0.0
3533.1504705500283,58.885841175833804,注入中间浆,0.0,0.0,0.0,0.0,0.0,0.0,0.0,0.0,0.0,0.0,0.0,1.0,0.0
3535.201700523005,58.92002834205008,注入中间浆,0.0,0.0,0.0,0.0,0.0,0.0,0.0,0.0,0.0,0.0,0.0,1.0,0.0
3537.2529304959817,58.95421550826636,注入中间浆,0.0,0.0,0.0,0.0,0.0,0.0,0.0,0.0,0.0,0.0,0.0,1.0,0.0
3539.3041604689583,58.988402674482636,注入中间浆,0.0,0.0,0.0,0.0,0.0,0.0,0.0,0.0,0.0,0.0,0.0,1.0,0.0
3541.355390441935,59.02258984069892,注入中间浆,0.0,0.0,0.0,0.0,0.0,0.0,0.0,0.0,0.0,0.0,0.0,1.0,0.0
3543.4066204149117,59.0567770069152,注入中间浆,0.0,0.0,0.0,0.0,0.0,0.0,0.0,0.0,0.0,0.0,0.0,1.0,0.0
3545.4578503878884,59.090964173131475,注入中间浆,0.0,0.0,0.0,0.0,0.0,0.0,0.0,0.0,0.0,0.0,0.0,1.0,0.0
3547.509080360865,59.12515133934775,注入中间浆,0.0,0.0,0.0,0.0,0.0,0.0,0.0,0.0,0.0,0.0,0.0,1.0,0.0
3549.5603103338417,59.15933850556403,注入中间浆,0.0,0.0,0.0,0.0,0.0,0.0,0.0,0.0,0.0,0.0,0.0,1.0,0.0
3551.6115403068184,59.19352567178031,注入中间浆,0.0,0.0,0.0,0.0,0.0,0.0,0.0,0.0,0.0,0.0,0.0,1.0,0.0
3553.662770279795,59.227712837996584,注入中间浆,0.0,0.0,0.0,0.0,0.0,0.0,0.0,0.0,0.0,0.0,0.0,1.0,0.0
3555.7140002527717,59.26190000421286,注入中间浆,0.0,0.0,0.0,0.0,0.0,0.0,0.0,0.0,0.0,0.0,0.0,1.0,0.0
3557.7652302257484,59.29608717042914,注入中间浆,0.0,0.0,0.0,0.0,0.0,0.0,0.0,0.0,0.0,0.0,0.0,1.0,0.0
3559.816460198725,59.33027433664542,注入中间浆,0.0,0.0,0.0,0.0,0.0,0.0,0.0,0.0,0.0,0.0,0.0,1.0,0.0
3561.8676901717017,59.364461502861694,注入中间浆,0.0,0.0,0.0,0.0,0.0,0.0,0.0,0.0,0.0,0.0,0.0,1.0,0.0
3563.9189201446784,59.39864866907797,注入中间浆,0.0,0.0,0.0,0.0,0.0,0.0,0.0,0.0,0.0,0.0,0.0,1.0,0.0
3565.970150117655,59.43283583529425,注入中间浆,0.0,0.0,0.0,0.0,0.0,0.0,0.0,0.0,0.0,0.0,0.0,1.0,0.0
3568.0213800906317,59.467023001510526,注入中间浆,0.0,0.0,0.0,0.0,0.0,0.0,0.0,0.0,0.0,0.0,0.0,1.0,0.0
3570.0726100636084,59.5012101677268,注入中间浆,0.0,0.0,0.0,0.0,0.0,0.0,0.0,0.0,0.0,0.0,0.0,1.0,0.0
3572.123840036585,59.53539733394309,注入中间浆,0.0,0.0,0.0,0.0,0.0,0.0,0.0,0.0,0.0,0.0,0.0,1.0,0.0
3574.1750700095618,59.569584500159365,注入中间浆,0.0,0.0,0.0,0.0,0.0,0.0,0.0,0.0,0.0,0.0,0.0,1.0,0.0
3576.2262999825384,59.60377166637564,注入中间浆,0.0,0.0,0.0,0.0,0.0,0.0,0.0,0.0,0.0,0.0,0.0,1.0,0.0
3578.277529955515,59.63795883259192,注入中间浆,0.0,0.0,0.0,0.0,0.0,0.0,0.0,0.0,0.0,0.0,0.0,1.0,0.0
3580.3287599284918,59.6721459988082,注入中间浆,0.0,0.0,0.0,0.0,0.0,0.0,0.0,0.0,0.0,0.0,0.0,1.0,0.0
3582.3799899014684,59.706333165024475,注入中间浆,0.0,0.0,0.0,0.0,0.0,0.0,0.0,0.0,0.0,0.0,0.0,1.0,0.0
3584.431219874445,59.74052033124075,注入中间浆,0.0,0.0,0.0,0.0,0.0,0.0,0.0,0.0,0.0,0.0,0.0,1.0,0.0
3586.482449847422,59.77470749745703,注入中间浆,0.0,0.0,0.0,0.0,0.0,0.0,0.0,0.0,0.0,0.0,0.0,1.0,0.0
3588.5336798203984,59.80889466367331,注入中间浆,0.0,0.0,0.0,0.0,0.0,0.0,0.0,0.0,0.0,0.0,0.0,1.0,0.0
3590.584909793375,59.843081829889584,注入中间浆,0.0,0.0,0.0,0.0,0.0,0.0,0.0,0.0,0.0,0.0,0.0,1.0,0.0
3592.636139766352,59.87726899610586,注入中间浆,0.0,0.0,0.0,0.0,0.0,0.0,0.0,0.0,0.0,0.0,0.0,1.0,0.0
3594.6873697393285,59.91145616232214,注入中间浆,0.0,0.0,0.0,0.0,0.0,0.0,0.0,0.0,0.0,0.0,0.0,1.0,0.0
3596.738599712305,59.94564332853842,注入中间浆,0.0,0.0,0.0,0.0,0.0,0.0,0.0,0.0,0.0,0.0,0.0,1.0,0.0
3598.789829685282,59.979830494754694,注入中间浆,0.0,0.0,0.0,0.0,0.0,0.0,0.0,0.0,0.0,0.0,0.0,1.0,0.0
3600.8410596582585,60.01401766097097,注入中间浆,0.0,0.0,0.0,0.0,0.0,0.0,0.0,0.0,0.0,0.0,0.0,1.0,0.0
3602.892289631235,60.048204827187256,注入中间浆,0.0,0.0,0.0,0.0,0.0,0.0,0.0,0.0,0.0,0.0,0.0,1.0,0.0
3604.943519604212,60.08239199340353,注入中间浆,0.0,0.0,0.0,0.0,0.0,0.0,0.0,0.0,0.0,0.0,0.0,1.0,0.0
3606.9947495771885,60.11657915961981,注入中间浆,0.0,0.0,0.0,0.0,0.0,0.0,0.0,0.0,0.0,0.0,0.0,1.0,0.0
3609.045979550165,60.15076632583609,注入中间浆,0.0,0.0,0.0,0.0,0.0,0.0,0.0,0.0,0.0,0.0,0.0,1.0,0.0
3611.097209523142,60.184953492052365,注入中间浆,0.0,0.0,0.0,0.0,0.0,0.0,0.0,0.0,0.0,0.0,0.0,1.0,0.0
3613.1484394961185,60.21914065826864,注入中间浆,0.0,0.0,0.0,0.0,0.0,0.0,0.0,0.0,0.0,0.0,0.0,1.0,0.0
3615.199669469095,60.25332782448492,注入中间浆,0.0,0.0,0.0,0.0,0.0,0.0,0.0,0.0,0.0,0.0,0.0,1.0,0.0
3617.250899442072,60.2875149907012,注入中间浆,0.0,0.0,0.0,0.0,0.0,0.0,0.0,0.0,0.0,0.0,0.0,1.0,0.0
3619.3021294150485,60.321702156917475,注入中间浆,0.0,0.0,0.0,0.0,0.0,0.0,0.0,0.0,0.0,0.0,0.0,1.0,0.0
3621.353359388025,60.35588932313375,注入中间浆,0.0,0.0,0.0,0.0,0.0,0.0,0.0,0.0,0.0,0.0,0.0,1.0,0.0
3623.404589361002,60.39007648935003,注入中间浆,0.0,0.0,0.0,0.0,0.0,0.0,0.0,0.0,0.0,0.0,0.0,1.0,0.0
3625.4558193339785,60.42426365556631,注入中间浆,0.0,0.0,0.0,0.0,0.0,0.0,0.0,0.0,0.0,0.0,0.0,1.0,0.0
3627.507049306955,60.458450821782584,注入中间浆,0.0,0.0,0.0,0.0,0.0,0.0,0.0,0.0,0.0,0.0,0.0,1.0,0.0
3629.558279279932,60.49263798799886,注入中间浆,0.0,0.0,0.0,0.0,0.0,0.0,0.0,0.0,0.0,0.0,0.0,1.0,0.0
3631.6095092529085,60.52682515421514,注入中间浆,0.0,0.0,0.0,0.0,0.0,0.0,0.0,0.0,0.0,0.0,0.0,1.0,0.0
3633.660739225885,60.56101232043142,注入中间浆,0.0,0.0,0.0,0.0,0.0,0.0,0.0,0.0,0.0,0.0,0.0,1.0,0.0
3635.711969198862,60.5951994866477,注入中间浆,0.0,0.0,0.0,0.0,0.0,0.0,0.0,0.0,0.0,0.0,0.0,1.0,0.0
3637.7631991718386,60.62938665286398,注入中间浆,0.0,0.0,0.0,0.0,0.0,0.0,0.0,0.0,0.0,0.0,0.0,1.0,0.0
3639.814429144815,60.663573819080256,注入中间浆,0.0,0.0,0.0,0.0,0.0,0.0,0.0,0.0,0.0,0.0,0.0,1.0,0.0
3641.865659117792,60.69776098529653,注入中间浆,0.0,0.0,0.0,0.0,0.0,0.0,0.0,0.0,0.0,0.0,0.0,1.0,0.0
3643.9168890907686,60.73194815151281,注入中间浆,0.0,0.0,0.0,0.0,0.0,0.0,0.0,0.0,0.0,0.0,0.0,1.0,0.0
3645.9681190637452,60.76613531772909,注入中间浆,0.0,0.0,0.0,0.0,0.0,0.0,0.0,0.0,0.0,0.0,0.0,1.0,0.0
3648.019349036722,60.800322483945365,注入中间浆,0.0,0.0,0.0,0.0,0.0,0.0,0.0,0.0,0.0,0.0,0.0,1.0,0.0
3650.0705790096986,60.83450965016164,注入中间浆,0.0,0.0,0.0,0.0,0.0,0.0,0.0,0.0,0.0,0.0,0.0,1.0,0.0
3652.1218089826752,60.86869681637792,注入中间浆,0.0,0.0,0.0,0.0,0.0,0.0,0.0,0.0,0.0,0.0,0.0,1.0,0.0
3654.173038955652,60.9028839825942,注入中间浆,0.0,0.0,0.0,0.0,0.0,0.0,0.0,0.0,0.0,0.0,0.0,1.0,0.0
3656.2242689286286,60.937071148810475,注入中间浆,0.0,0.0,0.0,0.0,0.0,0.0,0.0,0.0,0.0,0.0,0.0,1.0,0.0
3658.2754989016053,60.97125831502675,注入中间浆,0.0,0.0,0.0,0.0,0.0,0.0,0.0,0.0,0.0,0.0,0.0,1.0,0.0
3660.326728874582,61.00544548124303,注入中间浆,0.0,0.0,0.0,0.0,0.0,0.0,0.0,0.0,0.0,0.0,0.0,1.0,0.0
3662.3779588475586,61.03963264745931,注入中间浆,0.0,0.0,0.0,0.0,0.0,0.0,0.0,0.0,0.0,0.0,0.0,1.0,0.0
3664.4291888205353,61.07381981367559,注入中间浆,0.0,0.0,0.0,0.0,0.0,0.0,0.0,0.0,0.0,0.0,0.0,1.0,0.0
3666.480418793512,61.10800697989187,注入中间浆,0.0,0.0,0.0,0.0,0.0,0.0,0.0,0.0,0.0,0.0,0.0,1.0,0.0
3668.5316487664886,61.142194146108146,注入中间浆,0.0,0.0,0.0,0.0,0.0,0.0,0.0,0.0,0.0,0.0,0.0,1.0,0.0
3670.5828787394653,61.17638131232442,注入中间浆,0.0,0.0,0.0,0.0,0.0,0.0,0.0,0.0,0.0,0.0,0.0,1.0,0.0
3672.634108712442,61.2105684785407,注入中间浆,0.0,0.0,0.0,0.0,0.0,0.0,0.0,0.0,0.0,0.0,0.0,1.0,0.0
3674.6853386854186,61.24475564475698,注入中间浆,0.0,0.0,0.0,0.0,0.0,0.0,0.0,0.0,0.0,0.0,0.0,1.0,0.0
3676.7365686583953,61.278942810973255,注入中间浆,0.0,0.0,0.0,0.0,0.0,0.0,0.0,0.0,0.0,0.0,0.0,1.0,0.0
3678.787798631372,61.31312997718953,注入中间浆,0.0,0.0,0.0,0.0,0.0,0.0,0.0,0.0,0.0,0.0,0.0,1.0,0.0
3680.8390286043486,61.34731714340581,注入中间浆,0.0,0.0,0.0,0.0,0.0,0.0,0.0,0.0,0.0,0.0,0.0,1.0,0.0
3682.8902585773253,61.38150430962209,注入中间浆,0.0,0.0,0.0,0.0,0.0,0.0,0.0,0.0,0.0,0.0,0.0,1.0,0.0
3684.941488550302,61.415691475838365,注入中间浆,0.0,0.0,0.0,0.0,0.0,0.0,0.0,0.0,0.0,0.0,0.0,1.0,0.0
3686.9927185232787,61.44987864205464,注入中间浆,0.0,0.0,0.0,0.0,0.0,0.0,0.0,0.0,0.0,0.0,0.0,1.0,0.0
3689.0439484962553,61.48406580827092,注入中间浆,0.0,0.0,0.0,0.0,0.0,0.0,0.0,0.0,0.0,0.0,0.0,1.0,0.0
3691.095178469232,61.5182529744872,注入中间浆,0.0,0.0,0.0,0.0,0.0,0.0,0.0,0.0,0.0,0.0,0.0,1.0,0.0
3693.1464084422087,61.552440140703474,注入中间浆,0.0,0.0,0.0,0.0,0.0,0.0,0.0,0.0,0.0,0.0,0.0,1.0,0.0
3695.1976384151853,61.58662730691976,注入中间浆,0.0,0.0,0.0,0.0,0.0,0.0,0.0,0.0,0.0,0.0,0.0,1.0,0.0
3697.248868388162,61.620814473136036,注入中间浆,0.0,0.0,0.0,0.0,0.0,0.0,0.0,0.0,0.0,0.0,0.0,1.0,0.0
3699.3000983611387,61.655001639352314,注入中间浆,0.0,0.0,0.0,0.0,0.0,0.0,0.0,0.0,0.0,0.0,0.0,1.0,0.0
3701.3513283341154,61.68918880556859,注入中间浆,0.0,0.0,0.0,0.0,0.0,0.0,0.0,0.0,0.0,0.0,0.0,1.0,0.0
3703.402558307092,61.72337597178487,注入中间浆,0.0,0.0,0.0,0.0,0.0,0.0,0.0,0.0,0.0,0.0,0.0,1.0,0.0
3705.4537882800687,61.757563138001146,注入中间浆,0.0,0.0,0.0,0.0,0.0,0.0,0.0,0.0,0.0,0.0,0.0,1.0,0.0
3707.5050182530454,61.79175030421742,注入中间浆,0.0,0.0,0.0,0.0,0.0,0.0,0.0,0.0,0.0,0.0,0.0,1.0,0.0
3709.556248226022,61.8259374704337,注入中间浆,0.0,0.0,0.0,0.0,0.0,0.0,0.0,0.0,0.0,0.0,0.0,1.0,0.0
3711.6074781989987,61.86012463664998,注入中间浆,0.0,0.0,0.0,0.0,0.0,0.0,0.0,0.0,0.0,0.0,0.0,1.0,0.0
3713.6587081719754,61.894311802866255,注入中间浆,0.0,0.0,0.0,0.0,0.0,0.0,0.0,0.0,0.0,0.0,0.0,1.0,0.0
3715.709938144952,61.92849896908253,注入中间浆,0.0,0.0,0.0,0.0,0.0,0.0,0.0,0.0,0.0,0.0,0.0,1.0,0.0
3717.7611681179287,61.96268613529881,注入中间浆,0.0,0.0,0.0,0.0,0.0,0.0,0.0,0.0,0.0,0.0,0.0,1.0,0.0
3719.8123980909054,61.99687330151509,注入中间浆,0.0,0.0,0.0,0.0,0.0,0.0,0.0,0.0,0.0,0.0,0.0,1.0,0.0
3721.863628063882,62.031060467731365,注入中间浆,0.0,0.0,0.0,0.0,0.0,0.0,0.0,0.0,0.0,0.0,0.0,1.0,0.0
3723.9148580368587,62.06524763394764,注入中间浆,0.0,0.0,0.0,0.0,0.0,0.0,0.0,0.0,0.0,0.0,0.0,1.0,0.0
3725.9660880098354,62.09943480016393,注入中间浆,0.0,0.0,0.0,0.0,0.0,0.0,0.0,0.0,0.0,0.0,0.0,1.0,0.0
3728.017317982812,62.133621966380204,注入中间浆,0.0,0.0,0.0,0.0,0.0,0.0,0.0,0.0,0.0,0.0,0.0,1.0,0.0
3730.0685479557887,62.16780913259648,注入中间浆,0.0,0.0,0.0,0.0,0.0,0.0,0.0,0.0,0.0,0.0,0.0,1.0,0.0
3732.1197779287654,62.20199629881276,注入中间浆,0.0,0.0,0.0,0.0,0.0,0.0,0.0,0.0,0.0,0.0,0.0,1.0,0.0
3734.171007901742,62.236183465029036,注入中间浆,0.0,0.0,0.0,0.0,0.0,0.0,0.0,0.0,0.0,0.0,0.0,1.0,0.0
3736.2222378747188,62.270370631245314,注入中间浆,0.0,0.0,0.0,0.0,0.0,0.0,0.0,0.0,0.0,0.0,0.0,1.0,0.0
3738.2734678476954,62.30455779746159,注入中间浆,0.0,0.0,0.0,0.0,0.0,0.0,0.0,0.0,0.0,0.0,0.0,1.0,0.0
3740.324697820672,62.33874496367787,注入中间浆,0.0,0.0,0.0,0.0,0.0,0.0,0.0,0.0,0.0,0.0,0.0,1.0,0.0
3742.3759277936488,62.372932129894146,注入中间浆,0.0,0.0,0.0,0.0,0.0,0.0,0.0,0.0,0.0,0.0,0.0,1.0,0.0
3744.4271577666254,62.40711929611042,注入中间浆,0.0,0.0,0.0,0.0,0.0,0.0,0.0,0.0,0.0,0.0,0.0,1.0,0.0
3746.478387739602,62.4413064623267,注入中间浆,0.0,0.0,0.0,0.0,0.0,0.0,0.0,0.0,0.0,0.0,0.0,1.0,0.0
3748.529617712579,62.47549362854298,注入中间浆,0.0,0.0,0.0,0.0,0.0,0.0,0.0,0.0,0.0,0.0,0.0,1.0,0.0
3750.5808476855555,62.509680794759255,注入中间浆,0.0,0.0,0.0,0.0,0.0,0.0,0.0,0.0,0.0,0.0,0.0,1.0,0.0
3752.632077658532,62.54386796097553,注入中间浆,0.0,0.0,0.0,0.0,0.0,0.0,0.0,0.0,0.0,0.0,0.0,1.0,0.0
3754.683307631509,62.57805512719181,注入中间浆,0.0,0.0,0.0,0.0,0.0,0.0,0.0,0.0,0.0,0.0,0.0,1.0,0.0
3756.7345376044855,62.612242293408094,注入中间浆,0.0,0.0,0.0,0.0,0.0,0.0,0.0,0.0,0.0,0.0,0.0,1.0,0.0
3758.785767577462,62.64642945962437,注入中间浆,0.0,0.0,0.0,0.0,0.0,0.0,0.0,0.0,0.0,0.0,0.0,1.0,0.0
3760.836997550439,62.68061662584065,注入中间浆,0.0,0.0,0.0,0.0,0.0,0.0,0.0,0.0,0.0,0.0,0.0,1.0,0.0
3762.8882275234155,62.71480379205693,注入中间浆,0.0,0.0,0.0,0.0,0.0,0.0,0.0,0.0,0.0,0.0,0.0,1.0,0.0
3764.939457496392,62.748990958273204,注入中间浆,0.0,0.0,0.0,0.0,0.0,0.0,0.0,0.0,0.0,0.0,0.0,1.0,0.0
3766.990687469369,62.78317812448948,注入中间浆,0.0,0.0,0.0,0.0,0.0,0.0,0.0,0.0,0.0,0.0,0.0,1.0,0.0
3769.0419174423455,62.81736529070576,注入中间浆,0.0,0.0,0.0,0.0,0.0,0.0,0.0,0.0,0.0,0.0,0.0,1.0,0.0
3771.093147415322,62.851552456922036,注入中间浆,0.0,0.0,0.0,0.0,0.0,0.0,0.0,0.0,0.0,0.0,0.0,1.0,0.0
3773.144377388299,62.88573962313831,注入中间浆,0.0,0.0,0.0,0.0,0.0,0.0,0.0,0.0,0.0,0.0,0.0,1.0,0.0
3775.1956073612755,62.91992678935459,注入中间浆,0.0,0.0,0.0,0.0,0.0,0.0,0.0,0.0,0.0,0.0,0.0,1.0,0.0
3777.246837334252,62.95411395557087,注入中间浆,0.0,0.0,0.0,0.0,0.0,0.0,0.0,0.0,0.0,0.0,0.0,1.0,0.0
3779.298067307229,62.988301121787146,注入中间浆,0.0,0.0,0.0,0.0,0.0,0.0,0.0,0.0,0.0,0.0,0.0,1.0,0.0
3781.3492972802055,63.02248828800342,注入中间浆,0.0,0.0,0.0,0.0,0.0,0.0,0.0,0.0,0.0,0.0,0.0,1.0,0.0
3783.400527253182,63.0566754542197,注入中间浆,0.0,0.0,0.0,0.0,0.0,0.0,0.0,0.0,0.0,0.0,0.0,1.0,0.0
3785.451757226159,63.09086262043598,注入中间浆,0.0,0.0,0.0,0.0,0.0,0.0,0.0,0.0,0.0,0.0,0.0,1.0,0.0
3787.5029871991355,63.12504978665226,注入中间浆,0.0,0.0,0.0,0.0,0.0,0.0,0.0,0.0,0.0,0.0,0.0,1.0,0.0
3789.554217172112,63.15923695286854,注入中间浆,0.0,0.0,0.0,0.0,0.0,0.0,0.0,0.0,0.0,0.0,0.0,1.0,0.0
3791.605447145089,63.19342411908482,注入中间浆,0.0,0.0,0.0,0.0,0.0,0.0,0.0,0.0,0.0,0.0,0.0,1.0,0.0
3793.6566771180655,63.227611285301094,注入中间浆,0.0,0.0,0.0,0.0,0.0,0.0,0.0,0.0,0.0,0.0,0.0,1.0,0.0
3795.707907091042,63.26179845151737,注入中间浆,0.0,0.0,0.0,0.0,0.0,0.0,0.0,0.0,0.0,0.0,0.0,1.0,0.0
3797.759137064019,63.29598561773365,注入中间浆,0.0,0.0,0.0,0.0,0.0,0.0,0.0,0.0,0.0,0.0,0.0,1.0,0.0
3799.8103670369956,63.330172783949926,注入中间浆,0.0,0.0,0.0,0.0,0.0,0.0,0.0,0.0,0.0,0.0,0.0,1.0,0.0
3801.8615970099722,63.364359950166204,注入中间浆,0.0,0.0,0.0,0.0,0.0,0.0,0.0,0.0,0.0,0.0,0.0,1.0,0.0
3803.912826982949,63.39854711638248,注入中间浆,0.0,0.0,0.0,0.0,0.0,0.0,0.0,0.0,0.0,0.0,0.0,1.0,0.0
3805.9640569559256,63.43273428259876,注入中间浆,0.0,0.0,0.0,0.0,0.0,0.0,0.0,0.0,0.0,0.0,0.0,1.0,0.0
3808.0152869289022,63.466921448815036,注入中间浆,0.0,0.0,0.0,0.0,0.0,0.0,0.0,0.0,0.0,0.0,0.0,1.0,0.0
3810.066516901879,63.50110861503131,注入中间浆,0.0,0.0,0.0,0.0,0.0,0.0,0.0,0.0,0.0,0.0,0.0,1.0,0.0
3812.1177468748556,63.53529578124759,注入中间浆,0.0,0.0,0.0,0.0,0.0,0.0,0.0,0.0,0.0,0.0,0.0,1.0,0.0
3814.1689768478323,63.56948294746387,注入中间浆,0.0,0.0,0.0,0.0,0.0,0.0,0.0,0.0,0.0,0.0,0.0,1.0,0.0
3816.220206820809,63.603670113680145,注入中间浆,0.0,0.0,0.0,0.0,0.0,0.0,0.0,0.0,0.0,0.0,0.0,1.0,0.0
3818.2714367937856,63.63785727989643,注入中间浆,0.0,0.0,0.0,0.0,0.0,0.0,0.0,0.0,0.0,0.0,0.0,1.0,0.0
3820.3226667667623,63.67204444611271,注入中间浆,0.0,0.0,0.0,0.0,0.0,0.0,0.0,0.0,0.0,0.0,0.0,1.0,0.0
3822.373896739739,63.706231612328985,注入中间浆,0.0,0.0,0.0,0.0,0.0,0.0,0.0,0.0,0.0,0.0,0.0,1.0,0.0
3824.4251267127156,63.74041877854526,注入中间浆,0.0,0.0,0.0,0.0,0.0,0.0,0.0,0.0,0.0,0.0,0.0,1.0,0.0
3826.4763566856923,63.77460594476154,注入中间浆,0.0,0.0,0.0,0.0,0.0,0.0,0.0,0.0,0.0,0.0,0.0,1.0,0.0
3828.527586658669,63.80879311097782,注入中间浆,0.0,0.0,0.0,0.0,0.0,0.0,0.0,0.0,0.0,0.0,0.0,1.0,0.0
3830.5788166316456,63.842980277194094,注入中间浆,0.0,0.0,0.0,0.0,0.0,0.0,0.0,0.0,0.0,0.0,0.0,1.0,0.0
3832.6300466046223,63.87716744341037,注入中间浆,0.0,0.0,0.0,0.0,0.0,0.0,0.0,0.0,0.0,0.0,0.0,1.0,0.0
3834.681276577599,63.91135460962665,注入中间浆,0.0,0.0,0.0,0.0,0.0,0.0,0.0,0.0,0.0,0.0,0.0,1.0,0.0
3836.7325065505756,63.945541775842926,注入中间浆,0.0,0.0,0.0,0.0,0.0,0.0,0.0,0.0,0.0,0.0,0.0,1.0,0.0
3838.7837365235523,63.979728942059204,注入中间浆,0.0,0.0,0.0,0.0,0.0,0.0,0.0,0.0,0.0,0.0,0.0,1.0,0.0
3840.834966496529,64.01391610827548,注入中间浆,0.0,0.0,0.0,0.0,0.0,0.0,0.0,0.0,0.0,0.0,0.0,1.0,0.0
3842.8861964695056,64.04810327449177,注入中间浆,0.0,0.0,0.0,0.0,0.0,0.0,0.0,0.0,0.0,0.0,0.0,1.0,0.0
3844.9374264424823,64.08229044070804,注入中间浆,0.0,0.0,0.0,0.0,0.0,0.0,0.0,0.0,0.0,0.0,0.0,1.0,0.0
3846.988656415459,64.11647760692432,注入中间浆,0.0,0.0,0.0,0.0,0.0,0.0,0.0,0.0,0.0,0.0,0.0,1.0,0.0
3849.0398863884357,64.15066477314059,注入中间浆,0.0,0.0,0.0,0.0,0.0,0.0,0.0,0.0,0.0,0.0,0.0,1.0,0.0
3851.0911163614123,64.18485193935688,注入中间浆,0.0,0.0,0.0,0.0,0.0,0.0,0.0,0.0,0.0,0.0,0.0,1.0,0.0
3853.142346334389,64.21903910557315,注入中间浆,0.0,0.0,0.0,0.0,0.0,0.0,0.0,0.0,0.0,0.0,0.0,1.0,0.0
3855.1935763073657,64.25322627178943,注入中间浆,0.0,0.0,0.0,0.0,0.0,0.0,0.0,0.0,0.0,0.0,0.0,1.0,0.0
3857.2448062803423,64.2874134380057,注入中间浆,0.0,0.0,0.0,0.0,0.0,0.0,0.0,0.0,0.0,0.0,0.0,1.0,0.0
3859.296036253319,64.32160060422198,注入中间浆,0.0,0.0,0.0,0.0,0.0,0.0,0.0,0.0,0.0,0.0,0.0,1.0,0.0
3861.3472662262957,64.35578777043825,注入中间浆,0.0,0.0,0.0,0.0,0.0,0.0,0.0,0.0,0.0,0.0,0.0,1.0,0.0
3863.3984961992724,64.38997493665454,注入中间浆,0.0,0.0,0.0,0.0,0.0,0.0,0.0,0.0,0.0,0.0,0.0,1.0,0.0
3865.449726172249,64.42416210287082,注入中间浆,0.0,0.0,0.0,0.0,0.0,0.0,0.0,0.0,0.0,0.0,0.0,1.0,0.0
3867.5009561452257,64.4583492690871,注入中间浆,0.0,0.0,0.0,0.0,0.0,0.0,0.0,0.0,0.0,0.0,0.0,1.0,0.0
3869.5521861182024,64.49253643530338,注入中间浆,0.0,0.0,0.0,0.0,0.0,0.0,0.0,0.0,0.0,0.0,0.0,1.0,0.0
3871.603416091179,64.52672360151965,注入中间浆,0.0,0.0,0.0,0.0,0.0,0.0,0.0,0.0,0.0,0.0,0.0,1.0,0.0
3873.6546460641557,64.56091076773593,注入中间浆,0.0,0.0,0.0,0.0,0.0,0.0,0.0,0.0,0.0,0.0,0.0,1.0,0.0
3875.7058760371324,64.5950979339522,注入中间浆,0.0,0.0,0.0,0.0,0.0,0.0,0.0,0.0,0.0,0.0,0.0,1.0,0.0
3877.757106010109,64.62928510016849,注入中间浆,0.0,0.0,0.0,0.0,0.0,0.0,0.0,0.0,0.0,0.0,0.0,1.0,0.0
3879.8083359830857,64.66347226638476,注入中间浆,0.0,0.0,0.0,0.0,0.0,0.0,0.0,0.0,0.0,0.0,0.0,1.0,0.0
3881.8595659560624,64.69765943260104,注入中间浆,0.0,0.0,0.0,0.0,0.0,0.0,0.0,0.0,0.0,0.0,0.0,1.0,0.0
3883.910795929039,64.73184659881731,注入中间浆,0.0,0.0,0.0,0.0,0.0,0.0,0.0,0.0,0.0,0.0,0.0,1.0,0.0
3885.9620259020157,64.7660337650336,注入中间浆,0.0,0.0,0.0,0.0,0.0,0.0,0.0,0.0,0.0,0.0,0.0,1.0,0.0
3888.0132558749924,64.80022093124987,注入中间浆,0.0,0.0,0.0,0.0,0.0,0.0,0.0,0.0,0.0,0.0,0.0,1.0,0.0
3890.064485847969,64.83440809746615,注入中间浆,0.0,0.0,0.0,0.0,0.0,0.0,0.0,0.0,0.0,0.0,0.0,1.0,0.0
3892.1157158209458,64.86859526368242,注入中间浆,0.0,0.0,0.0,0.0,0.0,0.0,0.0,0.0,0.0,0.0,0.0,1.0,0.0
3894.1669457939224,64.9027824298987,注入中间浆,0.0,0.0,0.0,0.0,0.0,0.0,0.0,0.0,0.0,0.0,0.0,1.0,0.0
3896.218175766899,64.93696959611499,注入中间浆,0.0,0.0,0.0,0.0,0.0,0.0,0.0,0.0,0.0,0.0,0.0,1.0,0.0
3898.2694057398758,64.97115676233126,注入中间浆,0.0,0.0,0.0,0.0,0.0,0.0,0.0,0.0,0.0,0.0,0.0,1.0,0.0
3900.3206357128524,65.00534392854755,注入中间浆,0.0,0.0,0.0,0.0,0.0,0.0,0.0,0.0,0.0,0.0,0.0,1.0,0.0
3902.371865685829,65.03953109476382,注入中间浆,0.0,0.0,0.0,0.0,0.0,0.0,0.0,0.0,0.0,0.0,0.0,1.0,0.0
3904.423095658806,65.0737182609801,注入中间浆,0.0,0.0,0.0,0.0,0.0,0.0,0.0,0.0,0.0,0.0,0.0,1.0,0.0
3906.4743256317824,65.10790542719637,注入中间浆,0.0,0.0,0.0,0.0,0.0,0.0,0.0,0.0,0.0,0.0,0.0,1.0,0.0
3908.525555604759,65.14209259341266,注入中间浆,0.0,0.0,0.0,0.0,0.0,0.0,0.0,0.0,0.0,0.0,0.0,1.0,0.0
3910.576785577736,65.17627975962893,注入中间浆,0.0,0.0,0.0,0.0,0.0,0.0,0.0,0.0,0.0,0.0,0.0,1.0,0.0
3912.6280155507125,65.21046692584521,注入中间浆,0.0,0.0,0.0,0.0,0.0,0.0,0.0,0.0,0.0,0.0,0.0,1.0,0.0
3914.679245523689,65.24465409206148,注入中间浆,0.0,0.0,0.0,0.0,0.0,0.0,0.0,0.0,0.0,0.0,0.0,1.0,0.0
3916.730475496666,65.27884125827777,注入中间浆,0.0,0.0,0.0,0.0,0.0,0.0,0.0,0.0,0.0,0.0,0.0,1.0,0.0
3918.7817054696425,65.31302842449404,注入中间浆,0.0,0.0,0.0,0.0,0.0,0.0,0.0,0.0,0.0,0.0,0.0,1.0,0.0
3920.832935442619,65.34721559071032,注入中间浆,0.0,0.0,0.0,0.0,0.0,0.0,0.0,0.0,0.0,0.0,0.0,1.0,0.0
3922.884165415596,65.38140275692659,注入中间浆,0.0,0.0,0.0,0.0,0.0,0.0,0.0,0.0,0.0,0.0,0.0,1.0,0.0
3924.9353953885725,65.41558992314287,注入中间浆,0.0,0.0,0.0,0.0,0.0,0.0,0.0,0.0,0.0,0.0,0.0,1.0,0.0
3926.986625361549,65.44977708935916,注入中间浆,0.0,0.0,0.0,0.0,0.0,0.0,0.0,0.0,0.0,0.0,0.0,1.0,0.0
3929.037855334526,65.48396425557543,注入中间浆,0.0,0.0,0.0,0.0,0.0,0.0,0.0,0.0,0.0,0.0,0.0,1.0,0.0
3931.0890853075025,65.51815142179171,注入中间浆,0.0,0.0,0.0,0.0,0.0,0.0,0.0,0.0,0.0,0.0,0.0,1.0,0.0
3933.140315280479,65.55233858800798,注入中间浆,0.0,0.0,0.0,0.0,0.0,0.0,0.0,0.0,0.0,0.0,0.0,1.0,0.0
3935.191545253456,65.58652575422427,注入中间浆,0.0,0.0,0.0,0.0,0.0,0.0,0.0,0.0,0.0,0.0,0.0,1.0,0.0
3937.2427752264325,65.62071292044054,注入中间浆,0.0,0.0,0.0,0.0,0.0,0.0,0.0,0.0,0.0,0.0,0.0,1.0,0.0
3939.294005199409,65.65490008665682,注入中间浆,0.0,0.0,0.0,0.0,0.0,0.0,0.0,0.0,0.0,0.0,0.0,1.0,0.0
3941.345235172386,65.6890872528731,注入中间浆,0.0,0.0,0.0,0.0,0.0,0.0,0.0,0.0,0.0,0.0,0.0,1.0,0.0
3943.3964651453625,65.72327441908938,注入中间浆,0.0,0.0,0.0,0.0,0.0,0.0,0.0,0.0,0.0,0.0,0.0,1.0,0.0
3945.447695118339,65.75746158530565,注入中间浆,0.0,0.0,0.0,0.0,0.0,0.0,0.0,0.0,0.0,0.0,0.0,1.0,0.0
3947.498925091316,65.79164875152193,注入中间浆,0.0,0.0,0.0,0.0,0.0,0.0,0.0,0.0,0.0,0.0,0.0,1.0,0.0
3949.5501550642925,65.8258359177382,注入中间浆,0.0,0.0,0.0,0.0,0.0,0.0,0.0,0.0,0.0,0.0,0.0,1.0,0.0
3951.601385037269,65.86002308395449,注入中间浆,0.0,0.0,0.0,0.0,0.0,0.0,0.0,0.0,0.0,0.0,0.0,1.0,0.0
3953.652615010246,65.89421025017076,注入中间浆,0.0,0.0,0.0,0.0,0.0,0.0,0.0,0.0,0.0,0.0,0.0,1.0,0.0
3955.7038449832226,65.92839741638704,注入中间浆,0.0,0.0,0.0,0.0,0.0,0.0,0.0,0.0,0.0,0.0,0.0,1.0,0.0
3957.755074956199,65.96258458260333,注入中间浆,0.0,0.0,0.0,0.0,0.0,0.0,0.0,0.0,0.0,0.0,0.0,1.0,0.0
3959.806304929176,65.9967717488196,注入中间浆,0.0,0.0,0.0,0.0,0.0,0.0,0.0,0.0,0.0,0.0,0.0,1.0,0.0
3961.8575349021526,66.03095891503588,注入中间浆,0.0,0.0,0.0,0.0,0.0,0.0,0.0,0.0,0.0,0.0,0.0,1.0,0.0
3963.9087648751292,66.06514608125215,注入中间浆,0.0,0.0,0.0,0.0,0.0,0.0,0.0,0.0,0.0,0.0,0.0,1.0,0.0
3965.959994848106,66.09933324746844,注入中间浆,0.0,0.0,0.0,0.0,0.0,0.0,0.0,0.0,0.0,0.0,0.0,1.0,0.0
3968.0112248210826,66.1335204136847,注入中间浆,0.0,0.0,0.0,0.0,0.0,0.0,0.0,0.0,0.0,0.0,0.0,1.0,0.0
3970.0624547940592,66.16770757990099,注入中间浆,0.0,0.0,0.0,0.0,0.0,0.0,0.0,0.0,0.0,0.0,0.0,1.0,0.0
3972.113684767036,66.20189474611726,注入中间浆,0.0,0.0,0.0,0.0,0.0,0.0,0.0,0.0,0.0,0.0,0.0,1.0,0.0
3974.1649147400126,66.23608191233355,注入中间浆,0.0,0.0,0.0,0.0,0.0,0.0,0.0,0.0,0.0,0.0,0.0,1.0,0.0
3976.2161447129893,66.27026907854982,注入中间浆,0.0,0.0,0.0,0.0,0.0,0.0,0.0,0.0,0.0,0.0,0.0,1.0,0.0
3978.267374685966,66.3044562447661,注入中间浆,0.0,0.0,0.0,0.0,0.0,0.0,0.0,0.0,0.0,0.0,0.0,1.0,0.0
3980.3186046589426,66.33864341098237,注入中间浆,0.0,0.0,0.0,0.0,0.0,0.0,0.0,0.0,0.0,0.0,0.0,1.0,0.0
3982.3698346319193,66.37283057719866,注入中间浆,0.0,0.0,0.0,0.0,0.0,0.0,0.0,0.0,0.0,0.0,0.0,1.0,0.0
3984.421064604896,66.40701774341493,注入中间浆,0.0,0.0,0.0,0.0,0.0,0.0,0.0,0.0,0.0,0.0,0.0,1.0,0.0
3986.4722945778726,66.44120490963121,注入中间浆,0.0,0.0,0.0,0.0,0.0,0.0,0.0,0.0,0.0,0.0,0.0,1.0,0.0
3988.5235245508493,66.4753920758475,注入中间浆,0.0,0.0,0.0,0.0,0.0,0.0,0.0,0.0,0.0,0.0,0.0,1.0,0.0
3990.574754523826,66.50957924206377,注入中间浆,0.0,0.0,0.0,0.0,0.0,0.0,0.0,0.0,0.0,0.0,0.0,1.0,0.0
3992.6259844968026,66.54376640828005,注入中间浆,0.0,0.0,0.0,0.0,0.0,0.0,0.0,0.0,0.0,0.0,0.0,1.0,0.0
3994.6772144697793,66.57795357449632,注入中间浆,0.0,0.0,0.0,0.0,0.0,0.0,0.0,0.0,0.0,0.0,0.0,1.0,0.0
3996.728444442756,66.6121407407126,注入中间浆,0.0,0.0,0.0,0.0,0.0,0.0,0.0,0.0,0.0,0.0,0.0,1.0,0.0
3998.7796744157326,66.64632790692887,注入中间浆,0.0,0.0,0.0,0.0,0.0,0.0,0.0,0.0,0.0,0.0,0.0,1.0,0.0
4000.8309043887093,66.68051507314516,注入中间浆,0.0,0.0,0.0,0.0,0.0,0.0,0.0,0.0,0.0,0.0,0.0,1.0,0.0
4002.882134361686,66.71470223936143,注入中间浆,0.0,0.0,0.0,0.0,0.0,0.0,0.0,0.0,0.0,0.0,0.0,1.0,0.0
4004.9333643346627,66.74888940557771,注入中间浆,0.0,0.0,0.0,0.0,0.0,0.0,0.0,0.0,0.0,0.0,0.0,1.0,0.0
4006.9845943076393,66.78307657179398,注入中间浆,0.0,0.0,0.0,0.0,0.0,0.0,0.0,0.0,0.0,0.0,0.0,1.0,0.0
4009.035824280616,66.81726373801027,注入中间浆,0.0,0.0,0.0,0.0,0.0,0.0,0.0,0.0,0.0,0.0,0.0,1.0,0.0
4011.0870542535927,66.85145090422654,注入中间浆,0.0,0.0,0.0,0.0,0.0,0.0,0.0,0.0,0.0,0.0,0.0,1.0,0.0
4013.1382842265693,66.88563807044282,注入中间浆,0.0,0.0,0.0,0.0,0.0,0.0,0.0,0.0,0.0,0.0,0.0,1.0,0.0
4015.189514199546,66.9198252366591,注入中间浆,0.0,0.0,0.0,0.0,0.0,0.0,0.0,0.0,0.0,0.0,0.0,1.0,0.0
4017.2407441725227,66.95401240287538,注入中间浆,0.0,0.0,0.0,0.0,0.0,0.0,0.0,0.0,0.0,0.0,0.0,1.0,0.0
4019.2919741454994,66.98819956909166,注入中间浆,0.0,0.0,0.0,0.0,0.0,0.0,0.0,0.0,0.0,0.0,0.0,1.0,0.0
4021.343204118476,67.02238673530793,注入中间浆,0.0,0.0,0.0,0.0,0.0,0.0,0.0,0.0,0.0,0.0,0.0,1.0,0.0
4023.3944340914527,67.05657390152422,注入中间浆,0.0,0.0,0.0,0.0,0.0,0.0,0.0,0.0,0.0,0.0,0.0,1.0,0.0
4025.4456640644294,67.09076106774049,注入中间浆,0.0,0.0,0.0,0.0,0.0,0.0,0.0,0.0,0.0,0.0,0.0,1.0,0.0
4027.496894037406,67.12494823395677,注入中间浆,0.0,0.0,0.0,0.0,0.0,0.0,0.0,0.0,0.0,0.0,0.0,1.0,0.0
4029.5481240103827,67.15913540017304,注入中间浆,0.0,0.0,0.0,0.0,0.0,0.0,0.0,0.0,0.0,0.0,0.0,1.0,0.0
4031.5993539833594,67.19332256638933,注入中间浆,0.0,0.0,0.0,0.0,0.0,0.0,0.0,0.0,0.0,0.0,0.0,1.0,0.0
4033.650583956336,67.2275097326056,注入中间浆,0.0,0.0,0.0,0.0,0.0,0.0,0.0,0.0,0.0,0.0,0.0,1.0,0.0
4035.7018139293127,67.26169689882188,注入中间浆,0.0,0.0,0.0,0.0,0.0,0.0,0.0,0.0,0.0,0.0,0.0,1.0,0.0
4037.7530439022894,67.29588406503815,注入中间浆,0.0,0.0,0.0,0.0,0.0,0.0,0.0,0.0,0.0,0.0,0.0,1.0,0.0
4039.804273875266,67.33007123125444,注入中间浆,0.0,0.0,0.0,0.0,0.0,0.0,0.0,0.0,0.0,0.0,0.0,1.0,0.0
4041.8555038482427,67.3642583974707,注入中间浆,0.0,0.0,0.0,0.0,0.0,0.0,0.0,0.0,0.0,0.0,0.0,1.0,0.0
4043.9067338212194,67.39844556368699,注入中间浆,0.0,0.0,0.0,0.0,0.0,0.0,0.0,0.0,0.0,0.0,0.0,1.0,0.0
4045.957963794196,67.43263272990326,注入中间浆,0.0,0.0,0.0,0.0,0.0,0.0,0.0,0.0,0.0,0.0,0.0,1.0,0.0
4048.0091937671727,67.46681989611955,注入中间浆,0.0,0.0,0.0,0.0,0.0,0.0,0.0,0.0,0.0,0.0,0.0,1.0,0.0
4050.0604237401494,67.50100706233583,注入中间浆,0.0,0.0,0.0,0.0,0.0,0.0,0.0,0.0,0.0,0.0,0.0,1.0,0.0
4052.111653713126,67.5351942285521,注入中间浆,0.0,0.0,0.0,0.0,0.0,0.0,0.0,0.0,0.0,0.0,0.0,1.0,0.0
4054.1628836861028,67.56938139476839,注入中间浆,0.0,0.0,0.0,0.0,0.0,0.0,0.0,0.0,0.0,0.0,0.0,1.0,0.0
4056.2141136590794,67.60356856098466,注入中间浆,0.0,0.0,0.0,0.0,0.0,0.0,0.0,0.0,0.0,0.0,0.0,1.0,0.0
4058.265343632056,67.63775572720094,注入中间浆,0.0,0.0,0.0,0.0,0.0,0.0,0.0,0.0,0.0,0.0,0.0,1.0,0.0
4060.3165736050328,67.67194289341721,注入中间浆,0.0,0.0,0.0,0.0,0.0,0.0,0.0,0.0,0.0,0.0,0.0,1.0,0.0
4062.3678035780094,67.7061300596335,注入中间浆,0.0,0.0,0.0,0.0,0.0,0.0,0.0,0.0,0.0,0.0,0.0,1.0,0.0
4064.419033550986,67.74031722584976,注入中间浆,0.0,0.0,0.0,0.0,0.0,0.0,0.0,0.0,0.0,0.0,0.0,1.0,0.0
4066.470263523963,67.77450439206605,注入中间浆,0.0,0.0,0.0,0.0,0.0,0.0,0.0,0.0,0.0,0.0,0.0,1.0,0.0
4068.5214934969395,67.80869155828232,注入中间浆,0.0,0.0,0.0,0.0,0.0,0.0,0.0,0.0,0.0,0.0,0.0,1.0,0.0
4070.572723469916,67.8428787244986,注入中间浆,0.0,0.0,0.0,0.0,0.0,0.0,0.0,0.0,0.0,0.0,0.0,1.0,0.0
4072.623953442893,67.87706589071487,注入中间浆,0.0,0.0,0.0,0.0,0.0,0.0,0.0,0.0,0.0,0.0,0.0,1.0,0.0
4074.6751834158695,67.91125305693116,注入中间浆,0.0,0.0,0.0,0.0,0.0,0.0,0.0,0.0,0.0,0.0,0.0,1.0,0.0
4076.726413388846,67.94544022314743,注入中间浆,0.0,0.0,0.0,0.0,0.0,0.0,0.0,0.0,0.0,0.0,0.0,1.0,0.0
4078.777643361823,67.97962738936371,注入中间浆,0.0,0.0,0.0,0.0,0.0,0.0,0.0,0.0,0.0,0.0,0.0,1.0,0.0
4080.8288733347995,68.01381455558,注入中间浆,0.0,0.0,0.0,0.0,0.0,0.0,0.0,0.0,0.0,0.0,0.0,1.0,0.0
4082.880103307776,68.04800172179627,注入中间浆,0.0,0.0,0.0,0.0,0.0,0.0,0.0,0.0,0.0,0.0,0.0,1.0,0.0
4084.931333280753,68.08218888801255,注入中间浆,0.0,0.0,0.0,0.0,0.0,0.0,0.0,0.0,0.0,0.0,0.0,1.0,0.0
4086.9825632537295,68.11637605422882,注入中间浆,0.0,0.0,0.0,0.0,0.0,0.0,0.0,0.0,0.0,0.0,0.0,1.0,0.0
4089.033793226706,68.15056322044511,注入中间浆,0.0,0.0,0.0,0.0,0.0,0.0,0.0,0.0,0.0,0.0,0.0,1.0,0.0
4091.085023199683,68.18475038666138,注入中间浆,0.0,0.0,0.0,0.0,0.0,0.0,0.0,0.0,0.0,0.0,0.0,1.0,0.0
4093.1362531726595,68.21893755287766,注入中间浆,0.0,0.0,0.0,0.0,0.0,0.0,0.0,0.0,0.0,0.0,0.0,1.0,0.0
4095.187483145636,68.25312471909393,注入中间浆,0.0,0.0,0.0,0.0,0.0,0.0,0.0,0.0,0.0,0.0,0.0,1.0,0.0
4097.238713118613,68.28731188531022,注入中间浆,0.0,0.0,0.0,0.0,0.0,0.0,0.0,0.0,0.0,0.0,0.0,1.0,0.0
4099.28994309159,68.3214990515265,注入中间浆,0.0,0.0,0.0,0.0,0.0,0.0,0.0,0.0,0.0,0.0,0.0,1.0,0.0
4101.341173064568,68.35568621774279,注入中间浆,0.0,0.0,0.0,0.0,0.0,0.0,0.0,0.0,0.0,0.0,0.0,1.0,0.0
4103.392403037545,68.38987338395908,注入中间浆,0.0,0.0,0.0,0.0,0.0,0.0,0.0,0.0,0.0,0.0,0.0,1.0,0.0
4105.443633010522,68.42406055017537,注入中间浆,0.0,0.0,0.0,0.0,0.0,0.0,0.0,0.0,0.0,0.0,0.0,1.0,0.0
4107.494862983499,68.45824771639165,注入中间浆,0.0,0.0,0.0,0.0,0.0,0.0,0.0,0.0,0.0,0.0,0.0,1.0,0.0
4109.546092956476,68.49243488260794,注入中间浆,0.0,0.0,0.0,0.0,0.0,0.0,0.0,0.0,0.0,0.0,0.0,1.0,0.0
4111.597322929453,68.52662204882422,注入中间浆,0.0,0.0,0.0,0.0,0.0,0.0,0.0,0.0,0.0,0.0,0.0,1.0,0.0
4113.64855290243,68.5608092150405,注入中间浆,0.0,0.0,0.0,0.0,0.0,0.0,0.0,0.0,0.0,0.0,0.0,1.0,0.0
4115.699782875407,68.59499638125679,注入中间浆,0.0,0.0,0.0,0.0,0.0,0.0,0.0,0.0,0.0,0.0,0.0,1.0,0.0
4117.751012848385,68.62918354747308,注入中间浆,0.0,0.0,0.0,0.0,0.0,0.0,0.0,0.0,0.0,0.0,0.0,1.0,0.0
4119.802242821362,68.66337071368936,注入中间浆,0.0,0.0,0.0,0.0,0.0,0.0,0.0,0.0,0.0,0.0,0.0,1.0,0.0
4121.853472794339,68.69755787990564,注入中间浆,0.0,0.0,0.0,0.0,0.0,0.0,0.0,0.0,0.0,0.0,0.0,1.0,0.0
4123.904702767316,68.73174504612193,注入中间浆,0.0,0.0,0.0,0.0,0.0,0.0,0.0,0.0,0.0,0.0,0.0,1.0,0.0
4125.955932740293,68.76593221233821,注入中间浆,0.0,0.0,0.0,0.0,0.0,0.0,0.0,0.0,0.0,0.0,0.0,1.0,0.0
4128.00716271327,68.8001193785545,注入中间浆,0.0,0.0,0.0,0.0,0.0,0.0,0.0,0.0,0.0,0.0,0.0,1.0,0.0
4130.058392686247,68.83430654477078,注入中间浆,0.0,0.0,0.0,0.0,0.0,0.0,0.0,0.0,0.0,0.0,0.0,1.0,0.0
4132.109622659224,68.86849371098707,注入中间浆,0.0,0.0,0.0,0.0,0.0,0.0,0.0,0.0,0.0,0.0,0.0,1.0,0.0
4134.160852632202,68.90268087720337,注入中间浆,0.0,0.0,0.0,0.0,0.0,0.0,0.0,0.0,0.0,0.0,0.0,1.0,0.0
4136.212082605179,68.93686804341965,注入中间浆,0.0,0.0,0.0,0.0,0.0,0.0,0.0,0.0,0.0,0.0,0.0,1.0,0.0
4138.263312578156,68.97105520963594,注入中间浆,0.0,0.0,0.0,0.0,0.0,0.0,0.0,0.0,0.0,0.0,0.0,1.0,0.0
4140.314542551133,69.00524237585222,注入中间浆,0.0,0.0,0.0,0.0,0.0,0.0,0.0,0.0,0.0,0.0,0.0,1.0,0.0
4142.36577252411,69.0394295420685,注入中间浆,0.0,0.0,0.0,0.0,0.0,0.0,0.0,0.0,0.0,0.0,0.0,1.0,0.0
4144.417002497087,69.07361670828479,注入中间浆,0.0,0.0,0.0,0.0,0.0,0.0,0.0,0.0,0.0,0.0,0.0,1.0,0.0
4146.468232470064,69.10780387450107,注入中间浆,0.0,0.0,0.0,0.0,0.0,0.0,0.0,0.0,0.0,0.0,0.0,1.0,0.0
4148.519462443041,69.14199104071736,注入中间浆,0.0,0.0,0.0,0.0,0.0,0.0,0.0,0.0,0.0,0.0,0.0,1.0,0.0
4150.570692416019,69.17617820693364,注入中间浆,0.0,0.0,0.0,0.0,0.0,0.0,0.0,0.0,0.0,0.0,0.0,1.0,0.0
4152.621922388996,69.21036537314993,注入中间浆,0.0,0.0,0.0,0.0,0.0,0.0,0.0,0.0,0.0,0.0,0.0,1.0,0.0
4154.673152361973,69.24455253936621,注入中间浆,0.0,0.0,0.0,0.0,0.0,0.0,0.0,0.0,0.0,0.0,0.0,1.0,0.0
4156.72438233495,69.2787397055825,注入中间浆,0.0,0.0,0.0,0.0,0.0,0.0,0.0,0.0,0.0,0.0,0.0,1.0,0.0
4158.775612307927,69.31292687179878,注入中间浆,0.0,0.0,0.0,0.0,0.0,0.0,0.0,0.0,0.0,0.0,0.0,1.0,0.0
4160.826842280904,69.34711403801506,注入中间浆,0.0,0.0,0.0,0.0,0.0,0.0,0.0,0.0,0.0,0.0,0.0,1.0,0.0
4162.878072253881,69.38130120423135,注入中间浆,0.0,0.0,0.0,0.0,0.0,0.0,0.0,0.0,0.0,0.0,0.0,1.0,0.0
4164.929302226858,69.41548837044765,注入中间浆,0.0,0.0,0.0,0.0,0.0,0.0,0.0,0.0,0.0,0.0,0.0,1.0,0.0
4166.980532199836,69.44967553666393,注入中间浆,0.0,0.0,0.0,0.0,0.0,0.0,0.0,0.0,0.0,0.0,0.0,1.0,0.0
4169.031762172813,69.48386270288022,注入中间浆,0.0,0.0,0.0,0.0,0.0,0.0,0.0,0.0,0.0,0.0,0.0,1.0,0.0
4171.08299214579,69.5180498690965,注入中间浆,0.0,0.0,0.0,0.0,0.0,0.0,0.0,0.0,0.0,0.0,0.0,1.0,0.0
4173.134222118767,69.55223703531279,注入中间浆,0.0,0.0,0.0,0.0,0.0,0.0,0.0,0.0,0.0,0.0,0.0,1.0,0.0
4175.185452091744,69.58642420152907,注入中间浆,0.0,0.0,0.0,0.0,0.0,0.0,0.0,0.0,0.0,0.0,0.0,1.0,0.0
4177.236682064721,69.62061136774535,注入中间浆,0.0,0.0,0.0,0.0,0.0,0.0,0.0,0.0,0.0,0.0,0.0,1.0,0.0
4179.287912037698,69.65479853396164,注入中间浆,0.0,0.0,0.0,0.0,0.0,0.0,0.0,0.0,0.0,0.0,0.0,1.0,0.0
4181.3391420106755,69.68898570017792,注入中间浆,0.0,0.0,0.0,0.0,0.0,0.0,0.0,0.0,0.0,0.0,0.0,1.0,0.0
4183.390371983653,69.72317286639421,注入中间浆,0.0,0.0,0.0,0.0,0.0,0.0,0.0,0.0,0.0,0.0,0.0,1.0,0.0
4185.44160195663,69.75736003261049,注入中间浆,0.0,0.0,0.0,0.0,0.0,0.0,0.0,0.0,0.0,0.0,0.0,1.0,0.0
4187.492831929607,69.79154719882678,注入中间浆,0.0,0.0,0.0,0.0,0.0,0.0,0.0,0.0,0.0,0.0,0.0,1.0,0.0
4189.544061902584,69.82573436504306,注入中间浆,0.0,0.0,0.0,0.0,0.0,0.0,0.0,0.0,0.0,0.0,0.0,1.0,0.0
4191.595291875561,69.85992153125935,注入中间浆,0.0,0.0,0.0,0.0,0.0,0.0,0.0,0.0,0.0,0.0,0.0,1.0,0.0
4193.646521848538,69.89410869747563,注入中间浆,0.0,0.0,0.0,0.0,0.0,0.0,0.0,0.0,0.0,0.0,0.0,1.0,0.0
4195.697751821515,69.92829586369193,注入中间浆,0.0,0.0,0.0,0.0,0.0,0.0,0.0,0.0,0.0,0.0,0.0,1.0,0.0
4197.7489817944925,69.96248302990821,注入中间浆,0.0,0.0,0.0,0.0,0.0,0.0,0.0,0.0,0.0,0.0,0.0,1.0,0.0
4199.80021176747,69.9966701961245,注入中间浆,0.0,0.0,0.0,0.0,0.0,0.0,0.0,0.0,0.0,0.0,0.0,1.0,0.0
4201.851441740447,70.03085736234078,注入中间浆,0.0,0.0,0.0,0.0,0.0,0.0,0.0,0.0,0.0,0.0,0.0,1.0,0.0
4203.902671713424,70.06504452855707,注入中间浆,0.0,0.0,0.0,0.0,0.0,0.0,0.0,0.0,0.0,0.0,0.0,1.0,0.0
4205.953901686401,70.09923169477335,注入中间浆,0.0,0.0,0.0,0.0,0.0,0.0,0.0,0.0,0.0,0.0,0.0,1.0,0.0
4208.005131659378,70.13341886098964,注入中间浆,0.0,0.0,0.0,0.0,0.0,0.0,0.0,0.0,0.0,0.0,0.0,1.0,0.0
4210.056361632355,70.16760602720592,注入中间浆,0.0,0.0,0.0,0.0,0.0,0.0,0.0,0.0,0.0,0.0,0.0,1.0,0.0
4212.107591605332,70.2017931934222,注入中间浆,0.0,0.0,0.0,0.0,0.0,0.0,0.0,0.0,0.0,0.0,0.0,1.0,0.0
4214.1588215783095,70.23598035963849,注入中间浆,0.0,0.0,0.0,0.0,0.0,0.0,0.0,0.0,0.0,0.0,0.0,1.0,0.0
4216.210051551287,70.27016752585477,注入中间浆,0.0,0.0,0.0,0.0,0.0,0.0,0.0,0.0,0.0,0.0,0.0,1.0,0.0
4218.261281524264,70.30435469207106,注入中间浆,0.0,0.0,0.0,0.0,0.0,0.0,0.0,0.0,0.0,0.0,0.0,1.0,0.0
4220.312511497241,70.33854185828734,注入中间浆,0.0,0.0,0.0,0.0,0.0,0.0,0.0,0.0,0.0,0.0,0.0,1.0,0.0
4222.363741470218,70.37272902450363,注入中间浆,0.0,0.0,0.0,0.0,0.0,0.0,0.0,0.0,0.0,0.0,0.0,1.0,0.0
4224.414971443195,70.40691619071991,注入中间浆,0.0,0.0,0.0,0.0,0.0,0.0,0.0,0.0,0.0,0.0,0.0,1.0,0.0
4226.466201416172,70.44110335693621,注入中间浆,0.0,0.0,0.0,0.0,0.0,0.0,0.0,0.0,0.0,0.0,0.0,1.0,0.0
4228.517431389149,70.4752905231525,注入中间浆,0.0,0.0,0.0,0.0,0.0,0.0,0.0,0.0,0.0,0.0,0.0,1.0,0.0
4230.5686613621265,70.50947768936878,注入中间浆,0.0,0.0,0.0,0.0,0.0,0.0,0.0,0.0,0.0,0.0,0.0,1.0,0.0
4232.619891335104,70.54366485558506,注入中间浆,0.0,0.0,0.0,0.0,0.0,0.0,0.0,0.0,0.0,0.0,0.0,1.0,0.0
4234.671121308081,70.57785202180135,注入中间浆,0.0,0.0,0.0,0.0,0.0,0.0,0.0,0.0,0.0,0.0,0.0,1.0,0.0
4236.722351281058,70.61203918801763,注入中间浆,0.0,0.0,0.0,0.0,0.0,0.0,0.0,0.0,0.0,0.0,0.0,1.0,0.0
4238.773581254035,70.64622635423392,注入中间浆,0.0,0.0,0.0,0.0,0.0,0.0,0.0,0.0,0.0,0.0,0.0,1.0,0.0
4240.824811227012,70.6804135204502,注入中间浆,0.0,0.0,0.0,0.0,0.0,0.0,0.0,0.0,0.0,0.0,0.0,1.0,0.0
4242.876041199989,70.71460068666649,注入中间浆,0.0,0.0,0.0,0.0,0.0,0.0,0.0,0.0,0.0,0.0,0.0,1.0,0.0
4244.927271172966,70.74878785288277,注入中间浆,0.0,0.0,0.0,0.0,0.0,0.0,0.0,0.0,0.0,0.0,0.0,1.0,0.0
4246.9785011459435,70.78297501909906,注入中间浆,0.0,0.0,0.0,0.0,0.0,0.0,0.0,0.0,0.0,0.0,0.0,1.0,0.0
4249.029731118921,70.81716218531534,注入中间浆,0.0,0.0,0.0,0.0,0.0,0.0,0.0,0.0,0.0,0.0,0.0,1.0,0.0
4251.080961091898,70.85134935153162,注入中间浆,0.0,0.0,0.0,0.0,0.0,0.0,0.0,0.0,0.0,0.0,0.0,1.0,0.0
4253.132191064875,70.88553651774791,注入中间浆,0.0,0.0,0.0,0.0,0.0,0.0,0.0,0.0,0.0,0.0,0.0,1.0,0.0
4255.183421037852,70.9197236839642,注入中间浆,0.0,0.0,0.0,0.0,0.0,0.0,0.0,0.0,0.0,0.0,0.0,1.0,0.0
4257.234651010829,70.95391085018049,注入中间浆,0.0,0.0,0.0,0.0,0.0,0.0,0.0,0.0,0.0,0.0,0.0,1.0,0.0
4259.285880983806,70.98809801639678,注入中间浆,0.0,0.0,0.0,0.0,0.0,0.0,0.0,0.0,0.0,0.0,0.0,1.0,0.0
4261.337110956783,71.02228518261306,注入中间浆,0.0,0.0,0.0,0.0,0.0,0.0,0.0,0.0,0.0,0.0,0.0,1.0,0.0
4263.3883409297605,71.05647234882935,注入中间浆,0.0,0.0,0.0,0.0,0.0,0.0,0.0,0.0,0.0,0.0,0.0,1.0,0.0
4265.439570902738,71.09065951504563,注入中间浆,0.0,0.0,0.0,0.0,0.0,0.0,0.0,0.0,0.0,0.0,0.0,1.0,0.0
4267.490800875715,71.12484668126191,注入中间浆,0.0,0.0,0.0,0.0,0.0,0.0,0.0,0.0,0.0,0.0,0.0,1.0,0.0
4269.542030848692,71.1590338474782,注入中间浆,0.0,0.0,0.0,0.0,0.0,0.0,0.0,0.0,0.0,0.0,0.0,1.0,0.0
4271.593260821669,71.19322101369448,注入中间浆,0.0,0.0,0.0,0.0,0.0,0.0,0.0,0.0,0.0,0.0,0.0,1.0,0.0
4273.644490794646,71.22740817991077,注入中间浆,0.0,0.0,0.0,0.0,0.0,0.0,0.0,0.0,0.0,0.0,0.0,1.0,0.0
4275.695720767623,71.26159534612705,注入中间浆,0.0,0.0,0.0,0.0,0.0,0.0,0.0,0.0,0.0,0.0,0.0,1.0,0.0
4277.7469507406,71.29578251234334,注入中间浆,0.0,0.0,0.0,0.0,0.0,0.0,0.0,0.0,0.0,0.0,0.0,1.0,0.0
4279.7981807135775,71.32996967855962,注入中间浆,0.0,0.0,0.0,0.0,0.0,0.0,0.0,0.0,0.0,0.0,0.0,1.0,0.0
4281.849410686555,71.3641568447759,注入中间浆,0.0,0.0,0.0,0.0,0.0,0.0,0.0,0.0,0.0,0.0,0.0,1.0,0.0
4283.900640659532,71.39834401099219,注入中间浆,0.0,0.0,0.0,0.0,0.0,0.0,0.0,0.0,0.0,0.0,0.0,1.0,0.0
4285.951870632509,71.43253117720847,注入中间浆,0.0,0.0,0.0,0.0,0.0,0.0,0.0,0.0,0.0,0.0,0.0,1.0,0.0
4288.003100605486,71.46671834342477,注入中间浆,0.0,0.0,0.0,0.0,0.0,0.0,0.0,0.0,0.0,0.0,0.0,1.0,0.0
4290.054330578463,71.50090550964106,注入中间浆,0.0,0.0,0.0,0.0,0.0,0.0,0.0,0.0,0.0,0.0,0.0,1.0,0.0
4292.10556055144,71.53509267585734,注入中间浆,0.0,0.0,0.0,0.0,0.0,0.0,0.0,0.0,0.0,0.0,0.0,1.0,0.0
4294.156790524417,71.56927984207363,注入中间浆,0.0,0.0,0.0,0.0,0.0,0.0,0.0,0.0,0.0,0.0,0.0,1.0,0.0
4296.2080204973945,71.60346700828991,注入中间浆,0.0,0.0,0.0,0.0,0.0,0.0,0.0,0.0,0.0,0.0,0.0,1.0,0.0
4298.259250470372,71.6376541745062,注入中间浆,0.0,0.0,0.0,0.0,0.0,0.0,0.0,0.0,0.0,0.0,0.0,1.0,0.0
4300.310480443349,71.67184134072248,注入中间浆,0.0,0.0,0.0,0.0,0.0,0.0,0.0,0.0,0.0,0.0,0.0,1.0,0.0
4302.361710416326,71.70602850693876,注入中间浆,0.0,0.0,0.0,0.0,0.0,0.0,0.0,0.0,0.0,0.0,0.0,1.0,0.0
4304.412940389303,71.74021567315505,注入中间浆,0.0,0.0,0.0,0.0,0.0,0.0,0.0,0.0,0.0,0.0,0.0,1.0,0.0
4306.46417036228,71.77440283937133,注入中间浆,0.0,0.0,0.0,0.0,0.0,0.0,0.0,0.0,0.0,0.0,0.0,1.0,0.0
4308.515400335257,71.80859000558762,注入中间浆,0.0,0.0,0.0,0.0,0.0,0.0,0.0,0.0,0.0,0.0,0.0,1.0,0.0
4310.566630308234,71.8427771718039,注入中间浆,0.0,0.0,0.0,0.0,0.0,0.0,0.0,0.0,0.0,0.0,0.0,1.0,0.0
4312.6178602812115,71.87696433802019,注入中间浆,0.0,0.0,0.0,0.0,0.0,0.0,0.0,0.0,0.0,0.0,0.0,1.0,0.0
4314.669090254189,71.91115150423647,注入中间浆,0.0,0.0,0.0,0.0,0.0,0.0,0.0,0.0,0.0,0.0,0.0,1.0,0.0
4316.720320227166,71.94533867045276,注入中间浆,0.0,0.0,0.0,0.0,0.0,0.0,0.0,0.0,0.0,0.0,0.0,1.0,0.0
4318.771550200143,71.97952583666905,注入中间浆,0.0,0.0,0.0,0.0,0.0,0.0,0.0,0.0,0.0,0.0,0.0,1.0,0.0
4320.82278017312,72.01371300288534,注入中间浆,0.0,0.0,0.0,0.0,0.0,0.0,0.0,0.0,0.0,0.0,0.0,1.0,0.0
4322.874010146097,72.04790016910162,注入中间浆,0.0,0.0,0.0,0.0,0.0,0.0,0.0,0.0,0.0,0.0,0.0,1.0,0.0
4324.925240119074,72.08208733531791,注入中间浆,0.0,0.0,0.0,0.0,0.0,0.0,0.0,0.0,0.0,0.0,0.0,1.0,0.0
4326.976470092051,72.11627450153419,注入中间浆,0.0,0.0,0.0,0.0,0.0,0.0,0.0,0.0,0.0,0.0,0.0,1.0,0.0
4329.0277000650285,72.15046166775048,注入中间浆,0.0,0.0,0.0,0.0,0.0,0.0,0.0,0.0,0.0,0.0,0.0,1.0,0.0
4331.078930038006,72.18464883396676,注入中间浆,0.0,0.0,0.0,0.0,0.0,0.0,0.0,0.0,0.0,0.0,0.0,1.0,0.0
4333.130160010983,72.21883600018305,注入中间浆,0.0,0.0,0.0,0.0,0.0,0.0,0.0,0.0,0.0,0.0,0.0,1.0,0.0
4335.18138998396,72.25302316639933,注入中间浆,0.0,0.0,0.0,0.0,0.0,0.0,0.0,0.0,0.0,0.0,0.0,1.0,0.0
4337.232619956937,72.28721033261562,注入中间浆,0.0,0.0,0.0,0.0,0.0,0.0,0.0,0.0,0.0,0.0,0.0,1.0,0.0
4339.283849929914,72.3213974988319,注入中间浆,0.0,0.0,0.0,0.0,0.0,0.0,0.0,0.0,0.0,0.0,0.0,1.0,0.0
4341.335079902891,72.35558466504818,注入中间浆,0.0,0.0,0.0,0.0,0.0,0.0,0.0,0.0,0.0,0.0,0.0,1.0,0.0
4343.386309875868,72.38977183126447,注入中间浆,0.0,0.0,0.0,0.0,0.0,0.0,0.0,0.0,0.0,0.0,0.0,1.0,0.0
4345.4375398488455,72.42395899748075,注入中间浆,0.0,0.0,0.0,0.0,0.0,0.0,0.0,0.0,0.0,0.0,0.0,1.0,0.0
4347.488769821823,72.45814616369704,注入中间浆,0.0,0.0,0.0,0.0,0.0,0.0,0.0,0.0,0.0,0.0,0.0,1.0,0.0
4349.5399997948,72.49233332991334,注入中间浆,0.0,0.0,0.0,0.0,0.0,0.0,0.0,0.0,0.0,0.0,0.0,1.0,0.0
4351.591229767777,72.52652049612962,注入中间浆,0.0,0.0,0.0,0.0,0.0,0.0,0.0,0.0,0.0,0.0,0.0,1.0,0.0
4353.642459740754,72.5607076623459,注入中间浆,0.0,0.0,0.0,0.0,0.0,0.0,0.0,0.0,0.0,0.0,0.0,1.0,0.0
4355.693689713731,72.59489482856219,注入中间浆,0.0,0.0,0.0,0.0,0.0,0.0,0.0,0.0,0.0,0.0,0.0,1.0,0.0
4357.744919686708,72.62908199477847,注入中间浆,0.0,0.0,0.0,0.0,0.0,0.0,0.0,0.0,0.0,0.0,0.0,1.0,0.0
4359.796149659685,72.66326916099476,注入中间浆,0.0,0.0,0.0,0.0,0.0,0.0,0.0,0.0,0.0,0.0,0.0,1.0,0.0
4361.8473796326625,72.69745632721104,注入中间浆,0.0,0.0,0.0,0.0,0.0,0.0,0.0,0.0,0.0,0.0,0.0,1.0,0.0
4363.89860960564,72.73164349342733,注入中间浆,0.0,0.0,0.0,0.0,0.0,0.0,0.0,0.0,0.0,0.0,0.0,1.0,0.0
4365.949839578617,72.76583065964361,注入中间浆,0.0,0.0,0.0,0.0,0.0,0.0,0.0,0.0,0.0,0.0,0.0,1.0,0.0
4368.001069551594,72.8000178258599,注入中间浆,0.0,0.0,0.0,0.0,0.0,0.0,0.0,0.0,0.0,0.0,0.0,1.0,0.0
4370.052299524571,72.83420499207618,注入中间浆,0.0,0.0,0.0,0.0,0.0,0.0,0.0,0.0,0.0,0.0,0.0,1.0,0.0
4372.103529497548,72.86839215829247,注入中间浆,0.0,0.0,0.0,0.0,0.0,0.0,0.0,0.0,0.0,0.0,0.0,1.0,0.0
4374.154759470525,72.90257932450875,注入中间浆,0.0,0.0,0.0,0.0,0.0,0.0,0.0,0.0,0.0,0.0,0.0,1.0,0.0
4376.205989443502,72.93676649072503,注入中间浆,0.0,0.0,0.0,0.0,0.0,0.0,0.0,0.0,0.0,0.0,0.0,1.0,0.0
4378.2572194164795,72.97095365694132,注入中间浆,0.0,0.0,0.0,0.0,0.0,0.0,0.0,0.0,0.0,0.0,0.0,1.0,0.0
4380.308449389457,73.00514082315762,注入中间浆,0.0,0.0,0.0,0.0,0.0,0.0,0.0,0.0,0.0,0.0,0.0,1.0,0.0
4382.359679362434,73.0393279893739,注入中间浆,0.0,0.0,0.0,0.0,0.0,0.0,0.0,0.0,0.0,0.0,0.0,1.0,0.0
4384.410909335411,73.07351515559019,注入中间浆,0.0,0.0,0.0,0.0,0.0,0.0,0.0,0.0,0.0,0.0,0.0,1.0,0.0
4386.462139308388,73.10770232180647,注入中间浆,0.0,0.0,0.0,0.0,0.0,0.0,0.0,0.0,0.0,0.0,0.0,1.0,0.0
4388.513369281365,73.14188948802276,注入中间浆,0.0,0.0,0.0,0.0,0.0,0.0,0.0,0.0,0.0,0.0,0.0,1.0,0.0
4390.564599254342,73.17607665423904,注入中间浆,0.0,0.0,0.0,0.0,0.0,0.0,0.0,0.0,0.0,0.0,0.0,1.0,0.0
4392.615829227319,73.21026382045532,注入中间浆,0.0,0.0,0.0,0.0,0.0,0.0,0.0,0.0,0.0,0.0,0.0,1.0,0.0
4394.6670592002965,73.24445098667161,注入中间浆,0.0,0.0,0.0,0.0,0.0,0.0,0.0,0.0,0.0,0.0,0.0,1.0,0.0
4396.718289173274,73.2786381528879,注入中间浆,0.0,0.0,0.0,0.0,0.0,0.0,0.0,0.0,0.0,0.0,0.0,1.0,0.0
4398.769519146251,73.31282531910418,注入中间浆,0.0,0.0,0.0,0.0,0.0,0.0,0.0,0.0,0.0,0.0,0.0,1.0,0.0
4400.820749119228,73.34701248532046,注入中间浆,0.0,0.0,0.0,0.0,0.0,0.0,0.0,0.0,0.0,0.0,0.0,1.0,0.0
4402.871979092205,73.38119965153675,注入中间浆,0.0,0.0,0.0,0.0,0.0,0.0,0.0,0.0,0.0,0.0,0.0,1.0,0.0
4404.923209065182,73.41538681775303,注入中间浆,0.0,0.0,0.0,0.0,0.0,0.0,0.0,0.0,0.0,0.0,0.0,1.0,0.0
4406.974439038159,73.44957398396932,注入中间浆,0.0,0.0,0.0,0.0,0.0,0.0,0.0,0.0,0.0,0.0,0.0,1.0,0.0
4409.025669011136,73.4837611501856,注入中间浆,0.0,0.0,0.0,0.0,0.0,0.0,0.0,0.0,0.0,0.0,0.0,1.0,0.0
4411.0768989841135,73.5179483164019,注入中间浆,0.0,0.0,0.0,0.0,0.0,0.0,0.0,0.0,0.0,0.0,0.0,1.0,0.0
4413.128128957091,73.55213548261818,注入中间浆,0.0,0.0,0.0,0.0,0.0,0.0,0.0,0.0,0.0,0.0,0.0,1.0,0.0
4415.179358930068,73.58632264883447,注入中间浆,0.0,0.0,0.0,0.0,0.0,0.0,0.0,0.0,0.0,0.0,0.0,1.0,0.0
4417.230588903045,73.62050981505075,注入中间浆,0.0,0.0,0.0,0.0,0.0,0.0,0.0,0.0,0.0,0.0,0.0,1.0,0.0
4419.281818876022,73.65469698126704,注入中间浆,0.0,0.0,0.0,0.0,0.0,0.0,0.0,0.0,0.0,0.0,0.0,1.0,0.0
4421.333048848999,73.68888414748332,注入中间浆,0.0,0.0,0.0,0.0,0.0,0.0,0.0,0.0,0.0,0.0,0.0,1.0,0.0
4423.384278821976,73.7230713136996,注入中间浆,0.0,0.0,0.0,0.0,0.0,0.0,0.0,0.0,0.0,0.0,0.0,1.0,0.0
4425.435508794953,73.75725847991589,注入中间浆,0.0,0.0,0.0,0.0,0.0,0.0,0.0,0.0,0.0,0.0,0.0,1.0,0.0
4427.486738767931,73.79144564613217,注入中间浆,0.0,0.0,0.0,0.0,0.0,0.0,0.0,0.0,0.0,0.0,0.0,1.0,0.0
4429.537968740908,73.82563281234846,注入中间浆,0.0,0.0,0.0,0.0,0.0,0.0,0.0,0.0,0.0,0.0,0.0,1.0,0.0
4431.589198713885,73.85981997856474,注入中间浆,0.0,0.0,0.0,0.0,0.0,0.0,0.0,0.0,0.0,0.0,0.0,1.0,0.0
4433.640428686862,73.89400714478103,注入中间浆,0.0,0.0,0.0,0.0,0.0,0.0,0.0,0.0,0.0,0.0,0.0,1.0,0.0
4435.691658659839,73.92819431099731,注入中间浆,0.0,0.0,0.0,0.0,0.0,0.0,0.0,0.0,0.0,0.0,0.0,1.0,0.0
4437.742888632816,73.9623814772136,注入中间浆,0.0,0.0,0.0,0.0,0.0,0.0,0.0,0.0,0.0,0.0,0.0,1.0,0.0
4439.794118605793,73.99656864342988,注入中间浆,0.0,0.0,0.0,0.0,0.0,0.0,0.0,0.0,0.0,0.0,0.0,1.0,0.0
4441.84534857877,74.03075580964618,注入中间浆,0.0,0.0,0.0,0.0,0.0,0.0,0.0,0.0,0.0,0.0,0.0,1.0,0.0
4443.896578551748,74.06494297586246,注入中间浆,0.0,0.0,0.0,0.0,0.0,0.0,0.0,0.0,0.0,0.0,0.0,1.0,0.0
4445.947808524725,74.09913014207875,注入中间浆,0.0,0.0,0.0,0.0,0.0,0.0,0.0,0.0,0.0,0.0,0.0,1.0,0.0
4447.999038497702,74.13331730829503,注入中间浆,0.0,0.0,0.0,0.0,0.0,0.0,0.0,0.0,0.0,0.0,0.0,1.0,0.0
4450.050268470679,74.16750447451132,注入中间浆,0.0,0.0,0.0,0.0,0.0,0.0,0.0,0.0,0.0,0.0,0.0,1.0,0.0
4452.101498443656,74.2016916407276,注入中间浆,0.0,0.0,0.0,0.0,0.0,0.0,0.0,0.0,0.0,0.0,0.0,1.0,0.0
4454.152728416633,74.23587880694389,注入中间浆,0.0,0.0,0.0,0.0,0.0,0.0,0.0,0.0,0.0,0.0,0.0,1.0,0.0
4456.20395838961,74.27006597316017,注入中间浆,0.0,0.0,0.0,0.0,0.0,0.0,0.0,0.0,0.0,0.0,0.0,1.0,0.0
4458.255188362587,74.30425313937646,注入中间浆,0.0,0.0,0.0,0.0,0.0,0.0,0.0,0.0,0.0,0.0,0.0,1.0,0.0
4460.306418335565,74.33844030559274,注入中间浆,0.0,0.0,0.0,0.0,0.0,0.0,0.0,0.0,0.0,0.0,0.0,1.0,0.0
4462.357648308542,74.37262747180903,注入中间浆,0.0,0.0,0.0,0.0,0.0,0.0,0.0,0.0,0.0,0.0,0.0,1.0,0.0
4464.408878281519,74.40681463802531,注入中间浆,0.0,0.0,0.0,0.0,0.0,0.0,0.0,0.0,0.0,0.0,0.0,1.0,0.0
4466.460108254496,74.4410018042416,注入中间浆,0.0,0.0,0.0,0.0,0.0,0.0,0.0,0.0,0.0,0.0,0.0,1.0,0.0
4468.511338227473,74.47518897045788,注入中间浆,0.0,0.0,0.0,0.0,0.0,0.0,0.0,0.0,0.0,0.0,0.0,1.0,0.0
4470.56256820045,74.50937613667416,注入中间浆,0.0,0.0,0.0,0.0,0.0,0.0,0.0,0.0,0.0,0.0,0.0,1.0,0.0
4472.613798173427,74.54356330289046,注入中间浆,0.0,0.0,0.0,0.0,0.0,0.0,0.0,0.0,0.0,0.0,0.0,1.0,0.0
4474.665028146404,74.57775046910675,注入中间浆,0.0,0.0,0.0,0.0,0.0,0.0,0.0,0.0,0.0,0.0,0.0,1.0,0.0
4476.716258119382,74.61193763532303,注入中间浆,0.0,0.0,0.0,0.0,0.0,0.0,0.0,0.0,0.0,0.0,0.0,1.0,0.0
4478.767488092359,74.64612480153932,注入中间浆,0.0,0.0,0.0,0.0,0.0,0.0,0.0,0.0,0.0,0.0,0.0,1.0,0.0
4480.818718065336,74.6803119677556,注入中间浆,0.0,0.0,0.0,0.0,0.0,0.0,0.0,0.0,0.0,0.0,0.0,1.0,0.0
4482.869948038313,74.71449913397188,注入中间浆,0.0,0.0,0.0,0.0,0.0,0.0,0.0,0.0,0.0,0.0,0.0,1.0,0.0
4484.92117801129,74.74868630018817,注入中间浆,0.0,0.0,0.0,0.0,0.0,0.0,0.0,0.0,0.0,0.0,0.0,1.0,0.0
4486.972407984267,74.78287346640445,注入中间浆,0.0,0.0,0.0,0.0,0.0,0.0,0.0,0.0,0.0,0.0,0.0,1.0,0.0
4489.023637957244,74.81706063262074,注入中间浆,0.0,0.0,0.0,0.0,0.0,0.0,0.0,0.0,0.0,0.0,0.0,1.0,0.0
4491.074867930221,74.85124779883702,注入中间浆,0.0,0.0,0.0,0.0,0.0,0.0,0.0,0.0,0.0,0.0,0.0,1.0,0.0
4493.126097903199,74.8854349650533,注入中间浆,0.0,0.0,0.0,0.0,0.0,0.0,0.0,0.0,0.0,0.0,0.0,1.0,0.0
4495.177327876176,74.91962213126959,注入中间浆,0.0,0.0,0.0,0.0,0.0,0.0,0.0,0.0,0.0,0.0,0.0,1.0,0.0
4497.228557849153,74.95380929748588,注入中间浆,0.0,0.0,0.0,0.0,0.0,0.0,0.0,0.0,0.0,0.0,0.0,1.0,0.0
4499.27978782213,74.98799646370216,注入中间浆,0.0,0.0,0.0,0.0,0.0,0.0,0.0,0.0,0.0,0.0,0.0,1.0,0.0
4501.331017795107,75.02218362991844,注入中间浆,0.0,0.0,0.0,0.0,0.0,0.0,0.0,0.0,0.0,0.0,0.0,1.0,0.0
4503.382247768084,75.05637079613474,注入中间浆,0.0,0.0,0.0,0.0,0.0,0.0,0.0,0.0,0.0,0.0,0.0,1.0,0.0
4505.433477741061,75.09055796235103,注入中间浆,0.0,0.0,0.0,0.0,0.0,0.0,0.0,0.0,0.0,0.0,0.0,1.0,0.0
4507.484707714038,75.12474512856731,注入中间浆,0.0,0.0,0.0,0.0,0.0,0.0,0.0,0.0,0.0,0.0,0.0,1.0,0.0
4509.535937687016,75.1589322947836,注入中间浆,0.0,0.0,0.0,0.0,0.0,0.0,0.0,0.0,0.0,0.0,0.0,1.0,0.0
4511.587167659993,75.19311946099988,注入中间浆,0.0,0.0,0.0,0.0,0.0,0.0,0.0,0.0,0.0,0.0,0.0,1.0,0.0
4513.63839763297,75.22730662721617,注入中间浆,0.0,0.0,0.0,0.0,0.0,0.0,0.0,0.0,0.0,0.0,0.0,1.0,0.0
4515.689627605947,75.26149379343245,注入中间浆,0.0,0.0,0.0,0.0,0.0,0.0,0.0,0.0,0.0,0.0,0.0,1.0,0.0
4517.740857578924,75.29568095964873,注入中间浆,0.0,0.0,0.0,0.0,0.0,0.0,0.0,0.0,0.0,0.0,0.0,1.0,0.0
4519.792087551901,75.32986812586502,注入中间浆,0.0,0.0,0.0,0.0,0.0,0.0,0.0,0.0,0.0,0.0,0.0,1.0,0.0
4521.843317524878,75.3640552920813,注入中间浆,0.0,0.0,0.0,0.0,0.0,0.0,0.0,0.0,0.0,0.0,0.0,1.0,0.0
4523.8945474978555,75.39824245829759,注入中间浆,0.0,0.0,0.0,0.0,0.0,0.0,0.0,0.0,0.0,0.0,0.0,1.0,0.0
4525.945777470833,75.43242962451387,注入中间浆,0.0,0.0,0.0,0.0,0.0,0.0,0.0,0.0,0.0,0.0,0.0,1.0,0.0
4527.99700744381,75.46661679073016,注入中间浆,0.0,0.0,0.0,0.0,0.0,0.0,0.0,0.0,0.0,0.0,0.0,1.0,0.0
4530.048237416787,75.50080395694644,注入中间浆,0.0,0.0,0.0,0.0,0.0,0.0,0.0,0.0,0.0,0.0,0.0,1.0,0.0
4532.099467389764,75.53499112316273,注入中间浆,0.0,0.0,0.0,0.0,0.0,0.0,0.0,0.0,0.0,0.0,0.0,1.0,0.0
4534.150697362741,75.56917828937902,注入中间浆,0.0,0.0,0.0,0.0,0.0,0.0,0.0,0.0,0.0,0.0,0.0,1.0,0.0
4536.201927335718,75.60336545559531,注入中间浆,0.0,0.0,0.0,0.0,0.0,0.0,0.0,0.0,0.0,0.0,0.0,1.0,0.0
4538.253157308695,75.6375526218116,注入中间浆,0.0,0.0,0.0,0.0,0.0,0.0,0.0,0.0,0.0,0.0,0.0,1.0,0.0
4540.3043872816725,75.67173978802788,注入中间浆,0.0,0.0,0.0,0.0,0.0,0.0,0.0,0.0,0.0,0.0,0.0,1.0,0.0
4542.35561725465,75.70592695424416,注入中间浆,0.0,0.0,0.0,0.0,0.0,0.0,0.0,0.0,0.0,0.0,0.0,1.0,0.0
4544.406847227627,75.74011412046045,注入中间浆,0.0,0.0,0.0,0.0,0.0,0.0,0.0,0.0,0.0,0.0,0.0,1.0,0.0
4546.458077200604,75.77430128667673,注入中间浆,0.0,0.0,0.0,0.0,0.0,0.0,0.0,0.0,0.0,0.0,0.0,1.0,0.0
4548.509307173581,75.80848845289302,注入中间浆,0.0,0.0,0.0,0.0,0.0,0.0,0.0,0.0,0.0,0.0,0.0,1.0,0.0
4550.560537146558,75.8426756191093,注入中间浆,0.0,0.0,0.0,0.0,0.0,0.0,0.0,0.0,0.0,0.0,0.0,1.0,0.0
4552.611767119535,75.87686278532559,注入中间浆,0.0,0.0,0.0,0.0,0.0,0.0,0.0,0.0,0.0,0.0,0.0,1.0,0.0
4554.662997092512,75.91104995154187,注入中间浆,0.0,0.0,0.0,0.0,0.0,0.0,0.0,0.0,0.0,0.0,0.0,1.0,0.0
4556.7142270654895,75.94523711775815,注入中间浆,0.0,0.0,0.0,0.0,0.0,0.0,0.0,0.0,0.0,0.0,0.0,1.0,0.0
4558.765457038467,75.97942428397444,注入中间浆,0.0,0.0,0.0,0.0,0.0,0.0,0.0,0.0,0.0,0.0,0.0,1.0,0.0
4560.816687011444,76.01361145019072,注入中间浆,0.0,0.0,0.0,0.0,0.0,0.0,0.0,0.0,0.0,0.0,0.0,1.0,0.0
4562.867916984421,76.04779861640701,注入中间浆,0.0,0.0,0.0,0.0,0.0,0.0,0.0,0.0,0.0,0.0,0.0,1.0,0.0
4564.919146957398,76.0819857826233,注入中间浆,0.0,0.0,0.0,0.0,0.0,0.0,0.0,0.0,0.0,0.0,0.0,1.0,0.0
4566.970376930375,76.11617294883959,注入中间浆,0.0,0.0,0.0,0.0,0.0,0.0,0.0,0.0,0.0,0.0,0.0,1.0,0.0
4569.021606903352,76.15036011505588,注入中间浆,0.0,0.0,0.0,0.0,0.0,0.0,0.0,0.0,0.0,0.0,0.0,1.0,0.0
4571.072836876329,76.18454728127216,注入中间浆,0.0,0.0,0.0,0.0,0.0,0.0,0.0,0.0,0.0,0.0,0.0,1.0,0.0
4573.1240668493065,76.21873444748844,注入中间浆,0.0,0.0,0.0,0.0,0.0,0.0,0.0,0.0,0.0,0.0,0.0,1.0,0.0
4575.175296822284,76.25292161370473,注入中间浆,0.0,0.0,0.0,0.0,0.0,0.0,0.0,0.0,0.0,0.0,0.0,1.0,0.0
4577.226526795261,76.28710877992101,注入尾浆,0.0,0.0,0.0,0.0,0.0,0.0,0.0,0.0,0.0,0.0,0.0,1.0,0.0
4579.277756768238,76.3212959461373,注入尾浆,0.0,0.0,0.0,0.0,0.0,0.0,0.0,0.0,0.0,0.0,0.0,1.0,0.0
4581.328986741215,76.35548311235358,注入尾浆,0.0,0.0,0.0,0.0,0.0,0.0,0.0,0.0,0.0,0.0,0.0,1.0,0.0
4583.380216714192,76.38967027856987,注入尾浆,0.0,0.0,0.0,0.0,0.0,0.0,0.0,0.0,0.0,0.0,0.0,1.0,0.0
4585.431446687169,76.42385744478615,注入尾浆,0.0,0.0,0.0,0.0,0.0,0.0,0.0,0.0,0.0,0.0,0.0,1.0,0.0
4587.482676660146,76.45804461100244,注入尾浆,0.0,0.0,0.0,0.0,0.0,0.0,0.0,0.0,0.0,0.0,0.0,1.0,0.0
4589.5339066331235,76.49223177721872,注入尾浆,0.0,0.0,0.0,0.0,0.0,0.0,0.0,0.0,0.0,0.0,0.0,1.0,0.0
4591.585136606101,76.526418943435,注入尾浆,0.0,0.0,0.0,0.0,0.0,0.0,0.0,0.0,0.0,0.0,0.0,1.0,0.0
4593.636366579078,76.56060610965129,注入尾浆,0.0,0.0,0.0,0.0,0.0,0.0,0.0,0.0,0.0,0.0,0.0,1.0,0.0
4595.687596552055,76.59479327586759,注入尾浆,0.0,0.0,0.0,0.0,0.0,0.0,0.0,0.0,0.0,0.0,0.0,1.0,0.0
4597.738826525032,76.62898044208387,注入尾浆,0.0,0.0,0.0,0.0,0.0,0.0,0.0,0.0,0.0,0.0,0.0,1.0,0.0
4599.790056498009,76.66316760830016,注入尾浆,0.0,0.0,0.0,0.0,0.0,0.0,0.0,0.0,0.0,0.0,0.0,1.0,0.0
4601.841286470986,76.69735477451644,注入尾浆,0.0,0.0,0.0,0.0,0.0,0.0,0.0,0.0,0.0,0.0,0.0,1.0,0.0
4603.892516443963,76.73154194073273,注入尾浆,0.0,0.0,0.0,0.0,0.0,0.0,0.0,0.0,0.0,0.0,0.0,1.0,0.0
4605.9437464169405,76.76572910694901,注入尾浆,0.0,0.0,0.0,0.0,0.0,0.0,0.0,0.0,0.0,0.0,0.0,1.0,0.0
4607.994976389918,76.7999162731653,注入尾浆,0.0,0.0,0.0,0.0,0.0,0.0,0.0,0.0,0.0,0.0,0.0,1.0,0.0
4610.046206362895,76.83410343938158,注入尾浆,0.0,0.0,0.0,0.0,0.0,0.0,0.0,0.0,0.0,0.0,0.0,1.0,0.0
4612.097436335872,76.86829060559786,注入尾浆,0.0,0.0,0.0,0.0,0.0,0.0,0.0,0.0,0.0,0.0,0.0,1.0,0.0
4614.148666308849,76.90247777181415,注入尾浆,0.0,0.0,0.0,0.0,0.0,0.0,0.0,0.0,0.0,0.0,0.0,1.0,0.0
4616.199896281826,76.93666493803043,注入尾浆,0.0,0.0,0.0,0.0,0.0,0.0,0.0,0.0,0.0,0.0,0.0,1.0,0.0
4618.251126254803,76.97085210424672,注入尾浆,0.0,0.0,0.0,0.0,0.0,0.0,0.0,0.0,0.0,0.0,0.0,1.0,0.0
4620.30235622778,77.005039270463,注入尾浆,0.0,0.0,0.0,0.0,0.0,0.0,0.0,0.0,0.0,0.0,0.0,1.0,0.0
4622.3535862007575,77.03922643667929,注入尾浆,0.0,0.0,0.0,0.0,0.0,0.0,0.0,0.0,0.0,0.0,0.0,1.0,0.0
4624.404816173735,77.07341360289557,注入尾浆,0.0,0.0,0.0,0.0,0.0,0.0,0.0,0.0,0.0,0.0,0.0,1.0,0.0
4626.456046146712,77.10760076911187,注入尾浆,0.0,0.0,0.0,0.0,0.0,0.0,0.0,0.0,0.0,0.0,0.0,1.0,0.0
4628.507276119689,77.14178793532815,注入尾浆,0.0,0.0,0.0,0.0,0.0,0.0,0.0,0.0,0.0,0.0,0.0,1.0,0.0
4630.558506092666,77.17597510154444,注入尾浆,0.0,0.0,0.0,0.0,0.0,0.0,0.0,0.0,0.0,0.0,0.0,1.0,0.0
4632.609736065643,77.21016226776072,注入尾浆,0.0,0.0,0.0,0.0,0.0,0.0,0.0,0.0,0.0,0.0,0.0,1.0,0.0
4634.66096603862,77.244349433977,注入尾浆,0.0,0.0,0.0,0.0,0.0,0.0,0.0,0.0,0.0,0.0,0.0,1.0,0.0
4636.712196011597,77.27853660019329,注入尾浆,0.0,0.0,0.0,0.0,0.0,0.0,0.0,0.0,0.0,0.0,0.0,1.0,0.0
4638.7634259845745,77.31272376640958,注入尾浆,0.0,0.0,0.0,0.0,0.0,0.0,0.0,0.0,0.0,0.0,0.0,1.0,0.0
4640.814655957552,77.34691093262586,注入尾浆,0.0,0.0,0.0,0.0,0.0,0.0,0.0,0.0,0.0,0.0,0.0,1.0,0.0
4642.865885930529,77.38109809884214,注入尾浆,0.0,0.0,0.0,0.0,0.0,0.0,0.0,0.0,0.0,0.0,0.0,1.0,0.0
4644.917115903506,77.41528526505843,注入尾浆,0.0,0.0,0.0,0.0,0.0,0.0,0.0,0.0,0.0,0.0,0.0,1.0,0.0
4646.968345876483,77.44947243127471,注入尾浆,0.0,0.0,0.0,0.0,0.0,0.0,0.0,0.0,0.0,0.0,0.0,1.0,0.0
4649.01957584946,77.483659597491,注入尾浆,0.0,0.0,0.0,0.0,0.0,0.0,0.0,0.0,0.0,0.0,0.0,1.0,0.0
4651.070805822437,77.51784676370728,注入尾浆,0.0,0.0,0.0,0.0,0.0,0.0,0.0,0.0,0.0,0.0,0.0,1.0,0.0
4653.122035795414,77.55203392992357,注入尾浆,0.0,0.0,0.0,0.0,0.0,0.0,0.0,0.0,0.0,0.0,0.0,1.0,0.0
4655.1732657683915,77.58622109613985,注入尾浆,0.0,0.0,0.0,0.0,0.0,0.0,0.0,0.0,0.0,0.0,0.0,1.0,0.0
4657.224495741369,77.62040826235615,注入尾浆,0.0,0.0,0.0,0.0,0.0,0.0,0.0,0.0,0.0,0.0,0.0,1.0,0.0
4659.275725714346,77.65459542857243,注入尾浆,0.0,0.0,0.0,0.0,0.0,0.0,0.0,0.0,0.0,0.0,0.0,1.0,0.0
4661.326955687323,77.68878259478872,注入尾浆,0.0,0.0,0.0,0.0,0.0,0.0,0.0,0.0,0.0,0.0,0.0,1.0,0.0
4663.3781856603,77.722969761005,注入尾浆,0.0,0.0,0.0,0.0,0.0,0.0,0.0,0.0,0.0,0.0,0.0,1.0,0.0
4665.429415633277,77.75715692722129,注入尾浆,0.0,0.0,0.0,0.0,0.0,0.0,0.0,0.0,0.0,0.0,0.0,1.0,0.0
4667.480645606254,77.79134409343757,注入尾浆,0.0,0.0,0.0,0.0,0.0,0.0,0.0,0.0,0.0,0.0,0.0,1.0,0.0
4669.531875579231,77.82553125965386,注入尾浆,0.0,0.0,0.0,0.0,0.0,0.0,0.0,0.0,0.0,0.0,0.0,1.0,0.0
4671.5831055522085,77.85971842587014,注入尾浆,0.0,0.0,0.0,0.0,0.0,0.0,0.0,0.0,0.0,0.0,0.0,1.0,0.0
4673.634335525186,77.89390559208643,注入尾浆,0.0,0.0,0.0,0.0,0.0,0.0,0.0,0.0,0.0,0.0,0.0,1.0,0.0
4675.685565498163,77.92809275830271,注入尾浆,0.0,0.0,0.0,0.0,0.0,0.0,0.0,0.0,0.0,0.0,0.0,1.0,0.0
4677.73679547114,77.962279924519,注入尾浆,0.0,0.0,0.0,0.0,0.0,0.0,0.0,0.0,0.0,0.0,0.0,1.0,0.0
4679.788025444117,77.99646709073528,注入尾浆,0.0,0.0,0.0,0.0,0.0,0.0,0.0,0.0,0.0,0.0,0.0,1.0,0.0
4681.839255417094,78.03065425695156,注入尾浆,0.0,0.0,0.0,0.0,0.0,0.0,0.0,0.0,0.0,0.0,0.0,1.0,0.0
4683.890485390071,78.06484142316785,注入尾浆,0.0,0.0,0.0,0.0,0.0,0.0,0.0,0.0,0.0,0.0,0.0,1.0,0.0
4685.941715363048,78.09902858938413,注入尾浆,0.0,0.0,0.0,0.0,0.0,0.0,0.0,0.0,0.0,0.0,0.0,1.0,0.0
4687.9929453360255,78.13321575560043,注入尾浆,0.0,0.0,0.0,0.0,0.0,0.0,0.0,0.0,0.0,0.0,0.0,1.0,0.0
4690.044175309003,78.16740292181672,注入尾浆,0.0,0.0,0.0,0.0,0.0,0.0,0.0,0.0,0.0,0.0,0.0,1.0,0.0
4692.09540528198,78.201590088033,注入尾浆,0.0,0.0,0.0,0.0,0.0,0.0,0.0,0.0,0.0,0.0,0.0,1.0,0.0
4694.146635254957,78.23577725424929,注入尾浆,0.0,0.0,0.0,0.0,0.0,0.0,0.0,0.0,0.0,0.0,0.0,1.0,0.0
4696.197865227934,78.26996442046557,注入尾浆,0.0,0.0,0.0,0.0,0.0,0.0,0.0,0.0,0.0,0.0,0.0,1.0,0.0
4698.249095200911,78.30415158668185,注入尾浆,0.0,0.0,0.0,0.0,0.0,0.0,0.0,0.0,0.0,0.0,0.0,1.0,0.0
4700.300325173888,78.33833875289814,注入尾浆,0.0,0.0,0.0,0.0,0.0,0.0,0.0,0.0,0.0,0.0,0.0,1.0,0.0
4702.351555146865,78.37252591911442,注入尾浆,0.0,0.0,0.0,0.0,0.0,0.0,0.0,0.0,0.0,0.0,0.0,1.0,0.0
4704.4027851198425,78.40671308533071,注入尾浆,0.0,0.0,0.0,0.0,0.0,0.0,0.0,0.0,0.0,0.0,0.0,1.0,0.0
4706.45401509282,78.44090025154699,注入尾浆,0.0,0.0,0.0,0.0,0.0,0.0,0.0,0.0,0.0,0.0,0.0,1.0,0.0
4708.505245065797,78.47508741776328,注入尾浆,0.0,0.0,0.0,0.0,0.0,0.0,0.0,0.0,0.0,0.0,0.0,1.0,0.0
4710.556475038774,78.50927458397956,注入尾浆,0.0,0.0,0.0,0.0,0.0,0.0,0.0,0.0,0.0,0.0,0.0,1.0,0.0
4712.607705011751,78.54346175019585,注入尾浆,0.0,0.0,0.0,0.0,0.0,0.0,0.0,0.0,0.0,0.0,0.0,1.0,0.0
4714.658934984728,78.57764891641213,注入尾浆,0.0,0.0,0.0,0.0,0.0,0.0,0.0,0.0,0.0,0.0,0.0,1.0,0.0
4716.710164957705,78.61183608262841,注入尾浆,0.0,0.0,0.0,0.0,0.0,0.0,0.0,0.0,0.0,0.0,0.0,1.0,0.0
4718.761394930682,78.64602324884471,注入尾浆,0.0,0.0,0.0,0.0,0.0,0.0,0.0,0.0,0.0,0.0,0.0,1.0,0.0
4720.8126249036595,78.680210415061,注入尾浆,0.0,0.0,0.0,0.0,0.0,0.0,0.0,0.0,0.0,0.0,0.0,1.0,0.0
4722.863854876637,78.71439758127728,注入尾浆,0.0,0.0,0.0,0.0,0.0,0.0,0.0,0.0,0.0,0.0,0.0,1.0,0.0
4724.915084849614,78.74858474749357,注入尾浆,0.0,0.0,0.0,0.0,0.0,0.0,0.0,0.0,0.0,0.0,0.0,1.0,0.0
4726.966314822591,78.78277191370985,注入尾浆,0.0,0.0,0.0,0.0,0.0,0.0,0.0,0.0,0.0,0.0,0.0,1.0,0.0
4729.017544795568,78.81695907992614,注入尾浆,0.0,0.0,0.0,0.0,0.0,0.0,0.0,0.0,0.0,0.0,0.0,1.0,0.0
4731.068774768545,78.85114624614242,注入尾浆,0.0,0.0,0.0,0.0,0.0,0.0,0.0,0.0,0.0,0.0,0.0,1.0,0.0
4733.120004741522,78.8853334123587,注入尾浆,0.0,0.0,0.0,0.0,0.0,0.0,0.0,0.0,0.0,0.0,0.0,1.0,0.0
4735.171234714499,78.91952057857499,注入尾浆,0.0,0.0,0.0,0.0,0.0,0.0,0.0,0.0,0.0,0.0,0.0,1.0,0.0
4737.2224646874765,78.95370774479127,注入尾浆,0.0,0.0,0.0,0.0,0.0,0.0,0.0,0.0,0.0,0.0,0.0,1.0,0.0
4739.273694660454,78.98789491100756,注入尾浆,0.0,0.0,0.0,0.0,0.0,0.0,0.0,0.0,0.0,0.0,0.0,1.0,0.0
4741.324924633431,79.02208207722384,注入尾浆,0.0,0.0,0.0,0.0,0.0,0.0,0.0,0.0,0.0,0.0,0.0,1.0,0.0
4743.376154606408,79.05626924344013,注入尾浆,0.0,0.0,0.0,0.0,0.0,0.0,0.0,0.0,0.0,0.0,0.0,1.0,0.0
4745.427384579385,79.09045640965641,注入尾浆,0.0,0.0,0.0,0.0,0.0,0.0,0.0,0.0,0.0,0.0,0.0,1.0,0.0
4747.478614552362,79.1246435758727,注入尾浆,0.0,0.0,0.0,0.0,0.0,0.0,0.0,0.0,0.0,0.0,0.0,1.0,0.0
4749.529844525339,79.158830742089,注入尾浆,0.0,0.0,0.0,0.0,0.0,0.0,0.0,0.0,0.0,0.0,0.0,1.0,0.0
4751.581074498316,79.19301790830528,注入尾浆,0.0,0.0,0.0,0.0,0.0,0.0,0.0,0.0,0.0,0.0,0.0,1.0,0.0
4753.6323044712935,79.22720507452156,注入尾浆,0.0,0.0,0.0,0.0,0.0,0.0,0.0,0.0,0.0,0.0,0.0,1.0,0.0
4755.683534444271,79.26139224073785,注入尾浆,0.0,0.0,0.0,0.0,0.0,0.0,0.0,0.0,0.0,0.0,0.0,1.0,0.0
4757.734764417248,79.29557940695413,注入尾浆,0.0,0.0,0.0,0.0,0.0,0.0,0.0,0.0,0.0,0.0,0.0,1.0,0.0
4759.785994390225,79.32976657317042,注入尾浆,0.0,0.0,0.0,0.0,0.0,0.0,0.0,0.0,0.0,0.0,0.0,1.0,0.0
4761.837224363202,79.3639537393867,注入尾浆,0.0,0.0,0.0,0.0,0.0,0.0,0.0,0.0,0.0,0.0,0.0,1.0,0.0
4763.888454336179,79.39814090560299,注入尾浆,0.0,0.0,0.0,0.0,0.0,0.0,0.0,0.0,0.0,0.0,0.0,1.0,0.0
4765.939684309156,79.43232807181927,注入尾浆,0.0,0.0,0.0,0.0,0.0,0.0,0.0,0.0,0.0,0.0,0.0,1.0,0.0
4767.990914282133,79.46651523803556,注入尾浆,0.0,0.0,0.0,0.0,0.0,0.0,0.0,0.0,0.0,0.0,0.0,1.0,0.0
4770.0421442551105,79.50070240425184,注入尾浆,0.0,0.0,0.0,0.0,0.0,0.0,0.0,0.0,0.0,0.0,0.0,1.0,0.0
4772.093374228088,79.53488957046812,注入尾浆,0.0,0.0,0.0,0.0,0.0,0.0,0.0,0.0,0.0,0.0,0.0,1.0,0.0
4774.144604201065,79.56907673668441,注入尾浆,0.0,0.0,0.0,0.0,0.0,0.0,0.0,0.0,0.0,0.0,0.0,1.0,0.0
4776.195834174042,79.6032639029007,注入尾浆,0.0,0.0,0.0,0.0,0.0,0.0,0.0,0.0,0.0,0.0,0.0,1.0,0.0
4778.247064147019,79.63745106911698,注入尾浆,0.0,0.0,0.0,0.0,0.0,0.0,0.0,0.0,0.0,0.0,0.0,1.0,0.0
4780.298294119996,79.67163823533328,注入尾浆,0.0,0.0,0.0,0.0,0.0,0.0,0.0,0.0,0.0,0.0,0.0,1.0,0.0
4782.349524092973,79.70582540154956,注入尾浆,0.0,0.0,0.0,0.0,0.0,0.0,0.0,0.0,0.0,0.0,0.0,1.0,0.0
4784.40075406595,79.74001256776585,注入尾浆,0.0,0.0,0.0,0.0,0.0,0.0,0.0,0.0,0.0,0.0,0.0,1.0,0.0
4786.451984038928,79.77419973398213,注入尾浆,0.0,0.0,0.0,0.0,0.0,0.0,0.0,0.0,0.0,0.0,0.0,1.0,0.0
4788.503214011905,79.80838690019841,注入尾浆,0.0,0.0,0.0,0.0,0.0,0.0,0.0,0.0,0.0,0.0,0.0,1.0,0.0
4790.554443984882,79.8425740664147,注入尾浆,0.0,0.0,0.0,0.0,0.0,0.0,0.0,0.0,0.0,0.0,0.0,1.0,0.0
4792.605673957859,79.87676123263098,注入尾浆,0.0,0.0,0.0,0.0,0.0,0.0,0.0,0.0,0.0,0.0,0.0,1.0,0.0
4794.656903930836,79.91094839884727,注入尾浆,0.0,0.0,0.0,0.0,0.0,0.0,0.0,0.0,0.0,0.0,0.0,1.0,0.0
4796.708133903813,79.94513556506355,注入尾浆,0.0,0.0,0.0,0.0,0.0,0.0,0.0,0.0,0.0,0.0,0.0,1.0,0.0
4798.75936387679,79.97932273127984,注入尾浆,0.0,0.0,0.0,0.0,0.0,0.0,0.0,0.0,0.0,0.0,0.0,1.0,0.0
4800.810593849767,80.01350989749612,注入尾浆,0.0,0.0,0.0,0.0,0.0,0.0,0.0,0.0,0.0,0.0,0.0,1.0,0.0
4802.861823822745,80.0476970637124,注入尾浆,0.0,0.0,0.0,0.0,0.0,0.0,0.0,0.0,0.0,0.0,0.0,1.0,0.0
4804.913053795722,80.08188422992869,注入尾浆,0.0,0.0,0.0,0.0,0.0,0.0,0.0,0.0,0.0,0.0,0.0,1.0,0.0
4806.964283768699,80.11607139614497,注入尾浆,0.0,0.0,0.0,0.0,0.0,0.0,0.0,0.0,0.0,0.0,0.0,1.0,0.0
4809.015513741676,80.15025856236126,注入尾浆,0.0,0.0,0.0,0.0,0.0,0.0,0.0,0.0,0.0,0.0,0.0,1.0,0.0
4811.066743714653,80.18444572857756,注入尾浆,0.0,0.0,0.0,0.0,0.0,0.0,0.0,0.0,0.0,0.0,0.0,1.0,0.0
4813.11797368763,80.21863289479384,注入尾浆,0.0,0.0,0.0,0.0,0.0,0.0,0.0,0.0,0.0,0.0,0.0,1.0,0.0
4815.169203660607,80.25282006101013,注入尾浆,0.0,0.0,0.0,0.0,0.0,0.0,0.0,0.0,0.0,0.0,0.0,1.0,0.0
4817.220433633584,80.28700722722641,注入尾浆,0.0,0.0,0.0,0.0,0.0,0.0,0.0,0.0,0.0,0.0,0.0,1.0,0.0
4819.271663606562,80.3211943934427,注入尾浆,0.0,0.0,0.0,0.0,0.0,0.0,0.0,0.0,0.0,0.0,0.0,1.0,0.0
4821.322893579539,80.35538155965898,注入尾浆,0.0,0.0,0.0,0.0,0.0,0.0,0.0,0.0,0.0,0.0,0.0,1.0,0.0
4823.374123552516,80.38956872587526,注入尾浆,0.0,0.0,0.0,0.0,0.0,0.0,0.0,0.0,0.0,0.0,0.0,1.0,0.0
4825.425353525493,80.42375589209155,注入尾浆,0.0,0.0,0.0,0.0,0.0,0.0,0.0,0.0,0.0,0.0,0.0,1.0,0.0
4827.47658349847,80.45794305830783,注入尾浆,0.0,0.0,0.0,0.0,0.0,0.0,0.0,0.0,0.0,0.0,0.0,1.0,0.0
4829.527813471447,80.49213022452412,注入尾浆,0.0,0.0,0.0,0.0,0.0,0.0,0.0,0.0,0.0,0.0,0.0,1.0,0.0
4831.579043444424,80.5263173907404,注入尾浆,0.0,0.0,0.0,0.0,0.0,0.0,0.0,0.0,0.0,0.0,0.0,1.0,0.0
4833.630273417401,80.56050455695669,注入尾浆,0.0,0.0,0.0,0.0,0.0,0.0,0.0,0.0,0.0,0.0,0.0,1.0,0.0
4835.681503390379,80.59469172317297,注入尾浆,0.0,0.0,0.0,0.0,0.0,0.0,0.0,0.0,0.0,0.0,0.0,1.0,0.0
4837.732733363356,80.62887888938926,注入尾浆,0.0,0.0,0.0,0.0,0.0,0.0,0.0,0.0,0.0,0.0,0.0,1.0,0.0
4839.783963336333,80.66306605560554,注入尾浆,0.0,0.0,0.0,0.0,0.0,0.0,0.0,0.0,0.0,0.0,0.0,1.0,0.0
4841.83519330931,80.69725322182184,注入尾浆,0.0,0.0,0.0,0.0,0.0,0.0,0.0,0.0,0.0,0.0,0.0,1.0,0.0
4843.886423282287,80.73144038803812,注入尾浆,0.0,0.0,0.0,0.0,0.0,0.0,0.0,0.0,0.0,0.0,0.0,1.0,0.0
4845.937653255264,80.76562755425441,注入尾浆,0.0,0.0,0.0,0.0,0.0,0.0,0.0,0.0,0.0,0.0,0.0,1.0,0.0
4847.988883228241,80.79981472047069,注入尾浆,0.0,0.0,0.0,0.0,0.0,0.0,0.0,0.0,0.0,0.0,0.0,1.0,0.0
4850.040113201218,80.83400188668698,注入尾浆,0.0,0.0,0.0,0.0,0.0,0.0,0.0,0.0,0.0,0.0,0.0,1.0,0.0
4852.091343174196,80.86818905290326,注入尾浆,0.0,0.0,0.0,0.0,0.0,0.0,0.0,0.0,0.0,0.0,0.0,1.0,0.0
4854.142573147173,80.90237621911955,注入尾浆,0.0,0.0,0.0,0.0,0.0,0.0,0.0,0.0,0.0,0.0,0.0,1.0,0.0
4856.19380312015,80.93656338533583,注入尾浆,0.0,0.0,0.0,0.0,0.0,0.0,0.0,0.0,0.0,0.0,0.0,1.0,0.0
4858.245033093127,80.97075055155211,注入尾浆,0.0,0.0,0.0,0.0,0.0,0.0,0.0,0.0,0.0,0.0,0.0,1.0,0.0
4860.296263066104,81.0049377177684,注入尾浆,0.0,0.0,0.0,0.0,0.0,0.0,0.0,0.0,0.0,0.0,0.0,1.0,0.0
4862.347493039081,81.03912488398468,注入尾浆,0.0,0.0,0.0,0.0,0.0,0.0,0.0,0.0,0.0,0.0,0.0,1.0,0.0
4864.398723012058,81.07331205020097,注入尾浆,0.0,0.0,0.0,0.0,0.0,0.0,0.0,0.0,0.0,0.0,0.0,1.0,0.0
4866.449952985035,81.10749921641725,注入尾浆,0.0,0.0,0.0,0.0,0.0,0.0,0.0,0.0,0.0,0.0,0.0,1.0,0.0
4868.501182958013,81.14168638263354,注入尾浆,0.0,0.0,0.0,0.0,0.0,0.0,0.0,0.0,0.0,0.0,0.0,1.0,0.0
4870.55241293099,81.17587354884982,注入尾浆,0.0,0.0,0.0,0.0,0.0,0.0,0.0,0.0,0.0,0.0,0.0,1.0,0.0
4872.603642903967,81.21006071506612,注入尾浆,0.0,0.0,0.0,0.0,0.0,0.0,0.0,0.0,0.0,0.0,0.0,1.0,0.0
4874.654872876944,81.2442478812824,注入尾浆,0.0,0.0,0.0,0.0,0.0,0.0,0.0,0.0,0.0,0.0,0.0,1.0,0.0
4876.706102849921,81.27843504749869,注入尾浆,0.0,0.0,0.0,0.0,0.0,0.0,0.0,0.0,0.0,0.0,0.0,1.0,0.0
4878.757332822898,81.31262221371497,注入尾浆,0.0,0.0,0.0,0.0,0.0,0.0,0.0,0.0,0.0,0.0,0.0,1.0,0.0
4880.808562795875,81.34680937993126,注入尾浆,0.0,0.0,0.0,0.0,0.0,0.0,0.0,0.0,0.0,0.0,0.0,1.0,0.0
4882.8597927688525,81.38099654614754,注入尾浆,0.0,0.0,0.0,0.0,0.0,0.0,0.0,0.0,0.0,0.0,0.0,1.0,0.0
4884.91102274183,81.41518371236383,注入尾浆,0.0,0.0,0.0,0.0,0.0,0.0,0.0,0.0,0.0,0.0,0.0,1.0,0.0
4886.962252714807,81.44937087858011,注入尾浆,0.0,0.0,0.0,0.0,0.0,0.0,0.0,0.0,0.0,0.0,0.0,1.0,0.0
4889.013482687784,81.4835580447964,注入尾浆,0.0,0.0,0.0,0.0,0.0,0.0,0.0,0.0,0.0,0.0,0.0,1.0,0.0
4891.064712660761,81.51774521101268,注入尾浆,0.0,0.0,0.0,0.0,0.0,0.0,0.0,0.0,0.0,0.0,0.0,1.0,0.0
4893.115942633738,81.55193237722897,注入尾浆,0.0,0.0,0.0,0.0,0.0,0.0,0.0,0.0,0.0,0.0,0.0,1.0,0.0
4895.167172606715,81.58611954344525,注入尾浆,0.0,0.0,0.0,0.0,0.0,0.0,0.0,0.0,0.0,0.0,0.0,1.0,0.0
4897.218402579692,81.62030670966153,注入尾浆,0.0,0.0,0.0,0.0,0.0,0.0,0.0,0.0,0.0,0.0,0.0,1.0,0.0
4899.2696325526695,81.65449387587782,注入尾浆,0.0,0.0,0.0,0.0,0.0,0.0,0.0,0.0,0.0,0.0,0.0,1.0,0.0
4901.320862525647,81.6886810420941,注入尾浆,0.0,0.0,0.0,0.0,0.0,0.0,0.0,0.0,0.0,0.0,0.0,1.0,0.0
4903.372092498624,81.7228682083104,注入尾浆,0.0,0.0,0.0,0.0,0.0,0.0,0.0,0.0,0.0,0.0,0.0,1.0,0.0
4905.423322471601,81.75705537452669,注入尾浆,0.0,0.0,0.0,0.0,0.0,0.0,0.0,0.0,0.0,0.0,0.0,1.0,0.0
4907.474552444578,81.79124254074297,注入尾浆,0.0,0.0,0.0,0.0,0.0,0.0,0.0,0.0,0.0,0.0,0.0,1.0,0.0
4909.525782417555,81.82542970695926,注入尾浆,0.0,0.0,0.0,0.0,0.0,0.0,0.0,0.0,0.0,0.0,0.0,1.0,0.0
4911.577012390532,81.85961687317554,注入尾浆,0.0,0.0,0.0,0.0,0.0,0.0,0.0,0.0,0.0,0.0,0.0,1.0,0.0
4913.628242363509,81.89380403939182,注入尾浆,0.0,0.0,0.0,0.0,0.0,0.0,0.0,0.0,0.0,0.0,0.0,1.0,0.0
4915.6794723364865,81.92799120560811,注入尾浆,0.0,0.0,0.0,0.0,0.0,0.0,0.0,0.0,0.0,0.0,0.0,1.0,0.0
4917.730702309464,81.9621783718244,注入尾浆,0.0,0.0,0.0,0.0,0.0,0.0,0.0,0.0,0.0,0.0,0.0,1.0,0.0
4919.781932282441,81.99636553804068,注入尾浆,0.0,0.0,0.0,0.0,0.0,0.0,0.0,0.0,0.0,0.0,0.0,1.0,0.0
4921.833162255418,82.03055270425696,注入尾浆,0.0,0.0,0.0,0.0,0.0,0.0,0.0,0.0,0.0,0.0,0.0,1.0,0.0
4923.884392228395,82.06473987047325,注入尾浆,0.0,0.0,0.0,0.0,0.0,0.0,0.0,0.0,0.0,0.0,0.0,1.0,0.0
4925.935622201372,82.09892703668953,注入尾浆,0.0,0.0,0.0,0.0,0.0,0.0,0.0,0.0,0.0,0.0,0.0,1.0,0.0
4927.986852174349,82.13311420290582,注入尾浆,0.0,0.0,0.0,0.0,0.0,0.0,0.0,0.0,0.0,0.0,0.0,1.0,0.0
4930.038082147326,82.1673013691221,注入尾浆,0.0,0.0,0.0,0.0,0.0,0.0,0.0,0.0,0.0,0.0,0.0,1.0,0.0
4932.0893121203035,82.20148853533838,注入尾浆,0.0,0.0,0.0,0.0,0.0,0.0,0.0,0.0,0.0,0.0,0.0,1.0,0.0
4934.140542093281,82.23567570155468,注入尾浆,0.0,0.0,0.0,0.0,0.0,0.0,0.0,0.0,0.0,0.0,0.0,1.0,0.0
4936.191772066258,82.26986286777097,注入尾浆,0.0,0.0,0.0,0.0,0.0,0.0,0.0,0.0,0.0,0.0,0.0,1.0,0.0
4938.243002039235,82.30405003398725,注入尾浆,0.0,0.0,0.0,0.0,0.0,0.0,0.0,0.0,0.0,0.0,0.0,1.0,0.0
4940.294232012212,82.33823720020354,注入尾浆,0.0,0.0,0.0,0.0,0.0,0.0,0.0,0.0,0.0,0.0,0.0,1.0,0.0
4942.345461985189,82.37242436641982,注入尾浆,0.0,0.0,0.0,0.0,0.0,0.0,0.0,0.0,0.0,0.0,0.0,1.0,0.0
4944.396691958166,82.4066115326361,注入尾浆,0.0,0.0,0.0,0.0,0.0,0.0,0.0,0.0,0.0,0.0,0.0,1.0,0.0
4946.447921931143,82.44079869885239,注入尾浆,0.0,0.0,0.0,0.0,0.0,0.0,0.0,0.0,0.0,0.0,0.0,1.0,0.0
4948.4991519041205,82.47498586506867,注入尾浆,0.0,0.0,0.0,0.0,0.0,0.0,0.0,0.0,0.0,0.0,0.0,1.0,0.0
4950.550381877098,82.50917303128496,注入尾浆,0.0,0.0,0.0,0.0,0.0,0.0,0.0,0.0,0.0,0.0,0.0,1.0,0.0
4952.601611850075,82.54336019750124,注入尾浆,0.0,0.0,0.0,0.0,0.0,0.0,0.0,0.0,0.0,0.0,0.0,1.0,0.0
4954.652841823052,82.57754736371753,注入尾浆,0.0,0.0,0.0,0.0,0.0,0.0,0.0,0.0,0.0,0.0,0.0,1.0,0.0
4956.704071796029,82.61173452993381,注入尾浆,0.0,0.0,0.0,0.0,0.0,0.0,0.0,0.0,0.0,0.0,0.0,1.0,0.0
4958.755301769006,82.6459216961501,注入尾浆,0.0,0.0,0.0,0.0,0.0,0.0,0.0,0.0,0.0,0.0,0.0,1.0,0.0
4960.806531741983,82.68010886236638,注入尾浆,0.0,0.0,0.0,0.0,0.0,0.0,0.0,0.0,0.0,0.0,0.0,1.0,0.0
4962.85776171496,82.71429602858267,注入尾浆,0.0,0.0,0.0,0.0,0.0,0.0,0.0,0.0,0.0,0.0,0.0,1.0,0.0
4964.9089916879375,82.74848319479896,注入尾浆,0.0,0.0,0.0,0.0,0.0,0.0,0.0,0.0,0.0,0.0,0.0,1.0,0.0
4966.960221660915,82.78267036101525,注入尾浆,0.0,0.0,0.0,0.0,0.0,0.0,0.0,0.0,0.0,0.0,0.0,1.0,0.0
4969.011451633892,82.81685752723153,注入尾浆,0.0,0.0,0.0,0.0,0.0,0.0,0.0,0.0,0.0,0.0,0.0,1.0,0.0
4971.062681606869,82.85104469344782,注入尾浆,0.0,0.0,0.0,0.0,0.0,0.0,0.0,0.0,0.0,0.0,0.0,1.0,0.0
4973.113911579846,82.8852318596641,注入尾浆,0.0,0.0,0.0,0.0,0.0,0.0,0.0,0.0,0.0,0.0,0.0,1.0,0.0
4975.165141552823,82.91941902588039,注入尾浆,0.0,0.0,0.0,0.0,0.0,0.0,0.0,0.0,0.0,0.0,0.0,1.0,0.0
4977.2163715258,82.95360619209667,注入尾浆,0.0,0.0,0.0,0.0,0.0,0.0,0.0,0.0,0.0,0.0,0.0,1.0,0.0
4979.267601498777,82.98779335831296,注入尾浆,0.0,0.0,0.0,0.0,0.0,0.0,0.0,0.0,0.0,0.0,0.0,1.0,0.0
4981.3188314717545,83.02198052452924,注入尾浆,0.0,0.0,0.0,0.0,0.0,0.0,0.0,0.0,0.0,0.0,0.0,1.0,0.0
4983.370061444732,83.05616769074553,注入尾浆,0.0,0.0,0.0,0.0,0.0,0.0,0.0,0.0,0.0,0.0,0.0,1.0,0.0
4985.421291417709,83.09035485696181,注入尾浆,0.0,0.0,0.0,0.0,0.0,0.0,0.0,0.0,0.0,0.0,0.0,1.0,0.0
4987.472521390686,83.1245420231781,注入尾浆,0.0,0.0,0.0,0.0,0.0,0.0,0.0,0.0,0.0,0.0,0.0,1.0,0.0
4989.523751363663,83.15872918939438,注入尾浆,0.0,0.0,0.0,0.0,0.0,0.0,0.0,0.0,0.0,0.0,0.0,1.0,0.0
4991.57498133664,83.19291635561066,注入尾浆,0.0,0.0,0.0,0.0,0.0,0.0,0.0,0.0,0.0,0.0,0.0,1.0,0.0
4993.626211309617,83.22710352182695,注入尾浆,0.0,0.0,0.0,0.0,0.0,0.0,0.0,0.0,0.0,0.0,0.0,1.0,0.0
4995.677441282594,83.26129068804325,注入尾浆,0.0,0.0,0.0,0.0,0.0,0.0,0.0,0.0,0.0,0.0,0.0,1.0,0.0
4997.7286712555715,83.29547785425953,注入尾浆,0.0,0.0,0.0,0.0,0.0,0.0,0.0,0.0,0.0,0.0,0.0,1.0,0.0
4999.779901228549,83.32966502047582,注入尾浆,0.0,0.0,0.0,0.0,0.0,0.0,0.0,0.0,0.0,0.0,0.0,1.0,0.0
5001.831131201526,83.3638521866921,注入尾浆,0.0,0.0,0.0,0.0,0.0,0.0,0.0,0.0,0.0,0.0,0.0,1.0,0.0
5003.882361174503,83.39803935290838,注入尾浆,0.0,0.0,0.0,0.0,0.0,0.0,0.0,0.0,0.0,0.0,0.0,1.0,0.0
5005.93359114748,83.43222651912467,注入尾浆,0.0,0.0,0.0,0.0,0.0,0.0,0.0,0.0,0.0,0.0,0.0,1.0,0.0
5007.984821120457,83.46641368534095,注入尾浆,0.0,0.0,0.0,0.0,0.0,0.0,0.0,0.0,0.0,0.0,0.0,1.0,0.0
5010.036051093434,83.50060085155724,注入尾浆,0.0,0.0,0.0,0.0,0.0,0.0,0.0,0.0,0.0,0.0,0.0,1.0,0.0
5012.087281066411,83.53478801777352,注入尾浆,0.0,0.0,0.0,0.0,0.0,0.0,0.0,0.0,0.0,0.0,0.0,1.0,0.0
5014.1385110393885,83.5689751839898,注入尾浆,0.0,0.0,0.0,0.0,0.0,0.0,0.0,0.0,0.0,0.0,0.0,1.0,0.0
5016.189741012366,83.60316235020609,注入尾浆,0.0,0.0,0.0,0.0,0.0,0.0,0.0,0.0,0.0,0.0,0.0,1.0,0.0
5018.240970985343,83.63734951642238,注入尾浆,0.0,0.0,0.0,0.0,0.0,0.0,0.0,0.0,0.0,0.0,0.0,1.0,0.0
5020.29220095832,83.67153668263866,注入尾浆,0.0,0.0,0.0,0.0,0.0,0.0,0.0,0.0,0.0,0.0,0.0,1.0,0.0
5022.343430931297,83.70572384885494,注入尾浆,0.0,0.0,0.0,0.0,0.0,0.0,0.0,0.0,0.0,0.0,0.0,1.0,0.0
5024.394660904274,83.73991101507123,注入尾浆,0.0,0.0,0.0,0.0,0.0,0.0,0.0,0.0,0.0,0.0,0.0,1.0,0.0
5026.445890877251,83.77409818128753,注入尾浆,0.0,0.0,0.0,0.0,0.0,0.0,0.0,0.0,0.0,0.0,0.0,1.0,0.0
5028.497120850228,83.80828534750381,注入尾浆,0.0,0.0,0.0,0.0,0.0,0.0,0.0,0.0,0.0,0.0,0.0,1.0,0.0
5030.5483508232055,83.8424725137201,注入尾浆,0.0,0.0,0.0,0.0,0.0,0.0,0.0,0.0,0.0,0.0,0.0,1.0,0.0
5032.599580796183,83.87665967993638,注入尾浆,0.0,0.0,0.0,0.0,0.0,0.0,0.0,0.0,0.0,0.0,0.0,1.0,0.0
5034.65081076916,83.91084684615267,注入尾浆,0.0,0.0,0.0,0.0,0.0,0.0,0.0,0.0,0.0,0.0,0.0,1.0,0.0
5036.702040742137,83.94503401236895,注入尾浆,0.0,0.0,0.0,0.0,0.0,0.0,0.0,0.0,0.0,0.0,0.0,1.0,0.0
5038.753270715114,83.97922117858523,注入尾浆,0.0,0.0,0.0,0.0,0.0,0.0,0.0,0.0,0.0,0.0,0.0,1.0,0.0
5040.804500688091,84.01340834480152,注入尾浆,0.0,0.0,0.0,0.0,0.0,0.0,0.0,0.0,0.0,0.0,0.0,1.0,0.0
5042.855730661068,84.0475955110178,注入尾浆,0.0,0.0,0.0,0.0,0.0,0.0,0.0,0.0,0.0,0.0,0.0,1.0,0.0
5044.906960634045,84.08178267723409,注入尾浆,0.0,0.0,0.0,0.0,0.0,0.0,0.0,0.0,0.0,0.0,0.0,1.0,0.0
5046.9581906070225,84.11596984345037,注入尾浆,0.0,0.0,0.0,0.0,0.0,0.0,0.0,0.0,0.0,0.0,0.0,1.0,0.0
5049.00942058,84.15015700966666,注入尾浆,0.0,0.0,0.0,0.0,0.0,0.0,0.0,0.0,0.0,0.0,0.0,1.0,0.0
5051.060650552977,84.18434417588294,注入尾浆,0.0,0.0,0.0,0.0,0.0,0.0,0.0,0.0,0.0,0.0,0.0,1.0,0.0
5053.111880525954,84.21853134209923,注入尾浆,0.0,0.0,0.0,0.0,0.0,0.0,0.0,0.0,0.0,0.0,0.0,1.0,0.0
5055.163110498931,84.25271850831551,注入尾浆,0.0,0.0,0.0,0.0,0.0,0.0,0.0,0.0,0.0,0.0,0.0,1.0,0.0
5057.214340471908,84.28690567453181,注入尾浆,0.0,0.0,0.0,0.0,0.0,0.0,0.0,0.0,0.0,0.0,0.0,1.0,0.0
5059.265570444885,84.3210928407481,注入尾浆,0.0,0.0,0.0,0.0,0.0,0.0,0.0,0.0,0.0,0.0,0.0,1.0,0.0
5061.316800417862,84.35528000696438,注入尾浆,0.0,0.0,0.0,0.0,0.0,0.0,0.0,0.0,0.0,0.0,0.0,1.0,0.0
5063.3680303908395,84.38946717318066,注入尾浆,0.0,0.0,0.0,0.0,0.0,0.0,0.0,0.0,0.0,0.0,0.0,1.0,0.0
5065.419260363817,84.42365433939695,注入尾浆,0.0,0.0,0.0,0.0,0.0,0.0,0.0,0.0,0.0,0.0,0.0,1.0,0.0
5067.470490336794,84.45784150561323,注入尾浆,0.0,0.0,0.0,0.0,0.0,0.0,0.0,0.0,0.0,0.0,0.0,1.0,0.0
5069.521720309771,84.49202867182952,注入尾浆,0.0,0.0,0.0,0.0,0.0,0.0,0.0,0.0,0.0,0.0,0.0,1.0,0.0
5071.572950282748,84.5262158380458,注入尾浆,0.0,0.0,0.0,0.0,0.0,0.0,0.0,0.0,0.0,0.0,0.0,1.0,0.0
5073.624180255725,84.56040300426208,注入尾浆,0.0,0.0,0.0,0.0,0.0,0.0,0.0,0.0,0.0,0.0,0.0,1.0,0.0
5075.675410228702,84.59459017047837,注入尾浆,0.0,0.0,0.0,0.0,0.0,0.0,0.0,0.0,0.0,0.0,0.0,1.0,0.0
5077.726640201679,84.62877733669465,注入尾浆,0.0,0.0,0.0,0.0,0.0,0.0,0.0,0.0,0.0,0.0,0.0,1.0,0.0
5079.7778701746565,84.66296450291094,注入尾浆,0.0,0.0,0.0,0.0,0.0,0.0,0.0,0.0,0.0,0.0,0.0,1.0,0.0
5081.829100147634,84.69715166912722,注入尾浆,0.0,0.0,0.0,0.0,0.0,0.0,0.0,0.0,0.0,0.0,0.0,1.0,0.0
5083.880330120611,84.73133883534351,注入尾浆,0.0,0.0,0.0,0.0,0.0,0.0,0.0,0.0,0.0,0.0,0.0,1.0,0.0
5085.931560093588,84.76552600155979,注入尾浆,0.0,0.0,0.0,0.0,0.0,0.0,0.0,0.0,0.0,0.0,0.0,1.0,0.0
5087.982790066565,84.79971316777609,注入尾浆,0.0,0.0,0.0,0.0,0.0,0.0,0.0,0.0,0.0,0.0,0.0,1.0,0.0
5090.034020039542,84.83390033399237,注入尾浆,0.0,0.0,0.0,0.0,0.0,0.0,0.0,0.0,0.0,0.0,0.0,1.0,0.0
5092.085250012519,84.86808750020866,注入尾浆,0.0,0.0,0.0,0.0,0.0,0.0,0.0,0.0,0.0,0.0,0.0,1.0,0.0
5094.136479985496,84.90227466642494,注入尾浆,0.0,0.0,0.0,0.0,0.0,0.0,0.0,0.0,0.0,0.0,0.0,1.0,0.0
5096.1877099584735,84.93646183264123,注入尾浆,0.0,0.0,0.0,0.0,0.0,0.0,0.0,0.0,0.0,0.0,0.0,1.0,0.0
5098.238939931451,84.97064899885751,注入尾浆,0.0,0.0,0.0,0.0,0.0,0.0,0.0,0.0,0.0,0.0,0.0,1.0,0.0
5100.290169904428,85.0048361650738,注入尾浆,0.0,0.0,0.0,0.0,0.0,0.0,0.0,0.0,0.0,0.0,0.0,1.0,0.0
5102.341399877405,85.03902333129008,注入尾浆,0.0,0.0,0.0,0.0,0.0,0.0,0.0,0.0,0.0,0.0,0.0,1.0,0.0
5104.392629850382,85.07321049750637,注入尾浆,0.0,0.0,0.0,0.0,0.0,0.0,0.0,0.0,0.0,0.0,0.0,1.0,0.0
5106.443859823359,85.10739766372265,注入尾浆,0.0,0.0,0.0,0.0,0.0,0.0,0.0,0.0,0.0,0.0,0.0,1.0,0.0
5108.495089796336,85.14158482993894,注入尾浆,0.0,0.0,0.0,0.0,0.0,0.0,0.0,0.0,0.0,0.0,0.0,1.0,0.0
5110.546319769313,85.17577199615522,注入尾浆,0.0,0.0,0.0,0.0,0.0,0.0,0.0,0.0,0.0,0.0,0.0,1.0,0.0
5112.5975497422905,85.2099591623715,注入尾浆,0.0,0.0,0.0,0.0,0.0,0.0,0.0,0.0,0.0,0.0,0.0,1.0,0.0
5114.648779715268,85.24414632858779,注入尾浆,0.0,0.0,0.0,0.0,0.0,0.0,0.0,0.0,0.0,0.0,0.0,1.0,0.0
5116.700009688245,85.27833349480407,注入尾浆,0.0,0.0,0.0,0.0,0.0,0.0,0.0,0.0,0.0,0.0,0.0,1.0,0.0
5118.751239661222,85.31252066102037,注入尾浆,0.0,0.0,0.0,0.0,0.0,0.0,0.0,0.0,0.0,0.0,0.0,1.0,0.0
5120.802469634199,85.34670782723666,注入尾浆,0.0,0.0,0.0,0.0,0.0,0.0,0.0,0.0,0.0,0.0,0.0,1.0,0.0
5122.853699607176,85.38089499345294,注入尾浆,0.0,0.0,0.0,0.0,0.0,0.0,0.0,0.0,0.0,0.0,0.0,1.0,0.0
5124.904929580153,85.41508215966923,注入尾浆,0.0,0.0,0.0,0.0,0.0,0.0,0.0,0.0,0.0,0.0,0.0,1.0,0.0
5126.95615955313,85.44926932588551,注入尾浆,0.0,0.0,0.0,0.0,0.0,0.0,0.0,0.0,0.0,0.0,0.0,1.0,0.0
5129.0073895261075,85.4834564921018,注入尾浆,0.0,0.0,0.0,0.0,0.0,0.0,0.0,0.0,0.0,0.0,0.0,1.0,0.0
5131.058619499085,85.51764365831808,注入尾浆,0.0,0.0,0.0,0.0,0.0,0.0,0.0,0.0,0.0,0.0,0.0,1.0,0.0
5133.109849472062,85.55183082453436,注入尾浆,0.0,0.0,0.0,0.0,0.0,0.0,0.0,0.0,0.0,0.0,0.0,1.0,0.0
5135.161079445039,85.58601799075065,注入尾浆,0.0,0.0,0.0,0.0,0.0,0.0,0.0,0.0,0.0,0.0,0.0,1.0,0.0
5137.212309418016,85.62020515696693,注入尾浆,0.0,0.0,0.0,0.0,0.0,0.0,0.0,0.0,0.0,0.0,0.0,1.0,0.0
5139.263539390993,85.65439232318322,注入尾浆,0.0,0.0,0.0,0.0,0.0,0.0,0.0,0.0,0.0,0.0,0.0,1.0,0.0
5141.31476936397,85.6885794893995,注入尾浆,0.0,0.0,0.0,0.0,0.0,0.0,0.0,0.0,0.0,0.0,0.0,1.0,0.0
5143.365999336947,85.72276665561579,注入尾浆,0.0,0.0,0.0,0.0,0.0,0.0,0.0,0.0,0.0,0.0,0.0,1.0,0.0
5145.417229309925,85.75695382183207,注入尾浆,0.0,0.0,0.0,0.0,0.0,0.0,0.0,0.0,0.0,0.0,0.0,1.0,0.0
5147.468459282902,85.79114098804835,注入尾浆,0.0,0.0,0.0,0.0,0.0,0.0,0.0,0.0,0.0,0.0,0.0,1.0,0.0
5149.519689255879,85.82532815426465,注入尾浆,0.0,0.0,0.0,0.0,0.0,0.0,0.0,0.0,0.0,0.0,0.0,1.0,0.0
5151.570919228856,85.85951532048094,注入尾浆,0.0,0.0,0.0,0.0,0.0,0.0,0.0,0.0,0.0,0.0,0.0,1.0,0.0
5153.622149201833,85.89370248669722,注入尾浆,0.0,0.0,0.0,0.0,0.0,0.0,0.0,0.0,0.0,0.0,0.0,1.0,0.0
5155.67337917481,85.9278896529135,注入尾浆,0.0,0.0,0.0,0.0,0.0,0.0,0.0,0.0,0.0,0.0,0.0,1.0,0.0
5157.724609147787,85.96207681912979,注入尾浆,0.0,0.0,0.0,0.0,0.0,0.0,0.0,0.0,0.0,0.0,0.0,1.0,0.0
5159.775839120764,85.99626398534608,注入尾浆,0.0,0.0,0.0,0.0,0.0,0.0,0.0,0.0,0.0,0.0,0.0,1.0,0.0
5161.827069093742,86.03045115156236,注入尾浆,0.0,0.0,0.0,0.0,0.0,0.0,0.0,0.0,0.0,0.0,0.0,1.0,0.0
5163.878299066719,86.06463831777864,注入尾浆,0.0,0.0,0.0,0.0,0.0,0.0,0.0,0.0,0.0,0.0,0.0,1.0,0.0
5165.929529039696,86.09882548399493,注入尾浆,0.0,0.0,0.0,0.0,0.0,0.0,0.0,0.0,0.0,0.0,0.0,1.0,0.0
5167.980759012673,86.13301265021121,注入尾浆,0.0,0.0,0.0,0.0,0.0,0.0,0.0,0.0,0.0,0.0,0.0,1.0,0.0
5170.03198898565,86.1671998164275,注入尾浆,0.0,0.0,0.0,0.0,0.0,0.0,0.0,0.0,0.0,0.0,0.0,1.0,0.0
5172.083218958627,86.20138698264378,注入尾浆,0.0,0.0,0.0,0.0,0.0,0.0,0.0,0.0,0.0,0.0,0.0,1.0,0.0
5174.134448931604,86.23557414886007,注入尾浆,0.0,0.0,0.0,0.0,0.0,0.0,0.0,0.0,0.0,0.0,0.0,1.0,0.0
5176.185678904581,86.26976131507635,注入尾浆,0.0,0.0,0.0,0.0,0.0,0.0,0.0,0.0,0.0,0.0,0.0,1.0,0.0
5178.236908877559,86.30394848129264,注入尾浆,0.0,0.0,0.0,0.0,0.0,0.0,0.0,0.0,0.0,0.0,0.0,1.0,0.0
5180.288138850536,86.33813564750893,注入尾浆,0.0,0.0,0.0,0.0,0.0,0.0,0.0,0.0,0.0,0.0,0.0,1.0,0.0
5182.339368823513,86.37232281372522,注入尾浆,0.0,0.0,0.0,0.0,0.0,0.0,0.0,0.0,0.0,0.0,0.0,1.0,0.0
5184.39059879649,86.4065099799415,注入尾浆,0.0,0.0,0.0,0.0,0.0,0.0,0.0,0.0,0.0,0.0,0.0,1.0,0.0
5186.441828769467,86.44069714615779,注入尾浆,0.0,0.0,0.0,0.0,0.0,0.0,0.0,0.0,0.0,0.0,0.0,1.0,0.0
5188.493058742444,86.47488431237407,注入尾浆,0.0,0.0,0.0,0.0,0.0,0.0,0.0,0.0,0.0,0.0,0.0,1.0,0.0
5190.544288715421,86.50907147859036,注入尾浆,0.0,0.0,0.0,0.0,0.0,0.0,0.0,0.0,0.0,0.0,0.0,1.0,0.0
5192.595518688398,86.54325864480664,注入尾浆,0.0,0.0,0.0,0.0,0.0,0.0,0.0,0.0,0.0,0.0,0.0,1.0,0.0
5194.646748661376,86.57744581102293,注入尾浆,0.0,0.0,0.0,0.0,0.0,0.0,0.0,0.0,0.0,0.0,0.0,1.0,0.0
5196.697978634353,86.61163297723921,注入尾浆,0.0,0.0,0.0,0.0,0.0,0.0,0.0,0.0,0.0,0.0,0.0,1.0,0.0
5198.74920860733,86.6458201434555,注入尾浆,0.0,0.0,0.0,0.0,0.0,0.0,0.0,0.0,0.0,0.0,0.0,1.0,0.0
5200.800438580307,86.68000730967178,注入尾浆,0.0,0.0,0.0,0.0,0.0,0.0,0.0,0.0,0.0,0.0,0.0,1.0,0.0
5202.851668553284,86.71419447588806,注入尾浆,0.0,0.0,0.0,0.0,0.0,0.0,0.0,0.0,0.0,0.0,0.0,1.0,0.0
5204.902898526261,86.74838164210435,注入尾浆,0.0,0.0,0.0,0.0,0.0,0.0,0.0,0.0,0.0,0.0,0.0,1.0,0.0
5206.954128499238,86.78256880832063,注入尾浆,0.0,0.0,0.0,0.0,0.0,0.0,0.0,0.0,0.0,0.0,0.0,1.0,0.0
5209.005358472215,86.81675597453692,注入尾浆,0.0,0.0,0.0,0.0,0.0,0.0,0.0,0.0,0.0,0.0,0.0,1.0,0.0
5211.056588445193,86.85094314075322,注入尾浆,0.0,0.0,0.0,0.0,0.0,0.0,0.0,0.0,0.0,0.0,0.0,1.0,0.0
5213.10781841817,86.8851303069695,注入尾浆,0.0,0.0,0.0,0.0,0.0,0.0,0.0,0.0,0.0,0.0,0.0,1.0,0.0
5215.159048391147,86.91931747318579,注入尾浆,0.0,0.0,0.0,0.0,0.0,0.0,0.0,0.0,0.0,0.0,0.0,1.0,0.0
5217.210278364124,86.95350463940207,注入尾浆,0.0,0.0,0.0,0.0,0.0,0.0,0.0,0.0,0.0,0.0,0.0,1.0,0.0
5219.261508337101,86.98769180561835,注入尾浆,0.0,0.0,0.0,0.0,0.0,0.0,0.0,0.0,0.0,0.0,0.0,1.0,0.0
5221.312738310078,87.02187897183464,注入尾浆,0.0,0.0,0.0,0.0,0.0,0.0,0.0,0.0,0.0,0.0,0.0,1.0,0.0
5223.363968283055,87.05606613805092,注入尾浆,0.0,0.0,0.0,0.0,0.0,0.0,0.0,0.0,0.0,0.0,0.0,1.0,0.0
5225.415198256032,87.09025330426721,注入尾浆,0.0,0.0,0.0,0.0,0.0,0.0,0.0,0.0,0.0,0.0,0.0,1.0,0.0
5227.46642822901,87.12444047048349,注入尾浆,0.0,0.0,0.0,0.0,0.0,0.0,0.0,0.0,0.0,0.0,0.0,1.0,0.0
5229.517658201987,87.15862763669978,注入尾浆,0.0,0.0,0.0,0.0,0.0,0.0,0.0,0.0,0.0,0.0,0.0,1.0,0.0
5231.568888174964,87.19281480291606,注入尾浆,0.0,0.0,0.0,0.0,0.0,0.0,0.0,0.0,0.0,0.0,0.0,1.0,0.0
5233.620118147941,87.22700196913235,注入尾浆,0.0,0.0,0.0,0.0,0.0,0.0,0.0,0.0,0.0,0.0,0.0,1.0,0.0
5235.671348120918,87.26118913534863,注入尾浆,0.0,0.0,0.0,0.0,0.0,0.0,0.0,0.0,0.0,0.0,0.0,1.0,0.0
5237.722578093895,87.29537630156491,注入尾浆,0.0,0.0,0.0,0.0,0.0,0.0,0.0,0.0,0.0,0.0,0.0,1.0,0.0
5239.773808066872,87.3295634677812,注入尾浆,0.0,0.0,0.0,0.0,0.0,0.0,0.0,0.0,0.0,0.0,0.0,1.0,0.0
5241.8250380398495,87.3637506339975,注入尾浆,0.0,0.0,0.0,0.0,0.0,0.0,0.0,0.0,0.0,0.0,0.0,1.0,0.0
5243.876268012827,87.39793780021378,注入尾浆,0.0,0.0,0.0,0.0,0.0,0.0,0.0,0.0,0.0,0.0,0.0,1.0,0.0
5245.927497985804,87.43212496643007,注入尾浆,0.0,0.0,0.0,0.0,0.0,0.0,0.0,0.0,0.0,0.0,0.0,1.0,0.0
5247.978727958781,87.46631213264635,注入尾浆,0.0,0.0,0.0,0.0,0.0,0.0,0.0,0.0,0.0,0.0,0.0,1.0,0.0
5250.029957931758,87.50049929886264,注入尾浆,0.0,0.0,0.0,0.0,0.0,0.0,0.0,0.0,0.0,0.0,0.0,1.0,0.0
5252.081187904735,87.53468646507892,注入尾浆,0.0,0.0,0.0,0.0,0.0,0.0,0.0,0.0,0.0,0.0,0.0,1.0,0.0
5254.132417877712,87.5688736312952,注入尾浆,0.0,0.0,0.0,0.0,0.0,0.0,0.0,0.0,0.0,0.0,0.0,1.0,0.0
5256.183647850689,87.60306079751149,注入尾浆,0.0,0.0,0.0,0.0,0.0,0.0,0.0,0.0,0.0,0.0,0.0,1.0,0.0
5258.2348778236665,87.63724796372777,注入尾浆,0.0,0.0,0.0,0.0,0.0,0.0,0.0,0.0,0.0,0.0,0.0,1.0,0.0
5260.286107796644,87.67143512994406,注入尾浆,0.0,0.0,0.0,0.0,0.0,0.0,0.0,0.0,0.0,0.0,0.0,1.0,0.0
5262.337337769621,87.70562229616034,注入尾浆,0.0,0.0,0.0,0.0,0.0,0.0,0.0,0.0,0.0,0.0,0.0,1.0,0.0
5264.388567742598,87.73980946237663,注入尾浆,0.0,0.0,0.0,0.0,0.0,0.0,0.0,0.0,0.0,0.0,0.0,1.0,0.0
5266.439797715575,87.77399662859291,注入尾浆,0.0,0.0,0.0,0.0,0.0,0.0,0.0,0.0,0.0,0.0,0.0,1.0,0.0
5268.491027688552,87.8081837948092,注入尾浆,0.0,0.0,0.0,0.0,0.0,0.0,0.0,0.0,0.0,0.0,0.0,1.0,0.0
5270.542257661529,87.84237096102548,注入尾浆,0.0,0.0,0.0,0.0,0.0,0.0,0.0,0.0,0.0,0.0,0.0,1.0,0.0
5272.593487634506,87.87655812724178,注入尾浆,0.0,0.0,0.0,0.0,0.0,0.0,0.0,0.0,0.0,0.0,0.0,1.0,0.0
5274.6447176074835,87.91074529345806,注入尾浆,0.0,0.0,0.0,0.0,0.0,0.0,0.0,0.0,0.0,0.0,0.0,1.0,0.0
5276.695947580461,87.94493245967435,注入尾浆,0.0,0.0,0.0,0.0,0.0,0.0,0.0,0.0,0.0,0.0,0.0,1.0,0.0
5278.747177553438,87.97911962589063,注入尾浆,0.0,0.0,0.0,0.0,0.0,0.0,0.0,0.0,0.0,0.0,0.0,1.0,0.0
5280.798407526415,88.01330679210692,注入尾浆,0.0,0.0,0.0,0.0,0.0,0.0,0.0,0.0,0.0,0.0,0.0,1.0,0.0
5282.849637499392,88.0474939583232,注入尾浆,0.0,0.0,0.0,0.0,0.0,0.0,0.0,0.0,0.0,0.0,0.0,1.0,0.0
5284.900867472369,88.08168112453949,注入尾浆,0.0,0.0,0.0,0.0,0.0,0.0,0.0,0.0,0.0,0.0,0.0,1.0,0.0
5286.952097445346,88.11586829075577,注入尾浆,0.0,0.0,0.0,0.0,0.0,0.0,0.0,0.0,0.0,0.0,0.0,1.0,0.0
5289.003327418323,88.15005545697205,注入尾浆,0.0,0.0,0.0,0.0,0.0,0.0,0.0,0.0,0.0,0.0,0.0,1.0,0.0
5291.0545573913005,88.18424262318834,注入尾浆,0.0,0.0,0.0,0.0,0.0,0.0,0.0,0.0,0.0,0.0,0.0,1.0,0.0
5293.105787364278,88.21842978940462,注入尾浆,0.0,0.0,0.0,0.0,0.0,0.0,0.0,0.0,0.0,0.0,0.0,1.0,0.0
5295.157017337255,88.25261695562091,注入尾浆,0.0,0.0,0.0,0.0,0.0,0.0,0.0,0.0,0.0,0.0,0.0,1.0,0.0
5297.208247310232,88.28680412183719,注入尾浆,0.0,0.0,0.0,0.0,0.0,0.0,0.0,0.0,0.0,0.0,0.0,1.0,0.0
5299.259477283209,88.32099128805348,注入尾浆,0.0,0.0,0.0,0.0,0.0,0.0,0.0,0.0,0.0,0.0,0.0,1.0,0.0
5301.310707256186,88.35517845426976,注入尾浆,0.0,0.0,0.0,0.0,0.0,0.0,0.0,0.0,0.0,0.0,0.0,1.0,0.0
5303.361937229163,88.38936562048606,注入尾浆,0.0,0.0,0.0,0.0,0.0,0.0,0.0,0.0,0.0,0.0,0.0,1.0,0.0
5305.41316720214,88.42355278670234,注入尾浆,0.0,0.0,0.0,0.0,0.0,0.0,0.0,0.0,0.0,0.0,0.0,1.0,0.0
5307.4643971751175,88.45773995291863,注入尾浆,0.0,0.0,0.0,0.0,0.0,0.0,0.0,0.0,0.0,0.0,0.0,1.0,0.0
5309.515627148095,88.49192711913491,注入尾浆,0.0,0.0,0.0,0.0,0.0,0.0,0.0,0.0,0.0,0.0,0.0,1.0,0.0
5311.566857121072,88.5261142853512,注入尾浆,0.0,0.0,0.0,0.0,0.0,0.0,0.0,0.0,0.0,0.0,0.0,1.0,0.0
5313.618087094049,88.56030145156748,注入尾浆,0.0,0.0,0.0,0.0,0.0,0.0,0.0,0.0,0.0,0.0,0.0,1.0,0.0
5315.669317067026,88.59448861778377,注入尾浆,0.0,0.0,0.0,0.0,0.0,0.0,0.0,0.0,0.0,0.0,0.0,1.0,0.0
5317.720547040003,88.62867578400005,注入尾浆,0.0,0.0,0.0,0.0,0.0,0.0,0.0,0.0,0.0,0.0,0.0,1.0,0.0
5319.77177701298,88.66286295021634,注入尾浆,0.0,0.0,0.0,0.0,0.0,0.0,0.0,0.0,0.0,0.0,0.0,1.0,0.0
5321.823006985957,88.69705011643262,注入尾浆,0.0,0.0,0.0,0.0,0.0,0.0,0.0,0.0,0.0,0.0,0.0,1.0,0.0
5323.8742369589345,88.7312372826489,注入尾浆,0.0,0.0,0.0,0.0,0.0,0.0,0.0,0.0,0.0,0.0,0.0,1.0,0.0
5325.925466931912,88.76542444886519,注入尾浆,0.0,0.0,0.0,0.0,0.0,0.0,0.0,0.0,0.0,0.0,0.0,1.0,0.0
5327.976696904889,88.79961161508147,注入尾浆,0.0,0.0,0.0,0.0,0.0,0.0,0.0,0.0,0.0,0.0,0.0,1.0,0.0
5330.027926877866,88.83379878129776,注入尾浆,0.0,0.0,0.0,0.0,0.0,0.0,0.0,0.0,0.0,0.0,0.0,1.0,0.0
5332.079156850843,88.86798594751404,注入尾浆,0.0,0.0,0.0,0.0,0.0,0.0,0.0,0.0,0.0,0.0,0.0,1.0,0.0
5334.13038682382,88.90217311373034,注入尾浆,0.0,0.0,0.0,0.0,0.0,0.0,0.0,0.0,0.0,0.0,0.0,1.0,0.0
5336.181616796797,88.93636027994663,注入尾浆,0.0,0.0,0.0,0.0,0.0,0.0,0.0,0.0,0.0,0.0,0.0,1.0,0.0
5338.232846769774,88.97054744616291,注入尾浆,0.0,0.0,0.0,0.0,0.0,0.0,0.0,0.0,0.0,0.0,0.0,1.0,0.0
5340.2840767427515,89.0047346123792,注入尾浆,0.0,0.0,0.0,0.0,0.0,0.0,0.0,0.0,0.0,0.0,0.0,1.0,0.0
5342.335306715729,89.03892177859548,注入尾浆,0.0,0.0,0.0,0.0,0.0,0.0,0.0,0.0,0.0,0.0,0.0,1.0,0.0
5344.386536688706,89.07310894481176,注入尾浆,0.0,0.0,0.0,0.0,0.0,0.0,0.0,0.0,0.0,0.0,0.0,1.0,0.0
5346.437766661683,89.10729611102805,注入尾浆,0.0,0.0,0.0,0.0,0.0,0.0,0.0,0.0,0.0,0.0,0.0,1.0,0.0
5348.48899663466,89.14148327724433,注入尾浆,0.0,0.0,0.0,0.0,0.0,0.0,0.0,0.0,0.0,0.0,0.0,1.0,0.0
5350.540226607637,89.17567044346062,注入尾浆,0.0,0.0,0.0,0.0,0.0,0.0,0.0,0.0,0.0,0.0,0.0,1.0,0.0
5352.591456580614,89.2098576096769,注入尾浆,0.0,0.0,0.0,0.0,0.0,0.0,0.0,0.0,0.0,0.0,0.0,1.0,0.0
5354.642686553591,89.24404477589319,注入尾浆,0.0,0.0,0.0,0.0,0.0,0.0,0.0,0.0,0.0,0.0,0.0,1.0,0.0
5356.6939165265685,89.27823194210947,注入尾浆,0.0,0.0,0.0,0.0,0.0,0.0,0.0,0.0,0.0,0.0,0.0,1.0,0.0
5358.745146499546,89.31241910832576,注入尾浆,0.0,0.0,0.0,0.0,0.0,0.0,0.0,0.0,0.0,0.0,0.0,1.0,0.0
5360.796376472523,89.34660627454204,注入尾浆,0.0,0.0,0.0,0.0,0.0,0.0,0.0,0.0,0.0,0.0,0.0,1.0,0.0
5362.8476064455,89.38079344075832,注入尾浆,0.0,0.0,0.0,0.0,0.0,0.0,0.0,0.0,0.0,0.0,0.0,1.0,0.0
5364.898836418477,89.41498060697462,注入尾浆,0.0,0.0,0.0,0.0,0.0,0.0,0.0,0.0,0.0,0.0,0.0,1.0,0.0
5366.950066391454,89.44916777319091,注入尾浆,0.0,0.0,0.0,0.0,0.0,0.0,0.0,0.0,0.0,0.0,0.0,1.0,0.0
5369.001296364431,89.48335493940719,注入尾浆,0.0,0.0,0.0,0.0,0.0,0.0,0.0,0.0,0.0,0.0,0.0,1.0,0.0
5371.052526337408,89.51754210562348,注入尾浆,0.0,0.0,0.0,0.0,0.0,0.0,0.0,0.0,0.0,0.0,0.0,1.0,0.0
5373.1037563103855,89.55172927183976,注入尾浆,0.0,0.0,0.0,0.0,0.0,0.0,0.0,0.0,0.0,0.0,0.0,1.0,0.0
5375.154986283363,89.58591643805605,注入尾浆,0.0,0.0,0.0,0.0,0.0,0.0,0.0,0.0,0.0,0.0,0.0,1.0,0.0
5377.20621625634,89.62010360427233,注入尾浆,0.0,0.0,0.0,0.0,0.0,0.0,0.0,0.0,0.0,0.0,0.0,1.0,0.0
5379.257446229317,89.65429077048861,注入尾浆,0.0,0.0,0.0,0.0,0.0,0.0,0.0,0.0,0.0,0.0,0.0,1.0,0.0
5381.308676202294,89.6884779367049,注入尾浆,0.0,0.0,0.0,0.0,0.0,0.0,0.0,0.0,0.0,0.0,0.0,1.0,0.0
5383.359906175271,89.72266510292118,注入尾浆,0.0,0.0,0.0,0.0,0.0,0.0,0.0,0.0,0.0,0.0,0.0,1.0,0.0
5385.411136148248,89.75685226913747,注入尾浆,0.0,0.0,0.0,0.0,0.0,0.0,0.0,0.0,0.0,0.0,0.0,1.0,0.0
5387.462366121225,89.79103943535375,注入尾浆,0.0,0.0,0.0,0.0,0.0,0.0,0.0,0.0,0.0,0.0,0.0,1.0,0.0
5389.5135960942025,89.82522660157004,注入尾浆,0.0,0.0,0.0,0.0,0.0,0.0,0.0,0.0,0.0,0.0,0.0,1.0,0.0
5391.56482606718,89.85941376778632,注入尾浆,0.0,0.0,0.0,0.0,0.0,0.0,0.0,0.0,0.0,0.0,0.0,1.0,0.0
5393.616056040157,89.8936009340026,注入尾浆,0.0,0.0,0.0,0.0,0.0,0.0,0.0,0.0,0.0,0.0,0.0,1.0,0.0
5395.667286013134,89.9277881002189,注入尾浆,0.0,0.0,0.0,0.0,0.0,0.0,0.0,0.0,0.0,0.0,0.0,1.0,0.0
5397.718515986111,89.96197526643519,注入尾浆,0.0,0.0,0.0,0.0,0.0,0.0,0.0,0.0,0.0,0.0,0.0,1.0,0.0
5399.769745959088,89.99616243265147,注入尾浆,0.0,0.0,0.0,0.0,0.0,0.0,0.0,0.0,0.0,0.0,0.0,1.0,0.0
5401.820975932065,90.03034959886776,注入尾浆,0.0,0.0,0.0,0.0,0.0,0.0,0.0,0.0,0.0,0.0,0.0,1.0,0.0
5403.872205905042,90.06453676508404,注入尾浆,0.0,0.0,0.0,0.0,0.0,0.0,0.0,0.0,0.0,0.0,0.0,1.0,0.0
5405.9234358780195,90.09872393130033,注入尾浆,0.0,0.0,0.0,0.0,0.0,0.0,0.0,0.0,0.0,0.0,0.0,1.0,0.0
5407.974665850997,90.13291109751661,注入尾浆,0.0,0.0,0.0,0.0,0.0,0.0,0.0,0.0,0.0,0.0,0.0,1.0,0.0
5410.025895823974,90.1670982637329,注入尾浆,0.0,0.0,0.0,0.0,0.0,0.0,0.0,0.0,0.0,0.0,0.0,1.0,0.0
5412.077125796951,90.20128542994918,注入尾浆,0.0,0.0,0.0,0.0,0.0,0.0,0.0,0.0,0.0,0.0,0.0,1.0,0.0
5414.128355769928,90.23547259616547,注入尾浆,0.0,0.0,0.0,0.0,0.0,0.0,0.0,0.0,0.0,0.0,0.0,1.0,0.0
5416.179585742905,90.26965976238175,注入尾浆,0.0,0.0,0.0,0.0,0.0,0.0,0.0,0.0,0.0,0.0,0.0,1.0,0.0
5418.230815715882,90.30384692859803,注入尾浆,0.0,0.0,0.0,0.0,0.0,0.0,0.0,0.0,0.0,0.0,0.0,1.0,0.0
5420.282045688859,90.33803409481432,注入尾浆,0.0,0.0,0.0,0.0,0.0,0.0,0.0,0.0,0.0,0.0,0.0,1.0,0.0
5422.3332756618365,90.3722212610306,注入尾浆,0.0,0.0,0.0,0.0,0.0,0.0,0.0,0.0,0.0,0.0,0.0,1.0,0.0
5424.384505634814,90.40640842724689,注入尾浆,0.0,0.0,0.0,0.0,0.0,0.0,0.0,0.0,0.0,0.0,0.0,1.0,0.0
5426.435735607791,90.44059559346319,注入尾浆,0.0,0.0,0.0,0.0,0.0,0.0,0.0,0.0,0.0,0.0,0.0,1.0,0.0
5428.486965580768,90.47478275967947,注入尾浆,0.0,0.0,0.0,0.0,0.0,0.0,0.0,0.0,0.0,0.0,0.0,1.0,0.0
5430.538195553745,90.50896992589576,注入尾浆,0.0,0.0,0.0,0.0,0.0,0.0,0.0,0.0,0.0,0.0,0.0,1.0,0.0
5432.589425526722,90.54315709211204,注入尾浆,0.0,0.0,0.0,0.0,0.0,0.0,0.0,0.0,0.0,0.0,0.0,1.0,0.0
5434.640655499699,90.57734425832832,注入尾浆,0.0,0.0,0.0,0.0,0.0,0.0,0.0,0.0,0.0,0.0,0.0,1.0,0.0
5436.691885472676,90.61153142454461,注入尾浆,0.0,0.0,0.0,0.0,0.0,0.0,0.0,0.0,0.0,0.0,0.0,1.0,0.0
5438.7431154456535,90.6457185907609,注入尾浆,0.0,0.0,0.0,0.0,0.0,0.0,0.0,0.0,0.0,0.0,0.0,1.0,0.0
5440.794345418631,90.67990575697718,注入尾浆,0.0,0.0,0.0,0.0,0.0,0.0,0.0,0.0,0.0,0.0,0.0,1.0,0.0
5442.845575391608,90.71409292319346,注入尾浆,0.0,0.0,0.0,0.0,0.0,0.0,0.0,0.0,0.0,0.0,0.0,1.0,0.0
5444.896805364585,90.74828008940975,注入尾浆,0.0,0.0,0.0,0.0,0.0,0.0,0.0,0.0,0.0,0.0,0.0,0.99968346564481,0.0
5446.948035337562,90.78246725562603,注入尾浆,0.0,0.0,0.0,0.0,0.0,0.0,0.0,0.0,0.0,0.0,0.0,0.9995862104390508,0.0
5448.999265310539,90.81665442184232,注入尾浆,0.0,0.0,0.0,0.0,0.0,0.0,0.0,0.0,0.0,0.0,0.0,0.9994892516274851,0.0
5451.050495283516,90.8508415880586,注入尾浆,0.0,0.0,0.0,0.0,0.0,0.0,0.0,0.0,0.0,0.0,0.0,0.9993924601203522,0.0
5453.101725256493,90.88502875427488,注入尾浆,0.0,0.0,0.0,0.0,0.0,0.0,0.0,0.0,0.0,0.0,0.0,0.9986473905195217,0.0
5455.1529552294705,90.91921592049117,注入尾浆,0.0,0.0,0.0,0.0,0.0,0.0,0.0,0.0,0.0,0.0,0.0,0.9983515176649357,0.0
5457.204185202448,90.95340308670747,注入尾浆,0.0,0.0,0.0,0.0,0.0,0.0,0.0,0.0,0.0,0.0,0.0,0.9980562619452629,0.0
5459.255415175425,90.98759025292375,注入尾浆,0.0,0.0,0.0,0.0,0.0,0.0,0.0,0.0,0.0,0.0,0.0,0.9977613401898514,0.0
5461.306645148402,91.02177741914004,注入尾浆,0.0,0.0,0.0,0.0,0.0,0.0,0.0,0.0,0.0,0.0,0.0,0.9964191753881245,0.0
5463.357875121379,91.05596458535632,注入尾浆,0.0,0.0,0.0,0.0,0.0,0.0,0.0,0.0,0.0,0.0,0.0,0.9958026574316194,0.0
5465.409105094356,91.0901517515726,注入尾浆,0.0,0.0,0.0,0.0,0.0,0.0,0.0,0.0,0.0,0.0,0.0,0.9951871122600909,0.0
5467.460335067333,91.12433891778889,注入尾浆,0.0,0.0,0.0,0.0,0.0,0.0,0.0,0.0,0.0,0.0,0.0,0.9945720744820599,0.0
5469.51156504031,91.15852608400517,注入尾浆,0.0,0.0,0.0,0.0,0.0,0.0,0.0,0.0,0.0,0.0,0.0,0.9929098587326644,0.0
5471.5627950132875,91.19271325022146,注入尾浆,0.0,0.0,0.0,0.0,0.0,0.0,0.0,0.0,0.0,0.0,0.0,0.9919732901129305,0.0
5473.614024986265,91.22690041643774,注入尾浆,0.0,0.0,0.0,0.0,0.0,0.0,0.0,0.0,0.0,0.0,0.0,0.99103765818967,0.0
5475.665254959242,91.26108758265403,注入尾浆,0.0,0.0,0.0,0.0,0.0,0.0,0.0,0.0,0.0,0.0,0.0,0.9901024805689056,0.0
5477.716484932219,91.29527474887031,注入压塞液（管内）,0.0,0.0,0.0,0.0,0.0,0.0,0.0,0.0,0.0,0.0,0.0,0.9882025737327691,0.0
5479.767714905196,91.3294619150866,注入压塞液（管内）,0.0,0.0,0.0,0.0,0.0,0.0,0.0,0.0,0.0,0.0,0.0,0.9869711146233904,0.0
5481.818944878173,91.36364908130288,注入压塞液（管内）,0.0,0.0,0.0,0.0,0.0,0.0,0.0,0.0,0.0,0.0,0.0,0.9857404934743493,0.0
5483.87017485115,91.39783624751917,注入压塞液（管内）,0.0,0.0,0.0,0.0,0.0,0.0,0.0,0.0,0.0,0.0,0.0,0.9845102972961717,0.0
5485.921404824127,91.43202341373545,注入压塞液（管内）,0.0,0.0,0.0,0.0,0.0,0.0,0.0,0.0,0.0,0.0,0.0,0.9832803126274364,0.0
5487.972634797105,91.46621057995175,注入压塞液（管内）,0.0,0.0,0.0,0.0,0.0,0.0,0.0,0.0,0.0,0.0,0.0,0.9820504514580942,0.0
5490.023864770082,91.50039774616803,注入压塞液（管内）,0.0,0.0,0.0,0.0,0.0,0.0,0.0,0.0,0.0,0.0,0.0,0.980820713295554,0.0
5492.075094743059,91.53458491238432,注入压塞液（管内）,0.0,0.0,0.0,0.0,0.0,0.0,0.0,0.0,0.0,0.0,0.0,0.9795911605552398,0.0
5494.126324716036,91.5687720786006,注入压塞液（管内）,0.0,0.0,0.0,0.0,0.0,0.0,0.0,0.0,0.0,0.0,0.0,0.9783619028065903,0.0
5496.177554689013,91.60295924481689,注入压塞液（管内）,0.0,0.0,0.0,0.0,0.0,0.0,0.0,0.0,0.0,0.0,0.0,0.977133086162933,0.0
5498.22878466199,91.63714641103317,注入压塞液（管内）,0.0,0.0,0.0,0.0,0.0,0.0,0.0,0.0,0.0,0.0,0.0,0.9759048849878974,0.0
5500.280014634967,91.67133357724946,注入压塞液（管内）,0.0,0.0,0.0,0.0,0.0,0.0,0.0,0.0,0.0,0.0,0.0,0.9746774943408083,0.0
5502.331244607944,91.70552074346574,注入压塞液（管内）,0.0,0.0,0.0,0.0,0.0,0.0,0.0,0.0,0.0,0.0,0.0,0.9734511223819768,0.0
5504.382474580922,91.73970790968202,注入压塞液（管内）,0.0,0.0,0.0,0.0,0.0,0.0,0.0,0.0,0.0,0.0,0.0,0.9722259825381451,0.0
5506.433704553899,91.77389507589831,注入压塞液（管内）,0.0,0.0,0.0,0.0,0.0,0.0,0.0,0.0,0.0,0.0,0.0,0.9710022856604941,0.0
5508.484934526876,91.8080822421146,注入压塞液（管内）,0.0,0.0,0.0,0.0,0.0,0.0,0.0,0.0,0.0,0.0,0.0,0.9697802325295186,0.0
5510.536164499853,91.84226940833088,注入压塞液（管内）,0.0,0.0,0.0,0.0,0.0,0.0,0.0,0.0,0.0,0.0,0.0,0.9685600068730386,0.0
5512.58739447283,91.87645657454716,注入压塞液（管内）,0.0,0.0,0.0,0.0,0.0,0.0,0.0,0.0,0.0,0.0,0.0,0.9673417687728648,0.0
5514.638624445807,91.91064374076345,注入压塞液（管内）,0.0,0.0,0.0,0.0,0.0,0.0,0.0,0.0,0.0,0.0,0.0,0.9661256481782735,0.0
5516.689854418784,91.94483090697973,注入压塞液（管内）,0.0,0.0,0.0,0.0,0.0,0.0,0.0,0.0,0.0,0.0,0.0,0.9649117383397806,0.0
5518.741084391761,91.97901807319603,注入压塞液（管内）,0.0,0.0,0.0,0.0,0.0,0.0,0.0,0.0,0.0,0.0,0.0,0.9637000892916938,0.0
5520.792314364739,92.01320523941231,注入压塞液（管内）,0.0,0.0,0.0,0.0,0.0,0.0,0.0,0.0,0.0,0.0,0.0,0.9624907019078223,0.0
5522.843544337716,92.0473924056286,注入压塞液（管内）,0.0,0.0,0.0,0.0,0.0,0.0,0.0,0.0,0.0,0.0,0.0,0.9612835233651534,0.0
5524.894774310693,92.08157957184488,注入压塞液（管内）,0.0,0.0,0.0,0.0,0.0,0.0,0.0,0.0,0.0,0.0,0.0,0.9600784449505892,0.0
5526.94600428367,92.11576673806117,注入压塞液（管内）,0.0,0.0,0.0,0.0,0.0,0.0,0.0,0.0,0.0,0.0,0.0,0.958875302991603,0.0
5528.997234256647,92.14995390427745,注入压塞液（管内）,0.0,0.0,0.0,0.0,0.0,0.0,0.0,0.0,0.0,0.0,0.0,0.9576738833215744,0.0
5531.048464229624,92.18414107049374,注入压塞液（管内）,0.0,0.0,0.0,0.0,0.0,0.0,0.0,0.0,0.0,0.0,0.0,0.9564739292017895,0.0
5533.099694202601,92.21832823671002,注入压塞液（管内）,0.0,0.0,0.0,0.0,0.0,0.0,0.0,0.0,0.0,0.0,0.0,0.955275152133157,0.0
5535.150924175578,92.2525154029263,注入压塞液（管内）,0.0,0.0,0.0,0.0,0.0,0.0,0.0,0.0,0.0,0.0,0.0,0.9540772446059699,0.0
5537.202154148556,92.28670256914259,注入压塞液（管内）,0.0,0.0,0.0,0.0,0.0,0.0,0.0,0.0,0.0,0.0,0.0,0.9528798936219864,0.0
5539.253384121533,92.32088973535888,注入压塞液（管内）,0.0,0.0,0.0,0.0,0.0,0.0,0.0,0.0,0.0,0.0,0.0,0.9516827937997545,0.0
5541.30461409451,92.35507690157516,注入压塞液（管内）,0.0,0.0,0.0,0.0,0.0,0.0,0.0,0.0,0.0,0.0,0.0,0.9504856590200516,0.0
5543.355844067487,92.38926406779144,注入压塞液（管内）,0.0,0.0,0.0,0.0,0.0,0.0,0.0,0.0,0.0,0.0,0.0,0.9492882318341636,0.0
5545.407074040464,92.42345123400773,注入压塞液（管内）,0.0,0.0,0.0,0.0,0.0,0.0,0.0,0.0,0.0,0.0,0.0,0.9480902901824932,0.0
5547.458304013441,92.45763840022401,注入压塞液（管内）,0.0,0.0,0.0,0.0,0.0,0.0,0.0,0.0,0.0,0.0,0.0,0.9468916512966018,0.0
5549.509533986418,92.49182556644031,注入压塞液（管内）,0.0,0.0,0.0,0.0,0.0,0.0,0.0,0.0,0.0,0.0,0.0,0.9456921729390492,0.0
5551.560763959395,92.5260127326566,注入压塞液（管内）,0.0,0.0,0.0,0.0,0.0,0.0,0.0,0.0,0.0,0.0,0.0,0.9444917523446184,0.0
5553.611993932373,92.56019989887288,注入压塞液（管内）,0.0,0.0,0.0,0.0,0.0,0.0,0.0,0.0,0.0,0.0,0.0,0.9432903233535075,0.0
5555.66322390535,92.59438706508917,注入压塞液（管内）,0.0,0.0,0.0,0.0,0.0,0.0,0.0,0.0,0.0,0.0,0.0,0.9420878522759496,0.0
5557.714453878327,92.62857423130545,注入压塞液（管内）,0.0,0.0,0.0,0.0,0.0,0.0,0.0,0.0,0.0,0.0,0.0,0.9408843330121721,0.0
5559.765683851304,92.66276139752173,注入压塞液（管内）,0.0,0.0,0.0,0.0,0.0,0.0,0.0,0.0,0.0,0.0,0.0,0.9396797818900463,0.0
5561.816913824281,92.69694856373802,注入压塞液（管内）,0.0,0.0,0.0,0.0,0.0,0.0,0.0,0.0,0.0,0.0,0.0,0.9384742325942376,0.0
5563.868143797258,92.7311357299543,注入压塞液（管内）,0.0,0.0,0.0,0.0,0.0,0.0,0.0,0.0,0.0,0.0,0.0,0.9372677314620003,0.0
5565.919373770235,92.76532289617059,注入压塞液（管内）,0.0,0.0,0.0,0.0,0.0,0.0,0.0,0.0,0.0,0.0,0.0,0.9360603333249518,0.0
5567.970603743212,92.79951006238687,注入压塞液（管内）,0.0,0.0,0.0,0.0,0.0,0.0,0.0,0.0,0.0,0.0,0.0,0.934852097991954,0.0
5570.02183371619,92.83369722860316,注入压塞液（管内）,0.0,0.0,0.0,0.0,0.0,0.0,0.0,0.0,0.0,0.0,0.0,0.9336430874003371,0.0
5572.073063689167,92.86788439481944,注入压塞液（管内）,0.0,0.0,0.0,0.0,0.0,0.0,0.0,0.0,0.0,0.0,0.0,0.9324333634125307,0.0
5574.124293662144,92.90207156103573,注入压塞液（管内）,0.0,0.0,0.0,0.0,0.0,0.0,0.0,0.0,0.0,0.0,0.0,0.9312229862018531,0.0
5576.175523635121,92.93625872725201,注入压塞液（管内）,0.0,0.0,0.0,0.0,0.0,0.0,0.0,0.0,0.0,0.0,0.0,0.9300120131523192,0.0
5578.226753608098,92.9704458934683,注入压塞液（管内）,0.0,0.0,0.0,0.0,0.0,0.0,0.0,0.0,0.0,0.0,0.0,0.9288004981898775,0.0
5580.277983581075,93.0046330596846,注入压塞液（管内）,0.0,0.0,0.0,0.0,0.0,0.0,0.0,0.0,0.0,0.0,0.0,0.9275884914632239,0.0
5582.329213554052,93.03882022590088,注入压塞液（管内）,0.0,0.0,0.0,0.0,0.0,0.0,0.0,0.0,0.0,0.0,0.0,0.9263760392984334,0.0
5584.3804435270295,93.07300739211716,注入压塞液（管内）,0.0,0.0,0.0,0.0,0.0,0.0,0.0,0.0,0.0,0.0,0.0,0.925163184360616,0.0
5586.431673500007,93.10719455833345,注入压塞液（管内）,0.0,0.0,0.0,0.0,0.0,0.0,0.0,0.0,0.0,0.0,0.0,0.9239499659658333,0.0
5588.482903472984,93.14138172454973,注入压塞液（管内）,0.0,0.0,0.0,0.0,0.0,0.0,0.0,0.0,0.0,0.0,0.0,0.9227364204962528,0.0
5590.534133445961,93.17556889076602,注入压塞液（管内）,0.0,0.0,0.0,0.0,0.0,0.0,0.0,0.0,0.0,0.0,0.0,0.9215225818802046,0.0
5592.585363418938,93.2097560569823,注入压塞液（管内）,0.0,0.0,0.0,0.0,0.0,0.0,0.0,0.0,0.0,0.0,0.0,0.9203084821060201,0.0
5594.636593391915,93.24394322319858,注入压塞液（管内）,0.0,0.0,0.0,0.0,0.0,0.0,0.0,0.0,0.0,0.0,0.0,0.9190941517441599,0.0
5596.687823364892,93.27813038941487,注入压塞液（管内）,0.0,0.0,0.0,0.0,0.0,0.0,0.0,0.0,0.0,0.0,0.0,0.9178796204563244,0.0
5598.739053337869,93.31231755563115,注入压塞液（管内）,0.0,0.0,0.0,0.0,0.0,0.0,0.0,0.0,0.0,0.0,0.0,0.9166649174732302,0.0
5600.7902833108465,93.34650472184744,注入压塞液（管内）,0.0,0.0,0.0,0.0,0.0,0.0,0.0,0.0,0.0,0.0,0.0,0.9154500720248184,0.0
5602.841513283824,93.38069188806372,注入压塞液（管内）,0.0,0.0,0.0,0.0,0.0,0.0,0.0,0.0,0.0,0.0,0.0,0.9142351137082436,0.0
5604.892743256801,93.41487905428001,注入压塞液（管内）,0.0,0.0,0.0,0.0,0.0,0.0,0.0,0.0,0.0,0.0,0.0,0.9130200727803159,0.0
5606.943973229778,93.44906622049629,注入压塞液（管内）,0.0,0.0,0.0,0.0,0.0,0.0,0.0,0.0,0.0,0.0,0.0,0.9118049803625218,0.0
5608.995203202755,93.48325338671258,注入压塞液（管内）,0.0,0.0,0.0,0.0,0.0,0.0,0.0,0.0,0.0,0.0,0.0,0.9105898685484751,0.0
5611.046433175732,93.51744055292887,注入压塞液（管内）,0.0,0.0,0.0,0.0,0.0,0.0,0.0,0.0,0.0,0.0,0.0,0.9093747704059082,0.0
5613.097663148709,93.55162771914516,注入压塞液（管内）,0.0,0.0,0.0,0.0,0.0,0.0,0.0,0.0,0.0,0.0,0.0,0.9081597198681458,0.0
5615.148893121686,93.58581488536144,注入压塞液（管内）,0.0,0.0,0.0,0.0,0.0,0.0,0.0,0.0,0.0,0.0,0.0,0.9069447515135136,0.0
5617.2001230946635,93.62000205157773,注入压塞液（管内）,0.0,0.0,0.0,0.0,0.0,0.0,0.0,0.0,0.0,0.0,0.0,0.9057299002352002,0.0
5619.251353067641,93.65418921779401,注入压塞液（管内）,0.0,0.0,0.0,0.0,0.0,0.0,0.0,0.0,0.0,0.0,0.0,0.9045152008086985,0.0
5621.302583040618,93.6883763840103,注入压塞液（管内）,0.0,0.0,0.0,0.0,0.0,0.0,0.0,0.0,0.0,0.0,0.0,0.903300687368794,0.0
5623.353813013595,93.72256355022658,注入压塞液（管内）,0.0,0.0,0.0,0.0,0.0,0.0,0.0,0.0,0.0,0.0,0.0,0.9020863928129847,0.0
5625.405042986572,93.75675071644287,注入压塞液（管内）,0.0,0.0,0.0,0.0,0.0,0.0,0.0,0.0,0.0,0.0,0.0,0.9008723481528242,0.0
5627.456272959549,93.79093788265915,注入压塞液（管内）,0.0,0.0,0.0,0.0,0.0,0.0,0.0,0.0,0.0,0.0,0.0,0.8996585818386644,0.0
5629.507502932526,93.82512504887544,注入压塞液（管内）,0.0,0.0,0.0,0.0,0.0,0.0,0.0,0.0,0.0,0.0,0.0,0.8984451190862832,0.0
5631.558732905503,93.85931221509172,注入压塞液（管内）,0.0,0.0,0.0,0.0,0.0,0.0,0.0,0.0,0.0,0.0,0.0,0.8972319812355954,0.0
5633.6099628784805,93.893499381308,注入压塞液（管内）,0.0,0.0,0.0,0.0,0.0,0.0,0.0,0.0,0.0,0.0,0.0,0.8960191851718253,0.0
5635.661192851458,93.92768654752429,注入压塞液（管内）,0.0,0.0,0.0,0.0,0.0,0.0,0.0,0.0,0.0,0.0,0.0,0.8948067428380065,0.0
5637.712422824435,93.96187371374057,注入压塞液（管内）,0.0,0.0,0.0,0.0,0.0,0.0,0.0,0.0,0.0,0.0,0.0,0.8935946608644492,0.0
5639.763652797412,93.99606087995686,注入压塞液（管内）,0.0,0.0,0.0,0.0,0.0,0.0,0.0,0.0,0.0,0.0,0.0,0.8923829403359826,0.0
5641.814882770389,94.03024804617316,注入压塞液（管内）,0.0,0.0,0.0,0.0,0.0,0.0,0.0,0.0,0.0,0.0,0.0,0.8911715767115876,0.0
5643.866112743366,94.06443521238944,注入压塞液（管内）,0.0,0.0,0.0,0.0,0.0,0.0,0.0,0.0,0.0,0.0,0.0,0.8899605599038303,0.0
5645.917342716343,94.09862237860573,注入压塞液（管内）,0.0,0.0,0.0,0.0,0.0,0.0,0.0,0.0,0.0,0.0,0.0,0.8887498745177576,0.0
5647.96857268932,94.13280954482201,注入压塞液（管内）,0.0,0.0,0.0,0.0,0.0,0.0,0.0,0.0,0.0,0.0,0.0,0.8875395002411111,0.0
5650.0198026622975,94.1669967110383,注入压塞液（管内）,0.0,0.0,0.0,0.0,0.0,0.0,0.0,0.0,0.0,0.0,0.0,0.8863294123703789,0.0
5652.071032635275,94.20118387725458,注入压塞液（管内）,0.0,0.0,0.0,0.0,0.0,0.0,0.0,0.0,0.0,0.0,0.0,0.8851195824507991,0.0
5654.122262608252,94.23537104347086,注入压塞液（管内）,0.0,0.0,0.0,0.0,0.0,0.0,0.0,0.0,0.0,0.0,0.0,0.8839099790033736,0.0
5656.173492581229,94.26955820968715,注入压塞液（管内）,0.0,0.0,0.0,0.0,0.0,0.0,0.0,0.0,0.0,0.0,0.0,0.8827005683085181,0.0
5658.224722554206,94.30374537590343,注入压塞液（管内）,0.0,0.0,0.0,0.0,0.0,0.0,0.0,0.0,0.0,0.0,0.0,0.8814913152143464,0.0
5660.275952527183,94.33793254211972,注入压塞液（管内）,0.0,0.0,0.0,0.0,0.0,0.0,0.0,0.0,0.0,0.0,0.0,0.880282183937783,0.0
5662.32718250016,94.372119708336,注入压塞液（管内）,0.0,0.0,0.0,0.0,0.0,0.0,0.0,0.0,0.0,0.0,0.0,0.8790731388286055,0.0
5664.378412473137,94.40630687455229,注入压塞液（管内）,0.0,0.0,0.0,0.0,0.0,0.0,0.0,0.0,0.0,0.0,0.0,0.8778641450699494,0.0
5666.4296424461145,94.44049404076857,注入压塞液（管内）,0.0,0.0,0.0,0.0,0.0,0.0,0.0,0.0,0.0,0.0,0.0,0.8766551692934001,0.0
5668.480872419092,94.47468120698485,注入压塞液（管内）,0.0,0.0,0.0,0.0,0.0,0.0,0.0,0.0,0.0,0.0,0.0,0.8754461800922447,0.0
5670.532102392069,94.50886837320114,注入压塞液（管内）,0.0,0.0,0.0,0.0,0.0,0.0,0.0,0.0,0.0,0.0,0.0,0.8742371484223153,0.0
5672.583332365046,94.54305553941744,注入压塞液（管内）,0.0,0.0,0.0,0.0,0.0,0.0,0.0,0.0,0.0,0.0,0.0,0.8730280478857674,0.0
5674.634562338023,94.57724270563372,注入压塞液（管内）,0.0,0.0,0.0,0.0,0.0,0.0,0.0,0.0,0.0,0.0,0.0,0.8718188548987486,0.0
5676.685792311,94.61142987185,注入压塞液（管内）,0.0,0.0,0.0,0.0,0.0,0.0,0.0,0.0,0.0,0.0,0.0,0.8706095487489218,0.0
5678.737022283977,94.64561703806629,注入压塞液（管内）,0.0,0.0,0.0,0.0,0.0,0.0,0.0,0.0,0.0,0.0,0.0,0.8694001115530086,0.0
5680.788252256954,94.67980420428258,注入压塞液（管内）,0.0,0.0,0.0,0.0,0.0,0.0,0.0,0.0,0.0,0.0,0.0,0.8681905281277592,0.0
5682.8394822299315,94.71399137049886,注入压塞液（管内）,0.0,0.0,0.0,0.0,0.0,0.0,0.0,0.0,0.0,0.0,0.0,0.8669807857899903,0.0
5684.890712202909,94.74817853671514,注入压塞液（管内）,0.0,0.0,0.0,0.0,0.0,0.0,0.0,0.0,0.0,0.0,0.0,0.8657708741025514,0.0
5686.941942175886,94.78236570293143,注入压塞液（管内）,0.0,0.0,0.0,0.0,0.0,0.0,0.0,0.0,0.0,0.0,0.0,0.864560784583389,0.0
5688.993172148863,94.81655286914771,注入压塞液（管内）,0.0,0.0,0.0,0.0,0.0,0.0,0.0,0.0,0.0,0.0,0.0,0.8633505103943533,0.0
5691.04440212184,94.850740035364,注入压塞液（管内）,0.0,0.0,0.0,0.0,0.0,0.0,0.0,0.0,0.0,0.0,0.0,0.8621400460252254,0.0
5693.095632094817,94.88492720158028,注入压塞液（管内）,0.0,0.0,0.0,0.0,0.0,0.0,0.0,0.0,0.0,0.0,0.0,0.860929386986761,0.0
5695.146862067794,94.91911436779657,注入压塞液（管内）,0.0,0.0,0.0,0.0,0.0,0.0,0.0,0.0,0.0,0.0,0.0,0.8597185295245332,0.0
5697.198092040771,94.95330153401285,注入压塞液（管内）,0.0,0.0,0.0,0.0,0.0,0.0,0.0,0.0,0.0,0.0,0.0,0.8585074703631651,0.0
5699.2493220137485,94.98748870022914,注入压塞液（管内）,0.0,0.0,0.0,0.0,0.0,0.0,0.0,0.0,0.0,0.0,0.0,0.8572962064882755,0.0
5701.300551986726,95.02167586644542,注入压塞液（管内）,0.0,0.0,0.0,0.0,0.0,0.0,0.0,0.0,0.0,0.0,0.0,0.8560847349712781,0.0
5703.351781959703,95.05586303266172,注入压塞液（管内）,0.0,0.0,0.0,0.0,0.0,0.0,0.0,0.0,0.0,0.0,0.0,0.8548730528400985,0.0
5705.40301193268,95.090050198878,注入压塞液（管内）,0.0,0.0,0.0,0.0,0.0,0.0,0.0,0.0,0.0,0.0,0.0,0.8536611569970027,0.0
5707.454241905657,95.12423736509429,注入压塞液（管内）,0.0,0.0,0.0,0.0,0.0,0.0,0.0,0.0,0.0,0.0,0.0,0.8524490441830783,0.0
5709.505471878634,95.15842453131057,注入压塞液（管内）,0.0,0.0,0.0,0.0,0.0,0.0,0.0,0.0,0.0,0.0,0.0,0.8512367109874894,0.0
5711.556701851611,95.19261169752686,注入压塞液（管内）,0.0,0.0,0.0,0.0,0.0,0.0,0.0,0.0,0.0,0.0,0.0,0.8500241538984358,0.0
5713.607931824588,95.22679886374314,注入压塞液（管内）,0.0,0.0,0.0,0.0,0.0,0.0,0.0,0.0,0.0,0.0,0.0,0.8488113693917758,0.0
5715.6591617975655,95.26098602995943,注入压塞液（管内）,0.0,0.0,0.0,0.0,0.0,0.0,0.0,0.0,0.0,0.0,0.0,0.8475983540525056,0.0
5717.710391770543,95.29517319617571,注入压塞液（管内）,0.0,0.0,0.0,0.0,0.0,0.0,0.0,0.0,0.0,0.0,0.0,0.8463851047236843,0.0
5719.76162174352,95.329360362392,注入压塞液（管内）,0.0,0.0,0.0,0.0,0.0,0.0,0.0,0.0,0.0,0.0,0.0,0.8451716186769687,0.0
5721.812851716497,95.36354752860828,注入压塞液（管内）,0.0,0.0,0.0,0.0,0.0,0.0,0.0,0.0,0.0,0.0,0.0,0.8439578937986143,0.0
5723.864081689474,95.39773469482456,注入压塞液（管内）,0.0,0.0,0.0,0.0,0.0,0.0,0.0,0.0,0.0,0.0,0.0,0.8427439287846411,0.0
5725.915311662451,95.43192186104085,注入压塞液（管内）,0.0,0.0,0.0,0.0,0.0,0.0,0.0,0.0,0.0,0.0,0.0,0.8415297233387897,0.0
5727.966541635428,95.46610902725713,注入压塞液（管内）,0.0,0.0,0.0,0.0,0.0,0.0,0.0,0.0,0.0,0.0,0.0,0.8403152783669601,0.0
5730.017771608405,95.50029619347342,注入压塞液（管内）,0.0,0.0,0.0,0.0,0.0,0.0,0.0,0.0,0.0,0.0,0.0,0.8391005961619674,0.0
5732.0690015813825,95.5344833596897,注入压塞液（管内）,0.0,0.0,0.0,0.0,0.0,0.0,0.0,0.0,0.0,0.0,0.0,0.8378856805727137,0.0
5734.12023155436,95.568670525906,注入压塞液（管内）,0.0,0.0,0.0,0.0,0.0,0.0,0.0,0.0,0.0,0.0,0.0,0.8366705371522195,0.0
5736.171461527337,95.60285769212229,注入压塞液（管内）,0.0,0.0,0.0,0.0,0.0,0.0,0.0,0.0,0.0,0.0,0.0,0.8354551732794302,0.0
5738.222691500314,95.63704485833857,注入压塞液（管内）,0.0,0.0,0.0,0.0,0.0,0.0,0.0,0.0,0.0,0.0,0.0,0.8342395982502449,0.0
5740.273921473291,95.67123202455485,注入压塞液（管内）,0.0,0.0,0.0,0.0,0.0,0.0,0.0,0.0,0.0,0.0,0.0,0.8330238233338838,0.0
5742.325151446268,95.70541919077114,注入压塞液（管内）,0.0,0.0,0.0,0.0,0.0,0.0,0.0,0.0,0.0,0.0,0.0,0.8318078617914274,0.0
5744.376381419245,95.73960635698742,注入压塞液（管内）,0.0,0.0,0.0,0.0,0.0,0.0,0.0,0.0,0.0,0.0,0.0,0.8305917288541935,0.0
5746.427611392222,95.77379352320371,注入压塞液（管内）,0.0,0.0,0.0,0.0,0.0,0.0,0.0,0.0,0.0,0.0,0.0,0.8293754416604965,0.0
5748.4788413651995,95.80798068941999,注入压塞液（管内）,0.0,0.0,0.0,0.0,0.0,0.0,0.0,0.0,0.0,0.0,0.0,0.8281590191502771,0.0
5750.530071338177,95.84216785563628,注入压塞液（管内）,0.0,0.0,0.0,0.0,0.0,0.0,0.0,0.0,0.0,0.0,0.0,0.826942481918081,0.0
5752.581301311154,95.87635502185256,注入压塞液（管内）,0.0,0.0,0.0,0.0,0.0,0.0,0.0,0.0,0.0,0.0,0.0,0.8257258520258512,0.0
5754.632531284131,95.91054218806885,注入压塞液（管内）,0.0,0.0,0.0,0.0,0.0,0.0,0.0,0.0,0.0,0.0,0.0,0.8245091527780157,0.0
5756.683761257108,95.94472935428513,注入压塞液（管内）,0.0,0.0,0.0,0.0,0.0,0.0,0.0,0.0,0.0,0.0,0.0,0.8232924084622999,0.0
5758.734991230085,95.97891652050141,注入压塞液（管内）,0.0,0.0,0.0,0.0,0.0,0.0,0.0,0.0,0.0,0.0,0.0,0.822075644060629,0.0
5760.786221203062,96.0131036867177,注入压塞液（管内）,0.0,0.0,0.0,0.0,0.0,0.0,0.0,0.0,0.0,0.0,0.0,0.820858884935306,0.0
5762.837451176039,96.04729085293398,注入压塞液（管内）,0.0,0.0,0.0,0.0,0.0,0.0,0.0,0.0,0.0,0.0,0.0,0.8196421564963939,0.0
5764.8886811490165,96.08147801915028,注入压塞液（管内）,0.0,0.0,0.0,0.0,0.0,0.0,0.0,0.0,0.0,0.0,0.0,0.8184254838568171,0.0
5766.939911121994,96.11566518536657,注入压塞液（管内）,0.0,0.0,0.0,0.0,0.0,0.0,0.0,0.0,0.0,0.0,0.0,0.8172088914821614,0.0
5768.991141094971,96.14985235158285,注入压塞液（管内）,0.0,0.0,0.0,0.0,0.0,0.0,0.0,0.0,0.0,0.0,0.0,0.8159924028424175,0.0
5771.042371067948,96.18403951779914,注入压塞液（管内）,0.0,0.0,0.0,0.0,0.0,0.0,0.0,0.0,0.0,0.0,0.0,0.8147760400730163,0.0
5773.093601040925,96.21822668401542,注入压塞液（管内）,0.0,0.0,0.0,0.0,0.0,0.0,0.0,0.0,0.0,0.0,0.0,0.8135598236524116,0.0
5775.144831013902,96.2524138502317,注入压塞液（管内）,0.0,0.0,0.0,0.0,0.0,0.0,0.0,0.0,0.0,0.0,0.0,0.8123437721031687,0.0
5777.196060986879,96.28660101644799,注入压塞液（管内）,0.0,0.0,0.0,0.0,0.0,0.0,0.0,0.0,0.0,0.0,0.0,0.8111279017230513,0.0
5779.247290959856,96.32078818266427,注入压塞液（管内）,0.0,0.0,0.0,0.0,0.0,0.0,0.0,0.0,0.0,0.0,0.0,0.8099122263519403,0.0
5781.2985209328335,96.35497534888056,注入压塞液（管内）,0.0,0.0,0.0,0.0,0.0,0.0,0.0,0.0,0.0,0.0,0.0,0.8086967571796029,0.0
5783.349750905811,96.38916251509684,注入压塞液（管内）,0.0,0.0,0.0,0.0,0.0,0.0,0.0,0.0,0.0,0.0,0.0,0.8074815025983835,0.0
5785.400980878788,96.42334968131313,注入压塞液（管内）,0.0,0.0,0.0,0.0,0.0,0.0,0.0,0.0,0.0,0.0,0.0,0.8062664681038229,0.0
5787.452210851765,96.45753684752941,注入压塞液（管内）,0.0,0.0,0.0,0.0,0.0,0.0,0.0,0.0,0.0,0.0,0.0,0.8050516562450794,0.0
5789.503440824742,96.4917240137457,注入压塞液（管内）,0.0,0.0,0.0,0.0,0.0,0.0,0.0,0.0,0.0,0.0,0.0,0.8038370666258423,0.0
5791.554670797719,96.52591117996198,注入压塞液（管内）,0.0,0.0,0.0,0.0,0.0,0.0,0.0,0.0,0.0,0.0,0.0,0.802622695955243,0.0
5793.605900770696,96.56009834617826,注入压塞液（管内）,0.0,0.0,0.0,0.0,0.0,0.0,0.0,0.0,0.0,0.0,0.0,0.8014085381471128,0.0
5795.657130743673,96.59428551239456,注入压塞液（管内）,0.0,0.0,0.0,0.0,0.0,0.0,0.0,0.0,0.0,0.0,0.0,0.8001945844648393,0.0
5797.7083607166505,96.62847267861085,注入压塞液（管内）,0.0,0.0,0.0,0.0,0.0,0.0,0.0,0.0,0.0,0.0,0.0,0.798980823708081,0.0
5799.759590689628,96.66265984482713,注入压塞液（管内）,0.0,0.0,0.0,0.0,0.0,0.0,0.0,0.0,0.0,0.0,0.0,0.7977672424367159,0.0
5801.810820662605,96.69684701104342,注入压塞液（管内）,0.0,0.0,0.0,0.0,0.0,0.0,0.0,0.0,0.0,0.0,0.0,0.7965538252266714,0.0
5803.862050635582,96.7310341772597,注入压塞液（管内）,0.0,0.0,0.0,0.0,0.0,0.0,0.0,0.0,0.0,0.0,0.0,0.795340554951713,0.0
5805.913280608559,96.76522134347599,注入压塞液（管内）,0.0,0.0,0.0,0.0,0.0,0.0,0.0,0.0,0.0,0.0,0.0,0.7941274130848653,0.0
5807.964510581536,96.79940850969227,注入压塞液（管内）,0.0,0.0,0.0,0.0,0.0,0.0,0.0,0.0,0.0,0.0,0.0,0.7929143800129245,0.0
5810.015740554513,96.83359567590855,注入压塞液（管内）,0.0,0.0,0.0,0.0,0.0,0.0,0.0,0.0,0.0,0.0,0.0,0.7917014353574648,0.0
5812.06697052749,96.86778284212484,注入压塞液（管内）,0.0,0.0,0.0,0.0,0.0,0.0,0.0,0.0,0.0,0.0,0.0,0.7904885582958695,0.0
5814.1182005004675,96.90197000834112,注入压塞液（管内）,0.0,0.0,0.0,0.0,0.0,0.0,0.0,0.0,0.0,0.0,0.0,0.7892757278761866,0.0
5816.169430473445,96.93615717455741,注入压塞液（管内）,0.0,0.0,0.0,0.0,0.0,0.0,0.0,0.0,0.0,0.0,0.0,0.7880629233200357,0.0
5818.220660446422,96.97034434077369,注入压塞液（管内）,0.0,0.0,0.0,0.0,0.0,0.0,0.0,0.0,0.0,0.0,0.0,0.7868501243083122,0.0
5820.271890419399,97.00453150698998,注入压塞液（管内）,0.0,0.0,0.0,0.0,0.0,0.0,0.0,0.0,0.0,0.0,0.0,0.7856373112450927,0.0
5822.323120392376,97.03871867320626,注入压塞液（管内）,0.0,0.0,0.0,0.0,0.0,0.0,0.0,0.0,0.0,0.0,0.0,0.784424465495831,0.0
5824.374350365353,97.07290583942255,注入压塞液（管内）,0.0,0.0,0.0,0.0,0.0,0.0,0.0,0.0,0.0,0.0,0.0,0.783211569596718,0.0
5826.42558033833,97.10709300563884,注入压塞液（管内）,0.0,0.0,0.0,0.0,0.0,0.0,0.0,0.0,0.0,0.0,0.0,0.7819986074328542,0.0
5828.476810311307,97.14128017185513,注入压塞液（管内）,0.0,0.0,0.0,0.0,0.0,0.0,0.0,0.0,0.0,0.0,0.0,0.7807855643836877,0.0
5830.5280402842845,97.17546733807141,注入压塞液（管内）,0.0,0.0,0.0,0.0,0.0,0.0,0.0,0.0,0.0,0.0,0.0,0.7795724274349545,0.0
5832.579270257262,97.2096545042877,注入压塞液（管内）,0.0,0.0,0.0,0.0,0.0,0.0,0.0,0.0,0.0,0.0,0.0,0.7783591852571041,0.0
5834.630500230239,97.24384167050398,注入压塞液（管内）,0.0,0.0,0.0,0.0,0.0,0.0,0.0,0.0,0.0,0.0,0.0,0.7771458282509053,0.0
5836.681730203216,97.27802883672027,注入压塞液（管内）,0.0,0.0,0.0,0.0,0.0,0.0,0.0,0.0,0.0,0.0,0.0,0.7759323485615598,0.0
5838.732960176193,97.31221600293655,注入压塞液（管内）,0.0,0.0,0.0,0.0,0.0,0.0,0.0,0.0,0.0,0.0,0.0,0.7747187400632357,0.0
5840.78419014917,97.34640316915284,注入压塞液（管内）,0.0,0.0,0.0,0.0,0.0,0.0,0.0,0.0,0.0,0.0,0.0,0.7735049983164142,0.0
5842.835420122147,97.38059033536912,注入压塞液（管内）,0.0,0.0,0.0,0.0,0.0,0.0,0.0,0.0,0.0,0.0,0.0,0.7722911205008613,0.0
5844.886650095124,97.4147775015854,注入压塞液（管内）,0.0,0.0,0.0,0.0,0.0,0.0,0.0,0.0,0.0,0.0,0.0,0.771077105327354,0.0
5846.937880068102,97.44896466780169,注入压塞液（管内）,0.0,0.0,0.0,0.0,0.0,0.0,0.0,0.0,0.0,0.0,0.0,0.7698629529315265,0.0
5848.989110041079,97.48315183401797,注入压塞液（管内）,0.0,0.0,0.0,0.0,0.0,0.0,0.0,0.0,0.0,0.0,0.0,0.7686486647533475,0.0
5851.040340014056,97.51733900023426,注入压塞液（管内）,0.0,0.0,0.0,0.0,0.0,0.0,0.0,0.0,0.0,0.0,0.0,0.7674342434058058,0.0
5853.091569987033,97.55152616645054,替浆泥浆(快),0.0,0.0,0.0,0.0,0.0,0.0,0.0,0.0,0.0,0.0,0.0,0.7662196925363609,0.0
5855.14279996001,97.58571333266683,替浆泥浆(快),0.0,0.0,0.0,0.0,0.0,0.0,0.0,0.0,0.0,0.0,0.0,0.7650050166846235,0.0
5857.194029932987,97.61990049888313,替浆泥浆(快),0.0,0.0,0.0,0.0,0.0,0.0,0.0,0.0,0.0,0.0,0.0,0.7637902211395662,0.0
5859.245259905964,97.65408766509941,替浆泥浆(快),0.0,0.0,0.0,0.0,0.0,0.0,0.0,0.0,0.0,0.0,0.0,0.7625753117993409,0.0
5861.296489878941,97.6882748313157,替浆泥浆(快),0.0,0.0,0.0,0.0,0.0,0.0,0.0,0.0,0.0,0.0,0.0,0.7613602950364977,0.0
5863.347719851919,97.72246199753198,替浆泥浆(快),0.0,0.0,0.0,0.0,0.0,0.0,0.0,0.0,0.0,0.0,0.0,0.7601451775710695,0.0
5865.398949824896,97.75664916374826,替浆泥浆(快),0.0,0.0,0.0,0.0,0.0,0.0,0.0,0.0,0.0,0.0,0.0,0.7589299663536263,0.0
5867.450179797873,97.79083632996455,替浆泥浆(快),0.0,0.0,0.0,0.0,0.0,0.0,0.0,0.0,0.0,0.0,0.0,0.7577146684600004,0.0
5869.50140977085,97.82502349618083,替浆泥浆(快),0.0,0.0,0.0,0.0,0.0,0.0,0.0,0.0,0.0,0.0,0.0,0.756499290998974,0.0
5871.552639743827,97.85921066239712,替浆泥浆(快),0.0,0.0,0.0,0.0,0.0,0.0,0.0,0.0,0.0,0.0,0.0,0.7552838410337972,0.0
5873.603869716804,97.8933978286134,替浆泥浆(快),0.0,0.0,0.0,0.0,0.0,0.0,0.0,0.0,0.0,0.0,0.0,0.7540683255179726,0.0
5875.655099689781,97.92758499482969,替浆泥浆(快),0.0,0.0,0.0,0.0,0.0,0.0,0.0,0.0,0.0,0.0,0.0,0.7528527512453352,0.0
5877.706329662758,97.96177216104597,替浆泥浆(快),0.0,0.0,0.0,0.0,0.0,0.0,0.0,0.0,0.0,0.0,0.0,0.7516371248140586,0.0
5879.757559635736,97.99595932726226,替浆泥浆(快),0.0,0.0,0.0,0.0,0.0,0.0,0.0,0.0,0.0,0.0,0.0,0.7504214526038502,0.0
5881.808789608713,98.03014649347854,替浆泥浆(快),0.0,0.0,0.0,0.0,0.0,0.0,0.0,0.0,0.0,0.0,0.0,0.7492057407652691,0.0
5883.86001958169,98.06433365969482,替浆泥浆(快),0.0,0.0,0.0,0.0,0.0,0.0,0.0,0.0,0.0,0.0,0.0,0.747989995219813,0.0
5885.911249554667,98.09852082591111,替浆泥浆(快),0.0,0.0,0.0,0.0,0.0,0.0,0.0,0.0,0.0,0.0,0.0,0.7467742216691868,0.0
5887.962479527644,98.13270799212741,替浆泥浆(快),0.0,0.0,0.0,0.0,0.0,0.0,0.0,0.0,0.0,0.0,0.0,0.7455584256119849,0.0
5890.013709500621,98.16689515834369,替浆泥浆(快),0.0,0.0,0.0,0.0,0.0,0.0,0.0,0.0,0.0,0.0,0.0,0.7443426123658985,0.0
5892.064939473598,98.20108232455998,替浆泥浆(快),0.0,0.0,0.0,0.0,0.0,0.0,0.0,0.0,0.0,0.0,0.0,0.7431267870935024,0.0
5894.116169446575,98.23526949077626,替浆泥浆(快),0.0,0.0,0.0,0.0,0.0,0.0,0.0,0.0,0.0,0.0,0.0,0.7419109548296774,0.0
5896.167399419553,98.26945665699255,替浆泥浆(快),0.0,0.0,0.0,0.0,0.0,0.0,0.0,0.0,0.0,0.0,0.0,0.7406951205087875,0.0
5898.21862939253,98.30364382320883,替浆泥浆(快),0.0,0.0,0.0,0.0,0.0,0.0,0.0,0.0,0.0,0.0,0.0,0.7394792889898543,0.0
5900.269859365507,98.33783098942511,替浆泥浆(快),0.0,0.0,0.0,0.0,0.0,0.0,0.0,0.0,0.0,0.0,0.0,0.7382634650781436,0.0
5902.321089338484,98.3720181556414,替浆泥浆(快),0.0,0.0,0.0,0.0,0.0,0.0,0.0,0.0,0.0,0.0,0.0,0.7370476535417949,0.0
5904.372319311461,98.40620532185768,替浆泥浆(快),0.0,0.0,0.0,0.0,0.0,0.0,0.0,0.0,0.0,0.0,0.0,0.73583185912239,0.0
5906.423549284438,98.44039248807397,替浆泥浆(快),0.0,0.0,0.0,0.0,0.0,0.0,0.0,0.0,0.0,0.0,0.0,0.7346160865386376,0.0
5908.474779257415,98.47457965429025,替浆泥浆(快),0.0,0.0,0.0,0.0,0.0,0.0,0.0,0.0,0.0,0.0,0.0,0.7334003404826608,0.0
5910.526009230392,98.50876682050654,替浆泥浆(快),0.0,0.0,0.0,0.0,0.0,0.0,0.0,0.0,0.0,0.0,0.0,0.7321846256086935,0.0
5912.57723920337,98.54295398672282,替浆泥浆(快),0.0,0.0,0.0,0.0,0.0,0.0,0.0,0.0,0.0,0.0,0.0,0.7309689465143043,0.0
5914.628469176347,98.5771411529391,替浆泥浆(快),0.0,0.0,0.0,0.0,0.0,0.0,0.0,0.0,0.0,0.0,0.0,0.7297533077145753,0.0
5916.679699149324,98.61132831915539,替浆泥浆(快),0.0,0.0,0.0,0.0,0.0,0.0,0.0,0.0,0.0,0.0,0.0,0.7285377136099465,0.0
5918.730929122301,98.64551548537169,替浆泥浆(快),0.0,0.0,0.0,0.0,0.0,0.0,0.0,0.0,0.0,0.0,0.0,0.7273221684486926,0.0
5920.782159095278,98.67970265158797,替浆泥浆(快),0.0,0.0,0.0,0.0,0.0,0.0,0.0,0.0,0.0,0.0,0.0,0.7261066762852136,0.0
5922.833389068255,98.71388981780426,替浆泥浆(快),0.0,0.0,0.0,0.0,0.0,0.0,0.0,0.0,0.0,0.0,0.0,0.724891240935499,0.0
5924.884619041232,98.74807698402054,替浆泥浆(快),0.0,0.0,0.0,0.0,0.0,0.0,0.0,0.0,0.0,0.0,0.0,0.7236758659312436,0.0
5926.935849014209,98.78226415023683,替浆泥浆(快),0.0,0.0,0.0,0.0,0.0,0.0,0.0,0.0,0.0,0.0,0.0,0.7224605544741715,0.0
5928.987078987187,98.81645131645311,替浆泥浆(快),0.0,0.0,0.0,0.0,0.0,0.0,0.0,0.0,0.0,0.0,0.0,0.7212453093921335,0.0
5931.038308960164,98.8506384826694,替浆泥浆(快),0.0,0.0,0.0,0.0,0.0,0.0,0.0,0.0,0.0,0.0,0.0,0.7200301330985174,0.0
5933.089538933141,98.88482564888568,替浆泥浆(快),0.0,0.0,0.0,0.0,0.0,0.0,0.0,0.0,0.0,0.0,0.0,0.7188150275564172,0.0
5935.140768906118,98.91901281510196,替浆泥浆(快),0.0,0.0,0.0,0.0,0.0,0.0,0.0,0.0,0.0,0.0,0.0,0.7175999942488721,0.0
5937.191998879095,98.95319998131825,替浆泥浆(快),0.0,0.0,0.0,0.0,0.0,0.0,0.0,0.0,0.0,0.0,0.0,0.7163850341563115,0.0
5939.243228852072,98.98738714753453,替浆泥浆(快),0.0,0.0,0.0,0.0,0.0,0.0,0.0,0.0,0.0,0.0,0.0,0.7151701477421293,0.0
5941.294458825049,99.02157431375082,替浆泥浆(快),0.0,0.0,0.0,0.0,0.0,0.0,0.0,0.0,0.0,0.0,0.0,0.7139553349470634,0.0
5943.3456887980265,99.0557614799671,替浆泥浆(快),0.0,0.0,0.0,0.0,0.0,0.0,0.0,0.0,0.0,0.0,0.0,0.7127405951928009,0.0
5945.396918771004,99.08994864618339,替浆泥浆(快),0.0,0.0,0.0,0.0,0.0,0.0,0.0,0.0,0.0,0.0,0.0,0.7115259273949528,0.0
5947.448148743981,99.12413581239967,替浆泥浆(快),0.0,0.0,0.0,0.0,0.0,0.0,0.0,0.0,0.0,0.0,0.0,0.7103113299852705,0.0
5949.499378716958,99.15832297861597,替浆泥浆(快),0.0,0.0,0.0,0.0,0.0,0.0,0.0,0.0,0.0,0.0,0.0,0.7090968009426999,0.0
5951.550608689935,99.19251014483226,替浆泥浆(快),0.0,0.0,0.0,0.0,0.0,0.0,0.0,0.0,0.0,0.0,0.0,0.7078823378326266,0.0
5953.601838662912,99.22669731104854,替浆泥浆(快),0.0,0.0,0.0,0.0,0.0,0.0,0.0,0.0,0.0,0.0,0.0,0.706667937853426,0.0
5955.653068635889,99.26088447726482,替浆泥浆(快),0.0,0.0,0.0,0.0,0.0,0.0,0.0,0.0,0.0,0.0,0.0,0.705453597889233,0.0
5957.704298608866,99.29507164348111,替浆泥浆(快),0.0,0.0,0.0,0.0,0.0,0.0,0.0,0.0,0.0,0.0,0.0,0.7042393145676807,0.0
5959.7555285818435,99.3292588096974,替浆泥浆(快),0.0,0.0,0.0,0.0,0.0,0.0,0.0,0.0,0.0,0.0,0.0,0.703025084321231,0.0
5961.806758554821,99.36344597591368,替浆泥浆(快),0.0,0.0,0.0,0.0,0.0,0.0,0.0,0.0,0.0,0.0,0.0,0.7018109034506292,0.0
5963.857988527798,99.39763314212996,替浆泥浆(快),0.0,0.0,0.0,0.0,0.0,0.0,0.0,0.0,0.0,0.0,0.0,0.7005967681889796,0.0
5965.909218500775,99.43182030834625,替浆泥浆(快),0.0,0.0,0.0,0.0,0.0,0.0,0.0,0.0,0.0,0.0,0.0,0.6993826747649411,0.0
5967.960448473752,99.46600747456253,替浆泥浆(快),0.0,0.0,0.0,0.0,0.0,0.0,0.0,0.0,0.0,0.0,0.0,0.6981686194635784,0.0
5970.011678446729,99.50019464077882,替浆泥浆(快),0.0,0.0,0.0,0.0,0.0,0.0,0.0,0.0,0.0,0.0,0.0,0.6969545986835028,0.0
5972.062908419706,99.5343818069951,替浆泥浆(快),0.0,0.0,0.0,0.0,0.0,0.0,0.0,0.0,0.0,0.0,0.0,0.6957406089890447,0.0
5974.114138392683,99.56856897321138,替浆泥浆(快),0.0,0.0,0.0,0.0,0.0,0.0,0.0,0.0,0.0,0.0,0.0,0.6945266471563601,0.0
5976.1653683656605,99.60275613942767,替浆泥浆(快),0.0,0.0,0.0,0.0,0.0,0.0,0.0,0.0,0.0,0.0,0.0,0.6933127102125536,0.0
5978.216598338638,99.63694330564395,替浆泥浆(快),0.0,0.0,0.0,0.0,0.0,0.0,0.0,0.0,0.0,0.0,0.0,0.6920987954670886,0.0
5980.267828311615,99.67113047186025,替浆泥浆(快),0.0,0.0,0.0,0.0,0.0,0.0,0.0,0.0,0.0,0.0,0.0,0.6908849005349862,0.0
5982.319058284592,99.70531763807654,替浆泥浆(快),0.0,0.0,0.0,0.0,0.0,0.0,0.0,0.0,0.0,0.0,0.0,0.6896710233515155,0.0
5984.370288257569,99.73950480429282,替浆泥浆(快),0.0,0.0,0.0,0.0,0.0,0.0,0.0,0.0,0.0,0.0,0.0,0.6884571621783123,0.0
5986.421518230546,99.7736919705091,替浆泥浆(快),0.0,0.0,0.0,0.0,0.0,0.0,0.0,0.0,0.0,0.0,0.0,0.6872433156010711,0.0
5988.472748203523,99.80787913672539,替浆泥浆(快),0.0,0.0,0.0,0.0,0.0,0.0,0.0,0.0,0.0,0.0,0.0,0.6860294825191662,0.0
5990.5239781765,99.84206630294167,替浆泥浆(快),0.0,0.0,0.0,0.0,0.0,0.0,0.0,0.0,0.0,0.0,0.0,0.6848156621277349,0.0
5992.5752081494775,99.87625346915796,替浆泥浆(快),0.0,0.0,0.0,0.0,0.0,0.0,0.0,0.0,0.0,0.0,0.0,0.683601853892937,0.0
5994.626438122455,99.91044063537424,替浆泥浆(快),0.0,0.0,0.0,0.0,0.0,0.0,0.0,0.0,0.0,0.0,0.0,0.6823880575212332,0.0
5996.677668095432,99.94462780159053,替浆泥浆(快),0.0,0.0,0.0,0.0,0.0,0.0,0.0,0.0,0.0,0.0,0.0,0.6811742729236515,0.0
5998.728898068409,99.97881496780681,替浆泥浆(快),0.0,0.0,0.0,0.0,0.0,0.0,0.0,0.0,0.0,0.0,0.0,0.6799605001760903,0.0
6000.780128041386,100.0130021340231,替浆泥浆(快),0.0,0.0,0.0,0.0,0.0,0.0,0.0,0.0,0.0,0.0,0.0,0.6787467394767688,0.0
6002.831358014363,100.04718930023938,替浆泥浆(快),0.0,0.0,0.0,0.0,0.0,0.0,0.0,0.0,0.0,0.0,0.0,0.6775329911019562,0.0
6004.88258798734,100.08137646645567,替浆泥浆(快),0.0,0.0,0.0,0.0,0.0,0.0,0.0,0.0,0.0,0.0,0.0,0.6763192553611191,0.0
6006.933817960317,100.11556363267195,替浆泥浆(快),0.0,0.0,0.0,0.0,0.0,0.0,0.0,0.0,0.0,0.0,0.0,0.675105532552584,0.0
6008.9850479332945,100.14975079888823,替浆泥浆(快),0.0,0.0,0.0,0.0,0.0,0.0,0.0,0.0,0.0,0.0,0.0,0.6738918229207728,0.0
6011.036277906272,100.18393796510453,替浆泥浆(快),0.0,0.0,0.0,0.0,0.0,0.0,0.0,0.0,0.0,0.0,0.0,0.6726781266159827,0.0
6013.087507879249,100.21812513132082,替浆泥浆(快),0.0,0.0,0.0,0.0,0.0,0.0,0.0,0.0,0.0,0.0,0.0,0.6714644436575927,0.0
6015.138737852226,100.2523122975371,替浆泥浆(快),0.0,0.0,0.0,0.0,0.0,0.0,0.0,0.0,0.0,0.0,0.0,0.670250773901466,0.0
6017.189967825203,100.28649946375339,替浆泥浆(快),0.0,0.0,0.0,0.0,0.0,0.0,0.0,0.0,0.0,0.0,0.0,0.6690371170122028,0.0
6019.24119779818,100.32068662996967,替浆泥浆(快),0.0,0.0,0.0,0.0,0.0,0.0,0.0,0.0,0.0,0.0,0.0,0.6678234724407645,0.0
6021.292427771157,100.35487379618596,替浆泥浆(快),0.0,0.0,0.0,0.0,0.0,0.0,0.0,0.0,0.0,0.0,0.0,0.6666098394078587,0.0
6023.343657744134,100.38906096240224,替浆泥浆(快),0.0,0.0,0.0,0.0,0.0,0.0,0.0,0.0,0.0,0.0,0.0,0.6653962168933517,0.0
6025.3948877171115,100.42324812861852,替浆泥浆(快),0.0,0.0,0.0,0.0,0.0,0.0,0.0,0.0,0.0,0.0,0.0,0.6641826036318349,0.0
6027.446117690089,100.45743529483481,替浆泥浆(快),0.0,0.0,0.0,0.0,0.0,0.0,0.0,0.0,0.0,0.0,0.0,0.66296899811436,0.0
6029.497347663066,100.4916224610511,替浆泥浆(快),0.0,0.0,0.0,0.0,0.0,0.0,0.0,0.0,0.0,0.0,0.0,0.6617553985962419,0.0
6031.548577636043,100.52580962726738,替浆泥浆(快),0.0,0.0,0.0,0.0,0.0,0.0,0.0,0.0,0.0,0.0,0.0,0.6605418031107245,0.0
6033.59980760902,100.55999679348366,替浆泥浆(快),0.0,0.0,0.0,0.0,0.0,0.0,0.0,0.0,0.0,0.0,0.0,0.6593282094882251,0.0
6035.651037581997,100.59418395969995,替浆泥浆(快),0.0,0.0,0.0,0.0,0.0,0.0,0.0,0.0,0.0,0.0,0.0,0.6581146153807873,0.0
6037.702267554974,100.62837112591623,替浆泥浆(快),0.0,0.0,0.0,0.0,0.0,0.0,0.0,0.0,0.0,0.0,0.0,0.6569010182913216,0.0
6039.753497527951,100.66255829213252,替浆泥浆(快),0.0,0.0,0.0,0.0,0.0,0.0,0.0,0.0,0.0,0.0,0.0,0.6556874156071665,0.0
6041.8047275009285,100.69674545834881,替浆泥浆(快),0.0,0.0,0.0,0.0,0.0,0.0,0.0,0.0,0.0,0.0,0.0,0.6544738046374706,0.0
6043.855957473906,100.7309326245651,替浆泥浆(快),0.0,0.0,0.0,0.0,0.0,0.0,0.0,0.0,0.0,0.0,0.0,0.6532601826538837,0.0
6045.907187446883,100.76511979078138,替浆泥浆(快),0.0,0.0,0.0,0.0,0.0,0.0,0.0,0.0,0.0,0.0,0.0,0.6520465469340421,0.0
6047.95841741986,100.79930695699767,替浆泥浆(快),0.0,0.0,0.0,0.0,0.0,0.0,0.0,0.0,0.0,0.0,0.0,0.6508328948073425,0.0
6050.009647392837,100.83349412321395,替浆泥浆(快),0.0,0.0,0.0,0.0,0.0,0.0,0.0,0.0,0.0,0.0,0.0,0.6496192237025226,0.0
6052.060877365814,100.86768128943024,替浆泥浆(快),0.0,0.0,0.0,0.0,0.0,0.0,0.0,0.0,0.0,0.0,0.0,0.6484055311965938,0.0
6054.112107338791,100.90186845564652,替浆泥浆(快),0.0,0.0,0.0,0.0,0.0,0.0,0.0,0.0,0.0,0.0,0.0,0.647191815064711,0.0
6056.163337311768,100.9360556218628,替浆泥浆(快),0.0,0.0,0.0,0.0,0.0,0.0,0.0,0.0,0.0,0.0,0.0,0.6459780733306115,0.0
6058.2145672847455,100.97024278807909,替浆泥浆(快),0.0,0.0,0.0,0.0,0.0,0.0,0.0,0.0,0.0,0.0,0.0,0.6447643043173004,0.0
6060.265797257723,101.00442995429538,替浆泥浆(快),0.0,0.0,0.0,0.0,0.0,0.0,0.0,0.0,0.0,0.0,0.0,0.6435505066977149,0.0
6062.3170272307,101.03861712051166,替浆泥浆(快),0.0,0.0,0.0,0.0,0.0,0.0,0.0,0.0,0.0,0.0,0.0,0.6423366795451532,0.0
6064.368257203677,101.07280428672794,替浆泥浆(快),0.0,0.0,0.0,0.0,0.0,0.0,0.0,0.0,0.0,0.0,0.0,0.6411228223833078,0.0
6066.419487176654,101.10699145294423,替浆泥浆(快),0.0,0.0,0.0,0.0,0.0,0.0,0.0,0.0,0.0,0.0,0.0,0.6399089352357951,0.0
6068.470717149631,101.14117861916051,替浆泥浆(快),0.0,0.0,0.0,0.0,0.0,0.0,0.0,0.0,0.0,0.0,0.0,0.6386950186751287,0.0
6070.521947122608,101.1753657853768,替浆泥浆(快),0.0,0.0,0.0,0.0,0.0,0.0,0.0,0.0,0.0,0.0,0.0,0.6374810738711255,0.0
6072.573177095585,101.2095529515931,替浆泥浆(快),0.0,0.0,0.0,0.0,0.0,0.0,0.0,0.0,0.0,0.0,0.0,0.6362671026387826,0.0
6074.6244070685625,101.24374011780938,替浆泥浆(快),0.0,0.0,0.0,0.0,0.0,0.0,0.0,0.0,0.0,0.0,0.0,0.6350531074857008,0.0
6076.67563704154,101.27792728402567,替浆泥浆(快),0.0,0.0,0.0,0.0,0.0,0.0,0.0,0.0,0.0,0.0,0.0,0.6338390916591627,0.0
6078.726867014517,101.31211445024195,替浆泥浆(快),0.0,0.0,0.0,0.0,0.0,0.0,0.0,0.0,0.0,0.0,0.0,0.6326250591930038,0.0
6080.778096987494,101.34630161645823,替浆泥浆(快),0.0,0.0,0.0,0.0,0.0,0.0,0.0,0.0,0.0,0.0,0.0,0.6314110149544315,0.0
6082.829326960471,101.38048878267452,替浆泥浆(快),0.0,0.0,0.0,0.0,0.0,0.0,0.0,0.0,0.0,0.0,0.0,0.6301969646909658,0.0
6084.880556933448,101.4146759488908,替浆泥浆(快),0.0,0.0,0.0,0.0,0.0,0.0,0.0,0.0,0.0,0.0,0.0,0.6289829150776768,0.0
6086.931786906425,101.44886311510709,替浆泥浆(快),0.0,0.0,0.0,0.0,0.0,0.0,0.0,0.0,0.0,0.0,0.0,0.6277688737648945,0.0
6088.983016879402,101.48305028132337,替浆泥浆(快),0.0,0.0,0.0,0.0,0.0,0.0,0.0,0.0,0.0,0.0,0.0,0.6265548494265564,0.0
6091.0342468523795,101.51723744753966,替浆泥浆(快),0.0,0.0,0.0,0.0,0.0,0.0,0.0,0.0,0.0,0.0,0.0,0.6253408518093376,0.0
6093.085476825357,101.55142461375594,替浆泥浆(快),0.0,0.0,0.0,0.0,0.0,0.0,0.0,0.0,0.0,0.0,0.0,0.6241268917826813,0.0
6095.136706798334,101.58561177997223,替浆泥浆(快),0.0,0.0,0.0,0.0,0.0,0.0,0.0,0.0,0.0,0.0,0.0,0.6229129813898141,0.0
6097.187936771311,101.61979894618851,替浆泥浆(快),0.0,0.0,0.0,0.0,0.0,0.0,0.0,0.0,0.0,0.0,0.0,0.6216991338997783,0.0
6099.239166744288,101.6539861124048,替浆泥浆(快),0.0,0.0,0.0,0.0,0.0,0.0,0.0,0.0,0.0,0.0,0.0,0.62048536386047,0.0
6101.290396717265,101.68817327862108,替浆泥浆(快),0.0,0.0,0.0,0.0,0.0,0.0,0.0,0.0,0.0,0.0,0.0,0.6192716871526002,0.0
6103.341626690242,101.72236044483738,替浆泥浆(快),0.0,0.0,0.0,0.0,0.0,0.0,0.0,0.0,0.0,0.0,0.0,0.6180581210444313,0.0
6105.392856663219,101.75654761105366,替浆泥浆(快),0.0,0.0,0.0,0.0,0.0,0.0,0.0,0.0,0.0,0.0,0.0,0.6168446842470681,0.0
6107.4440866361965,101.79073477726995,替浆泥浆(快),0.0,0.0,0.0,0.0,0.0,0.0,0.0,0.0,0.0,0.0,0.0,0.615631396969994,0.0
6109.495316609174,101.82492194348623,替浆泥浆(快),0.0,0.0,0.0,0.0,0.0,0.0,0.0,0.0,0.0,0.0,0.0,0.6144182809764612,0.0
6111.546546582151,101.85910910970252,替浆泥浆(快),0.0,0.0,0.0,0.0,0.0,0.0,0.0,0.0,0.0,0.0,0.0,0.6132053596382521,0.0
6113.597776555128,101.8932962759188,替浆泥浆(快),0.0,0.0,0.0,0.0,0.0,0.0,0.0,0.0,0.0,0.0,0.0,0.6119926579892403,0.0
6115.649006528105,101.92748344213508,替浆泥浆(快),0.0,0.0,0.0,0.0,0.0,0.0,0.0,0.0,0.0,0.0,0.0,0.6107802027770833,0.0
6117.700236501082,101.96167060835137,替浆泥浆(快),0.0,0.0,0.0,0.0,0.0,0.0,0.0,0.0,0.0,0.0,0.0,0.6095680225122982,0.0
6119.751466474059,101.99585777456765,替浆泥浆(快),0.0,0.0,0.0,0.0,0.0,0.0,0.0,0.0,0.0,0.0,0.0,0.6083561475138829,0.0
6121.802696447036,102.03004494078394,替浆泥浆(快),0.0,0.0,0.0,0.0,0.0,0.0,0.0,0.0,0.0,0.0,0.0,0.6071446099505703,0.0
6123.8539264200135,102.06423210700022,替浆泥浆(快),0.0,0.0,0.0,0.0,0.0,0.0,0.0,0.0,0.0,0.0,0.0,0.6059334438767356,0.0
6125.905156392991,102.0984192732165,替浆泥浆(快),0.0,0.0,0.0,0.0,0.0,0.0,0.0,0.0,0.0,0.0,0.0,0.6047226852619271,0.0
6127.956386365968,102.13260643943279,替浆泥浆(快),0.0,0.0,0.0,0.0,0.0,0.0,0.0,0.0,0.0,0.0,0.0,0.6035123720129371,0.0
6130.007616338945,102.16679360564908,替浆泥浆(快),0.0,0.0,0.0,0.0,0.0,0.0,0.0,0.0,0.0,0.0,0.0,0.6023025439873219,0.0
6132.058846311922,102.20098077186536,替浆泥浆(快),0.0,0.0,0.0,0.0,0.0,0.0,0.0,0.0,0.0,0.0,0.0,0.60109324299726,0.0
6134.110076284899,102.23516793808166,替浆泥浆(快),0.0,0.0,0.0,0.0,0.0,0.0,0.0,0.0,0.0,0.0,0.0,0.5998845128026563,0.0
6136.161306257876,102.26935510429794,替浆泥浆(快),0.0,0.0,0.0,0.0,0.0,0.0,0.0,0.0,0.0,0.0,0.0,0.598676399092437,0.0
6138.212536230853,102.30354227051423,替浆泥浆(快),0.0,0.0,0.0,0.0,0.0,0.0,0.0,0.0,0.0,0.0,0.0,0.5974689494530324,0.0
6140.2637662038305,102.33772943673051,替浆泥浆(快),0.0,0.0,0.0,0.0,0.0,0.0,0.0,0.0,0.0,0.0,0.0,0.5962622133231291,0.0
6142.314996176808,102.3719166029468,替浆泥浆(快),0.0,0.0,0.0,0.0,0.0,0.0,0.0,0.0,0.0,0.0,0.0,0.5950562419338697,0.0
6144.366226149785,102.40610376916308,替浆泥浆(快),0.0,0.0,0.0,0.0,0.0,0.0,0.0,0.0,0.0,0.0,0.0,0.5938510882338082,0.0
6146.417456122762,102.44029093537937,替浆泥浆(快),0.0,0.0,0.0,0.0,0.0,0.0,0.0,0.0,0.0,0.0,0.0,0.5926468067980689,0.0
6148.468686095739,102.47447810159565,替浆泥浆(快),0.0,0.0,0.0,0.0,0.0,0.0,0.0,0.0,0.0,0.0,0.0,0.5914434537213258,0.0
6150.519916068716,102.50866526781193,替浆泥浆(快),0.0,0.0,0.0,0.0,0.0,0.0,0.0,0.0,0.0,0.0,0.0,0.5902410864943947,0.0
6152.571146041693,102.54285243402822,替浆泥浆(快),0.0,0.0,0.0,0.0,0.0,0.0,0.0,0.0,0.0,0.0,0.0,0.5890397638644322,0.0
6154.62237601467,102.5770396002445,替浆泥浆(快),0.0,0.0,0.0,0.0,0.0,0.0,0.0,0.0,0.0,0.0,0.0,0.5878395456789383,0.0
6156.6736059876475,102.61122676646079,替浆泥浆(快),0.0,0.0,0.0,0.0,0.0,0.0,0.0,0.0,0.0,0.0,0.0,0.5866404927139767,0.0
6158.724835960625,102.64541393267707,替浆泥浆(快),0.0,0.0,0.0,0.0,0.0,0.0,0.0,0.0,0.0,0.0,0.0,0.5854426664872435,0.0
6160.776065933602,102.67960109889336,替浆泥浆(快),0.0,0.0,0.0,0.0,0.0,0.0,0.0,0.0,0.0,0.0,0.0,0.5842461290568374,0.0
6162.827295906579,102.71378826510964,替浆泥浆(快),0.0,0.0,0.0,0.0,0.0,0.0,0.0,0.0,0.0,0.0,0.0,0.583050942806798,0.0
6164.878525879556,102.74797543132594,替浆泥浆(快),0.0,0.0,0.0,0.0,0.0,0.0,0.0,0.0,0.0,0.0,0.0,0.5818571702206861,0.0
6166.929755852533,102.78216259754223,替浆泥浆(快),0.0,0.0,0.0,0.0,0.0,0.0,0.0,0.0,0.0,0.0,0.0,0.5806648736446763,0.0
6168.98098582551,102.81634976375851,替浆泥浆(快),0.0,0.0,0.0,0.0,0.0,0.0,0.0,0.0,0.0,0.0,0.0,0.5794741150418122,0.0
6171.032215798487,102.8505369299748,替浆泥浆(快),0.0,0.0,0.0,0.0,0.0,0.0,0.0,0.0,0.0,0.0,0.0,0.5782849557392328,0.0
6173.0834457714645,102.88472409619108,替浆泥浆(快),0.0,0.0,0.0,0.0,0.0,0.0,0.0,0.0,0.0,0.0,0.0,0.5770974561703193,0.0
6175.134675744442,102.91891126240736,替浆泥浆(快),0.0,0.0,0.0,0.0,0.0,0.0,0.0,0.0,0.0,0.0,0.0,0.5759116756138214,0.0
6177.185905717419,102.95309842862365,替浆泥浆(快),0.0,0.0,0.0,0.0,0.0,0.0,0.0,0.0,0.0,0.0,0.0,0.5747276719321067,0.0
6179.237135690396,102.98728559483993,替浆泥浆(快),0.0,0.0,0.0,0.0,0.0,0.0,0.0,0.0,0.0,0.0,0.0,0.573545501310735,0.0
6181.288365663373,103.02147276105622,替浆泥浆(快),0.0,0.0,0.0,0.0,0.0,0.0,0.0,0.0,0.0,0.0,0.0,0.5723652180015786,0.0
6183.33959563635,103.0556599272725,替浆泥浆(快),0.0,0.0,0.0,0.0,0.0,0.0,0.0,0.0,0.0,0.0,0.0,0.5711868740717093,0.0
6185.390825609327,103.08984709348879,替浆泥浆(快),0.0,0.0,0.0,0.0,0.0,0.0,0.0,0.0,0.0,0.0,0.0,0.5700105191602295,0.0
6187.442055582304,103.12403425970507,替浆泥浆(快),0.0,0.0,0.0,0.0,0.0,0.0,0.0,0.0,0.0,0.0,0.0,0.5688362002451625,0.0
6189.493285555282,103.15822142592135,替浆泥浆(快),0.0,0.0,0.0,0.0,0.0,0.0,0.0,0.0,0.0,0.0,0.0,0.5676639614224146,0.0
6191.544515528259,103.19240859213764,替浆泥浆(快),0.0,0.0,0.0,0.0,0.0,0.0,0.0,0.0,0.0,0.0,0.0,0.5664938436987048,0.0
6193.595745501236,103.22659575835392,替浆泥浆(快),0.0,0.0,0.0,0.0,0.0,0.0,0.0,0.0,0.0,0.0,0.0,0.5653258848002031,0.0
6195.646975474213,103.26078292457022,替浆泥浆(快),0.0,0.0,0.0,0.0,0.0,0.0,0.0,0.0,0.0,0.0,0.0,0.5641601189984531,0.0
6197.69820544719,103.2949700907865,替浆泥浆(快),0.0,0.0,0.0,0.0,0.0,0.0,0.0,0.0,0.0,0.0,0.0,0.5629965769549629,0.0
6199.749435420167,103.32915725700279,替浆泥浆(快),0.0,0.0,0.0,0.0,0.0,0.0,0.0,0.0,0.0,0.0,0.0,0.561835285585645,0.0
6201.800665393144,103.36334442321908,替浆泥浆(快),0.0,0.0,0.0,0.0,0.0,0.0,0.0,0.0,0.0,0.0,0.0,0.5606762679460714,0.0
6203.851895366121,103.39753158943536,替浆泥浆(快),0.0,0.0,0.0,0.0,0.0,0.0,0.0,0.0,0.0,0.0,0.0,0.5595195431382839,0.0
6205.903125339099,103.43171875565164,替浆泥浆(快),0.0,0.0,0.0,0.0,0.0,0.0,0.0,0.0,0.0,0.0,0.0,0.5583651262396756,0.0
6207.954355312076,103.46590592186793,替浆泥浆(快),0.0,0.0,0.0,0.0,0.0,0.0,0.0,0.0,0.0,0.0,0.0,0.5572130282542271,0.0
6210.005585285053,103.50009308808421,替浆泥浆(快),0.0,0.0,0.0,0.0,0.0,0.0,0.0,0.0,0.0,0.0,0.0,0.5560632560861603,0.0
6212.05681525803,103.5342802543005,替浆泥浆(快),0.0,0.0,0.0,0.0,0.0,0.0,0.0,0.0,0.0,0.0,0.0,0.5549158125358505,0.0
6214.108045231007,103.56846742051678,替浆泥浆(快),0.0,0.0,0.0,0.0,0.0,0.0,0.0,0.0,0.0,0.0,0.0,0.5537706963176321,0.0
6216.159275203984,103.60265458673307,替浆泥浆(快),0.0,0.0,0.0,0.0,0.0,0.0,0.0,0.0,0.0,0.0,0.0,0.5526279020989334,0.0
6218.210505176961,103.63684175294935,替浆泥浆(快),0.0,0.0,0.0,0.0,0.0,0.0,0.0,0.0,0.0,0.0,0.0,0.5514874205599959,0.0
6220.261735149938,103.67102891916564,替浆泥浆(快),0.0,0.0,0.0,0.0,0.0,0.0,0.0,0.0,0.0,0.0,0.0,0.5503492384732704,0.0
6222.312965122916,103.70521608538192,替浆泥浆(快),0.0,0.0,0.0,0.0,0.0,0.0,0.0,0.0,0.0,0.0,0.0,0.5492133388014281,0.0
6224.364195095893,103.7394032515982,替浆泥浆(快),0.0,0.0,0.0,0.0,0.0,0.0,0.0,0.0,0.0,0.0,0.0,0.5480797008128064,0.0
6226.41542506887,103.7735904178145,替浆泥浆(快),0.0,0.0,0.0,0.0,0.0,0.0,0.0,0.0,0.0,0.0,0.0,0.5469483002129951,0.0
6228.466655041847,103.80777758403079,替浆泥浆(快),0.0,0.0,0.0,0.0,0.0,0.0,0.0,0.0,0.0,0.0,0.0,0.5458191092911833,0.0
6230.517885014824,103.84196475024707,替浆泥浆(快),0.0,0.0,0.0,0.0,0.0,0.0,0.0,0.0,0.0,0.0,0.0,0.5446920970798205,0.0
6232.569114987801,103.87615191646336,替浆泥浆(快),0.0,0.0,0.0,0.0,0.0,0.0,0.0,0.0,0.0,0.0,0.0,0.5435672295260997,0.0
6234.620344960778,103.91033908267964,替浆泥浆(快),0.0,0.0,0.0,0.0,0.0,0.0,0.0,0.0,0.0,0.0,0.0,0.5424444696737392,0.0
6236.671574933755,103.94452624889593,替浆泥浆(快),0.0,0.0,0.0,0.0,0.0,0.0,0.0,0.0,0.0,0.0,0.0,0.5413237778535317,0.0
6238.722804906733,103.97871341511221,替浆泥浆(快),0.0,0.0,0.0,0.0,0.0,0.0,0.0,0.0,0.0,0.0,0.0,0.5402051118811393,0.0
6240.77403487971,104.0129005813285,替浆泥浆(快),0.0,0.0,0.0,0.0,0.0,0.0,0.0,0.0,0.0,0.0,0.0,0.5390884272606279,0.0
6242.825264852687,104.04708774754478,替浆泥浆(快),0.0,0.0,0.0,0.0,0.0,0.0,0.0,0.0,0.0,0.0,0.0,0.5379736773922794,0.0
6244.876494825664,104.08127491376106,替浆泥浆(快),0.0,0.0,0.0,0.0,0.0,0.0,0.0,0.0,0.0,0.0,0.0,0.5368608137832632,0.0
6246.927724798641,104.11546207997735,替浆泥浆(快),0.0,0.0,0.0,0.0,0.0,0.0,0.0,0.0,0.0,0.0,0.0,0.5357497862598095,0.0
6248.978954771618,104.14964924619363,替浆泥浆(快),0.0,0.0,0.0,0.0,0.0,0.0,0.0,0.0,0.0,0.0,0.0,0.5346405431795942,0.0
6251.030184744595,104.18383641240992,替浆泥浆(快),0.0,0.0,0.0,0.0,0.0,0.0,0.0,0.0,0.0,0.0,0.0,0.5335330316431223,0.0
6253.081414717572,104.2180235786262,替浆泥浆(快),0.0,0.0,0.0,0.0,0.0,0.0,0.0,0.0,0.0,0.0,0.0,0.5324271977029746,0.0
6255.13264469055,104.25221074484249,替浆泥浆(快),0.0,0.0,0.0,0.0,0.0,0.0,0.0,0.0,0.0,0.0,0.0,0.5313229865698698,0.0
6257.183874663527,104.28639791105878,替浆泥浆(快),0.0,0.0,0.0,0.0,0.0,0.0,0.0,0.0,0.0,0.0,0.0,0.5302203428145791,0.0
6259.235104636504,104.32058507727507,替浆泥浆(快),0.0,0.0,0.0,0.0,0.0,0.0,0.0,0.0,0.0,0.0,0.0,0.5291192105648233,0.0
6261.286334609481,104.35477224349135,替浆泥浆(快),0.0,0.0,0.0,0.0,0.0,0.0,0.0,0.0,0.0,0.0,0.0,0.5280195336963656,0.0
6263.337564582458,104.38895940970764,替浆泥浆(快),0.0,0.0,0.0,0.0,0.0,0.0,0.0,0.0,0.0,0.0,0.0,0.5269212560176073,0.0
6265.388794555435,104.42314657592392,替浆泥浆(快),0.0,0.0,0.0,0.0,0.0,0.0,0.0,0.0,0.0,0.0,0.0,0.5258243214470752,0.0
6267.440024528412,104.45733374214021,替浆泥浆(快),0.0,0.0,0.0,0.0,0.0,0.0,0.0,0.0,0.0,0.0,0.0,0.5247286741832773,0.0
6269.491254501389,104.49152090835649,替浆泥浆(快),0.0,0.0,0.0,0.0,0.0,0.0,0.0,0.0,0.0,0.0,0.0,0.5236342588664811,0.0
6271.542484474367,104.52570807457278,替浆泥浆(快),0.0,0.0,0.0,0.0,0.0,0.0,0.0,0.0,0.0,0.0,0.0,0.522541020732049,0.0
6273.593714447344,104.55989524078906,替浆泥浆(快),0.0,0.0,0.0,0.0,0.0,0.0,0.0,0.0,0.0,0.0,0.0,0.5214489057550356,0.0
6275.644944420321,104.59408240700535,替浆泥浆(快),0.0,0.0,0.0,0.0,0.0,0.0,0.0,0.0,0.0,0.0,0.0,0.5203578607858245,0.0
6277.696174393298,104.62826957322163,替浆泥浆(快),0.0,0.0,0.0,0.0,0.0,0.0,0.0,0.0,0.0,0.0,0.0,0.5192678336766415,0.0
6279.747404366275,104.66245673943791,替浆泥浆(快),0.0,0.0,0.0,0.0,0.0,0.0,0.0,0.0,0.0,0.0,0.0,0.5181787733988478,0.0
6281.798634339252,104.6966439056542,替浆泥浆(快),0.0,0.0,0.0,0.0,0.0,0.0,0.0,0.0,0.0,0.0,0.0,0.5170906301509649,0.0
6283.849864312229,104.73083107187048,替浆泥浆(快),0.0,0.0,0.0,0.0,0.0,0.0,0.0,0.0,0.0,0.0,0.0,0.516003355457441,0.0
6285.901094285206,104.76501823808677,替浆泥浆(快),0.0,0.0,0.0,0.0,0.0,0.0,0.0,0.0,0.0,0.0,0.0,0.5149169022582085,0.0
6287.952324258184,104.79920540430307,替浆泥浆(快),0.0,0.0,0.0,0.0,0.0,0.0,0.0,0.0,0.0,0.0,0.0,0.5138312249891264,0.0
6290.003554231161,104.83339257051935,替浆泥浆(快),0.0,0.0,0.0,0.0,0.0,0.0,0.0,0.0,0.0,0.0,0.0,0.51274627965344,0.0
6292.054784204138,104.86757973673564,替浆泥浆(快),0.0,0.0,0.0,0.0,0.0,0.0,0.0,0.0,0.0,0.0,0.0,0.5116620238844213,0.0
6294.106014177115,104.90176690295192,替浆泥浆(快),0.0,0.0,0.0,0.0,0.0,0.0,0.0,0.0,0.0,0.0,0.0,0.5105784169993809,0.0
6296.157244150092,104.9359540691682,替浆泥浆(快),0.0,0.0,0.0,0.0,0.0,0.0,0.0,0.0,0.0,0.0,0.0,0.509495420045271,0.0
6298.208474123069,104.97014123538449,替浆泥浆(快),0.0,0.0,0.0,0.0,0.0,0.0,0.0,0.0,0.0,0.0,0.0,0.508412995836116,0.0
6300.259704096046,105.00432840160077,替浆泥浆(快),0.0,0.0,0.0,0.0,0.0,0.0,0.0,0.0,0.0,0.0,0.0,0.507331108982527,0.0
6302.3109340690235,105.03851556781706,替浆泥浆(快),0.0,0.0,0.0,0.0,0.0,0.0,0.0,0.0,0.0,0.0,0.0,0.5062497259135693,0.0
6304.362164042001,105.07270273403334,替浆泥浆(快),0.0,0.0,0.0,0.0,0.0,0.0,0.0,0.0,0.0,0.0,0.0,0.5051688148912649,0.0
6306.413394014978,105.10688990024963,替浆泥浆(快),0.0,0.0,0.0,0.0,0.0,0.0,0.0,0.0,0.0,0.0,0.0,0.5040883460180156,0.0
6308.464623987955,105.14107706646591,替浆泥浆(快),0.0,0.0,0.0,0.0,0.0,0.0,0.0,0.0,0.0,0.0,0.0,0.5030082912372434,0.0
6310.515853960932,105.1752642326822,替浆泥浆(快),0.0,0.0,0.0,0.0,0.0,0.0,0.0,0.0,0.0,0.0,0.0,0.5019286243275446,0.0
6312.567083933909,105.20945139889848,替浆泥浆(快),0.0,0.0,0.0,0.0,0.0,0.0,0.0,0.0,0.0,0.0,0.0,0.5008493208906533,0.0
6314.618313906886,105.24363856511476,替浆泥浆(快),0.0,0.0,0.0,0.0,0.0,0.0,0.0,0.0,0.0,0.0,0.0,0.4997703583335143,0.0
6316.669543879863,105.27782573133105,替浆泥浆(快),0.0,0.0,0.0,0.0,0.0,0.0,0.0,0.0,0.0,0.0,0.0,0.49869171584475863,0.0
6318.7207738528405,105.31201289754735,替浆泥浆(快),0.0,0.0,0.0,0.0,0.0,0.0,0.0,0.0,0.0,0.0,0.0,0.4976133743658731,0.0
6320.772003825818,105.34620006376363,替浆泥浆(快),0.0,0.0,0.0,0.0,0.0,0.0,0.0,0.0,0.0,0.0,0.0,0.4965353165573514,0.0
6322.823233798795,105.38038722997992,替浆泥浆(快),0.0,0.0,0.0,0.0,0.0,0.0,0.0,0.0,0.0,0.0,0.0,0.4954575267601085,0.0
6324.874463771772,105.4145743961962,替浆泥浆(快),0.0,0.0,0.0,0.0,0.0,0.0,0.0,0.0,0.0,0.0,0.0,0.4943799909524361,0.0
6326.925693744749,105.44876156241249,替浆泥浆(快),0.0,0.0,0.0,0.0,0.0,0.0,0.0,0.0,0.0,0.0,0.0,0.49330269670277005,0.0
6328.976923717726,105.48294872862877,替浆泥浆(快),0.0,0.0,0.0,0.0,0.0,0.0,0.0,0.0,0.0,0.0,0.0,0.49222563311853745,0.0
6331.028153690703,105.51713589484505,替浆泥浆(快),0.0,0.0,0.0,0.0,0.0,0.0,0.0,0.0,0.0,0.0,0.0,0.4911487907913477,0.0
6333.07938366368,105.55132306106134,替浆泥浆(快),0.0,0.0,0.0,0.0,0.0,0.0,0.0,0.0,0.0,0.0,0.0,0.4900721617387827,0.0
6335.1306136366575,105.58551022727762,替浆泥浆(快),0.0,0.0,0.0,0.0,0.0,0.0,0.0,0.0,0.0,0.0,0.0,0.48899573934304774,0.0
6337.181843609635,105.61969739349391,替浆泥浆(快),0.0,0.0,0.0,0.0,0.0,0.0,0.0,0.0,0.0,0.0,0.0,0.4879195182867342,0.0
6339.233073582612,105.65388455971019,替浆泥浆(快),0.0,0.0,0.0,0.0,0.0,0.0,0.0,0.0,0.0,0.0,0.0,0.48684349448594993,0.0
6341.284303555589,105.68807172592648,替浆泥浆(快),0.0,0.0,0.0,0.0,0.0,0.0,0.0,0.0,0.0,0.0,0.0,0.48576766502107205,0.0
6343.335533528566,105.72225889214276,替浆泥浆(快),0.0,0.0,0.0,0.0,0.0,0.0,0.0,0.0,0.0,0.0,0.0,0.4846920280653783,0.0
6345.386763501543,105.75644605835905,替浆泥浆(快),0.0,0.0,0.0,0.0,0.0,0.0,0.0,0.0,0.0,0.0,0.0,0.4836165828118181,0.0
6347.43799347452,105.79063322457533,替浆泥浆(快),0.0,0.0,0.0,0.0,0.0,0.0,0.0,0.0,0.0,0.0,0.0,0.48254132939818467,0.0
6349.489223447497,105.82482039079163,替浆泥浆(快),0.0,0.0,0.0,0.0,0.0,0.0,0.0,0.0,0.0,0.0,0.0,0.4814662688309595,0.0
6351.5404534204745,105.85900755700791,替浆泥浆(快),0.0,0.0,0.0,0.0,0.0,0.0,0.0,0.0,0.0,0.0,0.0,0.4803914029081023,0.0
6353.591683393452,105.8931947232242,替浆泥浆(快),0.0,0.0,0.0,0.0,0.0,0.0,0.0,0.0,0.0,0.0,0.0,0.4793167341410678,0.0
6355.642913366429,105.92738188944048,替浆泥浆(快),0.0,0.0,0.0,0.0,0.0,0.0,0.0,0.0,0.0,0.0,0.0,0.47824226567633743,0.0
6357.694143339406,105.96156905565677,替浆泥浆(快),0.0,0.0,0.0,0.0,0.0,0.0,0.0,0.0,0.0,0.0,0.0,0.4771680012167618,0.0
6359.745373312383,105.99575622187305,替浆泥浆(快),0.0,0.0,0.0,0.0,0.0,0.0,0.0,0.0,0.0,0.0,0.0,0.4760939449430152,0.0
6361.79660328536,106.02994338808934,替浆泥浆(快),0.0,0.0,0.0,0.0,0.0,0.0,0.0,0.0,0.0,0.0,0.0,0.4750201014354726,0.0
6363.847833258337,106.06413055430562,替浆泥浆(快),0.0,0.0,0.0,0.0,0.0,0.0,0.0,0.0,0.0,0.0,0.0,0.47394647559682235,0.0
6365.899063231314,106.0983177205219,替浆泥浆(快),0.0,0.0,0.0,0.0,0.0,0.0,0.0,0.0,0.0,0.0,0.0,0.472873072575739,0.0
6367.9502932042915,106.13250488673819,替浆泥浆(快),0.0,0.0,0.0,0.0,0.0,0.0,0.0,0.0,0.0,0.0,0.0,0.47179989769193953,0.0
6370.001523177269,106.16669205295447,替浆泥浆(快),0.0,0.0,0.0,0.0,0.0,0.0,0.0,0.0,0.0,0.0,0.0,0.4707269563629516,0.0
6372.052753150246,106.20087921917076,替浆泥浆(快),0.0,0.0,0.0,0.0,0.0,0.0,0.0,0.0,0.0,0.0,0.0,0.4696542540329271,0.0
6374.103983123223,106.23506638538704,替浆泥浆(快),0.0,0.0,0.0,0.0,0.0,0.0,0.0,0.0,0.0,0.0,0.0,0.4685817961038301,0.0
6376.1552130962,106.26925355160333,替浆泥浆(快),0.0,0.0,0.0,0.0,0.0,0.0,0.0,0.0,0.0,0.0,0.0,0.46750958786933006,0.0
6378.206443069177,106.30344071781961,替浆泥浆(快),0.0,0.0,0.0,0.0,0.0,0.0,0.0,0.0,0.0,0.0,0.0,0.4664376344517278,0.0
6380.257673042154,106.33762788403591,替浆泥浆(快),0.0,0.0,0.0,0.0,0.0,0.0,0.0,0.0,0.0,0.0,0.0,0.4653659407422347,0.0
6382.308903015131,106.3718150502522,替浆泥浆(快),0.0,0.0,0.0,0.0,0.0,0.0,0.0,0.0,0.0,0.0,0.0,0.4642945113449217,0.0
6384.3601329881085,106.40600221646848,替浆泥浆(快),0.0,0.0,0.0,0.0,0.0,0.0,0.0,0.0,0.0,0.0,0.0,0.46322335052464403,0.0
6386.411362961086,106.44018938268476,替浆泥浆(快),0.0,0.0,0.0,0.0,0.0,0.0,0.0,0.0,0.0,0.0,0.0,0.46215246215923644,0.0
6388.462592934063,106.47437654890105,替浆泥浆(快),0.0,0.0,0.0,0.0,0.0,0.0,0.0,0.0,0.0,0.0,0.0,0.4610818496962638,0.0
6390.51382290704,106.50856371511733,替浆泥浆(快),0.0,0.0,0.0,0.0,0.0,0.0,0.0,0.0,0.0,0.0,0.0,0.46001151611459645,0.0
6392.565052880017,106.54275088133362,替浆泥浆(快),0.0,0.0,0.0,0.0,0.0,0.0,0.0,0.0,0.0,0.0,0.0,0.4589414638910623,0.0
6394.616282852994,106.5769380475499,替浆泥浆(快),0.0,0.0,0.0,0.0,0.0,0.0,0.0,0.0,0.0,0.0,0.0,0.45787169497241464,0.0
6396.667512825971,106.61112521376619,替浆泥浆(快),0.0,0.0,0.0,0.0,0.0,0.0,0.0,0.0,0.0,0.0,0.0,0.4568022107528345,0.0
6398.718742798948,106.64531237998247,替浆泥浆(快),0.0,0.0,0.0,0.0,0.0,0.0,0.0,0.0,0.0,0.0,0.0,0.455733012057164,0.0
6400.7699727719255,106.67949954619876,替浆泥浆(快),0.0,0.0,0.0,0.0,0.0,0.0,0.0,0.0,0.0,0.0,0.0,0.454664099130054,0.0
6402.821202744903,106.71368671241504,替浆泥浆(快),0.0,0.0,0.0,0.0,0.0,0.0,0.0,0.0,0.0,0.0,0.0,0.45359547163118014,0.0
6404.87243271788,106.74787387863132,替浆泥浆(快),0.0,0.0,0.0,0.0,0.0,0.0,0.0,0.0,0.0,0.0,0.0,0.4525271286366674,0.0
6406.923662690857,106.78206104484761,替浆泥浆(快),0.0,0.0,0.0,0.0,0.0,0.0,0.0,0.0,0.0,0.0,0.0,0.45145906864683477,0.0
6408.974892663834,106.8162482110639,替浆泥浆(快),0.0,0.0,0.0,0.0,0.0,0.0,0.0,0.0,0.0,0.0,0.0,0.45039128960035324,0.0
6411.026122636811,106.85043537728019,替浆泥浆(快),0.0,0.0,0.0,0.0,0.0,0.0,0.0,0.0,0.0,0.0,0.0,0.4493237888948873,0.0
6413.077352609788,106.88462254349648,替浆泥浆(快),0.0,0.0,0.0,0.0,0.0,0.0,0.0,0.0,0.0,0.0,0.0,0.4482565634142644,0.0
6415.128582582765,106.91880970971276,替浆泥浆(快),0.0,0.0,0.0,0.0,0.0,0.0,0.0,0.0,0.0,0.0,0.0,0.4471896095621979,0.0
6417.1798125557425,106.95299687592905,替浆泥浆(快),0.0,0.0,0.0,0.0,0.0,0.0,0.0,0.0,0.0,0.0,0.0,0.44612292330256387,0.0
6419.23104252872,106.98718404214533,替浆泥浆(快),0.0,0.0,0.0,0.0,0.0,0.0,0.0,0.0,0.0,0.0,0.0,0.44505650020620724,0.0
6421.282272501697,107.02137120836161,替浆泥浆(快),0.0,0.0,0.0,0.0,0.0,0.0,0.0,0.0,0.0,0.0,0.0,0.4439903355042354,0.0
6423.333502474674,107.0555583745779,替浆泥浆(快),0.0,0.0,0.0,0.0,0.0,0.0,0.0,0.0,0.0,0.0,0.0,0.44292442414772615,0.0
6425.384732447651,107.08974554079418,替浆泥浆(快),0.0,0.0,0.0,0.0,0.0,0.0,0.0,0.0,0.0,0.0,0.0,0.4418587608737613,0.0
6427.435962420628,107.12393270701047,替浆泥浆(快),0.0,0.0,0.0,0.0,0.0,0.0,0.0,0.0,0.0,0.0,0.0,0.4407933402776664,0.0
6429.487192393605,107.15811987322675,替浆泥浆(快),0.0,0.0,0.0,0.0,0.0,0.0,0.0,0.0,0.0,0.0,0.0,0.4397281568913185,0.0
6431.538422366582,107.19230703944304,替浆泥浆(快),0.0,0.0,0.0,0.0,0.0,0.0,0.0,0.0,0.0,0.0,0.0,0.43866320526735436,0.0
6433.5896523395595,107.22649420565932,替浆泥浆(快),0.0,0.0,0.0,0.0,0.0,0.0,0.0,0.0,0.0,0.0,0.0,0.43759848006909113,0.0
6435.640882312537,107.2606813718756,替浆泥浆(快),0.0,0.0,0.0,0.0,0.0,0.0,0.0,0.0,0.0,0.0,0.0,0.43653397616593903,0.0
6437.692112285514,107.29486853809189,替浆泥浆(快),0.0,0.0,0.0,0.0,0.0,0.0,0.0,0.0,0.0,0.0,0.0,0.4354696887340659,0.0
6439.743342258491,107.32905570430817,替浆泥浆(快),0.0,0.0,0.0,0.0,0.0,0.0,0.0,0.0,0.0,0.0,0.0,0.43440561336203837,0.0
6441.794572231468,107.36324287052447,替浆泥浆(快),0.0,0.0,0.0,0.0,0.0,0.0,0.0,0.0,0.0,0.0,0.0,0.4333417461611421,0.0
6443.845802204445,107.39743003674076,替浆泥浆(快),0.0,0.0,0.0,0.0,0.0,0.0,0.0,0.0,0.0,0.0,0.0,0.4322780838800481,0.0
6445.897032177422,107.43161720295704,替浆泥浆(快),0.0,0.0,0.0,0.0,0.0,0.0,0.0,0.0,0.0,0.0,0.0,0.4312146240234655,0.0
6447.948262150399,107.46580436917333,替浆泥浆(快),0.0,0.0,0.0,0.0,0.0,0.0,0.0,0.0,0.0,0.0,0.0,0.430151364974386,0.0
6449.9994921233765,107.49999153538961,替浆泥浆(快),0.0,0.0,0.0,0.0,0.0,0.0,0.0,0.0,0.0,0.0,0.0,0.42908830611949544,0.0
6452.050722096354,107.5341787016059,替浆泥浆(快),0.0,0.0,0.0,0.0,0.0,0.0,0.0,0.0,0.0,0.0,0.0,0.42802544797729186,0.0
6454.101952069331,107.56836586782218,替浆泥浆(快),0.0,0.0,0.0,0.0,0.0,0.0,0.0,0.0,0.0,0.0,0.0,0.426962792328417,0.0
6456.153182042308,107.60255303403846,替浆泥浆(快),0.0,0.0,0.0,0.0,0.0,0.0,0.0,0.0,0.0,0.0,0.0,0.4259003423476727,0.0
6458.204412015285,107.63674020025475,替浆泥浆(快),0.0,0.0,0.0,0.0,0.0,0.0,0.0,0.0,0.0,0.0,0.0,0.424838102737161,0.0
6460.255641988262,107.67092736647103,替浆泥浆(快),0.0,0.0,0.0,0.0,0.0,0.0,0.0,0.0,0.0,0.0,0.0,0.4237760798599491,0.0
6462.306871961239,107.70511453268732,替浆泥浆(快),0.0,0.0,0.0,0.0,0.0,0.0,0.0,0.0,0.0,0.0,0.0,0.4227142818736309,0.0
6464.358101934216,107.7393016989036,替浆泥浆(快),0.0,0.0,0.0,0.0,0.0,0.0,0.0,0.0,0.0,0.0,0.0,0.4216527188631213,0.0
6466.4093319071935,107.77348886511989,替浆泥浆(快),0.0,0.0,0.0,0.0,0.0,0.0,0.0,0.0,0.0,0.0,0.0,0.4205914029719895,0.0
6468.460561880171,107.80767603133617,替浆泥浆(快),0.0,0.0,0.0,0.0,0.0,0.0,0.0,0.0,0.0,0.0,0.0,0.4195303485316088,0.0
6470.511791853148,107.84186319755246,替浆泥浆(快),0.0,0.0,0.0,0.0,0.0,0.0,0.0,0.0,0.0,0.0,0.0,0.41846957218737435,0.0
6472.563021826125,107.87605036376875,替浆泥浆(快),0.0,0.0,0.0,0.0,0.0,0.0,0.0,0.0,0.0,0.0,0.0,0.4174090930212147,0.0
6474.614251799102,107.91023752998504,替浆泥浆(快),0.0,0.0,0.0,0.0,0.0,0.0,0.0,0.0,0.0,0.0,0.0,0.4163489326696071,0.0
6476.665481772079,107.94442469620132,替浆泥浆(快),0.0,0.0,0.0,0.0,0.0,0.0,0.0,0.0,0.0,0.0,0.0,0.415289115436287,0.0
6478.716711745056,107.97861186241761,替浆泥浆(快),0.0,0.0,0.0,0.0,0.0,0.0,0.0,0.0,0.0,0.0,0.0,0.4142296683988354,0.0
6480.767941718033,108.01279902863389,替浆泥浆(快),0.0,0.0,0.0,0.0,0.0,0.0,0.0,0.0,0.0,0.0,0.0,0.41317062150831874,0.0
6482.8191716910105,108.04698619485018,替浆泥浆(快),0.0,0.0,0.0,0.0,0.0,0.0,0.0,0.0,0.0,0.0,0.0,0.412112007681158,0.0
6484.870401663988,108.08117336106646,替浆泥浆(快),0.0,0.0,0.0,0.0,0.0,0.0,0.0,0.0,0.0,0.0,0.0,0.4110538628824111,0.0
6486.921631636965,108.11536052728275,替浆泥浆(快),0.0,0.0,0.0,0.0,0.0,0.0,0.0,0.0,0.0,0.0,0.0,0.40999622619966214,0.0
6488.972861609942,108.14954769349903,替浆泥浆(快),0.0,0.0,0.0,0.0,0.0,0.0,0.0,0.0,0.0,0.0,0.0,0.4089391399067372,0.0
6491.024091582919,108.18373485971532,替浆泥浆(快),0.0,0.0,0.0,0.0,0.0,0.0,0.0,0.0,0.0,0.0,0.0,0.40788264951648634,0.0
6493.075321555896,108.2179220259316,替浆泥浆(快),0.0,0.0,0.0,0.0,0.0,0.0,0.0,0.0,0.0,0.0,0.0,0.4068268038219122,0.0
6495.126551528873,108.25210919214788,替浆泥浆(快),0.0,0.0,0.0,0.0,0.0,0.0,0.0,0.0,0.0,0.0,0.0,0.40577165492496425,0.0
6497.17778150185,108.28629635836417,替浆泥浆(快),0.0,0.0,0.0,0.0,0.0,0.0,0.0,0.0,0.0,0.0,0.0,0.40471725825236876,0.0
6499.2290114748275,108.32048352458045,替浆泥浆(快),0.0,0.0,0.0,0.0,0.0,0.0,0.0,0.0,0.0,0.0,0.0,0.4036636725579219,0.0
6501.280241447805,108.35467069079674,替浆泥浆(快),0.0,0.0,0.0,0.0,0.0,0.0,0.0,0.0,0.0,0.0,0.0,0.40261095991073714,0.0
6503.331471420782,108.38885785701304,替浆泥浆(快),0.0,0.0,0.0,0.0,0.0,0.0,0.0,0.0,0.0,0.0,0.0,0.4015591856690094,0.0
6505.382701393759,108.42304502322932,替浆泥浆(快),0.0,0.0,0.0,0.0,0.0,0.0,0.0,0.0,0.0,0.0,0.0,0.4005084184389376,0.0
6507.433931366736,108.4572321894456,替浆泥浆(快),0.0,0.0,0.0,0.0,0.0,0.0,0.0,0.0,0.0,0.0,0.0,0.3994587300185299,0.0
6509.485161339713,108.49141935566189,替浆泥浆(快),0.0,0.0,0.0,0.0,0.0,0.0,0.0,0.0,0.0,0.0,0.0,0.398410195326107,0.0
6511.53639131269,108.52560652187817,替浆泥浆(快),0.0,0.0,0.0,0.0,0.0,0.0,0.0,0.0,0.0,0.0,0.0,0.3973628923134115,0.0
6513.587621285667,108.55979368809446,替浆泥浆(快),0.0,0.0,0.0,0.0,0.0,0.0,0.0,0.0,0.0,0.0,0.0,0.39631690186333207,0.0
6515.6388512586445,108.59398085431074,替浆泥浆(快),0.0,0.0,0.0,0.0,0.0,0.0,0.0,0.0,0.0,0.0,0.0,0.39527230767235144,0.0
6517.690081231622,108.62816802052703,替浆泥浆(快),0.0,0.0,0.0,0.0,0.0,0.0,0.0,0.0,0.0,0.0,0.0,0.39422919611793195,0.0
6519.741311204599,108.66235518674331,替浆泥浆(快),0.0,0.0,0.0,0.0,0.0,0.0,0.0,0.0,0.0,0.0,0.0,0.3931876561111577,0.0
6521.792541177576,108.6965423529596,替浆泥浆(快),0.0,0.0,0.0,0.0,0.0,0.0,0.0,0.0,0.0,0.0,0.0,0.3921477789350591,0.0
6523.843771150553,108.73072951917588,替浆泥浆(快),0.0,0.0,0.0,0.0,0.0,0.0,0.0,0.0,0.0,0.0,0.0,0.3911096580691501,0.0
6525.89500112353,108.76491668539217,替浆泥浆(快),0.0,0.0,0.0,0.0,0.0,0.0,0.0,0.0,0.0,0.0,0.0,0.39007338900081096,0.0
6527.946231096507,108.79910385160845,替浆泥浆(快),0.0,0.0,0.0,0.0,0.0,0.0,0.0,0.0,0.0,0.0,0.0,0.38903906902425406,0.0
6529.997461069484,108.83329101782473,替浆泥浆(快),0.0,0.0,0.0,0.0,0.0,0.0,0.0,0.0,0.0,0.0,0.0,0.3880067970279009,0.0
6532.0486910424615,108.86747818404102,替浆泥浆(快),0.0,0.0,0.0,0.0,0.0,0.0,0.0,0.0,0.0,0.0,0.0,0.38697667327109786,0.0
6534.099921015439,108.90166535025732,替浆泥浆(快),0.0,0.0,0.0,0.0,0.0,0.0,0.0,0.0,0.0,0.0,0.0,0.38594879915117736,0.0
6536.151150988416,108.9358525164736,替浆泥浆(快),0.0,0.0,0.0,0.0,0.0,0.0,0.0,0.0,0.0,0.0,0.0,0.38492327696195616,0.0
6538.202380961393,108.97003968268989,替浆泥浆(快),0.0,0.0,0.0,0.0,0.0,0.0,0.0,0.0,0.0,0.0,0.0,0.383900209644831,0.0
6540.25361093437,109.00422684890617,替浆泥浆(快),0.0,0.0,0.0,0.0,0.0,0.0,0.0,0.0,0.0,0.0,0.0,0.3828797005336959,0.0
6542.304840907347,109.03841401512246,替浆泥浆(快),0.0,0.0,0.0,0.0,0.0,0.0,0.0,0.0,0.0,0.0,0.0,0.38186185309495974,0.0
6544.356070880324,109.07260118133874,替浆泥浆(快),0.0,0.0,0.0,0.0,0.0,0.0,0.0,0.0,0.0,0.0,0.0,0.38084677066398703,0.0
6546.407300853301,109.10678834755502,替浆泥浆(快),0.0,0.0,0.0,0.0,0.0,0.0,0.0,0.0,0.0,0.0,0.0,0.3798345561793184,0.0
6548.458530826279,109.14097551377131,替浆泥浆(快),0.0,0.0,0.0,0.0,0.0,0.0,0.0,0.0,0.0,0.0,0.0,0.37882531191605073,0.0
6550.509760799256,109.1751626799876,替浆泥浆(快),0.0,0.0,0.0,0.0,0.0,0.0,0.0,0.0,0.0,0.0,0.0,0.37781913921976995,0.0
6552.560990772233,109.20934984620388,替浆泥浆(快),0.0,0.0,0.0,0.0,0.0,0.0,0.0,0.0,0.0,0.0,0.0,0.37681613824242877,0.0
6554.61222074521,109.24353701242016,替浆泥浆(快),0.0,0.0,0.0,0.0,0.0,0.0,0.0,0.0,0.0,0.0,0.0,0.3758164076815543,0.0
6556.663450718187,109.27772417863645,替浆泥浆(快),0.0,0.0,0.0,0.0,0.0,0.0,0.0,0.0,0.0,0.0,0.0,0.3748200445241477,0.0
6558.714680691164,109.31191134485273,替浆泥浆(快),0.0,0.0,0.0,0.0,0.0,0.0,0.0,0.0,0.0,0.0,0.0,0.37382714379660636,0.0
6560.765910664141,109.34609851106902,替浆泥浆(快),0.0,0.0,0.0,0.0,0.0,0.0,0.0,0.0,0.0,0.0,0.0,0.37283779832195835,0.0
6562.817140637118,109.3802856772853,替浆泥浆(快),0.0,0.0,0.0,0.0,0.0,0.0,0.0,0.0,0.0,0.0,0.0,0.37185209848564343,0.0
6564.868370610096,109.4144728435016,替浆泥浆(快),0.0,0.0,0.0,0.0,0.0,0.0,0.0,0.0,0.0,0.0,0.0,0.37087013201101676,0.0
6566.919600583073,109.44866000971788,替浆泥浆(快),0.0,0.0,0.0,0.0,0.0,0.0,0.0,0.0,0.0,0.0,0.0,0.3698919837456788,0.0
6568.97083055605,109.48284717593417,替浆泥浆(快),0.0,0.0,0.0,0.0,0.0,0.0,0.0,0.0,0.0,0.0,0.0,0.3689177354596546,0.0
6571.022060529027,109.51703434215045,替浆泥浆(快),0.0,0.0,0.0,0.0,0.0,0.0,0.0,0.0,0.0,0.0,0.0,0.36794746565636427,0.0
6573.073290502004,109.55122150836674,替浆泥浆(快),0.0,0.0,0.0,0.0,0.0,0.0,0.0,0.0,0.0,0.0,0.0,0.3669812493972279,0.0
6575.124520474981,109.58540867458302,替浆泥浆(快),0.0,0.0,0.0,0.0,0.0,0.0,0.0,0.0,0.0,0.0,0.0,0.3660191581406565,0.0
6577.175750447958,109.6195958407993,替浆泥浆(快),0.0,0.0,0.0,0.0,0.0,0.0,0.0,0.0,0.0,0.0,0.0,0.3650612595960722,0.0
6579.226980420935,109.65378300701559,替浆泥浆(快),0.0,0.0,0.0,0.0,0.0,0.0,0.0,0.0,0.0,0.0,0.0,0.36410761759350097,0.0
6581.278210393913,109.68797017323188,替浆泥浆(快),0.0,0.0,0.0,0.0,0.0,0.0,0.0,0.0,0.0,0.0,0.0,0.36315829196916827,0.0
6583.32944036689,109.72215733944816,替浆泥浆(快),0.0,0.0,0.0,0.0,0.0,0.0,0.0,0.0,0.0,0.0,0.0,0.36221333846742043,0.0
6585.380670339867,109.75634450566444,替浆泥浆(快),0.0,0.0,0.0,0.0,0.0,0.0,0.0,0.0,0.0,0.0,0.0,0.36127280865918626,0.0
6587.431900312844,109.79053167188073,替浆泥浆(快),0.0,0.0,0.0,0.0,0.0,0.0,0.0,0.0,0.0,0.0,0.0,0.3603367498770791,0.0
6589.483130285821,109.82471883809701,替浆泥浆(快),0.0,0.0,0.0,0.0,0.0,0.0,0.0,0.0,0.0,0.0,0.0,0.35940520516713986,0.0
6591.534360258798,109.8589060043133,替浆泥浆(快),0.0,0.0,0.0,0.0,0.0,0.0,0.0,0.0,0.0,0.0,0.0,0.3584782132571072,0.0
6593.585590231775,109.89309317052958,替浆泥浆(快),0.0,0.0,0.0,0.0,0.0,0.0,0.0,0.0,0.0,0.0,0.0,0.35755580854100816,0.0
6595.636820204752,109.92728033674588,替浆泥浆(快),0.0,0.0,0.0,0.0,0.0,0.0,0.0,0.0,0.0,0.0,0.0,0.3566380210797587,0.0
6597.68805017773,109.96146750296217,替浆泥浆(快),0.0,0.0,0.0,0.0,0.0,0.0,0.0,0.0,0.0,0.0,0.0,0.35572487661737584,0.0
6599.739280150707,109.99565466917845,替浆泥浆(快),0.0,0.0,0.0,0.0,0.0,0.0,0.0,0.0,0.0,0.0,0.0,0.35481639661231285,0.0
6601.790510123684,110.02984183539473,替浆泥浆(快),0.0,0.0,0.0,0.0,0.0,0.0,0.0,0.0,0.0,0.0,0.0,0.35391259828335325,0.0
6603.841740096661,110.06402900161102,替浆泥浆(快),0.0,0.0,0.0,0.0,0.0,0.0,0.0,0.0,0.0,0.0,0.0,0.35301349466942,0.0
6605.892970069638,110.0982161678273,替浆泥浆(快),0.0,0.0,0.0,0.0,0.0,0.0,0.0,0.0,0.0,0.0,0.0,0.3521190947025962,0.0
6607.944200042615,110.13240333404359,替浆泥浆(快),0.0,0.0,0.0,0.0,0.0,0.0,0.0,0.0,0.0,0.0,0.0,0.35122940329359004,0.0
6609.995430015592,110.16659050025987,替浆泥浆(快),0.0,0.0,0.0,0.0,0.0,0.0,0.0,0.0,0.0,0.0,0.0,0.35034442142882877,0.0
6612.046659988569,110.20077766647616,替浆泥浆(快),0.0,0.0,0.0,0.0,0.0,0.0,0.0,0.0,0.0,0.0,0.0,0.3494641462783227,0.0
6614.097889961547,110.23496483269244,替浆泥浆(快),0.0,0.0,0.0,0.0,0.0,0.0,0.0,0.0,0.0,0.0,0.0,0.34858857131340515,0.0
6616.149119934524,110.26915199890873,替浆泥浆(快),0.0,0.0,0.0,0.0,0.0,0.0,0.0,0.0,0.0,0.0,0.0,0.3477176864334271,0.0
6618.200349907501,110.30333916512501,替浆泥浆(快),0.0,0.0,0.0,0.0,0.0,0.0,0.0,0.0,0.0,0.0,0.0,0.3468514781004676,0.0
6620.251579880478,110.3375263313413,替浆泥浆(快),0.0,0.0,0.0,0.0,0.0,0.0,0.0,0.0,0.0,0.0,0.0,0.3459899294811085,0.0
6622.302809853455,110.37171349755758,替浆泥浆(快),0.0,0.0,0.0,0.0,0.0,0.0,0.0,0.0,0.0,0.0,0.0,0.3451330205943176,0.0
6624.354039826432,110.40590066377386,替浆泥浆(快),0.0,0.0,0.0,0.0,0.0,0.0,0.0,0.0,0.0,0.0,0.0,0.34428072846449126,0.0
6626.405269799409,110.44008782999016,替浆泥浆(快),0.0,0.0,0.0,0.0,0.0,0.0,0.0,0.0,0.0,0.0,0.0,0.3434330272787128,0.0
6628.456499772386,110.47427499620645,替浆泥浆(快),0.0,0.0,0.0,0.0,0.0,0.0,0.0,0.0,0.0,0.0,0.0,0.34258988854730343,0.0
6630.507729745364,110.50846216242273,替浆泥浆(快),0.0,0.0,0.0,0.0,0.0,0.0,0.0,0.0,0.0,0.0,0.0,0.3417512812667638,0.0
6632.558959718341,110.54264932863902,替浆泥浆(快),0.0,0.0,0.0,0.0,0.0,0.0,0.0,0.0,0.0,0.0,0.0,0.3409171720842321,0.0
6634.610189691318,110.5768364948553,替浆泥浆(快),0.0,0.0,0.0,0.0,0.0,0.0,0.0,0.0,0.0,0.0,0.0,0.3400875254626166,0.0
6636.661419664295,110.61102366107158,替浆泥浆(快),0.0,0.0,0.0,0.0,0.0,0.0,0.0,0.0,0.0,0.0,0.0,0.33926230384560213,0.0
6638.712649637272,110.64521082728787,替浆泥浆(快),0.0,0.0,0.0,0.0,0.0,0.0,0.0,0.0,0.0,0.0,0.0,0.33844146782176504,0.0
6640.763879610249,110.67939799350415,替浆泥浆(快),0.0,0.0,0.0,0.0,0.0,0.0,0.0,0.0,0.0,0.0,0.0,0.3376249762870815,0.0
6642.815109583226,110.71358515972044,替浆泥浆(快),0.0,0.0,0.0,0.0,0.0,0.0,0.0,0.0,0.0,0.0,0.0,0.33681278660515657,0.0
6644.8663395562035,110.74777232593672,替浆泥浆(快),0.0,0.0,0.0,0.0,0.0,0.0,0.0,0.0,0.0,0.0,0.0,0.33600485476455505,0.0
6646.917569529181,110.781959492153,替浆泥浆(快),0.0,0.0,0.0,0.0,0.0,0.0,0.0,0.0,0.0,0.0,0.0,0.3352011355326636,0.0
6648.968799502158,110.81614665836929,替浆泥浆(快),0.0,0.0,0.0,0.0,0.0,0.0,0.0,0.0,0.0,0.0,0.0,0.3344015826055657,0.0
6651.020029475135,110.85033382458558,替浆泥浆(快),0.0,0.0,0.0,0.0,0.0,0.0,0.0,0.0,0.0,0.0,0.0,0.3336061487534661,0.0
6653.071259448112,110.88452099080186,替浆泥浆(快),0.0,0.0,0.0,0.0,0.0,0.0,0.0,0.0,0.0,0.0,0.0,0.33281478596125164,0.0
6655.122489421089,110.91870815701814,替浆泥浆(快),0.0,0.0,0.0,0.0,0.0,0.0,0.0,0.0,0.0,0.0,0.0,0.33202744556383035,0.0
6657.173719394066,110.95289532323444,替浆泥浆(快),0.0,0.0,0.0,0.0,0.0,0.0,0.0,0.0,0.0,0.0,0.0,0.3312440783759407,0.0
6659.224949367043,110.98708248945073,替浆泥浆(快),0.0,0.0,0.0,0.0,0.0,0.0,0.0,0.0,0.0,0.0,0.0,0.33046463481617455,0.0
6661.2761793400205,111.02126965566701,替浆泥浆(快),0.0,0.0,0.0,0.0,0.0,0.0,0.0,0.0,0.0,0.0,0.0,0.3296890650250075,0.0
6663.327409312998,111.0554568218833,替浆泥浆(快),0.0,0.0,0.0,0.0,0.0,0.0,0.0,0.0,0.0,0.0,0.0,0.3289173189766754,0.0
6665.378639285975,111.08964398809958,替浆泥浆(快),0.0,0.0,0.0,0.0,0.0,0.0,0.0,0.0,0.0,0.0,0.0,0.3281493465847855,0.0
6667.429869258952,111.12383115431587,替浆泥浆(快),0.0,0.0,0.0,0.0,0.0,0.0,0.0,0.0,0.0,0.0,0.0,0.32738509780158753,0.0
6669.481099231929,111.15801832053215,替浆泥浆(快),0.0,0.0,0.0,0.0,0.0,0.0,0.0,0.0,0.0,0.0,0.0,0.3266245227108789,0.0
6671.532329204906,111.19220548674843,替浆泥浆(快),0.0,0.0,0.0,0.0,0.0,0.0,0.0,0.0,0.0,0.0,0.0,0.32586757161454905,0.0
6673.583559177883,111.22639265296472,替浆泥浆(快),0.0,0.0,0.0,0.0,0.0,0.0,0.0,0.0,0.0,0.0,0.0,0.32511419511280776,0.0
6675.63478915086,111.260579819181,替浆泥浆(快),0.0,0.0,0.0,0.0,0.0,0.0,0.0,0.0,0.0,0.0,0.0,0.3243643441781736,0.0
6677.6860191238375,111.29476698539729,替浆泥浆(快),0.0,0.0,0.0,0.0,0.0,0.0,0.0,0.0,0.0,0.0,0.0,0.3236179702233273,0.0
6679.737249096815,111.32895415161357,替浆泥浆(快),0.0,0.0,0.0,0.0,0.0,0.0,0.0,0.0,0.0,0.0,0.0,0.32287502516296435,0.0
6681.788479069792,111.36314131782986,替浆泥浆(快),0.0,0.0,0.0,0.0,0.0,0.0,0.0,0.0,0.0,0.0,0.0,0.322135461469802,0.0
6683.839709042769,111.39732848404614,替浆泥浆(快),0.0,0.0,0.0,0.0,0.0,0.0,0.0,0.0,0.0,0.0,0.0,0.3213992322249184,0.0
6685.890939015746,111.43151565026243,替浆泥浆(快),0.0,0.0,0.0,0.0,0.0,0.0,0.0,0.0,0.0,0.0,0.0,0.32066629116262085,0.0
6687.942168988723,111.46570281647872,替浆泥浆(快),0.0,0.0,0.0,0.0,0.0,0.0,0.0,0.0,0.0,0.0,0.0,0.3199365927100528,0.0
6689.9933989617,111.49988998269501,替浆泥浆(快),0.0,0.0,0.0,0.0,0.0,0.0,0.0,0.0,0.0,0.0,0.0,0.31921009202176504,0.0
6692.044628934677,111.5340771489113,替浆泥浆(快),0.0,0.0,0.0,0.0,0.0,0.0,0.0,0.0,0.0,0.0,0.0,0.3184867450094848,0.0
6694.0958589076545,111.56826431512758,替浆泥浆(快),0.0,0.0,0.0,0.0,0.0,0.0,0.0,0.0,0.0,0.0,0.0,0.3177665083673258,0.0
6696.147088880632,111.60245148134386,替浆泥浆(快),0.0,0.0,0.0,0.0,0.0,0.0,0.0,0.0,0.0,0.0,0.0,0.3170493395926865,0.0
6698.198318853609,111.63663864756015,替浆泥浆(快),0.0,0.0,0.0,0.0,0.0,0.0,0.0,0.0,0.0,0.0,0.0,0.3163351970030898,0.0
6700.249548826586,111.67082581377643,替浆泥浆(快),0.0,0.0,0.0,0.0,0.0,0.0,0.0,0.0,0.0,0.0,0.0,0.31562403974921455,0.0
6702.300778799563,111.70501297999272,替浆泥浆(快),0.0,0.0,0.0,0.0,0.0,0.0,0.0,0.0,0.0,0.0,0.0,0.314915827824375,0.0
6704.35200877254,111.739200146209,替浆泥浆(快),0.0,0.0,0.0,0.0,0.0,0.0,0.0,0.0,0.0,0.0,0.0,0.31421052207069733,0.0
6706.403238745517,111.77338731242529,替浆泥浆(快),0.0,0.0,0.0,0.0,0.0,0.0,0.0,0.0,0.0,0.0,0.0,0.31350808418224124,0.0
6708.454468718494,111.80757447864157,替浆泥浆(快),0.0,0.0,0.0,0.0,0.0,0.0,0.0,0.0,0.0,0.0,0.0,0.31280847670530987,0.0
6710.5056986914715,111.84176164485785,替浆泥浆(快),0.0,0.0,0.0,0.0,0.0,0.0,0.0,0.0,0.0,0.0,0.0,0.3121116630361852,0.0
6712.556928664449,111.87594881107414,替浆泥浆(快),0.0,0.0,0.0,0.0,0.0,0.0,0.0,0.0,0.0,0.0,0.0,0.3114176074165188,0.0
6714.608158637426,111.91013597729042,替浆泥浆(快),0.0,0.0,0.0,0.0,0.0,0.0,0.0,0.0,0.0,0.0,0.0,0.31072627492660077,0.0
6716.659388610403,111.94432314350671,替浆泥浆(快),0.0,0.0,0.0,0.0,0.0,0.0,0.0,0.0,0.0,0.0,0.0,0.3100376314767197,0.0
6718.71061858338,111.978510309723,替浆泥浆(快),0.0,0.0,0.0,0.0,0.0,0.0,0.0,0.0,0.0,0.0,0.0,0.30935164379682,0.0
6720.761848556357,112.01269747593929,替浆泥浆(快),0.0,0.0,0.0,0.0,0.0,0.0,0.0,0.0,0.0,0.0,0.0,0.30866827942465014,0.0
6722.813078529334,112.04688464215558,替浆泥浆(快),0.0,0.0,0.0,0.0,0.0,0.0,0.0,0.0,0.0,0.0,0.0,0.30798750669258756,0.0
6724.864308502311,112.08107180837186,替浆泥浆(快),0.0,0.0,0.0,0.0,0.0,0.0,0.0,0.0,0.0,0.0,0.0,0.30730929471331564,0.0
6726.9155384752885,112.11525897458814,替浆泥浆(快),0.0,0.0,0.0,0.0,0.0,0.0,0.0,0.0,0.0,0.0,0.0,0.3066336133645163,0.0
6728.966768448266,112.14944614080443,替浆泥浆(快),0.0,0.0,0.0,0.0,0.0,0.0,0.0,0.0,0.0,0.0,0.0,0.30596043327273276,0.0
6731.017998421243,112.18363330702071,替浆泥浆(快),0.0,0.0,0.0,0.0,0.0,0.0,0.0,0.0,0.0,0.0,0.0,0.30528972579654673,0.0
6733.06922839422,112.217820473237,替浆泥浆(快),0.0,0.0,0.0,0.0,0.0,0.0,0.0,0.0,0.0,0.0,0.0,0.3046214630092028,0.0
6735.120458367197,112.25200763945328,替浆泥浆(快),0.0,0.0,0.0,0.0,0.0,0.0,0.0,0.0,0.0,0.0,0.0,0.3039556176808027,0.0
6737.171688340174,112.28619480566957,替浆泥浆(快),0.0,0.0,0.0,0.0,0.0,0.0,0.0,0.0,0.0,0.0,0.0,0.30329216326018493,0.0
6739.222918313151,112.32038197188585,替浆泥浆(快),0.0,0.0,0.0,0.0,0.0,0.0,0.0,0.0,0.0,0.0,0.0,0.3026310738565912,0.0
6741.274148286128,112.35456913810214,替浆泥浆(快),0.0,0.0,0.0,0.0,0.0,0.0,0.0,0.0,0.0,0.0,0.0,0.30197232422121617,0.0
6743.3253782591055,112.38875630431842,替浆泥浆(快),0.0,0.0,0.0,0.0,0.0,0.0,0.0,0.0,0.0,0.0,0.0,0.30131588972872403,0.0
6745.376608232083,112.4229434705347,替浆泥浆(快),0.0,0.0,0.0,0.0,0.0,0.0,0.0,0.0,0.0,0.0,0.0,0.30066174635881127,0.0
6747.42783820506,112.45713063675099,替浆泥浆(快),0.0,0.0,0.0,0.0,0.0,0.0,0.0,0.0,0.0,0.0,0.0,0.30000987067788276,0.0
6749.479068178037,112.49131780296729,替浆泥浆(快),0.0,0.0,0.0,0.0,0.0,0.0,0.0,0.0,0.0,0.0,0.0,0.29936023982090315,0.0
6751.530298151014,112.52550496918357,替浆泥浆(快),0.0,0.0,0.0,0.0,0.0,0.0,0.0,0.0,0.0,0.0,0.0,0.29871283147347694,0.0
6753.581528123991,112.55969213539986,替浆中置液,0.0,0.0,0.0,0.0,0.0,0.0,0.0,0.0,0.0,0.0,0.0,0.29806762385420543,0.0
6755.632758096968,112.59387930161614,替浆中置液,0.0,0.0,0.0,0.0,0.0,0.0,0.0,0.0,0.0,0.0,0.0,0.29742459569735963,0.0
6757.683988069945,112.62806646783243,替浆中置液,0.0,0.0,0.0,0.0,0.0,0.0,0.0,0.0,0.0,0.0,0.0,0.2967837262359053,0.0
6759.7352180429225,112.66225363404871,替浆中置液,0.0,0.0,0.0,0.0,0.0,0.0,0.0,0.0,0.0,0.0,0.0,0.2961449951849087,0.0
6761.7864480159,112.696440800265,替浆中置液,0.0,0.0,0.0,0.0,0.0,0.0,0.0,0.0,0.0,0.0,0.0,0.295508382725347,0.0
6763.837677988877,112.73062796648128,替浆中置液,0.0,0.0,0.0,0.0,0.0,0.0,0.0,0.0,0.0,0.0,0.0,0.2948738694883432,0.0
6765.888907961854,112.76481513269756,替浆中置液,0.0,0.0,0.0,0.0,0.0,0.0,0.0,0.0,0.0,0.0,0.0,0.29424143653984075,0.0
6767.940137934831,112.79900229891385,替浆中置液,0.0,0.0,0.0,0.0,0.0,0.0,0.0,0.0,0.0,0.0,0.0,0.29361106536572923,0.0
6769.991367907808,112.83318946513013,替浆中置液,0.0,0.0,0.0,0.0,0.0,0.0,0.0,0.0,0.0,0.0,0.0,0.2929827378574283,0.0
6772.042597880785,112.86737663134642,替浆中置液,0.0,0.0,0.0,0.0,0.0,0.0,0.0,0.0,0.0,0.0,0.0,0.29235643629793545,0.0
6774.093827853762,112.9015637975627,替浆中置液,0.0,0.0,0.0,0.0,0.0,0.0,0.0,0.0,0.0,0.0,0.0,0.2917321433483384,0.0
6776.1450578267395,112.93575096377899,替浆中置液,0.0,0.0,0.0,0.0,0.0,0.0,0.0,0.0,0.0,0.0,0.0,0.2911098420347932,0.0
6778.196287799717,112.96993812999527,替浆中置液,0.0,0.0,0.0,0.0,0.0,0.0,0.0,0.0,0.0,0.0,0.0,0.2904895157359625,0.0
6780.247517772694,113.00412529621157,替浆中置液,0.0,0.0,0.0,0.0,0.0,0.0,0.0,0.0,0.0,0.0,0.0,0.2898711481709118,0.0
6782.298747745671,113.03831246242785,替浆中置液,0.0,0.0,0.0,0.0,0.0,0.0,0.0,0.0,0.0,0.0,0.0,0.28925472338745556,0.0
6784.349977718648,113.07249962864414,替浆中置液,0.0,0.0,0.0,0.0,0.0,0.0,0.0,0.0,0.0,0.0,0.0,0.28864022575094567,0.0
6786.401207691625,113.10668679486042,替浆中置液,0.0,0.0,0.0,0.0,0.0,0.0,0.0,0.0,0.0,0.0,0.0,0.28802763993349334,0.0
6788.452437664602,113.14087396107671,替浆中置液,0.0,0.0,0.0,0.0,0.0,0.0,0.0,0.0,0.0,0.0,0.0,0.2874169509036144,0.0
6790.503667637579,113.17506112729299,替浆中置液,0.0,0.0,0.0,0.0,0.0,0.0,0.0,0.0,0.0,0.0,0.0,0.2868081439162856,0.0
6792.5548976105565,113.20924829350928,替浆中置液,0.0,0.0,0.0,0.0,0.0,0.0,0.0,0.0,0.0,0.0,0.0,0.2862012045034029,0.0
6794.606127583534,113.24343545972556,替浆中置液,0.0,0.0,0.0,0.0,0.0,0.0,0.0,0.0,0.0,0.0,0.0,0.2855961184646263,0.0
6796.657357556511,113.27762262594185,替浆中置液,0.0,0.0,0.0,0.0,0.0,0.0,0.0,0.0,0.0,0.0,0.0,0.28499287185860184,0.0
6798.708587529488,113.31180979215813,替浆中置液,0.0,0.0,0.0,0.0,0.0,0.0,0.0,0.0,0.0,0.0,0.0,0.2843914509945454,0.0
6800.759817502465,113.34599695837441,替浆中置液,0.0,0.0,0.0,0.0,0.0,0.0,0.0,0.0,0.0,0.0,0.0,0.28379184242417677,0.0
6802.811047475442,113.3801841245907,替浆中置液,0.0,0.0,0.0,0.0,0.0,0.0,0.0,0.0,0.0,0.0,0.0,0.2831940329339906,0.0
6804.862277448419,113.41437129080698,替浆中置液,0.0,0.0,0.0,0.0,0.0,0.0,0.0,0.0,0.0,0.0,0.0,0.2825980095378507,0.0
6806.913507421396,113.44855845702327,替浆中置液,0.0,0.0,0.0,0.0,0.0,0.0,0.0,0.0,0.0,0.0,0.0,0.2820037594698959,0.0
6808.9647373943735,113.48274562323955,替浆中置液,0.0,0.0,0.0,0.0,0.0,0.0,0.0,0.0,0.0,0.0,0.0,0.28141127017774364,0.0
6811.015967367351,113.51693278945585,替浆中置液,0.0,0.0,0.0,0.0,0.0,0.0,0.0,0.0,0.0,0.0,0.0,0.280820529315979,0.0
6813.067197340328,113.55111995567214,替浆中置液,0.0,0.0,0.0,0.0,0.0,0.0,0.0,0.0,0.0,0.0,0.0,0.2802315247399176,0.0
6815.118427313305,113.58530712188842,替浆中置液,0.0,0.0,0.0,0.0,0.0,0.0,0.0,0.0,0.0,0.0,0.0,0.2796442444996293,0.0
6817.169657286282,113.6194942881047,替浆中置液,0.0,0.0,0.0,0.0,0.0,0.0,0.0,0.0,0.0,0.0,0.0,0.27905867683421215,0.0
6819.220887259259,113.65368145432099,替浆中置液,0.0,0.0,0.0,0.0,0.0,0.0,0.0,0.0,0.0,0.0,0.0,0.2784748101663041,0.0
6821.272117232236,113.68786862053727,替浆中置液,0.0,0.0,0.0,0.0,0.0,0.0,0.0,0.0,0.0,0.0,0.0,0.27789263309682266,0.0
6823.323347205213,113.72205578675356,替浆中置液,0.0,0.0,0.0,0.0,0.0,0.0,0.0,0.0,0.0,0.0,0.0,0.27731213439992125,0.0
6825.3745771781905,113.75624295296984,替浆中置液,0.0,0.0,0.0,0.0,0.0,0.0,0.0,0.0,0.0,0.0,0.0,0.2767333030181524,0.0
6827.425807151168,113.79043011918613,替浆中置液,0.0,0.0,0.0,0.0,0.0,0.0,0.0,0.0,0.0,0.0,0.0,0.27615612805782785,0.0
6829.477037124145,113.82461728540241,替浆中置液,0.0,0.0,0.0,0.0,0.0,0.0,0.0,0.0,0.0,0.0,0.0,0.27558059878456614,0.0
6831.528267097122,113.8588044516187,替浆中置液,0.0,0.0,0.0,0.0,0.0,0.0,0.0,0.0,0.0,0.0,0.0,0.27500670461901894,0.0
6833.579497070099,113.89299161783498,替浆中置液,0.0,0.0,0.0,0.0,0.0,0.0,0.0,0.0,0.0,0.0,0.0,0.27443443513276744,0.0
6835.630727043076,113.92717878405126,替浆中置液,0.0,0.0,0.0,0.0,0.0,0.0,0.0,0.0,0.0,0.0,0.0,0.27386378004438083,0.0
6837.681957016053,113.96136595026755,替浆中置液,0.0,0.0,0.0,0.0,0.0,0.0,0.0,0.0,0.0,0.0,0.0,0.27329472921562814,0.0
6839.73318698903,113.99555311648383,替浆中置液,0.0,0.0,0.0,0.0,0.0,0.0,0.0,0.0,0.0,0.0,0.0,0.27272727264783725,0.0
6841.7844169620075,114.02974028270013,替浆中置液,0.0,0.0,0.0,0.0,0.0,0.0,0.0,0.0,0.0,0.0,0.0,0.2721614004783932,0.0
6843.835646934985,114.06392744891642,替浆中置液,0.0,0.0,0.0,0.0,0.0,0.0,0.0,0.0,0.0,0.0,0.0,0.2715971029773696,0.0
6845.886876907962,114.0981146151327,替浆中置液,0.0,0.0,0.0,0.0,0.0,0.0,0.0,0.0,0.0,0.0,0.0,0.27103437054428575,0.0
6847.938106880939,114.13230178134899,替浆中置液,0.0,0.0,0.0,0.0,0.0,0.0,0.0,0.0,0.0,0.0,0.0,0.27047319370498474,0.0
6849.989336853916,114.16648894756527,替浆中置液,0.0,0.0,0.0,0.0,0.0,0.0,0.0,0.0,0.0,0.0,0.0,0.2699135631086256,0.0
6852.040566826893,114.20067611378155,替浆中置液,0.0,0.0,0.0,0.0,0.0,0.0,0.0,0.0,0.0,0.0,0.0,0.26935546952478495,0.0
6854.09179679987,114.23486327999784,替浆中置液,0.0,0.0,0.0,0.0,0.0,0.0,0.0,0.0,0.0,0.0,0.0,0.2687989038406623,0.0
6856.143026772847,114.26905044621412,替浆中置液,0.0,0.0,0.0,0.0,0.0,0.0,0.0,0.0,0.0,0.0,0.0,0.2682438570583845,0.0
6858.1942567458245,114.30323761243041,替浆中置液,0.0,0.0,0.0,0.0,0.0,0.0,0.0,0.0,0.0,0.0,0.0,0.2676903202924044,0.0
6860.245486718802,114.33742477864669,替浆中置液,0.0,0.0,0.0,0.0,0.0,0.0,0.0,0.0,0.0,0.0,0.0,0.26713828476699,0.0
6862.296716691779,114.37161194486298,替浆中置液,0.0,0.0,0.0,0.0,0.0,0.0,0.0,0.0,0.0,0.0,0.0,0.2665877418137985,0.0
6864.347946664756,114.40579911107926,替浆中置液,0.0,0.0,0.0,0.0,0.0,0.0,0.0,0.0,0.0,0.0,0.0,0.2660386828695332,0.0
6866.399176637733,114.43998627729555,替浆中置液,0.0,0.0,0.0,0.0,0.0,0.0,0.0,0.0,0.0,0.0,0.0,0.2654910994736782,0.0
6868.45040661071,114.47417344351183,替浆中置液,0.0,0.0,0.0,0.0,0.0,0.0,0.0,0.0,0.0,0.0,0.0,0.26494498326630783,0.0
6870.501636583687,114.50836060972811,替浆中置液,0.0,0.0,0.0,0.0,0.0,0.0,0.0,0.0,0.0,0.0,0.0,0.26440032598596697,0.0
6872.552866556664,114.54254777594441,替浆中置液,0.0,0.0,0.0,0.0,0.0,0.0,0.0,0.0,0.0,0.0,0.0,0.26385711946762075,0.0
6874.6040965296415,114.5767349421607,替浆中置液,0.0,0.0,0.0,0.0,0.0,0.0,0.0,0.0,0.0,0.0,0.0,0.2633153556406676,0.0
6876.655326502619,114.61092210837698,替浆中置液,0.0,0.0,0.0,0.0,0.0,0.0,0.0,0.0,0.0,0.0,0.0,0.2627750265270169,0.0
6878.706556475596,114.64510927459327,替浆中置液,0.0,0.0,0.0,0.0,0.0,0.0,0.0,0.0,0.0,0.0,0.0,0.2622361242392244,0.0
6880.757786448573,114.67929644080955,替浆中置液,0.0,0.0,0.0,0.0,0.0,0.0,0.0,0.0,0.0,0.0,0.0,0.2616986409786858,0.0
6882.80901642155,114.71348360702584,替浆中置液,0.0,0.0,0.0,0.0,0.0,0.0,0.0,0.0,0.0,0.0,0.0,0.2611625690338854,0.0
6884.860246394527,114.74767077324212,替浆中置液,0.0,0.0,0.0,0.0,0.0,0.0,0.0,0.0,0.0,0.0,0.0,0.2606279007786963,0.0
6886.911476367504,114.7818579394584,替浆中置液,0.0,0.0,0.0,0.0,0.0,0.0,0.0,0.0,0.0,0.0,0.0,0.26009462867073174,0.0
6888.962706340481,114.81604510567469,替浆中置液,0.0,0.0,0.0,0.0,0.0,0.0,0.0,0.0,0.0,0.0,0.0,0.2595627452497446,0.0
6891.0139363134585,114.85023227189097,替浆中置液,0.0,0.0,0.0,0.0,0.0,0.0,0.0,0.0,0.0,0.0,0.0,0.2590322431360731,0.0
6893.065166286436,114.88441943810726,替浆中置液,0.0,0.0,0.0,0.0,0.0,0.0,0.0,0.0,0.0,0.0,0.0,0.2585031150291312,0.0
6895.116396259413,114.91860660432354,替浆中置液,0.0,0.0,0.0,0.0,0.0,0.0,0.0,0.0,0.0,0.0,0.0,0.2579753537059418,0.0
6897.16762623239,114.95279377053983,替浆中置液,0.0,0.0,0.0,0.0,0.0,0.0,0.0,0.0,0.0,0.0,0.0,0.2574489520197116,0.0
6899.218856205367,114.98698093675611,替浆中置液,0.0,0.0,0.0,0.0,0.0,0.0,0.0,0.0,0.0,0.0,0.0,0.2569239028984441,0.0
6901.270086178344,115.0211681029724,替浆中置液,0.0,0.0,0.0,0.0,0.0,0.0,0.0,0.0,0.0,0.0,0.0,0.2564001993435924,0.0
6903.321316151321,115.0553552691887,替浆中置液,0.0,0.0,0.0,0.0,0.0,0.0,0.0,0.0,0.0,0.0,0.0,0.25587783442874795,0.0
6905.372546124298,115.08954243540498,替浆中置液,0.0,0.0,0.0,0.0,0.0,0.0,0.0,0.0,0.0,0.0,0.0,0.2553568012983641,0.0
6907.423776097276,115.12372960162126,替浆中置液,0.0,0.0,0.0,0.0,0.0,0.0,0.0,0.0,0.0,0.0,0.0,0.2548370931665143,0.0
6909.475006070253,115.15791676783755,替浆中置液,0.0,0.0,0.0,0.0,0.0,0.0,0.0,0.0,0.0,0.0,0.0,0.25431870331568357,0.0
6911.52623604323,115.19210393405383,替浆中置液,0.0,0.0,0.0,0.0,0.0,0.0,0.0,0.0,0.0,0.0,0.0,0.25380162509559007,0.0
6913.577466016207,115.22629110027012,替浆中置液,0.0,0.0,0.0,0.0,0.0,0.0,0.0,0.0,0.0,0.0,0.0,0.2532858519220386,0.0
6915.628695989184,115.2604782664864,替浆中置液,0.0,0.0,0.0,0.0,0.0,0.0,0.0,0.0,0.0,0.0,0.0,0.252771377275803,0.0
6917.679925962161,115.29466543270269,替浆中置液,0.0,0.0,0.0,0.0,0.0,0.0,0.0,0.0,0.0,0.0,0.0,0.2522581947015372,0.0
6919.731155935138,115.32885259891897,替浆中置液,0.0,0.0,0.0,0.0,0.0,0.0,0.0,0.0,0.0,0.0,0.0,0.2517462978067129,0.0
6921.782385908115,115.36303976513526,替浆中置液,0.0,0.0,0.0,0.0,0.0,0.0,0.0,0.0,0.0,0.0,0.0,0.25123568026058535,0.0
6923.833615881093,115.39722693135154,替浆中置液,0.0,0.0,0.0,0.0,0.0,0.0,0.0,0.0,0.0,0.0,0.0,0.2507263357931828,0.0
6925.88484585407,115.43141409756782,替浆中置液,0.0,0.0,0.0,0.0,0.0,0.0,0.0,0.0,0.0,0.0,0.0,0.250218258194323,0.0
6927.936075827047,115.46560126378411,替浆中置液,0.0,0.0,0.0,0.0,0.0,0.0,0.0,0.0,0.0,0.0,0.0,0.2497114413126512,0.0
6929.987305800024,115.4997884300004,替浆中置液,0.0,0.0,0.0,0.0,0.0,0.0,0.0,0.0,0.0,0.0,0.0,0.24920587905470393,0.0
6932.038535773001,115.53397559621668,替浆中置液,0.0,0.0,0.0,0.0,0.0,0.0,0.0,0.0,0.0,0.0,0.0,0.24870156538399296,0.0
6934.089765745978,115.56816276243298,替浆中置液,0.0,0.0,0.0,0.0,0.0,0.0,0.0,0.0,0.0,0.0,0.0,0.24819849432011246,0.0
6936.140995718955,115.60234992864926,替浆中置液,0.0,0.0,0.0,0.0,0.0,0.0,0.0,0.0,0.0,0.0,0.0,0.24769665993786685,0.0
6938.192225691932,115.63653709486555,替浆中置液,0.0,0.0,0.0,0.0,0.0,0.0,0.0,0.0,0.0,0.0,0.0,0.24719605636641873,0.0
6940.24345566491,115.67072426108183,替浆中置液,0.0,0.0,0.0,0.0,0.0,0.0,0.0,0.0,0.0,0.0,0.0,0.24669667778845725,0.0
6942.294685637887,115.70491142729811,替浆中置液,0.0,0.0,0.0,0.0,0.0,0.0,0.0,0.0,0.0,0.0,0.0,0.24619851843938503,0.0
6944.345915610864,115.7390985935144,替浆中置液,0.0,0.0,0.0,0.0,0.0,0.0,0.0,0.0,0.0,0.0,0.0,0.24570157260652414,0.0
6946.397145583841,115.77328575973068,替浆中置液,0.0,0.0,0.0,0.0,0.0,0.0,0.0,0.0,0.0,0.0,0.0,0.24520583462833984,0.0
6948.448375556818,115.80747292594697,替浆中置液,0.0,0.0,0.0,0.0,0.0,0.0,0.0,0.0,0.0,0.0,0.0,0.24471129889368204,0.0
6950.499605529795,115.84166009216325,替浆中置液,0.0,0.0,0.0,0.0,0.0,0.0,0.0,0.0,0.0,0.0,0.0,0.24421795984104402,0.0
6952.550835502772,115.87584725837954,替浆中置液,0.0,0.0,0.0,0.0,0.0,0.0,0.0,0.0,0.0,0.0,0.0,0.24372581195783663,0.0
6954.602065475749,115.91003442459582,替浆中置液,0.0,0.0,0.0,0.0,0.0,0.0,0.0,0.0,0.0,0.0,0.0,0.24323484977968027,0.0
6956.653295448727,115.9442215908121,替浆中置液,0.0,0.0,0.0,0.0,0.0,0.0,0.0,0.0,0.0,0.0,0.0,0.24274506788971076,0.0
6958.704525421704,115.97840875702839,替浆中置液,0.0,0.0,0.0,0.0,0.0,0.0,0.0,0.0,0.0,0.0,0.0,0.24225646091790132,0.0
6960.755755394681,116.01259592324467,替浆中置液,0.0,0.0,0.0,0.0,0.0,0.0,0.0,0.0,0.0,0.0,0.0,0.24176902354039922,0.0
6962.806985367658,116.04678308946096,替浆中置液,0.0,0.0,0.0,0.0,0.0,0.0,0.0,0.0,0.0,0.0,0.0,0.24128275047887637,0.0
6964.858215340635,116.08097025567726,替浆中置液,0.0,0.0,0.0,0.0,0.0,0.0,0.0,0.0,0.0,0.0,0.0,0.24079763649989444,0.0
6966.909445313612,116.11515742189354,替浆中置液,0.0,0.0,0.0,0.0,0.0,0.0,0.0,0.0,0.0,0.0,0.0,0.24031367641428283,0.0
6968.960675286589,116.14934458810983,替浆中置液,0.0,0.0,0.0,0.0,0.0,0.0,0.0,0.0,0.0,0.0,0.0,0.2398308650765307,0.0
6971.011905259566,116.18353175432611,替浆中置液,0.0,0.0,0.0,0.0,0.0,0.0,0.0,0.0,0.0,0.0,0.0,0.23934919738419094,0.0
6973.063135232544,116.2177189205424,替浆中置液,0.0,0.0,0.0,0.0,0.0,0.0,0.0,0.0,0.0,0.0,0.0,0.23886866827729747,0.0
6975.114365205521,116.25190608675868,替浆中置液,0.0,0.0,0.0,0.0,0.0,0.0,0.0,0.0,0.0,0.0,0.0,0.2383892727377941,0.0
6977.165595178498,116.28609325297496,替浆中置液,0.0,0.0,0.0,0.0,0.0,0.0,0.0,0.0,0.0,0.0,0.0,0.23791100578897587,0.0
6979.216825151475,116.32028041919125,替浆中置液,0.0,0.0,0.0,0.0,0.0,0.0,0.0,0.0,0.0,0.0,0.0,0.23743386249494175,0.0
6981.268055124452,116.35446758540753,替浆中置液,0.0,0.0,0.0,0.0,0.0,0.0,0.0,0.0,0.0,0.0,0.0,0.23695783796005798,0.0
6983.319285097429,116.38865475162382,替浆中置液,0.0,0.0,0.0,0.0,0.0,0.0,0.0,0.0,0.0,0.0,0.0,0.23648292732843365,0.0
6985.370515070406,116.4228419178401,替浆中置液,0.0,0.0,0.0,0.0,0.0,0.0,0.0,0.0,0.0,0.0,0.0,0.23600912578340602,0.0
6987.421745043383,116.45702908405639,替浆中置液,0.0,0.0,0.0,0.0,0.0,0.0,0.0,0.0,0.0,0.0,0.0,0.23553642854703666,0.0
6989.472975016361,116.49121625027267,替浆中置液,0.0,0.0,0.0,0.0,0.0,0.0,0.0,0.0,0.0,0.0,0.0,0.23506483087961824,0.0
6991.524204989338,116.52540341648896,替浆中置液,0.0,0.0,0.0,0.0,0.0,0.0,0.0,0.0,0.0,0.0,0.0,0.23459432807919012,0.0
6993.575434962315,116.55959058270524,替浆中置液,0.0,0.0,0.0,0.0,0.0,0.0,0.0,0.0,0.0,0.0,0.0,0.2341249154810651,0.0
6995.626664935292,116.59377774892154,替浆中置液,0.0,0.0,0.0,0.0,0.0,0.0,0.0,0.0,0.0,0.0,0.0,0.23365658845736453,0.0
6997.677894908269,116.62796491513782,替浆中置液,0.0,0.0,0.0,0.0,0.0,0.0,0.0,0.0,0.0,0.0,0.0,0.2331893424165637,0.0
6999.729124881246,116.66215208135411,替浆中置液,0.0,0.0,0.0,0.0,0.0,0.0,0.0,0.0,0.0,0.0,0.0,0.23272317280304505,0.0
7001.780354854223,116.69633924757039,替浆中置液,0.0,0.0,0.0,0.0,0.0,0.0,0.0,0.0,0.0,0.0,0.0,0.2322580750966616,0.0
7003.8315848272005,116.73052641378668,替浆中置液,0.0,0.0,0.0,0.0,0.0,0.0,0.0,0.0,0.0,0.0,0.0,0.23179404481230795,0.0
7005.882814800178,116.76471358000296,替浆中置液,0.0,0.0,0.0,0.0,0.0,0.0,0.0,0.0,0.0,0.0,0.0,0.23133107749950033,0.0
7007.934044773155,116.79890074621925,替浆中置液,0.0,0.0,0.0,0.0,0.0,0.0,0.0,0.0,0.0,0.0,0.0,0.23086916874196467,0.0
7009.985274746132,116.83308791243553,替浆中置液,0.0,0.0,0.0,0.0,0.0,0.0,0.0,0.0,0.0,0.0,0.0,0.23040831415723273,0.0
7012.036504719109,116.86727507865182,替浆中置液,0.0,0.0,0.0,0.0,0.0,0.0,0.0,0.0,0.0,0.0,0.0,0.22994850939624645,0.0
7014.087734692086,116.9014622448681,替浆中置液,0.0,0.0,0.0,0.0,0.0,0.0,0.0,0.0,0.0,0.0,0.0,0.22948975014296938,0.0
7016.138964665063,116.93564941108438,替浆中置液,0.0,0.0,0.0,0.0,0.0,0.0,0.0,0.0,0.0,0.0,0.0,0.2290320321140062,0.0
7018.19019463804,116.96983657730067,替浆中置液,0.0,0.0,0.0,0.0,0.0,0.0,0.0,0.0,0.0,0.0,0.0,0.22857535105822943,0.0
7020.2414246110175,117.00402374351695,替浆中置液,0.0,0.0,0.0,0.0,0.0,0.0,0.0,0.0,0.0,0.0,0.0,0.22811970275641344,0.0
7022.292654583995,117.03821090973324,替浆中置液,0.0,0.0,0.0,0.0,0.0,0.0,0.0,0.0,0.0,0.0,0.0,0.2276650830208751,0.0
7024.343884556972,117.07239807594952,替浆中置液,0.0,0.0,0.0,0.0,0.0,0.0,0.0,0.0,0.0,0.0,0.0,0.22721148769512187,0.0
7026.395114529949,117.10658524216582,替浆中置液,0.0,0.0,0.0,0.0,0.0,0.0,0.0,0.0,0.0,0.0,0.0,0.22675891265350648,0.0
7028.446344502926,117.1407724083821,替浆中置液,0.0,0.0,0.0,0.0,0.0,0.0,0.0,0.0,0.0,0.0,0.0,0.22630735380088768,0.0
7030.497574475903,117.17495957459839,替浆中置液,0.0,0.0,0.0,0.0,0.0,0.0,0.0,0.0,0.0,0.0,0.0,0.2258568070722985,0.0
7032.54880444888,117.20914674081467,替浆中置液,0.0,0.0,0.0,0.0,0.0,0.0,0.0,0.0,0.0,0.0,0.0,0.2254072684326196,0.0
7034.600034421857,117.24333390703096,替浆中置液,0.0,0.0,0.0,0.0,0.0,0.0,0.0,0.0,0.0,0.0,0.0,0.2249587338762597,0.0
7036.6512643948345,117.27752107324724,替浆中置液,0.0,0.0,0.0,0.0,0.0,0.0,0.0,0.0,0.0,0.0,0.0,0.22451119942684164,0.0
7038.702494367812,117.31170823946353,替浆中置液,0.0,0.0,0.0,0.0,0.0,0.0,0.0,0.0,0.0,0.0,0.0,0.2240646611368945,0.0
7040.753724340789,117.34589540567981,替浆中置液,0.0,0.0,0.0,0.0,0.0,0.0,0.0,0.0,0.0,0.0,0.0,0.22361911508755106,0.0
7042.804954313766,117.3800825718961,替浆中置液,0.0,0.0,0.0,0.0,0.0,0.0,0.0,0.0,0.0,0.0,0.0,0.22317455738825173,0.0
7044.856184286743,117.41426973811238,替浆中置液,0.0,0.0,0.0,0.0,0.0,0.0,0.0,0.0,0.0,0.0,0.0,0.22273098417645323,0.0
7046.90741425972,117.44845690432867,替浆中置液,0.0,0.0,0.0,0.0,0.0,0.0,0.0,0.0,0.0,0.0,0.0,0.22228839161734296,0.0
7048.958644232697,117.48264407054495,替浆中置液,0.0,0.0,0.0,0.0,0.0,0.0,0.0,0.0,0.0,0.0,0.0,0.22184677590355864,0.0
7051.009874205674,117.51683123676123,替浆中置液,0.0,0.0,0.0,0.0,0.0,0.0,0.0,0.0,0.0,0.0,0.0,0.22140613325491304,0.0
7053.0611041786515,117.55101840297752,替浆中置液,0.0,0.0,0.0,0.0,0.0,0.0,0.0,0.0,0.0,0.0,0.0,0.22096645991812397,0.0
7055.112334151629,117.5852055691938,替浆中置液,0.0,0.0,0.0,0.0,0.0,0.0,0.0,0.0,0.0,0.0,0.0,0.2205277521665489,0.0
7057.163564124606,117.6193927354101,替浆中置液,0.0,0.0,0.0,0.0,0.0,0.0,0.0,0.0,0.0,0.0,0.0,0.22009000629992448,0.0
7059.214794097583,117.65357990162639,替浆中置液,0.0,0.0,0.0,0.0,0.0,0.0,0.0,0.0,0.0,0.0,0.0,0.21965321864411072,0.0
7061.26602407056,117.68776706784267,替浆中置液,0.0,0.0,0.0,0.0,0.0,0.0,0.0,0.0,0.0,0.0,0.0,0.21921738555084022,0.0
7063.317254043537,117.72195423405896,替浆中置液,0.0,0.0,0.0,0.0,0.0,0.0,0.0,0.0,0.0,0.0,0.0,0.2187825033974709,0.0
7065.368484016514,117.75614140027524,替浆中置液,0.0,0.0,0.0,0.0,0.0,0.0,0.0,0.0,0.0,0.0,0.0,0.2183485685867444,0.0
7067.419713989491,117.79032856649152,替浆中置液,0.0,0.0,0.0,0.0,0.0,0.0,0.0,0.0,0.0,0.0,0.0,0.21791557754654728,0.0
7069.4709439624685,117.82451573270781,替浆中置液,0.0,0.0,0.0,0.0,0.0,0.0,0.0,0.0,0.0,0.0,0.0,0.21748352672967794,0.0
7071.522173935446,117.8587028989241,替浆中置液,0.0,0.0,0.0,0.0,0.0,0.0,0.0,0.0,0.0,0.0,0.0,0.21705241261361635,0.0
7073.573403908423,117.89289006514038,替浆中置液,0.0,0.0,0.0,0.0,0.0,0.0,0.0,0.0,0.0,0.0,0.0,0.21662223170029848,0.0
7075.6246338814,117.92707723135666,替浆中置液,0.0,0.0,0.0,0.0,0.0,0.0,0.0,0.0,0.0,0.0,0.0,0.21619298051589417,0.0
7077.675863854377,117.96126439757295,替浆中置液,0.0,0.0,0.0,0.0,0.0,0.0,0.0,0.0,0.0,0.0,0.0,0.2157646556105893,0.0
7079.727093827354,117.99545156378923,替浆中置液,0.0,0.0,0.0,0.0,0.0,0.0,0.0,0.0,0.0,0.0,0.0,0.21533725355837105,0.0
7081.778323800331,118.02963873000552,替浆中置液,0.0,0.0,0.0,0.0,0.0,0.0,0.0,0.0,0.0,0.0,0.0,0.2149107709568173,0.0
7083.829553773308,118.0638258962218,替浆中置液,0.0,0.0,0.0,0.0,0.0,0.0,0.0,0.0,0.0,0.0,0.0,0.21448520442688895,0.0
7085.8807837462855,118.09801306243808,替浆中置液,0.0,0.0,0.0,0.0,0.0,0.0,0.0,0.0,0.0,0.0,0.0,0.21406055061272633,0.0
7087.932013719263,118.13220022865438,替浆中置液,0.0,0.0,0.0,0.0,0.0,0.0,0.0,0.0,0.0,0.0,0.0,0.21363680618144817,0.0
7089.98324369224,118.16638739487067,替浆中置液,0.0,0.0,0.0,0.0,0.0,0.0,0.0,0.0,0.0,0.0,0.0,0.21321396782295465,0.0
7092.034473665217,118.20057456108695,替浆中置液,0.0,0.0,0.0,0.0,0.0,0.0,0.0,0.0,0.0,0.0,0.0,0.2127920322497327,0.0
7094.085703638194,118.23476172730324,替浆中置液,0.0,0.0,0.0,0.0,0.0,0.0,0.0,0.0,0.0,0.0,0.0,0.21237099619666513,0.0
7096.136933611171,118.26894889351952,替浆中置液,0.0,0.0,0.0,0.0,0.0,0.0,0.0,0.0,0.0,0.0,0.0,0.21195085642084227,0.0
7098.188163584148,118.3031360597358,替浆中置液,0.0,0.0,0.0,0.0,0.0,0.0,0.0,0.0,0.0,0.0,0.0,0.21153160970137674,0.0
7100.239393557125,118.33732322595209,替浆中置液,0.0,0.0,0.0,0.0,0.0,0.0,0.0,0.0,0.0,0.0,0.0,0.2111132528392207,0.0
7102.2906235301025,118.37151039216837,替浆中置液,0.0,0.0,0.0,0.0,0.0,0.0,0.0,0.0,0.0,0.0,0.0,0.21069578265698638,0.0
7104.34185350308,118.40569755838466,替浆中置液,0.0,0.0,0.0,0.0,0.0,0.0,0.0,0.0,0.0,0.0,0.0,0.21027919599876882,0.0
7106.393083476057,118.43988472460094,替浆中置液,0.0,0.0,0.0,0.0,0.0,0.0,0.0,0.0,0.0,0.0,0.0,0.2098634897299713,0.0
7108.444313449034,118.47407189081723,替浆中置液,0.0,0.0,0.0,0.0,0.0,0.0,0.0,0.0,0.0,0.0,0.0,0.20944866073713328,0.0
7110.495543422011,118.50825905703351,替浆中置液,0.0,0.0,0.0,0.0,0.0,0.0,0.0,0.0,0.0,0.0,0.0,0.20903470592776094,0.0
7112.546773394988,118.5424462232498,替浆中置液,0.0,0.0,0.0,0.0,0.0,0.0,0.0,0.0,0.0,0.0,0.0,0.20862162223015968,0.0
7114.598003367965,118.57663338946608,替浆中置液,0.0,0.0,0.0,0.0,0.0,0.0,0.0,0.0,0.0,0.0,0.0,0.20820940659326934,0.0
7116.649233340942,118.61082055568237,替浆中置液,0.0,0.0,0.0,0.0,0.0,0.0,0.0,0.0,0.0,0.0,0.0,0.20779805598650136,0.0
7118.7004633139195,118.64500772189866,替浆中置液,0.0,0.0,0.0,0.0,0.0,0.0,0.0,0.0,0.0,0.0,0.0,0.2073875673995781,0.0
7120.751693286897,118.67919488811495,替浆中置液,0.0,0.0,0.0,0.0,0.0,0.0,0.0,0.0,0.0,0.0,0.0,0.20697793784237428,0.0
7122.802923259874,118.71338205433123,替浆中置液,0.0,0.0,0.0,0.0,0.0,0.0,0.0,0.0,0.0,0.0,0.0,0.20656916434476075,0.0
7124.854153232851,118.74756922054752,替浆中置液,0.0,0.0,0.0,0.0,0.0,0.0,0.0,0.0,0.0,0.0,0.0,0.20616124395644939,0.0
7126.905383205828,118.7817563867638,替浆中置液,0.0,0.0,0.0,0.0,0.0,0.0,0.0,0.0,0.0,0.0,0.0,0.20575417374684085,0.0
7128.956613178805,118.81594355298009,替浆中置液,0.0,0.0,0.0,0.0,0.0,0.0,0.0,0.0,0.0,0.0,0.0,0.20534795080487342,0.0
7131.007843151782,118.85013071919637,替浆中置液,0.0,0.0,0.0,0.0,0.0,0.0,0.0,0.0,0.0,0.0,0.0,0.20494257223887388,0.0
7133.059073124759,118.88431788541266,替浆中置液,0.0,0.0,0.0,0.0,0.0,0.0,0.0,0.0,0.0,0.0,0.0,0.20453803517641045,0.0
7135.1103030977365,118.91850505162894,替浆中置液,0.0,0.0,0.0,0.0,0.0,0.0,0.0,0.0,0.0,0.0,0.0,0.20413433676414644,0.0
7137.161533070714,118.95269221784523,替浆中置液,0.0,0.0,0.0,0.0,0.0,0.0,0.0,0.0,0.0,0.0,0.0,0.20373147416769652,0.0
7139.212763043691,118.98687938406151,替浆中置液,0.0,0.0,0.0,0.0,0.0,0.0,0.0,0.0,0.0,0.0,0.0,0.20332944457148397,0.0
7141.263993016668,119.0210665502778,替浆中置液,0.0,0.0,0.0,0.0,0.0,0.0,0.0,0.0,0.0,0.0,0.0,0.20292824517859936,0.0
7143.315222989645,119.05525371649408,替浆中置液,0.0,0.0,0.0,0.0,0.0,0.0,0.0,0.0,0.0,0.0,0.0,0.20252787321066115,0.0
7145.366452962622,119.08944088271036,替浆中置液,0.0,0.0,0.0,0.0,0.0,0.0,0.0,0.0,0.0,0.0,0.0,0.20212832590767701,0.0
7147.417682935599,119.12362804892665,替浆中置液,0.0,0.0,0.0,0.0,0.0,0.0,0.0,0.0,0.0,0.0,0.0,0.20172960052790703,0.0
7149.468912908576,119.15781521514295,替浆中置液,0.0,0.0,0.0,0.0,0.0,0.0,0.0,0.0,0.0,0.0,0.0,0.20133169434772805,0.0
7151.5201428815535,119.19200238135923,替浆中置液,0.0,0.0,0.0,0.0,0.0,0.0,0.0,0.0,0.0,0.0,0.0,0.20093460466149904,0.0
7153.571372854531,119.22618954757552,替浆中置液,0.0,0.0,0.0,0.0,0.0,0.0,0.0,0.0,0.0,0.0,0.0,0.20053832878142802,0.0
7155.622602827508,119.2603767137918,替浆中置液,0.0,0.0,0.0,0.0,0.0,0.0,0.0,0.0,0.0,0.0,0.0,0.20014286403744,0.0
7157.673832800485,119.29456388000808,替浆中置液,0.0,0.0,0.0,0.0,0.0,0.0,0.0,0.0,0.0,0.0,0.0,0.19974820777704577,0.0
7159.725062773462,119.32875104622437,替浆中置液,0.0,0.0,0.0,0.0,0.0,0.0,0.0,0.0,0.0,0.0,0.0,0.19935435736521237,0.0
7161.776292746439,119.36293821244065,替浆中置液,0.0,0.0,0.0,0.0,0.0,0.0,0.0,0.0,0.0,0.0,0.0,0.1989613101842342,0.0
7163.827522719416,119.39712537865694,替浆中置液,0.0,0.0,0.0,0.0,0.0,0.0,0.0,0.0,0.0,0.0,0.0,0.198569063633605,0.0
7165.878752692393,119.43131254487322,替浆中置液,0.0,0.0,0.0,0.0,0.0,0.0,0.0,0.0,0.0,0.0,0.0,0.1981776151298914,0.0
7167.9299826653705,119.4654997110895,替浆中置液,0.0,0.0,0.0,0.0,0.0,0.0,0.0,0.0,0.0,0.0,0.0,0.19778696210660685,0.0
7169.981212638348,119.49968687730579,替浆中置液,0.0,0.0,0.0,0.0,0.0,0.0,0.0,0.0,0.0,0.0,0.0,0.1973971020140868,0.0
7172.032442611325,119.53387404352208,替浆中置液,0.0,0.0,0.0,0.0,0.0,0.0,0.0,0.0,0.0,0.0,0.0,0.1970080323193646,0.0
7174.083672584302,119.56806120973836,替浆中置液,0.0,0.0,0.0,0.0,0.0,0.0,0.0,0.0,0.0,0.0,0.0,0.1966197505060484,0.0
7176.134902557279,119.60224837595464,替浆中置液,0.0,0.0,0.0,0.0,0.0,0.0,0.0,0.0,0.0,0.0,0.0,0.19623225407419898,0.0
7178.186132530256,119.63643554217093,替浆中置液,0.0,0.0,0.0,0.0,0.0,0.0,0.0,0.0,0.0,0.0,0.0,0.195845540540208,0.0
7180.237362503233,119.67062270838723,替浆中置液,0.0,0.0,0.0,0.0,0.0,0.0,0.0,0.0,0.0,0.0,0.0,0.19545960743667762,0.0
7182.28859247621,119.70480987460351,替浆中置液,0.0,0.0,0.0,0.0,0.0,0.0,0.0,0.0,0.0,0.0,0.0,0.1950744523123004,0.0
7184.3398224491875,119.7389970408198,替浆中置液,0.0,0.0,0.0,0.0,0.0,0.0,0.0,0.0,0.0,0.0,0.0,0.19469007273174016,0.0
7186.391052422165,119.77318420703608,替浆中置液,0.0,0.0,0.0,0.0,0.0,0.0,0.0,0.0,0.0,0.0,0.0,0.19430646627551384,0.0
7188.442282395142,119.80737137325237,替浆中置液,0.0,0.0,0.0,0.0,0.0,0.0,0.0,0.0,0.0,0.0,0.0,0.19392363053987366,0.0
7190.493512368119,119.84155853946865,替浆中置液,0.0,0.0,0.0,0.0,0.0,0.0,0.0,0.0,0.0,0.0,0.0,0.1935415631366902,0.0
7192.544742341096,119.87574570568493,替浆中置液,0.0,0.0,0.0,0.0,0.0,0.0,0.0,0.0,0.0,0.0,0.0,0.19316026169333614,0.0
7194.595972314073,119.90993287190122,替浆中置液,0.0,0.0,0.0,0.0,0.0,0.0,0.0,0.0,0.0,0.0,0.0,0.19277972385257086,0.0
7196.64720228705,119.9441200381175,替浆中置液,0.0,0.0,0.0,0.0,0.0,0.0,0.0,0.0,0.0,0.0,0.0,0.19239994727242546,0.0
7198.698432260027,119.97830720433379,替浆中置液,0.0,0.0,0.0,0.0,0.0,0.0,0.0,0.0,0.0,0.0,0.0,0.19202092962608872,0.0
7200.7496622330045,120.01249437055007,替浆中置液,0.0,0.0,0.0,0.0,0.0,0.0,0.0,0.0,0.0,0.0,0.0,0.19164266860179335,0.0
7202.800892205982,120.04668153676636,替浆中置液,0.0,0.0,0.0,0.0,0.0,0.0,0.0,0.0,0.0,0.0,0.0,0.19126516190270337,0.0
7204.852122178959,120.08086870298264,替浆中置液,0.0,0.0,0.0,0.0,0.0,0.0,0.0,0.0,0.0,0.0,0.0,0.1908884072468018,0.0
7206.903352151936,120.11505586919893,替浆中置液,0.0,0.0,0.0,0.0,0.0,0.0,0.0,0.0,0.0,0.0,0.0,0.1905124023667792,0.0
7208.954582124913,120.14924303541521,替浆中置液,0.0,0.0,0.0,0.0,0.0,0.0,0.0,0.0,0.0,0.0,0.0,0.19013714500992251,0.0
7211.00581209789,120.18343020163151,替浆中置液,0.0,0.0,0.0,0.0,0.0,0.0,0.0,0.0,0.0,0.0,0.0,0.18976263293800524,0.0
7213.057042070867,120.2176173678478,替浆中置液,0.0,0.0,0.0,0.0,0.0,0.0,0.0,0.0,0.0,0.0,0.0,0.1893888639271775,0.0
7215.108272043844,120.25180453406408,替浆中置液,0.0,0.0,0.0,0.0,0.0,0.0,0.0,0.0,0.0,0.0,0.0,0.18901583576785716,0.0
7217.1595020168215,120.28599170028036,替浆中置液,0.0,0.0,0.0,0.0,0.0,0.0,0.0,0.0,0.0,0.0,0.0,0.18864354626462163,0.0
7219.210731989799,120.32017886649665,替浆中置液,0.0,0.0,0.0,0.0,0.0,0.0,0.0,0.0,0.0,0.0,0.0,0.1882719932361001,0.0
7221.261961962776,120.35436603271293,替浆中置液,0.0,0.0,0.0,0.0,0.0,0.0,0.0,0.0,0.0,0.0,0.0,0.18790117451486657,0.0
7223.313191935753,120.38855319892922,替浆中置液,0.0,0.0,0.0,0.0,0.0,0.0,0.0,0.0,0.0,0.0,0.0,0.18753108794733356,0.0
7225.36442190873,120.4227403651455,替浆中置液,0.0,0.0,0.0,0.0,0.0,0.0,0.0,0.0,0.0,0.0,0.0,0.18716173139364642,0.0
7227.415651881707,120.45692753136179,替浆中置液,0.0,0.0,0.0,0.0,0.0,0.0,0.0,0.0,0.0,0.0,0.0,0.18679310272757835,0.0
7229.466881854684,120.49111469757807,替浆中置液,0.0,0.0,0.0,0.0,0.0,0.0,0.0,0.0,0.0,0.0,0.0,0.18642519983642603,0.0
7231.518111827661,120.52530186379435,替浆中置液,0.0,0.0,0.0,0.0,0.0,0.0,0.0,0.0,0.0,0.0,0.0,0.18605802062090612,0.0
7233.5693418006385,120.55948903001064,替浆中置液,0.0,0.0,0.0,0.0,0.0,0.0,0.0,0.0,0.0,0.0,0.0,0.18569156299505216,0.0
7235.620571773616,120.59367619622692,替浆中置液,0.0,0.0,0.0,0.0,0.0,0.0,0.0,0.0,0.0,0.0,0.0,0.18532582488611257,0.0
7237.671801746593,120.62786336244321,替浆中置液,0.0,0.0,0.0,0.0,0.0,0.0,0.0,0.0,0.0,0.0,0.0,0.18496080423444886,0.0
7239.72303171957,120.66205052865949,替浆中置液,0.0,0.0,0.0,0.0,0.0,0.0,0.0,0.0,0.0,0.0,0.0,0.18459649899343514,0.0
7241.774261692547,120.69623769487579,替浆中置液,0.0,0.0,0.0,0.0,0.0,0.0,0.0,0.0,0.0,0.0,0.0,0.18423290712935791,0.0
7243.825491665524,120.73042486109208,替浆中置液,0.0,0.0,0.0,0.0,0.0,0.0,0.0,0.0,0.0,0.0,0.0,0.18387002662131677,0.0
7245.876721638501,120.76461202730836,替浆中置液,0.0,0.0,0.0,0.0,0.0,0.0,0.0,0.0,0.0,0.0,0.0,0.18350785546112594,0.0
7247.927951611478,120.79879919352464,替浆中置液,0.0,0.0,0.0,0.0,0.0,0.0,0.0,0.0,0.0,0.0,0.0,0.18314639165321647,0.0
7249.979181584456,120.83298635974093,替浆中置液,0.0,0.0,0.0,0.0,0.0,0.0,0.0,0.0,0.0,0.0,0.0,0.18278563321453925,0.0
7252.030411557433,120.86717352595721,替浆中置液,0.0,0.0,0.0,0.0,0.0,0.0,0.0,0.0,0.0,0.0,0.0,0.1824255781744688,0.0
7254.08164153041,120.9013606921735,替浆中置液,0.0,0.0,0.0,0.0,0.0,0.0,0.0,0.0,0.0,0.0,0.0,0.18206622457470797,0.0
7256.132871503387,120.93554785838978,替浆中置液,0.0,0.0,0.0,0.0,0.0,0.0,0.0,0.0,0.0,0.0,0.0,0.18170757046919325,0.0
7258.184101476364,120.96973502460607,替浆中置液,0.0,0.0,0.0,0.0,0.0,0.0,0.0,0.0,0.0,0.0,0.0,0.1813496139240012,0.0
7260.235331449341,121.00392219082235,替浆中置液,0.0,0.0,0.0,0.0,0.0,0.0,0.0,0.0,0.0,0.0,0.0,0.18099235301725547,0.0
7262.286561422318,121.03810935703864,替浆中置液,0.0,0.0,0.0,0.0,0.0,0.0,0.0,0.0,0.0,0.0,0.0,0.18063578583903483,0.0
7264.337791395295,121.07229652325492,替浆中置液,0.0,0.0,0.0,0.0,0.0,0.0,0.0,0.0,0.0,0.0,0.0,0.18027991049128206,0.0
7266.389021368273,121.1064836894712,替浆中置液,0.0,0.0,0.0,0.0,0.0,0.0,0.0,0.0,0.0,0.0,0.0,0.17992472508771362,0.0
7268.44025134125,121.14067085568749,替浆中置液,0.0,0.0,0.0,0.0,0.0,0.0,0.0,0.0,0.0,0.0,0.0,0.1795702277537303,0.0
7270.491481314227,121.17485802190377,替浆中置液,0.0,0.0,0.0,0.0,0.0,0.0,0.0,0.0,0.0,0.0,0.0,0.17921641662632892,0.0
7272.542711287204,121.20904518812007,替浆中置液,0.0,0.0,0.0,0.0,0.0,0.0,0.0,0.0,0.0,0.0,0.0,0.17886328985401467,0.0
7274.593941260181,121.24323235433636,替浆中置液,0.0,0.0,0.0,0.0,0.0,0.0,0.0,0.0,0.0,0.0,0.0,0.1785108455967146,0.0
7276.645171233158,121.27741952055264,替浆中置液,0.0,0.0,0.0,0.0,0.0,0.0,0.0,0.0,0.0,0.0,0.0,0.17815908202569206,0.0
7278.696401206135,121.31160668676893,替浆中置液,0.0,0.0,0.0,0.0,0.0,0.0,0.0,0.0,0.0,0.0,0.0,0.1778079973234619,0.0
7280.747631179112,121.34579385298521,替浆中置液,0.0,0.0,0.0,0.0,0.0,0.0,0.0,0.0,0.0,0.0,0.0,0.17745758968370695,0.0
7282.79886115209,121.3799810192015,替浆中置液,0.0,0.0,0.0,0.0,0.0,0.0,0.0,0.0,0.0,0.0,0.0,0.1771078573111952,0.0
7284.850091125067,121.41416818541778,替浆中置液,0.0,0.0,0.0,0.0,0.0,0.0,0.0,0.0,0.0,0.0,0.0,0.1767587984216982,0.0
7286.901321098044,121.44835535163406,替浆中置液,0.0,0.0,0.0,0.0,0.0,0.0,0.0,0.0,0.0,0.0,0.0,0.17641041124191034,0.0
7288.952551071021,121.48254251785035,替浆中置液,0.0,0.0,0.0,0.0,0.0,0.0,0.0,0.0,0.0,0.0,0.0,0.17606269400936925,0.0
7291.003781043998,121.51672968406663,替浆中置液,0.0,0.0,0.0,0.0,0.0,0.0,0.0,0.0,0.0,0.0,0.0,0.17571564497237704,0.0
7293.055011016975,121.55091685028292,替浆中置液,0.0,0.0,0.0,0.0,0.0,0.0,0.0,0.0,0.0,0.0,0.0,0.17536926238992287,0.0
7295.106240989952,121.5851040164992,替浆中置液,0.0,0.0,0.0,0.0,0.0,0.0,0.0,0.0,0.0,0.0,0.0,0.17502354453160623,0.0
7297.157470962929,121.61929118271549,替浆中置液,0.0,0.0,0.0,0.0,0.0,0.0,0.0,0.0,0.0,0.0,0.0,0.1746784896775617,0.0
7299.208700935907,121.65347834893177,替浆中置液,0.0,0.0,0.0,0.0,0.0,0.0,0.0,0.0,0.0,0.0,0.0,0.17433409611838424,0.0
7301.259930908884,121.68766551514805,替浆中置液,0.0,0.0,0.0,0.0,0.0,0.0,0.0,0.0,0.0,0.0,0.0,0.17399036215505617,0.0
7303.311160881861,121.72185268136435,替浆中置液,0.0,0.0,0.0,0.0,0.0,0.0,0.0,0.0,0.0,0.0,0.0,0.17364728609887461,0.0
7305.362390854838,121.75603984758064,替浆中置液,0.0,0.0,0.0,0.0,0.0,0.0,0.0,0.0,0.0,0.0,0.0,0.17330486627138042,0.0
7307.413620827815,121.79022701379692,替浆中置液,0.0,0.0,0.0,0.0,0.0,0.0,0.0,0.0,0.0,0.0,0.0,0.17296310100428824,0.0
7309.464850800792,121.8244141800132,替浆中置液,0.0,0.0,0.0,0.0,0.0,0.0,0.0,0.0,0.0,0.0,0.0,0.17262198863941725,0.0
7311.516080773769,121.85860134622949,替浆中置液,0.0,0.0,0.0,0.0,0.0,0.0,0.0,0.0,0.0,0.0,0.0,0.17228152752862355,0.0
7313.567310746746,121.89278851244578,替浆中置液,0.0,0.0,0.0,0.0,0.0,0.0,0.0,0.0,0.0,0.0,0.0,0.17194171603373304,0.0
7315.618540719724,121.92697567866206,替浆中置液,0.0,0.0,0.0,0.0,0.0,0.0,0.0,0.0,0.0,0.0,0.0,0.17160255252647616,0.0
7317.669770692701,121.96116284487834,替浆中置液,0.0,0.0,0.0,0.0,0.0,0.0,0.0,0.0,0.0,0.0,0.0,0.171264035388423,0.0
7319.721000665678,121.99535001109463,替浆中置液,0.0,0.0,0.0,0.0,0.0,0.0,0.0,0.0,0.0,0.0,0.0,0.1709261630109199,0.0
7321.772230638655,122.02953717731091,替浆中置液,0.0,0.0,0.0,0.0,0.0,0.0,0.0,0.0,0.0,0.0,0.0,0.1705889337950272,0.0
7323.823460611632,122.0637243435272,替浆中置液,0.0,0.0,0.0,0.0,0.0,0.0,0.0,0.0,0.0,0.0,0.0,0.170252346151458,0.0
7325.874690584609,122.09791150974348,替浆中置液,0.0,0.0,0.0,0.0,0.0,0.0,0.0,0.0,0.0,0.0,0.0,0.16991639850051787,0.0
7327.925920557586,122.13209867595977,替浆中置液,0.0,0.0,0.0,0.0,0.0,0.0,0.0,0.0,0.0,0.0,0.0,0.16958108927204607,0.0
7329.977150530563,122.16628584217605,替浆中置液,0.0,0.0,0.0,0.0,0.0,0.0,0.0,0.0,0.0,0.0,0.0,0.1692464169053574,0.0
7332.028380503541,122.20047300839234,替浆中置液,0.0,0.0,0.0,0.0,0.0,0.0,0.0,0.0,0.0,0.0,0.0,0.1689123798491857,0.0
7334.079610476518,122.23466017460863,替浆中置液,0.0,0.0,0.0,0.0,0.0,0.0,0.0,0.0,0.0,0.0,0.0,0.16857897656162776,0.0
7336.130840449495,122.26884734082492,替浆中置液,0.0,0.0,0.0,0.0,0.0,0.0,0.0,0.0,0.0,0.0,0.0,0.16824620551008912,0.0
7338.182070422472,122.3030345070412,替浆中置液,0.0,0.0,0.0,0.0,0.0,0.0,0.0,0.0,0.0,0.0,0.0,0.16791406517123014,0.0
7340.233300395449,122.33722167325749,替浆中置液,0.0,0.0,0.0,0.0,0.0,0.0,0.0,0.0,0.0,0.0,0.0,0.16758255403091388,0.0
7342.284530368426,122.37140883947377,替浆中置液,0.0,0.0,0.0,0.0,0.0,0.0,0.0,0.0,0.0,0.0,0.0,0.1672516705841548,0.0
7344.335760341403,122.40559600569006,替浆中置液,0.0,0.0,0.0,0.0,0.0,0.0,0.0,0.0,0.0,0.0,0.0,0.16692141333506808,0.0
7346.3869903143805,122.43978317190634,替浆中置液,0.0,0.0,0.0,0.0,0.0,0.0,0.0,0.0,0.0,0.0,0.0,0.16659178079682066,0.0
7348.438220287358,122.47397033812263,替浆中置液,0.0,0.0,0.0,0.0,0.0,0.0,0.0,0.0,0.0,0.0,0.0,0.16626277149158328,0.0
7350.489450260335,122.50815750433891,替浆中置液,0.0,0.0,0.0,0.0,0.0,0.0,0.0,0.0,0.0,0.0,0.0,0.16593438395048293,0.0
7352.540680233312,122.5423446705552,替浆中置液,0.0,0.0,0.0,0.0,0.0,0.0,0.0,0.0,0.0,0.0,0.0,0.165606616713557,0.0
7354.591910206289,122.57653183677148,替浆中置液,0.0,0.0,0.0,0.0,0.0,0.0,0.0,0.0,0.0,0.0,0.0,0.16527946832970816,0.0
7356.643140179266,122.61071900298776,替浆中置液,0.0,0.0,0.0,0.0,0.0,0.0,0.0,0.0,0.0,0.0,0.0,0.16495293735666045,0.0
7358.694370152243,122.64490616920405,替浆中置液,0.0,0.0,0.0,0.0,0.0,0.0,0.0,0.0,0.0,0.0,0.0,0.1646270223609159,0.0
7360.74560012522,122.67909333542033,替浆中置液,0.0,0.0,0.0,0.0,0.0,0.0,0.0,0.0,0.0,0.0,0.0,0.16430172191771278,0.0
7362.7968300981975,122.71328050163662,替浆中置液,0.0,0.0,0.0,0.0,0.0,0.0,0.0,0.0,0.0,0.0,0.0,0.16397703461098437,0.0
7364.848060071175,122.74746766785292,替浆中置液,0.0,0.0,0.0,0.0,0.0,0.0,0.0,0.0,0.0,0.0,0.0,0.16365295903331875,0.0
7366.899290044152,122.7816548340692,替浆中置液,0.0,0.0,0.0,0.0,0.0,0.0,0.0,0.0,0.0,0.0,0.0,0.16332949378591985,0.0
7368.950520017129,122.81584200028549,替浆中置液,0.0,0.0,0.0,0.0,0.0,0.0,0.0,0.0,0.0,0.0,0.0,0.16300663747856875,0.0
7371.001749990106,122.85002916650177,替浆中置液,0.0,0.0,0.0,0.0,0.0,0.0,0.0,0.0,0.0,0.0,0.0,0.1626843887295869,0.0
7373.052979963083,122.88421633271805,替浆中置液,0.0,0.0,0.0,0.0,0.0,0.0,0.0,0.0,0.0,0.0,0.0,0.1623627461657991,0.0
7375.10420993606,122.91840349893434,替浆中置液,0.0,0.0,0.0,0.0,0.0,0.0,0.0,0.0,0.0,0.0,0.0,0.16204170842249832,0.0
7377.155439909037,122.95259066515062,替浆中置液,0.0,0.0,0.0,0.0,0.0,0.0,0.0,0.0,0.0,0.0,0.0,0.16172127414341075,0.0
7379.2066698820145,122.98677783136691,替浆中置液,0.0,0.0,0.0,0.0,0.0,0.0,0.0,0.0,0.0,0.0,0.0,0.16140144198066197,0.0
7381.257899854992,123.02096499758319,替浆中置液,0.0,0.0,0.0,0.0,0.0,0.0,0.0,0.0,0.0,0.0,0.0,0.16108221059474404,0.0
7383.309129827969,123.05515216379948,替浆中置液,0.0,0.0,0.0,0.0,0.0,0.0,0.0,0.0,0.0,0.0,0.0,0.16076357865448304,0.0
7385.360359800946,123.08933933001576,替浆中置液,0.0,0.0,0.0,0.0,0.0,0.0,0.0,0.0,0.0,0.0,0.0,0.16044554483700768,0.0
7387.411589773923,123.12352649623205,替浆中置液,0.0,0.0,0.0,0.0,0.0,0.0,0.0,0.0,0.0,0.0,0.0,0.16012810782771866,0.0
7389.4628197469,123.15771366244833,替浆中置液,0.0,0.0,0.0,0.0,0.0,0.0,0.0,0.0,0.0,0.0,0.0,0.15981126632025866,0.0
7391.514049719877,123.19190082866461,替浆中置液,0.0,0.0,0.0,0.0,0.0,0.0,0.0,0.0,0.0,0.0,0.0,0.15949501901648314,0.0
7393.565279692854,123.2260879948809,替浆中置液,0.0,0.0,0.0,0.0,0.0,0.0,0.0,0.0,0.0,0.0,0.0,0.15917936462643173,0.0
7395.6165096658315,123.2602751610972,替浆中置液,0.0,0.0,0.0,0.0,0.0,0.0,0.0,0.0,0.0,0.0,0.0,0.15886430186830047,0.0
7397.667739638809,123.29446232731348,替浆中置液,0.0,0.0,0.0,0.0,0.0,0.0,0.0,0.0,0.0,0.0,0.0,0.1585498294684146,0.0
7399.718969611786,123.32864949352977,替浆中置液,0.0,0.0,0.0,0.0,0.0,0.0,0.0,0.0,0.0,0.0,0.0,0.15823594616120196,0.0
7401.770199584763,123.36283665974605,替浆中置液,0.0,0.0,0.0,0.0,0.0,0.0,0.0,0.0,0.0,0.0,0.0,0.15792265068916714,0.0
7403.82142955774,123.39702382596234,替浆中置液,0.0,0.0,0.0,0.0,0.0,0.0,0.0,0.0,0.0,0.0,0.0,0.15760994180286594,0.0
7405.872659530717,123.43121099217862,替浆中置液,0.0,0.0,0.0,0.0,0.0,0.0,0.0,0.0,0.0,0.0,0.0,0.15729781826088096,0.0
7407.923889503694,123.4653981583949,替浆中置液,0.0,0.0,0.0,0.0,0.0,0.0,0.0,0.0,0.0,0.0,0.0,0.15698627882979696,0.0
7409.975119476671,123.49958532461119,替浆中置液,0.0,0.0,0.0,0.0,0.0,0.0,0.0,0.0,0.0,0.0,0.0,0.15667532228417735,0.0
7412.0263494496485,123.53377249082747,替浆中置液,0.0,0.0,0.0,0.0,0.0,0.0,0.0,0.0,0.0,0.0,0.0,0.156364947406541,0.0
7414.077579422626,123.56795965704376,替浆中置液,0.0,0.0,0.0,0.0,0.0,0.0,0.0,0.0,0.0,0.0,0.0,0.1560551529873394,0.0
7416.128809395603,123.60214682326004,替浆中置液,0.0,0.0,0.0,0.0,0.0,0.0,0.0,0.0,0.0,0.0,0.0,0.15574593782493448,0.0
7418.18003936858,123.63633398947633,替浆中置液,0.0,0.0,0.0,0.0,0.0,0.0,0.0,0.0,0.0,0.0,0.0,0.15543730072557665,0.0
7420.231269341557,123.67052115569261,替浆中置液,0.0,0.0,0.0,0.0,0.0,0.0,0.0,0.0,0.0,0.0,0.0,0.15512924050338334,0.0
7422.282499314534,123.7047083219089,替浆中置液,0.0,0.0,0.0,0.0,0.0,0.0,0.0,0.0,0.0,0.0,0.0,0.15482175598031803,0.0
7424.333729287511,123.73889548812518,替浆中置液,0.0,0.0,0.0,0.0,0.0,0.0,0.0,0.0,0.0,0.0,0.0,0.1545148459861694,0.0
7426.384959260488,123.77308265434148,替浆中置液,0.0,0.0,0.0,0.0,0.0,0.0,0.0,0.0,0.0,0.0,0.0,0.154208509358531,0.0
7428.4361892334655,123.80726982055776,替浆中置液,0.0,0.0,0.0,0.0,0.0,0.0,0.0,0.0,0.0,0.0,0.0,0.153902744942781,0.0
7430.487419206443,123.84145698677405,替浆中置液,0.0,0.0,0.0,0.0,0.0,0.0,0.0,0.0,0.0,0.0,0.0,0.15359755159206265,0.0
7432.53864917942,123.87564415299033,替浆中置液,0.0,0.0,0.0,0.0,0.0,0.0,0.0,0.0,0.0,0.0,0.0,0.15329292816726445,0.0
7434.589879152397,123.90983131920662,替浆中置液,0.0,0.0,0.0,0.0,0.0,0.0,0.0,0.0,0.0,0.0,0.0,0.1529888735370009,0.0
7436.641109125374,123.9440184854229,替浆中置液,0.0,0.0,0.0,0.0,0.0,0.0,0.0,0.0,0.0,0.0,0.0,0.1526853865775936,0.0
7438.692339098351,123.97820565163919,替浆中置液,0.0,0.0,0.0,0.0,0.0,0.0,0.0,0.0,0.0,0.0,0.0,0.15238246617305168,0.0
7440.743569071328,124.01239281785547,替浆中置液,0.0,0.0,0.0,0.0,0.0,0.0,0.0,0.0,0.0,0.0,0.0,0.15208011121505374,0.0
7442.794799044305,124.04657998407176,替浆中置液,0.0,0.0,0.0,0.0,0.0,0.0,0.0,0.0,0.0,0.0,0.0,0.1517783206029288,0.0
7444.8460290172825,124.08076715028804,替浆中置液,0.0,0.0,0.0,0.0,0.0,0.0,0.0,0.0,0.0,0.0,0.0,0.1514770932436377,0.0
7446.89725899026,124.11495431650432,替浆中置液,0.0,0.0,0.0,0.0,0.0,0.0,0.0,0.0,0.0,0.0,0.0,0.15117642805175482,0.0
7448.948488963237,124.14914148272061,替浆中置液,0.0,0.0,0.0,0.0,0.0,0.0,0.0,0.0,0.0,0.0,0.0,0.15087632394944953,0.0
7450.999718936214,124.1833286489369,替浆中置液,0.0,0.0,0.0,0.0,0.0,0.0,0.0,0.0,0.0,0.0,0.0,0.1505767798664679,0.0
7453.050948909191,124.21751581515318,替浆中置液,0.0,0.0,0.0,0.0,0.0,0.0,0.0,0.0,0.0,0.0,0.0,0.15027779474011432,0.0
7455.102178882168,124.25170298136946,替浆中置液,0.0,0.0,0.0,0.0,0.0,0.0,0.0,0.0,0.0,0.0,0.0,0.1499793675152329,0.0
7457.153408855145,124.28589014758576,替浆中置液,0.0,0.0,0.0,0.0,0.0,0.0,0.0,0.0,0.0,0.0,0.0,0.14968149714418946,0.0
7459.204638828122,124.32007731380205,替浆中置液,0.0,0.0,0.0,0.0,0.0,0.0,0.0,0.0,0.0,0.0,0.0,0.14938418258685274,0.0
7461.2558688010995,124.35426448001833,替浆中置液,0.0,0.0,0.0,0.0,0.0,0.0,0.0,0.0,0.0,0.0,0.0,0.14908742281057585,0.0
7463.307098774077,124.38845164623461,替浆中置液,0.0,0.0,0.0,0.0,0.0,0.0,0.0,0.0,0.0,0.0,0.0,0.14879121679017787,0.0
7465.358328747054,124.4226388124509,替浆中置液,0.0,0.0,0.0,0.0,0.0,0.0,0.0,0.0,0.0,0.0,0.0,0.14849556350792462,0.0
7467.409558720031,124.45682597866718,替浆中置液,0.0,0.0,0.0,0.0,0.0,0.0,0.0,0.0,0.0,0.0,0.0,0.14820046195351005,0.0
7469.460788693008,124.49101314488347,替浆中置液,0.0,0.0,0.0,0.0,0.0,0.0,0.0,0.0,0.0,0.0,0.0,0.14790591112403703,0.0
7471.512018665985,124.52520031109975,替浆中置液,0.0,0.0,0.0,0.0,0.0,0.0,0.0,0.0,0.0,0.0,0.0,0.14761191002399787,0.0
7473.563248638962,124.55938747731604,替浆中置液,0.0,0.0,0.0,0.0,0.0,0.0,0.0,0.0,0.0,0.0,0.0,0.14731845766525492,0.0
7475.614478611939,124.59357464353232,替浆中置液,0.0,0.0,0.0,0.0,0.0,0.0,0.0,0.0,0.0,0.0,0.0,0.14702555306702075,0.0
7477.6657085849165,124.6277618097486,替浆中置液,0.0,0.0,0.0,0.0,0.0,0.0,0.0,0.0,0.0,0.0,0.0,0.14673319525583806,0.0
7479.716938557894,124.66194897596489,替浆中置液,0.0,0.0,0.0,0.0,0.0,0.0,0.0,0.0,0.0,0.0,0.0,0.1464413832655593,0.0
7481.768168530871,124.69613614218117,替浆中置液,0.0,0.0,0.0,0.0,0.0,0.0,0.0,0.0,0.0,0.0,0.0,0.14615011613732612,0.0
7483.819398503848,124.73032330839746,替浆中置液,0.0,0.0,0.0,0.0,0.0,0.0,0.0,0.0,0.0,0.0,0.0,0.1458593929195482,0.0
7485.870628476825,124.76451047461374,替浆中置液,0.0,0.0,0.0,0.0,0.0,0.0,0.0,0.0,0.0,0.0,0.0,0.1455692126678821,0.0
7487.921858449802,124.79869764083004,替浆中置液,0.0,0.0,0.0,0.0,0.0,0.0,0.0,0.0,0.0,0.0,0.0,0.14527957444520942,0.0
7489.973088422779,124.83288480704633,替浆中置液,0.0,0.0,0.0,0.0,0.0,0.0,0.0,0.0,0.0,0.0,0.0,0.1449904773216148,0.0
7492.024318395756,124.86707197326261,替浆中置液,0.0,0.0,0.0,0.0,0.0,0.0,0.0,0.0,0.0,0.0,0.0,0.14470192037436327,0.0
7494.0755483687335,124.9012591394789,替浆中置液,0.0,0.0,0.0,0.0,0.0,0.0,0.0,0.0,0.0,0.0,0.0,0.14441390268787738,0.0
7496.126778341711,124.93544630569518,替浆中置液,0.0,0.0,0.0,0.0,0.0,0.0,0.0,0.0,0.0,0.0,0.0,0.14412642335371384,0.0
7498.178008314688,124.96963347191146,替浆中置液,0.0,0.0,0.0,0.0,0.0,0.0,0.0,0.0,0.0,0.0,0.0,0.1438394814705395,0.0
7500.229238287665,125.00382063812775,替浆中置液,0.0,0.0,0.0,0.0,0.0,0.0,0.0,0.0,0.0,0.0,0.0,0.14355307614410703,0.0
7502.280468260642,125.03800780434403,替浆中置液,0.0,0.0,0.0,0.0,0.0,0.0,0.0,0.0,0.0,0.0,0.0,0.1432672064872302,0.0
7504.331698233619,125.07219497056032,替浆中置液,0.0,0.0,0.0,0.0,0.0,0.0,0.0,0.0,0.0,0.0,0.0,0.1429818716197582,0.0
7506.382928206596,125.1063821367766,替浆中置液,0.0,0.0,0.0,0.0,0.0,0.0,0.0,0.0,0.0,0.0,0.0,0.1426970706685498,0.0
7508.434158179573,125.14056930299289,替浆中置液,0.0,0.0,0.0,0.0,0.0,0.0,0.0,0.0,0.0,0.0,0.0,0.14241280276744683,0.0
7510.4853881525505,125.17475646920917,替浆中置液,0.0,0.0,0.0,0.0,0.0,0.0,0.0,0.0,0.0,0.0,0.0,0.142129067057247,0.0
7512.536618125528,125.20894363542546,替浆中置液,0.0,0.0,0.0,0.0,0.0,0.0,0.0,0.0,0.0,0.0,0.0,0.14184586268567623,0.0
7514.587848098505,125.24313080164174,替浆中置液,0.0,0.0,0.0,0.0,0.0,0.0,0.0,0.0,0.0,0.0,0.0,0.14156318880736016,0.0
7516.639078071482,125.27731796785802,替浆中置液,0.0,0.0,0.0,0.0,0.0,0.0,0.0,0.0,0.0,0.0,0.0,0.14128104458379542,0.0
7518.690308044459,125.31150513407432,替浆中置液,0.0,0.0,0.0,0.0,0.0,0.0,0.0,0.0,0.0,0.0,0.0,0.1409994291833196,0.0
7520.741538017436,125.34569230029061,替浆中置液,0.0,0.0,0.0,0.0,0.0,0.0,0.0,0.0,0.0,0.0,0.0,0.1407183417810811,0.0
7522.792767990413,125.37987946650689,替浆中置液,0.0,0.0,0.0,0.0,0.0,0.0,0.0,0.0,0.0,0.0,0.0,0.14043778155900835,0.0
7524.84399796339,125.41406663272318,替浆中置液,0.0,0.0,0.0,0.0,0.0,0.0,0.0,0.0,0.0,0.0,0.0,0.14015774770577763,0.0
7526.8952279363675,125.44825379893946,替浆中置液,0.0,0.0,0.0,0.0,0.0,0.0,0.0,0.0,0.0,0.0,0.0,0.13987823941678076,0.0
7528.946457909345,125.48244096515575,替浆中置液,0.0,0.0,0.0,0.0,0.0,0.0,0.0,0.0,0.0,0.0,0.0,0.13959925589409203,0.0
7530.997687882322,125.51662813137203,替浆中置液,0.0,0.0,0.0,0.0,0.0,0.0,0.0,0.0,0.0,0.0,0.0,0.13932079634643402,0.0
7533.048917855299,125.55081529758831,替浆中置液,0.0,0.0,0.0,0.0,0.0,0.0,0.0,0.0,0.0,0.0,0.0,0.13904285998914298,0.0
7535.100147828276,125.5850024638046,替浆中置液,0.0,0.0,0.0,0.0,0.0,0.0,0.0,0.0,0.0,0.0,0.0,0.13876544604413324,0.0
7537.151377801253,125.61918963002088,替浆中置液,0.0,0.0,0.0,0.0,0.0,0.0,0.0,0.0,0.0,0.0,0.0,0.13848855373986077,0.0
7539.20260777423,125.65337679623717,替浆中置液,0.0,0.0,0.0,0.0,0.0,0.0,0.0,0.0,0.0,0.0,0.0,0.13821218231128615,0.0
7541.253837747207,125.68756396245345,替浆中置液,0.0,0.0,0.0,0.0,0.0,0.0,0.0,0.0,0.0,0.0,0.0,0.13793633099983646,0.0
7543.3050677201845,125.72175112866974,替浆中置液,0.0,0.0,0.0,0.0,0.0,0.0,0.0,0.0,0.0,0.0,0.0,0.13766099905336626,0.0
7545.356297693162,125.75593829488602,替浆中置液,0.0,0.0,0.0,0.0,0.0,0.0,0.0,0.0,0.0,0.0,0.0,0.1373861857261182,0.0
7547.407527666139,125.7901254611023,替浆中置液,0.0,0.0,0.0,0.0,0.0,0.0,0.0,0.0,0.0,0.0,0.0,0.13711189027868195,0.0
7549.458757639116,125.8243126273186,替浆中置液,0.0,0.0,0.0,0.0,0.0,0.0,0.0,0.0,0.0,0.0,0.0,0.13683811197795306,0.0
7551.509987612093,125.85849979353489,替浆中置液,0.0,0.0,0.0,0.0,0.0,0.0,0.0,0.0,0.0,0.0,0.0,0.13656485009709018,0.0
7553.56121758507,125.89268695975117,替浆中置液,0.0,0.0,0.0,0.0,0.0,0.0,0.0,0.0,0.0,0.0,0.0,0.1362921039154719,0.0
7555.612447558047,125.92687412596746,替浆中置液,0.0,0.0,0.0,0.0,0.0,0.0,0.0,0.0,0.0,0.0,0.0,0.1360198727186523,0.0
7557.663677531024,125.96106129218374,替浆中置液,0.0,0.0,0.0,0.0,0.0,0.0,0.0,0.0,0.0,0.0,0.0,0.13574815579831565,0.0
7559.7149075040015,125.99524845840003,替浆中置液,0.0,0.0,0.0,0.0,0.0,0.0,0.0,0.0,0.0,0.0,0.0,0.13547695245223032,0.0
7561.766137476979,126.02943562461631,替浆中置液,0.0,0.0,0.0,0.0,0.0,0.0,0.0,0.0,0.0,0.0,0.0,0.13520626198420133,0.0
7563.817367449956,126.0636227908326,替浆中置液,0.0,0.0,0.0,0.0,0.0,0.0,0.0,0.0,0.0,0.0,0.0,0.13493608370402227,0.0
7565.868597422933,126.09780995704888,替浆中置液,0.0,0.0,0.0,0.0,0.0,0.0,0.0,0.0,0.0,0.0,0.0,0.13466641692742592,0.0
7567.91982739591,126.13199712326517,替浆中置液,0.0,0.0,0.0,0.0,0.0,0.0,0.0,0.0,0.0,0.0,0.0,0.1343972609760341,0.0
7569.971057368887,126.16618428948145,替浆中置液,0.0,0.0,0.0,0.0,0.0,0.0,0.0,0.0,0.0,0.0,0.0,0.1341286151773063,0.0
7572.022287341864,126.20037145569773,替浆中置液,0.0,0.0,0.0,0.0,0.0,0.0,0.0,0.0,0.0,0.0,0.0,0.13386047886448724,0.0
7574.073517314841,126.23455862191402,替浆中置液,0.0,0.0,0.0,0.0,0.0,0.0,0.0,0.0,0.0,0.0,0.0,0.13359285137655355,0.0
7576.1247472878185,126.2687457881303,替浆中置液,0.0,0.0,0.0,0.0,0.0,0.0,0.0,0.0,0.0,0.0,0.0,0.13332573205815934,0.0
7578.175977260796,126.30293295434659,替浆中置液,0.0,0.0,0.0,0.0,0.0,0.0,0.0,0.0,0.0,0.0,0.0,0.13305912025958036,0.0
7580.227207233773,126.33712012056289,替浆中置液,0.0,0.0,0.0,0.0,0.0,0.0,0.0,0.0,0.0,0.0,0.0,0.13279301533665752,0.0
7582.27843720675,126.37130728677917,替浆中置液,0.0,0.0,0.0,0.0,0.0,0.0,0.0,0.0,0.0,0.0,0.0,0.13252741665073914,0.0
7584.329667179727,126.40549445299546,替浆中置液,0.0,0.0,0.0,0.0,0.0,0.0,0.0,0.0,0.0,0.0,0.0,0.13226232356862178,0.0
7586.380897152704,126.43968161921174,替浆中置液,0.0,0.0,0.0,0.0,0.0,0.0,0.0,0.0,0.0,0.0,0.0,0.1319977354624906,0.0
7588.432127125681,126.47386878542802,替浆中置液,0.0,0.0,0.0,0.0,0.0,0.0,0.0,0.0,0.0,0.0,0.0,0.13173365170985768,0.0
7590.483357098658,126.50805595164431,替浆中置液,0.0,0.0,0.0,0.0,0.0,0.0,0.0,0.0,0.0,0.0,0.0,0.13147007169350008,0.0
7592.5345870716355,126.5422431178606,替浆中置液,0.0,0.0,0.0,0.0,0.0,0.0,0.0,0.0,0.0,0.0,0.0,0.13120699480139625,0.0
7594.585817044613,126.57643028407688,替浆中置液,0.0,0.0,0.0,0.0,0.0,0.0,0.0,0.0,0.0,0.0,0.0,0.13094442042666116,0.0
7596.63704701759,126.61061745029316,替浆中置液,0.0,0.0,0.0,0.0,0.0,0.0,0.0,0.0,0.0,0.0,0.0,0.13068234796748066,0.0
7598.688276990567,126.64480461650945,替浆中置液,0.0,0.0,0.0,0.0,0.0,0.0,0.0,0.0,0.0,0.0,0.0,0.1304207768270444,0.0
7600.739506963544,126.67899178272573,替浆中置液,0.0,0.0,0.0,0.0,0.0,0.0,0.0,0.0,0.0,0.0,0.0,0.1301597064134775,0.0
7602.790736936521,126.71317894894202,替浆中置液,0.0,0.0,0.0,0.0,0.0,0.0,0.0,0.0,0.0,0.0,0.0,0.1298991361397711,0.0
7604.841966909498,126.7473661151583,替浆中置液,0.0,0.0,0.0,0.0,0.0,0.0,0.0,0.0,0.0,0.0,0.0,0.12963906542371184,0.0
7606.893196882475,126.78155328137458,替浆中置液,0.0,0.0,0.0,0.0,0.0,0.0,0.0,0.0,0.0,0.0,0.0,0.12937949368780974,0.0
7608.944426855453,126.81574044759087,替浆中置液,0.0,0.0,0.0,0.0,0.0,0.0,0.0,0.0,0.0,0.0,0.0,0.12912042035922527,0.0
7610.99565682843,126.84992761380717,替浆中置液,0.0,0.0,0.0,0.0,0.0,0.0,0.0,0.0,0.0,0.0,0.0,0.1288618448696948,0.0
7613.046886801407,126.88411478002345,替浆中置液,0.0,0.0,0.0,0.0,0.0,0.0,0.0,0.0,0.0,0.0,0.0,0.1286037666554551,0.0
7615.098116774384,126.91830194623974,替浆中置液,0.0,0.0,0.0,0.0,0.0,0.0,0.0,0.0,0.0,0.0,0.0,0.12834618515716648,0.0
7617.149346747361,126.95248911245602,替浆中置液,0.0,0.0,0.0,0.0,0.0,0.0,0.0,0.0,0.0,0.0,0.0,0.12808909981983457,0.0
7619.200576720338,126.9866762786723,替浆中置液,0.0,0.0,0.0,0.0,0.0,0.0,0.0,0.0,0.0,0.0,0.0,0.127832510092731,0.0
7621.251806693315,127.02086344488859,替浆中置液,0.0,0.0,0.0,0.0,0.0,0.0,0.0,0.0,0.0,0.0,0.0,0.12757641542931275,0.0
7623.303036666292,127.05505061110487,替浆中置液,0.0,0.0,0.0,0.0,0.0,0.0,0.0,0.0,0.0,0.0,0.0,0.1273208152871401,0.0
7625.35426663927,127.08923777732116,替浆中置液,0.0,0.0,0.0,0.0,0.0,0.0,0.0,0.0,0.0,0.0,0.0,0.12706570912779355,0.0
7627.405496612247,127.12342494353744,替浆中置液,0.0,0.0,0.0,0.0,0.0,0.0,0.0,0.0,0.0,0.0,0.0,0.12681109641678928,0.0
7629.456726585224,127.15761210975373,替浆中置液,0.0,0.0,0.0,0.0,0.0,0.0,0.0,0.0,0.0,0.0,0.0,0.12655697662349336,0.0
7631.507956558201,127.19179927597001,替浆中置液,0.0,0.0,0.0,0.0,0.0,0.0,0.0,0.0,0.0,0.0,0.0,0.1263033492210346,0.0
7633.559186531178,127.2259864421863,替浆中置液,0.0,0.0,0.0,0.0,0.0,0.0,0.0,0.0,0.0,0.0,0.0,0.12605021368621633,0.0
7635.610416504155,127.26017360840258,替浆中置液,0.0,0.0,0.0,0.0,0.0,0.0,0.0,0.0,0.0,0.0,0.0,0.12579756949942664,0.0
7637.661646477132,127.29436077461887,替浆中置液,0.0,0.0,0.0,0.0,0.0,0.0,0.0,0.0,0.0,0.0,0.0,0.12554541614454756,0.0
7639.712876450109,127.32854794083515,替浆中置液,0.0,0.0,0.0,0.0,0.0,0.0,0.0,0.0,0.0,0.0,0.0,0.12529375310886268,0.0
7641.764106423087,127.36273510705145,替浆中置液,0.0,0.0,0.0,0.0,0.0,0.0,0.0,0.0,0.0,0.0,0.0,0.1250425798829637,0.0
7643.815336396064,127.39692227326773,替浆中置液,0.0,0.0,0.0,0.0,0.0,0.0,0.0,0.0,0.0,0.0,0.0,0.12479189596065557,0.0
7645.866566369041,127.43110943948402,替浆中置液,0.0,0.0,0.0,0.0,0.0,0.0,0.0,0.0,0.0,0.0,0.0,0.12454170083886051,0.0
7647.917796342018,127.4652966057003,替浆中置液,0.0,0.0,0.0,0.0,0.0,0.0,0.0,0.0,0.0,0.0,0.0,0.12429199401752043,0.0
7649.969026314995,127.49948377191659,替浆中置液,0.0,0.0,0.0,0.0,0.0,0.0,0.0,0.0,0.0,0.0,0.0,0.1240427749994984,0.0
7652.020256287972,127.53367093813287,替浆中置液,0.0,0.0,0.0,0.0,0.0,0.0,0.0,0.0,0.0,0.0,0.0,0.12379404329047855,0.0
7654.071486260949,127.56785810434916,替浆中置液,0.0,0.0,0.0,0.0,0.0,0.0,0.0,0.0,0.0,0.0,0.0,0.12354579839886494,0.0
7656.122716233926,127.60204527056544,替浆中置液,0.0,0.0,0.0,0.0,0.0,0.0,0.0,0.0,0.0,0.0,0.0,0.12329803983567908,0.0
7658.173946206904,127.63623243678173,替浆中置液,0.0,0.0,0.0,0.0,0.0,0.0,0.0,0.0,0.0,0.0,0.0,0.12305076711445599,0.0
7660.225176179881,127.67041960299801,替浆中置液,0.0,0.0,0.0,0.0,0.0,0.0,0.0,0.0,0.0,0.0,0.0,0.12280397975113938,0.0
7662.276406152858,127.7046067692143,替浆中置液,0.0,0.0,0.0,0.0,0.0,0.0,0.0,0.0,0.0,0.0,0.0,0.12255767726397523,0.0
7664.327636125835,127.73879393543058,替浆中置液,0.0,0.0,0.0,0.0,0.0,0.0,0.0,0.0,0.0,0.0,0.0,0.12231185917340431,0.0
7666.378866098812,127.77298110164686,替浆中置液,0.0,0.0,0.0,0.0,0.0,0.0,0.0,0.0,0.0,0.0,0.0,0.12206652500195336,0.0
7668.430096071789,127.80716826786315,替浆中置液,0.0,0.0,0.0,0.0,0.0,0.0,0.0,0.0,0.0,0.0,0.0,0.12182167427412521,0.0
7670.481326044766,127.84135543407943,替浆中置液,0.0,0.0,0.0,0.0,0.0,0.0,0.0,0.0,0.0,0.0,0.0,0.1215773065162875,0.0
7672.532556017743,127.87554260029573,替浆中置液,0.0,0.0,0.0,0.0,0.0,0.0,0.0,0.0,0.0,0.0,0.0,0.12133342125656031,0.0
7674.583785990721,127.90972976651202,替浆中置液,0.0,0.0,0.0,0.0,0.0,0.0,0.0,0.0,0.0,0.0,0.0,0.12109001802470261,0.0
7676.635015963698,127.9439169327283,替浆中置液,0.0,0.0,0.0,0.0,0.0,0.0,0.0,0.0,0.0,0.0,0.0,0.12084709635199747,0.0
7678.686245936675,127.97810409894458,替浆中置液,0.0,0.0,0.0,0.0,0.0,0.0,0.0,0.0,0.0,0.0,0.0,0.12060465577113605,0.0
7680.737475909652,128.01229126516085,替浆中置液,0.0,0.0,0.0,0.0,0.0,0.0,0.0,0.0,0.0,0.0,0.0,0.12036269581610068,0.0
7682.788705882629,128.04647843137715,替浆中置液,0.0,0.0,0.0,0.0,0.0,0.0,0.0,0.0,0.0,0.0,0.0,0.12012121602204656,0.0
7684.839935855606,128.08066559759342,替浆中置液,0.0,0.0,0.0,0.0,0.0,0.0,0.0,0.0,0.0,0.0,0.0,0.11988021592518257,0.0
7686.891165828583,128.11485276380972,替浆中置液,0.0,0.0,0.0,0.0,0.0,0.0,0.0,0.0,0.0,0.0,0.0,0.11963969506265071,0.0
7688.94239580156,128.14903993002602,替浆中置液,0.0,0.0,0.0,0.0,0.0,0.0,0.0,0.0,0.0,0.0,0.0,0.11939965297240467,0.0
7690.993625774538,128.1832270962423,替浆中置液,0.0,0.0,0.0,0.0,0.0,0.0,0.0,0.0,0.0,0.0,0.0,0.11916008919308733,0.0
7693.044855747515,128.2174142624586,替浆中置液,0.0,0.0,0.0,0.0,0.0,0.0,0.0,0.0,0.0,0.0,0.0,0.1189210032639073,0.0
7695.096085720492,128.25160142867486,替浆中置液,0.0,0.0,0.0,0.0,0.0,0.0,0.0,0.0,0.0,0.0,0.0,0.1186823947245141,0.0
7697.147315693469,128.28578859489116,替浆中置液,0.0,0.0,0.0,0.0,0.0,0.0,0.0,0.0,0.0,0.0,0.0,0.11844426311487276,0.0
7699.198545666446,128.31997576110743,替浆中置液,0.0,0.0,0.0,0.0,0.0,0.0,0.0,0.0,0.0,0.0,0.0,0.11820660797513728,0.0
7701.249775639423,128.35416292732373,替浆中置液,0.0,0.0,0.0,0.0,0.0,0.0,0.0,0.0,0.0,0.0,0.0,0.11796942884552318,0.0
7703.3010056124,128.38835009354,替浆中置液,0.0,0.0,0.0,0.0,0.0,0.0,0.0,0.0,0.0,0.0,0.0,0.11773272526617898,0.0
7705.3522355853775,128.4225372597563,替浆中置液,0.0,0.0,0.0,0.0,0.0,0.0,0.0,0.0,0.0,0.0,0.0,0.11749649677705716,0.0
7707.403465558355,128.45672442597257,替浆中置液,0.00014588585202375608,0.00014588585202375608,0.0,0.0,0.0,0.0,0.0005384719421197147,0.0,0.0,0.0,0.00031750448337288564,0.11726074291778389,0.0
7709.4546991678835,128.49091165279805,替浆中置液,0.0002412416406368905,0.0002412416406368905,0.0,0.0,0.0,0.0,0.0009082318793848852,0.0,0.0,0.0,0.0004154179333026902,0.1170254634289274,0.0
7711.505934758245,128.52509891263742,替浆中置液,0.0003360253754432663,0.0003360253754432663,0.0,0.0,0.0,0.0,0.0012681087500835098,0.0,0.0,0.0,0.0005128115457108739,0.11679065790239643,0.0
7713.557171387502,128.55928618979172,替浆中置液,0.0007291890534455556,0.0007291890534455556,0.0,0.0,0.0,0.0,0.0024431136201246077,0.0,0.0,0.0,0.0012601635362469296,0.11655639682750807,0.0
7715.608669999406,128.59347783332342,替浆中置液,0.0010181699749573757,0.0010181699749573757,0.0,0.0,0.0,0.0,0.003427882735437451,0.0,0.0,0.0,0.001557105778366661,0.11632248480914711,0.0
7717.660279533744,128.6276713255624,替浆中置液,0.0017873081342229963,0.0017873081342229963,0.0,0.0,0.0,0.0,0.004888176658172375,0.0,0.0,0.0,0.0029022671503093228,0.11608907480866598,0.0
7719.714390358721,128.6619065059787,替浆中置液,0.0023829574512455503,0.0023829574512455503,0.0,0.0,0.0,0.0,0.006468155198702333,0.0,0.0,0.0,0.0035150217934652992,0.11585608819594179,0.0
7721.769536077392,128.6961589346232,替浆中置液,0.002971498300221955,0.002971498300221955,0.0,0.0,0.0,0.0,0.007932364965913171,0.0,0.0,0.0,0.0041216659519464904,0.11562341133947353,0.0
7723.825119769781,128.7304186628297,替浆中置液,0.0040389607441447505,0.0040389607441447505,0.0,0.0,0.0,0.0,0.008862553240793039,0.0,0.0,0.0,0.005775930122034501,0.11539135578608448,0.0
7725.88161797486,128.76469363291434,替浆中置液,0.004911619713585706,0.004911619713585706,9.082329317269076,0.0,0.0,0.004016064257026337,0.010325872440898344,0.028058380747220914,0.005595960106364872,0.0,0.006679354808247308,0.11515911165443837,0.0
7727.430459917642,128.79050766529403,替浆中置液,0.005563283435667185,0.005563283435667185,9.082329317269076,0.0,9.082329317269076,0.004016064257026337,0.01138830477329581,0.028035881473968155,0.0055914854226537525,0.0,0.007356521109959802,0.11492738324874076,0.0
7728.707034015006,128.8117839002501,替浆中置液,0.006539634638994667,0.006539634638994667,18.164658634538153,0.0,9.082329317269076,0.008032128514052673,0.01091944898304099,0.056005755536041923,0.011138651786580689,0.0,0.008878190374682952,0.11475392507359461,0.0
7730.074125689231,128.8345687614872,替浆中置液,0.007274462798563724,0.007274462798563724,18.164658634538153,0.0,9.082329317269076,0.008032128514052673,0.011631318511301517,0.055978961614168474,0.011133352677640707,0.0,0.009647988812624575,0.11461092251569557,0.0
7731.176669817973,128.85294449696622,替浆中置液,0.007863267475724951,0.007863267475724951,18.164658634538153,9.082329317269076,9.082329317269076,0.004016064257026337,0.012176321589530628,0.027972012440142146,0.005578782959313577,0.0,0.010267150283798926,0.11445818274040075,0.0
7732.10201270916,128.868366878486,替浆中置液,0.008355539487894845,0.008355539487894845,18.164658634538153,9.082329317269076,9.082329317269076,0.004016064257026337,0.012621193778380564,0.02795727956765188,0.005575852818798244,0.0,0.010786425324126733,0.1143353437183831,0.0
7732.934834865826,128.88224724776376,替浆中置液,0.008797202722437445,0.008797202722437445,18.164658634538153,9.082329317269076,9.082329317269076,0.004016064257026337,0.013012650276589852,0.027945079098902165,0.005573426327691422,0.0,0.01125332317661759,0.1142325148868327,0.0
7733.719627987889,128.89532713313147,替浆中置液,0.00921226955264568,0.00921226955264568,27.246987951807228,9.082329317269076,18.164658634538153,0.008032128514052671,0.013374351250626283,0.05586921217472537,0.01111164692737665,0.0,0.011692736931365213,0.11414018086188593,0.0
7734.480447095206,128.90800745158677,替浆中置液,0.009613727642960238,0.009613727642960238,27.246987951807228,9.082329317269076,18.164658634538153,0.008032128514052671,0.013718840139855932,0.05585047183924287,0.011107940500532432,0.0,0.012118177333690661,0.11405334719710508,0.0
7735.230796623759,128.92051327706264,替浆中置液,0.010008875329104825,0.010008875329104825,27.246987951807228,9.082329317269076,18.164658634538153,0.008032128514052671,0.014053034563726622,0.05583308395326492,0.011104501546077783,0.0,0.012537261682860651,0.11396929432246639,0.0
7735.978797706522,128.93297996177537,替浆中置液,0.010402093194020683,0.010402093194020683,27.246987951807228,9.082329317269076,18.164658634538153,0.008032128514052671,0.014381005106729766,0.055816504624845734,0.011101222495993213,0.0,0.012954577791160776,0.11388649893246452,0.0
7736.72976418074,128.945496069679,替浆中置液,0.0107962508104351,0.0107962508104351,27.246987951807228,9.082329317269076,18.164658634538153,0.008032128514052671,0.014705314536019067,0.05580039278121417,0.011098035894364866,0.0,0.013373138677899618,0.11380406370538099,0.0
7737.487473913493,128.9581245652249,替浆中置液,0.0111933821338301,0.0111933821338301,27.246987951807228,9.082329317269076,18.164658634538153,0.008032128514052671,0.015027714173358943,0.0557845311952623,0.011094898778688522,0.0,0.013795084546884237,0.11372139397353097,0.0
7738.254592887664,128.97090988146107,替浆中置液,0.011594918499684033,0.011594918499684033,27.246987951807228,9.082329317269076,18.164658634538153,0.008032128514052671,0.01534940906460231,0.05576877414156852,0.011091782327622313,0.0,0.014221922345273861,0.1136380690771613,0.0
7739.033484799882,128.98389141333138,替浆中置液,0.012002118515838716,0.012002118515838716,36.329317269076306,9.082329317269076,18.164658634538153,0.012048192771079009,0.01567142379323239,0.083629539826555,0.01658680657875855,0.0,0.014654977903432814,0.11355379642488402,0.0
7739.8262182971575,128.99710363828595,替浆中置液,0.01241607804136949,0.01241607804136949,36.329317269076306,18.164658634538153,18.164658634538153,0.008032128514052673,0.01599463106818239,0.05573721519936624,0.011085540528466886,0.0,0.015095409042753605,0.11346832793435502,0.0
7740.634662167952,129.0105777027992,替浆中置液,0.012837789964053607,0.012837789964053607,36.329317269076306,18.164658634538153,18.164658634538153,0.008032128514052673,0.01631978087979396,0.055721281156246756,0.01108238904231762,0.0,0.01554426727805818,0.11338144327118359,0.0
7741.460572018519,129.02434286697533,替浆中置液,0.013268182340300172,0.013268182340300172,36.329317269076306,18.164658634538153,27.246987951807228,0.008032128514052673,0.016647541804318492,0.05570517496274615,0.01107920349750724,0.0,0.01600253734042061,0.11329293203069178,0.0
7742.305651215296,129.03842752025494,替浆中置液,0.013708152032343027,0.013708152032343027,36.329317269076306,18.164658634538153,27.246987951807228,0.008032128514052673,0.01697851706625301,0.05568885157299766,0.011075974984318893,0.0,0.016471171704163134,0.1132025961215088,0.0
7743.1715961229675,129.0528599353828,替浆中置液,0.014158589535374197,0.014158589535374197,36.329317269076306,18.164658634538153,27.246987951807228,0.008032128514052673,0.0173132571292296,0.055672267217059916,0.011072694845273734,0.0,0.016951115905448774,0.11311024536104623,0.0
7744.060131248403,129.06766885414007,替浆中置液,0.014620394428781783,0.014620394428781783,45.411646586345384,18.164658634538153,27.246987951807228,0.01204819277107901,0.01765227844203048,0.08348306617073392,0.016557997331656527,0.0,0.01744332462289694,0.11301569293631733,0.0
7744.973037562193,129.0828839593699,替浆中置液,0.01509449289440773,0.01509449289440773,45.411646586345384,18.164658634538153,27.246987951807228,0.01204819277107901,0.01799607636043959,0.08345720331434067,0.016552910394643017,0.0,0.01794877895315833,0.11291875692520494,0.0
7745.9121760584785,129.09853626764132,替浆中置液,0.01558184971547302,0.01558184971547302,45.411646586345384,18.164658634538153,27.246987951807228,0.01204819277107901,0.01834514040117892,0.0834307370622377,0.01654770474914491,0.0,0.018468497716787245,0.11281925683107624,0.0
7746.879507997666,129.11465846662776,替浆中置液,0.016083487382231063,0.016083487382231063,45.411646586345384,18.164658634538153,27.246987951807228,0.01204819277107901,0.018699975502876276,0.08340358339295802,0.016542363866966947,0.0,0.019003562254453998,0.11271701227803758,0.0
7747.877112453138,129.13128520755228,替浆中置液,0.016600483891461813,0.016600483891461813,45.411646586345384,18.164658634538153,27.246987951807228,0.01204819277107901,0.019061108033697947,0.08337565221347343,0.016536870025271933,0.0,0.019555109678977663,0.11261180575622542,0.0
7748.907201105677,129.14845335176128,替浆中置液,0.017133984150754417,0.017133984150754417,54.493975903614455,27.246987951807228,36.329317269076306,0.012048192771079009,0.019429079170150163,0.08334684406409001,0.016531203658396,0.0,0.020124345366100492,0.11250340785847987,0.0
7749.972130359021,129.16620217265034,替浆中置液,0.01768520545309155,0.01768520545309155,54.493975903614455,27.246987951807228,36.329317269076306,0.012048192771079009,0.0198044428276291,0.08331704811210613,0.0165253429631268,0.0,0.020712547936519745,0.11239157993582194,0.0
7751.074410388968,129.1845735064828,替浆中置液,0.01825543841896783,0.01825543841896783,54.493975903614455,27.246987951807228,36.329317269076306,0.012048192771079009,0.020187769201850517,0.08328614148128083,0.01651926376670787,0.0,0.02132106917018676,0.11227606934089551,0.0
7752.216710400392,129.20361184000654,替浆中置液,0.01884604923324883,0.01884604923324883,54.493975903614455,27.246987951807228,36.329317269076306,0.012048192771079009,0.020579633070373794,0.0832539883382582,0.016512939347018474,0.0,0.02195133272912877,0.11215661323193245,0.0
7753.401859067764,129.22336431779607,替浆中置液,0.019458486927684374,0.019458486927684374,54.493975903614455,27.246987951807228,36.329317269076306,0.012048192771079009,0.02098062426046357,0.08322044030691661,0.016506340513933737,0.0,0.022604842213874314,0.11203295006862297,0.0
7754.615788252013,129.2435964708669,替浆中置液,0.0200854712561208,0.0200854712561208,63.57630522088353,27.246987951807228,36.329317269076306,0.016064257028105346,0.02138634998608135,0.11091356380585582,0.021938485595456303,0.0,0.023273781472047683,0.11190479371842639,0.0
7755.853311912307,129.26422186520512,替浆中置液,0.02072433239087017,0.02072433239087017,63.57630522088353,27.246987951807228,36.329317269076306,0.016064257028105346,0.021795226858470403,0.11086459712967835,0.021928907064261982,0.0,0.02395525601895012,0.11177367337057133,0.0
7757.116419361805,129.28527365603009,替浆中置液,0.021376112464262628,0.021376112464262628,63.57630522088353,36.329317269076306,45.411646586345384,0.012048192771079009,0.022207788607398568,0.08311048347758433,0.01648471190722023,0.0,0.0246503270851048,0.11164014924582598,0.0
7758.407101929449,129.30678503215748,替浆中置液,0.02204184716869001,0.02204184716869001,63.57630522088353,36.329317269076306,45.411646586345384,0.012048192771079009,0.02262454078076642,0.08307129070505559,0.016477002538812124,0.0,0.02536004215919204,0.11150400708081311,0.0
7759.727413077816,129.3287902179636,替浆中置液,0.022722587110131708,0.022722587110131708,72.65863453815261,36.329317269076306,45.411646586345384,0.016064257028105346,0.023045991831499038,0.1107077807307739,0.02189823106588118,0.0,0.026085456571621854,0.11136504490320753,0.0
7761.079497855629,129.35132496426047,替浆中置液,0.023419434497456156,0.023419434497456156,72.65863453815261,36.329317269076306,45.411646586345384,0.016064257028105346,0.023472666021186802,0.11065209886461808,0.02188733849887259,0.0,0.026827679659197485,0.11122307881781043,0.0
7762.4467858380885,129.3741130973015,替浆中置液,0.024123842793943553,0.024123842793943553,72.65863453815261,36.329317269076306,45.411646586345384,0.016064257028105346,0.023900000884280254,0.11059440585558714,0.02187605238123702,0.0,0.027577549722242974,0.11107787935529566,0.0
7763.816677409024,129.39694462348373,替浆中置液,0.024829328380874056,0.024829328380874056,72.65863453815261,36.329317269076306,45.411646586345384,0.016064257028105346,0.024324679111765862,0.11053526294478438,0.021864482493331838,0.0,0.02832813147118673,0.1109312328548441,0.0
7765.191953907025,129.4198658984504,替浆中置液,0.02553734167079267,0.02553734167079267,81.74096385542168,36.329317269076306,54.493975903614455,0.02008032128513168,0.02474758059048037,0.13809435621485774,0.02724095739604826,0.0,0.02908095064896491,0.11078449440484028,0.0
7766.575022261623,129.44291703769372,替浆中置液,0.02624912890946456,0.02624912890946456,81.74096385542168,45.411646586345384,54.493975903614455,0.016064257028105343,0.025169437687884984,0.11041532215923278,0.021841018543435342,0.0,0.029837315579201412,0.11063736661560868,0.0
7767.96792595932,129.466132099322,替浆中置液,0.026965750293640303,0.026965750293640303,81.74096385542168,45.411646586345384,54.493975903614455,0.016064257028105343,0.02559087236929948,0.11035489147045327,0.021829196307795895,0.0,0.030598344717468716,0.11048961945766714,0.0
7769.373011372889,129.48955018954814,替浆中置液,0.027688420354864428,0.027688420354864428,81.74096385542168,45.411646586345384,54.493975903614455,0.016064257028105343,0.02601256782175788,0.11029426434961777,0.021817335499984658,0.0,0.03136532807611179,0.11034103229963435,0.0
7770.79260185921,129.51321003098684,替浆中置液,0.02841833980147095,0.02841833980147095,90.82329317269077,45.411646586345384,54.493975903614455,0.020080321285131684,0.026435174035130887,0.13779183917117982,0.027182100377585172,0.0,0.03213954733337194,0.1101913429884389,0.0
7772.229034284895,129.5371505714149,替浆中置液,0.0291567158867784,0.0291567158867784,90.82329317269077,45.411646586345384,63.57630522088353,0.020080321285131684,0.02685931251373309,0.13771564805118744,0.027167276247574645,0.0,0.03292229731494258,0.11004029796024599,0.0
7773.684679759657,129.56141132932763,替浆中置液,0.029904767989858673,0.029904767989858673,90.82329317269077,45.411646586345384,63.57630522088353,0.020080321285131684,0.027285583503181682,0.13763923594674068,0.02715240889483095,0.0,0.03371489007639582,0.1098876541936321,0.0
7775.161952879778,129.5860325479963,替浆中置液,0.03066373917640408,0.03066373917640408,90.82329317269077,54.493975903614455,63.57630522088353,0.01606425702810535,0.02771458719516228,0.11005004128941893,0.021769555380341976,0.0,0.03451866991746797,0.10973319071410506,0.0
7776.663315590886,129.6110552598481,替浆中置液,0.031434898540296075,0.031434898540296075,99.90562248995984,54.493975903614455,63.57630522088353,0.020080321285131684,0.028146916960505523,0.1374855135209788,0.027122498736726897,0.0,0.03533501491006074,0.10957665638349062,0.0
7778.191275993824,129.63652126656373,替浆中置液,0.032219538722654935,0.032219538722654935,99.90562248995984,54.493975903614455,63.57630522088353,0.020080321285131684,0.028583148668601163,0.1374080136659497,0.02710741904679803,0.0,0.03616533113248737,0.10941778357548053,0.0
7779.725138867153,129.6620856477859,替浆中置液,0.03300702326992168,0.03300702326992168,99.90562248995984,54.493975903614455,72.65863453815261,0.020080321285131684,0.029018164970434784,0.13732961149054507,0.027092163548235515,0.0,0.03699840634979058,0.10925630720835773,0.0
7781.261374017021,129.68768956695035,替浆中置液,0.03379554225382238,0.03379554225382238,108.98795180722891,54.493975903614455,72.65863453815261,0.024096385542158018,0.029451152693261866,0.1647013223754855,0.03240364226096293,0.0,0.03783237975381699,0.10909443971531,0.0
7782.802769957295,129.71337949928824,替浆中置液,0.03458653516728547,0.03458653516728547,108.98795180722891,63.57630522088353,72.65863453815261,0.02008032128513168,0.029882848503291048,0.1371728613178449,0.02706166237585461,0.0,0.0386688220153795,0.1089325873591029,0.0
7784.351776792623,129.73919627987706,替浆中置液,0.03538126575934634,0.03538126575934634,108.98795180722891,63.57630522088353,72.65863453815261,0.02008032128513168,0.030313886885345954,0.13709487580486798,0.027046487238439942,0.0,0.03950910739154361,0.10877044726921471,0.0
7785.9110537106435,129.76518422851072,替浆中置液,0.03618110430792239,0.03618110430792239,108.98795180722891,63.57630522088353,72.65863453815261,0.02008032128513168,0.030744934387823292,0.1370170235087726,0.02703133778750577,0.0,0.0403547123886469,0.10860774739969643,0.0
7787.483353952286,129.7913892325381,替浆中置液,0.036987464668931325,0.036987464668931325,118.070281124498,63.57630522088353,81.74096385542168,0.02409638554215802,0.031176659057678885,0.1643269532590705,0.032331191909980794,0.0,0.04120714967408443,0.10844420341410284,0.0
7789.071422076288,129.8178570346048,替浆中置液,0.037801751457882365,0.037801751457882365,118.070281124498,63.57630522088353,81.74096385542168,0.02409638554215802,0.03160970539326885,0.16423318570616866,0.0323130445525871,0.0,0.042067910428529184,0.10827953679500306,0.0
7790.6779925978135,129.84463320996355,替浆中置液,0.03862536960213983,0.03862536960213983,118.070281124498,72.65863453815261,81.74096385542168,0.020080321285131684,0.032044724970767394,0.13678239580690155,0.026985679636005955,0.0,0.04293847865431436,0.10811348921742717,0.0
7792.305785270399,129.87176308783998,替浆中置液,0.03945971558066028,0.03945971558066028,118.070281124498,72.65863453815261,81.74096385542168,0.020080321285131684,0.032482359363236554,0.13670314534912012,0.026970257147718946,0.0,0.04382031958932318,0.10794576445183436,0.0
7793.95123000722,129.89918716678702,替浆中置液,0.04030295977053088,0.04030295977053088,127.15261044176707,72.65863453815261,81.74096385542168,0.024096385542158018,0.03292179027777523,0.16394755632280947,0.032257763007925044,0.0,0.04471147893261507,0.10777607449879299,0.0
7795.596309498493,129.9266051583082,替浆中置液,0.04114586115752986,0.04114586115752986,127.15261044176707,72.65863453815261,90.82329317269077,0.024096385542158018,0.03335891380264629,0.16384999281515517,0.03223887955826277,0.0,0.045602163048327315,0.10760479940575106,0.0
7797.244178039516,129.95406963399194,替浆中置液,0.04199004956604187,0.04199004956604187,127.15261044176707,72.65863453815261,90.82329317269077,0.024096385542158018,0.03379453797102134,0.16375196662852362,0.03221990618583326,0.0,0.04649406573153923,0.1074338580509449,0.0
7798.897947918674,129.98163246531124,替浆中置液,0.04283713046731288,0.04283713046731288,136.23493975903614,72.65863453815261,90.82329317269077,0.028112449799184352,0.03422945097329087,0.19092928104761017,0.037465968660611804,0.0,0.04738884408347063,0.10726292086148272,0.0
7800.560449300044,130.0093408216674,替浆中置液,0.0436885607096953,0.0436885607096953,136.23493975903614,81.74096385542168,90.82329317269077,0.024096385542158018,0.03466436079560318,0.16355508639170793,0.03218179808075372,0.0,0.048287989083645816,0.10709164959104332,0.0
7802.234425900547,130.03724043167577,替浆中置液,0.04454574842748078,0.04454574842748078,136.23493975903614,81.74096385542168,90.82329317269077,0.024096385542158018,0.035099936169666404,0.16345613436467246,0.032162644376648286,0.0,0.049192931489090784,0.10691974315866964,0.0
7803.92281406282,130.06538023438034,替浆中置液,0.045410196632463616,0.045410196632463616,136.23493975903614,81.74096385542168,99.90562248995984,0.024096385542158018,0.03553686838043724,0.16335671576983446,0.03214339997933824,0.0,0.05010519278290535,0.10674692690099925,0.0
7805.628484878147,130.09380808130246,替浆中置液,0.046283379556200016,0.046283379556200016,145.31726907630522,81.74096385542168,99.90562248995984,0.02811244979918436,0.035975833964111276,0.190466175520959,0.037376813565953126,0.0,0.05102625908692681,0.10657292411639774,0.0
7807.354236969272,130.12257061615455,替浆中置液,0.04716673235368835,0.04716673235368835,145.31726907630522,81.74096385542168,99.90562248995984,0.02811244979918436,0.036417482555729304,0.19034872885299114,0.03735420192323691,0.0,0.051957568185428314,0.1063974279887801,0.0
7809.0806097390505,130.15134349565085,替浆中置液,0.04805028466358726,0.04805028466358726,145.31726907630522,90.82329317269077,99.90562248995984,0.024096385542158018,0.03685756201623893,0.16305432132697406,0.032084863317773604,0.0,0.05288853384047677,0.10622014601190224,0.0
7810.808118844538,130.1801353140756,替浆中置液,0.04893430231321435,0.04893430231321435,154.3995983935743,90.82329317269077,108.98795180722891,0.02811244979918436,0.037296254869267964,0.19011115719532953,0.03730846136498145,0.0,0.053819377028638385,0.10604309864593467,0.0
7812.540060862805,130.20900101438008,替浆中置液,0.04982047862497511,0.04982047862497511,154.3995983935743,90.82329317269077,108.98795180722891,0.02811244979918436,0.03773435831738579,0.18999261128469275,0.037285636465380745,0.0,0.054751819902946475,0.1058662580251093,0.0
7814.276469068016,130.2379411511336,替浆中置液,0.05070883374812005,0.05070883374812005,154.3995983935743,90.82329317269077,108.98795180722891,0.02811244979918436,0.038171950116778756,0.18987455319519422,0.03726290495331963,0.0,0.05568582264114637,0.10568927438387728,0.0
7816.013283458125,130.2668880576354,替浆中置液,0.05159729080284219,0.05159729080284219,154.3995983935743,99.90562248995984,108.98795180722891,0.024096385542158025,0.03860821454647521,0.1626489322446784,0.03200638369053821,0.0,0.0566191478856536,0.10551213220625902,0.0
7817.760710514197,130.2960118419033,替浆中置液,0.05249107696303306,0.05249107696303306,163.48192771084337,99.90562248995984,108.98795180722891,0.028112449799184352,0.03904542290410928,0.189640749057982,0.03721788551758087,0.0,0.05755723801649375,0.10533524548493081,0.0
7819.523657298672,130.3253942883112,替浆中置液,0.05339270505588451,0.05339270505588451,163.48192771084337,99.90562248995984,118.070281124498,0.028112449799184352,0.03948467146054832,0.18952538204710961,0.037195670602361175,0.0,0.05850267425094213,0.10515758685312485,0.0
7821.277445958281,130.3546240993047,替浆中置液,0.05428954355814888,0.05428954355814888,163.48192771084337,99.90562248995984,118.070281124498,0.028112449799184352,0.03992068347501118,0.18941035179190926,0.03717352002201968,0.0001,0.05944217634350616,0.10497865940937277,0.0
7823.028843814134,130.3838140635689,替浆中置液,0.05518506375135612,0.05518506375135612,172.56425702811245,99.90562248995984,118.070281124498,0.03212851405621069,0.0403549827585429,0.21633927850147444,0.042345157598765004,0.0003,0.06037938711041412,0.1048009767575495,0.0
7824.785571148,130.41309285246666,替浆中置液,0.05608321681811025,0.05608321681811025,172.56425702811245,108.98795180722891,118.070281124498,0.02811244979918436,0.04078929710984173,0.18989987171165706,0.037267779955974856,0.0006,0.06131844502847739,0.10462402856365065,0.0
7826.551287993358,130.44252146655597,替浆中置液,0.05698587386109056,0.05698587386109056,172.56425702811245,108.98795180722891,118.070281124498,0.02811244979918436,0.041224409674509487,0.1911121384344409,0.03750116930847924,0.0013,0.06226130657227305,0.10444703682150075,0.0
7828.335107451947,130.47225179086578,替浆中置液,0.05789770085154262,0.05789770085154262,181.64658634538154,108.98795180722891,127.15261044176707,0.0321285140562107,0.041662261740106454,0.2196735094755904,0.04298355320687619,0.002,0.06321284866935786,0.10427051116842513,0.0
7830.110441117946,130.5018406852991,替浆中置液,0.05880509344689139,0.05880509344689139,181.64658634538154,108.98795180722891,127.15261044176707,0.0321285140562107,0.042097185367937204,0.2210768546104434,0.04325212039078441,0.003,0.06415890107405998,0.1040948479024588,0.0
7831.863695581805,130.53106159303007,替浆中置液,0.0597011054024189,0.0597011054024189,181.64658634538154,108.98795180722891,127.15261044176707,0.0321285140562107,0.042526294591398686,0.22240287766567524,0.043505820697333,0.0052,0.06509231122668299,0.10391912291280632,0.0
7833.499842033162,130.55833070055272,替浆中置液,0.0605371398584739,0.0605371398584739,190.7289156626506,118.070281124498,127.15261044176707,0.032128514056210686,0.04292911906575247,0.2237197107736104,0.04375769616865177,0.008,0.06596261479164932,0.10375245719302245,0.0
7835.091835611973,130.5848639268662,替浆中置液,0.06135053507700781,0.06135053507700781,190.7289156626506,118.070281124498,136.23493975903614,0.032128514056210686,0.043321331966866244,0.2254605585424307,0.04409057267277239,0.0104,0.06680886541599541,0.10361421025201667,0.0
7836.724732196772,130.6120788699462,替浆中置液,0.06218478756441788,0.06218478756441788,190.7289156626506,118.070281124498,136.23493975903614,0.032128514056210686,0.04372143037128727,0.22701748170045838,0.04438818183978388,0.0129,0.06767639901129961,0.10348142664455372,0.0
7838.350897294926,130.63918162158208,替浆中置液,0.06301552954562621,0.06301552954562621,190.7289156626506,118.070281124498,136.23493975903614,0.032128514056210686,0.04411898720520425,0.22867279927912645,0.04470449768477358,0.0154,0.06853990806119856,0.10334124025404087,0.0
7839.895808673743,130.6649301445624,替浆中置液,0.06380466679824581,0.06380466679824581,199.81124497991968,118.070281124498,136.23493975903614,0.03614457831323703,0.04449779503876606,0.2591499761664033,0.050509729005214,0.0178,0.0693599140792691,0.10320233870866659,0.0
7841.433061403627,130.6905510233938,替浆中置液,0.06458983576871491,0.06458983576871491,199.81124497991968,118.070281124498,136.23493975903614,0.03614457831323703,0.04487389253026534,0.2610821298578444,0.05087657034768156,0.0205,0.07017564730741829,0.10306937256875272,0.0
7843.023070026487,130.7170511671081,替浆中置液,0.06540191070209044,0.06540191070209044,199.81124497991968,127.15261044176707,136.23493975903614,0.03212851405621069,0.04526034582784816,0.23383863761703488,0.04569096842816389,0.0234,0.07101924659946779,0.10293401568395862,0.0
7844.334388379118,130.7389064729853,替浆中置液,0.0660715045612404,0.0660715045612404,208.89357429718876,127.15261044176707,145.31726907630522,0.03614457831323704,0.04558424775773711,0.26513534845408365,0.051645659523948284,0.0259,0.07171484845281663,0.102801341852381,0.0
7845.586906815865,130.75978178026443,替浆中置液,0.06671103095268748,0.06671103095268748,208.89357429718876,127.15261044176707,145.31726907630522,0.03614457831323704,0.045894057425197116,0.26715141585092544,0.05202797169535556,0.0278,0.07237931399971097,0.10269765438677991,0.0
7847.0578506777765,130.78429751129627,替浆中置液,0.06746212037455203,0.06746212037455203,208.89357429718876,127.15261044176707,145.31726907630522,0.03614457831323704,0.046251569451178094,0.26925203507741197,0.052426153700386946,0.0298,0.0731598228896239,0.10258365823142039,0.0
7848.573211364074,130.80955352273457,替浆中置液,0.06823583459100652,0.06823583459100652,208.89357429718876,127.15261044176707,145.31726907630522,0.03614457831323704,0.04661756172163548,0.270979979794725,0.052753568166114095,0.0322,0.07396402290560931,0.10244573989265823,0.0
7849.991911904006,130.83319853173344,替浆中置液,0.06896009990603147,0.06896009990603147,217.97590361445782,127.15261044176707,145.31726907630522,0.04016064257026336,0.04696131346446832,0.3020726503711155,0.05862577523479773,0.0345,0.0747170781202821,0.10231121732320028,0.0
7851.368698663415,130.85614497772357,替浆中置液,0.0696629029087859,0.0696629029087859,217.97590361445782,136.23493975903614,145.31726907630522,0.03614457831323703,0.047294789632387486,0.2739360675134613,0.05331343135808797,0.0372,0.07544812027823665,0.10218909369371963,0.0
7852.736497299577,130.87894162165964,替浆中置液,0.07036106464672881,0.07036106464672881,217.97590361445782,136.23493975903614,154.3995983935743,0.03614457831323703,0.04762523352311195,0.27604813221296715,0.05371323956668761,0.0394,0.07617466310114097,0.10207300213935033,0.0
7854.000062458933,130.9000010409822,替浆中置液,0.07100594710777502,0.07100594710777502,217.97590361445782,136.23493975903614,154.3995983935743,0.03614457831323703,0.04793164316417905,0.27825429895279885,0.054130680740873904,0.0416,0.07684611066191681,0.10195986214350161,0.0
7855.227290993675,130.92045484989458,替浆中置液,0.07163223643797882,0.07163223643797882,217.97590361445782,136.23493975903614,154.3995983935743,0.03614457831323703,0.04822906452400848,0.2792590385557458,0.05432073211787425,0.0433,0.07749854857433806,0.10185022341483665,0.0
7856.6714156995795,130.944523594993,替浆中置液,0.0723692307571284,0.0723692307571284,227.0582329317269,136.23493975903614,154.3995983935743,0.04016064257026337,0.04857300886934929,0.31263796444300157,0.060612857948900145,0.0453,0.07826673023985176,0.10173436675297849,0.0
7858.1105792737,130.96850965456167,替浆中置液,0.07310361873764605,0.07310361873764605,227.0582329317269,136.23493975903614,154.3995983935743,0.04016064257026337,0.04891467803861293,0.313499123891296,0.06077463643938941,0.0476,0.07903269204308001,0.10160439400923206,0.0
7859.550932798638,130.99251554664397,替浆中置液,0.07383854765687305,0.07383854765687305,227.0582329317269,136.23493975903614,154.3995983935743,0.04016064257026337,0.049255427622224776,0.3142086309272922,0.060907904384477685,0.0501,0.07979975760526396,0.10148446993851712,0.0
7860.992400882538,131.01654001470897,替浆中置液,0.07457398174225562,0.07457398174225562,227.0582329317269,145.31726907630522,163.48192771084337,0.03614457831323703,0.04959525877441174,0.28336102082011116,0.05509624587693518,0.052,0.0805679223955309,0.10136774421071561,0.0
7862.4350869779455,131.04058478296577,替浆中置液,0.07530997547594948,0.07530997547594948,236.140562248996,145.31726907630522,163.48192771084337,0.04016064257026337,0.049934210862389694,0.3156680010508176,0.06118196097704787,0.0538,0.08133726839446741,0.10125213572784815,0.0
7863.879058621381,131.064650977023,替浆中置液,0.07604656324509912,0.07604656324509912,236.140562248996,145.31726907630522,163.48192771084337,0.04016064257026337,0.05027230687355995,0.31657694821861,0.061352612664769546,0.0552,0.08210783783311361,0.10113658281966109,0.0
7865.324431949799,131.08874053249664,替浆中置液,0.07678380470263843,0.07678380470263843,236.140562248996,145.31726907630522,163.48192771084337,0.04016064257026337,0.05060958740632755,0.3161671128947387,0.06127567134028744,0.0563,0.08287970503806022,0.1010208100329325,0.0
7866.77082018598,131.11284700309966,替浆中置液,0.07752150147738558,0.07752150147738558,236.140562248996,145.31726907630522,163.48192771084337,0.04016064257026337,0.05094598586744781,0.31702358479618964,0.061436455771300635,0.0576,0.08365266391497837,0.10090432535638855,0.0
7868.21780125824,131.136963354304,替浆中置液,0.0782594406970789,0.0782594406970789,245.22289156626508,145.31726907630522,172.56425702811245,0.04417670682728971,0.051281450214534396,0.3481590838296166,0.06726282511711146,0.0579,0.0844265137595964,0.10078693928989677,0.0
7869.665116632635,131.1610852772106,替浆中置液,0.07899749166888743,0.07899749166888743,245.22289156626508,154.3995983935743,172.56425702811245,0.04016064257026337,0.05161595198197175,0.3174917087757552,0.061524324478171466,0.0594,0.0852011123539763,0.10066855600653699,0.0
7871.112608734336,131.18521014557228,替浆中置液,0.07973557579869293,0.07973557579869293,245.22289156626508,154.3995983935743,172.56425702811245,0.04016064257026337,0.05194949104802485,0.31699898326749903,0.06143183774034733,0.0598,0.08597637669740842,0.10054924041955011,0.0
7872.560191111712,131.20933651852854,替浆中置液,0.08047364918707693,0.08047364918707693,254.30522088353413,154.3995983935743,172.56425702811245,0.0441767068272897,0.05228207440822463,0.34983316360212346,0.0675750681297308,0.0612,0.08675224404016717,0.10042894589652335,0.0
7874.007818861206,131.23346364768676,替浆中置液,0.08121168938463548,0.08121168938463548,254.30522088353413,154.3995983935743,172.56425702811245,0.0441767068272897,0.05261372016990187,0.3493550928850063,0.06748591085628308,0.0619,0.08752867831515965,0.10030810420269863,0.0
7875.455469272189,131.25759115453647,替浆中置液,0.08194968624432568,0.08194968624432568,254.30522088353413,154.3995983935743,172.56425702811245,0.0441767068272897,0.05294444811343363,0.3505688195102664,0.06771224681985799,0.0635,0.08830564431918408,0.10018622303940096,0.0
7876.808132956103,131.28013554926838,井浆快替,0.08263918769454437,0.08263918769454437,254.30522088353413,154.3995983935743,181.64658634538154,0.0441767068272897,0.053254537189902286,0.3501854765072558,0.06764076688236476,0.0643,0.08903209075903559,0.10006361956586365,0.0
7878.166084257939,131.30276807096564,井浆快替,0.0833313448741343,0.0833313448741343,263.3875502008032,163.48192771084337,181.64658634538154,0.04417670682728971,0.053564971212445515,0.3515508111405159,0.06789532859491376,0.0656,0.089761824022954,0.099949658620353,0.0
7879.518844755597,131.32531407925995,井浆快替,0.08402081146494769,0.08402081146494769,263.3875502008032,163.48192771084337,181.64658634538154,0.04417670682728971,0.053873568665056035,0.35293424101527504,0.06815319320927249,0.0667,0.09048917908357997,0.09983618278091587,0.0
7880.871632690827,131.34786054484712,井浆快替,0.08471024878279648,0.08471024878279648,263.3875502008032,163.48192771084337,181.64658634538154,0.04417670682728971,0.05418144394503104,0.3543579705208338,0.06841849499437969,0.0677,0.09121694963230953,0.09972258162091348,0.0
7882.2244385531485,131.37040730921913,井浆快替,0.08539965213438555,0.08539965213438555,263.3875502008032,163.48192771084337,181.64658634538154,0.04417670682728971,0.054488611974457514,0.35580919508461734,0.06868884255162633,0.0687,0.09194510776312666,0.09960893710894275,0.0
7883.577256007255,131.39295426678757,井浆快替,0.08608901988008655,0.08608901988008655,263.3875502008032,163.48192771084337,190.7289156626506,0.04417670682728971,0.05479509493456325,0.3556030720006207,0.06865044881466154,0.0704,0.09267364136742375,0.09949473706007798,0.0
7884.930080902763,131.41550134837937,井浆快替,0.08677835062956693,0.08677835062956693,272.4698795180723,163.48192771084337,190.7289156626506,0.048192771084316036,0.0551009045916936,0.38952524356525076,0.07494774272402305,0.0719,0.0934025214082327,0.09937994169228025,0.0
7886.282910551112,131.4380485091852,井浆快替,0.08746764458984711,0.08746764458984711,272.4698795180723,172.56425702811245,190.7289156626506,0.0441767068272897,0.05540606196526289,0.36018940100294206,0.06950435221817586,0.0731,0.09413174141958508,0.09926448675585911,0.0
7887.6357432241875,131.46059572040312,井浆快替,0.08815690137241876,0.08815690137241876,272.4698795180723,172.56425702811245,190.7289156626506,0.0441767068272897,0.05571058226816917,0.3616379536756223,0.06977388756417846,0.075,0.09486128492209321,0.09914825579425113,0.0
7888.988577817267,131.4831429636211,井浆快替,0.08884612094610118,0.08884612094610118,272.4698795180723,172.56425702811245,190.7289156626506,0.0441767068272897,0.05601448341380431,0.363087598149345,0.07004354789976897,0.0757,0.09559114574883355,0.09903145139821874,0.0
7890.341413626871,131.5056902271145,井浆快替,0.08953530404901987,0.08953530404901987,281.5522088353414,172.56425702811245,190.7289156626506,0.04819277108431605,0.05631777977014553,0.3994835518644046,0.07678830034574147,0.0777,0.09632130730215206,0.09891370911263604,0.0
7891.694250206267,131.52823750343777,井浆快替,0.09022445161242383,0.09022445161242383,281.5522088353414,172.56425702811245,199.81124497991968,0.04819277108431605,0.05662048692444034,0.39923982596118035,0.07674329712783234,0.0782,0.09705176074068055,0.09879542707552447,0.0
7893.047087272319,131.55078478787198,井浆快替,0.09091356414202034,0.09091356414202034,281.5522088353414,172.56425702811245,199.81124497991968,0.04819277108431605,0.05692261639888757,0.4008408747975189,0.07703888561410144,0.0801,0.09778248981139658,0.09867640381312792,0.0
7894.399924645833,131.57333207743056,井浆快替,0.09160264211606159,0.09160264211606159,281.5522088353414,172.56425702811245,199.81124497991968,0.04819277108431605,0.05722417933457965,0.40426003290931606,0.07766981985934562,0.0815,0.09851348071570516,0.09855677453472604,0.0
7895.752762213512,131.5958793702252,井浆快替,0.09229168607989122,0.09229168607989122,290.63453815261045,181.64658634538154,199.81124497991968,0.048192771084316036,0.057525190745972586,0.4076521174761182,0.07829533205023997,0.0831,0.09924473787190205,0.09843617560109616,0.0
7897.10559990377,131.61842666506283,井浆快替,0.09298069729759806,0.09298069729759806,290.63453815261045,181.64658634538154,199.81124497991968,0.048192771084316036,0.0578256637356613,0.40741070936986695,0.07825082958024032,0.0849,0.09997625823152684,0.09831479296276262,0.0
7898.4584376714,131.64097396119,井浆快替,0.09366967675237975,0.09366967675237975,290.63453815261045,181.64658634538154,199.81124497991968,0.048192771084316036,0.05812560954834455,0.40899861712550656,0.07854351363354539,0.0862,0.10070803412431178,0.09819269020972167,0.0
7899.811275487862,131.66352125813103,井浆快替,0.0943586246964729,0.0943586246964729,290.63453815261045,181.64658634538154,208.89357429718876,0.048192771084316036,0.058425033807183,0.41057671068685364,0.07883429665248975,0.088,0.10144004727094437,0.0980667388153743,0.0
7901.164113335142,131.6860685555857,井浆快替,0.09504754210063136,0.09504754210063136,299.7168674698795,181.64658634538154,208.89357429718876,0.052208835341342366,0.05872394913885817,0.4485163363062106,0.0857975811851841,0.0889,0.1021722958373174,0.09794762863092742,0.0
7902.516951201871,131.7086158533645,井浆快替,0.0957364284616961,0.0957364284616961,299.7168674698795,181.64658634538154,208.89357429718876,0.052208835341342366,0.05902235885123087,0.4502345931292358,0.08611169411817476,0.0897,0.1029047606079484,0.09783389494230962,0.0
7903.869789080874,131.7311631513479,井浆快替,0.09642528410490935,0.09642528410490935,299.7168674698795,190.7289156626506,208.89357429718876,0.048192771084316036,0.05932027181717366,0.41720099725310034,0.08005390169156423,0.0905,0.10363743626752223,0.09772701206642992,0.0
7905.137051252231,131.75228418753719,井浆快替,0.09707051989784261,0.09707051989784261,299.7168674698795,190.7289156626506,208.89357429718876,0.048192771084316036,0.05960031921359837,0.42061301835523424,0.08068146264214116,0.091,0.10432393279280873,0.09763135780893219,0.0
7906.409128234488,131.7734854705748,井浆快替,0.09771818517830756,0.09771818517830756,299.7168674698795,190.7289156626506,208.89357429718876,0.048192771084316036,0.05988092347438268,0.4204513416270279,0.08065173567886796,0.0924,0.10501322223226578,0.0975365743684044,0.0
7907.676475713249,131.79460792855414,井浆快替,0.09836341824556938,0.09836341824556938,308.7991967871486,190.7289156626506,217.97590361445782,0.05220883534134239,0.06016014182780023,0.45916043277253693,0.08774168287750994,0.0929,0.10570012866848005,0.09746404250952664,0.0
7908.942078549644,131.81570130916074,井浆快替,0.09900774044832962,0.09900774044832962,308.7991967871486,190.7289156626506,217.97590361445782,0.05220883534134239,0.06043859635170932,0.46094560261321144,0.08806733194708727,0.0936,0.10638627773754611,0.09738647000362415,0.0
7910.203744185818,131.83672906976363,井浆快替,0.09965003442634207,0.09965003442634207,308.7991967871486,190.7289156626506,217.97590361445782,0.05220883534134239,0.06071584218424285,0.46270578788357936,0.08838830953574472,0.0941,0.10707046112068772,0.0973271332314665,0.0
7911.462297262002,131.8577049543667,井浆快替,0.10029072017203043,0.10029072017203043,308.7991967871486,199.81124497991968,217.97590361445782,0.04819277108431605,0.060992054874334255,0.4287234420901371,0.08217146643628903,0.0943,0.1077531213030536,0.09726270390878654,0.0
7912.719006676362,131.87865011127272,井浆快替,0.1009304440851036,0.1009304440851036,317.8815261044177,199.81124497991968,217.97590361445782,0.05220883534134238,0.06126749794716006,0.46618253286300915,0.08902197747363272,0.0945,0.10843493634467616,0.09721662602333091,0.0
7913.972157911125,131.8995359651854,井浆快替,0.10156833368407857,0.10156833368407857,317.8815261044177,199.81124497991968,217.97590361445782,0.05220883534134238,0.06154183118564574,0.4679232717652181,0.08933907724821233,0.0949,0.10911497089544574,0.09716649362285681,0.0
7915.223066790439,131.9203844465073,井浆快替,0.10220505950257731,0.10220505950257731,317.8815261044177,199.81124497991968,227.0582329317269,0.05220883534134238,0.0618153289553713,0.4696603308217148,0.0896553966591338,0.0947,0.10979393389578186,0.09712445160070561,0.0
7916.472863208033,131.94121438680057,井浆快替,0.10284119710228148,0.10284119710228148,317.8815261044177,199.81124497991968,227.0582329317269,0.05220883534134238,0.06208822609003126,0.47142955861859154,0.08997746107063598,0.0946,0.1104724320154574,0.0970938179719942,0.0
7917.719771112646,131.96199618521078,井浆快替,0.10347584173616271,0.10347584173616271,317.8815261044177,199.81124497991968,227.0582329317269,0.05220883534134238,0.06236016579088113,0.47316991907825534,0.09029415939934471,0.0946,0.11114948892361956,0.09706021178567309,0.0
7918.967433316499,131.982790555275,井浆快替,0.10411084867393451,0.10411084867393451,326.96385542168673,199.81124497991968,227.0582329317269,0.056224899598368704,0.06263189097842346,0.511438695529979,0.09723024786797241,0.0948,0.11182708340742092,0.09703426662750499,0.0
7920.216041211987,132.00360068686646,井浆快替,0.10474631662135203,0.10474631662135203,326.96385542168673,208.89357429718876,227.0582329317269,0.052208835341342366,0.06290344934234429,0.47479772979268353,0.09059027697725419,0.0948,0.11250532494064505,0.09700770387598309,0.0
7921.465875593417,132.0244312598903,井浆快替,0.1053823893021202,0.1053823893021202,326.96385542168673,208.89357429718876,227.0582329317269,0.052208835341342366,0.06317490401880949,0.4747010958092677,0.09057270083059088,0.0947,0.11318436641525677,0.0969798905727367,0.0
7922.717042553736,132.04528404256226,井浆快替,0.10601912026115527,0.10601912026115527,326.96385542168673,208.89357429718876,236.140562248996,0.052208835341342366,0.06344627429216758,0.4746075852158068,0.09055569245425399,0.0947,0.11386424640668011,0.09695078981780371,0.0
7923.969345251848,132.06615575419747,井浆快替,0.10665640969700074,0.10665640969700074,336.04618473895584,208.89357429718876,236.140562248996,0.05622489959836872,0.06371752534914413,0.5110019715701262,0.09715139218800883,0.0947,0.114544855481657,0.09692048836134773,0.0
7925.222421560618,132.08704035934363,井浆快替,0.10729407335539103,0.10729407335539103,336.04618473895584,208.89357429718876,236.140562248996,0.05622489959836872,0.06398858831778034,0.5108962497109416,0.0971323018195066,0.0948,0.11522599200743759,0.09688954022050757,0.0
7926.475945100443,132.1079324183407,井浆快替,0.1079319451953739,0.1079319451953739,336.04618473895584,208.89357429718876,236.140562248996,0.05622489959836872,0.06425940258707587,0.5107872532778904,0.09711261973325591,0.0946,0.11590747750872397,0.09685825070392932,0.0
7927.72970230068,132.128828371678,井浆快替,0.10856991719242398,0.10856991719242398,336.04618473895584,208.89357429718876,236.140562248996,0.05622489959836872,0.0645299311516124,0.5106958058911962,0.09709610624396392,0.0946,0.11658919185065526,0.09682689465315182,0.0
7928.9835750397015,132.1497262506617,井浆快替,0.10920792900223412,0.10920792900223412,336.04618473895584,217.97590361445782,236.140562248996,0.05220883534134239,0.06480015142434328,0.4741131775009394,0.09046576075165602,0.0948,0.11727105968551711,0.0967956547265261,0.0
7930.237503393237,132.17062505655394,井浆快替,0.10984595146656925,0.10984595146656925,345.1285140562249,217.97590361445782,245.22289156626508,0.05622489959836872,0.06507005907871753,0.5104734581392846,0.09705595362099217,0.0947,0.11795305136892505,0.09676458319290901,0.0
7931.491458211271,132.19152430352116,井浆快替,0.11048397021453722,0.11048397021453722,345.1285140562249,217.97590361445782,245.22289156626508,0.05622489959836872,0.06533965132147787,0.5103836545990916,0.09703973596096005,0.0946,0.11863514622347646,0.09673293136867692,0.0
7932.745425576926,132.21242375961543,井浆快替,0.11112197765041618,0.11112197765041618,345.1285140562249,217.97590361445782,245.22289156626508,0.05622489959836872,0.06560892513282345,0.5102888889437138,0.09702262187453747,0.0945,0.11931732408429586,0.09670102328093845,0.0
7933.999398892264,132.23332331487106,井浆快替,0.11175997060564667,0.11175997060564667,345.1285140562249,217.97590361445782,245.22289156626508,0.05622489959836872,0.06587788361487792,0.5101812453771224,0.097003181724171,0.0944,0.11999957996871356,0.09666927714573144,0.0
7935.253375033431,132.25422291722387,井浆快替,0.11239794771120754,0.11239794771120754,354.21084337349396,217.97590361445782,245.22289156626508,0.06024096385539505,0.06614653051077253,0.5465075272654787,0.10353991085781244,0.0945,0.12068191059736084,0.0966376917935476,0.0
7936.507352519675,132.2751225419946,井浆快替,0.11303590869565139,0.11303590869565139,354.21084337349396,227.0582329317269,245.22289156626508,0.056224899598368704,0.0664148690510726,0.5099822014375663,0.09696723379983085,0.0945,0.1213643078700496,0.09660627608067773,0.0
7937.761330647591,132.29602217745986,井浆快替,0.11367385401677965,0.11367385401677965,354.21084337349396,227.0582329317269,254.30522088353413,0.056224899598368704,0.06668290579066966,0.5098847004863937,0.09694962431740828,0.0943,0.122046774458281,0.09657516705928794,0.0
7939.015309082251,132.3169218180375,井浆快替,0.11431178315106272,0.11431178315106272,354.21084337349396,227.0582329317269,254.30522088353413,0.056224899598368704,0.06695064099897285,0.5098689398789817,0.09694677778843319,0.0945,0.12272929901282265,0.09654445330496185,0.0
7940.269287663817,132.3378214610636,井浆快替,0.11494969612589984,0.11494969612589984,354.21084337349396,227.0582329317269,254.30522088353413,0.056224899598368704,0.06721807775029237,0.5097533012272718,0.09692589197550561,0.0944,0.12341187645707462,0.09651408066640658,0.0
7941.52326631585,132.35872110526418,井浆快替,0.1155875934645479,0.1155875934645479,363.2931726907631,227.0582329317269,254.30522088353413,0.06024096385539506,0.06748522339890305,0.5460556657392711,0.10345889203212577,0.0943,0.12409451709870338,0.096484127905609,0.0
7942.777245001735,132.37962075002892,井浆快替,0.11622547513993162,0.11622547513993162,363.2931726907631,227.0582329317269,254.30522088353413,0.06024096385539506,0.06775207713405589,0.5459414504691544,0.1034384120612507,0.0945,0.12477720840756001,0.0964541311950137,0.0
7944.0312237039,132.400520395065,井浆快替,0.11686334146795554,0.11686334146795554,363.2931726907631,227.0582329317269,254.30522088353413,0.06024096385539506,0.06801864176506453,0.5458720522149239,0.10342596801308879,0.0942,0.12545994558408488,0.09642509412779737,0.0
7945.285202413904,132.42142004023174,井浆快替,0.11750119308333268,0.11750119308333268,363.2931726907631,236.140562248996,254.30522088353413,0.05622489959836872,0.06828492338254633,0.5093958912693484,0.09686133613245285,0.0946,0.12614273395479447,0.09639577059905377,0.0
7946.539181127687,132.44231968546146,井浆快替,0.11813902945432586,0.11813902945432586,372.37550200803213,236.140562248996,263.3875502008032,0.06024096385539505,0.06855092047973095,0.5456595702542759,0.10338786604185979,0.0945,0.12682555977595195,0.09636664390282199,0.0
7947.793159843292,132.46321933072153,井浆快替,0.11877685155376744,0.11877685155376744,372.37550200803213,236.140562248996,263.3875502008032,0.06024096385539505,0.06881664276114881,0.5455751247605679,0.10337272294312017,0.0946,0.12750843690558125,0.09633693832022232,0.0
7949.047138559778,132.4841189759963,井浆快替,0.11941465805476077,0.11941465805476077,372.37550200803213,236.140562248996,263.3875502008032,0.06024096385539505,0.06908208483371918,0.545497968803821,0.10335888680928507,0.0943,0.12819134410180896,0.09630741627028747,0.0
7950.301117276689,132.50501862127814,井浆快替,0.12005244951748946,0.12005244951748946,372.37550200803213,236.140562248996,263.3875502008032,0.06024096385539505,0.0693472529187392,0.5453946251555474,0.10334035418499699,0.0946,0.12887428597977382,0.0962777352785419,0.0
7951.555095993806,132.52591826656345,井浆快替,0.12069022597340778,0.12069022597340778,372.37550200803213,236.140562248996,263.3875502008032,0.06024096385539505,0.06961214787635558,0.5452782972093367,0.10331949262731022,0.0942,0.12955725428995393,0.09624829433763693,0.0
7952.809074711023,132.54681791185038,井浆快替,0.12132798871464104,0.12132798871464104,381.4578313253012,245.22289156626508,263.3875502008032,0.060240963855395034,0.06987677822023211,0.5452138257970677,0.10330793050103482,0.0943,0.13024026361898358,0.09621905754082713,0.0
7954.063053428287,132.5677175571381,井浆快替,0.12196573713657888,0.12196573713657888,381.4578313253012,245.22289156626508,272.4698795180723,0.060240963855395034,0.07014113956884126,0.5450943827186181,0.1032865095129365,0.0942,0.13092329356475585,0.09619010449200768,0.0
7955.3170321455755,132.58861720242626,井浆快替,0.12260347220411792,0.12260347220411792,381.4578313253012,245.22289156626508,272.4698795180723,0.060240963855395034,0.07040524059465479,0.5449913104540915,0.10326802406438429,0.0944,0.13160635644417892,0.0961614631460189,0.0
7956.5710108628755,132.6095168477146,井浆快替,0.12324119349074938,0.12324119349074938,381.4578313253012,245.22289156626508,272.4698795180723,0.060240963855395034,0.07066908139914288,0.5448775495435095,0.10324762122305442,0.0942,0.1322894450382836,0.09613325623624673,0.0
7957.824989580181,132.63041649300303,井浆快替,0.12387890140120182,0.12387890140120182,390.5401606425703,245.22289156626508,272.4698795180723,0.06425702811242139,0.07093266667713301,0.5811280288117272,0.10972565038414717,0.0942,0.13297256150650366,0.09610542684617165,0.0
7959.078968297489,132.6513161382915,井浆快替,0.12451659524397216,0.12451659524397216,390.5401606425703,245.22289156626508,272.4698795180723,0.06425702811242139,0.07119599241327296,0.5810305172816754,0.10970828781204323,0.0942,0.13365568581861345,0.09607697902486521,0.0
7960.332947014798,132.67221578357996,井浆快替,0.1251542757670113,0.1251542757670113,390.5401606425703,245.22289156626508,272.4698795180723,0.06425702811242139,0.07145906514489804,0.5809347801700888,0.1096912408574422,0.0941,0.13433882602121006,0.0960488021434062,0.0
7961.586925732108,132.69311542886848,井浆快替,0.12579194351160142,0.12579194351160142,390.5401606425703,254.30522088353413,281.5522088353414,0.06024096385539506,0.0717218896000613,0.54454303739272,0.10318762430271688,0.0942,0.13502198382855504,0.09602080736087933,0.0
7962.764858106969,132.71274763511616,井浆快替,0.12639091778109837,0.12639091778109837,390.5401606425703,254.30522088353413,281.5522088353414,0.06024096385539506,0.07196955637371995,0.5444304127706088,0.1031674234442228,0.094,0.13566371653422846,0.09599309509766957,0.0
7963.947119337237,132.73245198895395,井浆快替,0.12699208468002526,0.12699208468002526,399.62248995983936,254.30522088353413,281.5522088353414,0.06425702811242139,0.07221786027496235,0.5806465121545209,0.10963990986990013,0.0943,0.13630783314618014,0.09596896726758651,0.0
7965.12513177828,132.752085529638,井浆快替,0.12759107972551578,0.12759107972551578,399.62248995983936,254.30522088353413,281.5522088353414,0.06425702811242139,0.07246510732610213,0.5805270504401406,0.10961863682721318,0.0942,0.13694964402384593,0.09594497190393382,0.0
7966.303165916411,132.77171943194017,井浆快替,0.12819007562838297,0.12819007562838297,399.62248995983936,254.30522088353413,281.5522088353414,0.06425702811242139,0.07271214441494003,0.5804486149992693,0.10960466922670509,0.0944,0.13759148551867326,0.09592067365671161,0.0
7967.481213707085,132.79135356178475,井浆快替,0.1287890673592351,0.1287890673592351,399.62248995983936,254.30522088353413,281.5522088353414,0.06425702811242139,0.07295896538747347,0.5803386235511803,0.10958508183690063,0.0943,0.13823333679909405,0.09589622337488721,0.0
7968.6592699819275,132.81098783303213,井浆快替,0.12938805305320025,0.12938805305320025,399.62248995983936,254.30522088353413,290.63453815261045,0.06425702811242139,0.07320557541720239,0.5802509836900399,0.10956947453216181,0.0944,0.1388752039337759,0.09587194482404984,0.0
7969.837331482797,132.83062219137994,井浆快替,0.1299870304345473,0.1299870304345473,408.7048192771084,263.3875502008032,290.63453815261045,0.06425702811242137,0.0734519717817062,0.5801679616789368,0.1095546893428182,0.0942,0.13951707418885118,0.0958478409826778,0.0
7971.015396182305,132.85025660303842,井浆快替,0.13058599825406736,0.13058599825406736,408.7048192771084,263.3875502008032,290.63453815261045,0.06425702811242137,0.07369815654465843,0.5800897241089159,0.10954075597833879,0.0942,0.14015894905566778,0.09582387633227049,0.0
7972.193462830446,132.8698910471741,井浆快替,0.13118495550610723,0.13118495550610723,408.7048192771084,263.3875502008032,290.63453815261045,0.06425702811242137,0.07394412822557564,0.579985855840799,0.10952225769429991,0.0942,0.14080081952278906,0.09580019221804667,0.0
7973.3715306616095,132.88952551102682,井浆快替,0.1317839025853242,0.1317839025853242,408.7048192771084,263.3875502008032,290.63453815261045,0.06425702811242137,0.07418989129457365,0.5798889622013719,0.10950500120123985,0.0942,0.14144269132452358,0.09577682113653034,0.0
7974.549599209143,132.90915998681905,井浆快替,0.13238283915505805,0.13238283915505805,408.7048192771084,263.3875502008032,290.63453815261045,0.06425702811242137,0.07443544611946007,0.579817235476094,0.10949222665158431,0.0943,0.14208456029804128,0.09575331629401264,0.0
7975.727668189632,132.9287944698272,井浆快替,0.13298176521065994,0.13298176521065994,408.7048192771084,263.3875502008032,290.63453815261045,0.06425702811242137,0.07468079412106794,0.579724479199893,0.10947570646135296,0.0941,0.1427264237948405,0.09573015720962401,0.0
7976.905737431412,132.9484289571902,井浆快替,0.1335806806514307,0.1335806806514307,417.7871485943775,263.3875502008032,299.7168674698795,0.06827309236944773,0.07492593706436333,0.6158735793199462,0.11589081883340968,0.0941,0.1433682801409198,0.09570668440124343,0.0
7978.08380683071,132.9680634471785,井浆快替,0.13417958494245086,0.13417958494245086,417.7871485943775,272.4698795180723,299.7168674698795,0.0642570281124214,0.07517087366229439,0.5795595598587413,0.10944633304097706,0.0941,0.14401012063556715,0.09568346519920871,0.0
7979.261876324894,132.98769793874823,井浆快替,0.13477847854036454,0.13477847854036454,417.7871485943775,272.4698795180723,299.7168674698795,0.0642570281124214,0.07541560922161814,0.5794673155366055,0.10942990318555468,0.0941,0.14465195287145025,0.09566049388505653,0.0
7980.439945876198,133.00733243126996,井浆快替,0.135377361516333,0.135377361516333,417.7871485943775,272.4698795180723,299.7168674698795,0.0642570281124214,0.07566014549722098,0.5793809554118952,0.10941452110379035,0.0939,0.14529377314421546,0.0956377718654323,0.0
7981.618015461874,133.02696692436456,井浆快替,0.1359762341314885,0.1359762341314885,417.7871485943775,272.4698795180723,299.7168674698795,0.0642570281124214,0.07590448548947028,0.5792863509406502,0.10939767027070857,0.0941,0.1459355817088544,0.09561535431669876,0.0
7982.796085068227,133.04660141780377,井浆快替,0.13657509608178464,0.13657509608178464,426.8694779116466,272.4698795180723,299.7168674698795,0.06827309236944773,0.07614862644919822,0.6153903895483684,0.11580537620231601,0.0938,0.1465773665637451,0.09559322760172131,0.0
7983.974154687014,133.06623591145024,井浆快替,0.13717394841004527,0.13717394841004527,426.8694779116466,272.4698795180723,299.7168674698795,0.06827309236944773,0.0763925754137813,0.6153052723787624,0.11579032404544498,0.0938,0.14721913912278703,0.0955713665409475,0.0
7985.152224313279,133.0858704052213,井浆快替,0.1377727904881216,0.1377727904881216,426.8694779116466,272.4698795180723,308.7991967871486,0.06827309236944773,0.07663632935617344,0.6151924873100628,0.11577037869068252,0.0939,0.14786088469951145,0.09554980991446639,0.0
7986.330293944039,133.1055048990673,井浆快替,0.13837162290066315,0.13837162290066315,426.8694779116466,281.5522088353414,308.7991967871486,0.06425702811242137,0.07687989397243013,0.5789122725239149,0.10933103675623446,0.0939,0.14850261097219228,0.09552852444771115,0.0
7987.508363577503,133.12513939295837,井浆快替,0.1389704457019406,0.1389704457019406,426.8694779116466,281.5522088353414,308.7991967871486,0.06425702811242137,0.07712327035314072,0.5788305779704557,0.10931648407670091,0.0939,0.14914431341234827,0.09550677815142729,0.0
7988.6864332125915,133.14477388687652,井浆快替,0.13956925901162764,0.13956925901162764,435.95180722891564,281.5522088353414,308.7991967871486,0.0682730923694477,0.07736646080033428,0.6149155941197461,0.11572140990261925,0.0939,0.14978599045445198,0.09548513088169334,0.0
7989.864502848657,133.16440838081095,井浆快替,0.14016806265090062,0.14016806265090062,435.95180722891564,281.5522088353414,308.7991967871486,0.0682730923694477,0.07760946478708879,0.6149049893270804,0.115719534382409,0.0938,0.15042763284611732,0.0954631351299033,0.0
7991.04257248531,133.18404287475516,井浆快替,0.14076685673423653,0.14076685673423653,435.95180722891564,281.5522088353414,308.7991967871486,0.0682730923694477,0.07785228375213314,0.614815500565735,0.11570370760806759,0.094,0.1510692371148291,0.0954412641557035,0.0
7992.220642122316,133.20367736870529,井浆快替,0.14136564159178747,0.14136564159178747,435.95180722891564,281.5522088353414,317.8815261044177,0.0682730923694477,0.0780949205908246,0.6147198492237513,0.1156867906208392,0.094,0.15171080324492675,0.09541932789967415,0.0
7993.398711759535,133.22331186265893,井浆快替,0.14196441820985994,0.14196441820985994,445.03413654618475,281.5522088353414,317.8815261044177,0.07228915662647406,0.0783373817295632,0.6508116610195723,0.12204710067694002,0.0939,0.15235234221459917,0.09539717002868799,0.0
7994.576781396881,133.24294635661468,井浆快替,0.14256318620843947,0.14256318620843947,445.03413654618475,290.63453815261045,317.8815261044177,0.06827309236944773,0.07857966674929018,0.6145549122928311,0.11565761895834792,0.0938,0.15299384658380727,0.09537533308656612,0.0
7995.754851034305,133.26258085057174,井浆快替,0.14316194547029257,0.14316194547029257,445.03413654618475,290.63453815261045,317.8815261044177,0.06827309236944773,0.07882177537915762,0.6144586623731979,0.1156405952178744,0.0941,0.15363530861096147,0.09535388219797698,0.0
7996.932920671775,133.2822153445296,井浆快替,0.14376069631991842,0.14376069631991842,445.03413654618475,290.63453815261045,317.8815261044177,0.06827309236944773,0.0790637106000168,0.6143467130254805,0.11562079430450267,0.0937,0.15427672816062288,0.09533287588819789,0.0
7998.110990309272,133.30184983848787,井浆快替,0.14435943913747112,0.14435943913747112,445.03413654618475,290.63453815261045,317.8815261044177,0.06827309236944773,0.07930547555047546,0.6142727256629376,0.11560770763069461,0.0937,0.15491810576743076,0.09531167194319203,0.0
7999.2890599467855,133.32148433244643,井浆快替,0.14495817331897035,0.14495817331897035,454.1164658634538,290.63453815261045,317.8815261044177,0.07228915662647406,0.07954706742347596,0.6502883646702339,0.12195520995899489,0.0937,0.1555594274716,0.09529091392061746,0.0
8000.467129584309,133.34111882640516,井浆快替,0.14555689958973594,0.14555689958973594,454.1164658634538,290.63453815261045,326.96385542168673,0.07228915662647406,0.079788492627469,0.6501792059258285,0.12193604049638163,0.0938,0.15620070166462718,0.09527061788234083,0.0
8001.645199221839,133.36075332036398,井浆快替,0.1461556180582974,0.1461556180582974,454.1164658634538,290.63453815261045,326.96385542168673,0.07228915662647406,0.08002975369301288,0.6500635538028239,0.12191573026928038,0.0936,0.15684192917264692,0.09525083274859421,0.0
8002.823268859373,133.3803878143229,井浆快替,0.14675432876615052,0.14675432876615052,454.1164658634538,299.7168674698795,326.96385542168673,0.06827309236944773,0.08027085138656156,0.6138424954967696,0.11553160590803513,0.0936,0.15748310575287297,0.09523121020828916,0.0
8004.001338496909,133.40002230828182,井浆快替,0.14735303152964555,0.14735303152964555,454.1164658634538,299.7168674698795,326.96385542168673,0.06827309236944773,0.08051178455186309,0.6134966155086727,0.1154704198082307,0.0938,0.15812422176884794,0.09521201333476308,0.0
8005.179408134446,133.41965680224078,井浆快替,0.1479517269503924,0.1479517269503924,463.1987951807229,299.7168674698795,326.96385542168673,0.07228915662647407,0.08075255760862775,0.6492918110364736,0.12178018877255037,0.0936,0.15876528154501812,0.09519325553801443,0.0
8006.357477771984,133.43929129619974,井浆快替,0.14855041493741059,0.14855041493741059,463.1987951807229,299.7168674698795,326.96385542168673,0.07228915662647407,0.08099317098447217,0.6489424695511584,0.12171882690629332,0.0936,0.1594062796993939,0.09517479099988832,0.0
8007.535547409522,133.4589257901587,井浆快替,0.14914909528388173,0.14914909528388173,463.1987951807229,299.7168674698795,336.04618473895584,0.07228915662647407,0.08123362369465087,0.6484574884707289,0.12163363282415873,0.0937,0.16004720597694963,0.09515656673014987,0.0
8008.713617047061,133.4785602841177,井浆快替,0.14974776810049853,0.14974776810049853,463.1987951807229,299.7168674698795,336.04618473895584,0.07228915662647407,0.08147391915784374,0.6479687560757392,0.12154777140823991,0.0935,0.16068806257479834,0.0951385841534868,0.0
8009.8916866846,133.49819477807668,井浆快替,0.15034643313065815,0.15034643313065815,463.1987951807229,299.7168674698795,336.04618473895584,0.07228915662647407,0.08171405787785284,0.6474017914387188,0.12144815549069166,0.0937,0.1613288449995298,0.09511990224106562,0.0
8011.069756322139,133.51782927203564,井浆快替,0.1509450905146359,0.1509450905146359,472.281124497992,308.7991967871486,336.04618473895584,0.07228915662647406,0.0819540418906462,0.6468671002025981,0.12135419967269867,0.0936,0.16196955069806512,0.09510130967281698,0.0
8012.247825959678,133.53746376599463,井浆快替,0.15154374125301093,0.15154374125301093,472.281124497992,308.7991967871486,336.04618473895584,0.07228915662647406,0.08219387819472163,0.6464358954899522,0.121278421163171,0.0938,0.162610190694172,0.09508281561101546,0.0
8013.425895597217,133.55709825995362,井浆快替,0.15214238488406825,0.15214238488406825,472.281124497992,308.7991967871486,336.04618473895584,0.07228915662647406,0.08243356313943509,0.6460773921578654,0.12121541398157165,0.0935,0.16325074991851662,0.0950641862846009,0.0
8014.603965234756,133.5767327539126,井浆快替,0.15274102182993074,0.15274102182993074,472.281124497992,308.7991967871486,336.04618473895584,0.07228915662647406,0.08267310033904611,0.6458237764076662,0.12117083812865803,0.0936,0.16389123001969685,0.0950457400632009,0.0
8015.782034872295,133.5963672478716,井浆快替,0.15333965161232535,0.15333965161232535,472.281124497992,308.7991967871486,345.1285140562249,0.07228915662647406,0.08291248776034806,0.6455840118280783,0.1211286946973108,0.0935,0.16453161940133892,0.09502761137632529,0.0
8016.960104509834,133.61600174183056,井浆快替,0.15393827482928774,0.15393827482928774,481.36345381526104,308.7991967871486,345.1285140562249,0.07630522088350038,0.08315173182819467,0.6812400130332096,0.12737380791932407,0.0937,0.16517192950241052,0.0950098527551818,0.0
8018.138174147373,133.63563623578955,井浆快替,0.15453689128282336,0.15453689128282336,481.36345381526104,317.8815261044177,345.1285140562249,0.07228915662647406,0.08339083250682927,0.6451932400727308,0.12106000439658327,0.0935,0.1658121523267764,0.09499252207578278,0.0
8019.316243784912,133.65527072974854,井浆快替,0.15513550141537413,0.15513550141537413,481.36345381526104,317.8815261044177,345.1285140562249,0.07228915662647406,0.08362979400879254,0.64503759198527,0.12103264290484739,0.0936,0.16645229127350142,0.09497554687079326,0.0
8020.494313422451,133.67490522370753,井浆快替,0.15573410458995346,0.15573410458995346,481.36345381526104,317.8815261044177,345.1285140562249,0.07228915662647406,0.08386861331623069,0.6448620661934906,0.12100178607497314,0.0938,0.16709233115418595,0.09495897924874948,0.0
8021.67238305999,133.69453971766652,井浆快替,0.1563327016086551,0.1563327016086551,481.36345381526104,317.8815261044177,345.1285140562249,0.07228915662647406,0.0841072960307971,0.6447065054243218,0.12097443812189723,0.0936,0.1677322788660176,0.09494276580523973,0.0
8022.850452697529,133.71417421162548,井浆快替,0.15693129187328791,0.15693129187328791,490.44578313253015,317.8815261044177,354.21084337349396,0.0763052208835004,0.08434583864467222,0.6804119727614044,0.12722928202647343,0.0933,0.1683721193430434,0.09492584393924522,0.0
8024.028522335068,133.73380870558447,井浆快替,0.15752987503436008,0.15752987503436008,490.44578313253015,317.8815261044177,354.21084337349396,0.0763052208835004,0.08458424078219037,0.6803331597119655,0.12721552477369968,0.0934,0.16901184699455546,0.09490922874381247,0.0
8025.206591972607,133.75344319954345,井浆快替,0.15812845117882646,0.15812845117882646,490.44578313253015,317.8815261044177,354.21084337349396,0.0763052208835004,0.0848225046765223,0.6801775367283875,0.12718835928613348,0.0936,0.16965146220079297,0.09489280823364642,0.0
8026.384661610146,133.77307769350244,井浆快替,0.15872702150015308,0.15872702150015308,490.44578313253015,326.96385542168673,354.21084337349396,0.07228915662647407,0.08506063941661149,0.6442417695962116,0.12089273139026568,0.0934,0.1702909797855788,0.09487662469138972,0.0
8027.562731247685,133.79271218746143,井浆快替,0.15932558610118905,0.15932558610118905,490.44578313253015,326.96385542168673,354.21084337349396,0.07228915662647407,0.08529864621229251,0.6441657615035405,0.120879367435341,0.0934,0.17093039544030764,0.09486101186677622,0.0
8028.740800885224,133.8123466814204,井浆快替,0.1599241444892951,0.1599241444892951,499.5281124497992,326.96385542168673,354.21084337349396,0.0763052208835004,0.08553652338290174,0.679790147012677,0.12712073301572213,0.0936,0.17156969624453108,0.09484567510978807,0.0
8029.918870522763,133.83198117537938,井浆快替,0.1605226971538699,0.1605226971538699,499.5281124497992,326.96385542168673,354.21084337349396,0.0763052208835004,0.08577427515680348,0.6796375679221875,0.12709409598436605,0.0935,0.17220888585888278,0.0948306301755131,0.0
8031.096940160302,133.85161566933837,井浆快替,0.16112124395447988,0.16112124395447988,499.5281124497992,326.96385542168673,363.2931726907631,0.0763052208835004,0.08601190220830372,0.6795165813472263,0.12707297374969828,0.0934,0.1728479593073443,0.09481549704633226,0.0
8032.275009797841,133.87125016329736,井浆快替,0.16171978419250127,0.16171978419250127,499.5281124497992,326.96385542168673,363.2931726907631,0.0763052208835004,0.08624940293992155,0.679387467709512,0.12705043210189249,0.0934,0.17348690758058538,0.09480055369637658,0.0
8033.4530794353805,133.89088465725635,井浆快替,0.16231831833864777,0.16231831833864777,499.5281124497992,326.96385542168673,363.2931726907631,0.0763052208835004,0.08648678054635897,0.6792474992543696,0.12702599467936004,0.0935,0.17412573246771743,0.09478577045440456,0.0
8034.6311490729195,133.9105191512153,井浆快替,0.1629168469473017,0.1629168469473017,508.61044176706827,336.04618473895584,363.2931726907631,0.07630522088350038,0.08672403930815965,0.6791087224022524,0.12700176462621693,0.0934,0.17476443652192272,0.0947711758396762,0.0
8035.8092187104585,133.9301536451743,井浆快替,0.16351537014294903,0.16351537014294903,508.61044176706827,336.04618473895584,363.2931726907631,0.07630522088350038,0.08696118095871759,0.6789919048568683,0.12698136808575422,0.0936,0.17540301752866838,0.09475674074515632,0.0
8036.9872883479975,133.9497881391333,井浆快替,0.16411388773190871,0.16411388773190871,508.61044176706827,336.04618473895584,363.2931726907631,0.07630522088350038,0.08719820538363778,0.6788522303410458,0.12695698005417388,0.0934,0.176041467307486,0.09474254725717021,0.0
8038.1653579855365,133.96942263309228,井浆快替,0.16471239963178635,0.16471239963178635,508.61044176706827,336.04618473895584,363.2931726907631,0.07630522088350038,0.08743511459983402,0.678803787391659,0.1269485214574324,0.0936,0.17667978445037574,0.09472818267035266,0.0
8039.3434276230755,133.98905712705127,井浆快替,0.16531090534041495,0.16531090534041495,508.61044176706827,336.04618473895584,372.37550200803213,0.07630522088350038,0.087671907709969,0.6786701772295742,0.12692519143580971,0.0934,0.17731796045604092,0.09471407851440992,0.0
8040.5214972606145,134.00869162101023,井浆快替,0.1659094051269636,0.1659094051269636,517.6927710843373,336.04618473895584,372.37550200803213,0.08032128514052671,0.08790858871373866,0.71429773972444,0.13312418516472435,0.0935,0.17795599933885053,0.09470014694753538,0.0
8041.6995668981535,134.02832611496922,井浆快替,0.16650789889554185,0.16650789889554185,517.6927710843373,336.04618473895584,372.37550200803213,0.08032128514052671,0.08814515791171887,0.7141710910031632,0.13310222714393916,0.0934,0.17859389447008392,0.09468642626512365,0.0
8042.877636535693,134.0479606089282,井浆快替,0.1671063873174684,0.1671063873174684,517.6927710843373,345.1285140562249,372.37550200803213,0.07630522088350038,0.08838161959243498,0.6783655410017841,0.12687199577204167,0.0935,0.1792316511606356,0.09467240025834879,0.0
8044.055706173232,134.0675951028872,井浆快替,0.1677048702253808,0.1677048702253808,517.6927710843373,345.1285140562249,372.37550200803213,0.07630522088350038,0.08861797448360015,0.6782486440034599,0.12685158232484606,0.0934,0.17986926586615967,0.09465857365871497,0.0
8045.233775810771,134.08722959684619,井浆快替,0.1683033480873845,0.1683033480873845,517.6927710843373,345.1285140562249,372.37550200803213,0.07630522088350038,0.08885422641740982,0.6781349388748079,0.12683172580843538,0.0933,0.18050674260450686,0.0946449037710943,0.0
8046.41184544831,134.10686409080515,井浆快替,0.1689018203346596,0.1689018203346596,526.7751004016064,345.1285140562249,381.4578313253012,0.08032128514052674,0.08909037359367154,0.713735601920579,0.1330267189525285,0.0934,0.18114407076481617,0.09463138769184275,0.0
8047.589915085849,134.12649858476414,井浆快替,0.16950028690286362,0.16950028690286362,526.7751004016064,345.1285140562249,381.4578313253012,0.08032128514052674,0.08932641771769885,0.7136150638953653,0.13300581805115208,0.0934,0.18178125102829176,0.09461807023001102,0.0
8048.767984723388,134.14613307872312,井浆快替,0.17009874814779236,0.17009874814779236,526.7751004016064,345.1285140562249,381.4578313253012,0.08032128514052674,0.08956236227480671,0.713517590432244,0.13298891610131935,0.0934,0.18241828682427524,0.09460489442703654,0.0
8049.946054360927,134.1657675726821,井浆快替,0.1706972038874842,0.1706972038874842,526.7751004016064,345.1285140562249,381.4578313253012,0.08032128514052674,0.08979820775741644,0.7134237709045059,0.1329726474346009,0.0934,0.1830551743218586,0.0945919038681101,0.0
8051.124123998466,134.1854020666411,井浆快替,0.17129565419225032,0.17129565419225032,526.7751004016064,354.21084337349396,381.4578313253012,0.0763052208835004,0.09003395533521029,0.6777150869146402,0.12675840244768766,0.0933,0.18369191304777213,0.09457905705530369,0.0
8052.302193636005,134.20503656060006,井浆快替,0.17189409913022052,0.17189409913022052,535.8574297188756,354.21084337349396,381.4578313253012,0.08032128514052676,0.09026960593573664,0.7133446843292657,0.1329589332813499,0.0933,0.18432850323082597,0.09456646479895016,0.0
8053.480263273544,134.22467105455905,井浆快替,0.17249253897907227,0.17249253897907227,535.8574297188756,354.21084337349396,381.4578313253012,0.08032128514052676,0.09050516123574406,0.713235714282677,0.1329400367743484,0.0932,0.18496494651792128,0.09455406015437486,0.0
8054.658332911083,134.24430554851804,井浆快替,0.17309097397175127,0.17309097397175127,535.8574297188756,354.21084337349396,390.5401606425703,0.08032128514052676,0.09074062362975995,0.7131331681076173,0.13292225385543666,0.0932,0.18560124851621912,0.0945418446270925,0.0
8055.836402548622,134.26394004247703,井浆快替,0.17368940373343814,0.17368940373343814,535.8574297188756,354.21084337349396,390.5401606425703,0.08032128514052676,0.09097599236074816,0.7130293292675108,0.1329042463989616,0.0934,0.18623740798744415,0.09452981194170718,0.0
8057.014472186161,134.28357453643602,井浆快替,0.17428782865606557,0.17428782865606557,544.9397590361446,354.21084337349396,390.5401606425703,0.08433734939755307,0.09121126960111187,0.7485745396585729,0.13904660757633835,0.0933,0.18687343012824403,0.09451793941816695,0.0
8058.1925418237,134.30320903039498,井浆快替,0.17488624868963293,0.17488624868963293,544.9397590361446,354.21084337349396,390.5401606425703,0.08433734939755307,0.09144645552908226,0.7485341927938809,0.1390396601943018,0.0933,0.187509315879536,0.094506055680447,0.0
8059.370611461239,134.32284352435397,井浆快替,0.17548466333483867,0.17548466333483867,544.9397590361446,363.2931726907631,390.5401606425703,0.08032128514052671,0.09168154709065775,0.7128100863064379,0.13286622463725672,0.0932,0.18814505923162164,0.09449428070284975,0.0
8060.548681098778,134.34247801831296,井浆快替,0.17608307283787675,0.17608307283787675,544.9397590361446,363.2931726907631,390.5401606425703,0.08032128514052671,0.09191654566112029,0.7127445938439254,0.1328548664176139,0.0933,0.1887806668131369,0.09448206536537877,0.0
8061.726750736317,134.36211251227195,井浆快替,0.17668147729393283,0.17668147729393283,544.9397590361446,363.2931726907631,390.5401606425703,0.08032128514052671,0.09215145222160856,0.7126561506543746,0.13283952766566998,0.0932,0.1894161450649728,0.09446996002095075,0.0
8062.904820373856,134.38174700623094,井浆快替,0.17727987688058183,0.17727987688058183,554.0220883534137,363.2931726907631,399.62248995983936,0.08433734939755307,0.09238626664013054,0.7482498176873282,0.13899069166409794,0.0932,0.19005150243612876,0.09445799453788918,0.0
8064.082890011395,134.4013815001899,井浆快替,0.17787827118079014,0.17787827118079014,554.0220883534137,363.2931726907631,399.62248995983936,0.08433734939755307,0.09262098592380566,0.7481561928180278,0.13897456913635953,0.0932,0.19068673957121254,0.09444612926725195,0.0
8065.260959648934,134.4210159941489,井浆快替,0.1784766602730763,0.1784766602730763,554.0220883534137,363.2931726907631,399.62248995983936,0.08433734939755307,0.09285561037892646,0.7480703712522888,0.1389597900994004,0.0934,0.19132186474305957,0.0944343836333005,0.0
8066.439029286473,134.44065048810788,井浆快替,0.17907504409746708,0.17907504409746708,554.0220883534137,363.2931726907631,399.62248995983936,0.08433734939755307,0.0930901384845772,0.7479834970535715,0.1389448295337723,0.0934,0.19195688361204405,0.09442277384234217,0.0
8067.617098924012,134.46028498206687,井浆快替,0.17967342245515802,0.17967342245515802,554.0220883534137,372.37550200803213,399.62248995983936,0.08032128514052674,0.09332456845382064,0.7123352772052425,0.13278387612563713,0.0933,0.19259180053772135,0.09441119742791788,0.0
8068.795168561551,134.47991947602586,井浆快替,0.1802717945974178,0.1802717945974178,563.1044176706828,372.37550200803213,399.62248995983936,0.0843373493975531,0.09355889468050689,0.7479062568799155,0.13893152782085105,0.0933,0.1932266117532572,0.09439960196429786,0.0
8069.97323819909,134.49955396998482,井浆快替,0.1808701603230686,0.1808701603230686,563.1044176706828,372.37550200803213,399.62248995983936,0.0843373493975531,0.09379311520006098,0.7479125139647963,0.1389326053758806,0.0931,0.19386132515056612,0.09438859324499048,0.0
8071.151307836629,134.5191884639438,井浆快替,0.18146851973612715,0.18146851973612715,563.1044176706828,372.37550200803213,408.7048192771084,0.0843373493975531,0.09402722928177872,0.7479010584779882,0.13893063258438465,0.0932,0.19449595284561821,0.09437759597913392,0.0
8072.329377474168,134.5388229579028,井浆快替,0.18206687234522384,0.18206687234522384,563.1044176706828,372.37550200803213,408.7048192771084,0.0843373493975531,0.0942612331973752,0.7478158153707458,0.1389159524135607,0.0931,0.19513050026539228,0.09436669694135137,0.0
8073.507447111707,134.55845745186178,井浆快替,0.18266521871329283,0.18266521871329283,563.1044176706828,372.37550200803213,408.7048192771084,0.0843373493975531,0.0944951273278188,0.7477884446997503,0.13891123871102584,0.0932,0.19576498277252685,0.09435592466958519,0.0
8074.685516749246,134.57809194582077,井浆快替,0.1832635586806425,0.1832635586806425,572.1867469879518,372.37550200803213,408.7048192771084,0.0883534136545794,0.0947289083604522,0.7833058771696007,0.14500629738401316,0.0932,0.19639940492562305,0.09434524432818982,0.0
8075.863586386785,134.59772643977973,井浆快替,0.18386189236998157,0.18386189236998157,572.1867469879518,381.4578313253012,408.7048192771084,0.08433734939755307,0.0949625751683121,0.7476434093157099,0.13888626068092047,0.0931,0.1970337776312931,0.09433463063775817,0.0
8077.041656024324,134.61736093373872,井浆快替,0.18446021932214504,0.18446021932214504,572.1867469879518,381.4578313253012,408.7048192771084,0.08433734939755307,0.09519612297055985,0.7475784067297014,0.13887506568416963,0.0931,0.19766810289635428,0.09432405869343574,0.0
8078.219725661863,134.6369954276977,井浆快替,0.1850585392968471,0.1850585392968471,572.1867469879518,381.4578313253012,408.7048192771084,0.08433734939755307,0.0954295489269051,0.7474970107976813,0.13886104715674197,0.093,0.19830238845772705,0.09431357551436709,0.0
8079.397795299402,134.6566299216567,井浆快替,0.18565685208910016,0.18565685208910016,572.1867469879518,381.4578313253012,417.7871485943775,0.08433734939755307,0.09566285001642347,0.7474385150623105,0.1388509725065491,0.093,0.19893664169028016,0.09430323422650284,0.0
8080.575864936941,134.6762644156157,井浆快替,0.1862551574966097,0.1862551574966097,581.2690763052209,381.4578313253012,417.7871485943775,0.08835341365457942,0.09589602331861295,0.782944565008576,0.14494451122716012,0.0932,0.19957087121525946,0.09429297542776112,0.0
8081.75393457448,134.69589890957465,井浆快替,0.18685345574198448,0.18685345574198448,581.2690763052209,381.4578313253012,417.7871485943775,0.08835341365457942,0.09612906824575099,0.7828577127919809,0.14492965840525807,0.0931,0.20020508894247602,0.09428281579599625,0.0
8082.932004212019,134.71553340353364,井浆快替,0.18745174705886866,0.18745174705886866,581.2690763052209,381.4578313253012,417.7871485943775,0.08835341365457942,0.09636198200456797,0.7828748408121267,0.14493258753264848,0.0932,0.20083930180985218,0.0942730743790245,0.0
8084.110073849558,134.73516789749263,井浆快替,0.18805003088483432,0.18805003088483432,581.2690763052209,390.5401606425703,417.7871485943775,0.08433734939755307,0.09659475927415948,0.7472269645367763,0.1388145364298814,0.0931,0.20147350879591494,0.09426336613781891,0.0
8085.288143487097,134.75480239145162,井浆快替,0.18864830709077432,0.18864830709077432,581.2690763052209,390.5401606425703,417.7871485943775,0.08433734939755307,0.09682739777937042,0.7471861210185158,0.13880750163230748,0.093,0.2021077178469038,0.09425346116231051,0.0
8086.466213124636,134.7744368854106,井浆快替,0.1892465756143446,0.1892465756143446,590.35140562249,390.5401606425703,417.7871485943775,0.08835341365457942,0.09705989509040451,0.7827126972103823,0.1449048583410415,0.0931,0.20274193419273812,0.09424357875442035,0.0
8087.644282762175,134.79407137936957,井浆快替,0.18984483650180553,0.18984483650180553,590.35140562249,390.5401606425703,426.8694779116466,0.08835341365457942,0.09729225118693036,0.782636684426923,0.1448918586098591,0.0929,0.20337616965686064,0.09423376319478644,0.0
8088.822352399714,134.81370587332856,井浆快替,0.19044308998364737,0.19044308998364737,590.35140562249,390.5401606425703,426.8694779116466,0.08835341365457942,0.09752446643535821,0.7826234693493033,0.14488959854278005,0.0931,0.20401043469983476,0.09422397500099011,0.0
8090.000422037253,134.83334036728755,井浆快替,0.19104133573955617,0.19104133573955617,590.35140562249,390.5401606425703,426.8694779116466,0.08835341365457942,0.09775653737565762,0.7825301083749159,0.14487363160565392,0.0931,0.20464472862208682,0.09421430847970917,0.0
8091.178491674792,134.85297486124654,井浆快替,0.1916395742651733,0.1916395742651733,590.35140562249,390.5401606425703,426.8694779116466,0.08835341365457942,0.09798846523142621,0.7824922926620129,0.14486716413854817,0.0931,0.2052790628991125,0.09420480063706353,0.0
8092.356561312331,134.87260935520553,井浆快替,0.19223780516494912,0.19223780516494912,599.433734939759,399.62248995983936,426.8694779116466,0.0883534136545794,0.0982202458236852,0.7824800207114645,0.14486506530639764,0.0929,0.20591343425689773,0.09419563648576919,0.0
8093.53463094987,134.8922438491645,井浆快替,0.19283602858405308,0.19283602858405308,599.433734939759,399.62248995983936,426.8694779116466,0.0883534136545794,0.09845187894916964,0.7824126656419352,0.14485354569421083,0.093,0.20654784847176239,0.09418642041148986,0.0
8094.712700587409,134.91187834312348,井浆快替,0.193434244189508,0.193434244189508,599.433734939759,399.62248995983936,435.95180722891564,0.0883534136545794,0.09868336292713871,0.7823248648708492,0.14483852905874806,0.0929,0.20718230736683282,0.09417738154654522,0.0
8095.890770224948,134.93151283708247,井浆快替,0.1940324523752226,0.1940324523752226,599.433734939759,399.62248995983936,435.95180722891564,0.0883534136545794,0.09891470016621068,0.7822670520219334,0.14482864113739957,0.093,0.20781682176493632,0.09416845154747999,0.0
8097.068839862487,134.95114733104145,井浆快替,0.19463065325695691,0.19463065325695691,599.433734939759,399.62248995983936,435.95180722891564,0.0883534136545794,0.09914589099945012,0.7821782478976694,0.1448134524537944,0.093,0.2084513930944016,0.09415968269908613,0.0
8098.246909500026,134.97078182500044,井浆快替,0.1952288471784603,0.1952288471784603,608.5160642570281,399.62248995983936,435.95180722891564,0.09236947791160574,0.0993769378794122,0.8176522459196532,0.1508593570316824,0.093,0.2090860284499855,0.09415103890090165,0.0
8099.424979137565,134.9904163189594,井浆快替,0.19582703375411492,0.19582703375411492,608.5160642570281,399.62248995983936,435.95180722891564,0.09236947791160574,0.09960783878491898,0.817574811955609,0.1508462064646493,0.0932,0.20972072365269714,0.09414263899391376,0.0
8100.603048775104,135.0100508129184,井浆快替,0.19642521305273541,0.19642521305273541,608.5160642570281,399.62248995983936,435.95180722891564,0.09236947791160574,0.09983859488981207,0.8174861881095663,0.15083115527624735,0.0929,0.21035548139048246,0.09413435246930267,0.0
8101.781118412643,135.02968530687738,井浆快替,0.1970233849415283,0.1970233849415283,608.5160642570281,408.7048192771084,435.95180722891564,0.08835341365457942,0.10006920473257477,0.7819306406845481,0.14477110133361137,0.0931,0.21099029750173945,0.09412585926342606,0.0
8102.959188050182,135.04931980083637,井浆快替,0.19762154897490886,0.19762154897490886,608.5160642570281,408.7048192771084,445.03413654618475,0.08835341365457942,0.10029966661765508,0.7818503298086155,0.14475736438689413,0.093,0.2116251663450564,0.09411739125990275,0.0
8104.137257687721,135.06895429479536,井浆快替,0.19821970568305897,0.19821970568305897,617.5983935742972,408.7048192771084,445.03413654618475,0.09236947791160577,0.10052998512461188,0.8174157409637989,0.1508191908876848,0.0929,0.2122600961049252,0.09410905032217315,0.0
8105.31532732526,135.08858878875432,井浆快替,0.19881785497203044,0.19881785497203044,617.5983935742972,408.7048192771084,445.03413654618475,0.09236947791160577,0.10076016050661726,0.8173572384739032,0.15080925499121645,0.0929,0.21289508310617594,0.09410065435593835,0.0
8106.493396962799,135.1082232827133,井浆快替,0.19941599716244934,0.19941599716244934,617.5983935742972,408.7048192771084,445.03413654618475,0.09236947791160577,0.10099019623128841,0.8172781833406961,0.15079582830757898,0.093,0.21353013128668527,0.09409231169318508,0.0
8107.671466600338,135.1278577766723,井浆快替,0.20001413264091736,0.20001413264091736,617.5983935742972,408.7048192771084,445.03413654618475,0.09236947791160577,0.10122009621787553,0.81719643423455,0.15078194385768084,0.0928,0.21416524505603515,0.09408394382235753,0.0
8108.849536237877,135.1474922706313,井浆快替,0.20061226187056075,0.20061226187056075,617.5983935742972,408.7048192771084,445.03413654618475,0.09236947791160577,0.10144986461699732,0.8171122358157097,0.15076764317375613,0.0931,0.2148004270802636,0.09407560798764722,0.0
8110.027605875416,135.16712676459028,井浆快替,0.20121038408625316,0.20121038408625316,626.6807228915662,417.7871485943775,454.1164658634538,0.09236947791160573,0.10167949886122965,0.81700926478888,0.1507501537281063,0.0928,0.2154356644942197,0.0940673003207227,0.0
8111.205675512955,135.18676125854924,井浆快替,0.20180849976572365,0.20180849976572365,626.6807228915662,417.7871485943775,454.1164658634538,0.09236947791160573,0.1019090033868267,0.8169938384631026,0.15074753356310533,0.0929,0.2160709624450017,0.09405891196138601,0.0
8112.383745150494,135.20639575250823,井浆快替,0.20240660824448628,0.20240660824448628,626.6807228915662,417.7871485943775,454.1164658634538,0.09236947791160573,0.1021383748836529,0.8168911611394165,0.15073009358995948,0.0929,0.21670630523537374,0.09405061303641066,0.0
8113.561814788033,135.22603024646722,井浆快替,0.20300471037581017,0.20300471037581017,626.6807228915662,417.7871485943775,454.1164658634538,0.09236947791160573,0.1023676206685302,0.8168149896803903,0.15071715546583242,0.0929,0.21734170356081203,0.09404249459956766,0.0
8114.739884425572,135.2456647404262,井浆快替,0.2036028059708084,0.2036028059708084,626.6807228915662,417.7871485943775,454.1164658634538,0.09236947791160573,0.10259674058404956,0.8167457319915653,0.15070539151096396,0.0928,0.217977149394745,0.094034498894308,0.0
8115.917954063111,135.2652992343852,井浆快替,0.20420089532443703,0.20420089532443703,635.7630522088353,417.7871485943775,454.1164658634538,0.09638554216863207,0.10282573901255114,0.8521731951866793,0.15670179339005874,0.0931,0.2186126427388519,0.0940267400936179,0.0
8117.09602370065,135.28493372834416,井浆快替,0.2047989783651914,0.2047989783651914,635.7630522088353,417.7871485943775,454.1164658634538,0.09638554216863207,0.10305461686713227,0.8520773460133173,0.1566856273479088,0.0929,0.21924817811745242,0.09401918870896554,0.0
8118.274093338189,135.30456822230315,井浆快替,0.2053970552378991,0.2053970552378991,635.7630522088353,426.8694779116466,463.1987951807229,0.09236947791160574,0.10328337784782246,0.8165916750099528,0.15067922315504756,0.0932,0.2198837568421283,0.09401190500392674,0.0
8119.452162975728,135.32420271626214,井浆快替,0.20599512544698959,0.20599512544698959,635.7630522088353,426.8694779116466,463.1987951807229,0.09236947791160574,0.10351202092294023,0.816499344447467,0.1506635393572272,0.0929,0.22051936668822122,0.09400482213044156,0.0
8120.630232613267,135.34383721022112,井浆快替,0.2065931893707385,0.2065931893707385,635.7630522088353,426.8694779116466,463.1987951807229,0.09236947791160574,0.10374054983687148,0.8165175222577169,0.15066662716701817,0.0928,0.22115500954767858,0.09399758379284369,0.0
8121.808302250806,135.3634717041801,井浆快替,0.20719124665178704,0.20719124665178704,644.8453815261045,426.8694779116466,463.1987951807229,0.0963855421686321,0.10396896336061548,0.8519312650757225,0.15666098855713595,0.0929,0.22179067394199206,0.09399048410251754,0.0
8122.986371888345,135.38310619813907,井浆快替,0.2077892980057538,0.2077892980057538,644.8453815261045,426.8694779116466,463.1987951807229,0.0963855421686321,0.10419726727441474,0.8518568919694203,0.15664844411544987,0.0927,0.22242636566556012,0.09398345747604743,0.0
8124.164441525884,135.40274069209806,井浆快替,0.20838734395877007,0.20838734395877007,644.8453815261045,426.8694779116466,463.1987951807229,0.0963855421686321,0.10442546601040248,0.8518034945144562,0.15663943750201215,0.0927,0.223062086969202,0.09397646567196064,0.0
8125.342511163423,135.42237518605705,井浆快替,0.2089853840699097,0.2089853840699097,644.8453815261045,426.8694779116466,472.281124497992,0.0963855421686321,0.10465355889881371,0.8517163770937598,0.15662474309461427,0.0927,0.22369782898994653,0.09396955449516323,0.0
8126.520580800962,135.44200968001604,井浆快替,0.20958341862648047,0.20958341862648047,644.8453815261045,435.95180722891564,472.281124497992,0.09236947791160577,0.10488155030986096,0.8161464737140381,0.1506035960460691,0.0928,0.22433359506082398,0.09396270532814709,0.0
8127.698650438501,135.46164417397503,井浆快替,0.2101814477309438,0.2101814477309438,653.9277108433735,435.95180722891564,472.281124497992,0.09638554216863207,0.10510944209409205,0.851537916770801,0.15659464075326546,0.0927,0.22496938256005902,0.09395590953229631,0.0
8128.87672007604,135.481278667934,井浆快替,0.2107794714694336,0.2107794714694336,653.9277108433735,435.95180722891564,472.281124497992,0.09638554216863207,0.1053372359715007,0.8514856944052906,0.15658583178267427,0.0929,0.22560518756907305,0.09394919423266447,0.0
8130.054789713579,135.50091316189298,井浆快替,0.21137748957651942,0.21137748957651942,653.9277108433735,435.95180722891564,472.281124497992,0.09638554216863207,0.10556493181090142,0.8513898221643073,0.15656965962635183,0.0927,0.22624100195250416,0.09394254895239686,0.0
8131.232859351118,135.52054765585197,井浆快替,0.21197550238821347,0.21197550238821347,653.9277108433735,435.95180722891564,472.281124497992,0.09638554216863207,0.10579253168289263,0.8513884565972974,0.15656942927419082,0.0928,0.22687682513203428,0.09393572883041763,0.0
8132.410928988657,135.54018214981096,井浆快替,0.21257350952993478,0.21257350952993478,663.0100401606426,435.95180722891564,472.281124497992,0.10040160642565843,0.10602003450571708,0.8867746481285215,0.16251751557892147,0.0927,0.22751264820544484,0.09392904471889832,0.0
8133.588998626196,135.55981664376995,井浆快替,0.2131715111872358,0.2131715111872358,663.0100401606426,435.95180722891564,481.36345381526104,0.10040160642565843,0.10624744350713801,0.8867296264260167,0.16250997456751737,0.0927,0.22814847582025405,0.09392245882218249,0.0
8134.767068263735,135.5794511377289,井浆快替,0.21376950714194742,0.21376950714194742,663.0100401606426,445.03413654618475,481.36345381526104,0.09638554216863207,0.10647475791683132,0.8508566594192828,0.15647971770396674,0.0926,0.22878430082337103,0.09391604928677791,0.0
8135.945137901274,135.5990856316879,井浆快替,0.21436749762251373,0.21436749762251373,663.0100401606426,445.03413654618475,481.36345381526104,0.09638554216863207,0.10670198072444703,0.850557320347039,0.1564292164765385,0.0927,0.22942012517021504,0.09390949862900741,0.0
8137.123207538813,135.6187201256469,井浆快替,0.2149654829983364,0.2149654829983364,663.0100401606426,445.03413654618475,481.36345381526104,0.09638554216863207,0.10692911433176254,0.8501040584128858,0.15635274130527543,0.0926,0.23005595042438248,0.09390301584005635,0.0
8138.301277176352,135.63835461960588,井浆快替,0.21556346350142763,0.21556346350142763,672.0923694779117,445.03413654618475,481.36345381526104,0.10040160642565843,0.1071561614498122,0.8849498723356003,0.1622118162461269,0.0927,0.23069177901572374,0.09389658552588083,0.0
8139.479346813891,135.65798911356487,井浆快替,0.21616143894228604,0.21616143894228604,672.0923694779117,445.03413654618475,481.36345381526104,0.10040160642565843,0.10738312156244186,0.8841816419596752,0.16208308349046863,0.0926,0.23132760536267916,0.09389011357630953,0.0
8140.65741645143,135.67762360752383,井浆快替,0.21675940927121767,0.21675940927121767,672.0923694779117,445.03413654618475,481.36345381526104,0.10040160642565843,0.1076099949830647,0.8833895335323204,0.16195032876493454,0.0928,0.23196343030244299,0.09388338275829597,0.0
8141.835486088969,135.69725810148282,井浆快替,0.21735737417621306,0.21735737417621306,672.0923694779117,445.03413654618475,490.44578313253015,0.10040160642565843,0.10783678065367548,0.8826179452197599,0.1618209929194545,0.0926,0.23259924947074823,0.09387657700792328,0.0
8143.0135557265085,135.7168925954418,井浆快替,0.21795533379774404,0.21795533379774404,672.0923694779117,454.1164658634538,490.44578313253015,0.0963855421686321,0.10806347983513062,0.846764356144453,0.15578904693637263,0.0926,0.23323506432886035,0.09386963298933351,0.0
8144.1916253640475,135.7365270894008,井浆快替,0.2185532877496582,0.2185532877496582,681.1746987951807,454.1164658634538,490.44578313253015,0.1004016064256584,0.10829009033759902,0.8815210533588268,0.1616370944023391,0.0926,0.23387086786866643,0.09386273702566737,0.0
8145.3696950015865,135.75616158335978,井浆快替,0.2191512365628416,0.2191512365628416,681.1746987951807,454.1164658634538,490.44578313253015,0.1004016064256584,0.10851661579537754,0.8811192937941034,0.16156972763264432,0.0927,0.2345066676481839,0.09385594998574627,0.0
8146.5477646391255,135.77579607731874,井浆快替,0.21974918029713844,0.21974918029713844,681.1746987951807,454.1164658634538,490.44578313253015,0.1004016064256584,0.10874305719293513,0.8807942454071201,0.16151521977936834,0.0926,0.23514246503161726,0.09384931765892546,0.0
8147.7258342766645,135.79543057127773,井浆快替,0.22034711896229597,0.22034711896229597,681.1746987951807,454.1164658634538,490.44578313253015,0.1004016064256584,0.10896941450872259,0.8805795375432512,0.16147921315107372,0.0926,0.2357782595549378,0.09384290251088419,0.0
8148.9039039142035,135.81506506523672,井浆快替,0.22094505201163528,0.22094505201163528,681.1746987951807,454.1164658634538,499.5281124497992,0.1004016064256584,0.10919568577501834,0.880344495735298,0.16143979473623393,0.0926,0.23641404632954482,0.09383667077074945,0.0
8150.0819735517425,135.8346995591957,井浆快替,0.22154297972862166,0.22154297972862166,690.2570281124498,454.1164658634538,499.5281124497992,0.10441767068268476,0.10942187176143116,0.9153481411352257,0.16728982641451207,0.0926,0.23704982917829348,0.09383063557676358,0.0
8151.2600431892815,135.8543340531547,井浆快替,0.22214090193790972,0.22214090193790972,690.2570281124498,463.1987951807229,499.5281124497992,0.1004016064256584,0.1096479712564815,0.8799782064285506,0.16137836135877204,0.0926,0.23768560519379925,0.09382458786192734,0.0
8152.4381128268205,135.87396854711366,井浆快替,0.22273881880759705,0.22273881880759705,690.2570281124498,463.1987951807229,499.5281124497992,0.1004016064256584,0.10987398428694482,0.879831230547348,0.16135370956558492,0.0927,0.2383213747614893,0.09381864698400831,0.0
8153.61618246436,135.89360304107265,井浆快替,0.22333673031970538,0.22333673031970538,690.2570281124498,463.1987951807229,499.5281124497992,0.1004016064256584,0.11009991112006594,0.879708277360112,0.16133308646514388,0.0925,0.2389571390818039,0.09381297315758488,0.0
8154.794252101899,135.91323753503164,井浆快替,0.22393463663219768,0.22393463663219768,690.2570281124498,463.1987951807229,499.5281124497992,0.1004016064256584,0.11032575206770552,0.8797077376381994,0.1613329959357569,0.0925,0.23959289950421267,0.09380738868213143,0.0
8155.972321739438,135.93287202899063,井浆快替,0.2245325374557184,0.2245325374557184,699.3393574297189,463.1987951807229,499.5281124497992,0.10441767068268476,0.11055150591732661,0.9147148890217655,0.16718435664029274,0.0926,0.24022865355658174,0.09380192386729161,0.0
8157.150391376977,135.95250652294962,井浆快替,0.22513043327863438,0.22513043327863438,699.3393574297189,463.1987951807229,508.61044176706827,0.10441767068268476,0.11077717525981026,0.9145503689100843,0.16715695320492252,0.0925,0.24086441057146415,0.09379659356113575,0.0
8158.328461014516,135.97214101690858,井浆快替,0.22572832405337134,0.22572832405337134,699.3393574297189,463.1987951807229,508.61044176706827,0.10441767068268476,0.11100276063554297,0.9144510351579901,0.16714040715561618,0.0927,0.2415001723761463,0.09379145551521126,0.0
8159.506530652055,135.99177551086757,井浆快替,0.22632620978658305,0.22632620978658305,699.3393574297189,472.281124497992,508.61044176706827,0.10040160642565843,0.1112282606413834,0.879116667353919,0.16123384784662165,0.0926,0.2421359356939702,0.09378644655907395,0.0
8160.684600289594,136.01141000482656,井浆快替,0.226924090713244,0.226924090713244,699.3393574297189,472.281124497992,508.61044176706827,0.10040160642565843,0.1114536757969771,0.8790175835858116,0.16121722605974398,0.0924,0.24277170303984913,0.09378134281363948,0.0
8161.862669927133,136.03104449878555,井浆快替,0.2275219666171375,0.2275219666171375,708.4216867469879,472.281124497992,508.61044176706827,0.10441767068268473,0.11167900371750751,0.9140524910720158,0.16707401825672596,0.0924,0.2434074693561663,0.09377613226473067,0.0
8163.040739564672,136.05067899274454,井浆快替,0.22811983748234313,0.22811983748234313,708.4216867469879,472.281124497992,508.61044176706827,0.10441767068268473,0.11190424467262781,0.9139064383797467,0.16704968768495432,0.0924,0.24404323687438115,0.09377100814022524,0.0
8164.218809202211,136.0703134867035,井浆快替,0.22871770383559034,0.22871770383559034,708.4216867469879,472.281124497992,508.61044176706827,0.10441767068268473,0.11212940211300589,0.9137615526287681,0.16702555080894155,0.0925,0.24467901528042285,0.09376597541500609,0.0
8165.39687883975,136.0899479806625,井浆快替,0.2293155657915405,0.2293155657915405,708.4216867469879,472.281124497992,517.6927710843373,0.10441767068268473,0.11235447616142065,0.9136093085233514,0.16700018733282906,0.0924,0.24531480623365373,0.09376106286077898,0.0
8166.574948477289,136.10958247462148,井浆快替,0.22991342319408622,0.22991342319408622,708.4216867469879,472.281124497992,517.6927710843373,0.10441767068268473,0.11257946663743239,0.913512142639851,0.1669839993429868,0.0925,0.2459506088458801,0.09375624001554254,0.0
8167.753018114828,136.12921696858047,井浆快替,0.2305112758887777,0.2305112758887777,717.504016064257,481.36345381526104,517.6927710843373,0.10441767068268476,0.11280437198163117,0.913358763118246,0.16695844543191019,0.0925,0.246586418714857,0.0937516047421052,0.0
8168.931087752367,136.14885146253945,井浆快替,0.23110912421640037,0.23110912421640037,717.504016064257,481.36345381526104,517.6927710843373,0.10441767068268476,0.11302919380999242,0.9132876796494575,0.16694660225105618,0.0924,0.24722223931218504,0.09374721865846036,0.0
8170.109157389906,136.16848595649842,井浆快替,0.23170696798779386,0.23170696798779386,717.504016064257,481.36345381526104,517.6927710843373,0.10441767068268476,0.11325393031206557,0.9131790316100654,0.16692850013070604,0.0926,0.24785806685558773,0.0937429507307088,0.0
8171.287227027445,136.1881204504574,井浆快替,0.23230480708706117,0.23230480708706117,717.504016064257,481.36345381526104,517.6927710843373,0.10441767068268476,0.11347858154913497,0.9130564495144096,0.16690807595028623,0.0925,0.2484939025462376,0.09373883147091053,0.0
8172.465296664984,136.2077549444164,井浆快替,0.23290264170046476,0.23290264170046476,717.504016064257,481.36345381526104,526.7751004016064,0.10441767068268476,0.11370314863222068,0.9129901568073323,0.16689703029328384,0.0924,0.24912974963565448,0.09373437175947803,0.0
8173.643366302523,136.22738943837538,井浆快替,0.23350047157449016,0.23350047157449016,717.504016064257,481.36345381526104,526.7751004016064,0.10441767068268476,0.11392763031026677,0.9129082981902126,0.16688339085022985,0.0925,0.24976560279025997,0.0937298269221441,0.0
8174.821435940062,136.24702393233437,井浆快替,0.2340982971035174,0.2340982971035174,726.5863453815261,481.36345381526104,526.7751004016064,0.1084337349397111,0.1141520291213983,0.947905984077363,0.17269446040503633,0.0924,0.2504014675232421,0.09372534626539461,0.0
8175.999505577601,136.26665842629333,井浆快替,0.2346961187406255,0.2346961187406255,726.5863453815261,490.44578313253015,526.7751004016064,0.10441767068268476,0.11437634717536685,0.9127958045132467,0.1668646465692284,0.0926,0.2510373486037081,0.09372093242229733,0.0
8177.17757521514,136.28629292025232,井浆快替,0.23529393586095476,0.23529393586095476,726.5863453815261,490.44578313253015,526.7751004016064,0.10441767068268476,0.11460058204602447,0.9127052427674712,0.16684955639415466,0.0925,0.2516732372349937,0.09371675046317703,0.0
8178.355644852679,136.3059274142113,井浆快替,0.2358917488576545,0.2358917488576545,726.5863453815261,490.44578313253015,526.7751004016064,0.10441767068268476,0.11482473625725689,0.9126754063656423,0.16684458473703723,0.0924,0.252309139724352,0.0937125253497037,0.0
8179.533714490218,136.3255619081703,井浆快替,0.23648955745778022,0.23648955745778022,726.5863453815261,490.44578313253015,526.7751004016064,0.10441767068268476,0.11504880852585388,0.9126246796805508,0.16683613205168313,0.0924,0.25294505112846116,0.09370846162809185,0.0
8180.711784127757,136.3451964021293,井浆快替,0.23708736197169825,0.23708736197169825,735.6686746987951,490.44578313253015,535.8574297188756,0.10843373493971106,0.11527280042496647,0.9476098650116123,0.17264546276544213,0.0925,0.2535809753990727,0.09370449524942141,0.0
8181.889853765296,136.36483089608825,井浆快替,0.23768516280056334,0.23768516280056334,735.6686746987951,490.44578313253015,535.8574297188756,0.10843373493971106,0.11549671475033611,0.9474981280221454,0.17262697333780508,0.0924,0.25421691792436024,0.09370062918917456,0.0
8183.067923402835,136.38446539004724,井浆快替,0.23828296009358485,0.23828296009358485,735.6686746987951,490.44578313253015,535.8574297188756,0.10843373493971106,0.11572055250641868,0.9474112953368552,0.17261260460870953,0.0924,0.2548528785606906,0.09369665018361124,0.0
8184.245993040374,136.40409988400623,井浆快替,0.2388807535840162,0.2388807535840162,735.6686746987951,499.5281124497992,535.8574297188756,0.10441767068268473,0.11594431286101417,0.912209917252042,0.1667670161712126,0.0925,0.25548885332941756,0.09369271304458764,0.0
8185.424062677913,136.42373437796522,井浆快替,0.23947854343501934,0.23947854343501934,735.6686746987951,499.5281124497992,535.8574297188756,0.10441767068268473,0.1161679978095749,0.9121019018481923,0.16674901557732924,0.0925,0.25612484544597314,0.09368880568725235,0.0
8186.602132315452,136.4433688719242,井浆快替,0.2400763297192839,0.2400763297192839,744.7510040160643,499.5281124497992,535.8574297188756,0.10843373493971108,0.11639160765352294,0.947094484511785,0.17256017789111466,0.0925,0.2567608545029055,0.09368487975159373,0.0
8187.780201952991,136.46300336588317,井浆快替,0.240674112021202,0.240674112021202,744.7510040160643,499.5281124497992,535.8574297188756,0.10843373493971108,0.11661514126037341,0.9470103782909375,0.17254625920676692,0.0925,0.2573968756987108,0.09368082361742087,0.0
8188.95827159053,136.48263785984216,井浆快替,0.24127189049786205,0.24127189049786205,744.7510040160643,499.5281124497992,544.9397590361446,0.10843373493971108,0.11683859927408441,0.9469561047553254,0.1725372773900058,0.0924,0.25803291012358676,0.09367675383760407,0.0
8190.136341228069,136.50227235380115,井浆快替,0.24186966522129544,0.24186966522129544,744.7510040160643,499.5281124497992,544.9397590361446,0.10843373493971108,0.11706198197801164,0.9469267044833551,0.172532411849883,0.0924,0.25866895790262834,0.09367279267276736,0.0
8191.314410865608,136.52190684776014,井浆快替,0.24246743624158967,0.24246743624158967,744.7510040160643,499.5281124497992,544.9397590361446,0.10843373493971108,0.11728529018955164,0.9468295226003657,0.1725163287219188,0.0925,0.25930501976234777,0.09366888142069078,0.0
8192.492480503148,136.54154134171912,井浆快替,0.24306520389772915,0.24306520389772915,753.8333333333334,508.61044176706827,544.9397590361446,0.1084337349397111,0.11750852609662582,0.9467401872048705,0.17250154387363037,0.0926,0.2599411007174045,0.09366504430523144,0.0
8193.670550140687,136.5611758356781,井浆快替,0.24366296819477665,0.24366296819477665,753.8333333333334,508.61044176706827,544.9397590361446,0.1084337349397111,0.11773169027740009,0.9467545970978579,0.17250392870303377,0.0924,0.26057720110300203,0.0936612599024289,0.0
8194.848619778226,136.5808103296371,井浆快替,0.24426072878966504,0.24426072878966504,753.8333333333334,508.61044176706827,544.9397590361446,0.1084337349397111,0.11795478118619847,0.946713393050559,0.17249710943748342,0.0924,0.26121331559619,0.09365728731396217,0.0
8196.026689415765,136.6004448235961,井浆快替,0.24485848543603794,0.24485848543603794,753.8333333333334,508.61044176706827,554.0220883534137,0.1084337349397111,0.11817779762622367,0.9466258802164317,0.17248262588609375,0.0924,0.26184944200635707,0.09365335277201721,0.0
8197.204759053304,136.62007931755505,井浆快替,0.2454562385830401,0.2454562385830401,753.8333333333334,508.61044176706827,554.0220883534137,0.1084337349397111,0.11840074302895423,0.9465437911234722,0.17246903974443684,0.0924,0.26248558973405706,0.09364945232988782,0.0
8198.382828690843,136.63971381151404,井浆快替,0.24605398847594573,0.24605398847594573,762.9156626506024,508.61044176706827,554.0220883534137,0.11244979919673741,0.11862361828797315,0.9815065159791461,0.1782354029262584,0.0925,0.2631217613484393,0.09364558915387074,0.0
8199.560898328382,136.65934830547303,井浆快替,0.2466517351166786,0.2466517351166786,762.9156626506024,508.61044176706827,554.0220883534137,0.11244979919673741,0.11884642353320073,0.98140858794928,0.17821930801104358,0.0925,0.26375795731923274,0.09364176859566374,0.0
8200.73896796592,136.67898279943202,井浆快替,0.2472494785709504,0.2472494785709504,762.9156626506024,517.6927710843373,554.0220883534137,0.10843373493971108,0.11906915839799548,0.9463224983869325,0.17243241361578,0.0925,0.26439417741159477,0.09363792788474487,0.0
8201.91703760346,136.698617293391,井浆快替,0.2478472185137058,0.2478472185137058,762.9156626506024,517.6927710843373,554.0220883534137,0.10843373493971108,0.11929182104146552,0.9463126903879036,0.17243079025777108,0.0923,0.2650304173570423,0.09363421361665071,0.0
8203.095107240999,136.71825178734997,井浆快替,0.24844495485533533,0.24844495485533533,762.9156626506024,517.6927710843373,554.0220883534137,0.10843373493971108,0.11951441086179394,0.9462509768491523,0.17242057574983483,0.0923,0.26566667708709296,0.09363049268879517,0.0
8204.273176878538,136.73788628130896,井浆快替,0.24904268722140666,0.24904268722140666,771.9979919678715,517.6927710843373,563.1044176706828,0.11244979919673743,0.11973692659898395,0.9812148583923084,0.1781874667523109,0.0924,0.2663029558835042,0.09362683346102514,0.0
8205.451246516077,136.75752077526795,井浆快替,0.24964041630570616,0.24964041630570616,771.9979919678715,517.6927710843373,563.1044176706828,0.11244979919673743,0.11995937171115179,0.9811358371935301,0.178174478527367,0.0923,0.2669392639701187,0.09362323662379683,0.0
8206.629316153616,136.77715526922694,井浆快替,0.2502381421618512,0.2502381421618512,771.9979919678715,517.6927710843373,563.1044176706828,0.11244979919673743,0.12018174655223936,0.9810826971326124,0.17816574410929742,0.0923,0.26757560316532814,0.0936195113512477,0.0
8207.807385791155,136.79678976318593,井浆快替,0.250835864584311,0.250835864584311,771.9979919678715,517.6927710843373,563.1044176706828,0.11244979919673743,0.12040404961396194,0.9809903499979138,0.17815056516137884,0.0924,0.26821197100206107,0.09361583885530772,0.0
8208.985455428694,136.8164242571449,井浆快替,0.2514335838316369,0.2514335838316369,771.9979919678715,526.7751004016064,563.1044176706828,0.10843373493971108,0.12062628194280256,0.945868041652303,0.17235719146471173,0.0924,0.268848371994332,0.09361223105266729,0.0
8210.163525066233,136.83605875110388,井浆快替,0.25203130003299096,0.25203130003299096,781.0803212851406,526.7751004016064,563.1044176706828,0.11244979919673743,0.12084844304021879,0.9809124596718937,0.17813776223757294,0.0924,0.26948480697032057,0.09360865917002512,0.0
8211.341594703772,136.85569324506287,井浆快替,0.25262901235556257,0.25262901235556257,781.0803212851406,526.7751004016064,563.1044176706828,0.11244979919673743,0.12107052890859861,0.9808886394186157,0.17813384683491373,0.0922,0.2701212682460546,0.09360505423855432,0.0
8212.519664341311,136.87532773902186,井浆快替,0.253226720713092,0.253226720713092,781.0803212851406,526.7751004016064,572.1867469879518,0.11244979919673743,0.12129253837318782,0.980907622046559,0.1781369670648716,0.0922,0.27075775569425153,0.0936014165000105,0.0
8213.69773397885,136.89496223298084,井浆快替,0.25382442522016285,0.25382442522016285,781.0803212851406,526.7751004016064,572.1867469879518,0.11244979919673743,0.12151447227601,0.9808279275459546,0.1781238673676795,0.0921,0.2713942731367565,0.0935978322909261,0.0
8214.875803616389,136.9145967269398,井浆快替,0.25442212661646196,0.25442212661646196,781.0803212851406,526.7751004016064,572.1867469879518,0.11244979919673743,0.12173633418522485,0.9807513943458718,0.17811128710929858,0.0922,0.2720308316041069,0.09359433606950035,0.0
8216.053873253928,136.9342312208988,井浆快替,0.2550198248328588,0.2550198248328588,790.1626506024096,526.7751004016064,572.1867469879518,0.11646586345376374,0.12195812344429831,1.0156811427003931,0.18383295139352773,0.0921,0.2726674300376418,0.09359095966619213,0.0
8217.231942891467,136.95386571485778,井浆快替,0.255617519975243,0.255617519975243,790.1626506024096,535.8574297188756,572.1867469879518,0.1124497991967374,0.12217984091358532,0.9805931544516258,0.17808527558109266,0.0923,0.27330407159647785,0.0935875539413486,0.0
8218.410012529006,136.97350020881677,井浆快替,0.25621521180921075,0.25621521180921075,790.1626506024096,535.8574297188756,572.1867469879518,0.1124497991967374,0.1224014848378669,0.9804894443512121,0.17806822723256455,0.0922,0.2739407535333587,0.09358428366711516,0.0
8219.588082166545,136.99313470277576,井浆快替,0.25681290025339754,0.25681290025339754,790.1626506024096,535.8574297188756,581.2690763052209,0.1124497991967374,0.12262305509288783,0.9804242286716033,0.17805750659481867,0.0922,0.27457747880072714,0.0935810801219467,0.0
8220.766151804084,137.01276919673472,井浆快替,0.257410584857724,0.257410584857724,790.1626506024096,535.8574297188756,581.2690763052209,0.1124497991967374,0.12284454846725792,0.9803449452848102,0.17804447321456063,0.0921,0.27521423971880576,0.09357772664418657,0.0
8221.944221441623,137.0324036906937,井浆快替,0.25800826600036886,0.25800826600036886,799.2449799196787,535.8574297188756,581.2690763052209,0.11646586345376374,0.12306596649270571,1.0153159480662965,0.1837733372511423,0.0923,0.2758510414621227,0.09357440228505669,0.0
8223.122291079162,137.0520381846527,井浆快替,0.2586059437927346,0.2586059437927346,799.2449799196787,535.8574297188756,581.2690763052209,0.11646586345376374,0.12328730963794668,1.015212280099677,0.18375641376401497,0.0923,0.2764878854509954,0.09357117615095696,0.0
8224.300360716701,137.0716726786117,井浆快替,0.25920361835813605,0.25920361835813605,799.2449799196787,535.8574297188756,581.2690763052209,0.11646586345376374,0.12350857900984892,1.0152467070569018,0.18376203390127221,0.0921,0.27712477464175206,0.09356795945221491,0.0
8225.47843035424,137.09130717257068,井浆快替,0.25980128926816104,0.25980128926816104,799.2449799196787,544.9397590361446,581.2690763052209,0.11244979919673743,0.12372977210187053,0.9802522111214343,0.17802922840156787,0.0923,0.27776170204022926,0.09356476908678966,0.0
8226.65649999178,137.11094166652964,井浆快替,0.26039895626756165,0.26039895626756165,799.2449799196787,544.9397590361446,581.2690763052209,0.11244979919673743,0.12395088828959364,0.9801578158306905,0.17801371022109036,0.0921,0.27839866720264267,0.09356167568995366,0.0
8227.834569629318,137.13057616048863,井浆快替,0.2609966197917229,0.2609966197917229,808.3273092369478,544.9397590361446,590.35140562249,0.1164658634537638,0.12417193055509915,1.015135351820116,0.18374385522444614,0.0921,0.2790356776765498,0.09355847324675619,0.0
8229.012639266857,137.15021065444762,井浆快替,0.2615942796863815,0.2615942796863815,808.3273092369478,544.9397590361446,590.35140562249,0.1164658634537638,0.12439289754244869,1.0150366677588096,0.1837277447711756,0.0922,0.2796727286386461,0.09355536467048468,0.0
8230.190708904396,137.1698451484066,井浆快替,0.26219193645376715,0.26219193645376715,808.3273092369478,544.9397590361446,590.35140562249,0.1164658634537638,0.12461379215003067,1.014941896084044,0.18371227272680635,0.0922,0.280309827390468,0.09355234937429541,0.0
8231.368778541935,137.1894796423656,井浆快替,0.2627895902929103,0.2627895902929103,808.3273092369478,544.9397590361446,590.35140562249,0.1164658634537638,0.12483461500209109,1.0148483427445854,0.18369699929534966,0.0922,0.28094697430478793,0.09354940637468899,0.0
8232.546848179474,137.20911413632456,井浆快替,0.26338724087520593,0.26338724087520593,808.3273092369478,544.9397590361446,590.35140562249,0.1164658634537638,0.12505536483120916,1.0147938279509525,0.1836880991289056,0.0921,0.2815841637705101,0.0935464779238125,0.0
8233.724917817013,137.22874863028355,井浆快替,0.2639848879923946,0.2639848879923946,817.4096385542168,554.0220883534137,590.35140562249,0.11646586345376374,0.12527604068834025,1.0147143305010338,0.18367512008283426,0.0921,0.28222139263082546,0.09354344134198102,0.0
8234.902987454552,137.24838312424254,井浆快替,0.2645825312791183,0.2645825312791183,817.4096385542168,554.0220883534137,590.35140562249,0.11646586345376374,0.12549664186790926,1.014692538502408,0.18367156220494862,0.0922,0.28285865809950894,0.09354059708061649,0.0
8236.081057092091,137.26801761820153,井浆快替,0.2651801710359396,0.2651801710359396,817.4096385542168,554.0220883534137,599.433734939759,0.11646586345376374,0.12571717035856225,1.01461794431998,0.18365938344362043,0.092,0.2834959628192828,0.09353780795007705,0.0
8237.25912672963,137.28765211216052,井浆快替,0.2657778074551128,0.2657778074551128,817.4096385542168,554.0220883534137,599.433734939759,0.11646586345376374,0.1259376271017024,1.0145746916599876,0.18365232163245104,0.0922,0.2841333065627136,0.09353498560650149,0.0
8238.43719636717,137.30728660611948,井浆快替,0.2663754403304433,0.2663754403304433,817.4096385542168,554.0220883534137,599.433734939759,0.11646586345376374,0.12615801221963946,1.0144749167714957,0.18363603127019879,0.092,0.28477068601638195,0.0935322991927955,0.0
8239.615266004708,137.32692110007847,井浆快替,0.26697307021435557,0.26697307021435557,826.4919678714859,554.0220883534137,599.433734939759,0.1204819277107901,0.12637832844125865,1.0494992138330979,0.1893345640885027,0.092,0.2854081066157278,0.09352953180777475,0.0
8240.793335642247,137.34655559403745,井浆快替,0.2675706967175091,0.2675706967175091,826.4919678714859,554.0220883534137,599.433734939759,0.1204819277107901,0.12659857390426582,1.0493816298506178,0.18931549961025318,0.0921,0.28604556068623305,0.09352690751275651,0.0
8241.971405279786,137.36619008799644,井浆快替,0.26816832000581015,0.26816832000581015,826.4919678714859,563.1044176706828,599.433734939759,0.11646586345376374,0.12681875110316496,1.0142997936736564,0.1836074379320326,0.0922,0.28668305374127945,0.09352442710128488,0.0
8243.149474917325,137.38582458195543,井浆快替,0.2687659403515715,0.2687659403515715,826.4919678714859,563.1044176706828,608.5160642570281,0.11646586345376374,0.12703886101971198,1.0142427737074058,0.18359812774367879,0.0919,0.28732058506970837,0.09352200688039002,0.0
8244.327544554862,137.40545907591437,井浆快替,0.26936355737211304,0.26936355737211304,826.4919678714859,563.1044176706828,608.5160642570281,0.11646586345376374,0.1272589024974283,1.0141732179549923,0.18358677057538397,0.092,0.28795814694383787,0.09351959879020895,0.0
8245.5056141924,137.42509356987333,井浆快替,0.26996117061347924,0.26996117061347924,835.574297188755,563.1044176706828,608.5160642570281,0.1204819277107901,0.12747887372306288,1.0490372863630597,0.18925966690207763,0.0918,0.2885957311352431,0.09351722115052141,0.0
8246.683683829937,137.4447280638323,井浆快替,0.2705587808919127,0.2705587808919127,835.574297188755,563.1044176706828,608.5160642570281,0.1204819277107901,0.12769877961254625,1.0490412486144314,0.18926030937322236,0.0918,0.2892333478439321,0.09351494664777725,0.0
8247.861753467474,137.46436255779125,井浆快替,0.2711563878412181,0.2711563878412181,835.574297188755,563.1044176706828,608.5160642570281,0.1204819277107901,0.12791861925117665,1.0489270683469885,0.18924179506688588,0.0919,0.2898709901892557,0.09351259407960363,0.0
8249.039823105011,137.48399705175018,井浆快替,0.271753991888677,0.271753991888677,835.574297188755,563.1044176706828,608.5160642570281,0.1204819277107901,0.12813839537443908,1.0488245405796957,0.18922516985071858,0.0919,0.2905086636723891,0.09351022113481725,0.0
8250.217892742548,137.50363154570914,井浆快替,0.27235159275393583,0.27235159275393583,835.574297188755,572.1867469879518,608.5160642570281,0.1164658634537638,0.12835810722732036,1.0138009428443708,0.1835259822473546,0.0917,0.2911463630678454,0.09350767171832194,0.0
8251.395962380086,137.5232660396681,井浆快替,0.2729491903408725,0.2729491903408725,844.656626506024,572.1867469879518,617.5983935742972,0.1204819277107901,0.12857775413343767,1.048673091388821,0.1892006112403808,0.0919,0.2917840827820265,0.09350491123988357,0.0
8252.574032017621,137.542900533627,井浆快替,0.27354678456660236,0.27354678456660236,844.656626506024,572.1867469879518,617.5983935742972,0.1204819277107901,0.1287973368003817,1.0485705326468948,0.18918398015676197,0.0918,0.2924218204913712,0.09350202233818627,0.0
8253.752101655156,137.56253502758594,井浆快替,0.2741443760901038,0.2741443760901038,844.656626506024,572.1867469879518,617.5983935742972,0.1204819277107901,0.12901685849012695,1.0486338535152642,0.18919424840663523,0.0917,0.29305958181794983,0.09349879835353977,0.0
8254.930171292692,137.58216952154487,井浆快替,0.27474196432341075,0.27474196432341075,844.656626506024,572.1867469879518,617.5983935742972,0.1204819277107901,0.1292363175419879,1.0485173655126012,0.18917535835807953,0.0919,0.2936973573123337,0.09349521339872086,0.0
8256.108240930225,137.60180401550375,井浆快替,0.2753395495432714,0.2753395495432714,844.656626506024,572.1867469879518,617.5983935742972,0.1204819277107901,0.12945571569171027,1.048418139151294,0.1891592671626433,0.0918,0.2943351487880276,0.09349143256550767,0.0
8257.286310567759,137.62143850946265,井浆快替,0.2759371317224603,0.2759371317224603,853.7389558232932,572.1867469879518,617.5983935742972,0.12449799196781644,0.12967505443689567,1.083367828483145,0.1948072310501302,0.0919,0.29497295770472504,0.09348752424922853,0.0
8258.46438020529,137.6410730034215,井浆快替,0.2765347104477162,0.2765347104477162,853.7389558232932,581.2690763052209,626.6807228915662,0.1204819277107901,0.129894331595332,1.0483796613614114,0.1891530272667643,0.0917,0.29561077359528015,0.09348366223048055,0.0
8259.642449842822,137.66070749738037,井浆快替,0.2771322860366076,0.2771322860366076,853.7389558232932,581.2690763052209,626.6807228915662,0.1204819277107901,0.13011354888766882,1.0483145549097292,0.1891424689241724,0.0917,0.296248597736296,0.09347950991723372,0.0
8260.820519480352,137.6803419913392,井浆快替,0.27772985845495884,0.27772985845495884,853.7389558232932,581.2690763052209,626.6807228915662,0.1204819277107901,0.130332706501451,1.048213946578891,0.18912615295547097,0.0917,0.29688642733827275,0.0934753512857224,0.0
8261.99858911788,137.699976485298,井浆快替,0.27832742800804167,0.27832742800804167,853.7389558232932,581.2690763052209,626.6807228915662,0.1204819277107901,0.13055180682105558,1.0481512092264693,0.18911597847597672,0.0917,0.2975242646556699,0.09347102798103062,0.0
8263.176658755407,137.71961097925677,井浆快替,0.2789249948006347,0.2789249948006347,862.8212851405623,581.2690763052209,626.6807228915662,0.12449799196781644,0.13077085084789167,1.082988111907483,0.1947460797199475,0.0917,0.29816210862461856,0.09346671785121476,0.0
8264.354728392931,137.7392454732155,井浆快替,0.27952255859483177,0.27952255859483177,862.8212851405623,581.2690763052209,626.6807228915662,0.12449799196781644,0.1309898384449469,1.082929515871061,0.19473664272704228,0.0917,0.29879995629069983,0.09346240478802685,0.0
8265.532798030454,137.75887996717424,井浆快替,0.28012011930638264,0.28012011930638264,862.8212851405623,581.2690763052209,626.6807228915662,0.12449799196781644,0.13120876957473998,1.0828106485945728,0.19471749860705523,0.0916,0.29943780391522334,0.0934578784168679,0.0
8266.710867667973,137.7785144611329,井浆快替,0.2807176770097282,0.2807176770097282,862.8212851405623,590.35140562249,635.7630522088353,0.1204819277107901,0.13142764528927792,1.0477886734682562,0.189057181453687,0.0916,0.30007565004234965,0.09345342151780858,0.0
8267.888937305488,137.79814895509148,井浆快替,0.2813152314801217,0.2813152314801217,862.8212851405623,590.35140562249,635.7630522088353,0.1204819277107901,0.1316464650088546,1.0477777441475937,0.18905540884092908,0.0915,0.30071348911329654,0.09344892809754132,0.0
8269.067006943002,137.81778344905004,井浆快替,0.28191278308965284,0.28191278308965284,871.9036144578313,590.35140562249,635.7630522088353,0.1244979919678164,0.1318652302699956,1.0826890187807545,0.1946979090966462,0.0915,0.30135132236252793,0.09344458156033808,0.0
8270.24507658051,137.8374179430085,井浆快替,0.2825103315573546,0.2825103315573546,871.9036144578313,590.35140562249,635.7630522088353,0.1244979919678164,0.13208394063555756,1.0825892192886046,0.19468183518829008,0.0915,0.30198914441606894,0.09344027726378681,0.0
8271.423146218014,137.8570524369669,井浆快替,0.28310787714038926,0.28310787714038926,871.9036144578313,590.35140562249,635.7630522088353,0.1244979919678164,0.13230259736342542,1.082512485530511,0.1946694760756048,0.0915,0.30262695660522754,0.0934357724734718,0.0
8272.601215855513,137.87668693092522,井浆快替,0.2837054197159689,0.2837054197159689,871.9036144578313,590.35140562249,635.7630522088353,0.1244979919678164,0.13252120128296932,1.0824111628957158,0.19465315626813584,0.0916,0.3032647578975945,0.09343083638582603,0.0
8273.779285493007,137.89632142488344,井浆快替,0.28430295944559403,0.28430295944559403,871.9036144578313,590.35140562249,644.8453815261045,0.1244979919678164,0.13273975348190808,1.0823373841236623,0.1946412726802188,0.0916,0.30390254684286117,0.09342573388783655,0.0
8274.957355130493,137.91595591884155,井浆快替,0.2849004962752589,0.2849004962752589,880.9859437751004,599.433734939759,644.8453815261045,0.12449799196781644,0.1329582542681077,1.082312088989917,0.19463719833856863,0.0915,0.30454032013915383,0.0934205030383236,0.0
8276.135424767972,137.93559041279954,井浆快替,0.28549802995906715,0.28549802995906715,880.9859437751004,599.433734939759,644.8453815261045,0.12449799196781644,0.13317670254980774,1.0822801012469807,0.1946320459744334,0.0914,0.30517807037551753,0.09341543012538145,0.0
8277.313494405442,137.95522490675737,井浆快替,0.2860955604531809,0.2860955604531809,880.9859437751004,599.433734939759,644.8453815261045,0.12449799196781644,0.13339509907949385,1.0821920919168602,0.19461786987084395,0.0914,0.30581579547448384,0.09341036643021854,0.0
8278.491564042903,137.97485940071505,井浆快替,0.2866930882482629,0.2866930882482629,880.9859437751004,599.433734939759,644.8453815261045,0.12449799196781644,0.13361344616705484,1.082079745536366,0.1945997733140895,0.0915,0.3064534993328423,0.09340553188516137,0.0
8279.669633680352,137.99449389467253,井浆快替,0.2872906132336273,0.2872906132336273,880.9859437751004,599.433734939759,644.8453815261045,0.12449799196781644,0.13383174417628088,1.0814031705640537,0.19449078321304425,0.0913,0.30709117994163115,0.09340040413489656,0.0
8280.84770331779,138.0141283886298,井浆快替,0.2878881354612027,0.2878881354612027,890.0682730923695,599.433734939759,644.8453815261045,0.1285140562248428,0.13404999365315934,1.1160039714241285,0.20004579306581471,0.0916,0.3077288349354553,0.09339547636408477,0.0
8282.025772955214,138.0337628825869,井浆快替,0.28848565469553716,0.28848565469553716,890.0682730923695,608.5160642570281,653.9277108433735,0.12449799196781644,0.13426819357797345,1.0804599233092747,0.19433881000717734,0.0914,0.30836645704434584,0.09339064567742127,0.0
8283.203842592622,138.0533973765437,井浆快替,0.2890831712769971,0.2890831712769971,890.0682730923695,608.5160642570281,653.9277108433735,0.12449799196781644,0.1344863465933108,1.0796930557905808,0.1942152334511994,0.0914,0.30900404895689326,0.09338558330414971,0.0
8284.381912230014,138.07303187050022,井浆快替,0.2896806847404133,0.2896806847404133,890.0682730923695,608.5160642570281,653.9277108433735,0.12449799196781644,0.13470445033584047,1.0787039390107565,0.1940558146366328,0.0913,0.30964159966346566,0.09338047553867299,0.0
8285.559981867385,138.09266636445642,井浆快替,0.29027819545111505,0.29027819545111505,899.1506024096386,608.5160642570281,653.9277108433735,0.1285140562248428,0.1349225078165897,1.11238236643557,0.1994661595414997,0.0915,0.31027911273680675,0.09337520375136373,0.0
8286.738051504735,138.11230085841225,井浆快替,0.29087570349565767,0.29087570349565767,899.1506024096386,608.5160642570281,653.9277108433735,0.1285140562248428,0.13514051994331228,1.1112467492284914,0.19928431889132958,0.0914,0.3109165878602207,0.09336991806752636,0.0
8287.91612114206,138.13193535236766,井浆快替,0.29147320888098,0.29147320888098,899.1506024096386,608.5160642570281,653.9277108433735,0.1285140562248428,0.13535848756304003,1.1102955408338966,0.1991319749051904,0.0914,0.3115540243785421,0.09336388767014153,0.0
8289.094190779357,138.15156984632262,井浆快替,0.2920707114073376,0.2920707114073376,899.1506024096386,608.5160642570281,663.0100401606426,0.1285140562248428,0.1355764096192015,1.1094744914651373,0.19900045366965047,0.0914,0.3121914143009526,0.09335791546460068,0.0
8290.272260416623,138.17120434027706,井浆快替,0.2926682113125964,0.2926682113125964,899.1506024096386,617.5983935742972,663.0100401606426,0.12449799196781644,0.13579428757210948,1.074225687403013,0.19333364711134993,0.0914,0.3128287570620495,0.09335212378549647,0.0
8291.450330053854,138.1908388342309,井浆快替,0.2932657087082558,0.2932657087082558,908.2329317269076,617.5983935742972,663.0100401606426,0.12851405622484274,0.13601212245272967,1.1083629305619658,0.1988223619185694,0.0913,0.31346605072653977,0.09334649314979995,0.0
8292.628399691048,138.21047332818412,井浆快替,0.29386320363033874,0.29386320363033874,908.2329317269076,617.5983935742972,663.0100401606426,0.12851405622484274,0.13622991512062535,1.1080184153715387,0.19876715644336884,0.0915,0.3141032928065381,0.09334120948647479,0.0
8293.8064693282,138.23010782213666,井浆快替,0.29446069607165754,0.29446069607165754,908.2329317269076,617.5983935742972,663.0100401606426,0.12851405622484274,0.13644766620361512,1.1076217369301964,0.19870358756265483,0.0914,0.3147404803720574,0.09333622150234602,0.0
8294.984538965304,138.2497423160884,井浆快替,0.295058186087025,0.295058186087025,908.2329317269076,617.5983935742972,663.0100401606426,0.12851405622484274,0.13666537694948147,1.107455059558748,0.19867687552147284,0.0914,0.3153776134350618,0.09333141228401526,0.0
8296.162608602353,138.26937681003923,井浆快替,0.2956556731181841,0.2956556731181841,908.2329317269076,617.5983935742972,663.0100401606426,0.12851405622484274,0.13688304525759867,1.1071448397063781,0.1986271567108373,0.0914,0.31601468044967457,0.09332685632421857,0.0
8297.340678239345,138.28901130398907,井浆快替,0.2962531575186974,0.2962531575186974,908.2329317269076,617.5983935742972,672.0923694779117,0.12851405622484274,0.13710067263531786,1.1069037620526476,0.19858851716236692,0.0914,0.31665168204305977,0.09332234098723802,0.0
8298.518747876271,138.30864579793786,井浆快替,0.2968506393692351,0.2968506393692351,917.3152610441767,626.6807228915662,672.0923694779117,0.1285140562248428,0.13731826038642928,1.1066707791086061,0.19855117325099225,0.0913,0.3172886168244009,0.09331781408918266,0.0
8299.696817513124,138.3282802918854,井浆快替,0.297448118924516,0.297448118924516,917.3152610441767,626.6807228915662,672.0923694779117,0.1285140562248428,0.137535809749021,1.1064421272888045,0.19851452186641527,0.0914,0.3179254836274042,0.09331332377696042,0.0
8300.874887149897,138.34791478583162,井浆快替,0.2980455962177238,0.2980455962177238,917.3152610441767,626.6807228915662,672.0923694779117,0.1285140562248428,0.13775332205978663,1.1061887515430335,0.19847390544115284,0.0914,0.3185622810649116,0.09330890604920182,0.0
8302.052956786581,138.36754927977637,井浆快替,0.298643071593008,0.298643071593008,917.3152610441767,626.6807228915662,672.0923694779117,0.1285140562248428,0.13797079916130384,1.1059570234857552,0.1984367573633844,0.0914,0.3191990105307126,0.09330454852704717,0.0
8303.231026423167,138.38718377371944,井浆快替,0.29924054452589693,0.29924054452589693,917.3152610441767,626.6807228915662,672.0923694779117,0.1285140562248428,0.13818823988979115,1.1057794137334205,0.19840828376786745,0.0914,0.3198356640382325,0.09330028891855581,0.0
8304.409096059646,138.40681826766075,井浆快替,0.2998380150802029,0.2998380150802029,926.3975903614459,626.6807228915662,672.0923694779117,0.13253012048186916,0.1384056449938699,1.1402049217940382,0.20390836813824398,0.0913,0.32047223867792074,0.09329620262475201,0.0
8305.587165696004,138.42645276160007,井浆快替,0.30043548327907105,0.30043548327907105,926.3975903614459,626.6807228915662,681.1746987951807,0.13253012048186916,0.13862301515474454,1.1400321710233043,0.20388086257449023,0.0914,0.32110873163152176,0.09329213388730702,0.0
8306.76523533223,138.44608725553718,井浆快替,0.30103294920299944,0.30103294920299944,926.3975903614459,635.7630522088353,681.1746987951807,0.1285140562248428,0.13884035131590525,1.1052637620501908,0.19832561108136215,0.0916,0.32174514062912274,0.09328818834984605,0.0
8307.943304968308,138.4657217494718,井浆快替,0.30163041315545497,0.30163041315545497,926.3975903614459,635.7630522088353,681.1746987951807,0.1285140562248428,0.1390576552491061,1.1050880196687658,0.1982974329529087,0.0913,0.3223814671064616,0.09328430410630215,0.0
8309.121374604227,138.48535624340377,井浆快替,0.30222787488759534,0.30222787488759534,926.3975903614459,635.7630522088353,681.1746987951807,0.1285140562248428,0.1392749262314911,1.1050647205435455,0.19829369715050482,0.0914,0.3230177040584912,0.09328026689415063,0.0
8310.299444239969,138.5049907373328,井浆快替,0.302825333808463,0.302825333808463,935.4799196787149,635.7630522088353,681.1746987951807,0.1325301204818691,0.13949216173670967,1.1393935484277504,0.20377917214646535,0.0913,0.32365384189498686,0.0932762675886574,0.0
8311.477513875514,138.52462523125857,井浆快替,0.30342279063681454,0.30342279063681454,935.4799196787149,635.7630522088353,681.1746987951807,0.1325301204818691,0.1397093664874452,1.139265647606404,0.2037588044263906,0.0913,0.32428989023936655,0.0932721853757948,0.0
8312.655583510845,138.54425972518075,井浆快替,0.30402024552797485,0.30402024552797485,935.4799196787149,635.7630522088353,690.2570281124498,0.1325301204818691,0.13992654143554484,1.1390707368944453,0.20372776463373166,0.0913,0.32492584701851246,0.09326817002781532,0.0
8313.833653145939,138.56389421909898,井浆快替,0.3046176983824938,0.3046176983824938,935.4799196787149,635.7630522088353,690.2570281124498,0.1325301204818691,0.14014368722288115,1.1389379277901768,0.20370661391236544,0.0915,0.3255617098112026,0.09326424082823648,0.0
8315.011722780773,138.5835287130129,井浆快替,0.30521514938221117,0.30521514938221117,935.4799196787149,644.8453815261045,690.2570281124498,0.12851405622484274,0.14036080491129188,1.1042550357437655,0.19816386075667203,0.0912,0.3261974774224611,0.09326040641185128,0.0
8316.189792415322,138.60316320692203,井浆快替,0.3058125983713033,0.3058125983713033,944.562248995984,644.8453815261045,690.2570281124498,0.1325301204818691,0.14057789455272665,1.1387968096653118,0.20368413930931217,0.0912,0.32683314625656423,0.09325663613618283,0.0
8317.367862049554,138.62279770082588,井浆快替,0.30641004509265685,0.30641004509265685,944.562248995984,644.8453815261045,690.2570281124498,0.1325301204818691,0.14079495388552896,1.138612787714628,0.2036548308503665,0.0913,0.327468707285731,0.09325299100970999,0.0
8318.545931683439,138.64243219472397,井浆快替,0.30700749009585976,0.30700749009585976,944.562248995984,644.8453815261045,690.2570281124498,0.1325301204818691,0.14101198705622078,1.1384577950138877,0.20363014493005716,0.0913,0.32810417121297836,0.09324950741391458,0.0
8319.72400131694,138.66206668861565,井浆快替,0.3076049335698313,0.3076049335698313,944.562248995984,644.8453815261045,690.2570281124498,0.1325301204818691,0.14122899524514632,1.1383567865413635,0.20361405674702848,0.0914,0.32873953791199884,0.09324683008487372,0.0
8320.902070950015,138.68170118250023,井浆快替,0.30820237528532646,0.30820237528532646,944.562248995984,644.8453815261045,699.3393574297189,0.1325301204818691,0.1414459775427972,1.1382196783169585,0.20359221823508178,0.0914,0.3293748021100154,0.09324412151252086,0.0
8322.08014058262,138.701335676377,井浆快替,0.3087998151662003,0.3087998151662003,953.6445783132531,644.8453815261045,699.3393574297189,0.13654618473889546,0.14166293374999583,1.1725868474466723,0.2090475046688689,0.0915,0.3300099610286267,0.09324124623587841,0.0
8323.258210214706,138.7209701702451,井浆快替,0.3093972532016177,0.3093972532016177,953.6445783132531,653.9277108433735,699.3393574297189,0.13253012048186916,0.14187986378204073,1.1380666970022077,0.2035678507604004,0.0914,0.3306450119151098,0.09323846146669405,0.0
8324.436279846213,138.74060466410356,井浆快替,0.3099946894881543,0.3099946894881543,953.6445783132531,653.9277108433735,699.3393574297189,0.13253012048186916,0.14209676852727068,1.1380087971280335,0.20355862804275526,0.0914,0.33127995568747814,0.09323559831639988,0.0
8325.614349477077,138.76023915795128,井浆快替,0.3105921238882919,0.3105921238882919,953.6445783132531,653.9277108433735,699.3393574297189,0.13253012048186916,0.14231364733371996,1.137918520585939,0.2035442479183286,0.0914,0.3319147898771932,0.09323268425121636,0.0
8326.792419107222,138.77987365178703,井浆快替,0.3111895566539575,0.3111895566539575,953.6445783132531,653.9277108433735,699.3393574297189,0.13253012048186916,0.1425305016333939,1.1378489683015156,0.20353316877787098,0.0914,0.3325495196268779,0.09322978018735503,0.0
8327.97048873656,138.79950814560934,井浆快替,0.311786988115281,0.311786988115281,962.7269076305221,653.9277108433735,699.3393574297189,0.13654618473889546,0.14274733290322605,1.1721928239357104,0.20898517143698236,0.0913,0.3331841457484163,0.09322698518954674,0.0
8329.148558364994,138.81914263941655,井浆快替,0.31238441818936197,0.31238441818936197,962.7269076305221,653.9277108433735,708.4216867469879,0.13654618473889546,0.1429641406514214,1.1721801954985938,0.20898317357825513,0.0913,0.3338186679198149,0.09322442017652001,0.0
8330.326627992406,138.83877713320678,井浆快替,0.3129818470130329,0.3129818470130329,962.7269076305221,653.9277108433735,708.4216867469879,0.13654618473889546,0.1431809252109606,1.1720246662252443,0.20895856794112333,0.0915,0.3344530865150972,0.09322199527559319,0.0
8331.50469761866,138.85841162697767,井浆快替,0.31357927494149473,0.31357927494149473,962.7269076305221,663.0100401606426,708.4216867469879,0.1325301204818691,0.143397688237793,1.1374080959685107,0.20346293764361167,0.0914,0.33508740619025523,0.09321972907189374,0.0
8332.6827672436,138.87804612072665,井浆快替,0.31417670186817725,0.31417670186817725,962.7269076305221,663.0100401606426,708.4216867469879,0.1325301204818691,0.14361442904954042,1.1373372571063853,0.2034516524078409,0.0915,0.335721625986921,0.09321739805156767,0.0
8333.860836867034,138.89768061445056,井浆快替,0.3147741272614683,0.3147741272614683,971.8092369477912,663.0100401606426,708.4216867469879,0.13654618473889546,0.1438311447708327,1.1716846823517786,0.20890477784633898,0.0912,0.3363557384393696,0.09321494407686812,0.0
8335.038906488746,138.91731510814577,井浆快替,0.3153715512568953,0.3153715512568953,971.8092369477912,663.0100401606426,708.4216867469879,0.13654618473889546,0.144047835978786,1.1716349050418708,0.2088969020887277,0.0913,0.3369897479592722,0.09321250303588441,0.0
8336.216976108473,138.9369496018079,井浆快替,0.3159689737135897,0.3159689737135897,971.8092369477912,663.0100401606426,717.504016064257,0.13654618473889546,0.144264501398572,1.1714940923873796,0.208874622309563,0.0913,0.3376236515137565,0.09321006218259047,0.0
8337.395045725905,138.95658409543177,井浆快替,0.31656639552582344,0.31656639552582344,971.8092369477912,663.0100401606426,717.504016064257,0.13654618473889546,0.14448114460551517,1.1714899506954013,0.20887396698976557,0.0911,0.3382574623206926,0.09320759478964144,0.0
8338.571315486774,138.97618859144623,井浆快替,0.3171629037299146,0.3171629037299146,971.8092369477912,672.0923694779117,717.504016064257,0.1325301204818691,0.1446974472507761,1.136960507283591,0.2033916302567753,0.0913,0.3388902106957473,0.09320504742238359,0.0
8339.746148165585,138.9957691360931,井浆快替,0.31775868218420006,0.31775868218420006,980.8915662650603,672.0923694779117,717.504016064257,0.13654618473889546,0.1449134718284673,1.1712577442263221,0.2088372252200601,0.0911,0.3395220901026474,0.09320242570804506,0.0
8340.918529781691,139.01530882969485,井浆快替,0.3183532171603033,0.3183532171603033,980.8915662650603,672.0923694779117,717.504016064257,0.13654618473889546,0.14512904157495685,1.1711659530643401,0.20882270073665576,0.0911,0.34015256400711885,0.09319964164269676,0.0
8342.087061804714,139.0347843634119,井浆快替,0.31894579908357235,0.31894579908357235,980.8915662650603,672.0923694779117,717.504016064257,0.13654618473889546,0.14534390746476747,1.1710085540651536,0.2087977942416155,0.0912,0.34078087681047037,0.0931966869959461,0.0
8343.250239675903,139.05417066126503,井浆快替,0.31953566582291854,0.31953566582291854,980.8915662650603,672.0923694779117,717.504016064257,0.13654618473889546,0.1455578083348556,1.170862059025011,0.20877461246223683,0.091,0.341406229731522,0.09319351868218044,0.0
8344.407100512015,139.07345167520026,井浆快替,0.3201223284495213,0.3201223284495213,980.8915662650603,672.0923694779117,726.5863453815261,0.13654618473889546,0.14577056996839688,1.1703355608200487,0.20869129232627182,0.0911,0.3420281044057972,0.09318998140471911,0.0
8345.557810513395,139.09263017522326,井浆快替,0.3207058711529154,0.3207058711529154,989.9738955823293,672.0923694779117,726.5863453815261,0.14056224899592176,0.14598222049677878,1.2041895823774924,0.21403099130814196,0.0913,0.34264658998736114,0.09318610557055106,0.0
8346.703561766844,139.1117260294474,井浆快替,0.32128689917386777,0.32128689917386777,989.9738955823293,681.1746987951807,726.5863453815261,0.13654618473889546,0.14619297186390567,1.1691217876978637,0.20849917516040495,0.091,0.3432623377990595,0.09318188824988358,0.0
8347.845894932401,139.13076491554003,井浆快替,0.3218661936462845,0.3218661936462845,989.9738955823293,681.1746987951807,726.5863453815261,0.13654618473889546,0.14640309431502835,1.1682349706703372,0.20835877942848668,0.0909,0.343876175238905,0.09317717220238837,0.0
8348.98612232626,139.14976870543765,井浆快替,0.32244441982939026,0.32244441982939026,989.9738955823293,681.1746987951807,726.5863453815261,0.13654618473889546,0.14661281712631385,1.1670602568263875,0.20817276719797873,0.091,0.34448880492783485,0.09317219232927243,0.0
8350.125142628649,139.16875237714416,井浆快替,0.32302203416678466,0.32302203416678466,989.9738955823293,681.1746987951807,726.5863453815261,0.13654618473889546,0.14682230186101647,1.1658026529379948,0.2079735811479323,0.0909,0.3451007211434905,0.09316694340624537,0.0
8351.263499954219,139.187724999237,井浆快替,0.32359931289485444,0.32359931289485444,999.0562248995984,681.1746987951807,726.5863453815261,0.14056224899592182,0.14703164566114307,1.1989601379899701,0.21320852503469778,0.091,0.3457122233230567,0.09316141747732481,0.0
8352.401501783792,139.20669169639652,井浆快替,0.3241764119101754,0.3241764119101754,999.0562248995984,681.1746987951807,726.5863453815261,0.14056224899592182,0.14724090135335177,1.1978336604584334,0.21303124448148103,0.091,0.34632347521497847,0.093155738919733,0.0
8353.539315423366,139.2256552570561,井浆快替,0.32475341608417374,0.32475341608417374,999.0562248995984,681.1746987951807,735.6686746987951,0.14056224899592182,0.14745009848842938,1.1969253206299257,0.21288826448154563,0.0911,0.3469345716807619,0.09314997614109859,0.0
8354.677030081366,139.24461716802276,井浆快替,0.3253303706470511,0.3253303706470511,999.0562248995984,690.2570281124498,735.6686746987951,0.13654618473889546,0.14765925118855464,1.1621005419878454,0.20738693005438202,0.091,0.3475455585978699,0.09314408864795887,0.0
8355.814692826923,139.26357821378207,井浆快替,0.32590729956065484,0.32590729956065484,999.0562248995984,690.2570281124498,735.6686746987951,0.13654618473889546,0.14786836680141904,1.1615607264148509,0.20730135245915016,0.0909,0.348156461851342,0.09313800915822434,0.0
8356.952328366602,139.28253880611004,井浆快替,0.3264842154327253,0.3264842154327253,1008.1385542168675,690.2570281124498,735.6686746987951,0.14056224899592182,0.14807744846742027,1.1952458428596697,0.21262383274080665,0.0908,0.3487672948357605,0.09313190063343431,0.0
8358.089949638117,139.30149916063527,井浆快替,0.32706112550204147,0.32706112550204147,1008.1385542168675,690.2570281124498,735.6686746987951,0.14056224899592182,0.1482865007721528,1.1947640474386354,0.2125479582388632,0.0908,0.3493780731860139,0.09312581005252461,0.0
8359.227563409608,139.32045939016012,井浆快替,0.3276380333906838,0.3276380333906838,1008.1385542168675,690.2570281124498,735.6686746987951,0.14056224899592182,0.14849552538389474,1.1943021841371713,0.21247521583925988,0.0906,0.349988805265887,0.09311981037701524,0.0
8360.36353145702,139.33939219095035,井浆快替,0.3282141084080138,0.3282141084080138,1008.1385542168675,690.2570281124498,735.6686746987951,0.14056224899592182,0.1487042327088841,1.193877142129814,0.21240826677066293,0.0907,0.35059861460229486,0.09311400350599294,0.0
8361.498211645585,139.35830352742641,井浆快替,0.32878953188339993,0.32878953188339993,1008.1385542168675,690.2570281124498,744.7510040160643,0.14056224899592182,0.14891268435305643,1.1934329904187342,0.21233830162000555,0.0905,0.35120769329885415,0.09310838201777849,0.0
8362.630710891593,139.37717851485988,井浆快替,0.3293638514893768,0.3293638514893768,1017.2208835341365,690.2570281124498,744.7510040160643,0.14457831325294812,0.14912072516295802,1.2271125560663425,0.2176260933495192,0.0906,0.3518155710594048,0.09310296578067463,0.0
8363.759800025506,139.39599666709177,井浆快替,0.3299364437849434,0.3299364437849434,1017.2208835341365,699.3393574297189,744.7510040160643,0.14056224899592176,0.14932813610916118,1.1920526632658026,0.21212082543663913,0.0907,0.3524215851674741,0.09309772690077604,0.0
8364.88414834494,139.414735805749,井浆快替,0.33050663433325245,0.33050663433325245,1017.2208835341365,699.3393574297189,744.7510040160643,0.14056224899592176,0.1495346841361505,1.1912691636463173,0.2119973551563058,0.0907,0.35302502958766635,0.0930925679381447,0.0
8366.002876181728,139.43338126969547,井浆快替,0.3310739768717848,0.3310739768717848,1017.2208835341365,699.3393574297189,744.7510040160643,0.14056224899592176,0.1497402111051927,1.1904275998930918,0.21186471310127508,0.0905,0.3536254278360226,0.09308657824414897,0.0
8367.116076453467,139.45193460755777,井浆快替,0.33163851845786796,0.33163851845786796,1017.2208835341365,699.3393574297189,744.7510040160643,0.14056224899592176,0.1499447323175477,1.1893076183534705,0.21168815393330231,0.0904,0.35422283001293736,0.09308002813715921,0.0
8368.223805347103,139.47039675578506,井浆快替,0.3322002881413043,0.3322002881413043,1026.3032128514055,699.3393574297189,744.7510040160643,0.14457831325294807,0.15014825937075787,1.2218367750070915,0.21680013097889683,0.0903,0.35481727141529573,0.09307291401650805,0.0
8369.327662259228,139.48879437098714,井浆快替,0.332760097251325,0.332760097251325,1026.3032128514055,699.3393574297189,753.8333333333334,0.14457831325294807,0.15035107533357187,1.21985587687312,0.21648978167410615,0.0902,0.35540961481574557,0.09306517371081813,0.0
8370.428337250518,139.5071389541753,井浆快替,0.333318295999609,0.333318295999609,1026.3032128514055,699.3393574297189,753.8333333333334,0.14457831325294807,0.15055330333803885,1.2180547269954412,0.21620748696487113,0.0902,0.3560002372304168,0.09305680692441276,0.0
8371.525977626772,139.5254329604462,井浆快替,0.33387495943769707,0.33387495943769707,1026.3032128514055,708.4216867469879,753.8333333333334,0.14056224899592176,0.15075496995009918,1.1824195451629018,0.21060141561332335,0.0902,0.35658921955702716,0.09304792011847206,0.0
8372.620351725194,139.54367252875323,井浆快替,0.33442997006554187,0.33442997006554187,1026.3032128514055,708.4216867469879,753.8333333333334,0.14056224899592176,0.15095603422598008,1.1806094520837325,0.21031558689592578,0.0902,0.3571764384327448,0.09303852532670621,0.0
8373.711250016047,139.56185416693413,井浆快替,0.33498322169423717,0.33498322169423717,1026.3032128514055,708.4216867469879,753.8333333333334,0.14056224899592176,0.15115645878008904,1.1787989367403116,0.21002958796922921,0.0901,0.35776178174971784,0.09302870244809311,0.0
8374.798865246546,139.57998108744243,井浆快替,0.33553481216528036,0.33553481216528036,1035.3855421686746,708.4216867469879,753.8333333333334,0.14457831325294812,0.15135627755438158,1.2106809533699976,0.21505073249787765,0.0898,0.35834535395290495,0.09301805185575603,0.0
8375.887463995025,139.59812439991708,井浆快替,0.33608690455105367,0.33608690455105367,1035.3855421686746,708.4216867469879,753.8333333333334,0.14457831325294812,0.15155624081095997,1.2091556115712672,0.21481123278232161,0.0898,0.3589294379227701,0.09300714021588118,0.0
8376.976302268531,139.6162717044755,井浆快替,0.33663912184523465,0.33663912184523465,1035.3855421686746,708.4216867469879,762.9156626506024,0.14457831325294812,0.15175621705631018,1.207800994560913,0.2145984779514093,0.0898,0.35951363457902724,0.09299569174931592,0.0
8378.067130136742,139.6344521689457,井浆快替,0.3371923524127564,0.3371923524127564,1035.3855421686746,708.4216867469879,762.9156626506024,0.14457831325294812,0.15195651977956162,1.2067150536847098,0.21442787950269204,0.0896,0.36009889378143245,0.09298388633140581,0.0
8379.161827003263,139.65269711672104,井浆快替,0.33774754980682986,0.33774754980682986,1035.3855421686746,708.4216867469879,762.9156626506024,0.14457831325294812,0.15215748206194638,1.205724070489503,0.21427216631827972,0.0895,0.3606862264899245,0.09297185193570538,0.0
8380.26232609174,139.67103876819567,井浆快替,0.3383056940169318,0.3383056940169318,1044.4678714859438,717.504016064257,762.9156626506024,0.14457831325294812,0.15235944184384814,1.2049250811262704,0.21414659864952224,0.0897,0.361276662367117,0.09295953580438153,0.0
8381.370376617779,139.689506276963,井浆快替,0.33886767278542923,0.33886767278542923,1044.4678714859438,717.504016064257,762.9156626506024,0.14457831325294812,0.15256270947026487,1.204030394265617,0.214005967525298,0.0897,0.36187114633939044,0.09294713240172625,0.0
8382.487133254588,139.70811888757646,井浆快替,0.33943407201643083,0.33943407201643083,1044.4678714859438,717.504016064257,762.9156626506024,0.14457831325294812,0.15276748888185368,1.2032207369130536,0.2138786800501593,0.0895,0.3624703009470229,0.09293451656746406,0.0
8383.616329845361,139.726938830756,井浆快替,0.34000678511751087,0.34000678511751087,1044.4678714859438,717.504016064257,762.9156626506024,0.14457831325294812,0.1529744334848412,1.202386050020823,0.21374743606340751,0.0893,0.36307612146600254,0.09292097059547537,0.0
8384.751706733512,139.74586177889188,井浆快替,0.34058263689745527,0.34058263689745527,1044.4678714859438,717.504016064257,771.9979919678715,0.14457831325294812,0.15318243629679004,1.2015866154209423,0.2136217145122884,0.0892,0.36368524128830054,0.0929071065746494,0.0
8385.893506770446,139.76489177950742,井浆快替,0.3411617518017203,0.3411617518017203,1053.5502008032129,717.504016064257,771.9979919678715,0.14859437750997445,0.15339154372856884,1.2340840840631382,0.218716201519786,0.0892,0.36429779924069633,0.09289290534934458,0.0
8387.042193043777,139.7840365507296,井浆快替,0.3417443649668256,0.3417443649668256,1053.5502008032129,717.504016064257,771.9979919678715,0.14859437750997445,0.1536018383180408,1.2331656514413203,0.21857267703294814,0.0895,0.3649140497189427,0.09287860715706647,0.0
8388.198542737999,139.8033090456333,井浆快替,0.34233087156360403,0.34233087156360403,1053.5502008032129,726.5863453815261,771.9979919678715,0.14457831325294812,0.15381345945438687,1.1989188422777501,0.21320202678499733,0.089,0.36553441206213666,0.09286419656508792,0.0
8389.36347773455,139.82272462890919,井浆快替,0.34292173880113463,0.34292173880113463,1053.5502008032129,726.5863453815261,771.9979919678715,0.14457831325294812,0.15402656624807964,1.198069652522396,0.21306838728111122,0.089,0.3661593777492743,0.09284917227021246,0.0
8390.537681083277,139.84229468472128,井浆快替,0.34351731247162826,0.34351731247162826,1053.5502008032129,726.5863453815261,771.9979919678715,0.14457831325294812,0.1542412726512589,1.1971042979124253,0.21291643900117208,0.0891,0.36678929286253176,0.09283399898935732,0.0
8391.725103637127,139.8620850606188,井浆快替,0.3441195975524566,0.3441195975524566,1053.5502008032129,726.5863453815261,771.9979919678715,0.14457831325294812,0.15445827485826202,1.1961925160749278,0.2127728962144969,0.0888,0.36742628863270227,0.09281872297210832,0.0
8392.923148240048,139.88205247066747,井浆快替,0.3447272770403804,0.3447272770403804,1062.632530120482,726.5863453815261,781.0803212851406,0.14859437750997445,0.1546771165329336,1.2285289368070746,0.2178476898282251,0.0889,0.36806897078176193,0.09280293991081921,0.0
8394.128478552615,139.90214130921024,井浆快替,0.34533865839500283,0.34533865839500283,1062.632530120482,726.5863453815261,781.0803212851406,0.14859437750997445,0.15489720946075253,1.2275531309940435,0.21769502917780637,0.0887,0.36871553820071934,0.09278668989569931,0.0
8395.340833992788,139.92234723321315,井浆快替,0.34595361080948933,0.34595361080948933,1062.632530120482,726.5863453815261,781.0803212851406,0.14859437750997445,0.15511851356275308,1.2265766666725668,0.2175422356800477,0.0886,0.36936586535230015,0.09277027887122158,0.0
8396.560881044883,139.94268135074805,井浆快替,0.34657247166955657,0.34657247166955657,1062.632530120482,726.5863453815261,781.0803212851406,0.14859437750997445,0.15534114118923642,1.2255338503230755,0.21737902671105735,0.0885,0.37002029827274774,0.09275307417300932,0.0
8397.789424948849,139.96315708248082,井浆快替,0.3471956498439767,0.3471956498439767,1062.632530120482,735.6686746987951,781.0803212851406,0.14457831325294815,0.1555652338649693,1.191545455241337,0.21204089765477674,0.0884,0.37067926857339895,0.09273558095420806,0.0
8399.03125441713,139.9838542402855,井浆快替,0.3478255745698428,0.3478255745698428,1071.714859437751,735.6686746987951,781.0803212851406,0.1485943775099745,0.15579162707684774,1.2235744791983392,0.2170722776241174,0.0885,0.371345342472179,0.09271770099941251,0.0
8400.28443118868,140.00474051981135,井浆快替,0.3484612628194153,0.3484612628194153,1071.714859437751,735.6686746987951,781.0803212851406,0.1485943775099745,0.1560199818655829,1.2224769892974159,0.21690040770856578,0.0883,0.3720174782845707,0.09269922847304655,0.0
8401.549303106905,140.0258217184484,井浆快替,0.34910289157933616,0.34910289157933616,1071.714859437751,735.6686746987951,790.1626506024096,0.1485943775099745,0.15625035789546768,1.220838371762237,0.2166437255057232,0.0882,0.3726958559009894,0.09268010901826725,0.0
8402.825852982434,140.04709754970725,井浆快替,0.349750451735426,0.349750451735426,1071.714859437751,735.6686746987951,790.1626506024096,0.1485943775099745,0.15648274933153716,1.2193540472269295,0.2164111399965698,0.0879,0.3733804621154526,0.09266048322235497,0.0
8404.112882826104,140.06854804710173,井浆快替,0.3504033364790821,0.3504033364790821,1071.714859437751,735.6686746987951,790.1626506024096,0.1485943775099745,0.15671694849938111,1.2177375735006208,0.21615776888111682,0.0879,0.37407064434600185,0.092639641905629,0.0
8405.413471322317,140.09022452203862,井浆快替,0.3510631074847238,0.3510631074847238,1080.79718875502,744.7510040160643,790.1626506024096,0.14859437750997442,0.15695348901148098,1.2158793645484136,0.2158664062130018,0.0878,0.3747680519884231,0.09261833712086279,0.0
8406.725744676054,140.1120957446009,井浆快替,0.35172881581057946,0.35172881581057946,1080.79718875502,744.7510040160643,790.1626506024096,0.14859437750997442,0.15719204968857708,1.2138870065124956,0.21555388897915173,0.0876,0.3754716783667987,0.09259616498885473,0.0
8408.050630909742,140.13417718182902,井浆快替,0.35240093297151426,0.35240093297151426,1080.79718875502,744.7510040160643,790.1626506024096,0.14859437750997442,0.15743279335399718,1.2116969403731044,0.21521021594479406,0.0877,0.37618201890938135,0.09257361009653033,0.0
8409.384423244699,140.15640705407833,井浆快替,0.3530775796545077,0.3530775796545077,1080.79718875502,744.7510040160643,799.2449799196787,0.14859437750997442,0.15767507961539157,1.209419521264081,0.21485267547387066,0.0876,0.37689708163592506,0.0925509695204871,0.0
8410.72068365085,140.17867806084752,井浆快替,0.35375549035303505,0.35375549035303505,1089.879518072289,744.7510040160643,799.2449799196787,0.15261044176700075,0.15791779485939442,1.2398780654385708,0.21962102592042732,0.0875,0.37761341253630937,0.09252832983765973,0.0
8412.061033371716,140.20101722286194,井浆快替,0.354435487808123,0.354435487808123,1089.879518072289,744.7510040160643,799.2449799196787,0.15261044176700075,0.15816122146887657,1.2376814479924214,0.21927811178701162,0.0878,0.3783318732337713,0.0925061260799403,0.0
8413.4049166112,140.22341527685333,井浆快替,0.35511729038876405,0.35511729038876405,1089.879518072289,744.7510040160643,799.2449799196787,0.15261044176700075,0.1584052648063606,1.2356315896816226,0.21895797231724512,0.0872,0.3790521560347556,0.09248356961390762,0.0
8414.758484297656,140.24597473829425,井浆快替,0.35580401838437614,0.35580401838437614,1089.879518072289,753.8333333333334,799.2449799196787,0.14859437750997442,0.15865099004895933,1.2013288878446517,0.21358117919367714,0.0872,0.37977755883731346,0.09246137402003747,0.0
8416.119072832906,140.26865121388175,井浆快替,0.3564943199312816,0.3564943199312816,1089.879518072289,753.8333333333334,808.3273092369478,0.14859437750997442,0.15889793150320175,1.199492098027416,0.2132922289064042,0.087,0.3805066207458877,0.09243967565655649,0.0
8417.487414568704,140.2914569094784,井浆快替,0.3571885684782254,0.3571885684782254,1098.9618473895582,753.8333333333334,808.3273092369478,0.15261044176700075,0.15914622414358134,1.2302099027603492,0.21811059991219361,0.087,0.3812397461896808,0.09241833174707716,0.0
8418.863917226636,140.31439862044394,井浆快替,0.35788697139811104,0.35788697139811104,1098.9618473895582,753.8333333333334,808.3273092369478,0.15261044176700075,0.15939594113977118,1.2284842467567734,0.21784069891176572,0.0868,0.3819771471622292,0.09239756950758597,0.0
8420.248741386033,140.33747902310054,井浆快替,0.35858961128234357,0.35858961128234357,1098.9618473895582,753.8333333333334,808.3273092369478,0.15261044176700075,0.15964711504872198,1.2267565600106942,0.21757038696145536,0.0868,0.3827189149831416,0.09237744397750827,0.0
8421.641877559981,140.360697959333,井浆快替,0.35929648226400007,0.35929648226400007,1098.9618473895582,753.8333333333334,808.3273092369478,0.15261044176700075,0.1598997401729912,1.2249839127350772,0.21729294343902794,0.0866,0.38346503369787455,0.092358025685938,0.0
8423.048301453147,140.38413835755244,井浆快替,0.3600101095521508,0.3600101095521508,1108.0441767068273,762.9156626506024,808.3273092369478,0.1526104417670008,0.160154677853848,1.2232580544295673,0.21702272851157378,0.0866,0.3842181644018972,0.0923390572296421,0.0
8424.464207371047,140.40773678951746,井浆快替,0.3607285622367234,0.3607285622367234,1108.0441767068273,762.9156626506024,817.4096385542168,0.1526104417670008,0.1604112682140442,1.2215366322727343,0.21675311521771978,0.0862,0.384976242528322,0.09232050607876315,0.0
8425.889668196183,140.43149446993638,井浆快替,0.36145187833688996,0.36145187833688996,1108.0441767068273,762.9156626506024,817.4096385542168,0.1526104417670008,0.1606695279748327,1.2197895104751075,0.21647938185488713,0.0859,0.3857393047984272,0.09230126923898632,0.0
8427.324697890914,140.45541163151523,井浆快替,0.3621800630055168,0.3621800630055168,1108.0441767068273,762.9156626506024,817.4096385542168,0.1526104417670008,0.16092945075294623,1.218003618814544,0.21619947528201655,0.0859,0.38650734557148747,0.09228256118780892,0.0
8428.768921045257,140.47948201742096,井浆快替,0.3629129274918992,0.3629129274918992,1117.1265060240964,762.9156626506024,817.4096385542168,0.15662650602402717,0.16119097915854785,1.2482304768588801,0.22092354694943828,0.0857,0.3872801619236209,0.09226401537434128,0.0
8430.227471896102,140.50379119826837,井浆快替,0.3636530780653074,0.3636530780653074,1117.1265060240964,762.9156626506024,817.4096385542168,0.15662650602402717,0.16145500221293566,1.2463337581128393,0.2206279531045242,0.0853,0.3880605157481964,0.09224589271733867,0.0
8431.696372051707,140.52827286752844,井浆快替,0.36439849724581425,0.36439849724581425,1117.1265060240964,771.9979919678715,826.4919678714859,0.1526104417670008,0.16172083863168576,1.2125075713936013,0.21533744061999338,0.0854,0.38884625850469895,0.09222788967507058,0.0
8433.175737406671,140.55292895677786,井浆快替,0.3651492430757224,0.3651492430757224,1117.1265060240964,771.9979919678715,826.4919678714859,0.1526104417670008,0.1619885033348101,1.210554387866087,0.2150308627464791,0.0853,0.38963743956696817,0.09221043131239132,0.0
8434.6656075244,140.57776012540666,井浆快替,0.36590533742490006,0.36590533742490006,1126.2088353413656,771.9979919678715,826.4919678714859,0.15662650602402717,0.16225801027718756,1.2404457121250307,0.21970961679926415,0.0849,0.3904340884657638,0.0921933637497302,0.0
8436.165939652685,140.60276566087808,井浆快替,0.3666667572690622,0.3666667572690622,1126.2088353413656,771.9979919678715,826.4919678714859,0.15662650602402717,0.1625293458526753,1.2384425504094525,0.2193969446056172,0.0848,0.3912361624727365,0.09217560590988907,0.0
8437.67659593539,140.62794326558983,井浆快替,0.3674334314012591,0.3674334314012591,1126.2088353413656,771.9979919678715,826.4919678714859,0.15662650602402717,0.16280248058534758,1.2363713981898359,0.21907352807559133,0.0842,0.3920435782171726,0.09215802662918818,0.0
8439.202707258077,140.65337845430128,井浆快替,0.3682079666746417,0.3682079666746417,1126.2088353413656,781.0803212851406,835.574297188755,0.1526104417670008,0.1630783060366926,1.2017710140778426,0.2136507153974445,0.0841,0.3928590729426778,0.09213954631162648,0.0
8440.739614650694,140.67899357751156,井浆快替,0.3689879988016542,0.3689879988016542,1135.2911646586344,781.0803212851406,835.574297188755,0.15662650602402706,0.163356021434209,1.2309708126645276,0.21822958033632545,0.0842,0.393680133922694,0.09212092202774842,0.0
8442.28712648468,140.70478544141133,井浆快替,0.36977343477347907,0.36977343477347907,1135.2911646586344,781.0803212851406,835.574297188755,0.15662650602402706,0.1636356109295907,1.2284706639595742,0.21783857412664687,0.084,0.39450668002999756,0.09210223246864566,0.0
8443.844987500403,140.7307497916734,井浆快替,0.3705641448316994,0.3705641448316994,1135.2911646586344,781.0803212851406,835.574297188755,0.15662650602402706,0.16391702966470356,1.2258635905169912,0.2174306373275281,0.0837,0.39533857257902216,0.09208348442709999,0.0
8445.412881355462,140.75688135592435,井浆快替,0.37135996769699303,0.37135996769699303,1135.2911646586344,781.0803212851406,835.574297188755,0.15662650602402706,0.16420021892888362,1.2231547145866937,0.21700654579470047,0.0836,0.3961756203240822,0.09206453466942095,0.0
8446.995968669906,140.78326614449844,井浆快替,0.3721635222453717,0.3721635222453717,1144.3734939759036,790.1626506024096,844.656626506024,0.1566265060240271,0.16448605933885355,1.2202996459030193,0.21655931810214968,0.0831,0.39702056817071973,0.09204555184004112,0.0
8448.589457658276,140.8098242943046,井浆快替,0.37297237489757074,0.37297237489757074,1144.3734939759036,790.1626506024096,844.656626506024,0.1566265060240271,0.16477372358679612,1.2174422210957423,0.21611146557594973,0.083,0.3978708401627353,0.09202504741460928,0.0
8450.192821727145,140.83654702878576,井浆快替,0.37378625917994335,0.37378625917994335,1144.3734939759036,790.1626506024096,844.656626506024,0.1566265060240271,0.16506312380144986,1.2144870587137016,0.215648025053512,0.0828,0.39872613801583345,0.09200425482447859,0.0
8451.805829623429,140.8634304937238,井浆快替,0.37460506119510073,0.37460506119510073,1153.4558232931727,790.1626506024096,844.656626506024,0.16064257028105347,0.16535423479027933,1.2425040848092854,0.22003077637023294,0.0827,0.39958635857027935,0.0919832254679152,0.0
8453.428229106683,140.8904704851114,井浆快替,0.37542865252090246,0.37542865252090246,1153.4558232931727,790.1626506024096,844.656626506024,0.16064257028105347,0.1656470113144437,1.2393477480152046,0.21953825181749342,0.0823,0.400451359078664,0.09196219317454525,0.0
8455.059738250198,140.91766230416997,井浆快替,0.37625689293438336,0.37625689293438336,1153.4558232931727,799.2449799196787,853.7389558232932,0.1566265060240271,0.1659414162071712,1.205263393437768,0.2141997696268042,0.082,0.4013209932405786,0.09194127321388948,0.0
8456.70558500058,140.945093083343,井浆快替,0.377092434061908,0.377092434061908,1153.4558232931727,799.2449799196787,853.7389558232932,0.1566265060240271,0.16623833189726783,1.2021515203189237,0.2137105552825629,0.082,0.40219801973972386,0.0919205280619282,0.0
8458.360880615073,140.97268134358455,井浆快替,0.3779327936334612,0.3779327936334612,1162.5381526104418,799.2449799196787,853.7389558232932,0.16064257028105347,0.16653692025432182,1.2298438614392417,0.2180533570511003,0.0817,0.403079827518975,0.09190004551375658,0.0
8460.025151778626,141.00041919631042,井浆快替,0.3787777326262723,0.3787777326262723,1162.5381526104418,799.2449799196787,853.7389558232932,0.16064257028105347,0.16683710656139916,1.2267555337587204,0.21757022636745194,0.0814,0.40396617270721924,0.0918800277195784,0.0
8461.698165994132,141.02830276656886,井浆快替,0.379627132386086,0.379627132386086,1162.5381526104418,799.2449799196787,853.7389558232932,0.16064257028105347,0.16713884673789664,1.2237133329093783,0.21709401980616327,0.0812,0.4048568962726898,0.09185921254685409,0.0
8463.385092446368,141.05641820743946,井浆快替,0.38048361931050856,0.38048361931050856,1171.620481927711,808.3273092369478,862.8212851405623,0.16064257028105347,0.1674430283399197,1.2207194308673706,0.21662509066482205,0.0811,0.40575475482961365,0.09183887096908369,0.0
8465.08121972154,141.084686995359,井浆快替,0.38134480419195615,0.38134480419195615,1171.620481927711,808.3273092369478,862.8212851405623,0.16064257028105347,0.16774886003617262,1.2177435019140999,0.21615869826873546,0.081,0.406657244308998,0.09181881864797684,0.0
8466.78639314862,141.113106552477,井浆快替,0.38221060840790466,0.38221060840790466,1171.620481927711,808.3273092369478,862.8212851405623,0.16064257028105347,0.1680563140359759,1.2148336896040384,0.21570239929339374,0.0805,0.40756427112395516,0.09179858379974833,0.0
8468.505795613699,141.14176326022832,井浆快替,0.3830836643114392,0.3830836643114392,1171.620481927711,808.3273092369478,862.8212851405623,0.16064257028105347,0.1683662759001389,1.2119156573593648,0.21524454456524666,0.0801,0.40847859641451084,0.09177877340456325,0.0
8470.234426791894,141.1705737798649,井浆快替,0.38396142701442926,0.38396142701442926,1180.70281124498,808.3273092369478,871.9036144578313,0.16465863453807983,0.16867786985154193,1.2392662619506076,0.21952553236256223,0.0797,0.40939752149658887,0.09175915952778615,0.0
8471.977558607145,141.19962597678574,井浆快替,0.38484657969399233,0.38484657969399233,1180.70281124498,817.4096385542168,871.9036144578313,0.16064257028105353,0.16899201524182392,1.2062452614416876,0.2143540648972846,0.0794,0.4103238453160604,0.09173995274194478,0.0
8473.731224283028,141.22885373805047,井浆快替,0.38573710900375124,0.38573710900375124,1180.70281124498,817.4096385542168,871.9036144578313,0.16064257028105353,0.16930803999557398,1.2033534738569458,0.2138995492414545,0.0792,0.41125546597142254,0.09172101641489314,0.0
8475.494391184477,141.2582398530746,井浆快替,0.3866324925983037,0.3866324925983037,1189.7851405622491,817.4096385542168,871.9036144578313,0.16465863453807988,0.16962577818654623,1.2304380762277578,0.21814628038116335,0.0791,0.41219184896137956,0.091701976034131,0.0
8477.26819202136,141.287803200356,井浆快替,0.38753330610024267,0.38753330610024267,1189.7851405622491,817.4096385542168,871.9036144578313,0.16465863453807988,0.16994542418299174,1.2274010914236315,0.21767124055378795,0.0784,0.413133594757076,0.09168388516751293,0.0
8479.04542403481,141.3174237339135,井浆快替,0.38843588888433506,0.38843588888433506,1189.7851405622491,826.4919678714859,880.9859437751004,0.16064257028105353,0.17026574386141766,1.1944941033086385,0.21250544347994704,0.0782,0.4140768806399989,0.09166541134901908,0.0
8480.82356582389,141.34705943039816,井浆快替,0.38933896371724996,0.38933896371724996,1198.867469879518,826.4919678714859,880.9859437751004,0.16465863453807977,0.1705863205846616,1.2213059148295125,0.21671697264012013,0.0774,0.41502032462159294,0.09164496989184721,0.0
8482.603196797425,141.37671994662375,井浆快替,0.39024282712573816,0.39024282712573816,1198.867469879518,826.4919678714859,880.9859437751004,0.16465863453807977,0.1709072632173796,1.2183840839600242,0.21625911476904602,0.0772,0.41596425363757217,0.09162346822505676,0.0
8484.384913233018,141.4064152205503,井浆快替,0.39114777922188065,0.39114777922188065,1198.867469879518,826.4919678714859,880.9859437751004,0.16465863453807977,0.17122866228930148,1.2140229077314715,0.21557521012593517,0.0769,0.4169089651353098,0.09160062593626446,0.0
8486.168894724957,141.43614824541595,井浆快替,0.3920539117256572,0.3920539117256572,1198.867469879518,826.4919678714859,890.0682730923695,0.16465863453807977,0.1715505517815615,1.2108232398083336,0.21507306970715745,0.0766,0.4178545863036954,0.0915762942671103,0.0
8487.95287621546,141.46588127025768,井浆快替,0.3929600786151973,0.3929600786151973,1207.9497991967871,835.574297188755,890.0682730923695,0.16465863453807977,0.1718725656801896,1.2075794553331087,0.2145636777311114,0.0765,0.41879991529543387,0.09154978580744348,0.0
8489.736857704338,141.4956142950723,井浆快替,0.3938662809830319,0.3938662809830319,1207.9497991967871,835.574297188755,890.0682730923695,0.16465863453807977,0.17219470866500017,1.2042828401146108,0.2140456507096704,0.0759,0.41974496310295034,0.0915223709635445,0.0
8491.521391126504,141.52535651877506,井浆快替,0.39477280408477655,0.39477280408477655,1207.9497991967871,835.574297188755,890.0682730923695,0.16465863453807977,0.1725170946527997,1.2009586975303173,0.21352295211209904,0.0755,0.4206900383441055,0.09149486060661331,0.0
8493.306415779307,141.55510692965512,井浆快替,0.39567961167497157,0.39567961167497157,1217.0321285140562,835.574297188755,899.1506024096386,0.16867469879510613,0.17283969173136976,1.2267943348983599,0.21757629817727353,0.0752,0.42163507452399535,0.0914680839585067,0.0
8495.092329148345,141.58487215247243,井浆快替,0.3965869058134159,0.3965869058134159,1217.0321285140562,844.656626506024,899.1506024096386,0.16465863453807983,0.17316256871851887,1.1942644183583222,0.2124692675194283,0.0748,0.4225802866479819,0.09144223701244643,0.0
8496.879692067398,141.61466153445662,井浆快替,0.39749497252108984,0.39749497252108984,1217.0321285140562,844.656626506024,899.1506024096386,0.16465863453807983,0.17348582564157272,1.1909850031621276,0.2119525700410816,0.0742,0.4235259814528579,0.09141741792235887,0.0
8498.669086790876,141.64448477984794,井浆快替,0.3984041153887838,0.3984041153887838,1217.0321285140562,844.656626506024,899.1506024096386,0.16465863453807983,0.17380959319286193,1.1876148358725587,0.21142122065335056,0.0741,0.42447247825121664,0.09139370768610339,0.0
8500.458624119188,141.67431040198647,井浆快替,0.3993133638075909,0.3993133638075909,1226.1144578313254,844.656626506024,899.1506024096386,0.1686746987951062,0.1741335059153104,1.213102167462873,0.21543074652665328,0.0735,0.4254187627159894,0.09137103624405106,0.0
8502.248175804854,141.70413626341423,井浆快替,0.4002226664961848,0.4002226664961848,1226.1144578313254,844.656626506024,908.2329317269076,0.1686746987951062,0.17445759652473825,1.2096924956748407,0.21489553932944094,0.073,0.42636479898586893,0.09134898307670328,0.0
8504.037734471047,141.73396224118412,井浆快替,0.4011320087491905,0.4011320087491905,1226.1144578313254,853.7389558232932,908.2329317269076,0.16465863453807983,0.17478182071305362,1.177459471535081,0.20981793204390498,0.0728,0.42731056239868304,0.0913275150648043,0.0
8505.827296535499,141.76378827559165,井浆快替,0.4020413920755448,0.4020413920755448,1235.1967871485945,853.7389558232932,908.2329317269076,0.1686746987951062,0.17510618982526024,1.2026865199309638,0.21379468369119103,0.0721,0.4282560617368085,0.09130619736296651,0.0
8507.61686025489,141.7936143375815,井浆快替,0.40295082292060624,0.40295082292060624,1235.1967871485945,853.7389558232932,908.2329317269076,0.1686746987951062,0.1754307332472333,1.1992486347254694,0.2132539210794333,0.0717,0.42920131918386195,0.09128468399360573,0.0
8509.40642477828,141.82344041297134,井浆快替,0.4038603076956182,0.4038603076956182,1235.1967871485945,853.7389558232932,917.3152610441767,0.1686746987951062,0.1757554763144355,1.195748725353838,0.2127030202967043,0.071,0.4301463279852195,0.09126300409622741,0.0
8511.195989688584,141.85326649480973,井浆快替,0.4047698413842795,0.4047698413842795,1244.2791164658636,862.8212851405623,917.3152610441767,0.1686746987951062,0.17608039925628188,1.192296831067289,0.21215929944239809,0.0706,0.4310911024158111,0.09124107820181389,0.0
8512.985554779953,141.88309257966588,井浆快替,0.4056794213438434,0.4056794213438434,1244.2791164658636,862.8212851405623,917.3152610441767,0.1686746987951062,0.17640548983053617,1.1877675867339832,0.21144531150292822,0.07,0.4320356362160059,0.09121900130976382,0.0
8514.77511994938,141.91291866582299,井浆快替,0.4065890475651197,0.4065890475651197,1244.2791164658636,862.8212851405623,917.3152610441767,0.1686746987951062,0.17673074848839856,1.18412955758958,0.2108713457300876,0.0697,0.4329799560054951,0.0911966283652657,0.0
8516.557424733126,141.9426237455521,井浆快替,0.40749503741825094,0.40749503741825094,1244.2791164658636,862.8212851405623,917.3152610441767,0.1686746987951062,0.17705495830192608,1.1804426278793627,0.21028923876159378,0.0691,0.4339202307897583,0.09117400828890507,0.0
8518.3264305615,141.972107176025,井浆快替,0.4083943164783577,0.4083943164783577,1253.3614457831325,862.8212851405623,926.3975903614459,0.17269076305213243,0.17737705885456215,1.2035682963311702,0.21393332292467893,0.0681,0.4348533071312093,0.09115137971429788,0.0
8520.077087826594,142.0012847971099,井浆快替,0.4092843206514148,0.4092843206514148,1253.3614457831325,871.9036144578313,926.3975903614459,0.16867469879510613,0.17769618809065438,1.173069899361015,0.20912391520118878,0.0681,0.43577650803882517,0.09112869427037783,0.0
8521.806615045425,142.03011025075708,井浆快替,0.41016365079015926,0.41016365079015926,1253.3614457831325,871.9036144578313,926.3975903614459,0.16867469879510613,0.178011916777521,1.168366348684947,0.20837958000558,0.0673,0.4366883696095573,0.09110594488898208,0.0
8523.51632931905,142.05860548865084,井浆快替,0.4110329724778703,0.4110329724778703,1262.4437751004016,871.9036144578313,926.3975903614459,0.1726907630521325,0.17832445341153305,1.1917750620484122,0.2120770809786957,0.0666,0.43758966194036264,0.09108317197836388,0.0
8525.210743997683,142.08684573329472,井浆快替,0.41189456630661764,0.41189456630661764,1262.4437751004016,871.9036144578313,935.4799196787149,0.1726907630521325,0.1786345176774745,1.1874660254933969,0.2113977505626623,0.0658,0.438482737876736,0.09106030847255757,0.0
8526.89502688828,142.11491711480465,井浆快替,0.41275107243337206,0.41275107243337206,1262.4437751004016,880.9859437751004,935.4799196787149,0.16867469879510613,0.17894305268811353,1.1555454561880842,0.2063471192625178,0.0657,0.4393703373038952,0.09103733502499853,0.0
8528.573268750222,142.14288781250372,井浆快替,0.4136045660923768,0.4136045660923768,1262.4437751004016,880.9859437751004,935.4799196787149,0.16867469879510613,0.17925074457992826,1.1483276262751587,0.2052006016240746,0.065,0.44025462248023284,0.09101429605042573,0.0
8530.24339527045,142.17072325450752,井浆快替,0.4144539983561255,0.4144539983561255,1271.5261044176707,880.9859437751004,935.4799196787149,0.1726907630521325,0.1795572580002497,1.172763247074943,0.20907540892186727,0.0642,0.44113454303301625,0.0909910181152158,0.0
8531.907885039649,142.1984647506608,井浆快替,0.41530062130151124,0.41530062130151124,1271.5261044176707,880.9859437751004,935.4799196787149,0.1726907630521325,0.17986298780834775,1.1654605267472429,0.20791938469741955,0.0637,0.44201138812401425,0.09096766735257159,0.0
8533.564924043198,142.2260820673866,井浆快替,0.4161435004544247,0.4161435004544247,1271.5261044176707,880.9859437751004,944.562248995984,0.1726907630521325,0.18016756834575803,1.1595241562390934,0.20697840940920753,0.0631,0.4428841893245977,0.09094399547140669,0.0
8535.211304107863,142.25352173513105,井浆快替,0.4169810120948381,0.4169810120948381,1280.6084337349398,890.0682730923695,944.562248995984,0.1726907630521325,0.18047047175899186,1.1548934141597902,0.20624361350683074,0.0628,0.4437512819016427,0.09092020220765333,0.0
8536.85046822309,142.2808411370515,井浆快替,0.41781490000056076,0.41781490000056076,1280.6084337349398,890.0682730923695,944.562248995984,0.1726907630521325,0.18077226681250552,1.1487354900663904,0.20526543295898125,0.0625,0.44461447595510456,0.09089614930872239,0.0
8538.477912859922,142.30796521433203,井浆快替,0.4186428750769997,0.4186428750769997,1280.6084337349398,890.0682730923695,944.562248995984,0.1726907630521325,0.1810721724040027,1.1435901888396385,0.2044471822680135,0.062,0.44547141298382176,0.09087143780860066,0.0
8540.097170869916,142.33495284783194,井浆快替,0.41946673539699514,0.41946673539699514,1280.6084337349398,890.0682730923695,944.562248995984,0.1726907630521325,0.18137080841984546,1.1377295124312936,0.20351414002287682,0.0613,0.4463239772119525,0.09084635373276756,0.0
8541.715446932825,142.36192411554708,井浆快替,0.4202901376160692,0.4202901376160692,1289.690763052209,890.0682730923695,953.6445783132531,0.17670682730915885,0.18166940231748613,1.1600169448535929,0.20705656395995609,0.0604,0.44717594499972246,0.09082072459700619,0.0
8543.34144330405,142.38902405506752,井浆快替,0.4211174954682521,0.4211174954682521,1289.690763052209,899.1506024096386,953.6445783132531,0.1726907630521325,0.18196942436178995,1.1264396376551002,0.2017136629477455,0.0602,0.4480318823516296,0.0907944455615802,0.0
8544.97827988079,142.41630466467984,井浆快替,0.4219504215558847,0.4219504215558847,1289.690763052209,899.1506024096386,953.6445783132531,0.1726907630521325,0.18227151657620347,1.1196729482773302,0.20063258044232712,0.0602,0.4488934263938036,0.09076732637269172,0.0
8546.637505906554,142.4439584317759,井浆快替,0.42279478443219437,0.42279478443219437,1298.773092369478,899.1506024096386,953.6445783132531,0.17670682730915885,0.18257767085062876,1.1383411991509755,0.20361157402743912,0.0599,0.4497666948232774,0.090740060294277,0.0
8548.314232797844,142.47190387996406,井浆快替,0.42364808566319123,0.42364808566319123,1298.773092369478,899.1506024096386,962.7269076305221,0.17670682730915885,0.18288698460673425,1.1343323003423411,0.2029727898571312,0.0592,0.4506491214913656,0.09071214623222214,0.0
8550.004406024858,142.50007343374764,井浆快替,0.4245082646475602,0.4245082646475602,1298.773092369478,899.1506024096386,962.7269076305221,0.17670682730915885,0.1831987546912782,1.1254186888594853,0.20155064441008008,0.0587,0.4515385519192013,0.09068344668794374,0.0
8551.698422662857,142.52830704438097,井浆快替,0.4253704238818813,0.4253704238818813,1298.773092369478,908.2329317269076,962.7269076305221,0.17269076305213255,0.18351125585465622,1.0921265198237722,0.19621648335575315,0.0587,0.4524299039943124,0.09065421984784036,0.0
8553.395375807293,142.55658959678823,井浆快替,0.4262341333236741,0.4262341333236741,1307.855421686747,908.2329317269076,962.7269076305221,0.1767068273091588,0.1838244541686771,1.1100790627505488,0.1990973000795444,0.0581,0.4533227302331996,0.09062447052292243,0.0
8555.0929787402,142.58488297900334,井浆快替,0.4270982079034469,0.4270982079034469,1307.855421686747,908.2329317269076,962.7269076305221,0.1767068273091588,0.18413786745290195,1.1044055166006035,0.19818799259138775,0.0578,0.454215837412865,0.09059423068725024,0.0
8556.802719515292,142.6133786585882,井浆快替,0.4279684916027716,0.4279684916027716,1307.855421686747,908.2329317269076,971.8092369477912,0.1767068273091588,0.18445349324659216,1.0971161872630264,0.19701820574465068,0.0572,0.45511524400929493,0.09056359757840461,0.0
8558.521774680306,142.6420295780051,井浆快替,0.42884354282648285,0.42884354282648285,1316.937751004016,908.2329317269076,971.8092369477912,0.18072289156618515,0.18477081836997858,1.114101806790672,0.1997414062499392,0.0569,0.4560194689311629,0.09053239329218263,0.0
8560.249006605014,142.67081677675023,井浆快替,0.4297227832935366,0.4297227832935366,1316.937751004016,917.3152610441767,971.8092369477912,0.1767068273091588,0.18508964426958255,1.082103971690959,0.1946036756547158,0.0564,0.45692789195925726,0.09050073107427095,0.0
8561.976352531241,142.6996058755207,井浆快替,0.4306021101895029,0.4306021101895029,1316.937751004016,917.3152610441767,971.8092369477912,0.1767068273091588,0.18540856379238346,1.0750142781169487,0.19346086299798604,0.0558,0.4578362932429869,0.09046871877877938,0.0
8563.700387433182,142.72833979055304,井浆快替,0.4314797735312934,0.4314797735312934,1316.937751004016,917.3152610441767,980.8915662650603,0.1767068273091588,0.18572695596759486,1.0725471302960292,0.19306279454182196,0.0556,0.45874283959487905,0.09043625399362674,0.0
8565.428475781551,142.75714126302586,井浆快替,0.4323595323678795,0.4323595323678795,1326.0200803212851,917.3152610441767,980.8915662650603,0.18072289156618515,0.18604614714608647,1.0877179293722141,0.19550746035516509,0.0544,0.45965140001094895,0.09040337920116161,0.0
8567.153765116325,142.7858960852721,井浆快替,0.43323789691198855,0.43323789691198855,1326.0200803212851,917.3152610441767,980.8915662650603,0.18072289156618515,0.18636493188073885,1.0810885681385969,0.1944400985878446,0.0539,0.4605583794386548,0.09036977245167416,0.0
8568.878887477638,142.8146481246273,井浆快替,0.43411620684537383,0.43411620684537383,1326.0200803212851,926.3975903614459,980.8915662650603,0.1767068273091588,0.18668376774158,1.0506968364107612,0.189528715081409,0.0532,0.4614651176783684,0.0903360263237789,0.0
8570.597905086652,142.84329841811086,井浆快替,0.4349914461408024,0.4349914461408024,1335.1024096385543,926.3975903614459,980.8915662650603,0.18072289156618515,0.1870016445927411,1.0672836689759473,0.19221289072298742,0.053,0.4623685426786549,0.09030199369668923,0.0
8572.310877311182,142.87184795518635,井浆快替,0.4358636416307002,0.4358636416307002,1335.1024096385543,926.3975903614459,989.9738955823293,0.18072289156618515,0.1873185592658167,1.0595635695010757,0.1909646879784006,0.0521,0.4632686828226056,0.09026772597475137,0.0
8574.011596291093,142.90019327151822,井浆快替,0.4367296351289121,0.4367296351289121,1335.1024096385543,926.3975903614459,989.9738955823293,0.18072289156618515,0.18763343406049335,1.0530093648321164,0.18990347598641744,0.0516,0.46416231033906624,0.09023323248805043,0.0
8575.698125433415,142.9283020905569,井浆快替,0.4375884387151746,0.4375884387151746,1335.1024096385543,935.4799196787149,989.9738955823293,0.17670682730915885,0.18794591904857594,1.022753637585624,0.1849866027372048,0.0513,0.4650483744860112,0.09019862467640243,0.0
8577.368813513498,142.95614689189162,井浆快替,0.43843920837219164,0.43843920837219164,1344.1847389558234,935.4799196787149,989.9738955823293,0.18072289156618518,0.18825571073084696,1.0392495766470622,0.1876710543144019,0.0508,0.46592601829837516,0.09016389225691633,0.0
8579.022003741136,142.98370006235228,井浆快替,0.4392811022120851,0.4392811022120851,1344.1847389558234,935.4799196787149,999.0562248995984,0.18072289156618518,0.18856252169295537,1.031805422635845,0.1864607332004019,0.0506,0.4667943845450751,0.0901291006498561,0.0
8580.657286225172,143.01095477041954,井浆快替,0.4401139071041052,0.4401139071041052,1344.1847389558234,935.4799196787149,999.0562248995984,0.18072289156618518,0.18886625987863387,1.0248666233570283,0.18533095231388852,0.0498,0.4676532436128324,0.09009422614873464,0.0
8582.273364770554,143.03788941284256,井浆快替,0.44093696062851084,0.44093696062851084,1353.2670682730925,935.4799196787149,999.0562248995984,0.18473895582321154,0.18916668631794947,1.040711850783788,0.1879085891001695,0.0495,0.46850192119299333,0.0900592524270961,0.0
8583.879398056624,143.06465663427707,井浆快替,0.44175492163377733,0.44175492163377733,1353.2670682730925,944.562248995984,999.0562248995984,0.18072289156618518,0.18946539634883566,1.0106150667935716,0.18300557946723417,0.0488,0.46934518779126977,0.09002433480419596,0.0
8585.478432105963,143.09130720176606,井浆快替,0.44256933405442866,0.44256933405442866,1353.2670682730925,944.562248995984,999.0562248995984,0.18072289156618518,0.18976290404120252,1.0042827391897415,0.181970228723348,0.0488,0.47018465663155784,0.08998927716668939,0.0
8587.07681338364,143.1179468897273,井浆快替,0.44338345415941266,0.44338345415941266,1353.2670682730925,944.562248995984,1008.1385542168675,0.18072289156618518,0.19006042767473313,0.9961997833057987,0.18064673953050614,0.0488,0.47102366962583575,0.089954068865417,0.0
8588.679770575749,143.14466284292914,井浆快替,0.4441999231385676,0.4441999231385676,1362.3493975903614,944.562248995984,1008.1385542168675,0.18473895582321145,0.19035880813516817,1.0162831677846893,0.1839312160848755,0.0485,0.4718649397015495,0.08991872824895665,0.0
8590.290765109556,143.17151275182593,井浆快替,0.445020500729682,0.445020500729682,1362.3493975903614,944.562248995984,1008.1385542168675,0.18473895582321145,0.19065864663946921,1.0121398409575568,0.1832546878788064,0.048,0.47271029255207986,0.08988361107316002,0.0
8591.916267351058,143.19860445585098,井浆快替,0.44584848069989924,0.44584848069989924,1362.3493975903614,953.6445783132531,1008.1385542168675,0.1807228915661851,0.19096108229814485,0.9846364992196953,0.17874966382996726,0.0474,0.4735631145594238,0.08984824555363352,0.0
8593.55644421613,143.2259407369355,井浆快替,0.44668397269917587,0.44668397269917587,1362.3493975903614,953.6445783132531,1008.1385542168675,0.1807228915661851,0.19126623816589908,0.979166520038569,0.17785072775519306,0.0469,0.47442347536173646,0.08981250802868992,0.0
8595.213842621284,143.25356404368807,井浆快替,0.44752824127679564,0.44752824127679564,1371.4317269076305,953.6445783132531,1017.2208835341365,0.18473895582321145,0.19157443558460097,0.9947297562741952,0.18040580982665944,0.0464,0.47529267801797315,0.08977660733945024,0.0
8596.889834251671,143.28149723752784,井浆快替,0.44838198593752826,0.44838198593752826,1371.4317269076305,953.6445783132531,1017.2208835341365,0.18473895582321145,0.1918859194299456,0.9874607464242302,0.17921341563589321,0.0455,0.4761714484968067,0.08974021584560053,0.0
8598.584971994012,143.30974953323354,井浆快替,0.4492454851849972,0.4492454851849972,1371.4317269076305,953.6445783132531,1017.2208835341365,0.18473895582321145,0.1922007739235247,0.9815154476860991,0.17823687087706042,0.045,0.47706006711600485,0.0897033176693245,0.0
8600.305433123136,143.3384238853856,井浆快替,0.45012188701998135,0.45012188701998135,1380.5140562248996,962.7269076305221,1017.2208835341365,0.18473895582321148,0.19252009027484274,0.9738354450596132,0.17697367239064343,0.0447,0.47796173138716824,0.08966587378893127,0.0
8602.030334661926,143.36717224436543,井浆快替,0.4510005656775023,0.4510005656775023,1380.5140562248996,962.7269076305221,1026.3032128514055,0.18473895582321148,0.19284023133504868,0.966390296259099,0.17574724883149906,0.0445,0.47886552109296837,0.08962774744851058,0.0
8603.735609350153,143.39559348916922,井浆快替,0.45186926047054504,0.45186926047054504,1380.5140562248996,962.7269076305221,1026.3032128514055,0.18473895582321148,0.1931569532936487,0.9597281842908666,0.17464826401441735,0.0438,0.4797588446933327,0.08958947387086941,0.0
8605.430545600739,143.423842426679,井浆快替,0.4527326946003543,0.4527326946003543,1380.5140562248996,962.7269076305221,1026.3032128514055,0.18473895582321148,0.19347186285194082,0.9529860215728753,0.1735345821800326,0.0435,0.48064657577216874,0.0895516537841331,0.0
8607.114787719302,143.45191312865504,井浆快替,0.45359068276159314,0.45359068276159314,1389.5963855421687,962.7269076305221,1026.3032128514055,0.18875502008023784,0.1937848789255508,0.9661126379183811,0.17570147543032988,0.0432,0.48152849174253287,0.08951411025251858,0.0
8608.795442270195,143.47992403783658,井浆快替,0.45444684622262793,0.45444684622262793,1389.5963855421687,971.8092369477912,1026.3032128514055,0.18473895582321148,0.19409726245197834,0.9386836732970509,0.17116711851660293,0.0428,0.48240832549718926,0.08947690321949489,0.0
8610.478602925043,143.50797671541739,井浆快替,0.45530428119258,0.45530428119258,1389.5963855421687,971.8092369477912,1035.3855421686746,0.18473895582321148,0.1944100612804154,0.9318396224964551,0.17003182682524742,0.0424,0.48328925801818934,0.08943998492380138,0.0
8612.16890177041,143.53614836284018,井浆快替,0.4561653467610712,0.4561653467610712,1398.6787148594378,971.8092369477912,1035.3855421686746,0.18875502008023784,0.19472409097406335,0.9451889934908723,0.1722447819662467,0.0421,0.48417370552715755,0.0894032736467329,0.0
8613.875597132152,143.56459328553586,井浆快替,0.45703475884046896,0.45703475884046896,1398.6787148594378,971.8092369477912,1035.3855421686746,0.18875502008023784,0.19504098593118963,0.9406273512916922,0.17148925274661975,0.0414,0.485066489131462,0.08936665251826059,0.0
8615.59716804405,143.5932861340675,井浆快替,0.4579117367025712,0.4579117367025712,1398.6787148594378,971.8092369477912,1035.3855421686746,0.18875502008023784,0.19536045519530013,0.9341420495493328,0.17041392707768876,0.0416,0.4859668087679758,0.08932992487870609,0.0
8617.335405295693,143.6222567549282,井浆快替,0.4587972064790511,0.4587972064790511,1398.6787148594378,980.8915662650603,1044.4678714859438,0.18473895582321148,0.19568285701222687,0.9067206164162852,0.16585174053791196,0.0412,0.48687553552754453,0.08929309643966998,0.0
8619.08980885439,143.65149681423983,井浆快替,0.4596908995265207,0.4596908995265207,1407.761044176707,980.8915662650603,1044.4678714859438,0.18875502008023784,0.1960080491329419,0.9237491944679194,0.16868778017301633,0.041,0.4877924646980833,0.08925688056779288,0.0
8620.86774902788,143.68112915046467,井浆快替,0.4605965630941295,0.4605965630941295,1407.761044176707,980.8915662650603,1044.4678714859438,0.18875502008023784,0.1963372994437299,0.9175242702938045,0.167652164537214,0.0404,0.48872142340609914,0.08922051737120047,0.0
8622.665894165082,143.7110982360847,井浆快替,0.4615124985063002,0.4615124985063002,1407.761044176707,980.8915662650603,1044.4678714859438,0.18875502008023784,0.19667001371380705,0.9113571346139762,0.16662489072693132,0.0406,0.48966067425411003,0.08918389079019055,0.0
8624.485155308103,143.74141925513504,井浆快替,0.4624392516574371,0.4624392516574371,1416.8433734939758,989.9738955823293,1044.4678714859438,0.18875502008023778,0.19700666160372984,0.905217636633415,0.16560096125420332,0.0401,0.49061067865107655,0.08914698059876633,0.0
8626.33302475524,143.772217079254,井浆快替,0.4633805546269812,0.4633805546269812,1416.8433734939758,989.9738955823293,1053.5502008032129,0.18875502008023778,0.19734822956741457,0.8983942888185391,0.16446150496883205,0.0398,0.491575366077802,0.08911023458134573,0.0
8628.202497304475,143.8033749550746,井浆快替,0.4643328459959923,0.4643328459959923,1416.8433734939758,989.9738955823293,1053.5502008032129,0.18875502008023778,0.19769351491658396,0.8922431083920679,0.1634329628164799,0.0396,0.49255105031159035,0.08907288065839643,0.0
8630.066073208563,143.83443455347606,井浆快替,0.46528212542562747,0.46528212542562747,1425.925702811245,989.9738955823293,1053.5502008032129,0.19277108433726414,0.1980377411206377,0.9050959853782944,0.16558065986916848,0.0394,0.49352339936019307,0.08903510618937077,0.0
8631.923668506706,143.86539447511177,井浆快替,0.4662283856301863,0.4662283856301863,1425.925702811245,999.0562248995984,1053.5502008032129,0.18875502008023778,0.1983810284738177,0.8804150374268496,0.16145162534384805,0.0391,0.49449241884452383,0.08899750555005863,0.0
8633.780585645673,143.89634309409453,井浆快替,0.4671742898206426,0.4671742898206426,1425.925702811245,999.0562248995984,1062.632530120482,0.18875502008023778,0.1987241626293776,0.8748067279035251,0.16051052987998038,0.0386,0.495460849887337,0.08895990898344697,0.0
8635.641714408004,143.92736190680006,井浆快替,0.4681223274191119,0.4681223274191119,1435.008032128514,999.0562248995984,1062.632530120482,0.19277108433726414,0.1990679902888308,0.8879033368706358,0.162706545652884,0.0381,0.4964312490550317,0.08892240250749253,0.0
8637.517522786136,143.95862537976893,井浆快替,0.46907783268101677,0.46907783268101677,1435.008032128514,999.0562248995984,1062.632530120482,0.19277108433726414,0.19941434575259062,0.8825777617400767,0.16181425670256577,0.0377,0.4974090600685269,0.08888483633033178,0.0
8639.405911882106,143.99009853136843,井浆快替,0.4700397355495569,0.4700397355495569,1435.008032128514,999.0562248995984,1062.632530120482,0.19277108433726414,0.19976285419958248,0.8768482157220777,0.16085322142056968,0.0374,0.49839318677957745,0.08884700662749082,0.0
8641.310122305458,144.02183537175765,井浆快替,0.47100967859363874,0.47100967859363874,1435.008032128514,1008.1385542168675,1071.714859437751,0.18875502008023778,0.200114044683954,0.8534632314819038,0.15691934238308713,0.0367,0.49938532444497996,0.0888089700636479,0.0
8643.239707327994,144.05399512213322,井浆快替,0.47199252130332475,0.47199252130332475,1444.0903614457832,1008.1385542168675,1071.714859437751,0.19277108433726414,0.20046955137361222,0.8664295240087286,0.15910283606371722,0.0367,0.5003904590201299,0.08877063030599654,0.0
8645.191380488344,144.08652300813907,井浆快替,0.4729865914592723,0.4729865914592723,1444.0903614457832,1008.1385542168675,1071.714859437751,0.19277108433726414,0.20082879609410492,0.8612256310618444,0.15822719270323682,0.0359,0.5014068507783777,0.0887316642516255,0.0
8647.152299806135,144.11920499676893,井浆快替,0.4739853487827072,0.4739853487827072,1444.0903614457832,1008.1385542168675,1071.714859437751,0.19277108433726414,0.2011895425064597,0.8560614438880002,0.1573573290997713,0.0356,0.5024278638265068,0.08869212568454836,0.0
8649.115891130912,144.15193151884853,井浆快替,0.4749854379425242,0.4749854379425242,1453.1726907630523,1017.2208835341365,1071.714859437751,0.1927710843372642,0.20155061688741582,0.850838905321809,0.15647672251038647,0.0346,0.5034500351375529,0.08865226895028028,0.0
8651.082284553506,144.18470474255844,井浆快替,0.47598691515825053,0.47598691515825053,1453.1726907630523,1017.2208835341365,1080.79718875502,0.1927710843372642,0.20191199877215987,0.8457130894230805,0.15561153009911743,0.0339,0.5044734694291522,0.0886122023678682,0.0
8653.058111152048,144.21763518586746,井浆快替,0.47699314795942144,0.47699314795942144,1453.1726907630523,1017.2208835341365,1080.79718875502,0.1927710843372642,0.20227479355194034,0.840592087022138,0.15474626399543767,0.0329,0.505501576292125,0.08857190891416725,0.0
8655.037632163987,144.2506272027331,井浆快替,0.47800121488266706,0.47800121488266706,1462.2550200803214,1017.2208835341365,1080.79718875502,0.19678714859429056,0.20263800360322282,0.8529933271191322,0.15684010520391933,0.0323,0.5065314008820049,0.08853134845792203,0.0
8657.02102279953,144.2836837133255,井浆快替,0.47901120219399473,0.47901120219399473,1462.2550200803214,1026.3032128514055,1080.79718875502,0.19277108433726425,0.20300163061032667,0.8300303598971489,0.1529589090422956,0.0318,0.507563023917969,0.08849061983604184,0.0
8659.008426629267,144.3168071104878,井浆快替,0.480023171599217,0.480023171599217,1462.2550200803214,1026.3032128514055,1089.879518072289,0.19277108433726425,0.2033656585243647,0.8300966820804684,0.15297014449068225,0.0311,0.5085965615926525,0.08844985504806864,0.0
8660.999959759394,144.34999932932323,井浆快替,0.4810371685425366,0.4810371685425366,1471.3373493975903,1026.3032128514055,1089.879518072289,0.1967871485942905,0.20373005107844505,0.8420911204736539,0.1549996387368764,0.0305,0.5096320928663974,0.08840898073918702,0.0
8662.995707079226,144.38326178465377,井浆快替,0.482053228923156,0.482053228923156,1471.3373493975903,1026.3032128514055,1089.879518072289,0.1967871485942905,0.20409479129266628,0.8371001232775116,0.15415573872993082,0.0304,0.5106696607623594,0.08836793750017871,0.0
8664.995718217997,144.41659530363327,井浆快替,0.4830715612985609,0.4830715612985609,1471.3373493975903,1035.3855421686746,1089.879518072289,0.19277108433726414,0.20446056836450038,0.8140732384459283,0.15025132330043167,0.0298,0.5117093376473635,0.08832670354751988,0.0
8667.006658540306,144.45011097567175,井浆快替,0.4840953427946153,0.4840953427946153,1480.4196787148594,1035.3855421686746,1098.9618473895582,0.1967871485942905,0.20482771654185447,0.8257248856116143,0.15222921219109897,0.029,0.5127545834868406,0.08828637168679333,0.0
8669.022548724795,144.48370914541326,井浆快替,0.4851215414455132,0.4851215414455132,1480.4196787148594,1035.3855421686746,1098.9618473895582,0.1967871485942905,0.2051952518926524,0.820201557807907,0.1512921915464721,0.0288,0.5138022993487871,0.0882455500331351,0.0
8670.95585750613,144.5159309584355,井浆快替,0.4861056977175974,0.4861056977175974,1480.4196787148594,1035.3855421686746,1098.9618473895582,0.1967871485942905,0.20554847646900076,0.8139496887501682,0.15023032580291362,0.0281,0.5148070787999389,0.08820437222035717,0.0
8672.89711139894,144.54828518998232,井浆快替,0.4870937901907325,0.4870937901907325,1489.5020080321285,1044.4678714859438,1098.9618473895582,0.1967871485942905,0.205902599314631,0.8081080003820883,0.14923692767942653,0.0275,0.5158159311415208,0.08816420558644027,0.0
8674.84003163828,144.58066719397132,井浆快替,0.48808262301583366,0.48808262301583366,1489.5020080321285,1044.4678714859438,1108.0441767068273,0.1967871485942905,0.20625653216611955,0.8014487225264766,0.1481030792482817,0.0268,0.5168255769150438,0.08812359543390069,0.0
8676.791265020885,144.6131877503481,井浆快替,0.4890755633041801,0.4890755633041801,1489.5020080321285,1044.4678714859438,1108.0441767068273,0.1967871485942905,0.20661135591366298,0.7950014589128408,0.14700388992030045,0.026,0.5178394605595601,0.08808269379610897,0.0
8678.744793260861,144.64574655434768,井浆快替,0.4900695378221873,0.4900695378221873,1498.5843373493976,1044.4678714859438,1108.0441767068273,0.20080321285131686,0.20696599309789498,0.8038932217376046,0.14851946972351704,0.0256,0.5188544363758806,0.08804142498070511,0.0
8680.700718099848,144.67834530166414,井浆快替,0.49106459582013035,0.49106459582013035,1498.5843373493976,1053.5502008032129,1117.1265060240964,0.1967871485942905,0.2073204489052875,0.780358759415603,0.14450219540971276,0.0248,0.51987053685041,0.08799986729944827,0.0
8682.665674601369,144.71109457668948,井浆快替,0.4920640966053248,0.4920640966053248,1498.5843373493976,1053.5502008032129,1117.1265060240964,0.1967871485942905,0.20767579424893787,0.7731972882975493,0.14327599291413684,0.0242,0.5208912177907766,0.08795808171758757,0.0
8684.633924764928,144.74389874608215,井浆快替,0.49306511733586655,0.49306511733586655,1507.6666666666667,1053.5502008032129,1117.1265060240964,0.20080321285131686,0.2080310307567405,0.7810751896890292,0.1446247675332767,0.0233,0.5219134625098891,0.0879160142117722,0.0
8686.60571634591,144.7767619390985,井浆快替,0.49406776416202,0.49406776416202,1507.6666666666667,1053.5502008032129,1117.1265060240964,0.20080321285131686,0.20838612437348925,0.7736094449171509,0.14334661089766831,0.0226,0.5229373937106169,0.08787378343694631,0.0
8688.581298974996,144.80968831624992,井浆快替,0.49507215720368686,0.49507215720368686,1507.6666666666667,1062.632530120482,1126.2088353413656,0.1967871485942905,0.20874108984913217,0.7504051123861781,0.13936175744232515,0.0216,0.5239631043203143,0.08783137256503584,0.0
8690.560907087482,144.84268178479135,井浆快替,0.4960783953258508,0.4960783953258508,1516.7489959839359,1062.632530120482,1126.2088353413656,0.20080321285131686,0.2090958905002938,0.7583409438531217,0.14072665000945095,0.0206,0.524990714337388,0.08778883988614766,0.0
8692.545399585368,144.87575665975612,井浆快替,0.4970869113851874,0.4970869113851874,1516.7489959839359,1062.632530120482,1126.2088353413656,0.20080321285131686,0.20945065603122526,0.75062269164953,0.13939920803443762,0.0198,0.5260206409508059,0.08774617422629431,0.0
8694.541431872296,144.90902386453826,井浆快替,0.49810106660316905,0.49810106660316905,1516.7489959839359,1062.632530120482,1126.2088353413656,0.20080321285131686,0.20980642733490434,0.7429666597402199,0.13808044121512375,0.0192,0.5270563226196732,0.0877030030204349,0.0
8696.543734403986,144.94239557339975,井浆快替,0.49911817180738394,0.49911817180738394,1525.8313253012047,1071.714859437751,1135.2911646586344,0.20080321285131675,0.21016227391848272,0.7357867716763095,0.13684185494644663,0.0185,0.5280950239988924,0.08765931633964485,0.0
8698.55315634666,144.97588593911098,井浆快替,0.5001386484646577,0.5001386484646577,1525.8313253012047,1071.714859437751,1135.2911646586344,0.20080321285131675,0.2105183033945977,0.7283100193823202,0.13555016549471122,0.018,0.5291371808677618,0.08761488818658375,0.0
8700.570546784285,145.00950911307143,井浆快替,0.5011629233547892,0.5011629233547892,1525.8313253012047,1071.714859437751,1135.2911646586344,0.20080321285131675,0.21087463945062815,0.7200536610610951,0.13412154478199856,0.0172,0.5301832077836358,0.08756931080095304,0.0
8702.596400651195,145.0432733441866,井浆快替,0.502191236530757,0.502191236530757,1534.9136546184739,1071.714859437751,1135.2911646586344,0.2048192771083431,0.21123132167106115,0.7271981042154119,0.1353579051413797,0.0165,0.5312333553014849,0.08752212870337568,0.0
8704.630599460885,145.0771766576814,井浆快替,0.5032235110841492,0.5032235110841492,1534.9136546184739,1071.714859437751,1144.3734939759036,0.2048192771083431,0.21158826735999983,0.7196232047601666,0.1340469970057112,0.0159,0.5322875191861028,0.08747308070069341,0.0
8706.672543448994,145.11120905748325,井浆快替,0.5042594275486154,0.5042594275486154,1534.9136546184739,1080.79718875502,1144.3734939759036,0.20080321285131686,0.21194532129789947,0.6981160898217291,0.13031414431870525,0.0152,0.5333453733140762,0.08742229873553885,0.0
8708.72152513512,145.145358752252,井浆快替,0.5052986083692448,0.5052986083692448,1543.995983935743,1080.79718875502,1144.3734939759036,0.20481927710834322,0.21230229778273343,0.70494106615011,0.13150045155825785,0.0146,0.534406537521059,0.08737022057955647,0.0
8710.77696236791,145.17961603946517,井浆快替,0.5063407413379524,0.5063407413379524,1543.995983935743,1080.79718875502,1144.3734939759036,0.20481927710834322,0.21265903912664474,0.6975183344260623,0.1302101662209285,0.0142,0.5354706815632664,0.0873173080569817,0.0
8712.845193427842,145.21408655713068,井浆快替,0.5073891814908125,0.5073891814908125,1543.995983935743,1080.79718875502,1153.4558232931727,0.20481927710834322,0.21301710557640582,0.690118573181551,0.1289219657979227,0.0135,0.5365410994331814,0.08726395231686006,0.0
8714.919602121301,145.24866003535502,井浆快替,0.5084403908654362,0.5084403908654362,1543.995983935743,1089.879518072289,1153.4558232931727,0.20080321285131686,0.2133747352522877,0.6715131731089861,0.1256745765832823,0.0126,0.5376143183851986,0.0872112064457216,0.0
8716.996144361876,145.28326907269792,井浆快替,0.5094923027827996,0.5094923027827996,1553.078313253012,1089.879518072289,1153.4558232931727,0.20481927710834322,0.21373121756888092,0.6778811190859908,0.1267873992059566,0.0119,0.5386882364737656,0.08715830241096763,0.0
8719.07337754303,145.31788962571719,井浆快替,0.5105441844097544,0.5105441844097544,1553.078313253012,1089.879518072289,1162.5381526104418,0.20481927710834322,0.21408631920394444,0.6708518788959927,0.12555893166736376,0.0116,0.5397620758696813,0.0871053486074376,0.0
8721.061181586736,145.35101969311228,井浆快替,0.5115505490173977,0.5115505490173977,1553.078313253012,1089.879518072289,1162.5381526104418,0.20481927710834322,0.2144261167698495,0.6638697944053507,0.12433699441477541,0.0108,0.5407893920283497,0.08705274765611513,0.0
8723.05882596842,145.3843137661403,井浆快替,0.5125615234862567,0.5125615234862567,1562.1606425702812,1098.9618473895582,1162.5381526104418,0.20481927710834322,0.2147660633468849,0.6574007405657413,0.12320331896646985,0.0101,0.5418214165239537,0.08700142528905921,0.0
8725.060185087126,145.4176697514521,井浆快替,0.513573997275006,0.513573997275006,1562.1606425702812,1098.9618473895582,1162.5381526104418,0.20481927710834322,0.21510513914155088,0.6506852797992949,0.12202490904472818,0.0094,0.5428549414268391,0.08694954079191272,0.0
8727.072265598257,145.45120442663762,井浆快替,0.5145915083055843,0.5145915083055843,1562.1606425702812,1098.9618473895582,1171.620481927711,0.20481927710834322,0.21544443561171914,0.6440274329366938,0.12085504559946447,0.0088,0.5438935536748726,0.08689687449731451,0.0
8729.089444360132,145.48482407266886,井浆快替,0.5156112086383732,0.5156112086383732,1571.2429718875503,1108.0441767068273,1171.620481927711,0.20481927710834322,0.2157830470736163,0.6373864747573035,0.11968659683413774,0.008,0.5449343241632889,0.08684281980799241,0.0
8731.112053041883,145.5185342173647,井浆快替,0.516633250186245,0.516633250186245,1571.2429718875503,1108.0441767068273,1171.620481927711,0.20481927710834322,0.21612096870949124,0.6311001284929533,0.11857910980063646,0.0071,0.5459774069529856,0.08678680818068307,0.0
8733.140610112547,145.55234350187578,井浆快替,0.5176578916879265,0.5176578916879265,1571.2429718875503,1108.0441767068273,1171.620481927711,0.20481927710834322,0.21645827209098378,0.6246368758412715,0.11743900389897599,0.0064,0.5470230290801589,0.0867282453076393,0.0
8735.181404604662,145.58635674341105,井浆快替,0.5186882709613584,0.5186882709613584,1580.3253012048192,1108.0441767068273,1180.70281124498,0.20883534136536946,0.2167957947454061,0.6303685632239787,0.11845013698353946,0.0057,0.5480743856355109,0.08666662627011908,0.0
8737.228176760975,145.6204696126829,井浆快替,0.5197212167249887,0.5197212167249887,1580.3253012048192,1117.1265060240964,1180.70281124498,0.2048192771083431,0.21713252984307027,0.6119056081147334,0.1151889164027573,0.005,0.5491282344820283,0.08660228122743222,0.0
8739.281161902816,145.6546860317136,井浆快替,0.5207568411168854,0.5207568411168854,1580.3253012048192,1117.1265060240964,1180.70281124498,0.2048192771083431,0.2174684912326187,0.604923591940093,0.11395250027649428,0.0046,0.550184674268173,0.08653572431144264,0.0
8741.340813156383,145.68901355260638,井浆快替,0.5217953570765604,0.5217953570765604,1589.4076305220883,1117.1265060240964,1180.70281124498,0.20883534136536946,0.21780369506722722,0.6105878130285324,0.1149556857294477,0.0038,0.551243913631669,0.0864670905972686,0.0
8743.408107702931,145.72346846171553,井浆快替,0.5228372535293642,0.5228372535293642,1589.4076305220883,1117.1265060240964,1189.7851405622491,0.20883534136536946,0.21813828306403027,0.6042421751140042,0.1138317385127664,0.0032,0.5523064664836635,0.0863964620795308,0.0
8745.482953932415,145.7580492322069,井浆快替,0.5238824672914172,0.5238824672914172,1589.4076305220883,1126.2088353413656,1189.7851405622491,0.2048192771083431,0.21847218041477015,0.5864218294366178,0.1106677385551118,0.0026,0.5533722317463822,0.08632276762000031,0.0
8747.572455934172,145.79287426556954,井浆快替,0.5249345557460915,0.5249345557460915,1589.4076305220883,1126.2088353413656,1189.7851405622491,0.2048192771083431,0.21880638275643757,0.5802992853995798,0.1095780763539348,0.002,0.5544448437128517,0.0862466562714723,0.0
8749.670873551344,145.82784789252239,井浆快替,0.5259906248644161,0.5259906248644161,1598.4899598393574,1126.2088353413656,1198.867469879518,0.20883534136536946,0.21914002160805407,0.5854738154029885,0.1104991026758172,0.0015,0.5555213405564271,0.08616780356407587,0.0
8751.778286638688,145.86297144397813,井浆快替,0.5270507011981043,0.5270507011981043,1598.4899598393574,1126.2088353413656,1198.867469879518,0.20883534136536946,0.21947306315914855,0.5793195152761286,0.10940357749800578,0.001,0.5566017418862116,0.08608565517088154,0.0
8753.895775898927,145.8982629316488,井浆快替,0.5281153310525986,0.5281153310525986,1598.4899598393574,1135.2911646586344,1198.867469879518,0.20481927710834322,0.2198056832836054,0.5621670748024515,0.10634315069586531,0.0006,0.5576866066005927,0.08600053946944215,0.0
8756.024095447896,145.93373492413158,井浆快替,0.5291848889558466,0.5291848889558466,1598.4899598393574,1135.2911646586344,1198.867469879518,0.20481927710834322,0.22013797842977303,0.5561503665300579,0.10526712890320811,0.0002,0.5587763125922738,0.08591111059282103,0.0
8758.164569907909,145.96940949846515,井浆快替,0.5302600423060617,0.5302600423060617,1607.5722891566265,1135.2911646586344,1207.9497991967871,0.20883534136536955,0.2204701490380269,0.5609157796099459,0.10611947700499447,0.0001,0.5598715398567073,0.08581642673936615,0.0
8760.312314486648,146.00520524144412,井浆快替,0.5313383354440832,0.5313383354440832,1607.5722891566265,1135.2911646586344,1207.9497991967871,0.20883534136536955,0.22080146128990155,0.554778205010361,0.105021551604352,0.0001,0.5609697845349633,0.08571491370012009,0.0
8762.467908422865,146.04113180704775,井浆快替,0.5324200597031195,0.5324200597031195,1607.5722891566265,1144.3734939759036,1207.9497991967871,0.20481927710834322,0.22113202392678039,0.538128435664835,0.10203634711921439,0.0001,0.5620713588619843,0.08560601249659446,0.0
8764.63234603762,146.0772057672937,井浆快替,0.5335057187658584,0.5335057187658584,1607.5722891566265,1144.3734939759036,1207.9497991967871,0.20481927710834322,0.22146202948670807,0.5324256389815663,0.10101158199932381,0.0001,0.563176776677174,0.08548897821536061,0.0
8766.806369160318,146.11343948600532,井浆快替,0.5345956845982386,0.5345956845982386,1607.5722891566265,1144.3734939759036,1217.0321285140562,0.20481927710834322,0.22179158931846382,0.5269574898897852,0.10002788365616522,0.0003,0.5642864103764543,0.08536282845614561,0.0
8768.990131477822,146.14983552463036,井浆快替,0.5356901702498268,0.5356901702498268,1616.6546184738957,1153.4558232931727,1217.0321285140562,0.20481927710834322,0.22212123494896163,0.5218293593398801,0.09910437524917448,0.0001,0.5654003520387073,0.0852268447759567,0.0
8771.180070144159,146.18633450240264,井浆快替,0.5367871947827435,0.5367871947827435,1616.6546184738957,1153.4558232931727,1217.0321285140562,0.20481927710834322,0.22244978444546212,0.5192532578271855,0.09864009594004164,0.0001,0.5665167548254408,0.0850816711954983,0.0
8773.370975329295,146.2228495888216,井浆快替,0.5378841442301591,0.5378841442301591,1616.6546184738957,1153.4558232931727,1226.1144578313254,0.20481927710834322,0.2227764259187203,0.5151336246562018,0.09789713547766332,0.0005,0.5676329384214231,0.08492724869098599,0.0
8775.496390986564,146.2582731831094,井浆快替,0.5389478813152908,0.5389478813152908,1616.6546184738957,1153.4558232931727,1226.1144578313254,0.20481927710834322,0.22309251095407337,0.5115357390976812,0.09724776929744983,0.0003,0.5687152089625859,0.08476544581296282,0.0
8777.632470055982,146.29387450093301,井浆快替,0.5400163503691833,0.5400163503691833,1625.7369477911648,1162.5381526104418,1226.1144578313254,0.20481927710834322,0.22340798988523305,0.5093370617215077,0.09685070982209232,0.0003,0.5698022743069302,0.08460264914303585,0.0
8779.771868024467,146.3295311337411,井浆快替,0.5410858582727265,0.5410858582727265,1625.7369477911648,1162.5381526104418,1226.1144578313254,0.20481927710834322,0.22372170196319666,0.5060817905103326,0.0962625191941251,0.0002,0.5708903431861658,0.08443498180049495,0.0
8781.921800225762,146.36536333709603,井浆快替,0.542159968473894,0.542159968473894,1625.7369477911648,1162.5381526104418,1235.1967871485945,0.20481927710834322,0.2240344882713906,0.5036049107094321,0.09581471846611977,0.0002,0.5719830602605604,0.08426420775870702,0.0
8784.075261751976,146.40125436253294,井浆快替,0.5432351583104389,0.5432351583104389,1625.7369477911648,1162.5381526104418,1235.1967871485945,0.20481927710834322,0.22434530596825,0.5012816494660143,0.09539448911913362,0.0002,0.5730768357611247,0.08409050595478927,0.0
8786.232218944315,146.4372036490719,井浆快替,0.5443113851378314,0.5443113851378314,1634.8192771084337,1171.620481927711,1235.1967871485945,0.2048192771083431,0.22465407383930328,0.4990769646616106,0.09499552716229742,0.0002,0.5741716416345566,0.08391489831081562,0.0
8788.392712085213,146.47321186808688,井浆快替,0.5453886439131816,0.5453886439131816,1634.8192771084337,1171.620481927711,1235.1967871485945,0.2048192771083431,0.22496070851302308,0.49693833640750695,0.09460835073841611,0.0001,0.5752674832706277,0.0837377018594879,0.0
8790.564495975565,146.5094082662594,井浆快替,0.5464707626330493,0.5464707626330493,1634.8192771084337,1171.620481927711,1244.2791164658636,0.2048192771083431,0.225266090351354,0.49484806377140983,0.09422976853204679,0.0001,0.5763682662694711,0.08355911089796328,0.0
8792.740858551013,146.54568097585022,井浆快替,0.5475543766285503,0.5475543766285503,1634.8192771084337,1180.70281124498,1244.2791164658636,0.20080321285131675,0.22556925499896402,0.48312567220812186,0.09210371860297739,0.0001,0.5774705648511135,0.08337862969355334,0.0
8794.922058642458,146.58203431070763,井浆快替,0.548639587822076,0.548639587822076,1643.9016064257028,1180.70281124498,1244.2791164658636,0.2048192771083431,0.22587016972534749,0.4907672806959802,0.0934902164117607,0.0001,0.5785745050172176,0.08319685863298946,0.0
8797.108355032553,146.61847258387587,井浆快替,0.5497264982109878,0.5497264982109878,1643.9016064257028,1180.70281124498,1253.3614457831325,0.2048192771083431,0.22616877741461633,0.4887646341183916,0.09312705994607962,0.0001,0.5796802080082223,0.08301382225591045,0.0
8799.299993414334,146.65499989023888,井浆快替,0.5508152024759608,0.5508152024759608,1643.9016064257028,1180.70281124498,1253.3614457831325,0.2048192771083431,0.2264650182551129,0.4867834952281174,0.09276766049874374,0.0001,0.5807877862877829,0.08282953395507119,0.0
8801.497196037837,146.69161993396395,井浆快替,0.5519057830676359,0.5519057830676359,1643.9016064257028,1189.7851405622491,1253.3614457831325,0.20080321285131675,0.22675882969442054,0.4753192367556027,0.09068512473133228,0.0001,0.5818973393367989,0.08264399652646436,0.0
8803.70015318675,146.72833588644582,井浆快替,0.5529983062691773,0.5529983062691773,1652.9839357429719,1189.7851405622491,1253.3614457831325,0.2048192771083431,0.22705014404004828,0.4828926577395101,0.09206140702315113,0.0001,0.5830089495502994,0.08245720635965799,0.0
8805.905926086909,146.76509876811514,井浆快替,0.5540912877165207,0.5540912877165207,1652.9839357429719,1189.7851405622491,1262.4437751004016,0.2048192771083431,0.22733851988380052,0.4809863153062635,0.09171517264990281,0.0,0.5841211204614712,0.08226916191321434,0.0
8808.112751049766,146.80187918416277,井浆快替,0.5551838219567845,0.5551838219567845,1652.9839357429719,1198.867469879518,1262.4437751004016,0.20080321285131686,0.22762364447901337,0.4697155936380442,0.08966545824485272,0.0,0.5852329445076999,0.08208013166227308,0.0
8810.320648352019,146.83867747253365,井浆快替,0.5562759040878932,0.5562759040878932,1652.9839357429719,1198.867469879518,1262.4437751004016,0.20080321285131686,0.2279054346945293,0.46729188396564336,0.08922407394796206,0.0,0.5863444143116622,0.08189028091607067,0.0
8812.52954992533,146.8754924987555,井浆快替,0.557367476571657,0.557367476571657,1662.066265060241,1198.867469879518,1262.4437751004016,0.20481927710834322,0.22818385624470788,0.4747606405019012,0.09058353107990269,0.0,0.5874554904847058,0.08169962144154772,0.0
8814.7394619237,146.912324365395,井浆快替,0.5584585195212616,0.5584585195212616,1662.066265060241,1198.867469879518,1271.5261044176707,0.20481927710834322,0.22845884397477223,0.47290538191877446,0.09024602792629244,0.0,0.5885661647835522,0.0815081700524162,0.0
8816.950393984922,146.94917323308204,井浆快替,0.5595490153660967,0.5595490153660967,1662.066265060241,1207.9497991967871,1271.5261044176707,0.20080321285131686,0.2287303349460547,0.4618401405947899,0.08823046903506304,0.0,0.5896764281198573,0.08131593780976905,0.0
8819.162356714998,146.9860392785833,井浆快替,0.5606389468980367,0.5606389468980367,1662.066265060241,1207.9497991967871,1271.5261044176707,0.20080321285131686,0.2289982676584741,0.4600756605962028,0.08790865243436563,0.0,0.5907862695060463,0.08112293274490358,0.0
8821.375360661079,147.02292267768465,井浆快替,0.5617282969819314,0.5617282969819314,1671.14859437751,1207.9497991967871,1280.6084337349398,0.20481927710834322,0.2292625830567136,0.4675067543094176,0.08926321285424343,0.0,0.591895676268908,0.08092916152649725,0.0
8823.589415984105,147.05982359973507,井浆快替,0.5628170490847512,0.5628170490847512,1671.14859437751,1207.9497991967871,1280.6084337349398,0.20481927710834322,0.22952322486575216,0.46576588622604287,0.08894606312484366,0.0,0.5930046349805019,0.08073462885357746,0.0
8825.804532424308,147.0967422070718,井浆快替,0.5639051863188562,0.5639051863188562,1671.14859437751,1217.0321285140562,1280.6084337349398,0.20080321285131686,0.22978013710127063,0.4549554064739497,0.08697414612860677,0.0,0.5941131302987936,0.08053933381397375,0.0
8828.020719369279,147.13367865615464,井浆快替,0.5649926919820393,0.5649926919820393,1671.14859437751,1217.0321285140562,1289.690763052209,0.20080321285131686,0.23003326717753758,0.45330639541943174,0.08667297852324662,0.0,0.5952211455699099,0.080343279914313,0.0
8830.23798594193,147.1706330990322,井浆快替,0.5660795506103873,0.5660795506103873,1680.2309236947792,1217.0321285140562,1289.690763052209,0.20481927710834322,0.23028256693937094,0.4607198517029829,0.08802615709159212,0.0,0.5963286640274912,0.0801464703650501,0.0
8832.456341077745,147.20760568462907,井浆快替,0.567165746677673,0.567165746677673,1680.2309236947792,1217.0321285140562,1289.690763052209,0.20481927710834322,0.2305279902104893,0.45909647689244243,0.08773001394617141,0.0,0.5974356675178495,0.0799489033890558,0.0
8834.675793583716,147.2445965597286,井浆快替,0.5682512655786571,0.5682512655786571,1680.2309236947792,1226.1144578313254,1289.690763052209,0.20080321285131686,0.2307694930032918,0.4485318168466575,0.08580041165030661,0.0002,0.5985421374305397,0.07975057728446466,0.0
8836.896352179956,147.28160586966592,井浆快替,0.5693361777828266,0.5693361777828266,1680.2309236947792,1226.1144578313254,1298.773092369478,0.20080321285131686,0.23100734954814514,0.44699802255917603,0.08551992981111611,0.0001,0.5996481344496533,0.07955149415056653,0.0
8839.118022681696,147.3186337113616,井浆快替,0.5704203716113389,0.5704203716113389,1689.313253012048,1226.1144578313254,1298.773092369478,0.2048192771083431,0.231241244078497,0.45653440826180103,0.08726243449654947,0.0001,0.6007535722695194,0.07935160387893168,0.0
8841.340831554211,147.35568052590352,井浆快替,0.5715038576212262,0.5715038576212262,1689.313253012048,1235.1967871485945,1298.773092369478,0.20080321285131675,0.23147110467990487,0.44623758112910084,0.08538083752776082,0.0001,0.6018584329422517,0.07915093400915903,0.0
8843.564771628451,147.3927461938075,井浆快替,0.5725866187911597,0.5725866187911597,1689.313253012048,1235.1967871485945,1307.855421686747,0.20080321285131675,0.23169692941840483,0.4449318269990112,0.08514195278687331,0.0001,0.6029626937788353,0.07894948528177263,0.0
8845.789846359105,147.42983077265174,井浆快替,0.573668642993967,0.573668642993967,1689.313253012048,1235.1967871485945,1307.855421686747,0.20080321285131675,0.23191869380538552,0.4436460605147467,0.08490666377250378,0.0,0.6040663310464836,0.07874726064680744,0.0
8848.016063710442,147.46693439517404,井浆快替,0.5747499135455404,0.5747499135455404,1698.3955823293172,1235.1967871485945,1307.855421686747,0.2048192771083431,0.23213634876829214,0.45123107164653886,0.08629380998292235,0.0,0.6051693149240397,0.07854426698743865,0.0
8850.24344867245,147.50405747787417,井浆快替,0.5758304383768286,0.5758304383768286,1698.3955823293172,1244.2791164658636,1307.855421686747,0.20080321285131675,0.2323498638451405,0.4405328939561211,0.08433671876306914,0.0,0.6062716252033887,0.07834049339357183,0.0
8852.471993699839,147.5411998949973,井浆快替,0.5769102022004988,0.5769102022004988,1698.3955823293172,1244.2791164658636,1316.937751004016,0.20080321285131675,0.23255926255705067,0.43924683019685073,0.0841011681987246,0.0,0.6073732423975591,0.0781359639608915,0.0
8854.701703259163,147.57836172098604,井浆快替,0.5779891974434049,0.5779891974434049,1698.3955823293172,1244.2791164658636,1316.937751004016,0.20080321285131675,0.23276453412273557,0.4379686131531437,0.08386699476812898,0.0,0.6084741498555719,0.07793068675712159,0.0
8856.932586573623,147.61554310956038,井浆快替,0.5790674192161089,0.5790674192161089,1707.4779116465863,1244.2791164658636,1316.937751004016,0.2048192771083431,0.23296567118326955,0.4454357467186446,0.08523415114286947,0.0,0.6095743324182369,0.07772466885643985,0.0
8859.164654285081,147.6527442380847,井浆快替,0.5801448653247594,0.5801448653247594,1707.4779116465863,1253.3614457831325,1326.0200803212851,0.20080321285131686,0.23316267114391287,0.4354469353599216,0.08340483978634328,0.0,0.6106737774821551,0.07751792398597274,0.0
8861.397917080105,147.6899652846684,井浆快替,0.5812215348951879,0.5812215348951879,1707.4779116465863,1253.3614457831325,1326.0200803212851,0.20080321285131686,0.23335553729761338,0.43420437811191764,0.08317702708852204,0.0,0.6117724745323881,0.07731046474861304,0.0
8863.6323852281,147.72720642046835,井浆快替,0.5822974281177346,0.5822974281177346,1707.4779116465863,1253.3614457831325,1326.0200803212851,0.20080321285131686,0.23354427531516606,0.4329739499270259,0.08295138236041211,0.0,0.6128704145367057,0.07710229601083629,0.0
8865.868068504134,147.76446780840223,井浆快替,0.583372545820257,0.583372545820257,1716.5602409638554,1262.4437751004016,1326.0200803212851,0.20080321285131686,0.2337288933247525,0.43175565929143955,0.08272790878729208,0.0,0.6139675897025575,0.07689342775901056,0.0
8868.10497624688,147.80174960411466,井浆快替,0.5844468896824396,0.5844468896824396,1716.5602409638554,1262.4437751004016,1335.1024096385543,0.20080321285131686,0.23390940364661117,0.43054971878721804,0.08250664699187149,0.0,0.6150639936722924,0.07668387333293719,0.0
8870.343117443948,147.83905195739914,井浆快替,0.5855204625354604,0.5855204625354604,1716.5602409638554,1262.4437751004016,1335.1024096385543,0.20080321285131686,0.23408582236884903,0.42935654451251365,0.08228767497252831,0.0,0.6161596220950399,0.07647364433241287,0.0
8872.582500805125,147.87637501341877,井浆快替,0.586593267823492,0.586593267823492,1716.5602409638554,1262.4437751004016,1335.1024096385543,0.20080321285131686,0.23425816633914157,0.42817672006247304,0.08207110153383512,0.0,0.617254471738569,0.07626275050236377,0.0
8874.823134814087,147.91371891356812,井浆快替,0.5876653099013025,0.5876653099013025,1725.6425702811246,1271.5261044176707,1344.1847389558234,0.20080321285131686,0.23442645604370063,0.42701099641284945,0.08185706629908818,0.0,0.6183485406609388,0.07605120642227542,0.0
8877.065027760895,147.9510837960149,井浆快替,0.5887365943416795,0.5887365943416795,1725.6425702811246,1271.5261044176707,1344.1847389558234,0.20080321285131686,0.23459071526855277,0.42586028254439784,0.08164573802077679,0.0,0.6194418289827868,0.07583902648733556,0.0
8879.308187760245,147.9884697960041,井浆快替,0.5898071265469018,0.5898071265469018,1725.6425702811246,1271.5261044176707,1344.1847389558234,0.20080321285131686,0.23475096872384305,0.42472548659057624,0.0814372854264217,0.0,0.6205343371628056,0.0756262202475228,0.0
8881.552622760606,148.0258770460101,井浆快替,0.5908769131739124,0.5908769131739124,1725.6425702811246,1280.6084337349398,1344.1847389558234,0.1967871485942905,0.23490724327796675,0.415135361934319,0.07967376854491726,0.0,0.6216260671528635,0.07541280229038815,0.0
8883.79834054783,148.06330567579715,井浆快替,0.5919459613691689,0.5919459613691689,1734.7248995983937,1280.6084337349398,1353.2670682730925,0.20080321285131686,0.2350595670068475,0.4225072173598387,0.08102967113203463,0.0,0.6227170218573399,0.07519878775066315,0.0
8886.04534874549,148.10075581242484,井浆快替,0.5930142782787899,0.5930142782787899,1734.7248995983937,1280.6084337349398,1353.2670682730925,0.20080321285131686,0.23520796946820768,0.4214253247438399,0.08083080417491639,0.0,0.623807204437439,0.07498418971320689,0.0
8888.293654813113,148.13822758021854,井浆快替,0.5940818713971777,0.5940818713971777,1734.7248995983937,1280.6084337349398,1353.2670682730925,0.20080321285131686,0.23535248046148577,0.42036236839418256,0.08063537605587412,0.0,0.62489661858212,0.07476902267913313,0.0
8890.54326604275,148.1757211007125,井浆快替,0.5951487489135405,0.5951487489135405,1734.7248995983937,1289.690763052209,1362.3493975903614,0.1967871485942905,0.2354931312487382,0.4109323252031141,0.07889981030190008,0.0,0.6259852683065548,0.0745533030740967,0.0
8892.794189548622,148.21323649247702,井浆快替,0.5962149193943994,0.5962149193943994,1743.8072289156626,1289.690763052209,1362.3493975903614,0.20080321285131675,0.23562995544337886,0.41829449500453586,0.08025507149087852,0.0,0.6270731579276069,0.07433704732898741,0.0
8895.04643226198,148.25077387103298,井浆快替,0.5972803914630728,0.5972803914630728,1743.8072289156626,1289.690763052209,1362.3493975903614,0.20080321285131675,0.2357629855250062,0.4172896852490395,0.0800702191820134,0.0,0.6281602916261452,0.07412026810254708,0.0
8897.300000924413,148.28833334874022,井浆快替,0.5983451741300345,0.5983451741300345,1743.8072289156626,1298.773092369478,1371.4317269076305,0.1967871485942904,0.23589225692415816,0.4079779381322663,0.07835539217727294,0.0,0.6292466731220561,0.07390298342831526,0.0
8899.554902078591,148.32591503464317,井浆快替,0.5994092765681093,0.5994092765681093,1743.8072289156626,1298.773092369478,1371.4317269076305,0.1967871485942904,0.2360178044747502,0.4070303709698489,0.07818071159247875,0.0,0.6303323059158547,0.07368520853026828,0.0
8901.811142056393,148.36351903427322,井浆快替,0.6004727079467407,0.6004727079467407,1752.8895582329317,1298.773092369478,1371.4317269076305,0.20080321285131675,0.23613966225582025,0.4143884249765222,0.07953627314003231,0.0,0.6314171928587343,0.07346695600638477,0.0
8904.068726964622,148.40114544941036,井浆快替,0.6015354771634588,0.6015354771634588,1752.8895582329317,1298.773092369478,1371.4317269076305,0.20080321285131675,0.23625786540630625,0.41345729220595157,0.07936484239000863,0.0,0.6325013358196523,0.07324824089403476,0.0
8906.327662668564,148.4387943778094,井浆快替,0.6025975929976252,0.6025975929976252,1752.8895582329317,1307.855421686747,1380.5140562248996,0.1967871485942905,0.23637244801014684,0.4042921351839916,0.07767574161969226,0.0,0.633584735550073,0.07302907694235808,0.0
8908.587954773653,148.4764659128942,井浆快替,0.6036590644599821,0.6036590644599821,1761.9718875502008,1307.855421686747,1380.5140562248996,0.20080321285131686,0.2364834452980193,0.4116447780930933,0.07903104904995761,0.0,0.6346673923089878,0.07280948274595944,0.0
8910.849608605597,148.5141601434266,井浆快替,0.6047199007121435,0.6047199007121435,1761.9718875502008,1307.855421686747,1380.5140562248996,0.20080321285131686,0.23659089310691006,0.4107618271162481,0.07886840060234257,0.0,0.6357493054669172,0.07258947059576722,0.0
8913.112629188952,148.5518771531492,井浆快替,0.6057801106773931,0.6057801106773931,1761.9718875502008,1316.937751004016,1389.5963855421687,0.1967871485942905,0.23669482598654204,0.4016954610775864,0.07719662211485057,0.0,0.6368304729220223,0.0723690532250411,0.0
8915.377021224456,148.58961702040762,井浆快替,0.6068397027518221,0.6068397027518221,1771.05421686747,1316.937751004016,1389.5963855421687,0.20080321285131686,0.23679527833989986,0.4090385186810275,0.07855086711363402,0.0,0.6379108914758734,0.07214825061297456,0.0
8917.642789065267,148.62737981775444,井浆快替,0.6078986852263008,0.6078986852263008,1771.05421686747,1316.937751004016,1389.5963855421687,0.20080321285131686,0.23689228400570694,0.4081966155240678,0.07839569986362982,0.0,0.6389905568485165,0.07192707519723268,0.0
8919.90993669255,148.66516561154248,井浆快替,0.6089570659619155,0.6089570659619155,1771.05421686747,1316.937751004016,1389.5963855421687,0.20080321285131686,0.2369858758208629,0.4073668691883253,0.07824274761461547,0.0,0.6400694633493893,0.07170554031207431,0.0
8922.178467688653,148.70297446147754,井浆快替,0.610014852849097,0.610014852849097,1780.136546184739,1326.0200803212851,1398.6787148594378,0.20080321285131686,0.2370760862064273,0.40654859673264454,0.07809188555623536,0.0,0.6411476042850177,0.07148366177076339,0.0
8924.448385206091,148.7408064201015,井浆快替,0.6110720533982148,0.6110720533982148,1780.136546184739,1326.0200803212851,1398.6787148594378,0.20080321285131686,0.23716294788012113,0.40574114609771533,0.07794299447586839,0.0,0.642224971726198,0.07126145495005265,0.0
8926.719691941595,148.7786615323599,井浆快替,0.6121286756769869,0.6121286756769869,1780.136546184739,1326.0200803212851,1398.6787148594378,0.20080321285131686,0.23724649581970647,0.40494389189198815,0.07779595998867872,0.0,0.6433015572416249,0.07103893265825235,0.0
8928.992390108144,148.81653983513573,井浆快替,0.6131847264808793,0.6131847264808793,1789.2188755020081,1335.1024096385543,1407.761044176707,0.20080321285131686,0.2373267618097869,0.4041562678103898,0.07765067852424912,0.0,0.6443773501757479,0.07081610763669588,0.0
8931.266481405171,148.85444135675286,井浆快替,0.6142402125401051,0.6142402125401051,1789.2188755020081,1335.1024096385543,1407.761044176707,0.20080321285131686,0.23740377608171656,0.4033777781047588,0.07750705945358949,0.0,0.6454523392916109,0.07059299810802008,0.0
8933.541966987212,148.89236611645353,井浆快替,0.6152951399126659,0.6152951399126659,1789.2188755020081,1335.1024096385543,1407.761044176707,0.20080321285131686,0.23747756963992217,0.4026079309879565,0.07736501281234032,0.0,0.6465265118033569,0.07036961719594538,0.0
8935.81884743124,148.93031412385398,井浆快替,0.6163495140562526,0.6163495140562526,1789.2188755020081,1335.1024096385543,1416.8433734939758,0.20080321285131686,0.23754817112369922,0.401846285303721,0.0772244579160859,0.0,0.6475998533008209,0.070145976190179,0.0
8938.097122702902,148.9682853783817,井浆快替,0.6174033410867781,0.6174033410867781,1798.3012048192772,1344.1847389558234,1416.8433734939758,0.20080321285131686,0.23761561179178617,0.40109248415931736,0.07708532957690917,0.0,0.6486723492296302,0.06992209542397974,0.0
8940.376792122084,149.0062798687014,井浆快替,0.618456626159223,0.618456626159223,1798.3012048192772,1344.1847389558234,1416.8433734939758,0.20080321285131686,0.23767992152420322,0.40034617563598873,0.07694756347859522,0.0,0.6497439832582553,0.06969798367910443,0.0
8942.6578543281,149.04429757213498,井浆快替,0.6195093742641015,0.6195093742641015,1798.3012048192772,1344.1847389558234,1416.8433734939758,0.20080321285131686,0.2377411292185693,0.39960704604223285,0.07681110231811128,0.0,0.6508147380468535,0.06947365444902619,0.0
8944.9403072645,149.08233845440833,井浆快替,0.6205615901630644,0.6205615901630644,1807.3835341365461,1353.2670682730925,1425.925702811245,0.20080321285131675,0.23779926489133352,0.39887484725859973,0.07667590086132936,0.0,0.6518845951245672,0.06924912238375765,0.0
8947.22414813944,149.12040246899065,井浆快替,0.6216132775322666,0.6216132775322666,1807.3835341365461,1353.2670682730925,1425.925702811245,0.20080321285131675,0.23785435654723516,0.3981493689480918,0.07654192082010414,0.0,0.6529535344899331,0.06902440077489991,0.0
8949.509273698077,149.15848789496795,井浆快替,0.6226643940802162,0.6226643940802162,1807.3835341365461,1353.2670682730925,1425.925702811245,0.20080321285131675,0.23790643012975232,0.39743041441886784,0.07640912639930297,0.0,0.6540214886852413,0.06879950255905021,0.0
8951.795674472285,149.1965945745381,井浆快替,0.6237149406804292,0.6237149406804292,1816.4658634538152,1353.2670682730925,1435.008032128514,0.2048192771083431,0.23795551432439052,0.4046521876579933,0.07774215625460057,0.0,0.6550884330918688,0.06857445001700258,0.0
8954.083343832794,149.23472239721323,井浆快替,0.6247649196466771,0.6247649196466771,1816.4658634538152,1362.3493975903614,1435.008032128514,0.20080321285131686,0.23800163733310523,0.3960115439792663,0.07614699805067793,0.0,0.6561543443605052,0.06834925980467926,0.0
8956.37227406697,149.2728712344495,井浆快替,0.6258143320142626,0.6258143320142626,1816.4658634538152,1362.3493975903614,1435.008032128514,0.20080321285131686,0.23804482638645558,0.395311459421907,0.07601763395032146,0.0,0.6572191973041717,0.06812394095114643,0.0
8958.662456294565,149.31104093824277,井浆快替,0.6268631787942602,0.6268631787942602,1816.4658634538152,1362.3493975903614,1444.0903614457832,0.20080321285131686,0.23808510880191122,0.3946175117881816,0.07588938597548467,0.0,0.6582829658110476,0.0678985061970925,0.0
8960.953880404062,149.3492313400677,井浆快替,0.6279114610898474,0.6279114610898474,1825.5481927710844,1371.4317269076305,1444.0903614457832,0.20080321285131686,0.2381225134612392,0.39392968779882637,0.07576225214128629,0.0,0.6593456236355685,0.0676729720070648,0.0
8963.246535025506,149.3874422504251,井浆快替,0.62895917829802,0.62895917829802,1825.5481927710844,1371.4317269076305,1444.0903614457832,0.20080321285131686,0.23815706784467827,0.3932479499808012,0.07563622598468944,0.0,0.6604071426318759,0.0674473475669763,0.0
8965.54040751516,149.425673458586,井浆快替,0.6300063295036935,0.6300063295036935,1825.5481927710844,1371.4317269076305,1444.0903614457832,0.20080321285131686,0.23818879842396393,0.3925722588099837,0.07551130065564027,0.0,0.6614674940538218,0.06722164488071465,0.0
8967.83548383635,149.46392473060584,井浆快替,0.6310529130232023,0.6310529130232023,1834.6305220883535,1371.4317269076305,1453.1726907630523,0.20481927710834322,0.23821773122980672,0.3997406472923435,0.07683576982671247,0.0,0.662526648433811,0.06699587767844839,0.0
8970.131748477646,149.50219580796076,井浆快替,0.6320989264272102,0.6320989264272102,1834.6305220883535,1380.5140562248996,1453.1726907630523,0.20080321285131686,0.2382438925740175,0.3912389165300889,0.07526473580754356,0.0,0.6635845758394933,0.06677005770338362,0.0
8972.429184387405,149.54048640645675,井浆快替,0.6331443665029768,0.6331443665029768,1834.6305220883535,1380.5140562248996,1453.1726907630523,0.20080321285131686,0.23826730856552622,0.3905811317671085,0.07514307245157359,0.0,0.6646412458080918,0.06654419485399955,0.0
8974.727772912636,149.57879621521062,井浆快替,0.6341892294293628,0.6341892294293628,1834.6305220883535,1380.5140562248996,1462.2550200803214,0.20080321285131686,0.2382880056879603,0.38992913320146927,0.07502246351002217,0.0,0.6656966275199093,0.06631830381555531,0.0
8977.027493859921,149.61712489766535,井浆快替,0.6352335109601073,0.6352335109601073,1843.7128514056226,1389.5963855421687,1462.2550200803214,0.20080321285131686,0.23830601012874378,0.3892827961464337,0.07490288633009068,0.0,0.6667506906725467,0.06609239663862879,0.0
8979.328325391616,149.65547208986027,井浆快替,0.6362772057864462,0.6362772057864462,1843.7128514056226,1389.5963855421687,1462.2550200803214,0.20080321285131686,0.2383213464561726,0.3886419024265186,0.0747843009440976,0.0,0.6678034046712849,0.06586648289709111,0.0
8981.630243935462,149.69383739892436,井浆快替,0.637320307087451,0.637320307087451,1843.7128514056226,1389.5963855421687,1471.3373493975903,0.20080321285131686,0.23833403818379556,0.38800618685221616,0.07466665865965705,0.0,0.6688547384672374,0.06564057304219753,0.0
8983.933224140741,149.7322204023457,井浆快替,0.638362808061384,0.638362808061384,1852.7951807228917,1389.5963855421687,1471.3373493975903,0.20481927710834322,0.2383441101539379,0.39512287774275245,0.0759827840639008,0.0,0.66990466216649,0.065414680083407,0.0
8986.23723886214,149.77062064770234,井浆快替,0.6394047004838452,0.6394047004838452,1852.7951807228917,1398.6787148594378,1471.3373493975903,0.20080321285131686,0.23835158499923398,0.3867490838186571,0.07443398154088099,0.0,0.6709531456581138,0.06518881249278083,0.0
8988.542259163867,149.80903765273112,井浆快替,0.6404459766625933,0.6404459766625933,1852.7951807228917,1398.6787148594378,1471.3373493975903,0.20080321285131686,0.23835648705945364,0.38612689621065704,0.07431879923311491,0.0,0.672000160419719,0.06496298206933579,0.0
8990.848254490273,149.8474709081712,井浆快替,0.6414866270327314,0.6414866270327314,1852.7951807228917,1398.6787148594378,1480.4196787148594,0.20080321285131686,0.2383588382192847,0.38550834508359577,0.07420427591940182,0.0,0.6730456774991026,0.06473719887067673,0.0
8993.155192626244,149.88591987710407,井浆快替,0.6425266406538944,0.6425266406538944,1861.8775100401606,1407.761044176707,1480.4196787148594,0.20080321285131675,0.2383586589687397,0.38489297047107296,0.07409032667040183,0.0,0.6740896680938796,0.0645114759868871,0.0
8995.46303969194,149.92438399486568,井浆快替,0.6435660066602769,0.6435660066602769,1861.8775100401606,1407.761044176707,1480.4196787148594,0.20080321285131675,0.2383559685701566,0.3842802270873462,0.07397685071212734,0.0,0.6751321045790315,0.06428582237002414,0.0
8997.77176022623,149.96286267043715,井浆快替,0.6446047145530504,0.6446047145530504,1861.8775100401606,1407.761044176707,1489.5020080321285,0.20080321285131675,0.2383507901453419,0.3836695647773219,0.07386374631831283,0.0,0.6761729599586109,0.06406024858216396,0.0
9000.08131733023,150.00135528883717,井浆快替,0.6456427514612754,0.6456427514612754,1870.9598393574297,1407.761044176707,1489.5020080321285,0.2048192771083431,0.23834314244817295,0.3907216707880353,0.07516906778365495,0.0,0.6772122061659003,0.06383476633627033,0.0
9002.391672863354,150.03986121438922,井浆快替,0.6466801043193221,0.6466801043193221,1870.9598393574297,1416.8433734939758,1489.5020080321285,0.20080321285131686,0.23833304336791244,0.3824524081631321,0.07363826830185849,0.0,0.6782498155191875,0.06360938655412444,0.0
9004.702787835882,150.07837979726472,井浆快替,0.6477167595806428,0.6477167595806428,1870.9598393574297,1416.8433734939758,1489.5020080321285,0.20080321285131686,0.2383205102289279,0.38184488458529153,0.07352570414473591,0.0,0.6792857599292019,0.06338411806954666,0.0
9007.01462270113,150.11691037835217,井浆快替,0.648752705194822,0.648752705194822,1880.0421686746988,1416.8433734939758,1498.5843373493976,0.20481927710834322,0.2383055657507254,0.3888621611909915,0.07482505741974288,0.0,0.6803200114554867,0.06315897105331447,0.0
9009.327137605931,150.15545229343218,井浆快替,0.6497879272670523,0.6497879272670523,1880.0421686746988,1425.925702811245,1498.5843373493976,0.20080321285131686,0.2382882271665528,0.38062960677689966,0.07330049204595834,0.0,0.6813525405445086,0.0629339595545484,0.0
9011.640292799011,150.1940048799835,井浆快替,0.6508224116308337,0.6508224116308337,1889.124497991968,1425.925702811245,1498.5843373493976,0.20481927710834322,0.23826850947292644,0.38762148909611704,0.07459546118872995,0.0,0.6823833163246936,0.06270909119294606,0.0
9013.954049174525,150.2325674862421,井浆快替,0.6518561451513267,0.6518561451513267,1889.124497991968,1425.925702811245,1507.6666666666667,0.20481927710834322,0.23824643239299037,0.3869996780079443,0.07448036867164232,0.0,0.6834123067820083,0.0624843769066008,0.0
9016.268368934414,150.27113948224024,井浆快替,0.6528891165319826,0.6528891165319826,1889.124497991968,1435.008032128514,1507.6666666666667,0.20080321285131686,0.23822202002915369,0.3788004770259387,0.07296141930089528,0.0,0.6844394793717079,0.06225982852755692,0.0
9018.58321651836,150.309720275306,井浆快替,0.6539213134177115,0.6539213134177115,1898.206827309237,1435.008032128514,1507.6666666666667,0.20481927710834322,0.2381952893480599,0.3857516792526392,0.07424933036970882,0.0,0.6854647988458731,0.06203545356032786,0.0
9020.89855957069,150.34830932617817,井浆快替,0.6549527255408019,0.6549527255408019,1898.206827309237,1435.008032128514,1507.6666666666667,0.20481927710834322,0.23816626047245204,0.38512499999039385,0.07413329334872787,0.0,0.6864882289558475,0.061811261259049954,0.0
9023.214369814466,150.38690616357445,井浆快替,0.655983344660375,0.655983344660375,1898.206827309237,1435.008032128514,1516.7489959839359,0.20481927710834322,0.2381349552660062,0.3844962427993741,0.07401685695791294,0.0,0.6875097321202589,0.0615872589909138,0.0
9025.530624211087,150.42551040351813,井浆快替,0.6570131655977598,0.6570131655977598,1898.206827309237,1444.0903614457832,1516.7489959839359,0.20080321285131686,0.23810139786511006,0.37633844663337856,0.07250482746367148,0.0,0.6885292705849961,0.06136345776654208,0.0
9027.847306364663,150.4641217727444,井浆快替,0.6580421852782098,0.6580421852782098,1907.2891566265062,1444.0903614457832,1516.7489959839359,0.20481927710834322,0.23806561078758154,0.38323168574807853,0.07378263563795628,0.0,0.6895468053344354,0.06113985995657988,0.0
9030.163964615887,150.50273274359813,井浆快替,0.6590702066673498,0.6590702066673498,1907.2891566265062,1444.0903614457832,1525.8313253012047,0.20481927710834322,0.2380276278508414,0.38259541277067405,0.07366476272215094,0.0,0.6905621021450116,0.06091647095635547,0.0
9032.480527127358,150.5413421187893,井浆快替,0.6600972029894189,0.6600972029894189,1907.2891566265062,1453.1726907630523,1525.8313253012047,0.20080321285131686,0.23798747722460345,0.3744667725524788,0.07215756873729151,0.0,0.6915750921430995,0.06069334158580515,0.0
9034.796955294321,150.57994925490536,井浆快替,0.6611231627930924,0.6611231627930924,1916.371485943775,1453.1726907630523,1525.8313253012047,0.2048192771083431,0.23794518892401623,0.3813135049207501,0.07342723699237674,0.0,0.6925857179255034,0.06047047908236248,0.0
9037.113220286077,150.61855367143463,井浆快替,0.6621480771732114,0.6621480771732114,1916.371485943775,1453.1726907630523,1534.9136546184739,0.2048192771083431,0.2379007880777572,0.3806672945187027,0.07330747706199026,0.0,0.6935939213448955,0.06024788848529732,0.0
9039.429305487485,150.6571550914581,井浆快替,0.6631719444796123,0.6631719444796123,1916.371485943775,1453.1726907630523,1534.9136546184739,0.2048192771083431,0.23785430495898086,0.3800171559691719,0.07318697352121561,0.0,0.6945996477945345,0.06002557943844406,0.0
9041.745209507913,150.69575349179857,井浆快替,0.6641947677625555,0.6641947677625555,1916.371485943775,1462.2550200803214,1534.9136546184739,0.20080321285131675,0.23780576503976558,0.3719242284383004,0.07168563269314154,0.0,0.6956028446935623,0.0598035557521815,0.0
9044.06094990531,150.7343491650885,井浆快替,0.6652165601064642,0.6652165601064642,1925.4538152610442,1462.2550200803214,1534.9136546184739,0.2048192771083431,0.2377551982357817,0.3787035855989789,0.07294345470864816,0.0,0.6966034656508698,0.05958181645348848,0.0
9046.376567258187,150.77294278763645,井浆快替,0.6662373431235752,0.6662373431235752,1925.4538152610442,1462.2550200803214,1543.995983935743,0.2048192771083431,0.23770262877962195,0.3780394062846595,0.07282030017304242,0.0,0.6976014696879607,0.05936036295924438,0.0
9048.692129362955,150.81153548938258,井浆快替,0.6672571514345819,0.6672571514345819,1925.4538152610442,1471.3373493975903,1543.995983935743,0.20080321285131686,0.23764808415395888,0.3699703477905717,0.07132279870887082,0.0,0.698596825596823,0.05913919888966404,0.0
9051.007736231193,150.85012893718655,井浆快替,0.6682760336734482,0.6682760336734482,1934.5361445783133,1471.3373493975903,1543.995983935743,0.20481927710834322,0.23759158936475264,0.3766942580454135,0.07257082778867585,0.0,0.6995895130029832,0.05891831421033837,0.0
9053.323525895976,150.8887254315996,井浆快替,0.6692940534295037,0.6692940534295037,1934.5361445783133,1471.3373493975903,1543.995983935743,0.20481927710834322,0.23753316468496352,0.3760126034381872,0.07244438189600644,0.0,0.7005795233882611,0.058697700789468524,0.0
9055.639681675639,150.9273280279273,井浆快替,0.6703112950064222,0.6703112950064222,1934.5361445783133,1471.3373493975903,1553.078313253012,0.20481927710834322,0.23747283148065013,0.3753245868722123,0.07231673838789932,0.0,0.7015668651139546,0.05847735156657023,0.0
9057.95580275611,150.96593004593518,井浆快替,0.671327586079929,0.671327586079929,1934.5361445783133,1480.4196787148594,1553.078313253012,0.20080321285131686,0.23741063225759249,0.36728444079081474,0.07082379657444526,0.0,0.7025512952491668,0.05825725248256351,0.0
9060.271621704804,151.0045270284134,井浆快替,0.6723428131808984,0.6723428131808984,1943.6184738955824,1480.4196787148594,1553.078313253012,0.20481927710834322,0.2373466057956083,0.3739291386978492,0.07205779547267743,0.0,0.7035326270922244,0.058037438464640434,0.0
9062.58739266114,151.043123211019,井浆快替,0.6733570905706279,0.6733570905706279,1943.6184738955824,1480.4196787148594,1562.1606425702812,0.20481927710834322,0.23728076910930893,0.37322177951515334,0.07192650849831506,0.0,0.704510892719905,0.05781793459222115,0.0
9064.903445676175,151.08172409460292,井浆快替,0.6743705660061711,0.6743705660061711,1943.6184738955824,1489.5020080321285,1562.1606425702812,0.20080321285131686,0.23721313811068417,0.3652044527442982,0.07043718108521457,0.0,0.7054861539545542,0.057598727357018445,0.0
9067.220197588504,151.12033662647505,井浆快替,0.6753834245510942,0.6753834245510942,1952.7008032128515,1489.5020080321285,1562.1606425702812,0.20481927710834322,0.2371437245667512,0.37178999467548246,0.07166071013247777,0.0,0.7064585059177798,0.0573797858131564,0.0
9069.538165132552,151.15896941887587,井浆快替,0.6763958934666463,0.6763958934666463,1952.7008032128515,1489.5020080321285,1571.2429718875503,0.20481927710834322,0.23707253604372003,0.3710672136164981,0.07152650322148468,0.0,0.7074280814826819,0.05716107010592001,0.0
9071.856041837133,151.19760069728554,井浆快替,0.6774074044491291,0.6774074044491291,1952.7008032128515,1489.5020080321285,1571.2429718875503,0.20481927710834322,0.2369996541172469,0.3703408555530708,0.07139161258161886,0.0,0.7083942513711974,0.05694253574537303,0.0
9074.171089312258,151.23618482187098,井浆快替,0.6784167656115666,0.6784167656115666,1952.7008032128515,1498.5843373493976,1571.2429718875503,0.20080321285131686,0.23692522406204047,0.3623643071783586,0.06990901234812563,0.0,0.7093557989553294,0.05672430258869175,0.0
9076.483658872077,151.27472764786796,井浆快替,0.6794241355286211,0.6794241355286211,1961.7831325301206,1498.5843373493976,1571.2429718875503,0.20481927710834322,0.23684926877917695,0.3688803214763793,0.0711203201216144,0.0,0.7103128046386425,0.0565066297802111,0.0
9078.794195797476,151.3132365966246,井浆快替,0.6804297136921799,0.6804297136921799,1961.7831325301206,1498.5843373493976,1580.3253012048192,0.20481927710834322,0.23677180602382059,0.3681490409729751,0.0709844558663878,0.0,0.7112653886579061,0.056289485021860174,0.0
9081.103247947545,151.35172079912576,井浆快替,0.6814337436743813,0.6814337436743813,1961.7831325301206,1498.5843373493976,1580.3253012048192,0.20481927710834322,0.23669284803094973,0.3674196106704225,0.070848915562021,0.0,0.712213714482295,0.05607282346324818,0.0
9083.41103957942,151.39018399299033,井浆快替,0.6824363264774943,0.6824363264774943,1970.8654618473895,1507.6666666666667,1580.3253012048192,0.2048192771083431,0.23661241937374225,0.3666938659684365,0.07071404047839491,0.0,0.7131578135732952,0.055856589547957525,0.0
9085.717049446668,151.4286174907778,井浆快替,0.6834372396429599,0.6834372396429599,1970.8654618473895,1507.6666666666667,1580.3253012048192,0.2048192771083431,0.23653057550390974,0.365973578819188,0.07058016028848435,0.0,0.7140974185426008,0.05564076172700002,0.0
9088.022076722473,151.4670346120412,井浆快替,0.6844368336291584,0.6844368336291584,1970.8654618473895,1507.6666666666667,1589.4076305220883,0.2048192771083431,0.23644731471048197,0.3652605004011712,0.0704476009903966,0.0,0.7150328081569637,0.05542539271849398,0.0
9090.327077562655,151.50545129271092,井浆快替,0.685435526996474,0.685435526996474,1979.9477911646586,1516.7489959839359,1589.4076305220883,0.2048192771083431,0.23636262186349305,0.36455723616356156,0.07031684760335244,0.0,0.7159643285589644,0.05521040756424792,0.0
9092.633178412743,151.54388630687905,井浆快替,0.6864338090972805,0.6864338090972805,1979.9477911646586,1516.7489959839359,1589.4076305220883,0.2048192771083431,0.2362764700656067,0.36386551426752367,0.07018822226768351,0.0,0.7168923958089755,0.05499570901715278,0.0
9094.94169069555,151.5823615115925,井浆快替,0.6874322490165863,0.6874322490165863,1979.9477911646586,1516.7489959839359,1589.4076305220883,0.2048192771083431,0.23618881767149388,0.36318721995517633,0.07006207650340357,0.0,0.7178175036136326,0.05478119195856416,0.0
9097.252976285006,151.62088293808344,井浆快替,0.6884310030110414,0.6884310030110414,1979.9477911646586,1516.7489959839359,1589.4076305220883,0.2048192771083431,0.23609966407608615,0.36252429718248846,0.06993877292417483,0.0,0.7187397680213735,0.05456673347015523,0.0
9099.567608949574,151.65946014915957,井浆快替,0.6894303179040724,0.6894303179040724,1989.0301204819277,1525.8313253012047,1598.4899598393574,0.20481927710834322,0.2360089897466142,0.3618784011518623,0.06981862059278898,0.0,0.7196593981691637,0.05435230123089016,0.0
9101.887395109132,151.69812325181886,井浆快替,0.6904309709888654,0.6904309709888654,1989.0301204819277,1525.8313253012047,1598.4899598393574,0.20481927710834322,0.23591671032131212,0.36125138394065365,0.06970196533156936,0.0,0.7205770983421862,0.05413784614850709,0.0
9104.214372133985,151.7369062022331,井浆快替,0.6914338368559282,0.6914338368559282,1989.0301204819277,1525.8313253012047,1598.4899598393574,0.20481927710834322,0.23582272090296147,0.3606454108023242,0.06958921137519058,0.0,0.7214936641113345,0.05392320541879951,0.0
9106.550812271442,151.7758468711907,井浆快替,0.6924398882483714,0.6924398882483714,1998.1124497991968,1534.9136546184739,1598.4899598393574,0.20481927710834322,0.2357268972541697,0.36006228363508386,0.06948069548594904,0.0,0.7224099816203196,0.053708193825454234,0.0
9108.897470346215,151.81495783910358,井浆快替,0.6934494428314611,0.6934494428314611,1998.1124497991968,1534.9136546184739,1598.4899598393574,0.20481927710834322,0.23562918145238335,0.35950414472841347,0.06937681788279237,0.0,0.7233263427918855,0.053492603102375344,0.0
9111.256115809829,151.85426859683048,井浆快替,0.6944632523264871,0.6944632523264871,1998.1124497991968,1534.9136546184739,1607.5722891566265,0.20481927710834322,0.23552945562389233,0.3589716860822737,0.06927770893382101,0.0,0.7242434413205273,0.05327636515994079,0.0
9113.629583863496,151.89382639772492,井浆快替,0.6954825231196636,0.6954825231196636,1998.1124497991968,1534.9136546184739,1607.5722891566265,0.20481927710834322,0.23542753432624594,0.3584661424401084,0.06918360002891133,0.0,0.7251623840664608,0.05305931957596059,0.0
9116.020921173995,151.9336820195666,井浆快替,0.6965085466683312,0.6965085466683312,2007.194779116466,1543.995983935743,1607.5722891566265,0.20481927710834322,0.23532320650636518,0.3579889573861602,0.06909476145492766,0.0,0.7260843523998326,0.052841212554713385,0.0
9118.432369662969,151.97387282771615,井浆快替,0.697542266388179,0.697542266388179,2007.194779116466,1543.995983935743,1607.5722891566265,0.20481927710834322,0.23521629103271846,0.3575413861862723,0.06901142845031849,0.0,0.7270102126200485,0.052621777128258156,0.0
9120.865317816537,152.01442196360895,井浆快替,0.6985842555253323,0.6985842555253323,2007.194779116466,1543.995983935743,1607.5722891566265,0.20481927710834322,0.23510664098627235,0.35712430970178644,0.06893376652316341,0.0,0.7279405023619495,0.05240082202275032,0.0
9123.323179774354,152.05538632957257,井浆快替,0.6996359516321593,0.6996359516321593,2016.277108433735,1553.078313253012,1607.5722891566265,0.20481927710834322,0.2349939896485608,0.3567378103830566,0.06886179244841995,0.0,0.7288765342982895,0.05217823141870962,0.0
9125.809456845816,152.0968242807636,井浆快替,0.7006988241468785,0.7006988241468785,2016.277108433735,1553.078313253012,1616.6546184738957,0.20481927710834322,0.23487804498458723,0.35638290860619176,0.06879569758185577,0.0,0.7298196452108185,0.05195370245265683,0.0
9128.32650521861,152.13877508697684,井浆快替,0.7017738472645824,0.7017738472645824,2016.277108433735,1553.078313253012,1616.6546184738957,0.20481927710834322,0.2347585669169891,0.3560599147383748,0.06873554098298229,0.0,0.7307707296514083,0.05172692724112494,0.0
9130.875742765214,152.18126237942025,井浆快替,0.7028615884961389,0.7028615884961389,2025.359437751004,1562.1606425702812,1616.6546184738957,0.2048192771083431,0.23463535068072142,0.35576822335925495,0.06868121103536473,0.0,0.7317303252402959,0.051497707107382246,0.0
9133.443655917938,152.22406093196562,井浆快替,0.7039562470731537,0.7039562470731537,2025.359437751004,1562.1606425702812,1616.6546184738957,0.2048192771083431,0.23450907113308173,0.35550722831091075,0.06863259584807357,0.0,0.7326933731790163,0.051265938217957614,0.0
9136.028081230985,152.26713468718307,井浆快替,0.705056880431749,0.705056880431749,2025.359437751004,1562.1606425702812,1616.6546184738957,0.2048192771083431,0.23437976957347142,0.35527075445818307,0.06858854599874509,0.0,0.7336591410624642,0.05103287059882419,0.0
9138.609752742084,152.31016254570142,井浆快替,0.7061552710256253,0.7061552710256253,2034.441767068273,1562.1606425702812,1625.7369477911648,0.20883534136536946,0.2342485375941585,0.3620207740390578,0.06984510673741662,0.0,0.7346205426668323,0.050798705975504795,0.0
9141.188572794403,152.3531428799067,井浆快替,0.7072513805144118,0.7072513805144118,2034.441767068273,1571.2429718875503,1625.7369477911648,0.2048192771083431,0.23411534108088397,0.35486427886431804,0.06851282371608125,0.0,0.7355777035177917,0.05056520349841037,0.0
9143.764452639105,152.39607421065176,井浆快替,0.7083451747827553,0.7083451747827553,2034.441767068273,1571.2429718875503,1625.7369477911648,0.2048192771083431,0.2339801490738149,0.3546902150809243,0.06848039551520957,0.0,0.7365307467142223,0.05033237634151805,0.0
9146.337306099746,152.43895510166243,井浆快替,0.7094366209444171,0.7094366209444171,2043.5240963855422,1571.2429718875503,1625.7369477911648,0.20883534136536946,0.23384293478005874,0.3614889326504973,0.0697461625012441,0.0,0.737479789877103,0.050100235405346395,0.0
9148.907047410856,152.48178412351427,井浆快替,0.7105256834812541,0.7105256834812541,2043.5240963855422,1580.3253012048192,1634.8192771084337,0.20481927710834322,0.23370367104943718,0.3544054672687111,0.06842734437072207,0.0,0.738424941915906,0.04986879322738863,0.0
9151.473591075153,152.52455985125255,井浆快替,0.7116123302817523,0.7116123302817523,2043.5240963855422,1580.3253012048192,1634.8192771084337,0.20481927710834322,0.23356234154060918,0.3542942811393327,0.06840662854882884,0.0,0.7393663063049893,0.049638061214013623,0.0
9154.036852679841,152.56728087799735,井浆快替,0.7126965284218153,0.7126965284218153,2052.606425702811,1580.3253012048192,1634.8192771084337,0.20883534136536946,0.2334189317332385,0.36114782369414017,0.06968269675326388,0.0,0.7403039780344846,0.049408042763065645,0.0
9156.596750091023,152.60994583485038,井浆快替,0.7137782444200373,0.7137782444200373,2052.606425702811,1589.4076305220883,1634.8192771084337,0.2048192771083431,0.23327342944651558,0.3541295124703938,0.06837592856303076,0.0,0.7412380431299616,0.049178747642241345,0.0
9159.153204782326,152.65255341303876,井浆快替,0.7148574491472732,0.7148574491472732,2052.606425702811,1589.4076305220883,1634.8192771084337,0.2048192771083431,0.23312583291630096,0.35407400265699074,0.0683655856499441,0.0,0.74216858289315,0.048950197111846325,0.0
9161.706143221678,152.69510238702796,井浆快替,0.7159341147456596,0.7159341147456596,2061.6887550200804,1589.4076305220883,1643.9016064257028,0.20883534136536955,0.232976142128479,0.36097721740255506,0.06965095261467114,0.0,0.7430956717100248,0.048722391648605534,0.0
9164.255498278004,152.73759163796674,井浆快替,0.7170082172204771,0.7170082172204771,2061.6887550200804,1589.4076305220883,1643.9016064257028,0.20883534136536955,0.2328243622144378,0.3609533671581821,0.06964651479366035,0.0,0.744019379080893,0.04849533156770474,0.0
9166.80121066599,152.7800201777665,井浆快替,0.7180797347042875,0.7180797347042875,2061.6887550200804,1589.4076305220883,1643.9016064257028,0.20883534136536955,0.23267049960158837,0.360944087331607,0.0696447880882588,0.0,0.7449397685477981,0.048269021467918796,0.0
9169.34323042235,152.82238717370583,井浆快替,0.719148648935136,0.719148648935136,2070.7710843373493,1598.4899598393574,1643.9016064257028,0.20883534136536946,0.2325145637309543,0.36094855468123177,0.06964561933228874,0.0,0.7458568990472132,0.048043468670705976,0.0
9171.881252202835,152.86468753671392,井浆快替,0.7202148364974968,0.7202148364974968,2070.7710843373493,1598.4899598393574,1643.9016064257028,0.20883534136536946,0.23235658780266755,0.36096620585047656,0.06964890369501764,0.0,0.7467707321448221,0.04781868498270503,0.0
9174.414911196613,152.9069151866102,井浆快替,0.7212781497421812,0.7212781497421812,2070.7710843373493,1598.4899598393574,1652.9839357429719,0.20883534136536946,0.23219661374141085,0.3609962119619948,0.06965448692201393,0.0,0.7476812024936589,0.0475946982836152,0.0
9176.944133889916,152.94906889816528,井浆快替,0.7223385636930661,0.7223385636930661,2079.8534136546186,1598.4899598393574,1652.9839357429719,0.2128514056223959,0.23203466640919415,0.3679813284170627,0.07095329382948645,0.0,0.7485883440633505,0.04737153033392945,0.0
9179.468860098614,152.99114766831022,井浆快替,0.7233960578870783,0.7233960578870783,2079.8534136546186,1598.4899598393574,1652.9839357429719,0.2128514056223959,0.23187076656795663,0.3680357907072309,0.07096341337663115,0.0,0.7494921890286268,0.04714918284223911,0.0
9181.989044843582,153.03315074739302,井浆快替,0.7244506200803845,0.7244506200803845,2088.9357429718875,1607.5722891566265,1652.9839357429719,0.21285140562239582,0.23170493899091424,0.36810118462301145,0.07097556396523408,0.0,0.7503927713460453,0.04692766920387874,0.0
9184.504660437506,153.07507767395842,井浆快替,0.7255022440502092,0.7255022440502092,2088.9357429718875,1607.5722891566265,1662.066265060241,0.21285140562239582,0.23153720430909622,0.3681770859757417,0.07098966670047513,0.0,0.7512901260288236,0.046706984300734083,0.0
9187.01569874659,153.11692831244318,井浆快替,0.7265509331937954,0.7265509331937954,2088.9357429718875,1607.5722891566265,1662.066265060241,0.21285140562239582,0.23136758468344393,0.3682629141401245,0.07100561361392521,0.0,0.7521842918843882,0.04648712750671581,0.0
9189.52217360607,153.1587028934345,井浆快替,0.7275966999469269,0.7275966999469269,2098.018072289157,1607.5722891566265,1662.066265060241,0.21686746987942226,0.23119610068252802,0.37530822320388973,0.07231370232269085,0.0,0.7530753118321858,0.046268098188042554,0.0
9192.024123390413,153.20040205650687,井浆快替,0.728639566301022,0.728639566301022,2098.018072289157,1607.5722891566265,1662.066265060241,0.21686746987942226,0.23102276576620628,0.3754140406436369,0.07233333519272189,0.0,0.7539632335059671,0.04604989453292632,0.0
9194.521613834,153.24202689723333,井浆快替,0.7296795661799772,0.7296795661799772,2098.018072289157,1607.5722891566265,1662.066265060241,0.21686746987942226,0.23084759451185272,0.3755288261483326,0.07235463148553223,0.0,0.7548481124391853,0.045832523019120316,0.0
9197.014740974091,153.28357901623485,井浆快替,0.7307167470009014,0.7307167470009014,2107.1004016064257,1616.6546184738957,1671.14859437751,0.21686746987942215,0.23067059948173418,0.37565119616697223,0.07237733440392269,0.0,0.7557300128223896,0.045615967349513356,0.0
9199.502591385459,153.32504318975765,井浆快替,0.7317507354185778,0.7317507354185778,2107.1004016064257,1616.6546184738957,1671.14859437751,0.21686746987942215,0.23049187271471688,0.37578030884022445,0.0724012876630793,0.0,0.7566086390855055,0.045400211130384414,0.0
9201.985219024491,153.36642031707484,井浆快替,0.7327815622195567,0.7327815622195567,2107.1004016064257,1616.6546184738957,1671.14859437751,0.21686746987942215,0.23031142928379758,0.3759147799314255,0.07242623436982565,0.0,0.7574840378796733,0.04518533169235308,0.0
9204.462740922572,153.40771234870954,井浆快替,0.7338092818710922,0.7338092818710922,2116.1827309236946,1616.6546184738957,1671.14859437751,0.22088353413644843,0.23012927317058093,0.3830178150918876,0.07374301664753002,0.0,0.7583562737541488,0.04497132345904737,0.0
9206.935317872443,153.44892196454072,井浆快替,0.7348339681341082,0.7348339681341082,2116.1827309236946,1616.6546184738957,1671.14859437751,0.22088353413644843,0.22994541149459544,0.3831635426968415,0.0737700124964753,0.0,0.7592254259246047,0.044758185788515724,0.0
9209.403159178526,153.49005265297544,井浆快替,0.7358557137526185,0.7358557137526185,2116.1827309236946,1625.7369477911648,1680.2309236947792,0.21686746987942207,0.2297598448844313,0.37634337535885753,0.0725057417370385,0.0,0.7600915884501641,0.044545896465585724,0.0
9211.866528068917,153.5311088011486,井浆快替,0.7368746332910477,0.7368746332910477,2125.265060240964,1625.7369477911648,1680.2309236947792,0.2208835341364485,0.22957256732344905,0.383464356632839,0.07382573539787185,0.0,0.7609548722012258,0.044334434776307614,0.0
9214.32574787622,153.572095797937,井浆快替,0.7378908671193073,0.7378908671193073,2125.265060240964,1625.7369477911648,1680.2309236947792,0.2208835341364485,0.22938357000123794,0.3836175155023494,0.07385410532402625,0.0,0.7618154080550703,0.04412377273860572,0.0
9216.780466066002,153.6130077677667,井浆快替,0.7389042740321072,0.7389042740321072,2125.265060240964,1625.7369477911648,1680.2309236947792,0.2208835341364485,0.22919289846873253,0.3837716287853063,0.07388265116095993,0.0,0.7626730874027131,0.04391387822153253,0.0
9219.230308969158,153.65383848281928,井浆快替,0.7399147044832511,0.7399147044832511,2134.347389558233,1625.7369477911648,1689.313253012048,0.2248995983934748,0.22900059900984443,0.39090638334908556,0.07520323273058727,0.0,0.7635277938897416,0.043704785770040964,0.0
9221.675717151336,153.6945952858556,井浆快替,0.7409223474535905,0.7409223474535905,2134.347389558233,1634.8192771084337,1689.313253012048,0.2208835341364485,0.22880665626805333,0.3840797376186591,0.07393971838982982,0.0,0.7643796966860978,0.043496529946783616,0.0
9224.117224498585,153.7352870749764,井浆快替,0.7419274280506006,0.7419274280506006,2134.347389558233,1634.8192771084337,1689.313253012048,0.2208835341364485,0.22861104179520728,0.38423313327809894,0.07396812867954183,0.0,0.7652289941046897,0.043289062171705174,0.0
9226.555468128496,153.77592446880826,井浆快替,0.7429302122549036,0.7429302122549036,2143.429718875502,1634.8192771084337,1689.313253012048,0.22489959839347498,0.2284137154357544,0.39137513615966785,0.07528992888339225,0.0,0.7660759182955434,0.0430823351675216,0.0
9228.991199557886,153.81651999263144,井浆快替,0.7439310126946415,0.7439310126946415,2143.429718875502,1634.8192771084337,1689.313253012048,0.22489959839347498,0.22821462698804398,0.39153125963059876,0.07531880222179077,0.0,0.7669207398438599,0.04287630254181364,0.0
9231.424294066583,153.8570715677764,井浆快替,0.7449297817537306,0.7449297817537306,2143.429718875502,1634.8192771084337,1698.3955823293172,0.22489959839347498,0.2280138053786784,0.3916882378274292,0.07534783272348688,0.0,0.7677634250684703,0.04267089557754408,0.0
9233.854761426208,153.89757935710347,井浆快替,0.7459265273560606,0.7459265273560606,2152.512048192771,1643.9016064257028,1698.3955823293172,0.22489959839347487,0.2278112704720963,0.3918465238420835,0.07537710416145849,0.0,0.768603987351807,0.04246612423092431,0.0
9236.283656784006,153.9380609464001,井浆快替,0.7469216853219207,0.7469216853219207,2152.512048192771,1643.9016064257028,1698.3955823293172,0.22489959839347487,0.2276069440569546,0.3920070022641426,0.0754067800898861,0.0,0.7694428016468362,0.042261984743080606,0.0
9238.712203797762,153.9785367299627,井浆快替,0.7479157594626528,0.7479157594626528,2152.512048192771,1643.9016064257028,1698.3955823293172,0.22489959839347487,0.2274007296725624,0.3921713807389414,0.07543717623489576,0.0,0.770280300289405,0.042058386161226376,0.0
9241.14180733492,154.01903012224867,井浆快替,0.7489093257026886,0.7489093257026886,2161.59437751004,1643.9016064257028,1698.3955823293172,0.22891566265050112,0.22719250891459497,0.3993476561886493,0.07676320790918967,0.0,0.7711169770895275,0.04185522889269846,0.0
9243.573034371673,154.0595505728612,井浆快替,0.7499026170539883,0.7499026170539883,2161.59437751004,1643.9016064257028,1707.4779116465863,0.22891566265050112,0.22698224659447194,0.3995289269504814,0.07679667846979343,0.0,0.7719530383170279,0.041652392786183705,0.0
9246.00635090448,154.100105848408,井浆快替,0.7508958225133983,0.7508958225133983,2161.59437751004,1652.9839357429719,1707.4779116465863,0.2248995983934748,0.22676990949826295,0.39270746870047096,0.07553630032077752,0.0,0.7727886554258939,0.041449830529322614,0.0
9248.438362549861,154.14063937583103,井浆快替,0.7518875572136278,0.7518875572136278,2170.6767068273093,1652.9839357429719,1707.4779116465863,0.22891566265050123,0.2265558381011921,0.3999232872976129,0.07686949055480607,0.0,0.7736226792179217,0.04124750242128749,0.0
9250.868055110079,154.18113425183464,井浆快替,0.7528774121090478,0.7528774121090478,2170.6767068273093,1652.9839357429719,1707.4779116465863,0.22891566265050123,0.22634015216957357,0.4001387960855768,0.07690927824478477,0.0,0.7744547861406058,0.04104569352868101,0.0
9253.296766129211,154.2216127688202,井浆快替,0.7538659363745246,0.7538659363745246,2170.6767068273093,1652.9839357429719,1707.4779116465863,0.22891566265050123,0.22612274117783976,0.4003688040066641,0.07695174090367973,0.0,0.7752854620832687,0.0408444818701101,0.0
9255.72602605883,154.26210043431382,井浆快替,0.7548537567004352,0.7548537567004352,2179.759036144578,1652.9839357429719,1716.5602409638554,0.23293172690752748,0.22590347192690352,0.407645060355079,0.07829403113304101,0.0,0.7761152609869701,0.04064375987911453,0.0
9258.157566071612,154.30262610119354,井浆快替,0.7558415800675308,0.7558415800675308,2179.759036144578,1662.066265060241,1716.5602409638554,0.22891566265050112,0.22568218508832527,0.4008855241488031,0.07704712750030551,0.0,0.7769448079825259,0.04044339830346399,0.0
9260.591195126324,154.34318658543873,井浆快替,0.7568293277777401,0.7568293277777401,2188.8413654618475,1662.066265060241,1716.5602409638554,0.2329317269075276,0.22545890548954986,0.4082162769344555,0.0783993238645766,0.0,0.7777740728429114,0.04024325658073237,0.0
9263.028736188035,154.3838122698006,井浆快替,0.7578177402836326,0.7578177402836326,2188.8413654618475,1662.066265060241,1716.5602409638554,0.2329317269075276,0.2252334550549641,0.40853943016130495,0.07845888558627157,0.0,0.7786037178143043,0.04004335602754476,0.0
9265.472455397683,154.42454092329473,井浆快替,0.7588077352229,0.7588077352229,2188.8413654618475,1662.066265060241,1716.5602409638554,0.2329317269075276,0.22500560235830494,0.40889037375733384,0.07852356510687475,0.0,0.7794345583412852,0.039843542036438556,0.0
9267.924837185965,154.46541395309941,井浆快替,0.7598003143880614,0.7598003143880614,2197.9236947791164,1662.066265060241,1716.5602409638554,0.23694779116455383,0.2247750849007491,0.41632750697593784,0.07989317485816316,0.0,0.7802674856375756,0.03964363194601784,0.0
9270.387022475023,154.50645037458372,井浆快替,0.7607959325511415,0.7607959325511415,2197.9236947791164,1671.14859437751,1725.6425702811246,0.23293172690752748,0.22454176762354033,0.4096831738856507,0.07866966285110255,0.0,0.7811029372964825,0.039443428245582564,0.0
9272.860784853929,154.54767974756547,井浆快替,0.761795298596301,0.761795298596301,2197.9236947791164,1671.14859437751,1725.6425702811246,0.23293172690752748,0.22430544091878285,0.4101267200689176,0.07875138973699813,0.0,0.7819415695247145,0.0392428448864546,0.0
9275.349113854707,154.58915189757846,井浆快替,0.7627996071845005,0.7627996071845005,2207.0060240963858,1671.14859437751,1725.6425702811246,0.23694779116455394,0.22406575601300463,0.4176811692345884,0.08014224391772751,0.0,0.782784451864277,0.039041745482031834,0.0
9277.855164001705,154.6309194000284,井浆快替,0.7638101153319424,0.7638101153319424,2207.0060240963858,1671.14859437751,1725.6425702811246,0.23694779116455394,0.22382233442789934,0.41819679315054265,0.08023709915834287,0.0,0.7836327122909226,0.03883989682128103,0.0
9280.380552067149,154.67300920111913,井浆快替,0.7648274558631053,0.7648274558631053,2207.0060240963858,1671.14859437751,1725.6425702811246,0.23694779116455394,0.2235749461009142,0.4187443311571751,0.08033781467274526,0.0,0.7844869607257371,0.038637050923230984,0.0
9282.92745601064,154.71545760017733,井浆快替,0.7658524826459367,0.7658524826459367,2216.0883534136547,1680.2309236947792,1734.7248995983937,0.23694779116455383,0.223323287046092,0.41932174025250446,0.08044401280273827,0.0,0.785347998191756,0.03843308786655496,0.0
9285.499233452845,154.75832055754742,井浆快替,0.7668865196161755,0.7668865196161755,2216.0883534136547,1680.2309236947792,1734.7248995983937,0.23694779116455383,0.2230669127821403,0.41992690857316833,0.08055530329815996,0.0,0.7862170261902766,0.03822784807397328,0.0
9288.099241647345,154.80165402745575,井浆快替,0.7679308861130301,0.7679308861130301,2225.1706827309235,1680.2309236947792,1734.7248995983937,0.24096385542158008,0.22280536678502458,0.4276860716712668,0.08198102104666805,0.0,0.7870952484277195,0.03802108186179557,0.0
9290.728287065347,154.8454714510891,井浆快替,0.7689858712882036,0.7689858712882036,2225.1706827309235,1680.2309236947792,1734.7248995983937,0.24096385542158008,0.2225384590932023,0.4283517158005352,0.08210322770065281,0.0,0.7879830074460991,0.037812534370450665,0.0
9293.388975880407,154.88981626467344,井浆快替,0.7700524838588241,0.7700524838588241,2225.1706827309235,1689.313253012048,1743.8072289156626,0.23694779116455383,0.2222657931924298,0.4218861419357412,0.08091551406481956,0.0,0.7888812541881626,0.03760215999665483,0.0
9296.059555086164,154.93432591810273,井浆快替,0.7711219706117678,0.7711219706117678,2234.253012048193,1689.313253012048,1743.8072289156626,0.24096385542158028,0.2219897090568942,0.42973836966203455,0.08235775342586682,0.0,0.7897827155916826,0.037389771443198994,0.0
9298.725793637304,154.9787632272884,井浆快替,0.7721886245601809,0.7721886245601809,2234.253012048193,1689.313253012048,1743.8072289156626,0.24096385542158028,0.22171177876409393,0.43043852438765684,0.08248624274049066,0.0,0.7906826585159145,0.037177128893678205,0.0
9301.388260199321,155.02313766998867,井浆快替,0.7732526771788488,0.7732526771788488,2243.3353413654618,1689.313253012048,1743.8072289156626,0.24497991967860655,0.22143193048730705,0.4383130876949608,0.08393010949340662,0.0,0.7915813370395005,0.03696537142998624,0.0
9304.046233030032,155.0674372171672,井浆快替,0.7743138444085689,0.7743138444085689,2243.3353413654618,1689.313253012048,1752.8895582329317,0.24497991967860655,0.22115024320898913,0.43900351214421046,0.08405659617018169,0.0,0.7924785589710469,0.03675445407787106,0.0
9306.70034450598,155.111672408433,井浆快替,0.7753723828436023,0.7753723828436023,2243.3353413654618,1698.3955823293172,1752.8895582329317,0.2409638554215802,0.22086664590532432,0.43247493006995436,0.0828598526989558,0.0,0.7933745768798605,0.03654443507768724,0.0
9309.351477448176,155.15585795746958,井浆快替,0.7764286466409432,0.7764286466409432,2252.417670682731,1698.3955823293172,1752.8895582329317,0.24497991967860663,0.2205810426162361,0.4403507011960771,0.08430335271107159,0.0,0.7942697146545553,0.03633526188132578,0.0
9312.000683104758,155.2000113850793,井浆快替,0.7774830573997435,0.7774830573997435,2252.417670682731,1698.3955823293172,1761.9718875502008,0.24497991967860663,0.2202933240204451,0.4410067206961728,0.08442348780116182,0.0,0.7951643421139155,0.03612686218132878,0.0
9314.6491792396,155.24415298732666,井浆快替,0.778536099804423,0.778536099804423,2261.5,1698.3955823293172,1761.9718875502008,0.24899598393563288,0.2200033587975564,0.4488909424637504,0.08586607179051697,0.0,0.7960588715604302,0.035919150130501086,0.0
9317.293978042715,155.28823296737858,井浆快替,0.7795865864881844,0.7795865864881844,2261.5,1707.4779116465863,1761.9718875502008,0.24497991967860655,0.2197115238874935,0.44228313145898385,0.0846571883129773,0.0,0.7969522828805882,0.035712030315484256,0.0
9319.935112620344,155.33225187700572,井浆快替,0.780634534943938,0.780634534943938,2261.5,1707.4779116465863,1771.05421686747,0.24497991967860655,0.21941784997884542,0.44290192781612997,0.08477046346289008,0.0,0.7978445649330701,0.03550573548414693,0.0
9322.573707408608,155.37622845681014,井浆快替,0.7816803947403842,0.7816803947403842,2261.5,1707.4779116465863,1771.05421686747,0.24497991967860655,0.2191222400696804,0.44350799395291635,0.08488139466548605,0.0,0.7987360638100278,0.035300257105460156,0.0
9325.21108326999,155.4201847211665,井浆快替,0.7827246922216107,0.7827246922216107,2261.5,1707.4779116465863,1771.05421686747,0.24497991967860655,0.21882457645850603,0.4441030086645638,0.08499028999254066,0.0,0.7996271825056641,0.035095502555589485,0.0
9327.84799308659,155.46413321810985,井浆快替,0.7837677259039966,0.7837677259039966,2261.5,1707.4779116465863,1771.05421686747,0.24497991967860655,0.21852480594492127,0.44468878554119023,0.08509748201935918,0.0,0.8005181223021979,0.03489136506056375,0.0
9330.48492726111,155.5080821210185,井浆快替,0.7848096910561503,0.7848096910561503,2261.5,1716.5602409638554,1780.136546184739,0.2409638554215802,0.21822291431032434,0.4379673856240941,0.08386676985212593,0.0,0.8014089895693391,0.034687785284262064,0.0
9333.123777251978,155.55206295419964,井浆快替,0.7858513355105042,0.7858513355105042,2261.5,1716.5602409638554,1780.136546184739,0.2409638554215802,0.21791871206192592,0.43852980861520674,0.08396981493483646,0.0,0.8023003581271738,0.03448471701932467,0.0
9335.763032567162,155.59605054278603,井浆快替,0.7868920613377683,0.7868920613377683,2261.5,1716.5602409638554,1780.136546184739,0.2409638554215802,0.21761242753490612,0.4390884445102724,0.08407215468613227,0.0,0.8031916469360738,0.034282009239350104,0.0
9338.40137969452,155.64002299490866,井浆快替,0.7879313522350153,0.7879313522350153,2261.5,1716.5602409638554,1780.136546184739,0.2409638554215802,0.2173042743099097,0.43964367365406953,0.08417385900577434,0.0,0.8040823409053136,0.0340797763502645,0.0
9341.039837663242,155.68399729438735,井浆快替,0.7889696114598654,0.7889696114598654,2261.5,1716.5602409638554,1789.2188755020081,0.2409638554215802,0.21699416916459624,0.44019631602513715,0.0842750782778744,0.0,0.804972711401033,0.03387811332701882,0.0
9343.679101868487,155.72798503114146,井浆快替,0.7900071141823833,0.7900071141823833,2261.5,1725.6425702811246,1789.2188755020081,0.23694779116455383,0.2166820671815554,0.4334028070619101,0.08303003555580757,0.0,0.8058629216170773,0.03367693757358384,0.0
9346.316084524973,155.7719347420829,井浆快替,0.7910426477630225,0.7910426477630225,2261.5,1725.6425702811246,1789.2188755020081,0.23694779116455383,0.21636840293538492,0.43394741435127104,0.08312990782194474,0.0,0.8067518606341676,0.033476191028646705,0.0
9348.951596869885,155.81585994783143,井浆快替,0.792076534989861,0.792076534989861,2261.5,1725.6425702811246,1798.3012048192772,0.23694779116455383,0.21605311459570498,0.4344931505611632,0.08322997620256523,0.0,0.8076397382745492,0.03327610647220176,0.0
9351.587551834515,155.85979253057525,井浆快替,0.7931095291591311,0.7931095291591311,2261.5,1725.6425702811246,1798.3012048192772,0.23694779116455383,0.21573599234007673,0.43504205339655155,0.08333061421150767,0.0,0.8085271396910324,0.03307661721182003,0.0
9354.223891914486,155.9037315319081,井浆快替,0.7941416084611271,0.7941416084611271,2261.5,1725.6425702811246,1798.3012048192772,0.23694779116455383,0.21541707490650538,0.4355964510788857,0.08343224845341424,0.0,0.8094139908665052,0.032877572018627274,0.0
9356.85765280814,155.94762754680232,井浆快替,0.7951716142127654,0.7951716142127654,2261.5,1734.7248995983937,1798.3012048192772,0.23293172690752748,0.21509677307166963,0.4287648035530842,0.08217905895106181,0.0,0.8102992474400312,0.032678972848530524,0.0
9359.48994566851,155.9914990944752,井浆快替,0.7961999859959946,0.7961999859959946,2261.5,1734.7248995983937,1807.3835341365461,0.23293172690752748,0.21477497130139386,0.4293218217093282,0.0822813018415105,0.0,0.8111832458059749,0.032481040567573324,0.0
9362.122713360071,156.03537855600118,井浆快替,0.7972274840097915,0.7972274840097915,2261.5,1734.7248995983937,1807.3835341365461,0.23293172690752748,0.21445143420645538,0.4298863129699738,0.08238490483007055,0.0,0.812066605836655,0.032283685490098364,0.0
9364.755981599308,156.07926635998848,井浆快替,0.7982541179860526,0.7982541179860526,2261.5,1734.7248995983937,1807.3835341365461,0.23293172690752748,0.21412617149462002,0.43046019944369174,0.08249022016428986,0.0,0.8129493101564358,0.032086760981118304,0.0
9367.391938341174,156.1231989723529,井浆快替,0.7992807402873202,0.7992807402873202,2261.5,1734.7248995983937,1807.3835341365461,0.23293172690752748,0.2137989030137946,0.43104398055038157,0.08259733888571386,0.0,0.8138320736829473,0.03189026427078786,0.0
9370.028746624434,156.1671457770739,井浆快替,0.8003066326962365,0.8003066326962365,2261.5,1743.8072289156626,1816.4658634538152,0.22891566265050123,0.21346987705620576,0.42419733900319984,0.08134025296545477,0.0,0.8147142686558209,0.03169402898440795,0.0
9372.665587445583,156.21109312409305,井浆快替,0.8013314743871357,0.8013314743871357,2261.5,1743.8072289156626,1816.4658634538152,0.22891566265050123,0.2131392069677489,0.4247931820872196,0.08144972185406474,0.0,0.8155956166159875,0.03149819108896043,0.0
9375.303202540166,156.25505337566943,井浆快替,0.802355553229524,0.802355553229524,2261.5,1743.8072289156626,1816.4658634538152,0.22891566265050123,0.21280679492598692,0.4253997416341358,0.08156114618348542,0.0,0.8164763695912952,0.03130281156387208,0.0
9377.94309888078,156.299051648013,井浆快替,0.8033794526043763,0.8033794526043763,2261.5,1743.8072289156626,1816.4658634538152,0.22891566265050123,0.21247243500611876,0.42601783375950547,0.08167467513084148,0.0,0.8173570404497658,0.031107833660573726,0.0
9380.581756511265,156.34302927518775,井浆快替,0.8044018046714658,0.8044018046714658,2261.5,1752.8895582329317,1825.5481927710844,0.22489959839347487,0.21213659914801444,0.41916345321491477,0.08041490158332565,0.0,0.8182364703523505,0.03091314419193412,0.0
9383.22005463026,156.38700091050433,井浆快替,0.8054229495714209,0.8054229495714209,2261.5,1752.8895582329317,1825.5481927710844,0.22489959839347487,0.21179916537842716,0.4197933645260868,0.08053074569703622,0.0,0.8191149753490872,0.03071900327082974,0.0
9385.859339255903,156.4309889875984,井浆快替,0.806443407389127,0.806443407389127,2261.5,1752.8895582329317,1825.5481927710844,0.22489959839347487,0.21145994271508142,0.42043414504475746,0.08064857374381806,0.0,0.8199930314343105,0.030525344341814514,0.0
9388.500536617605,156.47500894362673,井浆快替,0.8074635335450983,0.8074635335450983,2261.5,1761.9718875502008,1825.5481927710844,0.2208835341364485,0.21111879392308688,0.4135667888588672,0.07938500346291377,0.0,0.8208709777504073,0.030332066528916322,0.0
9391.139762668457,156.51899604447428,井浆快替,0.808481824577048,0.808481824577048,2261.5,1761.9718875502008,1834.6305220883535,0.2208835341364485,0.21077624380828647,0.4142180690848118,0.07950491132197302,0.0,0.8217475579294482,0.030139100650627006,0.0
9393.778396995292,156.56297328325488,井浆快替,0.8094988126550738,0.8094988126550738,2261.5,1761.9718875502008,1834.6305220883535,0.2208835341364485,0.21043209557790982,0.4148770417664732,0.07962621955132498,0.0,0.8226232706227491,0.02994673189587529,0.0
9396.418304239402,156.60697173732336,井浆快替,0.810515215177861,0.810515215177861,2261.5,1771.05421686747,1834.6305220883535,0.21686746987942215,0.21008607902900167,0.4079882317398705,0.07835728958490851,0.0,0.8234987767559971,0.029754856958716637,0.0
9399.059907909103,156.6509984651517,井浆快替,0.8115311914218556,0.8115311914218556,2261.5,1771.05421686747,1834.6305220883535,0.21686746987942215,0.20973811992102728,0.4086496204243676,0.07847919433405215,0.0,0.8243742590118093,0.02956333794099446,0.0
9401.70583649467,156.69509727491115,井浆快替,0.8125477471379233,0.8125477471379233,2261.5,1771.05421686747,1843.7128514056226,0.21686746987942215,0.20938783188862636,0.40931620603855284,0.07860204064755749,0.0,0.8252506312137059,0.02937214537649036,0.0
9404.358949054433,156.73931581757387,井浆快替,0.813565971511124,0.813565971511124,2261.5,1771.05421686747,1843.7128514056226,0.21686746987942215,0.20903478938430273,0.4099871136774524,0.0787256669390689,0.0,0.8261288811214279,0.02918108917615344,0.0
9407.02075762039,156.78367929367317,井浆快替,0.8145864329374971,0.8145864329374971,2261.5,1780.136546184739,1843.7128514056226,0.21285140562239582,0.20867874967424296,0.40305628336460053,0.0774477422209483,0.0,0.8270095486732756,0.028989964120386298,0.0
9409.693457554284,156.8282242925714,井浆快替,0.8156099590668046,0.8156099590668046,2261.5,1780.136546184739,1843.7128514056226,0.21285140562239582,0.20831936718458757,0.40371854295364246,0.07756992794472428,0.0,0.8278933978708889,0.028798664799122495,0.0
9412.364708354678,156.87274513924464,井浆快替,0.8166318109754478,0.8166318109754478,2261.5,1780.136546184739,1852.7951807228917,0.21285140562239582,0.2079583841184681,0.4043797860090563,0.07769190997441977,0.0,0.8287763830750974,0.028607038082707585,0.0
9415.031783054072,156.91719638423453,井浆快替,0.8176509457577639,0.8176509457577639,2261.5,1780.136546184739,1852.7951807228917,0.21285140562239582,0.20759618844504343,0.4050305132197066,0.07781193635796346,0.0,0.8296576405234618,0.028415974997332557,0.0
9417.694724361992,156.96157873936653,井浆快替,0.8186673827225656,0.8186673827225656,2261.5,1789.2188755020081,1852.7951807228917,0.20883534136536946,0.20723277277558094,0.39801376942371014,0.07651687638523974,0.0,0.8305372173835953,0.028225669022183722,0.0
9420.353617960329,157.00589363267216,井浆快替,0.8196811573767735,0.8196811573767735,2261.5,1789.2188755020081,1852.7951807228917,0.20883534136536946,0.20686812342545594,0.39862465431302996,0.07662969787015694,0.0,0.8314151681970965,0.028036114677740403,0.0
9423.0085966418,157.05014327736333,井浆快替,0.8206923220849316,0.8206923220849316,2261.5,1789.2188755020081,1861.8775100401606,0.20883534136536946,0.20650222278757102,0.39921959914511196,0.07673956221157519,0.0,0.8322915548143807,0.027847303466228004,0.0
9425.659848306872,157.09433080511454,井浆快替,0.8217009499703267,0.8217009499703267,2261.5,1798.3012048192772,1861.8775100401606,0.2048192771083431,0.20613504662280674,0.39210881818931365,0.07542560756101013,0.0,0.8331664490054198,0.027659222705470738,0.0
9428.307626322074,157.13846043870123,井浆快替,0.8227071392509436,0.8227071392509436,2261.5,1798.3012048192772,1861.8775100401606,0.2048192771083431,0.20576656265896048,0.39265727573519693,0.07552701995932165,0.0,0.8340399356686167,0.027471856184786408,0.0
9430.95226061014,157.18253767683566,井浆快替,0.823711016794447,0.823711016794447,2261.5,1798.3012048192772,1870.9598393574297,0.2048192771083431,0.20539672891054164,0.39318697504780853,0.07562495331211827,0.0,0.8349121155542373,0.027285182471906554,0.0
9433.59289709606,157.22654828493432,井浆快替,0.8247122591597986,0.8247122591597986,2261.5,1798.3012048192772,1870.9598393574297,0.2048192771083431,0.2050256829929847,0.3936976869232813,0.07571936635299692,0.0,0.8357826887525883,0.027099174751433038,0.0
9436.229915601232,157.27049859335386,井浆快替,0.8257110124443224,0.8257110124443224,2261.5,1807.3835341365461,1870.9598393574297,0.20080321285131686,0.20465338389923005,0.38645986366784446,0.07438044152372159,0.0,0.8366517533925375,0.02691388967434507,0.0
9438.863848794275,157.31439747990458,井浆快替,0.8267074800249495,0.8267074800249495,2261.5,1807.3835341365461,1880.0421686746988,0.20080321285131686,0.20427976858060412,0.386923401256074,0.07446624943769165,0.0,0.837519448361462,0.02672929493884186,0.0
9441.495360254206,157.35825600423678,井浆快替,0.8277019132203879,0.8277019132203879,2261.5,1807.3835341365461,1880.0421686746988,0.20080321285131686,0.20390475774934896,0.38736989942705896,0.07454889557286415,0.0,0.8383859457440096,0.02654534821500608,0.0
9444.124550962131,157.40207584936886,井浆快替,0.8286943503238344,0.8286943503238344,2261.5,1807.3835341365461,1880.0421686746988,0.20080321285131686,0.20352835836177863,0.38780089188054706,0.07462866462324491,0.0,0.8392512240395563,0.02636199722501161,0.0
9446.750137868557,157.44583563114261,井浆快替,0.8296843067551454,0.8296843067551454,2261.5,1816.4658634538152,1889.124497991968,0.1967871485942905,0.20315079143159578,0.3804536143554508,0.0732678730538201,0.0,0.8401147982959546,0.026179228417466095,0.0
9449.371373566819,157.48952289278031,井浆快替,0.83067150268138,0.83067150268138,2261.5,1816.4658634538152,1889.124497991968,0.1967871485942905,0.20277220134485205,0.38085000573737143,0.0733413398673145,0.0,0.8409763552265817,0.025997124976565453,0.0
9451.9888016511,157.53314669418498,井浆快替,0.8316561450259417,0.8316561450259417,2261.5,1816.4658634538152,1889.124497991968,0.1967871485942905,0.20239253827466888,0.38123588794331337,0.07341285332528735,0.0,0.8418360013329228,0.025815729984992163,0.0
9454.603260963435,157.57672101605723,井浆快替,0.8326385506796983,0.8326385506796983,2261.5,1816.4658634538152,1889.124497991968,0.1967871485942905,0.20201170706641255,0.381613780762224,0.07348288080473053,0.0,0.8426939363168016,0.025634997003182527,0.0
9457.215760850611,157.62026268084352,井浆快替,0.8336190989666431,0.8336190989666431,2261.5,1825.5481927710844,1898.206827309237,0.19277108433726414,0.2016295848088053,0.37419062869950587,0.07210632372542092,0.0,0.8435504131227576,0.025454858203836785,0.0
9459.82749728445,157.6637916214075,井浆快替,0.8345982377580605,0.8345982377580605,2261.5,1825.5481927710844,1898.206827309237,0.19277108433726414,0.20124601559053812,0.37455271560287035,0.0721735169219927,0.0,0.8444057447861094,0.02527523397322032,0.0
9462.43834764211,157.70730579403516,井浆快替,0.8355759185370965,0.8355759185370965,2261.5,1825.5481927710844,1898.206827309237,0.19277108433726414,0.20086104626680557,0.37491449026274337,0.07224064731542323,0.0,0.8452598123618354,0.02509603263975293,0.0
9465.049418233903,157.75082363723172,井浆快替,0.8365525528121498,0.8365525528121498,2261.5,1825.5481927710844,1907.2891566265062,0.19277108433726414,0.20047453018688233,0.37527776139134356,0.07230805050425415,0.0,0.8461129020029937,0.024917252542119708,0.0
9467.66244790828,157.79437413180466,井浆快替,0.8375287867764272,0.8375287867764272,2261.5,1825.5481927710844,1907.2891566265062,0.19277108433726414,0.20008621595784742,0.3756447853359149,0.0723761450367214,0.0,0.8469655091479799,0.024738807747038932,0.0
9470.279417590258,157.83799029317098,井浆快替,0.8385053528139766,0.8385053528139766,2261.5,1834.6305220883535,1907.2891566265062,0.18875502008023778,0.19969580878765006,0.3681841535239664,0.07099097986461333,0.0,0.8478182098600064,0.024560570033714292,0.0
9472.901725657613,157.88169542762688,井浆快替,0.8394827637701893,0.8394827637701893,2261.5,1834.6305220883535,1907.2891566265062,0.18875502008023778,0.19930309583166883,0.3685574810087994,0.07106034219526958,0.0,0.8486713945753234,0.02438239438673909,0.0
9475.530370903447,157.9255061817241,井浆快替,0.8404613802048962,0.8404613802048962,2261.5,1834.6305220883535,1916.371485943775,0.18875502008023778,0.19890792196214718,0.3689404748503297,0.07113149510374073,0.0,0.8495253280368784,0.02420417686537972,0.0
9478.167952942062,157.9694658823677,井浆快替,0.8414421558379673,0.8414421558379673,2261.5,1834.6305220883535,1916.371485943775,0.18875502008023778,0.19850987191890201,0.3693344201975497,0.0712046769058764,0.0,0.8503808002944241,0.02402584194635058,0.0
9480.810739727387,158.01351232878977,井浆快替,0.8424236880087975,0.8424236880087975,2261.5,1843.7128514056226,1916.371485943775,0.18473895582321145,0.19810953108141216,0.3618744113269974,0.06981787834033348,0.0,0.8512365546308651,0.023847204997706515,0.0
9483.456557375823,158.05760928959705,井浆快替,0.8434051576826183,0.8434051576826183,2261.5,1843.7128514056226,1916.371485943775,0.18473895582321145,0.1977072412248358,0.36228427369777777,0.06989412454517396,0.0,0.8520918550616209,0.023668512810304753,0.0
9486.107960026315,158.1017993337719,井浆快替,0.8443875027319897,0.8443875027319897,2261.5,1843.7128514056226,1925.4538152610442,0.18473895582321145,0.1973025834827969,0.36270572941377893,0.06997252092860651,0.0,0.8529475068340844,0.02348990535312035,0.0
9488.765708714187,158.14609514523644,井浆快替,0.8453709923186338,0.8453709923186338,2261.5,1843.7128514056226,1925.4538152610442,0.18473895582321145,0.19689541829406104,0.3631405917161381,0.07005340418940864,0.0,0.8538037407814214,0.023311201384804334,0.0
9491.424280954176,158.1904046825696,井浆快替,0.8463535700315252,0.8463535700315252,2261.5,1852.7951807228917,1925.4538152610442,0.1807228915661851,0.19648661953075183,0.35568547488849445,0.06866579786670801,0.0,0.8546587731969217,0.02313234204428124,0.0
9494.08404163497,158.2347340272495,井浆快替,0.8473353638305418,0.8473353638305418,2261.5,1852.7951807228917,1925.4538152610442,0.1807228915661851,0.19607611422672475,0.35613644042091386,0.06874979400357994,0.0,0.8555127325987932,0.022953694533505608,0.0
9496.74649378581,158.2791082297635,井浆快替,0.8483169208852366,0.8483169208852366,2261.5,1852.7951807228917,1934.5361445783133,0.1807228915661851,0.19566363920517948,0.3565997485589508,0.06883608116556106,0.0,0.8563661194604154,0.022775225934342017,0.0
9499.407608550206,158.32346014250342,井浆快替,0.8492967468057203,0.8492967468057203,2261.5,1861.8775100401606,1934.5361445783133,0.17670682730915885,0.1952498316785401,0.34914127553526464,0.06744603246539249,0.0,0.8572176663948263,0.022596827797602317,0.0
9502.069624185422,158.36782706975703,井浆快替,0.850275660806049,0.850275660806049,2261.5,1861.8775100401606,1934.5361445783133,0.17670682730915885,0.19483430626205991,0.34961839965369157,0.06753501701758646,0.0,0.8580681240810096,0.022418765188920015,0.0
9504.732806846103,158.41221344743505,井浆快替,0.8512537531748418,0.8512537531748418,2261.5,1861.8775100401606,1934.5361445783133,0.17670682730915885,0.19441699559202974,0.35010773671038586,0.06762627048619185,0.0,0.858917614019595,0.02224088065761215,0.0
9507.398459150392,158.45664098583987,井浆快替,0.8522314932891789,0.8522314932891789,2261.5,1861.8775100401606,1943.6184738955824,0.17670682730915885,0.19399765950978717,0.3506091376100379,0.0677197644036781,0.0,0.8597665909672847,0.022063150054667722,0.0
9510.06292975646,158.5010488292743,井浆快替,0.853207532499643,0.853207532499643,2261.5,1870.9598393574297,1943.6184738955824,0.1726907630521325,0.1935768782787138,0.3431428571848809,0.06632659134572261,0.0,0.8606139346289279,0.02188548167187126,0.0
9512.7284607077,158.54547434512833,井浆快替,0.854182685801606,0.854182685801606,2261.5,1870.9598393574297,1943.6184738955824,0.1726907630521325,0.19315425855522741,0.34365511369884083,0.06642224250294493,0.0,0.8614604060741462,0.021708114126494572,0.0
9515.39514749464,158.58991912491067,井浆快替,0.8551569793628724,0.8551569793628724,2261.5,1870.9598393574297,1943.6184738955824,0.1726907630521325,0.19272975978209345,0.3441783654479978,0.0665199366299104,0.0,0.8623060827262703,0.021530892017420745,0.0
9518.063944822643,158.6343990803774,井浆快替,0.8561307530379259,0.8561307530379259,2261.5,1880.0421686746988,1952.7008032128515,0.16867469879510613,0.19230319712917143,0.33669571628223943,0.06512191003308843,0.0,0.8631513151582545,0.02135380455480896,0.0
9520.731783617064,158.6788630602844,井浆快替,0.8571028767152256,0.8571028767152256,2261.5,1880.0421686746988,1952.7008032128515,0.16867469879510613,0.19187506354819675,0.33722774754711565,0.06522138161533741,0.0,0.8639951785595565,0.021176783018129985,0.0
9523.400731154627,158.72334551924376,井浆快替,0.8580740966478501,0.8580740966478501,2261.5,1880.0421686746988,1952.7008032128515,0.16867469879510613,0.19144499095945416,0.3377686137892167,0.0653224941861057,0.0,0.8648383763886057,0.021000028042446692,0.0
9526.071016497972,158.7678502749662,井浆快替,0.8590444868773165,0.8590444868773165,2261.5,1889.124497991968,1952.7008032128515,0.16465863453807977,0.19101291838804899,0.3302638557908165,0.0639185351148388,0.0,0.8656810277971599,0.020823397413458542,0.0
9528.742923993508,158.81238206655846,井浆快替,0.860014140696318,0.860014140696318,2261.5,1889.124497991968,1961.7831325301206,0.16465863453807977,0.1905787757997067,0.33081035043867235,0.0640208422258115,0.0,0.8665232676699154,0.02064687162971249,0.0
9531.414161419652,158.85690269032753,井浆快替,0.8609822158102972,0.8609822158102972,2261.5,1889.124497991968,1961.7831325301206,0.16465863453807977,0.19014293557797096,0.33136585456602746,0.06412482450649826,0.0,0.8673644168932464,0.020470428513162817,0.0
9534.086490387062,158.90144150645105,井浆快替,0.8619493431011416,0.8619493431011416,2261.5,1889.124497991968,1961.7831325301206,0.16465863453807977,0.18970507875888543,0.331929108753126,0.0642302456907341,0.0,0.8682050739643992,0.0202942159261396,0.0
9536.760485350283,158.9460080891714,井浆快替,0.862915720409239,0.862915720409239,2261.5,1898.206827309237,1961.7831325301206,0.16064257028105342,0.18926508661502933,0.32439098050554827,0.06281839120049626,0.0,0.8690454595929062,0.020118112973788557,0.0
9539.435489380674,158.9905914896779,井浆快替,0.8638810991399161,0.8638810991399161,2261.5,1898.206827309237,1970.8654618473895,0.16064257028105342,0.18882305440976613,0.3249568765198557,0.06292445466571428,0.0,0.8698854045418734,0.019942078392626725,0.0
9542.110177895178,159.03516963158629,井浆快替,0.8648449911353592,0.8648449911353592,2261.5,1898.206827309237,1970.8654618473895,0.16064257028105342,0.18837919572426515,0.32553047313551975,0.06303194917203292,0.0,0.8707245286975144,0.019766151361415314,0.0
9544.785945735195,159.07976576225326,井浆快替,0.8658078903887175,0.8658078903887175,2261.5,1907.2891566265062,1970.8654618473895,0.15662650602402706,0.1879332533124952,0.3179582671440022,0.06161189112857479,0.0,0.8715633043266556,0.019590416196520192,0.0
9547.463785340058,159.1243964223343,井浆快替,0.8667701432511804,0.8667701432511804,2261.5,1907.2891566265062,1970.8654618473895,0.15662650602402706,0.18748503607818529,0.3185316088788545,0.0617194883727189,0.0,0.8724020737576202,0.019414776596714565,0.0
9550.141898631033,159.16903164385056,井浆快替,0.8677310917441525,0.8677310917441525,2261.5,1907.2891566265062,1979.9477911646586,0.15662650602402706,0.18703484269713858,0.31911249367950034,0.06182848861852697,0.0,0.8732403021367696,0.019239163303172734,0.0
9552.820119152118,159.21366865253532,井浆快替,0.8686906664928343,0.8686906664928343,2261.5,1907.2891566265062,1979.9477911646586,0.15662650602402706,0.18658268949821744,0.3196999835191775,0.06193871538885165,0.0,0.8740779647793293,0.0190636916736376,0.0
9555.499413788513,159.2583235631419,井浆快替,0.8696492036437405,0.8696492036437405,2261.5,1916.371485943775,1979.9477911646586,0.1526104417670008,0.18612839213158738,0.31208128456040946,0.06050826454171443,0.0,0.8749153889441557,0.01888836810657546,0.0
9558.181265792275,159.30302109653792,井浆快替,0.8706072217200204,0.8706072217200204,2261.5,1916.371485943775,1979.9477911646586,0.1526104417670008,0.18567167205380497,0.31266663855258064,0.060618245151422445,0.0,0.8757530603196548,0.018713125911872016,0.0
9560.86253367762,159.347708894627,井浆快替,0.8715635857298517,0.8715635857298517,2261.5,1916.371485943775,1989.0301204819277,0.1526104417670008,0.18521307358374023,0.3132591361962922,0.06072955485147735,0.0,0.8765900172921771,0.018537863256959,0.0
9563.544403017657,159.39240671696095,井浆快替,0.8725187091352667,0.8725187091352667,2261.5,1916.371485943775,1989.0301204819277,0.1526104417670008,0.18475237316588286,0.31385731061148125,0.06084191763993507,0.0,0.8774266493018571,0.01836278285191674,0.0
9566.227350735555,159.43712251225924,井浆快替,0.8734727502913432,0.8734727502913432,2261.5,1925.4538152610442,1989.0301204819277,0.14859437750997445,0.1842894716577361,0.30618638054058855,0.05939996861869423,0.0,0.8782631216235317,0.018187802502056736,0.0
9568.912863656935,159.48188106094892,井浆快替,0.8744262250001263,0.8744262250001263,2261.5,1925.4538152610442,1998.1124497991968,0.14859437750997445,0.18382408533189107,0.3067809948049494,0.059511820806815274,0.0,0.8790999120779867,0.018012887032232017,0.0
9571.59737155969,159.52662285932817,井浆快替,0.8753778520137199,0.8753778520137199,2261.5,1925.4538152610442,1998.1124497991968,0.14859437750997445,0.18335684673510594,0.30738231758916473,0.05962492139976938,0.0,0.8799359201600824,0.017837935078596785,0.0
9574.28291776274,159.57138196271234,井浆快替,0.876328345851297,0.876328345851297,2261.5,1925.4538152610442,1998.1124497991968,0.14859437750997445,0.18288737324574889,0.3079887601798898,0.05973897118294891,0.0,0.8807717944249153,0.01766317668841701,0.0
9576.969692053512,159.6161615342252,井浆快替,0.8772777606441516,0.8772777606441516,2261.5,1934.5361445783133,1998.1124497991968,0.14457831325294812,0.18241561538805826,0.3002606622709978,0.0582845616324269,0.0,0.8816076031421786,0.01748847386239528,0.0
9579.65798479001,159.66096641316685,井浆快替,0.8782261853675328,0.8782261853675328,2261.5,1934.5361445783133,2007.194779116466,0.14457831325294812,0.18194150486519375,0.30086245866343325,0.05839789900239012,0.0,0.8824434442358848,0.017313810267639132,0.0
9582.345866229312,159.7057644371552,井浆快替,0.8791729257335252,0.8791729257335252,2261.5,1934.5361445783133,2007.194779116466,0.14457831325294812,0.18146538361913403,0.30147021847154787,0.0585123456290878,0.0,0.8832787238014882,0.01713916294945794,0.0
9585.034774099031,159.7505795683172,井浆快替,0.8801184765569136,0.8801184765569136,2261.5,1934.5361445783133,2007.194779116466,0.14457831325294812,0.18098697334891667,0.3020831166719305,0.05862774577389851,0.0,0.8841138943686742,0.016964654051199672,0.0
9587.72560407481,159.7954267345802,井浆快替,0.8810631383994137,0.8810631383994137,2261.5,1943.6184738955824,2007.194779116466,0.14056224899592176,0.18050609214327684,0.29429338284758566,0.057159994873883235,0.0,0.8849492375576868,0.01679018517274029,0.0
9590.41678899636,159.840279816606,井浆快替,0.8820063459515773,0.8820063459515773,2261.5,1943.6184738955824,2016.277108433735,0.14056224899592176,0.18002301615807167,0.294900764617351,0.057274520683837205,0.0,0.885784268736856,0.01661569349114941,0.0
9593.10823426374,159.885137237729,井浆快替,0.8829480529382298,0.8829480529382298,2261.5,1943.6184738955824,2016.277108433735,0.14056224899592176,0.1795377493691308,0.29551340063525283,0.05739002312432184,0.0,0.886618960178164,0.01644127687518749,0.0
9595.800710459233,159.93001184098722,井浆快替,0.8838885151130271,0.8838885151130271,2261.5,1943.6184738955824,2016.277108433735,0.14056224899592176,0.17905013253851346,0.2961312842230899,0.05750650057411166,0.0,0.8874535511135715,0.016266936940792613,0.0
9598.495891350833,159.97493152251388,井浆快替,0.8848283009403244,0.8848283009403244,2261.5,1952.7008032128515,2016.277108433735,0.1365461847388954,0.17855983201475273,0.288276002261796,0.05602462638801908,0.0,0.8882885588988658,0.016092618968048426,0.0
9601.19014088904,160.019835681484,井浆快替,0.8857661254638528,0.8857661254638528,2261.5,1952.7008032128515,2025.359437751004,0.1365461847388954,0.17806752024244374,0.28888766535215166,0.05614009830373279,0.0,0.8891228540093158,0.015918209539565565,0.0
9603.885385977877,160.06475643296463,井浆快替,0.8867026466274521,0.8867026466274521,2261.5,1952.7008032128515,2025.359437751004,0.1365461847388954,0.17757281597180408,0.2895039082013088,0.056256420518317585,0.0,0.8899570312376527,0.015743941026446516,0.0
9606.581708538055,160.10969514230092,井浆快替,0.8876378767084463,0.8876378767084463,2261.5,1952.7008032128515,2025.359437751004,0.1365461847388954,0.17707568569199486,0.2901255833759347,0.05637375361477437,0.0,0.8907911118292999,0.015569683379433989,0.0
9609.279611053498,160.15466018422498,井浆快替,0.8885719728523379,0.8885719728523379,2261.5,1961.7831325301206,2034.441767068273,0.13253012048186905,0.17657601436394554,0.28220115393011075,0.05487702793582616,0.0,0.89162524595959,0.01539542683105505,0.0
9611.977167318968,160.19961945531614,井浆快替,0.8895042505824169,0.8895042505824169,2261.5,1961.7831325301206,2034.441767068273,0.13253012048186905,0.1760741561257876,0.28281533194796304,0.054993115556555505,0.0,0.8924588316213733,0.015221134281653595,0.0
9614.675712090762,160.2445952015127,井浆快替,0.8904351555232771,0.8904351555232771,2261.5,1961.7831325301206,2034.441767068273,0.13253012048186905,0.17556983580444915,0.2834342748624876,0.05511008937945494,0.0,0.8932922750010781,0.015046926532510253,0.0
9617.37623835127,160.28960397252115,井浆快替,0.8913650115091443,0.8913650115091443,2261.5,1961.7831325301206,2034.441767068273,0.13253012048186905,0.17506283978033305,0.28405854304632566,0.055228054956771966,0.0,0.8941258747760625,0.01487271229731714,0.0
9620.076911119291,160.33461518532152,井浆快替,0.8922931669125977,0.8922931669125977,2261.5,1970.8654618473895,2043.5240963855422,0.1285140562248428,0.17455350599305555,0.27606161186489303,0.05371579068647936,0.0,0.8949590552730248,0.014698422667339344,0.0
9622.778096444883,160.37963494074805,井浆快替,0.893219729760895,0.893219729760895,2261.5,1970.8654618473895,2043.5240963855422,0.1285140562248428,0.17404174437848557,0.27667737910921847,0.053832321674718964,0.0,0.8957919203504087,0.01452417246794883,0.0
9625.480290419038,160.42467150698397,井浆快替,0.8941448511210603,0.8941448511210603,2261.5,1970.8654618473895,2043.5240963855422,0.1285140562248428,0.1735274371604676,0.27729821116721753,0.053949796626735824,0.0,0.8966246128724488,0.014349933469979544,0.0
9628.184731252733,160.4697455208789,井浆快替,0.8950689339951937,0.8950689339951937,2261.5,1970.8654618473895,2052.606425702811,0.1285140562248428,0.17301031586069898,0.2779243058983642,0.054068252619660195,0.0,0.8974575032738334,0.014175669050395058,0.0
9630.888489307641,160.51480815512735,井浆快替,0.8959909552240521,0.8959909552240521,2261.5,1979.9477911646586,2052.606425702811,0.12449799196781644,0.1724909401881775,0.2698513009842082,0.05253971663486334,0.0,0.8982896767235489,0.01400129449943663,0.0
9633.593203603043,160.55988672671737,井浆快替,0.8969114549388635,0.8969114549388635,2261.5,1979.9477911646586,2052.606425702811,0.12449799196781644,0.17196896270428774,0.2704679599122394,0.05265656139791697,0.0,0.8991216260977968,0.013826995697035488,0.0
9636.299493155651,160.60499155259419,井浆快替,0.8978306211919473,0.8978306211919473,2261.5,1979.9477911646586,2052.606425702811,0.12449799196781644,0.1714442349750987,0.2710898325743219,0.05277437946819541,0.0,0.8999535281674668,0.013652661863902467,0.0
9639.006465685596,160.6501077614266,井浆快替,0.8987481269902898,0.8987481269902898,2261.5,1979.9477911646586,2061.6887550200804,0.12449799196781644,0.17091691198992517,0.2717171775932922,0.05289321946764769,0.0,0.9007850938385833,0.013478248599022734,0.0
9641.713719383924,160.69522865639874,井浆快替,0.8996638134955488,0.8996638134955488,2261.5,1989.0301204819277,2061.6887550200804,0.1204819277107901,0.17038705091950657,0.2635642244489581,0.05134761624616835,0.0,0.9016161849245605,0.013303809605069767,0.0
9644.42194956848,160.74036582614133,井浆快替,0.9005778928692169,0.9005778928692169,2261.5,1989.0301204819277,2061.6887550200804,0.1204819277107901,0.1698544850065412,0.26418126234380407,0.05146467991671011,0.0,0.9024469995399311,0.013129366811892874,0.0
9647.132634649543,160.7855439108257,井浆快替,0.9014908380336598,0.9014908380336598,2261.5,1989.0301204819277,2061.6887550200804,0.1204819277107901,0.16931888370986642,0.2648034997958029,0.05158271541208714,0.0,0.9032779742005882,0.012954870957965782,0.0
9649.84254803014,160.83070913383565,井浆快替,0.9024015348982193,0.9024015348982193,2261.5,1989.0301204819277,2070.7710843373493,0.1204819277107901,0.1687808799793025,0.26543154003161484,0.05170183677364182,0.0,0.9041081013783642,0.012780222126242037,0.0
9652.553390520876,160.8758898420146,井浆快替,0.90331053143357,0.90331053143357,2261.5,1998.1124497991968,2070.7710843373493,0.11646586345376374,0.16824009792950664,0.2571954297016761,0.050138491879427094,0.0,0.9049378849182141,0.012605625801656025,0.0
9655.265696249087,160.92109493748478,井浆快替,0.904217978917157,0.904217978917157,2261.5,1998.1124497991968,2070.7710843373493,0.11646586345376374,0.16769639646672274,0.25781223126348735,0.0502556598646815,0.0,0.9057674688503595,0.01243096769648315,0.0
9657.97876727832,160.96631278797202,井浆快替,0.9051236148323863,0.9051236148323863,2261.5,1998.1124497991968,2079.8534136546186,0.11646586345376374,0.16714988825602176,0.2584344630507364,0.050373844734329154,0.0,0.9065966191917767,0.012256209455971785,0.0
9660.692143417635,161.01153572362725,井浆快替,0.9060272569566046,0.9060272569566046,2261.5,1998.1124497991968,2079.8534136546186,0.11646586345376374,0.1666006383155114,0.2590619326101004,0.05049300955798375,0.0,0.9074251742420117,0.012081392809231352,0.0
9663.406477738543,161.05677462897572,井浆快替,0.906929093864015,0.906929093864015,2261.5,2007.194779116466,2079.8534136546186,0.1124497991967374,0.1660484770711633,0.25073956097803346,0.048911263526995596,0.0,0.9082533118021074,0.011906544228941971,0.0
9666.1230862505,161.10205143750832,井浆快替,0.9078295306926902,0.9078295306926902,2261.5,2007.194779116466,2079.8534136546186,0.1124497991967374,0.1654930908410368,0.2513555965040817,0.04902843719855121,0.0,0.9090814098862218,0.011731618044144647,0.0
9668.839070404876,161.14731784008126,井浆快替,0.9087275727883983,0.9087275727883983,2261.5,2007.194779116466,2088.9357429718875,0.1124497991967374,0.16493505721446952,0.2519774110006639,0.04914669542564831,0.0,0.9099085596097686,0.011556525824332406,0.0
9671.555963167926,161.19259938613212,井浆快替,0.9096236969561301,0.9096236969561301,2261.5,2016.277108433735,2088.9357429718875,0.10843373493971104,0.164374015420317,0.24358248134069135,0.04754888512872357,0.0,0.9107352039057358,0.011381453043504679,0.0
9674.27448898991,161.23790814983184,井浆快替,0.9105181072663224,0.9105181072663224,2261.5,2016.277108433735,2088.9357429718875,0.10843373493971104,0.16380977046368608,0.24419200848596467,0.047664987013666726,0.0,0.9115615363503775,0.011206297564877983,0.0
9676.993468389304,161.28322447315506,井浆快替,0.9114103790243597,0.9114103790243597,2261.5,2016.277108433735,2098.018072289157,0.10843373493971104,0.1632425345504867,0.2448071173234133,0.047782137744013964,0.0,0.9123871699915289,0.011031010171165812,0.0
9679.713025663923,161.32855042773204,井浆快替,0.9123005174995847,0.9123005174995847,2261.5,2016.277108433735,2098.018072289157,0.10843373493971104,0.16267224041856818,0.24542748239672668,0.04790027495582816,0.0,0.9132121139733914,0.010855665720195449,0.0
9682.433540805887,161.3738923467648,井浆快替,0.9131886093887454,0.9131886093887454,2261.5,2025.359437751004,2098.018072289157,0.10441767068268477,0.16209876318822758,0.23694015851350794,0.046282746748528614,0.0,0.9140364530972988,0.010680254739891712,0.0
9685.155805247989,161.4192634207998,井浆快替,0.9140748730670416,0.9140748730670416,2261.5,2025.359437751004,2107.1004016064257,0.10441767068268477,0.16152188373338486,0.23754813236934186,0.04639870672948898,0.0,0.9148603950600582,0.01050475160962626,0.0
9687.877827950113,161.46463046583523,井浆快替,0.9149586184029141,0.9149586184029141,2261.5,2025.359437751004,2107.1004016064257,0.10441767068268477,0.16094199141388896,0.2381618649321188,0.046515750779084875,0.0,0.915683303006403,0.010329104556270449,0.0
9690.60075263172,161.51001254386202,井浆快替,0.9158401770500241,0.9158401770500241,2261.5,2025.359437751004,2107.1004016064257,0.10441767068268477,0.16035878757232674,0.238780789018487,0.046633770347981884,0.0,0.9165054889251861,0.010153443361623334,0.0
9693.32575973067,161.5554293288445,井浆快替,0.9167198862917041,0.9167198862917041,2261.5,2034.441767068273,2107.1004016064257,0.10040160642565843,0.15977195853582962,0.2301974786456373,0.044995757143048154,0.0,0.9173272720552009,0.009977694556932197,0.0
9696.050551383158,161.60084252305262,井浆快替,0.9175969570691664,0.9175969570691664,2261.5,2034.441767068273,2116.1827309236946,0.10040160642565843,0.15918196190802614,0.2308039860084618,0.04511159353830774,0.0,0.9181479198947718,0.009801783199560347,0.0
9698.770781924304,161.6461796987384,井浆快替,0.918469950249169,0.918469950249169,2261.5,2034.441767068273,2116.1827309236946,0.10040160642565843,0.15858972528830212,0.2314159038233712,0.04522844903299894,0.0,0.9189660860818439,0.009625861571781323,0.0
9701.485775713743,161.69142959522907,井浆快替,0.9193386170678364,0.9193386170678364,2261.5,2034.441767068273,2116.1827309236946,0.10040160642565843,0.15799536486592153,0.23203209006971118,0.04534610520265914,0.0,0.9197815329111699,0.009450215934624605,0.0
9704.19560005554,161.736593334259,井浆快替,0.920202947279603,0.920202947279603,2261.5,2043.5240963855422,2125.265060240964,0.09638554216863207,0.15739882797586713,0.22334648741980132,0.04368631511263921,0.0,0.9205942451646199,0.009274894793627461,0.0
9706.900343548868,161.78167239248114,井浆快替,0.9210629350916677,0.9210629350916677,2261.5,2043.5240963855422,2125.265060240964,0.09638554216863207,0.15680005538097938,0.22394652768654086,0.04380107357024521,0.0,0.9214042116530069,0.009099899802316512,0.0
9709.60011582871,161.8266685971452,井浆快替,0.9219185798936443,0.9219185798936443,2261.5,2043.5240963855422,2125.265060240964,0.09638554216863207,0.15619898005867686,0.22455110248979487,0.04391668533607185,0.0,0.9222114258895253,0.008925232674267602,0.0
9712.295047434503,161.87158412390838,井浆快替,0.922769885374757,0.922769885374757,2261.5,2052.606425702811,2125.265060240964,0.09236947791160582,0.15559552778646998,0.2157786857571847,0.04223778070817008,0.0,0.9230158853911509,0.008750895283841155,0.0
9714.98529017851,161.91642150297517,井浆快替,0.9236168601805687,0.9236168601805687,2261.5,2052.606425702811,2134.347389558233,0.09236947791160582,0.1549896154130811,0.21636720509849042,0.04235050639200044,0.0,0.9238175922179404,0.008576889886474629,0.0
9717.669609307393,161.96116015512322,井浆快替,0.9244590749454787,0.9244590749454787,2261.5,2052.606425702811,2134.347389558233,0.09236947791160582,0.154381481345553,0.2169605407055227,0.0424641411582346,0.0,0.9246161331929834,0.008403219181499885,0.0
9720.347498455549,162.00579164092582,井浆快替,0.9252963323379446,0.9252963323379446,2261.5,2052.606425702811,2134.347389558233,0.09236947791160582,0.1537711964058286,0.21755845859927925,0.042578639876797886,0.0,0.9254113126745535,0.00822997797527881,0.0
9723.019136709474,162.0503189451579,井浆快替,0.9261286488246843,0.9261286488246843,2261.5,2061.6887550200804,2143.429718875502,0.08835341365457937,0.1531586699051132,0.20867569415329826,0.04087621842017086,0.0,0.9262031370726607,0.008057215703853112,0.0
9725.684724960382,162.09474541600636,井浆快替,0.9269560452275445,0.9269560452275445,2261.5,2061.6887550200804,2143.429718875502,0.08835341365457937,0.15254380164034037,0.20925655972647525,0.04098763634518887,0.0,0.9269916169127508,0.007884939619931012,0.0
9728.34448321473,162.1390747202455,井浆快替,0.927778545284042,0.927778545284042,2261.5,2061.6887550200804,2143.429718875502,0.08835341365457937,0.15192648261233468,0.20984217709940112,0.04109995262782529,0.0,0.927776765525878,0.00771315809402449,0.0
9730.998548416961,162.1833091402827,井浆快替,0.9285961441681,0.9285961441681,2261.5,2061.6887550200804,2152.512048192771,0.08835341365457937,0.15130661907955967,0.21043273560410958,0.04121320325520961,0.0,0.92855856896363,0.007541881069362656,0.0
9733.64708416704,162.227451402784,井浆快替,0.9294088421622558,0.9294088421622558,2261.5,2070.7710843373493,2152.512048192771,0.08433734939755312,0.15068410687606185,0.2014362044054472,0.03948649922043246,0.0,0.9293370180782731,0.007371126989097938,0.0
9736.290362947988,162.27150604913314,井浆快替,0.9302166698483402,0.9302166698483402,2261.5,2070.7710843373493,2152.512048192771,0.08433734939755312,0.15005881017001724,0.20200984971603264,0.03959669171226621,0.0,0.9301121327079723,0.007200915748517997,0.0
9738.928678846158,162.3154779807693,井浆快替,0.9310196606071204,0.9310196606071204,2261.5,2070.7710843373493,2152.512048192771,0.08433734939755312,0.14943058138163492,0.20258875797698123,0.039707882357025714,0.0,0.9308839354374695,0.007031263734851049,0.0
9741.562346684397,162.35937244473996,井浆快替,0.9318178496281722,0.9318178496281722,2261.5,2079.8534136546186,2161.59437751004,0.08032128514052667,0.1487992621371753,0.1934982406803379,0.037960383850796364,0.0,0.9316524507606356,0.0068621898714841326,0.0
9744.191700625828,162.40319501043047,井浆快替,0.9326112735468736,0.9326112735468736,2261.5,2079.8534136546186,2161.59437751004,0.08032128514052667,0.14816468179281198,0.1940602587028556,0.03806851449407578,0.0,0.932417704695314,0.006693715878206898,0.0
9746.81709302123,162.44695155035384,井浆快替,0.9333999694177219,0.9333999694177219,2261.5,2079.8534136546186,2161.59437751004,0.08032128514052667,0.14752665725030614,0.19462796785311484,0.038177727755070556,0.0,0.9331797237933998,0.006525866719279975,0.0
9749.438892262342,162.49064820437238,井浆快替,0.9341839739630163,0.9341839739630163,2261.5,2079.8534136546186,2170.6767068273093,0.08032128514052667,0.14688499278467876,0.1952016208445761,0.0382880718697719,0.0,0.9339385344051876,0.006358671127139268,0.0
9752.057480948708,162.53429134914512,井浆快替,0.9349633219275825,0.9349633219275825,2261.5,2088.9357429718875,2170.6767068273093,0.0763052208835004,0.1462394805839408,0.18599240887659196,0.03651511782036043,0.0,0.9346941611039432,0.0061921620322053636,0.0
9754.673254297923,162.57788757163203,井浆快替,0.9357380459618122,0.9357380459618122,2261.5,2088.9357429718875,2170.6767068273093,0.0763052208835004,0.14558989928904745,0.1865494403008717,0.0366224501127419,0.0,0.9354466265043276,0.006026377058655841,0.0
9757.286617383139,162.62144362305233,井浆快替,0.9365081746849949,0.9365081746849949,2261.5,2088.9357429718875,2179.759036144578,0.0763052208835004,0.14493601447793253,0.18711579761242242,0.03673156711653647,0.0,0.9361959493322556,0.005861359114712258,0.0
9759.897983503806,162.6649663917301,井浆快替,0.9372737322387953,0.9372737322387953,2261.5,2088.9357429718875,2179.759036144578,0.0763052208835004,0.1442775777021002,0.18769599765967995,0.03684333830950204,0.0,0.9369421439013311,0.005697156957081399,0.0
9762.507771665774,162.70846286109625,井浆快替,0.9380347366161262,0.9380347366161262,2261.5,2098.018072289157,2179.759036144578,0.07228915662647395,0.1436143271998432,0.17837597807157332,0.03504633622967801,0.0,0.9376852184417772,0.005533825665431702,0.0
9765.116156918533,162.75193594864223,井浆快替,0.9387911269170597,0.9387911269170597,2261.5,2098.018072289157,2179.759036144578,0.07228915662647395,0.14294605211290162,0.17895083489893807,0.03515727189268536,0.0,0.9384251038016233,0.0053714272742844205,0.0
9767.723512023933,162.79539186706555,井浆快替,0.9395428923801226,0.9395428923801226,2261.5,2098.018072289157,2188.8413654618475,0.07228915662647395,0.14227247775823193,0.17953780446641776,0.03527053190829765,0.0,0.939161779150079,0.005210046817933727,0.0
9770.330257392767,162.83883762321278,井浆快替,0.9402900268823703,0.9402900268823703,2261.5,2107.1004016064257,2188.8413654618475,0.0682730923694477,0.14159330280189786,0.17013348253462054,0.033454299100923124,0.0,0.9398952276268752,0.005049764730646383,0.0
9772.9368114318,162.88228019053,井浆快替,0.9410325146508961,0.9410325146508961,2261.5,2107.1004016064257,2188.8413654618475,0.0682730923694477,0.14090821088453367,0.17071720184447517,0.03356713079248563,0.0,0.9406254222154543,0.004890666912189636,0.0
9775.543588077899,162.92572646796498,井浆快替,0.9417703281354497,0.9417703281354497,2261.5,2107.1004016064257,2197.9236947791164,0.0682730923694477,0.14021687203969557,0.17131590089371254,0.033682844352576846,0.0,0.9413523234510094,0.004732848209179967,0.0
9778.150995633652,162.96918326056087,井浆快替,0.9425034279416616,0.9425034279416616,2261.5,2107.1004016064257,2197.9236947791164,0.0682730923694477,0.13951894202822857,0.17193055376691277,0.0338016269746475,0.0,0.9420758791168843,0.004576412779817165,0.0
9780.759434403295,163.01265724005492,井浆快替,0.9432317612131864,0.9432317612131864,2261.5,2116.1827309236946,2197.9236947791164,0.06425702811242145,0.13881406341103733,0.1624027110144096,0.031958714401008725,0.0,0.9427960223649492,0.004421474404543835,0.0
9783.369294909104,163.05615491515172,井浆快替,0.9439552613041544,0.9439552613041544,2261.5,2116.1827309236946,2207.0060240963858,0.06425702811242145,0.1381018651102038,0.16299566730550089,0.03207350882813276,0.0,0.9435126710020851,0.004268156814258728,0.0
9785.980956825188,163.09968261375312,井浆快替,0.944673846814006,0.944673846814006,2261.5,2116.1827309236946,2207.0060240963858,0.06425702811242145,0.13738196455229457,0.1635959928950519,0.03218971606006671,0.0,0.944225726245431,0.004116593769227838,0.0
9788.59478722389,163.1432464537315,井浆快替,0.9453874207798235,0.9453874207798235,2261.5,2116.1827309236946,2207.0060240963858,0.06425702811242145,0.1366539689980337,0.16420376107326237,0.03230734976914407,0.0,0.9449350715017177,0.003966928972938947,0.0
9791.210897942085,163.18684829903475,井浆快替,0.9460958054291169,0.9460958054291169,2261.5,2125.265060240964,2216.0883534136547,0.060240963855395,0.13591754639822837,0.15451777993964247,0.030430922301193264,0.0,0.9456405069707616,0.003819316051332173,0.0
9793.829547941064,163.23049246568442,井浆快替,0.9467988523576913,0.9467988523576913,2261.5,2125.265060240964,2216.0883534136547,0.060240963855395,0.13517231499234586,0.15510134540026319,0.030544077102827583,0.0,0.9463418585040304,0.0036739315888931414,0.0
9796.451062356422,163.27418437260704,井浆快替,0.9474964202443371,0.9474964202443371,2261.5,2125.265060240964,2216.0883534136547,0.060240963855395,0.13441786674447473,0.15569149840838864,0.03065849581606861,0.0,0.9470389552166741,0.0035309511357121126,0.0
9799.075750107919,163.31792916846533,井浆快替,0.9481883519145741,0.9481883519145741,2261.5,2134.347389558233,2216.0883534136547,0.056224899598368745,0.13365379563066893,0.1458687232401693,0.02875229928378442,0.0,0.9477316062693748,0.003390553482063293,0.0
9801.7039032993,163.361731721655,井浆快替,0.9488744750437262,0.9488744750437262,2261.5,2134.347389558233,2225.1706827309235,0.056224899598368745,0.13287970162358287,0.14643080610566567,0.028861477485094933,0.0,0.9484196009880583,0.0032529242480695253,0.0
9804.335796665575,163.4055966110929,井浆快替,0.9495546031929909,0.9495546031929909,2261.5,2134.347389558233,2225.1706827309235,0.056224899598368745,0.13209519649120333,0.14699775322478778,0.02897158807981015,0.0,0.9491027093870696,0.0031182545738838705,0.0
9806.971686894301,163.44952811490504,井浆快替,0.9502285364761242,0.9502285364761242,2261.5,2134.347389558233,2225.1706827309235,0.056224899598368745,0.13129991049722126,0.14756885556104019,0.02908249306480304,0.0,0.9497806822947942,0.0029867393315553942,0.0
9809.611812845147,163.49353021408578,井浆快替,0.9508960638750442,0.9508960638750442,2261.5,2143.429718875502,2234.253012048193,0.05220883534134229,0.13049349880259448,0.13756158667254578,0.02713730059564612,0.0,0.950453253104489,0.0028585752301785766,0.0
9812.256395296963,163.53760658828273,井浆快替,0.951556964339051,0.951556964339051,2261.5,2143.429718875502,2234.253012048193,0.05220883534134229,0.1296756512843802,0.13809705195867178,0.027241481857741223,0.0,0.9511201385362951,0.0027339584138963056,0.0
9814.90556004663,163.5817593341105,井浆快替,0.952210990278089,0.952210990278089,2261.5,2143.429718875502,2234.253012048193,0.05220883534134229,0.12884612476479718,0.13863352206684712,0.02734584743223123,0.0,0.9517810215072515,0.002613081853077387,0.0
9817.559258902154,163.62598764836923,井浆快替,0.9528578526498943,0.9528578526498943,2261.5,2152.512048192771,2243.3353413654618,0.048192771084316036,0.1280047794810441,0.1284643850543105,0.025365623729553533,0.0,0.9524355356555121,0.0024961359065798893,0.0
9820.217664508958,163.67029440848265,井浆快替,0.9534973210299366,0.9534973210299366,2261.5,2152.512048192771,2243.3353413654618,0.048192771084316036,0.12715146251430404,0.12895784734236723,0.02546180804500886,0.0,0.9530833663310164,0.002383307784056361,0.0
9822.880932459098,163.71468220765163,井浆快替,0.9541291672401707,0.9541291672401707,2261.5,2152.512048192771,2243.3353413654618,0.048192771084316036,0.12628609072278316,0.12944846035442029,0.025557427577256653,0.0,0.9537241938338453,0.002274760692094509,0.0
9825.549201615133,163.7591533602522,井浆快替,0.9547531689024144,0.9547531689024144,2261.5,2152.512048192771,2252.417670682731,0.048192771084316036,0.12540865930172182,0.12993483670524356,0.025652212131577645,0.0,0.9543576973262748,0.00217064168273098,0.0
9828.222594313242,163.8037099052207,井浆快替,0.9553691127179349,0.9553691127179349,2261.5,2161.59437751004,2252.417670682731,0.04417670682728978,0.12451924948238478,0.11954760469742814,0.023625952831995534,0.0,0.9549835586481964,0.0020710781900721,0.0
9830.90121712155,163.84835361869253,井浆快替,0.955976799908764,0.955976799908764,2261.5,2161.59437751004,2252.417670682731,0.04417670682728978,0.12361803281402843,0.11998182838822101,0.02371074209866253,0.0,0.955601468613133,0.0019761747645424374,0.0
9833.585161482823,163.8930860247137,井浆快替,0.9565760491366734,0.9565760491366734,2261.5,2161.59437751004,2261.5,0.04417670682728978,0.12270527537042203,0.12040838485843204,0.023794027045989763,0.0,0.9562111310753997,0.0018860097937428322,0.0
9836.274504340314,163.9379084056719,井浆快替,0.9571667010932824,0.9571667010932824,2261.5,2170.6767068273093,2261.5,0.04016064257026333,0.12178133824621838,0.10984194792122927,0.02172884187950963,0.0,0.956812268879556,0.0018006328938385185,0.0
9838.969308733725,163.98282181222876,井浆快替,0.9577486223811952,0.9577486223811952,2261.5,2170.6767068273093,2261.5,0.04016064257026333,0.1208466755499141,0.11021280934273918,0.021801399795047693,0.0,0.9574046296105108,0.001720062670994777,0.0
9841.669500139962,164.0278250023327,井浆快替,0.9583216812676866,0.9583216812676866,2261.5,2170.6767068273093,2261.5,0.04016064257026333,0.11990187507480926,0.11057396682542275,0.02187205399209069,0.0,0.9579879628170849,0.0016442851683183338,0.0
9844.37496813919,164.07291613565314,井浆快替,0.9588857753378032,0.9588857753378032,2261.5,2179.759036144578,2261.5,0.03614457831323708,0.11894761420810607,0.0998322889967211,0.019768448121255333,0.0,0.958562050197486,0.0015732565658638335,0.0
9847.085745814962,164.11809576358272,井浆快替,0.9594408696943013,0.9594408696943013,2261.5,2179.759036144578,2261.5,0.03614457831323708,0.11798458645764015,0.10013823221701375,0.01982842532579754,0.0,0.9591267466155714,0.0015068996564369381,0.0
9849.801855270864,164.1633642545144,井浆快替,0.959986963251358,0.959986963251358,2261.5,2179.759036144578,2261.5,0.03614457831323708,0.11701354401163315,0.1004341074170923,0.0198864253018588,0.0,0.9596819481635303,0.0014451008263434892,0.0
9852.523308378357,164.20872180630596,井浆快替,0.9605240907409374,0.9605240907409374,2261.5,2179.759036144578,2261.5,0.03614457831323708,0.11603528159267465,0.10071975670928558,0.01994241745220804,0.0,0.9602275959814413,0.0013877169898829792,0.0
9855.250107453909,164.25416845756516,井浆快替,0.9610523207277316,0.9610523207277316,2261.5,2188.8413654618475,2261.5,0.03212851405621062,0.11505062336800997,0.08977346274546025,0.017794467420853888,0.0,0.9607636759531122,0.001334578447349576,0.0
9857.982245893598,164.29970409822664,井浆快替,0.9615717539626261,0.9615717539626261,2261.5,2188.8413654618475,2261.5,0.03212851405621062,0.11406040715378105,0.0900091981346154,0.017840774449915275,0.0,0.9612902183960683,0.001285492754018769,0.0
9860.71970900352,164.34532848339202,井浆快替,0.9620825224600632,0.9620825224600632,2261.5,2188.8413654618475,2261.5,0.03212851405621062,0.11306546893907288,0.09023602577624375,0.017885329611440404,0.0,0.961807298048209,0.0012402490936538105,0.0
9863.462474694432,164.3910412449072,井浆快替,0.9625847853412879,0.9625847853412879,2261.5,2197.9236947791164,2261.5,0.028112449799184373,0.1120666305233119,0.07914738888756928,0.01570485005793376,0.0,0.962315030201075,0.001198622789660619,0.0
9866.210514114093,164.43684190190154,井浆快替,0.9630787253053774,0.9630787253053774,2261.5,2197.9236947791164,2261.5,0.028112449799184373,0.11106468781691169,0.07933087908125211,0.01574097109668482,0.0,0.9628135670533502,0.0011603801820229567,0.0
9868.963792261893,164.48272987103155,井浆快替,0.9635645459099942,0.9635645459099942,2261.5,2197.9236947791164,2261.5,0.028112449799184373,0.11006039975119289,0.0795072580496201,0.015775691002720138,0.0,0.9633030946329796,0.0011252832815428846,0.0
9871.72215975904,164.52870266265066,井浆快替,0.9640424476671356,0.9640424476671356,2261.5,2207.0060240963858,2261.5,0.024096385542157917,0.10905452185993526,0.06829441259689092,0.01356602324895273,0.0,0.9637838077310907,0.0010930939452432644,0.0
9874.485458625404,164.57475764375673,井浆快替,0.9645126439476668,0.9645126439476668,2261.5,2207.0060240963858,2261.5,0.024096385542157917,0.10804776213438504,0.06843415294024575,0.013593591788228832,0.0,0.9642559249721404,0.0010635789834367994,0.0
9877.253645589566,164.62089409315942,井浆快替,0.9649753780283707,0.9649753780283707,2261.5,2207.0060240963858,2261.5,0.024096385542157917,0.10704073174834067,0.06856855872214815,0.013620107176758878,0.0,0.9647197046902707,0.0010365118291850246,0.0
9880.0266732435,164.667111220725,井浆快替,0.9654308974564669,0.9654308974564669,2261.5,2216.0883534136547,2261.5,0.020080321285131666,0.1060339883884185,0.057248248076656655,0.011384351827041006,0.0,0.9651754175006526,0.0010116740351927447,0.0
9882.804490516362,164.71340817527272,井浆快替,0.9658794512356754,0.9658794512356754,2261.5,2216.0883534136547,2261.5,0.020080321285131666,0.10502803639475862,0.05735202991140979,0.011404871683248108,0.0,0.9656233421974048,0.0009888588442732956,0.0
9885.587043154988,164.75978405258314,井浆快替,0.9663212868543455,0.9663212868543455,2261.5,2216.0883534136547,2261.5,0.020080321285131666,0.10402332836741032,0.05745202912927367,0.0114246432334566,0.0,0.9660637613873476,0.0009678724163934926,0.0
9888.374274135409,164.8062379022568,井浆快替,0.9667566479411382,0.9667566479411382,2261.5,2225.1706827309235,2261.5,0.016064257028105412,0.10302026737280616,0.04603876681369558,0.009165491812523019,0.0,0.9664969577923155,0.0009485346374606405,0.0
9891.158478785588,164.85264131309313,井浆快替,0.9671845972292848,0.9671845972292848,2261.5,2225.1706827309235,2261.5,0.016064257028105412,0.10202196386738593,0.04611326830949719,0.009180255433121842,0.0,0.966922044008137,0.0009306794574324679,0.0
9893.937615334315,164.89896025557192,井浆快替,0.9676051202227437,0.9676051202227437,2261.5,2225.1706827309235,2261.5,0.016064257028105412,0.10102940943456164,0.046185082761585866,0.009194486366337906,0.0,0.9673390573357614,0.0009142000580066035,0.0
9896.71085018931,164.9451808364885,井浆快替,0.9680183879142402,0.9680183879142402,2261.5,2234.253012048193,2261.5,0.012048192771078959,0.10004310930807454,0.034690734218477716,0.006914133471079942,0.0,0.9677482207155763,0.0008989588094810445,0.0
9899.477788272474,164.9912964712079,井浆快替,0.9684246281002742,0.9684246281002742,2261.5,2234.253012048193,2261.5,0.012048192771078959,0.09906336918287849,0.03474082265280108,0.0069240818444906704,0.0,0.9681498130423606,0.0008848239827599517,0.0
9902.238828291964,165.03731380486607,井浆快替,0.9688241711952057,0.9688241711952057,2261.5,2234.253012048193,2261.5,0.012048192771078959,0.09809017836457898,0.03478918592740943,0.006933687478701933,0.0,0.9685442132793197,0.0008716752749802365,0.0
9904.994394830703,165.08323991384503,井浆快替,0.969217332382507,0.969217332382507,2261.5,2243.3353413654618,2261.5,0.008032128514052706,0.09712349142842451,0.023223961691839712,0.004634021972258484,0.0,0.968931783043447,0.0008594019158969143,0.0
9907.744934171504,165.12908223619172,井浆快替,0.9696044113869225,0.9696044113869225,2261.5,2243.3353413654618,2261.5,0.008032128514052706,0.09616323441141515,0.023254136852726846,0.0046400290198378435,0.0,0.9693128661686449,0.0008479058267478355,0.0
9910.490912475207,165.17484854125345,井浆快替,0.9699856930220057,0.9699856930220057,2261.5,2243.3353413654618,2261.5,0.008032128514052706,0.09520930884920363,0.023283386496002083,0.004645851787622668,0.0,0.9696877890772343,0.0008371002845060314,0.0
9913.232549753353,165.22054249588922,井浆快替,0.9703614112065281,0.9703614112065281,2261.5,2243.3353413654618,2261.5,0.008032128514052706,0.09426168808579305,0.023311776931200855,0.004651503479066177,0.0,0.970056825420054,0.0008269086837520268,0.0
9915.970251024952,165.26617085041588,井浆快替,0.9707318103974912,0.9707318103974912,2261.5,2252.417670682731,2261.5,0.0040160642570262525,0.09332026930045959,0.01166968310076759,0.002331215107770901,0.0,0.9704202565869924,0.0008172643197227725,0.0
9918.704520270034,165.31174200450056,井浆快替,0.9710971332364905,0.9710971332364905,2261.5,2252.417670682731,2261.5,0.0040160642570262525,0.09238490725705963,0.011683104698594429,0.0023338931660156215,0.0,0.9707783595171647,0.0008081076806600107,0.0
9921.435868768554,165.3572644794759,井浆快替,0.9714576085860405,0.9714576085860405,2261.5,2252.417670682731,2261.5,0.0040160642570262525,0.09145544835820822,0.011696179256434793,0.0023365019712485724,0.0,0.9711313950111248,0.0007993859530082114,0.0
9924.164811548697,165.40274685914494,井浆快替,0.9718134518902306,0.9718134518902306,2261.5,2261.5,2261.5,0.0,0.09053173384029235,0.0,0.0,0.0,0.9714796081931085,0.0007910525350313953,0.0
9926.891864873167,165.44819774788613,井浆快替,0.9721648656536646,0.9721648656536646,2261.5,2261.5,2261.5,0.0,0.08961360242433127,0.0,0.0,0.0,0.9718232291601238,0.0007830662815066526,0.0
9929.617541921301,165.49362569868836,井浆快替,0.9725120396351133,0.9725120396351133,2261.5,2261.5,2261.5,0.0,0.08870089318562067,0.0,0.0,0.0,0.9721624732900948,0.0007753908513371173,0.0
9932.342350688463,165.53903917814105,井浆快替,0.9728551514353813,0.9728551514353813,2261.5,2261.5,2261.5,0.0,0.08779344719674823,0.0,0.0,0.0,0.9724975419760593,0.0007679941244868502,0.0
9935.066665305094,165.58444442175156,井浆快替,0.973194351257869,0.973194351257869,2261.5,2261.5,2261.5,0.0,0.0868911511151589,0.0,0.0,0.0,0.9728286079036752,0.0007608476863065246,0.0
9937.79074296214,165.62984571603565,井浆快替,0.973529765598129,0.973529765598129,2261.5,2261.5,2261.5,0.0,0.08599393096383492,0.0,0.0,0.0,0.9731558187736816,0.0007539267012002384,0.0
9940.51506365186,165.67525106086433,井浆快替,0.9738615399209476,0.9738615399209476,2261.5,2261.5,2261.5,0.0,0.08510164050471145,0.0,0.0,0.0,0.9734793391266163,0.0007472094201343125,0.0
9943.240092766264,165.72066821277107,井浆快替,0.9741898091457248,0.9741898091457248,2261.5,2261.5,2261.5,0.0,0.08421414121822692,0.0,0.0,0.0,0.9737993216289513,0.0007406759898968225,0.0
9945.966278519994,165.7661046419999,井浆快替,0.9745146978403185,0.9745146978403185,2261.5,2261.5,2261.5,0.0,0.08333130387619786,0.0,0.0,0.0,0.9741159073588161,0.0007343087891797729,0.0
9948.694050481943,165.8115675080324,井浆快替,0.974836321021614,0.974836321021614,2261.5,2261.5,2261.5,0.0,0.08245300795439922,0.0,0.0,0.0,0.9744292266666482,0.000728092165309255,0.0
9951.42381793885,165.85706363231418,井浆快替,0.9751547842163597,0.9751547842163597,2261.5,2261.5,2261.5,0.0,0.08157914346672676,0.0,0.0,0.0,0.9747393993762172,0.0007220121908236483,0.0
9954.155968447367,165.90259947412278,井浆快替,0.975470183937565,0.975470183937565,2261.5,2261.5,2261.5,0.0,0.08070961112766961,0.0,0.0,0.0,0.9750465353122476,0.0007160564696176376,0.0
9956.890796982081,165.94817994970134,井浆快替,0.9757826000546888,0.9757826000546888,2261.5,2261.5,2261.5,0.0,0.07984434509836497,0.0,0.0,0.0,0.9753507269922956,0.000710213957214203,0.0
9959.628378072104,165.99380630120174,井浆快替,0.9760920824269071,0.9760920824269071,2261.5,2261.5,2261.5,0.0,0.07898335181871427,0.0,0.0,0.0,0.9756520366437431,0.0007044749523208169,0.0
9962.36903755351,166.03948395922515,井浆快替,0.9763987052281364,0.9763987052281364,2261.5,2261.5,2261.5,0.0,0.07812656044351383,0.0,0.0,0.0,0.9759505491112866,0.0006988312025758551,0.0
9965.113077444801,166.08521795741336,井浆快替,0.9767025351878951,0.9767025351878951,2261.5,2261.5,2261.5,0.0,0.0772739115354123,0.0,0.0,0.0,0.9762463410585717,0.0006932747963938733,0.0
9967.860775952819,166.13101293254698,井浆快替,0.9770036322041855,0.9770036322041855,2261.5,2261.5,2261.5,0.0,0.07642535619704152,0.0,0.0,0.0,0.9765394815855242,0.0006877986577711329,0.0
9970.612387525236,166.1768731254206,井浆快替,0.9773020496567993,0.9773020496567993,2261.5,2261.5,2261.5,0.0,0.07558085624844262,0.0,0.0,0.0,0.9768300326136883,0.0006823964458354764,0.0
9973.36814280829,166.22280238013815,井浆快替,0.977597835007334,0.977597835007334,2261.5,2261.5,2261.5,0.0,0.0747403832058824,0.0,0.0,0.0,0.9771180494770213,0.0006770624755485082,0.0
9976.128249471865,166.26880415786442,井浆快替,0.9778910300867398,0.9778910300867398,2261.5,2261.5,2261.5,0.0,0.07390391843660686,0.0,0.0,0.0,0.9774035812688544,0.000671791639080976,0.0
9978.892892564088,166.3148815427348,井浆快替,0.9781816714664575,0.9781816714664575,2261.5,2261.5,2261.5,0.0,0.07307145286781778,0.0,0.0,0.0,0.9776866712749049,0.0006665793465669505,0.0
9981.661947402981,166.36103245671634,井浆快替,0.9784697610657406,0.9784697610657406,2261.5,2261.5,2261.5,0.0,0.07224307222680401,0.0,0.0,0.0,0.9779673283512355,0.00066142147063956,0.0
9984.435546952009,166.40725911586682,井浆快替,0.9787553263535208,0.9787553263535208,2261.5,2261.5,2261.5,0.0,0.07141878523049056,0.0,0.0,0.0,0.9782455856092384,0.0006563148213197289,0.0
9987.213821447065,166.45356369078442,井浆快替,0.9790383927125987,0.9790383927125987,2261.5,2261.5,2261.5,0.0,0.07059860259984002,0.0,0.0,0.0,0.9785214734957113,0.0006512560433926389,0.0
9989.996881904322,166.4999480317387,井浆快替,0.9793189817872218,0.9793189817872218,2261.5,2261.5,2261.5,0.0,0.06978254249343807,0.0,0.0,0.0,0.978795018289004,0.0006462420753353111,0.0
9992.7848211227,166.54641368537833,井浆快替,0.9795971119813125,0.9795971119813125,2261.5,2261.5,2261.5,0.0,0.06897062936260301,0.0,0.0,0.0,0.9790662425836086,0.0006412701521190863,0.0
9995.577714451005,166.59296190751675,井浆快替,0.9798727986924911,0.9798727986924911,2261.5,2261.5,2261.5,0.0,0.06816289377366996,0.0,0.0,0.0,0.979335165564712,0.000636337769794371,0.0
9998.375621075831,166.63959368459717,井浆快替,0.9801460547934789,0.9801460547934789,2261.5,2261.5,2261.5,0.0,0.06735937124642838,0.0,0.0,0.0,0.9796018034805275,0.0006314426620771995,0.0
10001.178585097696,166.68630975162827,井浆快替,0.9804168908481538,0.9804168908481538,2261.5,2261.5,2261.5,0.0,0.06656010203621766,0.0,0.0,0.0,0.9798661698917321,0.0006265827722969373,0.0
10003.98659061524,166.73310984358736,井浆快替,0.9806853109702883,0.9806853109702883,2261.5,2261.5,2261.5,0.0,0.06576514376896112,0.0,0.0,0.0,0.9801282716899986,0.0006217562344409973,0.0
10006.799442503141,166.7799907083857,井浆快替,0.9809513020446352,0.9809513020446352,2261.5,2261.5,2261.5,0.0,0.06497460396489699,0.0,0.0,0.0,0.9803880985568254,0.0006169614333532204,0.0
10009.61715433869,166.8269525723115,井浆快替,0.9812148709628951,0.9812148709628951,2261.5,2261.5,2261.5,0.0,0.06418852982050229,0.0,0.0,0.0,0.9806456593620198,0.0006121971863055844,0.0
10012.439728615182,166.8739954769197,井浆快替,0.9814760234439046,0.9814760234439046,2261.5,2261.5,2261.5,0.0,0.06340697069762928,0.0,0.0,0.0,0.9809009614814237,0.0006074620694133429,0.0
10015.26715763225,166.92111929387085,井浆快替,0.9817347639847374,0.9817347639847374,2261.5,2261.5,2261.5,0.0,0.0626299786734126,0.0,0.0,0.0,0.9811540108405997,0.0006027547827117146,0.0
10018.09942443939,166.9683237406565,井浆快替,0.9819910962417797,0.9819910962417797,2261.5,2261.5,2261.5,0.0,0.06185760738938938,0.0,0.0,0.0,0.9814048122716218,0.0005980741467768917,0.0
10020.936503850917,167.01560839751528,井浆快替,0.9822450232046601,0.9822450232046601,2261.5,2261.5,2261.5,0.0,0.061089911679108516,0.0,0.0,0.0,0.9816533697126945,0.0005934190858732217,0.0
10023.778363307058,167.0629727217843,井浆快替,0.9824965473701038,0.9824965473701038,2261.5,2261.5,2261.5,0.0,0.06032694713043075,0.0,0.0,0.0,0.9818996863805747,0.0005887886195320321,0.0
10026.624963705177,167.11041606175294,井浆快替,0.9827456708378999,0.9827456708378999,2261.5,2261.5,2261.5,0.0,0.05956876994871493,0.0,0.0,0.0,0.9821437649061708,0.0005841818543080573,0.0
10029.476260152773,167.15793766921288,井浆快替,0.9829923954100774,0.9829923954100774,2261.5,2261.5,2261.5,0.0,0.05881543673884641,0.0,0.0,0.0,0.9823856074603146,0.0005795979775638773,0.0
10032.33213411067,167.20553556851115,井浆快替,0.9832367169561944,0.9832367169561944,2261.5,2261.5,2261.5,0.0,0.05806702176839635,0.0,0.0,0.0,0.9826252102208153,0.0005750362514735814,0.0
10035.192395258127,167.25320658763545,井浆快替,0.9834786259215227,0.9834786259215227,2261.5,2261.5,2261.5,0.0,0.05732361576331784,0.0,0.0,0.0,0.9828625638760901,0.0005704961119362813,0.0
10038.056992605954,167.3009498767659,井浆快替,0.9837181253046722,0.9837181253046722,2261.5,2261.5,2261.5,0.0,0.0565852706844273,0.0,0.0,0.0,0.9830976712631897,0.0005659771602071233,0.0
10040.925871446578,167.34876452410964,井浆快替,0.9839552180690072,0.9839552180690072,2261.5,2261.5,2261.5,0.0,0.05585203824342324,0.0,0.0,0.0,0.9833305350978344,0.0005614788248729791,0.0
10043.79897410042,167.39664956834034,井浆快替,0.9841899073662963,0.9841899073662963,2261.5,2261.5,2261.5,0.0,0.055123969095830574,0.0,0.0,0.0,0.9835611581599093,0.0005570005918791846,0.0
10046.676083517686,167.44460139196144,井浆快替,0.9844221839840311,0.9844221839840311,2261.5,2261.5,2261.5,0.0,0.05440115195231234,0.0,0.0,0.0,0.9837895309649395,0.0005525419952395365,0.0
10049.552944587274,167.49254907645457,井浆快替,0.9846517175891895,0.9846517175891895,2261.5,2261.5,2261.5,0.0,0.0536846798616427,0.0,0.0,0.0,0.984015327996066,0.0005481028533607114,0.0
10052.430053556262,167.54050089260437,井浆快替,0.984878568468426,0.984878568468426,2261.5,2261.5,2261.5,0.0,0.052974432865067506,0.0,0.0,0.0,0.9842386074545105,0.0005436892142243696,0.0
10055.30788910817,167.5884648184695,井浆快替,0.9851027937199228,0.9851027937199228,2261.5,2261.5,2261.5,0.0,0.052270298335697775,0.0,0.0,0.0,0.984459424438321,0.0005392997756585989,0.0
10058.18574360182,167.63642906003034,井浆快替,0.9853243574891696,0.9853243574891696,2261.5,2261.5,2261.5,0.0,0.0515724543366699,0.0,0.0,0.0,0.9846777424671647,0.0005349333192098858,0.0
10061.063137254976,167.68438562091626,井浆快替,0.9855432438564137,0.9855432438564137,2261.5,2261.5,2261.5,0.0,0.05088101682405164,0.0,0.0,0.0,0.9848935445528918,0.0005305904663081051,0.0
10063.940571588815,167.7323428598136,井浆快替,0.9857595123368271,0.9857595123368271,2261.5,2261.5,2261.5,0.0,0.05019586256740774,0.0,0.0,0.0,0.9851068880294522,0.0005262715109098312,0.0
10066.81853148977,167.7803088581628,井浆快替,0.9859732193213914,0.9859732193213914,2261.5,2261.5,2261.5,0.0,0.049516875731849964,0.0,0.0,0.0,0.9853178272200579,0.000521975302324426,0.0
10069.697156121,167.82828593534998,井浆快替,0.9861843941957363,0.9861843941957363,2261.5,2261.5,2261.5,0.0,0.04884402418388967,0.0,0.0,0.0,0.9855263898261499,0.0005177007639462032,0.0
10072.575122903769,167.87625204839614,井浆快替,0.9863929599300958,0.9863929599300958,2261.5,2261.5,2261.5,0.0,0.04817761497019669,0.0,0.0,0.0,0.9857324983757815,0.0005134473711235237,0.0
10075.452937840551,167.92421563067586,井浆快替,0.9865989750049731,0.9865989750049731,2261.5,2261.5,2261.5,0.0,0.04751752257334672,0.0,0.0,0.0,0.9859362091606143,0.0005092167799934846,0.0
10078.331091266733,167.97218485444554,井浆快替,0.9868024948668966,0.9868024948668966,2261.5,2261.5,2261.5,0.0,0.04686362881797112,0.0,0.0,0.0,0.9861375755695164,0.0005050079599793654,0.0
10081.21005487992,168.020167581332,井浆快替,0.987003571960069,0.987003571960069,2261.5,2261.5,2261.5,0.0,0.0462158228269252,0.0,0.0,0.0,0.9863366480853903,0.0005008199463268357,0.0
10084.088617992484,168.06814363320805,井浆快替,0.9872021410754828,0.9872021410754828,2261.5,2261.5,2261.5,0.0,0.04557437218766682,0.0,0.0,0.0,0.9865333606906228,0.0004966518368042548,0.0
10086.966851362631,168.11611418937719,井浆快替,0.9873982283489826,0.9873982283489826,2261.5,2261.5,2261.5,0.0,0.044939250010353836,0.0,0.0,0.0,0.9867277377016069,0.0004925051860012793,0.0
10089.845250172784,168.16408750287974,井浆快替,0.9875918880326435,0.9875918880326435,2261.5,2261.5,2261.5,0.0,0.04431033670785752,0.0,0.0,0.0,0.9869198313607572,0.0004883796989732396,0.0
10092.724291930317,168.21207153217196,井浆快替,0.987783171497828,0.987783171497828,2261.5,2261.5,2261.5,0.0,0.04368751978993454,0.0,0.0,0.0,0.9871096911206285,0.00048427450066245754,0.0
10095.603458997613,168.26005764996023,井浆快替,0.987972063196242,0.987972063196242,2261.5,2261.5,2261.5,0.0,0.04307090343963833,0.0,0.0,0.0,0.9872973000368634,0.00048018877118970307,0.0
10098.482133046069,168.3080355507678,井浆快替,0.9881585426955082,0.9881585426955082,2261.5,2261.5,2261.5,0.0,0.04246060797027476,0.0,0.0,0.0,0.9874826362068154,0.0004761231254629466,0.0
10101.360813648223,168.35601356080372,井浆快替,0.9883426628519297,0.9883426628519297,2261.5,2261.5,2261.5,0.0,0.04185651320403888,0.0,0.0,0.0,0.9876657505375773,0.0004720783209513331,0.0
10104.239983605414,168.4039997267569,井浆快替,0.9885244737735193,0.9885244737735193,2261.5,2261.5,2261.5,0.0,0.04125850583247039,0.0,0.0,0.0,0.987846691277466,0.00046805355502085855,0.0
10107.119748185505,168.45199580309176,井浆快替,0.9887040003561447,0.9887040003561447,2261.5,2261.5,2261.5,0.0,0.040666553780354914,0.0,0.0,0.0,0.9880254816373013,0.0004640480742314807,0.0
10109.99887110805,168.49998118513415,井浆快替,0.9888811845644818,0.9888811845644818,2261.5,2261.5,2261.5,0.0,0.04008089830918493,0.0,0.0,0.0,0.9882020621825292,0.0004600616750347711,0.0
10112.877856017798,168.5479642669633,井浆快替,0.9890560777275825,0.9890560777275825,2261.5,2261.5,2261.5,0.0,0.0395014192963408,0.0,0.0,0.0,0.9883764823556179,0.0004560960148758731,0.0
10115.75719055135,168.59595317585584,井浆快替,0.9892287285229178,0.9892287285229178,2261.5,2261.5,2261.5,0.0,0.038928003384842536,0.0,0.0,0.0,0.9885487890378568,0.0004521503494418411,0.0
10118.637343412627,168.6439557235438,井浆快替,0.9893991828472365,0.9893991828472365,2261.5,2261.5,2261.5,0.0,0.03836054456793327,0.0,0.0,0.0,0.9887190264045961,0.00044822397962466186,0.0
10121.5169106797,168.69194851132835,井浆快替,0.9895673756925947,0.9895673756925947,2261.5,2261.5,2261.5,0.0,0.03779930565948234,0.0,0.0,0.0,0.9888871278572733,0.00044431625660588454,0.0
10124.396209833001,168.73993683055002,井浆快替,0.9897333453976923,0.9897333453976923,2261.5,2261.5,2261.5,0.0,0.037244204973321565,0.0,0.0,0.0,0.9890531299322692,0.0004404290809520223,0.0
10127.275732871813,168.78792888119688,井浆快替,0.9898971390883626,0.9898971390883626,2261.5,2261.5,2261.5,0.0,0.036695129766995085,0.0,0.0,0.0,0.9892170780232679,0.00043656201407406785,0.0
10131.275732871813,168.85459554786354,井浆慢替,0.9899809691778608,0.9899809691778608,2261.5,2261.5,2261.5,0.0,0.03641389252874993,0.0,0.0,0.0,0.9893011639472877,0.0004327144023996756,0.0
10135.275732871813,168.9212622145302,井浆慢替,0.9900627224475803,0.9900627224475803,2261.5,2261.5,2261.5,0.0,0.03613840135778168,0.0,0.0,0.0,0.9893823116916781,0.0004308086654981393,0.0
10139.275732871813,168.98792888119686,井浆慢替,0.990143103668757,0.990143103668757,2261.5,2261.5,2261.5,0.0,0.03586678982059422,0.0,0.0,0.0,0.9894617965726402,0.0004289696552487094,0.0
10143.275732871813,169.05459554786356,井浆慢替,0.9902225471524456,0.9902225471524456,2261.5,2261.5,2261.5,0.0,0.03559785169854664,0.0,0.0,0.0,0.9895402589486825,0.00042716311849745213,0.0
10147.275732871813,169.12126221453022,井浆慢替,0.9903012542864282,0.9903012542864282,2261.5,2261.5,2261.5,0.0,0.03533103020617259,0.0,0.0,0.0,0.9896179804228732,0.00042537343707818234,0.0
10151.275732871813,169.18792888119688,井浆慢替,0.9903793206532568,0.9903793206532568,2261.5,2261.5,2261.5,0.0,0.03506606319489438,0.0,0.0,0.0,0.9896950895834042,0.00042359386466920483,0.0
10155.275732871813,169.25459554786354,井浆慢替,0.9904567927452329,0.9904567927452329,2261.5,2261.5,2261.5,0.0,0.03480282503876791,0.0,0.0,0.0,0.9897716468961617,0.00042182138413175886,0.0
10159.275732871813,169.3212622145302,井浆慢替,0.990533693925198,0.990533693925198,2261.5,2261.5,2261.5,0.0,0.03454125441145094,0.0,0.0,0.0,0.9898476816641478,0.000420054619317759,0.0
10163.275732871813,169.38792888119687,井浆慢替,0.9906100366175894,0.9906100366175894,2261.5,2261.5,2261.5,0.0,0.03428132031599564,0.0,0.0,0.0,0.9899232087281645,0.0004182929380832325,0.0
10167.275732871813,169.45459554786353,井浆慢替,0.990685828028129,0.990685828028129,2261.5,2261.5,2261.5,0.0,0.034023006193109974,0.0,0.0,0.0,0.9899982361265096,0.0004165360501550786,0.0
10171.275732871813,169.5212622145302,井浆慢替,0.9907610728508263,0.9907610728508263,2261.5,2261.5,2261.5,0.0,0.03376630241509914,0.0,0.0,0.0,0.9900727686630808,0.00041478382507487393,0.0
10175.275732871813,169.5879288811969,井浆慢替,0.9908357745716044,0.9908357745716044,2261.5,2261.5,2261.5,0.0,0.03351120265926209,0.0,0.0,0.0,0.9901468095999028,0.00041303620820572114,0.0
10179.275732871813,169.65459554786355,井浆慢替,0.9909099361106821,0.9909099361106821,2261.5,2261.5,2261.5,0.0,0.033257702101075065,0.0,0.0,0.0,0.9902203614720667,0.0004112931809464554,0.0
10183.275732871813,169.7212622145302,井浆慢替,0.9909835601002188,0.9909835601002188,2261.5,2261.5,2261.5,0.0,0.033005796667949,0.0,0.0,0.0,0.9902934264497453,0.0004095547416182662,0.0
10187.275732871813,169.78792888119688,井浆慢替,0.9910566490053072,0.9910566490053072,2261.5,2261.5,2261.5,0.0,0.032755482730226486,0.0,0.0,0.0,0.9903660065087883,0.0004078208973107705,0.0
10191.275732871813,169.85459554786354,井浆慢替,0.9911292052016221,0.9911292052016221,2261.5,2261.5,2261.5,0.0,0.03250675687684447,0.0,0.0,0.0,0.9904381035246159,0.00040609166029805194,0.0
10195.275732871813,169.9212622145302,井浆慢替,0.9912012310308668,0.9912012310308668,2261.5,2261.5,2261.5,0.0,0.032259615736942374,0.0,0.0,0.0,0.9905097193320307,0.0004043670457936422,0.0
10199.275732871813,169.98792888119686,井浆慢替,0.9912727288125525,0.9912727288125525,2261.5,2261.5,2261.5,0.0,0.03201405595284898,0.0,0.0,0.0,0.9905808557415752,0.00040264707009474404,0.0
10203.275732871813,170.05459554786356,井浆慢替,0.9913437008409537,0.9913437008409537,2261.5,2261.5,2261.5,0.0,0.03177007420169464,0.0,0.0,0.0,0.9906515145458976,0.00040093175033813867,0.0
10207.275732871813,170.12126221453022,井浆慢替,0.9914141494156887,0.9914141494156887,2261.5,2261.5,2261.5,0.0,0.03152766708037833,0.0,0.0,0.0,0.9907216975373285,0.0003992211044033727,0.0
10211.275732871813,170.18792888119688,井浆慢替,0.9914840768252017,0.9914840768252017,2261.5,2261.5,2261.5,0.0,0.03128683117305969,0.0,0.0,0.0,0.9907914064995271,0.00039751515017510307,0.0
10215.275732871813,170.25459554786354,井浆慢替,0.9915534853326708,0.9915534853326708,2261.5,2261.5,2261.5,0.0,0.031047563108079018,0.0,0.0,0.0,0.9908606431975439,0.00039581390576993785,0.0
10219.275732871813,170.3212622145302,井浆慢替,0.9916223771796009,0.9916223771796009,2261.5,2261.5,2261.5,0.0,0.030809859544978894,0.0,0.0,0.0,0.9909294093807017,0.0003941173901558687,0.0
10223.275732871813,170.38792888119687,井浆慢替,0.9916907545849136,0.9916907545849136,2261.5,2261.5,2261.5,0.0,0.030573717178923862,0.0,0.0,0.0,0.9909977067822676,0.00039242562301967097,0.0
10227.275732871813,170.45459554786353,井浆慢替,0.9917586197932889,0.9917586197932889,2261.5,2261.5,2261.5,0.0,0.03033913255166253,0.0,0.0,0.0,0.9910655371568317,0.0003907386247492137,0.0
10231.275732871813,170.5212622145302,井浆慢替,0.9918259750196169,0.9918259750196169,2261.5,2261.5,2261.5,0.0,0.03010610226998199,0.0,0.0,0.0,0.9911329022397418,0.000389056414683481,0.0
10235.275732871813,170.5879288811969,井浆慢替,0.9918928224782871,0.9918928224782871,2261.5,2261.5,2261.5,0.0,0.029874622891381326,0.0,0.0,0.0,0.991199803762795,0.0003873790130824051,0.0
10239.275732871813,170.65459554786355,井浆慢替,0.9919591643662944,0.9919591643662944,2261.5,2261.5,2261.5,0.0,0.029644690990874675,0.0,0.0,0.0,0.9912662434456931,0.00038570644016445847,0.0
10243.275732871813,170.7212622145302,井浆慢替,0.992025002870875,0.992025002870875,2261.5,2261.5,2261.5,0.0,0.0294163031315608,0.0,0.0,0.0,0.9913322230022537,0.0003840387165539861,0.0
10247.275732871813,170.78792888119688,井浆慢替,0.9920903401677929,0.9920903401677929,2261.5,2261.5,2261.5,0.0,0.02918945587182401,0.0,0.0,0.0,0.9913977441384748,0.0003823758629383273,0.0
10251.275732871813,170.85459554786354,井浆慢替,0.992155178411034,0.992155178411034,2261.5,2261.5,2261.5,0.0,0.02896414580632983,0.0,0.0,0.0,0.9914628085446211,0.00038071790020512884,0.0
10255.275732871813,170.9212622145302,井浆慢替,0.9922195197731857,0.9922195197731857,2261.5,2261.5,2261.5,0.0,0.02874036940802009,0.0,0.0,0.0,0.9915274179285478,0.0003790648498125055,0.0
10259.275732871813,170.98792888119686,井浆慢替,0.9922833664095227,0.9922833664095227,2261.5,2261.5,2261.5,0.0,0.02851812316940211,0.0,0.0,0.0,0.991591573983513,0.0003774167323333036,0.0
10263.275732871813,171.05459554786356,井浆慢替,0.9923467204521681,0.9923467204521681,2261.5,2261.5,2261.5,0.0,0.028297403625999522,0.0,0.0,0.0,0.9916552783844583,0.00037577356878403206,0.0
10267.275732871813,171.12126221453022,井浆慢替,0.9924095840341554,0.9924095840341554,2261.5,2261.5,2261.5,0.0,0.0280782072624309,0.0,0.0,0.0,0.9917185328077703,0.0003741353807625127,0.0
10271.275732871813,171.18792888119688,井浆慢替,0.9924719592675025,0.9924719592675025,2261.5,2261.5,2261.5,0.0,0.02786053059884656,0.0,0.0,0.0,0.9917813389142007,0.00037250218956592527,0.0
10275.275732871813,171.25459554786354,井浆慢替,0.9925338482487424,0.9925338482487424,2261.5,2261.5,2261.5,0.0,0.027644370169730224,0.0,0.0,0.0,0.9918436983536789,0.0003708740169876893,0.0
10279.275732871813,171.3212622145302,井浆慢替,0.9925952530796427,0.9925952530796427,2261.5,2261.5,2261.5,0.0,0.027429722443075587,0.0,0.0,0.0,0.991905612782256,0.00036925088504188267,0.0
10283.275732871813,171.38792888119687,井浆慢替,0.992656175881415,0.992656175881415,2261.5,2261.5,2261.5,0.0,0.027216583764940135,0.0,0.0,0.0,0.9919670838733339,0.0003676328151611301,0.0
10287.275732871813,171.45459554786353,井浆慢替,0.9927166187441098,0.9927166187441098,2261.5,2261.5,2261.5,0.0,0.027004950558381723,0.0,0.0,0.0,0.9920281132727797,0.0003660198278210381,0.0
10291.275732871813,171.5212622145302,井浆慢替,0.9927765837299305,0.9927765837299305,2261.5,2261.5,2261.5,0.0,0.026794819310955925,0.0,0.0,0.0,0.9920887026053912,0.00036441194442239286,0.0
10295.275732871813,171.5879288811969,井浆慢替,0.9928360729041332,0.9928360729041332,2261.5,2261.5,2261.5,0.0,0.026586186453963774,0.0,0.0,0.0,0.9921488534988709,0.00036280918707795617,0.0
10299.275732871813,171.65459554786355,井浆慢替,0.9928950883282729,0.9928950883282729,2261.5,2261.5,2261.5,0.0,0.026379048389287382,0.0,0.0,0.0,0.9922085675784117,0.00036121157745574734,0.0
10303.275732871813,171.7212622145302,井浆慢替,0.992953632027419,0.992953632027419,2261.5,2261.5,2261.5,0.0,0.02617340161847822,0.0,0.0,0.0,0.9922678464416346,0.00035961913703595803,0.0
10307.275732871813,171.78792888119688,井浆慢替,0.9930117060482432,0.9930117060482432,2261.5,2261.5,2261.5,0.0,0.02596924251528288,0.0,0.0,0.0,0.9923266917060802,0.0003580318882838576,0.0
10311.275732871813,171.85459554786354,井浆慢替,0.9930693124437789,0.9930693124437789,2261.5,2261.5,2261.5,0.0,0.025766567385701343,0.0,0.0,0.0,0.9923851049922942,0.0003564498525244873,0.0
10315.275732871813,171.9212622145302,井浆慢替,0.9931264532562302,0.9931264532562302,2261.5,2261.5,2261.5,0.0,0.025565372535824006,0.0,0.0,0.0,0.9924430879118289,0.0003548730505258907,0.0
10319.275732871813,171.98792888119686,井浆慢替,0.9931831304936015,0.9931831304936015,2261.5,2261.5,2261.5,0.0,0.025365654363960707,0.0,0.0,0.0,0.9925006420496407,0.0003533015030507948,0.0
10323.275732871813,172.05459554786356,井浆慢替,0.993239346168332,0.993239346168332,2261.5,2261.5,2261.5,0.0,0.025167409209501987,0.0,0.0,0.0,0.9925577689943244,0.00035173523181143874,0.0
10327.275732871813,172.12126221453022,井浆慢替,0.993295102281078,0.993295102281078,2261.5,2261.5,2261.5,0.0,0.024970633416826586,0.0,0.0,0.0,0.9926144703252139,0.00035017425800475674,0.0
10331.275732871813,172.18792888119688,井浆慢替,0.9933504008079432,0.9933504008079432,2261.5,2261.5,2261.5,0.0,0.024775323385900074,0.0,0.0,0.0,0.9926707476039451,0.00034861860293891025,0.0
10335.275732871813,172.25459554786354,井浆慢替,0.9934052437579179,0.9934052437579179,2261.5,2261.5,2261.5,0.0,0.02458147534722116,0.0,0.0,0.0,0.9927266024192335,0.0003470682884575724,0.0
10339.275732871813,172.3212622145302,井浆慢替,0.9934596331143012,0.9934596331143012,2261.5,2261.5,2261.5,0.0,0.02438908559192301,0.0,0.0,0.0,0.9927820363364314,0.00034552333484047173,0.0
10343.275732871813,172.38792888119687,井浆慢替,0.9935135708595646,0.9935135708595646,2261.5,2261.5,2261.5,0.0,0.024198150374661123,0.0,0.0,0.0,0.9928370509209419,0.00034398376303854426,0.0
10347.275732871813,172.45459554786353,井浆慢替,0.9935670589555438,0.9935670589555438,2261.5,2261.5,2261.5,0.0,0.02400866599167443,0.0,0.0,0.0,0.9928916477222439,0.0003424495935459195,0.0
10351.275732871813,172.5212622145302,井浆慢替,0.9936200993751826,0.9936200993751826,2261.5,2261.5,2261.5,0.0,0.023820628656619647,0.0,0.0,0.0,0.9929458282979103,0.0003409208472082368,0.0
10355.275732871813,172.5879288811969,井浆慢替,0.9936726940655874,0.9936726940655874,2261.5,2261.5,2261.5,0.0,0.023634034645827345,0.0,0.0,0.0,0.992999594185634,0.0003393975441825191,0.0
10359.275732871813,172.65459554786355,井浆慢替,0.9937248449801014,0.9937248449801014,2261.5,2261.5,2261.5,0.0,0.023448880172866983,0.0,0.0,0.0,0.9930529469314228,0.0003378797051404243,0.0
10363.275732871813,172.7212622145302,井浆慢替,0.9937765540779995,0.9937765540779995,2261.5,2261.5,2261.5,0.0,0.023265161390026233,0.0,0.0,0.0,0.9931058880817267,0.00033636735013156763,0.0
10367.275732871813,172.78792888119688,井浆慢替,0.99382782329613,0.99382782329613,2261.5,2261.5,2261.5,0.0,0.023082874499867144,0.0,0.0,0.0,0.9931584191646725,0.0003348604987770435,0.0
10371.275732871813,172.85459554786354,井浆慢替,0.9938786545638789,0.9938786545638789,2261.5,2261.5,2261.5,0.0,0.022902015696941006,0.0,0.0,0.0,0.9932105417027421,0.00033335917116271094,0.0
10375.275732871813,172.9212622145302,井浆慢替,0.9939290498059816,0.9939290498059816,2261.5,2261.5,2261.5,0.0,0.02272258115711106,0.0,0.0,0.0,0.9932622572153182,0.0003318633872312125,0.0
10379.275732871813,172.98792888119686,井浆慢替,0.9939790109596586,0.9939790109596586,2261.5,2261.5,2261.5,0.0,0.02254456697057239,0.0,0.0,0.0,0.9933135672311111,0.0003303731666311364,0.0
10383.275732871813,173.05459554786356,井浆慢替,0.9940285399428237,0.9940285399428237,2261.5,2261.5,2261.5,0.0,0.02236796926692174,0.0,0.0,0.0,0.9933644732656656,0.0003288885282137157,0.0
10387.275732871813,173.12126221453022,井浆慢替,0.9940776386750498,0.9940776386750498,2261.5,2261.5,2261.5,0.0,0.022192784133211595,0.0,0.0,0.0,0.9934149768343723,0.0003274094911205679,0.0
10391.275732871813,173.18792888119688,井浆慢替,0.9941263090812554,0.9941263090812554,2261.5,2261.5,2261.5,0.0,0.022019007599822782,0.0,0.0,0.0,0.993465079454752,0.0003259360742277761,0.0
10395.275732871813,173.25459554786354,井浆慢替,0.9941745530677999,0.9941745530677999,2261.5,2261.5,2261.5,0.0,0.021846635734517516,0.0,0.0,0.0,0.9935147826294543,0.0003244682958408354,0.0
10399.275732871813,173.3212622145302,井浆慢替,0.9942223725238536,0.9942223725238536,2261.5,2261.5,2261.5,0.0,0.02167566463746446,0.0,0.0,0.0,0.9935640878474277,0.00032300617458081365,0.0
10403.275732871813,173.38792888119687,井浆慢替,0.9942697693488955,0.9942697693488955,2261.5,2261.5,2261.5,0.0,0.02150609033368537,0.0,0.0,0.0,0.9936129966050866,0.00032154972935748957,0.0
10407.275732871813,173.45459554786353,井浆慢替,0.9943167454475255,0.9943167454475255,2261.5,2261.5,2261.5,0.0,0.02133790879366646,0.0,0.0,0.0,0.9936615104045852,0.0003200989784316705,0.0
10411.275732871813,173.5212622145302,井浆慢替,0.9943633027350749,0.9943633027350749,2261.5,2261.5,2261.5,0.0,0.02117111591158788,0.0,0.0,0.0,0.9937096307582444,0.0003186539392940209,0.0
10415.275732871813,173.5879288811969,井浆慢替,0.994409443106254,0.994409443106254,2261.5,2261.5,2261.5,0.0,0.021005707628638723,0.0,0.0,0.0,0.9937573591577884,0.00031721462877900273,0.0
10419.275732871813,173.65459554786355,井浆慢替,0.9944551684617456,0.9944551684617456,2261.5,2261.5,2261.5,0.0,0.02084167982901953,0.0,0.0,0.0,0.9938046970992287,0.00031578106427166194,0.0
10423.275732871813,173.7212622145302,井浆慢替,0.9945004806822064,0.9945004806822064,2261.5,2261.5,2261.5,0.0,0.020679028442199144,0.0,0.0,0.0,0.9938516460622256,0.00031435326263902545,0.0
10427.275732871813,173.78792888119688,井浆慢替,0.9945453816437122,0.9945453816437122,2261.5,2261.5,2261.5,0.0,0.020517749382740577,0.0,0.0,0.0,0.9938982075229044,0.00031293124120167226,0.0
10431.275732871813,173.85459554786354,井浆慢替,0.9945898732364731,0.9945898732364731,2261.5,2261.5,2261.5,0.0,0.0203578384770835,0.0,0.0,0.0,0.9939443829679668,0.000311515017100855,0.0
10435.275732871813,173.9212622145302,井浆慢替,0.9946339573514251,0.9946339573514251,2261.5,2261.5,2261.5,0.0,0.02019929151645781,0.0,0.0,0.0,0.9939901738884329,0.000310104606722095,0.0
10439.275732871813,173.98792888119686,井浆慢替,0.9946776358933243,0.9946776358933243,2261.5,2261.5,2261.5,0.0,0.020042104205695285,0.0,0.0,0.0,0.9940355817828915,0.0003087000259909029,0.0
10443.275732871813,174.05459554786356,井浆慢替,0.9947209107577987,0.9947209107577987,2261.5,2261.5,2261.5,0.0,0.019886272253595502,0.0,0.0,0.0,0.9940806081415517,0.0003073012901115808,0.0
10447.275732871813,174.12126221453022,井浆慢替,0.9947637838435732,0.9947637838435732,2261.5,2261.5,2261.5,0.0,0.01973179132522148,0.0,0.0,0.0,0.9941252544567828,0.00030590841439814966,0.0
10451.275732871813,174.18792888119688,井浆慢替,0.9948062570192847,0.9948062570192847,2261.5,2261.5,2261.5,0.0,0.019578657172403553,0.0,0.0,0.0,0.9941695221964898,0.0003045214138132567,0.0
10455.275732871813,174.25459554786354,井浆慢替,0.9948483321738306,0.9948483321738306,2261.5,2261.5,2261.5,0.0,0.01942686543655817,0.0,0.0,0.0,0.9942134128443011,0.0003031403042545934,0.0
10459.275732871813,174.3212622145302,井浆慢替,0.9948900111969871,0.9948900111969871,2261.5,2261.5,2261.5,0.0,0.019276411724918358,0.0,0.0,0.0,0.9942569278870104,0.00030176510070860585,0.0
10463.275732871813,174.38792888119687,井浆慢替,0.9949312959945901,0.9949312959945901,2261.5,2261.5,2261.5,0.0,0.019127291551234906,0.0,0.0,0.0,0.9943000688228684,0.000300395817819068,0.0
10467.275732871813,174.45459554786353,井浆慢替,0.9949721884685278,0.9949721884685278,2261.5,2261.5,2261.5,0.0,0.018979500414526323,0.0,0.0,0.0,0.9943428371456204,0.0002990324695594344,0.0
10471.275732871813,174.5212622145302,井浆慢替,0.9950126905362866,0.9950126905362866,2261.5,2261.5,2261.5,0.0,0.018833033722650664,0.0,0.0,0.0,0.994385234361527,0.00029767506979301226,0.0
10475.275732871813,174.5879288811969,井浆慢替,0.9950528040978901,0.9950528040978901,2261.5,2261.5,2261.5,0.0,0.01868788692222316,0.0,0.0,0.0,0.9944272619622628,0.00029632363160966727,0.0
10479.275732871813,174.65459554786355,井浆慢替,0.9950925310497734,0.9950925310497734,2261.5,2261.5,2261.5,0.0,0.018544055444570457,0.0,0.0,0.0,0.9944689214366341,0.0002949781687093012,0.0
10483.275732871813,174.7212622145302,井浆慢替,0.9951318733100368,0.9951318733100368,2261.5,2261.5,2261.5,0.0,0.018401534606854553,0.0,0.0,0.0,0.9945102142920239,0.00029363869482294433,0.0
10487.275732871813,174.78792888119688,井浆慢替,0.9951708328020642,0.9951708328020642,2261.5,2261.5,2261.5,0.0,0.018260319676548595,0.0,0.0,0.0,0.9945511420411687,0.000292305222766398,0.0
10491.275732871813,174.85459554786354,井浆慢替,0.9952094114468765,0.9952094114468765,2261.5,2261.5,2261.5,0.0,0.018120405901681753,0.0,0.0,0.0,0.9945917061920029,0.00029097776515172035,0.0
10495.275732871813,174.9212622145302,井浆慢替,0.9952476111744971,0.9952476111744971,2261.5,2261.5,2261.5,0.0,0.01798178846653735,0.0,0.0,0.0,0.9946319082602855,0.00028965633468262304,0.0
10499.275732871813,174.98792888119686,井浆慢替,0.9952854339386713,0.9952854339386713,2261.5,2261.5,2261.5,0.0,0.017844462434066947,0.0,0.0,0.0,0.9946717497814039,0.00028834094363523125,0.0
10503.275732871813,175.05459554786356,井浆慢替,0.9953228816723538,0.9953228816723538,2261.5,2261.5,2261.5,0.0,0.01770842292079234,0.0,0.0,0.0,0.9947112322739872,0.0002870316033209265,0.0
10507.275732871813,175.12126221453022,井浆慢替,0.9953599563182232,0.9953599563182232,2261.5,2261.5,2261.5,0.0,0.017573664977362798,0.0,0.0,0.0,0.9947503572648378,0.0002857283259047115,0.0
10511.275732871813,175.18792888119688,井浆慢替,0.9953966598528752,0.9953966598528752,2261.5,2261.5,2261.5,0.0,0.01744018349381954,0.0,0.0,0.0,0.994789126312334,0.000284431123284831,0.0
10515.275732871813,175.25459554786354,井浆慢替,0.9954329942416074,0.9954329942416074,2261.5,2261.5,2261.5,0.0,0.01730797337715416,0.0,0.0,0.0,0.9948275409615426,0.00028314000602145057,0.0
10519.275732871813,175.3212622145302,井浆慢替,0.9954689614497763,0.9954689614497763,2261.5,2261.5,2261.5,0.0,0.017177029507042953,0.0,0.0,0.0,0.9948656027581639,0.00028185498540747605,0.0
10523.275732871813,175.38792888119687,井浆慢替,0.9955045634674551,0.9955045634674551,2261.5,2261.5,2261.5,0.0,0.01704734663933018,0.0,0.0,0.0,0.9949033132686709,0.00028057607285780295,0.0
10527.275732871813,175.45459554786353,井浆慢替,0.9955398022963589,0.9955398022963589,2261.5,2261.5,2261.5,0.0,0.016918919457481568,0.0,0.0,0.0,0.9949406740709341,0.0002793032789997182,0.0
10531.275732871813,175.5212622145302,井浆慢替,0.9955746799350503,0.9955746799350503,2261.5,2261.5,2261.5,0.0,0.016791742630838654,0.0,0.0,0.0,0.9949776867401039,0.0002780366139504854,0.0
10535.275732871813,175.5879288811969,井浆慢替,0.9956091984092498,0.9956091984092498,2261.5,2261.5,2261.5,0.0,0.016665810695935077,0.0,0.0,0.0,0.995014352878064,0.0002767760883348953,0.0
10539.275732871813,175.65459554786355,井浆慢替,0.9956433597529455,0.9956433597529455,2261.5,2261.5,2261.5,0.0,0.01654111813069783,0.0,0.0,0.0,0.9950506740904386,0.00027552171186364624,0.0
10543.275732871813,175.7212622145302,井浆慢替,0.995677165998612,0.995677165998612,2261.5,2261.5,2261.5,0.0,0.016417659393109744,0.0,0.0,0.0,0.9950866519827745,0.0002742734943887629,0.0
10547.275732871813,175.78792888119688,井浆慢替,0.9957106191985156,0.9957106191985156,2261.5,2261.5,2261.5,0.0,0.016295428837813517,0.0,0.0,0.0,0.9951222881779973,0.00027303144601810463,0.0
10551.275732871813,175.85459554786354,井浆慢替,0.9957437214071404,0.9957437214071404,2261.5,2261.5,2261.5,0.0,0.01617442078518513,0.0,0.0,0.0,0.9951575843020694,0.0002717955764135246,0.0
10555.275732871813,175.9212622145302,井浆慢替,0.9957764747069866,0.9957764747069866,2261.5,2261.5,2261.5,0.0,0.016054629420365042,0.0,0.0,0.0,0.9951925420061322,0.00027056589551693373,0.0
10559.275732871813,175.98792888119686,井浆慢替,0.9958088811961388,0.9958088811961388,2261.5,2261.5,2261.5,0.0,0.01593604884213116,0.0,0.0,0.0,0.9952271629585475,0.00026934241242537716,0.0
10563.275732871813,176.05459554786356,井浆慢替,0.9958409429967301,0.9958409429967301,2261.5,2261.5,2261.5,0.0,0.01581867302981978,0.0,0.0,0.0,0.9952614488465324,0.00026812513594434814,0.0
10567.275732871813,176.12126221453022,井浆慢替,0.9958726622180685,0.9958726622180685,2261.5,2261.5,2261.5,0.0,0.01570249598817042,0.0,0.0,0.0,0.9952954013474302,0.00026691407453873276,0.0
10571.275732871813,176.18792888119688,井浆慢替,0.9959040409891585,0.9959040409891585,2261.5,2261.5,2261.5,0.0,0.01558751161996879,0.0,0.0,0.0,0.9953290221568605,0.0002657092376043862,0.0
10575.275732871813,176.25459554786354,井浆慢替,0.9959350814553106,0.9959350814553106,2261.5,2261.5,2261.5,0.0,0.015473713739446192,0.0,0.0,0.0,0.9953623129861593,0.0002645106342368552,0.0
10579.275732871813,176.3212622145302,井浆慢替,0.9959657857737011,0.9959657857737011,2261.5,2261.5,2261.5,0.0,0.015361096089892579,0.0,0.0,0.0,0.9953952755589038,0.0002633182733408422,0.0
10583.275732871813,176.38792888119687,井浆慢替,0.9959961561336997,0.9959961561336997,2261.5,2261.5,2261.5,0.0,0.015249652264015479,0.0,0.0,0.0,0.9954279116308913,0.0002621321638401556,0.0
10587.275732871813,176.45459554786353,井浆慢替,0.9960261947531867,0.9960261947531867,2261.5,2261.5,2261.5,0.0,0.015139375718446597,0.0,0.0,0.0,0.9954602229824997,0.00026095231371153706,0.0
10591.275732871813,176.5212622145302,井浆慢替,0.9960559038458068,0.9960559038458068,2261.5,2261.5,2261.5,0.0,0.015030259902333816,0.0,0.0,0.0,0.9954922113916705,0.0002597787304941258,0.0
10595.275732871813,176.5879288811969,井浆慢替,0.996085285629727,0.996085285629727,2261.5,2261.5,2261.5,0.0,0.014922298223208405,0.0,0.0,0.0,0.995523878643105,0.0002586114224527293,0.0
10599.275732871813,176.65459554786355,井浆慢替,0.9961143423545404,0.9961143423545404,2261.5,2261.5,2261.5,0.0,0.014815483941520675,0.0,0.0,0.0,0.995555226550379,0.00025745039823197246,0.0
10603.275732871813,176.7212622145302,井浆慢替,0.9961430762686497,0.9961430762686497,2261.5,2261.5,2261.5,0.0,0.014709810298752053,0.0,0.0,0.0,0.995586256929708,0.00025629566587242385,0.0
10607.275732871813,176.78792888119688,井浆慢替,0.9961714896477502,0.9961714896477502,2261.5,2261.5,2261.5,0.0,0.01460527040578437,0.0,0.0,0.0,0.9956169716257899,0.00025514723399479473,0.0
10611.275732871813,176.85459554786354,井浆慢替,0.9961995848192691,0.9961995848192691,2261.5,2261.5,2261.5,0.0,0.014501857147075409,0.0,0.0,0.0,0.9956473725303109,0.00025400511060764307,0.0
10615.275732871813,176.9212622145302,井浆慢替,0.9962273641087577,0.9962273641087577,2261.5,2261.5,2261.5,0.0,0.014399563390978209,0.0,0.0,0.0,0.9956774615348478,0.00025286930220193586,0.0
10619.275732871813,176.98792888119686,井浆慢替,0.9962548298343983,0.9962548298343983,2261.5,2261.5,2261.5,0.0,0.014298382011487192,0.0,0.0,0.0,0.9957072405287,0.0002517398159996463,0.0
10623.275732871813,177.05459554786356,井浆慢替,0.9962819843599178,0.9962819843599178,2261.5,2261.5,2261.5,0.0,0.014198305680799878,0.0,0.0,0.0,0.995736711443771,0.00025061666014289765,0.0
10627.275732871813,177.12126221453022,井浆慢替,0.9963088300371099,0.9963088300371099,2261.5,2261.5,2261.5,0.0,0.014099327094836616,0.0,0.0,0.0,0.9957658762059924,0.0002494998414916971,0.0
10631.275732871813,177.18792888119688,井浆慢替,0.9963353692431228,0.9963353692431228,2261.5,2261.5,2261.5,0.0,0.014001438827113206,0.0,0.0,0.0,0.995794736768818,0.0002483893680037611,0.0
10635.275732871813,177.25459554786354,井浆慢替,0.996361604393302,0.996361604393302,2261.5,2261.5,2261.5,0.0,0.013904633278402023,0.0,0.0,0.0,0.995823295123062,0.0002472852471731786,0.0
10639.275732871813,177.3212622145302,井浆慢替,0.9963875379307758,0.9963875379307758,2261.5,2261.5,2261.5,0.0,0.013808902717544373,0.0,0.0,0.0,0.9958515532865913,0.0002461874855488122,0.0
10643.275732871813,177.38792888119687,井浆慢替,0.9964131722849813,0.9964131722849813,2261.5,2261.5,2261.5,0.0,0.013714239444333061,0.0,0.0,0.0,0.9958795132704227,0.00024509608898377503,0.0
10647.275732871813,177.45459554786353,井浆慢替,0.9964385099180469,0.9964385099180469,2261.5,2261.5,2261.5,0.0,0.013620635607710619,0.0,0.0,0.0,0.9959071771180259,0.00024401106437845507,0.0
10651.275732871813,177.5212622145302,井浆慢替,0.9964635532934848,0.9964635532934848,2261.5,2261.5,2261.5,0.0,0.01352808332858273,0.0,0.0,0.0,0.9959345468792071,0.0002429324178060141,0.0
10655.275732871813,177.5879288811969,井浆慢替,0.996488304899384,0.996488304899384,2261.5,2261.5,2261.5,0.0,0.013436574608963624,0.0,0.0,0.0,0.9959616246335478,0.00024186015572586462,0.0
10659.275732871813,177.65459554786355,井浆慢替,0.9965127672373082,0.9965127672373082,2261.5,2261.5,2261.5,0.0,0.013346101375575207,0.0,0.0,0.0,0.9959884124815817,0.0002407942838687951,0.0
10663.275732871813,177.7212622145302,井浆慢替,0.9965369428465487,0.9965369428465487,2261.5,2261.5,2261.5,0.0,0.013256655384884417,0.0,0.0,0.0,0.9960149125553318,0.00023973480764808423,0.0
10667.275732871813,177.78792888119688,井浆慢替,0.9965608342708119,0.9965608342708119,2261.5,2261.5,2261.5,0.0,0.013168228353721063,0.0,0.0,0.0,0.9960411269952741,0.0002386817314859102,0.0
10671.275732871813,177.85459554786354,井浆慢替,0.9965844440669647,0.9965844440669647,2261.5,2261.5,2261.5,0.0,0.013080811925036472,0.0,0.0,0.0,0.9960670579593985,0.00023763505990197684,0.0
10675.275732871813,177.9212622145302,井浆慢替,0.9966077748080927,0.9966077748080927,2261.5,2261.5,2261.5,0.0,0.012994397655938598,0.0,0.0,0.0,0.996092707622741,0.0002365947973248587,0.0
10679.275732871813,177.98792888119686,井浆慢替,0.9966308290751605,0.9966308290751605,2261.5,2261.5,2261.5,0.0,0.012908977050477985,0.0,0.0,0.0,0.9961180781754386,0.0002355609479558768,0.0
10683.275732871813,178.05459554786356,井浆慢替,0.9966536094693528,0.9966536094693528,2261.5,2261.5,2261.5,0.0,0.012824541511359533,0.0,0.0,0.0,0.9961431718284017,0.0002345335158381433,0.0
10687.275732871813,178.12126221453022,井浆慢替,0.9966761186087829,0.9966761186087829,2261.5,2261.5,2261.5,0.0,0.012741082352851379,0.0,0.0,0.0,0.9961679908169931,0.0002335125045734646,0.0
10691.275732871813,178.18792888119688,井浆慢替,0.9966983591349801,0.9966983591349801,2261.5,2261.5,2261.5,0.0,0.012658590775522253,0.0,0.0,0.0,0.9961925373999609,0.00023249791718596394,0.0
10695.275732871813,178.25459554786354,井浆慢替,0.9967203337003,0.9967203337003,2261.5,2261.5,2261.5,0.0,0.012577057915647349,0.0,0.0,0.0,0.9962168138543362,0.0002314897559268001,0.0
10699.275732871813,178.3212622145302,井浆慢替,0.9967420449715372,0.9967420449715372,2261.5,2261.5,2261.5,0.0,0.012496474831165744,0.0,0.0,0.0,0.9962408224760586,0.00023048802263529944,0.0
10703.275732871813,178.38792888119687,井浆慢替,0.9967634956128872,0.9967634956128872,2261.5,2261.5,2261.5,0.0,0.012416832568669994,0.0,0.0,0.0,0.9962645655642058,0.00022949271871405036,0.0
10707.275732871813,178.45459554786353,井浆慢替,0.9967846883059231,0.9967846883059231,2261.5,2261.5,2261.5,0.0,0.012338122085155633,0.0,0.0,0.0,0.9962880454422252,0.0002285038457587998,0.0
10711.275732871813,178.5212622145302,井浆慢替,0.9968056257475776,0.9968056257475776,2261.5,2261.5,2261.5,0.0,0.012260334256081726,0.0,0.0,0.0,0.996311264454282,0.00022752140450700177,0.0
10715.275732871813,178.5879288811969,井浆慢替,0.9968263106538402,0.9968263106538402,2261.5,2261.5,2261.5,0.0,0.01218345986096024,0.0,0.0,0.0,0.9963342249670771,0.0002265453948764365,0.0
10719.275732871813,178.65459554786355,井浆慢替,0.9968467457518064,0.9968467457518064,2261.5,2261.5,2261.5,0.0,0.012107489614605222,0.0,0.0,0.0,0.9963569293655892,0.00022557581586710605,0.0
10723.275732871813,178.7212622145302,井浆慢替,0.9968669337753354,0.9968669337753354,2261.5,2261.5,2261.5,0.0,0.012032414184321938,0.0,0.0,0.0,0.9963793800514122,0.00022461266568521543,0.0
10727.275732871813,178.78792888119688,井浆慢替,0.9968868774600357,0.9968868774600357,2261.5,2261.5,2261.5,0.0,0.011958224209771167,0.0,0.0,0.0,0.9964015794316736,0.0002236559417792753,0.0
10731.275732871813,178.85459554786354,井浆慢替,0.9969065795504949,0.9969065795504949,2261.5,2261.5,2261.5,0.0,0.01188491027468317,0.0,0.0,0.0,0.9964235299296024,0.00022270564129069794,0.0
10735.275732871813,178.9212622145302,井浆慢替,0.9969260427897646,0.9969260427897646,2261.5,2261.5,2261.5,0.0,0.011812462948250564,0.0,0.0,0.0,0.9964452339768762,0.0002217617605798095,0.0
10739.275732871813,178.98792888119686,井浆慢替,0.9969452699346966,0.9969452699346966,2261.5,2261.5,2261.5,0.0,0.011740872725127659,0.0,0.0,0.0,0.996466694027339,0.00022082429544388206,0.0
10743.275732871813,179.05459554786356,井浆慢替,0.9969642637623378,0.9969642637623378,2261.5,2261.5,2261.5,0.0,0.011670130000491085,0.0,0.0,0.0,0.996487912558209,0.00021989324030459353,0.0
10747.275732871813,179.12126221453022,井浆慢替,0.9969830270461457,0.9969830270461457,2261.5,2261.5,2261.5,0.0,0.011600225163395178,0.0,0.0,0.0,0.9965088920520436,0.0002189685880319266,0.0
10751.275732871813,179.18792888119688,井浆慢替,0.997001562554073,0.997001562554073,2261.5,2261.5,2261.5,0.0,0.011531148604436863,0.0,0.0,0.0,0.996529634995132,0.0002180503308914989,0.0
10755.275732871813,179.25459554786354,井浆慢替,0.9970198730588881,0.9970198730588881,2261.5,2261.5,2261.5,0.0,0.011462890675446832,0.0,0.0,0.0,0.9965501438908619,0.0002171384605885904,0.0
10759.275732871813,179.3212622145302,井浆慢替,0.9970379613248928,0.9970379613248928,2261.5,2261.5,2261.5,0.0,0.011395441741808897,0.0,0.0,0.0,0.9965704212391194,0.00021623296738576957,0.0
10763.275732871813,179.38792888119687,井浆慢替,0.9970558301165404,0.9970558301165404,2261.5,2261.5,2261.5,0.0,0.011328792148769841,0.0,0.0,0.0,0.9965904695486802,0.00021533384112668296,0.0
10767.275732871813,179.45459554786353,井浆慢替,0.9970734822121137,0.9970734822121137,2261.5,2261.5,2261.5,0.0,0.01126293216791773,0.0,0.0,0.0,0.9966102913497216,0.00021444107054383393,0.0
10771.275732871813,179.5212622145302,井浆慢替,0.9970909203890538,0.9970909203890538,2261.5,2261.5,2261.5,0.0,0.01119785205480921,0.0,0.0,0.0,0.9966298891813263,0.0002135546424962511,0.0
10775.275732871813,179.5879288811969,井浆慢替,0.9971081474150639,0.9971081474150639,2261.5,2261.5,2261.5,0.0,0.011133542084069987,0.0,0.0,0.0,0.996649265584667,0.00021267454258648745,0.0
10779.275732871813,179.65459554786355,井浆慢替,0.9971251660419849,0.9971251660419849,2261.5,2261.5,2261.5,0.0,0.011069992573646555,0.0,0.0,0.0,0.9966684230918785,0.00021180075533130073,0.0
10783.275732871813,179.7212622145302,井浆慢替,0.9971419790224682,0.9971419790224682,2261.5,2261.5,2261.5,0.0,0.011007193819542373,0.0,0.0,0.0,0.9966873642447179,0.00021093326476776447,0.0
10787.275732871813,179.78792888119688,井浆慢替,0.9971585890942976,0.9971585890942976,2261.5,2261.5,2261.5,0.0,0.01094513615747093,0.0,0.0,0.0,0.9967060915798392,0.00021007205336143358,0.0
10791.275732871813,179.85459554786354,井浆慢替,0.9971749989929378,0.9971749989929378,2261.5,2261.5,2261.5,0.0,0.010883809913813682,0.0,0.0,0.0,0.9967246076404975,0.0002092171027840813,0.0
10795.275732871813,179.9212622145302,井浆慢替,0.9971912114602995,0.9971912114602995,2261.5,2261.5,2261.5,0.0,0.010823205371349376,0.0,0.0,0.0,0.9967429149879469,0.00020836839318974238,0.0
10799.275732871813,179.98792888119686,井浆慢替,0.9972072292100266,0.9972072292100266,2261.5,2261.5,2261.5,0.0,0.010763312905648477,0.0,0.0,0.0,0.9967610161622069,0.00020752590247125272,0.0
10803.275732871813,180.05459554786356,井浆慢替,0.9972230549452593,0.9972230549452593,2261.5,2261.5,2261.5,0.0,0.01070412291557944,0.0,0.0,0.0,0.9967789137021282,0.00020668960830682486,0.0
10807.275732871813,180.12126221453022,井浆慢替,0.9972386913547897,0.9972386913547897,2261.5,2261.5,2261.5,0.0,0.010645625838569704,0.0,0.0,0.0,0.9967966101416387,0.000205859487045598,0.0
10811.275732871813,180.18792888119688,井浆慢替,0.9972541411175428,0.9972541411175428,2261.5,2261.5,2261.5,0.0,0.010587812133193769,0.0,0.0,0.0,0.9968141080138266,0.00020503551386634493,0.0
10815.275732871813,180.25459554786354,井浆慢替,0.9972694068922213,0.9972694068922213,2261.5,2261.5,2261.5,0.0,0.010530672319987382,0.0,0.0,0.0,0.9968314098417317,0.00020421766247709838,0.0
10819.275732871813,180.3212622145302,井浆慢替,0.9972844913322628,0.9972844913322628,2261.5,2261.5,2261.5,0.0,0.01047419692295821,0.0,0.0,0.0,0.9968485181530033,0.00020340590560957882,0.0
10823.275732871813,180.38792888119687,井浆慢替,0.9972993970679482,0.9972993970679482,2261.5,2261.5,2261.5,0.0,0.01041837653995441,0.0,0.0,0.0,0.9968654354592458,0.00020260021415600122,0.0
10827.275732871813,180.45459554786353,井浆慢替,0.9973141267098655,0.9973141267098655,2261.5,2261.5,2261.5,0.0,0.010363201829291064,0.0,0.0,0.0,0.9968821642613671,0.0002018005581752849,0.0
10831.275732871813,180.5212622145302,井浆慢替,0.9973286828478001,0.9973286828478001,2261.5,2261.5,2261.5,0.0,0.0103086635142907,0.0,0.0,0.0,0.9968987070485036,0.00020100690661906654,0.0
10835.275732871813,180.5879288811969,井浆慢替,0.9973430680566322,0.9973430680566322,2261.5,2261.5,2261.5,0.0,0.010254752360350833,0.0,0.0,0.0,0.9969150663032964,0.00020021922733601635,0.0
10839.275732871813,180.65459554786355,井浆慢替,0.9973572848879315,0.9973572848879315,2261.5,2261.5,2261.5,0.0,0.010201459208101915,0.0,0.0,0.0,0.996931244493735,0.00019943748673495102,0.0
10843.275732871813,180.7212622145302,井浆慢替,0.9973713358716655,0.9973713358716655,2261.5,2261.5,2261.5,0.0,0.010148774966917245,0.0,0.0,0.0,0.9969472440770438,0.00019866165023523587,0.0
10847.275732871813,180.78792888119688,井浆慢替,0.9973852235199003,0.9973852235199003,2261.5,2261.5,2261.5,0.0,0.010096690600608275,0.0,0.0,0.0,0.996963067498025,0.00019789168201302072,0.0
10851.275732871813,180.85459554786354,井浆慢替,0.9973989503175323,0.9973989503175323,2261.5,2261.5,2261.5,0.0,0.010045197163967215,0.0,0.0,0.0,0.9969787171825366,0.00019712754506920503,0.0
10855.275732871813,180.9212622145302,井浆慢替,0.997412518724273,0.997412518724273,2261.5,2261.5,2261.5,0.0,0.009994285795196376,0.0,0.0,0.0,0.9969941955391587,0.00019636920154635017,0.0
10859.275732871813,180.98792888119686,井浆慢替,0.9974259311738345,0.9974259311738345,2261.5,2261.5,2261.5,0.0,0.009943947719319049,0.0,0.0,0.0,0.9970095049582531,0.00019561661264054508,0.0
10863.275732871813,181.05459554786356,井浆慢替,0.9974391900818904,0.9974391900818904,2261.5,2261.5,2261.5,0.0,0.009894174217161704,0.0,0.0,0.0,0.9970246478194277,0.00019486973864476302,0.0
10867.275732871813,181.12126221453022,井浆慢替,0.9974522978352353,0.9974522978352353,2261.5,2261.5,2261.5,0.0,0.009844956668066913,0.0,0.0,0.0,0.9970396264808596,0.00019412853848218236,0.0
10871.275732871813,181.18792888119688,井浆慢替,0.9974652567922109,0.9974652567922109,2261.5,2261.5,2261.5,0.0,0.009796286548445794,0.0,0.0,0.0,0.9970544432814741,0.0001933929703291749,0.0
10875.275732871813,181.25459554786354,井浆慢替,0.9974780692875069,0.9974780692875069,2261.5,2261.5,2261.5,0.0,0.009748155413167798,0.0,0.0,0.0,0.9970691005415109,0.00019266299151405572,0.0
10879.275732871813,181.3212622145302,井浆慢替,0.9974907376284363,0.9974907376284363,2261.5,2261.5,2261.5,0.0,0.009700554910375943,0.0,0.0,0.0,0.9970836005598401,0.00019193855842343835,0.0
10883.275732871813,181.38792888119687,井浆慢替,0.9975032640889331,0.9975032640889331,2261.5,2261.5,2261.5,0.0,0.009653476805224466,0.0,0.0,0.0,0.9970979456090012,0.00019121962672887015,0.0
10887.275732871813,181.45459554786353,井浆慢替,0.9975156509181698,0.9975156509181698,2261.5,2261.5,2261.5,0.0,0.009606912946326021,0.0,0.0,0.0,0.9971121379428296,0.00019050615163653287,0.0
10891.275732871813,181.5212622145302,井浆慢替,0.9975279003393228,0.9975279003393228,2261.5,2261.5,2261.5,0.0,0.009560855270781864,0.0,0.0,0.0,0.9971261797951192,0.0001897980874617403,0.0
10895.275732871813,181.5879288811969,井浆慢替,0.9975400145457378,0.9975400145457378,2261.5,2261.5,2261.5,0.0,0.009515295819438246,0.0,0.0,0.0,0.9971400733756939,0.00018909538770016542,0.0
10899.275732871813,181.65459554786355,井浆慢替,0.9975519956993241,0.9975519956993241,2261.5,2261.5,2261.5,0.0,0.009470226743404708,0.0,0.0,0.0,0.9971538208685754,0.00018839800528835856,0.0
10903.275732871813,181.7212622145302,井浆慢替,0.9975638459374636,0.9975638459374636,2261.5,2261.5,2261.5,0.0,0.00942564027715999,0.0,0.0,0.0,0.9971674244405277,0.00018770589273734627,0.0
10907.275732871813,181.78792888119688,井浆慢替,0.9975755673631761,0.9975755673631761,2261.5,2261.5,2261.5,0.0,0.009381528777350278,0.0,0.0,0.0,0.9971808862271646,0.00018701900163305038,0.0
10911.275732871813,181.85459554786354,井浆慢替,0.9975871620495137,0.9975871620495137,2261.5,2261.5,2261.5,0.0,0.009337884705764814,0.0,0.0,0.0,0.9971942083387028,0.00018633728346088708,0.0
10915.275732871813,181.9212622145302,井浆慢替,0.9975986320420748,0.9975986320420748,2261.5,2261.5,2261.5,0.0,0.009294700619673761,0.0,0.0,0.0,0.9972073928626265,0.00018566068932900754,0.0
10919.275732871813,181.98792888119686,井浆慢替,0.9976099793569881,0.9976099793569881,2261.5,2261.5,2261.5,0.0,0.009251969179947622,0.0,0.0,0.0,0.9972204418616548,0.0001849891698397416,0.0
10923.275732871813,182.05459554786356,井浆慢替,0.9976212059797399,0.9976212059797399,2261.5,2261.5,2261.5,0.0,0.009209683155870904,0.0,0.0,0.0,0.9972333573720953,0.00018432267519468857,0.0
10927.275732871813,182.12126221453022,井浆慢替,0.9976323138656967,0.9976323138656967,2261.5,2261.5,2261.5,0.0,0.009167835423292314,0.0,0.0,0.0,0.9972461414041425,0.00018366115533313235,0.0
10931.275732871813,182.18792888119688,井浆慢替,0.9976433049397357,0.9976433049397357,2261.5,2261.5,2261.5,0.0,0.009126418966289624,0.0,0.0,0.0,0.9972587959413242,0.00018300455995284794,0.0
10935.275732871813,182.25459554786354,井浆慢替,0.9976541810952921,0.9976541810952921,2261.5,2261.5,2261.5,0.0,0.009085426881106914,0.0,0.0,0.0,0.9972713229393936,0.00018235283856565492,0.0
10939.275732871813,182.3212622145302,井浆慢替,0.997664944198651,0.997664944198651,2261.5,2261.5,2261.5,0.0,0.009044852359536679,0.0,0.0,0.0,0.9972837243323496,0.00018170594060979206,0.0
10943.275732871813,182.38792888119687,井浆慢替,0.9976755960830291,0.9976755960830291,2261.5,2261.5,2261.5,0.0,0.009004688712320493,0.0,0.0,0.0,0.9972960020220853,0.00018106381510856354,0.0
10947.275732871813,182.45459554786353,井浆慢替,0.9976861385565684,0.9976861385565684,2261.5,2261.5,2261.5,0.0,0.008964929338015118,0.0,0.0,0.0,0.9973081578884874,0.0001804264113176592,0.0
10951.275732871813,182.5212622145302,井浆慢替,0.9976965733954555,0.9976965733954555,2261.5,2261.5,2261.5,0.0,0.00892556775015525,0.0,0.0,0.0,0.9973201937823353,0.00017979367816868866,0.0
10955.275732871813,182.5879288811969,井浆慢替,0.997706902347347,0.997706902347347,2261.5,2261.5,2261.5,0.0,0.008886597564018885,0.0,0.0,0.0,0.9973321115286062,0.00017916556473697112,0.0
10959.275732871813,182.65459554786355,井浆慢替,0.9977171271270429,0.9977171271270429,2261.5,2261.5,2261.5,0.0,0.008848012513796777,0.0,0.0,0.0,0.9973439129221131,0.0001785420200901692,0.0
10963.275732871813,182.7212622145302,井浆慢替,0.9977272494213588,0.9977272494213588,2261.5,2261.5,2261.5,0.0,0.00880980643368013,0.0,0.0,0.0,0.997355599731932,0.00017792299356319283,0.0
10967.275732871813,182.78792888119688,井浆慢替,0.9977372708891162,0.9977372708891162,2261.5,2261.5,2261.5,0.0,0.008771973258098325,0.0,0.0,0.0,0.9973671737012448,0.00017730843452730592,0.0
10971.275732871813,182.85459554786354,井浆慢替,0.9977471931605877,0.9977471931605877,2261.5,2261.5,2261.5,0.0,0.008734507024071839,0.0,0.0,0.0,0.9973786365466465,0.00017669829243827486,0.0
10975.275732871813,182.9212622145302,井浆慢替,0.9977570178406489,0.9977570178406489,2261.5,2261.5,2261.5,0.0,0.00869740185903706,0.0,0.0,0.0,0.9973899899611417,0.0001760925169230656,0.0
10979.275732871813,182.98792888119686,井浆慢替,0.9977667465042076,0.9977667465042076,2261.5,2261.5,2261.5,0.0,0.008660651998954223,0.0,0.0,0.0,0.9974012356109367,0.00017549105762484452,0.0
10983.275732871813,183.05459554786356,井浆慢替,0.9977763806970252,0.9977763806970252,2261.5,2261.5,2261.5,0.0,0.008624251785278085,0.0,0.0,0.0,0.9974123751330166,0.0001748938644396853,0.0
10987.275732871813,183.12126221453022,井浆慢替,0.9977859219362419,0.9977859219362419,2261.5,2261.5,2261.5,0.0,0.008588195663078979,0.0,0.0,0.0,0.9974234101369657,0.00017430088768913504,0.0
10991.275732871813,183.18792888119688,井浆慢替,0.9977953717119797,0.9977953717119797,2261.5,2261.5,2261.5,0.0,0.008552478174924666,0.0,0.0,0.0,0.9974343422066729,0.0001737120780556383,0.0
10995.275732871813,183.25459554786354,井浆慢替,0.9978047314890418,0.9978047314890418,2261.5,2261.5,2261.5,0.0,0.00851709395440084,0.0,0.0,0.0,0.9974451729018124,0.00017312738652765222,0.0
10999.275732871813,183.3212622145302,井浆慢替,0.9978140027076909,0.9978140027076909,2261.5,2261.5,2261.5,0.0,0.008482037723220813,0.0,0.0,0.0,0.9974559037585532,0.0001725467643286654,0.0
11003.275732871813,183.38792888119687,井浆慢替,0.9978231867807301,0.9978231867807301,2261.5,2261.5,2261.5,0.0,0.008447304302836954,0.0,0.0,0.0,0.997466536286587,0.0001719701629262606,0.0
11007.275732871813,183.45459554786353,井浆慢替,0.9978322850940853,0.9978322850940853,2261.5,2261.5,2261.5,0.0,0.008412888612334812,0.0,0.0,0.0,0.9974770719695016,0.00017139753423481426,0.0
11011.275732871813,183.5212622145302,井浆慢替,0.9978412990077413,0.9978412990077413,2261.5,2261.5,2261.5,0.0,0.008378785664927666,0.0,0.0,0.0,0.9974875122655538,0.00017082883061755793,0.0
11015.275732871813,183.5879288811969,井浆慢替,0.9978502298557523,0.9978502298557523,2261.5,2261.5,2261.5,0.0,0.00834499056807642,0.0,0.0,0.0,0.9974978586075726,0.00017026400488209415,0.0
11019.275732871813,183.65459554786355,井浆慢替,0.9978590789475249,0.9978590789475249,2261.5,2261.5,2261.5,0.0,0.008311498518625216,0.0,0.0,0.0,0.9975081124041588,0.00016970301031908063,0.0
11023.275732871813,183.7212622145302,井浆慢替,0.9978678475687897,0.9978678475687897,2261.5,2261.5,2261.5,0.0,0.00827830479913739,0.0,0.0,0.0,0.9975182750409455,0.00016914580065865593,0.0
11027.275732871813,183.78792888119688,井浆慢替,0.9978765369855532,0.9978765369855532,2261.5,2261.5,2261.5,0.0,0.008245404762553433,0.0,0.0,0.0,0.9975283478847162,0.0001685923300216186,0.0
11031.275732871813,183.85459554786354,井浆慢替,0.9978851484356878,0.9978851484356878,2261.5,2261.5,2261.5,0.0,0.008212793865328697,0.0,0.0,0.0,0.9975383322730474,0.00016804255268171927,0.0
11035.275732871813,183.9212622145302,井浆慢替,0.997893683134214,0.997893683134214,2261.5,2261.5,2261.5,0.0,0.008180467646853418,0.0,0.0,0.0,0.9975482295208132,0.00016749642375162903,0.0
11039.275732871813,183.98792888119686,井浆慢替,0.9979021422738613,0.9979021422738613,2261.5,2261.5,2261.5,0.0,0.008148421727424466,0.0,0.0,0.0,0.997558040920638,0.0001669538988135317,0.0
11043.275732871813,184.05459554786356,井浆慢替,0.9979105270240071,0.9979105270240071,2261.5,2261.5,2261.5,0.0,0.008116651812520123,0.0,0.0,0.0,0.9975677677417416,0.00016641493391501223,0.0
11047.275732871813,184.12126221453022,井浆慢替,0.9979188385316662,0.9979188385316662,2261.5,2261.5,2261.5,0.0,0.008085153689089191,0.0,0.0,0.0,0.9975774112309035,0.00016587948567602323,0.0
11051.275732871813,184.18792888119688,井浆慢替,0.9979270779225301,0.9979270779225301,2261.5,2261.5,2261.5,0.0,0.008053923221594596,0.0,0.0,0.0,0.9975869726133613,0.00016534751125673003,0.0
11055.275732871813,184.25459554786354,井浆慢替,0.9979352463036779,0.9979352463036779,2261.5,2261.5,2261.5,0.0,0.008022956341522034,0.0,0.0,0.0,0.9975964530955813,0.000164818968321193,0.0
11059.275732871813,184.3212622145302,井浆慢替,0.9979433447586765,0.9979433447586765,2261.5,2261.5,2261.5,0.0,0.007992249066729903,0.0,0.0,0.0,0.9976058538602754,0.00016429381489402298,0.0
11063.275732871813,184.38792888119687,井浆慢替,0.9979513743508956,0.9979513743508956,2261.5,2261.5,2261.5,0.0,0.00796179748857902,0.0,0.0,0.0,0.9976151760695735,0.00016377200968231465,0.0
11067.275732871813,184.45459554786353,井浆慢替,0.997959336123379,0.997959336123379,2261.5,2261.5,2261.5,0.0,0.007931597772569157,0.0,0.0,0.0,0.9976244208648126,0.00016325351190800855,0.0
11071.275732871813,184.5212622145302,井浆慢替,0.9979672310987643,0.9979672310987643,2261.5,2261.5,2261.5,0.0,0.007901646158775939,0.0,0.0,0.0,0.9976335893664414,0.0001627382813445923,0.0
11075.275732871813,184.5879288811969,井浆慢替,0.9979750602807539,0.9979750602807539,2261.5,2261.5,2261.5,0.0,0.007871938956210505,0.0,0.0,0.0,0.9976426826754712,0.00016222627834630362,0.0
11079.275732871813,184.65459554786355,井浆慢替,0.9979828246544993,0.9979828246544993,2261.5,2261.5,2261.5,0.0,0.00784247254142749,0.0,0.0,0.0,0.9976517018745682,0.00016171746377411264,0.0
11083.275732871813,184.7212622145302,井浆慢替,0.9979905251865564,0.9979905251865564,2261.5,2261.5,2261.5,0.0,0.00781324335881829,0.0,0.0,0.0,0.9976606480266857,0.00016121179895102662,0.0
11087.275732871813,184.78792888119688,井浆慢替,0.9979981628249587,0.9979981628249587,2261.5,2261.5,2261.5,0.0,0.00778424792044812,0.0,0.0,0.0,0.9976695221752727,0.00016070924576327557,0.0
11091.275732871813,184.85459554786354,井浆慢替,0.9980057385003152,0.9980057385003152,2261.5,2261.5,2261.5,0.0,0.007755482801844071,0.0,0.0,0.0,0.9976783253457615,0.00016020976667142028,0.0
11095.275732871813,184.9212622145302,井浆慢替,0.9980132531243071,0.9980132531243071,2261.5,2261.5,2261.5,0.0,0.007726944648024087,0.0,0.0,0.0,0.9976870585439505,0.0001597133246412506,0.0
11099.275732871813,184.98792888119686,井浆慢替,0.9980207075912241,0.9980207075912241,2261.5,2261.5,2261.5,0.0,0.007698630167560039,0.0,0.0,0.0,0.9976957227575649,0.00015921988326605678,0.0
11103.275732871813,185.05459554786356,井浆慢替,0.9980281027784965,0.9980281027784965,2261.5,2261.5,2261.5,0.0,0.007670536130615625,0.0,0.0,0.0,0.9977043189567617,0.0001587294066859127,0.0
11107.275732871813,185.12126221453022,井浆慢替,0.9980354395477496,0.9980354395477496,2261.5,2261.5,2261.5,0.0,0.00764265936489966,0.0,0.0,0.0,0.9977128480951746,0.0001582418595699516,0.0
11111.275732871813,185.18792888119688,井浆慢替,0.9980427187443666,0.9980427187443666,2261.5,2261.5,2261.5,0.0,0.00761499675749692,0.0,0.0,0.0,0.9977213111094814,0.00015775720706524062,0.0
11115.275732871813,185.25459554786354,井浆慢替,0.9980499411981949,0.9980499411981949,2261.5,2261.5,2261.5,0.0,0.0075875452521797304,0.0,0.0,0.0,0.997729708920015,0.00015727541484332602,0.0
11119.275732871813,185.3212622145302,井浆慢替,0.9980571077244105,0.9980571077244105,2261.5,2261.5,2261.5,0.0,0.007560301846129662,0.0,0.0,0.0,0.9977380424317096,0.0001567964490745551,0.0
11123.275732871813,185.38792888119687,井浆慢替,0.998064219120732,0.998064219120732,2261.5,2261.5,2261.5,0.0,0.007533263600948538,0.0,0.0,0.0,0.9977463125312223,0.00015632027638716098,0.0
11127.275732871813,185.45459554786353,井浆慢替,0.9980712761701181,0.9980712761701181,2261.5,2261.5,2261.5,0.0,0.007506427632178027,0.0,0.0,0.0,0.997754520089584,0.00015584686405786536,0.0
11131.275732871813,185.5212622145302,井浆慢替,0.998078279640831,0.998078279640831,2261.5,2261.5,2261.5,0.0,0.00747979110914248,0.0,0.0,0.0,0.9977626659622725,0.00015537617985791265,0.0
11135.275732871813,185.5879288811969,井浆慢替,0.9980852302869135,0.9980852302869135,2261.5,2261.5,2261.5,0.0,0.00745335125316391,0.0,0.0,0.0,0.997770750989662,0.0001549081920600289,0.0
11139.275732871813,185.65459554786355,井浆慢替,0.9980921288493284,0.9980921288493284,2261.5,2261.5,2261.5,0.0,0.007427105333187272,0.0,0.0,0.0,0.9977787759982335,0.00015444286943114264,0.0
11143.275732871813,185.7212622145302,井浆慢替,0.9980989760554623,0.9980989760554623,2261.5,2261.5,2261.5,0.0,0.00740105066779864,0.0,0.0,0.0,0.9977867418004713,0.000153980181157764,0.0
11147.275732871813,185.78792888119688,井浆慢替,0.9981057726192101,0.9981057726192101,2261.5,2261.5,2261.5,0.0,0.007375184624982287,0.0,0.0,0.0,0.9977946491943182,0.0001535200968685437,0.0
11151.275732871813,185.85459554786354,井浆慢替,0.9981125192404534,0.9981125192404534,2261.5,2261.5,2261.5,0.0,0.007349504624250714,0.0,0.0,0.0,0.9978024989623998,0.00015306258667504365,0.0
11155.275732871813,185.9212622145302,井浆慢替,0.9981192166058032,0.9981192166058032,2261.5,2261.5,2261.5,0.0,0.007324008133805139,0.0,0.0,0.0,0.9978102918731909,0.00015260762124064936,0.0
11159.275732871813,185.98792888119686,井浆慢替,0.9981258653892707,0.9981258653892707,2261.5,2261.5,2261.5,0.0,0.00729869266798072,0.0,0.0,0.0,0.9978180286816943,0.00015215517172135568,0.0
11163.275732871813,186.05459554786356,井浆慢替,0.9981324662526256,0.9981324662526256,2261.5,2261.5,2261.5,0.0,0.0072735557859295065,0.0,0.0,0.0,0.9978257101297939,0.00015170520973127838,0.0
11167.275732871813,186.12126221453022,井浆慢替,0.9981390198463203,0.9981390198463203,2261.5,2261.5,2261.5,0.0,0.00724859508805211,0.0,0.0,0.0,0.9978333369472121,0.00015125770733109917,0.0
11171.275732871813,186.18792888119688,井浆慢替,0.9981455268091661,0.9981455268091661,2261.5,2261.5,2261.5,0.0,0.007223808217348614,0.0,0.0,0.0,0.9978409098511677,0.0001508126369750535,0.0
11175.275732871813,186.25459554786354,井浆慢替,0.998151987767801,0.998151987767801,2261.5,2261.5,2261.5,0.0,0.007199192861573464,0.0,0.0,0.0,0.9978484295458065,0.00015036997153844713,0.0
11179.275732871813,186.3212622145302,井浆慢替,0.9981584033377299,0.9981584033377299,2261.5,2261.5,2261.5,0.0,0.007174746749224745,0.0,0.0,0.0,0.9978558967232961,0.0001499296843738177,0.0
11183.275732871813,186.38792888119687,井浆慢替,0.9981647741231418,0.9981647741231418,2261.5,2261.5,2261.5,0.0,0.007150467650323305,0.0,0.0,0.0,0.9978633120635823,0.00014949174924229093,0.0
11187.275732871813,186.45459554786353,井浆慢替,0.9981711007170723,0.9981711007170723,2261.5,2261.5,2261.5,0.0,0.007126353375853439,0.0,0.0,0.0,0.9978706762345728,0.00014905614033475033,0.0
11191.275732871813,186.5212622145302,井浆慢替,0.9981773837018828,0.9981773837018828,2261.5,2261.5,2261.5,0.0,0.0071024017759318886,0.0,0.0,0.0,0.9978779898926259,0.00014862283227476427,0.0
11195.275732871813,186.5879288811969,井浆慢替,0.9981836236503255,0.9981836236503255,2261.5,2261.5,2261.5,0.0,0.007078610735704227,0.0,0.0,0.0,0.997885253683673,0.00014819180009469605,0.0
11199.275732871813,186.65459554786355,井浆慢替,0.9981898211243946,0.9981898211243946,2261.5,2261.5,2261.5,0.0,0.007054978179904365,0.0,0.0,0.0,0.9978924682420216,0.0001477630191729434,0.0
11203.275732871813,186.7212622145302,井浆慢替,0.9981959766762518,0.9981959766762518,2261.5,2261.5,2261.5,0.0,0.007031502069286478,0.0,0.0,0.0,0.9978996341913047,0.00014733646531780095,0.0
11207.275732871813,186.78792888119688,井浆慢替,0.9982020908485474,0.9982020908485474,2261.5,2261.5,2261.5,0.0,0.007008180399424836,0.0,0.0,0.0,0.9979067521447983,0.00014691211470519369,0.0
11211.275732871813,186.85459554786354,井浆慢替,0.998208164173712,0.998208164173712,2261.5,2261.5,2261.5,0.0,0.006985011203545301,0.0,0.0,0.0,0.9979138227046546,0.00014648994386903978,0.0
11215.275732871813,186.9212622145302,井浆慢替,0.9982141971748615,0.9982141971748615,2261.5,2261.5,2261.5,0.0,0.0069619925490319355,0.0,0.0,0.0,0.9979208464628533,0.00014606992976041764,0.0
11219.275732871813,186.98792888119686,井浆慢替,0.9982201903661457,0.9982201903661457,2261.5,2261.5,2261.5,0.0,0.00693912253611285,0.0,0.0,0.0,0.9979278240015794,0.00014565204969239733,0.0
11223.275732871813,187.05459554786356,井浆慢替,0.9982261442532959,0.9982261442532959,2261.5,2261.5,2261.5,0.0,0.0069163992957673864,0.0,0.0,0.0,0.9979347558943298,0.00014523628132202248,0.0
11227.275732871813,187.12126221453022,井浆慢替,0.9982320593324846,0.9982320593324846,2261.5,2261.5,2261.5,0.0,0.00689382099424973,0.0,0.0,0.0,0.9979416427035213,0.00014482260258351216,0.0
11231.275732871813,187.18792888119688,井浆慢替,0.9982379360912436,0.9982379360912436,2261.5,2261.5,2261.5,0.0,0.006871385829528132,0.0,0.0,0.0,0.9979484849821417,0.00014441099185123917,0.0
11235.275732871813,187.25459554786354,井浆慢替,0.9982437750097611,0.9982437750097611,2261.5,2261.5,2261.5,0.0,0.0068490920262641525,0.0,0.0,0.0,0.9979552832750836,0.0001440014278388947,0.0
11239.275732871813,187.3212622145302,井浆慢替,0.9982495765589847,0.9982495765589847,2261.5,2261.5,2261.5,0.0,0.006826937843281974,0.0,0.0,0.0,0.9979620381171711,0.00014359388952102757,0.0
11243.275732871813,187.38792888119687,井浆慢替,0.9982553412016841,0.9982553412016841,2261.5,2261.5,2261.5,0.0,0.006804921569454677,0.0,0.0,0.0,0.9979687500342667,0.00014318835626836557,0.0
11247.275732871813,187.45459554786353,井浆慢替,0.9982610693927628,0.9982610693927628,2261.5,2261.5,2261.5,0.0,0.006783041522530157,0.0,0.0,0.0,0.9979754195435604,0.0001427848077820666,0.0
11251.275732871813,187.5212622145302,井浆慢替,0.9982667615796361,0.9982667615796361,2261.5,2261.5,2261.5,0.0,0.006761296047686612,0.0,0.0,0.0,0.9979820471539933,0.00014238322407179508,0.0
11255.275732871813,187.5879288811969,井浆慢替,0.998272418202076,0.998272418202076,2261.5,2261.5,2261.5,0.0,0.006739683518187471,0.0,0.0,0.0,0.9979886333660978,0.00014198358544357628,0.0
11259.275732871813,187.65459554786355,井浆慢替,0.9982780396924321,0.9982780396924321,2261.5,2261.5,2261.5,0.0,0.006718202334554753,0.0,0.0,0.0,0.9979951786722122,0.00014158587251189618,0.0
11263.275732871813,187.7212622145302,井浆慢替,0.9982836264764773,0.9982836264764773,2261.5,2261.5,2261.5,0.0,0.006696850921296898,0.0,0.0,0.0,0.998001683557404,0.00014119006619409875,0.0
11267.275732871813,187.78792888119688,井浆慢替,0.9982891789723758,0.9982891789723758,2261.5,2261.5,2261.5,0.0,0.006675627730988912,0.0,0.0,0.0,0.9980081484983835,0.00014079614765128638,0.0
11271.275732871813,187.85459554786354,井浆慢替,0.9982946975908921,0.9982946975908921,2261.5,2261.5,2261.5,0.0,0.006654531243498836,0.0,0.0,0.0,0.998014573963699,0.00014040409836095093,0.0
11275.275732871813,187.9212622145302,井浆慢替,0.9983001827359823,0.9983001827359823,2261.5,2261.5,2261.5,0.0,0.0066335599637039255,0.0,0.0,0.0,0.9980209604143729,0.00014001390011398186,0.0
11279.275732871813,187.98792888119686,井浆慢替,0.9983056348048621,0.9983056348048621,2261.5,2261.5,2261.5,0.0,0.006612712421262591,0.0,0.0,0.0,0.9980273083039735,0.00013962553497830633,0.0
11283.275732871813,188.05459554786356,井浆慢替,0.998311054188339,0.998311054188339,2261.5,2261.5,2261.5,0.0,0.0065919871693413895,0.0,0.0,0.0,0.9980336180789494,0.0001392389852942905,0.0
11287.275732871813,188.12126221453022,井浆慢替,0.9983164412709112,0.9983164412709112,2261.5,2261.5,2261.5,0.0,0.00657138278427101,0.0,0.0,0.0,0.9980398901787426,0.0001388542336616966,0.0
11291.275732871813,188.18792888119688,井浆慢替,0.9983217964309749,0.9983217964309749,2261.5,2261.5,2261.5,0.0,0.006550897864767126,0.0,0.0,0.0,0.9980461250360367,0.0001384712629332384,0.0
11295.275732871813,188.25459554786354,井浆慢替,0.9983271200409501,0.9983271200409501,2261.5,2261.5,2261.5,0.0,0.006530531031459376,0.0,0.0,0.0,0.9980523230768762,0.0001380900562053974,0.0
11299.275732871813,188.3212622145302,井浆慢替,0.9983324124668078,0.9983324124668078,2261.5,2261.5,2261.5,0.0,0.006510280928791418,0.0,0.0,0.0,0.9980584847201528,0.0001377105968137102,0.0
11303.275732871813,188.38792888119687,井浆慢替,0.99833767406829,0.99833767406829,2261.5,2261.5,2261.5,0.0,0.006490146224184916,0.0,0.0,0.0,0.9980646103778752,0.00013733286836543437,0.0
11307.275732871813,188.45459554786353,井浆慢替,0.9983429051993153,0.9983429051993153,2261.5,2261.5,2261.5,0.0,0.006470125606476746,0.0,0.0,0.0,0.998070700455526,0.000136956854733188,0.0
11311.275732871813,188.5212622145302,井浆慢替,0.9983481062080508,0.9983481062080508,2261.5,2261.5,2261.5,0.0,0.006450217785673896,0.0,0.0,0.0,0.998076755352181,0.0001365825400275678,0.0
11315.275732871813,188.5879288811969,井浆慢替,0.9983532774370749,0.9983532774370749,2261.5,2261.5,2261.5,0.0,0.006430421492344511,0.0,0.0,0.0,0.9980827754606758,0.0001362099085954308,0.0
11319.275732871813,188.65459554786355,井浆慢替,0.9983584192242293,0.9983584192242293,2261.5,2261.5,2261.5,0.0,0.006410735474298796,0.0,0.0,0.0,0.9980887611688241,0.0001358389450139232,0.0
11323.275732871813,188.7212622145302,井浆慢替,0.998363531901588,0.998363531901588,2261.5,2261.5,2261.5,0.0,0.006391158500667889,0.0,0.0,0.0,0.9980947128577058,0.0001354696340124126,0.0
11327.275732871813,188.78792888119688,井浆慢替,0.9983686157959393,0.9983686157959393,2261.5,2261.5,2261.5,0.0,0.006371689360035855,0.0,0.0,0.0,0.9981006309024527,0.0001351019605893955,0.0
11331.275732871813,188.85459554786354,井浆慢替,0.9983736712285894,0.9983736712285894,2261.5,2261.5,2261.5,0.0,0.006352326861240087,0.0,0.0,0.0,0.9981065156720907,0.00013473590996301117,0.0
11335.275732871813,188.9212622145302,井浆慢替,0.9983786985159993,0.9983786985159993,2261.5,2261.5,2261.5,0.0,0.006333069830897712,0.0,0.0,0.0,0.9981123675302123,0.00013437146758794492,0.0
11339.275732871813,188.98792888119686,井浆慢替,0.9983836979695745,0.9983836979695745,2261.5,2261.5,2261.5,0.0,0.006313917114256809,0.0,0.0,0.0,0.9981181868347574,0.00013400861911338997,0.0
11343.275732871813,189.05459554786356,井浆慢替,0.9983886698958289,0.9983886698958289,2261.5,2261.5,2261.5,0.0,0.006294867574583717,0.0,0.0,0.0,0.9981239739381838,0.0001336473503993797,0.0
11347.275732871813,189.12126221453022,井浆慢替,0.9983936145964702,0.9983936145964702,2261.5,2261.5,2261.5,0.0,0.006275920092842437,0.0,0.0,0.0,0.9981297291875755,0.0001332876475116525,0.0
11351.275732871813,189.18792888119688,井浆慢替,0.9983985323687743,0.9983985323687743,2261.5,2261.5,2261.5,0.0,0.006257073566257657,0.0,0.0,0.0,0.998135452925038,0.00013292949671810922,0.0
11355.275732871813,189.25459554786354,井浆慢替,0.9984034235057385,0.9984034235057385,2261.5,2261.5,2261.5,0.0,0.006238326907736194,0.0,0.0,0.0,0.9981411454878572,0.000132572884462155,0.0
11359.275732871813,189.3212622145302,井浆慢替,0.9984082882953028,0.9984082882953028,2261.5,2261.5,2261.5,0.0,0.006219679048941712,0.0,0.0,0.0,0.9981468072076961,0.0001322177973581637,0.0
11363.275732871813,189.38792888119687,井浆慢替,0.998413127020986,0.998413127020986,2261.5,2261.5,2261.5,0.0,0.006201128937822529,0.0,0.0,0.0,0.9981524384112616,0.00013186422224571755,0.0
11367.275732871813,189.45459554786353,井浆慢替,0.998417939961965,0.998417939961965,2261.5,2261.5,2261.5,0.0,0.006182675538324611,0.0,0.0,0.0,0.998158039420356,0.00013151214615028875,0.0
11371.275732871813,189.5212622145302,井浆慢替,0.9984227273932769,0.9984227273932769,2261.5,2261.5,2261.5,0.0,0.006164317829619358,0.0,0.0,0.0,0.9981636105521112,0.00013116155627645716,0.0
11375.275732871813,189.5879288811969,井浆慢替,0.9984274895856314,0.9984274895856314,2261.5,2261.5,2261.5,0.0,0.006146054806858576,0.0,0.0,0.0,0.9981691521188142,0.00013081243999911628,0.0
11379.275732871813,189.65459554786355,井浆慢替,0.9984322268057452,0.9984322268057452,2261.5,2261.5,2261.5,0.0,0.0061278854798875034,0.0,0.0,0.0,0.9981746644282375,0.0001304647848770367,0.0
11383.275732871813,189.7212622145302,井浆慢替,0.9984369393166205,0.9984369393166205,2261.5,2261.5,2261.5,0.0,0.006109808872167364,0.0,0.0,0.0,0.9981801477839737,0.00013011857863714057,0.0
11387.275732871813,189.78792888119688,井浆慢替,0.9984416273771547,0.9984416273771547,2261.5,2261.5,2261.5,0.0,0.00609182402232601,0.0,0.0,0.0,0.9981856024850038,0.00012977380914541752,0.0
11391.275732871813,189.85459554786354,井浆慢替,0.9984462912420868,0.9984462912420868,2261.5,2261.5,2261.5,0.0,0.006073929984387615,0.0,0.0,0.0,0.9981910288256304,0.00012943046444626832,0.0
11395.275732871813,189.9212622145302,井浆慢替,0.9984509311622933,0.9984509311622933,2261.5,2261.5,2261.5,0.0,0.006056125826630964,0.0,0.0,0.0,0.9981964270958072,0.00012908853276889928,0.0
11399.275732871813,189.98792888119686,井浆慢替,0.9984555473849405,0.9984555473849405,2261.5,2261.5,2261.5,0.0,0.006038410631016452,0.0,0.0,0.0,0.9982017975812946,0.00012874800250487883,0.0
11403.275732871813,190.05459554786356,井浆慢替,0.9984601401536155,0.9984601401536155,2261.5,2261.5,2261.5,0.0,0.006020783492675206,0.0,0.0,0.0,0.9982071405637931,0.00012840886220165468,0.0
11407.275732871813,190.12126221453022,井浆慢替,0.9984647097083865,0.9984647097083865,2261.5,2261.5,2261.5,0.0,0.006003243519705425,0.0,0.0,0.0,0.9982124563210251,0.0001280711005550148,0.0
11411.275732871813,190.18792888119688,井浆慢替,0.9984692562859789,0.9984692562859789,2261.5,2261.5,2261.5,0.0,0.005985789832488495,0.0,0.0,0.0,0.9982177451269134,0.00012773470640367005,0.0
11415.275732871813,190.25459554786354,井浆慢替,0.9984737801198157,0.9984737801198157,2261.5,2261.5,2261.5,0.0,0.0059684215635514406,0.0,0.0,0.0,0.9982230072516528,0.0001273996687260999,0.0
11419.275732871813,190.3212622145302,井浆慢替,0.9984782814395685,0.9984782814395685,2261.5,2261.5,2261.5,0.0,0.005951137859344893,0.0,0.0,0.0,0.9982282429612507,0.0001270659766339627,0.0
11423.275732871813,190.38792888119687,井浆慢替,0.9984827604714077,0.9984827604714077,2261.5,2261.5,2261.5,0.0,0.0059339378792679035,0.0,0.0,0.0,0.9982334525177468,0.00012673361940159132,0.0
11427.275732871813,190.45459554786353,井浆慢替,0.9984872174381046,0.9984872174381046,2261.5,2261.5,2261.5,0.0,0.005916820795294515,0.0,0.0,0.0,0.9982386361793184,0.00012640258645549193,0.0
11431.275732871813,190.5212622145302,井浆慢替,0.9984916525592061,0.9984916525592061,2261.5,2261.5,2261.5,0.0,0.005899785791301306,0.0,0.0,0.0,0.9982437942004819,0.00012607286736686761,0.0
11435.275732871813,190.5879288811969,井浆慢替,0.9984960660510916,0.9984960660510916,2261.5,2261.5,2261.5,0.0,0.005882832062851909,0.0,0.0,0.0,0.9982489268321578,0.00012574445184198143,0.0
11439.275732871813,190.65459554786355,井浆慢替,0.9985004581271849,0.9985004581271849,2261.5,2261.5,2261.5,0.0,0.005865958816391017,0.0,0.0,0.0,0.9982540343219333,0.00012541732971989557,0.0
11443.275732871813,190.7212622145302,井浆慢替,0.998504828998034,0.998504828998034,2261.5,2261.5,2261.5,0.0,0.005849165268936646,0.0,0.0,0.0,0.9982591169142623,0.00012509149095733246,0.0
11447.275732871813,190.78792888119688,井浆慢替,0.998509178871118,0.998509178871118,2261.5,2261.5,2261.5,0.0,0.005832450648854852,0.0,0.0,0.0,0.9982641748499029,0.0001247669256126408,0.0
11451.275732871813,190.85459554786354,井浆慢替,0.9985135079508116,0.9985135079508116,2261.5,2261.5,2261.5,0.0,0.005815814196010929,0.0,0.0,0.0,0.9982692083661011,0.00012444362389094966,0.0
11455.275732871813,190.9212622145302,井浆慢替,0.9985178164385196,0.9985178164385196,2261.5,2261.5,2261.5,0.0,0.005799255161256778,0.0,0.0,0.0,0.9982742176967208,0.00012412157613199217,0.0
11459.275732871813,190.98792888119686,井浆慢替,0.9985221045329045,0.9985221045329045,2261.5,2261.5,2261.5,0.0,0.005782772805547588,0.0,0.0,0.0,0.9982792030724952,0.00012380077280358304,0.0
11463.275732871813,191.05459554786356,井浆慢替,0.9985263724297301,0.9985263724297301,2261.5,2261.5,2261.5,0.0,0.0057663664005735355,0.0,0.0,0.0,0.9982841647208803,0.0001234812044875863,0.0
11467.275732871813,191.12126221453022,井浆慢替,0.9985306203219497,0.9985306203219497,2261.5,2261.5,2261.5,0.0,0.005750035228417618,0.0,0.0,0.0,0.9982891028661467,0.00012316286188795406,0.0
11471.275732871813,191.18792888119688,井浆慢替,0.9985348483998397,0.9985348483998397,2261.5,2261.5,2261.5,0.0,0.005733778581052682,0.0,0.0,0.0,0.9982940177295071,0.00012284573582872497,0.0
11475.275732871813,191.25459554786354,井浆慢替,0.9985390568510049,0.9985390568510049,2261.5,2261.5,2261.5,0.0,0.005717595760328846,0.0,0.0,0.0,0.9982989095291308,0.00012252981724643743,0.0
11479.275732871813,191.3212622145302,井浆慢替,0.9985432458609125,0.9985432458609125,2261.5,2261.5,2261.5,0.0,0.005701486075887251,0.0,0.0,0.0,0.9983037784807395,0.00012221509718866934,0.0
11483.275732871813,191.38792888119687,井浆慢替,0.9985474156120658,0.9985474156120658,2261.5,2261.5,2261.5,0.0,0.0056854488484188274,0.0,0.0,0.0,0.9983086247966921,0.00012190156678008152,0.0
11487.275732871813,191.45459554786353,井浆慢替,0.9985515662843124,0.9985515662843124,2261.5,2261.5,2261.5,0.0,0.005669483408457658,0.0,0.0,0.0,0.9983134486863302,0.00012158921728355883,0.0
11491.275732871813,191.5212622145302,井浆慢替,0.9985556980550142,0.9985556980550142,2261.5,2261.5,2261.5,0.0,0.0056535890957314355,0.0,0.0,0.0,0.9983182503561621,0.00012127804007545855,0.0
11495.275732871813,191.5879288811969,井浆慢替,0.9985598110991252,0.9985598110991252,2261.5,2261.5,2261.5,0.0,0.005637765258864997,0.0,0.0,0.0,0.998323030009941,0.00012096802663759747,0.0
11499.275732871813,191.65459554786355,井浆慢替,0.9985639055893285,0.9985639055893285,2261.5,2261.5,2261.5,0.0,0.005622011254855672,0.0,0.0,0.0,0.9983277878488134,0.00012065916855277734,0.0
11503.275732871813,191.7212622145302,井浆慢替,0.9985679816960783,0.9985679816960783,2261.5,2261.5,2261.5,0.0,0.005606326448912387,0.0,0.0,0.0,0.9983325240713727,0.00012035145749897569,0.0
11507.275732871813,191.78792888119688,井浆慢替,0.9985720395873112,0.9985720395873112,2261.5,2261.5,2261.5,0.0,0.005590710215605423,0.0,0.0,0.0,0.9983372388733538,0.00012004488523868267,0.0
11511.275732871813,191.85459554786354,井浆慢替,0.9985760794288718,0.9985760794288718,2261.5,2261.5,2261.5,0.0,0.005575161937199647,0.0,0.0,0.0,0.9983419324480998,0.00011973944364565643,0.0
11515.275732871813,191.9212622145302,井浆慢替,0.9985801013842219,0.9985801013842219,2261.5,2261.5,2261.5,0.0,0.005559681004809976,0.0,0.0,0.0,0.9983466049862298,0.00011943512467554262,0.0
11519.275732871813,191.98792888119686,井浆慢替,0.998584105614548,0.998584105614548,2261.5,2261.5,2261.5,0.0,0.005544266817987241,0.0,0.0,0.0,0.9983512566757561,0.00011913192038930292,0.0
11523.275732871813,192.05459554786356,井浆慢替,0.9985880922787895,0.9985880922787895,2261.5,2261.5,2261.5,0.0,0.005528918784615778,0.0,0.0,0.0,0.9983558877021346,0.00011882982294873372,0.0
11527.275732871813,192.12126221453022,井浆慢替,0.9985920615337848,0.9985920615337848,2261.5,2261.5,2261.5,0.0,0.005513636320346034,0.0,0.0,0.0,0.9983604982484129,0.00011852882460964622,0.0
11531.275732871813,192.18792888119688,井浆慢替,0.9985960135343017,0.9985960135343017,2261.5,2261.5,2261.5,0.0,0.005498418848496859,0.0,0.0,0.0,0.9983650884952584,0.00011822891771822919,0.0
11535.275732871813,192.25459554786354,井浆慢替,0.9985999484330607,0.9985999484330607,2261.5,2261.5,2261.5,0.0,0.0054832657999552056,0.0,0.0,0.0,0.9983696586209934,0.00011793009470700875,0.0
11539.275732871813,192.3212622145302,井浆慢替,0.9986038663808957,0.9986038663808957,2261.5,2261.5,2261.5,0.0,0.00546817661256538,0.0,0.0,0.0,0.9983742088018105,0.00011763234809072412,0.0
11543.275732871813,192.38792888119687,井浆慢替,0.9986077675266913,0.9986077675266913,2261.5,2261.5,2261.5,0.0,0.005453150731379936,0.0,0.0,0.0,0.9983787392116125,0.00011733567046047068,0.0
11547.275732871813,192.45459554786353,井浆慢替,0.9986116520172579,0.9986116520172579,2261.5,2261.5,2261.5,0.0,0.0054381876091569165,0.0,0.0,0.0,0.9983832500219367,0.00011704005448819647,0.0
11551.275732871813,192.5212622145302,井浆慢替,0.9986155199974497,0.9986155199974497,2261.5,2261.5,2261.5,0.0,0.005423286705903811,0.0,0.0,0.0,0.998387741402089,0.00011674549293456129,0.0
11555.275732871813,192.5879288811969,井浆慢替,0.9967325625023916,0.9967325625023916,2261.5,2261.5,2261.5,0.0,0.005665986004343289,0.0,0.0,0.0,0.9943202135191972,0.00011645197864201342,0.0
11559.275732871813,192.65459554786355,井浆慢替,0.9960921116423062,0.9960921116423062,2261.5,2261.5,2261.5,0.0,0.007671368406490798,0.0,0.0,0.0006,0.9936536313355838,0.00418815950453452,0.0
11562.850408570943,192.71417347618237,井浆慢替,0.9954746555990168,0.9954746555990168,2261.5,2261.5,2261.5,0.0,0.008954118512263284,0.0,0.0,0.0,0.99302517475441,0.004858903266217217,0.0
11565.676985883834,192.7612830980639,井浆慢替,0.9949759976110957,0.9949759976110957,2261.5,2261.5,2261.5,0.0,0.009720097561928886,0.0,0.0,0.0005,0.9925241688054354,0.005491062909664148,0.0
11568.298342497339,192.80497237495564,井浆慢替,0.9945113932210704,0.9945113932210704,2261.5,2261.5,2261.5,0.0,0.01031152195698072,0.0,0.0,0.0005,0.992061079361074,0.005994985387381089,0.0
11570.628099957905,192.8438016659651,井浆慢替,0.9940982957446318,0.9940982957446318,2261.5,2261.5,2261.5,0.0,0.01077763082742297,0.0,0.0,0.0005,0.9916515269959247,0.006460769615491903,0.0
11572.632300355144,192.87720500591908,井浆慢替,0.9937435754486339,0.9937435754486339,2261.5,2261.5,2261.5,0.0,0.011143125669925084,0.0,0.0,0.0005,0.9913011016044604,0.006872710608363121,0.0
11574.512618797473,192.90854364662454,井浆慢替,0.9934115301565226,0.9934115301565226,2261.5,2261.5,2261.5,0.0,0.011458512028018546,0.0,0.0,0.0005,0.9909738485501344,0.007225185570902248,0.0
11576.386437331363,192.93977395552272,井浆慢替,0.993081361589347,0.993081361589347,2261.5,2261.5,2261.5,0.0,0.011750307811192042,0.0,0.0,0.0004,0.9906489292708076,0.007554357100154149,0.0
11578.292778137464,192.97154630229107,井浆慢替,0.992746217702154,0.992746217702154,2261.5,2261.5,2261.5,0.0,0.01202665427219734,0.0,0.0,0.0005,0.9903194200908739,0.007881184081078437,0.0
11579.997075916124,192.99995126526875,井浆慢替,0.9924476262020521,0.9924476262020521,2261.5,2261.5,2261.5,0.0,0.012262923469923968,0.0,0.0,0.0004,0.9900259838303417,0.008212629910533863,0.0
11581.60684882315,193.02678081371917,井浆慢替,0.9921663878623163,0.9921663878623163,2261.5,2261.5,2261.5,0.0,0.012476790643847017,0.0,0.0,0.0004,0.9897496748576188,0.008507793690346478,0.0
11583.19674851504,193.05327914191733,井浆慢替,0.9918891123923906,0.9918891123923906,2261.5,2261.5,2261.5,0.0,0.012679884831561765,0.0,0.0,0.0004,0.9894772649622188,0.00878573127689357,0.0
11584.825038944518,193.08041731574198,井浆慢替,0.9916056265836279,0.9916056265836279,2261.5,2261.5,2261.5,0.0,0.012879043616316038,0.0,0.0,0.0004,0.9891986970130608,0.00905974660523176,0.0
11586.423509401851,193.10705849003085,井浆慢替,0.9913280697072765,0.9913280697072765,2261.5,2261.5,2261.5,0.0,0.01306717829163385,0.0,0.0,0.0004,0.9889258676700938,0.00933995575895656,0.0
11587.909017055263,193.13181695092103,井浆慢替,0.9910709806370547,0.9910709806370547,2261.5,2261.5,2261.5,0.0,0.01323802069395887,0.0,0.0,0.0004,0.9886730639751371,0.009614393298088966,0.0
11589.349688437922,193.15582814063202,井浆慢替,0.9908221386571945,0.9908221386571945,2261.5,2261.5,2261.5,0.0,0.013400379437354339,0.0,0.0,0.0004,0.9884282699448959,0.009868688857899356,0.0
11590.794367393362,193.1799061232227,井浆慢替,0.9905728397179476,0.9905728397179476,2261.5,2261.5,2261.5,0.0,0.013559612257630386,0.0,0.0,0.0004,0.9881829028767312,0.010114927292813446,0.0
11592.28570352137,193.20476172535615,井浆慢替,0.9903157836611902,0.9903157836611902,2261.5,2261.5,2261.5,0.0,0.013718676678887777,0.0,0.0,0.0004,0.9879297580958428,0.01036174042610863,0.0
11593.73030284057,193.22883838067617,井浆慢替,0.9900674879484536,0.9900674879484536,2261.5,2261.5,2261.5,0.0,0.013869175994333172,0.0,0.0,0.0004,0.9876851051849531,0.010616375548062775,0.0
11595.09734929303,193.25162248821715,井浆慢替,0.9898331866708896,0.9898331866708896,2261.5,2261.5,2261.5,0.0,0.01401015976809577,0.0,0.0,0.0004,0.9874541213331777,0.010862469691879486,0.0
11596.439820483352,193.2739970080559,井浆慢替,0.9896033839185401,0.9896033839185401,2261.5,2261.5,2261.5,0.0,0.014147560804166513,0.0,0.0,0.0004,0.9872274407451372,0.011094815196727125,0.0
11597.796983399494,193.29661638999156,井浆慢替,0.9893711357911128,0.9893711357911128,2261.5,2261.5,2261.5,0.0,0.01428435255621896,0.0,0.0,0.0004,0.9869982024490093,0.011322830899475535,0.0
11599.20506123896,193.32008435398265,井浆慢替,0.9891303459533248,0.9891303459533248,2261.5,2261.5,2261.5,0.0,0.014422105708959892,0.0,0.0,0.0005,0.9867604037194282,0.01155341688448841,0.0
11600.550412955521,193.342506882592,井浆慢替,0.9889008550577081,0.9889008550577081,2261.5,2261.5,2261.5,0.0,0.014551832621031503,0.0,0.0,0.0004,0.9865336402498665,0.011792611737516544,0.0
11601.838714575577,193.36397857625963,井浆慢替,0.9886816279857633,0.9886816279857633,2261.5,2261.5,2261.5,0.0,0.014676037128422349,0.0,0.0,0.0004,0.9863169255420886,0.012020707051376584,0.0
11603.115327560701,193.38525545934502,井浆慢替,0.988464513032637,0.988464513032637,2261.5,2261.5,2261.5,0.0,0.014799045123912169,0.0,0.0,0.0004,0.9861021703068654,0.012238695224075447,0.0
11604.414305641165,193.4069050940194,井浆慢替,0.9882435664781032,0.9882435664781032,2261.5,2261.5,2261.5,0.0,0.014922376337370558,0.0,0.0,0.0004,0.985883493562812,0.012454710447933224,0.0
11605.750854003853,193.4291809000642,井浆慢替,0.9880164203999423,0.9880164203999423,2261.5,2261.5,2261.5,0.0,0.015045776860883408,0.0,0.0,0.0004,0.9856585978126348,0.012674667407827637,0.0
11607.020587243926,193.4503431207321,井浆慢替,0.9878013080239278,0.9878013080239278,2261.5,2261.5,2261.5,0.0,0.015162366517463987,0.0,0.0,0.0004,0.9854455623931506,0.012900878501294162,0.0
11608.249370518655,193.4708228419776,井浆慢替,0.9875934820965666,0.9875934820965666,2261.5,2261.5,2261.5,0.0,0.015275988056064988,0.0,0.0,0.0004,0.9852396588204392,0.013115161671165406,0.0
11609.475194851842,193.4912532475307,井浆慢替,0.9873861540074622,0.9873861540074622,2261.5,2261.5,2261.5,0.0,0.015389649313828423,0.0,0.0,0.0004,0.985034110914474,0.013322271053213382,0.0
11610.727456425244,193.51212427375407,井浆慢替,0.9871742853280557,0.9871742853280557,2261.5,2261.5,2261.5,0.0,0.01550375839250446,0.0,0.0,0.0004,0.984823943460864,0.013529020224539725,0.0
11611.9997708696,193.53332951449332,井浆慢替,0.986959301727685,0.986959301727685,2261.5,2261.5,2261.5,0.0,0.015616694601039016,0.0,0.0,0.0004,0.9846106503871657,0.013740413186638663,0.0
11613.210922578966,193.5535153763161,井浆慢替,0.986755262973296,0.986755262973296,2261.5,2261.5,2261.5,0.0,0.015724329568719976,0.0,0.0,0.0005,0.9844081994934147,0.013954949674882332,0.0
11614.393649569745,193.5732274928291,井浆慢替,0.9865561393566851,0.9865561393566851,2261.5,2261.5,2261.5,0.0,0.01583068786936936,0.0,0.0,0.0004,0.9842105157644373,0.014158582556164947,0.0
11615.58149836295,193.59302497271582,井浆慢替,0.9863560650168428,0.9863560650168428,2261.5,2261.5,2261.5,0.0,0.015937835049837135,0.0,0.0,0.0004,0.9840117357005577,0.01435741898638802,0.0
11616.8018562823,193.61336427137167,井浆慢替,0.9861504346888428,0.9861504346888428,2261.5,2261.5,2261.5,0.0,0.016045412720954826,0.0,0.0,0.0004,0.983807341373901,0.014557355253743957,0.0
11618.025840247139,193.63376400411897,井浆慢替,0.9859445567735974,0.9859445567735974,2261.5,2261.5,2261.5,0.0,0.016150816761370042,0.0,0.0,0.0004,0.9836027237490665,0.014762935782408943,0.0
11619.191042496022,193.65318404160038,井浆慢替,0.9857491136674569,0.9857491136674569,2261.5,2261.5,2261.5,0.0,0.01625211655415536,0.0,0.0,0.0004,0.983408481232719,0.014968741526651575,0.0
11620.337829741004,193.67229716235005,井浆慢替,0.9855568249415654,0.9855568249415654,2261.5,2261.5,2261.5,0.0,0.016353664729123838,0.0,0.0,0.0004,0.9832172470136731,0.015164113590665005,0.0
11621.495053552122,193.6915842258687,井浆慢替,0.9853625948557868,0.9853625948557868,2261.5,2261.5,2261.5,0.0,0.016456039105853026,0.0,0.0,0.0004,0.9830239047976227,0.015356458085862513,0.0
11622.669162157721,193.71115270262868,井浆慢替,0.9851655607494225,0.9851655607494225,2261.5,2261.5,2261.5,0.0,0.01655727508608744,0.0,0.0,0.0004,0.9828277194320634,0.015550919277301654,0.0
11623.848650797467,193.73081084662445,井浆慢替,0.9849679984074223,0.9849679984074223,2261.5,2261.5,2261.5,0.0,0.016656811340831388,0.0,0.0,0.0004,0.9826310999199385,0.015748238512666636,0.0
11624.979225683715,193.74965376139525,井浆慢替,0.9847790719673349,0.9847790719673349,2261.5,2261.5,2261.5,0.0,0.016753883426584553,0.0,0.0,0.0005,0.9824430843258805,0.01594599563447802,0.0
11626.099512215287,193.76832520358812,井浆慢替,0.9845917433145962,0.9845917433145962,2261.5,2261.5,2261.5,0.0,0.016851945711022952,0.0,0.0,0.0004,0.9822564736086672,0.016135100264583754,0.0
11627.234440113854,193.78724066856424,井浆慢替,0.9844017243456318,0.9844017243456318,2261.5,2261.5,2261.5,0.0,0.016950638730998526,0.0,0.0,0.0005,0.9820670151726089,0.016322788776073103,0.0
11628.366606683458,193.80611011139095,井浆慢替,0.9842123196955237,0.9842123196955237,2261.5,2261.5,2261.5,0.0,0.017046400464315326,0.0,0.0,0.0004,0.9818781926731647,0.01651333778549231,0.0
11629.502923075712,193.82504871792852,井浆慢替,0.9840226397546478,0.9840226397546478,2261.5,2261.5,2261.5,0.0,0.017141020811498937,0.0,0.0,0.0005,0.9816892703892881,0.016703246783786835,0.0
11630.603616773467,193.84339361289113,井浆慢替,0.9838391730960696,0.9838391730960696,2261.5,2261.5,2261.5,0.0,0.017234875082101146,0.0,0.0,0.0004,0.9815065470090076,0.016893258267302192,0.0
11631.701945722887,193.86169909538145,井浆慢替,0.9836559390298306,0.9836559390298306,2261.5,2261.5,2261.5,0.0,0.01733045635984779,0.0,0.0,0.0005,0.981323884813131,0.017077035334621512,0.0
11632.818778610692,193.88031297684486,井浆慢替,0.9834693480487803,0.9834693480487803,2261.5,2261.5,2261.5,0.0,0.01742598843796196,0.0,0.0,0.0004,0.9811378015157419,0.017260747758550764,0.0
11633.91367971937,193.89856132865617,井浆慢替,0.9832868029076461,0.9832868029076461,2261.5,2261.5,2261.5,0.0,0.017517183577353324,0.0,0.0,0.0005,0.9809560025495732,0.01744789763852449,0.0
11635.024199071908,193.9170699845318,井浆慢替,0.9831019935179549,0.9831019935179549,2261.5,2261.5,2261.5,0.0,0.017608680256944023,0.0,0.0,0.0004,0.9807723261937153,0.017630741043068547,0.0
11636.108637670437,193.93514396117396,井浆慢替,0.9829217714827214,0.9829217714827214,2261.5,2261.5,2261.5,0.0,0.017701056966275112,0.0,0.0,0.0005,0.9805933768011379,0.01781547541087062,0.0
11637.19541268844,193.95325687814065,井浆慢替,0.9842856736511465,0.9842856736511465,2261.5,2261.5,2261.5,0.0,0.018326046601707776,0.0,0.0,0.0004,0.9836542182034891,0.01799545679368507,0.0
11638.302532725951,193.97170887876584,井浆慢替,0.9843680160522125,0.9843680160522125,2261.5,2261.5,2261.5,0.0,0.019201035538890562,0.0,0.0,0.0,0.9837944645368843,0.01493564833085241,0.0
11639.383011326036,193.98971685543393,井浆慢替,0.9845312360950506,0.9845312360950506,2261.5,2261.5,2261.5,0.0,0.019946758002280032,0.0,0.0,0.0,0.9842118394527979,0.014796453104894152,0.0
11640.492236248545,194.00820393747574,井浆慢替,0.9845802512744171,0.9845802512744171,2261.5,2261.5,2261.5,0.0,0.02057621552069099,0.0,0.0,0.0,0.9842633655272554,0.014380102818647362,0.0
11641.588392464788,194.02647320774648,井浆慢替,0.9846257136539562,0.9846257136539562,2261.5,2261.5,2261.5,0.0,0.021127790362512992,0.0,0.0,0.0,0.984311731035259,0.014329627373891566,0.0
11642.68913821923,194.0448189703205,井浆慢替,0.9846683301232532,0.9846683301232532,2261.5,2261.5,2261.5,0.0,0.021628292672404233,0.0,0.0,0.0,0.9843574761534856,0.014282298979668852,0.0
11643.811113747255,194.06351856245425,井浆慢替,0.9847093053306286,0.9847093053306286,2261.5,2261.5,2261.5,0.0,0.02209159237571386,0.0,0.0,0.0,0.9844021226333872,0.014237594138716204,0.0
11644.905589072023,194.08175981786704,井浆慢替,0.9847481235182138,0.9847481235182138,2261.5,2261.5,2261.5,0.0,0.022506739398262605,0.0,0.0,0.0,0.9844454246411342,0.014194006771079555,0.0
11646.030940863691,194.10051568106152,井浆慢替,0.9847871212960839,0.9847871212960839,2261.5,2261.5,2261.5,0.0,0.022903752350512185,0.0,0.0,0.0,0.9844900091382729,0.014151736692640528,0.0
11647.157832425108,194.11929720708514,井浆慢替,0.984825165154088,0.984825165154088,2261.5,2261.5,2261.5,0.0,0.023279893483797477,0.0,0.0,0.0,0.9845342680442815,0.014108212004447868,0.0
11648.29033289456,194.13817221490933,井浆慢替,0.9848620731765746,0.9848620731765746,2261.5,2261.5,2261.5,0.0,0.023638011450426807,0.0,0.0,0.0,0.9845777733578481,0.014065013104805258,0.0
11649.438334197826,194.15730556996377,井浆慢替,0.9848983581724565,0.9848983581724565,2261.5,2261.5,2261.5,0.0,0.02397795431926693,0.0,0.0,0.0,0.9846213366342322,0.014022571819318916,0.0
11650.555108699342,194.17591847832236,井浆慢替,0.9849334409788103,0.9849334409788103,2261.5,2261.5,2261.5,0.0,0.024288372506683097,0.0,0.0,0.0,0.9846644605140907,0.013980085858655017,0.0
11651.70466898379,194.1950778163965,井浆慢替,0.9846727818730032,0.9846727818730032,2261.5,2261.5,2261.5,0.0,0.025393225496790513,0.0,0.0,0.0,0.9840617010403927,0.013938008735222834,0.0
11652.863180659964,194.21438634433272,井浆慢替,0.9846711367560913,0.9846711367560913,2261.5,2261.5,2261.5,0.0,0.02572342902519259,0.0,0.0,0.0,0.9840685082157015,0.01454184443377147,0.0
11654.029552414791,194.23382587357986,井浆慢替,0.9846683985292771,0.9846683985292771,2261.5,2261.5,2261.5,0.0,0.026046261017184335,0.0,0.0,0.0,0.9840742076410647,0.014536120570088296,0.0
11655.199742977218,194.2533290496203,井浆慢替,0.9846646135552752,0.9846646135552752,2261.5,2261.5,2261.5,0.0,0.02635674041896951,0.0,0.0,0.0,0.984078960007135,0.014531510489039685,0.0
11656.342494254342,194.27237490423903,井浆慢替,0.9846605584503046,0.9846605584503046,2261.5,2261.5,2261.5,0.0,0.026648226564260892,0.0,0.0,0.0,0.9840835885751549,0.01452784970352964,0.0
11657.506547324643,194.29177578874405,井浆慢替,0.9846558758692828,0.9846558758692828,2261.5,2261.5,2261.5,0.0,0.02693750157895587,0.0,0.0,0.0,0.9840878313909242,0.014524285817633388,0.0
11658.659028818254,194.31098381363756,井浆慢替,0.9846502541140943,0.9846502541140943,2261.5,2261.5,2261.5,0.0,0.02722025565547574,0.0,0.0,0.0,0.9840904798234368,0.014521126233288658,0.0
11659.82397870292,194.33039964504866,井浆慢替,0.9846431910018326,0.9846431910018326,2261.5,2261.5,2261.5,0.0,0.027498849019405826,0.0,0.0,0.0,0.9840910062642186,0.014519548971055363,0.0
11660.930971278667,194.3488495213111,井浆慢替,0.9846359552814573,0.9846359552814573,2261.5,2261.5,2261.5,0.0,0.027755129425598584,0.0,0.0,0.0,0.98409067461508,0.014520103998031856,0.0
11662.038818693618,194.36731364489364,井浆慢替,0.9846284094336099,0.9846284094336099,2261.5,2261.5,2261.5,0.0,0.028004822519015128,0.0,0.0,0.0,0.9840899970903141,0.01452146207651956,0.0
11663.142095349951,194.38570158916585,井浆慢替,0.984620367250654,0.984620367250654,2261.5,2261.5,2261.5,0.0,0.02825146672566231,0.0,0.0,0.0,0.9840882973188629,0.014523165640347646,0.0
11663.6166026236,194.39361004372668,井浆慢替,0.9846174683614209,0.9846174683614209,2261.5,2261.5,2261.5,0.0,0.028362298478600743,0.0,0.0,0.0,0.9840875984762615,0.014525886049000781,0.0
