time_s,time_min,stage,bulk_cement_fill,effective_efficiency,front_wide_m,front_narrow_m,front_mid_m,channeling_index,mixing_index,instability_proxy,instability_index,mean_wall_mud,mean_cement,mean_mud,mean_flusher
4.0,0.06666666666666667,注入先导浆（平衡液）,0.0,0.0,0.0,0.0,0.0,0.0,0.0,0.0,0.0,0.0,0.0,1.0,0.0
8.0,0.13333333333333333,注入先导浆（平衡液）,0.0,0.0,0.0,0.0,0.0,0.0,0.0,0.0,0.0,0.0,0.0,1.0,0.0
12.0,0.2,注入先导浆（平衡液）,0.0,0.0,0.0,0.0,0.0,0.0,0.0,0.0,0.0,0.0,0.0,1.0,0.0
16.0,0.26666666666666666,注入先导浆（平衡液）,0.0,0.0,0.0,0.0,0.0,0.0,0.0,0.0,0.0,0.0,0.0,1.0,0.0
20.0,0.3333333333333333,注入先导浆（平衡液）,0.0,0.0,0.0,0.0,0.0,0.0,0.0,0.0,0.0,0.0,0.0,1.0,0.0
24.0,0.4,注入先导浆（平衡液）,0.0,0.0,0.0,0.0,0.0,0.0,0.0,0.0,0.0,0.0,0.0,1.0,0.0
28.0,0.4666666666666667,注入先导浆（平衡液）,0.0,0.0,0.0,0.0,0.0,0.0,0.0,0.0,0.0,0.0,0.0,1.0,0.0
32.0,0.5333333333333333,注入先导浆（平衡液）,0.0,0.0,0.0,0.0,0.0,0.0,0.0,0.0,0.0,0.0,0.0,1.0,0.0
36.0,0.6,注入先导浆（平衡液）,0.0,0.0,0.0,0.0,0.0,0.0,0.0,0.0,0.0,0.0,0.0,1.0,0.0
40.0,0.6666666666666666,注入先导浆（平衡液）,0.0,0.0,0.0,0.0,0.0,0.0,0.0,0.0,0.0,0.0,0.0,1.0,0.0
44.0,0.7333333333333333,注入先导浆（平衡液）,0.0,0.0,0.0,0.0,0.0,0.0,0.0,0.0,0.0,0.0,0.0,1.0,0.0
48.0,0.8,注入先导浆（平衡液）,0.0,0.0,0.0,0.0,0.0,0.0,0.0,0.0,0.0,0.0,0.0,1.0,0.0
52.0,0.8666666666666667,注入先导浆（平衡液）,0.0,0.0,0.0,0.0,0.0,0.0,0.0,0.0,0.0,0.0,0.0,1.0,0.0
56.0,0.9333333333333333,注入先导浆（平衡液）,0.0,0.0,0.0,0.0,0.0,0.0,0.0,0.0,0.0,0.0,0.0,1.0,0.0
60.0,1.0,注入先导浆（平衡液）,0.0,0.0,0.0,0.0,0.0,0.0,0.0,0.0,0.0,0.0,0.0,1.0,0.0
64.0,1.0666666666666667,注入先导浆（平衡液）,0.0,0.0,0.0,0.0,0.0,0.0,0.0,0.0,0.0,0.0,0.0,1.0,0.0
68.0,1.1333333333333333,注入先导浆（平衡液）,0.0,0.0,0.0,0.0,0.0,0.0,0.0,0.0,0.0,0.0,0.0,1.0,0.0
72.0,1.2,注入先导浆（平衡液）,0.0,0.0,0.0,0.0,0.0,0.0,0.0,0.0,0.0,0.0,0.0,1.0,0.0
76.0,1.2666666666666666,注入先导浆（平衡液）,0.0,0.0,0.0,0.0,0.0,0.0,0.0,0.0,0.0,0.0,0.0,1.0,0.0
80.0,1.3333333333333333,注入先导浆（平衡液）,0.0,0.0,0.0,0.0,0.0,0.0,0.0,0.0,0.0,0.0,0.0,1.0,0.0
84.0,1.4,注入先导浆（平衡液）,0.0,0.0,0.0,0.0,0.0,0.0,0.0,0.0,0.0,0.0,0.0,1.0,0.0
88.0,1.4666666666666666,注入先导浆（平衡液）,0.0,0.0,0.0,0.0,0.0,0.0,0.0,0.0,0.0,0.0,0.0,1.0,0.0
92.0,1.5333333333333334,注入先导浆（平衡液）,0.0,0.0,0.0,0.0,0.0,0.0,0.0,0.0,0.0,0.0,0.0,1.0,0.0
96.0,1.6,注入先导浆（平衡液）,0.0,0.0,0.0,0.0,0.0,0.0,0.0,0.0,0.0,0.0,0.0,1.0,0.0
100.0,1.6666666666666667,注入先导浆（平衡液）,0.0,0.0,0.0,0.0,0.0,0.0,0.0,0.0,0.0,0.0,0.0,1.0,0.0
104.0,1.7333333333333334,注入先导浆（平衡液）,0.0,0.0,0.0,0.0,0.0,0.0,0.0,0.0,0.0,0.0,0.0,1.0,0.0
108.0,1.8,注入先导浆（平衡液）,0.0,0.0,0.0,0.0,0.0,0.0,0.0,0.0,0.0,0.0,0.0,1.0,0.0
112.0,1.8666666666666667,注入先导浆（平衡液）,0.0,0.0,0.0,0.0,0.0,0.0,0.0,0.0,0.0,0.0,0.0,1.0,0.0
116.0,1.9333333333333333,注入先导浆（平衡液）,0.0,0.0,0.0,0.0,0.0,0.0,0.0,0.0,0.0,0.0,0.0,1.0,0.0
120.0,2.0,注入先导浆（平衡液）,0.0,0.0,0.0,0.0,0.0,0.0,0.0,0.0,0.0,0.0,0.0,1.0,0.0
124.0,2.066666666666667,注入先导浆（平衡液）,0.0,0.0,0.0,0.0,0.0,0.0,0.0,0.0,0.0,0.0,0.0,1.0,0.0
128.0,2.1333333333333333,注入先导浆（平衡液）,0.0,0.0,0.0,0.0,0.0,0.0,0.0,0.0,0.0,0.0,0.0,1.0,0.0
132.0,2.2,注入先导浆（平衡液）,0.0,0.0,0.0,0.0,0.0,0.0,0.0,0.0,0.0,0.0,0.0,1.0,0.0
136.0,2.2666666666666666,注入先导浆（平衡液）,0.0,0.0,0.0,0.0,0.0,0.0,0.0,0.0,0.0,0.0,0.0,1.0,0.0
140.0,2.3333333333333335,注入先导浆（平衡液）,0.0,0.0,0.0,0.0,0.0,0.0,0.0,0.0,0.0,0.0,0.0,1.0,0.0
144.0,2.4,注入先导浆（平衡液）,0.0,0.0,0.0,0.0,0.0,0.0,0.0,0.0,0.0,0.0,0.0,1.0,0.0
148.0,2.466666666666667,注入先导浆（平衡液）,0.0,0.0,0.0,0.0,0.0,0.0,0.0,0.0,0.0,0.0,0.0,1.0,0.0
152.0,2.533333333333333,注入先导浆（平衡液）,0.0,0.0,0.0,0.0,0.0,0.0,0.0,0.0,0.0,0.0,0.0,1.0,0.0
156.0,2.6,注入先导浆（平衡液）,0.0,0.0,0.0,0.0,0.0,0.0,0.0,0.0,0.0,0.0,0.0,1.0,0.0
160.0,2.6666666666666665,注入先导浆（平衡液）,0.0,0.0,0.0,0.0,0.0,0.0,0.0,0.0,0.0,0.0,0.0,1.0,0.0
164.0,2.7333333333333334,注入先导浆（平衡液）,0.0,0.0,0.0,0.0,0.0,0.0,0.0,0.0,0.0,0.0,0.0,1.0,0.0
168.0,2.8,注入先导浆（平衡液）,0.0,0.0,0.0,0.0,0.0,0.0,0.0,0.0,0.0,0.0,0.0,1.0,0.0
172.0,2.8666666666666667,注入先导浆（平衡液）,0.0,0.0,0.0,0.0,0.0,0.0,0.0,0.0,0.0,0.0,0.0,1.0,0.0
176.0,2.933333333333333,注入先导浆（平衡液）,0.0,0.0,0.0,0.0,0.0,0.0,0.0,0.0,0.0,0.0,0.0,1.0,0.0
180.0,3.0,注入先导浆（平衡液）,0.0,0.0,0.0,0.0,0.0,0.0,0.0,0.0,0.0,0.0,0.0,1.0,0.0
184.0,3.066666666666667,注入先导浆（平衡液）,0.0,0.0,0.0,0.0,0.0,0.0,0.0,0.0,0.0,0.0,0.0,1.0,0.0
188.0,3.1333333333333333,注入先导浆（平衡液）,0.0,0.0,0.0,0.0,0.0,0.0,0.0,0.0,0.0,0.0,0.0,1.0,0.0
192.0,3.2,注入先导浆（平衡液）,0.0,0.0,0.0,0.0,0.0,0.0,0.0,0.0,0.0,0.0,0.0,1.0,0.0
196.0,3.2666666666666666,注入先导浆（平衡液）,0.0,0.0,0.0,0.0,0.0,0.0,0.0,0.0,0.0,0.0,0.0,1.0,0.0
200.0,3.3333333333333335,注入先导浆（平衡液）,0.0,0.0,0.0,0.0,0.0,0.0,0.0,0.0,0.0,0.0,0.0,1.0,0.0
204.0,3.4,注入先导浆（平衡液）,0.0,0.0,0.0,0.0,0.0,0.0,0.0,0.0,0.0,0.0,0.0,1.0,0.0
208.0,3.466666666666667,注入先导浆（平衡液）,0.0,0.0,0.0,0.0,0.0,0.0,0.0,0.0,0.0,0.0,0.0,1.0,0.0
212.0,3.533333333333333,注入先导浆（平衡液）,0.0,0.0,0.0,0.0,0.0,0.0,0.0,0.0,0.0,0.0,0.0,1.0,0.0
216.0,3.6,注入先导浆（平衡液）,0.0,0.0,0.0,0.0,0.0,0.0,0.0,0.0,0.0,0.0,0.0,1.0,0.0
220.0,3.6666666666666665,注入先导浆（平衡液）,0.0,0.0,0.0,0.0,0.0,0.0,0.0,0.0,0.0,0.0,0.0,1.0,0.0
224.0,3.7333333333333334,注入先导浆（平衡液）,0.0,0.0,0.0,0.0,0.0,0.0,0.0,0.0,0.0,0.0,0.0,1.0,0.0
228.0,3.8,注入先导浆（平衡液）,0.0,0.0,0.0,0.0,0.0,0.0,0.0,0.0,0.0,0.0,0.0,1.0,0.0
232.0,3.8666666666666667,注入先导浆（平衡液）,0.0,0.0,0.0,0.0,0.0,0.0,0.0,0.0,0.0,0.0,0.0,1.0,0.0
236.0,3.933333333333333,注入先导浆（平衡液）,0.0,0.0,0.0,0.0,0.0,0.0,0.0,0.0,0.0,0.0,0.0,1.0,0.0
240.0,4.0,注入先导浆（平衡液）,0.0,0.0,0.0,0.0,0.0,0.0,0.0,0.0,0.0,0.0,0.0,1.0,0.0
244.0,4.066666666666666,注入先导浆（平衡液）,0.0,0.0,0.0,0.0,0.0,0.0,0.0,0.0,0.0,0.0,0.0,1.0,0.0
248.0,4.133333333333334,注入先导浆（平衡液）,0.0,0.0,0.0,0.0,0.0,0.0,0.0,0.0,0.0,0.0,0.0,1.0,0.0
252.0,4.2,注入先导浆（平衡液）,0.0,0.0,0.0,0.0,0.0,0.0,0.0,0.0,0.0,0.0,0.0,1.0,0.0
256.0,4.266666666666667,注入先导浆（平衡液）,0.0,0.0,0.0,0.0,0.0,0.0,0.0,0.0,0.0,0.0,0.0,1.0,0.0
260.0,4.333333333333333,注入先导浆（平衡液）,0.0,0.0,0.0,0.0,0.0,0.0,0.0,0.0,0.0,0.0,0.0,1.0,0.0
264.0,4.4,注入先导浆（平衡液）,0.0,0.0,0.0,0.0,0.0,0.0,0.0,0.0,0.0,0.0,0.0,1.0,0.0
268.0,4.466666666666667,注入先导浆（平衡液）,0.0,0.0,0.0,0.0,0.0,0.0,0.0,0.0,0.0,0.0,0.0,1.0,0.0
272.0,4.533333333333333,注入先导浆（平衡液）,0.0,0.0,0.0,0.0,0.0,0.0,0.0,0.0,0.0,0.0,0.0,1.0,0.0
276.0,4.6,注入先导浆（平衡液）,0.0,0.0,0.0,0.0,0.0,0.0,0.0,0.0,0.0,0.0,0.0,1.0,0.0
280.0,4.666666666666667,注入先导浆（平衡液）,0.0,0.0,0.0,0.0,0.0,0.0,0.0,0.0,0.0,0.0,0.0,1.0,0.0
284.0,4.733333333333333,注入先导浆（平衡液）,0.0,0.0,0.0,0.0,0.0,0.0,0.0,0.0,0.0,0.0,0.0,1.0,0.0
288.0,4.8,注入先导浆（平衡液）,0.0,0.0,0.0,0.0,0.0,0.0,0.0,0.0,0.0,0.0,0.0,1.0,0.0
292.0,4.866666666666666,注入先导浆（平衡液）,0.0,0.0,0.0,0.0,0.0,0.0,0.0,0.0,0.0,0.0,0.0,1.0,0.0
296.0,4.933333333333334,注入先导浆（平衡液）,0.0,0.0,0.0,0.0,0.0,0.0,0.0,0.0,0.0,0.0,0.0,1.0,0.0
300.0,5.0,注入先导浆（平衡液）,0.0,0.0,0.0,0.0,0.0,0.0,0.0,0.0,0.0,0.0,0.0,1.0,0.0
304.0,5.066666666666666,注入先导浆（平衡液）,0.0,0.0,0.0,0.0,0.0,0.0,0.0,0.0,0.0,0.0,0.0,1.0,0.0
308.0,5.133333333333334,注入先导浆（平衡液）,0.0,0.0,0.0,0.0,0.0,0.0,0.0,0.0,0.0,0.0,0.0,1.0,0.0
312.0,5.2,注入先导浆（平衡液）,0.0,0.0,0.0,0.0,0.0,0.0,0.0,0.0,0.0,0.0,0.0,1.0,0.0
316.0,5.266666666666667,注入先导浆（平衡液）,0.0,0.0,0.0,0.0,0.0,0.0,0.0,0.0,0.0,0.0,0.0,1.0,0.0
320.0,5.333333333333333,注入先导浆（平衡液）,0.0,0.0,0.0,0.0,0.0,0.0,0.0,0.0,0.0,0.0,0.0,1.0,0.0
324.0,5.4,注入先导浆（平衡液）,0.0,0.0,0.0,0.0,0.0,0.0,0.0,0.0,0.0,0.0,0.0,1.0,0.0
328.0,5.466666666666667,注入先导浆（平衡液）,0.0,0.0,0.0,0.0,0.0,0.0,0.0,0.0,0.0,0.0,0.0,1.0,0.0
332.0,5.533333333333333,注入先导浆（平衡液）,0.0,0.0,0.0,0.0,0.0,0.0,0.0,0.0,0.0,0.0,0.0,1.0,0.0
336.0,5.6,注入先导浆（平衡液）,0.0,0.0,0.0,0.0,0.0,0.0,0.0,0.0,0.0,0.0,0.0,1.0,0.0
340.0,5.666666666666667,注入先导浆（平衡液）,0.0,0.0,0.0,0.0,0.0,0.0,0.0,0.0,0.0,0.0,0.0,1.0,0.0
344.0,5.733333333333333,注入先导浆（平衡液）,0.0,0.0,0.0,0.0,0.0,0.0,0.0,0.0,0.0,0.0,0.0,1.0,0.0
348.0,5.8,注入先导浆（平衡液）,0.0,0.0,0.0,0.0,0.0,0.0,0.0,0.0,0.0,0.0,0.0,1.0,0.0
352.0,5.866666666666666,注入先导浆（平衡液）,0.0,0.0,0.0,0.0,0.0,0.0,0.0,0.0,0.0,0.0,0.0,1.0,0.0
356.0,5.933333333333334,注入先导浆（平衡液）,0.0,0.0,0.0,0.0,0.0,0.0,0.0,0.0,0.0,0.0,0.0,1.0,0.0
360.0,6.0,注入先导浆（平衡液）,0.0,0.0,0.0,0.0,0.0,0.0,0.0,0.0,0.0,0.0,0.0,1.0,0.0
364.0,6.066666666666666,注入先导浆（平衡液）,0.0,0.0,0.0,0.0,0.0,0.0,0.0,0.0,0.0,0.0,0.0,1.0,0.0
368.0,6.133333333333334,注入先导浆（平衡液）,0.0,0.0,0.0,0.0,0.0,0.0,0.0,0.0,0.0,0.0,0.0,1.0,0.0
372.0,6.2,注入先导浆（平衡液）,0.0,0.0,0.0,0.0,0.0,0.0,0.0,0.0,0.0,0.0,0.0,1.0,0.0
376.0,6.266666666666667,注入先导浆（平衡液）,0.0,0.0,0.0,0.0,0.0,0.0,0.0,0.0,0.0,0.0,0.0,1.0,0.0
380.0,6.333333333333333,注入先导浆（平衡液）,0.0,0.0,0.0,0.0,0.0,0.0,0.0,0.0,0.0,0.0,0.0,1.0,0.0
384.0,6.4,注入先导浆（平衡液）,0.0,0.0,0.0,0.0,0.0,0.0,0.0,0.0,0.0,0.0,0.0,1.0,0.0
388.0,6.466666666666667,注入先导浆（平衡液）,0.0,0.0,0.0,0.0,0.0,0.0,0.0,0.0,0.0,0.0,0.0,1.0,0.0
392.0,6.533333333333333,注入先导浆（平衡液）,0.0,0.0,0.0,0.0,0.0,0.0,0.0,0.0,0.0,0.0,0.0,1.0,0.0
396.0,6.6,注入先导浆（平衡液）,0.0,0.0,0.0,0.0,0.0,0.0,0.0,0.0,0.0,0.0,0.0,1.0,0.0
400.0,6.666666666666667,注入先导浆（平衡液）,0.0,0.0,0.0,0.0,0.0,0.0,0.0,0.0,0.0,0.0,0.0,1.0,0.0
404.0,6.733333333333333,注入先导浆（平衡液）,0.0,0.0,0.0,0.0,0.0,0.0,0.0,0.0,0.0,0.0,0.0,1.0,0.0
408.0,6.8,注入先导浆（平衡液）,0.0,0.0,0.0,0.0,0.0,0.0,0.0,0.0,0.0,0.0,0.0,1.0,0.0
412.0,6.866666666666666,注入先导浆（平衡液）,0.0,0.0,0.0,0.0,0.0,0.0,0.0,0.0,0.0,0.0,0.0,1.0,0.0
416.0,6.933333333333334,注入先导浆（平衡液）,0.0,0.0,0.0,0.0,0.0,0.0,0.0,0.0,0.0,0.0,0.0,1.0,0.0
420.0,7.0,注入先导浆（平衡液）,0.0,0.0,0.0,0.0,0.0,0.0,0.0,0.0,0.0,0.0,0.0,1.0,0.0
424.0,7.066666666666666,注入先导浆（平衡液）,0.0,0.0,0.0,0.0,0.0,0.0,0.0,0.0,0.0,0.0,0.0,1.0,0.0
428.0,7.133333333333334,注入先导浆（平衡液）,0.0,0.0,0.0,0.0,0.0,0.0,0.0,0.0,0.0,0.0,0.0,1.0,0.0
432.0,7.2,注入先导浆（平衡液）,0.0,0.0,0.0,0.0,0.0,0.0,0.0,0.0,0.0,0.0,0.0,1.0,0.0
436.0,7.266666666666667,注入先导浆（平衡液）,0.0,0.0,0.0,0.0,0.0,0.0,0.0,0.0,0.0,0.0,0.0,1.0,0.0
440.0,7.333333333333333,注入先导浆（平衡液）,0.0,0.0,0.0,0.0,0.0,0.0,0.0,0.0,0.0,0.0,0.0,1.0,0.0
444.0,7.4,注入先导浆（平衡液）,0.0,0.0,0.0,0.0,0.0,0.0,0.0,0.0,0.0,0.0,0.0,1.0,0.0
448.0,7.466666666666667,注入先导浆（平衡液）,0.0,0.0,0.0,0.0,0.0,0.0,0.0,0.0,0.0,0.0,0.0,1.0,0.0
452.0,7.533333333333333,注入先导浆（平衡液）,0.0,0.0,0.0,0.0,0.0,0.0,0.0,0.0,0.0,0.0,0.0,1.0,0.0
456.0,7.6,注入先导浆（平衡液）,0.0,0.0,0.0,0.0,0.0,0.0,0.0,0.0,0.0,0.0,0.0,1.0,0.0
460.0,7.666666666666667,注入先导浆（平衡液）,0.0,0.0,0.0,0.0,0.0,0.0,0.0,0.0,0.0,0.0,0.0,1.0,0.0
464.0,7.733333333333333,注入先导浆（平衡液）,0.0,0.0,0.0,0.0,0.0,0.0,0.0,0.0,0.0,0.0,0.0,1.0,0.0
468.0,7.8,注入先导浆（平衡液）,0.0,0.0,0.0,0.0,0.0,0.0,0.0,0.0,0.0,0.0,0.0,1.0,0.0
472.0,7.866666666666666,注入先导浆（平衡液）,0.0,0.0,0.0,0.0,0.0,0.0,0.0,0.0,0.0,0.0,0.0,1.0,0.0
476.0,7.933333333333334,注入先导浆（平衡液）,0.0,0.0,0.0,0.0,0.0,0.0,0.0,0.0,0.0,0.0,0.0,1.0,0.0
480.0,8.0,注入先导浆（平衡液）,0.0,0.0,0.0,0.0,0.0,0.0,0.0,0.0,0.0,0.0,0.0,1.0,0.0
484.0,8.066666666666666,注入先导浆（平衡液）,0.0,0.0,0.0,0.0,0.0,0.0,0.0,0.0,0.0,0.0,0.0,1.0,0.0
488.0,8.133333333333333,注入先导浆（平衡液）,0.0,0.0,0.0,0.0,0.0,0.0,0.0,0.0,0.0,0.0,0.0,1.0,0.0
492.0,8.2,注入先导浆（平衡液）,0.0,0.0,0.0,0.0,0.0,0.0,0.0,0.0,0.0,0.0,0.0,1.0,0.0
496.0,8.266666666666667,注入先导浆（平衡液）,0.0,0.0,0.0,0.0,0.0,0.0,0.0,0.0,0.0,0.0,0.0,1.0,0.0
500.0,8.333333333333334,注入先导浆（平衡液）,0.0,0.0,0.0,0.0,0.0,0.0,0.0,0.0,0.0,0.0,0.0,1.0,0.0
504.0,8.4,注入先导浆（平衡液）,0.0,0.0,0.0,0.0,0.0,0.0,0.0,0.0,0.0,0.0,0.0,1.0,0.0
508.0,8.466666666666667,注入先导浆（平衡液）,0.0,0.0,0.0,0.0,0.0,0.0,0.0,0.0,0.0,0.0,0.0,1.0,0.0
512.0,8.533333333333333,注入先导浆（平衡液）,0.0,0.0,0.0,0.0,0.0,0.0,0.0,0.0,0.0,0.0,0.0,1.0,0.0
516.0,8.6,注入先导浆（平衡液）,0.0,0.0,0.0,0.0,0.0,0.0,0.0,0.0,0.0,0.0,0.0,1.0,0.0
520.0,8.666666666666666,注入先导浆（平衡液）,0.0,0.0,0.0,0.0,0.0,0.0,0.0,0.0,0.0,0.0,0.0,1.0,0.0
524.0,8.733333333333333,注入先导浆（平衡液）,0.0,0.0,0.0,0.0,0.0,0.0,0.0,0.0,0.0,0.0,0.0,1.0,0.0
528.0,8.8,注入先导浆（平衡液）,0.0,0.0,0.0,0.0,0.0,0.0,0.0,0.0,0.0,0.0,0.0,1.0,0.0
532.0,8.866666666666667,注入先导浆（平衡液）,0.0,0.0,0.0,0.0,0.0,0.0,0.0,0.0,0.0,0.0,0.0,1.0,0.0
536.0,8.933333333333334,注入先导浆（平衡液）,0.0,0.0,0.0,0.0,0.0,0.0,0.0,0.0,0.0,0.0,0.0,1.0,0.0
540.0,9.0,注入先导浆（平衡液）,0.0,0.0,0.0,0.0,0.0,0.0,0.0,0.0,0.0,0.0,0.0,1.0,0.0
544.0,9.066666666666666,注入先导浆（平衡液）,0.0,0.0,0.0,0.0,0.0,0.0,0.0,0.0,0.0,0.0,0.0,1.0,0.0
548.0,9.133333333333333,注入先导浆（平衡液）,0.0,0.0,0.0,0.0,0.0,0.0,0.0,0.0,0.0,0.0,0.0,1.0,0.0
552.0,9.2,注入先导浆（平衡液）,0.0,0.0,0.0,0.0,0.0,0.0,0.0,0.0,0.0,0.0,0.0,1.0,0.0
556.0,9.266666666666667,注入先导浆（平衡液）,0.0,0.0,0.0,0.0,0.0,0.0,0.0,0.0,0.0,0.0,0.0,1.0,0.0
560.0,9.333333333333334,注入先导浆（平衡液）,0.0,0.0,0.0,0.0,0.0,0.0,0.0,0.0,0.0,0.0,0.0,1.0,0.0
564.0,9.4,注入先导浆（平衡液）,0.0,0.0,0.0,0.0,0.0,0.0,0.0,0.0,0.0,0.0,0.0,1.0,0.0
568.0,9.466666666666667,注入先导浆（平衡液）,0.0,0.0,0.0,0.0,0.0,0.0,0.0,0.0,0.0,0.0,0.0,1.0,0.0
572.0,9.533333333333333,注入先导浆（平衡液）,0.0,0.0,0.0,0.0,0.0,0.0,0.0,0.0,0.0,0.0,0.0,1.0,0.0
576.0,9.6,注入先导浆（平衡液）,0.0,0.0,0.0,0.0,0.0,0.0,0.0,0.0,0.0,0.0,0.0,1.0,0.0
580.0,9.666666666666666,注入先导浆（平衡液）,0.0,0.0,0.0,0.0,0.0,0.0,0.0,0.0,0.0,0.0,0.0,1.0,0.0
584.0,9.733333333333333,注入先导浆（平衡液）,0.0,0.0,0.0,0.0,0.0,0.0,0.0,0.0,0.0,0.0,0.0,1.0,0.0
588.0,9.8,注入先导浆（平衡液）,0.0,0.0,0.0,0.0,0.0,0.0,0.0,0.0,0.0,0.0,0.0,1.0,0.0
592.0,9.866666666666667,注入先导浆（平衡液）,0.0,0.0,0.0,0.0,0.0,0.0,0.0,0.0,0.0,0.0,0.0,1.0,0.0
596.0,9.933333333333334,注入先导浆（平衡液）,0.0,0.0,0.0,0.0,0.0,0.0,0.0,0.0,0.0,0.0,0.0,1.0,0.0
600.0,10.0,注入先导浆（平衡液）,0.0,0.0,0.0,0.0,0.0,0.0,0.0,0.0,0.0,0.0,0.0,1.0,0.0
604.0,10.066666666666666,注入先导浆（平衡液）,0.0,0.0,0.0,0.0,0.0,0.0,0.0,0.0,0.0,0.0,0.0,1.0,0.0
608.0,10.133333333333333,注入先导浆（平衡液）,0.0,0.0,0.0,0.0,0.0,0.0,0.0,0.0,0.0,0.0,0.0,1.0,0.0
612.0,10.2,注入先导浆（平衡液）,0.0,0.0,0.0,0.0,0.0,0.0,0.0,0.0,0.0,0.0,0.0,1.0,0.0
616.0,10.266666666666667,注入先导浆（平衡液）,0.0,0.0,0.0,0.0,0.0,0.0,0.0,0.0,0.0,0.0,0.0,1.0,0.0
620.0,10.333333333333334,注入先导浆（平衡液）,0.0,0.0,0.0,0.0,0.0,0.0,0.0,0.0,0.0,0.0,0.0,1.0,0.0
624.0,10.4,注入先导浆（平衡液）,0.0,0.0,0.0,0.0,0.0,0.0,0.0,0.0,0.0,0.0,0.0,1.0,0.0
628.0,10.466666666666667,注入先导浆（平衡液）,0.0,0.0,0.0,0.0,0.0,0.0,0.0,0.0,0.0,0.0,0.0,1.0,0.0
632.0,10.533333333333333,注入先导浆（平衡液）,0.0,0.0,0.0,0.0,0.0,0.0,0.0,0.0,0.0,0.0,0.0,1.0,0.0
636.0,10.6,注入先导浆（平衡液）,0.0,0.0,0.0,0.0,0.0,0.0,0.0,0.0,0.0,0.0,0.0,1.0,0.0
640.0,10.666666666666666,注入先导浆（平衡液）,0.0,0.0,0.0,0.0,0.0,0.0,0.0,0.0,0.0,0.0,0.0,1.0,0.0
644.0,10.733333333333333,注入先导浆（平衡液）,0.0,0.0,0.0,0.0,0.0,0.0,0.0,0.0,0.0,0.0,0.0,1.0,0.0
648.0,10.8,注入先导浆（平衡液）,0.0,0.0,0.0,0.0,0.0,0.0,0.0,0.0,0.0,0.0,0.0,1.0,0.0
652.0,10.866666666666667,注入先导浆（平衡液）,0.0,0.0,0.0,0.0,0.0,0.0,0.0,0.0,0.0,0.0,0.0,1.0,0.0
656.0,10.933333333333334,注入先导浆（平衡液）,0.0,0.0,0.0,0.0,0.0,0.0,0.0,0.0,0.0,0.0,0.0,1.0,0.0
660.0,11.0,注入先导浆（平衡液）,0.0,0.0,0.0,0.0,0.0,0.0,0.0,0.0,0.0,0.0,0.0,1.0,0.0
664.0,11.066666666666666,注入先导浆（平衡液）,0.0,0.0,0.0,0.0,0.0,0.0,0.0,0.0,0.0,0.0,0.0,1.0,0.0
668.0,11.133333333333333,注入先导浆（平衡液）,0.0,0.0,0.0,0.0,0.0,0.0,0.0,0.0,0.0,0.0,0.0,1.0,0.0
672.0,11.2,注入先导浆（平衡液）,0.0,0.0,0.0,0.0,0.0,0.0,0.0,0.0,0.0,0.0,0.0,1.0,0.0
676.0,11.266666666666667,注入先导浆（平衡液）,0.0,0.0,0.0,0.0,0.0,0.0,0.0,0.0,0.0,0.0,0.0,1.0,0.0
680.0,11.333333333333334,注入先导浆（平衡液）,0.0,0.0,0.0,0.0,0.0,0.0,0.0,0.0,0.0,0.0,0.0,1.0,0.0
684.0,11.4,注入先导浆（平衡液）,0.0,0.0,0.0,0.0,0.0,0.0,0.0,0.0,0.0,0.0,0.0,1.0,0.0
688.0,11.466666666666667,注入先导浆（平衡液）,0.0,0.0,0.0,0.0,0.0,0.0,0.0,0.0,0.0,0.0,0.0,1.0,0.0
692.0,11.533333333333333,注入先导浆（平衡液）,0.0,0.0,0.0,0.0,0.0,0.0,0.0,0.0,0.0,0.0,0.0,1.0,0.0
696.0,11.6,注入先导浆（平衡液）,0.0,0.0,0.0,0.0,0.0,0.0,0.0,0.0,0.0,0.0,0.0,1.0,0.0
700.0,11.666666666666666,注入先导浆（平衡液）,0.0,0.0,0.0,0.0,0.0,0.0,0.0,0.0,0.0,0.0,0.0,1.0,0.0
704.0,11.733333333333333,注入先导浆（平衡液）,0.0,0.0,0.0,0.0,0.0,0.0,0.0,0.0,0.0,0.0,0.0,1.0,0.0
708.0,11.8,注入先导浆（平衡液）,0.0,0.0,0.0,0.0,0.0,0.0,0.0,0.0,0.0,0.0,0.0,1.0,0.0
712.0,11.866666666666667,注入先导浆（平衡液）,0.0,0.0,0.0,0.0,0.0,0.0,0.0,0.0,0.0,0.0,0.0,1.0,0.0
716.0,11.933333333333334,注入先导浆（平衡液）,0.0,0.0,0.0,0.0,0.0,0.0,0.0,0.0,0.0,0.0,0.0,1.0,0.0
720.0,12.0,注入先导浆（平衡液）,0.0,0.0,0.0,0.0,0.0,0.0,0.0,0.0,0.0,0.0,0.0,1.0,0.0
724.0,12.066666666666666,注入先导浆（平衡液）,0.0,0.0,0.0,0.0,0.0,0.0,0.0,0.0,0.0,0.0,0.0,1.0,0.0
728.0,12.133333333333333,注入先导浆（平衡液）,0.0,0.0,0.0,0.0,0.0,0.0,0.0,0.0,0.0,0.0,0.0,1.0,0.0
732.0,12.2,注入先导浆（平衡液）,0.0,0.0,0.0,0.0,0.0,0.0,0.0,0.0,0.0,0.0,0.0,1.0,0.0
736.0,12.266666666666667,注入先导浆（平衡液）,0.0,0.0,0.0,0.0,0.0,0.0,0.0,0.0,0.0,0.0,0.0,1.0,0.0
740.0,12.333333333333334,注入先导浆（平衡液）,0.0,0.0,0.0,0.0,0.0,0.0,0.0,0.0,0.0,0.0,0.0,1.0,0.0
744.0,12.4,注入先导浆（平衡液）,0.0,0.0,0.0,0.0,0.0,0.0,0.0,0.0,0.0,0.0,0.0,1.0,0.0
748.0,12.466666666666667,注入先导浆（平衡液）,0.0,0.0,0.0,0.0,0.0,0.0,0.0,0.0,0.0,0.0,0.0,1.0,0.0
752.0,12.533333333333333,注入先导浆（平衡液）,0.0,0.0,0.0,0.0,0.0,0.0,0.0,0.0,0.0,0.0,0.0,1.0,0.0
756.0,12.6,注入先导浆（平衡液）,0.0,0.0,0.0,0.0,0.0,0.0,0.0,0.0,0.0,0.0,0.0,1.0,0.0
760.0,12.666666666666666,注入先导浆（平衡液）,0.0,0.0,0.0,0.0,0.0,0.0,0.0,0.0,0.0,0.0,0.0,1.0,0.0
764.0,12.733333333333333,注入先导浆（平衡液）,0.0,0.0,0.0,0.0,0.0,0.0,0.0,0.0,0.0,0.0,0.0,1.0,0.0
768.0,12.8,注入先导浆（平衡液）,0.0,0.0,0.0,0.0,0.0,0.0,0.0,0.0,0.0,0.0,0.0,1.0,0.0
772.0,12.866666666666667,注入先导浆（平衡液）,0.0,0.0,0.0,0.0,0.0,0.0,0.0,0.0,0.0,0.0,0.0,1.0,0.0
776.0,12.933333333333334,注入先导浆（平衡液）,0.0,0.0,0.0,0.0,0.0,0.0,0.0,0.0,0.0,0.0,0.0,1.0,0.0
780.0,13.0,注入先导浆（平衡液）,0.0,0.0,0.0,0.0,0.0,0.0,0.0,0.0,0.0,0.0,0.0,1.0,0.0
784.0,13.066666666666666,注入先导浆（平衡液）,0.0,0.0,0.0,0.0,0.0,0.0,0.0,0.0,0.0,0.0,0.0,1.0,0.0
788.0,13.133333333333333,注入先导浆（平衡液）,0.0,0.0,0.0,0.0,0.0,0.0,0.0,0.0,0.0,0.0,0.0,1.0,0.0
792.0,13.2,注入先导浆（平衡液）,0.0,0.0,0.0,0.0,0.0,0.0,0.0,0.0,0.0,0.0,0.0,1.0,0.0
796.0,13.266666666666667,注入先导浆（平衡液）,0.0,0.0,0.0,0.0,0.0,0.0,0.0,0.0,0.0,0.0,0.0,1.0,0.0
800.0,13.333333333333334,注入先导浆（平衡液）,0.0,0.0,0.0,0.0,0.0,0.0,0.0,0.0,0.0,0.0,0.0,1.0,0.0
804.0,13.4,注入先导浆（平衡液）,0.0,0.0,0.0,0.0,0.0,0.0,0.0,0.0,0.0,0.0,0.0,1.0,0.0
808.0,13.466666666666667,注入先导浆（平衡液）,0.0,0.0,0.0,0.0,0.0,0.0,0.0,0.0,0.0,0.0,0.0,1.0,0.0
812.0,13.533333333333333,注入先导浆（平衡液）,0.0,0.0,0.0,0.0,0.0,0.0,0.0,0.0,0.0,0.0,0.0,1.0,0.0
816.0,13.6,注入先导浆（平衡液）,0.0,0.0,0.0,0.0,0.0,0.0,0.0,0.0,0.0,0.0,0.0,1.0,0.0
820.0,13.666666666666666,注入先导浆（平衡液）,0.0,0.0,0.0,0.0,0.0,0.0,0.0,0.0,0.0,0.0,0.0,1.0,0.0
824.0,13.733333333333333,注入先导浆（平衡液）,0.0,0.0,0.0,0.0,0.0,0.0,0.0,0.0,0.0,0.0,0.0,1.0,0.0
828.0,13.8,注入先导浆（平衡液）,0.0,0.0,0.0,0.0,0.0,0.0,0.0,0.0,0.0,0.0,0.0,1.0,0.0
832.0,13.866666666666667,注入先导浆（平衡液）,0.0,0.0,0.0,0.0,0.0,0.0,0.0,0.0,0.0,0.0,0.0,1.0,0.0
836.0,13.933333333333334,注入先导浆（平衡液）,0.0,0.0,0.0,0.0,0.0,0.0,0.0,0.0,0.0,0.0,0.0,1.0,0.0
840.0,14.0,注入先导浆（平衡液）,0.0,0.0,0.0,0.0,0.0,0.0,0.0,0.0,0.0,0.0,0.0,1.0,0.0
844.0,14.066666666666666,注入先导浆（平衡液）,0.0,0.0,0.0,0.0,0.0,0.0,0.0,0.0,0.0,0.0,0.0,1.0,0.0
848.0,14.133333333333333,注入先导浆（平衡液）,0.0,0.0,0.0,0.0,0.0,0.0,0.0,0.0,0.0,0.0,0.0,1.0,0.0
852.0,14.2,注入先导浆（平衡液）,0.0,0.0,0.0,0.0,0.0,0.0,0.0,0.0,0.0,0.0,0.0,1.0,0.0
856.0,14.266666666666667,注入先导浆（平衡液）,0.0,0.0,0.0,0.0,0.0,0.0,0.0,0.0,0.0,0.0,0.0,1.0,0.0
860.0,14.333333333333334,注入先导浆（平衡液）,0.0,0.0,0.0,0.0,0.0,0.0,0.0,0.0,0.0,0.0,0.0,1.0,0.0
864.0,14.4,注入先导浆（平衡液）,0.0,0.0,0.0,0.0,0.0,0.0,0.0,0.0,0.0,0.0,0.0,1.0,0.0
868.0,14.466666666666667,注入先导浆（平衡液）,0.0,0.0,0.0,0.0,0.0,0.0,0.0,0.0,0.0,0.0,0.0,1.0,0.0
872.0,14.533333333333333,注入先导浆（平衡液）,0.0,0.0,0.0,0.0,0.0,0.0,0.0,0.0,0.0,0.0,0.0,1.0,0.0
876.0,14.6,注入先导浆（平衡液）,0.0,0.0,0.0,0.0,0.0,0.0,0.0,0.0,0.0,0.0,0.0,1.0,0.0
880.0,14.666666666666666,注入先导浆（平衡液）,0.0,0.0,0.0,0.0,0.0,0.0,0.0,0.0,0.0,0.0,0.0,1.0,0.0
884.0,14.733333333333333,注入先导浆（平衡液）,0.0,0.0,0.0,0.0,0.0,0.0,0.0,0.0,0.0,0.0,0.0,1.0,0.0
888.0,14.8,注入先导浆（平衡液）,0.0,0.0,0.0,0.0,0.0,0.0,0.0,0.0,0.0,0.0,0.0,1.0,0.0
892.0,14.866666666666667,注入先导浆（平衡液）,0.0,0.0,0.0,0.0,0.0,0.0,0.0,0.0,0.0,0.0,0.0,1.0,0.0
896.0,14.933333333333334,注入先导浆（平衡液）,0.0,0.0,0.0,0.0,0.0,0.0,0.0,0.0,0.0,0.0,0.0,1.0,0.0
900.0,15.0,注入先导浆（平衡液）,0.0,0.0,0.0,0.0,0.0,0.0,0.0,0.0,0.0,0.0,0.0,1.0,0.0
904.0,15.066666666666666,注入先导浆（平衡液）,0.0,0.0,0.0,0.0,0.0,0.0,0.0,0.0,0.0,0.0,0.0,1.0,0.0
908.0,15.133333333333333,注入先导浆（平衡液）,0.0,0.0,0.0,0.0,0.0,0.0,0.0,0.0,0.0,0.0,0.0,1.0,0.0
912.0,15.2,注入先导浆（平衡液）,0.0,0.0,0.0,0.0,0.0,0.0,0.0,0.0,0.0,0.0,0.0,1.0,0.0
916.0,15.266666666666667,注入先导浆（平衡液）,0.0,0.0,0.0,0.0,0.0,0.0,0.0,0.0,0.0,0.0,0.0,1.0,0.0
920.0,15.333333333333334,注入先导浆（平衡液）,0.0,0.0,0.0,0.0,0.0,0.0,0.0,0.0,0.0,0.0,0.0,1.0,0.0
924.0,15.4,注入先导浆（平衡液）,0.0,0.0,0.0,0.0,0.0,0.0,0.0,0.0,0.0,0.0,0.0,1.0,0.0
928.0,15.466666666666667,注入先导浆（平衡液）,0.0,0.0,0.0,0.0,0.0,0.0,0.0,0.0,0.0,0.0,0.0,1.0,0.0
932.0,15.533333333333333,注入先导浆（平衡液）,0.0,0.0,0.0,0.0,0.0,0.0,0.0,0.0,0.0,0.0,0.0,1.0,0.0
936.0,15.6,注入先导浆（平衡液）,0.0,0.0,0.0,0.0,0.0,0.0,0.0,0.0,0.0,0.0,0.0,1.0,0.0
940.0,15.666666666666666,注入先导浆（平衡液）,0.0,0.0,0.0,0.0,0.0,0.0,0.0,0.0,0.0,0.0,0.0,1.0,0.0
944.0,15.733333333333333,注入先导浆（平衡液）,0.0,0.0,0.0,0.0,0.0,0.0,0.0,0.0,0.0,0.0,0.0,1.0,0.0
948.0,15.8,注入先导浆（平衡液）,0.0,0.0,0.0,0.0,0.0,0.0,0.0,0.0,0.0,0.0,0.0,1.0,0.0
952.0,15.866666666666667,注入先导浆（平衡液）,0.0,0.0,0.0,0.0,0.0,0.0,0.0,0.0,0.0,0.0,0.0,1.0,0.0
956.0,15.933333333333334,注入先导浆（平衡液）,0.0,0.0,0.0,0.0,0.0,0.0,0.0,0.0,0.0,0.0,0.0,1.0,0.0
960.0,16.0,注入先导浆（平衡液）,0.0,0.0,0.0,0.0,0.0,0.0,0.0,0.0,0.0,0.0,0.0,1.0,0.0
964.0,16.066666666666666,注入先导浆（平衡液）,0.0,0.0,0.0,0.0,0.0,0.0,0.0,0.0,0.0,0.0,0.0,1.0,0.0
968.0,16.133333333333333,注入先导浆（平衡液）,0.0,0.0,0.0,0.0,0.0,0.0,0.0,0.0,0.0,0.0,0.0,1.0,0.0
972.0,16.2,注入先导浆（平衡液）,0.0,0.0,0.0,0.0,0.0,0.0,0.0,0.0,0.0,0.0,0.0,1.0,0.0
976.0,16.266666666666666,注入先导浆（平衡液）,0.0,0.0,0.0,0.0,0.0,0.0,0.0,0.0,0.0,0.0,0.0,1.0,0.0
980.0,16.333333333333332,注入先导浆（平衡液）,0.0,0.0,0.0,0.0,0.0,0.0,0.0,0.0,0.0,0.0,0.0,1.0,0.0
984.0,16.4,注入先导浆（平衡液）,0.0,0.0,0.0,0.0,0.0,0.0,0.0,0.0,0.0,0.0,0.0,1.0,0.0
988.0,16.466666666666665,注入先导浆（平衡液）,0.0,0.0,0.0,0.0,0.0,0.0,0.0,0.0,0.0,0.0,0.0,1.0,0.0
992.0,16.533333333333335,注入先导浆（平衡液）,0.0,0.0,0.0,0.0,0.0,0.0,0.0,0.0,0.0,0.0,0.0,1.0,0.0
996.0,16.6,注入先导浆（平衡液）,0.0,0.0,0.0,0.0,0.0,0.0,0.0,0.0,0.0,0.0,0.0,1.0,0.0
1000.0,16.666666666666668,注入先导浆（平衡液）,0.0,0.0,0.0,0.0,0.0,0.0,0.0,0.0,0.0,0.0,0.0,1.0,0.0
1004.0,16.733333333333334,注入先导浆（平衡液）,0.0,0.0,0.0,0.0,0.0,0.0,0.0,0.0,0.0,0.0,0.0,1.0,0.0
1008.0,16.8,注入先导浆（平衡液）,0.0,0.0,0.0,0.0,0.0,0.0,0.0,0.0,0.0,0.0,0.0,1.0,0.0
1012.0,16.866666666666667,注入先导浆（平衡液）,0.0,0.0,0.0,0.0,0.0,0.0,0.0,0.0,0.0,0.0,0.0,1.0,0.0
1016.0,16.933333333333334,注入先导浆（平衡液）,0.0,0.0,0.0,0.0,0.0,0.0,0.0,0.0,0.0,0.0,0.0,1.0,0.0
1020.0,17.0,注入先导浆（平衡液）,0.0,0.0,0.0,0.0,0.0,0.0,0.0,0.0,0.0,0.0,0.0,1.0,0.0
1024.0,17.066666666666666,注入先导浆（平衡液）,0.0,0.0,0.0,0.0,0.0,0.0,0.0,0.0,0.0,0.0,0.0,1.0,0.0
1028.0,17.133333333333333,注入先导浆（平衡液）,0.0,0.0,0.0,0.0,0.0,0.0,0.0,0.0,0.0,0.0,0.0,1.0,0.0
1032.0,17.2,注入先导浆（平衡液）,0.0,0.0,0.0,0.0,0.0,0.0,0.0,0.0,0.0,0.0,0.0,1.0,0.0
1036.0,17.266666666666666,注入先导浆（平衡液）,0.0,0.0,0.0,0.0,0.0,0.0,0.0,0.0,0.0,0.0,0.0,1.0,0.0
1040.0,17.333333333333332,注入先导浆（平衡液）,0.0,0.0,0.0,0.0,0.0,0.0,0.0,0.0,0.0,0.0,0.0,1.0,0.0
1044.0,17.4,注入先导浆（平衡液）,0.0,0.0,0.0,0.0,0.0,0.0,0.0,0.0,0.0,0.0,0.0,1.0,0.0
1048.0,17.466666666666665,注入先导浆（平衡液）,0.0,0.0,0.0,0.0,0.0,0.0,0.0,0.0,0.0,0.0,0.0,1.0,0.0
1052.0,17.533333333333335,注入先导浆（平衡液）,0.0,0.0,0.0,0.0,0.0,0.0,0.0,0.0,0.0,0.0,0.0,1.0,0.0
1056.0,17.6,注入先导浆（平衡液）,0.0,0.0,0.0,0.0,0.0,0.0,0.0,0.0,0.0,0.0,0.0,1.0,0.0
1060.0,17.666666666666668,注入先导浆（平衡液）,0.0,0.0,0.0,0.0,0.0,0.0,0.0,0.0,0.0,0.0,0.0,1.0,0.0
1064.0,17.733333333333334,注入先导浆（平衡液）,0.0,0.0,0.0,0.0,0.0,0.0,0.0,0.0,0.0,0.0,0.0,1.0,0.0
1068.0,17.8,注入先导浆（平衡液）,0.0,0.0,0.0,0.0,0.0,0.0,0.0,0.0,0.0,0.0,0.0,1.0,0.0
1072.0,17.866666666666667,注入先导浆（平衡液）,0.0,0.0,0.0,0.0,0.0,0.0,0.0,0.0,0.0,0.0,0.0,1.0,0.0
1076.0,17.933333333333334,注入先导浆（平衡液）,0.0,0.0,0.0,0.0,0.0,0.0,0.0,0.0,0.0,0.0,0.0,1.0,0.0
1080.0,18.0,注入先导浆（平衡液）,0.0,0.0,0.0,0.0,0.0,0.0,0.0,0.0,0.0,0.0,0.0,1.0,0.0
1084.0,18.066666666666666,注入先导浆（平衡液）,0.0,0.0,0.0,0.0,0.0,0.0,0.0,0.0,0.0,0.0,0.0,1.0,0.0
1088.0,18.133333333333333,注入先导浆（平衡液）,0.0,0.0,0.0,0.0,0.0,0.0,0.0,0.0,0.0,0.0,0.0,1.0,0.0
1092.0,18.2,注入先导浆（平衡液）,0.0,0.0,0.0,0.0,0.0,0.0,0.0,0.0,0.0,0.0,0.0,1.0,0.0
1096.0,18.266666666666666,注入先导浆（平衡液）,0.0,0.0,0.0,0.0,0.0,0.0,0.0,0.0,0.0,0.0,0.0,1.0,0.0
1100.0,18.333333333333332,注入先导浆（平衡液）,0.0,0.0,0.0,0.0,0.0,0.0,0.0,0.0,0.0,0.0,0.0,1.0,0.0
1104.0,18.4,注入先导浆（平衡液）,0.0,0.0,0.0,0.0,0.0,0.0,0.0,0.0,0.0,0.0,0.0,1.0,0.0
1108.0,18.466666666666665,注入先导浆（平衡液）,0.0,0.0,0.0,0.0,0.0,0.0,0.0,0.0,0.0,0.0,0.0,1.0,0.0
1112.0,18.533333333333335,注入先导浆（平衡液）,0.0,0.0,0.0,0.0,0.0,0.0,0.0,0.0,0.0,0.0,0.0,1.0,0.0
1116.0,18.6,注入先导浆（平衡液）,0.0,0.0,0.0,0.0,0.0,0.0,0.0,0.0,0.0,0.0,0.0,1.0,0.0
1120.0,18.666666666666668,注入先导浆（平衡液）,0.0,0.0,0.0,0.0,0.0,0.0,0.0,0.0,0.0,0.0,0.0,1.0,0.0
1124.0,18.733333333333334,注入先导浆（平衡液）,0.0,0.0,0.0,0.0,0.0,0.0,0.0,0.0,0.0,0.0,0.0,1.0,0.0
1128.0,18.8,注入先导浆（平衡液）,0.0,0.0,0.0,0.0,0.0,0.0,0.0,0.0,0.0,0.0,0.0,1.0,0.0
1132.0,18.866666666666667,注入先导浆（平衡液）,0.0,0.0,0.0,0.0,0.0,0.0,0.0,0.0,0.0,0.0,0.0,1.0,0.0
1136.0,18.933333333333334,注入先导浆（平衡液）,0.0,0.0,0.0,0.0,0.0,0.0,0.0,0.0,0.0,0.0,0.0,1.0,0.0
1140.0,19.0,注入先导浆（平衡液）,0.0,0.0,0.0,0.0,0.0,0.0,0.0,0.0,0.0,0.0,0.0,1.0,0.0
1144.0,19.066666666666666,注入先导浆（平衡液）,0.0,0.0,0.0,0.0,0.0,0.0,0.0,0.0,0.0,0.0,0.0,1.0,0.0
1148.0,19.133333333333333,注入先导浆（平衡液）,0.0,0.0,0.0,0.0,0.0,0.0,0.0,0.0,0.0,0.0,0.0,1.0,0.0
1152.0,19.2,注入先导浆（平衡液）,0.0,0.0,0.0,0.0,0.0,0.0,0.0,0.0,0.0,0.0,0.0,1.0,0.0
1156.0,19.266666666666666,注入先导浆（平衡液）,0.0,0.0,0.0,0.0,0.0,0.0,0.0,0.0,0.0,0.0,0.0,1.0,0.0
1160.0,19.333333333333332,注入先导浆（平衡液）,0.0,0.0,0.0,0.0,0.0,0.0,0.0,0.0,0.0,0.0,0.0,1.0,0.0
1164.0,19.4,注入先导浆（平衡液）,0.0,0.0,0.0,0.0,0.0,0.0,0.0,0.0,0.0,0.0,0.0,1.0,0.0
1168.0,19.466666666666665,注入先导浆（平衡液）,0.0,0.0,0.0,0.0,0.0,0.0,0.0,0.0,0.0,0.0,0.0,1.0,0.0
1172.0,19.533333333333335,注入先导浆（平衡液）,0.0,0.0,0.0,0.0,0.0,0.0,0.0,0.0,0.0,0.0,0.0,1.0,0.0
1176.0,19.6,注入先导浆（平衡液）,0.0,0.0,0.0,0.0,0.0,0.0,0.0,0.0,0.0,0.0,0.0,1.0,0.0
1180.0,19.666666666666668,注入先导浆（平衡液）,0.0,0.0,0.0,0.0,0.0,0.0,0.0,0.0,0.0,0.0,0.0,1.0,0.0
1184.0,19.733333333333334,注入先导浆（平衡液）,0.0,0.0,0.0,0.0,0.0,0.0,0.0,0.0,0.0,0.0,0.0,1.0,0.0
1188.0,19.8,注入先导浆（平衡液）,0.0,0.0,0.0,0.0,0.0,0.0,0.0,0.0,0.0,0.0,0.0,1.0,0.0
1192.0,19.866666666666667,注入先导浆（平衡液）,0.0,0.0,0.0,0.0,0.0,0.0,0.0,0.0,0.0,0.0,0.0,1.0,0.0
1196.0,19.933333333333334,注入先导浆（平衡液）,0.0,0.0,0.0,0.0,0.0,0.0,0.0,0.0,0.0,0.0,0.0,1.0,0.0
1200.0,20.0,注入先导浆（平衡液）,0.0,0.0,0.0,0.0,0.0,0.0,0.0,0.0,0.0,0.0,0.0,1.0,0.0
1204.0,20.066666666666666,注入先导浆（平衡液）,0.0,0.0,0.0,0.0,0.0,0.0,0.0,0.0,0.0,0.0,0.0,1.0,0.0
1208.0,20.133333333333333,注入先导浆（平衡液）,0.0,0.0,0.0,0.0,0.0,0.0,0.0,0.0,0.0,0.0,0.0,1.0,0.0
1212.0,20.2,注入先导浆（平衡液）,0.0,0.0,0.0,0.0,0.0,0.0,0.0,0.0,0.0,0.0,0.0,1.0,0.0
1216.0,20.266666666666666,注入先导浆（平衡液）,0.0,0.0,0.0,0.0,0.0,0.0,0.0,0.0,0.0,0.0,0.0,1.0,0.0
1220.0,20.333333333333332,注入先导浆（平衡液）,0.0,0.0,0.0,0.0,0.0,0.0,0.0,0.0,0.0,0.0,0.0,1.0,0.0
1224.0,20.4,注入先导浆（平衡液）,0.0,0.0,0.0,0.0,0.0,0.0,0.0,0.0,0.0,0.0,0.0,1.0,0.0
1228.0,20.466666666666665,注入先导浆（平衡液）,0.0,0.0,0.0,0.0,0.0,0.0,0.0,0.0,0.0,0.0,0.0,1.0,0.0
1232.0,20.533333333333335,注入先导浆（平衡液）,0.0,0.0,0.0,0.0,0.0,0.0,0.0,0.0,0.0,0.0,0.0,1.0,0.0
1236.0,20.6,注入先导浆（平衡液）,0.0,0.0,0.0,0.0,0.0,0.0,0.0,0.0,0.0,0.0,0.0,1.0,0.0
1240.0,20.666666666666668,注入先导浆（平衡液）,0.0,0.0,0.0,0.0,0.0,0.0,0.0,0.0,0.0,0.0,0.0,1.0,0.0
1244.0,20.733333333333334,注入先导浆（平衡液）,0.0,0.0,0.0,0.0,0.0,0.0,0.0,0.0,0.0,0.0,0.0,1.0,0.0
1248.0,20.8,注入先导浆（平衡液）,0.0,0.0,0.0,0.0,0.0,0.0,0.0,0.0,0.0,0.0,0.0,1.0,0.0
1252.0,20.866666666666667,注入先导浆（平衡液）,0.0,0.0,0.0,0.0,0.0,0.0,0.0,0.0,0.0,0.0,0.0,1.0,0.0
1256.0,20.933333333333334,注入先导浆（平衡液）,0.0,0.0,0.0,0.0,0.0,0.0,0.0,0.0,0.0,0.0,0.0,1.0,0.0
1260.0,21.0,注入先导浆（平衡液）,0.0,0.0,0.0,0.0,0.0,0.0,0.0,0.0,0.0,0.0,0.0,1.0,0.0
1264.0,21.066666666666666,注入先导浆（平衡液）,0.0,0.0,0.0,0.0,0.0,0.0,0.0,0.0,0.0,0.0,0.0,1.0,0.0
1268.0,21.133333333333333,注入先导浆（平衡液）,0.0,0.0,0.0,0.0,0.0,0.0,0.0,0.0,0.0,0.0,0.0,1.0,0.0
1272.0,21.2,注入先导浆（平衡液）,0.0,0.0,0.0,0.0,0.0,0.0,0.0,0.0,0.0,0.0,0.0,1.0,0.0
1276.0,21.266666666666666,注入先导浆（平衡液）,0.0,0.0,0.0,0.0,0.0,0.0,0.0,0.0,0.0,0.0,0.0,1.0,0.0
1280.0,21.333333333333332,注入先导浆（平衡液）,0.0,0.0,0.0,0.0,0.0,0.0,0.0,0.0,0.0,0.0,0.0,1.0,0.0
1284.0,21.4,注入先导浆（平衡液）,0.0,0.0,0.0,0.0,0.0,0.0,0.0,0.0,0.0,0.0,0.0,1.0,0.0
1288.0,21.466666666666665,注入先导浆（平衡液）,0.0,0.0,0.0,0.0,0.0,0.0,0.0,0.0,0.0,0.0,0.0,1.0,0.0
1292.0,21.533333333333335,注入先导浆（平衡液）,0.0,0.0,0.0,0.0,0.0,0.0,0.0,0.0,0.0,0.0,0.0,1.0,0.0
1296.0,21.6,注入先导浆（平衡液）,0.0,0.0,0.0,0.0,0.0,0.0,0.0,0.0,0.0,0.0,0.0,1.0,0.0
1300.0,21.666666666666668,注入先导浆（平衡液）,0.0,0.0,0.0,0.0,0.0,0.0,0.0,0.0,0.0,0.0,0.0,1.0,0.0
1304.0,21.733333333333334,注入先导浆（平衡液）,0.0,0.0,0.0,0.0,0.0,0.0,0.0,0.0,0.0,0.0,0.0,1.0,0.0
1308.0,21.8,注入先导浆（平衡液）,0.0,0.0,0.0,0.0,0.0,0.0,0.0,0.0,0.0,0.0,0.0,1.0,0.0
1312.0,21.866666666666667,注入先导浆（平衡液）,0.0,0.0,0.0,0.0,0.0,0.0,0.0,0.0,0.0,0.0,0.0,1.0,0.0
1316.0,21.933333333333334,注入先导浆（平衡液）,0.0,0.0,0.0,0.0,0.0,0.0,0.0,0.0,0.0,0.0,0.0,1.0,0.0
1320.0,22.0,注入先导浆（平衡液）,0.0,0.0,0.0,0.0,0.0,0.0,0.0,0.0,0.0,0.0,0.0,1.0,0.0
1324.0,22.066666666666666,注入先导浆（平衡液）,0.0,0.0,0.0,0.0,0.0,0.0,0.0,0.0,0.0,0.0,0.0,1.0,0.0
1328.0,22.133333333333333,注入先导浆（平衡液）,0.0,0.0,0.0,0.0,0.0,0.0,0.0,0.0,0.0,0.0,0.0,1.0,0.0
1332.0,22.2,注入先导浆（平衡液）,0.0,0.0,0.0,0.0,0.0,0.0,0.0,0.0,0.0,0.0,0.0,1.0,0.0
1336.0,22.266666666666666,注入先导浆（平衡液）,0.0,0.0,0.0,0.0,0.0,0.0,0.0,0.0,0.0,0.0,0.0,1.0,0.0
1340.0,22.333333333333332,注入先导浆（平衡液）,0.0,0.0,0.0,0.0,0.0,0.0,0.0,0.0,0.0,0.0,0.0,1.0,0.0
1344.0,22.4,注入先导浆（平衡液）,0.0,0.0,0.0,0.0,0.0,0.0,0.0,0.0,0.0,0.0,0.0,1.0,0.0
1348.0,22.466666666666665,注入先导浆（平衡液）,0.0,0.0,0.0,0.0,0.0,0.0,0.0,0.0,0.0,0.0,0.0,1.0,0.0
1352.0,22.533333333333335,注入先导浆（平衡液）,0.0,0.0,0.0,0.0,0.0,0.0,0.0,0.0,0.0,0.0,0.0,1.0,0.0
1356.0,22.6,注入先导浆（平衡液）,0.0,0.0,0.0,0.0,0.0,0.0,0.0,0.0,0.0,0.0,0.0,1.0,0.0
1360.0,22.666666666666668,注入先导浆（平衡液）,0.0,0.0,0.0,0.0,0.0,0.0,0.0,0.0,0.0,0.0,0.0,1.0,0.0
1364.0,22.733333333333334,注入先导浆（平衡液）,0.0,0.0,0.0,0.0,0.0,0.0,0.0,0.0,0.0,0.0,0.0,1.0,0.0
1368.0,22.8,注入先导浆（平衡液）,0.0,0.0,0.0,0.0,0.0,0.0,0.0,0.0,0.0,0.0,0.0,1.0,0.0
1372.0,22.866666666666667,注入先导浆（平衡液）,0.0,0.0,0.0,0.0,0.0,0.0,0.0,0.0,0.0,0.0,0.0,1.0,0.0
1376.0,22.933333333333334,注入先导浆（平衡液）,0.0,0.0,0.0,0.0,0.0,0.0,0.0,0.0,0.0,0.0,0.0,1.0,0.0
1380.0,23.0,注入先导浆（平衡液）,0.0,0.0,0.0,0.0,0.0,0.0,0.0,0.0,0.0,0.0,0.0,1.0,0.0
1384.0,23.066666666666666,注入先导浆（平衡液）,0.0,0.0,0.0,0.0,0.0,0.0,0.0,0.0,0.0,0.0,0.0,1.0,0.0
1388.0,23.133333333333333,注入先导浆（平衡液）,0.0,0.0,0.0,0.0,0.0,0.0,0.0,0.0,0.0,0.0,0.0,1.0,0.0
1392.0,23.2,注入先导浆（平衡液）,0.0,0.0,0.0,0.0,0.0,0.0,0.0,0.0,0.0,0.0,0.0,1.0,0.0
1396.0,23.266666666666666,注入先导浆（平衡液）,0.0,0.0,0.0,0.0,0.0,0.0,0.0,0.0,0.0,0.0,0.0,1.0,0.0
1400.0,23.333333333333332,注入先导浆（平衡液）,0.0,0.0,0.0,0.0,0.0,0.0,0.0,0.0,0.0,0.0,0.0,1.0,0.0
1404.0,23.4,注入先导浆（平衡液）,0.0,0.0,0.0,0.0,0.0,0.0,0.0,0.0,0.0,0.0,0.0,1.0,0.0
1408.0,23.466666666666665,注入隔离液1,0.0,0.0,0.0,0.0,0.0,0.0,0.0,0.0,0.0,0.0,0.0,1.0,0.0
1412.0,23.533333333333335,注入隔离液1,0.0,0.0,0.0,0.0,0.0,0.0,0.0,0.0,0.0,0.0,0.0,1.0,0.0
1416.0,23.6,注入隔离液1,0.0,0.0,0.0,0.0,0.0,0.0,0.0,0.0,0.0,0.0,0.0,1.0,0.0
1420.0,23.666666666666668,注入隔离液1,0.0,0.0,0.0,0.0,0.0,0.0,0.0,0.0,0.0,0.0,0.0,1.0,0.0
1424.0,23.733333333333334,注入隔离液1,0.0,0.0,0.0,0.0,0.0,0.0,0.0,0.0,0.0,0.0,0.0,1.0,0.0
1428.0,23.8,注入隔离液1,0.0,0.0,0.0,0.0,0.0,0.0,0.0,0.0,0.0,0.0,0.0,1.0,0.0
1432.0,23.866666666666667,注入隔离液1,0.0,0.0,0.0,0.0,0.0,0.0,0.0,0.0,0.0,0.0,0.0,1.0,0.0
1436.0,23.933333333333334,注入隔离液1,0.0,0.0,0.0,0.0,0.0,0.0,0.0,0.0,0.0,0.0,0.0,1.0,0.0
1440.0,24.0,注入隔离液1,0.0,0.0,0.0,0.0,0.0,0.0,0.0,0.0,0.0,0.0,0.0,1.0,0.0
1444.0,24.066666666666666,注入隔离液1,0.0,0.0,0.0,0.0,0.0,0.0,0.0,0.0,0.0,0.0,0.0,1.0,0.0
1448.0,24.133333333333333,注入隔离液1,0.0,0.0,0.0,0.0,0.0,0.0,0.0,0.0,0.0,0.0,0.0,1.0,0.0
1452.0,24.2,注入隔离液1,0.0,0.0,0.0,0.0,0.0,0.0,0.0,0.0,0.0,0.0,0.0,1.0,0.0
1456.0,24.266666666666666,注入隔离液1,0.0,0.0,0.0,0.0,0.0,0.0,0.0,0.0,0.0,0.0,0.0,1.0,0.0
1460.0,24.333333333333332,注入隔离液1,0.0,0.0,0.0,0.0,0.0,0.0,0.0,0.0,0.0,0.0,0.0,1.0,0.0
1464.0,24.4,注入隔离液1,0.0,0.0,0.0,0.0,0.0,0.0,0.0,0.0,0.0,0.0,0.0,1.0,0.0
1468.0,24.466666666666665,注入隔离液1,0.0,0.0,0.0,0.0,0.0,0.0,0.0,0.0,0.0,0.0,0.0,1.0,0.0
1472.0,24.533333333333335,注入隔离液1,0.0,0.0,0.0,0.0,0.0,0.0,0.0,0.0,0.0,0.0,0.0,1.0,0.0
1476.0,24.6,注入隔离液1,0.0,0.0,0.0,0.0,0.0,0.0,0.0,0.0,0.0,0.0,0.0,1.0,0.0
1480.0,24.666666666666668,注入隔离液1,0.0,0.0,0.0,0.0,0.0,0.0,0.0,0.0,0.0,0.0,0.0,1.0,0.0
1484.0,24.733333333333334,注入隔离液1,0.0,0.0,0.0,0.0,0.0,0.0,0.0,0.0,0.0,0.0,0.0,1.0,0.0
1488.0,24.8,注入隔离液1,0.0,0.0,0.0,0.0,0.0,0.0,0.0,0.0,0.0,0.0,0.0,1.0,0.0
1492.0,24.866666666666667,注入隔离液1,0.0,0.0,0.0,0.0,0.0,0.0,0.0,0.0,0.0,0.0,0.0,1.0,0.0
1496.0,24.933333333333334,注入隔离液1,0.0,0.0,0.0,0.0,0.0,0.0,0.0,0.0,0.0,0.0,0.0,1.0,0.0
1500.0,25.0,注入隔离液1,0.0,0.0,0.0,0.0,0.0,0.0,0.0,0.0,0.0,0.0,0.0,1.0,0.0
1504.0,25.066666666666666,注入隔离液1,0.0,0.0,0.0,0.0,0.0,0.0,0.0,0.0,0.0,0.0,0.0,1.0,0.0
1508.0,25.133333333333333,注入隔离液1,0.0,0.0,0.0,0.0,0.0,0.0,0.0,0.0,0.0,0.0,0.0,1.0,0.0
1512.0,25.2,注入隔离液1,0.0,0.0,0.0,0.0,0.0,0.0,0.0,0.0,0.0,0.0,0.0,1.0,0.0
1516.0,25.266666666666666,注入隔离液1,0.0,0.0,0.0,0.0,0.0,0.0,0.0,0.0,0.0,0.0,0.0,1.0,0.0
1520.0,25.333333333333332,注入隔离液1,0.0,0.0,0.0,0.0,0.0,0.0,0.0,0.0,0.0,0.0,0.0,1.0,0.0
1524.0,25.4,注入隔离液1,0.0,0.0,0.0,0.0,0.0,0.0,0.0,0.0,0.0,0.0,0.0,1.0,0.0
1528.0,25.466666666666665,注入隔离液1,0.0,0.0,0.0,0.0,0.0,0.0,0.0,0.0,0.0,0.0,0.0,1.0,0.0
1532.0,25.533333333333335,注入隔离液1,0.0,0.0,0.0,0.0,0.0,0.0,0.0,0.0,0.0,0.0,0.0,1.0,0.0
1536.0,25.6,注入隔离液1,0.0,0.0,0.0,0.0,0.0,0.0,0.0,0.0,0.0,0.0,0.0,1.0,0.0
1540.0,25.666666666666668,注入隔离液1,0.0,0.0,0.0,0.0,0.0,0.0,0.0,0.0,0.0,0.0,0.0,1.0,0.0
1544.0,25.733333333333334,注入隔离液1,0.0,0.0,0.0,0.0,0.0,0.0,0.0,0.0,0.0,0.0,0.0,1.0,0.0
1548.0,25.8,注入隔离液1,0.0,0.0,0.0,0.0,0.0,0.0,0.0,0.0,0.0,0.0,0.0,1.0,0.0
1552.0,25.866666666666667,注入隔离液1,0.0,0.0,0.0,0.0,0.0,0.0,0.0,0.0,0.0,0.0,0.0,1.0,0.0
1556.0,25.933333333333334,注入隔离液1,0.0,0.0,0.0,0.0,0.0,0.0,0.0,0.0,0.0,0.0,0.0,1.0,0.0
1560.0,26.0,注入隔离液1,0.0,0.0,0.0,0.0,0.0,0.0,0.0,0.0,0.0,0.0,0.0,1.0,0.0
1564.0,26.066666666666666,注入隔离液1,0.0,0.0,0.0,0.0,0.0,0.0,0.0,0.0,0.0,0.0,0.0,1.0,0.0
1568.0,26.133333333333333,注入隔离液1,0.0,0.0,0.0,0.0,0.0,0.0,0.0,0.0,0.0,0.0,0.0,1.0,0.0
1572.0,26.2,注入隔离液1,0.0,0.0,0.0,0.0,0.0,0.0,0.0,0.0,0.0,0.0,0.0,1.0,0.0
1576.0,26.266666666666666,注入隔离液1,0.0,0.0,0.0,0.0,0.0,0.0,0.0,0.0,0.0,0.0,0.0,1.0,0.0
1580.0,26.333333333333332,注入隔离液1,0.0,0.0,0.0,0.0,0.0,0.0,0.0,0.0,0.0,0.0,0.0,1.0,0.0
1584.0,26.4,注入隔离液1,0.0,0.0,0.0,0.0,0.0,0.0,0.0,0.0,0.0,0.0,0.0,1.0,0.0
1588.0,26.466666666666665,注入隔离液1,0.0,0.0,0.0,0.0,0.0,0.0,0.0,0.0,0.0,0.0,0.0,1.0,0.0
1592.0,26.533333333333335,注入隔离液1,0.0,0.0,0.0,0.0,0.0,0.0,0.0,0.0,0.0,0.0,0.0,1.0,0.0
1596.0,26.6,注入隔离液1,0.0,0.0,0.0,0.0,0.0,0.0,0.0,0.0,0.0,0.0,0.0,1.0,0.0
1600.0,26.666666666666668,注入隔离液1,0.0,0.0,0.0,0.0,0.0,0.0,0.0,0.0,0.0,0.0,0.0,1.0,0.0
1604.0,26.733333333333334,注入隔离液1,0.0,0.0,0.0,0.0,0.0,0.0,0.0,0.0,0.0,0.0,0.0,1.0,0.0
1608.0,26.8,注入隔离液1,0.0,0.0,0.0,0.0,0.0,0.0,0.0,0.0,0.0,0.0,0.0,1.0,0.0
1612.0,26.866666666666667,注入隔离液1,0.0,0.0,0.0,0.0,0.0,0.0,0.0,0.0,0.0,0.0,0.0,1.0,0.0
1616.0,26.933333333333334,注入隔离液1,0.0,0.0,0.0,0.0,0.0,0.0,0.0,0.0,0.0,0.0,0.0,1.0,0.0
1620.0,27.0,注入隔离液1,0.0,0.0,0.0,0.0,0.0,0.0,0.0,0.0,0.0,0.0,0.0,1.0,0.0
1624.0,27.066666666666666,注入隔离液1,0.0,0.0,0.0,0.0,0.0,0.0,0.0,0.0,0.0,0.0,0.0,1.0,0.0
1628.0,27.133333333333333,注入隔离液1,0.0,0.0,0.0,0.0,0.0,0.0,0.0,0.0,0.0,0.0,0.0,1.0,0.0
1632.0,27.2,注入隔离液1,0.0,0.0,0.0,0.0,0.0,0.0,0.0,0.0,0.0,0.0,0.0,1.0,0.0
1636.0,27.266666666666666,注入隔离液1,0.0,0.0,0.0,0.0,0.0,0.0,0.0,0.0,0.0,0.0,0.0,1.0,0.0
1640.0,27.333333333333332,注入隔离液1,0.0,0.0,0.0,0.0,0.0,0.0,0.0,0.0,0.0,0.0,0.0,1.0,0.0
1644.0,27.4,注入隔离液1,0.0,0.0,0.0,0.0,0.0,0.0,0.0,0.0,0.0,0.0,0.0,1.0,0.0
1648.0,27.466666666666665,注入隔离液1,0.0,0.0,0.0,0.0,0.0,0.0,0.0,0.0,0.0,0.0,0.0,1.0,0.0
1652.0,27.533333333333335,注入隔离液1,0.0,0.0,0.0,0.0,0.0,0.0,0.0,0.0,0.0,0.0,0.0,1.0,0.0
1656.0,27.6,注入隔离液1,0.0,0.0,0.0,0.0,0.0,0.0,0.0,0.0,0.0,0.0,0.0,1.0,0.0
1660.0,27.666666666666668,注入隔离液1,0.0,0.0,0.0,0.0,0.0,0.0,0.0,0.0,0.0,0.0,0.0,1.0,0.0
1664.0,27.733333333333334,注入隔离液1,0.0,0.0,0.0,0.0,0.0,0.0,0.0,0.0,0.0,0.0,0.0,1.0,0.0
1668.0,27.8,注入隔离液1,0.0,0.0,0.0,0.0,0.0,0.0,0.0,0.0,0.0,0.0,0.0,1.0,0.0
1672.0,27.866666666666667,注入隔离液1,0.0,0.0,0.0,0.0,0.0,0.0,0.0,0.0,0.0,0.0,0.0,1.0,0.0
1676.0,27.933333333333334,注入隔离液1,0.0,0.0,0.0,0.0,0.0,0.0,0.0,0.0,0.0,0.0,0.0,1.0,0.0
1680.0,28.0,注入隔离液1,0.0,0.0,0.0,0.0,0.0,0.0,0.0,0.0,0.0,0.0,0.0,1.0,0.0
1684.0,28.066666666666666,注入隔离液1,0.0,0.0,0.0,0.0,0.0,0.0,0.0,0.0,0.0,0.0,0.0,1.0,0.0
1688.0,28.133333333333333,注入隔离液1,0.0,0.0,0.0,0.0,0.0,0.0,0.0,0.0,0.0,0.0,0.0,1.0,0.0
1692.0,28.2,注入隔离液1,0.0,0.0,0.0,0.0,0.0,0.0,0.0,0.0,0.0,0.0,0.0,1.0,0.0
1696.0,28.266666666666666,注入隔离液1,0.0,0.0,0.0,0.0,0.0,0.0,0.0,0.0,0.0,0.0,0.0,1.0,0.0
1700.0,28.333333333333332,注入隔离液1,0.0,0.0,0.0,0.0,0.0,0.0,0.0,0.0,0.0,0.0,0.0,1.0,0.0
1704.0,28.4,注入隔离液1,0.0,0.0,0.0,0.0,0.0,0.0,0.0,0.0,0.0,0.0,0.0,1.0,0.0
1708.0,28.466666666666665,注入隔离液1,0.0,0.0,0.0,0.0,0.0,0.0,0.0,0.0,0.0,0.0,0.0,1.0,0.0
1712.0,28.533333333333335,注入隔离液1,0.0,0.0,0.0,0.0,0.0,0.0,0.0,0.0,0.0,0.0,0.0,1.0,0.0
1716.0,28.6,注入隔离液1,0.0,0.0,0.0,0.0,0.0,0.0,0.0,0.0,0.0,0.0,0.0,1.0,0.0
1720.0,28.666666666666668,注入隔离液1,0.0,0.0,0.0,0.0,0.0,0.0,0.0,0.0,0.0,0.0,0.0,1.0,0.0
1724.0,28.733333333333334,注入隔离液1,0.0,0.0,0.0,0.0,0.0,0.0,0.0,0.0,0.0,0.0,0.0,1.0,0.0
1728.0,28.8,注入隔离液1,0.0,0.0,0.0,0.0,0.0,0.0,0.0,0.0,0.0,0.0,0.0,1.0,0.0
1732.0,28.866666666666667,注入隔离液1,0.0,0.0,0.0,0.0,0.0,0.0,0.0,0.0,0.0,0.0,0.0,1.0,0.0
1736.0,28.933333333333334,注入隔离液1,0.0,0.0,0.0,0.0,0.0,0.0,0.0,0.0,0.0,0.0,0.0,1.0,0.0
1740.0,29.0,注入隔离液1,0.0,0.0,0.0,0.0,0.0,0.0,0.0,0.0,0.0,0.0,0.0,1.0,0.0
1744.0,29.066666666666666,注入隔离液1,0.0,0.0,0.0,0.0,0.0,0.0,0.0,0.0,0.0,0.0,0.0,1.0,0.0
1748.0,29.133333333333333,注入隔离液1,0.0,0.0,0.0,0.0,0.0,0.0,0.0,0.0,0.0,0.0,0.0,1.0,0.0
1752.0,29.2,注入隔离液1,0.0,0.0,0.0,0.0,0.0,0.0,0.0,0.0,0.0,0.0,0.0,1.0,0.0
1756.0,29.266666666666666,注入隔离液1,0.0,0.0,0.0,0.0,0.0,0.0,0.0,0.0,0.0,0.0,0.0,1.0,0.0
1760.0,29.333333333333332,注入隔离液1,0.0,0.0,0.0,0.0,0.0,0.0,0.0,0.0,0.0,0.0,0.0,1.0,0.0
1764.0,29.4,注入隔离液1,0.0,0.0,0.0,0.0,0.0,0.0,0.0,0.0,0.0,0.0,0.0,1.0,0.0
1768.0,29.466666666666665,注入隔离液1,0.0,0.0,0.0,0.0,0.0,0.0,0.0,0.0,0.0,0.0,0.0,1.0,0.0
1772.0,29.533333333333335,注入隔离液1,0.0,0.0,0.0,0.0,0.0,0.0,0.0,0.0,0.0,0.0,0.0,1.0,0.0
1776.0,29.6,注入隔离液1,0.0,0.0,0.0,0.0,0.0,0.0,0.0,0.0,0.0,0.0,0.0,1.0,0.0
1780.0,29.666666666666668,注入隔离液1,0.0,0.0,0.0,0.0,0.0,0.0,0.0,0.0,0.0,0.0,0.0,1.0,0.0
1784.0,29.733333333333334,注入隔离液1,0.0,0.0,0.0,0.0,0.0,0.0,0.0,0.0,0.0,0.0,0.0,1.0,0.0
1788.0,29.8,注入隔离液1,0.0,0.0,0.0,0.0,0.0,0.0,0.0,0.0,0.0,0.0,0.0,1.0,0.0
1792.0,29.866666666666667,注入隔离液1,0.0,0.0,0.0,0.0,0.0,0.0,0.0,0.0,0.0,0.0,0.0,1.0,0.0
1796.0,29.933333333333334,注入隔离液1,0.0,0.0,0.0,0.0,0.0,0.0,0.0,0.0,0.0,0.0,0.0,1.0,0.0
1800.0,30.0,注入隔离液1,0.0,0.0,0.0,0.0,0.0,0.0,0.0,0.0,0.0,0.0,0.0,1.0,0.0
1804.0,30.066666666666666,注入隔离液1,0.0,0.0,0.0,0.0,0.0,0.0,0.0,0.0,0.0,0.0,0.0,1.0,0.0
1808.0,30.133333333333333,注入隔离液1,0.0,0.0,0.0,0.0,0.0,0.0,0.0,0.0,0.0,0.0,0.0,1.0,0.0
1812.0,30.2,注入隔离液1,0.0,0.0,0.0,0.0,0.0,0.0,0.0,0.0,0.0,0.0,0.0,1.0,0.0
1816.0,30.266666666666666,注入隔离液1,0.0,0.0,0.0,0.0,0.0,0.0,0.0,0.0,0.0,0.0,0.0,1.0,0.0
1820.0,30.333333333333332,注入隔离液1,0.0,0.0,0.0,0.0,0.0,0.0,0.0,0.0,0.0,0.0,0.0,1.0,0.0
1824.0,30.4,注入隔离液1,0.0,0.0,0.0,0.0,0.0,0.0,0.0,0.0,0.0,0.0,0.0,1.0,0.0
1828.0,30.466666666666665,注入隔离液1,0.0,0.0,0.0,0.0,0.0,0.0,0.0,0.0,0.0,0.0,0.0,1.0,0.0
1832.0,30.533333333333335,注入隔离液1,0.0,0.0,0.0,0.0,0.0,0.0,0.0,0.0,0.0,0.0,0.0,1.0,0.0
1836.0,30.6,注入隔离液1,0.0,0.0,0.0,0.0,0.0,0.0,0.0,0.0,0.0,0.0,0.0,1.0,0.0
1840.0,30.666666666666668,注入隔离液1,0.0,0.0,0.0,0.0,0.0,0.0,0.0,0.0,0.0,0.0,0.0,1.0,0.0
1844.0,30.733333333333334,注入隔离液1,0.0,0.0,0.0,0.0,0.0,0.0,0.0,0.0,0.0,0.0,0.0,1.0,0.0
1848.0,30.8,注入隔离液1,0.0,0.0,0.0,0.0,0.0,0.0,0.0,0.0,0.0,0.0,0.0,1.0,0.0
1852.0,30.866666666666667,注入隔离液1,0.0,0.0,0.0,0.0,0.0,0.0,0.0,0.0,0.0,0.0,0.0,1.0,0.0
1856.0,30.933333333333334,注入隔离液1,0.0,0.0,0.0,0.0,0.0,0.0,0.0,0.0,0.0,0.0,0.0,1.0,0.0
1860.0,31.0,注入隔离液1,0.0,0.0,0.0,0.0,0.0,0.0,0.0,0.0,0.0,0.0,0.0,1.0,0.0
1864.0,31.066666666666666,注入隔离液1,0.0,0.0,0.0,0.0,0.0,0.0,0.0,0.0,0.0,0.0,0.0,1.0,0.0
1868.0,31.133333333333333,注入隔离液1,0.0,0.0,0.0,0.0,0.0,0.0,0.0,0.0,0.0,0.0,0.0,1.0,0.0
1872.0,31.2,注入隔离液1,0.0,0.0,0.0,0.0,0.0,0.0,0.0,0.0,0.0,0.0,0.0,1.0,0.0
1876.0,31.266666666666666,注入隔离液1,0.0,0.0,0.0,0.0,0.0,0.0,0.0,0.0,0.0,0.0,0.0,1.0,0.0
1880.0,31.333333333333332,注入隔离液1,0.0,0.0,0.0,0.0,0.0,0.0,0.0,0.0,0.0,0.0,0.0,1.0,0.0
1884.0,31.4,注入隔离液1,0.0,0.0,0.0,0.0,0.0,0.0,0.0,0.0,0.0,0.0,0.0,1.0,0.0
1888.0,31.466666666666665,注入隔离液1,0.0,0.0,0.0,0.0,0.0,0.0,0.0,0.0,0.0,0.0,0.0,1.0,0.0
1892.0,31.533333333333335,注入隔离液1,0.0,0.0,0.0,0.0,0.0,0.0,0.0,0.0,0.0,0.0,0.0,1.0,0.0
1896.0,31.6,注入隔离液1,0.0,0.0,0.0,0.0,0.0,0.0,0.0,0.0,0.0,0.0,0.0,1.0,0.0
1900.0,31.666666666666668,注入隔离液1,0.0,0.0,0.0,0.0,0.0,0.0,0.0,0.0,0.0,0.0,0.0,1.0,0.0
1904.0,31.733333333333334,注入隔离液1,0.0,0.0,0.0,0.0,0.0,0.0,0.0,0.0,0.0,0.0,0.0,1.0,0.0
1908.0,31.8,注入隔离液1,0.0,0.0,0.0,0.0,0.0,0.0,0.0,0.0,0.0,0.0,0.0,1.0,0.0
1912.0,31.866666666666667,注入隔离液1,0.0,0.0,0.0,0.0,0.0,0.0,0.0,0.0,0.0,0.0,0.0,1.0,0.0
1916.0,31.933333333333334,注入隔离液1,0.0,0.0,0.0,0.0,0.0,0.0,0.0,0.0,0.0,0.0,0.0,1.0,0.0
1920.0,32.0,注入隔离液1,0.0,0.0,0.0,0.0,0.0,0.0,0.0,0.0,0.0,0.0,0.0,1.0,0.0
1924.0,32.06666666666667,注入隔离液1,0.0,0.0,0.0,0.0,0.0,0.0,0.0,0.0,0.0,0.0,0.0,1.0,0.0
1928.0,32.13333333333333,注入隔离液1,0.0,0.0,0.0,0.0,0.0,0.0,0.0,0.0,0.0,0.0,0.0,1.0,0.0
1932.0,32.2,注入隔离液1,0.0,0.0,0.0,0.0,0.0,0.0,0.0,0.0,0.0,0.0,0.0,1.0,0.0
1936.0,32.266666666666666,注入隔离液1,0.0,0.0,0.0,0.0,0.0,0.0,0.0,0.0,0.0,0.0,0.0,1.0,0.0
1940.0,32.333333333333336,注入隔离液1,0.0,0.0,0.0,0.0,0.0,0.0,0.0,0.0,0.0,0.0,0.0,1.0,0.0
1944.0,32.4,注入隔离液1,0.0,0.0,0.0,0.0,0.0,0.0,0.0,0.0,0.0,0.0,0.0,1.0,0.0
1948.0,32.46666666666667,注入隔离液1,0.0,0.0,0.0,0.0,0.0,0.0,0.0,0.0,0.0,0.0,0.0,1.0,0.0
1952.0,32.53333333333333,注入隔离液1,0.0,0.0,0.0,0.0,0.0,0.0,0.0,0.0,0.0,0.0,0.0,1.0,0.0
1956.0,32.6,注入隔离液1,0.0,0.0,0.0,0.0,0.0,0.0,0.0,0.0,0.0,0.0,0.0,1.0,0.0
1960.0,32.666666666666664,注入隔离液1,0.0,0.0,0.0,0.0,0.0,0.0,0.0,0.0,0.0,0.0,0.0,1.0,0.0
1964.0,32.733333333333334,注入隔离液1,0.0,0.0,0.0,0.0,0.0,0.0,0.0,0.0,0.0,0.0,0.0,1.0,0.0
1968.0,32.8,注入隔离液1,0.0,0.0,0.0,0.0,0.0,0.0,0.0,0.0,0.0,0.0,0.0,1.0,0.0
1972.0,32.86666666666667,注入隔离液1,0.0,0.0,0.0,0.0,0.0,0.0,0.0,0.0,0.0,0.0,0.0,1.0,0.0
1976.0,32.93333333333333,注入隔离液1,0.0,0.0,0.0,0.0,0.0,0.0,0.0,0.0,0.0,0.0,0.0,1.0,0.0
1980.0,33.0,注入隔离液1,0.0,0.0,0.0,0.0,0.0,0.0,0.0,0.0,0.0,0.0,0.0,1.0,0.0
1984.0,33.06666666666667,注入隔离液1,0.0,0.0,0.0,0.0,0.0,0.0,0.0,0.0,0.0,0.0,0.0,1.0,0.0
1988.0,33.13333333333333,注入隔离液1,0.0,0.0,0.0,0.0,0.0,0.0,0.0,0.0,0.0,0.0,0.0,1.0,0.0
1992.0,33.2,注入隔离液1,0.0,0.0,0.0,0.0,0.0,0.0,0.0,0.0,0.0,0.0,0.0,1.0,0.0
1996.0,33.266666666666666,注入隔离液1,0.0,0.0,0.0,0.0,0.0,0.0,0.0,0.0,0.0,0.0,0.0,1.0,0.0
2000.0,33.333333333333336,注入隔离液1,0.0,0.0,0.0,0.0,0.0,0.0,0.0,0.0,0.0,0.0,0.0,1.0,0.0
2004.0,33.4,注入隔离液1,0.0,0.0,0.0,0.0,0.0,0.0,0.0,0.0,0.0,0.0,0.0,1.0,0.0
2008.0,33.46666666666667,注入隔离液1,0.0,0.0,0.0,0.0,0.0,0.0,0.0,0.0,0.0,0.0,0.0,1.0,0.0
2012.0,33.53333333333333,注入隔离液1,0.0,0.0,0.0,0.0,0.0,0.0,0.0,0.0,0.0,0.0,0.0,1.0,0.0
2016.0,33.6,注入隔离液1,0.0,0.0,0.0,0.0,0.0,0.0,0.0,0.0,0.0,0.0,0.0,1.0,0.0
2020.0,33.666666666666664,注入隔离液1,0.0,0.0,0.0,0.0,0.0,0.0,0.0,0.0,0.0,0.0,0.0,1.0,0.0
2024.0,33.733333333333334,注入隔离液1,0.0,0.0,0.0,0.0,0.0,0.0,0.0,0.0,0.0,0.0,0.0,1.0,0.0
2028.0,33.8,注入隔离液1,0.0,0.0,0.0,0.0,0.0,0.0,0.0,0.0,0.0,0.0,0.0,1.0,0.0
2032.0,33.86666666666667,注入隔离液1,0.0,0.0,0.0,0.0,0.0,0.0,0.0,0.0,0.0,0.0,0.0,1.0,0.0
2036.0,33.93333333333333,注入隔离液1,0.0,0.0,0.0,0.0,0.0,0.0,0.0,0.0,0.0,0.0,0.0,1.0,0.0
2040.0,34.0,注入隔离液1,0.0,0.0,0.0,0.0,0.0,0.0,0.0,0.0,0.0,0.0,0.0,1.0,0.0
2044.0,34.06666666666667,注入隔离液1,0.0,0.0,0.0,0.0,0.0,0.0,0.0,0.0,0.0,0.0,0.0,1.0,0.0
2048.0,34.13333333333333,注入隔离液1,0.0,0.0,0.0,0.0,0.0,0.0,0.0,0.0,0.0,0.0,0.0,1.0,0.0
2052.0,34.2,注入隔离液1,0.0,0.0,0.0,0.0,0.0,0.0,0.0,0.0,0.0,0.0,0.0,1.0,0.0
2056.0,34.266666666666666,注入隔离液1,0.0,0.0,0.0,0.0,0.0,0.0,0.0,0.0,0.0,0.0,0.0,1.0,0.0
2060.0,34.333333333333336,注入隔离液1,0.0,0.0,0.0,0.0,0.0,0.0,0.0,0.0,0.0,0.0,0.0,1.0,0.0
2064.0,34.4,注入隔离液1,0.0,0.0,0.0,0.0,0.0,0.0,0.0,0.0,0.0,0.0,0.0,1.0,0.0
2068.0,34.46666666666667,注入隔离液1,0.0,0.0,0.0,0.0,0.0,0.0,0.0,0.0,0.0,0.0,0.0,1.0,0.0
2072.0,34.53333333333333,注入隔离液1,0.0,0.0,0.0,0.0,0.0,0.0,0.0,0.0,0.0,0.0,0.0,1.0,0.0
2076.0,34.6,注入隔离液1,0.0,0.0,0.0,0.0,0.0,0.0,0.0,0.0,0.0,0.0,0.0,1.0,0.0
2080.0,34.666666666666664,注入隔离液1,0.0,0.0,0.0,0.0,0.0,0.0,0.0,0.0,0.0,0.0,0.0,1.0,0.0
2084.0,34.733333333333334,注入隔离液1,0.0,0.0,0.0,0.0,0.0,0.0,0.0,0.0,0.0,0.0,0.0,1.0,0.0
2088.0,34.8,注入隔离液1,0.0,0.0,0.0,0.0,0.0,0.0,0.0,0.0,0.0,0.0,0.0,1.0,0.0
2092.0,34.86666666666667,注入隔离液1,0.0,0.0,0.0,0.0,0.0,0.0,0.0,0.0,0.0,0.0,0.0,1.0,0.0
2096.0,34.93333333333333,注入隔离液1,0.0,0.0,0.0,0.0,0.0,0.0,0.0,0.0,0.0,0.0,0.0,1.0,0.0
2100.0,35.0,注入隔离液1,0.0,0.0,0.0,0.0,0.0,0.0,0.0,0.0,0.0,0.0,0.0,1.0,0.0
2104.0,35.06666666666667,注入隔离液1,0.0,0.0,0.0,0.0,0.0,0.0,0.0,0.0,0.0,0.0,0.0,1.0,0.0
2108.0,35.13333333333333,注入隔离液1,0.0,0.0,0.0,0.0,0.0,0.0,0.0,0.0,0.0,0.0,0.0,1.0,0.0
2112.0,35.2,注入隔离液1,0.0,0.0,0.0,0.0,0.0,0.0,0.0,0.0,0.0,0.0,0.0,1.0,0.0
2116.0,35.266666666666666,注入隔离液1,0.0,0.0,0.0,0.0,0.0,0.0,0.0,0.0,0.0,0.0,0.0,1.0,0.0
2120.0,35.333333333333336,注入隔离液1,0.0,0.0,0.0,0.0,0.0,0.0,0.0,0.0,0.0,0.0,0.0,1.0,0.0
2124.0,35.4,注入隔离液1,0.0,0.0,0.0,0.0,0.0,0.0,0.0,0.0,0.0,0.0,0.0,1.0,0.0
2128.0,35.46666666666667,注入隔离液1,0.0,0.0,0.0,0.0,0.0,0.0,0.0,0.0,0.0,0.0,0.0,1.0,0.0
2132.0,35.53333333333333,注入隔离液1,0.0,0.0,0.0,0.0,0.0,0.0,0.0,0.0,0.0,0.0,0.0,1.0,0.0
2136.0,35.6,注入隔离液1,0.0,0.0,0.0,0.0,0.0,0.0,0.0,0.0,0.0,0.0,0.0,1.0,0.0
2140.0,35.666666666666664,注入隔离液1,0.0,0.0,0.0,0.0,0.0,0.0,0.0,0.0,0.0,0.0,0.0,1.0,0.0
2144.0,35.733333333333334,注入隔离液1,0.0,0.0,0.0,0.0,0.0,0.0,0.0,0.0,0.0,0.0,0.0,1.0,0.0
2148.0,35.8,注入隔离液1,0.0,0.0,0.0,0.0,0.0,0.0,0.0,0.0,0.0,0.0,0.0,1.0,0.0
2152.0,35.86666666666667,注入隔离液1,0.0,0.0,0.0,0.0,0.0,0.0,0.0,0.0,0.0,0.0,0.0,1.0,0.0
2156.0,35.93333333333333,注入隔离液1,0.0,0.0,0.0,0.0,0.0,0.0,0.0,0.0,0.0,0.0,0.0,1.0,0.0
2160.0,36.0,注入隔离液1,0.0,0.0,0.0,0.0,0.0,0.0,0.0,0.0,0.0,0.0,0.0,1.0,0.0
2164.0,36.06666666666667,注入隔离液1,0.0,0.0,0.0,0.0,0.0,0.0,0.0,0.0,0.0,0.0,0.0,1.0,0.0
2168.0,36.13333333333333,注入隔离液1,0.0,0.0,0.0,0.0,0.0,0.0,0.0,0.0,0.0,0.0,0.0,1.0,0.0
2172.0,36.2,注入隔离液1,0.0,0.0,0.0,0.0,0.0,0.0,0.0,0.0,0.0,0.0,0.0,1.0,0.0
2176.0,36.266666666666666,注入隔离液1,0.0,0.0,0.0,0.0,0.0,0.0,0.0,0.0,0.0,0.0,0.0,1.0,0.0
2180.0,36.333333333333336,注入隔离液1,0.0,0.0,0.0,0.0,0.0,0.0,0.0,0.0,0.0,0.0,0.0,1.0,0.0
2184.0,36.4,注入隔离液1,0.0,0.0,0.0,0.0,0.0,0.0,0.0,0.0,0.0,0.0,0.0,1.0,0.0
2188.0,36.46666666666667,注入隔离液1,0.0,0.0,0.0,0.0,0.0,0.0,0.0,0.0,0.0,0.0,0.0,1.0,0.0
2192.0,36.53333333333333,注入隔离液1,0.0,0.0,0.0,0.0,0.0,0.0,0.0,0.0,0.0,0.0,0.0,1.0,0.0
2196.0,36.6,注入隔离液1,0.0,0.0,0.0,0.0,0.0,0.0,0.0,0.0,0.0,0.0,0.0,1.0,0.0
2200.0,36.666666666666664,注入隔离液1,0.0,0.0,0.0,0.0,0.0,0.0,0.0,0.0,0.0,0.0,0.0,1.0,0.0
2204.0,36.733333333333334,注入隔离液1,0.0,0.0,0.0,0.0,0.0,0.0,0.0,0.0,0.0,0.0,0.0,1.0,0.0
2208.0,36.8,注入隔离液1,0.0,0.0,0.0,0.0,0.0,0.0,0.0,0.0,0.0,0.0,0.0,1.0,0.0
2212.0,36.86666666666667,注入隔离液1,0.0,0.0,0.0,0.0,0.0,0.0,0.0,0.0,0.0,0.0,0.0,1.0,0.0
2216.0,36.93333333333333,注入隔离液1,0.0,0.0,0.0,0.0,0.0,0.0,0.0,0.0,0.0,0.0,0.0,1.0,0.0
2220.0,37.0,注入隔离液1,0.0,0.0,0.0,0.0,0.0,0.0,0.0,0.0,0.0,0.0,0.0,1.0,0.0
2224.0,37.06666666666667,注入隔离液1,0.0,0.0,0.0,0.0,0.0,0.0,0.0,0.0,0.0,0.0,0.0,1.0,0.0
2228.0,37.13333333333333,注入隔离液1,0.0,0.0,0.0,0.0,0.0,0.0,0.0,0.0,0.0,0.0,0.0,1.0,0.0
2232.0,37.2,注入隔离液1,0.0,0.0,0.0,0.0,0.0,0.0,0.0,0.0,0.0,0.0,0.0,1.0,0.0
2236.0,37.266666666666666,注入隔离液1,0.0,0.0,0.0,0.0,0.0,0.0,0.0,0.0,0.0,0.0,0.0,1.0,0.0
2240.0,37.333333333333336,注入隔离液1,0.0,0.0,0.0,0.0,0.0,0.0,0.0,0.0,0.0,0.0,0.0,1.0,0.0
2244.0,37.4,注入隔离液1,0.0,0.0,0.0,0.0,0.0,0.0,0.0,0.0,0.0,0.0,0.0,1.0,0.0
2248.0,37.46666666666667,注入隔离液1,0.0,0.0,0.0,0.0,0.0,0.0,0.0,0.0,0.0,0.0,0.0,1.0,0.0
2252.0,37.53333333333333,注入隔离液1,0.0,0.0,0.0,0.0,0.0,0.0,0.0,0.0,0.0,0.0,0.0,1.0,0.0
2256.0,37.6,注入隔离液1,0.0,0.0,0.0,0.0,0.0,0.0,0.0,0.0,0.0,0.0,0.0,1.0,0.0
2260.0,37.666666666666664,注入隔离液1,0.0,0.0,0.0,0.0,0.0,0.0,0.0,0.0,0.0,0.0,0.0,1.0,0.0
2264.0,37.733333333333334,注入隔离液1,0.0,0.0,0.0,0.0,0.0,0.0,0.0,0.0,0.0,0.0,0.0,1.0,0.0
2268.0,37.8,注入隔离液1,0.0,0.0,0.0,0.0,0.0,0.0,0.0,0.0,0.0,0.0,0.0,1.0,0.0
2272.0,37.86666666666667,注入隔离液1,0.0,0.0,0.0,0.0,0.0,0.0,0.0,0.0,0.0,0.0,0.0,1.0,0.0
2276.0,37.93333333333333,注入隔离液1,0.0,0.0,0.0,0.0,0.0,0.0,0.0,0.0,0.0,0.0,0.0,1.0,0.0
2280.0,38.0,注入隔离液1,0.0,0.0,0.0,0.0,0.0,0.0,0.0,0.0,0.0,0.0,0.0,1.0,0.0
2284.0,38.06666666666667,注入隔离液1,0.0,0.0,0.0,0.0,0.0,0.0,0.0,0.0,0.0,0.0,0.0,1.0,0.0
2288.0,38.13333333333333,注入隔离液1,0.0,0.0,0.0,0.0,0.0,0.0,0.0,0.0,0.0,0.0,0.0,1.0,0.0
2292.0,38.2,注入隔离液1,0.0,0.0,0.0,0.0,0.0,0.0,0.0,0.0,0.0,0.0,0.0,1.0,0.0
2296.0,38.266666666666666,注入隔离液1,0.0,0.0,0.0,0.0,0.0,0.0,0.0,0.0,0.0,0.0,0.0,1.0,0.0
2300.0,38.333333333333336,注入隔离液1,0.0,0.0,0.0,0.0,0.0,0.0,0.0,0.0,0.0,0.0,0.0,1.0,0.0
2304.0,38.4,注入隔离液1,0.0,0.0,0.0,0.0,0.0,0.0,0.0,0.0,0.0,0.0,0.0,1.0,0.0
2308.0,38.46666666666667,注入隔离液1,0.0,0.0,0.0,0.0,0.0,0.0,0.0,0.0,0.0,0.0,0.0,1.0,0.0
2312.0,38.53333333333333,注入隔离液1,0.0,0.0,0.0,0.0,0.0,0.0,0.0,0.0,0.0,0.0,0.0,1.0,0.0
2316.0,38.6,注入隔离液1,0.0,0.0,0.0,0.0,0.0,0.0,0.0,0.0,0.0,0.0,0.0,1.0,0.0
2320.0,38.666666666666664,注入隔离液1,0.0,0.0,0.0,0.0,0.0,0.0,0.0,0.0,0.0,0.0,0.0,1.0,0.0
2324.0,38.733333333333334,注入隔离液1,0.0,0.0,0.0,0.0,0.0,0.0,0.0,0.0,0.0,0.0,0.0,1.0,0.0
2328.0,38.8,注入隔离液1,0.0,0.0,0.0,0.0,0.0,0.0,0.0,0.0,0.0,0.0,0.0,1.0,0.0
2332.0,38.86666666666667,注入隔离液1,0.0,0.0,0.0,0.0,0.0,0.0,0.0,0.0,0.0,0.0,0.0,1.0,0.0
2336.0,38.93333333333333,注入隔离液1,0.0,0.0,0.0,0.0,0.0,0.0,0.0,0.0,0.0,0.0,0.0,1.0,0.0
2340.0,39.0,注入隔离液1,0.0,0.0,0.0,0.0,0.0,0.0,0.0,0.0,0.0,0.0,0.0,1.0,0.0
2344.0,39.06666666666667,注入隔离液1,0.0,0.0,0.0,0.0,0.0,0.0,0.0,0.0,0.0,0.0,0.0,1.0,0.0
2348.0,39.13333333333333,注入隔离液1,0.0,0.0,0.0,0.0,0.0,0.0,0.0,0.0,0.0,0.0,0.0,1.0,0.0
2352.0,39.2,注入隔离液1,0.0,0.0,0.0,0.0,0.0,0.0,0.0,0.0,0.0,0.0,0.0,1.0,0.0
2356.0,39.266666666666666,注入隔离液1,0.0,0.0,0.0,0.0,0.0,0.0,0.0,0.0,0.0,0.0,0.0,1.0,0.0
2360.0,39.333333333333336,注入隔离液1,0.0,0.0,0.0,0.0,0.0,0.0,0.0,0.0,0.0,0.0,0.0,1.0,0.0
2364.0,39.4,注入隔离液2,0.0,0.0,0.0,0.0,0.0,0.0,0.0,0.0,0.0,0.0,0.0,1.0,0.0
2368.0,39.46666666666667,注入隔离液2,0.0,0.0,0.0,0.0,0.0,0.0,0.0,0.0,0.0,0.0,0.0,1.0,0.0
2372.0,39.53333333333333,注入隔离液2,0.0,0.0,0.0,0.0,0.0,0.0,0.0,0.0,0.0,0.0,0.0,1.0,0.0
2376.0,39.6,注入隔离液2,0.0,0.0,0.0,0.0,0.0,0.0,0.0,0.0,0.0,0.0,0.0,1.0,0.0
2380.0,39.666666666666664,注入隔离液2,0.0,0.0,0.0,0.0,0.0,0.0,0.0,0.0,0.0,0.0,0.0,1.0,0.0
2384.0,39.733333333333334,注入隔离液2,0.0,0.0,0.0,0.0,0.0,0.0,0.0,0.0,0.0,0.0,0.0,1.0,0.0
2388.0,39.8,注入隔离液2,0.0,0.0,0.0,0.0,0.0,0.0,0.0,0.0,0.0,0.0,0.0,1.0,0.0
2392.0,39.86666666666667,注入隔离液2,0.0,0.0,0.0,0.0,0.0,0.0,0.0,0.0,0.0,0.0,0.0,1.0,0.0
2396.0,39.93333333333333,注入隔离液2,0.0,0.0,0.0,0.0,0.0,0.0,0.0,0.0,0.0,0.0,0.0,1.0,0.0
2400.0,40.0,注入隔离液2,0.0,0.0,0.0,0.0,0.0,0.0,0.0,0.0,0.0,0.0,0.0,1.0,0.0
2404.0,40.06666666666667,注入隔离液2,0.0,0.0,0.0,0.0,0.0,0.0,0.0,0.0,0.0,0.0,0.0,1.0,0.0
2408.0,40.13333333333333,注入隔离液2,0.0,0.0,0.0,0.0,0.0,0.0,0.0,0.0,0.0,0.0,0.0,1.0,0.0
2412.0,40.2,注入隔离液2,0.0,0.0,0.0,0.0,0.0,0.0,0.0,0.0,0.0,0.0,0.0,1.0,0.0
2416.0,40.266666666666666,注入隔离液2,0.0,0.0,0.0,0.0,0.0,0.0,0.0,0.0,0.0,0.0,0.0,1.0,0.0
2420.0,40.333333333333336,注入隔离液2,0.0,0.0,0.0,0.0,0.0,0.0,0.0,0.0,0.0,0.0,0.0,1.0,0.0
2424.0,40.4,注入隔离液2,0.0,0.0,0.0,0.0,0.0,0.0,0.0,0.0,0.0,0.0,0.0,1.0,0.0
2428.0,40.46666666666667,注入隔离液2,0.0,0.0,0.0,0.0,0.0,0.0,0.0,0.0,0.0,0.0,0.0,1.0,0.0
2432.0,40.53333333333333,注入隔离液2,0.0,0.0,0.0,0.0,0.0,0.0,0.0,0.0,0.0,0.0,0.0,1.0,0.0
2436.0,40.6,注入隔离液2,0.0,0.0,0.0,0.0,0.0,0.0,0.0,0.0,0.0,0.0,0.0,1.0,0.0
2440.0,40.666666666666664,注入隔离液2,0.0,0.0,0.0,0.0,0.0,0.0,0.0,0.0,0.0,0.0,0.0,1.0,0.0
2444.0,40.733333333333334,注入隔离液2,0.0,0.0,0.0,0.0,0.0,0.0,0.0,0.0,0.0,0.0,0.0,1.0,0.0
2448.0,40.8,注入隔离液2,0.0,0.0,0.0,0.0,0.0,0.0,0.0,0.0,0.0,0.0,0.0,1.0,0.0
2452.0,40.86666666666667,注入隔离液2,0.0,0.0,0.0,0.0,0.0,0.0,0.0,0.0,0.0,0.0,0.0,1.0,0.0
2456.0,40.93333333333333,注入隔离液2,0.0,0.0,0.0,0.0,0.0,0.0,0.0,0.0,0.0,0.0,0.0,1.0,0.0
2460.0,41.0,注入隔离液2,0.0,0.0,0.0,0.0,0.0,0.0,0.0,0.0,0.0,0.0,0.0,1.0,0.0
2464.0,41.06666666666667,注入隔离液2,0.0,0.0,0.0,0.0,0.0,0.0,0.0,0.0,0.0,0.0,0.0,1.0,0.0
2468.0,41.13333333333333,注入隔离液2,0.0,0.0,0.0,0.0,0.0,0.0,0.0,0.0,0.0,0.0,0.0,1.0,0.0
2472.0,41.2,注入隔离液2,0.0,0.0,0.0,0.0,0.0,0.0,0.0,0.0,0.0,0.0,0.0,1.0,0.0
2476.0,41.266666666666666,注入隔离液2,0.0,0.0,0.0,0.0,0.0,0.0,0.0,0.0,0.0,0.0,0.0,1.0,0.0
2480.0,41.333333333333336,注入隔离液2,0.0,0.0,0.0,0.0,0.0,0.0,0.0,0.0,0.0,0.0,0.0,1.0,0.0
2484.0,41.4,注入隔离液2,0.0,0.0,0.0,0.0,0.0,0.0,0.0,0.0,0.0,0.0,0.0,1.0,0.0
2488.0,41.46666666666667,注入隔离液2,0.0,0.0,0.0,0.0,0.0,0.0,0.0,0.0,0.0,0.0,0.0,1.0,0.0
2492.0,41.53333333333333,注入隔离液2,0.0,0.0,0.0,0.0,0.0,0.0,0.0,0.0,0.0,0.0,0.0,1.0,0.0
2496.0,41.6,注入隔离液2,0.0,0.0,0.0,0.0,0.0,0.0,0.0,0.0,0.0,0.0,0.0,1.0,0.0
2500.0,41.666666666666664,注入隔离液2,0.0,0.0,0.0,0.0,0.0,0.0,0.0,0.0,0.0,0.0,0.0,1.0,0.0
2504.0,41.733333333333334,注入隔离液2,0.0,0.0,0.0,0.0,0.0,0.0,0.0,0.0,0.0,0.0,0.0,1.0,0.0
2508.0,41.8,注入隔离液2,0.0,0.0,0.0,0.0,0.0,0.0,0.0,0.0,0.0,0.0,0.0,1.0,0.0
2512.0,41.86666666666667,注入隔离液2,0.0,0.0,0.0,0.0,0.0,0.0,0.0,0.0,0.0,0.0,0.0,1.0,0.0
2516.0,41.93333333333333,注入隔离液2,0.0,0.0,0.0,0.0,0.0,0.0,0.0,0.0,0.0,0.0,0.0,1.0,0.0
2520.0,42.0,注入隔离液2,0.0,0.0,0.0,0.0,0.0,0.0,0.0,0.0,0.0,0.0,0.0,1.0,0.0
2524.0,42.06666666666667,注入隔离液2,0.0,0.0,0.0,0.0,0.0,0.0,0.0,0.0,0.0,0.0,0.0,1.0,0.0
2528.0,42.13333333333333,注入隔离液2,0.0,0.0,0.0,0.0,0.0,0.0,0.0,0.0,0.0,0.0,0.0,1.0,0.0
2532.0,42.2,注入隔离液2,0.0,0.0,0.0,0.0,0.0,0.0,0.0,0.0,0.0,0.0,0.0,1.0,0.0
2536.0,42.266666666666666,注入隔离液2,0.0,0.0,0.0,0.0,0.0,0.0,0.0,0.0,0.0,0.0,0.0,1.0,0.0
2540.0,42.333333333333336,注入隔离液2,0.0,0.0,0.0,0.0,0.0,0.0,0.0,0.0,0.0,0.0,0.0,1.0,0.0
2544.0,42.4,注入隔离液2,0.0,0.0,0.0,0.0,0.0,0.0,0.0,0.0,0.0,0.0,0.0,1.0,0.0
2548.0,42.46666666666667,注入隔离液2,0.0,0.0,0.0,0.0,0.0,0.0,0.0,0.0,0.0,0.0,0.0,1.0,0.0
2552.0,42.53333333333333,注入隔离液2,0.0,0.0,0.0,0.0,0.0,0.0,0.0,0.0,0.0,0.0,0.0,1.0,0.0
2556.0,42.6,注入隔离液2,0.0,0.0,0.0,0.0,0.0,0.0,0.0,0.0,0.0,0.0,0.0,1.0,0.0
2560.0,42.666666666666664,注入隔离液2,0.0,0.0,0.0,0.0,0.0,0.0,0.0,0.0,0.0,0.0,0.0,1.0,0.0
2564.0,42.733333333333334,注入隔离液2,0.0,0.0,0.0,0.0,0.0,0.0,0.0,0.0,0.0,0.0,0.0,1.0,0.0
2568.0,42.8,注入隔离液2,0.0,0.0,0.0,0.0,0.0,0.0,0.0,0.0,0.0,0.0,0.0,1.0,0.0
2572.0,42.86666666666667,注入隔离液2,0.0,0.0,0.0,0.0,0.0,0.0,0.0,0.0,0.0,0.0,0.0,1.0,0.0
2576.0,42.93333333333333,注入隔离液2,0.0,0.0,0.0,0.0,0.0,0.0,0.0,0.0,0.0,0.0,0.0,1.0,0.0
2580.0,43.0,注入隔离液2,0.0,0.0,0.0,0.0,0.0,0.0,0.0,0.0,0.0,0.0,0.0,1.0,0.0
2584.0,43.06666666666667,注入隔离液2,0.0,0.0,0.0,0.0,0.0,0.0,0.0,0.0,0.0,0.0,0.0,1.0,0.0
2588.0,43.13333333333333,注入隔离液2,0.0,0.0,0.0,0.0,0.0,0.0,0.0,0.0,0.0,0.0,0.0,1.0,0.0
2592.0,43.2,注入隔离液2,0.0,0.0,0.0,0.0,0.0,0.0,0.0,0.0,0.0,0.0,0.0,1.0,0.0
2596.0,43.266666666666666,注入隔离液2,0.0,0.0,0.0,0.0,0.0,0.0,0.0,0.0,0.0,0.0,0.0,1.0,0.0
2600.0,43.333333333333336,注入隔离液2,0.0,0.0,0.0,0.0,0.0,0.0,0.0,0.0,0.0,0.0,0.0,1.0,0.0
2604.0,43.4,注入隔离液2,0.0,0.0,0.0,0.0,0.0,0.0,0.0,0.0,0.0,0.0,0.0,1.0,0.0
2608.0,43.46666666666667,注入隔离液2,0.0,0.0,0.0,0.0,0.0,0.0,0.0,0.0,0.0,0.0,0.0,1.0,0.0
2612.0,43.53333333333333,注入隔离液2,0.0,0.0,0.0,0.0,0.0,0.0,0.0,0.0,0.0,0.0,0.0,1.0,0.0
2616.0,43.6,注入隔离液2,0.0,0.0,0.0,0.0,0.0,0.0,0.0,0.0,0.0,0.0,0.0,1.0,0.0
2620.0,43.666666666666664,注入隔离液2,0.0,0.0,0.0,0.0,0.0,0.0,0.0,0.0,0.0,0.0,0.0,1.0,0.0
2624.0,43.733333333333334,注入隔离液2,0.0,0.0,0.0,0.0,0.0,0.0,0.0,0.0,0.0,0.0,0.0,1.0,0.0
2628.0,43.8,注入隔离液2,0.0,0.0,0.0,0.0,0.0,0.0,0.0,0.0,0.0,0.0,0.0,1.0,0.0
2632.0,43.86666666666667,注入隔离液2,0.0,0.0,0.0,0.0,0.0,0.0,0.0,0.0,0.0,0.0,0.0,1.0,0.0
2636.0,43.93333333333333,注入隔离液2,0.0,0.0,0.0,0.0,0.0,0.0,0.0,0.0,0.0,0.0,0.0,1.0,0.0
2640.0,44.0,注入隔离液2,0.0,0.0,0.0,0.0,0.0,0.0,0.0,0.0,0.0,0.0,0.0,1.0,0.0
2644.0,44.06666666666667,注入隔离液2,0.0,0.0,0.0,0.0,0.0,0.0,0.0,0.0,0.0,0.0,0.0,1.0,0.0
2648.0,44.13333333333333,注入隔离液2,0.0,0.0,0.0,0.0,0.0,0.0,0.0,0.0,0.0,0.0,0.0,1.0,0.0
2652.0,44.2,注入隔离液2,0.0,0.0,0.0,0.0,0.0,0.0,0.0,0.0,0.0,0.0,0.0,1.0,0.0
2656.0,44.266666666666666,注入隔离液2,0.0,0.0,0.0,0.0,0.0,0.0,0.0,0.0,0.0,0.0,0.0,1.0,0.0
2660.0,44.333333333333336,注入隔离液2,0.0,0.0,0.0,0.0,0.0,0.0,0.0,0.0,0.0,0.0,0.0,1.0,0.0
2664.0,44.4,注入隔离液2,0.0,0.0,0.0,0.0,0.0,0.0,0.0,0.0,0.0,0.0,0.0,1.0,0.0
2668.0,44.46666666666667,注入隔离液2,0.0,0.0,0.0,0.0,0.0,0.0,0.0,0.0,0.0,0.0,0.0,1.0,0.0
2672.0,44.53333333333333,注入隔离液2,0.0,0.0,0.0,0.0,0.0,0.0,0.0,0.0,0.0,0.0,0.0,1.0,0.0
2676.0,44.6,注入隔离液2,0.0,0.0,0.0,0.0,0.0,0.0,0.0,0.0,0.0,0.0,0.0,1.0,0.0
2680.0,44.666666666666664,注入隔离液2,0.0,0.0,0.0,0.0,0.0,0.0,0.0,0.0,0.0,0.0,0.0,1.0,0.0
2684.0,44.733333333333334,注入隔离液2,0.0,0.0,0.0,0.0,0.0,0.0,0.0,0.0,0.0,0.0,0.0,1.0,0.0
2688.0,44.8,注入隔离液2,0.0,0.0,0.0,0.0,0.0,0.0,0.0,0.0,0.0,0.0,0.0,1.0,0.0
2692.0,44.86666666666667,注入隔离液2,0.0,0.0,0.0,0.0,0.0,0.0,0.0,0.0,0.0,0.0,0.0,1.0,0.0
2696.0,44.93333333333333,注入隔离液2,0.0,0.0,0.0,0.0,0.0,0.0,0.0,0.0,0.0,0.0,0.0,1.0,0.0
2700.0,45.0,注入隔离液2,0.0,0.0,0.0,0.0,0.0,0.0,0.0,0.0,0.0,0.0,0.0,1.0,0.0
2704.0,45.06666666666667,注入隔离液2,0.0,0.0,0.0,0.0,0.0,0.0,0.0,0.0,0.0,0.0,0.0,1.0,0.0
2708.0,45.13333333333333,注入隔离液2,0.0,0.0,0.0,0.0,0.0,0.0,0.0,0.0,0.0,0.0,0.0,1.0,0.0
2712.0,45.2,注入隔离液2,0.0,0.0,0.0,0.0,0.0,0.0,0.0,0.0,0.0,0.0,0.0,1.0,0.0
2716.0,45.266666666666666,注入隔离液2,0.0,0.0,0.0,0.0,0.0,0.0,0.0,0.0,0.0,0.0,0.0,1.0,0.0
2720.0,45.333333333333336,注入隔离液2,0.0,0.0,0.0,0.0,0.0,0.0,0.0,0.0,0.0,0.0,0.0,1.0,0.0
2724.0,45.4,注入隔离液2,0.0,0.0,0.0,0.0,0.0,0.0,0.0,0.0,0.0,0.0,0.0,1.0,0.0
2728.0,45.46666666666667,注入隔离液2,0.0,0.0,0.0,0.0,0.0,0.0,0.0,0.0,0.0,0.0,0.0,1.0,0.0
2732.0,45.53333333333333,注入隔离液2,0.0,0.0,0.0,0.0,0.0,0.0,0.0,0.0,0.0,0.0,0.0,1.0,0.0
2736.0,45.6,注入隔离液2,0.0,0.0,0.0,0.0,0.0,0.0,0.0,0.0,0.0,0.0,0.0,1.0,0.0
2740.0,45.666666666666664,注入隔离液2,0.0,0.0,0.0,0.0,0.0,0.0,0.0,0.0,0.0,0.0,0.0,1.0,0.0
2744.0,45.733333333333334,注入隔离液2,0.0,0.0,0.0,0.0,0.0,0.0,0.0,0.0,0.0,0.0,0.0,1.0,0.0
2748.0,45.8,注入隔离液2,0.0,0.0,0.0,0.0,0.0,0.0,0.0,0.0,0.0,0.0,0.0,1.0,0.0
2752.0,45.86666666666667,注入隔离液2,0.0,0.0,0.0,0.0,0.0,0.0,0.0,0.0,0.0,0.0,0.0,1.0,0.0
2756.0,45.93333333333333,注入隔离液2,0.0,0.0,0.0,0.0,0.0,0.0,0.0,0.0,0.0,0.0,0.0,1.0,0.0
2760.0,46.0,注入隔离液2,0.0,0.0,0.0,0.0,0.0,0.0,0.0,0.0,0.0,0.0,0.0,1.0,0.0
2764.0,46.06666666666667,注入隔离液2,0.0,0.0,0.0,0.0,0.0,0.0,0.0,0.0,0.0,0.0,0.0,1.0,0.0
2768.0,46.13333333333333,注入隔离液2,0.0,0.0,0.0,0.0,0.0,0.0,0.0,0.0,0.0,0.0,0.0,1.0,0.0
2772.0,46.2,注入隔离液2,0.0,0.0,0.0,0.0,0.0,0.0,0.0,0.0,0.0,0.0,0.0,1.0,0.0
2776.0,46.266666666666666,注入隔离液2,0.0,0.0,0.0,0.0,0.0,0.0,0.0,0.0,0.0,0.0,0.0,1.0,0.0
2780.0,46.333333333333336,注入隔离液2,0.0,0.0,0.0,0.0,0.0,0.0,0.0,0.0,0.0,0.0,0.0,1.0,0.0
2784.0,46.4,注入隔离液2,0.0,0.0,0.0,0.0,0.0,0.0,0.0,0.0,0.0,0.0,0.0,1.0,0.0
2788.0,46.46666666666667,注入隔离液2,0.0,0.0,0.0,0.0,0.0,0.0,0.0,0.0,0.0,0.0,0.0,1.0,0.0
2792.0,46.53333333333333,注入隔离液2,0.0,0.0,0.0,0.0,0.0,0.0,0.0,0.0,0.0,0.0,0.0,1.0,0.0
2796.0,46.6,注入隔离液2,0.0,0.0,0.0,0.0,0.0,0.0,0.0,0.0,0.0,0.0,0.0,1.0,0.0
2800.0,46.666666666666664,注入隔离液2,0.0,0.0,0.0,0.0,0.0,0.0,0.0,0.0,0.0,0.0,0.0,1.0,0.0
2804.0,46.733333333333334,注入隔离液2,0.0,0.0,0.0,0.0,0.0,0.0,0.0,0.0,0.0,0.0,0.0,1.0,0.0
2808.0,46.8,注入隔离液2,0.0,0.0,0.0,0.0,0.0,0.0,0.0,0.0,0.0,0.0,0.0,1.0,0.0
2812.0,46.86666666666667,注入隔离液2,0.0,0.0,0.0,0.0,0.0,0.0,0.0,0.0,0.0,0.0,0.0,1.0,0.0
2816.0,46.93333333333333,注入隔离液2,0.0,0.0,0.0,0.0,0.0,0.0,0.0,0.0,0.0,0.0,0.0,1.0,0.0
2820.0,47.0,注入隔离液2,0.0,0.0,0.0,0.0,0.0,0.0,0.0,0.0,0.0,0.0,0.0,1.0,0.0
2824.0,47.06666666666667,注入隔离液2,0.0,0.0,0.0,0.0,0.0,0.0,0.0,0.0,0.0,0.0,0.0,1.0,0.0
2828.0,47.13333333333333,注入隔离液2,0.0,0.0,0.0,0.0,0.0,0.0,0.0,0.0,0.0,0.0,0.0,1.0,0.0
2832.0,47.2,注入隔离液2,0.0,0.0,0.0,0.0,0.0,0.0,0.0,0.0,0.0,0.0,0.0,1.0,0.0
2836.0,47.266666666666666,注入隔离液2,0.0,0.0,0.0,0.0,0.0,0.0,0.0,0.0,0.0,0.0,0.0,1.0,0.0
2840.0,47.333333333333336,注入隔离液2,0.0,0.0,0.0,0.0,0.0,0.0,0.0,0.0,0.0,0.0,0.0,1.0,0.0
2844.0,47.4,注入隔离液2,0.0,0.0,0.0,0.0,0.0,0.0,0.0,0.0,0.0,0.0,0.0,1.0,0.0
2848.0,47.46666666666667,注入隔离液2,0.0,0.0,0.0,0.0,0.0,0.0,0.0,0.0,0.0,0.0,0.0,1.0,0.0
2852.0,47.53333333333333,注入隔离液2,0.0,0.0,0.0,0.0,0.0,0.0,0.0,0.0,0.0,0.0,0.0,1.0,0.0
2856.0,47.6,注入隔离液2,0.0,0.0,0.0,0.0,0.0,0.0,0.0,0.0,0.0,0.0,0.0,1.0,0.0
2860.0,47.666666666666664,注入隔离液2,0.0,0.0,0.0,0.0,0.0,0.0,0.0,0.0,0.0,0.0,0.0,1.0,0.0
2864.0,47.733333333333334,注入隔离液2,0.0,0.0,0.0,0.0,0.0,0.0,0.0,0.0,0.0,0.0,0.0,1.0,0.0
2868.0,47.8,注入隔离液2,0.0,0.0,0.0,0.0,0.0,0.0,0.0,0.0,0.0,0.0,0.0,1.0,0.0
2872.0,47.86666666666667,注入隔离液2,0.0,0.0,0.0,0.0,0.0,0.0,0.0,0.0,0.0,0.0,0.0,1.0,0.0
2876.0,47.93333333333333,注入隔离液2,0.0,0.0,0.0,0.0,0.0,0.0,0.0,0.0,0.0,0.0,0.0,1.0,0.0
2880.0,48.0,注入隔离液2,0.0,0.0,0.0,0.0,0.0,0.0,0.0,0.0,0.0,0.0,0.0,1.0,0.0
2884.0,48.06666666666667,注入隔离液2,0.0,0.0,0.0,0.0,0.0,0.0,0.0,0.0,0.0,0.0,0.0,1.0,0.0
2888.0,48.13333333333333,注入隔离液2,0.0,0.0,0.0,0.0,0.0,0.0,0.0,0.0,0.0,0.0,0.0,1.0,0.0
2892.0,48.2,注入隔离液2,0.0,0.0,0.0,0.0,0.0,0.0,0.0,0.0,0.0,0.0,0.0,1.0,0.0
2896.0,48.266666666666666,注入隔离液2,0.0,0.0,0.0,0.0,0.0,0.0,0.0,0.0,0.0,0.0,0.0,1.0,0.0
2900.0,48.333333333333336,注入隔离液2,0.0,0.0,0.0,0.0,0.0,0.0,0.0,0.0,0.0,0.0,0.0,1.0,0.0
2904.0,48.4,注入隔离液2,0.0,0.0,0.0,0.0,0.0,0.0,0.0,0.0,0.0,0.0,0.0,1.0,0.0
2908.0,48.46666666666667,注入隔离液2,0.0,0.0,0.0,0.0,0.0,0.0,0.0,0.0,0.0,0.0,0.0,1.0,0.0
2912.0,48.53333333333333,注入隔离液2,0.0,0.0,0.0,0.0,0.0,0.0,0.0,0.0,0.0,0.0,0.0,1.0,0.0
2916.0,48.6,注入隔离液2,0.0,0.0,0.0,0.0,0.0,0.0,0.0,0.0,0.0,0.0,0.0,1.0,0.0
2920.0,48.666666666666664,注入隔离液2,0.0,0.0,0.0,0.0,0.0,0.0,0.0,0.0,0.0,0.0,0.0,1.0,0.0
2924.0,48.733333333333334,注入隔离液2,0.0,0.0,0.0,0.0,0.0,0.0,0.0,0.0,0.0,0.0,0.0,1.0,0.0
2928.0,48.8,注入隔离液2,0.0,0.0,0.0,0.0,0.0,0.0,0.0,0.0,0.0,0.0,0.0,1.0,0.0
2932.0,48.86666666666667,注入隔离液2,0.0,0.0,0.0,0.0,0.0,0.0,0.0,0.0,0.0,0.0,0.0,1.0,0.0
2936.0,48.93333333333333,注入隔离液2,0.0,0.0,0.0,0.0,0.0,0.0,0.0,0.0,0.0,0.0,0.0,1.0,0.0
2940.0,49.0,注入隔离液2,0.0,0.0,0.0,0.0,0.0,0.0,0.0,0.0,0.0,0.0,0.0,1.0,0.0
2944.0,49.06666666666667,注入隔离液2,0.0,0.0,0.0,0.0,0.0,0.0,0.0,0.0,0.0,0.0,0.0,1.0,0.0
2948.0,49.13333333333333,注入隔离液2,0.0,0.0,0.0,0.0,0.0,0.0,0.0,0.0,0.0,0.0,0.0,1.0,0.0
2952.0,49.2,注入隔离液2,0.0,0.0,0.0,0.0,0.0,0.0,0.0,0.0,0.0,0.0,0.0,1.0,0.0
2956.0,49.266666666666666,注入隔离液2,0.0,0.0,0.0,0.0,0.0,0.0,0.0,0.0,0.0,0.0,0.0,1.0,0.0
2960.0,49.333333333333336,注入隔离液2,0.0,0.0,0.0,0.0,0.0,0.0,0.0,0.0,0.0,0.0,0.0,1.0,0.0
2964.0,49.4,注入领浆,0.0,0.0,0.0,0.0,0.0,0.0,0.0,0.0,0.0,0.0,0.0,1.0,0.0
2968.0,49.46666666666667,注入领浆,0.0,0.0,0.0,0.0,0.0,0.0,0.0,0.0,0.0,0.0,0.0,1.0,0.0
2972.0,49.53333333333333,注入领浆,0.0,0.0,0.0,0.0,0.0,0.0,0.0,0.0,0.0,0.0,0.0,1.0,0.0
2976.0,49.6,注入领浆,0.0,0.0,0.0,0.0,0.0,0.0,0.0,0.0,0.0,0.0,0.0,1.0,0.0
2980.0,49.666666666666664,注入领浆,0.0,0.0,0.0,0.0,0.0,0.0,0.0,0.0,0.0,0.0,0.0,1.0,0.0
2984.0,49.733333333333334,注入领浆,0.0,0.0,0.0,0.0,0.0,0.0,0.0,0.0,0.0,0.0,0.0,1.0,0.0
2988.0,49.8,注入领浆,0.0,0.0,0.0,0.0,0.0,0.0,0.0,0.0,0.0,0.0,0.0,1.0,0.0
2992.0,49.86666666666667,注入领浆,0.0,0.0,0.0,0.0,0.0,0.0,0.0,0.0,0.0,0.0,0.0,1.0,0.0
2996.0,49.93333333333333,注入领浆,0.0,0.0,0.0,0.0,0.0,0.0,0.0,0.0,0.0,0.0,0.0,1.0,0.0
3000.0,50.0,注入领浆,0.0,0.0,0.0,0.0,0.0,0.0,0.0,0.0,0.0,0.0,0.0,1.0,0.0
3004.0,50.06666666666667,注入领浆,0.0,0.0,0.0,0.0,0.0,0.0,0.0,0.0,0.0,0.0,0.0,1.0,0.0
3008.0,50.13333333333333,注入领浆,0.0,0.0,0.0,0.0,0.0,0.0,0.0,0.0,0.0,0.0,0.0,1.0,0.0
3012.0,50.2,注入领浆,0.0,0.0,0.0,0.0,0.0,0.0,0.0,0.0,0.0,0.0,0.0,1.0,0.0
3016.0,50.266666666666666,注入领浆,0.0,0.0,0.0,0.0,0.0,0.0,0.0,0.0,0.0,0.0,0.0,1.0,0.0
3020.0,50.333333333333336,注入领浆,0.0,0.0,0.0,0.0,0.0,0.0,0.0,0.0,0.0,0.0,0.0,1.0,0.0
3024.0,50.4,注入领浆,0.0,0.0,0.0,0.0,0.0,0.0,0.0,0.0,0.0,0.0,0.0,1.0,0.0
3028.0,50.46666666666667,注入领浆,0.0,0.0,0.0,0.0,0.0,0.0,0.0,0.0,0.0,0.0,0.0,1.0,0.0
3032.0,50.53333333333333,注入领浆,0.0,0.0,0.0,0.0,0.0,0.0,0.0,0.0,0.0,0.0,0.0,1.0,0.0
3036.0,50.6,注入领浆,0.0,0.0,0.0,0.0,0.0,0.0,0.0,0.0,0.0,0.0,0.0,1.0,0.0
3040.0,50.666666666666664,注入领浆,0.0,0.0,0.0,0.0,0.0,0.0,0.0,0.0,0.0,0.0,0.0,1.0,0.0
3044.0,50.733333333333334,注入领浆,0.0,0.0,0.0,0.0,0.0,0.0,0.0,0.0,0.0,0.0,0.0,1.0,0.0
3048.0,50.8,注入领浆,0.0,0.0,0.0,0.0,0.0,0.0,0.0,0.0,0.0,0.0,0.0,1.0,0.0
3052.0,50.86666666666667,注入领浆,0.0,0.0,0.0,0.0,0.0,0.0,0.0,0.0,0.0,0.0,0.0,1.0,0.0
3056.0,50.93333333333333,注入领浆,0.0,0.0,0.0,0.0,0.0,0.0,0.0,0.0,0.0,0.0,0.0,1.0,0.0
3060.0,51.0,注入领浆,0.0,0.0,0.0,0.0,0.0,0.0,0.0,0.0,0.0,0.0,0.0,1.0,0.0
3064.0,51.06666666666667,注入领浆,0.0,0.0,0.0,0.0,0.0,0.0,0.0,0.0,0.0,0.0,0.0,1.0,0.0
3068.0,51.13333333333333,注入领浆,0.0,0.0,0.0,0.0,0.0,0.0,0.0,0.0,0.0,0.0,0.0,1.0,0.0
3072.0,51.2,注入领浆,0.0,0.0,0.0,0.0,0.0,0.0,0.0,0.0,0.0,0.0,0.0,1.0,0.0
3076.0,51.266666666666666,注入领浆,0.0,0.0,0.0,0.0,0.0,0.0,0.0,0.0,0.0,0.0,0.0,1.0,0.0
3080.0,51.333333333333336,注入领浆,0.0,0.0,0.0,0.0,0.0,0.0,0.0,0.0,0.0,0.0,0.0,1.0,0.0
3084.0,51.4,注入领浆,0.0,0.0,0.0,0.0,0.0,0.0,0.0,0.0,0.0,0.0,0.0,1.0,0.0
3088.0,51.46666666666667,注入领浆,0.0,0.0,0.0,0.0,0.0,0.0,0.0,0.0,0.0,0.0,0.0,1.0,0.0
3092.0,51.53333333333333,注入领浆,0.0,0.0,0.0,0.0,0.0,0.0,0.0,0.0,0.0,0.0,0.0,1.0,0.0
3096.0,51.6,注入领浆,0.0,0.0,0.0,0.0,0.0,0.0,0.0,0.0,0.0,0.0,0.0,1.0,0.0
3100.0,51.666666666666664,注入领浆,0.0,0.0,0.0,0.0,0.0,0.0,0.0,0.0,0.0,0.0,0.0,1.0,0.0
3104.0,51.733333333333334,注入领浆,0.0,0.0,0.0,0.0,0.0,0.0,0.0,0.0,0.0,0.0,0.0,1.0,0.0
3108.0,51.8,注入领浆,0.0,0.0,0.0,0.0,0.0,0.0,0.0,0.0,0.0,0.0,0.0,1.0,0.0
3112.0,51.86666666666667,注入领浆,0.0,0.0,0.0,0.0,0.0,0.0,0.0,0.0,0.0,0.0,0.0,1.0,0.0
3116.0,51.93333333333333,注入领浆,0.0,0.0,0.0,0.0,0.0,0.0,0.0,0.0,0.0,0.0,0.0,1.0,0.0
3120.0,52.0,注入领浆,0.0,0.0,0.0,0.0,0.0,0.0,0.0,0.0,0.0,0.0,0.0,1.0,0.0
3124.0,52.06666666666667,注入领浆,0.0,0.0,0.0,0.0,0.0,0.0,0.0,0.0,0.0,0.0,0.0,1.0,0.0
3128.0,52.13333333333333,注入领浆,0.0,0.0,0.0,0.0,0.0,0.0,0.0,0.0,0.0,0.0,0.0,1.0,0.0
3132.0,52.2,注入领浆,0.0,0.0,0.0,0.0,0.0,0.0,0.0,0.0,0.0,0.0,0.0,1.0,0.0
3136.0,52.266666666666666,注入领浆,0.0,0.0,0.0,0.0,0.0,0.0,0.0,0.0,0.0,0.0,0.0,1.0,0.0
3140.0,52.333333333333336,注入领浆,0.0,0.0,0.0,0.0,0.0,0.0,0.0,0.0,0.0,0.0,0.0,1.0,0.0
3144.0,52.4,注入领浆,0.0,0.0,0.0,0.0,0.0,0.0,0.0,0.0,0.0,0.0,0.0,1.0,0.0
3148.0,52.46666666666667,注入领浆,0.0,0.0,0.0,0.0,0.0,0.0,0.0,0.0,0.0,0.0,0.0,1.0,0.0
3152.0,52.53333333333333,注入领浆,0.0,0.0,0.0,0.0,0.0,0.0,0.0,0.0,0.0,0.0,0.0,1.0,0.0
3156.0,52.6,注入领浆,0.0,0.0,0.0,0.0,0.0,0.0,0.0,0.0,0.0,0.0,0.0,1.0,0.0
3160.0,52.666666666666664,注入领浆,0.0,0.0,0.0,0.0,0.0,0.0,0.0,0.0,0.0,0.0,0.0,1.0,0.0
3164.0,52.733333333333334,注入领浆,0.0,0.0,0.0,0.0,0.0,0.0,0.0,0.0,0.0,0.0,0.0,1.0,0.0
3168.0,52.8,注入领浆,0.0,0.0,0.0,0.0,0.0,0.0,0.0,0.0,0.0,0.0,0.0,1.0,0.0
3172.0,52.86666666666667,注入领浆,0.0,0.0,0.0,0.0,0.0,0.0,0.0,0.0,0.0,0.0,0.0,1.0,0.0
3176.0,52.93333333333333,注入领浆,0.0,0.0,0.0,0.0,0.0,0.0,0.0,0.0,0.0,0.0,0.0,1.0,0.0
3180.0,53.0,注入领浆,0.0,0.0,0.0,0.0,0.0,0.0,0.0,0.0,0.0,0.0,0.0,1.0,0.0
3184.0,53.06666666666667,注入领浆,0.0,0.0,0.0,0.0,0.0,0.0,0.0,0.0,0.0,0.0,0.0,1.0,0.0
3188.0,53.13333333333333,注入领浆,0.0,0.0,0.0,0.0,0.0,0.0,0.0,0.0,0.0,0.0,0.0,1.0,0.0
3192.0,53.2,注入领浆,0.0,0.0,0.0,0.0,0.0,0.0,0.0,0.0,0.0,0.0,0.0,1.0,0.0
3196.0,53.266666666666666,注入领浆,0.0,0.0,0.0,0.0,0.0,0.0,0.0,0.0,0.0,0.0,0.0,1.0,0.0
3200.0,53.333333333333336,注入领浆,0.0,0.0,0.0,0.0,0.0,0.0,0.0,0.0,0.0,0.0,0.0,1.0,0.0
3204.0,53.4,注入领浆,0.0,0.0,0.0,0.0,0.0,0.0,0.0,0.0,0.0,0.0,0.0,1.0,0.0
3208.0,53.46666666666667,注入领浆,0.0,0.0,0.0,0.0,0.0,0.0,0.0,0.0,0.0,0.0,0.0,1.0,0.0
3212.0,53.53333333333333,注入领浆,0.0,0.0,0.0,0.0,0.0,0.0,0.0,0.0,0.0,0.0,0.0,1.0,0.0
3216.0,53.6,注入领浆,0.0,0.0,0.0,0.0,0.0,0.0,0.0,0.0,0.0,0.0,0.0,1.0,0.0
3220.0,53.666666666666664,注入领浆,0.0,0.0,0.0,0.0,0.0,0.0,0.0,0.0,0.0,0.0,0.0,1.0,0.0
3224.0,53.733333333333334,注入领浆,0.0,0.0,0.0,0.0,0.0,0.0,0.0,0.0,0.0,0.0,0.0,1.0,0.0
3228.0,53.8,注入领浆,0.0,0.0,0.0,0.0,0.0,0.0,0.0,0.0,0.0,0.0,0.0,1.0,0.0
3232.0,53.86666666666667,注入领浆,0.0,0.0,0.0,0.0,0.0,0.0,0.0,0.0,0.0,0.0,0.0,1.0,0.0
3236.0,53.93333333333333,注入领浆,0.0,0.0,0.0,0.0,0.0,0.0,0.0,0.0,0.0,0.0,0.0,1.0,0.0
3240.0,54.0,注入领浆,0.0,0.0,0.0,0.0,0.0,0.0,0.0,0.0,0.0,0.0,0.0,1.0,0.0
3244.0,54.06666666666667,注入领浆,0.0,0.0,0.0,0.0,0.0,0.0,0.0,0.0,0.0,0.0,0.0,1.0,0.0
3248.0,54.13333333333333,注入领浆,0.0,0.0,0.0,0.0,0.0,0.0,0.0,0.0,0.0,0.0,0.0,1.0,0.0
3252.0,54.2,注入领浆,0.0,0.0,0.0,0.0,0.0,0.0,0.0,0.0,0.0,0.0,0.0,1.0,0.0
3256.0,54.266666666666666,注入领浆,0.0,0.0,0.0,0.0,0.0,0.0,0.0,0.0,0.0,0.0,0.0,1.0,0.0
3260.0,54.333333333333336,注入领浆,0.0,0.0,0.0,0.0,0.0,0.0,0.0,0.0,0.0,0.0,0.0,1.0,0.0
3264.0,54.4,注入领浆,0.0,0.0,0.0,0.0,0.0,0.0,0.0,0.0,0.0,0.0,0.0,1.0,0.0
3268.0,54.46666666666667,注入领浆,0.0,0.0,0.0,0.0,0.0,0.0,0.0,0.0,0.0,0.0,0.0,1.0,0.0
3272.0,54.53333333333333,注入领浆,0.0,0.0,0.0,0.0,0.0,0.0,0.0,0.0,0.0,0.0,0.0,1.0,0.0
3276.0,54.6,注入领浆,0.0,0.0,0.0,0.0,0.0,0.0,0.0,0.0,0.0,0.0,0.0,1.0,0.0
3280.0,54.666666666666664,注入领浆,0.0,0.0,0.0,0.0,0.0,0.0,0.0,0.0,0.0,0.0,0.0,1.0,0.0
3284.0,54.733333333333334,注入领浆,0.0,0.0,0.0,0.0,0.0,0.0,0.0,0.0,0.0,0.0,0.0,1.0,0.0
3288.0,54.8,注入领浆,0.0,0.0,0.0,0.0,0.0,0.0,0.0,0.0,0.0,0.0,0.0,1.0,0.0
3292.0,54.86666666666667,注入领浆,0.0,0.0,0.0,0.0,0.0,0.0,0.0,0.0,0.0,0.0,0.0,1.0,0.0
3296.0,54.93333333333333,注入领浆,0.0,0.0,0.0,0.0,0.0,0.0,0.0,0.0,0.0,0.0,0.0,1.0,0.0
3300.0,55.0,注入领浆,0.0,0.0,0.0,0.0,0.0,0.0,0.0,0.0,0.0,0.0,0.0,1.0,0.0
3304.0,55.06666666666667,注入领浆,0.0,0.0,0.0,0.0,0.0,0.0,0.0,0.0,0.0,0.0,0.0,1.0,0.0
3308.0,55.13333333333333,注入领浆,0.0,0.0,0.0,0.0,0.0,0.0,0.0,0.0,0.0,0.0,0.0,1.0,0.0
3312.0,55.2,注入领浆,0.0,0.0,0.0,0.0,0.0,0.0,0.0,0.0,0.0,0.0,0.0,1.0,0.0
3316.0,55.266666666666666,注入领浆,0.0,0.0,0.0,0.0,0.0,0.0,0.0,0.0,0.0,0.0,0.0,1.0,0.0
3320.0,55.333333333333336,注入领浆,0.0,0.0,0.0,0.0,0.0,0.0,0.0,0.0,0.0,0.0,0.0,1.0,0.0
3324.0,55.4,注入领浆,0.0,0.0,0.0,0.0,0.0,0.0,0.0,0.0,0.0,0.0,0.0,1.0,0.0
3328.0,55.46666666666667,注入领浆,0.0,0.0,0.0,0.0,0.0,0.0,0.0,0.0,0.0,0.0,0.0,1.0,0.0
3332.0,55.53333333333333,注入领浆,0.0,0.0,0.0,0.0,0.0,0.0,0.0,0.0,0.0,0.0,0.0,1.0,0.0
3336.0,55.6,注入领浆,0.0,0.0,0.0,0.0,0.0,0.0,0.0,0.0,0.0,0.0,0.0,1.0,0.0
3340.0,55.666666666666664,注入领浆,0.0,0.0,0.0,0.0,0.0,0.0,0.0,0.0,0.0,0.0,0.0,1.0,0.0
3344.0,55.733333333333334,注入领浆,0.0,0.0,0.0,0.0,0.0,0.0,0.0,0.0,0.0,0.0,0.0,1.0,0.0
3348.0,55.8,注入领浆,0.0,0.0,0.0,0.0,0.0,0.0,0.0,0.0,0.0,0.0,0.0,1.0,0.0
3352.0,55.86666666666667,注入领浆,0.0,0.0,0.0,0.0,0.0,0.0,0.0,0.0,0.0,0.0,0.0,1.0,0.0
3356.0,55.93333333333333,注入领浆,0.0,0.0,0.0,0.0,0.0,0.0,0.0,0.0,0.0,0.0,0.0,1.0,0.0
3360.0,56.0,注入领浆,0.0,0.0,0.0,0.0,0.0,0.0,0.0,0.0,0.0,0.0,0.0,1.0,0.0
3364.0,56.06666666666667,注入领浆,0.0,0.0,0.0,0.0,0.0,0.0,0.0,0.0,0.0,0.0,0.0,1.0,0.0
3368.0,56.13333333333333,注入领浆,0.0,0.0,0.0,0.0,0.0,0.0,0.0,0.0,0.0,0.0,0.0,1.0,0.0
3372.0,56.2,注入领浆,0.0,0.0,0.0,0.0,0.0,0.0,0.0,0.0,0.0,0.0,0.0,1.0,0.0
3376.0,56.266666666666666,注入领浆,0.0,0.0,0.0,0.0,0.0,0.0,0.0,0.0,0.0,0.0,0.0,1.0,0.0
3380.0,56.333333333333336,注入领浆,0.0,0.0,0.0,0.0,0.0,0.0,0.0,0.0,0.0,0.0,0.0,1.0,0.0
3384.0,56.4,注入领浆,0.0,0.0,0.0,0.0,0.0,0.0,0.0,0.0,0.0,0.0,0.0,1.0,0.0
3388.0,56.46666666666667,注入领浆,0.0,0.0,0.0,0.0,0.0,0.0,0.0,0.0,0.0,0.0,0.0,1.0,0.0
3392.0,56.53333333333333,注入领浆,0.0,0.0,0.0,0.0,0.0,0.0,0.0,0.0,0.0,0.0,0.0,1.0,0.0
3396.0,56.6,注入领浆,0.0,0.0,0.0,0.0,0.0,0.0,0.0,0.0,0.0,0.0,0.0,1.0,0.0
3400.0,56.666666666666664,注入领浆,0.0,0.0,0.0,0.0,0.0,0.0,0.0,0.0,0.0,0.0,0.0,1.0,0.0
3404.0,56.733333333333334,注入领浆,0.0,0.0,0.0,0.0,0.0,0.0,0.0,0.0,0.0,0.0,0.0,1.0,0.0
3408.0,56.8,注入领浆,0.0,0.0,0.0,0.0,0.0,0.0,0.0,0.0,0.0,0.0,0.0,1.0,0.0
3412.0,56.86666666666667,注入领浆,0.0,0.0,0.0,0.0,0.0,0.0,0.0,0.0,0.0,0.0,0.0,1.0,0.0
3416.0,56.93333333333333,注入领浆,0.0,0.0,0.0,0.0,0.0,0.0,0.0,0.0,0.0,0.0,0.0,1.0,0.0
3420.0,57.0,注入领浆,0.0,0.0,0.0,0.0,0.0,0.0,0.0,0.0,0.0,0.0,0.0,1.0,0.0
3424.0,57.06666666666667,注入领浆,0.0,0.0,0.0,0.0,0.0,0.0,0.0,0.0,0.0,0.0,0.0,1.0,0.0
3428.0,57.13333333333333,注入领浆,0.0,0.0,0.0,0.0,0.0,0.0,0.0,0.0,0.0,0.0,0.0,1.0,0.0
3432.0,57.2,注入领浆,0.0,0.0,0.0,0.0,0.0,0.0,0.0,0.0,0.0,0.0,0.0,1.0,0.0
3436.0,57.266666666666666,注入领浆,0.0,0.0,0.0,0.0,0.0,0.0,0.0,0.0,0.0,0.0,0.0,1.0,0.0
3440.0,57.333333333333336,注入领浆,0.0,0.0,0.0,0.0,0.0,0.0,0.0,0.0,0.0,0.0,0.0,1.0,0.0
3444.0,57.4,注入领浆,0.0,0.0,0.0,0.0,0.0,0.0,0.0,0.0,0.0,0.0,0.0,1.0,0.0
3448.0,57.46666666666667,注入领浆,0.0,0.0,0.0,0.0,0.0,0.0,0.0,0.0,0.0,0.0,0.0,1.0,0.0
3452.0,57.53333333333333,注入领浆,0.0,0.0,0.0,0.0,0.0,0.0,0.0,0.0,0.0,0.0,0.0,1.0,0.0
3456.0,57.6,注入领浆,0.0,0.0,0.0,0.0,0.0,0.0,0.0,0.0,0.0,0.0,0.0,1.0,0.0
3460.0,57.666666666666664,注入领浆,0.0,0.0,0.0,0.0,0.0,0.0,0.0,0.0,0.0,0.0,0.0,1.0,0.0
3464.0,57.733333333333334,注入领浆,0.0,0.0,0.0,0.0,0.0,0.0,0.0,0.0,0.0,0.0,0.0,1.0,0.0
3468.0,57.8,注入领浆,0.0,0.0,0.0,0.0,0.0,0.0,0.0,0.0,0.0,0.0,0.0,1.0,0.0
3472.0,57.86666666666667,注入领浆,0.0,0.0,0.0,0.0,0.0,0.0,0.0,0.0,0.0,0.0,0.0,1.0,0.0
3476.0,57.93333333333333,注入领浆,0.0,0.0,0.0,0.0,0.0,0.0,0.0,0.0,0.0,0.0,0.0,1.0,0.0
3480.0,58.0,注入领浆,0.0,0.0,0.0,0.0,0.0,0.0,0.0,0.0,0.0,0.0,0.0,1.0,0.0
3484.0,58.06666666666667,注入领浆,0.0,0.0,0.0,0.0,0.0,0.0,0.0,0.0,0.0,0.0,0.0,1.0,0.0
3488.0,58.13333333333333,注入领浆,0.0,0.0,0.0,0.0,0.0,0.0,0.0,0.0,0.0,0.0,0.0,1.0,0.0
3492.0,58.2,注入领浆,0.0,0.0,0.0,0.0,0.0,0.0,0.0,0.0,0.0,0.0,0.0,1.0,0.0
3496.0,58.266666666666666,注入领浆,0.0,0.0,0.0,0.0,0.0,0.0,0.0,0.0,0.0,0.0,0.0,1.0,0.0
3500.0,58.333333333333336,注入领浆,0.0,0.0,0.0,0.0,0.0,0.0,0.0,0.0,0.0,0.0,0.0,1.0,0.0
3504.0,58.4,注入领浆,0.0,0.0,0.0,0.0,0.0,0.0,0.0,0.0,0.0,0.0,0.0,1.0,0.0
3508.0,58.46666666666667,注入领浆,0.0,0.0,0.0,0.0,0.0,0.0,0.0,0.0,0.0,0.0,0.0,1.0,0.0
3512.0,58.53333333333333,注入领浆,0.0,0.0,0.0,0.0,0.0,0.0,0.0,0.0,0.0,0.0,0.0,1.0,0.0
3516.0,58.6,注入领浆,0.0,0.0,0.0,0.0,0.0,0.0,0.0,0.0,0.0,0.0,0.0,1.0,0.0
3520.0,58.666666666666664,注入领浆,0.0,0.0,0.0,0.0,0.0,0.0,0.0,0.0,0.0,0.0,0.0,1.0,0.0
3524.0,58.733333333333334,注入领浆,0.0,0.0,0.0,0.0,0.0,0.0,0.0,0.0,0.0,0.0,0.0,1.0,0.0
3528.0,58.8,注入领浆,0.0,0.0,0.0,0.0,0.0,0.0,0.0,0.0,0.0,0.0,0.0,1.0,0.0
3532.0,58.86666666666667,注入领浆,0.0,0.0,0.0,0.0,0.0,0.0,0.0,0.0,0.0,0.0,0.0,1.0,0.0
3536.0,58.93333333333333,注入领浆,0.0,0.0,0.0,0.0,0.0,0.0,0.0,0.0,0.0,0.0,0.0,1.0,0.0
3540.0,59.0,注入领浆,0.0,0.0,0.0,0.0,0.0,0.0,0.0,0.0,0.0,0.0,0.0,1.0,0.0
3544.0,59.06666666666667,注入领浆,0.0,0.0,0.0,0.0,0.0,0.0,0.0,0.0,0.0,0.0,0.0,1.0,0.0
3548.0,59.13333333333333,注入领浆,0.0,0.0,0.0,0.0,0.0,0.0,0.0,0.0,0.0,0.0,0.0,1.0,0.0
3552.0,59.2,注入领浆,0.0,0.0,0.0,0.0,0.0,0.0,0.0,0.0,0.0,0.0,0.0,1.0,0.0
3556.0,59.266666666666666,注入领浆,0.0,0.0,0.0,0.0,0.0,0.0,0.0,0.0,0.0,0.0,0.0,1.0,0.0
3560.0,59.333333333333336,注入领浆,0.0,0.0,0.0,0.0,0.0,0.0,0.0,0.0,0.0,0.0,0.0,1.0,0.0
3564.0,59.4,注入领浆,0.0,0.0,0.0,0.0,0.0,0.0,0.0,0.0,0.0,0.0,0.0,1.0,0.0
3568.0,59.46666666666667,注入领浆,0.0,0.0,0.0,0.0,0.0,0.0,0.0,0.0,0.0,0.0,0.0,1.0,0.0
3572.0,59.53333333333333,注入领浆,0.0,0.0,0.0,0.0,0.0,0.0,0.0,0.0,0.0,0.0,0.0,1.0,0.0
3576.0,59.6,注入领浆,0.0,0.0,0.0,0.0,0.0,0.0,0.0,0.0,0.0,0.0,0.0,1.0,0.0
3580.0,59.666666666666664,注入领浆,0.0,0.0,0.0,0.0,0.0,0.0,0.0,0.0,0.0,0.0,0.0,1.0,0.0
3584.0,59.733333333333334,注入领浆,0.0,0.0,0.0,0.0,0.0,0.0,0.0,0.0,0.0,0.0,0.0,1.0,0.0
3588.0,59.8,注入领浆,0.0,0.0,0.0,0.0,0.0,0.0,0.0,0.0,0.0,0.0,0.0,1.0,0.0
3592.0,59.86666666666667,注入领浆,0.0,0.0,0.0,0.0,0.0,0.0,0.0,0.0,0.0,0.0,0.0,1.0,0.0
3596.0,59.93333333333333,注入领浆,0.0,0.0,0.0,0.0,0.0,0.0,0.0,0.0,0.0,0.0,0.0,1.0,0.0
3600.0,60.0,注入领浆,0.0,0.0,0.0,0.0,0.0,0.0,0.0,0.0,0.0,0.0,0.0,1.0,0.0
3604.0,60.06666666666667,注入领浆,0.0,0.0,0.0,0.0,0.0,0.0,0.0,0.0,0.0,0.0,0.0,1.0,0.0
3608.0,60.13333333333333,注入领浆,0.0,0.0,0.0,0.0,0.0,0.0,0.0,0.0,0.0,0.0,0.0,1.0,0.0
3612.0,60.2,注入领浆,0.0,0.0,0.0,0.0,0.0,0.0,0.0,0.0,0.0,0.0,0.0,1.0,0.0
3616.0,60.266666666666666,注入领浆,0.0,0.0,0.0,0.0,0.0,0.0,0.0,0.0,0.0,0.0,0.0,1.0,0.0
3620.0,60.333333333333336,注入领浆,0.0,0.0,0.0,0.0,0.0,0.0,0.0,0.0,0.0,0.0,0.0,1.0,0.0
3624.0,60.4,注入领浆,0.0,0.0,0.0,0.0,0.0,0.0,0.0,0.0,0.0,0.0,0.0,1.0,0.0
3628.0,60.46666666666667,注入领浆,0.0,0.0,0.0,0.0,0.0,0.0,0.0,0.0,0.0,0.0,0.0,1.0,0.0
3632.0,60.53333333333333,注入领浆,0.0,0.0,0.0,0.0,0.0,0.0,0.0,0.0,0.0,0.0,0.0,1.0,0.0
3636.0,60.6,注入领浆,0.0,0.0,0.0,0.0,0.0,0.0,0.0,0.0,0.0,0.0,0.0,1.0,0.0
3640.0,60.666666666666664,注入领浆,0.0,0.0,0.0,0.0,0.0,0.0,0.0,0.0,0.0,0.0,0.0,1.0,0.0
3644.0,60.733333333333334,注入领浆,0.0,0.0,0.0,0.0,0.0,0.0,0.0,0.0,0.0,0.0,0.0,1.0,0.0
3648.0,60.8,注入领浆,0.0,0.0,0.0,0.0,0.0,0.0,0.0,0.0,0.0,0.0,0.0,1.0,0.0
3652.0,60.86666666666667,注入领浆,0.0,0.0,0.0,0.0,0.0,0.0,0.0,0.0,0.0,0.0,0.0,1.0,0.0
3656.0,60.93333333333333,注入领浆,0.0,0.0,0.0,0.0,0.0,0.0,0.0,0.0,0.0,0.0,0.0,1.0,0.0
3660.0,61.0,注入领浆,0.0,0.0,0.0,0.0,0.0,0.0,0.0,0.0,0.0,0.0,0.0,1.0,0.0
3664.0,61.06666666666667,注入领浆,0.0,0.0,0.0,0.0,0.0,0.0,0.0,0.0,0.0,0.0,0.0,1.0,0.0
3668.0,61.13333333333333,注入领浆,0.0,0.0,0.0,0.0,0.0,0.0,0.0,0.0,0.0,0.0,0.0,1.0,0.0
3672.0,61.2,注入领浆,0.0,0.0,0.0,0.0,0.0,0.0,0.0,0.0,0.0,0.0,0.0,1.0,0.0
3676.0,61.266666666666666,注入领浆,0.0,0.0,0.0,0.0,0.0,0.0,0.0,0.0,0.0,0.0,0.0,1.0,0.0
3680.0,61.333333333333336,注入领浆,0.0,0.0,0.0,0.0,0.0,0.0,0.0,0.0,0.0,0.0,0.0,1.0,0.0
3684.0,61.4,注入领浆,0.0,0.0,0.0,0.0,0.0,0.0,0.0,0.0,0.0,0.0,0.0,1.0,0.0
3688.0,61.46666666666667,注入领浆,0.0,0.0,0.0,0.0,0.0,0.0,0.0,0.0,0.0,0.0,0.0,1.0,0.0
3692.0,61.53333333333333,注入领浆,0.0,0.0,0.0,0.0,0.0,0.0,0.0,0.0,0.0,0.0,0.0,1.0,0.0
3696.0,61.6,注入领浆,0.0,0.0,0.0,0.0,0.0,0.0,0.0,0.0,0.0,0.0,0.0,1.0,0.0
3700.0,61.666666666666664,注入领浆,0.0,0.0,0.0,0.0,0.0,0.0,0.0,0.0,0.0,0.0,0.0,1.0,0.0
3704.0,61.733333333333334,注入领浆,0.0,0.0,0.0,0.0,0.0,0.0,0.0,0.0,0.0,0.0,0.0,1.0,0.0
3708.0,61.8,注入领浆,0.0,0.0,0.0,0.0,0.0,0.0,0.0,0.0,0.0,0.0,0.0,1.0,0.0
3712.0,61.86666666666667,注入领浆,0.0,0.0,0.0,0.0,0.0,0.0,0.0,0.0,0.0,0.0,0.0,1.0,0.0
3716.0,61.93333333333333,注入领浆,0.0,0.0,0.0,0.0,0.0,0.0,0.0,0.0,0.0,0.0,0.0,1.0,0.0
3720.0,62.0,注入领浆,0.0,0.0,0.0,0.0,0.0,0.0,0.0,0.0,0.0,0.0,0.0,1.0,0.0
3724.0,62.06666666666667,注入领浆,0.0,0.0,0.0,0.0,0.0,0.0,0.0,0.0,0.0,0.0,0.0,1.0,0.0
3728.0,62.13333333333333,注入领浆,0.0,0.0,0.0,0.0,0.0,0.0,0.0,0.0,0.0,0.0,0.0,1.0,0.0
3732.0,62.2,注入领浆,0.0,0.0,0.0,0.0,0.0,0.0,0.0,0.0,0.0,0.0,0.0,1.0,0.0
3736.0,62.266666666666666,注入领浆,0.0,0.0,0.0,0.0,0.0,0.0,0.0,0.0,0.0,0.0,0.0,1.0,0.0
3740.0,62.333333333333336,注入领浆,0.0,0.0,0.0,0.0,0.0,0.0,0.0,0.0,0.0,0.0,0.0,1.0,0.0
3744.0,62.4,注入领浆,0.0,0.0,0.0,0.0,0.0,0.0,0.0,0.0,0.0,0.0,0.0,1.0,0.0
3748.0,62.46666666666667,注入领浆,0.0,0.0,0.0,0.0,0.0,0.0,0.0,0.0,0.0,0.0,0.0,1.0,0.0
3752.0,62.53333333333333,注入领浆,0.0,0.0,0.0,0.0,0.0,0.0,0.0,0.0,0.0,0.0,0.0,1.0,0.0
3756.0,62.6,注入领浆,0.0,0.0,0.0,0.0,0.0,0.0,0.0,0.0,0.0,0.0,0.0,1.0,0.0
3760.0,62.666666666666664,注入领浆,0.0,0.0,0.0,0.0,0.0,0.0,0.0,0.0,0.0,0.0,0.0,1.0,0.0
3764.0,62.733333333333334,注入领浆,0.0,0.0,0.0,0.0,0.0,0.0,0.0,0.0,0.0,0.0,0.0,1.0,0.0
3768.0,62.8,注入领浆,0.0,0.0,0.0,0.0,0.0,0.0,0.0,0.0,0.0,0.0,0.0,1.0,0.0
3772.0,62.86666666666667,注入领浆,0.0,0.0,0.0,0.0,0.0,0.0,0.0,0.0,0.0,0.0,0.0,1.0,0.0
3776.0,62.93333333333333,注入领浆,0.0,0.0,0.0,0.0,0.0,0.0,0.0,0.0,0.0,0.0,0.0,1.0,0.0
3780.0,63.0,注入领浆,0.0,0.0,0.0,0.0,0.0,0.0,0.0,0.0,0.0,0.0,0.0,1.0,0.0
3784.0,63.06666666666667,注入领浆,0.0,0.0,0.0,0.0,0.0,0.0,0.0,0.0,0.0,0.0,0.0,1.0,0.0
3788.0,63.13333333333333,注入领浆,0.0,0.0,0.0,0.0,0.0,0.0,0.0,0.0,0.0,0.0,0.0,1.0,0.0
3792.0,63.2,注入领浆,0.0,0.0,0.0,0.0,0.0,0.0,0.0,0.0,0.0,0.0,0.0,1.0,0.0
3796.0,63.266666666666666,注入领浆,0.0,0.0,0.0,0.0,0.0,0.0,0.0,0.0,0.0,0.0,0.0,1.0,0.0
3800.0,63.333333333333336,注入领浆,0.0,0.0,0.0,0.0,0.0,0.0,0.0,0.0,0.0,0.0,0.0,1.0,0.0
3804.0,63.4,注入领浆,0.0,0.0,0.0,0.0,0.0,0.0,0.0,0.0,0.0,0.0,0.0,1.0,0.0
3808.0,63.46666666666667,注入领浆,0.0,0.0,0.0,0.0,0.0,0.0,0.0,0.0,0.0,0.0,0.0,1.0,0.0
3812.0,63.53333333333333,注入领浆,0.0,0.0,0.0,0.0,0.0,0.0,0.0,0.0,0.0,0.0,0.0,1.0,0.0
3816.0,63.6,注入领浆,0.0,0.0,0.0,0.0,0.0,0.0,0.0,0.0,0.0,0.0,0.0,1.0,0.0
3820.0,63.666666666666664,注入领浆,0.0,0.0,0.0,0.0,0.0,0.0,0.0,0.0,0.0,0.0,0.0,1.0,0.0
3824.0,63.733333333333334,注入领浆,0.0,0.0,0.0,0.0,0.0,0.0,0.0,0.0,0.0,0.0,0.0,1.0,0.0
3828.0,63.8,注入领浆,0.0,0.0,0.0,0.0,0.0,0.0,0.0,0.0,0.0,0.0,0.0,1.0,0.0
3832.0,63.86666666666667,注入领浆,0.0,0.0,0.0,0.0,0.0,0.0,0.0,0.0,0.0,0.0,0.0,1.0,0.0
3836.0,63.93333333333333,注入领浆,0.0,0.0,0.0,0.0,0.0,0.0,0.0,0.0,0.0,0.0,0.0,1.0,0.0
3840.0,64.0,注入领浆,0.0,0.0,0.0,0.0,0.0,0.0,0.0,0.0,0.0,0.0,0.0,1.0,0.0
3844.0,64.06666666666666,注入领浆,0.0,0.0,0.0,0.0,0.0,0.0,0.0,0.0,0.0,0.0,0.0,1.0,0.0
3848.0,64.13333333333334,注入领浆,0.0,0.0,0.0,0.0,0.0,0.0,0.0,0.0,0.0,0.0,0.0,1.0,0.0
3852.0,64.2,注入领浆,0.0,0.0,0.0,0.0,0.0,0.0,0.0,0.0,0.0,0.0,0.0,1.0,0.0
3856.0,64.26666666666667,注入领浆,0.0,0.0,0.0,0.0,0.0,0.0,0.0,0.0,0.0,0.0,0.0,1.0,0.0
3860.0,64.33333333333333,注入领浆,0.0,0.0,0.0,0.0,0.0,0.0,0.0,0.0,0.0,0.0,0.0,1.0,0.0
3864.0,64.4,注入领浆,0.0,0.0,0.0,0.0,0.0,0.0,0.0,0.0,0.0,0.0,0.0,1.0,0.0
3868.0,64.46666666666667,注入领浆,0.0,0.0,0.0,0.0,0.0,0.0,0.0,0.0,0.0,0.0,0.0,1.0,0.0
3872.0,64.53333333333333,注入领浆,0.0,0.0,0.0,0.0,0.0,0.0,0.0,0.0,0.0,0.0,0.0,1.0,0.0
3876.0,64.6,注入领浆,0.0,0.0,0.0,0.0,0.0,0.0,0.0,0.0,0.0,0.0,0.0,1.0,0.0
3880.0,64.66666666666667,注入领浆,0.0,0.0,0.0,0.0,0.0,0.0,0.0,0.0,0.0,0.0,0.0,1.0,0.0
3884.0,64.73333333333333,注入领浆,0.0,0.0,0.0,0.0,0.0,0.0,0.0,0.0,0.0,0.0,0.0,1.0,0.0
3888.0,64.8,注入领浆,0.0,0.0,0.0,0.0,0.0,0.0,0.0,0.0,0.0,0.0,0.0,1.0,0.0
3892.0,64.86666666666666,注入领浆,0.0,0.0,0.0,0.0,0.0,0.0,0.0,0.0,0.0,0.0,0.0,1.0,0.0
3896.0,64.93333333333334,注入领浆,0.0,0.0,0.0,0.0,0.0,0.0,0.0,0.0,0.0,0.0,0.0,1.0,0.0
3900.0,65.0,注入领浆,0.0,0.0,0.0,0.0,0.0,0.0,0.0,0.0,0.0,0.0,0.0,1.0,0.0
3904.0,65.06666666666666,注入领浆,0.0,0.0,0.0,0.0,0.0,0.0,0.0,0.0,0.0,0.0,0.0,1.0,0.0
3908.0,65.13333333333334,注入领浆,0.0,0.0,0.0,0.0,0.0,0.0,0.0,0.0,0.0,0.0,0.0,1.0,0.0
3912.0,65.2,注入领浆,0.0,0.0,0.0,0.0,0.0,0.0,0.0,0.0,0.0,0.0,0.0,1.0,0.0
3916.0,65.26666666666667,注入领浆,0.0,0.0,0.0,0.0,0.0,0.0,0.0,0.0,0.0,0.0,0.0,1.0,0.0
3920.0,65.33333333333333,注入领浆,0.0,0.0,0.0,0.0,0.0,0.0,0.0,0.0,0.0,0.0,0.0,1.0,0.0
3924.0,65.4,注入领浆,0.0,0.0,0.0,0.0,0.0,0.0,0.0,0.0,0.0,0.0,0.0,1.0,0.0
3928.0,65.46666666666667,注入领浆,0.0,0.0,0.0,0.0,0.0,0.0,0.0,0.0,0.0,0.0,0.0,1.0,0.0
3932.0,65.53333333333333,注入领浆,0.0,0.0,0.0,0.0,0.0,0.0,0.0,0.0,0.0,0.0,0.0,1.0,0.0
3936.0,65.6,注入领浆,0.0,0.0,0.0,0.0,0.0,0.0,0.0,0.0,0.0,0.0,0.0,1.0,0.0
3940.0,65.66666666666667,注入领浆,0.0,0.0,0.0,0.0,0.0,0.0,0.0,0.0,0.0,0.0,0.0,1.0,0.0
3944.0,65.73333333333333,注入领浆,0.0,0.0,0.0,0.0,0.0,0.0,0.0,0.0,0.0,0.0,0.0,1.0,0.0
3948.0,65.8,注入领浆,0.0,0.0,0.0,0.0,0.0,0.0,0.0,0.0,0.0,0.0,0.0,1.0,0.0
3952.0,65.86666666666666,注入领浆,0.0,0.0,0.0,0.0,0.0,0.0,0.0,0.0,0.0,0.0,0.0,1.0,0.0
3956.0,65.93333333333334,注入领浆,0.0,0.0,0.0,0.0,0.0,0.0,0.0,0.0,0.0,0.0,0.0,1.0,0.0
3960.0,66.0,注入领浆,0.0,0.0,0.0,0.0,0.0,0.0,0.0,0.0,0.0,0.0,0.0,1.0,0.0
3964.0,66.06666666666666,注入领浆,0.0,0.0,0.0,0.0,0.0,0.0,0.0,0.0,0.0,0.0,0.0,1.0,0.0
3968.0,66.13333333333334,注入领浆,0.0,0.0,0.0,0.0,0.0,0.0,0.0,0.0,0.0,0.0,0.0,1.0,0.0
3972.0,66.2,注入领浆,0.0,0.0,0.0,0.0,0.0,0.0,0.0,0.0,0.0,0.0,0.0,1.0,0.0
3976.0,66.26666666666667,注入领浆,0.0,0.0,0.0,0.0,0.0,0.0,0.0,0.0,0.0,0.0,0.0,1.0,0.0
3980.0,66.33333333333333,注入领浆,0.0,0.0,0.0,0.0,0.0,0.0,0.0,0.0,0.0,0.0,0.0,1.0,0.0
3984.0,66.4,注入领浆,0.0,0.0,0.0,0.0,0.0,0.0,0.0,0.0,0.0,0.0,0.0,1.0,0.0
3988.0,66.46666666666667,注入领浆,0.0,0.0,0.0,0.0,0.0,0.0,0.0,0.0,0.0,0.0,0.0,1.0,0.0
3992.0,66.53333333333333,注入领浆,0.0,0.0,0.0,0.0,0.0,0.0,0.0,0.0,0.0,0.0,0.0,1.0,0.0
3996.0,66.6,注入领浆,0.0,0.0,0.0,0.0,0.0,0.0,0.0,0.0,0.0,0.0,0.0,1.0,0.0
4000.0,66.66666666666667,注入领浆,0.0,0.0,0.0,0.0,0.0,0.0,0.0,0.0,0.0,0.0,0.0,1.0,0.0
4004.0,66.73333333333333,注入领浆,0.0,0.0,0.0,0.0,0.0,0.0,0.0,0.0,0.0,0.0,0.0,1.0,0.0
4008.0,66.8,注入领浆,0.0,0.0,0.0,0.0,0.0,0.0,0.0,0.0,0.0,0.0,0.0,1.0,0.0
4012.0,66.86666666666666,注入领浆,0.0,0.0,0.0,0.0,0.0,0.0,0.0,0.0,0.0,0.0,0.0,1.0,0.0
4016.0,66.93333333333334,注入领浆,0.0,0.0,0.0,0.0,0.0,0.0,0.0,0.0,0.0,0.0,0.0,1.0,0.0
4020.0,67.0,注入领浆,0.0,0.0,0.0,0.0,0.0,0.0,0.0,0.0,0.0,0.0,0.0,1.0,0.0
4024.0,67.06666666666666,注入领浆,0.0,0.0,0.0,0.0,0.0,0.0,0.0,0.0,0.0,0.0,0.0,1.0,0.0
4028.0,67.13333333333334,注入领浆,0.0,0.0,0.0,0.0,0.0,0.0,0.0,0.0,0.0,0.0,0.0,1.0,0.0
4032.0,67.2,注入领浆,0.0,0.0,0.0,0.0,0.0,0.0,0.0,0.0,0.0,0.0,0.0,1.0,0.0
4036.0,67.26666666666667,注入领浆,0.0,0.0,0.0,0.0,0.0,0.0,0.0,0.0,0.0,0.0,0.0,1.0,0.0
4040.0,67.33333333333333,注入领浆,0.0,0.0,0.0,0.0,0.0,0.0,0.0,0.0,0.0,0.0,0.0,1.0,0.0
4044.0,67.4,注入领浆,0.0,0.0,0.0,0.0,0.0,0.0,0.0,0.0,0.0,0.0,0.0,1.0,0.0
4048.0,67.46666666666667,注入领浆,0.0,0.0,0.0,0.0,0.0,0.0,0.0,0.0,0.0,0.0,0.0,1.0,0.0
4052.0,67.53333333333333,注入领浆,0.0,0.0,0.0,0.0,0.0,0.0,0.0,0.0,0.0,0.0,0.0,1.0,0.0
4056.0,67.6,注入领浆,0.0,0.0,0.0,0.0,0.0,0.0,0.0,0.0,0.0,0.0,0.0,1.0,0.0
4060.0,67.66666666666667,注入领浆,0.0,0.0,0.0,0.0,0.0,0.0,0.0,0.0,0.0,0.0,0.0,1.0,0.0
4064.0,67.73333333333333,注入领浆,0.0,0.0,0.0,0.0,0.0,0.0,0.0,0.0,0.0,0.0,0.0,1.0,0.0
4068.0,67.8,注入领浆,0.0,0.0,0.0,0.0,0.0,0.0,0.0,0.0,0.0,0.0,0.0,1.0,0.0
4072.0,67.86666666666666,注入领浆,0.0,0.0,0.0,0.0,0.0,0.0,0.0,0.0,0.0,0.0,0.0,1.0,0.0
4076.0,67.93333333333334,注入领浆,0.0,0.0,0.0,0.0,0.0,0.0,0.0,0.0,0.0,0.0,0.0,1.0,0.0
4080.0,68.0,注入领浆,0.0,0.0,0.0,0.0,0.0,0.0,0.0,0.0,0.0,0.0,0.0,1.0,0.0
4084.0,68.06666666666666,注入领浆,0.0,0.0,0.0,0.0,0.0,0.0,0.0,0.0,0.0,0.0,0.0,1.0,0.0
4088.0,68.13333333333334,注入领浆,0.0,0.0,0.0,0.0,0.0,0.0,0.0,0.0,0.0,0.0,0.0,1.0,0.0
4092.0,68.2,注入领浆,0.0,0.0,0.0,0.0,0.0,0.0,0.0,0.0,0.0,0.0,0.0,1.0,0.0
4096.0,68.26666666666667,注入领浆,0.0,0.0,0.0,0.0,0.0,0.0,0.0,0.0,0.0,0.0,0.0,1.0,0.0
4100.0,68.33333333333333,注入领浆,0.0,0.0,0.0,0.0,0.0,0.0,0.0,0.0,0.0,0.0,0.0,1.0,0.0
4104.0,68.4,注入领浆,0.0,0.0,0.0,0.0,0.0,0.0,0.0,0.0,0.0,0.0,0.0,1.0,0.0
4108.0,68.46666666666667,注入领浆,0.0,0.0,0.0,0.0,0.0,0.0,0.0,0.0,0.0,0.0,0.0,1.0,0.0
4112.0,68.53333333333333,注入领浆,0.0,0.0,0.0,0.0,0.0,0.0,0.0,0.0,0.0,0.0,0.0,1.0,0.0
4116.0,68.6,注入领浆,0.0,0.0,0.0,0.0,0.0,0.0,0.0,0.0,0.0,0.0,0.0,1.0,0.0
4120.0,68.66666666666667,注入领浆,0.0,0.0,0.0,0.0,0.0,0.0,0.0,0.0,0.0,0.0,0.0,1.0,0.0
4124.0,68.73333333333333,注入领浆,0.0,0.0,0.0,0.0,0.0,0.0,0.0,0.0,0.0,0.0,0.0,1.0,0.0
4128.0,68.8,注入领浆,0.0,0.0,0.0,0.0,0.0,0.0,0.0,0.0,0.0,0.0,0.0,1.0,0.0
4132.0,68.86666666666666,注入领浆,0.0,0.0,0.0,0.0,0.0,0.0,0.0,0.0,0.0,0.0,0.0,1.0,0.0
4136.0,68.93333333333334,注入领浆,0.0,0.0,0.0,0.0,0.0,0.0,0.0,0.0,0.0,0.0,0.0,1.0,0.0
4140.0,69.0,注入领浆,0.0,0.0,0.0,0.0,0.0,0.0,0.0,0.0,0.0,0.0,0.0,1.0,0.0
4144.0,69.06666666666666,注入领浆,0.0,0.0,0.0,0.0,0.0,0.0,0.0,0.0,0.0,0.0,0.0,1.0,0.0
4148.0,69.13333333333334,注入领浆,0.0,0.0,0.0,0.0,0.0,0.0,0.0,0.0,0.0,0.0,0.0,1.0,0.0
4152.0,69.2,注入领浆,0.0,0.0,0.0,0.0,0.0,0.0,0.0,0.0,0.0,0.0,0.0,1.0,0.0
4156.0,69.26666666666667,注入领浆,0.0,0.0,0.0,0.0,0.0,0.0,0.0,0.0,0.0,0.0,0.0,1.0,0.0
4160.0,69.33333333333333,注入领浆,0.0,0.0,0.0,0.0,0.0,0.0,0.0,0.0,0.0,0.0,0.0,1.0,0.0
4164.0,69.4,注入领浆,0.0,0.0,0.0,0.0,0.0,0.0,0.0,0.0,0.0,0.0,0.0,1.0,0.0
4168.0,69.46666666666667,注入领浆,0.0,0.0,0.0,0.0,0.0,0.0,0.0,0.0,0.0,0.0,0.0,1.0,0.0
4172.0,69.53333333333333,注入领浆,0.0,0.0,0.0,0.0,0.0,0.0,0.0,0.0,0.0,0.0,0.0,1.0,0.0
4176.0,69.6,注入领浆,0.0,0.0,0.0,0.0,0.0,0.0,0.0,0.0,0.0,0.0,0.0,1.0,0.0
4180.0,69.66666666666667,注入领浆,0.0,0.0,0.0,0.0,0.0,0.0,0.0,0.0,0.0,0.0,0.0,1.0,0.0
4184.0,69.73333333333333,注入领浆,0.0,0.0,0.0,0.0,0.0,0.0,0.0,0.0,0.0,0.0,0.0,1.0,0.0
4188.0,69.8,注入领浆,0.0,0.0,0.0,0.0,0.0,0.0,0.0,0.0,0.0,0.0,0.0,1.0,0.0
4192.0,69.86666666666666,注入领浆,0.0,0.0,0.0,0.0,0.0,0.0,0.0,0.0,0.0,0.0,0.0,1.0,0.0
4196.0,69.93333333333334,注入领浆,0.0,0.0,0.0,0.0,0.0,0.0,0.0,0.0,0.0,0.0,0.0,1.0,0.0
4200.0,70.0,注入领浆,0.0,0.0,0.0,0.0,0.0,0.0,0.0,0.0,0.0,0.0,0.0,1.0,0.0
4204.0,70.06666666666666,注入领浆,0.0,0.0,0.0,0.0,0.0,0.0,0.0,0.0,0.0,0.0,0.0,1.0,0.0
4208.0,70.13333333333334,注入领浆,0.0,0.0,0.0,0.0,0.0,0.0,0.0,0.0,0.0,0.0,0.0,1.0,0.0
4212.0,70.2,注入领浆,0.0,0.0,0.0,0.0,0.0,0.0,0.0,0.0,0.0,0.0,0.0,1.0,0.0
4216.0,70.26666666666667,注入领浆,0.0,0.0,0.0,0.0,0.0,0.0,0.0,0.0,0.0,0.0,0.0,1.0,0.0
4220.0,70.33333333333333,注入领浆,0.0,0.0,0.0,0.0,0.0,0.0,0.0,0.0,0.0,0.0,0.0,1.0,0.0
4224.0,70.4,注入领浆,0.0,0.0,0.0,0.0,0.0,0.0,0.0,0.0,0.0,0.0,0.0,1.0,0.0
4228.0,70.46666666666667,注入领浆,0.0,0.0,0.0,0.0,0.0,0.0,0.0,0.0,0.0,0.0,0.0,1.0,0.0
4232.0,70.53333333333333,注入领浆,0.0,0.0,0.0,0.0,0.0,0.0,0.0,0.0,0.0,0.0,0.0,1.0,0.0
4236.0,70.6,注入领浆,0.0,0.0,0.0,0.0,0.0,0.0,0.0,0.0,0.0,0.0,0.0,1.0,0.0
4240.0,70.66666666666667,注入领浆,0.0,0.0,0.0,0.0,0.0,0.0,0.0,0.0,0.0,0.0,0.0,1.0,0.0
4244.0,70.73333333333333,注入领浆,0.0,0.0,0.0,0.0,0.0,0.0,0.0,0.0,0.0,0.0,0.0,1.0,0.0
4248.0,70.8,注入领浆,0.0,0.0,0.0,0.0,0.0,0.0,0.0,0.0,0.0,0.0,0.0,1.0,0.0
4252.0,70.86666666666666,注入领浆,0.0,0.0,0.0,0.0,0.0,0.0,0.0,0.0,0.0,0.0,0.0,1.0,0.0
4256.0,70.93333333333334,注入领浆,0.0,0.0,0.0,0.0,0.0,0.0,0.0,0.0,0.0,0.0,0.0,1.0,0.0
4260.0,71.0,注入领浆,0.0,0.0,0.0,0.0,0.0,0.0,0.0,0.0,0.0,0.0,0.0,1.0,0.0
4264.0,71.06666666666666,注入领浆,0.0,0.0,0.0,0.0,0.0,0.0,0.0,0.0,0.0,0.0,0.0,1.0,0.0
4268.0,71.13333333333334,注入领浆,0.0,0.0,0.0,0.0,0.0,0.0,0.0,0.0,0.0,0.0,0.0,1.0,0.0
4272.0,71.2,注入领浆,0.0,0.0,0.0,0.0,0.0,0.0,0.0,0.0,0.0,0.0,0.0,1.0,0.0
4276.0,71.26666666666667,注入领浆,0.0,0.0,0.0,0.0,0.0,0.0,0.0,0.0,0.0,0.0,0.0,1.0,0.0
4280.0,71.33333333333333,注入领浆,0.0,0.0,0.0,0.0,0.0,0.0,0.0,0.0,0.0,0.0,0.0,1.0,0.0
4284.0,71.4,注入领浆,0.0,0.0,0.0,0.0,0.0,0.0,0.0,0.0,0.0,0.0,0.0,1.0,0.0
4288.0,71.46666666666667,注入领浆,0.0,0.0,0.0,0.0,0.0,0.0,0.0,0.0,0.0,0.0,0.0,1.0,0.0
4292.0,71.53333333333333,注入领浆,0.0,0.0,0.0,0.0,0.0,0.0,0.0,0.0,0.0,0.0,0.0,1.0,0.0
4296.0,71.6,注入领浆,0.0,0.0,0.0,0.0,0.0,0.0,0.0,0.0,0.0,0.0,0.0,1.0,0.0
4300.0,71.66666666666667,注入领浆,0.0,0.0,0.0,0.0,0.0,0.0,0.0,0.0,0.0,0.0,0.0,1.0,0.0
4304.0,71.73333333333333,注入领浆,0.0,0.0,0.0,0.0,0.0,0.0,0.0,0.0,0.0,0.0,0.0,1.0,0.0
4308.0,71.8,注入领浆,0.0,0.0,0.0,0.0,0.0,0.0,0.0,0.0,0.0,0.0,0.0,1.0,0.0
4312.0,71.86666666666666,注入领浆,0.0,0.0,0.0,0.0,0.0,0.0,0.0,0.0,0.0,0.0,0.0,1.0,0.0
4316.0,71.93333333333334,注入领浆,0.0,0.0,0.0,0.0,0.0,0.0,0.0,0.0,0.0,0.0,0.0,1.0,0.0
4320.0,72.0,注入领浆,0.0,0.0,0.0,0.0,0.0,0.0,0.0,0.0,0.0,0.0,0.0,1.0,0.0
4324.0,72.06666666666666,注入领浆,0.0,0.0,0.0,0.0,0.0,0.0,0.0,0.0,0.0,0.0,0.0,1.0,0.0
4328.0,72.13333333333334,注入领浆,0.0,0.0,0.0,0.0,0.0,0.0,0.0,0.0,0.0,0.0,0.0,1.0,0.0
4332.0,72.2,注入领浆,0.0,0.0,0.0,0.0,0.0,0.0,0.0,0.0,0.0,0.0,0.0,1.0,0.0
4336.0,72.26666666666667,注入领浆,0.0,0.0,0.0,0.0,0.0,0.0,0.0,0.0,0.0,0.0,0.0,1.0,0.0
4340.0,72.33333333333333,注入领浆,0.0,0.0,0.0,0.0,0.0,0.0,0.0,0.0,0.0,0.0,0.0,1.0,0.0
4344.0,72.4,注入领浆,0.0,0.0,0.0,0.0,0.0,0.0,0.0,0.0,0.0,0.0,0.0,1.0,0.0
4348.0,72.46666666666667,注入领浆,0.0,0.0,0.0,0.0,0.0,0.0,0.0,0.0,0.0,0.0,0.0,1.0,0.0
4352.0,72.53333333333333,注入领浆,0.0,0.0,0.0,0.0,0.0,0.0,0.0,0.0,0.0,0.0,0.0,1.0,0.0
4356.0,72.6,注入领浆,0.0,0.0,0.0,0.0,0.0,0.0,0.0,0.0,0.0,0.0,0.0,1.0,0.0
4360.0,72.66666666666667,注入领浆,0.0,0.0,0.0,0.0,0.0,0.0,0.0,0.0,0.0,0.0,0.0,1.0,0.0
4364.0,72.73333333333333,注入领浆,0.0,0.0,0.0,0.0,0.0,0.0,0.0,0.0,0.0,0.0,0.0,1.0,0.0
4368.0,72.8,注入领浆,0.0,0.0,0.0,0.0,0.0,0.0,0.0,0.0,0.0,0.0,0.0,1.0,0.0
4372.0,72.86666666666666,注入领浆,0.0,0.0,0.0,0.0,0.0,0.0,0.0,0.0,0.0,0.0,0.0,1.0,0.0
4376.0,72.93333333333334,注入领浆,0.0,0.0,0.0,0.0,0.0,0.0,0.0,0.0,0.0,0.0,0.0,1.0,0.0
4380.0,73.0,注入领浆,0.0,0.0,0.0,0.0,0.0,0.0,0.0,0.0,0.0,0.0,0.0,1.0,0.0
4384.0,73.06666666666666,注入领浆,0.0,0.0,0.0,0.0,0.0,0.0,0.0,0.0,0.0,0.0,0.0,1.0,0.0
4388.0,73.13333333333334,注入领浆,0.0,0.0,0.0,0.0,0.0,0.0,0.0,0.0,0.0,0.0,0.0,1.0,0.0
4392.0,73.2,注入领浆,0.0,0.0,0.0,0.0,0.0,0.0,0.0,0.0,0.0,0.0,0.0,1.0,0.0
4396.0,73.26666666666667,注入领浆,0.0,0.0,0.0,0.0,0.0,0.0,0.0,0.0,0.0,0.0,0.0,1.0,0.0
4400.0,73.33333333333333,注入领浆,0.0,0.0,0.0,0.0,0.0,0.0,0.0,0.0,0.0,0.0,0.0,1.0,0.0
4404.0,73.4,注入领浆,0.0,0.0,0.0,0.0,0.0,0.0,0.0,0.0,0.0,0.0,0.0,1.0,0.0
4408.0,73.46666666666667,注入领浆,0.0,0.0,0.0,0.0,0.0,0.0,0.0,0.0,0.0,0.0,0.0,1.0,0.0
4412.0,73.53333333333333,注入领浆,0.0,0.0,0.0,0.0,0.0,0.0,0.0,0.0,0.0,0.0,0.0,1.0,0.0
4416.0,73.6,注入领浆,0.0,0.0,0.0,0.0,0.0,0.0,0.0,0.0,0.0,0.0,0.0,1.0,0.0
4420.0,73.66666666666667,注入领浆,0.0,0.0,0.0,0.0,0.0,0.0,0.0,0.0,0.0,0.0,0.0,1.0,0.0
4424.0,73.73333333333333,注入领浆,0.0,0.0,0.0,0.0,0.0,0.0,0.0,0.0,0.0,0.0,0.0,1.0,0.0
4428.0,73.8,注入领浆,0.0,0.0,0.0,0.0,0.0,0.0,0.0,0.0,0.0,0.0,0.0,1.0,0.0
4432.0,73.86666666666666,注入领浆,0.0,0.0,0.0,0.0,0.0,0.0,0.0,0.0,0.0,0.0,0.0,1.0,0.0
4436.0,73.93333333333334,注入领浆,0.0,0.0,0.0,0.0,0.0,0.0,0.0,0.0,0.0,0.0,0.0,1.0,0.0
4440.0,74.0,注入领浆,0.0,0.0,0.0,0.0,0.0,0.0,0.0,0.0,0.0,0.0,0.0,1.0,0.0
4444.0,74.06666666666666,注入领浆,0.0,0.0,0.0,0.0,0.0,0.0,0.0,0.0,0.0,0.0,0.0,1.0,0.0
4448.0,74.13333333333334,注入领浆,0.0,0.0,0.0,0.0,0.0,0.0,0.0,0.0,0.0,0.0,0.0,1.0,0.0
4452.0,74.2,注入领浆,0.0,0.0,0.0,0.0,0.0,0.0,0.0,0.0,0.0,0.0,0.0,1.0,0.0
4456.0,74.26666666666667,注入领浆,0.0,0.0,0.0,0.0,0.0,0.0,0.0,0.0,0.0,0.0,0.0,1.0,0.0
4460.0,74.33333333333333,注入领浆,0.0,0.0,0.0,0.0,0.0,0.0,0.0,0.0,0.0,0.0,0.0,1.0,0.0
4464.0,74.4,注入领浆,0.0,0.0,0.0,0.0,0.0,0.0,0.0,0.0,0.0,0.0,0.0,1.0,0.0
4468.0,74.46666666666667,注入领浆,0.0,0.0,0.0,0.0,0.0,0.0,0.0,0.0,0.0,0.0,0.0,1.0,0.0
4472.0,74.53333333333333,注入领浆,0.0,0.0,0.0,0.0,0.0,0.0,0.0,0.0,0.0,0.0,0.0,1.0,0.0
4476.0,74.6,注入领浆,0.0,0.0,0.0,0.0,0.0,0.0,0.0,0.0,0.0,0.0,0.0,1.0,0.0
4480.0,74.66666666666667,注入领浆,0.0,0.0,0.0,0.0,0.0,0.0,0.0,0.0,0.0,0.0,0.0,1.0,0.0
4484.0,74.73333333333333,注入领浆,0.0,0.0,0.0,0.0,0.0,0.0,0.0,0.0,0.0,0.0,0.0,1.0,0.0
4488.0,74.8,注入领浆,0.0,0.0,0.0,0.0,0.0,0.0,0.0,0.0,0.0,0.0,0.0,1.0,0.0
4492.0,74.86666666666666,注入领浆,0.0,0.0,0.0,0.0,0.0,0.0,0.0,0.0,0.0,0.0,0.0,1.0,0.0
4496.0,74.93333333333334,注入领浆,0.0,0.0,0.0,0.0,0.0,0.0,0.0,0.0,0.0,0.0,0.0,1.0,0.0
4500.0,75.0,注入领浆,0.0,0.0,0.0,0.0,0.0,0.0,0.0,0.0,0.0,0.0,0.0,1.0,0.0
4504.0,75.06666666666666,注入领浆,0.0,0.0,0.0,0.0,0.0,0.0,0.0,0.0,0.0,0.0,0.0,1.0,0.0
4508.0,75.13333333333334,注入领浆,0.0,0.0,0.0,0.0,0.0,0.0,0.0,0.0,0.0,0.0,0.0,1.0,0.0
4512.0,75.2,注入领浆,0.0,0.0,0.0,0.0,0.0,0.0,0.0,0.0,0.0,0.0,0.0,1.0,0.0
4516.0,75.26666666666667,注入领浆,0.0,0.0,0.0,0.0,0.0,0.0,0.0,0.0,0.0,0.0,0.0,1.0,0.0
4520.0,75.33333333333333,注入领浆,0.0,0.0,0.0,0.0,0.0,0.0,0.0,0.0,0.0,0.0,0.0,1.0,0.0
4524.0,75.4,注入领浆,0.0,0.0,0.0,0.0,0.0,0.0,0.0,0.0,0.0,0.0,0.0,1.0,0.0
4528.0,75.46666666666667,注入领浆,0.0,0.0,0.0,0.0,0.0,0.0,0.0,0.0,0.0,0.0,0.0,1.0,0.0
4532.0,75.53333333333333,注入领浆,0.0,0.0,0.0,0.0,0.0,0.0,0.0,0.0,0.0,0.0,0.0,1.0,0.0
4536.0,75.6,注入领浆,0.0,0.0,0.0,0.0,0.0,0.0,0.0,0.0,0.0,0.0,0.0,1.0,0.0
4540.0,75.66666666666667,注入领浆,0.0,0.0,0.0,0.0,0.0,0.0,0.0,0.0,0.0,0.0,0.0,1.0,0.0
4544.0,75.73333333333333,注入领浆,0.0,0.0,0.0,0.0,0.0,0.0,0.0,0.0,0.0,0.0,0.0,1.0,0.0
4548.0,75.8,注入领浆,0.0,0.0,0.0,0.0,0.0,0.0,0.0,0.0,0.0,0.0,0.0,1.0,0.0
4552.0,75.86666666666666,注入领浆,0.0,0.0,0.0,0.0,0.0,0.0,0.0,0.0,0.0,0.0,0.0,1.0,0.0
4556.0,75.93333333333334,注入领浆,0.0,0.0,0.0,0.0,0.0,0.0,0.0,0.0,0.0,0.0,0.0,1.0,0.0
4560.0,76.0,注入领浆,0.0,0.0,0.0,0.0,0.0,0.0,0.0,0.0,0.0,0.0,0.0,1.0,0.0
4564.0,76.06666666666666,注入领浆,0.0,0.0,0.0,0.0,0.0,0.0,0.0,0.0,0.0,0.0,0.0,1.0,0.0
4568.0,76.13333333333334,注入领浆,0.0,0.0,0.0,0.0,0.0,0.0,0.0,0.0,0.0,0.0,0.0,1.0,0.0
4572.0,76.2,注入领浆,0.0,0.0,0.0,0.0,0.0,0.0,0.0,0.0,0.0,0.0,0.0,1.0,0.0
4576.0,76.26666666666667,注入领浆,0.0,0.0,0.0,0.0,0.0,0.0,0.0,0.0,0.0,0.0,0.0,1.0,0.0
4580.0,76.33333333333333,注入领浆,0.0,0.0,0.0,0.0,0.0,0.0,0.0,0.0,0.0,0.0,0.0,1.0,0.0
4584.0,76.4,注入领浆,0.0,0.0,0.0,0.0,0.0,0.0,0.0,0.0,0.0,0.0,0.0,1.0,0.0
4588.0,76.46666666666667,注入领浆,0.0,0.0,0.0,0.0,0.0,0.0,0.0,0.0,0.0,0.0,0.0,1.0,0.0
4592.0,76.53333333333333,注入领浆,0.0,0.0,0.0,0.0,0.0,0.0,0.0,0.0,0.0,0.0,0.0,1.0,0.0
4596.0,76.6,注入领浆,0.0,0.0,0.0,0.0,0.0,0.0,0.0,0.0,0.0,0.0,0.0,1.0,0.0
4600.0,76.66666666666667,注入领浆,0.0,0.0,0.0,0.0,0.0,0.0,0.0,0.0,0.0,0.0,0.0,1.0,0.0
4604.0,76.73333333333333,注入领浆,0.0,0.0,0.0,0.0,0.0,0.0,0.0,0.0,0.0,0.0,0.0,1.0,0.0
4608.0,76.8,注入领浆,0.0,0.0,0.0,0.0,0.0,0.0,0.0,0.0,0.0,0.0,0.0,1.0,0.0
4612.0,76.86666666666666,注入领浆,0.0,0.0,0.0,0.0,0.0,0.0,0.0,0.0,0.0,0.0,0.0,1.0,0.0
4616.0,76.93333333333334,注入领浆,0.0,0.0,0.0,0.0,0.0,0.0,0.0,0.0,0.0,0.0,0.0,1.0,0.0
4620.0,77.0,注入领浆,0.0,0.0,0.0,0.0,0.0,0.0,0.0,0.0,0.0,0.0,0.0,1.0,0.0
4624.0,77.06666666666666,注入领浆,0.0,0.0,0.0,0.0,0.0,0.0,0.0,0.0,0.0,0.0,0.0,1.0,0.0
4628.0,77.13333333333334,注入领浆,0.0,0.0,0.0,0.0,0.0,0.0,0.0,0.0,0.0,0.0,0.0,1.0,0.0
4632.0,77.2,注入领浆,0.0,0.0,0.0,0.0,0.0,0.0,0.0,0.0,0.0,0.0,0.0,1.0,0.0
4636.0,77.26666666666667,注入领浆,0.0,0.0,0.0,0.0,0.0,0.0,0.0,0.0,0.0,0.0,0.0,1.0,0.0
4640.0,77.33333333333333,注入领浆,0.0,0.0,0.0,0.0,0.0,0.0,0.0,0.0,0.0,0.0,0.0,1.0,0.0
4644.0,77.4,注入领浆,0.0,0.0,0.0,0.0,0.0,0.0,0.0,0.0,0.0,0.0,0.0,1.0,0.0
4648.0,77.46666666666667,注入领浆,0.0,0.0,0.0,0.0,0.0,0.0,0.0,0.0,0.0,0.0,0.0,1.0,0.0
4652.0,77.53333333333333,注入领浆,0.0,0.0,0.0,0.0,0.0,0.0,0.0,0.0,0.0,0.0,0.0,1.0,0.0
4656.0,77.6,注入领浆,0.0,0.0,0.0,0.0,0.0,0.0,0.0,0.0,0.0,0.0,0.0,1.0,0.0
4660.0,77.66666666666667,注入领浆,0.0,0.0,0.0,0.0,0.0,0.0,0.0,0.0,0.0,0.0,0.0,1.0,0.0
4664.0,77.73333333333333,注入领浆,0.0,0.0,0.0,0.0,0.0,0.0,0.0,0.0,0.0,0.0,0.0,1.0,0.0
4668.0,77.8,注入领浆,0.0,0.0,0.0,0.0,0.0,0.0,0.0,0.0,0.0,0.0,0.0,1.0,0.0
4672.0,77.86666666666666,注入领浆,0.0,0.0,0.0,0.0,0.0,0.0,0.0,0.0,0.0,0.0,0.0,1.0,0.0
4676.0,77.93333333333334,注入领浆,0.0,0.0,0.0,0.0,0.0,0.0,0.0,0.0,0.0,0.0,0.0,1.0,0.0
4680.0,78.0,注入领浆,0.0,0.0,0.0,0.0,0.0,0.0,0.0,0.0,0.0,0.0,0.0,1.0,0.0
4684.0,78.06666666666666,注入领浆,0.0,0.0,0.0,0.0,0.0,0.0,0.0,0.0,0.0,0.0,0.0,1.0,0.0
4688.0,78.13333333333334,注入领浆,0.0,0.0,0.0,0.0,0.0,0.0,0.0,0.0,0.0,0.0,0.0,1.0,0.0
4692.0,78.2,注入领浆,0.0,0.0,0.0,0.0,0.0,0.0,0.0,0.0,0.0,0.0,0.0,1.0,0.0
4696.0,78.26666666666667,注入领浆,0.0,0.0,0.0,0.0,0.0,0.0,0.0,0.0,0.0,0.0,0.0,1.0,0.0
4700.0,78.33333333333333,注入领浆,0.0,0.0,0.0,0.0,0.0,0.0,0.0,0.0,0.0,0.0,0.0,1.0,0.0
4704.0,78.4,注入领浆,0.0,0.0,0.0,0.0,0.0,0.0,0.0,0.0,0.0,0.0,0.0,1.0,0.0
4708.0,78.46666666666667,注入领浆,0.0,0.0,0.0,0.0,0.0,0.0,0.0,0.0,0.0,0.0,0.0,1.0,0.0
4712.0,78.53333333333333,注入领浆,0.0,0.0,0.0,0.0,0.0,0.0,0.0,0.0,0.0,0.0,0.0,1.0,0.0
4716.0,78.6,注入领浆,0.0,0.0,0.0,0.0,0.0,0.0,0.0,0.0,0.0,0.0,0.0,1.0,0.0
4720.0,78.66666666666667,注入领浆,0.0,0.0,0.0,0.0,0.0,0.0,0.0,0.0,0.0,0.0,0.0,1.0,0.0
4724.0,78.73333333333333,注入领浆,0.0,0.0,0.0,0.0,0.0,0.0,0.0,0.0,0.0,0.0,0.0,1.0,0.0
4728.0,78.8,注入领浆,0.0,0.0,0.0,0.0,0.0,0.0,0.0,0.0,0.0,0.0,0.0,1.0,0.0
4732.0,78.86666666666666,注入领浆,0.0,0.0,0.0,0.0,0.0,0.0,0.0,0.0,0.0,0.0,0.0,1.0,0.0
4736.0,78.93333333333334,注入领浆,0.0,0.0,0.0,0.0,0.0,0.0,0.0,0.0,0.0,0.0,0.0,1.0,0.0
4740.0,79.0,注入领浆,0.0,0.0,0.0,0.0,0.0,0.0,0.0,0.0,0.0,0.0,0.0,1.0,0.0
4744.0,79.06666666666666,注入领浆,0.0,0.0,0.0,0.0,0.0,0.0,0.0,0.0,0.0,0.0,0.0,1.0,0.0
4748.0,79.13333333333334,注入领浆,0.0,0.0,0.0,0.0,0.0,0.0,0.0,0.0,0.0,0.0,0.0,1.0,0.0
4752.0,79.2,注入领浆,0.0,0.0,0.0,0.0,0.0,0.0,0.0,0.0,0.0,0.0,0.0,1.0,0.0
4756.0,79.26666666666667,注入领浆,0.0,0.0,0.0,0.0,0.0,0.0,0.0,0.0,0.0,0.0,0.0,1.0,0.0
4760.0,79.33333333333333,注入领浆,0.0,0.0,0.0,0.0,0.0,0.0,0.0,0.0,0.0,0.0,0.0,1.0,0.0
4764.0,79.4,注入领浆,0.0,0.0,0.0,0.0,0.0,0.0,0.0,0.0,0.0,0.0,0.0,1.0,0.0
4768.0,79.46666666666667,注入领浆,0.0,0.0,0.0,0.0,0.0,0.0,0.0,0.0,0.0,0.0,0.0,1.0,0.0
4772.0,79.53333333333333,注入领浆,0.0,0.0,0.0,0.0,0.0,0.0,0.0,0.0,0.0,0.0,0.0,1.0,0.0
4776.0,79.6,注入领浆,0.0,0.0,0.0,0.0,0.0,0.0,0.0,0.0,0.0,0.0,0.0,1.0,0.0
4780.0,79.66666666666667,注入领浆,0.0,0.0,0.0,0.0,0.0,0.0,0.0,0.0,0.0,0.0,0.0,1.0,0.0
4784.0,79.73333333333333,注入领浆,0.0,0.0,0.0,0.0,0.0,0.0,0.0,0.0,0.0,0.0,0.0,1.0,0.0
4788.0,79.8,注入领浆,0.0,0.0,0.0,0.0,0.0,0.0,0.0,0.0,0.0,0.0,0.0,1.0,0.0
4792.0,79.86666666666666,注入领浆,0.0,0.0,0.0,0.0,0.0,0.0,0.0,0.0,0.0,0.0,0.0,1.0,0.0
4796.0,79.93333333333334,注入领浆,0.0,0.0,0.0,0.0,0.0,0.0,0.0,0.0,0.0,0.0,0.0,1.0,0.0
4800.0,80.0,注入领浆,0.0,0.0,0.0,0.0,0.0,0.0,0.0,0.0,0.0,0.0,0.0,1.0,0.0
4804.0,80.06666666666666,注入领浆,0.0,0.0,0.0,0.0,0.0,0.0,0.0,0.0,0.0,0.0,0.0,1.0,0.0
4808.0,80.13333333333334,注入领浆,0.0,0.0,0.0,0.0,0.0,0.0,0.0,0.0,0.0,0.0,0.0,1.0,0.0
4812.0,80.2,注入领浆,0.0,0.0,0.0,0.0,0.0,0.0,0.0,0.0,0.0,0.0,0.0,1.0,0.0
4816.0,80.26666666666667,注入领浆,0.0,0.0,0.0,0.0,0.0,0.0,0.0,0.0,0.0,0.0,0.0,1.0,0.0
4820.0,80.33333333333333,注入领浆,0.0,0.0,0.0,0.0,0.0,0.0,0.0,0.0,0.0,0.0,0.0,1.0,0.0
4824.0,80.4,注入领浆,0.0,0.0,0.0,0.0,0.0,0.0,0.0,0.0,0.0,0.0,0.0,1.0,0.0
4828.0,80.46666666666667,注入领浆,0.0,0.0,0.0,0.0,0.0,0.0,0.0,0.0,0.0,0.0,0.0,1.0,0.0
4832.0,80.53333333333333,注入领浆,0.0,0.0,0.0,0.0,0.0,0.0,0.0,0.0,0.0,0.0,0.0,1.0,0.0
4836.0,80.6,注入领浆,0.0,0.0,0.0,0.0,0.0,0.0,0.0,0.0,0.0,0.0,0.0,1.0,0.0
4840.0,80.66666666666667,注入领浆,0.0,0.0,0.0,0.0,0.0,0.0,0.0,0.0,0.0,0.0,0.0,1.0,0.0
4844.0,80.73333333333333,注入领浆,0.0,0.0,0.0,0.0,0.0,0.0,0.0,0.0,0.0,0.0,0.0,1.0,0.0
4848.0,80.8,注入领浆,0.0,0.0,0.0,0.0,0.0,0.0,0.0,0.0,0.0,0.0,0.0,1.0,0.0
4852.0,80.86666666666666,注入领浆,0.0,0.0,0.0,0.0,0.0,0.0,0.0,0.0,0.0,0.0,0.0,1.0,0.0
4856.0,80.93333333333334,注入领浆,0.0,0.0,0.0,0.0,0.0,0.0,0.0,0.0,0.0,0.0,0.0,1.0,0.0
4860.0,81.0,注入领浆,0.0,0.0,0.0,0.0,0.0,0.0,0.0,0.0,0.0,0.0,0.0,1.0,0.0
4864.0,81.06666666666666,注入领浆,0.0,0.0,0.0,0.0,0.0,0.0,0.0,0.0,0.0,0.0,0.0,1.0,0.0
4868.0,81.13333333333334,注入领浆,0.0,0.0,0.0,0.0,0.0,0.0,0.0,0.0,0.0,0.0,0.0,1.0,0.0
4872.0,81.2,注入领浆,0.0,0.0,0.0,0.0,0.0,0.0,0.0,0.0,0.0,0.0,0.0,1.0,0.0
4876.0,81.26666666666667,注入领浆,0.0,0.0,0.0,0.0,0.0,0.0,0.0,0.0,0.0,0.0,0.0,1.0,0.0
4880.0,81.33333333333333,注入领浆,0.0,0.0,0.0,0.0,0.0,0.0,0.0,0.0,0.0,0.0,0.0,1.0,0.0
4884.0,81.4,注入领浆,0.0,0.0,0.0,0.0,0.0,0.0,0.0,0.0,0.0,0.0,0.0,1.0,0.0
4888.0,81.46666666666667,注入领浆,0.0,0.0,0.0,0.0,0.0,0.0,0.0,0.0,0.0,0.0,0.0,1.0,0.0
4892.0,81.53333333333333,注入领浆,0.0,0.0,0.0,0.0,0.0,0.0,0.0,0.0,0.0,0.0,0.0,1.0,0.0
4896.0,81.6,注入领浆,0.0,0.0,0.0,0.0,0.0,0.0,0.0,0.0,0.0,0.0,0.0,1.0,0.0
4900.0,81.66666666666667,注入领浆,0.0,0.0,0.0,0.0,0.0,0.0,0.0,0.0,0.0,0.0,0.0,1.0,0.0
4904.0,81.73333333333333,注入领浆,0.0,0.0,0.0,0.0,0.0,0.0,0.0,0.0,0.0,0.0,0.0,1.0,0.0
4908.0,81.8,注入领浆,0.0,0.0,0.0,0.0,0.0,0.0,0.0,0.0,0.0,0.0,0.0,1.0,0.0
4912.0,81.86666666666666,注入领浆,0.0,0.0,0.0,0.0,0.0,0.0,0.0,0.0,0.0,0.0,0.0,1.0,0.0
4916.0,81.93333333333334,注入尾浆,0.0,0.0,0.0,0.0,0.0,0.0,0.0,0.0,0.0,0.0,0.0,1.0,0.0
4920.0,82.0,注入尾浆,0.0,0.0,0.0,0.0,0.0,0.0,0.0,0.0,0.0,0.0,0.0,0.996,0.0
4924.0,82.06666666666666,注入尾浆,0.0,0.0,0.0,0.0,0.0,0.0,0.0,0.0,0.0,0.0,0.0,0.9946514420063999,0.0
4928.0,82.13333333333334,注入尾浆,0.0,0.0,0.0,0.0,0.0,0.0,0.0,0.0,0.0,0.0,0.0,0.9933028840127998,0.0
4932.0,82.2,注入尾浆,0.0,0.0,0.0,0.0,0.0,0.0,0.0,0.0,0.0,0.0,0.0,0.9919543260191993,0.0
4936.0,82.26666666666667,注入尾浆,0.0,0.0,0.0,0.0,0.0,0.0,0.0,0.0,0.0,0.0,0.0,0.9906057680255992,0.0
4940.0,82.33333333333333,注入尾浆,0.0,0.0,0.0,0.0,0.0,0.0,0.0,0.0,0.0,0.0,0.0,0.9892572100319988,0.0
4944.0,82.4,注入尾浆,0.0,0.0,0.0,0.0,0.0,0.0,0.0,0.0,0.0,0.0,0.0,0.9879086520383987,0.0
4948.0,82.46666666666667,注入尾浆,0.0,0.0,0.0,0.0,0.0,0.0,0.0,0.0,0.0,0.0,0.0,0.9865600940447986,0.0
4952.0,82.53333333333333,注入尾浆,0.0,0.0,0.0,0.0,0.0,0.0,0.0,0.0,0.0,0.0,0.0,0.9852115334173097,0.0
4956.0,82.6,注入尾浆,0.0,0.0,0.0,0.0,0.0,0.0,0.0,0.0,0.0,0.0,0.0,0.9838629605425293,0.0
4960.0,82.66666666666667,注入尾浆,0.0,0.0,0.0,0.0,0.0,0.0,0.0,0.0,0.0,0.0,0.0,0.9825143549531802,0.0
4964.0,82.73333333333333,注入尾浆,0.0,0.0,0.0,0.0,0.0,0.0,0.0,0.0,0.0,0.0,0.0,0.9811656836311864,0.0
4968.0,82.8,注入尾浆,0.0,0.0,0.0,0.0,0.0,0.0,0.0,0.0,0.0,0.0,0.0,0.9798169021695532,0.0
4972.0,82.86666666666666,注入尾浆,0.0,0.0,0.0,0.0,0.0,0.0,0.0,0.0,0.0,0.0,0.0,0.9784679585067039,0.0
4976.0,82.93333333333334,注入尾浆,0.0,0.0,0.0,0.0,0.0,0.0,0.0,0.0,0.0,0.0,0.0,0.977118798348417,0.0
4980.0,83.0,注入尾浆,0.0,0.0,0.0,0.0,0.0,0.0,0.0,0.0,0.0,0.0,0.0,0.9757693713169436,0.0
4984.0,83.06666666666666,注入尾浆,0.0,0.0,0.0,0.0,0.0,0.0,0.0,0.0,0.0,0.0,0.0,0.9744196372093745,0.0
4988.0,83.13333333333334,注入尾浆,0.0,0.0,0.0,0.0,0.0,0.0,0.0,0.0,0.0,0.0,0.0,0.9730695721984907,0.0
4992.0,83.2,注入尾浆,0.0,0.0,0.0,0.0,0.0,0.0,0.0,0.0,0.0,0.0,0.0,0.9717191750664657,0.0
4996.0,83.26666666666667,注入尾浆,0.0,0.0,0.0,0.0,0.0,0.0,0.0,0.0,0.0,0.0,0.0,0.9703684735005734,0.0
5000.0,83.33333333333333,注入尾浆,0.0,0.0,0.0,0.0,0.0,0.0,0.0,0.0,0.0,0.0,0.0,0.9690175301801017,0.0
5004.0,83.4,注入尾浆,0.0,0.0,0.0,0.0,0.0,0.0,0.0,0.0,0.0,0.0,0.0,0.9676664480371272,0.0
5008.0,83.46666666666667,注入尾浆,0.0,0.0,0.0,0.0,0.0,0.0,0.0,0.0,0.0,0.0,0.0,0.9663153738640662,0.0
5012.0,83.53333333333333,注入尾浆,0.0,0.0,0.0,0.0,0.0,0.0,0.0,0.0,0.0,0.0,0.0,0.9649644994615075,0.0
5016.0,83.6,注入尾浆,0.0,0.0,0.0,0.0,0.0,0.0,0.0,0.0,0.0,0.0,0.0,0.9636140597571904,0.0
5020.0,83.66666666666667,注入尾浆,0.0,0.0,0.0,0.0,0.0,0.0,0.0,0.0,0.0,0.0,0.0,0.9622643276934112,0.0
5024.0,83.73333333333333,注入尾浆,0.0,0.0,0.0,0.0,0.0,0.0,0.0,0.0,0.0,0.0,0.0,0.9609156060660969,0.0
5028.0,83.8,注入尾浆,0.0,0.0,0.0,0.0,0.0,0.0,0.0,0.0,0.0,0.0,0.0,0.959568216817196,0.0
5032.0,83.86666666666666,注入尾浆,0.0,0.0,0.0,0.0,0.0,0.0,0.0,0.0,0.0,0.0,0.0,0.9582224884900105,0.0
5036.0,83.93333333333334,注入尾浆,0.0,0.0,0.0,0.0,0.0,0.0,0.0,0.0,0.0,0.0,0.0,0.9568787426545394,0.0
5040.0,84.0,注入尾浆,0.0,0.0,0.0,0.0,0.0,0.0,0.0,0.0,0.0,0.0,0.0,0.9555372801233994,0.0
5044.0,84.06666666666666,注入尾浆,0.0,0.0,0.0,0.0,0.0,0.0,0.0,0.0,0.0,0.0,0.0,0.9541983677417507,0.0
5048.0,84.13333333333334,注入尾浆,0.0,0.0,0.0,0.0,0.0,0.0,0.0,0.0,0.0,0.0,0.0,0.9528622264717295,0.0
5052.0,84.2,注入尾浆,0.0,0.0,0.0,0.0,0.0,0.0,0.0,0.0,0.0,0.0,0.0,0.9515290214131011,0.0
5056.0,84.26666666666667,注入尾浆,0.0,0.0,0.0,0.0,0.0,0.0,0.0,0.0,0.0,0.0,0.0,0.9501988543041865,0.0
5060.0,84.33333333333333,注入尾浆,0.0,0.0,0.0,0.0,0.0,0.0,0.0,0.0,0.0,0.0,0.0,0.9488717589215965,0.0
5064.0,84.4,注入尾浆,0.0,0.0,0.0,0.0,0.0,0.0,0.0,0.0,0.0,0.0,0.0,0.9475476996372519,0.0
5068.0,84.46666666666667,注入尾浆,0.0,0.0,0.0,0.0,0.0,0.0,0.0,0.0,0.0,0.0,0.0,0.9462265731982247,0.0
5072.0,84.53333333333333,注入尾浆,0.0,0.0,0.0,0.0,0.0,0.0,0.0,0.0,0.0,0.0,0.0,0.944908213581147,0.0
5076.0,84.6,注入尾浆,0.0,0.0,0.0,0.0,0.0,0.0,0.0,0.0,0.0,0.0,0.0,0.9435923995592078,0.0
5080.0,84.66666666666667,注入尾浆,0.0,0.0,0.0,0.0,0.0,0.0,0.0,0.0,0.0,0.0,0.0,0.9422788644310058,0.0
5084.0,84.73333333333333,注入尾浆,0.0,0.0,0.0,0.0,0.0,0.0,0.0,0.0,0.0,0.0,0.0,0.940967307220426,0.0
5088.0,84.8,注入尾浆,0.0,0.0,0.0,0.0,0.0,0.0,0.0,0.0,0.0,0.0,0.0,0.9396574045823026,0.0
5092.0,84.86666666666666,注入尾浆,0.0,0.0,0.0,0.0,0.0,0.0,0.0,0.0,0.0,0.0,0.0,0.9383488226474638,0.0
5096.0,84.93333333333334,注入尾浆,0.0,0.0,0.0,0.0,0.0,0.0,0.0,0.0,0.0,0.0,0.0,0.9370412281095927,0.0
5100.0,85.0,注入尾浆,0.0,0.0,0.0,0.0,0.0,0.0,0.0,0.0,0.0,0.0,0.0,0.9394196995686133,0.0
5104.0,85.06666666666666,注入尾浆,0.0,0.0,0.0,0.0,0.0,0.0,0.0,0.0,0.0,0.0,0.0,0.9387112218205667,0.0
5108.0,85.13333333333334,注入尾浆,0.0,0.0,0.0,0.0,0.0,0.0,0.0,0.0,0.0,0.0,0.0,0.9373889723630547,0.0
5112.0,85.2,注入尾浆,0.0,0.0,0.0,0.0,0.0,0.0,0.0,0.0,0.0,0.0,0.0,0.9357155885077296,0.0
5116.0,85.26666666666667,注入尾浆,0.0,0.0,0.0,0.0,0.0,0.0,0.0,0.0,0.0,0.0,0.0,0.9337728485762694,0.0
5120.0,85.33333333333333,注入尾浆,0.0,0.0,0.0,0.0,0.0,0.0,0.0,0.0,0.0,0.0,0.0,0.9324652084482911,0.0
5124.0,85.4,注入尾浆,0.0,0.0,0.0,0.0,0.0,0.0,0.0,0.0,0.0,0.0,0.0,0.9311568247583989,0.0
5128.0,85.46666666666667,注入尾浆,0.0,0.0,0.0,0.0,0.0,0.0,0.0,0.0,0.0,0.0,0.0,0.9298475657110874,0.0
5132.0,85.53333333333333,注入尾浆,0.0,0.0,0.0,0.0,0.0,0.0,0.0,0.0,0.0,0.0,0.0,0.9285373274638387,0.0
5136.0,85.6,注入尾浆,0.0,0.0,0.0,0.0,0.0,0.0,0.0,0.0,0.0,0.0,0.0,0.9272260346551453,0.0
5140.0,85.66666666666667,注入尾浆,0.0,0.0,0.0,0.0,0.0,0.0,0.0,0.0,0.0,0.0,0.0,0.925913639410273,0.0
5144.0,85.73333333333333,注入尾浆,0.0,0.0,0.0,0.0,0.0,0.0,0.0,0.0,0.0,0.0,0.0,0.9246001173655186,0.0
5148.0,85.8,注入尾浆,0.0,0.0,0.0,0.0,0.0,0.0,0.0,0.0,0.0,0.0,0.0,0.9232854606816494,0.0
5152.0,85.86666666666666,注入尾浆,0.0,0.0,0.0,0.0,0.0,0.0,0.0,0.0,0.0,0.0,0.0,0.9219696697448422,0.0
5156.0,85.93333333333334,注入尾浆,0.0,0.0,0.0,0.0,0.0,0.0,0.0,0.0,0.0,0.0,0.0,0.9206527455132589,0.0
5160.0,86.0,注入尾浆,0.0,0.0,0.0,0.0,0.0,0.0,0.0,0.0,0.0,0.0,0.0,0.9193346837707671,0.0
5164.0,86.06666666666666,注入尾浆,0.0,0.0,0.0,0.0,0.0,0.0,0.0,0.0,0.0,0.0,0.0,0.9180154715419497,0.0
5168.0,86.13333333333334,注入尾浆,0.0,0.0,0.0,0.0,0.0,0.0,0.0,0.0,0.0,0.0,0.0,0.9166950851379521,0.0
5172.0,86.2,注入尾浆,0.0,0.0,0.0,0.0,0.0,0.0,0.0,0.0,0.0,0.0,0.0,0.9153734890558506,0.0
5176.0,86.26666666666667,注入尾浆,0.0,0.0,0.0,0.0,0.0,0.0,0.0,0.0,0.0,0.0,0.0,0.914050635237936,0.0
5180.0,86.33333333333333,注入尾浆,0.0,0.0,0.0,0.0,0.0,0.0,0.0,0.0,0.0,0.0,0.0,0.9127264627318573,0.0
5184.0,86.4,注入尾浆,0.0,0.0,0.0,0.0,0.0,0.0,0.0,0.0,0.0,0.0,0.0,0.9114008982268474,0.0
5188.0,86.46666666666667,注入尾浆,0.0,0.0,0.0,0.0,0.0,0.0,0.0,0.0,0.0,0.0,0.0,0.9100738580517438,0.0
5192.0,86.53333333333333,注入尾浆,0.0,0.0,0.0,0.0,0.0,0.0,0.0,0.0,0.0,0.0,0.0,0.908745251990695,0.0
5196.0,86.6,注入尾浆,0.0,0.0,0.0,0.0,0.0,0.0,0.0,0.0,0.0,0.0,0.0,0.9074149888462114,0.0
5200.0,86.66666666666667,注入尾浆,0.0,0.0,0.0,0.0,0.0,0.0,0.0,0.0,0.0,0.0,0.0,0.9060829832530338,0.0
5204.0,86.73333333333333,注入尾浆,0.0,0.0,0.0,0.0,0.0,0.0,0.0,0.0,0.0,0.0,0.0,0.9047491629717238,0.0
5208.0,86.8,注入尾浆,0.0,0.0,0.0,0.0,0.0,0.0,0.0,0.0,0.0,0.0,0.0,0.9034134758264596,0.0
5212.0,86.86666666666666,注入尾浆,0.0,0.0,0.0,0.0,0.0,0.0,0.0,0.0,0.0,0.0,0.0,0.9020758955682552,0.0
5216.0,86.93333333333334,注入尾浆,0.0,0.0,0.0,0.0,0.0,0.0,0.0,0.0,0.0,0.0,0.0,0.9007364261635943,0.0
5220.0,87.0,注入尾浆,0.0,0.0,0.0,0.0,0.0,0.0,0.0,0.0,0.0,0.0,0.0,0.899395104244653,0.0
5224.0,87.06666666666666,注入尾浆,0.0,0.0,0.0,0.0,0.0,0.0,0.0,0.0,0.0,0.0,0.0,0.8980519996523338,0.0
5228.0,87.13333333333334,注入尾浆,0.0,0.0,0.0,0.0,0.0,0.0,0.0,0.0,0.0,0.0,0.0,0.8967072141362165,0.0
5232.0,87.2,注入尾浆,0.0,0.0,0.0,0.0,0.0,0.0,0.0,0.0,0.0,0.0,0.0,0.8953608783565951,0.0
5236.0,87.26666666666667,注入尾浆,0.0,0.0,0.0,0.0,0.0,0.0,0.0,0.0,0.0,0.0,0.0,0.8940131473888994,0.0
5240.0,87.33333333333333,注入尾浆,0.0,0.0,0.0,0.0,0.0,0.0,0.0,0.0,0.0,0.0,0.0,0.8926641949847673,0.0
5244.0,87.4,注入尾浆,0.0,0.0,0.0,0.0,0.0,0.0,0.0,0.0,0.0,0.0,0.0,0.8913142069093701,0.0
5248.0,87.46666666666667,注入尾浆,0.0,0.0,0.0,0.0,0.0,0.0,0.0,0.0,0.0,0.0,0.0,0.8899633737480468,0.0
5252.0,87.53333333333333,注入尾浆,0.0,0.0,0.0,0.0,0.0,0.0,0.0,0.0,0.0,0.0,0.0,0.8886118836412614,0.0
5256.0,87.6,注入尾浆,0.0,0.0,0.0,0.0,0.0,0.0,0.0,0.0,0.0,0.0,0.0,0.8872599154447118,0.0
5260.0,87.66666666666667,注入尾浆,0.0,0.0,0.0,0.0,0.0,0.0,0.0,0.0,0.0,0.0,0.0,0.8859076328034895,0.0
5264.0,87.73333333333333,注入尾浆,0.0,0.0,0.0,0.0,0.0,0.0,0.0,0.0,0.0,0.0,0.0,0.8845551795667467,0.0
5268.0,87.8,注入尾浆,0.0,0.0,0.0,0.0,0.0,0.0,0.0,0.0,0.0,0.0,0.0,0.8832026768553193,0.0
5272.0,87.86666666666666,注入尾浆,0.0,0.0,0.0,0.0,0.0,0.0,0.0,0.0,0.0,0.0,0.0,0.8818502219427093,0.0
5276.0,87.93333333333334,注入尾浆,0.0,0.0,0.0,0.0,0.0,0.0,0.0,0.0,0.0,0.0,0.0,0.8804978889405345,0.0
5280.0,88.0,注入尾浆,0.0,0.0,0.0,0.0,0.0,0.0,0.0,0.0,0.0,0.0,0.0,0.8791457311162296,0.0
5284.0,88.06666666666666,注入尾浆,0.0,0.0,0.0,0.0,0.0,0.0,0.0,0.0,0.0,0.0,0.0,0.8777937845344255,0.0
5288.0,88.13333333333334,注入尾浆,0.0,0.0,0.0,0.0,0.0,0.0,0.0,0.0,0.0,0.0,0.0,0.8764420726191662,0.0
5292.0,88.2,注入尾浆,0.0,0.0,0.0,0.0,0.0,0.0,0.0,0.0,0.0,0.0,0.0,0.8750906111894546,0.0
5296.0,88.26666666666667,注入尾浆,0.0,0.0,0.0,0.0,0.0,0.0,0.0,0.0,0.0,0.0,0.0,0.8737394135250576,0.0
5300.0,88.33333333333333,注入尾浆,0.0,0.0,0.0,0.0,0.0,0.0,0.0,0.0,0.0,0.0,0.0,0.8723884950660479,0.0
5304.0,88.4,注入尾浆,0.0,0.0,0.0,0.0,0.0,0.0,0.0,0.0,0.0,0.0,0.0,0.8710378774267199,0.0
5308.0,88.46666666666667,注入尾浆,0.0,0.0,0.0,0.0,0.0,0.0,0.0,0.0,0.0,0.0,0.0,0.869687591498896,0.0
5312.0,88.53333333333333,注入尾浆,0.0,0.0,0.0,0.0,0.0,0.0,0.0,0.0,0.0,0.0,0.0,0.8683376795182128,0.0
5316.0,88.6,注入尾浆,0.0,0.0,0.0,0.0,0.0,0.0,0.0,0.0,0.0,0.0,0.0,0.8669881960589045,0.0
5320.0,88.66666666666667,注入尾浆,0.0,0.0,0.0,0.0,0.0,0.0,0.0,0.0,0.0,0.0,0.0,0.8656392080001432,0.0
5324.0,88.73333333333333,注入尾浆,0.0,0.0,0.0,0.0,0.0,0.0,0.0,0.0,0.0,0.0,0.0,0.8642907935660512,0.0
5328.0,88.8,注入尾浆,0.0,0.0,0.0,0.0,0.0,0.0,0.0,0.0,0.0,0.0,0.0,0.8629430405810399,0.0
5332.0,88.86666666666666,注入尾浆,0.0,0.0,0.0,0.0,0.0,0.0,0.0,0.0,0.0,0.0,0.0,0.8615960441037019,0.0
5336.0,88.93333333333334,注入尾浆,0.0,0.0,0.0,0.0,0.0,0.0,0.0,0.0,0.0,0.0,0.0,0.8602499036092409,0.0
5340.0,89.0,注入尾浆,0.0,0.0,0.0,0.0,0.0,0.0,0.0,0.0,0.0,0.0,0.0,0.8589047198861819,0.0
5344.0,89.06666666666666,注入尾浆,0.0,0.0,0.0,0.0,0.0,0.0,0.0,0.0,0.0,0.0,0.0,0.8575605918016538,0.0
5348.0,89.13333333333334,注入尾浆,0.0,0.0,0.0,0.0,0.0,0.0,0.0,0.0,0.0,0.0,0.0,0.8562176130740998,0.0
5352.0,89.2,注入尾浆,0.0,0.0,0.0,0.0,0.0,0.0,0.0,0.0,0.0,0.0,0.0,0.854875869175174,0.0
5356.0,89.26666666666667,注入尾浆,0.0,0.0,0.0,0.0,0.0,0.0,0.0,0.0,0.0,0.0,0.0,0.8535354344652631,0.0
5360.0,89.33333333333333,注入尾浆,0.0,0.0,0.0,0.0,0.0,0.0,0.0,0.0,0.0,0.0,0.0,0.8521963696501899,0.0
5364.0,89.4,注入尾浆,0.0,0.0,0.0,0.0,0.0,0.0,0.0,0.0,0.0,0.0,0.0,0.8508587196302564,0.0
5368.0,89.46666666666667,注入尾浆,0.0,0.0,0.0,0.0,0.0,0.0,0.0,0.0,0.0,0.0,0.0,0.8495225117966545,0.0
5372.0,89.53333333333333,注入尾浆,0.0,0.0,0.0,0.0,0.0,0.0,0.0,0.0,0.0,0.0,0.0,0.8481877548140856,0.0
5376.0,89.6,注入尾浆,0.0,0.0,0.0,0.0,0.0,0.0,0.0,0.0,0.0,0.0,0.0,0.8468544379120098,0.0
5380.0,89.66666666666667,注入尾浆,0.0,0.0,0.0,0.0,0.0,0.0,0.0,0.0,0.0,0.0,0.0,0.8455225306902943,0.0
5384.0,89.73333333333333,注入尾浆,0.0,0.0,0.0,0.0,0.0,0.0,0.0,0.0,0.0,0.0,0.0,0.8441919834284428,0.0
5388.0,89.8,注入尾浆,0.0,0.0,0.0,0.0,0.0,0.0,0.0,0.0,0.0,0.0,0.0,0.842862727871549,0.0
5392.0,89.86666666666666,注入尾浆,0.0,0.0,0.0,0.0,0.0,0.0,0.0,0.0,0.0,0.0,0.0,0.841534678451262,0.0
5396.0,89.93333333333334,注入尾浆,0.0,0.0,0.0,0.0,0.0,0.0,0.0,0.0,0.0,0.0,0.0,0.8402077338870773,0.0
5400.0,90.0,注入尾浆,0.0,0.0,0.0,0.0,0.0,0.0,0.0,0.0,0.0,0.0,0.0,0.838881779102768,0.0
5404.0,90.06666666666666,注入尾浆,0.0,0.0,0.0,0.0,0.0,0.0,0.0,0.0,0.0,0.0,0.0,0.837556687385266,0.0
5408.0,90.13333333333334,注入尾浆,0.0,0.0,0.0,0.0,0.0,0.0,0.0,0.0,0.0,0.0,0.0,0.8362323227090601,0.0
5412.0,90.2,注入尾浆,0.0,0.0,0.0,0.0,0.0,0.0,0.0,0.0,0.0,0.0,0.0,0.8349085421482701,0.0
5416.0,90.26666666666667,注入尾浆,0.0,0.0,0.0,0.0,0.0,0.0,0.0,0.0,0.0,0.0,0.0,0.8335851983008604,0.0
5420.0,90.33333333333333,注入尾浆,0.0,0.0,0.0,0.0,0.0,0.0,0.0,0.0,0.0,0.0,0.0,0.8322621416546124,0.0
5424.0,90.4,注入尾浆,0.0,0.0,0.0,0.0,0.0,0.0,0.0,0.0,0.0,0.0,0.0,0.8309392228320714,0.0
5428.0,90.46666666666667,注入尾浆,0.0,0.0,0.0,0.0,0.0,0.0,0.0,0.0,0.0,0.0,0.0,0.8296162946611272,0.0
5432.0,90.53333333333333,注入尾浆,0.0,0.0,0.0,0.0,0.0,0.0,0.0,0.0,0.0,0.0,0.0,0.828293214028659,0.0
5436.0,90.6,注入尾浆,0.0,0.0,0.0,0.0,0.0,0.0,0.0,0.0,0.0,0.0,0.0,0.8269698434861686,0.0
5440.0,90.66666666666667,注入尾浆,0.0,0.0,0.0,0.0,0.0,0.0,0.0,0.0,0.0,0.0,0.0,0.8256460525880831,0.0
5444.0,90.73333333333333,注入尾浆,0.0,0.0,0.0,0.0,0.0,0.0,0.0,0.0,0.0,0.0,0.0,0.8243217189549205,0.0
5448.0,90.8,注入尾浆,0.0,0.0,0.0,0.0,0.0,0.0,0.0,0.0,0.0,0.0,0.0,0.8229967290644381,0.0
5452.0,90.86666666666666,注入尾浆,0.0,0.0,0.0,0.0,0.0,0.0,0.0,0.0,0.0,0.0,0.0,0.8216709787838615,0.0
5456.0,90.93333333333334,注入尾浆,0.0,0.0,0.0,0.0,0.0,0.0,0.0,0.0,0.0,0.0,0.0,0.820344373665053,0.0
5460.0,91.0,注入尾浆,0.0,0.0,0.0,0.0,0.0,0.0,0.0,0.0,0.0,0.0,0.0,0.8190168290317553,0.0
5464.0,91.06666666666666,注入尾浆,0.0,0.0,0.0,0.0,0.0,0.0,0.0,0.0,0.0,0.0,0.0,0.817688269893664,0.0
5468.0,91.13333333333334,注入尾浆,0.0,0.0,0.0,0.0,0.0,0.0,0.0,0.0,0.0,0.0,0.0,0.8163586307257932,0.0
5472.0,91.2,注入尾浆,0.0,0.0,0.0,0.0,0.0,0.0,0.0,0.0,0.0,0.0,0.0,0.8150278551533433,0.0
5476.0,91.26666666666667,注入尾浆,0.0,0.0,0.0,0.0,0.0,0.0,0.0,0.0,0.0,0.0,0.0,0.813695895581922,0.0
5480.0,91.33333333333333,注入尾浆,0.0,0.0,0.0,0.0,0.0,0.0,0.0,0.0,0.0,0.0,0.0,0.8123627128105488,0.0
5484.0,91.4,注入尾浆,0.0,0.0,0.0,0.0,0.0,0.0,0.0,0.0,0.0,0.0,0.0,0.8110282756604869,0.0
5488.0,91.46666666666667,注入尾浆,0.0,0.0,0.0,0.0,0.0,0.0,0.0,0.0,0.0,0.0,0.0,0.8096925606468066,0.0
5492.0,91.53333333333333,注入尾浆,0.0,0.0,0.0,0.0,0.0,0.0,0.0,0.0,0.0,0.0,0.0,0.8083555517120494,0.0
5496.0,91.6,注入尾浆,0.0,0.0,0.0,0.0,0.0,0.0,0.0,0.0,0.0,0.0,0.0,0.807017240032845,0.0
5500.0,91.66666666666667,注入尾浆,0.0,0.0,0.0,0.0,0.0,0.0,0.0,0.0,0.0,0.0,0.0,0.8056776239013983,0.0
5504.0,91.73333333333333,注入尾浆,0.0,0.0,0.0,0.0,0.0,0.0,0.0,0.0,0.0,0.0,0.0,0.8043367086749755,0.0
5508.0,91.8,注入尾浆,0.0,0.0,0.0,0.0,0.0,0.0,0.0,0.0,0.0,0.0,0.0,0.8029945067784774,0.0
5512.0,91.86666666666666,注入尾浆,0.0,0.0,0.0,0.0,0.0,0.0,0.0,0.0,0.0,0.0,0.0,0.8016510377384607,0.0
5516.0,91.93333333333334,注入尾浆,0.0,0.0,0.0,0.0,0.0,0.0,0.0,0.0,0.0,0.0,0.0,0.8003063282220182,0.0
5520.0,92.0,注入尾浆,0.0,0.0,0.0,0.0,0.0,0.0,0.0,0.0,0.0,0.0,0.0,0.7989604120511131,0.0
5524.0,92.06666666666666,注入尾浆,0.0,0.0,0.0,0.0,0.0,0.0,0.0,0.0,0.0,0.0,0.0,0.7976133301624644,0.0
5528.0,92.13333333333334,注入尾浆,0.0,0.0,0.0,0.0,0.0,0.0,0.0,0.0,0.0,0.0,0.0,0.79626513048493,0.0
5532.0,92.2,注入尾浆,0.0,0.0,0.0,0.0,0.0,0.0,0.0,0.0,0.0,0.0,0.0,0.794915867710356,0.0
5536.0,92.26666666666667,注入尾浆,0.0,0.0,0.0,0.0,0.0,0.0,0.0,0.0,0.0,0.0,0.0,0.7935656029397474,0.0
5540.0,92.33333333333333,注入尾浆,0.0,0.0,0.0,0.0,0.0,0.0,0.0,0.0,0.0,0.0,0.0,0.7922144031939048,0.0
5544.0,92.4,注入尾浆,0.0,0.0,0.0,0.0,0.0,0.0,0.0,0.0,0.0,0.0,0.0,0.7908623407858278,0.0
5548.0,92.46666666666667,注入尾浆,0.0,0.0,0.0,0.0,0.0,0.0,0.0,0.0,0.0,0.0,0.0,0.7895094925605951,0.0
5552.0,92.53333333333333,注入尾浆,0.0,0.0,0.0,0.0,0.0,0.0,0.0,0.0,0.0,0.0,0.0,0.7881559390165204,0.0
5556.0,92.6,注入尾浆,0.0,0.0,0.0,0.0,0.0,0.0,0.0,0.0,0.0,0.0,0.0,0.7868017633285964,0.0
5560.0,92.66666666666667,注入尾浆,0.0,0.0,0.0,0.0,0.0,0.0,0.0,0.0,0.0,0.0,0.0,0.7854470503011182,0.0
5564.0,92.73333333333333,注入尾浆,0.0,0.0,0.0,0.0,0.0,0.0,0.0,0.0,0.0,0.0,0.0,0.784091885280582,0.0
5568.0,92.8,注入尾浆,0.0,0.0,0.0,0.0,0.0,0.0,0.0,0.0,0.0,0.0,0.0,0.7827363530622876,0.0
5572.0,92.86666666666666,注入尾浆,0.0,0.0,0.0,0.0,0.0,0.0,0.0,0.0,0.0,0.0,0.0,0.781380536824455,0.0
5576.0,92.93333333333334,注入尾浆,0.0,0.0,0.0,0.0,0.0,0.0,0.0,0.0,0.0,0.0,0.0,0.7800245171221885,0.0
5580.0,93.0,注入尾浆,0.0,0.0,0.0,0.0,0.0,0.0,0.0,0.0,0.0,0.0,0.0,0.7786683709704605,0.0
5584.0,93.06666666666666,注入尾浆,0.0,0.0,0.0,0.0,0.0,0.0,0.0,0.0,0.0,0.0,0.0,0.7773121710407491,0.0
5588.0,93.13333333333334,注入尾浆,0.0,0.0,0.0,0.0,0.0,0.0,0.0,0.0,0.0,0.0,0.0,0.775955984990393,0.0
5592.0,93.2,注入尾浆,0.0,0.0,0.0,0.0,0.0,0.0,0.0,0.0,0.0,0.0,0.0,0.7745998749375179,0.0
5596.0,93.26666666666667,注入尾浆,0.0,0.0,0.0,0.0,0.0,0.0,0.0,0.0,0.0,0.0,0.0,0.7732438970879575,0.0
5600.0,93.33333333333333,注入尾浆,0.0,0.0,0.0,0.0,0.0,0.0,0.0,0.0,0.0,0.0,0.0,0.7718881015142776,0.0
5604.0,93.4,注入尾浆,0.0,0.0,0.0,0.0,0.0,0.0,0.0,0.0,0.0,0.0,0.0,0.770532532081196,0.0
5608.0,93.46666666666667,注入尾浆,0.0,0.0,0.0,0.0,0.0,0.0,0.0,0.0,0.0,0.0,0.0,0.7691772265065939,0.0
5612.0,93.53333333333333,注入尾浆,0.0,0.0,0.0,0.0,0.0,0.0,0.0,0.0,0.0,0.0,0.0,0.7678222165431662,0.0
5616.0,93.6,注入尾浆,0.0,0.0,0.0,0.0,0.0,0.0,0.0,0.0,0.0,0.0,0.0,0.7664675282626624,0.0
5620.0,93.66666666666667,注入尾浆,0.0,0.0,0.0,0.0,0.0,0.0,0.0,0.0,0.0,0.0,0.0,0.7651131824226848,0.0
5624.0,93.73333333333333,注入尾浆,0.0,0.0,0.0,0.0,0.0,0.0,0.0,0.0,0.0,0.0,0.0,0.7637591948950956,0.0
5628.0,93.8,注入尾浆,0.0,0.0,0.0,0.0,0.0,0.0,0.0,0.0,0.0,0.0,0.0,0.7624055771351809,0.0
5632.0,93.86666666666666,注入尾浆,0.0,0.0,0.0,0.0,0.0,0.0,0.0,0.0,0.0,0.0,0.0,0.7610523366716859,0.0
5636.0,93.93333333333334,注入尾浆,0.0,0.0,0.0,0.0,0.0,0.0,0.0,0.0,0.0,0.0,0.0,0.7596994775995324,0.0
5640.0,94.0,注入尾浆,0.0,0.0,0.0,0.0,0.0,0.0,0.0,0.0,0.0,0.0,0.0,0.7583470010592605,0.0
5644.0,94.06666666666666,注入尾浆,0.0,0.0,0.0,0.0,0.0,0.0,0.0,0.0,0.0,0.0,0.0,0.7569949056898618,0.0
5648.0,94.13333333333334,注入尾浆,0.0,0.0,0.0,0.0,0.0,0.0,0.0,0.0,0.0,0.0,0.0,0.7556431880444768,0.0
5652.0,94.2,注入尾浆,0.0,0.0,0.0,0.0,0.0,0.0,0.0,0.0,0.0,0.0,0.0,0.7542918429612928,0.0
5656.0,94.26666666666667,注入尾浆,0.0,0.0,0.0,0.0,0.0,0.0,0.0,0.0,0.0,0.0,0.0,0.7529408638847551,0.0
5660.0,94.33333333333333,注入尾浆,0.0,0.0,0.0,0.0,0.0,0.0,0.0,0.0,0.0,0.0,0.0,0.7515902431347811,0.0
5664.0,94.4,注入尾浆,0.0,0.0,0.0,0.0,0.0,0.0,0.0,0.0,0.0,0.0,0.0,0.7502399721239609,0.0
5668.0,94.46666666666667,注入尾浆,0.0,0.0,0.0,0.0,0.0,0.0,0.0,0.0,0.0,0.0,0.0,0.7488900415247006,0.0
5672.0,94.53333333333333,注入尾浆,0.0,0.0,0.0,0.0,0.0,0.0,0.0,0.0,0.0,0.0,0.0,0.7475404413898588,0.0
5676.0,94.6,注入尾浆,0.0,0.0,0.0,0.0,0.0,0.0,0.0,0.0,0.0,0.0,0.0,0.7461911612316552,0.0
5680.0,94.66666666666667,注入尾浆,0.0,0.0,0.0,0.0,0.0,0.0,0.0,0.0,0.0,0.0,0.0,0.7448421900644956,0.0
5684.0,94.73333333333333,注入尾浆,0.0,0.0,0.0,0.0,0.0,0.0,0.0,0.0,0.0,0.0,0.0,0.7434935164178743,0.0
5688.0,94.8,注入尾浆,0.0,0.0,0.0,0.0,0.0,0.0,0.0,0.0,0.0,0.0,0.0,0.7421451283257325,0.0
5692.0,94.86666666666666,注入尾浆,0.0,0.0,0.0,0.0,0.0,0.0,0.0,0.0,0.0,0.0,0.0,0.7407970132985967,0.0
5696.0,94.93333333333334,注入尾浆,0.0,0.0,0.0,0.0,0.0,0.0,0.0,0.0,0.0,0.0,0.0,0.7394491582845482,0.0
5700.0,95.0,注入尾浆,0.0,0.0,0.0,0.0,0.0,0.0,0.0,0.0,0.0,0.0,0.0,0.7381015496246183,0.0
5704.0,95.06666666666666,注入尾浆,0.0,0.0,0.0,0.0,0.0,0.0,0.0,0.0,0.0,0.0,0.0,0.7367541730076184,0.0
5708.0,95.13333333333334,注入尾浆,0.0,0.0,0.0,0.0,0.0,0.0,0.0,0.0,0.0,0.0,0.0,0.735407013428726,0.0
5712.0,95.2,注入尾浆,0.0,0.0,0.0,0.0,0.0,0.0,0.0,0.0,0.0,0.0,0.0,0.7340600551554155,0.0
5716.0,95.26666666666667,注入尾浆,0.0,0.0,0.0,0.0,0.0,0.0,0.0,0.0,0.0,0.0,0.0,0.7327132817035444,0.0
5720.0,95.33333333333333,注入尾浆,0.0,0.0,0.0,0.0,0.0,0.0,0.0,0.0,0.0,0.0,0.0,0.7313666758256566,0.0
5724.0,95.4,注入尾浆,0.0,0.0,0.0,0.0,0.0,0.0,0.0,0.0,0.0,0.0,0.0,0.7300202195128095,0.0
5728.0,95.46666666666667,注入尾浆,0.0,0.0,0.0,0.0,0.0,0.0,0.0,0.0,0.0,0.0,0.0,0.7286738940105516,0.0
5732.0,95.53333333333333,注入尾浆,0.0,0.0,0.0,0.0,0.0,0.0,0.0,0.0,0.0,0.0,0.0,0.7273276798490353,0.0
5736.0,95.6,注入尾浆,0.0,0.0,0.0,0.0,0.0,0.0,0.0,0.0,0.0,0.0,0.0,0.7259815568866852,0.0
5740.0,95.66666666666667,注入尾浆,0.0,0.0,0.0,0.0,0.0,0.0,0.0,0.0,0.0,0.0,0.0,0.7246355043663653,0.0
5744.0,95.73333333333333,注入尾浆,0.0,0.0,0.0,0.0,0.0,0.0,0.0,0.0,0.0,0.0,0.0,0.7232895009825784,0.0
5748.0,95.8,注入尾浆,0.0,0.0,0.0,0.0,0.0,0.0,0.0,0.0,0.0,0.0,0.0,0.7219435249579291,0.0
5752.0,95.86666666666666,注入尾浆,0.0,0.0,0.0,0.0,0.0,0.0,0.0,0.0,0.0,0.0,0.0,0.7205975541268502,0.0
5756.0,95.93333333333334,注入尾浆,0.0,0.0,0.0,0.0,0.0,0.0,0.0,0.0,0.0,0.0,0.0,0.7192515660244594,0.0
5760.0,96.0,注入尾浆,0.0,0.0,0.0,0.0,0.0,0.0,0.0,0.0,0.0,0.0,0.0,0.7179055379783575,0.0
5764.0,96.06666666666666,注入尾浆,0.0,0.0,0.0,0.0,0.0,0.0,0.0,0.0,0.0,0.0,0.0,0.716559447201204,0.0
5768.0,96.13333333333334,注入尾浆,0.0,0.0,0.0,0.0,0.0,0.0,0.0,0.0,0.0,0.0,0.0,0.7152132708819996,0.0
5772.0,96.2,注入尾浆,0.0,0.0,0.0,0.0,0.0,0.0,0.0,0.0,0.0,0.0,0.0,0.7138669862741628,0.0
5776.0,96.26666666666667,注入尾浆,0.0,0.0,0.0,0.0,0.0,0.0,0.0,0.0,0.0,0.0,0.0,0.7125205707787012,0.0
5780.0,96.33333333333333,注入尾浆,0.0,0.0,0.0,0.0,0.0,0.0,0.0,0.0,0.0,0.0,0.0,0.7111740020210275,0.0
5784.0,96.4,注入尾浆,0.0,0.0,0.0,0.0,0.0,0.0,0.0,0.0,0.0,0.0,0.0,0.7098272579202616,0.0
5788.0,96.46666666666667,注入尾浆,0.0,0.0,0.0,0.0,0.0,0.0,0.0,0.0,0.0,0.0,0.0,0.7084803167501625,0.0
5792.0,96.53333333333333,注入尾浆,0.0,0.0,0.0,0.0,0.0,0.0,0.0,0.0,0.0,0.0,0.0,0.707133157191155,0.0
5796.0,96.6,注入尾浆,0.0,0.0,0.0,0.0,0.0,0.0,0.0,0.0,0.0,0.0,0.0,0.7057857583732264,0.0
5800.0,96.66666666666667,注入尾浆,0.0,0.0,0.0,0.0,0.0,0.0,0.0,0.0,0.0,0.0,0.0,0.7044380999097787,0.0
5804.0,96.73333333333333,注入尾浆,0.0,0.0,0.0,0.0,0.0,0.0,0.0,0.0,0.0,0.0,0.0,0.703090161922799,0.0
5808.0,96.8,注入尾浆,0.0,0.0,0.0,0.0,0.0,0.0,0.0,0.0,0.0,0.0,0.0,0.7017419250599718,0.0
5812.0,96.86666666666666,注入尾浆,0.0,0.0,0.0,0.0,0.0,0.0,0.0,0.0,0.0,0.0,0.0,0.7003933705045708,0.0
5816.0,96.93333333333334,注入尾浆,0.0,0.0,0.0,0.0,0.0,0.0,0.0,0.0,0.0,0.0,0.0,0.6990444799791544,0.0
5820.0,97.0,注入尾浆,0.0,0.0,0.0,0.0,0.0,0.0,0.0,0.0,0.0,0.0,0.0,0.6976952357442177,0.0
5824.0,97.06666666666666,注入尾浆,0.0,0.0,0.0,0.0,0.0,0.0,0.0,0.0,0.0,0.0,0.0,0.6963456205930523,0.0
5828.0,97.13333333333334,注入尾浆,0.0,0.0,0.0,0.0,0.0,0.0,0.0,0.0,0.0,0.0,0.0,0.6949956178441075,0.0
5832.0,97.2,注入尾浆,0.0,0.0,0.0,0.0,0.0,0.0,0.0,0.0,0.0,0.0,0.0,0.6936452113321483,0.0
5836.0,97.26666666666667,注入尾浆,0.0,0.0,0.0,0.0,0.0,0.0,0.0,0.0,0.0,0.0,0.0,0.6922943853994693,0.0
5840.0,97.33333333333333,注入尾浆,0.0,0.0,0.0,0.0,0.0,0.0,0.0,0.0,0.0,0.0,0.0,0.6909431248883472,0.0
5844.0,97.4,注入尾浆,0.0,0.0,0.0,0.0,0.0,0.0,0.0,0.0,0.0,0.0,0.0,0.6895914151358057,0.0
5848.0,97.46666666666667,注入尾浆,0.0,0.0,0.0,0.0,0.0,0.0,0.0,0.0,0.0,0.0,0.0,0.6882392419716326,0.0
5852.0,97.53333333333333,注入尾浆,0.0,0.0,0.0,0.0,0.0,0.0,0.0,0.0,0.0,0.0,0.0,0.6868865917204313,0.0
5856.0,97.6,注入尾浆,0.0,0.0,0.0,0.0,0.0,0.0,0.0,0.0,0.0,0.0,0.0,0.6855334512083209,0.0
5860.0,97.66666666666667,注入尾浆,0.0,0.0,0.0,0.0,0.0,0.0,0.0,0.0,0.0,0.0,0.0,0.6841798077747109,0.0
5864.0,97.73333333333333,注入尾浆,0.0,0.0,0.0,0.0,0.0,0.0,0.0,0.0,0.0,0.0,0.0,0.6828256492894057,0.0
5868.0,97.8,注入尾浆,0.0,0.0,0.0,0.0,0.0,0.0,0.0,0.0,0.0,0.0,0.0,0.6814709641750943,0.0
5872.0,97.86666666666666,注入尾浆,0.0,0.0,0.0,0.0,0.0,0.0,0.0,0.0,0.0,0.0,0.0,0.6801157414351205,0.0
5876.0,97.93333333333334,注入尾浆,0.0,0.0,0.0,0.0,0.0,0.0,0.0,0.0,0.0,0.0,0.0,0.6787599706862515,0.0
5880.0,98.0,注入尾浆,0.0,0.0,0.0,0.0,0.0,0.0,0.0,0.0,0.0,0.0,0.0,0.6774036421960182,0.0
5884.0,98.06666666666666,注入尾浆,0.0,0.0,0.0,0.0,0.0,0.0,0.0,0.0,0.0,0.0,0.0,0.6760467469240635,0.0
5888.0,98.13333333333334,注入尾浆,0.0,0.0,0.0,0.0,0.0,0.0,0.0,0.0,0.0,0.0,0.0,0.6746892765668147,0.0
5892.0,98.2,注入尾浆,0.0,0.0,0.0,0.0,0.0,0.0,0.0,0.0,0.0,0.0,0.0,0.6733312236047088,0.0
5896.0,98.26666666666667,注入尾浆,0.0,0.0,0.0,0.0,0.0,0.0,0.0,0.0,0.0,0.0,0.0,0.6719725813511167,0.0
5900.0,98.33333333333333,注入尾浆,0.0,0.0,0.0,0.0,0.0,0.0,0.0,0.0,0.0,0.0,0.0,0.6706133440020612,0.0
5904.0,98.4,注入尾浆,0.0,0.0,0.0,0.0,0.0,0.0,0.0,0.0,0.0,0.0,0.0,0.6692535066857946,0.0
5908.0,98.46666666666667,注入尾浆,0.0,0.0,0.0,0.0,0.0,0.0,0.0,0.0,0.0,0.0,0.0,0.6678930655112861,0.0
5912.0,98.53333333333333,注入尾浆,0.0,0.0,0.0,0.0,0.0,0.0,0.0,0.0,0.0,0.0,0.0,0.6665320176146755,0.0
5916.0,98.6,注入尾浆,0.0,0.0,0.0,0.0,0.0,0.0,0.0,0.0,0.0,0.0,0.0,0.6651703612027817,0.0
5920.0,98.66666666666667,注入尾浆,0.0,0.0,0.0,0.0,0.0,0.0,0.0,0.0,0.0,0.0,0.0,0.6638080955927899,0.0
5924.0,98.73333333333333,注入尾浆,0.0,0.0,0.0,0.0,0.0,0.0,0.0,0.0,0.0,0.0,0.0,0.6624452212473021,0.0
5928.0,98.8,注入尾浆,0.0,0.0,0.0,0.0,0.0,0.0,0.0,0.0,0.0,0.0,0.0,0.6610817398040053,0.0
5932.0,98.86666666666666,注入尾浆,0.0,0.0,0.0,0.0,0.0,0.0,0.0,0.0,0.0,0.0,0.0,0.659717654099291,0.0
5936.0,98.93333333333334,注入尾浆,0.0,0.0,0.0,0.0,0.0,0.0,0.0,0.0,0.0,0.0,0.0,0.65835296818525,0.0
5940.0,99.0,注入尾浆,0.0,0.0,0.0,0.0,0.0,0.0,0.0,0.0,0.0,0.0,0.0,0.6569876873395655,0.0
5944.0,99.06666666666666,注入尾浆,0.0,0.0,0.0,0.0,0.0,0.0,0.0,0.0,0.0,0.0,0.0,0.6556218180679207,0.0
5948.0,99.13333333333334,注入尾浆,0.0,0.0,0.0,0.0,0.0,0.0,0.0,0.0,0.0,0.0,0.0,0.6542553680986505,0.0
5952.0,99.2,注入尾浆,0.0,0.0,0.0,0.0,0.0,0.0,0.0,0.0,0.0,0.0,0.0,0.6528883463694604,0.0
5956.0,99.26666666666667,注入尾浆,0.0,0.0,0.0,0.0,0.0,0.0,0.0,0.0,0.0,0.0,0.0,0.6515207630061456,0.0
5960.0,99.33333333333333,注入尾浆,0.0,0.0,0.0,0.0,0.0,0.0,0.0,0.0,0.0,0.0,0.0,0.6501526292933376,0.0
5964.0,99.4,注入尾浆,0.0,0.0,0.0,0.0,0.0,0.0,0.0,0.0,0.0,0.0,0.0,0.6487839576374017,0.0
5968.0,99.46666666666667,注入尾浆,0.0,0.0,0.0,0.0,0.0,0.0,0.0,0.0,0.0,0.0,0.0,0.6474147615216945,0.0
5972.0,99.53333333333333,注入尾浆,0.0,0.0,0.0,0.0,0.0,0.0,0.0,0.0,0.0,0.0,0.0,0.6460450554544763,0.0
5976.0,99.6,注入尾浆,0.0,0.0,0.0,0.0,0.0,0.0,0.0,0.0,0.0,0.0,0.0,0.6446748549098391,0.0
5980.0,99.66666666666667,注入尾浆,0.0,0.0,0.0,0.0,0.0,0.0,0.0,0.0,0.0,0.0,0.0,0.6433041762620801,0.0
5984.0,99.73333333333333,注入尾浆,0.0,0.0,0.0,0.0,0.0,0.0,0.0,0.0,0.0,0.0,0.0,0.6419330367140054,0.0
5988.0,99.8,注入尾浆,0.0,0.0,0.0,0.0,0.0,0.0,0.0,0.0,0.0,0.0,0.0,0.6405614542196897,0.0
5992.0,99.86666666666666,注入尾浆,0.0,0.0,0.0,0.0,0.0,0.0,0.0,0.0,0.0,0.0,0.0,0.6391894474022626,0.0
5996.0,99.93333333333334,注入尾浆,0.0,0.0,0.0,0.0,0.0,0.0,0.0,0.0,0.0,0.0,0.0,0.6378170354673132,0.0
6000.0,100.0,注入尾浆,0.0,0.0,0.0,0.0,0.0,0.0,0.0,0.0,0.0,0.0,0.0,0.6364442381125307,0.0
6004.0,100.06666666666666,注入尾浆,0.0,0.0,0.0,0.0,0.0,0.0,0.0,0.0,0.0,0.0,0.0,0.6350710754342123,0.0
6008.0,100.13333333333334,注入尾浆,0.0,0.0,0.0,0.0,0.0,0.0,0.0,0.0,0.0,0.0,0.0,0.6336975678312706,0.0
6012.0,100.2,注入尾浆,0.0,0.0,0.0,0.0,0.0,0.0,0.0,0.0,0.0,0.0,0.0,0.6323237359073859,0.0
6016.0,100.26666666666667,注入尾浆,0.0,0.0,0.0,0.0,0.0,0.0,0.0,0.0,0.0,0.0,0.0,0.6309496003719359,0.0
6020.0,100.33333333333333,注入尾浆,0.0,0.0,0.0,0.0,0.0,0.0,0.0,0.0,0.0,0.0,0.0,0.6295751819403352,0.0
6024.0,100.4,注入尾浆,0.0,0.0,0.0,0.0,0.0,0.0,0.0,0.0,0.0,0.0,0.0,0.6282005012344081,0.0
6028.0,100.46666666666667,注入尾浆,0.0,0.0,0.0,0.0,0.0,0.0,0.0,0.0,0.0,0.0,0.0,0.6268255786834052,0.0
6032.0,100.53333333333333,注入尾浆,0.0,0.0,0.0,0.0,0.0,0.0,0.0,0.0,0.0,0.0,0.0,0.6254504344262658,0.0
6036.0,100.6,注入尾浆,0.0,0.0,0.0,0.0,0.0,0.0,0.0,0.0,0.0,0.0,0.0,0.6240750882157121,0.0
6040.0,100.66666666666667,注入尾浆,0.0,0.0,0.0,0.0,0.0,0.0,0.0,0.0,0.0,0.0,0.0,0.6226995593247533,0.0
6044.0,100.73333333333333,注入尾浆,0.0,0.0,0.0,0.0,0.0,0.0,0.0,0.0,0.0,0.0,0.0,0.6213238664561579,0.0
6048.0,100.8,注入尾浆,0.0,0.0,0.0,0.0,0.0,0.0,0.0,0.0,0.0,0.0,0.0,0.6199480276554454,0.0
6052.0,100.86666666666666,注入尾浆,0.0,0.0,0.0,0.0,0.0,0.0,0.0,0.0,0.0,0.0,0.0,0.6185720602279325,0.0
6056.0,100.93333333333334,注入尾浆,0.0,0.0,0.0,0.0,0.0,0.0,0.0,0.0,0.0,0.0,0.0,0.6171959806603514,0.0
6060.0,101.0,注入尾浆,0.0,0.0,0.0,0.0,0.0,0.0,0.0,0.0,0.0,0.0,0.0,0.6158198045475504,0.0
6064.0,101.06666666666666,注入尾浆,0.0,0.0,0.0,0.0,0.0,0.0,0.0,0.0,0.0,0.0,0.0,0.6144435465247623,0.0
6068.0,101.13333333333334,注入尾浆,0.0,0.0,0.0,0.0,0.0,0.0,0.0,0.0,0.0,0.0,0.0,0.6130672202059141,0.0
6072.0,101.2,注入尾浆,0.0,0.0,0.0,0.0,0.0,0.0,0.0,0.0,0.0,0.0,0.0,0.6116908381284292,0.0
6076.0,101.26666666666667,注入尾浆,0.0,0.0,0.0,0.0,0.0,0.0,0.0,0.0,0.0,0.0,0.0,0.6103144117049505,0.0
6080.0,101.33333333333333,注入尾浆,0.0,0.0,0.0,0.0,0.0,0.0,0.0,0.0,0.0,0.0,0.0,0.6089379511823859,0.0
6084.0,101.4,注入尾浆,0.0,0.0,0.0,0.0,0.0,0.0,0.0,0.0,0.0,0.0,0.0,0.6075614656086529,0.0
6088.0,101.46666666666667,注入尾浆,0.0,0.0,0.0,0.0,0.0,0.0,0.0,0.0,0.0,0.0,0.0,0.606184962807459,0.0
6092.0,101.53333333333333,注入尾浆,0.0,0.0,0.0,0.0,0.0,0.0,0.0,0.0,0.0,0.0,0.0,0.6048084493614247,0.0
6096.0,101.6,注入尾浆,0.0,0.0,0.0,0.0,0.0,0.0,0.0,0.0,0.0,0.0,0.0,0.6034319306038103,0.0
6100.0,101.66666666666667,注入尾浆,0.0,0.0,0.0,0.0,0.0,0.0,0.0,0.0,0.0,0.0,0.0,0.6020554106190616,0.0
6104.0,101.73333333333333,注入尾浆,0.0,0.0,0.0,0.0,0.0,0.0,0.0,0.0,0.0,0.0,0.0,0.6006788922523467,0.0
6108.0,101.8,注入尾浆,0.0,0.0,0.0,0.0,0.0,0.0,0.0,0.0,0.0,0.0,0.0,0.5993023771281912,0.0
6112.0,101.86666666666666,注入尾浆,0.0,0.0,0.0,0.0,0.0,0.0,0.0,0.0,0.0,0.0,0.0,0.5979258656782739,0.0
6116.0,101.93333333333334,注入尾浆,0.0,0.0,0.0,0.0,0.0,0.0,0.0,0.0,0.0,0.0,0.0,0.5965493571783731,0.0
6120.0,102.0,注入尾浆,0.0,0.0,0.0,0.0,0.0,0.0,0.0,0.0,0.0,0.0,0.0,0.5951728497943983,0.0
6124.0,102.06666666666666,注入尾浆,0.0,0.0,0.0,0.0,0.0,0.0,0.0,0.0,0.0,0.0,0.0,0.5937963406373684,0.0
6128.0,102.13333333333334,注入尾浆,0.0,0.0,0.0,0.0,0.0,0.0,0.0,0.0,0.0,0.0,0.0,0.5924198258271308,0.0
6132.0,102.2,注入尾浆,0.0,0.0,0.0,0.0,0.0,0.0,0.0,0.0,0.0,0.0,0.0,0.5910433005645481,0.0
6136.0,102.26666666666667,注入尾浆,0.0,0.0,0.0,0.0,0.0,0.0,0.0,0.0,0.0,0.0,0.0,0.5896667592118008,0.0
6140.0,102.33333333333333,注入尾浆,0.0,0.0,0.0,0.0,0.0,0.0,0.0,0.0,0.0,0.0,0.0,0.5882901953803892,0.0
6144.0,102.4,注入尾浆,0.0,0.0,0.0,0.0,0.0,0.0,0.0,0.0,0.0,0.0,0.0,0.5869136020263415,0.0
6148.0,102.46666666666667,注入尾浆,0.0,0.0,0.0,0.0,0.0,0.0,0.0,0.0,0.0,0.0,0.0,0.5855369715520651,0.0
6152.0,102.53333333333333,注入尾浆,0.0,0.0,0.0,0.0,0.0,0.0,0.0,0.0,0.0,0.0,0.0,0.5841602959142144,0.0
6156.0,102.6,注入尾浆,0.0,0.0,0.0,0.0,0.0,0.0,0.0,0.0,0.0,0.0,0.0,0.5827835667368734,0.0
6160.0,102.66666666666667,注入尾浆,0.0,0.0,0.0,0.0,0.0,0.0,0.0,0.0,0.0,0.0,0.0,0.5814067754292999,0.0
6164.0,102.73333333333333,注入尾浆,0.0,0.0,0.0,0.0,0.0,0.0,0.0,0.0,0.0,0.0,0.0,0.5800299133074103,0.0
6168.0,102.8,注入尾浆,0.0,0.0,0.0,0.0,0.0,0.0,0.0,0.0,0.0,0.0,0.0,0.5786529717181369,0.0
6172.0,102.86666666666666,注入尾浆,0.0,0.0,0.0,0.0,0.0,0.0,0.0,0.0,0.0,0.0,0.0,0.5772759421657413,0.0
6176.0,102.93333333333334,注入尾浆,0.0,0.0,0.0,0.0,0.0,0.0,0.0,0.0,0.0,0.0,0.0,0.575898816439123,0.0
6180.0,103.0,注入尾浆,0.0,0.0,0.0,0.0,0.0,0.0,0.0,0.0,0.0,0.0,0.0,0.5745215867391353,0.0
6184.0,103.06666666666666,注入尾浆,0.0,0.0,0.0,0.0,0.0,0.0,0.0,0.0,0.0,0.0,0.0,0.573144245804888,0.0
6188.0,103.13333333333334,注入尾浆,0.0,0.0,0.0,0.0,0.0,0.0,0.0,0.0,0.0,0.0,0.0,0.5717667870380041,0.0
6192.0,103.2,注入尾浆,0.0,0.0,0.0,0.0,0.0,0.0,0.0,0.0,0.0,0.0,0.0,0.570389204623788,0.0
6196.0,103.26666666666667,注入尾浆,0.0,0.0,0.0,0.0,0.0,0.0,0.0,0.0,0.0,0.0,0.0,0.5690114936482632,0.0
6200.0,103.33333333333333,注入尾浆,0.0,0.0,0.0,0.0,0.0,0.0,0.0,0.0,0.0,0.0,0.0,0.5676336502100513,0.0
6204.0,103.4,注入尾浆,0.0,0.0,0.0,0.0,0.0,0.0,0.0,0.0,0.0,0.0,0.0,0.5662556715260798,0.0
6208.0,103.46666666666667,注入尾浆,0.0,0.0,0.0,0.0,0.0,0.0,0.0,0.0,0.0,0.0,0.0,0.5648775560301482,0.0
6212.0,103.53333333333333,注入尾浆,0.0,0.0,0.0,0.0,0.0,0.0,0.0,0.0,0.0,0.0,0.0,0.5634993034634114,0.0
6216.0,103.6,注入尾浆,0.0,0.0,0.0,0.0,0.0,0.0,0.0,0.0,0.0,0.0,0.0,0.5621209149559029,0.0
6220.0,103.66666666666667,注入尾浆,0.0,0.0,0.0,0.0,0.0,0.0,0.0,0.0,0.0,0.0,0.0,0.5607423930982757,0.0
6224.0,103.73333333333333,注入尾浆,0.0,0.0,0.0,0.0,0.0,0.0,0.0,0.0,0.0,0.0,0.0,0.5593637420030131,0.0
6228.0,103.8,注入尾浆,0.0,0.0,0.0,0.0,0.0,0.0,0.0,0.0,0.0,0.0,0.0,0.5579849673544455,0.0
6232.0,103.86666666666666,注入尾浆,0.0,0.0,0.0,0.0,0.0,0.0,0.0,0.0,0.0,0.0,0.0,0.5566060764469934,0.0
6236.0,103.93333333333334,注入尾浆,0.0,0.0,0.0,0.0,0.0,0.0,0.0,0.0,0.0,0.0,0.0,0.5552270782111615,0.0
6240.0,104.0,注入尾浆,0.0,0.0,0.0,0.0,0.0,0.0,0.0,0.0,0.0,0.0,0.0,0.5538479832269071,0.0
6244.0,104.06666666666666,注入尾浆,0.0,0.0,0.0,0.0,0.0,0.0,0.0,0.0,0.0,0.0,0.0,0.5524688037241225,0.0
6248.0,104.13333333333334,注入尾浆,0.0,0.0,0.0,0.0,0.0,0.0,0.0,0.0,0.0,0.0,0.0,0.5510895535700786,0.0
6252.0,104.2,注入尾浆,0.0,0.0,0.0,0.0,0.0,0.0,0.0,0.0,0.0,0.0,0.0,0.5497102482438053,0.0
6256.0,104.26666666666667,注入尾浆,0.0,0.0,0.0,0.0,0.0,0.0,0.0,0.0,0.0,0.0,0.0,0.5483309047974959,0.0
6260.0,104.33333333333333,注入尾浆,0.0,0.0,0.0,0.0,0.0,0.0,0.0,0.0,0.0,0.0,0.0,0.54695154180515,0.0
6264.0,104.4,注入尾浆,0.0,0.0,0.0,0.0,0.0,0.0,0.0,0.0,0.0,0.0,0.0,0.5455721792987901,0.0
6268.0,104.46666666666667,注入尾浆,0.0,0.0,0.0,0.0,0.0,0.0,0.0,0.0,0.0,0.0,0.0,0.5441928386927015,0.0
6272.0,104.53333333333333,注入尾浆,0.0,0.0,0.0,0.0,0.0,0.0,0.0,0.0,0.0,0.0,0.0,0.5428135426962676,0.0
6276.0,104.6,注入尾浆,0.0,0.0,0.0,0.0,0.0,0.0,0.0,0.0,0.0,0.0,0.0,0.5414343152160762,0.0
6280.0,104.66666666666667,注入尾浆,0.0,0.0,0.0,0.0,0.0,0.0,0.0,0.0,0.0,0.0,0.0,0.5400551812480843,0.0
6284.0,104.73333333333333,注入尾浆,0.0,0.0,0.0,0.0,0.0,0.0,0.0,0.0,0.0,0.0,0.0,0.5386761667607154,0.0
6288.0,104.8,注入尾浆,0.0,0.0,0.0,0.0,0.0,0.0,0.0,0.0,0.0,0.0,0.0,0.5372972985698636,0.0
6292.0,104.86666666666666,注入尾浆,0.0,0.0,0.0,0.0,0.0,0.0,0.0,0.0,0.0,0.0,0.0,0.535918604206846,0.0
6296.0,104.93333333333334,注入尾浆,0.0,0.0,0.0,0.0,0.0,0.0,0.0,0.0,0.0,0.0,0.0,0.5345401117804186,0.0
6300.0,105.0,注入尾浆,0.0,0.0,0.0,0.0,0.0,0.0,0.0,0.0,0.0,0.0,0.0,0.5331618498340229,0.0
6304.0,105.06666666666666,注入尾浆,0.0,0.0,0.0,0.0,0.0,0.0,0.0,0.0,0.0,0.0,0.0,0.5317838471994771,0.0
6308.0,105.13333333333334,注入尾浆,0.0,0.0,0.0,0.0,0.0,0.0,0.0,0.0,0.0,0.0,0.0,0.5304061328483515,0.0
6312.0,105.2,注入尾浆,0.0,0.0,0.0,0.0,0.0,0.0,0.0,0.0,0.0,0.0,0.0,0.5290287357422861,0.0
6315.811836429947,105.26353060716579,注入压塞液（管内）,0.0,0.0,0.0,0.0,0.0,0.0,0.0,0.0,0.0,0.0,0.0,0.5276516846835176,0.0
6319.623672859894,105.32706121433156,注入压塞液（管内）,0.0,0.0,0.0,0.0,0.0,0.0,0.0,0.0,0.0,0.0,0.0,0.5262304418901885,0.0
6323.435509289841,105.39059182149735,注入压塞液（管内）,0.0,0.0,0.0,0.0,0.0,0.0,0.0,0.0,0.0,0.0,0.0,0.5248096281681345,0.0
6327.247345719788,105.45412242866314,注入压塞液（管内）,0.0,0.0,0.0,0.0,0.0,0.0,0.0,0.0,0.0,0.0,0.0,0.5233892737180967,0.0
6331.0591821497355,105.51765303582893,注入压塞液（管内）,0.0,0.0,0.0,0.0,0.0,0.0,0.0,0.0,0.0,0.0,0.0,0.5219694079108849,0.0
6334.871018579683,105.58118364299472,注入压塞液（管内）,0.0,0.0,0.0,0.0,0.0,0.0,0.0,0.0,0.0,0.0,0.0,0.5205500591345539,0.0
6338.68285500963,105.64471425016049,注入压塞液（管内）,0.0,0.0,0.0,0.0,0.0,0.0,0.0,0.0,0.0,0.0,0.0,0.5191312546502038,0.0
6342.494691439577,105.70824485732628,注入压塞液（管内）,0.0,0.0,0.0,0.0,0.0,0.0,0.0,0.0,0.0,0.0,0.0,0.517713020457567,0.0
6346.306527869524,105.77177546449207,注入压塞液（管内）,0.0,0.0,0.0,0.0,0.0,0.0,0.0,0.0,0.0,0.0,0.0,0.5162953811714314,0.0
6350.118364299471,105.83530607165785,注入压塞液（管内）,0.0,0.0,0.0,0.0,0.0,0.0,0.0,0.0,0.0,0.0,0.0,0.5148783599098264,0.0
6353.930200729418,105.89883667882364,注入压塞液（管内）,0.0,0.0,0.0,0.0,0.0,0.0,0.0,0.0,0.0,0.0,0.0,0.5134619781947587,0.0
6357.742037159365,105.96236728598942,注入压塞液（管内）,0.0,0.0,0.0,0.0,0.0,0.0,0.0,0.0,0.0,0.0,0.0,0.5120462558661484,0.0
6361.553873589312,106.0258978931552,注入压塞液（管内）,0.0,0.0,0.0,0.0,0.0,0.0,0.0,0.0,0.0,0.0,0.0,0.5106312110094697,0.0
6365.3657100192595,106.08942850032099,注入压塞液（管内）,0.0,0.0,0.0,0.0,0.0,0.0,0.0,0.0,0.0,0.0,0.0,0.50921685989745,0.0
6369.177546449207,106.15295910748678,注入压塞液（管内）,0.0,0.0,0.0,0.0,0.0,0.0,0.0,0.0,0.0,0.0,0.0,0.507803216946034,0.0
6372.989382879154,106.21648971465257,注入压塞液（管内）,0.0,0.0,0.0,0.0,0.0,0.0,0.0,0.0,0.0,0.0,0.0,0.5063902946846723,0.0
6376.801219309101,106.28002032181834,注入压塞液（管内）,0.0,0.0,0.0,0.0,0.0,0.0,0.0,0.0,0.0,0.0,0.0,0.5049781037408444,0.0
6380.613055739048,106.34355092898413,注入压塞液（管内）,0.0,0.0,0.0,0.0,0.0,0.0,0.0,0.0,0.0,0.0,0.0,0.5035666528385909,0.0
6384.424892168995,106.40708153614992,注入压塞液（管内）,0.0,0.0,0.0,0.0,0.0,0.0,0.0,0.0,0.0,0.0,0.0,0.5021559488106904,0.0
6388.236728598942,106.4706121433157,注入压塞液（管内）,0.0,0.0,0.0,0.0,0.0,0.0,0.0,0.0,0.0,0.0,0.0,0.500745996623991,0.0
6392.048565028889,106.5341427504815,注入压塞液（管内）,0.0,0.0,0.0,0.0,0.0,0.0,0.0,0.0,0.0,0.0,0.0,0.49933679941729087,0.0
6395.860401458836,106.59767335764727,注入压塞液（管内）,0.0,0.0,0.0,0.0,0.0,0.0,0.0,0.0,0.0,0.0,0.0,0.49792835855105194,0.0
6399.6722378887835,106.66120396481305,注入压塞液（管内）,0.0,0.0,0.0,0.0,0.0,0.0,0.0,0.0,0.0,0.0,0.0,0.4965206736681342,0.0
6403.484074318731,106.72473457197884,注入压塞液（管内）,0.0,0.0,0.0,0.0,0.0,0.0,0.0,0.0,0.0,0.0,0.0,0.4951137427646576,0.0
6407.023636717967,106.78372727863278,替浆（单段，实际）,0.0,0.0,0.0,0.0,0.0,0.0,0.0,0.0,0.0,0.0,0.0,0.4937075622700235,0.0
6410.563199117204,106.84271998528673,替浆（单段，实际）,0.0,0.0,0.0,0.0,0.0,0.0,0.0,0.0,0.0,0.0,0.0,0.49230212713507115,0.0
6414.10276151644,106.90171269194067,替浆（单段，实际）,0.0,0.0,0.0,0.0,0.0,0.0,0.0,0.0,0.0,0.0,0.0,0.49089743092729987,0.0
6417.642323915677,106.96070539859461,替浆（单段，实际）,0.0,0.0,0.0,0.0,0.0,0.0,0.0,0.0,0.0,0.0,0.0,0.4894934659320574,0.0
6421.181886314913,107.01969810524855,替浆（单段，实际）,0.0,0.0,0.0,0.0,0.0,0.0,0.0,0.0,0.0,0.0,0.0,0.4880902232585756,0.0
6424.721448714149,107.07869081190249,替浆（单段，实际）,0.0,0.0,0.0,0.0,0.0,0.0,0.0,0.0,0.0,0.0,0.0,0.48668769294973174,0.0
6428.261011113385,107.13768351855643,替浆（单段，实际）,0.0,0.0,0.0,0.0,0.0,0.0,0.0,0.0,0.0,0.0,0.0,0.4852858640944214,0.0
6431.800573512622,107.19667622521037,替浆（单段，实际）,0.0,0.0,0.0,0.0,0.0,0.0,0.0,0.0,0.0,0.0,0.0,0.4838847249414495,0.0
6435.340135911858,107.25566893186429,替浆（单段，实际）,0.0,0.0,0.0,0.0,0.0,0.0,0.0,0.0,0.0,0.0,0.0,0.4824842630138761,0.0
6438.879698311094,107.31466163851823,替浆（单段，实际）,0.0,0.0,0.0,0.0,0.0,0.0,0.0,0.0,0.0,0.0,0.0,0.481084465222798,0.0
6442.4192607103305,107.37365434517217,替浆（单段，实际）,0.0,0.0,0.0,0.0,0.0,0.0,0.0,0.0,0.0,0.0,0.0,0.4796853179795964,0.0
6445.958823109567,107.43264705182611,替浆（单段，实际）,0.0,0.0,0.0,0.0,0.0,0.0,0.0,0.0,0.0,0.0,0.0,0.4782868073057405,0.0
6449.498385508803,107.49163975848005,替浆（单段，实际）,0.0,0.0,0.0,0.0,0.0,0.0,0.0,0.0,0.0,0.0,0.0,0.476888918939305,0.0
6453.037947908039,107.55063246513399,替浆（单段，实际）,0.0,0.0,0.0,0.0,0.0,0.0,0.0,0.0,0.0,0.0,0.0,0.4754916384374315,0.0
6456.577510307276,107.60962517178793,替浆（单段，实际）,0.0,0.0,0.0,0.0,0.0,0.0,0.0,0.0,0.0,0.0,0.0,0.47409495127403917,0.0
6460.117072706512,107.66861787844186,替浆（单段，实际）,0.0,0.0,0.0,0.0,0.0,0.0,0.0,0.0,0.0,0.0,0.0,0.47269884293217573,0.0
6463.656635105748,107.7276105850958,替浆（单段，实际）,0.0,0.0,0.0,0.0,0.0,0.0,0.0,0.0,0.0,0.0,0.0,0.4713032989904762,0.0
6467.196197504984,107.78660329174974,替浆（单段，实际）,0.0,0.0,0.0,0.0,0.0,0.0,0.0,0.0,0.0,0.0,0.0,0.4699083052032888,0.0
6470.735759904221,107.84559599840368,替浆（单段，实际）,0.0,0.0,0.0,0.0,0.0,0.0,0.0,0.0,0.0,0.0,0.0,0.4685138475741056,0.0
6474.275322303457,107.90458870505762,替浆（单段，实际）,0.0,0.0,0.0,0.0,0.0,0.0,0.0,0.0,0.0,0.0,0.0,0.46711991242202305,0.0
6477.814884702693,107.96358141171156,替浆（单段，实际）,0.0,0.0,0.0,0.0,0.0,0.0,0.0,0.0,0.0,0.0,0.0,0.4657264864410355,0.0
6481.3544471019295,108.0225741183655,替浆（单段，实际）,0.0,0.0,0.0,0.0,0.0,0.0,0.0,0.0,0.0,0.0,0.0,0.4643335567520477,0.0
6484.894009501166,108.08156682501944,替浆（单段，实际）,0.0,0.0,0.0,0.0,0.0,0.0,0.0,0.0,0.0,0.0,0.0,0.46294111094756346,0.0
6488.433571900402,108.14055953167336,替浆（单段，实际）,0.0,0.0,0.0,0.0,0.0,0.0,0.0,0.0,0.0,0.0,0.0,0.4615491371290791,0.0
6491.973134299638,108.1995522383273,替浆（单段，实际）,0.0,0.0,0.0,0.0,0.0,0.0,0.0,0.0,0.0,0.0,0.0,0.4601576239372778,0.0
6495.512696698875,108.25854494498124,替浆（单段，实际）,0.0,0.0,0.0,0.0,0.0,0.0,0.0,0.0,0.0,0.0,0.0,0.45876656057517995,0.0
6499.052259098111,108.31753765163518,替浆（单段，实际）,0.0,0.0,0.0,0.0,0.0,0.0,0.0,0.0,0.0,0.0,0.0,0.4573759368244583,0.0
6502.591821497347,108.37653035828912,替浆（单段，实际）,0.0,0.0,0.0,0.0,0.0,0.0,0.0,0.0,0.0,0.0,0.0,0.455985743055178,0.0
6506.131383896583,108.43552306494306,替浆（单段，实际）,0.0,0.0,0.0,0.0,0.0,0.0,0.0,0.0,0.0,0.0,0.0,0.45459597022926185,0.0
6509.67094629582,108.494515771597,替浆（单段，实际）,0.0,0.0,0.0,0.0,0.0,0.0,0.0,0.0,0.0,0.0,0.0,0.45320660989801764,0.0
6513.210508695056,108.55350847825093,替浆（单段，实际）,0.0,0.0,0.0,0.0,0.0,0.0,0.0,0.0,0.0,0.0,0.0,0.45181765419409875,0.0
6516.750071094292,108.61250118490487,替浆（单段，实际）,0.0,0.0,0.0,0.0,0.0,0.0,0.0,0.0,0.0,0.0,0.0,0.4504290958182863,0.0
6520.2896334935285,108.67149389155881,替浆（单段，实际）,0.0,0.0,0.0,0.0,0.0,0.0,0.0,0.0,0.0,0.0,0.0,0.4490409280215077,0.0
6523.829195892765,108.73048659821275,替浆（单段，实际）,0.0,0.0,0.0,0.0,0.0,0.0,0.0,0.0,0.0,0.0,0.0,0.44765314458251415,0.0
6527.368758292001,108.78947930486669,替浆（单段，实际）,0.0,0.0,0.0,0.0,0.0,0.0,0.0,0.0,0.0,0.0,0.0,0.4462657397816507,0.0
6530.908320691237,108.84847201152063,替浆（单段，实际）,0.0,0.0,0.0,0.0,0.0,0.0,0.0,0.0,0.0,0.0,0.0,0.4448787083711556,0.0
6534.447883090474,108.90746471817457,替浆（单段，实际）,0.0,0.0,0.0,0.0,0.0,0.0,0.0,0.0,0.0,0.0,0.0,0.4434920455424222,0.0
6537.98744548971,108.9664574248285,替浆（单段，实际）,0.0,0.0,0.0,0.0,0.0,0.0,0.0,0.0,0.0,0.0,0.0,0.44210574689065707,0.0
6541.527007888946,109.02545013148243,替浆（单段，实际）,0.0,0.0,0.0,0.0,0.0,0.0,0.0,0.0,0.0,0.0,0.0,0.4407198083773535,0.0
6545.066570288182,109.08444283813637,替浆（单段，实际）,0.0,0.0,0.0,0.0,0.0,0.0,0.0,0.0,0.0,0.0,0.0,0.4393342262909938,0.0
6548.606132687419,109.14343554479031,替浆（单段，实际）,0.0,0.0,0.0,0.0,0.0,0.0,0.0,0.0,0.0,0.0,0.0,0.4379489972063766,0.0
6552.145695086655,109.20242825144425,替浆（单段，实际）,0.0,0.0,0.0,0.0,0.0,0.0,0.0,0.0,0.0,0.0,0.0,0.4365641179429505,0.0
6555.685257485891,109.26142095809818,替浆（单段，实际）,0.0,0.0,0.0,0.0,0.0,0.0,0.0,0.0,0.0,0.0,0.0,0.435179585522517,0.0
6559.2248198851275,109.32041366475212,替浆（单段，实际）,0.0,0.0,0.0,0.0,0.0,0.0,0.0,0.0,0.0,0.0,0.0,0.4337953971266497,0.0
6562.764382284364,109.37940637140606,替浆（单段，实际）,0.0,0.0,0.0,0.0,0.0,0.0,0.0,0.0,0.0,0.0,0.0,0.43241155005415055,0.0
6566.3039446836,109.43839907806,替浆（单段，实际）,0.0,0.0,0.0,0.0,0.0,0.0,0.0,0.0,0.0,0.0,0.0,0.4310280416788506,0.0
6569.843507082836,109.49739178471394,替浆（单段，实际）,0.0,0.0,0.0,0.0,0.0,0.0,0.0,0.0,0.0,0.0,0.0,0.4296448694080361,0.0
6573.383069482073,109.55638449136788,替浆（单段，实际）,0.0,0.0,0.0,0.0,0.0,0.0,0.0,0.0,0.0,0.0,0.0,0.42826203064176227,0.0
6576.922631881309,109.61537719802182,替浆（单段，实际）,0.0,0.0,0.0,0.0,0.0,0.0,0.0,0.0,0.0,0.0,0.0,0.4268795227332954,0.0
6580.462194280545,109.67436990467576,替浆（单段，实际）,0.0,0.0,0.0,0.0,0.0,0.0,0.0,0.0,0.0,0.0,0.0,0.42549734295090386,0.0
6584.0017566797815,109.7333626113297,替浆（单段，实际）,0.0,0.0,0.0,0.0,0.0,0.0,0.0,0.0,0.0,0.0,0.0,0.4241154884411966,0.0
6587.541319079018,109.79235531798363,替浆（单段，实际）,0.0,0.0,0.0,0.0,0.0,0.0,0.0,0.0,0.0,0.0,0.0,0.42273395619419063,0.0
6591.080881478254,109.85134802463757,替浆（单段，实际）,0.0,0.0,0.0,0.0,0.0,0.0,0.0,0.0,0.0,0.0,0.0,0.4213527430102686,0.0
6594.62044387749,109.9103407312915,替浆（单段，实际）,0.0,0.0,0.0,0.0,0.0,0.0,0.0,0.0,0.0,0.0,0.0,0.41997184546916716,0.0
6598.160006276727,109.96933343794544,替浆（单段，实际）,0.0,0.0,0.0,0.0,0.0,0.0,0.0,0.0,0.0,0.0,0.0,0.4185912599011256,0.0
6601.699568675963,110.02832614459938,替浆（单段，实际）,0.0,0.0,0.0,0.0,0.0,0.0,0.0,0.0,0.0,0.0,0.0,0.41721098236029913,0.0
6605.239131075199,110.08731885125331,替浆（单段，实际）,0.0,0.0,0.0,0.0,0.0,0.0,0.0,0.0,0.0,0.0,0.0,0.41583100860053307,0.0
6608.778693474435,110.14631155790725,替浆（单段，实际）,0.0,0.0,0.0,0.0,0.0,0.0,0.0,0.0,0.0,0.0,0.0,0.4144513340535739,0.0
6612.318255873672,110.20530426456119,替浆（单段，实际）,0.0,0.0,0.0,0.0,0.0,0.0,0.0,0.0,0.0,0.0,0.0,0.4130719538097821,0.0
6615.857818272908,110.26429697121513,替浆（单段，实际）,0.0,0.0,0.0,0.0,0.0,0.0,0.0,0.0,0.0,0.0,0.0,0.4116928626013958,0.0
6619.397380672144,110.32328967786907,替浆（单段，实际）,0.0,0.0,0.0,0.0,0.0,0.0,0.0,0.0,0.0,0.0,0.0,0.41031405478838295,0.0
6622.9369430713805,110.38228238452301,替浆（单段，实际）,0.0,0.0,0.0,0.0,0.0,0.0,0.0,0.0,0.0,0.0,0.0,0.40893552434690894,0.0
6626.476505470617,110.44127509117695,替浆（单段，实际）,0.0,0.0,0.0,0.0,0.0,0.0,0.0,0.0,0.0,0.0,0.0,0.4075572648604314,0.0
6630.016067869853,110.50026779783089,替浆（单段，实际）,0.0,0.0,0.0,0.0,0.0,0.0,0.0,0.0,0.0,0.0,0.0,0.4061792695134281,0.0
6633.555630269089,110.55926050448483,替浆（单段，实际）,0.0,0.0,0.0,0.0,0.0,0.0,0.0,0.0,0.0,0.0,0.0,0.4048015310877506,0.0
6637.095192668326,110.61825321113876,替浆（单段，实际）,0.0,0.0,0.0,0.0,0.0,0.0,0.0,0.0,0.0,0.0,0.0,0.4034240419615881,0.0
6640.634755067562,110.6772459177927,替浆（单段，实际）,0.0,0.0,0.0,0.0,0.0,0.0,0.0,0.0,0.0,0.0,0.0,0.40204679411101935,0.0
6644.174317466798,110.73623862444664,替浆（单段，实际）,0.0,0.0,0.0,0.0,0.0,0.0,0.0,0.0,0.0,0.0,0.0,0.4006697791141179,0.0
6647.713879866034,110.79523133110057,替浆（单段，实际）,0.0,0.0,0.0,0.0,0.0,0.0,0.0,0.0,0.0,0.0,0.0,0.3992929881575757,0.0
6651.253442265271,110.8542240377545,替浆（单段，实际）,0.0,0.0,0.0,0.0,0.0,0.0,0.0,0.0,0.0,0.0,0.0,0.39791641204579725,0.0
6654.793004664507,110.91321674440844,替浆（单段，实际）,0.0,0.0,0.0,0.0,0.0,0.0,0.0,0.0,0.0,0.0,0.0,0.39654004121241576,0.0
6658.332567063743,110.97220945106238,替浆（单段，实际）,0.0,0.0,0.0,0.0,0.0,0.0,0.0,0.0,0.0,0.0,0.0,0.39516386573417406,0.0
6661.8721294629795,111.03120215771632,替浆（单段，实际）,0.0,0.0,0.0,0.0,0.0,0.0,0.0,0.0,0.0,0.0,0.0,0.3937878753471151,0.0
6665.411691862216,111.09019486437026,替浆（单段，实际）,0.0,0.0,0.0,0.0,0.0,0.0,0.0,0.0,0.0,0.0,0.0,0.39241205946501684,0.0
6668.951254261452,111.1491875710242,替浆（单段，实际）,0.0,0.0,0.0,0.0,0.0,0.0,0.0,0.0,0.0,0.0,0.0,0.3910364072000098,0.0
6672.490816660688,111.20818027767814,替浆（单段，实际）,0.0,0.0,0.0,0.0,0.0,0.0,0.0,0.0,0.0,0.0,0.0,0.3896609073853145,0.0
6676.030379059925,111.26717298433208,替浆（单段，实际）,0.0,0.0,0.0,0.0,0.0,0.0,0.0,0.0,0.0,0.0,0.0,0.3882855486000321,0.0
6679.569941459161,111.32616569098602,替浆（单段，实际）,0.0,0.0,0.0,0.0,0.0,0.0,0.0,0.0,0.0,0.0,0.0,0.38691031919593066,0.0
6683.109503858397,111.38515839763996,替浆（单段，实际）,0.0,0.0,0.0,0.0,0.0,0.0,0.0,0.0,0.0,0.0,0.0,0.3855352073261635,0.0
6686.649066257633,111.4441511042939,替浆（单段，实际）,0.0,0.0,0.0,0.0,0.0,0.0,0.0,0.0,0.0,0.0,0.0,0.38416020097586834,0.0
6690.18862865687,111.50314381094783,替浆（单段，实际）,0.0,0.0,0.0,0.0,0.0,0.0,0.0,0.0,0.0,0.0,0.0,0.3827852879945962,0.0
6693.728191056106,111.56213651760177,替浆（单段，实际）,0.0,0.0,0.0,0.0,0.0,0.0,0.0,0.0,0.0,0.0,0.0,0.38141045613052793,0.0
6697.267753455342,111.62112922425571,替浆（单段，实际）,0.0,0.0,0.0,0.0,0.0,0.0,0.0,0.0,0.0,0.0,0.0,0.38003569306644414,0.0
6700.8073158545785,111.68012193090964,替浆（单段，实际）,0.0,0.0,0.0,0.0,0.0,0.0,0.0,0.0,0.0,0.0,0.0,0.37866098645742374,0.0
6704.346878253815,111.73911463756357,替浆（单段，实际）,0.0,0.0,0.0,0.0,0.0,0.0,0.0,0.0,0.0,0.0,0.0,0.3772863239702575,0.0
6707.886440653051,111.79810734421751,替浆（单段，实际）,0.0,0.0,0.0,0.0,0.0,0.0,0.0,0.0,0.0,0.0,0.0,0.3759116933245739,0.0
6711.426003052287,111.85710005087145,替浆（单段，实际）,0.0,0.0,0.0,0.0,0.0,0.0,0.0,0.0,0.0,0.0,0.0,0.37453708233568916,0.0
6714.965565451524,111.91609275752539,替浆（单段，实际）,0.0,0.0,0.0,0.0,0.0,0.0,0.0,0.0,0.0,0.0,0.0,0.3731624789592068,0.0
6718.50512785076,111.97508546417933,替浆（单段，实际）,0.0,0.0,0.0,0.0,0.0,0.0,0.0,0.0,0.0,0.0,0.0,0.3717878713374077,0.0
6722.044690249996,112.03407817083327,替浆（单段，实际）,0.0,0.0,0.0,0.0,0.0,0.0,0.0,0.0,0.0,0.0,0.0,0.37041324784748625,0.0
6725.584252649232,112.09307087748721,替浆（单段，实际）,0.0,0.0,0.0,0.0,0.0,0.0,0.0,0.0,0.0,0.0,0.0,0.36903859715170567,0.0
6729.123815048469,112.15206358414115,替浆（单段，实际）,0.0,0.0,0.0,0.0,0.0,0.0,0.0,0.0,0.0,0.0,0.0,0.36766390824956113,0.0
6732.663377447705,112.21105629079509,替浆（单段，实际）,0.0,0.0,0.0,0.0,0.0,0.0,0.0,0.0,0.0,0.0,0.0,0.3662891705320574,0.0
6736.202939846941,112.27004899744902,替浆（单段，实际）,0.0,0.0,0.0,0.0,0.0,0.0,0.0,0.0,0.0,0.0,0.0,0.3649143738382201,0.0
6739.7425022461775,112.32904170410296,替浆（单段，实际）,0.0,0.0,0.0,0.0,0.0,0.0,0.0,0.0,0.0,0.0,0.0,0.36353950851397937,0.0
6743.282064645414,112.3880344107569,替浆（单段，实际）,0.0,0.0,0.0,0.0,0.0,0.0,0.0,0.0,0.0,0.0,0.0,0.3621645654735744,0.0
6746.82162704465,112.44702711741084,替浆（单段，实际）,0.0,0.0,0.0,0.0,0.0,0.0,0.0,0.0,0.0,0.0,0.0,0.3607895362636444,0.0
6750.361189443886,112.50601982406478,替浆（单段，实际）,0.0,0.0,0.0,0.0,0.0,0.0,0.0,0.0,0.0,0.0,0.0,0.35941441313017614,0.0
6753.900751843123,112.5650125307187,替浆（单段，实际）,0.0,0.0,0.0,0.0,0.0,0.0,0.0,0.0,0.0,0.0,0.0,0.3580391890884918,0.0
6757.440314242359,112.62400523737264,替浆（单段，实际）,0.0,0.0,0.0,0.0,0.0,0.0,0.0,0.0,0.0,0.0,0.0,0.3566638579964629,0.0
6760.979876641595,112.68299794402658,替浆（单段，实际）,0.0,0.0,0.0,0.0,0.0,0.0,0.0,0.0,0.0,0.0,0.0,0.3552884146311359,0.0
6764.5194390408315,112.74199065068052,替浆（单段，实际）,0.0,0.0,0.0,0.0,0.0,0.0,0.0,0.0,0.0,0.0,0.0,0.3539128547689581,0.0
6768.059001440068,112.80098335733446,替浆（单段，实际）,0.0,0.0,0.0,0.0,0.0,0.0,0.0,0.0,0.0,0.0,0.0,0.35253717526977923,0.0
6771.598563839304,112.8599760639884,替浆（单段，实际）,0.0,0.0,0.0,0.0,0.0,0.0,0.0,0.0,0.0,0.0,0.0,0.3511613741647965,0.0
6775.13812623854,112.91896877064234,替浆（单段，实际）,0.0,0.0,0.0,0.0,0.0,0.0,0.0,0.0,0.0,0.0,0.0,0.3497854507485943,0.0
6778.677688637777,112.97796147729628,替浆（单段，实际）,0.0,0.0,0.0,0.0,0.0,0.0,0.0,0.0,0.0,0.0,0.0,0.34840940567540396,0.0
6782.217251037013,113.03695418395021,替浆（单段，实际）,0.0,0.0,0.0,0.0,0.0,0.0,0.0,0.0,0.0,0.0,0.0,0.3470332410596847,0.0
6785.756813436249,113.09594689060415,替浆（单段，实际）,0.0,0.0,0.0,0.0,0.0,0.0,0.0,0.0,0.0,0.0,0.0,0.3456569605810899,0.0
6789.296375835485,113.15493959725809,替浆（单段，实际）,0.0,0.0,0.0,0.0,0.0,0.0,0.0,0.0,0.0,0.0,0.0,0.3442805695938438,0.0
6792.835938234722,113.21393230391203,替浆（单段，实际）,0.0,0.0,0.0,0.0,0.0,0.0,0.0,0.0,0.0,0.0,0.0,0.34290407524050615,0.0
6796.375500633958,113.27292501056597,替浆（单段，实际）,0.0,0.0,0.0,0.0,0.0,0.0,0.0,0.0,0.0,0.0,0.0,0.3415274865700499,0.0
6799.915063033194,113.33191771721991,替浆（单段，实际）,0.0,0.0,0.0,0.0,0.0,0.0,0.0,0.0,0.0,0.0,0.0,0.3401508146601175,0.0
6803.4546254324305,113.39091042387385,替浆（单段，实际）,0.0,0.0,0.0,0.0,0.0,0.0,0.0,0.0,0.0,0.0,0.0,0.33877407274325644,0.0
6806.994187831667,113.44990313052777,替浆（单段，实际）,0.0,0.0,0.0,0.0,0.0,0.0,0.0,0.0,0.0,0.0,0.0,0.3373972763368658,0.0
6810.533750230903,113.50889583718171,替浆（单段，实际）,0.0,0.0,0.0,0.0,0.0,0.0,0.0,0.0,0.0,0.0,0.0,0.3360204433765073,0.0
6814.073312630139,113.56788854383565,替浆（单段，实际）,0.0,0.0,0.0,0.0,0.0,0.0,0.0,0.0,0.0,0.0,0.0,0.3346435943521582,0.0
6817.612875029376,113.62688125048959,替浆（单段，实际）,0.0,0.0,0.0,0.0,0.0,0.0,0.0,0.0,0.0,0.0,0.0,0.3332667524468984,0.0
6821.152437428612,113.68587395714353,替浆（单段，实际）,0.0,0.0,0.0,0.0,0.0,0.0,0.0,0.0,0.0,0.0,0.0,0.33188994367743935,0.0
6824.691999827848,113.74486666379747,替浆（单段，实际）,0.0,0.0,0.0,0.0,0.0,0.0,0.0,0.0,0.0,0.0,0.0,0.33051319703581344,0.0
6828.231562227084,113.8038593704514,替浆（单段，实际）,0.0,0.0,0.0,0.0,0.0,0.0,0.0,0.0,0.0,0.0,0.0,0.3291365446314578,0.0
6831.771124626321,113.86285207710534,替浆（单段，实际）,0.0,0.0,0.0,0.0,0.0,0.0,0.0,0.0,0.0,0.0,0.0,0.3277600218328359,0.0
6835.310687025557,113.92184478375928,替浆（单段，实际）,0.0,0.0,0.0,0.0,0.0,0.0,0.0,0.0,0.0,0.0,0.0,0.3263836674076574,0.0
6838.850249424793,113.98083749041322,替浆（单段，实际）,0.0,0.0,0.0,0.0,0.0,0.0,0.0,0.0,0.0,0.0,0.0,0.325007523660673,0.0
6842.3898118240295,114.03983019706716,替浆（单段，实际）,0.0,0.0,0.0,0.0,0.0,0.0,0.0,0.0,0.0,0.0,0.0,0.32363163656794597,0.0
6845.929374223266,114.0988229037211,替浆（单段，实际）,0.0,0.0,0.0,0.0,0.0,0.0,0.0,0.0,0.0,0.0,0.0,0.3222560559064277,0.0
6849.468936622502,114.15781561037504,替浆（单段，实际）,0.0,0.0,0.0,0.0,0.0,0.0,0.0,0.0,0.0,0.0,0.0,0.3208808353776044,0.0
6853.008499021738,114.21680831702898,替浆（单段，实际）,0.0,0.0,0.0,0.0,0.0,0.0,0.0,0.0,0.0,0.0,0.0,0.31950603272392325,0.0
6856.548061420975,114.27580102368292,替浆（单段，实际）,0.0,0.0,0.0,0.0,0.0,0.0,0.0,0.0,0.0,0.0,0.0,0.3181317098366656,0.0
6860.087623820211,114.33479373033684,替浆（单段，实际）,0.0,0.0,0.0,0.0,0.0,0.0,0.0,0.0,0.0,0.0,0.0,0.3167579328539002,0.0
6863.627186219447,114.39378643699078,替浆（单段，实际）,0.0,0.0,0.0,0.0,0.0,0.0,0.0,0.0,0.0,0.0,0.0,0.315384772247127,0.0
6867.166748618683,114.45277914364472,替浆（单段，实际）,0.0,0.0,0.0,0.0,0.0,0.0,0.0,0.0,0.0,0.0,0.0,0.31401230289522153,0.0
6870.70631101792,114.51177185029866,替浆（单段，实际）,0.0,0.0,0.0,0.0,0.0,0.0,0.0,0.0,0.0,0.0,0.0,0.3126406041442917,0.0
6874.245873417156,114.5707645569526,替浆（单段，实际）,0.0,0.0,0.0,0.0,0.0,0.0,0.0,0.0,0.0,0.0,0.0,0.3112697598520878,0.0
6877.785435816392,114.62975726360654,替浆（单段，实际）,0.0,0.0,0.0,0.0,0.0,0.0,0.0,0.0,0.0,0.0,0.0,0.3098998584156466,0.0
6881.3249982156285,114.68874997026047,替浆（单段，实际）,0.0,0.0,0.0,0.0,0.0,0.0,0.0,0.0,0.0,0.0,0.0,0.3085309927809035,0.0
6884.864560614865,114.74774267691441,替浆（单段，实际）,0.0,0.0,0.0,0.0,0.0,0.0,0.0,0.0,0.0,0.0,0.0,0.30716326043308806,0.0
6888.404123014101,114.80673538356835,替浆（单段，实际）,0.0,0.0,0.0,0.0,0.0,0.0,0.0,0.0,0.0,0.0,0.0,0.30579676336680106,0.0
6891.943685413337,114.86572809022229,替浆（单段，实际）,0.0,0.0,0.0,0.0,0.0,0.0,0.0,0.0,0.0,0.0,0.0,0.304431608034786,0.0
6895.483247812574,114.92472079687623,替浆（单段，实际）,0.0,0.0,0.0,0.0,0.0,0.0,0.0,0.0,0.0,0.0,0.0,0.30306790527452643,0.0
6899.02281021181,114.98371350353017,替浆（单段，实际）,0.0,0.0,0.0,0.0,0.0,0.0,0.0,0.0,0.0,0.0,0.0,0.3017057702119433,0.0
6902.562372611046,115.04270621018411,替浆（单段，实际）,0.0,0.0,0.0,0.0,0.0,0.0,0.0,0.0,0.0,0.0,0.0,0.3003453221416179,0.0
6906.101935010282,115.10169891683805,替浆（单段，实际）,0.0,0.0,0.0,0.0,0.0,0.0,0.0,0.0,0.0,0.0,0.0,0.29898668438313314,0.0
6909.641497409519,115.16069162349199,替浆（单段，实际）,0.0,0.0,0.0,0.0,0.0,0.0,0.0,0.0,0.0,0.0,0.0,0.29762998411330455,0.0
6913.181059808755,115.21968433014591,替浆（单段，实际）,0.0,0.0,0.0,0.0,0.0,0.0,0.0,0.0,0.0,0.0,0.0,0.29627535217426165,0.0
6916.720622207991,115.27867703679985,替浆（单段，实际）,0.0,0.0,0.0,0.0,0.0,0.0,0.0,0.0,0.0,0.0,0.0,0.29492292285753574,0.0
6920.2601846072275,115.33766974345379,替浆（单段，实际）,0.0,0.0,0.0,0.0,0.0,0.0,0.0,0.0,0.0,0.0,0.0,0.2935728336645142,0.0
6923.799747006464,115.39666245010773,替浆（单段，实际）,0.0,0.0,0.0,0.0,0.0,0.0,0.0,0.0,0.0,0.0,0.0,0.29222522504382736,0.0
6927.3393094057,115.45565515676167,替浆（单段，实际）,0.0,0.0,0.0,0.0,0.0,0.0,0.0,0.0,0.0,0.0,0.0,0.29088024010644536,0.0
6930.878871804936,115.5146478634156,替浆（单段，实际）,0.0,0.0,0.0,0.0,0.0,0.0,0.0,0.0,0.0,0.0,0.0,0.2895380243194679,0.0
6934.418434204173,115.57364057006954,替浆（单段，实际）,0.0,0.0,0.0,0.0,0.0,0.0,0.0,0.0,0.0,0.0,0.0,0.2881987251797971,0.0
6937.957996603409,115.63263327672348,替浆（单段，实际）,0.0,0.0,0.0,0.0,0.0,0.0,0.0,0.0,0.0,0.0,0.0,0.2868624918690825,0.0
6941.497559002645,115.69162598337742,替浆（单段，实际）,0.0,0.0,0.0,0.0,0.0,0.0,0.0,0.0,0.0,0.0,0.0,0.28552947489152164,0.0
6945.037121401881,115.75061869003136,替浆（单段，实际）,0.0,0.0,0.0,0.0,0.0,0.0,0.0,0.0,0.0,0.0,0.0,0.28419982569627766,0.0
6948.576683801118,115.8096113966853,替浆（单段，实际）,0.0,0.0,0.0,0.0,0.0,0.0,0.0,0.0,0.0,0.0,0.0,0.28287369628645037,0.0
6952.116246200354,115.86860410333924,替浆（单段，实际）,0.0,0.0,0.0,0.0,0.0,0.0,0.0,0.0,0.0,0.0,0.0,0.2815512388166867,0.0
6955.65580859959,115.92759680999318,替浆（单段，实际）,0.0,0.0,0.0,0.0,0.0,0.0,0.0,0.0,0.0,0.0,0.0,0.2802326051816584,0.0
6959.195370998827,115.98658951664711,替浆（单段，实际）,0.0,0.0,0.0,0.0,0.0,0.0,0.0,0.0,0.0,0.0,0.0,0.27891794659775326,0.0
6962.734933398063,116.04558222330105,替浆（单段，实际）,0.0,0.0,0.0,0.0,0.0,0.0,0.0,0.0,0.0,0.0,0.0,0.2776074131804262,0.0
6966.274495797299,116.10457492995498,替浆（单段，实际）,0.0,0.0,0.0,0.0,0.0,0.0,0.0,0.0,0.0,0.0,0.0,0.2763011535197324,0.0
6969.814058196535,116.16356763660892,替浆（单段，实际）,0.0,0.0,0.0,0.0,0.0,0.0,0.0,0.0,0.0,0.0,0.0,0.2749993142566246,0.0
6973.353620595772,116.22256034326286,替浆（单段，实际）,0.0,0.0,0.0,0.0,0.0,0.0,0.0,0.0,0.0,0.0,0.0,0.27370203966262313,0.0
6976.893182995008,116.2815530499168,替浆（单段，实际）,0.0,0.0,0.0,0.0,0.0,0.0,0.0,0.0,0.0,0.0,0.0,0.2724094712254775,0.0
6980.432745394244,116.34054575657073,替浆（单段，实际）,0.0,0.0,0.0,0.0,0.0,0.0,0.0,0.0,0.0,0.0,0.0,0.2711217472434232,0.0
6983.9723077934805,116.39953846322467,替浆（单段，实际）,0.0,0.0,0.0,0.0,0.0,0.0,0.0,0.0,0.0,0.0,0.0,0.26983900243058906,0.0
6987.511870192717,116.45853116987861,替浆（单段，实际）,0.0,0.0,0.0,0.0,0.0,0.0,0.0,0.0,0.0,0.0,0.0,0.2685613675360541,0.0
6991.051432591953,116.51752387653255,替浆（单段，实际）,0.0,0.0,0.0,0.0,0.0,0.0,0.0,0.0,0.0,0.0,0.0,0.2672889689789543,0.0
6994.590994991189,116.57651658318649,替浆（单段，实际）,0.0,0.0,0.0,0.0,0.0,0.0,0.0,0.0,0.0,0.0,0.0,0.26602192850193435,0.0
6998.130557390426,116.63550928984043,替浆（单段，实际）,0.0,0.0,0.0,0.0,0.0,0.0,0.0,0.0,0.0,0.0,0.0,0.26476036284509963,0.0
7001.670119789662,116.69450199649437,替浆（单段，实际）,0.0,0.0,0.0,0.0,0.0,0.0,0.0,0.0,0.0,0.0,0.0,0.26350438344247584,0.0
7005.209682188898,116.7534947031483,替浆（单段，实际）,0.0,0.0,0.0,0.0,0.0,0.0,0.0,0.0,0.0,0.0,0.0,0.26225409614280415,0.0
7008.749244588134,116.81248740980224,替浆（单段，实际）,0.0,0.0,0.0,0.0,0.0,0.0,0.0,0.0,0.0,0.0,0.0,0.2610096009563149,0.0
7012.288806987371,116.87148011645618,替浆（单段，实际）,0.0,0.0,0.0,0.0,0.0,0.0,0.0,0.0,0.0,0.0,0.0,0.2597709918289177,0.0
7015.828369386607,116.93047282311012,替浆（单段，实际）,0.0,0.0,0.0,0.0,0.0,0.0,0.0,0.0,0.0,0.0,0.0,0.2585383564450266,0.0
7019.367931785843,116.98946552976405,替浆（单段，实际）,0.0,0.0,0.0,0.0,0.0,0.0,0.0,0.0,0.0,0.0,0.0,0.25731177606001554,0.0
7022.9074941850795,117.04845823641799,替浆（单段，实际）,0.0,0.0,0.0,0.0,0.0,0.0,0.0,0.0,0.0,0.0,0.0,0.25609132536306195,0.0
7026.447056584316,117.10745094307192,替浆（单段，实际）,0.0,0.0,0.0,0.0,0.0,0.0,0.0,0.0,0.0,0.0,0.0,0.2548770723708983,0.0
7029.986618983552,117.16644364972586,替浆（单段，实际）,0.0,0.0,0.0,0.0,0.0,0.0,0.0,0.0,0.0,0.0,0.0,0.2536690783527485,0.0
7033.526181382788,117.2254363563798,替浆（单段，实际）,0.0,0.0,0.0,0.0,0.0,0.0,0.0,0.0,0.0,0.0,0.0,0.25246739778648336,0.0
7037.065743782025,117.28442906303374,替浆（单段，实际）,0.0,0.0,0.0,0.0,0.0,0.0,0.0,0.0,0.0,0.0,0.0,0.25127207834579035,0.0
7040.605306181261,117.34342176968768,替浆（单段，实际）,0.0,0.0,0.0,0.0,0.0,0.0,0.0,0.0,0.0,0.0,0.0,0.25008316091791694,0.0
7044.144868580497,117.40241447634162,替浆（单段，实际）,0.0,0.0,0.0,0.0,0.0,0.0,0.0,0.0,0.0,0.0,0.0,0.2489006796513203,0.0
7047.684430979733,117.46140718299556,替浆（单段，实际）,0.0,0.0,0.0,0.0,0.0,0.0,0.0,0.0,0.0,0.0,0.0,0.24772466203233784,0.0
7051.22399337897,117.5203998896495,替浆（单段，实际）,0.0,0.0,0.0,0.0,0.0,0.0,0.0,0.0,0.0,0.0,0.0,0.2465551289897861,0.0
7054.763555778206,117.57939259630344,替浆（单段，实际）,0.0,0.0,0.0,0.0,0.0,0.0,0.0,0.0,0.0,0.0,0.0,0.24539209502620524,0.0
7058.303118177442,117.63838530295737,替浆（单段，实际）,0.0,0.0,0.0,0.0,0.0,0.0,0.0,0.0,0.0,0.0,0.0,0.24423556837428595,0.0
7061.8426805766785,117.69737800961131,替浆（单段，实际）,0.0,0.0,0.0,0.0,0.0,0.0,0.0,0.0,0.0,0.0,0.0,0.24308555117685923,0.0
7065.382242975915,117.75637071626525,替浆（单段，实际）,0.0,0.0,0.0,0.0,0.0,0.0,0.0,0.0,0.0,0.0,0.0,0.24194203968868438,0.0
7068.921805375151,117.81536342291919,替浆（单段，实际）,0.0,0.0,0.0,0.0,0.0,0.0,0.0,0.0,0.0,0.0,0.0,0.24080502449814994,0.0
7072.461367774387,117.87435612957312,替浆（单段，实际）,0.0,0.0,0.0,0.0,0.0,0.0,0.0,0.0,0.0,0.0,0.0,0.23967449076689928,0.0
7076.000930173624,117.93334883622705,替浆（单段，实际）,0.0,0.0,0.0,0.0,0.0,0.0,0.0,0.0,0.0,0.0,0.0,0.23855041848531136,0.0
7079.54049257286,117.992341542881,替浆（单段，实际）,0.0,0.0,0.0,0.0,0.0,0.0,0.0,0.0,0.0,0.0,0.0,0.23743278274170598,0.0
7083.080054972096,118.05133424953493,替浆（单段，实际）,0.0,0.0,0.0,0.0,0.0,0.0,0.0,0.0,0.0,0.0,0.0,0.23632155400310303,0.0
7086.619617371332,118.11032695618887,替浆（单段，实际）,0.0,0.0,0.0,0.0,0.0,0.0,0.0,0.0,0.0,0.0,0.0,0.23521669840534865,0.0
7090.159179770569,118.16931966284281,替浆（单段，实际）,0.0,0.0,0.0,0.0,0.0,0.0,0.0,0.0,0.0,0.0,0.0,0.23411817805042143,0.0
7093.698742169805,118.22831236949675,替浆（单段，实际）,0.0,0.0,0.0,0.0,0.0,0.0,0.0,0.0,0.0,0.0,0.0,0.23302595130875375,0.0
7097.238304569041,118.28730507615069,替浆（单段，实际）,0.0,0.0,0.0,0.0,0.0,0.0,0.0,0.0,0.0,0.0,0.0,0.23193997312444548,0.0
7100.7778669682775,118.34629778280463,替浆（单段，实际）,0.0,0.0,0.0,0.0,0.0,0.0,0.0,0.0,0.0,0.0,0.0,0.2308601953213058,0.0
7104.317429367514,118.40529048945857,替浆（单段，实际）,0.0,0.0,0.0,0.0,0.0,0.0,0.0,0.0,0.0,0.0,0.0,0.22978656690773386,0.0
7107.85699176675,118.4642831961125,替浆（单段，实际）,0.0,0.0,0.0,0.0,0.0,0.0,0.0,0.0,0.0,0.0,0.0,0.2287190343785425,0.0
7111.396554165986,118.52327590276644,替浆（单段，实际）,0.0,0.0,0.0,0.0,0.0,0.0,0.0,0.0,0.0,0.0,0.0,0.2276575420119304,0.0
7114.936116565223,118.58226860942038,替浆（单段，实际）,0.0,0.0,0.0,0.0,0.0,0.0,0.0,0.0,0.0,0.0,0.0,0.22660203215993183,0.0
7118.475678964459,118.64126131607432,替浆（单段，实际）,0.0,0.0,0.0,0.0,0.0,0.0,0.0,0.0,0.0,0.0,0.0,0.225552445530794,0.0
7122.015241363695,118.70025402272826,替浆（单段，实际）,0.0,0.0,0.0,0.0,0.0,0.0,0.0,0.0,0.0,0.0,0.0,0.22450872146187517,0.0
7125.554803762931,118.75924672938218,替浆（单段，实际）,0.0,0.0,0.0,0.0,0.0,0.0,0.0,0.0,0.0,0.0,0.0,0.22347079818179735,0.0
7129.094366162168,118.81823943603612,替浆（单段，实际）,0.0,0.0,0.0,0.0,0.0,0.0,0.0,0.0,0.0,0.0,0.0,0.22243861306073837,0.0
7132.633928561404,118.87723214269006,替浆（单段，实际）,0.0,0.0,0.0,0.0,0.0,0.0,0.0,0.0,0.0,0.0,0.0,0.22141210284789978,0.0
7136.17349096064,118.936224849344,替浆（单段，实际）,0.0,0.0,0.0,0.0,0.0,0.0,0.0,0.0,0.0,0.0,0.0,0.22039120389534356,0.0
7139.7130533598765,118.99521755599794,替浆（单段，实际）,0.0,0.0,0.0,0.0,0.0,0.0,0.0,0.0,0.0,0.0,0.0,0.21937585236754298,0.0
7143.252615759113,119.05421026265188,替浆（单段，实际）,0.0,0.0,0.0,0.0,0.0,0.0,0.0,0.0,0.0,0.0,0.0,0.21836598443614808,0.0
7146.792178158349,119.11320296930582,替浆（单段，实际）,0.0,0.0,0.0,0.0,0.0,0.0,0.0,0.0,0.0,0.0,0.0,0.21736153645961476,0.0
7150.331740557585,119.17219567595976,替浆（单段，实际）,0.0,0.0,0.0,0.0,0.0,0.0,0.0,0.0,0.0,0.0,0.0,0.2163624451474925,0.0
7153.871302956822,119.2311883826137,替浆（单段，实际）,0.0,0.0,0.0,0.0,0.0,0.0,0.0,0.0,0.0,0.0,0.0,0.21536864770930478,0.0
7157.410865356058,119.29018108926763,替浆（单段，实际）,0.0,0.0,0.0,0.0,0.0,0.0,0.0,0.0,0.0,0.0,0.0,0.21438008198808894,0.0
7160.950427755294,119.34917379592157,替浆（单段，实际）,0.0,0.0,0.0,0.0,0.0,0.0,0.0,0.0,0.0,0.0,0.0,0.2133966865787861,0.0
7164.4899901545305,119.40816650257551,替浆（单段，实际）,0.0,0.0,0.0,0.0,0.0,0.0,0.0,0.0,0.0,0.0,0.0,0.21241840093178727,0.0
7168.029552553767,119.46715920922945,替浆（单段，实际）,0.0,0.0,0.0,0.0,0.0,0.0,0.0,0.0,0.0,0.0,0.0,0.21144516544204653,0.0
7171.569114953003,119.52615191588339,替浆（单段，实际）,0.0,0.0,0.0,0.0,0.0,0.0,0.0,0.0,0.0,0.0,0.0,0.2104769215242686,0.0
7175.108677352239,119.58514462253733,替浆（单段，实际）,0.0,0.0,0.0,0.0,0.0,0.0,0.0,0.0,0.0,0.0,0.0,0.20951361167476043,0.0
7178.648239751476,119.64413732919125,替浆（单段，实际）,0.0,0.0,0.0,0.0,0.0,0.0,0.0,0.0,0.0,0.0,0.0,0.20855517952061128,0.0
7182.187802150712,119.70313003584519,替浆（单段，实际）,0.0,0.0,0.0,0.0,0.0,0.0,0.0,0.0,0.0,0.0,0.0,0.20760156985692735,0.0
7185.727364549948,119.76212274249913,替浆（单段，实际）,0.0,0.0,0.0,0.0,0.0,0.0,0.0,0.0,0.0,0.0,0.0,0.2066527286728969,0.0
7189.266926949184,119.82111544915307,替浆（单段，实际）,0.0,0.0,0.0,0.0,0.0,0.0,0.0,0.0,0.0,0.0,0.0,0.20570860316750286,0.0
7192.806489348421,119.88010815580701,替浆（单段，实际）,0.0,0.0,0.0,0.0,0.0,0.0,0.0,0.0,0.0,0.0,0.0,0.2047691417557274,0.0
7196.346051747657,119.93910086246095,替浆（单段，实际）,0.00015735971684846046,0.00015735971684846046,0.0,0.0,0.0,0.0,0.0005799264988281731,0.0,0.0,0.0,0.00031463929505426327,0.20383429406611323,0.0
7199.885198605914,119.9980866434319,替浆（单段，实际）,0.0005924346145863705,0.0005924346145863705,0.0,0.0,0.0,0.0,0.001896204396834371,0.0,0.0,0.0,0.001068801550465236,0.20290401305452768,0.0
7203.243263836948,120.05405439728247,替浆（单段，实际）,0.0014389423298646299,0.0014389423298646299,0.0,0.0,0.0,0.0,0.0035876261096520435,0.0,0.0,0.0,0.0024268318330109705,0.20197836458667048,0.0
7206.262822786228,120.10438037977046,替浆（单段，实际）,0.002570460795497709,0.002570460795497709,0.0,0.0,0.0,0.0,0.004824975851009988,0.0,0.0,0.0,0.004062579702481319,0.20110431930216285,0.0
7208.891458871369,120.14819098118947,替浆（单段，实际）,0.0038591048341491277,0.0038591048341491277,0.0,0.0,0.0,0.0,0.005139436546798506,0.0,0.0,0.0,0.0058103748500419545,0.20032209292762718,0.0
7211.212512809223,120.18687521348706,替浆（单段，实际）,0.004799239125936857,0.004799239125936857,9.27895983935743,0.0,0.0,0.004016064257026374,0.00651976795364796,0.003716017056653852,0.000742927304080987,0.0,0.006728290291140149,0.19964396800081535,0.0
7213.263863233313,120.22106438722189,替浆（单段，实际）,0.005630923567334103,0.005630923567334103,9.27895983935743,0.0,9.27895983935743,0.004016064257026374,0.00752176402112636,0.003722562777158003,0.0007442354747265734,0.0,0.007541274393344059,0.19904717928944668,0.0
7215.186345072235,120.25310575120392,替浆（单段，实际）,0.006410676266979642,0.006410676266979642,9.27895983935743,9.27895983935743,9.27895983935743,0.0,0.008347352649432292,0.0,0.0,0.0,0.008304060138002261,0.1985213878103477,0.0
7217.035595443905,120.28392659073174,替浆（单段，实际）,0.007160837193568778,0.007160837193568778,9.27895983935743,9.27895983935743,9.27895983935743,0.0,0.009068424929638247,0.0,0.0,0.0,0.00903830552723394,0.198030017406998,0.0
7218.845475737407,120.3140912622901,替浆（单段，实际）,0.00789503784187992,0.00789503784187992,18.55791967871486,9.27895983935743,9.27895983935743,0.004016064257026374,0.009720989734728685,0.0037377461091645213,0.0007472698765258468,0.0,0.009757245025961337,0.19755859148309696,0.0
7220.640585035122,120.34400975058537,替浆（单段，实际）,0.008623209836366361,0.008623209836366361,18.55791967871486,9.27895983935743,9.27895983935743,0.004016064257026374,0.010326224602511373,0.0037423507871409416,0.0007481901235099064,0.0,0.010470543757982842,0.19709834229103818,0.0
7222.4406199429095,120.37401033238183,替浆（单段，实际）,0.009353325984609568,0.009353325984609568,18.55791967871486,9.27895983935743,18.55791967871486,0.004016064257026374,0.010897839280076187,0.003746889913131676,0.0007490972690704645,0.0,0.011185980253816633,0.19664294830699744,0.0
7224.261350224186,120.40435583706976,替浆（单段，实际）,0.010091773933971523,0.010091773933971523,18.55791967871486,9.27895983935743,18.55791967871486,0.004016064257026374,0.011445059063842437,0.0037514205961474323,0.0007500027264789599,0.0,0.011909800475906734,0.1961873933701258,0.0
7226.117722664795,120.43529537774658,替浆（单段，实际）,0.010844611886928968,0.010844611886928968,27.83687951807229,9.27895983935743,18.55791967871486,0.008032128514052748,0.011974745504285237,0.0075119720527301835,0.0015012663810494153,0.0,0.012647940432313107,0.19572771001289388,0.0
7228.02368148994,120.46706135816567,替浆（单段，实际）,0.011617501280718194,0.011617501280718194,27.83687951807229,18.55791967871486,18.55791967871486,0.004016064257026374,0.012492038911302988,0.003760624609985076,0.0007518421469463465,0.0,0.013405955981315196,0.19526015643998113,0.0
7229.992413960899,120.49987356601498,替浆（单段，实际）,0.012415797689328338,0.012415797689328338,27.83687951807229,18.55791967871486,18.55791967871486,0.004016064257026374,0.013000858016057928,0.0037653702135914064,0.0007527905536286461,0.0,0.014189110783805234,0.19478128393905403,0.0
7232.036230429407,120.53393717382345,替浆（单段，实际）,0.013244492355397042,0.013244492355397042,27.83687951807229,18.55791967871486,27.83687951807229,0.004016064257026374,0.013504170501857536,0.0037702537561782675,0.0007537665264124582,0.0,0.01500231724300931,0.19428787351857468,0.0
7234.165985391274,120.56943308985457,替浆（单段，实际）,0.014107978843398764,0.014107978843398764,37.11583935742972,18.55791967871486,27.83687951807229,0.008032128514052748,0.014004098195011399,0.007550606808452911,0.0015089817021739504,0.0,0.015849908185812746,0.19377696078492399,0.0
7236.353330033418,120.6058888338903,替浆（单段，实际）,0.014994777422761297,0.014994777422761297,37.11583935742972,18.55791967871486,27.83687951807229,0.008032128514052748,0.014496056010125777,0.0075610690247155405,0.0015110709857820703,0.0,0.016720636838299833,0.19324599509042592,0.0
7238.562949246154,120.64271582076923,替浆（单段，实际）,0.015890580501806573,0.015890580501806573,37.11583935742972,18.55791967871486,27.83687951807229,0.008032128514052748,0.0149752893318968,0.007571750870318245,0.0015132041244185768,0.0,0.017600467066186398,0.19270218788616847,0.0
7240.80710956031,120.68011849267184,替浆（单段，实际）,0.016800356817325394,0.016800356817325394,37.11583935742972,27.83687951807229,27.83687951807229,0.004016064257026374,0.01544480470515715,0.003791257161402847,0.0007579640323083225,0.0,0.018494283752431374,0.19215439896318734,0.0
7243.097377078197,120.71828961796994,替浆（单段，实际）,0.017728794945064387,0.017728794945064387,46.39479919678715,27.83687951807229,37.11583935742972,0.008032128514052746,0.015907045115939735,0.007593432056307955,0.0015175337906173647,0.0,0.01940670539730491,0.19159963344388065,0.0
7245.374218968082,120.75623698280135,替浆（单段，实际）,0.01865178989018412,0.01865178989018412,46.39479919678715,27.83687951807229,37.11583935742972,0.008032128514052746,0.016354448374224628,0.007604529677484292,0.0015197499441901297,0.0,0.020314051880661946,0.19103510936105225,0.0
7247.624286814445,120.7937381135741,替浆（单段，实际）,0.019563940508828835,0.019563940508828835,46.39479919678715,27.83687951807229,37.11583935742972,0.008032128514052746,0.016786406934958326,0.007615539257615152,0.001521948511434057,0.0,0.021211005082345396,0.19047555889390777,0.0
7249.864733506267,120.83107889177111,替浆（单段，实际）,0.020472187865274435,0.020472187865274435,46.39479919678715,27.83687951807229,37.11583935742972,0.008032128514052746,0.01720634410567445,0.007626425512715539,0.001524122446423526,0.0,0.0221043816600289,0.18992420460941067,0.0
7252.109012064676,120.86848353441127,替浆（单段，实际）,0.02138197598074398,0.02138197598074398,55.67375903614458,37.11583935742972,46.39479919678715,0.008032128514052748,0.01761686254665105,0.007637272979022168,0.001526288630761763,0.0,0.022999533305614217,0.18937678643906317,0.0
7254.369876977563,120.90616461629271,替浆（单段，实际）,0.022298468758664886,0.022298468758664886,55.67375903614458,37.11583935742972,46.39479919678715,0.008032128514052748,0.01802020843877833,0.007648143389995853,0.0015284593923198253,0.0,0.023901542395137705,0.18882999784185955,0.0
7256.659095482604,120.94431825804341,替浆（单段，实际）,0.02322643805138933,0.02322643805138933,55.67375903614458,37.11583935742972,46.39479919678715,0.008032128514052748,0.018418259180238157,0.007659095576556153,0.0015306464792420593,0.0,0.024815110641999753,0.1882807446022788,0.0
7258.986568050274,120.98310946750458,替浆（单段，实际）,0.02416989125825518,0.02416989125825518,64.95271887550201,37.11583935742972,46.39479919678715,0.012048192771079123,0.018812470632506947,0.011505275737488099,0.002298409749559527,0.0,0.025744190289376634,0.1877262038648313,0.0
7261.299700095579,121.02166166825965,替浆（单段，实际）,0.02510752996195984,0.02510752996195984,64.95271887550201,37.11583935742972,46.39479919678715,0.012048192771079123,0.019197018256672808,0.011522148856358818,0.0023017766113846427,0.0,0.026667808537557916,0.18716403267660892,0.0
7263.597990473101,121.05996650788502,替浆（单段，实际）,0.026039148979183215,0.026039148979183215,64.95271887550201,46.39479919678715,55.67375903614458,0.008032128514052751,0.01957240856080992,0.007692612218534161,0.001537339524778858,0.0,0.027585746951593826,0.18660696610724434,0.0
7265.894745370749,121.09824575617914,替浆（单段，实际）,0.026970136160705555,0.026970136160705555,64.95271887550201,46.39479919678715,55.67375903614458,0.008032128514052751,0.019940633153777355,0.007703731051887582,0.0015395598702963031,0.0,0.028503296332335174,0.18605508583357055,0.0
7268.201392715735,121.13668987859559,替浆（单段，实际）,0.027905124415935564,0.027905124415935564,74.23167871485944,46.39479919678715,55.67375903614458,0.012048192771079123,0.02030332043438856,0.011572275818300407,0.0023117788774207337,0.0,0.029425005972997485,0.18550517010365522,0.0
7270.529042848132,121.17548404746887,替浆（单段，实际）,0.028848609840655022,0.028848609840655022,74.23167871485944,46.39479919678715,55.67375903614458,0.012048192771079123,0.02066194246013625,0.011589034865416934,0.002315122932597502,0.0,0.030355290357721738,0.1849544759077091,0.0
7272.8868962170845,121.21478160361808,替浆（单段，实际）,0.029804313556144175,0.029804313556144175,74.23167871485944,46.39479919678715,64.95271887550201,0.012048192771079123,0.021017644504032887,0.011605949403246623,0.0023184980026078605,0.0,0.03129779744168923,0.18440036891160774,0.0
7275.244019879575,121.25406699799291,替浆（单段，实际）,0.030759708910385247,0.030759708910385247,74.23167871485944,55.67375903614458,64.95271887550201,0.008032128514052748,0.021367412138377877,0.007748709444858967,0.0015485416591061174,0.0,0.03224014568731478,0.18384070172410422,0.0
7277.588903876661,121.29314839794435,替浆（单段，实际）,0.031710140137674744,0.031710140137674744,83.51063855421687,55.67375903614458,64.95271887550201,0.01204819277107912,0.021710376674842644,0.011640171217831096,0.0023253264735146884,0.0,0.03317770332149094,0.18328284942933443,0.0
7279.933071009763,121.33221785016272,替浆（单段，实际）,0.03266027583038666,0.03266027583038666,83.51063855421687,55.67375903614458,64.95271887550201,0.01204819277107912,0.022047997686541226,0.011657200223327186,0.0023287243492281506,0.0,0.03411503195672438,0.1827295172172192,0.0
7282.286824459534,121.37144707432556,替浆（单段，实际）,0.03361428668154244,0.03361428668154244,83.51063855421687,55.67375903614458,74.23167871485944,0.01204819277107912,0.02238152956953145,0.011674228931790508,0.0023321221541011683,0.0,0.035056199540194254,0.18217795730303488,0.0
7284.660152703522,121.4110025450587,替浆（单段，实际）,0.03457621164448729,0.03457621164448729,92.7895983935743,55.67375903614458,74.23167871485944,0.016064257028105492,0.02271211683224228,0.015588435687725312,0.0031128321977063056,0.0,0.036005139032741405,0.18162574364039716,0.0
7287.060770555513,121.45101284259188,替浆（单段，实际）,0.03554917165321382,0.03554917165321382,92.7895983935743,64.95271887550201,74.23167871485944,0.012048192771079118,0.023040604911210218,0.011708560395584652,0.0023389724103086706,0.0,0.03696487151470776,0.18107055096042327,0.0
7289.451049768598,121.49085082947663,替浆（单段，实际）,0.0365179372681228,0.0365179372681228,92.7895983935743,64.95271887550201,74.23167871485944,0.012048192771079118,0.023363641615359438,0.011725961382964454,0.0023424444616569895,0.0,0.03792031246621734,0.18051061190109263,0.0
7291.835154040151,121.53058590066918,替浆（单段，实际）,0.0374841980298069,0.0374841980298069,92.7895983935743,64.95271887550201,83.51063855421687,0.012048192771079118,0.023681846823349492,0.01174328486267633,0.002345901035753495,0.0,0.038873066041527043,0.17995472220686137,0.0
7294.2220650944155,121.57036775157358,替浆（单段，实际）,0.0384515895792647,0.0384515895792647,102.06855823293174,64.95271887550201,83.51063855421687,0.016064257028105496,0.02399624312315355,0.015680741596414676,0.0031312357430071103,0.0,0.03982665256363554,0.1794018864969763,0.0
7296.621480785908,121.61035801309846,替浆（单段，实际）,0.03942403481847874,0.03942403481847874,102.06855823293174,64.95271887550201,83.51063855421687,0.016064257028105496,0.0243078647311316,0.015703779866807537,0.00313582895885256,0.0,0.040784869429435655,0.17885000603483475,0.0
7299.041842520315,121.65069737533858,替浆（单段，实际）,0.040404949983603354,0.040404949983603354,102.06855823293174,74.23167871485944,83.51063855421687,0.012048192771079123,0.02461757577282988,0.011795184871987855,0.0023562566334131008,0.0,0.04175100729323878,0.17829684378456603,0.0
7301.4712946412,121.69118824402,替浆（单段，实际）,0.041389536407666905,0.041389536407666905,111.34751807228916,74.23167871485944,83.51063855421687,0.016064257028105496,0.024924469370506085,0.01575020483593801,0.003145084793555908,0.0,0.04272026130329302,0.17774047397746184,0.0
7303.891350126054,121.7315225021009,替浆（单段，实际）,0.04237031361248802,0.04237031361248802,111.34751807228916,74.23167871485944,92.7895983935743,0.016064257028105496,0.02522713034861824,0.015773539492326155,0.0031497370360831223,0.0,0.04368519630308634,0.17718364834728767,0.0
7306.311282816517,121.77185471360862,替浆（单段，实际）,0.043351037573991884,0.043351037573991884,111.34751807228916,74.23167871485944,92.7895983935743,0.016064257028105496,0.02552652067383681,0.015796757146723482,0.0031543659303141514,0.0,0.04464944312574399,0.1766305999371391,0.0
7308.739616989921,121.81232694983201,替浆（单段，实际）,0.04433515732740296,0.04433515732740296,111.34751807228916,74.23167871485944,92.7895983935743,0.016064257028105496,0.025823500249885643,0.01581993704066023,0.003158987274815672,0.0,0.045616323725366364,0.17607918818919863,0.0
7311.18474969376,121.85307916156266,替浆（单段，实际）,0.045326070419119895,0.045326070419119895,120.62647791164659,83.51063855421687,92.7895983935743,0.016064257028105496,0.02611888596549261,0.015843155042083,0.003163616195278607,0.0,0.04658910138076854,0.17552746781852593,0.0
7313.647512147024,121.8941252024504,替浆（单段，实际）,0.04632411302449269,0.04632411302449269,120.62647791164659,83.51063855421687,102.06855823293174,0.016064257028105496,0.026412846969670643,0.015866482862808666,0.0031682669885201298,0.0,0.047568026993775075,0.17497354407148116,0.0
7316.099951496092,121.93499919160153,替浆（单段，实际）,0.047317975466936155,0.047317975466936155,120.62647791164659,83.51063855421687,102.06855823293174,0.016064257028105496,0.026703264052319802,0.015889912635764256,0.0031729380858117606,0.0,0.04854193908466832,0.1744172521372135,0.0
7318.551183088406,121.97585305147344,替浆（单段，实际）,0.04831134938903949,0.04831134938903949,129.90543775100403,83.51063855421687,102.06855823293174,0.020080321285131875,0.02699101270363977,0.019891510629558223,0.003970399165603933,0.0,0.04951440615439963,0.1738649148120571,0.0
7321.008819312323,122.01681365520538,替浆（单段，实际）,0.04930731383563894,0.04930731383563894,129.90543775100403,83.51063855421687,102.06855823293174,0.020080321285131875,0.02727682724704736,0.019920561554683004,0.00397618626506302,0.0,0.05048838820106391,0.17331445761876527,0.0
7323.480841684116,122.0580140280686,替浆（单段，实际）,0.05030909940564785,0.05030909940564785,129.90543775100403,92.7895983935743,111.34751807228916,0.016064257028105502,0.027561440607448424,0.01595970654636009,0.003186852480465241,0.0,0.05146698459381405,0.1727641633953252,0.0
7325.970979496157,122.09951632493595,替浆（单段，实际）,0.05131821756364171,0.05131821756364171,129.90543775100403,92.7895983935743,111.34751807228916,0.016064257028105502,0.02784522639439085,0.01598305329525684,0.0031915069388490647,0.0,0.0524516069963071,0.17221225228905354,0.0
7328.451501097625,122.14085835162707,替浆（单段，实际）,0.052323447555564666,0.052323447555564666,139.18439759036144,92.7895983935743,111.34751807228916,0.020080321285131868,0.028126167566865007,0.020008139438483518,0.0039936320438405115,0.0,0.05343125549757474,0.1716579145691729,0.0
7330.9309847374125,122.18218307895687,替浆（单段，实际）,0.053328261618962904,0.053328261618962904,139.18439759036144,92.7895983935743,111.34751807228916,0.020080321285131868,0.028405036349623613,0.020037317664298494,0.003999444366624583,0.0,0.05440928835937184,0.1711073353979969,0.0
7333.416400740623,122.22360667901039,替浆（单段，实际）,0.05433548163990018,0.05433548163990018,139.18439759036144,102.06855823293174,120.62647791164659,0.01606425702810549,0.028682460008842336,0.01605315854749513,0.0032054831430361475,0.0,0.055388420668097765,0.1705585852262214,0.0
7335.915250848567,122.26525418080945,替浆（单段，实际）,0.05534814487601189,0.05534814487601189,139.18439759036144,102.06855823293174,120.62647791164659,0.01606425702810549,0.02895907989373121,0.016076494462105698,0.003210135354525745,0.0,0.05637156845987888,0.17001011449923542,0.0
7338.427958666886,122.3071326444481,替浆（单段，实际）,0.056366423507612826,0.056366423507612826,148.46335742971888,102.06855823293174,120.62647791164659,0.020080321285131868,0.02923499464957306,0.020124916082917832,0.004016893828493129,0.0,0.05735886048144705,0.1694602772587335,0.0
7340.932915539328,122.34888192565546,替浆（单段，实际）,0.057381573235211016,0.057381573235211016,148.46335742971888,102.06855823293174,120.62647791164659,0.020080321285131868,0.029508688214871393,0.020154344519365628,0.0040227558563507015,0.0,0.05834179684493688,0.1689089993342026,0.0
7343.4378433461925,122.39063072243654,替浆（单段，实际）,0.0583967210547186,0.0583967210547186,148.46335742971888,102.06855823293174,129.90543775100403,0.020080321285131868,0.029780804716746944,0.020183689969213964,0.0040286013192505354,0.0,0.059323407524817615,0.1683610237380836,0.0
7345.949331861566,122.43248886435943,替浆（单段，实际）,0.05941453160891946,0.05941453160891946,148.46335742971888,111.34751807228916,129.90543775100403,0.016064257028105496,0.03005188914722197,0.016170434418172085,0.0032288628578175382,0.0,0.060306267474251295,0.16781464156356607,0.0
7348.474357799939,122.47457262999897,替浆（单段，实际）,0.060437826997183156,0.060437826997183156,157.74231726907632,111.34751807228916,129.90543775100403,0.020080321285131875,0.030322494026401796,0.020242488999355067,0.004040313680841012,0.0,0.061293097171254786,0.16726841168866355,0.0
7351.005765629257,122.51676276048762,替浆（单段，实际）,0.06146371047207568,0.06146371047207568,157.74231726907632,111.34751807228916,129.90543775100403,0.020080321285131875,0.030592139632231483,0.02027210967186256,0.004046213862504033,0.0,0.06228110333514385,0.16672082749078818,0.0
7353.532073754057,122.55886789590095,替浆（单段，实际）,0.06248753583775893,0.06248753583775893,157.74231726907632,111.34751807228916,139.18439759036144,0.020080321285131875,0.030860046354568155,0.020301836716306483,0.004052135197394557,0.0,0.06326583215610702,0.16617345206897427,0.0
7356.059886705048,122.6009981117508,替浆（单段，实际）,0.06351197412511997,0.06351197412511997,167.02127710843374,120.62647791164659,139.18439759036144,0.020080321285131868,0.03112672030615714,0.020331563022167053,0.004058056349963257,0.0,0.0642498900422715,0.16562876329417378,0.0
7358.5956459781455,122.64326076630242,替浆（单段，实际）,0.06453963060549232,0.06453963060549232,167.02127710843374,120.62647791164659,139.18439759036144,0.020080321285131868,0.03139263715577377,0.020361367260840316,0.00406399299054816,0.0,0.06523581607235458,0.1650853218553064,0.0
7361.145771750469,122.68576286250781,替浆（单段，实际）,0.06557310188963879,0.06557310188963879,167.02127710843374,120.62647791164659,139.18439759036144,0.020080321285131868,0.031658251539010425,0.020391332831486232,0.0040699617308178615,0.0,0.06622613830386857,0.16454174344904582,0.0
7363.693671386626,122.72822785644377,替浆（单段，实际）,0.06660567239693012,0.06660567239693012,167.02127710843374,120.62647791164659,148.46335742971888,0.020080321285131868,0.03192240272876862,0.02042153003049891,0.004075976572168294,0.0,0.06721446971414133,0.16399666494043139,0.0
7366.239557917553,122.77065929862587,替浆（单段，实际）,0.06763742872517983,0.06763742872517983,176.30023694779118,120.62647791164659,148.46335742971888,0.024096385542158247,0.03218510793387746,0.024542159723710582,0.00489640527806845,0.0,0.06820096460006225,0.16345363714233652,0.0
7368.788749959672,122.81314583266119,替浆（单段，实际）,0.0686705229330316,0.0686705229330316,176.30023694779118,129.90543775100403,148.46335742971888,0.020080321285131868,0.032446725760716826,0.020482146949962622,0.004088050468244009,0.0,0.06918775846631348,0.16291260045492723,0.0
7371.347721433688,122.85579535722813,替浆（单段，实际）,0.06970757327925983,0.06970757327925983,176.30023694779118,129.90543775100403,148.46335742971888,0.020080321285131868,0.03270768275436515,0.020512637791393156,0.00409412368839257,0.0,0.07017743242097949,0.1623724171798186,0.0
7373.91884822978,122.89864747049634,替浆（单段，实际）,0.07074953659939238,0.07074953659939238,176.30023694779118,129.90543775100403,157.74231726907632,0.020080321285131868,0.03296810797707392,0.020543350968008092,0.0041002411562180985,0.0,0.07117098365193389,0.16183172377278773,0.0
7376.483819153932,122.94139698589886,替浆（单段，实际）,0.07178900448049956,0.07178900448049956,185.5791967871486,129.90543775100403,157.74231726907632,0.024096385542158236,0.03322672090016092,0.024689174594077608,0.004925663853117768,0.0,0.07216144527100571,0.16129002162581949,0.0
7379.049276114522,122.98415460190871,替浆（单段，实际）,0.07282866506913539,0.07282866506913539,185.5791967871486,139.18439759036144,157.74231726907632,0.020080321285131868,0.03348394099293835,0.020605342466386706,0.004112588543331741,0.0,0.07315149175931318,0.16075117133972086,0.0
7381.620516673062,123.02700861121771,替浆（单段，实际）,0.07387065914688186,0.07387065914688186,185.5791967871486,139.18439759036144,157.74231726907632,0.020080321285131868,0.03374008714866272,0.02063650347721426,0.004118795095673811,0.0,0.07414327606569382,0.16021376321015704,0.0
7384.203525218167,123.07005875363612,替浆（单段，实际）,0.0749174023683392,0.0749174023683392,185.5791967871486,139.18439759036144,167.02127710843374,0.020080321285131868,0.033995507600796,0.020667861766366476,0.004125040902244859,0.0,0.07513921512191497,0.15967668888965378,0.0
7386.786896860058,123.11311494766763,替浆（单段，实际）,0.0759642785804743,0.0759642785804743,194.85815662650603,139.18439759036144,167.02127710843374,0.024096385542158247,0.03424939072373279,0.024839376355571367,0.00495555578775464,0.0,0.07613504040205607,0.15913869906564174,0.0
7389.367987908141,123.15613313180235,替浆（单段，实际）,0.07701021823862059,0.07701021823862059,194.85815662650603,139.18439759036144,167.02127710843374,0.024096385542158247,0.034501516180892186,0.02487749605869126,0.004963141918597369,0.0,0.07712986467135088,0.1586021744381855,0.0
7391.951797498323,123.19919662497205,替浆（单段，实际）,0.07805724125020747,0.07805724125020747,194.85815662650603,148.46335742971888,167.02127710843374,0.020080321285131868,0.03475216538981268,0.020763125682087977,0.004144014911125038,0.0,0.07812574083268584,0.1580676565425858,0.0
7394.544011670392,123.24240019450653,替浆（单段，实际）,0.07910764469499737,0.07910764469499737,204.13711646586347,148.46335742971888,176.30023694779118,0.024096385542158247,0.035001652406625575,0.024954202600139197,0.004978406968703553,0.0,0.07912498620082266,0.15753410251335342,0.0
7397.1373137640285,123.28562189606714,替浆（单段，实际）,0.08015846616619454,0.08015846616619454,204.13711646586347,148.46335742971888,176.30023694779118,0.024096385542158247,0.035249448401593296,0.02499292328581448,0.004986112522535779,0.0,0.08012491612836684,0.1570003381326092,0.0
7399.725881601781,123.32876469336301,替浆（单段，实际）,0.08120735029975755,0.08120735029975755,204.13711646586347,148.46335742971888,176.30023694779118,0.024096385542158247,0.03549513684432599,0.02503182284694696,0.004993853613131982,0.0,0.08112341928265453,0.15646787241242358,0.0
7402.315336898517,123.37192228164194,替浆（单段，实际）,0.0822565740883663,0.0822565740883663,204.13711646586347,157.74231726907632,176.30023694779118,0.020080321285131868,0.03573903537564516,0.02089234902009893,0.0041697521454526765,0.0,0.08212278805018225,0.15593788874084513,0.0
7404.910483163025,123.41517471938374,替浆（单段，实际）,0.08330807826896718,0.08330807826896718,213.41607630522088,157.74231726907632,176.30023694779118,0.024096385542158236,0.03598140328558419,0.025109972828640408,0.005009405434019287,0.0,0.08312499447311955,0.15540922724182257,0.0
7407.516664897956,123.4586110816326,替浆（单段，实际）,0.08436402235651204,0.08436402235651204,213.41607630522088,157.74231726907632,185.5791967871486,0.024096385542158236,0.03622253318178143,0.025149353122165378,0.005017242007492206,0.0,0.08413221968058134,0.15488090549165826,0.0
7410.119380880388,123.50198968133981,替浆（单段，实际）,0.08541854119437857,0.08541854119437857,213.41607630522088,157.74231726907632,185.5791967871486,0.024096385542158236,0.03646149063243351,0.025189021942433505,0.005025135934617286,0.0,0.08513898589889782,0.15435183620722406,0.0
7412.7211347448465,123.54535224574744,替浆（单段，实际）,0.08647264954112967,0.08647264954112967,222.69503614457832,157.74231726907632,185.5791967871486,0.028112449799184612,0.03669841419513854,0.02943360081113568,0.005869427374333491,0.0,0.08614636260469465,0.15382496721625638,0.0
7415.3258631317085,123.58876438552848,替浆（单段，实际）,0.08752794063482741,0.08752794063482741,222.69503614457832,167.02127710843374,185.5791967871486,0.024096385542158247,0.03693352556531118,0.02526869656282189,0.005040990657213085,0.0,0.08715596754588271,0.15329978366499963,0.0
7417.938824608299,123.63231374347166,替浆（单段，实际）,0.08858654134780085,0.08858654134780085,222.69503614457832,167.02127710843374,194.85815662650603,0.024096385542158247,0.03716712993071931,0.025308761484860977,0.005048963216299329,0.0,0.08816992767091165,0.15277548386346831,0.0
7420.558596652693,123.67597661087822,替浆（单段，实际）,0.08964788009981925,0.08964788009981925,222.69503614457832,167.02127710843374,194.85815662650603,0.024096385542158247,0.03739912649062874,0.02534906372114505,0.0050569829343332096,0.0,0.08918778328069439,0.15225100480491346,0.0
7423.174489417691,123.71957482362818,替浆（单段，实际）,0.09070763383547825,0.09070763383547825,231.97399598393577,167.02127710843374,194.85815662650603,0.028112449799184626,0.03762888995412787,0.029621180018089773,0.005906722319637847,0.0,0.09020546136047779,0.15172663965712277,0.0
7425.7913442996,123.76318907166,替浆（单段，实际）,0.09176776166043833,0.09176776166043833,231.97399598393577,176.30023694779118,194.85815662650603,0.024096385542158247,0.037856720341464645,0.025430176981835157,0.005073123417875136,0.0,0.09122489778344768,0.15120453526264313,0.0
7428.413400674079,123.80689001123464,替浆（单段，实际）,0.09282998340246046,0.09282998340246046,231.97399598393577,176.30023694779118,204.13711646586347,0.024096385542158247,0.03808287843633113,0.025470888355682026,0.005081224352899594,0.0,0.0922477979530061,0.15068370393743882,0.0
7431.045428181474,123.8507571363579,替浆（单段，实际）,0.09389622841672647,0.09389622841672647,241.25295582329318,176.30023694779118,204.13711646586347,0.028112449799184612,0.038307652141954494,0.029763740496945443,0.005935065598311473,0.0,0.09327606990369343,0.1501633018230737,0.0
7433.683023099574,123.89471705165957,替浆（单段，实际）,0.0949647161933304,0.0949647161933304,241.25295582329318,176.30023694779118,204.13711646586347,0.028112449799184612,0.03853081125065359,0.029811724909257188,0.005944605476870257,0.0,0.09430804056868611,0.14964238546531866,0.0
7436.3189992097905,123.93864998682984,替浆（单段，实际）,0.09603253774665413,0.09603253774665413,241.25295582329318,176.30023694779118,204.13711646586347,0.028112449799184612,0.03875199518479906,0.02985992287429978,0.005954187720116799,0.0,0.09534092656644154,0.1491218430929219,0.0
7438.957184619982,123.98261974366638,替浆（单段，实际）,0.09710124998919334,0.09710124998919334,250.53191566265062,185.5791967871486,213.41607630522088,0.028112449799184626,0.03897145298179273,0.02990821339467914,0.005963788271666326,0.0,0.09637624402296308,0.148603078907476,0.0
7441.602051459349,124.02670085765583,替浆（单段，实际）,0.09817266353182298,0.09817266353182298,250.53191566265062,185.5791967871486,213.41607630522088,0.028112449799184626,0.039189465060931655,0.029956638103250575,0.005973415407819593,0.0,0.09741575671243825,0.14808533561594303,0.0
7444.25797991679,124.0709663319465,替浆（单段，实际）,0.09924854925535878,0.09924854925535878,250.53191566265062,185.5791967871486,213.41607630522088,0.028112449799184626,0.039406302305362774,0.030005270807483785,0.005983083800977229,0.0,0.09846119302465704,0.1475677386419019,0.0
7446.911736108991,124.11519560181652,替浆（单段，实际）,0.10032355242601357,0.10032355242601357,250.53191566265062,185.5791967871486,213.41607630522088,0.028112449799184626,0.03962131003681993,0.030054175325895757,0.005992806137146589,0.0,0.09950734974117541,0.14704943708501597,0.0
7449.56555390982,124.15942589849699,替浆（单段，实际）,0.10139857984122448,0.10139857984122448,259.81087550200806,194.85815662650603,222.69503614457832,0.028112449799184626,0.03983465972378593,0.030103153724351135,0.006002543065538268,0.0,0.10055508746253916,0.14653301337513508,0.0
7452.222839683151,124.20371399471918,替浆（单段，实际）,0.10247500831811554,0.10247500831811554,259.81087550200806,194.85815662650603,222.69503614457832,0.028112449799184626,0.040046581375850966,0.03015221085897896,0.00601229555110816,0.0,0.10160572529900444,0.14601802414653534,0.0
7454.88804690349,124.24813411505816,替浆（单段，实际）,0.10355463538117282,0.10355463538117282,259.81087550200806,194.85815662650603,222.69503614457832,0.028112449799184626,0.04025735442302067,0.03020140183371124,0.006022074547815004,0.0,0.10266099629593982,0.14550380942937133,0.0
7457.556562870794,124.2926093811799,替浆（单段，实际）,0.1046355943192239,0.1046355943192239,269.0898353413655,194.85815662650603,231.97399598393577,0.03212851405621099,0.04046679489723093,0.034572337705682465,0.006890617611960859,0.0,0.10371905164665653,0.1449895042298645,0.0
7460.222572183714,124.33704286972856,替浆（单段，实际）,0.10571553235110077,0.10571553235110077,269.0898353413655,204.13711646586347,231.97399598393577,0.028112449799184612,0.04067466457038745,0.030300321644345093,0.006041739174924232,0.0,0.10477755141124599,0.1444760029295005,0.0
7462.89011260251,124.3815018767085,替浆（单段，实际）,0.10679608200724887,0.10679608200724887,269.0898353413655,204.13711646586347,231.97399598393577,0.028112449799184612,0.04088122016636343,0.03034987881406542,0.0060515906777481865,0.0,0.1058380509484035,0.14396441881134978,0.0
7465.56273179396,124.42604552989933,替浆（单段，实际）,0.10787867333638436,0.10787867333638436,278.3687951807229,204.13711646586347,231.97399598393577,0.03212851405621098,0.041086686502679944,0.034742303502028664,0.006924375963588303,0.0,0.10690191259030354,0.14345397471079346,0.0
7468.244512684822,124.47074187808037,替浆（单段，实际）,0.10896495826960793,0.10896495826960793,278.3687951807229,204.13711646586347,241.25295582329318,0.03212851405621098,0.04129130448487988,0.03479919312213933,0.006935675038306721,0.0,0.10797072134166953,0.1429439838815457,0.0
7470.938795022705,124.51564658371174,替浆（单段，实际）,0.11005628741618662,0.11005628741618662,278.3687951807229,204.13711646586347,241.25295582329318,0.03212851405621098,0.04149526808818221,0.034856323547873914,0.006947021811015364,0.0,0.1090457713290412,0.14243367162249243,0.0
7473.639168092256,124.5606528015376,替浆（单段，实际）,0.11115006599622934,0.11115006599622934,278.3687951807229,213.41607630522088,241.25295582329318,0.028112449799184612,0.0416983036394516,0.030549536641559755,0.006091279801327842,0.0,0.11012447008283244,0.14192241427854235,0.0
7476.341732487171,124.60569554145285,替浆（单段，实际）,0.11224471494398583,0.11224471494398583,287.64775502008035,213.41607630522088,241.25295582329318,0.032128514056211005,0.04190026334589469,0.034971378168752745,0.006969872614889017,0.0,0.11120521470774677,0.14141144222744415,0.0
7479.0498223152235,124.65083037192039,替浆（单段，实际）,0.1133415867407214,0.1133415867407214,287.64775502008035,213.41607630522088,250.53191566265062,0.032128514056211005,0.04210133604206112,0.03502910321313478,0.006981337090345319,0.0,0.11228929179431343,0.14090148825054624,0.0
7481.767392370799,124.69612320617998,替浆（单段，实际）,0.11444228202893815,0.11444228202893815,287.64775502008035,213.41607630522088,250.53191566265062,0.032128514056211005,0.042301731896645905,0.035086980742678575,0.006992831717217096,0.0,0.11337823942129681,0.1403919230521982,0.0
7484.497587282423,124.74162645470706,替浆（单段，实际）,0.11554807168902113,0.11554807168902113,296.92671485943777,222.69503614457832,250.53191566265062,0.03212851405621099,0.04250161611591995,0.03514508831957208,0.007004371898237216,0.0,0.11447327578154695,0.13988201250088556,0.0
7487.22845702356,124.78714095039267,替浆（单段，实际）,0.11665412397077081,0.11665412397077081,296.92671485943777,222.69503614457832,250.53191566265062,0.03212851405621099,0.04270046888538518,0.03520348124376065,0.007015968614206725,0.0,0.11556957424551433,0.13937117340428787,0.0
7489.962352004477,124.83270586674128,替浆（单段，实际）,0.11776139261377205,0.11776139261377205,296.92671485943777,222.69503614457832,259.81087550200806,0.03212851405621099,0.042898421345024175,0.03526195081525131,0.007027580416475221,0.0,0.11666803074239833,0.13886164816501234,0.0
7492.702564073995,124.87837606789991,替浆（单段，实际）,0.11887120997350512,0.11887120997350512,306.2056746987952,222.69503614457832,259.81087550200806,0.036144578313237356,0.043095642836656345,0.039735573987418366,0.007915619966916476,0.0,0.11776992171522059,0.13835299470965984,0.0
7495.45291482929,124.92421524715483,替浆（单段，实际）,0.11998512100114749,0.11998512100114749,306.2056746987952,231.97399598393577,259.81087550200806,0.03212851405621098,0.04329232030605846,0.03537922390256453,0.007050869931603199,0.0,0.11887674001956898,0.13784460725675765,0.0
7498.20364598589,124.9700607664315,替浆（单段，实际）,0.12109918257800709,0.12109918257800709,306.2056746987952,231.97399598393577,269.0898353413655,0.03212851405621098,0.04348804182438208,0.03543815983989219,0.007062573940164185,0.0,0.11998452632996377,0.13733577289049767,0.0
7500.956200015797,125.01593666692995,替浆（单段，实际）,0.12221397977437089,0.12221397977437089,315.48463453815265,231.97399598393577,269.0898353413655,0.03614457831323737,0.04368289192776412,0.039934292641086826,0.007955048317861535,0.0,0.12109381678474501,0.13682830487150294,0.0
7503.713378408587,125.06188964014312,替浆（单段，实际）,0.12333064221147357,0.12333064221147357,315.48463453815265,231.97399598393577,269.0898353413655,0.03614457831323737,0.04387701266241786,0.04000071791298231,0.00796822760144722,0.0,0.12220569278927255,0.13632193903527917,0.0
7506.469695947257,125.10782826578762,替浆（单段，实际）,0.12444695526597241,0.12444695526597241,315.48463453815265,241.25295582329318,269.0898353413655,0.032128514056211005,0.04407018479178798,0.03561534167475633,0.0070977594117488385,0.0,0.12331790683960292,0.13581615003052042,0.0
7509.2229770773765,125.15371628462294,替浆（单段，实际）,0.12556204019038522,0.12556204019038522,324.76359437751006,241.25295582329318,278.3687951807229,0.03614457831323737,0.044262335299764345,0.040133807711518886,0.007994633111761407,0.0,0.12442953896400158,0.13531194420175646,0.0
7511.977959927126,125.1996326654521,替浆（单段，实际）,0.12667781342382334,0.12667781342382334,324.76359437751006,241.25295582329318,278.3687951807229,0.03614457831323737,0.04445368915576155,0.04020030394831501,0.008007825948789682,0.0,0.1255424564656861,0.13480971126774322,0.0
7514.7321030334315,125.2455350505572,替浆（单段，实际）,0.12779324426116812,0.12779324426116812,324.76359437751006,241.25295582329318,278.3687951807229,0.03614457831323737,0.04464415736870009,0.04026683339058176,0.008021025198190146,0.0,0.12665559046368335,0.13430858419921482,0.0
7517.479689938642,125.29132816564403,替浆（单段，实际）,0.12890602272100304,0.12890602272100304,324.76359437751006,250.53191566265062,278.3687951807229,0.03212851405621099,0.04483352005288788,0.035851865399608336,0.007144727288109887,0.0,0.12776659264032297,0.13380901272306422,0.0
7520.225541808668,125.3370923634778,替浆（单段，实际）,0.1300180986897733,0.1300180986897733,334.0425542168675,250.53191566265062,287.64775502008035,0.036144578313237356,0.045022005179542614,0.040399724720331216,0.008047389928833137,0.0,0.12887736640279235,0.13331202544435836,0.0
7522.9739611267,125.38289935211166,替浆（单段，实际）,0.13113120942017537,0.13113120942017537,334.0425542168675,250.53191566265062,287.64775502008035,0.036144578313237356,0.04520981342696523,0.04046604423157842,0.008060547004031915,0.0,0.12998960711750224,0.13281674120974687,0.0
7525.727483377084,125.42879138961807,替浆（单段，实际）,0.13224638185848409,0.13224638185848409,334.0425542168675,250.53191566265062,287.64775502008035,0.036144578313237356,0.04539706893266175,0.04053240396428702,0.008073711884062806,0.0,0.13110430258463895,0.13232237472979982,0.0
7528.475942637992,125.47459904396653,替浆（单段，实际）,0.13335950315067327,0.13335950315067327,343.32151405622494,259.81087550200806,296.92671485943777,0.03614457831323737,0.04558336817074902,0.0405988545634085,0.008086894615688456,0.0,0.13221730259831446,0.13182846768582696,0.0
7531.2234340305295,125.5203905671755,替浆（单段，实际）,0.1344722290160225,0.1344722290160225,343.32151405622494,259.81087550200806,296.92671485943777,0.03614457831323737,0.04576890291038475,0.040665191292979186,0.008100054582675265,0.0,0.13333022161377875,0.1313368412047912,0.0
7533.973876663347,125.56623127772245,替浆（单段，实际）,0.1355861420763779,0.1355861420763779,343.32151405622494,259.81087550200806,296.92671485943777,0.03614457831323737,0.045953854256787725,0.040731469555914036,0.008113202776608541,0.0,0.1344446036929636,0.13084675663667433,0.0
7536.729842615982,125.6121640435997,替浆（单段，实际）,0.13670228559080996,0.13670228559080996,352.60047389558235,259.81087550200806,296.92671485943777,0.040160642570263735,0.04613834274043119,0.04533086124095853,0.0090251984273092,0.0,0.13556145453580157,0.130357502856941,0.0
7539.486051745341,125.65810086242234,替浆（单段，实际）,0.1378185234840718,0.1378185234840718,352.60047389558235,269.0898353413655,306.2056746987952,0.03614457831323737,0.046322168645867697,0.04086416115122178,0.008139525435625128,0.0,0.1366785992256274,0.1298686235180469,0.0
7542.241333939225,125.70402223232041,替浆（单段，实际）,0.1389343802796817,0.1389343802796817,352.60047389558235,269.0898353413655,306.2056746987952,0.03614457831323737,0.04650530153988019,0.04093051788777601,0.008152688673119801,0.0,0.1377955240084825,0.12938105955616674,0.0
7544.999661583132,125.74999435971887,替浆（单段，实际）,0.1400514639877428,0.1400514639877428,361.87943373493977,269.0898353413655,306.2056746987952,0.040160642570263735,0.046687919184418364,0.045552004914700184,0.00906902701970147,0.0,0.13891380103244524,0.1288950098978674,0.0
7547.76338956311,125.79605649271849,替浆（单段，实际）,0.14117072935677885,0.14117072935677885,361.87943373493977,278.3687951807229,315.48463453815265,0.03614457831323737,0.04687012874363222,0.0410630951429726,0.008178987603276289,0.0,0.14003435002442732,0.12840976560139694,0.0
7550.535886074767,125.8422647679128,替浆（单段，实际）,0.14229353864498495,0.14229353864498495,361.87943373493977,278.3687951807229,315.48463453815265,0.03614457831323737,0.047052077038320955,0.041129443226330234,0.008192148600596694,0.0,0.1411584999251842,0.12792491438702686,0.0
7553.306965104078,125.8884494184013,替浆（单段，实际）,0.14341576817148632,0.14341576817148632,371.1583935742972,278.3687951807229,315.48463453815265,0.040160642570263735,0.04723337075645592,0.0457732338254743,0.009112870565709308,0.0,0.1422820882098325,0.12743987530166226,0.0
7556.080772243033,125.93467953738387,替浆（单段，实际）,0.144539101220225,0.144539101220225,371.1583935742972,278.3687951807229,315.48463453815265,0.040160642570263735,0.047414185952689494,0.04584698949955202,0.00912748716753653,0.0,0.143406766141386,0.12695642271646737,0.0
7558.859661667109,125.98099436111849,替浆（单段，实际）,0.14566448946502242,0.14566448946502242,371.1583935742972,287.64775502008035,324.76359437751006,0.03614457831323735,0.047594627908304855,0.04132864130003141,0.008231661056206985,0.0,0.1445334544377316,0.12647383084869435,0.0
7561.6430826536,126.02738471089333,替浆（单段，实际）,0.14679170705061892,0.14679170705061892,371.1583935742972,287.64775502008035,324.76359437751006,0.03614457831323735,0.04777468568570822,0.041395014363106185,0.008244826309328213,0.0,0.14566189611719932,0.1259916964129829,0.0
7564.424973741262,126.07374956235437,替浆（单段，实际）,0.1479183053370884,0.1479183053370884,380.43735341365465,287.64775502008035,324.76359437751006,0.040160642570263735,0.047954132676589906,0.04606821536995469,0.009171327524489237,0.0,0.14678960988518996,0.1255101096598938,0.0
7567.209463008795,126.12015771681325,替浆（单段，实际）,0.14904595573148471,0.14904595573148471,380.43735341365465,287.64775502008035,324.76359437751006,0.040160642570263735,0.04813313936274628,0.046141833840199875,0.009185916075318823,0.0,0.14791824062439668,0.1250301170587795,0.0
7569.999048403406,126.16665080672344,替浆（单段，实际）,0.1501756665487693,0.1501756665487693,380.43735341365465,296.92671485943777,334.0425542168675,0.03614457831323737,0.048311815010437395,0.0415938537886182,0.008284265530912882,0.0,0.14904877029461314,0.12455100225509795,0.0
7572.7903069326685,126.21317178221115,替浆（单段，实际）,0.15130605003758216,0.15130605003758216,389.71631325301206,296.92671485943777,334.0425542168675,0.040160642570263735,0.04849003826986826,0.046288952580531964,0.009215069110406926,0.0,0.15017978428212897,0.12407234126514825,0.0
7575.580513427093,126.25967522378488,替浆（单段，实际）,0.15243600893529824,0.15243600893529824,389.71631325301206,296.92671485943777,334.0425542168675,0.040160642570263735,0.04866771282656288,0.046362432899154975,0.009229629641897219,0.0,0.15131015979716247,0.12359470997527974,0.0
7578.373704718733,126.30622841197889,替浆（单段，实际）,0.1535671748923342,0.1535671748923342,389.71631325301206,296.92671485943777,343.32151405622494,0.040160642570263735,0.04884500668477886,0.04643576280796776,0.009244160155527315,0.0,0.15244150601226214,0.12311857507511605,0.0
7581.166359568827,126.35277265948045,替浆（单段，实际）,0.1546981189451933,0.1546981189451933,398.9952730923695,306.2056746987952,343.32151405622494,0.040160642570263735,0.049021798412783306,0.04650902391185836,0.00925867682247905,0.0,0.1535723715779731,0.12264324893161566,0.0
7583.954965666864,126.39924942778107,替浆（单段，实际）,0.1558274230656699,0.1558274230656699,398.9952730923695,306.2056746987952,343.32151405622494,0.040160642570263735,0.04919796535830778,0.04658213883029705,0.009273164310761195,0.0,0.1547013176014211,0.12216932155295872,0.0
7586.743742804733,126.44572904674556,替浆（单段，实际）,0.1569567946533249,0.1569567946533249,398.9952730923695,306.2056746987952,343.32151405622494,0.040160642570263735,0.04937368060362501,0.04665502092505621,0.009287605454934678,0.0,0.15583003134181325,0.12169738112332407,0.0
7589.5363777593975,126.49227296265663,替浆（单段，实际）,0.15808772386746467,0.15808772386746467,408.27423293172694,306.2056746987952,352.60047389558235,0.04417670682729013,0.04954909968787951,0.05140053828328921,0.010227447953560898,0.0,0.1569599821972405,0.12122670489820787,0.0
7592.328971669472,126.53881619449119,替浆（单段，实际）,0.15921863013600823,0.15921863013600823,408.27423293172694,315.48463453815265,352.60047389558235,0.040160642570263735,0.04972408687118912,0.0468004521437705,0.009316421138049424,0.0,0.15808957141629684,0.12075667393874828,0.0
7595.118896187118,126.58531493645197,替浆（单段，实际）,0.16034845356145255,0.16034845356145255,408.27423293172694,315.48463453815265,352.60047389558235,0.040160642570263735,0.04989855158845722,0.04687300696816445,0.009330796808365682,0.0,0.15921772177070442,0.12028793436639598,0.0
7597.910155721455,126.63183592869092,替浆（单段，实际）,0.16147881301116557,0.16147881301116557,417.55319277108435,315.48463453815265,361.87943373493977,0.0441767068272901,0.05007265789908673,0.05163989909944659,0.010274829372599936,0.0,0.16034603219465604,0.11982092129293942,0.0
7600.705848362026,126.67843080603376,替浆（单段，实际）,0.16261095836196696,0.16261095836196696,417.55319277108435,315.48463453815265,361.87943373493977,0.0441767068272901,0.050246533657203656,0.05171937205997898,0.010290560525464176,0.0,0.1614757319531498,0.11935496460289101,0.0
7603.468028518631,126.72446714197719,替浆（单段，实际）,0.16372954111563495,0.16372954111563495,417.55319277108435,324.76359437751006,361.87943373493977,0.040160642570263735,0.05041874827998493,0.04708980554461128,0.009373751011714226,0.0,0.16259149193001055,0.1188895437390939,0.0
7606.1874582310875,126.76979097051813,替浆（单段，实际）,0.1648308294784351,0.1648308294784351,417.55319277108435,324.76359437751006,361.87943373493977,0.040160642570263735,0.05058893634250692,0.047161078995353156,0.009387871981301199,0.0,0.16368958797748281,0.11843095468247639,0.0
7608.864748303837,126.8144124717306,替浆（单段，实际）,0.16591507063648292,0.16591507063648292,426.83215261044177,324.76359437751006,371.1583935742972,0.0441767068272901,0.05075711034746329,0.05195427960876772,0.010337057476895173,0.0,0.16477026907082346,0.11798067679459563,0.0
7611.5006123602525,126.85834353933754,替浆（单段，实际）,0.16698254979617863,0.16698254979617863,426.83215261044177,324.76359437751006,371.1583935742972,0.0441767068272901,0.05092328583016939,0.05203007368337245,0.010352059480568387,0.0,0.1658338234855004,0.11753855646132169,0.0
7614.095849229113,126.90159748715188,替浆（单段，实际）,0.1680335922251981,0.1680335922251981,426.83215261044177,334.0425542168675,371.1583935742972,0.040160642570263735,0.05108747987230879,0.047367817901611584,0.009428830748092865,0.0,0.16688057936352743,0.11710441111037903,0.0
7616.65132809241,126.94418880154016,替浆（单段，实际）,0.16906855100350193,0.16906855100350193,436.11111244979924,334.0425542168675,371.1583935742972,0.04417670682729013,0.05124971712179487,0.05217789086950343,0.010381316442863664,0.0,0.16791089298395018,0.11667804880320921,0.0
7619.167975159525,126.98613291932541,替浆（单段，实际）,0.1700877987279426,0.1700877987279426,436.11111244979924,334.0425542168675,380.43735341365465,0.04417670682729013,0.05141002727217036,0.05224998241687739,0.010395584968440952,0.0,0.16892514084731083,0.11625927775149485,0.0
7621.646761656592,127.02744602760987,替浆（单段，实际）,0.17109172634466666,0.17109172634466666,436.11111244979924,334.0425542168675,380.43735341365465,0.04417670682729013,0.051568443416926416,0.05232091114375412,0.010409623145123614,0.0,0.16992371803932596,0.11584789659250345,0.0
7624.088693461841,127.06814489103068,替浆（单段，实际）,0.17208074363533826,0.17208074363533826,436.11111244979924,343.32151405622494,380.43735341365465,0.040160642570263735,0.05172499769368444,0.04762792241201692,0.00948035981358697,0.0,0.17090703790002243,0.1154436923740824,0.0
7626.494303746979,127.10823839578299,替浆（单段，实际）,0.1730550665903115,0.1730550665903115,445.39007228915665,343.32151405622494,380.43735341365465,0.0441767068272901,0.05187970590160218,0.05245943089744762,0.010437038328419357,0.0,0.17187532136267597,0.11504645240245032,0.0
7628.864004812767,127.14773341354612,替浆（单段，实际）,0.17401486083877307,0.17401486083877307,445.39007228915665,343.32151405622494,389.71631325301206,0.0441767068272901,0.052032581706796276,0.05252708602892321,0.010450428040285953,0.0,0.17282873979690777,0.11465604616251314,0.0
7631.198832283296,127.1866472047216,替浆（单段，实际）,0.1749605435454418,0.1749605435454418,445.39007228915665,343.32151405622494,389.71631325301206,0.0441767068272901,0.0521836660131698,0.05259370238549573,0.010463611989885435,0.0,0.1737677147862426,0.11427236448958333,0.0
7633.499831309108,127.22499718848513,替浆（单段，实际）,0.17589253913182376,0.17589253913182376,445.39007228915665,352.60047389558235,389.71631325301206,0.040160642570263735,0.052332998296883086,0.047872106769772306,0.009528732512828264,0.0,0.1746926745214798,0.1138951959166049,0.0
7635.768049652753,127.26280082754587,替浆（单段，实际）,0.17681127278798622,0.17681127278798622,454.66903212851406,352.60047389558235,389.71631325301206,0.0441767068272901,0.05248062247979294,0.052723969700885324,0.010489392503797434,0.0,0.17560404764867543,0.11352432724825266,0.0
7638.004533629404,127.30007556049007,替浆（单段，实际）,0.17771716608730137,0.17771716608730137,454.66903212851406,352.60047389558235,398.9952730923695,0.0441767068272901,0.052626583343101455,0.05278769737352853,0.010502004265039777,0.0,0.17650225938888478,0.11315955396860006,0.0
7640.21032425804,127.336838737634,替浆（单段，实际）,0.17861063850797235,0.17861063850797235,454.66903212851406,352.60047389558235,398.9952730923695,0.0441767068272901,0.05277092938444349,0.05285053830802743,0.010514440382637158,0.0,0.1773877324886966,0.11280067413803044,0.0
7642.386454083679,127.37310756806133,替浆（单段，实际）,0.17949210885591788,0.17949210885591788,454.66903212851406,352.60047389558235,398.9952730923695,0.0441767068272901,0.05291370689061707,0.05291252982101694,0.010526708247971084,0.0,0.17826088833521658,0.11244748279279852,0.0
7644.533944410645,127.40889907351075,替浆（单段，实际）,0.18036199105887124,0.18036199105887124,463.94799196787153,361.87943373493977,398.9952730923695,0.04417670682729013,0.05305496120502932,0.05297370846413233,0.010538815100580523,0.0,0.1791221432023608,0.1120997799901729,0.0
7646.65265034212,127.44421083903534,替浆（单段，实际）,0.1812202267732872,0.1812202267732872,463.94799196787153,361.87943373493977,398.9952730923695,0.04417670682729013,0.05319468603107401,0.05303410914295692,0.010550767853832577,0.0,0.17997144556909905,0.11175736886688752,0.0
7648.743511990163,127.47905853316938,替浆（单段，实际）,0.18206719486665157,0.18206719486665157,463.94799196787153,361.87943373493977,408.27423293172694,0.04417670682729013,0.05333292691387917,0.05309373832743396,0.010562567793629296,0.0,0.1808091771232338,0.11142024494568313,0.0
7650.807505071731,127.51345841786218,替浆（单段，实际）,0.18290328813661352,0.18290328813661352,463.94799196787153,361.87943373493977,408.27423293172694,0.04417670682729013,0.0534697337371831,0.05315262741174643,0.010574221137877093,0.0,0.18163573297910843,0.11108823399396342,0.0
7652.8455898701695,127.54742649783616,替浆（单段，实际）,0.18372889875070134,0.18372889875070134,473.22695180722894,361.87943373493977,408.27423293172694,0.048192771084316494,0.0536051530189517,0.058048156222841076,0.011542499518424787,0.0,0.1824515066184282,0.1107611434756202,0.0
7654.858710366784,127.58097850611307,替浆（单段，实际）,0.18454440812625456,0.18454440812625456,473.22695180722894,371.1583935742972,408.27423293172694,0.04417670682729013,0.05373923127624487,0.05326831861148271,0.01059711444410194,0.0,0.18325688095288145,0.11043879675507208,0.0
7656.847793423863,127.6141298903977,替浆（单段，实际）,0.18535019119453697,0.18535019119453697,473.22695180722894,371.1583935742972,417.55319277108435,0.04417670682729013,0.053872016044238656,0.05332518584492883,0.010608367301082944,0.0,0.18405223209027433,0.11012101851427478,0.0
7658.813748391614,127.6468958065269,替浆（单段，实际）,0.18614661372004696,0.18614661372004696,473.22695180722894,371.1583935742972,417.55319277108435,0.04417670682729013,0.054003557470205764,0.0533814429786564,0.01061949930593531,0.0,0.18483792672672003,0.10980764166142429,0.0
7660.757466876661,127.67929111461102,替浆（单段，实际）,0.18693403535484585,0.18693403535484585,473.22695180722894,371.1583935742972,417.55319277108435,0.04417670682729013,0.0541339057156389,0.053437120770573186,0.010630516548922442,0.0,0.18561432508116335,0.1094985024719319,0.0
7662.678729902089,127.71131216503481,替浆（单段，实际）,0.18771236993572352,0.18771236993572352,482.50591164658636,371.1583935742972,417.55319277108435,0.048192771084316494,0.0542630481795756,0.05835517933518747,0.011603193514603816,0.0,0.18638134752256766,0.10919343363926312,0.0
7664.578290700458,127.7429715116743,替浆（单段，实际）,0.18848192313264195,0.18848192313264195,482.50591164658636,371.1583935742972,417.55319277108435,0.048192771084316494,0.054391027149749256,0.0584147186704971,0.011614963142304147,0.0,0.1871393007251724,0.10889244675493696,0.0
7666.456996602567,127.77428327670945,替浆（单段，实际）,0.18924303751699614,0.18924303751699614,482.50591164658636,380.43735341365465,417.55319277108435,0.0441767068272901,0.05451789009890354,0.05360087775381266,0.01066291925068652,0.0,0.18788852750182578,0.10859540399058051,0.0
7668.3156782144915,127.80526130357485,替浆（单段，实际）,0.18999604668195033,0.18999604668195033,482.50591164658636,380.43735341365465,426.83215261044177,0.0441767068272901,0.05464368329947727,0.053654432286905564,0.010673515891022833,0.0,0.18862936178871273,0.10830215824765317,0.0
7670.155149414364,127.83591915690607,替浆（单段，实际）,0.19074127775255484,0.19074127775255484,482.50591164658636,380.43735341365465,426.83215261044177,0.0441767068272901,0.05476845331889647,0.05370751613332246,0.010684019286294366,0.0,0.1893621309309252,0.10801256221199398,0.0
7671.9762096431205,127.86627016071867,替浆（单段，实际）,0.1914790583133513,0.1914790583133513,491.7848714859438,380.43735341365465,426.83215261044177,0.048192771084316494,0.054892244791565216,0.05864744247614728,0.011660966217139856,0.0,0.19008716144510135,0.10772646393859318,0.0
7673.7796412845655,127.89632735474275,替浆（单段，实际）,0.19220970505768276,0.19220970505768276,491.7848714859438,380.43735341365465,426.83215261044177,0.048192771084316494,0.05501510278792056,0.05870441069098737,0.011672226935071639,0.0,0.1908047692967415,0.10744372424547892,0.0
7675.566045336077,127.92610075560128,替浆（单段，实际）,0.19293346097949976,0.19293346097949976,491.7848714859438,389.71631325301206,426.83215261044177,0.04417670682729013,0.055137062416748754,0.05386420385173652,0.010715021533286406,0.0,0.19151519776882456,0.10716420600000372,0.0
7677.335170503626,127.95558617506043,替浆（单段，实际）,0.19365022352899933,0.19365022352899933,491.7848714859438,389.71631325301206,436.11111244979924,0.04417670682729013,0.05525811448520085,0.053915657104496036,0.010725201866914835,0.0,0.19221835095886797,0.10688780209655338,0.0
7679.087766162268,127.98479610270446,替浆（单段，实际）,0.19436029666438448,0.19436029666438448,491.7848714859438,389.71631325301206,436.11111244979924,0.04417670682729013,0.055378302591469586,0.05396673473175275,0.010735307777174907,0.0,0.19291453204361747,0.10661453551897594,0.0
7680.824567904654,128.0137427984109,替浆（单段，实际）,0.1950639758482209,0.1950639758482209,491.7848714859438,389.71631325301206,436.11111244979924,0.04417670682729013,0.0554976687537809,0.05401745822160109,0.010745343517784667,0.0,0.19360403612005223,0.10634428068612735,0.0
7682.54629807384,128.04243830123067,替浆（单段，实际）,0.19576155534463466,0.19576155534463466,491.7848714859438,389.71631325301206,436.11111244979924,0.04417670682729013,0.05561625546335258,0.05406785064432143,0.01075531365530813,0.0,0.19428715594499696,0.10607690584593914,0.0
7684.253666598799,128.0708944433133,替浆（单段，实际）,0.19645332336074608,0.19645332336074608,501.06383132530124,389.71631325301206,436.11111244979924,0.048192771084316494,0.05573410470739878,0.05903774673331784,0.011738113792480576,0.0,0.19496417834827412,0.10581228657842273,0.0
7685.947371144341,128.09912285240569,替浆（单段，实际）,0.1971395625455059,0.1971395625455059,501.06383132530124,389.71631325301206,436.11111244979924,0.048192771084316494,0.05585125786452281,0.05909207133100209,0.011748851120025328,0.0,0.1956353844632551,0.10555030068426931,0.0
7687.628097737268,128.1271349622878,替浆（单段，实际）,0.1978205506143683,0.1978205506143683,501.06383132530124,398.9952730923695,445.39007228915665,0.04417670682729013,0.055967754793619505,0.054217265069790826,0.010784874698913094,0.0,0.19630105041324572,0.10529082956673103,0.0
7689.295887538349,128.1549314589725,替浆（单段，实际）,0.19849630218072076,0.19849630218072076,501.06383132530124,398.9952730923695,445.39007228915665,0.04417670682729013,0.056083600518963266,0.05426655411112807,0.010794626143889596,0.0,0.1969611952596844,0.10503376218209874,0.0
7690.950921980588,128.18251536634313,替浆（单段，实际）,0.19916689172506763,0.19916689172506763,501.06383132530124,398.9952730923695,445.39007228915665,0.04417670682729013,0.05619880826478161,0.054315603622844516,0.010804330104407067,0.0,0.197615896372407,0.10477907797579922,0.0
7692.593868782786,128.20989781304644,替浆（单段，实际）,0.1998325903214404,0.1998325903214404,501.06383132530124,398.9952730923695,445.39007228915665,0.04417670682729013,0.05631341652277904,0.05436442013446057,0.010813987873643072,0.0,0.19826542336839742,0.10452674029564205,0.0
7694.225386059046,128.23708976765076,替浆（单段，实际）,0.20049366400149615,0.20049366400149615,501.06383132530124,398.9952730923695,445.39007228915665,0.04417670682729013,0.0564274618761378,0.05441302264668168,0.010823603211958743,0.0,0.19891004111270982,0.10427663650948853,0.0
7695.846123865935,128.26410206443225,替浆（单段，实际）,0.20115037465164076,0.20115037465164076,501.06383132530124,398.9952730923695,445.39007228915665,0.04417670682729013,0.056540981410345977,0.05446143108601658,0.010833180062717718,0.0,0.19955001020383595,0.10402865849003688,0.0
7697.456724592704,128.2909454098784,替浆（单段，实际）,0.20180298445033087,0.20180298445033087,510.34279116465865,408.27423293172694,454.66903212851406,0.0441767068272901,0.05665401417676101,0.0545096650670687,0.01084272230742167,0.0,0.20018559038675718,0.10378269627301649,0.0
7699.057821335513,128.3176303555919,替浆（单段，实际）,0.20245174958013365,0.20245174958013365,510.34279116465865,408.27423293172694,454.66903212851406,0.0441767068272901,0.056766596450695705,0.05455774388531124,0.010852233764285124,0.0,0.20081703600396628,0.10353864418120838,0.0
7700.649936478431,128.34416560797385,替浆（单段，实际）,0.20309687997581596,0.20309687997581596,510.34279116465865,408.27423293172694,454.66903212851406,0.0441767068272901,0.056878758946443904,0.054605686749733415,0.01086171823426374,0.0,0.20144455648011522,0.10329640163148533,0.0
7702.232718780586,128.37054531300976,替浆（单段，实际）,0.2037382343141415,0.2037382343141415,510.34279116465865,408.27423293172694,454.66903212851406,0.0441767068272901,0.05699048159561558,0.05465350869875117,0.010871178693118377,0.0,0.20206801935814392,0.10305588048969545,0.0
7703.806793853966,128.3967798975661,替浆（单段，实际）,0.20437606722794896,0.20437606722794896,510.34279116465865,408.27423293172694,454.66903212851406,0.0441767068272901,0.05710179837899043,0.05470120345542456,0.010880613899807434,0.0,0.2026876776913755,0.10281712589282926,0.0
7705.372781215787,128.42287968692978,替浆（单段，实际）,0.205010629006065,0.205010629006065,510.34279116465865,408.27423293172694,454.66903212851406,0.0441767068272901,0.057212744215666106,0.054748786374632076,0.01089002689258467,0.0,0.20330378038800317,0.10258003618424132,0.0
7706.931294904803,128.44885491508003,替浆（单段，实际）,0.20564216650430803,0.20564216650430803,510.34279116465865,408.27423293172694,463.94799196787153,0.0441767068272901,0.05732335152081005,0.05479627576740997,0.010899421294373934,0.0,0.20391657325252283,0.10234451390487323,0.0
7708.482944010085,128.47471573350143,替浆（单段，实际）,0.20627092673251185,0.20627092673251185,510.34279116465865,417.55319277108435,463.94799196787153,0.040160642570263735,0.05743365391497014,0.04985789970877509,0.009922028577056041,0.0,0.20452630153873957,0.10211046108030862,0.0
7710.0283331073,128.500472218455,替浆（单段，实际）,0.20689715440359627,0.20689715440359627,510.34279116465865,417.55319277108435,463.94799196787153,0.040160642570263735,0.05754368537035217,0.049900950888368635,0.009930553345267823,0.0,0.20513320829407372,0.10187777873635778,0.0
7711.568063651351,128.52613439418917,替浆（单段，实际）,0.20752109299470822,0.20752109299470822,510.34279116465865,417.55319277108435,463.94799196787153,0.040160642570263735,0.05765347774854936,0.04994396587576944,0.009939070873584366,0.0,0.20573753551741447,0.10164637422500479,0.0
7713.102056195988,128.5517009365998,替浆（单段，实际）,0.20814270906468355,0.20814270906468355,519.6217510040161,417.55319277108435,463.94799196787153,0.04417670682729013,0.05776302201324254,0.05498565600254355,0.010936883804936737,0.0,0.206339257464398,0.10141614956122869,0.0
7714.6305670823685,128.5771761180395,替浆（单段，实际）,0.20876210805160259,0.20876210805160259,519.6217510040161,417.55319277108435,463.94799196787153,0.04417670682729013,0.05787232791643699,0.055032926551714226,0.010946234472068883,0.0,0.2069384824048254,0.10118711196423984,0.0
7716.154200133661,128.60257000222768,替浆（单段，实际）,0.20937953336506196,0.20937953336506196,519.6217510040161,417.55319277108435,463.94799196787153,0.04417670682729013,0.057981428070564826,0.05508018015066095,0.010955581697894456,0.0,0.2075354528509005,0.10095921952831954,0.0
7717.673556575815,128.62789260959693,替浆（单段，实际）,0.2099952282863892,0.2099952282863892,519.6217510040161,417.55319277108435,473.22695180722894,0.04417670682729013,0.05809035152095467,0.055127433090930614,0.01096492870509147,0.0,0.20813041132657337,0.1007323787135858,0.0
7719.189235932526,128.65315393220877,替浆（单段，实际）,0.21060943397954285,0.21060943397954285,519.6217510040161,426.83215261044177,473.22695180722894,0.04016064257026376,0.05819912977897998,0.050158820719516384,0.0099816138367671,0.0,0.20872359817188177,0.10050649767936888,0.0
7720.701836749679,128.67836394582798,替浆（单段，实际）,0.21122239408145937,0.21122239408145937,519.6217510040161,426.83215261044177,473.22695180722894,0.04016064257026376,0.05830778997703058,0.05020182420010103,0.009990128647439978,0.0,0.2093152560078191,0.10028148115277288,0.0
7722.211957120886,128.70353261868144,替浆（单段，实际）,0.2118343499371846,0.2118343499371846,528.9007108433735,426.83215261044177,473.22695180722894,0.04417670682729013,0.058416360436051556,0.05526936190780619,0.01099300282214044,0.0,0.20990562554692188,0.10005723895924583,0.0
7723.720029996696,128.72866716661161,替浆（单段，实际）,0.21244547673640782,0.21244547673640782,528.9007108433735,426.83215261044177,473.22695180722894,0.04417670682729013,0.0585248607447621,0.05531678595025085,0.011002383319616671,0.0,0.21049488356421103,0.09983367796298095,0.0
7725.2258402780835,128.75376400463472,替浆（单段，实际）,0.2130556866540584,0.2130556866540584,528.9007108433735,426.83215261044177,473.22695180722894,0.04417670682729013,0.058633269764976584,0.055364290912174034,0.011011779733803406,0.0,0.21108295381853723,0.09961073334363484,0.0
7726.729995486855,128.77883325811425,替浆（单段，实际）,0.21366522393561738,0.21366522393561738,528.9007108433735,426.83215261044177,482.50591164658636,0.04417670682729013,0.058741615274685084,0.05541187295966842,0.011021191305914835,0.0,0.2116700809352652,0.09938843820638686,0.0
7728.233104786444,128.80388507977406,替浆（单段，实际）,0.21427433280877675,0.21427433280877675,528.9007108433735,426.83215261044177,482.50591164658636,0.04417670682729013,0.0588499247797858,0.05545954601101373,0.011030620788466838,0.0,0.2122565098071248,0.09916670012373734,0.0
7729.735778987814,128.8289296497969,替浆（单段，实际）,0.21488326201713223,0.21488326201713223,528.9007108433735,436.11111244979924,482.50591164658636,0.040160642570263735,0.05895822294476507,0.05046120689001978,0.0100414856000135,0.0,0.212842488746306,0.09894542465907304,0.0
7731.238629452831,128.85397715754718,替浆（单段，实际）,0.21549225827432458,0.21549225827432458,538.179670682731,436.11111244979924,482.50591164658636,0.0441767068272901,0.059066536420869634,0.05555523535398418,0.01104954737338193,0.0,0.21342826498450163,0.09872452265723021,0.0
7732.742269390514,128.87903782317522,替浆（单段，实际）,0.21610157028764287,0.21610157028764287,538.179670682731,436.11111244979924,482.50591164658636,0.0441767068272901,0.05917489091266276,0.05560328748629701,0.011059051563312217,0.0,0.2140140876098339,0.09850390136821108,0.0
7734.247315546656,128.9041219257776,替浆（单段，实际）,0.21671144643267687,0.21671144643267687,538.179670682731,436.11111244979924,482.50591164658636,0.0441767068272901,0.05928331329313109,0.05565150213224169,0.0110685878048713,0.0,0.21460020581619232,0.09828347105172215,0.0
7735.753891016977,128.9292315169496,替浆（单段，实际）,0.21732193541495762,0.21732193541495762,538.179670682731,436.11111244979924,491.7848714859438,0.0441767068272901,0.05939179953505521,0.05569989695311895,0.011078159590259373,0.0,0.21518667724848256,0.09806314230515985,0.0
7737.262180807385,128.95436968012308,替浆（单段，实际）,0.21793311090631842,0.21793311090631842,538.179670682731,436.11111244979924,491.7848714859438,0.0441767068272901,0.059500346645853165,0.055748477156283144,0.011087767948365856,0.0,0.21577358440647662,0.09784289861591948,0.0
7738.7728181689745,128.9795469694829,替浆（单段，实际）,0.21854522801068507,0.21854522801068507,538.179670682731,436.11111244979924,491.7848714859438,0.0441767068272901,0.059608978297074434,0.05579724762482561,0.01109741384390317,0.0,0.21636118439856586,0.09762271464260838,0.0
7740.286441721925,129.00477402869876,替浆（单段，实际）,0.21915854483275293,0.21915854483275293,547.4586305220884,445.39007228915665,491.7848714859438,0.0441767068272901,0.05971772041889772,0.055846225062074574,0.01110710057933173,0.0,0.2169497373553718,0.09740249453883781,0.0
7741.8036952147395,129.03006158691232,替浆（单段，实际）,0.21977332320377896,0.21977332320377896,547.4586305220884,445.39007228915665,491.7848714859438,0.0441767068272901,0.05982659561236032,0.05589542856403782,0.011116831930193638,0.0,0.21753950683771273,0.09718214513901305,0.0
7743.325226507764,129.05542044179606,替浆（单段，实际）,0.2203898236416301,0.2203898236416301,547.4586305220884,445.39007228915665,501.06383132530124,0.0441767068272901,0.059935629687804415,0.05594487769683116,0.011126611764852079,0.0,0.21813075606217286,0.09696157739132055,0.0
7744.851689646216,129.0808614941036,替浆（单段，实际）,0.22100830958945591,0.22100830958945591,547.4586305220884,445.39007228915665,501.06383132530124,0.0441767068272901,0.06004484629896072,0.05599459249742978,0.011136444044633653,0.0,0.21872375147740605,0.09674069861329194,0.0
7746.383745548806,129.10639575914675,替浆（单段，实际）,0.2216290475204565,0.2216290475204565,547.4586305220884,445.39007228915665,501.06383132530124,0.0441767068272901,0.0601542681992144,0.056044593086293296,0.01114633274721022,0.0,0.21931876304353573,0.09651941669368759,0.0
7747.921468833624,129.1320244805604,替浆（单段，实际）,0.22225206708975506,0.22225206708975506,547.4586305220884,445.39007228915665,501.06383132530124,0.0441767068272901,0.060263883345957045,0.05609489930914383,0.011156281795750456,0.0,0.21991583406553072,0.09629763788189884,0.0
7749.465221295706,129.15775368826178,替浆（单段，实际）,0.2228775143559794,0.2228775143559794,556.7375903614458,445.39007228915665,501.06383132530124,0.04819277108431647,0.060373696391740936,0.061249654303178164,0.012175205894040864,0.0,0.2205151203728106,0.09607535453559861,0.0
7751.015688568997,129.18359480948328,替浆（单段，实际）,0.22350566643605665,0.22350566643605665,556.7375903614458,454.66903212851406,501.06383132530124,0.0441767068272901,0.06048373184937085,0.056196454497700075,0.011176366033834984,0.0,0.22111690360328212,0.09585251503344641,0.0
7752.573564246458,129.20955940410764,替浆（单段，实际）,0.2241368045542078,0.2241368045542078,556.7375903614458,454.66903212851406,510.34279116465865,0.0441767068272901,0.06059401186492451,0.05624773330374575,0.011186507120900413,0.0,0.22172146980775692,0.0956290245144456,0.0
7754.139550007154,129.2356591667859,替浆（单段，实际）,0.22477121189556945,0.22477121189556945,556.7375903614458,454.66903212851406,510.34279116465865,0.0441767068272901,0.06070455921605734,0.05629937514614845,0.011196719898272645,0.0,0.22232910804881562,0.09540478738984734,0.0
7755.714357385543,129.26190595642572,替浆（单段，实际）,0.22540917517065212,0.22540917517065212,556.7375903614458,454.66903212851406,510.34279116465865,0.0441767068272901,0.0608153980408865,0.05635140280406378,0.01120700886850201,0.0,0.22294011124999846,0.09517970920326431,0.0
7757.29870875797,129.28831181263283,替浆（单段，实际）,0.22605098770209228,0.22605098770209228,566.0165502008033,454.66903212851406,510.34279116465865,0.04819277108431652,0.06092655045558017,0.06153146119357922,0.012230879491803348,0.0,0.22355477929705012,0.09495368973386417,0.0
7758.893338149462,129.3148889691577,替浆（单段，实际）,0.2266969449124033,0.2266969449124033,566.0165502008033,454.66903212851406,510.34279116465865,0.04819277108431652,0.06103804106001351,0.06158913688571342,0.012242273479626475,0.0,0.22417341549969233,0.09472663066660661,0.0
7760.498548800624,129.3416424800104,替浆（单段，实际）,0.2273471703056586,0.2273471703056586,566.0165502008033,463.94799196787153,510.34279116465865,0.04417670682729013,0.06114986709169111,0.056510034817690895,0.01123837921551396,0.0,0.22479615861550156,0.09449843090303932,0.0
7762.114646534828,129.36857744224713,替浆（单段，实际）,0.22800178649956054,0.22800178649956054,566.0165502008033,463.94799196787153,510.34279116465865,0.04417670682729013,0.06126202462640209,0.0565638302515302,0.011249017330356437,0.0,0.22542314786211037,0.0942690568244874,0.0
7763.74239725,129.39570662083332,替浆（单段，实际）,0.22866110480133325,0.22866110480133325,566.0165502008033,463.94799196787153,510.34279116465865,0.04417670682729013,0.061374536737154886,0.05661810633176509,0.011259750377635047,0.0,0.22605470392912438,0.09403846857065369,0.0
7765.382581763632,129.42304302939385,替浆（单段，实际）,0.22932544178835634,0.22932544178835634,566.0165502008033,463.94799196787153,510.34279116465865,0.04417670682729013,0.06148742634864531,0.05667288635419341,0.011270582960904107,0.0,0.22669115357741298,0.0938065625064167,0.0
7767.035996079269,129.4505999346545,替浆（单段，实际）,0.22999511932724012,0.22999511932724012,575.2955100401607,463.94799196787153,510.34279116465865,0.048192771084316494,0.06160071841938821,0.061885305823974314,0.012300780378241227,0.0,0.22733283009542893,0.09357323581338949,0.0
7768.703453891364,129.4783908981894,替浆（单段，实际）,0.23067046574963157,0.23067046574963157,575.2955100401607,463.94799196787153,510.34279116465865,0.048192771084316494,0.061714438056724344,0.061946253542985524,0.012312819907763894,0.0,0.2279800739798197,0.09333838236892598,0.0
7770.385786749002,129.50642977915004,替浆（单段，实际）,0.23135181864287638,0.23135181864287638,575.2955100401607,463.94799196787153,519.6217510040161,0.048192771084316494,0.06182860655154218,0.06200784060405926,0.012324985582975345,0.0,0.22863323561047272,0.09310189526612593,0.0
7772.08384426889,129.53473073781484,替浆（单段，实际）,0.23203952300911862,0.23203952300911862,575.2955100401607,473.22695180722894,519.6217510040161,0.04417670682729013,0.061943246548286965,0.056897590331202605,0.011315016248901855,0.0,0.22929267391355573,0.0928636643753489,0.0
7773.798339170834,129.56330565284722,替浆（单段，实际）,0.2327338678135797,0.2327338678135797,575.2955100401607,473.22695180722894,519.6217510040161,0.04417670682729013,0.0620583730833097,0.05695530475112496,0.011326428459101479,0.0,0.22995869555280796,0.09262357994525376,0.0
7775.529387402579,129.59215645670966,替浆（单段，实际）,0.2334349000561617,0.2334349000561617,584.5744698795181,473.22695180722894,519.6217510040161,0.048192771084316494,0.06217396999521975,0.0621967522501606,0.012362301540586373,0.0,0.23063137693327934,0.09238154891894464,0.0
7777.277890615966,129.62129817693275,替浆（单段，实际）,0.23414298534652547,0.23414298534652547,584.5744698795181,473.22695180722894,519.6217510040161,0.048192771084316494,0.062290061908229354,0.0622611872126112,0.012375029138179006,0.0,0.2313111005971622,0.09213756688235081,0.0
7779.044773045449,129.65074621742414,替浆（单段，实际）,0.23485849846016496,0.23485849846016496,584.5744698795181,473.22695180722894,519.6217510040161,0.048192771084316494,0.06240667276280912,0.06232639409419349,0.0123879090430975,0.0,0.23199826008490473,0.09189151688843351,0.0
7780.8309852902,129.68051642150334,替浆（单段，实际）,0.2355818255244743,0.2355818255244743,584.5744698795181,473.22695180722894,519.6217510040161,0.048192771084316494,0.06252382428141637,0.06239240871163883,0.012400948323892824,0.0,0.23269326142011415,0.09164328042135447,0.0
7782.637507447384,129.71062512412308,替浆（单段，实际）,0.23631336337053443,0.23631336337053443,584.5744698795181,482.50591164658636,519.6217510040161,0.04417670682729013,0.06264154300061474,0.05725432907957416,0.011385554181237989,0.0,0.23339652318155357,0.09139273726023737,0.0
7784.465353247954,129.74108922079924,替浆（单段，实际）,0.23705352411435449,0.23705352411435449,593.8534297188755,482.50591164658636,528.9007108433735,0.048192771084316494,0.0627598522067383,0.06252701036842806,0.012427534459757195,0.0,0.23410848006745955,0.09113975909767859,0.0
7786.315571127985,129.7719261854664,替浆（单段，实际）,0.2378027330164318,0.2378027330164318,593.8534297188755,482.50591164658636,528.9007108433735,0.048192771084316494,0.0628787778269809,0.06259567500853788,0.012441096628218573,0.0,0.2348295816102152,0.09088421910282345,0.0
7788.189101120829,129.80315168534716,替浆（单段，实际）,0.23856137122822568,0.23856137122822568,593.8534297188755,482.50591164658636,528.9007108433735,0.048192771084316494,0.06299833769910174,0.06266530282193998,0.012454848845874222,0.0,0.23556023736211917,0.09062598531613703,0.0
7790.086142105034,129.8347690350839,替浆（单段，实际）,0.23932951934887767,0.23932951934887767,593.8534297188755,482.50591164658636,528.9007108433735,0.048192771084316494,0.06311851126415052,0.06273593092099569,0.012468798434702166,0.0,0.23630056978023203,0.0903649437777902,0.0
7792.007830012028,129.86679716686712,替浆（单段，实际）,0.24010763930284462,0.24010763930284462,593.8534297188755,482.50591164658636,528.9007108433735,0.048192771084316494,0.0632393228176716,0.06280757493051164,0.012482948472285815,0.0,0.23705106976803572,0.09010108049374493,0.0
7793.955345969737,129.8992557661623,替浆（单段，实际）,0.2408962114360897,0.2408962114360897,603.132389558233,491.7848714859438,528.9007108433735,0.04819277108431647,0.06336079594351764,0.06288027274099588,0.012497306433398747,0.0,0.23781224865389358,0.08983425256362561,0.0
7795.929922687012,129.93216537811685,替浆（单段，实际）,0.24169573595827745,0.24169573595827745,603.132389558233,491.7848714859438,538.179670682731,0.04819277108431647,0.06348295805296343,0.06295407031248763,0.012511881385964263,0.0,0.2385846398629637,0.08956431290722164,0.0
7797.93285146802,129.965547524467,替浆（单段，实际）,0.2425067341515045,0.2425067341515045,603.132389558233,491.7848714859438,538.179670682731,0.04819277108431647,0.06360583742417036,0.06302901560156068,0.01252668279153557,0.0,0.23936880036364813,0.08929111327609277,0.0
7799.965490149196,129.99942483581992,替浆（单段，实际）,0.24332975914291366,0.24332975914291366,603.132389558233,491.7848714859438,538.179670682731,0.04819277108431647,0.06372945769206721,0.06310515835926366,0.0125417204653403,0.0,0.24016531976219416,0.08901449083877577,0.0
7802.029093982088,130.0338182330348,替浆（单段，实际）,0.24416532037712552,0.24416532037712552,612.4113493975904,491.7848714859438,538.179670682731,0.05220883534134284,0.06385383873191447,0.06844776306289099,0.013596276807013252,0.0,0.24097474895586538,0.08873428064879016,0.0
7804.123940218474,130.06873233697456,替浆（单段，实际）,0.24501353205923582,0.24501353205923582,612.4113493975904,491.7848714859438,538.179670682731,0.05220883534134284,0.06397895279803857,0.06853301069807087,0.013613094380593993,0.0,0.24179725870499388,0.08845032906669449,0.0
7806.251532790536,130.1041922131756,替浆（单段，实际）,0.24587500382863617,0.24587500382863617,612.4113493975904,501.06383132530124,547.4586305220884,0.04819277108431647,0.06410482831823065,0.0633412482882202,0.01258834515558227,0.0,0.24263350169526143,0.08816262138283011,0.0
7808.413459909344,130.1402243318224,替浆（单段，实际）,0.24675037937567704,0.24675037937567704,612.4113493975904,501.06383132530124,547.4586305220884,0.04819277108431647,0.06423149250103488,0.063422622771702,0.012604415047493323,0.0,0.24348416660424227,0.0878709769723343,0.0
7810.611401519127,130.17685669198545,替浆（单段，实际）,0.24764033986138959,0.24764033986138959,621.6903092369478,501.06383132530124,547.4586305220884,0.05220883534134284,0.06435897720027559,0.0687975429893455,0.013665279237769168,0.0,0.24434998205247274,0.08757520334519933,0.0
7812.8471406014005,130.21411901002335,替浆（单段，实际）,0.2485456094158666,0.2485456094158666,621.6903092369478,501.06383132530124,547.4586305220884,0.05220883534134284,0.06448731035922933,0.06888885938618974,0.013683292779831935,0.0,0.24523172183830744,0.08727509321336493,0.0
7815.1216662251345,130.25202777041892,替浆（单段，实际）,0.2494665902231396,0.2494665902231396,621.6903092369478,501.06383132530124,556.7375903614458,0.05220883534134284,0.06461648483398777,0.06898186203176349,0.013701638621839263,0.0,0.24612984873638524,0.0869704316711026,0.0
7817.435944295398,130.29059907158998,替浆（单段，实际）,0.2504036702670403,0.2504036702670403,621.6903092369478,510.34279116465865,556.7375903614458,0.04819277108431647,0.06474649986039487,0.06376301269581866,0.012671632661094612,0.0,0.24704481396746106,0.08666112067737332,0.0
7819.79196438915,130.3298660731525,替浆（单段，实际）,0.2513576564732716,0.2513576564732716,630.9692690763053,510.34279116465865,556.7375903614458,0.05220883534134289,0.06487739072501633,0.06917310491887066,0.013739362409629807,0.0,0.24797747942884166,0.08634705577555113,0.0
7822.191844953317,130.36986408255527,替浆（单段，实际）,0.2523294082958843,0.2523294082958843,630.9692690763053,510.34279116465865,556.7375903614458,0.05220883534134289,0.06500918960231127,0.06927145865341229,0.013758762702207772,0.0,0.24892876073895076,0.08602799646661125,0.0
7824.6377244876685,130.41062874146115,替浆（单段，实际）,0.2533197895643542,0.2533197895643542,630.9692690763053,510.34279116465865,566.0165502008033,0.05220883534134289,0.06514193146806341,0.0693717429012744,0.013778543395976506,0.0,0.24989958116222838,0.08570369330148998,0.0
7827.129549734745,130.45215916224575,替浆（单段，实际）,0.2543287744086916,0.2543287744086916,630.9692690763053,510.34279116465865,566.0165502008033,0.05220883534134289,0.06527557482371277,0.06947404153901235,0.0137987210118653,0.0,0.2508899935954832,0.0853739001819186,0.0
7829.669625515196,130.4944937585866,替浆（单段，实际）,0.2553572989399516,0.2553572989399516,640.2482289156627,519.6217510040161,566.0165502008033,0.05220883534134286,0.06541015250967033,0.0695783669270322,0.013819297963413857,0.0,0.25190099240683456,0.08503865575554184,0.0
7832.260371770118,130.5376728628353,替浆（单段，实际）,0.25640634125120026,0.25640634125120026,640.2482289156627,519.6217510040161,566.0165502008033,0.05220883534134286,0.06554570392326704,0.06968479380719178,0.013840288967090664,0.0,0.2529336154358209,0.08469769042133869,0.0
7834.902870054945,130.58171450091575,替浆（单段，实际）,0.2574763338634826,0.2574763338634826,640.2482289156627,519.6217510040161,575.2955100401607,0.05220883534134286,0.06568222377834688,0.06979341641608336,0.01386171258250013,0.0,0.2539883645314184,0.08435072793573196,0.0
7837.58287365562,130.62638122759367,替浆（单段，实际）,0.2585615108841361,0.2585615108841361,649.5271887550201,519.6217510040161,575.2955100401607,0.056224899598369224,0.06581920752831713,0.07528152178521773,0.014943524929850516,0.0,0.25505961959194956,0.08399766827677453,0.0
7840.267261419464,130.67112102365775,替浆（单段，实际）,0.2596484739217626,0.2596484739217626,649.5271887550201,528.9007108433735,575.2955100401607,0.05220883534134286,0.06595557331958263,0.07001684719629025,0.013905778327318319,0.0,0.25613417613639283,0.08364045186130895,0.0
7842.956653676188,130.71594422793646,替浆（单段，实际）,0.26073747191736596,0.26073747191736596,649.5271887550201,528.9007108433735,575.2955100401607,0.05220883534134286,0.06609137745766588,0.07012992160196313,0.013928078478770423,0.0,0.2572122588460557,0.08328352022547994,0.0
7845.651794473342,130.76086324122238,替浆（单段，实际）,0.2618288008905302,0.2618288008905302,658.8061485943775,528.9007108433735,584.5744698795181,0.056224899598369224,0.066226686749954,0.07564660497625979,0.01501544781628994,0.0,0.25829413554299535,0.08292679556890774,0.0
7848.3535351382425,130.80589225230403,替浆（单段，实际）,0.2629228054502715,0.2629228054502715,658.8061485943775,528.9007108433735,584.5744698795181,0.056224899598369224,0.06636155940211359,0.07576900185083335,0.015039559327309493,0.0,0.25938011876568146,0.08257017716895018,0.0
7851.06281507338,130.85104691788968,替浆（单段，实际）,0.2640198624915508,0.2640198624915508,658.8061485943775,538.179670682731,584.5744698795181,0.05220883534134286,0.06649606219379581,0.07047090925117318,0.01399532385505442,0.0,0.2604705509623194,0.08221355510934131,0.0
7853.780636137957,130.89634393563261,替浆（单段，实际）,0.26512037168900476,0.26512037168900476,668.085108433735,538.179670682731,593.8534297188755,0.056224899598369224,0.06663026542350584,0.07601487647801351,0.015087993492653995,0.0,0.2615657956150119,0.08185681589883553,0.0
7856.507792598024,130.9417965433004,替浆（单段，实际）,0.26622465383221844,0.26622465383221844,668.085108433735,538.179670682731,593.8534297188755,0.056224899598369224,0.06676422378558482,0.07613842072941514,0.015112329235306698,0.0,0.2626661352718163,0.08149983011973644,0.0
7859.244973891794,130.9874162315299,替浆（单段，实际）,0.2673329874729222,0.2673329874729222,668.085108433735,538.179670682731,593.8534297188755,0.056224899598369224,0.06689798662235974,0.07626240885283385,0.01513675180730989,0.0,0.2637718089465092,0.081142495692581,0.0
7861.993224356779,131.0332204059463,替浆（单段，实际）,0.2684457921059342,0.2684457921059342,668.085108433735,547.4586305220884,593.8534297188755,0.05220883534134286,0.06703161469673702,0.07093065988470142,0.01408598294183716,0.0,0.2648831953227941,0.08078473313189637,0.0
7864.753571902917,131.07922619838195,替浆（单段，实际）,0.26956348092580157,0.26956348092580157,677.3640682730924,547.4586305220884,603.132389558233,0.056224899598369224,0.06716516851138755,0.07651182410328193,0.015185878564744404,0.0,0.26600066635481423,0.08042641610837,0.0
7867.527007977192,131.1254501329532,替浆（单段，实际）,0.27068645685175174,0.27068645685175174,677.3640682730924,547.4586305220884,603.132389558233,0.056224899598369224,0.06729869526494404,0.07663732618385392,0.015210597498758749,0.0,0.26712458309409287,0.08006741527617298,0.0
7870.314476690892,131.1719079448482,替浆（单段，实际）,0.2718151022883784,0.2718151022883784,677.3640682730924,547.4586305220884,603.132389558233,0.056224899598369224,0.06743224228600538,0.0767634085296344,0.015235430097255587,0.0,0.26825528645212776,0.07970760973586198,0.0
7873.116857696619,131.21861429494365,替浆（单段，实际）,0.2729497706734685,0.2729497706734685,686.6430281124499,556.7375903614458,603.132389558233,0.05622489959836928,0.0675658545586469,0.07689010759257206,0.015260383530740773,0.0,0.2693930889141744,0.07934689429129885,0.0
7875.934444703052,131.2655740783842,替浆（单段，实际）,0.2740905817109999,0.2740905817109999,686.6430281124499,556.7375903614458,612.4113493975904,0.05622489959836928,0.06769955706451032,0.07701745720847866,0.015285464453719921,0.0,0.2705380685514437,0.07898516524313783,0.0
7878.767775528362,131.31279625880603,替浆（单段，实际）,0.2752377560136296,0.2752377560136296,686.6430281124499,556.7375903614458,612.4113493975904,0.05622489959836928,0.06783337439067584,0.0771454694739327,0.015310675238693783,0.0,0.2716904044721844,0.07862239077378468,0.0
7881.617490079166,131.36029150131944,替浆（单段，实际）,0.2763915503696593,0.2763915503696593,695.9219879518073,556.7375903614458,612.4113493975904,0.060240963855395645,0.0679673368522811,0.08279374562443105,0.016422406629618247,0.0,0.2728503133035905,0.0782585222121343,0.0
7884.484134365179,131.4080689060863,替浆（单段，实际）,0.2775521850413757,0.2775521850413757,695.9219879518073,566.0165502008033,621.6903092369478,0.056224899598369224,0.06810147338129079,0.07740356109896422,0.01536150194048358,0.0,0.27401797557507185,0.07789349014371356,0.0
7887.368156247099,131.45613593745165,替浆（单段，实际）,0.2787198444861333,0.2787198444861333,695.9219879518073,566.0165502008033,621.6903092369478,0.056224899598369224,0.0682357998412176,0.07753368671926575,0.015387126946101781,0.0,0.2751935365548091,0.07752723355722085,0.0
7890.269903484752,131.50449839141254,替浆（单段，实际）,0.2798946685239903,0.2798946685239903,705.2009477911647,566.0165502008033,621.6903092369478,0.060240963855395596,0.06837033425049903,0.08321202662484058,0.016504685551946285,0.0,0.2763770979793563,0.07715971284440708,0.0
7893.18907117262,131.55315118621033,替浆（单段，实际）,0.28107653099913166,0.28107653099913166,705.2009477911647,575.2955100401607,630.9692690763053,0.056224899598369224,0.06850507721125343,0.07779618965438127,0.015438818343001426,0.0,0.27756849460031946,0.07679090398895043,0.0
7896.125724603282,131.6020954100547,替浆（单段，实际）,0.2822654624268033,0.2822654624268033,705.2009477911647,575.2955100401607,630.9692690763053,0.056224899598369224,0.06864003230445859,0.07792857085878226,0.015464885476926815,0.0,0.2787677192212981,0.07642085296495409,0.0
7899.079954792946,131.65133257988245,替浆（单段，实际）,0.28346150024364447,0.28346150024364447,714.4799076305221,575.2955100401607,630.9692690763053,0.060240963855395596,0.06877520535856632,0.08363753775782039,0.01658837963172577,0.0,0.279974773167738,0.07604956745267392,0.0
7902.042433826747,131.70070723044577,替浆（单段，实际）,0.2846608671926251,0.2846608671926251,714.4799076305221,575.2955100401607,630.9692690763053,0.060240963855395596,0.06891035990117235,0.08378097815574104,0.016616591417881965,0.0,0.2811858076478718,0.0756770607874669,0.0
7905.003625145486,131.75006041909143,替浆（单段，实际）,0.2858597109074072,0.2858597109074072,714.4799076305221,584.5744698795181,640.2482289156627,0.056224899598369224,0.06904525382667372,0.07832984853762727,0.015543896699439896,0.0,0.2823968909705879,0.07530451164423013,0.0
7907.965186218029,131.7994197703005,替浆（单段，实际）,0.28705870384012727,0.28705870384012727,723.7588674698795,584.5744698795181,640.2482289156627,0.060240963855395596,0.06917993596948357,0.08406867209140623,0.016673172478680054,0.0,0.2836086599238553,0.07493312137181161,0.0
7910.924152655849,131.84873587759748,替浆（单段，实际）,0.2882566429921484,0.2882566429921484,723.7588674698795,584.5744698795181,640.2482289156627,0.060240963855395596,0.06931433789852023,0.0842124827923333,0.016701454656011472,0.0,0.2848198595065608,0.07456268863764395,0.0
7913.8814781073825,131.89802463512305,替浆（单段，实际）,0.28945391654046576,0.28945391654046576,723.7588674698795,593.8534297188755,649.5271887550201,0.056224899598369224,0.06944849292630373,0.07873242148935702,0.015623156588479126,0.0,0.2860308439039097,0.07419357502218857,0.0
7916.838521916845,131.94730869861408,替浆（单段，实际）,0.29065107636090487,0.29065107636090487,733.037827309237,593.8534297188755,649.5271887550201,0.060240963855395596,0.0695824379635197,0.08449974383858438,0.016757945707010613,0.0,0.28724213607799365,0.0738256531353328,0.0
7919.797596964644,131.9966266160774,替浆（单段，实际）,0.2918490558575442,0.2918490558575442,733.037827309237,593.8534297188755,649.5271887550201,0.060240963855395596,0.06971623935045627,0.08464328366148513,0.016786172179914738,0.0,0.288454648552617,0.07345875775415583,0.0
7922.7548730752305,132.04591455125384,替浆（单段，实际）,0.2930463042206008,0.2930463042206008,733.037827309237,593.8534297188755,658.8061485943775,0.060240963855395596,0.06984980828761242,0.08478688838836727,0.016814410605037744,0.0,0.28966678171725896,0.07309259930212063,0.0
7925.71130441271,132.0951884068785,替浆（单段，实际）,0.2942432115482375,0.2942432115482375,742.3167871485944,603.132389558233,658.8061485943775,0.060240963855395596,0.06998316819167888,0.08493042345708438,0.016842634522150735,0.0,0.2908789008935099,0.0727276440348493,0.0
7928.668865829413,132.1444810971569,替浆（单段，实际）,0.29544057542626445,0.29544057542626445,742.3167871485944,603.132389558233,658.8061485943775,0.060240963855395596,0.07011637439661855,0.08507390747274468,0.016870847590701343,0.0,0.2920917868585653,0.07236377617814664,0.0
7931.629045659294,132.1938174276549,替浆（单段，实际）,0.29663899593897863,0.29663899593897863,742.3167871485944,603.132389558233,658.8061485943775,0.060240963855395596,0.07024947363572544,0.08521743205395971,0.016899067825645653,0.0,0.2933060225687446,0.07200075056914063,0.0
7934.587896362759,132.24313160604598,替浆（单段，实际）,0.29783687950025833,0.29783687950025833,751.5957469879519,612.4113493975904,668.085108433735,0.060240963855395645,0.07038236413631682,0.08536107091985536,0.016927309720571992,0.0,0.29451996918614387,0.07163838004345598,0.0
7937.546806140969,132.29244676901615,替浆（单段，实际）,0.2990347875751209,0.2990347875751209,751.5957469879519,612.4113493975904,668.085108433735,0.060240963855395645,0.07051508375819217,0.08550467934343607,0.01695554481895356,0.0,0.2957341722265008,0.07127714964776619,0.0
7940.5080516306025,132.34180086051003,替浆（单段，实际）,0.300233640714694,0.300233640714694,751.5957469879519,612.4113493975904,668.085108433735,0.060240963855395645,0.07064769769231205,0.0856482941146961,0.016983780354361433,0.0,0.29694954270023766,0.07091688608165764,0.0
7943.469844776737,132.39116407961228,替浆（单段，实际）,0.30143271544928785,0.30143271544928785,760.8747068273093,612.4113493975904,677.3640682730924,0.06425702811242201,0.07078016288952149,0.09151148682091707,0.018135827460753817,0.0,0.2981653262629118,0.07055731281523708,0.0
7946.431032730415,132.44051721217357,替浆（单段，实际）,0.30263154773341994,0.30263154773341994,760.8747068273093,621.6903092369478,677.3640682730924,0.060240963855395645,0.0709124480547722,0.08593579896867788,0.017040303116227173,0.0,0.2993810315149888,0.07019864387870076,0.0
7949.393498404938,132.4898916400823,替浆（单段，实际）,0.3038308999217244,0.3038308999217244,760.8747068273093,621.6903092369478,677.3640682730924,0.060240963855395645,0.07104460825990293,0.08607958206557098,0.017068569307672976,0.0,0.30059741123480443,0.06984101561660883,0.0
7952.357468773964,132.53929114623273,替浆（单段，实际）,0.3050308623580796,0.3050308623580796,770.1536666666667,621.6903092369478,686.6430281124499,0.06425702811242201,0.0711766545013164,0.09197167092821629,0.01822619095985112,0.0,0.301814537818229,0.06948420322753246,0.0
7955.320369269946,132.58867282116577,替浆（单段，实际）,0.3062303952714498,0.3062303952714498,770.1536666666667,630.9692690763053,686.6430281124499,0.060240963855395596,0.07130851902324942,0.08636740037981974,0.01712514881267646,0.0,0.3030313373856191,0.06912817813213303,0.0
7958.283540880485,132.63805901467475,替浆（单段，实际）,0.30743004353076375,0.30743004353076375,770.1536666666667,630.9692690763053,686.6430281124499,0.060240963855395596,0.07144023968666562,0.08651136088450237,0.017153447437209368,0.0,0.30424834322044864,0.06877324200813754,0.0
7961.248922950245,132.68748204917077,替浆（单段，实际）,0.30863059031981743,0.30863059031981743,779.4326265060241,630.9692690763053,686.6430281124499,0.06425702811242195,0.07157187375984332,0.09243239153139687,0.018316651476382395,0.0,0.3054663311847478,0.06841923546711194,0.0
7964.212418920878,132.7368736486813,替浆（单段，实际）,0.3098303775808072,0.3098303775808072,779.4326265060241,630.9692690763053,695.9219879518073,0.06425702811242195,0.07170331980721047,0.09258614063857376,0.018346837599944266,0.0,0.3066836007210989,0.06806593179976818,0.0
7967.175612948452,132.78626021580754,替浆（单段，实际）,0.3110300505749042,0.3110300505749042,779.4326265060241,640.2482289156627,695.9219879518073,0.060240963855395596,0.07183461629017605,0.08694363130328418,0.01723841486244093,0.0,0.3079007873117017,0.06771380818208704,0.0
7970.140468328029,132.8356744721338,替浆（单段，实际）,0.3122304029602479,0.3122304029602479,788.7115863453815,640.2482289156627,695.9219879518073,0.06425702811242195,0.07196582250054115,0.09289363704312484,0.01840720670718765,0.0,0.3091186774065732,0.06736267475650644,0.0
7973.104024675213,132.8850670779202,替浆（单段，实际）,0.31343023490212774,0.31343023490212774,788.7115863453815,640.2482289156627,705.2009477911647,0.06425702811242195,0.07209686912595735,0.09304752932287015,0.018437418152802754,0.0,0.3103360352552969,0.06701230416456798,0.0
7976.066879160508,132.93444798600845,替浆（单段，实际）,0.31462979186283957,0.31462979186283957,788.7115863453815,649.5271887550201,705.2009477911647,0.060240963855395596,0.07222777141891486,0.08737634972001959,0.017323462989628613,0.0,0.3115530906374959,0.06666303870283384,0.0
7979.030566259005,132.98384277098341,替浆（单段，实际）,0.31582969551555284,0.31582969551555284,797.990546184739,649.5271887550201,705.2009477911647,0.06425702811242195,0.0723585724988603,0.09335537957804373,0.018497851150610423,0.0,0.3127704551672635,0.06631480371789708,0.0
7981.995249482182,133.03325415803636,替浆（单段，实际）,0.3170300095743735,0.3170300095743735,797.990546184739,649.5271887550201,714.4799076305221,0.06425702811242195,0.07248928716229905,0.0935094244761306,0.018528089764495936,0.0,0.3139881743950894,0.06596742129967213,0.0
7984.958717288394,133.0826452881399,替浆（单段，实际）,0.3182298400492385,0.3182298400492385,797.990546184739,649.5271887550201,714.4799076305221,0.06425702811242195,0.07261986264863525,0.09366359399206217,0.01855835190780375,0.0,0.31520532199052587,0.06562087249091583,0.0
7987.922241057149,133.1320373509525,替浆（单段，实际）,0.3194297050136721,0.3194297050136721,807.2695060240965,658.8061485943775,714.4799076305221,0.06425702811242201,0.07275033348816694,0.0938177981826665,0.01858861992404981,0.0,0.31642240359675483,0.0652754060598814,0.0
7990.887984716686,133.18146641194477,替浆（单段，实际）,0.320630477516349,0.320630477516349,807.2695060240965,658.8061485943775,714.4799076305221,0.06425702811242201,0.07288076339950787,0.09397208366103511,0.018618902961674344,0.0,0.3176402851752204,0.06493087681130981,0.0
7993.85226206694,133.230871034449,替浆（单段，实际）,0.32183066422931506,0.32183066422931506,807.2695060240965,658.8061485943775,723.7588674698795,0.06425702811242201,0.07301106816536881,0.09412655420431758,0.018649221387586956,0.0,0.31885743232271535,0.06458703560321696,0.0
7996.816191859821,133.28026986433034,替浆（单段，实际）,0.3230307208333012,0.3230307208333012,807.2695060240965,668.085108433735,723.7588674698795,0.060240963855395645,0.07314127996967801,0.08838850195309043,0.017522366507149667,0.0,0.32007428698983575,0.06424430128497428,0.0
7999.781498057252,133.32969163428754,替浆（单段，实际）,0.32423134471234544,0.32423134471234544,816.5484658634539,668.085108433735,723.7588674698795,0.06425702811242201,0.07327144913818648,0.09443565653252944,0.01870988707446941,0.0,0.32129153622705464,0.06390254216756934,0.0
8002.745882043507,133.37909803405844,替浆（单段，实际）,0.3254316024676438,0.3254316024676438,816.5484658634539,668.085108433735,733.037827309237,0.06425702811242201,0.07340152982752102,0.09459040244832355,0.018740256731945792,0.0,0.322508213783735,0.06356156382175569,0.0
8005.709518412104,133.42849197353507,替浆（单段，实际）,0.32663156450627817,0.32663156450627817,816.5484658634539,668.085108433735,733.037827309237,0.06425702811242201,0.0735315327447245,0.09474522172428954,0.018770639846151682,0.0,0.3237243712230732,0.06322162768492758,0.0
8008.673721072687,133.47789535121146,替浆（单段，实际）,0.3278317647848591,0.3278317647848591,825.8274257028113,677.3640682730924,733.037827309237,0.06425702811242201,0.07366149563599424,0.09490011113831173,0.018801035783471476,0.0,0.3249405296143031,0.06288270486780727,0.0
8011.639077522057,133.52731795870096,替浆（单段，实际）,0.32903243860601494,0.32903243860601494,825.8274257028113,677.3640682730924,742.3167871485944,0.06425702811242201,0.0737914425369008,0.09505513349794165,0.018831456867614116,0.0,0.3261569078133138,0.0625446477313335,0.0
8014.602988565919,133.57671647609865,替浆（单段，实际）,0.3302325322621327,0.3302325322621327,825.8274257028113,677.3640682730924,742.3167871485944,0.06425702811242201,0.07392131953982513,0.09521032488023963,0.018861910175497765,0.0,0.3273724189866327,0.06220739062982546,0.0
8017.566899196577,133.62611498660962,替浆（单段，实际）,0.33143263173387766,0.33143263173387766,835.1063855421687,686.6430281124499,742.3167871485944,0.06425702811242195,0.07405116513302124,0.09536558025785502,0.01889237509543673,0.0,0.3285876379152896,0.06187122408273725,0.0
8020.53277933368,133.675546322228,替浆（单段，实际）,0.3326335329115625,0.3326335329115625,835.1063855421687,686.6430281124499,751.5957469879519,0.06425702811242195,0.07418103613215722,0.095520950278043,0.01892286156406353,0.0,0.32980335196506166,0.06153598110353776,0.0
8023.4971928116065,133.7249532135268,替浆（单段，实际）,0.33383384453974335,0.33383384453974335,835.1063855421687,686.6430281124499,751.5957469879519,0.06425702811242195,0.07431085571109841,0.09567653155696429,0.01895338853630224,0.0,0.3310181347361887,0.06120143895210055,0.0
8026.461222781398,133.7743537130233,替浆（单段，实际）,0.33503400415327866,0.33503400415327866,844.3853453815261,686.6430281124499,751.5957469879519,0.06827309236944833,0.07444065676757974,0.10182170329784046,0.020158387874482098,0.0,0.3322324124234572,0.0608679857574709,0.0
8029.426384679033,133.82377307798387,替浆（单段，实际）,0.3362346247139736,0.3362346247139736,844.3853453815261,695.9219879518073,760.8747068273093,0.06425702811242195,0.07457048041676796,0.095987958083764,0.019014491421143864,0.0,0.3334467890452504,0.06053549520638034,0.0
8032.394800029571,133.87324666715952,替浆（单段，实际）,0.33743656265995875,0.33743656265995875,844.3853453815261,695.9219879518073,760.8747068273093,0.06425702811242195,0.07470038645793442,0.09614391097773468,0.01904508844977315,0.0,0.33466211519687294,0.060203796295254616,0.0
8035.363345551229,133.9227224258538,替浆（单段，实际）,0.33863855458880776,0.33863855458880776,853.6643052208835,695.9219879518073,760.8747068273093,0.06827309236944833,0.07483030349120985,0.10231891379867947,0.02025582053768904,0.0,0.33587709834420415,0.059872650752266915,0.0
8038.332184491946,133.97220307486575,替浆（单段，实际）,0.3398406665595621,0.3398406665595621,853.6643052208835,705.2009477911647,760.8747068273093,0.06425702811242195,0.07496023607782266,0.09645656866338952,0.019106427150426875,0.0,0.3370917924632427,0.05954240885163625,0.0
8041.303293064749,134.02172155107914,替浆（单段，实际）,0.3410436967717025,0.3410436967717025,853.6643052208835,705.2009477911647,770.1536666666667,0.06425702811242195,0.07509023709987417,0.09661314512811636,0.019137143639058496,0.0,0.338306992378424,0.0592130509520335,0.0
8044.275406032426,134.0712567672071,替浆（单段，实际）,0.3422471327181027,0.3422471327181027,862.9432650602411,705.2009477911647,770.1536666666667,0.06827309236944838,0.07522027874859115,0.1028180971404958,0.020353630049845695,0.0,0.3395221696963774,0.058884356845119896,0.0
8047.24738906772,134.12078981779533,替浆（单段，实际）,0.34345051591888315,0.34345051591888315,862.9432650602411,705.2009477911647,770.1536666666667,0.06827309236944838,0.07535033400078188,0.10298495348724963,0.0203863215472444,0.0,0.3407368527059279,0.05855646573506257,0.0
8050.2206451547245,134.17034408591206,替浆（单段，实际）,0.3446544134584198,0.3446544134584198,862.9432650602411,714.4799076305221,779.4326265060241,0.06425702811242201,0.0754804372204622,0.09708421469186822,0.01922955021356698,0.0,0.3419516070715382,0.05822950311843615,0.0
8053.194687876602,134.21991146461002,替浆（单段，实际）,0.34585862831326963,0.34585862831326963,872.2222248995985,714.4799076305221,779.4326265060241,0.06827309236944838,0.07561057703819701,0.10331923128627359,0.02045181197888568,0.0,0.3431662285864725,0.057903313145834065,0.0
8056.168045386204,134.2694674231034,替浆（单段，实际）,0.34706256469855634,0.34706256469855634,872.2222248995985,714.4799076305221,779.4326265060241,0.06827309236944838,0.07574071574280078,0.10348670276397466,0.020484620705935486,0.0,0.34438011314586986,0.057577948582052826,0.0
8059.141997314415,134.3190332885736,替浆（单段，实际）,0.34826674045654843,0.34826674045654843,872.2222248995985,723.7588674698795,788.7115863453815,0.06425702811242201,0.07587088328408526,0.09755701152549939,0.01932228686157411,0.0,0.3455937817393054,0.0572535693231038,0.0
8062.118540757899,134.368642345965,替浆（单段，实际）,0.34947196336774267,0.34947196336774267,872.2222248995985,723.7588674698795,788.7115863453815,0.06425702811242201,0.07600112776572214,0.09771496608967485,0.01935326687638317,0.0,0.34680804864169873,0.05693003478447043,0.0
8065.093910600181,134.41823184333634,替浆（单段，实际）,0.350676711224267,0.350676711224267,881.5011847389559,723.7588674698795,788.7115863453815,0.06827309236944838,0.07613135145194491,0.10399028610231462,0.02058326926300713,0.0,0.34802138220685735,0.05660712566356577,0.0
8068.069532739286,134.46782554565476,替浆（单段，实际）,0.351881560968399,0.351881560968399,881.5011847389559,733.037827309237,788.7115863453815,0.06425702811242201,0.07626158548322344,0.09803159744370525,0.019415365610708668,0.0,0.34923436835872607,0.05628525178374406,0.0
8071.046941780174,134.51744902966956,替浆（单段，实际）,0.3530871329366496,0.3530871329366496,881.5011847389559,733.037827309237,797.990546184739,0.06425702811242201,0.07639186404290282,0.0981901676881611,0.01944646342662415,0.0,0.35044763782409005,0.05596425713345434,0.0
8074.024588546384,134.56707647577306,替浆（单段，实际）,0.35429280108700134,0.35429280108700134,890.7801445783133,733.037827309237,797.990546184739,0.06827309236944838,0.07652214393146006,0.10449581383468426,0.02068228872100142,0.0,0.35166056831898707,0.05564397472171435,0.0
8077.002154129716,134.6167025688286,替浆（单段，实际）,0.3554984375632633,0.3554984375632633,890.7801445783133,733.037827309237,797.990546184739,0.06827309236944838,0.07665241139745714,0.10466479655874769,0.02071538571663134,0.0,0.35287304111420464,0.05532457019748199,0.0
8079.980706533985,134.66634510889975,替浆（单段，实际）,0.35670447411366657,0.35670447411366657,890.7801445783133,742.3167871485944,807.2695060240965,0.06425702811242201,0.07678268687781034,0.09866727438321554,0.01954002469411409,0.0,0.3540855022479304,0.05500607802361158,0.0
8082.961142104509,134.71601903507516,替浆（单段，实际）,0.3579112732022818,0.3579112732022818,900.0591044176707,742.3167871485944,807.2695060240965,0.06827309236944838,0.07691298617984409,0.10500341339883468,0.02078170392328671,0.0,0.3552983291246029,0.054688382743884156,0.0
8085.940684607667,134.76567807679444,替浆（单段，实际）,0.3591177115808359,0.3591177115808359,900.0591044176707,742.3167871485944,807.2695060240965,0.06827309236944838,0.07704323503112524,0.10517315105620517,0.02081494540297657,0.0,0.3565104076737101,0.0543713885715215,0.0
8088.9208929414635,134.81534821569105,替浆（单段，实际）,0.3603244212024316,0.3603244212024316,900.0591044176707,751.5957469879519,816.5484658634539,0.06425702811242195,0.07717346469899242,0.09914642185592944,0.019633977176185757,0.0,0.3577223893278332,0.054055389701486344,0.0
8091.899127108099,134.86498545180163,替浆（单段，实际）,0.36153033447263627,0.36153033447263627,909.3380642570281,751.5957469879519,816.5484658634539,0.06827309236944833,0.07730359902884906,0.10551323187912164,0.020881543549906567,0.0,0.35893321983972637,0.05374022046084466,0.0
8094.87594329979,134.9145990549965,替浆（单段，实际）,0.36273567722834194,0.36273567722834194,909.3380642570281,751.5957469879519,816.5484658634539,0.06827309236944833,0.07743364439655501,0.10568351843556904,0.02091488912413364,0.0,0.36014314564923244,0.053426156438465454,0.0
8097.852649799714,134.96421082999524,替浆（单段，实际）,0.3639409770895495,0.3639409770895495,909.3380642570281,751.5957469879519,816.5484658634539,0.06827309236944833,0.07756363023318344,0.10585394238147033,0.020948260464996538,0.0,0.36135271711572686,0.05311313881464042,0.0
8100.82518942912,135.013753157152,替浆（单段，实际）,0.3651445946584999,0.3651445946584999,918.6170240963855,760.8747068273093,825.8274257028113,0.06827309236944833,0.07769344339140302,0.10602456827717535,0.020981670210936554,0.0,0.36256031046483367,0.052801026883603275,0.0
8103.796038572473,135.0632673095412,替浆（单段，实际）,0.3663475318479577,0.3663475318479577,918.6170240963855,760.8747068273093,825.8274257028113,0.06827309236944833,0.07782313899142156,0.10619521933156913,0.021015083742777718,0.0,0.3637669537983939,0.052490242519224725,0.0
8106.7670438627065,135.11278406437845,替浆（单段，实际）,0.36755053576643526,0.36755053576643526,918.6170240963855,760.8747068273093,825.8274257028113,0.06827309236944833,0.07795275765103132,0.10636598419581651,0.021048518417092654,0.0,0.36497341941305467,0.05218052288935761,0.0
8109.737953664272,135.16229922773786,替浆（单段，实际）,0.36875350326800654,0.36875350326800654,927.8959839357431,770.1536666666667,835.1063855421687,0.06827309236944838,0.07808228849844857,0.10653697204622295,0.02108199560656776,0.0,0.3661796271675224,0.05187167495845803,0.0
8112.706655530844,135.21177759218074,替浆（单段，实际）,0.36995558086007985,0.36995558086007985,927.8959839357431,770.1536666666667,835.1063855421687,0.06827309236944838,0.07821166918796767,0.10670818552022712,0.021115515823112663,0.0,0.3673847449562436,0.05156372340299065,0.0
8115.675223172278,135.26125371953796,替浆（单段，实际）,0.37115760764815636,0.37115760764815636,927.8959839357431,770.1536666666667,835.1063855421687,0.06827309236944838,0.07834094597577285,0.10687952597603384,0.02114905975110637,0.0,0.36858963818017726,0.05125688360376047,0.0
8118.644948235805,135.3107491372634,替浆（单段，实际）,0.3723601056977945,0.3723601056977945,937.1749437751005,770.1536666666667,835.1063855421687,0.07228915662647474,0.07847014647487066,0.11334819965511693,0.022414614391175758,0.0,0.36979485417154506,0.050950939120741105,0.0
8121.614211352764,135.3602368558794,替浆（单段，实际）,0.373562418830601,0.373562418830601,937.1749437751005,779.4326265060241,844.3853453815261,0.06827309236944838,0.07859922514959518,0.10722291805001094,0.0212162833735714,0.0,0.3709997594760648,0.05064575758570466,0.0
8124.582853773881,135.40971422956468,替浆（单段，实际）,0.3747644825457872,0.3747644825457872,937.1749437751005,779.4326265060241,844.3853453815261,0.06827309236944838,0.07872817329204923,0.10739498217066039,0.021249965505920843,0.0,0.3722043136480609,0.05034150499763716,0.0
8127.552063974603,135.45920106624337,替浆（单段，实际）,0.3759667780304839,0.3759667780304839,946.4539036144579,779.4326265060241,844.3853453815261,0.07228915662647474,0.0788570148311573,0.11389473602493619,0.022521465744822056,0.0,0.37340902272479126,0.05003819435487529,0.0
8130.52276732432,135.50871278873868,替浆（单段，实际）,0.37716967905043086,0.37716967905043086,946.4539036144579,788.7115863453815,853.6643052208835,0.06827309236944838,0.07898576831292907,0.10773978045436736,0.021317457445197974,0.0,0.37461428483762516,0.049735703411298855,0.0
8133.4920206859615,135.55820034476602,替浆（单段，实际）,0.37837199467137167,0.37837199467137167,946.4539036144579,788.7115863453815,853.6643052208835,0.06827309236944838,0.07911435449805308,0.1079126228642594,0.021351288430286552,0.0,0.37581893005007183,0.049433938584040486,0.0
8136.461464941303,135.60769108235505,替浆（单段，实际）,0.3795743883285972,0.3795743883285972,955.7328634538153,788.7115863453815,853.6643052208835,0.07228915662647474,0.07924281230519747,0.11444362593848657,0.02262876547677317,0.0,0.3770236458824224,0.049133197760004764,0.0
8139.432703202291,135.6572117200382,替浆（单段，实际）,0.3807775086258209,0.3807775086258209,955.7328634538153,788.7115863453815,862.9432650602411,0.07228915662647474,0.07937117706841415,0.11462707832125282,0.022664625035281105,0.0,0.3782291043363114,0.04883331260996694,0.0
8142.402978134059,135.7067163022343,替浆（单段，实际）,0.381980239705943,0.381980239705943,955.7328634538153,797.990546184739,862.9432650602411,0.06827309236944838,0.07949937480005585,0.10843249193993729,0.021453036980821905,0.0,0.3794342090312114,0.04853412175827452,0.0
8145.373033231323,135.75621722052205,替浆（单段，实际）,0.38318288184017124,0.38318288184017124,965.0118232931727,797.990546184739,862.9432650602411,0.07228915662647474,0.07962742106868906,0.11499488699333858,0.022736516876294077,0.0,0.3806392816482391,0.04823590279801058,0.0
8148.344066108158,135.80573443513597,替浆（单段，实际）,0.3843859197195732,0.3843859197195732,965.0118232931727,797.990546184739,862.9432650602411,0.07228915662647474,0.07975534316076276,0.11517913145113914,0.02277252728893342,0.0,0.38184482777461826,0.04793857845568645,0.0
8151.315706091987,135.85526176819977,替浆（单段，实际）,0.3855892034486503,0.3855892034486503,965.0118232931727,807.2695060240965,872.2222248995985,0.06827309236944833,0.07988312809023086,0.10895458047396092,0.021555209276309828,0.0,0.383050716340845,0.04764202852770273,0.0
8154.286397745259,135.90477329575432,替浆（单段，实际）,0.3867921035028749,0.3867921035028749,965.0118232931727,807.2695060240965,872.2222248995985,0.06827309236944833,0.0800107336773673,0.10912914088032334,0.02158936822408075,0.0,0.38425633468744236,0.04734629005065608,0.0
8157.257506978518,135.9542917829753,替浆（单段，实际）,0.3879951717863437,0.3879951717863437,974.2907831325301,807.2695060240965,872.2222248995985,0.0722891566264747,0.08013819311604421,0.11573353511479592,0.02288087698009522,0.0,0.3854622531601485,0.047051517958258265,0.0
8160.230820654869,136.00384701091448,替浆（单段，实际）,0.3891991310936891,0.3891991310936891,974.2907831325301,807.2695060240965,881.5011847389559,0.0722891566264747,0.08026554884135087,0.11591882880905598,0.022917087111547496,0.0,0.3866692125369072,0.046757574475379156,0.0
8163.204860308961,136.05341433848267,替浆（单段，实际）,0.3904033836622357,0.3904033836622357,974.2907831325301,816.5484658634539,881.5011847389559,0.06827309236944833,0.08039276170840688,0.10965423494640156,0.021692114352234726,0.0,0.3878766289619562,0.04646428239798218,0.0
8166.178875077455,136.1029812512909,替浆（单段，实际）,0.39160762560849327,0.39160762560849327,983.5697429718876,816.5484658634539,881.5011847389559,0.07228915662647474,0.08051981125571606,0.11629043939996105,0.022989703284744478,0.0,0.3890842120142179,0.04617178904111867,0.0
8169.154118319672,136.1525686386612,替浆（单段，实际）,0.3928123643925487,0.3928123643925487,983.5697429718876,816.5484658634539,881.5011847389559,0.07228915662647474,0.08064672695267018,0.11647664281101373,0.023026087137236972,0.0,0.390292483754812,0.045880167619852315,0.0
8172.131783553406,136.20219639255677,替浆（单段，实际）,0.39401808310250463,0.39401808310250463,983.5697429718876,825.8274257028113,890.7801445783133,0.06827309236944838,0.0807735374250469,0.11018186545340172,0.02179534592246768,0.0,0.39150194115006876,0.04558929486615313,0.0
8175.108608013256,136.25181013355427,替浆（单段，实际）,0.395223462385521,0.395223462385521,992.8487028112451,825.8274257028113,890.7801445783133,0.07228915662647474,0.08090015951711249,0.11685003372869693,0.023099043050270773,0.0,0.3927112722059748,0.04529905525744459,0.0
8178.085991899286,136.30143319832143,替浆（单段，实际）,0.39642906918444426,0.39642906918444426,992.8487028112451,825.8274257028113,890.7801445783133,0.07228915662647474,0.08102662703982698,0.11703713211886764,0.02313559768561546,0.0,0.39392105581594256,0.04500976687279038,0.0
8181.065665014069,136.35109441690116,替浆（单段，实际）,0.39763560332370906,0.39763560332370906,992.8487028112451,825.8274257028113,900.0591044176707,0.07228915662647474,0.08115298252216982,0.11722448930142852,0.023172201512244528,0.0,0.39513200384312996,0.044721292889966555,0.0
8184.043634369726,136.40072723949544,替浆（单段，实际）,0.3988414508531805,0.3988414508531805,1002.1276626506025,835.1063855421687,900.0591044176707,0.07228915662647474,0.08127912538475489,0.117412201291725,0.023208873281913345,0.0,0.3963425051501927,0.04443346572137338,0.0
8187.021795221457,136.45036325369094,替浆（单段，实际）,0.4000473789218279,0.4000473789218279,1002.1276626506025,835.1063855421687,900.0591044176707,0.07228915662647474,0.08140510267941618,0.11760007822886295,0.02324557589737375,0.0,0.3975533372931435,0.044146671484116516,0.0
8190.0013780467,136.500022967445,替浆（单段，实际）,0.40125388535415374,0.40125388535415374,1002.1276626506025,835.1063855421687,909.3380642570281,0.07228915662647474,0.08153094553856136,0.11778818063623296,0.023282321177898524,0.0,0.3987650072521136,0.0438607262614582,0.0
8192.984368116162,136.5497394686027,替浆（单段，实际）,0.40246177313531917,0.40246177313531917,1011.4066224899599,844.3853453815261,909.3380642570281,0.07228915662647474,0.08165670407740358,0.1179765902825134,0.023319125090949466,0.0,0.3999783283523294,0.04357551211990924,0.0
8195.971425405516,136.5995237567586,替浆（单段，实际）,0.4036713095541472,0.4036713095541472,1011.4066224899599,844.3853453815261,909.3380642570281,0.07228915662647474,0.08178239489143552,0.1181654207037427,0.023356009806652533,0.0,0.4011935757971678,0.04329084022334805,0.0
8198.959288472566,136.64932147454277,替浆（单段，实际）,0.4048811758862288,0.4048811758862288,1011.4066224899599,844.3853453815261,909.3380642570281,0.07228915662647474,0.08190793837993639,0.11835471962978443,0.02339298463841233,0.0,0.4024094306630847,0.043006650169197705,0.0
8201.949384543599,136.69915640905998,替浆（单段，实际）,0.40609194917756264,0.40609194917756264,1020.6855823293173,844.3853453815261,918.6170240963855,0.07630522088350111,0.08203337141155599,0.12513011973598137,0.024715469055058503,0.0,0.40362647787966144,0.042723254444526904,0.0
8204.943652682723,136.74906087804538,替浆（单段，实际）,0.4073044135143805,0.4073044135143805,1020.6855823293173,853.6643052208835,918.6170240963855,0.07228915662647474,0.08215874308907267,0.11873427794740332,0.023467117687740235,0.0,0.4048455106439224,0.042440518429315274,0.0
8207.940306039472,136.79900510065787,替浆（单段，实际）,0.4085178458832365,0.4085178458832365,1020.6855823293173,853.6643052208835,918.6170240963855,0.07228915662647474,0.08228401133073024,0.11892469225183709,0.02350430614552279,0.0,0.4060658068590513,0.042158260974962794,0.0
8210.938399643106,136.8489733273851,替浆（单段，实际）,0.409731863631199,0.409731863631199,1029.9645421686748,853.6643052208835,927.8959839357431,0.07630522088350115,0.08240915507892298,0.1257330164345042,0.024833061130094092,0.0,0.4072869857212646,0.041876653406653766,0.0
8213.939533009834,136.89899221683058,替浆（单段，实际）,0.4109471130089975,0.4109471130089975,1029.9645421686748,862.9432650602411,927.8959839357431,0.07228915662647474,0.0825342152889984,0.11930660283175407,0.023578890104391403,0.0,0.4085097009109244,0.04159578604549837,0.0
8216.942445671948,136.94904076119914,替浆（单段，实际）,0.4121630834229752,0.4121630834229752,1029.9645421686748,862.9432650602411,927.8959839357431,0.07228915662647474,0.08265916355571885,0.11949810425769482,0.023616286595211533,0.0,0.4097334422371943,0.041315510559886665,0.0
8219.946482552878,136.99910804254796,替浆（单段，实际）,0.4133795082675834,0.4133795082675834,1039.2435020080322,862.9432650602411,937.1749437751005,0.07630522088350111,0.08278398675787937,0.1263393797169572,0.024951315044664524,0.0,0.41095794438114325,0.04103594875921911,0.0
8222.951083236105,137.04918472060174,替浆（单段，实际）,0.414596159417269,0.414596159417269,1039.2435020080322,862.9432650602411,937.1749437751005,0.07630522088350111,0.08290867382594326,0.1265421729295366,0.024990860893744804,0.0,0.41218298020996935,0.04075716429505855,0.0
8225.95397483071,137.09923291384519,替浆（单段，实际）,0.4158121168234818,0.4158121168234818,1039.2435020080322,872.2222248995985,937.1749437751005,0.07228915662647474,0.08303317223858939,0.1200744263073864,0.02372882240199925,0.0,0.4134076252647197,0.04047920959945941,0.0
8228.957445900003,137.14929076500005,替浆（单段，实际）,0.4170283052667121,0.4170283052667121,1048.5224618473896,872.2222248995985,937.1749437751005,0.07630522088350111,0.08315753960915528,0.12694841284768008,0.02507007520227178,0.0,0.41463281245017425,0.04020229458869196,0.0
8231.959767812967,137.19932946354945,替浆（单段，实际）,0.418244024985287,0.418244024985287,1048.5224618473896,872.2222248995985,946.4539036144579,0.07630522088350111,0.08328173637411108,0.12715182717104107,0.025109737337677074,0.0,0.41585783848679675,0.039926207262940855,0.0
8234.960103581847,137.24933505969744,替浆（单段，实际）,0.4194589369177162,0.4194589369177162,1048.5224618473896,881.5011847389559,946.4539036144579,0.07228915662647474,0.08340574404535829,0.12065247822623677,0.023841682963452793,0.0,0.4170823627438813,0.03965110642114738,0.0
8237.960734119524,137.29934556865874,替浆（单段，实际）,0.42067396279273817,0.42067396279273817,1057.801421686747,881.5011847389559,946.4539036144579,0.07630522088350111,0.08352961941431962,0.1275590480045252,0.025189133229530425,0.0,0.41830731522985454,0.03937706743452356,0.0
8240.963124345715,137.34938540576192,替浆（单段，实际）,0.42188969444208313,0.42188969444208313,1057.801421686747,881.5011847389559,955.7328634538153,0.07630522088350111,0.08365339926258829,0.1277629070091731,0.025228877213911982,0.0,0.41953329417212637,0.03910388088380383,0.0
8243.965380475349,137.39942300792248,替浆（单段，实际）,0.42310536577966307,0.42310536577966307,1057.801421686747,890.7801445783133,955.7328634538153,0.07228915662647474,0.08377703897480587,0.12123196093404216,0.023954809780783348,0.0,0.4207595286676599,0.038831414110773343,0.0
8246.967442246503,137.44945737077506,替浆（单段，实际）,0.424320951985993,0.424320951985993,1067.0803815261045,890.7801445783133,955.7328634538153,0.07630522088350111,0.08390053834446763,0.12817144290264343,0.025308519758499126,0.0,0.4219859949248892,0.03855984001826842,0.0
8249.97111118125,137.4995185196875,替浆（单段，实际）,0.4255371815689594,0.4255371815689594,1067.0803815261045,890.7801445783133,965.0118232931727,0.07630522088350111,0.08402394093656057,0.12837600263542742,0.02534839546854617,0.0,0.42321342938437845,0.0382891640188107,0.0
8252.972414555285,137.54954024258808,替浆（单段，实际）,0.42675244760358727,0.42675244760358727,1067.0803815261045,890.7801445783133,965.0118232931727,0.07630522088350111,0.08414715214919037,0.1285808411782565,0.025388323893540177,0.0,0.42444021174305235,0.038019224176702233,0.0
8255.969235929419,137.5994872654903,替浆（单段，实际）,0.4279658938810708,0.4279658938810708,1076.359341365462,900.0591044176707,965.0118232931727,0.07630522088350111,0.08427012189148322,0.12878574931434822,0.025428264247517096,0.0,0.42566547812075134,0.03775037793009053,0.0
8258.962089516272,137.64936815860452,替浆（单段，实际）,0.42917772849707375,0.42917772849707375,1076.359341365462,900.0591044176707,974.2907831325301,0.07630522088350111,0.08439286224772162,0.12899056550488394,0.02546818504393311,0.0,0.42688943876300856,0.037482812370365715,0.0
8261.951528501215,137.69919214168692,替浆（单段，实际）,0.43038817558300163,0.43038817558300163,1076.359341365462,900.0591044176707,974.2907831325301,0.07630522088350111,0.08451538579069032,0.12919529378993183,0.025508087072460217,0.0,0.4281123204805447,0.03721647805147694,0.0
8264.937896540354,137.74896494233923,替浆（单段，实际）,0.43159737411580884,0.43159737411580884,1085.6383012048193,909.3380642570281,974.2907831325301,0.07630522088350111,0.084637700568351,0.12939996701410317,0.02554797673636955,0.0,0.4293342644132076,0.03695132271463625,0.0
8267.920991660952,137.7986831943492,替浆（单段，实际）,0.432805242578372,0.432805242578372,1085.6383012048193,909.3380642570281,974.2907831325301,0.07630522088350111,0.0847598010116598,0.12960460618644393,0.02558785813133979,0.0,0.4305551891432429,0.036687313312763425,0.0
8270.901460988014,137.84835768313357,替浆（单段，实际）,0.4340120431806064,0.4340120431806064,1085.6383012048193,909.3380642570281,983.5697429718876,0.07630522088350111,0.08488170162026801,0.12980920074405472,0.025627729199813043,0.0,0.4317753609068313,0.03642446531760333,0.0
8273.8799960058,137.89799993343001,替浆（单段，实际）,0.4352180558341347,0.4352180558341347,1094.9172610441767,909.3380642570281,983.5697429718876,0.08032128514052747,0.0850034181285209,0.13685661297337917,0.027000122401975468,0.0,0.4329950643392772,0.036162719436164406,0.0
8276.857332776604,137.9476222129434,替浆（单段，实际）,0.4364235784577838,0.4364235784577838,1094.9172610441767,918.6170240963855,983.5697429718876,0.07630522088350111,0.08512496714064771,0.13021839393106688,0.025707467235907444,0.0,0.434214602760215,0.03590201328469143,0.0
8279.83390698214,137.99723178303566,替浆（单段，实际）,0.43762878773477115,0.43762878773477115,1094.9172610441767,918.6170240963855,992.8487028112451,0.07630522088350111,0.08524635762143142,0.13042308134877612,0.025747351504046057,0.0,0.4354341573724556,0.035642281433361345,0.0
8282.809737223974,138.0468289537329,替浆（单段，实际）,0.4388336914558821,0.4388336914558821,1104.1962208835341,918.6170240963855,992.8487028112451,0.08032128514052747,0.08536758878338165,0.13750302483415802,0.02712590600328224,0.0,0.4366537388335638,0.03538348546094943,0.0
8285.785670079913,138.0964278346652,替浆（单段，实际）,0.440038632185994,0.440038632185994,1104.1962208835341,927.8959839357431,992.8487028112451,0.07630522088350106,0.08548867954655773,0.1308327741699426,0.025827177096822473,0.0,0.4378736969352438,0.035125623629602754,0.0
8288.762596858656,138.1460432809776,替浆（单段，实际）,0.441243970931742,0.441243970931742,1104.1962208835341,927.8959839357431,992.8487028112451,0.07630522088350106,0.08560964921797816,0.13103782907332903,0.02586712806041913,0.0,0.43909440073726075,0.03486862275787152,0.0
8291.74145159015,138.19569085983582,替浆（单段，实际）,0.4424500857712699,0.4424500857712699,1113.4751807228915,927.8959839357431,1002.1276626506025,0.08032128514052743,0.08573051824228312,0.13815062675483253,0.027251904869764698,0.0,0.44031623717489954,0.03461240683303717,0.0
8294.722616719744,138.24537694532907,替浆（单段，实际）,0.44365713153794945,0.44365713153794945,1113.4751807228915,927.8959839357431,1002.1276626506025,0.08032128514052743,0.08585129418738778,0.1383669818047572,0.027293995751637823,0.0,0.4415393676264492,0.03435689725959852,0.0
8297.70651190643,138.29510853177382,替浆（单段，实际）,0.444865278339046,0.444865278339046,1113.4751807228915,937.1749437751005,1002.1276626506025,0.07630522088350106,0.08597198517444274,0.13165446983390602,0.02598725865953566,0.0,0.4427639692786569,0.034102063721557815,0.0
8300.694171145733,138.34490285242887,替浆（单段，实际）,0.4460749446185003,0.4460749446185003,1122.754140562249,937.1749437751005,1011.4066224899599,0.08032128514052743,0.08609261367369503,0.13880066602165655,0.027378361541118945,0.0,0.44399047143112746,0.0338478732186394,0.0
8303.686606339845,138.39477677233074,替浆（单段，实际）,0.4472865399542529,0.4472865399542529,1122.754140562249,937.1749437751005,1011.4066224899599,0.08032128514052743,0.08621320146852408,0.13901808674577207,0.027420654241766096,0.0,0.44521929497941237,0.03359424112965591,0.0
8306.684853253659,138.44474755422763,替浆（单段，实际）,0.44850048345676213,0.44850048345676213,1122.754140562249,946.4539036144579,1011.4066224899599,0.07630522088350106,0.08633377064024182,0.13227418503558247,0.02610797327899972,0.0,0.44645087106510967,0.033341085967611116,0.0
8309.689188741046,138.49481981235076,替浆（单段，实际）,0.44971688727670334,0.44971688727670334,1132.0331004016066,946.4539036144579,1020.6855823293173,0.08032128514052753,0.0864543254501606,0.13945442832435795,0.027505525899814587,0.0,0.44768531983683607,0.033088325474951275,0.0
8312.699804087071,138.54499673478452,替浆（单段，实际）,0.4509358288688738,0.4509358288688738,1132.0331004016066,946.4539036144579,1020.6855823293173,0.08032128514052753,0.08657486810760037,0.13967344354742167,0.027548123185696993,0.0,0.4489227263520819,0.03283594242035284,0.0
8315.715056443663,138.5952509407277,替浆（单段，实际）,0.45215664417013823,0.45215664417013823,1132.0331004016066,955.7328634538153,1020.6855823293173,0.07630522088350115,0.08669535830640326,0.1328983867675998,0.02622954670818267,0.0,0.4501624226949855,0.03258392712368169,0.0
8318.735992444577,138.64559987407628,替浆（单段，实际）,0.45337975621469645,0.45337975621469645,1141.312060240964,955.7328634538153,1020.6855823293173,0.08032128514052753,0.08681581898190312,0.14011311505636959,0.027633631302905304,0.0,0.4514048442089501,0.03233242317041137,0.0
8321.76335459864,138.69605590997733,替浆（单段，实际）,0.4546054652669628,0.4546054652669628,1141.312060240964,955.7328634538153,1029.9645421686748,0.08032128514052753,0.08693626563335026,0.14033371397628913,0.027676530950676792,0.0,0.45265030177111293,0.03208134872081895,0.0
8324.796481205636,138.74660802009393,替浆（单段，实际）,0.45583350368525405,0.45583350368525405,1141.312060240964,955.7328634538153,1029.9645421686748,0.08032128514052753,0.08705668158718655,0.14055488597014124,0.02771954014349065,0.0,0.4538985291396807,0.03183064843188356,0.0
8327.833671831426,138.7972278638571,替浆（单段，实际）,0.45706318376408117,0.45706318376408117,1150.5910200803214,965.0118232931727,1029.9645421686748,0.08032128514052753,0.08717702693157262,0.14077659260636424,0.027762651393722693,0.0,0.45514883220435476,0.03158038376624077,0.0
8330.875905337514,138.84793175562524,替浆（单段，实际）,0.4582949011358012,0.4582949011358012,1150.5910200803214,965.0118232931727,1039.2435020080322,0.08032128514052753,0.08729732327298105,0.14099872092521343,0.027805842723867435,0.0,0.4564016173079759,0.03133070084611235,0.0
8333.924136086313,138.89873560143855,替浆（单段，实际）,0.45952904157952684,0.45952904157952684,1159.8699799196788,965.0118232931727,1039.2435020080322,0.08433734939755388,0.08741759158057492,0.1482823721966817,0.029221036337881645,0.0,0.4576572807361475,0.031081524349184497,0.0
8336.979098501786,138.94965164169645,替浆（单段，实际）,0.46076590212954704,0.46076590212954704,1159.8699799196788,974.2907831325301,1039.2435020080322,0.08032128514052753,0.08753784758466399,0.14144441347759681,0.027892498800687004,0.0,0.4589161283461689,0.03083278219700445,0.0
8340.040847778972,139.0006807963162,替浆（单段，实际）,0.4620055048400174,0.4620055048400174,1159.8699799196788,974.2907831325301,1048.5224618473896,0.08032128514052753,0.08765809215720316,0.14166808948602436,0.027935985253118245,0.0,0.4601781857063333,0.030584421413129097,0.0
8343.110239304631,139.05183732174385,替浆（单段，实际）,0.4632481954629801,0.4632481954629801,1169.1489397590362,974.2907831325301,1048.5224618473896,0.08433734939755388,0.0877783440681819,0.14898695826409442,0.029357826166101386,0.0,0.46144380725599987,0.030336444988103624,0.0
8346.185356918939,139.1030892819823,替浆（单段，实际）,0.46449319899918196,0.46449319899918196,1169.1489397590362,974.2907831325301,1048.5224618473896,0.08433734939755388,0.0878985607054629,0.1492230726821268,0.02940366160625052,0.0,0.4627122052392192,0.03008879149800437,0.0
8349.257818250833,139.1542969708472,替浆（单段，实际）,0.46573712584578897,0.46573712584578897,1169.1489397590362,983.5697429718876,1057.801421686747,0.08032128514052747,0.08801855732737468,0.1423425795898136,0.028067105920599467,0.0,0.46397992528460125,0.02984162339837642,0.0
8352.329853959202,139.2054975659867,替浆（单段，实际）,0.46698087790384785,0.46698087790384785,1178.4278995983937,983.5697429718876,1057.801421686747,0.08433734939755384,0.08813838496584092,0.14969631056950664,0.029495521851143125,0.0,0.4652478824139771,0.029595618571871016,0.0
8355.402623051148,139.2567103841858,替浆（单段，实际）,0.46822492398588283,0.46822492398588283,1178.4278995983937,983.5697429718876,1057.801421686747,0.08433734939755384,0.08825807078977128,0.14993291774527726,0.029541446429255602,0.0,0.46651655021329114,0.029350598134639062,0.0
8358.476759116958,139.30794598528263,替浆（单段，实际）,0.46946952037758893,0.46946952037758893,1178.4278995983937,992.8487028112451,1067.0803815261045,0.08032128514052747,0.08837763044724567,0.14301868745335508,0.02819852332966921,0.0,0.46778618507396014,0.029106471135268982,0.0
8361.549700917689,139.35916168196147,替浆（单段，实际）,0.4707136317910157,0.4707136317910157,1187.706859437751,992.8487028112451,1067.0803815261045,0.08433734939755384,0.08849700915691726,0.15040646499190286,0.029633353672146256,0.0,0.4690557247376522,0.028863189679819806,0.0
8364.623126149909,139.4103854358318,替浆（单段，实际）,0.47195793685111637,0.47195793685111637,1187.706859437751,992.8487028112451,1067.0803815261045,0.08433734939755384,0.0886162456868701,0.15064328673186653,0.0296793133672294,0.0,0.47032585405347144,0.028620958529146954,0.0
8367.69838950744,139.46163982512402,替浆（单段，实际）,0.47320298392806065,0.47320298392806065,1187.706859437751,1002.1276626506025,1067.0803815261045,0.08032128514052747,0.0887353713849753,0.14369538822045072,0.02833003819079316,0.0,0.47159712478286275,0.028379646486214112,0.0
8370.773598229654,139.51289330382758,替浆（单段，实际）,0.4744480081766413,0.4744480081766413,1196.9858192771085,1002.1276626506025,1076.359341365462,0.08433734939755384,0.08885434651930028,0.151117171926933,0.029771273130895892,0.0,0.47286874715402866,0.028139149748895937,0.0
8373.848916002955,139.56414860004924,替浆（单段，实际）,0.47569307656757276,0.47569307656757276,1196.9858192771085,1002.1276626506025,1076.359341365462,0.08433734939755384,0.08897317632893682,0.1513542171892306,0.029817269665171064,0.0,0.4741407794039592,0.0278996191788315,0.0
8376.925372944774,139.6154228824129,替浆（单段，实际）,0.4769386062556928,0.4769386062556928,1196.9858192771085,1002.1276626506025,1076.359341365462,0.08433734939755384,0.08909188529584916,0.15159127516591114,0.029863266485783857,0.0,0.4754136368921955,0.027661043788908383,0.0
8380.000902314903,139.66668170524838,替浆（单段，实际）,0.47818376218458847,0.47818376218458847,1206.264779116466,1011.4066224899599,1085.6383012048193,0.08433734939755384,0.0892104305740642,0.1518284017490301,0.029909274436559663,0.0,0.4766864546422562,0.027423345889002457,0.0
8383.07583384886,139.71793056414765,替浆（单段，实际）,0.47942867859684557,0.47942867859684557,1206.264779116466,1011.4066224899599,1085.6383012048193,0.08433734939755384,0.08932882147406344,0.15206546959540865,0.029955268809992552,0.0,0.4779593571494296,0.02718668741982821,0.0
8386.151673724102,139.76919456206835,替浆（单段，实际）,0.4806739655967737,0.4806739655967737,1206.264779116466,1011.4066224899599,1085.6383012048193,0.08433734939755384,0.0894470927313621,0.1523024692228723,0.030001247768267403,0.0,0.47923295511852537,0.026951044122057476,0.0
8389.229846759805,139.82049744599675,替浆（单段，实际）,0.4819202002666068,0.4819202002666068,1215.5437389558233,1020.6855823293173,1094.9172610441767,0.08433734939755384,0.0895652775076152,0.15253949248141416,0.030047229131400677,0.0,0.48050782547048204,0.0267163023968603,0.0
8392.306834751782,139.87178057919635,替浆（单段，实际）,0.48316596036802906,0.48316596036802906,1215.5437389558233,1020.6855823293173,1094.9172610441767,0.08433734939755384,0.0896833030729916,0.15277663299126534,0.030093231059422965,0.0,0.4817824994075302,0.026482356777283275,0.0
8395.384508868408,139.9230751478068,替浆（单段，实际）,0.4844120032946951,0.4844120032946951,1215.5437389558233,1020.6855823293173,1094.9172610441767,0.08433734939755384,0.08980121333149865,0.15301367734666313,0.030139212154426387,0.0,0.4830577369990697,0.02624947774243327,0.0
8398.4637883124,139.97439647187332,替浆（单段，实际）,0.4856587013750189,0.4856587013750189,1224.8226987951807,1029.9645421686748,1104.1962208835341,0.08433734939755379,0.08991903196225966,0.1532506959061996,0.030185186066127967,0.0,0.4843339043540982,0.026017525182525595,0.0
8401.546531296206,140.02577552160344,替浆（单段，实际）,0.48690680632210664,0.48690680632210664,1224.8226987951807,1029.9645421686748,1104.1962208835341,0.08433734939755379,0.09003680321716676,0.15348776066840727,0.030231166759729255,0.0,0.48561175582490906,0.025786432850688847,0.0
8404.629378675518,140.07715631125862,替浆（单段，实际）,0.4881549599111944,0.4881549599111944,1224.8226987951807,1029.9645421686748,1104.1962208835341,0.08433734939755379,0.09015445945036457,0.153724985264621,0.030277176272239026,0.0,0.48688988517097087,0.025556065540093268,0.0
8407.71358743771,140.12855979062851,替浆（单段，实际）,0.4894036706369391,0.4894036706369391,1234.1016586345381,1039.2435020080322,1113.4751807228915,0.08433734939755379,0.09027203243030237,0.1539621696841126,0.030323175810195835,0.0,0.4881687965760337,0.025326678678760966,0.0
8410.800424216808,140.18000707028014,替浆（单段，实际）,0.4906534504779909,0.4906534504779909,1234.1016586345381,1039.2435020080322,1113.4751807228915,0.08433734939755379,0.09038955450063263,0.1541993469073389,0.0303691717705854,0.0,0.48944899764124267,0.025098181437585892,0.0
8413.886663810243,140.2314443968374,替浆（单段，实际）,0.4919029946447512,0.4919029946447512,1234.1016586345381,1039.2435020080322,1113.4751807228915,0.08433734939755379,0.09050696217140151,0.1544365964654984,0.03041517957615869,0.0,0.4907291344516051,0.024870483933517623,0.0
8416.97396201687,140.28289936694782,替浆（单段，实际）,0.4931529719056546,0.4931529719056546,1243.3806184738955,1039.2435020080322,1122.754140562249,0.08835341365458016,0.09062429665155697,0.16203913558762076,0.031888320636983214,0.0,0.4920098740325062,0.02464382784171977,0.0
8420.061248766637,140.3343541461106,替浆（单段，实际）,0.4944029486831309,0.4944029486831309,1243.3806184738955,1048.5224618473896,1122.754140562249,0.08433734939755379,0.09074154115344579,0.1549107747776203,0.03050712643489062,0.0,0.4932907537461085,0.02441809382461024,0.0
8423.143372144223,140.38572286907038,替浆（单段，实际）,0.4956508405255783,0.4956508405255783,1243.3806184738955,1048.5224618473896,1122.754140562249,0.08433734939755379,0.09085859219786448,0.15514769335411802,0.030553063520853074,0.0,0.4945696185000494,0.024193363151744467,0.0
8426.21982975541,140.43699716259016,替浆（单段，实际）,0.4968964432022719,0.4968964432022719,1252.6595783132532,1048.5224618473896,1132.0331004016066,0.08835341365458026,0.09097544514891308,0.1627833717963658,0.03203241066619367,0.0,0.49584623917751014,0.023970011521661866,0.0
8429.292817664633,140.48821362774387,替浆（单段，实际）,0.49814064375096384,0.49814064375096384,1252.6595783132532,1057.801421686747,1132.0331004016066,0.08433734939755388,0.09109215329776006,0.15561998068089544,0.03064463069659984,0.0,0.4971215050263705,0.023748072543816574,0.0
8432.364562961973,140.53940938269955,替浆（单段，实际）,0.49938434189998593,0.49938434189998593,1252.6595783132532,1057.801421686747,1132.0331004016066,0.08433734939755388,0.09120877062027202,0.1558553777388621,0.030690266302754288,0.0,0.49839631843688464,0.023527385411422037,0.0
8435.431498584341,140.59052497640567,替浆（单段，实际）,0.5006260941693471,0.5006260941693471,1261.9385381526106,1057.801421686747,1132.0331004016066,0.08835341365458026,0.09132522704136645,0.16352334740737992,0.03217565454790616,0.0,0.4996691798857308,0.023307789974412678,0.0
8438.495184752224,140.64158641253707,替浆（单段，实际）,0.5018665308477399,0.5018665308477399,1261.9385381526106,1067.0803815261045,1141.312060240964,0.08433734939755388,0.09144156188869502,0.15632504298535796,0.03078131224557734,0.0,0.5009407153937343,0.02308954133752374,0.0
8441.557776047894,140.69262960079823,替浆（单段，实际）,0.5031065227767394,0.5031065227767394,1261.9385381526106,1067.0803815261045,1141.312060240964,0.08433734939755388,0.09155782711199244,0.15655915297599945,0.03082669193876908,0.0,0.5022117976612981,0.022872526772085986,0.0
8444.620089140908,140.74366815234848,替浆（单段，实际）,0.5043463999128114,0.5043463999128114,1271.217497991968,1067.0803815261045,1141.312060240964,0.08835341365458026,0.09167404558634248,0.1642592709896363,0.03231809301712618,0.0,0.5034827449608729,0.022656593712122523,0.0
8447.678871514641,140.79464785857735,替浆（单段，实际）,0.5055848464957297,0.5055848464957297,1271.217497991968,1067.0803815261045,1150.5910200803214,0.08835341365458026,0.09179015246059657,0.16450391567672984,0.032365439506278015,0.0,0.5047521886869192,0.022441686332568808,0.0
8450.736264121599,140.84560440202665,替浆（单段，实际）,0.5068227282317227,0.5068227282317227,1271.217497991968,1076.359341365462,1150.5910200803214,0.08433734939755388,0.0919061981653109,0.15725952301849702,0.030962438421460958,0.0,0.5060209965503768,0.022228034117867435,0.0
8453.794218374422,140.89657030624036,替浆（单段，实际）,0.5080608342181256,0.5080608342181256,1280.4964578313254,1076.359341365462,1150.5910200803214,0.08835341365458026,0.09202222912959306,0.16499183255585617,0.03245985994624867,0.0,0.5072899578949397,0.022015487364506627,0.0
8456.85367552945,140.94756125882415,替浆（单段，实际）,0.5092995453291073,0.5092995453291073,1280.4964578313254,1076.359341365462,1159.8699799196788,0.08835341365458026,0.09213826924899034,0.16523533973961396,0.03250697939378233,0.0,0.5085594438142204,0.02180391231470832,0.0
8459.916443952663,140.99860739921104,替浆（单段，实际）,0.5105395930116343,0.5105395930116343,1280.4964578313254,1085.6383012048193,1159.8699799196788,0.08433734939755388,0.09225436114028666,0.15795690959715022,0.031097587754039924,0.0,0.5098301848956107,0.021593247376569553,0.0
8462.98417656876,141.049736276146,替浆（单段，实际）,0.5117816462921313,0.5117816462921313,1289.7754176706828,1085.6383012048193,1159.8699799196788,0.08835341365458026,0.0923705431073123,0.1657219329451968,0.032601129918462646,0.0,0.511102847862127,0.021383372833150484,0.0
8466.058363546463,141.10097272577437,替浆（单段，实际）,0.5130263084710655,0.5130263084710655,1289.7754176706828,1085.6383012048193,1169.1489397590362,0.08835341365458026,0.0924868493844481,0.16596525379560081,0.0326482064361332,0.0,0.5123780321548527,0.021174182005631658,0.0
8469.13830410917,141.15230506848619,替浆（单段，实际）,0.5142732964353653,0.5142732964353653,1289.7754176706828,1094.9172610441767,1169.1489397590362,0.08433734939755388,0.09260326770736496,0.15865378817276723,0.03123261981031822,0.0,0.5136554292927156,0.02096558152703636,0.0
8472.221929422143,141.20369882370238,替浆（单段，实际）,0.5155217741225095,0.5155217741225095,1299.0543775100402,1094.9172610441767,1169.1489397590362,0.08835341365458026,0.09271975606323166,0.1664523170080404,0.03274243414100031,0.0,0.5149341650153552,0.020757628011254123,0.0
8475.31085216872,141.2551808694787,替浆（单段，实际）,0.5167723944760263,0.5167723944760263,1299.0543775100402,1094.9172610441767,1178.4278995983937,0.08835341365458026,0.09283635043030448,0.1666958585464905,0.03278954647274335,0.0,0.51621489096741,0.02055046910539209,0.0
8478.404679066127,141.30674465110212,替浆（单段，实际）,0.5180249987405952,0.5180249987405952,1299.0543775100402,1104.1962208835341,1178.4278995983937,0.08433734939755388,0.09295304464750555,0.15935126498719315,0.03136774894240635,0.0,0.5174974278542804,0.02034400364090291,0.0
8481.501105741989,141.35835176236648,替浆（单段，实际）,0.5192786555259306,0.5192786555259306,1308.3333373493977,1104.1962208835341,1178.4278995983937,0.08835341365458026,0.0930697913655127,0.16718297784198766,0.03288377125774167,0.0,0.5187808060881408,0.020138266068114353,0.0
8484.595849363799,141.40993082273,替浆（单段，实际）,0.5205316330409352,0.5205316330409352,1308.3333373493977,1104.1962208835341,1187.706859437751,0.08835341365458026,0.09318650137897372,0.1674263569181226,0.032930845282902355,0.0,0.5200632382003237,0.01993341679688408,0.0
8487.685832485935,141.46143054143224,替浆（单段，实际）,0.5217826864009937,0.5217826864009937,1308.3333373493977,1113.4751807228915,1187.706859437751,0.08433734939755388,0.09330311139087505,0.1600479084645387,0.0315026978089924,0.0,0.5213434371231624,0.019729743310402274,0.0
8490.77236754391,141.5128727923985,替浆（单段，实际）,0.5230323463058225,0.5230323463058225,1317.612297188755,1113.4751807228915,1187.706859437751,0.08835341365458026,0.09341965028747308,0.16791136180643937,0.03302464738685651,0.0,0.5226219342726843,0.019527449928074488,0.0
8493.853014867675,141.56421691446124,替浆（单段，实际）,0.5242796242629632,0.5242796242629632,1317.612297188755,1113.4751807228915,1187.706859437751,0.08835341365458026,0.09353606153011959,0.16815276327115186,0.03307133211316371,0.0,0.5238977076073368,0.019326462637999135,0.0
8496.928923954016,141.61548206590027,替浆（单段，实际）,0.5255249840638896,0.5255249840638896,1317.612297188755,1113.4751807228915,1196.9858192771085,0.08835341365458026,0.09365237008613543,0.1683932910247303,0.03311784563044706,0.0,0.5251712219738794,0.01912694014414856,0.0
8500.002334824225,141.66670558040374,替浆（单段，实际）,0.5267693309300537,0.5267693309300537,1326.8912570281125,1122.754140562249,1196.9858192771085,0.08835341365458026,0.09376862325055227,0.16863298220813067,0.0331641951450391,0.0,0.5264433939502761,0.018928809072645013,0.0
8503.075389474285,141.71792315790475,替浆（单段，实际）,0.5280135319933952,0.5280135319933952,1326.8912570281125,1122.754140562249,1196.9858192771085,0.08835341365458026,0.09388487088728276,0.16887198412486576,0.03321040916261209,0.0,0.5277151009724678,0.01873191853050732,0.0
8506.146898718507,141.7691149786418,替浆（单段，实际）,0.5292571053181635,0.5292571053181635,1326.8912570281125,1122.754140562249,1206.264779116466,0.08835341365458026,0.09400108672848478,0.16911044411195494,0.033256516189805074,0.0,0.5289858418390466,0.01853613861573199,0.0
8509.215904243702,141.82026507072837,替浆（单段，实际）,0.5304996632600496,0.5304996632600496,1336.17021686747,1132.0331004016066,1206.264779116466,0.08835341365458016,0.09411725167165219,0.16934829711800484,0.0333025036647111,0.0,0.530255212841482,0.018341543655188558,0.0
8512.284526479738,141.87140877466229,替浆（单段，实际）,0.5317420639828653,0.5317420639828653,1336.17021686747,1132.0331004016066,1206.264779116466,0.08835341365458016,0.09423341390994805,0.1695854588875816,0.03334835531505198,0.0,0.5315240836108266,0.01814818989852544,0.0
8515.3545822287,141.92257637047834,替浆（单段，实际）,0.5329850410870122,0.5329850410870122,1336.17021686747,1132.0331004016066,1215.5437389558233,0.08835341365458016,0.09434961137183345,0.16982204121372002,0.03339409277190908,0.0,0.5327931964612425,0.01795595286835829,0.0
8518.425241783607,141.9737540297268,替浆（单段，实际）,0.5342282591013383,0.5342282591013383,1345.4491767068273,1141.312060240964,1215.5437389558233,0.08835341365458016,0.09446582856304775,0.17005816730697126,0.03343973986937099,0.0,0.5340622021332105,0.017764715530840056,0.0
8521.495112036013,142.02491853393354,替浆（单段，实际）,0.5354711549390173,0.5354711549390173,1345.4491767068273,1141.312060240964,1215.5437389558233,0.08835341365458016,0.09458203670606773,0.17029378918380925,0.03348528734467815,0.0,0.5353305199345922,0.017574538934457706,0.0
8524.566202299611,142.0761033716602,替浆（单段，实际）,0.5367145417148662,0.5367145417148662,1345.4491767068273,1141.312060240964,1224.8226987951807,0.08835341365458016,0.09469828144794804,0.1705287985016062,0.033530714269747075,0.0,0.5365989743957986,0.017385508364613497,0.0
8527.639437163149,142.12732395271914,替浆（单段，实际）,0.5379587928998221,0.5379587928998221,1345.4491767068273,1150.5910200803214,1224.8226987951807,0.08433734939755379,0.09481458368052234,0.16300132292559205,0.03207460367241566,0.0,0.5378679413250155,0.01719750612549916,0.0
8530.71333677887,142.17855561298117,替浆（单段，实际）,0.5392033087120741,0.5392033087120741,1354.7281365461847,1150.5910200803214,1224.8226987951807,0.08835341365458016,0.09493090889990488,0.17099732813013407,0.03362127392577796,0.0,0.5391368043280665,0.017010476683791655,0.0
8533.787897112084,142.2297982852014,替浆（单段，实际）,0.5404480884409482,0.5404480884409482,1354.7281365461847,1150.5910200803214,1234.1016586345381,0.08835341365458016,0.09504726098179553,0.1712308138590104,0.0336664000003859,0.0,0.5404055586938983,0.016824514743221407,0.0
8536.86448914226,142.28107481903766,替浆（单段，实际）,0.5416936865398188,0.5416936865398188,1354.7281365461847,1150.5910200803214,1234.1016586345381,0.08835341365458016,0.09516367128305644,0.17146371647065065,0.03371141127588462,0.0,0.5416747659662626,0.016639623147470074,0.0
8539.940491523786,142.33234152539643,替浆（单段，实际）,0.5429390431153197,0.5429390431153197,1364.0070963855421,1159.8699799196788,1234.1016586345381,0.08835341365458016,0.09528008479787393,0.17169610007194966,0.03375632015669605,0.0,0.5429433431057171,0.016455731317667116,0.0
8543.016682581168,142.3836113763528,替浆（单段，实际）,0.5441844724786602,0.5441844724786602,1364.0070963855421,1159.8699799196788,1243.3806184738955,0.08835341365458016,0.09539651869024944,0.17192780445283673,0.033801095697943984,0.0,0.5442116083120164,0.016272983726748222,0.0
8546.094747783087,142.43491246305146,替浆（单段，实际）,0.5454306540982541,0.5454306540982541,1364.0070963855421,1159.8699799196788,1243.3806184738955,0.08835341365458016,0.09551300687722317,0.17215883296869539,0.03384573856633555,0.0,0.5454802517871629,0.016091351676007476,0.0
8549.17056284415,142.4861760474025,替浆（单段，实际）,0.5466759206194713,0.5466759206194713,1373.2860562248998,1169.1489397590362,1243.3806184738955,0.08835341365458026,0.0956294611420956,0.17238927424266134,0.03389026590400446,0.0,0.5467475748859558,0.01591073059871597,0.0
8552.24623976135,142.53743732935584,替浆（单段，实际）,0.5479211267867385,0.5479211267867385,1373.2860562248998,1169.1489397590362,1252.6595783132532,0.08835341365458026,0.09574593035710961,0.17261888448555288,0.03393463062347846,0.0,0.5480144475493699,0.015731378320203215,0.0
8555.321574496616,142.58869290827695,替浆（单段，实际）,0.5491661890906925,0.5491661890906925,1373.2860562248998,1169.1489397590362,1252.6595783132532,0.08835341365458026,0.095862410331995,0.17284772729572856,0.03397884503444404,0.0,0.5492807850289181,0.015553158316715608,0.0
8558.39447604862,142.63990793414365,替浆（单段，实际）,0.5504102616159028,0.5504102616159028,1382.5650160642572,1178.4278995983937,1252.6595783132532,0.08835341365458026,0.09597885519879563,0.1730757951976842,0.034022907713119666,0.0,0.5505457280556322,0.015376085634445622,0.0
8561.467052687163,142.69111754478607,替浆（单段，实际）,0.5516541972967565,0.5516541972967565,1382.5650160642572,1178.4278995983937,1252.6595783132532,0.08835341365458026,0.09609531141301471,0.17330294770984453,0.034066791540920405,0.0,0.5518101458403544,0.015200286456462627,0.0
8564.540959807828,142.74234933013045,替浆（单段，实际）,0.5528986649060439,0.5528986649060439,1391.8439759036146,1178.4278995983937,1261.9385381526106,0.09236947791160663,0.09621181477289459,0.18141696676298794,0.035633040431361396,0.0,0.5530747199328888,0.015025643567657882,0.0
8567.61219572375,142.79353659539584,替浆（单段，实际）,0.5541420448285572,0.5541420448285572,1391.8439759036146,1187.706859437751,1261.9385381526106,0.08835341365458026,0.09632827526284349,0.17375486901499682,0.034154092754784426,0.0,0.5543378072573362,0.014852058855329446,0.0
8570.68286752647,142.8447144587745,替浆（单段，实际）,0.5553851887370662,0.5553851887370662,1391.8439759036146,1187.706859437751,1261.9385381526106,0.08835341365458026,0.09644473690203051,0.17397950606908735,0.034197484735894235,0.0,0.5556002770895233,0.014679764069137022,0.0
8573.754948663498,142.8959158110583,替浆（单段，实际）,0.5566288956182229,0.5566288956182229,1401.122935742972,1187.706859437751,1271.217497991968,0.09236947791160663,0.0965612444483983,0.18212157744576954,0.03576893150847271,0.0,0.5568629447071286,0.014508649380027841,0.0
8576.825927140808,142.94709878568014,替浆（单段，实际）,0.5578721502961258,0.5578721502961258,1401.122935742972,1187.706859437751,1271.217497991968,0.09236947791160663,0.09667774311933743,0.18235467776093067,0.035813882973835254,0.0,0.5581247839300065,0.014338606031469445,0.0
8579.895983950584,142.9982663991764,替浆（单段，实际）,0.5591150236334625,0.5591150236334625,1401.122935742972,1196.9858192771085,1271.217497991968,0.08835341365458026,0.09679423116653808,0.17464826164358357,0.034326653260673634,0.0,0.5593858726584949,0.014169763788111692,0.0
8582.967109602478,143.04945182670795,替浆（单段，实际）,0.5603583214211869,0.5603583214211869,1410.4018955823294,1196.9858192771085,1280.4964578313254,0.09236947791160663,0.09691075170027333,0.18281796723111657,0.03590321829002374,0.0,0.5606470347264336,0.014002114239722667,0.0
8586.038202108613,143.10063670181023,替浆（单段，实际）,0.5616015984483699,0.5616015984483699,1410.4018955823294,1196.9858192771085,1280.4964578313254,0.09236947791160663,0.09702728013795654,0.18304822467527218,0.03594761535991531,0.0,0.5619078253190777,0.013835564686852231,0.0
8589.105899065698,143.1517649844283,替浆（单段，实际）,0.5628434953955923,0.5628434953955923,1410.4018955823294,1206.264779116466,1280.4964578313254,0.08835341365458026,0.09714374047134428,0.17530893735205258,0.034454244215364915,0.0,0.5631668742572455,0.0136701690808987,0.0
8592.170355177497,143.20283925295828,替浆（单段，实际）,0.5640840732925511,0.5640840732925511,1419.6808554216868,1206.264779116466,1289.7754176706828,0.09236947791160663,0.09726013004793269,0.1835056386996348,0.03603580554210206,0.0,0.5644242533226389,0.01350610418576778,0.0
8595.231460731293,143.25385767885487,替浆（单段，实际）,0.5653232891762697,0.5653232891762697,1419.6808554216868,1206.264779116466,1289.7754176706828,0.09236947791160663,0.09737644653720945,0.18373251758075454,0.03607954517331036,0.0,0.5656799294418517,0.013343363226302259,0.0
8598.289785065708,143.30482975109513,替浆（单段，实际）,0.5665613735674699,0.5665613735674699,1419.6808554216868,1215.5437389558233,1289.7754176706828,0.08835341365458026,0.09749269939827918,0.17595996312952983,0.034579955066356804,0.0,0.5669341474172607,0.0131819629249741,0.0
8601.345934769433,143.35576557949057,替浆（单段，实际）,0.5677985689172522,0.5677985689172522,1428.9598152610442,1215.5437389558233,1299.0543775100402,0.09236947791160663,0.09760889168958957,0.1841825334439157,0.03616629716837394,0.0,0.5681871648729262,0.013021866666388186,0.0
8604.400554475396,143.40667590792327,替浆（单段，实际）,0.5690351360724832,0.5690351360724832,1428.9598152610442,1215.5437389558233,1299.0543775100402,0.09236947791160663,0.0977250356607037,0.18440571602092046,0.03620931838612851,0.0,0.5694392584692008,0.01286303561081017,0.0
8607.45402546301,143.45756709105018,替浆（单段，实际）,0.5702712308280022,0.5702712308280022,1428.9598152610442,1224.8226987951807,1299.0543775100402,0.08835341365458026,0.09784113931835593,0.176600428445598,0.034703610757312986,0.0,0.5706905990388151,0.012705441068190562,0.0
8610.506298878454,143.5084383146409,替浆（单段，实际）,0.5715068338236222,0.5715068338236222,1438.2387751004017,1224.8226987951807,1299.0543775100402,0.09236947791160663,0.09795719708482084,0.18484856069651356,0.036294676520380986,0.0,0.5719411807678327,0.012549071503094311,0.0
8613.55810902998,143.55930181716633,替浆（单段，实际）,0.572742239929557,0.572742239929557,1438.2387751004017,1224.8226987951807,1308.3333373493977,0.09236947791160663,0.09807321842073397,0.18506822264546527,0.036337013468306645,0.0,0.5731913167012944,0.012393912505356501,0.0
8616.610224122594,143.61017040204325,替浆（单段，实际）,0.573977760521489,0.573977760521489,1438.2387751004017,1224.8226987951807,1308.3333373493977,0.09236947791160663,0.09818921802072403,0.1852867326187143,0.03637912654276898,0.0,0.574441336946615,0.012239931312725624,0.0
8619.663440537772,143.6610573422962,替浆（单段，实际）,0.575213718363183,0.575213718363183,1447.517734939759,1234.1016586345381,1308.3333373493977,0.09236947791160663,0.09830520912481382,0.18550412694839394,0.03642102277473214,0.0,0.5756915835489208,0.01208710374521454,0.0
8622.718279395394,143.71197132325656,替浆（单段，实际）,0.5764503228653105,0.5764503228653105,1447.517734939759,1234.1016586345381,1317.612297188755,0.09236947791160663,0.09842119737418756,0.18572044255296347,0.03646270930678264,0.0,0.5769422844105522,0.011935383092287711,0.0
8625.774823949416,143.76291373249026,替浆（单段，实际）,0.5776876074727794,0.5776876074727794,1447.517734939759,1234.1016586345381,1317.612297188755,0.09236947791160663,0.0985371794376367,0.18593569995565284,0.03650419012078887,0.0,0.5781934901686362,0.011784739839823722,0.0
8628.833932167025,143.8138988694504,替浆（单段，实际）,0.5789259197920797,0.5789259197920797,1456.7966947791165,1243.3806184738955,1317.612297188755,0.09236947791160663,0.0986531700638337,0.18614989264523873,0.036545463988510996,0.0,0.5794455695322673,0.011635183868405912,0.0
8631.896473442586,143.8649412240431,替浆（单段，实际）,0.5801656119529667,0.5801656119529667,1456.7966947791165,1243.3806184738955,1326.8912570281125,0.09236947791160663,0.09876918500710928,0.1863630512185651,0.03658653683187407,0.0,0.5806988961746522,0.011486671250250985,0.0
8634.963321774416,143.91605536290692,替浆（单段，实际）,0.5814070355103671,0.5814070355103671,1466.075654618474,1243.3806184738955,1326.8912570281125,0.09638554216863299,0.0988852355143829,0.1946871806421271,0.03818911812347958,0.0,0.58195384356915,0.011339165604101606,0.0
8638.035141672137,143.96725236120227,替浆（单段，实际）,0.5826504589057914,0.5826504589057914,1466.075654618474,1252.6595783132532,1326.8912570281125,0.09236947791160652,0.09900132698605159,0.1867864211917259,0.036668109444694785,0.0,0.583210701737344,0.011192634541333906,0.0
8641.10958625682,144.01849310428034,替浆（单段，实际）,0.5838949337679531,0.5838949337679531,1466.075654618474,1252.6595783132532,1336.17021686747,0.09236947791160652,0.09911740416524789,0.18699669147874076,0.03670862060748292,0.0,0.5844685308141193,0.011047061606756794,0.0
8644.185927883373,144.06976546472288,替浆（单段，实际）,0.5851401650546652,0.5851401650546652,1475.3546144578313,1252.6595783132532,1336.17021686747,0.09638554216863289,0.09923344326296525,0.1953452723572442,0.03831570174750798,0.0,0.5857270517647872,0.010902554379374431,0.0
8647.260194919943,144.12100324866572,替浆（单段，实际）,0.5863845479765056,0.5863845479765056,1475.3546144578313,1261.9385381526106,1336.17021686747,0.09236947791160652,0.09934935257196288,0.18741391274553462,0.03678899838382488,0.0,0.5869846621675275,0.010759147493641019,0.0
8650.334408897847,144.17224014829745,替浆（单段，实际）,0.5876289011002279,0.5876289011002279,1475.3546144578313,1261.9385381526106,1336.17021686747,0.09236947791160652,0.09946517345027375,0.18762054123861907,0.036828802928901117,0.0,0.5882422088255133,0.010617036880593728,0.0
8653.410462040936,144.22350770068226,替浆（单段，实际）,0.5888739884430929,0.5888739884430929,1484.6335742971887,1261.9385381526106,1345.4491767068273,0.09638554216863289,0.09958094013835252,0.1959921577031331,0.03844011359529653,0.0,0.5895004829982423,0.010476117281538171,0.0
8656.484831207805,144.27474718679676,替浆（单段，实际）,0.5901183858266816,0.5901183858266816,1484.6335742971887,1261.9385381526106,1345.4491767068273,0.09638554216863289,0.09969656989548623,0.1962050542637399,0.038481055282182486,0.0,0.5907580644214501,0.010336303064278752,0.0
8659.558736559064,144.32597894265106,替浆（单段，实际）,0.5913625875444414,0.5913625875444414,1484.6335742971887,1271.217497991968,1345.4491767068273,0.09236947791160652,0.09981208569088292,0.1882324476159948,0.036946669836001256,0.0,0.5920154711573156,0.010197761483497015,0.0
8662.634088801631,144.37723481336053,替浆（单段，实际）,0.5926073673089658,0.5926073673089658,1493.9125341365464,1271.217497991968,1354.7281365461847,0.09638554216863299,0.09992752600053088,0.19662640632292805,0.038562079465624954,0.0,0.593273503048726,0.010060439679459444,0.0
8665.70905753347,144.42848429222448,替浆（单段，实际）,0.5938519829114784,0.5938519829114784,1493.9125341365464,1271.217497991968,1354.7281365461847,0.09638554216863299,0.10004284161653512,0.19683496977383572,0.03860218279131833,0.0,0.5945314272682971,0.009924242879513668,0.0
8668.783110862332,144.4797185143722,替浆（单段，实际）,0.5950962212896899,0.5950962212896899,1493.9125341365464,1280.4964578313254,1354.7281365461847,0.09236947791160663,0.10015801897763883,0.18883198383781016,0.03706213998400398,0.0,0.5957890451722063,0.00978925594549716,0.0
8671.85817907298,144.53096965121634,替浆（单段，实际）,0.5963408634570988,0.5963408634570988,1503.1914939759038,1280.4964578313254,1364.0070963855421,0.09638554216863299,0.1002730951700298,0.197247646533608,0.03868152882405851,0.0,0.5970471619196825,0.009655514070760013,0.0
8674.93404623714,144.58223410395235,替浆（单段，实际）,0.5975858196890492,0.5975858196890492,1503.1914939759038,1280.4964578313254,1364.0070963855421,0.09638554216863299,0.10038805550294577,0.19745177743879047,0.0387207749848556,0.0,0.598305701859116,0.009522928696164031,0.0
8678.00851400943,144.63347523349051,替浆（单段，实际）,0.5988302038547917,0.5988302038547917,1503.1914939759038,1289.7754176706828,1364.0070963855421,0.09236947791160663,0.10050285387132488,0.18941885608382864,0.03717515765211765,0.0,0.5995637826510709,0.009391502497282626,0.0
8681.083532237872,144.68472553729785,替浆（单段，实际）,0.6000748063065896,0.6000748063065896,1512.4704538152612,1289.7754176706828,1364.0070963855421,0.09638554216863299,0.10061753174345316,0.19785556680859967,0.03879840271678403,0.0,0.6008222156532167,0.00926134556631768,0.0
8684.160308450648,144.73600514084413,替浆（单段，实际）,0.6013201133241197,0.6013201133241197,1512.4704538152612,1289.7754176706828,1373.2860562248998,0.09638554216863299,0.10073210871382106,0.19805516251415092,0.03883677229313598,0.0,0.6020815038895194,0.009132357932228418,0.0
8687.23518749242,144.78725312487367,替浆（单段，实际）,0.602564647941203,0.602564647941203,1512.4704538152612,1289.7754176706828,1373.2860562248998,0.09638554216863299,0.10084650371985347,0.19825331034597035,0.03887486202031021,0.0,0.6033401636900068,0.00900448962375397,0.0
8690.310136390925,144.8385022731821,替浆（单段，实际）,0.6038092076585166,0.6038092076585166,1521.7494136546186,1299.0543775100402,1373.2860562248998,0.09638554216863299,0.10096075981130263,0.1984498374891156,0.03891263871340522,0.0,0.6045990097736007,0.00887789974971296,0.0
8693.38694661211,144.88978244353518,替浆（单段，实际）,0.6050545169473049,0.6050545169473049,1521.7494136546186,1299.0543775100402,1382.5650160642572,0.09638554216863299,0.10107491376460058,0.1986447872495923,0.03895011073306043,0.0,0.6058587817356867,0.00875250457465946,0.0
8696.462521652002,144.94104202753337,替浆（单段，实际）,0.6062993234971209,0.6062993234971209,1521.7494136546186,1299.0543775100402,1382.5650160642572,0.09638554216863299,0.10118889633354167,0.1988382530536942,0.03898729607156848,0.0,0.6071182182506203,0.008628221419958369,0.0
8699.53765697743,144.99229428295718,替浆（单段，实际）,0.6075439506419853,0.6075439506419853,1531.028373493976,1308.3333373493977,1382.5650160642572,0.09638554216863299,0.10130272585811577,0.1990300999805654,0.03902416883095794,0.0,0.608377649812187,0.008505184839123455,0.0
8702.614220745321,145.04357034575534,替浆（单段，实际）,0.6087891548050006,0.6087891548050006,1531.028373493976,1308.3333373493977,1391.8439759036146,0.09638554216863299,0.1014164450806427,0.19922032160425693,0.03906072781210934,0.0,0.6096378435095836,0.008383363351888065,0.0
8705.690807766181,145.094846796103,替浆（单段，实际）,0.6100343658011476,0.6100343658011476,1531.028373493976,1308.3333373493977,1391.8439759036146,0.09638554216863299,0.10153002165820718,0.19940900235283404,0.039096989276163674,0.0,0.6108982222882464,0.00826267874159983,0.0
8708.766408890695,145.14610681484493,替浆（单段，实际）,0.6112791769477384,0.6112791769477384,1540.3073333333334,1317.612297188755,1391.8439759036146,0.09638554216863299,0.10164343729584373,0.19959608863222186,0.039132942957341266,0.0,0.6121583728711081,0.008143179163508867,0.0
8711.842915571224,145.19738192618706,替浆（单段，实际）,0.6125243534834768,0.6125243534834768,1540.3073333333334,1317.612297188755,1401.122935742972,0.09638554216863299,0.10175673479394748,0.19978151187800164,0.039168575714318976,0.0,0.6134190659663588,0.008024918319169091,0.0
8714.921610111793,145.24869350186322,替浆（单段，实际）,0.6137704122440443,0.6137704122440443,1540.3073333333334,1317.612297188755,1401.122935742972,0.09638554216863299,0.10186994175964363,0.1999653391780931,0.039203900474263365,0.0,0.6146808193612971,0.007907815748785166,0.0
8718.000170850306,145.3000028475051,替浆（单段，实际）,0.6150164157512293,0.6150164157512293,1540.3073333333334,1317.612297188755,1401.122935742972,0.09638554216863299,0.10198301476225222,0.2001476373712263,0.03923893011425805,0.0,0.6159426761356032,0.007791816939112597,0.0
8721.07898023198,145.35131633719965,替浆（单段，实际）,0.6162625202179205,0.6162625202179205,1549.5862931726908,1326.8912570281125,1410.4018955823294,0.09638554216863299,0.102095968094262,0.20032831104496437,0.03927364633343966,0.0,0.6172047845284258,0.007677028245979338,0.0
8724.15975918727,145.40266265312118,替浆（单段，实际）,0.6175094193011383,0.6175094193011383,1549.5862931726908,1326.8912570281125,1410.4018955823294,0.09638554216863299,0.10220884141933978,0.20050734453571414,0.039308046156114496,0.0,0.6184678348574573,0.007563415539421558,0.0
8727.241040136885,145.45401733561476,替浆（单段，实际）,0.6187565202455682,0.6187565202455682,1549.5862931726908,1326.8912570281125,1410.4018955823294,0.09638554216863299,0.10232160901742296,0.20068480662225596,0.03934214283075477,0.0,0.6197312131291548,0.007450912216232944,0.0
8730.321900587887,145.5053650097981,替浆（单段，实际）,0.620003451602114,0.620003451602114,1558.8652530120482,1336.17021686747,1419.6808554216868,0.09638554216863299,0.1024342598761616,0.2008606464056051,0.039375926610593526,0.0,0.6209945267333061,0.007339583316890757,0.0
8733.404186747615,145.55673644579358,替浆（单段，实际）,0.6212509582991851,0.6212509582991851,1558.8652530120482,1336.17021686747,1419.6808554216868,0.09638554216863299,0.10254683825967278,0.20103480480181984,0.03940938617746104,0.0,0.6222585119504898,0.007229451421729041,0.0
8736.486912987988,145.60811521646647,替浆（单段，实际）,0.6224986427142796,0.6224986427142796,1558.8652530120482,1336.17021686747,1419.6808554216868,0.09638554216863299,0.1026593312400238,0.20120734088272138,0.03944253291352884,0.0,0.6235227455481156,0.0071204466012194725,0.0
8739.568624753489,145.6594770792248,替浆（单段，实际）,0.6237459169896267,0.6237459169896267,1568.1442128514057,1345.4491767068273,1419.6808554216868,0.09638554216863299,0.10277171539674396,0.20137822848390616,0.03947536182479039,0.0,0.6247866092024554,0.007012621259742454,0.0
8742.651196615287,145.71085327692145,替浆（单段，实际）,0.6249935374948287,0.6249935374948287,1568.1442128514057,1345.4491767068273,1428.9598152610442,0.09638554216863299,0.10288403660988094,0.20154739656685977,0.039507859297367776,0.0,0.6260508447376276,0.0069060040604733645,0.0
8745.736026314738,145.76226710524563,替浆（单段，实际）,0.6262420698979351,0.6262420698979351,1568.1442128514057,1345.4491767068273,1428.9598152610442,0.09638554216863299,0.10299633535210001,0.2017149031439723,0.039540036508541876,0.0,0.6273159986742234,0.006800527020250675,0.0
8748.820075556394,145.8136679259399,替浆（单段，实际）,0.6274902861526204,0.6274902861526204,1577.423172690763,1354.7281365461847,1428.9598152610442,0.09638554216863299,0.10310855635113132,0.20188081649779369,0.03957190660652221,0.0,0.6285807980358114,0.006696156510279957,0.0
8751.9043486729,145.86507247788168,替浆（单段，实际）,0.6287385912309151,0.6287385912309151,1577.423172690763,1354.7281365461847,1438.2387751004017,0.09638554216863299,0.10322072969380074,0.20204503356121445,0.039603449824750725,0.0,0.6298456225302207,0.006592979850321804,0.0
8754.990634251839,145.91651057086398,替浆（单段，实际）,0.6299877072160845,0.6299877072160845,1577.423172690763,1354.7281365461847,1438.2387751004017,0.09638554216863299,0.10333290245563949,0.2022075596175746,0.03963466721015252,0.0,0.6311111712535394,0.006490961590037881,0.0
8758.077235727269,145.9679539287878,替浆（单段，实际）,0.6312369493041811,0.6312369493041811,1577.423172690763,1354.7281365461847,1438.2387751004017,0.09638554216863299,0.10344505108162871,0.2023684703241126,0.0396655733256841,0.0,0.6323767162293138,0.0063900539114448394,0.0
8761.163411105215,146.01939018508693,替浆（单段，实际）,0.6324860161295962,0.6324860161295962,1586.7021325301205,1364.0070963855421,1447.517734939759,0.09638554216863299,0.10355716917728998,0.20252772046139253,0.039696159516452445,0.0,0.6336419161430406,0.006290302324655294,0.0
8764.25098739203,146.07084978986717,替浆（单段，实际）,0.633735645212696,0.633735645212696,1586.7021325301205,1364.0070963855421,1447.517734939759,0.09638554216863299,0.10366930427720308,0.20268527867482639,0.039726419791166534,0.0,0.6349074805011169,0.006191723334917687,0.0
8767.338422413635,146.12230704022724,替浆（单段，实际）,0.6349852128694045,0.6349852128694045,1586.7021325301205,1364.0070963855421,1447.517734939759,0.09638554216863299,0.10378143339876482,0.20284118222114628,0.039756361335683166,0.0,0.6361727386185656,0.006094272877795104,0.0
8770.424869831959,146.17374783053265,替浆（单段，实际）,0.6362343769960216,0.6362343769960216,1595.981092369478,1373.2860562248998,1456.7966947791165,0.09638554216863289,0.10389355184063802,0.20299538636427877,0.03978597558851649,0.0,0.6374373042069116,0.0059979819327882385,0.0
8773.506232980571,146.22510388300952,替浆（单段，实际）,0.6374814799461965,0.6374814799461965,1595.981092369478,1373.2860562248998,1456.7966947791165,0.09638554216863289,0.10400558320566057,0.20314785053545434,0.039815254789188015,0.0,0.6386994581544677,0.005902875194041879,0.0
8776.581688622675,146.2763614770446,替浆（单段，实际）,0.638726190581242,0.638726190581242,1595.981092369478,1373.2860562248998,1456.7966947791165,0.09638554216863289,0.10411752200128167,0.2032984341468346,0.03984417197104562,0.0,0.6399588250944293,0.005809077790619921,0.0
8779.65132961696,146.32752216028265,替浆（单段，实际）,0.6399685453862587,0.6399685453862587,1595.981092369478,1382.5650160642572,1466.075654618474,0.09236947791160652,0.10422937806880415,0.1949701070057508,0.038243540914761454,0.0,0.6412154015081493,0.005716595865937317,0.0
8782.71525696419,146.37858761606984,替浆（单段，实际）,0.6412085838335466,0.6412085838335466,1605.2600522088355,1382.5650160642572,1466.075654618474,0.09638554216863299,0.10434116308106722,0.20359377131926873,0.03990088423757432,0.0,0.6424691858758722,0.005625411591396398,0.0
8785.773580424817,146.42955967374695,替浆（单段，实际）,0.6424463531210437,0.6424463531210437,1605.2600522088355,1382.5650160642572,1466.075654618474,0.09638554216863299,0.10445289310907914,0.2037385579620556,0.0399286857405865,0.0,0.6437201849421743,0.005535528854374667,0.0
8788.826081327976,146.4804346887996,替浆（单段，实际）,0.6436817635780273,0.6436817635780273,1605.2600522088355,1391.8439759036146,1475.3546144578313,0.09236947791160663,0.1045645697410235,0.19538639920644135,0.03832361192399769,0.0,0.6449682671499997,0.0054469301660016334,0.0
8791.872439970031,146.53120733283384,替浆（单段，实际）,0.644914682829723,0.644914682829723,1614.539012048193,1391.8439759036146,1475.3546144578313,0.09638554216863299,0.1046761917721707,0.20402248327020056,0.039983201901468535,0.0,0.6462132580770995,0.005359589842019847,0.0
8794.912773835067,146.5818795639178,替浆（单段，实际）,0.6461451618088525,0.6461451618088525,1614.539012048193,1391.8439759036146,1475.3546144578313,0.09638554216863299,0.1047877748728851,0.20416163038357082,0.04000991824296518,0.0,0.6474551686106386,0.005273522717394786,0.0
8797.947210675866,146.63245351126443,替浆（单段，实际）,0.6473732523965723,0.6473732523965723,1614.539012048193,1391.8439759036146,1484.6335742971887,0.09638554216863299,0.10489932899105323,0.2042989289643238,0.04003627893618733,0.0,0.6486940113240646,0.005188729953206553,0.0
8800.975888954516,146.68293148257527,替浆（单段，实际）,0.6485990048469726,0.6485990048469726,1614.539012048193,1401.122935742972,1484.6335742971887,0.09236947791160663,0.10501085974283211,0.19591628686452914,0.03842552261360388,0.0,0.6499297978979391,0.005105159381427712,0.0
8803.998958191625,146.73331596986043,替浆（单段，实际）,0.6498224833154843,0.6498224833154843,1623.8179718875504,1401.122935742972,1484.6335742971887,0.09638554216863299,0.10512238109593144,0.20456804102015413,0.0400879451078755,0.0,0.6511625542038668,0.005022812150573487,0.0
8807.016579540395,146.7836096590066,替浆（单段，实际）,0.6510437553081913,0.6510437553081913,1623.8179718875504,1401.122935742972,1493.9125341365464,0.09638554216863299,0.10523390478124692,0.20469990928679316,0.040113261161796476,0.0,0.6523923107837784,0.00494170429119996,0.0
8810.028925221919,146.8338154203653,替浆（单段，实际）,0.6522628838646086,0.6522628838646086,1623.8179718875504,1410.4018955823294,1493.9125341365464,0.09236947791160663,0.10534543396964892,0.19629544705380175,0.038498438001076885,0.0,0.6536190944417025,0.004861780109922855,0.0
8813.035407760553,146.88392346267588,替浆（单段，实际）,0.6534796323941183,0.6534796323941183,1623.8179718875504,1410.4018955823294,1493.9125341365464,0.09236947791160663,0.10545696401437957,0.1964184919295633,0.03852209927798389,0.0,0.6548426312507091,0.004783024835461128,0.0
8816.036086785398,146.93393477975664,替浆（单段，实际）,0.6546940273752387,0.6546940273752387,1633.0969317269078,1410.4018955823294,1503.1914939759038,0.09638554216863299,0.10556850228539823,0.20508509838848432,0.04018720589562108,0.0,0.6560629136901333,0.004705476327983432,0.0
8819.031152474741,146.98385254124568,替浆（单段，实际）,0.6559061423027815,0.6559061423027815,1633.0969317269078,1419.6808554216868,1503.1914939759038,0.09236947791160663,0.10568005275294362,0.19665964529647179,0.03856847088630144,0.0,0.6572799831733948,0.004629097514267236,0.0
8822.020810019876,147.03368016699793,替浆（单段，实际）,0.6571160570110374,0.6571160570110374,1633.0969317269078,1419.6808554216868,1503.1914939759038,0.09236947791160663,0.10579162189151821,0.19677778566468818,0.03859118739289957,0.0,0.6584938884756331,0.00455386365692559,0.0
8825.005280348805,147.08342133914675,替浆（单段，实际）,0.6583238638598699,0.6583238638598699,1642.3758915662652,1419.6808554216868,1512.4704538152612,0.09638554216863299,0.10590322133433996,0.20545497685851133,0.04025820608700359,0.0,0.6597046921573756,0.004479782367891725,0.0
8827.984800781493,147.13308001302488,替浆（单段，实际）,0.6595296566408628,0.6595296566408628,1642.3758915662652,1428.9598152610442,1512.4704538152612,0.09236947791160663,0.10601485444493235,0.1970093686165156,0.03863571553984291,0.0,0.6609124599454378,0.004406838129658728,0.0
8830.959618452584,147.18266030754305,替浆（单段，实际）,0.6607335297634136,0.6607335297634136,1642.3758915662652,1428.9598152610442,1512.4704538152612,0.09236947791160663,0.10612652142312043,0.19712286003431642,0.03865753661132487,0.0,0.6621172596395288,0.004334992599024476,0.0
8833.929012595772,147.23215020992953,替浆（单段，实际）,0.6619351927965498,0.6619351927965498,1642.3758915662652,1428.9598152610442,1521.7494136546186,0.09236947791160663,0.10623821095516438,0.19723485910910002,0.038679070263438975,0.0,0.6633187747360793,0.004264242275051603,0.0
8836.893249917699,147.28155416529498,替浆（单段，实际）,0.6631347546700612,0.6631347546700612,1651.6548514056226,1428.9598152610442,1521.7494136546186,0.09638554216863299,0.10634992874413439,0.20592559069266042,0.040348535389000295,0.0,0.6645170914410948,0.004194609439663642,0.0
8839.852617636066,147.3308769606011,替浆（单段，实际）,0.664332326359821,0.664332326359821,1651.6548514056226,1438.2387751004017,1521.7494136546186,0.09236947791160663,0.10646167304036207,0.19745438808320726,0.038721276896372836,0.0,0.665712299856934,0.004126054280229481,0.0
8842.807424581173,147.38012374301954,替浆（单段，实际）,0.6655280309463607,0.6655280309463607,1651.6548514056226,1438.2387751004017,1531.028373493976,0.09236947791160663,0.10657344998374256,0.19756198325433866,0.038741962463548885,0.0,0.6669045029374433,0.004058556770689649,0.0
8845.758001800921,147.42930003001536,替浆（单段，实际）,0.6667220031924475,0.6667220031924475,1660.93381124498,1438.2387751004017,1531.028373493976,0.09638554216863299,0.10668526662573063,0.2062624369263867,0.04041318420761353,0.0,0.6680938167148217,0.0039921196197867425,0.0
8848.70470443801,147.4784117406335,替浆（单段，实际）,0.6679143824192116,0.6679143824192116,1660.93381124498,1447.517734939759,1531.028373493976,0.09236947791160663,0.10679712320226012,0.19777298310165647,0.0387825266674694,0.0,0.6692803636296,0.003926715226955215,0.0
8851.647106453845,147.52745177423077,替浆（单段，实际）,0.6691049937066775,0.6691049937066775,1660.93381124498,1447.517734939759,1531.028373493976,0.09236947791160663,0.10690900150678133,0.19787643907103464,0.03880241519880734,0.0,0.6704639554745045,0.003862313038510254,0.0
8854.58529661779,147.5764216102965,替浆（单段，实际）,0.670293872502642,0.670293872502642,1670.2127710843374,1447.517734939759,1540.3073333333334,0.09638554216863299,0.10702089976671014,0.2065863272782814,0.04047534237663686,0.0,0.6716446151092107,0.0037989302744947297,0.0
8857.519681954287,147.62532803257145,替浆（单段，实际）,0.6714811816229989,0.6714811816229989,1670.2127710843374,1456.7966947791165,1540.3073333333334,0.09236947791160663,0.10713282063107706,0.19807938104354744,0.03884142787383782,0.0,0.6728224939011005,0.0037365531346972665,0.0
8860.450697966611,147.67417829944353,替浆（单段，实际）,0.6726670920172294,0.6726670920172294,1670.2127710843374,1456.7966947791165,1540.3073333333334,0.09236947791160663,0.1072447621421649,0.1981789133029704,0.038860560940271016,0.0,0.6739977532594444,0.0036751538870210105,0.0
8863.378809955568,147.72298016592612,替浆（单段，实际）,0.6738517904381224,0.6738517904381224,1670.2127710843374,1456.7966947791165,1549.5862931726908,0.09236947791160663,0.107356728157106,0.19827720216740227,0.03887945461537179,0.0,0.6751705705034258,0.0036147132581531194,0.0
8866.304516612938,147.77174194354896,替浆（单段，实际）,0.6750354776366662,0.6750354776366662,1679.4917309236948,1456.7966947791165,1549.5862931726908,0.09638554216863299,0.10746872242687372,0.20699923494768538,0.04055457812291008,0.0,0.6763411387545399,0.003555227444222741,0.0
8869.227243730404,147.82045406217338,替浆（单段，实际）,0.6762179163059603,0.6762179163059603,1679.4917309236948,1466.075654618474,1549.5862931726908,0.09236947791160663,0.10758071708441382,0.19847014537164,0.038916542235323814,0.0,0.6775092199149151,0.003496665377403226,0.0
8872.147437946393,147.8691239657732,替浆（单段，实际）,0.6773992847502189,0.6773992847502189,1679.4917309236948,1466.075654618474,1549.5862931726908,0.09236947791160663,0.1076927114744686,0.19856486700785272,0.0389347491423957,0.0,0.6786749886323629,0.003439027763669086,0.0
8875.065670455624,147.9177611742604,替浆（单段，实际）,0.6785798121549828,0.6785798121549828,1679.4917309236948,1466.075654618474,1558.8652530120482,0.09236947791160663,0.10780470861848201,0.1986584389229516,0.03895273471731231,0.0,0.6798386711363955,0.003382310775091615,0.0
8877.982549118327,147.9663758186388,替浆（单段，实际）,0.679759741376413,0.679759741376413,1688.7706907630522,1475.3546144578313,1558.8652530120482,0.09236947791160663,0.10791670872393122,0.19875090268420365,0.038970506961960694,0.0,0.6810005082389377,0.0033264835881171577,0.0
8880.898718251863,148.01497863753104,替浆（单段，实际）,0.6809393273371998,0.6809393273371998,1688.7706907630522,1475.3546144578313,1558.8652530120482,0.09236947791160663,0.10802871130281058,0.19884229070174617,0.03898807211746946,0.0,0.6821607538705918,0.0032715242561220607,0.0
8883.814278927552,148.0635713154592,替浆（单段，实际）,0.6821186092493191,0.6821186092493191,1688.7706907630522,1475.3546144578313,1568.1442128514057,0.09236947791160663,0.10814070499501251,0.19893263151773335,0.03900543568095283,0.0,0.6833194507213071,0.003217417213109186,0.0
8886.729250622893,148.1121541770482,替浆（单段，实际）,0.6832975940195848,0.6832975940195848,1698.0496506024097,1484.6335742971887,1568.1442128514057,0.09236947791160663,0.10825267548521807,0.19902196644164188,0.039022605602821,0.0,0.6844766118297435,0.003164161365081871,0.0
8889.644364996419,148.160739416607,替浆（单段，实际）,0.684476571135345,0.684476571135345,1698.0496506024097,1484.6335742971887,1568.1442128514057,0.09236947791160663,0.10836461863577293,0.1991103099490984,0.039039584675542915,0.0,0.6856325298487819,0.003111741587535604,0.0
8892.560391993344,148.20933986655572,替浆（单段，实际）,0.6856558488672714,0.6856558488672714,1698.0496506024097,1484.6335742971887,1568.1442128514057,0.09236947791160663,0.10847653668043551,0.19919768740705157,0.03905637778446558,0.0,0.6867875158177521,0.0030601272119788405,0.0
8895.478004900988,148.2579667483498,替浆（单段，实际）,0.6868356973207775,0.6868356973207775,1698.0496506024097,1484.6335742971887,1577.423172690763,0.09236947791160663,0.10858842859482906,0.19928413533100542,0.03907299195707448,0.0,0.6879418442679504,0.003009321317323739,0.0
8898.397553071329,148.30662588452213,替浆（单段，实际）,0.6880162545978773,0.6880162545978773,1707.328610441767,1493.9125341365464,1577.423172690763,0.09236947791160652,0.10870028110027158,0.19936968451717285,0.03908943312112212,0.0,0.6890956621191675,0.002959291820591013,0.0
8901.318888960495,148.35531481600825,替浆（单段，实际）,0.6891974552646838,0.6891974552646838,1707.328610441767,1493.9125341365464,1577.423172690763,0.09236947791160652,0.1088120655130548,0.19945436946118597,0.03910570791481027,0.0,0.6902489191865625,0.0029100265704299867,0.0
8904.24290284722,148.404048380787,替浆（单段，实际）,0.6903796557251002,0.6903796557251002,1707.328610441767,1493.9125341365464,1586.7021325301205,0.09236947791160652,0.10892378258968496,0.1995382084847546,0.03912181986756913,0.0,0.691401978299634,0.0028615274909704587,0.0
8907.17050980951,148.4528418301585,替浆（单段，实际）,0.6915632242570128,0.6915632242570128,1707.328610441767,1503.1914939759038,1586.7021325301205,0.08835341365458016,0.10903543294228578,0.1909420370982344,0.03746842428404562,0.0,0.6925552142129517,0.002813782258603318,0.0
8910.102645277942,148.50171075463237,替浆（单段，实际）,0.6927485310992726,0.6927485310992726,1716.6075702811245,1503.1914939759038,1586.7021325301205,0.09236947791160652,0.10914700941249207,0.199703439614078,0.039153572740278975,0.0,0.6937090046611007,0.0027667604026975715,0.0
8913.040169717444,148.55066949529072,替浆（单段，实际）,0.6939359195623832,0.6939359195623832,1716.6075702811245,1503.1914939759038,1595.981092369478,0.09236947791160652,0.10925850774296772,0.1997849033776566,0.03916922744598672,0.0,0.6948637011844325,0.0027204352673817407,0.0
8915.982853193194,148.59971421988658,替浆（单段，实际）,0.6951252931182997,0.6951252931182997,1716.6075702811245,1512.4704538152612,1595.981092369478,0.08835341365458016,0.10936989639725013,0.19117583394099713,0.03751343060049628,0.0,0.6960192284287582,0.002674815143129797,0.0
8918.931670289012,148.64886117148353,替浆（单段，实际）,0.6963170412680976,0.6963170412680976,1725.8865301204821,1512.4704538152612,1595.981092369478,0.09236947791160663,0.10948117053438723,0.1999456850463572,0.03920012374421822,0.0,0.6971759849078851,0.0026298825413124845,0.0
8921.887595896544,148.69812659827573,替浆（单段，实际）,0.6975115489226353,0.6975115489226353,1725.8865301204821,1512.4704538152612,1595.981092369478,0.09236947791160663,0.10959231898045568,0.2000250442758492,0.039215373290773736,0.0,0.6983343651806906,0.002585618517735842,0.0
8924.851598512878,148.7475266418813,替浆（单段，实际）,0.6987092020319421,0.6987092020319421,1725.8865301204821,1512.4704538152612,1605.2600522088355,0.09236947791160663,0.10970333590811825,0.2001037453242817,0.03923049612324314,0.0,0.6994947644086187,0.0025420052587039415,0.0
8927.824631400352,148.79707719000587,替浆（单段，实际）,0.6999103820189526,0.6999103820189526,1725.8865301204821,1521.7494136546186,1605.2600522088355,0.08835341365458026,0.10981421379415583,0.1914782642056098,0.03757164585344708,0.0,0.7006575738626017,0.0024990428793019897,0.0
8930.806580855278,148.84677634758796,替浆（单段，实际）,0.7011150341378799,0.7011150341378799,1735.1654899598395,1521.7494136546186,1605.2600522088355,0.09236947791160663,0.1099249111328599,0.2002593098949441,0.03926038799730436,0.0,0.7018227635488762,0.0024567050299617713,0.0
8933.798196514861,148.89663660858102,替浆（单段，实际）,0.7023234544040844,0.7023234544040844,1735.1654899598395,1521.7494136546186,1614.539012048193,0.09236947791160663,0.11003541128599183,0.20033622240057566,0.039275166461802846,0.0,0.7029906435115525,0.0024149826584893203,0.0
8936.800363187544,148.9466727197924,替浆（单段，实际）,0.7035359942614797,0.7035359942614797,1735.1654899598395,1531.028373493976,1614.539012048193,0.08835341365458026,0.11014570031651925,0.19169898350090994,0.03761413021734905,0.0,0.70416157739851,0.0023738826439687623,0.0
8939.813919840852,148.9968986640142,替浆（单段，实际）,0.7047529863915419,0.7047529863915419,1744.444449799197,1531.028373493976,1614.539012048193,0.09236947791160663,0.11025576021495656,0.2004883846172476,0.03930440322098416,0.0,0.7053359111693838,0.0023333860122405096,0.0
8942.839652435223,149.04732754058705,替浆（单段，实际）,0.7059747379651296,0.7059747379651296,1744.444449799197,1531.028373493976,1614.539012048193,0.09236947791160663,0.11036556437164859,0.20056367267546543,0.039318868893278736,0.0,0.7065139664777809,0.002293477439602353,0.0
8945.877851670986,149.09796419451644,替浆（单段，实际）,0.7072013584576244,0.7072013584576244,1744.444449799197,1531.028373493976,1623.8179718875504,0.09236947791160663,0.11047508112434927,0.2006384700616016,0.0393332400732892,0.0,0.707695874059617,0.0022541413813497446,0.0
8948.928532371709,149.14880887286182,替浆（单段，实际）,0.7084328485525615,0.7084328485525615,1744.444449799197,1540.3073333333334,1623.8179718875504,0.08835341365458026,0.11058427353601666,0.19198614836682307,0.03766940131199281,0.0,0.7088816605637533,0.0022153944750515605,0.0
8951.989701677545,149.19982836129242,替浆（单段，实际）,0.7096683945800388,0.7096683945800388,1753.7234096385544,1540.3073333333334,1623.8179718875504,0.09236947791160663,0.11069305234497578,0.20078663530887322,0.03936170713711018,0.0,0.7100705701786679,0.0021772297611848137,0.0
8955.050699060057,149.2508449843343,替浆（单段，实际）,0.7109036892517638,0.7109036892517638,1753.7234096385544,1540.3073333333334,1633.0969317269078,0.09236947791160663,0.110801151540374,0.20085997253277393,0.039375797142891966,0.0,0.7112584895916434,0.0021396579595985093,0.0
8958.112820281985,149.3018803380331,替浆（单段，实际）,0.7121392519025185,0.7121392519025185,1753.7234096385544,1549.5862931726908,1633.0969317269078,0.08835341365458026,0.11090857203702295,0.19219650817410638,0.03770988759617466,0.0,0.712445954391413,0.0021028223285313287,0.0
8961.17323793007,149.3528872988345,替浆（单段，实际）,0.713373937205719,0.713373937205719,1763.0023694779118,1549.5862931726908,1633.0969317269078,0.09236947791160663,0.11101522104223212,0.20100472004310493,0.039403606332704344,0.0,0.7136318998793978,0.002066700540030483,0.0
8964.233024339486,149.40388373899142,替浆（单段，实际）,0.7146081695001155,0.7146081695001155,1763.0023694779118,1549.5862931726908,1633.0969317269078,0.09236947791160663,0.1111210847062391,0.2010760077376734,0.03941730197553417,0.0,0.7148167702247215,0.0020313061470599125,0.0
8967.293765367465,149.45489608945775,替浆（单段，实际）,0.7158425818477255,0.7158425818477255,1763.0023694779118,1558.8652530120482,1642.3758915662652,0.08835341365458026,0.11122616430890273,0.1924010515347846,0.03774925280168773,0.0,0.7160012077486384,0.0019966171173610354,0.0
8970.356196330902,149.50593660551505,替浆（单段，实际）,0.7170774663695408,0.7170774663695408,1772.2813293172692,1558.8652530120482,1642.3758915662652,0.09236947791160663,0.1113304447376209,0.20121638620069626,0.03944427062150169,0.0,0.7171855258685449,0.0019626230251459918,0.0
8973.421818971909,149.55703031619848,替浆（单段，实际）,0.7183134182484648,0.7183134182484648,1772.2813293172692,1558.8652530120482,1642.3758915662652,0.09236947791160663,0.1114339152713351,0.2012855425249205,0.03945755623031433,0.0,0.7183703277606007,0.0019292974364859634,0.0
8976.49202594099,149.60820043234983,替浆（单段，实际）,0.7195509900750418,0.7195509900750418,1772.2813293172692,1558.8652530120482,1642.3758915662652,0.09236947791160663,0.11153656857638893,0.20135405884202476,0.03947071870626362,0.0,0.7195561737984594,0.0018966038345345339,0.0
8979.568089226523,149.65946815377538,替浆（单段，实际）,0.7207906901601399,0.7207906901601399,1772.2813293172692,1568.1442128514057,1651.6548514056226,0.08835341365458026,0.11163839653941897,0.1926644888173193,0.03779995001051428,0.0,0.7207435803262074,0.001864547159808544,0.0
8982.64629177717,149.7107715296195,替浆（单段，实际）,0.7220310112507057,0.7220310112507057,1781.5602891566266,1568.1442128514057,1651.6548514056226,0.09236947791160663,0.11173928841653709,0.20148928936360844,0.039496696930098274,0.0,0.7219311326157772,0.0018331046945193827,0.0
8985.72794378028,149.76213239633802,替浆（单段，实际）,0.7232724729699503,0.7232724729699503,1781.5602891566266,1568.1442128514057,1651.6548514056226,0.09236947791160663,0.11183923343853874,0.20155603802946578,0.03950951930731672,0.0,0.7231193575314292,0.0018022846099031889,0.0
8988.81280702088,149.81354678368135,替浆（单段，实际）,0.7245149724312772,0.7245149724312772,1781.5602891566266,1577.423172690763,1660.93381124498,0.08835341365458026,0.11193819698977539,0.19285597884787525,0.03783679964827069,0.0,0.7243081845218505,0.0017720904336075605,0.0
8991.899404638552,149.86499007730922,替浆（单段，实际）,0.7257579093077835,0.7257579093077835,1790.839248995984,1577.423172690763,1660.93381124498,0.09236947791160663,0.11203612044752218,0.20168768471872386,0.03953480805276677,0.0,0.7254970667537994,0.0017425188378751948,0.0
8994.986657508507,149.91644429180846,替浆（单段，实际）,0.7270008384874308,0.7270008384874308,1790.839248995984,1577.423172690763,1660.93381124498,0.09236947791160663,0.11213294698522132,0.20175260567534545,0.039547278835617594,0.0,0.726685606221737,0.0017135635628561388,0.0
8998.073242470162,149.9678873745027,替浆（单段，实际）,0.7282432203685898,0.7282432203685898,1790.839248995984,1577.423172690763,1670.2127710843374,0.09236947791160663,0.1122286268190063,0.20181689749650308,0.03955962860713447,0.0,0.7278733135757915,0.0016852251136596364,0.0
9001.157874917402,150.01929791529003,替浆（单段，实际）,0.7294845351568303,0.7294845351568303,1790.839248995984,1586.7021325301205,1670.2127710843374,0.08835341365458026,0.11232311491547031,0.19310312921805994,0.037884358271076835,0.0,0.7290597175838665,0.0016575278248814986,0.0
9004.239710591153,150.0706618431859,替浆（单段，实际）,0.7307244324005953,0.7307244324005953,1800.1182088353414,1586.7021325301205,1670.2127710843374,0.09236947791160663,0.11241636393007814,0.20194351800333038,0.039583950588487626,0.0,0.7302445091173569,0.001630464135170648,0.0
9007.320490837328,150.12200818062215,替浆（单段，实际）,0.7319636055091658,0.7319636055091658,1800.1182088353414,1586.7021325301205,1679.4917309236948,0.09236947791160663,0.11250837718615811,0.20200580827640102,0.039595915429553985,0.0,0.7314283752761684,0.0016040116276315795,0.0
9010.401380195059,150.1733563365843,替浆（单段，实际）,0.7332025174439853,0.7332025174439853,1800.1182088353414,1595.981092369478,1679.4917309236948,0.08835341365458026,0.11259915129111152,0.19328187982598188,0.03791875340742812,0.0,0.7326117807937822,0.0015781797762646009,0.0
9013.479101250623,150.22465168751037,替浆（单段，实际）,0.734439841556943,0.734439841556943,1809.3971686746988,1595.981092369478,1679.4917309236948,0.09236947791160663,0.1126886045288405,0.20212837466581757,0.03961945779320786,0.0,0.7337934804917601,0.00155293532532194,0.0
9016.555363252643,150.2759227208774,替浆（单段，实际）,0.7356762578313659,0.7356762578313659,1809.3971686746988,1595.981092369478,1679.4917309236948,0.09236947791160663,0.11277673527317918,0.20218869356621338,0.039631043542977196,0.0,0.7349741452648983,0.0015282820728584735,0.0
9019.631810558993,150.32719684264987,替浆（单段，实际）,0.7369124192332621,0.7369124192332621,1809.3971686746988,1605.2600522088355,1688.7706907630522,0.08835341365458016,0.1128635475113078,0.19345492433956957,0.0379520494075255,0.0,0.7361544176169653,0.0015042155906902317,0.0
9022.709815090111,150.3784969181685,替浆（单段，实际）,0.7381488695217957,0.7381488695217957,1818.6761285140562,1605.2600522088355,1688.7706907630522,0.09236947791160652,0.11294903630395958,0.20230731290725226,0.03965382693927488,0.0,0.7373348347952781,0.0014807118183964194,0.0
9025.786819477431,150.42978032462386,替浆（单段，实际）,0.7393845696937175,0.7393845696937175,1818.6761285140562,1605.2600522088355,1688.7706907630522,0.09236947791160652,0.11303313076861822,0.2023656743995684,0.039665036321015146,0.0,0.7385144225067715,0.0014577441346253664,0.0
9028.863273971072,150.48105456618453,替浆（单段，实际）,0.740619696225567,0.740619696225567,1818.6761285140562,1605.2600522088355,1698.0496506024097,0.09236947791160652,0.11311581612064778,0.20242344158775888,0.03967613142703619,0.0,0.7396933653767422,0.0014353212768054909,0.0
9031.940760350848,150.53234600584747,替浆（单段，实际）,0.7418548768185671,0.7418548768185671,1818.6761285140562,1614.539012048193,1698.0496506024097,0.08835341365458016,0.11319709380028521,0.19367706926587097,0.03799479127224614,0.0,0.740872276934952,0.001413456647803483,0.0
9035.017426022585,150.5836237670431,替浆（单段，实际）,0.7430893554451642,0.7430893554451642,1827.9550883534137,1614.539012048193,1698.0496506024097,0.09236947791160652,0.11327690969429094,0.20253707545922162,0.03969795624284023,0.0,0.7420504493117627,0.0013921048151035896,0.0
9038.092833963483,150.63488056605806,替浆（单段，实际）,0.744322951981651,0.744322951981651,1827.9550883534137,1614.539012048193,1698.0496506024097,0.09236947791160652,0.11335523603344817,0.20259297464329112,0.03970869220296824,0.0,0.7432277234708049,0.0013712687549659456,0.0
9041.168572162725,150.68614286937876,替浆（单段，实际）,0.7455562974508104,0.7455562974508104,1827.9550883534137,1623.8179718875504,1707.328610441767,0.08835341365458016,0.11343207695429804,0.1938374481434076,0.03802564784048135,0.0,0.7444047124137039,0.0013509705530800637,0.0
9044.245300322049,150.73742167203415,替浆（单段，实际）,0.7467896445348985,0.7467896445348985,1837.234048192771,1623.8179718875504,1707.328610441767,0.09236947791160652,0.11350741122481596,0.20270287676935397,0.03972979958226608,0.0,0.7455816675860182,0.0013311708855692785,0.0
9047.320049406724,150.78866749011206,替浆（单段，实际）,0.748021795000813,0.748021795000813,1837.234048192771,1623.8179718875504,1707.328610441767,0.09236947791160652,0.11358118094112947,0.20275690727000772,0.03974017630213833,0.0,0.7467574550166298,0.0013118462517561198,0.0
9050.394403322396,150.83990672203993,替浆（单段，实际）,0.7492533796747363,0.7492533796747363,1837.234048192771,1623.8179718875504,1716.6075702811245,0.09236947791160652,0.1136533890124883,0.202810346913021,0.03975043943572809,0.0,0.7479326844166759,0.0012930350285264417,0.0
9053.469823835598,150.8911637305933,替浆（单段，实际）,0.7504849754086244,0.7504849754086244,1837.234048192771,1633.0969317269078,1716.6075702811245,0.08835341365458016,0.11372403024027025,0.19404301236519017,0.03806519652931151,0.0,0.749107912747207,0.0012747120500886896,0.0
9056.542570638461,150.9423761773077,替浆（单段，实际）,0.7517150723263781,0.7517150723263781,1846.5130080321287,1633.0969317269078,1716.6075702811245,0.09236947791160663,0.11379303931111441,0.20291533328756511,0.03977060184805381,0.0,0.7502817057703456,0.001256842782954904,0.0
9059.614215628777,150.99357026047963,替浆（单段，实际）,0.7529442977399126,0.7529442977399126,1846.5130080321287,1633.0969317269078,1716.6075702811245,0.09236947791160663,0.11386041698186249,0.20296693234503307,0.03978051118330195,0.0,0.7514546674345851,0.0012394470605604222,0.0
9062.686280456019,151.04477134093364,替浆（单段，实际）,0.7541732548932373,0.7541732548932373,1846.5130080321287,1642.3758915662652,1725.8865301204821,0.08835341365458026,0.11392616025301672,0.19419102757344814,0.038093672303877946,0.0,0.752627377215276,0.0012225380533369943,0.0
9065.759720283611,151.0959953380602,替浆（单段，实际）,0.7554023112951415,0.7554023112951415,1855.7919678714861,1642.3758915662652,1725.8865301204821,0.09236947791160663,0.11399024715689593,0.20306823935758983,0.03979996637976868,0.0,0.7538001897689893,0.0012060624113252071,0.0
9068.83562835181,151.14726047253015,替浆（单段，实际）,0.7566318992115485,0.7566318992115485,1855.7919678714861,1642.3758915662652,1725.8865301204821,0.09236947791160663,0.11405266009813363,0.20311799662281407,0.03980952171777208,0.0,0.7549735212302107,0.0011900073572135635,0.0
9071.915324573793,151.19858874289653,替浆（单段，实际）,0.7578625402887006,0.7578625402887006,1855.7919678714861,1642.3758915662652,1735.1654899598395,0.09236947791160663,0.1141133894710572,0.20316718036483492,0.03981896682347241,0.0,0.7561478713830816,0.0011743989376084764,0.0
9075.000029615061,151.25000049358434,替浆（单段，实际）,0.7590947097516765,0.7590947097516765,1865.0709277108435,1651.6548514056226,1735.1654899598395,0.09236947791160663,0.11417240886370111,0.20321580225662927,0.03982830394173309,0.0,0.7573236960620651,0.0011591944738120743,0.0
9078.08697258182,151.30144954303032,替浆（单段，实际）,0.7603272897781296,0.7603272897781296,1865.0709277108435,1651.6548514056226,1735.1654899598395,0.09236947791160663,0.11422967062172874,0.2032638796355612,0.039837536405040064,0.0,0.758499931089333,0.0011443679764950054,0.0
9081.17636453718,151.35293940895298,替浆（单段，实际）,0.7615603631506281,0.7615603631506281,1865.0709277108435,1651.6548514056226,1744.444449799197,0.09236947791160663,0.11428515760550005,0.20331145040633639,0.0398466714952761,0.0,0.7596766571215794,0.0011299607443499163,0.0
9084.269525191568,151.40449208652615,替浆（单段，实际）,0.7627944476168395,0.7627944476168395,1865.0709277108435,1660.93381124498,1744.444449799197,0.08835341365458026,0.11433885129914771,0.19451679468574534,0.03815634175162608,0.0,0.7608543694223736,0.0011159640277618739,0.0
9087.367667170816,151.45612778618028,替浆（单段，实际）,0.7640300106628191,0.7640300106628191,1874.349887550201,1660.93381124498,1744.444449799197,0.09236947791160663,0.1143907161261135,0.20340492822485512,0.03986462193519724,0.0,0.7620335162211318,0.0011023307367297396,0.0
9090.471888656934,151.5078648109489,替浆（单段，实际）,0.7652674861161752,0.7652674861161752,1874.349887550201,1660.93381124498,1744.444449799197,0.09236947791160663,0.11444072855259368,0.2034508538025892,0.03987344084908395,0.0,0.7632145132349466,0.001089066528470601,0.0
9093.573882285562,151.55956470475937,替浆（单段，实际）,0.7665035581313439,0.7665035581313439,1874.349887550201,1660.93381124498,1753.7234096385544,0.09236947791160663,0.1144888458215161,0.2034962549215485,0.0398821589735282,0.0,0.7643941967966064,0.001076199199311383,0.0
9096.670818963172,151.61118031605287,替浆（单段，实际）,0.7677370900238246,0.7677370900238246,1883.6288473895584,1670.2127710843374,1753.7234096385544,0.09236947791160663,0.11453504093220394,0.20354118540136967,0.03989078664582002,0.0,0.7655714837592014,0.0010637067033477685,0.0
9099.76276393567,151.66271273226118,替浆（单段，实际）,0.7689681057348936,0.7689681057348936,1883.6288473895584,1670.2127710843374,1753.7234096385544,0.09236947791160663,0.1145793019077291,0.2035855261146909,0.039899300993543996,0.0,0.7667463988255356,0.0010515964471945586,0.0
9102.849787520347,151.7141631253391,替浆（单段，实际）,0.7701966339444025,0.7701966339444025,1883.6288473895584,1670.2127710843374,1763.0023694779118,0.09236947791160663,0.11462162467827985,0.20362923344278347,0.03990769364411262,0.0,0.7679189703172907,0.0010398986486382556,0.0
9105.93196558793,151.76553275979884,替浆（单段，实际）,0.7714226955763811,0.7714226955763811,1883.6288473895584,1679.4917309236948,1763.0023694779118,0.08835341365458026,0.11466199118125248,0.19481699501794553,0.038214089175175325,0.0,0.7690892195832856,0.001028575865264961,0.0
9109.008734875211,151.81681224792018,替浆（单段，实际）,0.772646058462598,0.772646058462598,1892.9078072289158,1679.4917309236948,1763.0023694779118,0.09236947791160663,0.11470038350626052,0.20371477221717568,0.03992411852745359,0.0,0.7702569270761842,0.0010175988569965945,0.0
9112.080133687838,151.86800222813062,替浆（单段，实际）,0.7738667412286273,0.7738667412286273,1892.9078072289158,1679.4917309236948,1772.2813293172692,0.09236947791160663,0.1147367989785296,0.20375661901114567,0.03993215371335035,0.0,0.7714221119715611,0.0010069990001101157,0.0
9115.146234587199,151.91910390978666,替浆（单段，实际）,0.7750847665268142,0.7750847665268142,1892.9078072289158,1688.7706907630522,1772.2813293172692,0.08835341365458026,0.11477122984758964,0.19493707337741276,0.0382371868326874,0.0,0.7725847969849018,0.0009967698565317758,0.0
9118.207118273076,151.9701186378846,替浆（单段，实际）,0.7763001542938252,0.7763001542938252,1902.1867670682732,1688.7706907630522,1772.2813293172692,0.09236947791160663,0.11480365436532457,0.20383847468361763,0.039947870984530565,0.0,0.7737450033686514,0.0009868566831271895,0.0
9121.262878278163,152.02104797130272,替浆（单段，实际）,0.7775129435978385,0.7775129435978385,1902.1867670682732,1688.7706907630522,1772.2813293172692,0.09236947791160663,0.11483406668700433,0.20387850483226913,0.03995555715965016,0.0,0.7749027703871807,0.0009772768676731677,0.0
9124.313615930876,152.07189359884794,替浆（单段，实际）,0.7787231723085997,0.7787231723085997,1902.1867670682732,1688.7706907630522,1781.5602891566266,0.09236947791160663,0.11486246221894233,0.20391794493350796,0.03996312997978668,0.0,0.7760581352457054,0.0009680590102100485,0.0
9127.359440609138,152.12265734348563,替浆（单段，实际）,0.7799308722898625,0.7799308722898625,1902.1867670682732,1698.0496506024097,1781.5602891566266,0.08835341365458026,0.11488882484433527,0.1950891154508899,0.03826643207049596,0.0,0.7772111299541727,0.0009591415695405296,0.0
9130.4004704575,152.17334117429166,替浆（单段，实际）,0.7811360856585785,0.7811360856585785,1911.4657269076306,1698.0496506024097,1781.5602891566266,0.09236947791160663,0.11491314121180415,0.2039950845167081,0.03997794123433507,0.0,0.7783617966472447,0.0009505197809086268,0.0
9133.436195926182,152.2239365987697,替浆（单段，实际）,0.7823386134582283,0.7823386134582283,1911.4657269076306,1698.0496506024097,1790.839248995984,0.09236947791160663,0.1149354139763474,0.20403279643216057,0.039985182061171076,0.0,0.7795099465204296,0.0009422266015848354,0.0
9136.466595663755,152.27444326106257,替浆（单段，实际）,0.7835384386308125,0.7835384386308125,1911.4657269076306,1707.328610441767,1790.839248995984,0.08835341365458026,0.11495563428663869,0.19519734424178797,0.03828724929743743,0.0,0.7806555640892664,0.0009342380458807332,0.0
9139.4917960229,152.32486326704833,替浆（单段，实际）,0.7847356003824911,0.7847356003824911,1911.4657269076306,1707.328610441767,1790.839248995984,0.08835341365458026,0.11497378446150974,0.19523235515407802,0.038293983362013395,0.0,0.7817986884617649,0.0009265094080845105,0.0
9142.511935916089,152.37519893193482,替浆（单段，实际）,0.7859301586311368,0.7859301586311368,1920.744686746988,1707.328610441767,1790.839248995984,0.09236947791160663,0.11498986461451835,0.20414260449691174,0.04000626530351725,0.0,0.7829393778110846,0.0009190723759018032,0.0
9145.527168915723,152.42545281526205,替浆（单段，实际）,0.7871221695381488,0.7871221695381488,1920.744686746988,1707.328610441767,1800.1182088353414,0.09236947791160663,0.11500386975237946,0.20417811208813227,0.0400130826923315,0.0,0.7840776860469023,0.0009119412252339391,0.0
9148.537661378148,152.47562768963581,替浆（单段，实际）,0.7883116856055691,0.7883116856055691,1920.744686746988,1716.6075702811245,1800.1182088353414,0.08835341365458026,0.11501578154531773,0.1953342549004685,0.038313582682135694,0.0,0.7852136641108354,0.0009050458315727913,0.0
9151.543592963713,152.52572654939522,替浆（单段，实际）,0.7894987774998953,0.7894987774998953,1930.0236465863454,1716.6075702811245,1800.1182088353414,0.09236947791160663,0.11502559283180426,0.20424752738678295,0.04002641015553143,0.0,0.7863473803032959,0.0008983996944759761,0.0
9154.544694233338,152.57574490388896,替浆（单段，实际）,0.7906833404857811,0.7906833404857811,1930.0236465863454,1716.6075702811245,1809.3971686746988,0.09236947791160663,0.11503330670272413,0.20428144642082183,0.04003292240881651,0.0,0.7874787348286163,0.0008920406391084503,0.0
9157.540744272614,152.62567907121021,替浆（单段，实际）,0.7918652760929319,0.7918652760929319,1930.0236465863454,1716.6075702811245,1809.3971686746988,0.09236947791160663,0.11503891437159308,0.20431485687210507,0.04003933697404105,0.0,0.7886076336724388,0.0008859212270429844,0.0
9160.531948227734,152.67553247046223,替浆（单段，实际）,0.7930446572934982,0.7930446572934982,1930.0236465863454,1725.8865301204821,1809.3971686746988,0.08835341365458016,0.11504240076142483,0.1954630798723942,0.038338360208080347,0.0,0.7897341473150885,0.000880011981984871,0.0
9163.51853094057,152.7253088490095,替浆（单段，实际）,0.7942215786996211,0.7942215786996211,1939.3026064257028,1725.8865301204821,1809.3971686746988,0.09236947791160652,0.11504376710118235,0.2043801680782718,0.04005187612990102,0.0,0.790858366212914,0.0008743548684664535,0.0
9166.50073450836,152.775012241806,替浆（单段，实际）,0.7953961290254843,0.7953961290254843,1939.3026064257028,1725.8865301204821,1818.6761285140562,0.09236947791160652,0.11504300433872475,0.20441207311723836,0.04005800154681749,0.0,0.7919803750395775,0.0008689510009574949,0.0
9169.478820317618,152.82464700529363,替浆（单段，实际）,0.7965683966538823,0.7965683966538823,1939.3026064257028,1735.1654899598395,1818.6761285140562,0.08835341365458016,0.11504009033696355,0.19555464094904057,0.038355970201862655,0.0,0.7931002586216211,0.0008637273251096509,0.0
9172.453070212398,152.8742178368733,替浆（单段，实际）,0.7977384951457683,0.7977384951457683,1939.3026064257028,1735.1654899598395,1818.6761285140562,0.08835341365458016,0.11503502107917246,0.19558422595206257,0.038361660233334205,0.0,0.7942181258322947,0.0008587115203238414,0.0
9175.422888375355,152.9237148062559,替浆（单段，实际）,0.7989061924017976,0.7989061924017976,1948.5815662650602,1735.1654899598395,1827.9550883534137,0.09236947791160652,0.11502780409945977,0.20450486948000723,0.04007581720667919,0.0,0.7953337552190849,0.0008539497864528977,0.0
9178.388503363143,152.97314172271905,替浆（单段，实际）,0.8000715630718294,0.8000715630718294,1948.5815662650602,1735.1654899598395,1827.9550883534137,0.09236947791160652,0.11501842061660665,0.20453486031003282,0.04008157497401188,0.0,0.7964472185622041,0.0008493697457884553,0.0
9181.350250611027,153.02250417685045,替浆（单段，实际）,0.8012347333133063,0.8012347333133063,1948.5815662650602,1744.444449799197,1827.9550883534137,0.08835341365458016,0.1150068558544366,0.1956702826608999,0.038378211177024224,0.0,0.797558637341003,0.0008449494668047443,0.0
9184.308486294241,153.07180810490402,替浆（单段，实际）,0.8023958483350422,0.8023958483350422,1957.8605261044177,1744.444449799197,1827.9550883534137,0.09236947791160652,0.11499310620863569,0.20459344913606137,0.040092823006831924,0.0,0.7986681511563276,0.0008407549619708082,0.0
9187.263593089367,153.12105988482278,替浆（单段，实际）,0.8035550509959017,0.8035550509959017,1957.8605261044177,1744.444449799197,1837.234048192771,0.09236947791160652,0.11497715264653224,0.20462205616748813,0.04009831501007677,0.0,0.7997758975913882,0.0008367599014945547,0.0
9190.215980685281,153.17026634475468,替浆（单段，实际）,0.804712485767731,0.804712485767731,1957.8605261044177,1753.7234096385544,1837.234048192771,0.08835341365458016,0.11495896990416783,0.19575237939382473,0.0383940002488351,0.0,0.8008820162220252,0.0008329017976515728,0.0
9193.16520510667,153.21942008511118,替浆（单段，实际）,0.8058679812534482,0.8058679812534482,1967.1394859437753,1753.7234096385544,1837.234048192771,0.09236947791160663,0.11493856372263708,0.2046779309774296,0.04010904181498309,0.0,0.8019863449104079,0.0008292144398293367,0.0
9196.111544438569,153.26852574064281,替浆（单段，实际）,0.8070216466404322,0.8070216466404322,1967.1394859437753,1753.7234096385544,1846.5130080321287,0.09236947791160663,0.11491592291177435,0.20470521760846938,0.04011428023877206,0.0,0.8030889902412597,0.0008257381251588406,0.0
9199.055482713571,153.3175913785595,替浆（单段，实际）,0.8081736561199706,0.8081736561199706,1967.1394859437753,1753.7234096385544,1846.5130080321287,0.09236947791160663,0.11489102065289299,0.20473206770018557,0.040119434828854494,0.0,0.8041901208066718,0.0008224024397558474,0.0
9201.997531339059,153.36662552231763,替浆（单段，实际）,0.8093242019140527,0.8093242019140527,1967.1394859437753,1763.0023694779118,1846.5130080321287,0.08835341365458026,0.11486383356278616,0.1958559473516568,0.03841391835647334,0.0,0.8052899233319247,0.0008191930592245512,0.0
9204.938232722692,153.41563721204486,替浆（单段，实际）,0.810473499206113,0.810473499206113,1976.4184457831327,1763.0023694779118,1846.5130080321287,0.09236947791160663,0.11483434528722848,0.20478448835228227,0.04012949828913326,0.0,0.8063886066502207,0.000816168909509561,0.0
9207.878033548215,153.46463389247026,替浆（单段，实际）,0.8116217146193038,0.8116217146193038,1976.4184457831327,1763.0023694779118,1855.7919678714861,0.09236947791160663,0.1148025292685193,0.2048100678708461,0.040134408881635664,0.0,0.8074863336912022,0.0008133036322133341,0.0
9210.816550275329,153.5136091712555,替浆（单段，实际）,0.8127686790536008,0.8127686790536008,1976.4184457831327,1772.2813293172692,1855.7919678714861,0.08835341365458026,0.11476836901217959,0.19592935815856052,0.038428036414863365,0.0,0.8085829470266729,0.0008105438453957738,0.0
9213.754411928101,153.56257353213502,替浆（单段，实际）,0.8139146387128867,0.8139146387128867,1985.6974056224901,1772.2813293172692,1855.7919678714861,0.09236947791160663,0.11473184441452079,0.2048600126954601,0.040143996897468726,0.0,0.8096786863321451,0.0008079127871387086,0.0
9216.692273725102,153.61153789541837,替浆（单段，实际）,0.8150598483395413,0.8150598483395413,1985.6974056224901,1772.2813293172692,1865.0709277108435,0.09236947791160663,0.11469292565495863,0.20488437484709823,0.04014867371757469,0.0,0.8107738004108181,0.0008054622037368783,0.0
9219.630821863742,153.66051369772904,替浆（单段，实际）,0.8162045558142086,0.8162045558142086,1985.6974056224901,1772.2813293172692,1865.0709277108435,0.09236947791160663,0.11465156737313942,0.2049083305857923,0.04015327249606948,0.0,0.8118685318099675,0.0008031175435498958,0.0
9222.570774764903,153.70951291274838,替浆（单段，实际）,0.8173490304302059,0.8173490304302059,1994.9763654618475,1781.5602891566266,1865.0709277108435,0.09236947791160663,0.11460772885207007,0.20493188762293843,0.04015779471441927,0.0,0.8129631443896226,0.0008008611779170946,0.0
9225.512165410153,153.75853609016923,替浆（单段，实际）,0.8184932852182085,0.8184932852182085,1994.9763654618475,1781.5602891566266,1865.0709277108435,0.09236947791160663,0.11456139658602733,0.20495505545896575,0.040162242197480325,0.0,0.8140576571720953,0.0007987597428667831,0.0
9228.45532269438,153.807588711573,替浆（单段，实际）,0.819637440468476,0.819637440468476,1994.9763654618475,1781.5602891566266,1874.349887550201,0.09236947791160663,0.11451253786455116,0.20497784472473368,0.04016661698706181,0.0,0.8151521924184408,0.0007967903290290713,0.0
9231.401029008626,153.85668381681043,替浆（单段，实际）,0.8207817743778325,0.8207817743778325,1994.9763654618475,1781.5602891566266,1874.349887550201,0.09236947791160663,0.1144610919058201,0.20500025066352126,0.0401709181710298,0.0,0.8162470244971791,0.0007948930857616322,0.0
9234.3500899556,153.90583483259334,替浆（单段，实际）,0.8219265978637741,0.8219265978637741,2004.255325301205,1790.839248995984,1874.349887550201,0.09236947791160663,0.11440701657030432,0.20502227057834976,0.0401751452326482,0.0,0.8173424592113523,0.0007930814611518661,0.0
9237.303324481789,153.9550554080298,替浆（单段，实际）,0.8230722254885975,0.8230722254885975,2004.255325301205,1790.839248995984,1883.6288473895584,0.09236947791160663,0.11435026382327469,0.2050439063815739,0.040179298539999686,0.0,0.8184388065968816,0.0007914368573644115,0.0
9240.261355772986,154.00435592954975,替浆（单段，实际）,0.8242188756158175,0.8242188756158175,2004.255325301205,1790.839248995984,1883.6288473895584,0.09236947791160663,0.1142907697864255,0.2050651610452561,0.04018337866456845,0.0,0.8195362856243799,0.0007898671420355155,0.0
9243.224097469692,154.0537349578282,替浆（单段，实际）,0.8253664986582594,0.8253664986582594,2004.255325301205,1800.1182088353414,1883.6288473895584,0.08835341365458026,0.11422850380176748,0.19616925921849493,0.03847417173471679,0.0,0.8206348594939985,0.000788347419895997,0.0
9246.182735531143,154.10304559218574,替浆（单段，实际）,0.8265116817421014,0.8265116817421014,2013.5342851405624,1800.1182088353414,1883.6288473895584,0.09236947791160663,0.1141637437119794,0.20510659595757602,0.04019133261512087,0.0,0.8217312715428452,0.0007869595673562492,0.0
9249.136146511977,154.15226910853295,替浆（单段，实际）,0.8276539901575329,0.8276539901575329,2013.5342851405624,1800.1182088353414,1892.9078072289158,0.09236947791160663,0.1140965200031477,0.20512691512747966,0.040195233110272954,0.0,0.8228251157262138,0.0007856843853042685,0.0
9252.084479785844,154.20140799643073,替浆（单段，实际）,0.8287934631264483,0.8287934631264483,2013.5342851405624,1800.1182088353414,1892.9078072289158,0.09236947791160663,0.11402680822320804,0.20514684148686815,0.04019905818559655,0.0,0.8239164398952172,0.0007844571231993015,0.0
9255.027896669424,154.2504649444904,替浆（单段，实际）,0.8299301654264821,0.8299301654264821,2022.8132449799198,1809.3971686746988,1892.9078072289158,0.09236947791160663,0.11395460183780036,0.20516635500897992,0.04020280399766729,0.0,0.8250053165248917,0.0007832958328458976,0.0
9257.966570822826,154.2994428470471,替浆（单段，实际）,0.8310641665617811,0.8310641665617811,2022.8132449799198,1809.3971686746988,1902.1867670682732,0.09236947791160663,0.11387988879448334,0.2051854568425084,0.04020647076791495,0.0,0.82609182301947,0.0007822703992088867,0.0
9260.90068901399,154.34834481689984,替浆（单段，实际）,0.8321955287415111,0.8321955287415111,2022.8132449799198,1809.3971686746988,1902.1867670682732,0.09236947791160663,0.11380264579432656,0.20520414864857944,0.040210058816111505,0.0,0.8271760300407622,0.0007813016831492264,0.0
9263.82999507412,154.39716658456868,替浆（单段，实际）,0.8333241406253975,0.8333241406253975,2022.8132449799198,1818.6761285140562,1902.1867670682732,0.08835341365458026,0.11372286974215953,0.19629972075438804,0.0384992598346835,0.0,0.8282578422835901,0.0007803749946933088,0.0
9266.754284014136,154.44590473356894,替浆（单段，实际）,0.8344499276800925,0.8344499276800925,2032.0922048192772,1818.6761285140562,1902.1867670682732,0.09236947791160663,0.11364056605070978,0.20524033200346228,0.04021700447499077,0.0,0.829337199876012,0.0007795290117244874,0.0
9269.673772972561,154.494562882876,替浆（单段，实际）,0.8355729741082895,0.8355729741082895,2032.0922048192772,1818.6761285140562,1911.4657269076306,0.09236947791160663,0.1135557181624095,0.20525783391294608,0.040220364076133164,0.0,0.8304141952111622,0.0007787819465193609,0.0
9272.588695953198,154.5431449325533,替浆（单段，实际）,0.8366933528581904,0.8366933528581904,2032.0922048192772,1818.6761285140562,1911.4657269076306,0.09236947791160663,0.11346829784321288,0.20527493620085632,0.040223646956051406,0.0,0.8314889099109587,0.0007780670405504438,0.0
9275.49930441012,154.59165507350198,替浆（单段，实际）,0.8378111581533016,0.8378111581533016,2041.3711646586346,1827.9550883534137,1911.4657269076306,0.09236947791160663,0.1133782894480795,0.20529164262633934,0.04022685383711844,0.0,0.832561446117441,0.0007773816139019958,0.0
9278.405868238526,154.64009780397544,替浆（单段，实际）,0.838926494897419,0.838926494897419,2041.3711646586346,1827.9550883534137,1920.744686746988,0.09236947791160663,0.11328567335367892,0.20530795447560393,0.0402299849669886,0.0,0.8336319167502901,0.0007767894937336269,0.0
9281.308681706212,154.68847802843686,替浆（单段，实际）,0.8400394716889498,0.8400394716889498,2041.3711646586346,1827.9550883534137,1920.744686746988,0.09236947791160663,0.11319042033095497,0.20532433444691875,0.04023312916290145,0.0,0.8347004379379372,0.0007762448465495044,0.0
9284.207451838323,154.73679086397206,替浆（单段，实际）,0.841149959024241,0.841149959024241,2041.3711646586346,1827.9550883534137,1920.744686746988,0.09236947791160663,0.11309251946841774,0.20534146089922584,0.04023641663757904,0.0,0.8357668972160651,0.0007757198309679409,0.0
9287.102147897027,154.7850357982838,替浆（单段，实际）,0.842257945874781,0.842257945874781,2050.6501244979922,1837.234048192771,1920.744686746988,0.09236947791160673,0.11299197349527111,0.2053585756115823,0.040239701847488374,0.0,0.8368312964013108,0.0007752182326474428,0.0
9289.993108537767,154.83321847562945,替浆（单段，实际）,0.843363563393396,0.843363563393396,2050.6501244979922,1837.234048192771,1930.0236465863454,0.09236947791160673,0.11288874546640398,0.2053768823769681,0.040243215862376336,0.0,0.8378937730321612,0.0007747989377084125,0.0
9292.880694574917,154.88134490958194,替浆（单段，实际）,0.8444669386500635,0.8444669386500635,2050.6501244979922,1837.234048192771,1930.0236465863454,0.09236947791160673,0.11278280049386322,0.2053969872998811,0.04024707502184954,0.0,0.8389544609792331,0.0007743961961827543,0.0
9295.765294109155,154.9294215684859,替浆（单段，实际）,0.8455682084908612,0.8455682084908612,2059.9290843373497,1846.5130080321287,1930.0236465863454,0.09236947791160663,0.11267410139062436,0.20541878951255838,0.04025125996020307,0.0,0.8400135037013351,0.0007739846025198908,0.0
9298.647320422664,154.97745534037773,替浆（单段，实际）,0.8466675299298524,0.8466675299298524,2059.9290843373497,1846.5130080321287,1930.0236465863454,0.09236947791160663,0.11256262855945047,0.20544071341768452,0.04025546823904125,0.0,0.8410710647935319,0.0007736035993296563,0.0
9301.526975132016,155.0254495855336,替浆（单段，实际）,0.8477649775616158,0.8477649775616158,2059.9290843373497,1846.5130080321287,1939.3026064257028,0.09236947791160663,0.11244836001175759,0.2054622528313055,0.04025960269702378,0.0,0.8421272280610151,0.0007732720381552042,0.0
9304.403928416854,155.07339880694755,替浆（单段，实际）,0.848860405316403,0.848860405316403,2069.208044176707,1846.5130080321287,1939.3026064257028,0.09638554216863299,0.11233128872527416,0.2144174719037628,0.041977001371899414,0.0,0.8431818647414919,0.0007729364817327632,0.0
9307.27865302877,155.12131088381284,替浆（单段，实际）,0.8499539891979754,0.8499539891979754,2069.208044176707,1855.7919678714861,1939.3026064257028,0.09236947791160663,0.11221138122276235,0.20550419611323262,0.04026765359566786,0.0,0.8442351560722556,0.000772583890603266,0.0
9310.151651970373,155.16919419950622,替浆（单段，实际）,0.851045917441394,0.851045917441394,2069.208044176707,1855.7919678714861,1939.3026064257028,0.09236947791160663,0.11208859726819233,0.20552459392773426,0.04027156887615613,0.0,0.8452872955525869,0.0007722861686041706,0.0
9313.023454005255,155.21705756675425,替浆（单段，实际）,0.8521363827312154,0.8521363827312154,2069.208044176707,1855.7919678714861,1948.5815662650602,0.09236947791160663,0.11196288999687912,0.20554460739520508,0.04027541036721538,0.0,0.846338480925667,0.0007719941643294874,0.0
9315.894609147723,155.26491015246205,替浆（单段，实际）,0.8532255742790649,0.8532255742790649,2078.4870040160645,1855.7919678714861,1948.5815662650602,0.09638554216863299,0.11183420454516371,0.21450181431755896,0.04199316163003475,0.0,0.8473889064010457,0.0007716873564716629,0.0
9318.765556466999,155.31275927444997,替浆（单段，实际）,0.8543136545958724,0.8543136545958724,2078.4870040160645,1865.0709277108435,1948.5815662650602,0.09236947791160663,0.11170250108456134,0.20558349044876986,0.04028287374272077,0.0,0.8484387411703972,0.0007713705848128929,0.0
9321.635980043746,155.36059966739577,替浆（单段，实际）,0.8554004984571278,0.8554004984571278,2078.4870040160645,1865.0709277108435,1948.5815662650602,0.09236947791160663,0.11156777885703113,0.2056023687725405,0.04028649730600764,0.0,0.849487877066241,0.0007710964709487205,0.0
9324.506500336753,155.40844167227922,替浆（单段，实际）,0.856486321781292,0.856486321781292,2087.765963855422,1865.0709277108435,1957.8605261044177,0.09638554216863299,0.11142997147068186,0.2145609202726285,0.042004486344927816,0.0,0.8505365349435636,0.0007708031218513134,0.0
9327.377758599865,155.45629597666442,替浆（单段，实际）,0.8575713549097136,0.8575713549097136,2087.765963855422,1865.0709277108435,1957.8605261044177,0.09638554216863299,0.11128902175083479,0.2145798435444656,0.042008112019971566,0.0,0.8515849494963812,0.0007704785284994181,0.0
9330.2504115741,155.50417352623498,替浆（单段，实际）,0.8586558395983815,0.8586558395983815,2087.765963855422,1874.349887550201,1957.8605261044177,0.09236947791160663,0.1111448663261794,0.2056567712225229,0.04029693940236545,0.0,0.8526333675146499,0.0007701767520756594,0.0
9333.125130837403,155.5520855139567,替浆（单段，实际）,0.8597400164099954,0.8597400164099954,2097.0449236947793,1874.349887550201,1957.8605261044177,0.09638554216863299,0.11099743064537437,0.21461649970089455,0.04201513525432776,0.0,0.8536820354719359,0.0007698725721200191,0.0
9336.002472840692,155.60004121401153,替浆（单段，实际）,0.8608240710775685,0.8608240710775685,2097.0449236947793,1874.349887550201,1967.1394859437753,0.09638554216863299,0.11084664544214377,0.21463423317977753,0.042018532929176344,0.0,0.8547311462045173,0.0007695339015577513,0.0
9338.882247527958,155.64803745879928,替浆（单段，实际）,0.8619079205599598,0.8619079205599598,2097.0449236947793,1883.6288473895584,1967.1394859437753,0.09236947791160663,0.11069249506606042,0.2057077604855267,0.040306726262815396,0.0,0.8557806331004062,0.0007691720545023914,0.0
9341.765172922695,155.69608621537824,替浆（单段，实际）,0.8629918252353027,0.8629918252353027,2106.3238835341367,1883.6288473895584,1967.1394859437753,0.09638554216863299,0.11053490036138267,0.21466853289291002,0.04202510460453701,0.0,0.8568307626501049,0.0007688269010725067,0.0
9344.651968333108,155.74419947221847,替浆（单段，实际）,0.864076033628039,0.864076033628039,2106.3238835341367,1883.6288473895584,1976.4184457831327,0.09638554216863299,0.1103737700225087,0.21468508165158687,0.0420282752583625,0.0,0.8578817904571903,0.0007684572979946851,0.0
9347.54335948709,155.79238932478484,替浆（单段，实际）,0.8651607955412672,0.8651607955412672,2106.3238835341367,1883.6288473895584,1976.4184457831327,0.09638554216863299,0.1102090169640788,0.2147012251933236,0.04203136826467346,0.0,0.8589339732708633,0.0007680430469297539,0.0
9350.440068314596,155.84066780524327,替浆（单段，实际）,0.8662463669138496,0.8662463669138496,2106.3238835341367,1892.9078072289158,1976.4184457831327,0.09236947791160663,0.11004055239567427,0.20577041960617734,0.040318752894782706,0.0,0.8599875750202235,0.0007676170530019548,0.0
9353.342808090587,155.88904680150978,替浆（单段，实际）,0.8673329977699354,0.8673329977699354,2115.602843373494,1892.9078072289158,1976.4184457831327,0.09638554216863299,0.10986827976084348,0.2147322819863843,0.04203731853290471,0.0,0.8610428546758805,0.0007671817655607023,0.0
9356.25133490416,155.93752224840267,替浆（单段，实际）,0.8684205655386728,0.8684205655386728,2115.602843373494,1892.9078072289158,1985.6974056224901,0.09638554216863299,0.10969216202496962,0.2147471942219262,0.04204017560167339,0.0,0.8620997093932863,0.0007667022780760613,0.0
9359.16634686258,155.986105781043,替浆（单段，实际）,0.8695093088069163,0.8695093088069163,2115.602843373494,1892.9078072289158,1985.6974056224901,0.09638554216863299,0.10951210268415486,0.21476170548120066,0.04204295583831619,0.0,0.863158387243838,0.0007661688218220018,0.0
9362.08852944661,156.03480882411017,替浆（单段，实际）,0.8705994659260923,0.8705994659260923,2124.8818032128515,1902.1867670682732,1985.6974056224901,0.09638554216863299,0.1093280032009916,0.21477578859813,0.04204565403872962,0.0,0.8642191368944888,0.0007656292796147412,0.0
9365.018541826705,156.0836423637784,替浆（单段，实际）,0.8716912548153566,0.8716912548153566,2124.8818032128515,1902.1867670682732,1994.9763654618475,0.09638554216863299,0.10913975537433604,0.2147894400009559,0.04204826951929219,0.0,0.8652821876743632,0.0007650583864632715,0.0
9367.957010640197,156.13261684400328,替浆（单段，实际）,0.8727848736992843,0.8727848736992843,2124.8818032128515,1902.1867670682732,1994.9763654618475,0.09638554216863299,0.10894724696229442,0.21480265743968316,0.0420508018496053,0.0,0.8663477499942325,0.0007644221790514028,0.0
9370.904528839224,156.18174214732042,替浆（单段，实际）,0.8738805198152393,0.8738805198152393,2134.160763052209,1911.4657269076306,1994.9763654618475,0.09638554216863299,0.10875037725888015,0.21481543781175952,0.04205325043591246,0.0,0.8674160338506497,0.0007637401244739134,0.0
9373.861379064492,156.2310229844082,替浆（单段，实际）,0.874978274362169,0.874978274362169,2134.160763052209,1911.4657269076306,2004.255325301205,0.09638554216863299,0.10854906291195066,0.21482777690562233,0.04205561447196715,0.0,0.8684871363900313,0.0007630481311417832,0.0
9376.827547463243,156.2804591243874,替浆（单段，实际）,0.8760780879576741,0.8760780879576741,2134.160763052209,1911.4657269076306,2004.255325301205,0.09638554216863299,0.10834322442441313,0.21483967619883762,0.042057894241479876,0.0,0.8695610274322692,0.0007622923142212239,0.0
9379.803426783568,156.33005711305947,替浆（单段，实际）,0.8771800761849827,0.8771800761849827,2143.4397228915664,1911.4657269076306,2004.255325301205,0.10040160642565936,0.10813276848221717,0.223803262328251,0.04377367514136421,0.0,0.8706378372481951,0.0007614483513549253,0.0
9382.789277260448,156.37982128767413,替浆（单段，实际）,0.8782843095305175,0.8782843095305175,2143.4397228915664,1920.744686746988,2004.255325301205,0.09638554216863299,0.10791761294206499,0.2148621268017873,0.042062195507396316,0.0,0.8717176520709415,0.0007606038880228855,0.0
9385.785490699947,156.42975817833246,替浆（单段，实际）,0.8793908942595922,0.8793908942595922,2143.4397228915664,1920.744686746988,2013.5342851405624,0.09638554216863299,0.10769764447566683,0.21487265468286693,0.0420642125163303,0.0,0.8728005933611872,0.000759703693599767,0.0
9388.792406441264,156.47987344068773,替浆（单段，实际）,0.8804999109712408,0.8804999109712408,2143.4397228915664,1920.744686746988,2013.5342851405624,0.09638554216863299,0.1074727528958457,0.21488270694329523,0.042066138398396236,0.0,0.8738867571512983,0.0007587088969476082,0.0
9391.810312023234,156.5301718670539,替浆（单段，实际）,0.8816114357006104,0.8816114357006104,2152.718682730924,1920.744686746988,2013.5342851405624,0.10040160642565936,0.10724284893516522,0.22384612241009408,0.04378187189394167,0.0,0.8749762344680343,0.0007576621848937295,0.0
9394.839443521121,156.58065739201868,替浆（单段，实际）,0.8827255214239251,0.8827255214239251,2152.718682730924,1930.0236465863454,2022.8132449799198,0.09638554216863299,0.10700783392440481,0.21490135728757995,0.04206971155099637,0.0,0.87606909375633,0.0007565920097092832,0.0
9397.879673745996,156.6313278957666,替浆（单段，实际）,0.8838420652155486,0.8838420652155486,2152.718682730924,1930.0236465863454,2022.8132449799198,0.09638554216863299,0.10676762081959477,0.21490993944249637,0.04207135577081211,0.0,0.8771652502115832,0.0007554250161761788,0.0
9400.930858537355,156.68218097562257,替浆（单段，实际）,0.884960980898943,0.884960980898943,2161.997642570281,1930.0236465863454,2022.8132449799198,0.10040160642565936,0.10652215593320723,0.22387293937068511,0.04378700045295991,0.0,0.8782646340401618,0.0007541614244197351,0.0
9403.993120148421,156.73321866914037,替浆（单段，实际）,0.8860822764170943,0.8860822764170943,2161.997642570281,1939.3026064257028,2022.8132449799198,0.09638554216863299,0.1062713510358481,0.21492558866625588,0.042074353934060116,0.0,0.8793672675991192,0.000752895828949101,0.0
9407.066540782762,156.78444234637936,替浆（单段，实际）,0.8872059302517774,0.8872059302517774,2161.997642570281,1939.3026064257028,2032.0922048192772,0.09638554216863299,0.10601509933994706,0.21493262213977918,0.04207570144204609,0.0,0.8804731442240196,0.0007515290745826637,0.0
9410.151168552626,156.83585280921042,替浆（单段，实际）,0.8883319151171108,0.8883319151171108,2171.2766024096386,1939.3026064257028,2032.0922048192772,0.10040160642565936,0.1057533169358063,0.22389491022975372,0.04379120220793886,0.0,0.8815822500846956,0.0007500584428124888,0.0
9413.247024055945,156.8874504009324,替浆（单段，实际）,0.8894601985934949,0.8894601985934949,2171.2766024096386,1939.3026064257028,2032.0922048192772,0.10040160642565936,0.10548592200881454,0.223901095655661,0.043792385118941346,0.0,0.882694566066099,0.0007485449984094205,0.0
9416.354107471054,156.93923512451755,替浆（单段，实际）,0.890590731551066,0.890590731551066,2171.2766024096386,1948.5815662650602,2032.0922048192772,0.09638554216863299,0.10521281592440661,0.21495042194894232,0.04207911160991751,0.0,0.8838100566051748,0.0007469490061079807,0.0
9419.472405922086,156.9912067653681,替浆（单段，实际）,0.8917234541515329,0.8917234541515329,2180.555562248996,1948.5815662650602,2041.3711646586346,0.10040160642565936,0.10493390815090334,0.22391167846397245,0.0437944089891783,0.0,0.8849286740206366,0.000745240545405885,0.0
9422.59079422964,157.04317990382734,替浆（单段，实际）,0.8928542893183203,0.8928542893183203,2180.555562248996,1948.5815662650602,2041.3711646586346,0.10040160642565936,0.10465026153669929,0.22391614564001802,0.04379526329653882,0.0,0.8860463996598499,0.0007434543223859999,0.0
9425.710040774848,157.09516734624745,替浆（单段，实际）,0.8939834872880106,0.8939834872880106,2180.555562248996,1957.8605261044177,2041.3711646586346,0.09638554216863299,0.10436175310230193,0.21496341762718443,0.0420816013730112,0.0,0.8871634821823107,0.0007416073539030827,0.0
9428.831335526578,157.14718892544298,替浆（单段，实际）,0.8951114403352495,0.8951114403352495,2189.8345220883534,1957.8605261044177,2050.6501244979922,0.10040160642565936,0.10406820486295934,0.22392363353443756,0.043796695287488974,0.0,0.8882803105638746,0.00073964923221939,0.0
9431.955161098645,157.19925268497744,替浆（单段，实际）,0.8962382889651219,0.8962382889651219,2189.8345220883534,1957.8605261044177,2050.6501244979922,0.10040160642565936,0.10376951536957967,0.22392635721190185,0.04379721616522558,0.0,0.8893970255758222,0.0007376041575487659,0.0
9435.082479847286,157.25137466412144,替浆（单段，实际）,0.8973643433876848,0.8973643433876848,2189.8345220883534,1967.1394859437753,2050.6501244979922,0.09638554216863289,0.10346552045973814,0.21497126157304738,0.04208310414384442,0.0,0.8905139372148829,0.0007354883691652575,0.0
9438.21425403173,157.30357090052885,替浆（单段，实际）,0.8984899075834011,0.8984899075834011,2199.113481927711,1967.1394859437753,2059.9290843373497,0.10040160642565926,0.10315604825904286,0.22392973269987865,0.04379786169520772,0.0,0.8916313497064577,0.0007332704968615405,0.0
9441.35135048662,157.35585584144368,替浆（单段，实际）,0.8996152457055495,0.8996152457055495,2199.113481927711,1967.1394859437753,2059.9290843373497,0.10040160642565926,0.10284093282596335,0.22393035253269422,0.04379798023229309,0.0,0.8927495285241345,0.00073095396806266,0.0
9444.494540975316,157.40824234958862,替浆（单段，实际）,0.9007405900261749,0.9007405900261749,2199.113481927711,1967.1394859437753,2059.9290843373497,0.10040160642565926,0.1025200107636504,0.22393024593701275,0.04379795984689172,0.0,0.8938687092195685,0.0007285435333427712,0.0
9447.640977941606,157.46068296569345,替浆（单段，实际）,0.9018648744658044,0.9018648744658044,2208.3924417670682,1976.4184457831327,2069.208044176707,0.10040160642565926,0.10219353244936011,0.2239294385729832,0.04379780544625278,0.0,0.894987835597543,0.0007260436296470289,0.0
9450.791599135033,157.51319331891722,替浆（单段，实际）,0.9029883846699682,0.9029883846699682,2208.3924417670682,1976.4184457831327,2069.208044176707,0.10040160642565926,0.10186131891342207,0.22392797309075824,0.04379752518674784,0.0,0.8961071944884572,0.0007234401438028931,0.0
9453.945791118575,157.56576318530958,替浆（单段，实际）,0.904110855757679,0.904110855757679,2208.3924417670682,1976.4184457831327,2069.208044176707,0.10040160642565926,0.1015233693841563,0.22392576575338705,0.04379710305436324,0.0,0.8972265258377768,0.000720728519427391,0.0
9457.100524088313,157.61834206813856,替浆（单段，实际）,0.9052311650818772,0.9052311650818772,2217.6714016064257,1985.6974056224901,2069.208044176707,0.10040160642565926,0.10117998315558047,0.22392287003103722,0.043796549274582874,0.0,0.8983447121830722,0.0007179306088641568,0.0
9460.251414409046,157.67085690681742,替浆（单段，实际）,0.9063477121341413,0.9063477121341413,2217.6714016064257,1985.6974056224901,2078.4870040160645,0.10040160642565926,0.10083163822649364,0.2239193561765829,0.04379587728239587,0.0,0.8994601546234462,0.0007150253080444196,0.0
9463.399960389474,157.7233326731579,替浆（单段，实际）,0.9074609929813818,0.9074609929813818,2217.6714016064257,1985.6974056224901,2078.4870040160645,0.10040160642565926,0.10047811463423359,0.22391519759336298,0.043795081991181206,0.0,0.9005733459701772,0.0007120079036622688,0.0
9466.546664974892,157.77577774958155,替浆（单段，实际）,0.9085711479699365,0.9085711479699365,2226.950361445783,1994.9763654618475,2078.4870040160645,0.10040160642565926,0.10011930962302348,0.22391025951880722,0.04379413762847972,0.0,0.901684424693043,0.0007089065211046894,0.0
9469.68954321957,157.8281590536595,替浆（单段，实际）,0.909677432020933,0.909677432020933,2226.950361445783,1994.9763654618475,2087.765963855422,0.10040160642565926,0.09975542881087571,0.22390458807107402,0.04379305301355052,0.0,0.9027926426405777,0.0007057033195393065,0.0
9472.83006387247,157.88050106454116,替浆（单段，实际）,0.9107803207750811,0.9107803207750811,2226.950361445783,1994.9763654618475,2087.765963855422,0.10040160642565926,0.09938624451734909,0.22389820834587681,0.043791832945261455,0.0,0.903898473607521,0.0007023812590620992,0.0
9475.969085804114,157.93281809673525,替浆（单段，实际）,0.9118800747737116,0.9118800747737116,2236.2293212851405,1994.9763654618475,2087.765963855422,0.10441767068268562,0.09901160328975304,0.23284667744194432,0.04550162233559696,0.0,0.9050021773431534,0.0006989701922039135,0.0
9479.107681738562,157.98512802897602,替浆（单段，实际）,0.9129770186321875,0.9129770186321875,2236.2293212851405,2004.255325301205,2097.0449236947793,0.10040160642565926,0.09863131431892441,0.22388307682386827,0.04378893916389781,0.0,0.9061040782822706,0.0006954632608814229,0.0
9482.246444044193,158.0374407340699,替浆（单段，实际）,0.9140713023115277,0.9140713023115277,2236.2293212851405,2004.255325301205,2097.0449236947793,0.10040160642565926,0.09824523884312263,0.2238743227087308,0.04378726500608776,0.0,0.9072043268501963,0.0006918304342009149,0.0
9485.37676988006,158.08961283133434,替浆（单段，实际）,0.9151598839590509,0.9151598839590509,2245.508281124498,2004.255325301205,2097.0449236947793,0.10441767068268562,0.09785449702894833,0.2328194776831828,0.0454964298963515,0.0,0.9082998622507008,0.000688098925825401,0.0
9488.499919446456,158.1416653241076,替浆（单段，实际）,0.9162431685835922,0.9162431685835922,2245.508281124498,2013.5342851405624,2106.3238835341367,0.10040160642565926,0.09745890712379825,0.22385488986804783,0.04378354861291811,0.0,0.9093910843093433,0.0006842888676541256,0.0
9491.617194899141,158.1936199149857,替浆（单段，实际）,0.917321562472121,0.917321562472121,2245.508281124498,2013.5342851405624,2106.3238835341367,0.10040160642565926,0.09705826073823343,0.22384411170699262,0.0437814873597131,0.0,0.9104783956284027,0.0006803623747646678,0.0
9494.72992015555,158.24549866925918,替浆（单段，实际）,0.9183954828433302,0.9183954828433302,2254.7872409638553,2013.5342851405624,2106.3238835341367,0.10441767068268562,0.09665234830581229,0.2327858405722725,0.045490008526261505,0.0,0.9115622112759347,0.0006763306257035786,0.0
9497.839082221633,158.29731803702722,替浆（单段，实际）,0.919465223291516,0.919465223291516,2254.7872409638553,2013.5342851405624,2115.602843373494,0.10441767068268562,0.0962409962638358,0.23277297323416318,0.04548755212254296,0.0,0.9126428228079745,0.0006722199806238649,0.0
9500.944778360266,158.34907963933776,替浆（单段，实际）,0.9205307575921561,0.9205307575921561,2254.7872409638553,2022.8132449799198,2115.602843373494,0.10040160642565926,0.09582414370737241,0.2238070059135856,0.043774391084065445,0.0,0.9137201995484685,0.0006679909708566608,0.0
9504.046128214635,158.40076880357725,替浆（单段，实际）,0.9215917330248529,0.9215917330248529,2264.066200803213,2022.8132449799198,2115.602843373494,0.10441767068268581,0.09540188565220821,0.23274480998930705,0.045482175673843606,0.0,0.9147939799743264,0.0006636445927289395,0.0
9507.14372142315,158.4523953570525,替浆（单段，实际）,0.9226483023665725,0.9226483023665725,2264.066200803213,2022.8132449799198,2115.602843373494,0.10441767068268581,0.09497410062268759,0.2327295490816223,0.04547926230771748,0.0,0.9158643133849653,0.0006592242735654392,0.0
9510.23876732903,158.50397945548383,替浆（单段，实际）,0.9237008134453111,0.9237008134453111,2264.066200803213,2032.0922048192772,2124.8818032128515,0.10040160642565946,0.0945405612744029,0.22376293782978204,0.0437659632408719,0.0,0.9169315469024799,0.0006546921132805142,0.0
9513.33251455717,158.55554190928618,替浆（单段，实际）,0.924749629276674,0.924749629276674,2273.3451606425706,2032.0922048192772,2124.8818032128515,0.10441767068268581,0.09410103214052191,0.23269650341932474,0.04547295373287963,0.0,0.9179960445476336,0.0006500372261086142,0.0
9516.42618179904,158.607103029984,替浆（单段，实际）,0.9257950986721898,0.9257950986721898,2273.3451606425706,2032.0922048192772,2124.8818032128515,0.10441767068268581,0.09365527312968423,0.23267867813805343,0.045469550784197565,0.0,0.9190581576392564,0.0006453082975807508,0.0
9519.520944083737,158.65868240139562,替浆（单段，实际）,0.9268375383293286,0.9268375383293286,2273.3451606425706,2041.3711646586346,2134.160763052209,0.10040160642565946,0.09320303288005803,0.2237115061365942,0.043756127043163895,0.0,0.9201182063660078,0.0006404696267717023,0.0
9522.617452300477,158.71029087167463,替浆（单段，实际）,0.9278770865565172,0.9278770865565172,2282.624120481928,2041.3711646586346,2134.160763052209,0.10441767068268581,0.09274413919207351,0.23264036213369063,0.04546223599759902,0.0,0.9211763303015971,0.0006355037585391915,0.0
9525.716561336074,158.76194268893457,替浆（单段，实际）,0.9289139495384575,0.9289139495384575,2282.624120481928,2041.3711646586346,2134.160763052209,0.10441767068268581,0.09227838574495596,0.23261986193811968,0.04545832234740754,0.0,0.922232739132487,0.0006304481391087648,0.0
9528.81927896793,158.81365464946552,替浆（单段，实际）,0.9299483698325683,0.9299483698325683,2282.624120481928,2041.3711646586346,2143.4397228915664,0.10441767068268581,0.09180552104514236,0.23259844201119267,0.045454233096051566,0.0,0.9232876811540073,0.0006252861427870505,0.0
9531.926534013963,158.86544223356606,替浆（单段，实际）,0.9309805565335738,0.9309805565335738,2291.9030803212854,2050.6501244979922,2143.4397228915664,0.10441767068268572,0.09132530510452071,0.23257608786138007,0.045449965474696374,0.0,0.9243413712743009,0.0006199916281425477,0.0
9535.038888496547,158.9173148082758,替浆（单段，实际）,0.9320105965519828,0.9320105965519828,2291.9030803212854,2050.6501244979922,2143.4397228915664,0.10441767068268572,0.09083755600825634,0.2325527886871754,0.04544551741882452,0.0,0.9253939003903613,0.00061459779002385,0.0
9538.153839294742,158.96923065491237,替浆（单段，实际）,0.933037555255911,0.933037555255911,2291.9030803212854,2050.6501244979922,2152.718682730924,0.10441767068268572,0.09034259704784352,0.23252858441099755,0.04544089654757544,0.0,0.9264443159103674,0.0006091026985707693,0.0
9541.272344896073,159.02120574826787,替浆（单段，实际）,0.9340616410076168,0.9340616410076168,2301.182040160643,2059.9290843373497,2152.718682730924,0.10441767068268572,0.08984018227167889,0.232503512079107,0.04543610993104408,0.0,0.9274928324431246,0.0006034827443710677,0.0
9544.395330817977,159.07325551363294,替浆（单段，实际）,0.9350830491816587,0.9350830491816587,2301.182040160643,2059.9290843373497,2152.718682730924,0.10441767068268572,0.08933006629994157,0.2324774690883394,0.04543113797838039,0.0,0.9285396526357108,0.0005977616340601485,0.0
9547.523633326791,159.12539388877985,替浆（单段，实际）,0.9361019357490621,0.9361019357490621,2301.182040160643,2059.9290843373497,2152.718682730924,0.10441767068268572,0.0888120037718996,0.23245043935385207,0.045425977615853985,0.0,0.9295849408481696,0.0005919472196258655,0.0
9550.657998649347,159.17763331082244,替浆（单段，实际）,0.937118413259073,0.937118413259073,2310.4610000000002,2069.208044176707,2161.997642570281,0.10441767068268572,0.08828575833583785,0.23242240910619522,0.04542062621160303,0.0,0.930628818089948,0.000586009571677046,0.0
9553.798669872276,159.2299778312046,替浆（单段，实际）,0.9381324285876229,0.9381324285876229,2310.4610000000002,2069.208044176707,2161.997642570281,0.10441767068268572,0.08775118386059631,0.23239337395534546,0.045415082924284866,0.0,0.9316712361750983,0.0005799600897009454,0.0
9556.946053011898,159.28243421686497,替浆（单段，实际）,0.939143975777536,0.939143975777536,2310.4610000000002,2069.208044176707,2161.997642570281,0.10441767068268572,0.08720809772984156,0.23236333026665765,0.04540934705663724,0.0,0.9327121964681472,0.0005738141035999044,0.0
9560.100666081036,159.3350111013506,替浆（单段，实际）,0.9401530726969,0.9401530726969,2310.4610000000002,2069.208044176707,2171.2766024096386,0.10441767068268572,0.08665628976809486,0.23233225616759184,0.04540341442929885,0.0,0.9337517255398754,0.0005675532874139285,0.0
9563.251825688258,159.38753042813764,替浆（单段，实际）,0.9411561652638224,0.9411561652638224,2310.4610000000002,2078.4870040160645,2171.2766024096386,0.10040160642565936,0.08609766189280339,0.2233656950252426,0.043689988804770374,0.0,0.9347861676737309,0.0005611791575744046,0.0
9566.399577339871,159.4399929556645,替浆（单段，实际）,0.9421531644803259,0.9421531644803259,2310.4610000000002,2078.4870040160645,2171.2766024096386,0.10040160642565936,0.08553216994456161,0.2233343687708161,0.043683997263856855,0.0,0.9358154308113684,0.0005547321712656564,0.0
9569.54340660421,159.49239011007018,替浆（单段，实际）,0.9431437968313001,0.9431437968313001,2310.4610000000002,2078.4870040160645,2180.555562248996,0.10040160642565936,0.08495987159211657,0.22330217246819264,0.04367783927614488,0.0,0.9368392326293442,0.0005482051863591445,0.0
9572.682722981815,159.54471204969693,替浆（单段，实际）,0.944127764226924,0.944127764226924,2310.4610000000002,2087.765963855422,2180.555562248996,0.09638554216863299,0.08438085265023398,0.21433836480975324,0.04196184396891067,0.0,0.9378572646057087,0.000541592483833389,0.0
9575.818983829124,159.59698306381873,替浆（单段，实际）,0.9451054103990328,0.9451054103990328,2310.4610000000002,2087.765963855422,2180.555562248996,0.09638554216863299,0.08379480023606535,0.21430580705258775,0.04195560563387224,0.0,0.9388698828643063,0.0005349087853480454,0.0
9578.953595238121,159.64922658730202,替浆（单段，实际）,0.9460770495115991,0.9460770495115991,2310.4610000000002,2087.765963855422,2189.8345220883534,0.09638554216863299,0.08320139537456044,0.21427234978015008,0.041949194901961806,0.0,0.9398774146381537,0.000528153358776945,0.0
9582.087107728441,159.70145179547401,替浆（单段，实际）,0.9470427150239986,0.9470427150239986,2310.4610000000002,2097.0449236947793,2189.8345220883534,0.09236947791160663,0.08260048512595952,0.20531140658074304,0.04023064761216011,0.0,0.940879898883331,0.0005213197309635283,0.0
9585.220794300702,159.7536799050117,替浆（单段，实际）,0.9480026575531151,0.9480026575531151,2310.4610000000002,2097.0449236947793,2189.8345220883534,0.09236947791160663,0.08199176589219476,0.2052776123452639,0.040224160655937924,0.0,0.9418776016680273,0.0005144157352982367,0.0
9588.355023939015,159.80591706565025,替浆（单段，实际）,0.948956839556556,0.948956839556556,2310.4610000000002,2097.0449236947793,2199.113481927711,0.09236947791160663,0.08137510787268477,0.20524293444354355,0.040217504030408135,0.0,0.94287049159118,0.0005074477262588039,0.0
9591.488069113715,159.8581344852286,替浆（单段，实际）,0.9499045779171803,0.9499045779171803,2310.4610000000002,2106.3238835341367,2199.113481927711,0.08835341365458026,0.08075082137115713,0.1962853618769102,0.0384964986164541,0.0,0.9438578652754475,0.0005004079141372604,0.0
9594.621025247816,159.91035042079693,替浆（单段，实际）,0.9508460506592871,0.9508460506592871,2310.4610000000002,2106.3238835341367,2199.113481927711,0.08835341365458026,0.08011864090129346,0.1962506177905032,0.03848981728109391,0.0,0.9448399143194394,0.0004932986458800871,0.0
9597.754970482794,159.9625828413799,替浆（单段，实际）,0.9517814182911049,0.9517814182911049,2310.4610000000002,2106.3238835341367,2208.3924417670682,0.08835341365458026,0.07947829232688462,0.19621502265949048,0.03848297224054409,0.0,0.9458168143347538,0.0004861356082237858,0.0
9600.887644826526,160.0147940804421,替浆（单段，实际）,0.9527098342321366,0.9527098342321366,2310.4610000000002,2106.3238835341367,2208.3924417670682,0.08835341365458026,0.07883021786388329,0.19617861843106352,0.03847597155795568,0.0,0.9467876899397822,0.0004789120959947457,0.0
9604.019963976922,160.06699939961536,替浆（单段，实际）,0.9536314046977913,0.9536314046977913,2310.4610000000002,2115.602843373494,2208.3924417670682,0.08433734939755388,0.0781741938292711,0.18722593052419137,0.036752784394329274,0.0,0.9477526593900549,0.00047163262838484154,0.0
9607.153190350387,160.11921983917313,替浆（单段，实际）,0.9545463253740133,0.9545463253740133,2310.4610000000002,2115.602843373494,2208.3924417670682,0.08433734939755388,0.07750991070973283,0.1871896433953921,0.03674579367380637,0.0,0.948711936408385,0.00046431469953584745,0.0
9610.285587468212,160.17142645780353,替浆（单段，实际）,0.9554539049615225,0.9554539049615225,2310.4610000000002,2115.602843373494,2217.6714016064257,0.08433734939755388,0.07683772150302223,0.187152575565162,0.03673865249865793,0.0,0.9496648042835921,0.00045694477197979105,0.0
9613.417360406898,160.22362267344832,替浆（单段，实际）,0.9563540228898778,0.9563540228898778,2310.4610000000002,2124.8818032128515,2217.6714016064257,0.08032128514052753,0.07615756635700872,0.178204553409876,0.0350132522914679,0.0,0.9506111428375298,0.0004495264513163246,0.0
9616.549789925644,160.27582983209408,替浆（单段，实际）,0.957246860123092,0.957246860123092,2310.4610000000002,2124.8818032128515,2217.6714016064257,0.08032128514052753,0.07546913772182802,0.17816781076289917,0.035006161031931105,0.0,0.9515511501110783,0.0004420798688597278,0.0
9619.682001182038,160.32803335303396,替浆（单段，实际）,0.9581319723108469,0.9581319723108469,2310.4610000000002,2124.8818032128515,2226.950361445783,0.08032128514052753,0.07477261921707243,0.17813032021846592,0.03499892537592475,0.0,0.9524843660658895,0.00043460069167917405,0.0
9622.81331678983,160.3802219464972,替浆（单段，实际）,0.9590089732475496,0.9590089732475496,2310.4610000000002,2134.160763052209,2226.950361445783,0.07630522088350115,0.07406816841813793,0.1691875292963328,0.033271420394854534,0.0,0.9534103892674095,0.0004270907197366773,0.0
9625.945035371995,160.43241725619993,替浆（单段，实际）,0.9598780314503219,0.9598780314503219,2310.4610000000002,2134.160763052209,2226.950361445783,0.07630522088350115,0.0733554870338824,0.1691505720866485,0.033264274850281716,0.0,0.9543294013229761,0.0004195575169539133,0.0
9629.07700041075,160.4846166735125,替浆（单段，实际）,0.9607388984289904,0.9607388984289904,2310.4610000000002,2134.160763052209,2236.2293212851405,0.07630522088350115,0.0726346149942882,0.16911290818165028,0.033256992614352,0.0,0.9552411448632454,0.0004120031987563343,0.0
9632.207945752087,160.5367990958681,替浆（单段，实际）,0.9615910194079395,0.9615910194079395,2310.4610000000002,2143.4397228915664,2236.2293212851405,0.0722891566264748,0.07190587581965799,0.16017592916732418,0.03152749503258978,0.0,0.9561450354739698,0.00040443541695760795,0.0
9635.339037805501,160.58898396342502,替浆（单段，实际）,0.9624345104085582,0.9624345104085582,2310.4610000000002,2143.4397228915664,2236.2293212851405,0.0722891566264748,0.07116902259556109,0.16013901524871402,0.03152034498315126,0.0,0.9570411974251772,0.0003968590279996417,0.0
9638.470801193183,160.64118001988638,替浆（单段，实际）,0.9632693013892936,0.9632693013892936,2310.4610000000002,2143.4397228915664,2245.508281124498,0.0722891566264748,0.07042396117363588,0.16010144640036025,0.031513068022754,0.0,0.9579295563829672,0.00038928277043719415,0.0
9641.601461236345,160.69335768727242,替浆（单段，实际）,0.9640947051633667,0.9640947051633667,2310.4610000000002,2143.4397228915664,2245.508281124498,0.0722891566264748,0.0696711794349673,0.16006327168606205,0.03150567365214019,0.0,0.9588093795209374,0.00038169608750705884,0.0
9644.73200948446,160.74553349140766,替浆（单段，实际）,0.9649107775766492,0.9649107775766492,2310.4610000000002,2152.718682730924,2245.508281124498,0.06827309236944842,0.06891050075751945,0.15113427132565516,0.02977459119079262,0.0,0.959680722193924,0.000374114723285081,0.0
9647.863654531979,160.79772757553297,替浆（单段，实际）,0.9657176204505644,0.9657176204505644,2310.4610000000002,2152.718682730924,2254.7872409638553,0.06827309236944842,0.0681416970178224,0.15109707977936143,0.02976737432731069,0.0,0.9605436885779233,0.0003665512587509469,0.0
9650.994112128228,160.8499018688038,替浆（单段，实际）,0.9665144295586473,0.9665144295586473,2310.4610000000002,2152.718682730924,2254.7872409638553,0.06827309236944842,0.06736544183886654,0.15105934070360771,0.029760051163161938,0.0,0.9613974106460605,0.00035899909966209307,0.0
9654.124197518704,160.90206995864506,替浆（单段，实际）,0.9673012094551647,0.9673012094551647,2310.4610000000002,2161.997642570281,2254.7872409638553,0.06425702811242205,0.06658164621255366,0.1421375161802313,0.028027243528544243,0.0,0.9622418817653775,0.0003514617476644421,0.0
9657.255178945048,160.95425298241747,替浆（单段，实际）,0.968078070326956,0.968078070326956,2310.4610000000002,2161.997642570281,2264.066200803213,0.06425702811242205,0.06579011348951332,0.1421010195330205,0.028020148753292395,0.0,0.9630772084316813,0.0003439523349563687,0.0
9660.385515107733,161.00642525179555,替浆（单段，实际）,0.9688444201576842,0.9688444201576842,2310.4610000000002,2161.997642570281,2264.066200803213,0.06425702811242205,0.06499139636550719,0.14206404269630868,0.028012960578663537,0.0,0.9639027400449449,0.00033647583228451125,0.0
9663.515216809732,161.05858694682885,替浆（单段，实际）,0.969600065018373,0.969600065018373,2310.4610000000002,2171.2766024096386,2264.066200803213,0.06024096385539569,0.06418567581598403,0.13314998129938022,0.02627854453966527,0.0,0.9647182483140663,0.0003290322710431858,0.0
9666.645569969563,161.11075949949273,替浆（单段，实际）,0.9703451190028869,0.9703451190028869,2310.4610000000002,2171.2766024096386,2264.066200803213,0.06024096385539569,0.06337281230247774,0.1331145076027888,0.02627163621526374,0.0,0.9655238361808705,0.00032162652279754493,0.0
9669.775815464453,161.16293025774087,替浆（单段，实际）,0.9710792040960604,0.9710792040960604,2310.4610000000002,2171.2766024096386,2273.3451606425706,0.06024096385539569,0.06255323123242247,0.1330786345015092,0.026264650058959726,0.0,0.9663190732908213,0.0003142664315330583,0.0
9672.905210875553,161.21508684792587,替浆（单段，实际）,0.9718019624220036,0.9718019624220036,2310.4610000000002,2180.555562248996,2273.3451606425706,0.05622489959836933,0.061727393891359957,0.12417293142303665,0.02452874499165647,0.0,0.9671035462688871,0.0003069567430828323,0.0
9676.035011089341,161.26725018482236,替浆（单段，实际）,0.9725135082825266,0.9725135082825266,2310.4610000000002,2180.555562248996,2273.3451606425706,0.05622489959836933,0.060895247615230054,0.12413883154241152,0.024522092278300933,0.0,0.9678773495629328,0.0002997053845514392,0.0
9679.165106043127,161.31941843405212,替浆（单段，实际）,0.9732136391825703,0.9732136391825703,2310.4610000000002,2180.555562248996,2282.624120481928,0.05622489959836933,0.06005713174104546,0.12410442558347623,0.024515379804639026,0.0,0.9686402338353877,0.0002925072745581119,0.0
9682.294270914466,161.37157118190777,替浆（单段，实际）,0.9739019156129396,0.9739019156129396,2310.4610000000002,2180.555562248996,2282.624120481928,0.05622489959836933,0.059213732667481214,0.12406977910446604,0.024508620359736222,0.0,0.9693916876420693,0.0002853743608655003,0.0
9685.423592090669,161.42372653484446,替浆（单段，实际）,0.9745784288446242,0.9745784288446242,2310.4610000000002,2189.8345220883534,2282.624120481928,0.05220883534134296,0.058365135307091816,0.11517528596430081,0.022771775705567432,0.0,0.9701317746121644,0.0002783145287392553,0.0
9688.553610707964,161.4758935117994,替浆（单段，实际）,0.9752431448318687,0.9752431448318687,2310.4610000000002,2189.8345220883534,2291.9030803212854,0.05220883534134296,0.057511596572426306,0.11514272143853391,0.022765411090103438,0.0,0.9708604206836011,0.0002713310615035033,0.0
9691.682618848652,161.52804364747755,替浆（单段，实际）,0.9758955598458061,0.9758955598458061,2310.4610000000002,2189.8345220883534,2291.9030803212854,0.05220883534134296,0.056654039890622884,0.11511002047855405,0.022759019767366606,0.0,0.9715770353884121,0.00026441395295591434,0.0
9694.811533299244,161.58019222165407,替浆（单段，实际）,0.9765357480173957,0.9765357480173957,2310.4610000000002,2199.113481927711,2291.9030803212854,0.04819277108431659,0.055792693628891735,0.10622514046249794,0.0210209421924199,0.0,0.9722816587222194,0.00025758551644794616,0.0
9697.941547638284,161.63235912730474,替浆（单段，实际）,0.9771638360608194,0.9771638360608194,2310.4610000000002,2199.113481927711,2301.182040160643,0.04819277108431659,0.05492773342557686,0.10619478914594362,0.021014999513726318,0.0,0.9729743876920018,0.00025085084736396556,0.0
9701.070470864783,161.68450784774637,替浆（单段，实际）,0.9777792725181964,0.9777792725181964,2310.4610000000002,2199.113481927711,2301.182040160643,0.04819277108431659,0.05406032225585818,0.10616441018438826,0.021009051386117972,0.0,0.973654571206067,0.000244196843471646,0.0
9704.199049207244,161.73665082012073,替浆（单段，实际）,0.9783821207982931,0.9783821207982931,2310.4610000000002,2208.3924417670682,2301.182040160643,0.044176706827290226,0.05319083190403493,0.09728956632869432,0.019269829949853157,0.0,0.9743222336844108,0.00023763579783393201,0.0
9707.328552866653,161.78880921444423,替浆（单段，实际）,0.9789725460125864,0.9789725460125864,2310.4610000000002,2208.3924417670682,2310.4610000000002,0.044176706827290226,0.05231951301826871,0.09726178554698213,0.019264380844560614,0.0,0.9749775122972274,0.00023118407360134645,0.0
9710.457461307946,161.84095768846575,替浆（单段，实际）,0.9795501851474739,0.9795501851474739,2310.4610000000002,2208.3924417670682,2310.4610000000002,0.044176706827290226,0.05144743414195129,0.09723408405056226,0.019258947260660242,0.0,0.975619957543806,0.0002248322580126416,0.0
9713.585772480183,161.89309620800304,替浆（单段，实际）,0.9801149856901635,0.9801149856901635,2310.4610000000002,2217.6714016064257,2310.4610000000002,0.04016064257026386,0.05057526521554686,0.08836957399480326,0.01751864724097696,0.0,0.9762494631407435,0.00021857571943942144,0.0
9716.714773558026,161.94524622596708,替浆（单段，实际）,0.9806671382798534,0.9806671382798534,2310.4610000000002,2217.6714016064257,2310.4610000000002,0.04016064257026386,0.04970333564016316,0.08834466982773484,0.017513753652839692,0.0,0.9768661936644889,0.00021243741799395268,0.0
9719.843635298505,161.99739392164173,替浆（单段，实际）,0.9812064594810337,0.9812064594810337,2310.4610000000002,2217.6714016064257,2310.4610000000002,0.04016064257026386,0.0488325966169577,0.08831994370324997,0.01750889502537989,0.0,0.9774698955684271,0.00020641502898936453,0.0
9722.971746590014,162.04952910983357,替浆（单段，实际）,0.9817328236098826,0.9817328236098826,2310.4610000000002,2226.950361445783,2310.4610000000002,0.036144578313237495,0.04796395949491485,0.07946591543309718,0.01576755288743914,0.0,0.9780603789401546,0.00020049864648765547,0.0
9726.100310897142,162.1016718482857,替浆（单段，实际）,0.9822464287323301,0.9822464287323301,2310.4610000000002,2226.950361445783,2310.4610000000002,0.036144578313237495,0.04709784093277021,0.07944412363519585,0.015763263239176206,0.0,0.9786378165557741,0.00019469982392261205,0.0
9729.22911472788,162.153818578798,替浆（单段，实际）,0.9827472409829022,0.9827472409829022,2310.4610000000002,2226.950361445783,2310.4610000000002,0.036144578313237495,0.04623507271285129,0.07942259583995567,0.015759025540665994,0.0,0.9792021209872955,0.00018902970413823498,0.0
9732.357091854037,162.20595153090062,替浆（单段，实际）,0.9832351031490756,0.9832351031490756,2310.4610000000002,2226.950361445783,2310.4610000000002,0.036144578313237495,0.04537673691323547,0.07940139071692064,0.01575485134162269,0.0,0.9797530645394269,0.00018347892066699657,0.0
9735.485283811782,162.2580880635297,替浆（单段，实际）,0.9837102100942193,0.9837102100942193,2310.4610000000002,2236.2293212851405,2310.4610000000002,0.03212851405621113,0.044523333435670144,0.07056048129462869,0.014012987387577835,0.0,0.980290816601297,0.0001780436609780412,0.0
9738.614094151531,162.31023490252554,替浆（单段，实际）,0.9841726605959247,0.9841726605959247,2310.4610000000002,2236.2293212851405,2310.4610000000002,0.03212851405621113,0.04367554799629389,0.0705422770488842,0.014009397551067115,0.0,0.9808154388651968,0.00017274367556632477,0.0
9741.742001227527,162.36236668712544,替浆（单段，实际）,0.9846222786219325,0.9846222786219325,2310.4610000000002,2236.2293212851405,2310.4610000000002,0.03212851405621113,0.04283459778986276,0.07052445061413971,0.01400588220537391,0.0,0.9813266798292634,0.0001675725547685465,0.0
9744.869883915704,162.41449806526174,替浆（单段，实际）,0.9850592600196183,0.9850592600196183,2310.4610000000002,2245.508281124498,2310.4610000000002,0.02811244979918476,0.04200103320115873,0.06169366053482637,0.012262922072202143,0.0,0.981824710015101,0.00016252123533634085,0.0
9747.99876293653,162.46664604894215,替浆（单段，实际）,0.9854838206715383,0.9854838206715383,2310.4610000000002,2245.508281124498,2310.4610000000002,0.02811244979918476,0.041175366866996015,0.061678794045410386,0.01225998523127314,0.0,0.9823097237897226,0.00015760438047415125,0.0
9751.126662034658,162.51877770057763,替浆（单段，实际）,0.9858957768971257,0.9858957768971257,2310.4610000000002,2245.508281124498,2310.4610000000002,0.02811244979918476,0.04035890643659868,0.061664334261401596,0.012257128725688626,0.0,0.982781458514706,0.0001528215583760213,0.0
9754.254296822111,162.5709049470352,替浆（单段，实际）,0.9862953303419669,0.9862953303419669,2310.4610000000002,2254.7872409638553,2310.4610000000002,0.024096385542158396,0.03955221583487348,0.05284313158758873,0.010512974612967851,0.0,0.983240090310159,0.00014816592638865306,0.0
9757.382935514517,162.62304892524196,替浆（单段，实际）,0.9866827542850614,0.9866827542850614,2310.4610000000002,2254.7872409638553,2310.4610000000002,0.024096385542158396,0.03875570422536847,0.0528314985039279,0.010510672453220238,0.0,0.9836858788373681,0.0001436386806386456,0.0
9760.510887072676,162.67518145121127,替浆（单段，实际）,0.9870579603002847,0.9870579603002847,2310.4610000000002,2254.7872409638553,2310.4610000000002,0.024096385542158396,0.03797052703417722,0.05282027134195619,0.010508450619335807,0.0,0.9841186676890349,0.00013924802982981114,0.0
9763.63833373029,162.7273055621715,替浆（单段，实际）,0.9874211142072787,0.9874211142072787,2310.4610000000002,2264.066200803213,2310.4610000000002,0.020080321285131833,0.03719731789751868,0.044007903017051944,0.008762960083116722,0.0,0.9845385906565581,0.00013498829029785547,0.0
9766.766560007081,162.7794426667847,替浆（单段，实际）,0.9877725157516472,0.9877725157516472,2310.4610000000002,2264.066200803213,2310.4610000000002,0.020080321285131833,0.03643640690201636,0.04399927777006421,0.008761250148783373,0.0,0.98494593726842,0.00013085459028946742,0.0
9769.894513115836,162.83157521859727,替浆（单段，实际）,0.988112205297841,0.988112205297841,2310.4610000000002,2264.066200803213,2310.4610000000002,0.020080321285131833,0.03568867308481821,0.043991030395704685,0.0087596151240249,0.0,0.9853406967968036,0.0001268540580529956,0.0
9773.021829855239,162.883697164254,替浆（单段，实际）,0.988440322360699,0.988440322360699,2310.4610000000002,2264.066200803213,2310.4610000000002,0.020080321285131833,0.034954774550467645,0.04398318460577576,0.008758059710038846,0.0,0.9857229718352278,0.0001229844222768298,0.0
9776.149700918279,162.93582834863798,替浆（单段，实际）,0.9887571812975988,0.9887571812975988,2310.4610000000002,2273.3451606425706,2310.4610000000002,0.016064257028105464,0.034234954643247856,0.03518059274036289,0.00701142302012725,0.0,0.9860930678689663,0.00011923986860863745,0.0
9779.277652835064,162.9879608805844,替浆（单段，实际）,0.9890629298913001,0.9890629298913001,2310.4610000000002,2273.3451606425706,2310.4610000000002,0.016064257028105464,0.03352980827846613,0.03517496283176309,0.007010304932511979,0.0,0.9864510971551624,0.00011562068949287543,0.0
9782.40489628075,163.04008160467916,替浆（单段，实际）,0.989357703617748,0.989357703617748,2310.4610000000002,2273.3451606425706,2310.4610000000002,0.016064257028105464,0.03283994214406346,0.035169672721832745,0.007009254327026815,0.0,0.9867971565447792,0.00011212925723358118,0.0
9785.532467892745,163.0922077982124,替浆（单段，实际）,0.9896418266834586,0.9896418266834586,2310.4610000000002,2282.624120481928,2310.4610000000002,0.012048192771079099,0.032165494326761614,0.02637354267262018,0.0052608216865490665,0.0,0.987131563732559,0.00010875963556186008,0.0
9788.660474196133,163.1443412366022,替浆（单段，实际）,0.9899155397142891,0.9899155397142891,2310.4610000000002,2282.624120481928,2310.4610000000002,0.012048192771079099,0.03150676321669934,0.02637008389762278,0.0052601335705113605,0.0,0.9874545387876391,0.00010551077169177255,0.0
9791.78769963386,163.19646166056432,替浆（单段，实际）,0.9901789795112905,0.9901789795112905,2310.4610000000002,2282.624120481928,2310.4610000000002,0.012048192771079099,0.03086426715109178,0.026366885317449518,0.005259497219264886,0.0,0.9877661797991812,0.0001023804529705083,0.0
9794.91502634759,163.24858377245982,替浆（单段，实际）,0.9904324790852277,0.9904324790852277,2310.4610000000002,2291.9030803212854,2310.4610000000002,0.008032128514052732,0.030238015571870187,0.017575965265797893,0.0035090219949970303,0.0,0.9880668167668746,9.936548621890671e-05,0.0
9798.043140732272,163.30071901220452,替浆（单段，实际）,0.9906763557684413,0.9906763557684413,2310.4610000000002,2291.9030803212854,2310.4610000000002,0.008032128514052732,0.029628012478232126,0.017574175929518078,0.0035086653834413006,0.0,0.9883567624844676,9.646549206018691e-05,0.0
9801.170401720852,163.35284002868087,替浆（单段，实际）,0.9909107508366486,0.9909107508366486,2310.4610000000002,2291.9030803212854,2310.4610000000002,0.008032128514052732,0.029034662661096583,0.017572557784216777,0.0035083428898349256,0.0,0.9886361210219937,9.367675904246586e-05,0.0
9804.297536677077,163.40495894461796,替浆（单段，实际）,0.9911360029169879,0.9911360029169879,2310.4610000000002,2301.182040160643,2310.4610000000002,0.004016064257026366,0.02845783702309328,0.008785555779160901,0.0017555683397906252,0.0,0.9889052327245241,9.099267889764131e-05,0.0
9807.425807787291,163.45709679645486,替浆（单段，实际）,0.9913524871302524,0.9913524871302524,2310.4610000000002,2301.182040160643,2310.4610000000002,0.004016064257026366,0.02789726516270884,0.008784914475158924,0.0017554403041526445,0.0,0.9891644837479063,8.84152005968568e-05,0.0
9810.55315581117,163.5092192635195,替浆（单段，实际）,0.9915603486395118,0.9915603486395118,2310.4610000000002,2301.182040160643,2310.4610000000002,0.004016064257026366,0.02735322924572361,0.008784354859068125,0.0017553285774026817,0.0,0.9894139869305857,8.594070978420013e-05,0.0
9813.68015036802,163.561335839467,替浆（单段，实际）,0.9917599258642925,0.9917599258642925,2310.4610000000002,2310.4610000000002,2310.4610000000002,0.0,0.026825469347833156,0.0,0.0,0.0,0.9896540877568981,8.35622779197814e-05,0.0
9816.808069313724,163.6134678218954,替浆（单段，实际）,0.9919515989421076,0.9919515989421076,2310.4610000000002,2310.4610000000002,2310.4610000000002,0.0,0.026313568116280023,0.0,0.0,0.0,0.9898851850263963,8.127715420784593e-05,0.0
9819.93547443658,163.66559124060964,替浆（单段，实际）,0.9921355768847284,0.9921355768847284,2310.4610000000002,2310.4610000000002,2310.4610000000002,0.0,0.02581752068028312,0.0,0.0,0.0,0.9901074744903746,7.908543262781875e-05,0.0
9823.062371758306,163.71770619597177,替浆（单段，实际）,0.9923121636676497,0.9923121636676497,2310.4610000000002,2310.4610000000002,2310.4610000000002,0.0,0.025337028605255763,0.0,0.0,0.0,0.9903212688772804,7.698078130544514e-05,0.0
9826.189980932526,163.7698330155421,替浆（单段，实际）,0.9924817295028009,0.9924817295028009,2310.4610000000002,2310.4610000000002,2310.4610000000002,0.0,0.024871571773468517,0.0,0.0,0.0,0.9905269642833245,7.495949525433518e-05,0.0
9829.317411205995,163.82195685343325,替浆（单段，实际）,0.9926445216996169,0.9926445216996169,2310.4610000000002,2310.4610000000002,2310.4610000000002,0.0,0.024420925136470054,0.0,0.0,0.0,0.9907248109802882,7.301978125593513e-05,0.0
9832.444267977133,163.87407113295222,替浆（单段，实际）,0.9928008155600708,0.9928008155600708,2310.4610000000002,2310.4610000000002,2310.4610000000002,0.0,0.023984749755524677,0.0,0.0,0.0,0.9909150962095864,7.115534312882935e-05,0.0
9835.5716148849,163.92619358141502,替浆（单段，实际）,0.9929509564517464,0.9929509564517464,2310.4610000000002,2310.4610000000002,2310.4610000000002,0.0,0.02356247582408932,0.0,0.0,0.0,0.9910981963772357,6.936327388437093e-05,0.0
9838.700672717414,163.97834454529024,替浆（单段，实际）,0.9930952833343902,0.9930952833343902,2310.4610000000002,2310.4610000000002,2310.4610000000002,0.0,0.02315351211215327,0.0,0.0,0.0,0.9912744839288964,6.76436509831611e-05,0.0
9841.829210822558,164.03048684704262,替浆（单段，实际）,0.9932339661221598,0.9932339661221598,2310.4610000000002,2310.4610000000002,2310.4610000000002,0.0,0.022757712570457275,0.0,0.0,0.0,0.991444128389425,6.598949166628505e-05,0.0
9844.957830008409,164.08263050014014,替浆（单段，实际）,0.9933673051058123,0.9933673051058123,2310.4610000000002,2310.4610000000002,2310.4610000000002,0.0,0.022374534027805263,0.0,0.0,0.0,0.9916074617043319,6.43969547677848e-05,0.0
9848.085936901572,164.1347656150262,替浆（单段，实际）,0.9934955396358225,0.9934955396358225,2310.4610000000002,2310.4610000000002,2310.4610000000002,0.0,0.02200357873900432,0.0,0.0,0.0,0.9917647446596874,6.286556825218915e-05,0.0
9851.214763674827,164.18691272791378,替浆（单段，实际）,0.9936189752064949,0.9936189752064949,2310.4610000000002,2310.4610000000002,2310.4610000000002,0.0,0.021644228721143056,0.0,0.0,0.0,0.9919163220662078,6.139142166665833e-05,0.0
9854.345498689148,164.23909164481913,替浆（单段，实际）,0.9937378991545609,0.9937378991545609,2310.4610000000002,2310.4610000000002,2310.4610000000002,0.0,0.021295890378439885,0.0,0.0,0.0,0.9920625203052968,5.9969462749886046e-05,0.0
9857.479234949393,164.29132058248987,替浆（单段，实际）,0.9938525797563657,0.9938525797563657,2310.4610000000002,2310.4610000000002,2310.4610000000002,0.0,0.02095800022397269,0.0,0.0,0.0,0.9922036455529113,5.859927699310895e-05,0.0
9860.616787186456,164.34361311977426,替浆（单段，实际）,0.993963260223576,0.993963260223576,2310.4610000000002,2310.4610000000002,2310.4610000000002,0.0,0.02063004469005325,0.0,0.0,0.0,0.9923399760237515,5.727764634413298e-05,0.0
9863.758536255924,164.3959756042654,替浆（单段，实际）,0.994070155627913,0.994070155627913,2310.4610000000002,2310.4610000000002,2310.4610000000002,0.0,0.020311572573548445,0.0,0.0,0.0,0.9924717578674034,5.6000071901489746e-05,0.0
9866.905321287288,164.4484220214548,替浆（单段，实际）,0.9941734858250079,0.9941734858250079,2310.4610000000002,2310.4610000000002,2310.4610000000002,0.0,0.02000210025958913,0.0,0.0,0.0,0.9925992454429791,5.476402463556684e-05,0.0
9870.057881589664,164.50096469316108,替浆（单段，实际）,0.9942734547499208,0.9942734547499208,2310.4610000000002,2310.4610000000002,2310.4610000000002,0.0,0.019701173826136488,0.0,0.0,0.0,0.992722675627936,5.356824622225973e-05,0.0
9873.216860167197,164.55361433611995,替浆（单段，实际）,0.9943702512691175,0.9943702512691175,2310.4610000000002,2310.4610000000002,2310.4610000000002,0.0,0.019408368267161805,0.0,0.0,0.0,0.9928422686818732,5.2409343354194935e-05,0.0
9876.382738217517,164.60637897029196,替浆（单段，实际）,0.9944640491856177,0.9944640491856177,2310.4610000000002,2310.4610000000002,2310.4610000000002,0.0,0.019123290574468956,0.0,0.0,0.0,0.9929582279516009,5.128517752876847e-05,0.0
9879.555472849763,164.6592578808294,替浆（单段，实际）,0.9945549973683612,0.9945549973683612,2310.4610000000002,2310.4610000000002,2310.4610000000002,0.0,0.018845610750174966,0.0,0.0,0.0,0.9930707274434808,5.019546847736449e-05,0.0
9882.735477676968,164.7122579612828,替浆（单段，实际）,0.994643249424082,0.994643249424082,2310.4610000000002,2310.4610000000002,2310.4610000000002,0.0,0.018574972591901148,0.0,0.0,0.0,0.9931799482404953,4.913743936425948e-05,0.0
9885.923078959608,164.7653846493268,替浆（单段，实际）,0.9947289480320565,0.9947289480320565,2310.4610000000002,2310.4610000000002,2310.4610000000002,0.0,0.018311043126610804,0.0,0.0,0.0,0.9932860593938607,4.810903718744503e-05,0.0
9889.118527875798,164.81864213126332,替浆（单段，实际）,0.9948122255835288,0.9948122255835288,2310.4610000000002,2310.4610000000002,2310.4610000000002,0.0,0.01805351124313895,0.0,0.0,0.0,0.9933892183161317,4.711058074352097e-05,0.0
9892.322006863078,164.87203344771797,替浆（单段，实际）,0.9948932048436134,0.9948932048436134,2310.4610000000002,2310.4610000000002,2310.4610000000002,0.0,0.017802086543443136,0.0,0.0,0.0,0.9934895714580498,4.6139733916647704e-05,0.0
9895.533459298762,164.92555765497937,替浆（单段，实际）,0.9949719957020717,0.9949719957020717,2310.4610000000002,2310.4610000000002,2310.4610000000002,0.0,0.01755651078875843,0.0,0.0,0.0,0.9935872501294424,4.519477873462587e-05,0.0
9898.752686003116,164.97921143338527,替浆（单段，实际）,0.9950486984537397,0.9950486984537397,2310.4610000000002,2310.4610000000002,2310.4610000000002,0.0,0.017316548545545065,0.0,0.0,0.0,0.993682374459057,4.4274507486399444e-05,0.0
9901.979735103521,165.0329955850587,替浆（单段，实际）,0.9951234134342002,0.9951234134342002,2310.4610000000002,2310.4610000000002,2310.4610000000002,0.0,0.01708195753206826,0.0,0.0,0.0,0.9937750652402552,4.3378139108090603e-05,0.0
9905.21460964482,165.08691016074698,替浆（单段，实际）,0.9951962342158079,0.9951962342158079,2310.4610000000002,2310.4610000000002,2310.4610000000002,0.0,0.016852510686497037,0.0,0.0,0.0,0.9938654354058661,4.250406831642996e-05,0.0
9908.457273330201,165.14095455550336,替浆（单段，实际）,0.9952672480275029,0.9952672480275029,2310.4610000000002,2310.4610000000002,2310.4610000000002,0.0,0.016627995307260286,0.0,0.0,0.0,0.9939535905041954,4.165154105505382e-05,0.0
9911.707655949913,165.1951275991652,替浆（单段，实际）,0.9953365360897753,0.9953365360897753,2310.4610000000002,2310.4610000000002,2310.4610000000002,0.0,0.01640821234908855,0.0,0.0,0.0,0.9940396290357434,4.082018561935748e-05,0.0
9914.965658413206,165.2494276402201,替浆（单段，实际）,0.9954041744102108,0.9954041744102108,2310.4610000000002,2310.4610000000002,2310.4610000000002,0.0,0.01619297475960374,0.0,0.0,0.0,0.9941236433664562,4.000854370807782e-05,0.0
9918.230898200673,165.30384830334455,替浆（单段，实际）,0.9954702288594733,0.9954702288594733,2310.4610000000002,2310.4610000000002,2310.4610000000002,0.0,0.015982123503498067,0.0,0.0,0.0,0.994205713547571,3.9215924063322175e-05,0.0
9921.503177407387,165.35838629012312,替浆（单段，实际）,0.9955347651681853,0.9955347651681853,2310.4610000000002,2310.4610000000002,2310.4610000000002,0.0,0.015775495947663445,0.0,0.0,0.0,0.9942859197060894,3.844217056982235e-05,0.0
9924.782361124417,165.4130393520736,替浆（单段，实际）,0.9955978467135717,0.9955978467135717,2310.4610000000002,2310.4610000000002,2310.4610000000002,0.0,0.015572933526694897,0.0,0.0,0.0,0.994364339270718,3.768617370145987e-05,0.0
9928.06830038508,165.46780500641802,替浆（单段，实际）,0.9956595329513094,0.9956595329513094,2310.4610000000002,2310.4610000000002,2310.4610000000002,0.0,0.01537428686525993,0.0,0.0,0.0,0.9944410449755101,3.6947479824988265e-05,0.0
9931.360835091687,165.52268058486146,替浆（单段，实际）,0.9957198794654856,0.9957198794654856,2310.4610000000002,2310.4610000000002,2310.4610000000002,0.0,0.015179415687031649,0.0,0.0,0.0,0.9945161049104281,3.6225954121320444e-05,0.0
9934.6597999513,165.57766333252167,替浆（单段，实际）,0.995778938806684,0.995778938806684,2310.4610000000002,2310.4610000000002,2310.4610000000002,0.0,0.01498818683914837,0.0,0.0,0.0,0.9945895834900954,3.552044782568894e-05,0.0
9937.965023090024,165.63275038483374,替浆（单段，实际）,0.9958367604286166,0.9958367604286166,2310.4610000000002,2310.4610000000002,2310.4610000000002,0.0,0.014800474514000558,0.0,0.0,0.0,0.9946615413853631,3.483062695871944e-05,0.0
9941.276328002277,165.68793880003795,替浆（单段，实际）,0.9958933908141989,0.9958933908141989,2310.4610000000002,2310.4610000000002,2310.4610000000002,0.0,0.01461615993227353,0.0,0.0,0.0,0.9947320355753705,3.415649258829716e-05,0.0
9944.593337738044,165.74322229563407,替浆（单段，实际）,0.9959488706306281,0.9959488706306281,2310.4610000000002,2310.4610000000002,2310.4610000000002,0.0,0.014435141125913577,0.0,0.0,0.0,0.9948011160210412,3.349714769636158e-05,0.0
9947.915847181866,165.7985974530311,替浆（单段，实际）,0.9960032411828885,0.9960032411828885,2310.4610000000002,2310.4610000000002,2310.4610000000002,0.0,0.014257311968263717,0.0,0.0,0.0,0.9948688335438416,3.285235270225707e-05,0.0
9951.243689289544,165.85406148815906,替浆（单段，实际）,0.9960565421062432,0.9960565421062432,2310.4610000000002,2310.4610000000002,2310.4610000000002,0.0,0.014082569788231898,0.0,0.0,0.0,0.9949352369257768,3.222194717217068e-05,0.0
9954.576697768654,165.90961162947758,替浆（单段，实际）,0.9961088109005315,0.9961088109005315,2310.4610000000002,2310.4610000000002,2310.4610000000002,0.0,0.013910817066689108,0.0,0.0,0.0,0.9950003723349989,3.1605174858629244e-05,0.0
9957.914707920801,165.96524513201337,替浆（单段，实际）,0.9961600830723405,0.9961600830723405,2310.4610000000002,2310.4610000000002,2310.4610000000002,0.0,0.013741961108664335,0.0,0.0,0.0,0.9950642835163426,3.100152335180901e-05,0.0
9961.257557510378,166.02095929183963,替浆（单段，实际）,0.9962103922054403,0.9962103922054403,2310.4610000000002,2310.4610000000002,2310.4610000000002,0.0,0.013575913931766152,0.0,0.0,0.0,0.995127011855748,3.0410735692877795e-05,0.0
9964.605087338588,166.07675145564315,替浆（单段，实际）,0.9962597701967963,0.9962597701967963,2310.4610000000002,2310.4610000000002,2310.4610000000002,0.0,0.01341259164253956,0.0,0.0,0.0,0.9951885966618902,2.9832355548372047e-05,0.0
9967.957141826497,166.13261903044162,替浆（单段，实际）,0.9963082473154999,0.9963082473154999,2310.4610000000002,2310.4610000000002,2310.4610000000002,0.0,0.013251914340544254,0.0,0.0,0.0,0.9952490752185753,2.9265916258493586e-05,0.0
9971.313569337537,166.18855948895896,替浆（单段，实际）,0.996355852300454,0.996355852300454,2310.4610000000002,2310.4610000000002,2310.4610000000002,0.0,0.01309380588894063,0.0,0.0,0.0,0.9953084829350449,2.871120931771448e-05,0.0
9974.674222403259,166.24457037338763,替浆（单段，实际）,0.9964026125175289,0.9964026125175289,2310.4610000000002,2310.4610000000002,2310.4610000000002,0.0,0.012938193519057103,0.0,0.0,0.0,0.9953668535387556,2.8167866375470148e-05,0.0
9978.038818491877,166.30064697486463,替浆（单段，实际）,0.9964485520695393,0.9964485520695393,2310.4610000000002,2310.4610000000002,2310.4610000000002,0.0,0.01278501421001598,0.0,0.0,0.0,0.9954242167036184,2.763564915279585e-05,0.0
9981.407217263444,166.35678695439074,替浆（单段，实际）,0.996493695822284,0.996493695822284,2310.4610000000002,2310.4610000000002,2310.4610000000002,0.0,0.012634201362546322,0.0,0.0,0.0,0.9954806030675755,2.7114182715853137e-05,0.0
9984.779293719028,166.41298822865048,替浆（单段，实际）,0.996538067624231,0.996538067624231,2310.4610000000002,2310.4610000000002,2310.4610000000002,0.0,0.012485690796922523,0.0,0.0,0.0,0.9955360419904772,2.6603252058086923e-05,0.0
9988.154926851492,166.4692487808582,替浆（单段，实际）,0.9965816902230121,0.9965816902230121,2310.4610000000002,2310.4610000000002,2310.4610000000002,0.0,0.012339421092349232,0.0,0.0,0.0,0.9955905614819379,2.6102572180027766e-05,0.0
9991.533999774752,166.52556666291255,替浆（单段，实际）,0.9966245853044694,0.9966245853044694,2310.4610000000002,2310.4610000000002,2310.4610000000002,0.0,0.012195333506678199,0.0,0.0,0.0,0.9956441882519106,2.5611824661848394e-05,0.0
9994.916399631797,166.58193999386327,替浆（单段，实际）,0.9966667735687622,0.9966667735687622,2310.4610000000002,2310.4610000000002,2310.4610000000002,0.0,0.01205337180769004,0.0,0.0,0.0,0.9956969477918602,2.51309910382697e-05,0.0
9998.302017581704,166.63836695969505,替浆（单段，实际）,0.9967082748347916,0.9967082748347916,2310.4610000000002,2310.4610000000002,2310.4610000000002,0.0,0.01191348196970605,0.0,0.0,0.0,0.9957488644965055,2.4659610767277952e-05,0.0
10001.69074869042,166.694845811507,替浆（单段，实际）,0.9967491080112955,0.9967491080112955,2310.4610000000002,2310.4610000000002,2310.4610000000002,0.0,0.011775612302199624,0.0,0.0,0.0,0.995799961619739,2.4197490395116393e-05,0.0
10005.082491958452,166.7513748659742,替浆（单段，实际）,0.9967892912184817,0.9967892912184817,2310.4610000000002,2310.4610000000002,2310.4610000000002,0.0,0.011639713121088368,0.0,0.0,0.0,0.9958502614383893,2.3744545895051146e-05,0.0
10008.477150003899,166.80795250006497,替浆（单段，实际）,0.9968288418154504,0.9968288418154504,2310.4610000000002,2310.4610000000002,2310.4610000000002,0.0,0.01150573668630618,0.0,0.0,0.0,0.995899785305074,2.3300391925159197e-05,0.0
10011.874629142292,166.86457715237154,替浆（单段，实际）,0.9968677763759245,0.9968677763759245,2310.4610000000002,2310.4610000000002,2310.4610000000002,0.0,0.011373637308080439,0.0,0.0,0.0,0.9959485536049859,2.2864978128103567e-05,0.0
10015.274839181635,166.92124731969392,替浆（单段，实际）,0.9969061108541373,0.9969061108541373,2310.4610000000002,2310.4610000000002,2310.4610000000002,0.0,0.011243370859127823,0.0,0.0,0.0,0.9959965859479962,2.2438105718288542e-05,0.0
10018.677671834648,166.97796119724413,替浆（单段，实际）,0.9969438603009264,0.9969438603009264,2310.4610000000002,2310.4610000000002,2310.4610000000002,0.0,0.01111489575336596,0.0,0.0,0.0,0.9960439008135774,2.201947600135989e-05,0.0
10022.082971487376,167.03471619145628,替浆（单段，实际）,0.9969810385827459,0.9969810385827459,2310.4610000000002,2310.4610000000002,2310.4610000000002,0.0,0.010988173935166696,0.0,0.0,0.0,0.9960905151945635,2.1609008213305046e-05,0.0
10025.490662975277,167.09151104958795,替浆（单段，实际）,0.9970176599012083,0.9970176599012083,2310.4610000000002,2310.4610000000002,2310.4610000000002,0.0,0.010863165765725304,0.0,0.0,0.0,0.9961364465364523,2.1206501616137397e-05,0.0
10028.90067394719,167.1483445657865,替浆（单段，实际）,0.9970537378713792,0.9970537378713792,2310.4610000000002,2310.4610000000002,2310.4610000000002,0.0,0.01073983315689371,0.0,0.0,0.0,0.996181711560714,2.081178151491263e-05,0.0
10032.31293478994,167.20521557983233,替浆（单段，实际）,0.9970892855970731,0.9970892855970731,2310.4610000000002,2310.4610000000002,2310.4610000000002,0.0,0.010618139346387513,0.0,0.0,0.0,0.9962263263514402,2.0424729906250447e-05,0.0
10035.72737848304,167.26212297471733,替浆（单段，实际）,0.9971243156902824,0.9971243156902824,2310.4610000000002,2310.4610000000002,2310.4610000000002,0.0,0.010498048869300577,0.0,0.0,0.0,0.9962703063759342,2.004520220970057e-05,0.0
10039.143940599217,167.31906567665362,替浆（单段，实际）,0.9971588402611923,0.9971588402611923,2310.4610000000002,2310.4610000000002,2310.4610000000002,0.0,0.010379527597170549,0.0,0.0,0.0,0.9963136664679618,1.9672967836488515e-05,0.0
10042.562558994166,167.3760426499028,替浆（单段，实际）,0.997192870954976,0.997192870954976,2310.4610000000002,2310.4610000000002,2310.4610000000002,0.0,0.010262542640856926,0.0,0.0,0.0,0.9963564209139287,1.9307869527182312e-05,0.0
10045.983173879651,167.43305289799417,替浆（单段，实际）,0.9972264190275484,0.9972264190275484,2310.4610000000002,2310.4610000000002,2310.4610000000002,0.0,0.010147062128369789,0.0,0.0,0.0,0.9963985835147549,1.89498637283023e-05,0.0
10049.405727723286,167.49009546205477,替浆（单段，实际）,0.9972594953183018,0.9972594953183018,2310.4610000000002,2310.4610000000002,2310.4610000000002,0.0,0.010033055294976329,0.0,0.0,0.0,0.9964401675555049,1.859874211767462e-05,0.0
10052.830165078534,167.54716941797557,替浆（单段，实际）,0.9972921102620733,0.9972921102620733,2310.4610000000002,2310.4610000000002,2310.4610000000002,0.0,0.009920492466206306,0.0,0.0,0.0,0.9964811858057794,1.8254444444055376e-05,0.0
10056.25643267167,167.60427387786115,替浆（单段，实际）,0.9973242739217993,0.9973242739217993,2310.4610000000002,2310.4610000000002,2310.4610000000002,0.0,0.009809344970647803,0.0,0.0,0.0,0.9965216505815805,1.791674505701067e-05,0.0
10059.684479202933,167.66140798671555,替浆（单段，实际）,0.9973559960094167,0.9973559960094167,2310.4610000000002,2310.4610000000002,2310.4610000000002,0.0,0.009699585071320028,0.0,0.0,0.0,0.9965615737796628,1.7585447141664507e-05,0.0
10063.114255267039,167.7185709211173,替浆（单段，实际）,0.9973872859259909,0.9973872859259909,2310.4610000000002,2310.4610000000002,2310.4610000000002,0.0,0.009591185858083448,0.0,0.0,0.0,0.9966009669105812,1.7260635415279086e-05,0.0
10066.545713274281,167.77576188790468,替浆（单段，实际）,0.9974181527558881,0.9974181527558881,2310.4610000000002,2310.4610000000002,2310.4610000000002,0.0,0.009484121276647526,0.0,0.0,0.0,0.9966398410902131,1.694212659523016e-05,0.0
10069.978807379855,167.83298012299758,替浆（单段，实际）,0.9974486052191006,0.9974486052191006,2310.4610000000002,2310.4610000000002,2310.4610000000002,0.0,0.009378366279591674,0.0,0.0,0.0,0.9966782069644836,1.662966904636777e-05,0.0
10073.413493404702,167.89022489007837,替浆（单段，实际）,0.9974786517882772,0.9974786517882772,2310.4610000000002,2310.4610000000002,2310.4610000000002,0.0,0.009273896477055394,0.0,0.0,0.0,0.9967160749017072,1.6323225721682874e-05,0.0
10076.849679085703,167.94749465142837,替浆（单段，实际）,0.997508300248159,0.997508300248159,2310.4610000000002,2310.4610000000002,2310.4610000000002,0.0,0.009170689666048188,0.0,0.0,0.0,0.9967534544081437,1.6022680508800267e-05,0.0
10080.287315146155,168.00478858576926,替浆（单段，实际）,0.997537558469895,0.997537558469895,2310.4610000000002,2310.4610000000002,2310.4610000000002,0.0,0.009068723130027599,0.0,0.0,0.0,0.9967903551068296,1.572797109182243e-05,0.0
10083.726364471788,168.0621060745298,替浆（单段，实际）,0.9975664341585326,0.9975664341585326,2310.4610000000002,2310.4610000000002,2310.4610000000002,0.0,0.008967974549199337,0.0,0.0,0.0,0.9968267863977693,1.5438999045504893e-05,0.0
10087.166791134032,168.11944651890053,替浆（单段，实际）,0.997594934766731,0.997594934766731,2310.4610000000002,2310.4610000000002,2310.4610000000002,0.0,0.008868422296379078,0.0,0.0,0.0,0.9968627573847719,1.5155516400714189e-05,0.0
10090.608560481714,168.17680934136192,替浆（单段，实际）,0.9976230675301597,0.9976230675301597,2310.4610000000002,2310.4610000000002,2310.4610000000002,0.0,0.008770045325234064,0.0,0.0,0.0,0.9968982769123012,1.4877443671619734e-05,0.0
10094.051639015515,168.23419398359192,替浆（单段，实际）,0.9976508394776856,0.9976508394776856,2310.4610000000002,2310.4610000000002,2310.4610000000002,0.0,0.00867282315784477,0.0,0.0,0.0,0.9969333535687932,1.460490441862896e-05,0.0
10097.495994506464,168.29159990844107,替浆（单段，实际）,0.9976782573977142,0.9976782573977142,2310.4610000000002,2310.4610000000002,2310.4610000000002,0.0,0.008576735985012294,0.0,0.0,0.0,0.9969679956375428,1.4337591160879477e-05,0.0
10100.941595844535,168.3490265974089,替浆（单段，实际）,0.9977053278408555,0.9977053278408555,2310.4610000000002,2310.4610000000002,2310.4610000000002,0.0,0.008481764670318907,0.0,0.0,0.0,0.9970022111008783,1.4075393380418507e-05,0.0
10104.388412999724,168.4064735499954,替浆（单段，实际）,0.9977320572211603,0.9977320572211603,2310.4610000000002,2310.4610000000002,2310.4610000000002,0.0,0.008387890431391242,0.0,0.0,0.0,0.9970360077921064,1.3818244346180227e-05,0.0
10107.836416976987,168.46394028294978,替浆（单段，实际）,0.997758451744271,0.997758451744271,2310.4610000000002,2310.4610000000002,2310.4610000000002,0.0,0.008295095063517048,0.0,0.0,0.0,0.9970693932877277,1.356612288121128e-05,0.0
10111.285580205114,168.52142633675192,替浆（单段，实际）,0.9977845174452452,0.9977845174452452,2310.4610000000002,2310.4610000000002,2310.4610000000002,0.0,0.008203360834419023,0.0,0.0,0.0,0.9971023749528959,1.3318931319007765e-05,0.0
10114.735876179322,168.57893126965536,替浆（单段，实际）,0.9978102601412158,0.9978102601412158,2310.4610000000002,2310.4610000000002,2310.4610000000002,0.0,0.008112670642379213,0.0,0.0,0.0,0.9971349598600804,1.3076510992389732e-05,0.0
10118.187279203328,168.6364546533888,替浆（单段，实际）,0.9978356855250384,0.9978356855250384,2310.4610000000002,2310.4610000000002,2310.4610000000002,0.0,0.008023007705422238,0.0,0.0,0.0,0.9971671549414052,1.2838692655940972e-05,0.0
10121.639763760366,168.69399606267277,替浆（单段，实际）,0.9978607991358791,0.9978607991358791,2310.4610000000002,2310.4610000000002,2310.4610000000002,0.0,0.007934355673202116,0.0,0.0,0.0,0.9971989669553329,1.2605554482083653e-05,0.0
10125.093305100863,168.7515550850144,替浆（单段，实际）,0.9978856063560535,0.9978856063560535,2310.4610000000002,2310.4610000000002,2310.4610000000002,0.0,0.007846698635449796,0.0,0.0,0.0,0.9972304024681176,1.2377024721105715e-05,0.0
10128.547879274684,168.80913132124473,替浆（单段，实际）,0.9979101123770514,0.9979101123770514,2310.4610000000002,2310.4610000000002,2310.4610000000002,0.0,0.007760021235304535,0.0,0.0,0.0,0.9972614677969006,1.2152861697887086e-05,0.0
10132.00346308456,168.86672438474267,替浆（单段，实际）,0.9979343222773484,0.9979343222773484,2310.4610000000002,2310.4610000000002,2310.4610000000002,0.0,0.0076743084183140305,0.0,0.0,0.0,0.9972921691237739,1.1933079508220118e-05,0.0
10135.460034102425,168.9243339017071,替浆（单段，实际）,0.9979582410108648,0.9979582410108648,2310.4610000000002,2310.4610000000002,2310.4610000000002,0.0,0.007589545473968094,0.0,0.0,0.0,0.9973225124904961,1.1717518479398253e-05,0.0
10138.917570554417,168.98195950924028,替浆（单段，实际）,0.9979818733965298,0.9979818733965298,2310.4610000000002,2310.4610000000002,2310.4610000000002,0.0,0.007505718072476077,0.0,0.0,0.0,0.997352503772494,1.1506232698697227e-05,0.0
10142.376051362378,169.03960085603964,替浆（单段，实际）,0.9980052240951165,0.9980052240951165,2310.4610000000002,2310.4610000000002,2310.4610000000002,0.0,0.007422812343367852,0.0,0.0,0.0,0.9973821486449942,1.1298987592425825e-05,0.0
10145.835456085315,169.09725760142192,替浆（单段，实际）,0.9980282976519637,0.9980282976519637,2310.4610000000002,2310.4610000000002,2310.4610000000002,0.0,0.00734081473736765,0.0,0.0,0.0,0.9974114526269322,1.1095678728912339e-05,0.0
10149.295740608255,169.15492901013758,替浆（单段，实际）,0.9980510983585439,0.9980510983585439,2310.4610000000002,2310.4610000000002,2310.4610000000002,0.0,0.007259712530034805,0.0,0.0,0.0,0.9974404209410935,1.089622245215269e-05,0.0
10152.756873036562,169.21261455060937,替浆（单段，实际）,0.9980736304738148,0.9980736304738148,2310.4610000000002,2310.4610000000002,2310.4610000000002,0.0,0.007179493029890618,0.0,0.0,0.0,0.9974690587727997,1.070069175589843e-05,0.0
10156.218836037806,169.27031393396342,替浆（单段，实际）,0.998095898218063,0.998095898218063,2310.4610000000002,2310.4610000000002,2310.4610000000002,0.0,0.007100143597586927,0.0,0.0,0.0,0.9974973712641837,1.0508902055738924e-05,0.0
10159.681612813218,169.3280268802203,替浆（单段，实际）,0.9981179056977321,0.9981179056977321,2310.4610000000002,2310.4610000000002,2310.4610000000002,0.0,0.007021651919106325,0.0,0.0,0.0,0.9975253633923877,1.0320734720282677e-05,0.0
10163.145187079408,169.38575311799013,替浆（单段，实际）,0.9981396569451735,0.9981396569451735,2310.4610000000002,2310.4610000000002,2310.4610000000002,0.0,0.006944005879274915,0.0,0.0,0.0,0.9975530400680503,1.0136108168612338e-05,0.0
10166.609543050685,169.44349238417809,替浆（单段，实际）,0.998161155893861,0.998161155893861,2310.4610000000002,2310.4610000000002,2310.4610000000002,0.0,0.006867193643779908,0.0,0.0,0.0,0.9975804060820658,9.95506104541375e-06,0.0
10170.074665422193,169.5012444237032,替浆（单段，实际）,0.9981824063611895,0.9981824063611895,2310.4610000000002,2310.4610000000002,2310.4610000000002,0.0,0.0067912037182231945,0.0,0.0,0.0,0.99760746608312,9.777492075189802e-06,0.0
10173.54053935331,169.5590089892218,替浆（单段，实际）,0.9982034120689613,0.9982034120689613,2310.4610000000002,2310.4610000000002,2310.4610000000002,0.0,0.006716024881223051,0.0,0.0,0.0,0.9976342245859663,9.603259074202075e-06,0.0
10177.007150452531,169.6167858408755,替浆（单段，实际）,0.9982241766644422,0.9982241766644422,2310.4610000000002,2310.4610000000002,2310.4610000000002,0.0,0.00664164611844684,0.0,0.0,0.0,0.9976606860204411,9.432282812469709e-06,0.0
10180.474484760996,169.67457474601662,替浆（单段，实际）,0.998244703717602,0.998244703717602,2310.4610000000002,2310.4610000000002,2310.4610000000002,0.0,0.0065680566325650135,0.0,0.0,0.0,0.9976868547325847,9.264578013374514e-06,0.0
10183.942528740974,169.73237547901624,替浆（单段，实际）,0.9982649966964916,0.9982649966964916,2310.4610000000002,2310.4610000000002,2310.4610000000002,0.0,0.0064952459261038925,0.0,0.0,0.0,0.9977127349435204,9.100103407305773e-06,0.0
10187.411269255143,169.79018782091904,替浆（单段，实际）,0.998285058989246,0.998285058989246,2310.4610000000002,2310.4610000000002,2310.4610000000002,0.0,0.006423203729886031,0.0,0.0,0.0,0.9977383307673255,8.938705147847878e-06,0.0
10190.880693568151,169.8480115594692,替浆（单段，实际）,0.9983048939090886,0.9983048939090886,2310.4610000000002,2310.4610000000002,2310.4610000000002,0.0,0.006351919987817264,0.0,0.0,0.0,0.9977636462171274,8.78030680270402e-06,0.0
10194.35078931396,169.905846488566,替浆（单段，实际）,0.99832450470966,0.99832450470966,2310.4610000000002,2310.4610000000002,2310.4610000000002,0.0,0.0062813848087622075,0.0,0.0,0.0,0.9977886852523216,8.624909126836764e-06,0.0
10197.82154451963,169.96369240866048,替浆（单段，实际）,0.9983438945544251,0.9983438945544251,2310.4610000000002,2310.4610000000002,2310.4610000000002,0.0,0.006211588568290089,0.0,0.0,0.0,0.9978134517214652,8.472499688667357e-06,0.0
10201.29294751277,170.02154912521283,替浆（单段，实际）,0.9983630665410278,0.9983630665410278,2310.4610000000002,2310.4610000000002,2310.4610000000002,0.0,0.006142521828727169,0.0,0.0,0.0,0.9978379493897915,8.322937972581947e-06,0.0
10204.764986967326,170.07941644945544,替浆（单段，实际）,0.9983820236906139,0.9983820236906139,2310.4610000000002,2310.4610000000002,2310.4610000000002,0.0,0.006074175375637398,0.0,0.0,0.0,0.9978621819066748,8.176143698961045e-06,0.0
10208.23765186146,170.137294197691,替浆（单段，实际）,0.9984007689803135,0.9984007689803135,2310.4610000000002,2310.4610000000002,2310.4610000000002,0.0,0.00600654011275648,0.0,0.0,0.0,0.9978861528935675,8.032124155406429e-06,0.0
10211.710931532776,170.19518219221294,替浆（单段，实际）,0.9984193053065857,0.9984193053065857,2310.4610000000002,2310.4610000000002,2310.4610000000002,0.0,0.005939607183443338,0.0,0.0,0.0,0.9979098658727787,7.890832121038824e-06,0.0
10215.18481562627,170.25308026043783,替浆（单段，实际）,0.9984376355096052,0.9984376355096052,2310.4610000000002,2310.4610000000002,2310.4610000000002,0.0,0.005873367891292357,0.0,0.0,0.0,0.9979333242968583,7.752199236322503e-06,0.0
10218.659294083796,170.31098823472993,替浆（单段，实际）,0.9984557623628386,0.9984557623628386,2310.4610000000002,2310.4610000000002,2310.4610000000002,0.0,0.005807813734192399,0.0,0.0,0.0,0.9979565315159771,7.616122819170146e-06,0.0
10222.134357133891,170.36890595223153,替浆（单段，实际）,0.9984736885958412,0.9984736885958412,2310.4610000000002,2310.4610000000002,2310.4610000000002,0.0,0.0057429363318753784,0.0,0.0,0.0,0.9979794908435077,7.482613794681839e-06,0.0
10225.60999528196,170.42683325469935,替浆（单段，实际）,0.9984914168701333,0.9984914168701333,2310.4610000000002,2310.4610000000002,2310.4610000000002,0.0,0.005678727505681909,0.0,0.0,0.0,0.9980022055150762,7.351600128949996e-06,0.0
10229.086199300773,170.48476998834622,替浆（单段，实际）,0.9985089497983606,0.9985089497983606,2310.4610000000002,2310.4610000000002,2310.4610000000002,0.0,0.0056151792165203334,0.0,0.0,0.0,0.9980246787056005,7.223067072670612e-06,0.0
10232.562960221307,170.54271600368844,替浆（单段，实际）,0.9985262899384039,0.9985262899384039,2310.4610000000002,2310.4610000000002,2310.4610000000002,0.0,0.005552283583489847,0.0,0.0,0.0,0.9980469135082821,7.096899507345225e-06,0.0
10236.040269323914,170.60067115539857,替浆（单段，实际）,0.9985434398000372,0.9985434398000372,2310.4610000000002,2310.4610000000002,2310.4610000000002,0.0,0.005490032864013284,0.0,0.0,0.0,0.9980689129618265,6.973110323428823e-06,0.0
10239.518118129745,170.65863530216242,替浆（单段，实际）,0.9985604018367814,0.9985604018367814,2310.4610000000002,2310.4610000000002,2310.4610000000002,0.0,0.005428419482239821,0.0,0.0,0.0,0.9980906800483195,6.851607991074146e-06,0.0
10242.996493058561,170.7166082176427,替浆（单段，实际）,0.9985771784349485,0.9985771784349485,2310.4610000000002,2310.4610000000002,2310.4610000000002,0.0,0.00536743607322818,0.0,0.0,0.0,0.9981122176649515,6.7324196945362e-06,0.0
10246.475367246774,170.7745894541129,替浆（单段，实际）,0.9985937718724689,0.9985937718724689,2310.4610000000002,2310.4610000000002,2310.4610000000002,0.0,0.005307075632208494,0.0,0.0,0.0,0.9981335285630939,6.6154237158616485e-06,0.0
10249.954733489338,170.83257889148896,替浆（单段，实际）,0.9986101844711978,0.9986101844711978,2310.4610000000002,2310.4610000000002,2310.4610000000002,0.0,0.005247330959627743,0.0,0.0,0.0,0.9981546155473985,6.5006336672157455e-06,0.0
10253.43458477421,170.8905764129035,替浆（单段，实际）,0.9986264185061856,0.9986264185061856,2310.4610000000002,2310.4610000000002,2310.4610000000002,0.0,0.0051881949940499016,0.0,0.0,0.0,0.9981754813824358,6.38794264032912e-06,0.0
10255.164835164836,170.91941391941393,替浆（单段，实际）,0.9986344028695554,0.9986344028695554,2310.4610000000002,2310.4610000000002,2310.4610000000002,0.0,0.005159096129293778,0.0,0.0,0.0,0.9981857469621711,6.277411280716802e-06,0.0
