time_s,time_min,stage,bulk_cement_fill,effective_efficiency,target_interval_efficiency,cbl_eval_interval_efficiency,front_wide_m,front_narrow_m,front_mid_m,channeling_index,mixing_index,instability_proxy,instability_index,mean_wall_mud,mean_cement,mean_mud
0.0,0.0,注入先导浆,0.0,0.0,0.0,0.0,0.0,0.0,0.0,0.0,0.0,0.0,0.0,0.0,0.0,1.0
4.0,0.06666666666666667,注入先导浆,0.0,0.0,0.0,0.0,0.0,0.0,0.0,0.0,0.0,0.0,0.0,0.0,0.0,1.0
8.0,0.13333333333333333,注入先导浆,0.0,0.0,0.0,0.0,0.0,0.0,0.0,0.0,0.0,0.0,0.0,0.0,0.0,1.0
12.0,0.2,注入先导浆,0.0,0.0,0.0,0.0,0.0,0.0,0.0,0.0,0.0,0.0,0.0,0.0,0.0,1.0
16.0,0.26666666666666666,注入先导浆,0.0,0.0,0.0,0.0,0.0,0.0,0.0,0.0,0.0,0.0,0.0,0.0,0.0,1.0
20.0,0.3333333333333333,注入先导浆,0.0,0.0,0.0,0.0,0.0,0.0,0.0,0.0,0.0,0.0,0.0,0.0,0.0,1.0
24.0,0.4,注入先导浆,0.0,0.0,0.0,0.0,0.0,0.0,0.0,0.0,0.0,0.0,0.0,0.0,0.0,1.0
28.0,0.4666666666666667,注入先导浆,0.0,0.0,0.0,0.0,0.0,0.0,0.0,0.0,0.0,0.0,0.0,0.0,0.0,1.0
32.0,0.5333333333333333,注入先导浆,0.0,0.0,0.0,0.0,0.0,0.0,0.0,0.0,0.0,0.0,0.0,0.0,0.0,1.0
36.0,0.6,注入先导浆,0.0,0.0,0.0,0.0,0.0,0.0,0.0,0.0,0.0,0.0,0.0,0.0,0.0,1.0
40.0,0.6666666666666666,注入先导浆,0.0,0.0,0.0,0.0,0.0,0.0,0.0,0.0,0.0,0.0,0.0,0.0,0.0,1.0
44.0,0.7333333333333333,注入先导浆,0.0,0.0,0.0,0.0,0.0,0.0,0.0,0.0,0.0,0.0,0.0,0.0,0.0,1.0
48.0,0.8,注入先导浆,0.0,0.0,0.0,0.0,0.0,0.0,0.0,0.0,0.0,0.0,0.0,0.0,0.0,1.0
52.0,0.8666666666666667,注入先导浆,0.0,0.0,0.0,0.0,0.0,0.0,0.0,0.0,0.0,0.0,0.0,0.0,0.0,1.0
56.0,0.9333333333333333,注入先导浆,0.0,0.0,0.0,0.0,0.0,0.0,0.0,0.0,0.0,0.0,0.0,0.0,0.0,1.0
60.0,1.0,注入先导浆,0.0,0.0,0.0,0.0,0.0,0.0,0.0,0.0,0.0,0.0,0.0,0.0,0.0,1.0
64.0,1.0666666666666667,注入先导浆,0.0,0.0,0.0,0.0,0.0,0.0,0.0,0.0,0.0,0.0,0.0,0.0,0.0,1.0
68.0,1.1333333333333333,注入先导浆,0.0,0.0,0.0,0.0,0.0,0.0,0.0,0.0,0.0,0.0,0.0,0.0,0.0,1.0
72.0,1.2,注入先导浆,0.0,0.0,0.0,0.0,0.0,0.0,0.0,0.0,0.0,0.0,0.0,0.0,0.0,1.0
76.0,1.2666666666666666,注入先导浆,0.0,0.0,0.0,0.0,0.0,0.0,0.0,0.0,0.0,0.0,0.0,0.0,0.0,1.0
80.0,1.3333333333333333,注入先导浆,0.0,0.0,0.0,0.0,0.0,0.0,0.0,0.0,0.0,0.0,0.0,0.0,0.0,1.0
84.0,1.4,注入先导浆,0.0,0.0,0.0,0.0,0.0,0.0,0.0,0.0,0.0,0.0,0.0,0.0,0.0,1.0
88.0,1.4666666666666666,注入先导浆,0.0,0.0,0.0,0.0,0.0,0.0,0.0,0.0,0.0,0.0,0.0,0.0,0.0,1.0
92.0,1.5333333333333334,注入先导浆,0.0,0.0,0.0,0.0,0.0,0.0,0.0,0.0,0.0,0.0,0.0,0.0,0.0,1.0
96.0,1.6,注入先导浆,0.0,0.0,0.0,0.0,0.0,0.0,0.0,0.0,0.0,0.0,0.0,0.0,0.0,1.0
100.0,1.6666666666666667,注入先导浆,0.0,0.0,0.0,0.0,0.0,0.0,0.0,0.0,0.0,0.0,0.0,0.0,0.0,1.0
104.0,1.7333333333333334,注入先导浆,0.0,0.0,0.0,0.0,0.0,0.0,0.0,0.0,0.0,0.0,0.0,0.0,0.0,1.0
108.0,1.8,注入先导浆,0.0,0.0,0.0,0.0,0.0,0.0,0.0,0.0,0.0,0.0,0.0,0.0,0.0,1.0
112.0,1.8666666666666667,注入先导浆,0.0,0.0,0.0,0.0,0.0,0.0,0.0,0.0,0.0,0.0,0.0,0.0,0.0,1.0
116.0,1.9333333333333333,注入先导浆,0.0,0.0,0.0,0.0,0.0,0.0,0.0,0.0,0.0,0.0,0.0,0.0,0.0,1.0
120.0,2.0,注入先导浆,0.0,0.0,0.0,0.0,0.0,0.0,0.0,0.0,0.0,0.0,0.0,0.0,0.0,1.0
124.0,2.066666666666667,注入先导浆,0.0,0.0,0.0,0.0,0.0,0.0,0.0,0.0,0.0,0.0,0.0,0.0,0.0,1.0
128.0,2.1333333333333333,注入先导浆,0.0,0.0,0.0,0.0,0.0,0.0,0.0,0.0,0.0,0.0,0.0,0.0,0.0,1.0
132.0,2.2,注入先导浆,0.0,0.0,0.0,0.0,0.0,0.0,0.0,0.0,0.0,0.0,0.0,0.0,0.0,1.0
136.0,2.2666666666666666,注入先导浆,0.0,0.0,0.0,0.0,0.0,0.0,0.0,0.0,0.0,0.0,0.0,0.0,0.0,1.0
140.0,2.3333333333333335,注入先导浆,0.0,0.0,0.0,0.0,0.0,0.0,0.0,0.0,0.0,0.0,0.0,0.0,0.0,1.0
144.0,2.4,注入先导浆,0.0,0.0,0.0,0.0,0.0,0.0,0.0,0.0,0.0,0.0,0.0,0.0,0.0,1.0
148.0,2.466666666666667,注入先导浆,0.0,0.0,0.0,0.0,0.0,0.0,0.0,0.0,0.0,0.0,0.0,0.0,0.0,1.0
152.0,2.533333333333333,注入先导浆,0.0,0.0,0.0,0.0,0.0,0.0,0.0,0.0,0.0,0.0,0.0,0.0,0.0,1.0
156.0,2.6,注入先导浆,0.0,0.0,0.0,0.0,0.0,0.0,0.0,0.0,0.0,0.0,0.0,0.0,0.0,1.0
160.0,2.6666666666666665,注入先导浆,0.0,0.0,0.0,0.0,0.0,0.0,0.0,0.0,0.0,0.0,0.0,0.0,0.0,1.0
164.0,2.7333333333333334,注入先导浆,0.0,0.0,0.0,0.0,0.0,0.0,0.0,0.0,0.0,0.0,0.0,0.0,0.0,1.0
168.0,2.8,注入先导浆,0.0,0.0,0.0,0.0,0.0,0.0,0.0,0.0,0.0,0.0,0.0,0.0,0.0,1.0
172.0,2.8666666666666667,注入先导浆,0.0,0.0,0.0,0.0,0.0,0.0,0.0,0.0,0.0,0.0,0.0,0.0,0.0,1.0
176.0,2.933333333333333,注入先导浆,0.0,0.0,0.0,0.0,0.0,0.0,0.0,0.0,0.0,0.0,0.0,0.0,0.0,1.0
180.0,3.0,注入先导浆,0.0,0.0,0.0,0.0,0.0,0.0,0.0,0.0,0.0,0.0,0.0,0.0,0.0,1.0
184.0,3.066666666666667,注入先导浆,0.0,0.0,0.0,0.0,0.0,0.0,0.0,0.0,0.0,0.0,0.0,0.0,0.0,1.0
188.0,3.1333333333333333,注入先导浆,0.0,0.0,0.0,0.0,0.0,0.0,0.0,0.0,0.0,0.0,0.0,0.0,0.0,1.0
192.0,3.2,注入先导浆,0.0,0.0,0.0,0.0,0.0,0.0,0.0,0.0,0.0,0.0,0.0,0.0,0.0,1.0
196.0,3.2666666666666666,注入先导浆,0.0,0.0,0.0,0.0,0.0,0.0,0.0,0.0,0.0,0.0,0.0,0.0,0.0,1.0
200.0,3.3333333333333335,注入先导浆,0.0,0.0,0.0,0.0,0.0,0.0,0.0,0.0,0.0,0.0,0.0,0.0,0.0,1.0
204.0,3.4,注入先导浆,0.0,0.0,0.0,0.0,0.0,0.0,0.0,0.0,0.0,0.0,0.0,0.0,0.0,1.0
208.0,3.466666666666667,注入先导浆,0.0,0.0,0.0,0.0,0.0,0.0,0.0,0.0,0.0,0.0,0.0,0.0,0.0,1.0
212.0,3.533333333333333,注入先导浆,0.0,0.0,0.0,0.0,0.0,0.0,0.0,0.0,0.0,0.0,0.0,0.0,0.0,1.0
216.0,3.6,注入先导浆,0.0,0.0,0.0,0.0,0.0,0.0,0.0,0.0,0.0,0.0,0.0,0.0,0.0,1.0
220.0,3.6666666666666665,注入先导浆,0.0,0.0,0.0,0.0,0.0,0.0,0.0,0.0,0.0,0.0,0.0,0.0,0.0,1.0
224.0,3.7333333333333334,注入先导浆,0.0,0.0,0.0,0.0,0.0,0.0,0.0,0.0,0.0,0.0,0.0,0.0,0.0,1.0
228.0,3.8,注入先导浆,0.0,0.0,0.0,0.0,0.0,0.0,0.0,0.0,0.0,0.0,0.0,0.0,0.0,1.0
232.0,3.8666666666666667,注入先导浆,0.0,0.0,0.0,0.0,0.0,0.0,0.0,0.0,0.0,0.0,0.0,0.0,0.0,1.0
236.0,3.933333333333333,注入先导浆,0.0,0.0,0.0,0.0,0.0,0.0,0.0,0.0,0.0,0.0,0.0,0.0,0.0,1.0
240.0,4.0,注入先导浆,0.0,0.0,0.0,0.0,0.0,0.0,0.0,0.0,0.0,0.0,0.0,0.0,0.0,1.0
244.0,4.066666666666666,注入先导浆,0.0,0.0,0.0,0.0,0.0,0.0,0.0,0.0,0.0,0.0,0.0,0.0,0.0,1.0
248.0,4.133333333333334,注入先导浆,0.0,0.0,0.0,0.0,0.0,0.0,0.0,0.0,0.0,0.0,0.0,0.0,0.0,1.0
252.0,4.2,注入先导浆,0.0,0.0,0.0,0.0,0.0,0.0,0.0,0.0,0.0,0.0,0.0,0.0,0.0,1.0
256.0,4.266666666666667,注入先导浆,0.0,0.0,0.0,0.0,0.0,0.0,0.0,0.0,0.0,0.0,0.0,0.0,0.0,1.0
260.0,4.333333333333333,注入先导浆,0.0,0.0,0.0,0.0,0.0,0.0,0.0,0.0,0.0,0.0,0.0,0.0,0.0,1.0
264.0,4.4,注入先导浆,0.0,0.0,0.0,0.0,0.0,0.0,0.0,0.0,0.0,0.0,0.0,0.0,0.0,1.0
268.0,4.466666666666667,注入先导浆,0.0,0.0,0.0,0.0,0.0,0.0,0.0,0.0,0.0,0.0,0.0,0.0,0.0,1.0
272.0,4.533333333333333,注入先导浆,0.0,0.0,0.0,0.0,0.0,0.0,0.0,0.0,0.0,0.0,0.0,0.0,0.0,1.0
276.0,4.6,注入先导浆,0.0,0.0,0.0,0.0,0.0,0.0,0.0,0.0,0.0,0.0,0.0,0.0,0.0,1.0
280.0,4.666666666666667,注入先导浆,0.0,0.0,0.0,0.0,0.0,0.0,0.0,0.0,0.0,0.0,0.0,0.0,0.0,1.0
284.0,4.733333333333333,注入先导浆,0.0,0.0,0.0,0.0,0.0,0.0,0.0,0.0,0.0,0.0,0.0,0.0,0.0,1.0
288.0,4.8,注入先导浆,0.0,0.0,0.0,0.0,0.0,0.0,0.0,0.0,0.0,0.0,0.0,0.0,0.0,1.0
292.0,4.866666666666666,注入先导浆,0.0,0.0,0.0,0.0,0.0,0.0,0.0,0.0,0.0,0.0,0.0,0.0,0.0,1.0
296.0,4.933333333333334,注入先导浆,0.0,0.0,0.0,0.0,0.0,0.0,0.0,0.0,0.0,0.0,0.0,0.0,0.0,1.0
300.0,5.0,注入先导浆,0.0,0.0,0.0,0.0,0.0,0.0,0.0,0.0,0.0,0.0,0.0,0.0,0.0,1.0
304.0,5.066666666666666,注入先导浆,0.0,0.0,0.0,0.0,0.0,0.0,0.0,0.0,0.0,0.0,0.0,0.0,0.0,1.0
308.0,5.133333333333334,注入先导浆,0.0,0.0,0.0,0.0,0.0,0.0,0.0,0.0,0.0,0.0,0.0,0.0,0.0,1.0
312.0,5.2,注入先导浆,0.0,0.0,0.0,0.0,0.0,0.0,0.0,0.0,0.0,0.0,0.0,0.0,0.0,1.0
316.0,5.266666666666667,注入先导浆,0.0,0.0,0.0,0.0,0.0,0.0,0.0,0.0,0.0,0.0,0.0,0.0,0.0,1.0
320.0,5.333333333333333,注入先导浆,0.0,0.0,0.0,0.0,0.0,0.0,0.0,0.0,0.0,0.0,0.0,0.0,0.0,1.0
324.0,5.4,注入先导浆,0.0,0.0,0.0,0.0,0.0,0.0,0.0,0.0,0.0,0.0,0.0,0.0,0.0,1.0
328.0,5.466666666666667,注入先导浆,0.0,0.0,0.0,0.0,0.0,0.0,0.0,0.0,0.0,0.0,0.0,0.0,0.0,1.0
332.0,5.533333333333333,注入先导浆,0.0,0.0,0.0,0.0,0.0,0.0,0.0,0.0,0.0,0.0,0.0,0.0,0.0,1.0
336.0,5.6,注入先导浆,0.0,0.0,0.0,0.0,0.0,0.0,0.0,0.0,0.0,0.0,0.0,0.0,0.0,1.0
340.0,5.666666666666667,注入先导浆,0.0,0.0,0.0,0.0,0.0,0.0,0.0,0.0,0.0,0.0,0.0,0.0,0.0,1.0
344.0,5.733333333333333,注入先导浆,0.0,0.0,0.0,0.0,0.0,0.0,0.0,0.0,0.0,0.0,0.0,0.0,0.0,1.0
348.0,5.8,注入先导浆,0.0,0.0,0.0,0.0,0.0,0.0,0.0,0.0,0.0,0.0,0.0,0.0,0.0,1.0
352.0,5.866666666666666,注入先导浆,0.0,0.0,0.0,0.0,0.0,0.0,0.0,0.0,0.0,0.0,0.0,0.0,0.0,1.0
356.0,5.933333333333334,注入先导浆,0.0,0.0,0.0,0.0,0.0,0.0,0.0,0.0,0.0,0.0,0.0,0.0,0.0,1.0
360.0,6.0,注入先导浆,0.0,0.0,0.0,0.0,0.0,0.0,0.0,0.0,0.0,0.0,0.0,0.0,0.0,1.0
364.0,6.066666666666666,注入先导浆,0.0,0.0,0.0,0.0,0.0,0.0,0.0,0.0,0.0,0.0,0.0,0.0,0.0,1.0
368.0,6.133333333333334,注入先导浆,0.0,0.0,0.0,0.0,0.0,0.0,0.0,0.0,0.0,0.0,0.0,0.0,0.0,1.0
372.0,6.2,注入先导浆,0.0,0.0,0.0,0.0,0.0,0.0,0.0,0.0,0.0,0.0,0.0,0.0,0.0,1.0
376.0,6.266666666666667,注入先导浆,0.0,0.0,0.0,0.0,0.0,0.0,0.0,0.0,0.0,0.0,0.0,0.0,0.0,1.0
380.0,6.333333333333333,注入先导浆,0.0,0.0,0.0,0.0,0.0,0.0,0.0,0.0,0.0,0.0,0.0,0.0,0.0,1.0
384.0,6.4,注入先导浆,0.0,0.0,0.0,0.0,0.0,0.0,0.0,0.0,0.0,0.0,0.0,0.0,0.0,1.0
388.0,6.466666666666667,注入先导浆,0.0,0.0,0.0,0.0,0.0,0.0,0.0,0.0,0.0,0.0,0.0,0.0,0.0,1.0
392.0,6.533333333333333,注入先导浆,0.0,0.0,0.0,0.0,0.0,0.0,0.0,0.0,0.0,0.0,0.0,0.0,0.0,1.0
396.0,6.6,注入先导浆,0.0,0.0,0.0,0.0,0.0,0.0,0.0,0.0,0.0,0.0,0.0,0.0,0.0,1.0
400.0,6.666666666666667,注入先导浆,0.0,0.0,0.0,0.0,0.0,0.0,0.0,0.0,0.0,0.0,0.0,0.0,0.0,1.0
404.0,6.733333333333333,注入先导浆,0.0,0.0,0.0,0.0,0.0,0.0,0.0,0.0,0.0,0.0,0.0,0.0,0.0,1.0
408.0,6.8,注入先导浆,0.0,0.0,0.0,0.0,0.0,0.0,0.0,0.0,0.0,0.0,0.0,0.0,0.0,1.0
412.0,6.866666666666666,注入先导浆,0.0,0.0,0.0,0.0,0.0,0.0,0.0,0.0,0.0,0.0,0.0,0.0,0.0,1.0
416.0,6.933333333333334,注入先导浆,0.0,0.0,0.0,0.0,0.0,0.0,0.0,0.0,0.0,0.0,0.0,0.0,0.0,1.0
420.0,7.0,注入先导浆,0.0,0.0,0.0,0.0,0.0,0.0,0.0,0.0,0.0,0.0,0.0,0.0,0.0,1.0
424.0,7.066666666666666,注入先导浆,0.0,0.0,0.0,0.0,0.0,0.0,0.0,0.0,0.0,0.0,0.0,0.0,0.0,1.0
428.0,7.133333333333334,注入先导浆,0.0,0.0,0.0,0.0,0.0,0.0,0.0,0.0,0.0,0.0,0.0,0.0,0.0,1.0
432.0,7.2,注入先导浆,0.0,0.0,0.0,0.0,0.0,0.0,0.0,0.0,0.0,0.0,0.0,0.0,0.0,1.0
436.0,7.266666666666667,注入先导浆,0.0,0.0,0.0,0.0,0.0,0.0,0.0,0.0,0.0,0.0,0.0,0.0,0.0,1.0
440.0,7.333333333333333,注入先导浆,0.0,0.0,0.0,0.0,0.0,0.0,0.0,0.0,0.0,0.0,0.0,0.0,0.0,1.0
444.0,7.4,注入先导浆,0.0,0.0,0.0,0.0,0.0,0.0,0.0,0.0,0.0,0.0,0.0,0.0,0.0,1.0
448.0,7.466666666666667,注入先导浆,0.0,0.0,0.0,0.0,0.0,0.0,0.0,0.0,0.0,0.0,0.0,0.0,0.0,1.0
452.0,7.533333333333333,注入先导浆,0.0,0.0,0.0,0.0,0.0,0.0,0.0,0.0,0.0,0.0,0.0,0.0,0.0,1.0
456.0,7.6,注入先导浆,0.0,0.0,0.0,0.0,0.0,0.0,0.0,0.0,0.0,0.0,0.0,0.0,0.0,1.0
460.0,7.666666666666667,注入先导浆,0.0,0.0,0.0,0.0,0.0,0.0,0.0,0.0,0.0,0.0,0.0,0.0,0.0,1.0
464.0,7.733333333333333,注入先导浆,0.0,0.0,0.0,0.0,0.0,0.0,0.0,0.0,0.0,0.0,0.0,0.0,0.0,1.0
468.0,7.8,注入先导浆,0.0,0.0,0.0,0.0,0.0,0.0,0.0,0.0,0.0,0.0,0.0,0.0,0.0,1.0
472.0,7.866666666666666,注入先导浆,0.0,0.0,0.0,0.0,0.0,0.0,0.0,0.0,0.0,0.0,0.0,0.0,0.0,1.0
476.0,7.933333333333334,注入先导浆,0.0,0.0,0.0,0.0,0.0,0.0,0.0,0.0,0.0,0.0,0.0,0.0,0.0,1.0
480.0,8.0,注入先导浆,0.0,0.0,0.0,0.0,0.0,0.0,0.0,0.0,0.0,0.0,0.0,0.0,0.0,1.0
484.0,8.066666666666666,注入先导浆,0.0,0.0,0.0,0.0,0.0,0.0,0.0,0.0,0.0,0.0,0.0,0.0,0.0,1.0
488.0,8.133333333333333,注入先导浆,0.0,0.0,0.0,0.0,0.0,0.0,0.0,0.0,0.0,0.0,0.0,0.0,0.0,1.0
492.0,8.2,注入先导浆,0.0,0.0,0.0,0.0,0.0,0.0,0.0,0.0,0.0,0.0,0.0,0.0,0.0,1.0
496.0,8.266666666666667,注入先导浆,0.0,0.0,0.0,0.0,0.0,0.0,0.0,0.0,0.0,0.0,0.0,0.0,0.0,1.0
500.0,8.333333333333334,注入先导浆,0.0,0.0,0.0,0.0,0.0,0.0,0.0,0.0,0.0,0.0,0.0,0.0,0.0,1.0
504.0,8.4,注入先导浆,0.0,0.0,0.0,0.0,0.0,0.0,0.0,0.0,0.0,0.0,0.0,0.0,0.0,1.0
508.0,8.466666666666667,注入先导浆,0.0,0.0,0.0,0.0,0.0,0.0,0.0,0.0,0.0,0.0,0.0,0.0,0.0,1.0
512.0,8.533333333333333,注入先导浆,0.0,0.0,0.0,0.0,0.0,0.0,0.0,0.0,0.0,0.0,0.0,0.0,0.0,1.0
516.0,8.6,注入先导浆,0.0,0.0,0.0,0.0,0.0,0.0,0.0,0.0,0.0,0.0,0.0,0.0,0.0,1.0
520.0,8.666666666666666,注入先导浆,0.0,0.0,0.0,0.0,0.0,0.0,0.0,0.0,0.0,0.0,0.0,0.0,0.0,1.0
524.0,8.733333333333333,注入先导浆,0.0,0.0,0.0,0.0,0.0,0.0,0.0,0.0,0.0,0.0,0.0,0.0,0.0,1.0
528.0,8.8,注入先导浆,0.0,0.0,0.0,0.0,0.0,0.0,0.0,0.0,0.0,0.0,0.0,0.0,0.0,1.0
532.0,8.866666666666667,注入先导浆,0.0,0.0,0.0,0.0,0.0,0.0,0.0,0.0,0.0,0.0,0.0,0.0,0.0,1.0
536.0,8.933333333333334,注入先导浆,0.0,0.0,0.0,0.0,0.0,0.0,0.0,0.0,0.0,0.0,0.0,0.0,0.0,1.0
540.0,9.0,注入先导浆,0.0,0.0,0.0,0.0,0.0,0.0,0.0,0.0,0.0,0.0,0.0,0.0,0.0,1.0
544.0,9.066666666666666,注入先导浆,0.0,0.0,0.0,0.0,0.0,0.0,0.0,0.0,0.0,0.0,0.0,0.0,0.0,1.0
548.0,9.133333333333333,注入先导浆,0.0,0.0,0.0,0.0,0.0,0.0,0.0,0.0,0.0,0.0,0.0,0.0,0.0,1.0
552.0,9.2,注入先导浆,0.0,0.0,0.0,0.0,0.0,0.0,0.0,0.0,0.0,0.0,0.0,0.0,0.0,1.0
556.0,9.266666666666667,注入先导浆,0.0,0.0,0.0,0.0,0.0,0.0,0.0,0.0,0.0,0.0,0.0,0.0,0.0,1.0
560.0,9.333333333333334,注入先导浆,0.0,0.0,0.0,0.0,0.0,0.0,0.0,0.0,0.0,0.0,0.0,0.0,0.0,1.0
564.0,9.4,注入先导浆,0.0,0.0,0.0,0.0,0.0,0.0,0.0,0.0,0.0,0.0,0.0,0.0,0.0,1.0
568.0,9.466666666666667,注入先导浆,0.0,0.0,0.0,0.0,0.0,0.0,0.0,0.0,0.0,0.0,0.0,0.0,0.0,1.0
572.0,9.533333333333333,注入先导浆,0.0,0.0,0.0,0.0,0.0,0.0,0.0,0.0,0.0,0.0,0.0,0.0,0.0,1.0
576.0,9.6,注入先导浆,0.0,0.0,0.0,0.0,0.0,0.0,0.0,0.0,0.0,0.0,0.0,0.0,0.0,1.0
580.0,9.666666666666666,注入先导浆,0.0,0.0,0.0,0.0,0.0,0.0,0.0,0.0,0.0,0.0,0.0,0.0,0.0,1.0
584.0,9.733333333333333,注入先导浆,0.0,0.0,0.0,0.0,0.0,0.0,0.0,0.0,0.0,0.0,0.0,0.0,0.0,1.0
588.0,9.8,注入先导浆,0.0,0.0,0.0,0.0,0.0,0.0,0.0,0.0,0.0,0.0,0.0,0.0,0.0,1.0
592.0,9.866666666666667,注入先导浆,0.0,0.0,0.0,0.0,0.0,0.0,0.0,0.0,0.0,0.0,0.0,0.0,0.0,1.0
596.0,9.933333333333334,注入先导浆,0.0,0.0,0.0,0.0,0.0,0.0,0.0,0.0,0.0,0.0,0.0,0.0,0.0,1.0
600.0,10.0,注入先导浆,0.0,0.0,0.0,0.0,0.0,0.0,0.0,0.0,0.0,0.0,0.0,0.0,0.0,1.0
604.0,10.066666666666666,注入先导浆,0.0,0.0,0.0,0.0,0.0,0.0,0.0,0.0,0.0,0.0,0.0,0.0,0.0,1.0
608.0,10.133333333333333,注入先导浆,0.0,0.0,0.0,0.0,0.0,0.0,0.0,0.0,0.0,0.0,0.0,0.0,0.0,1.0
612.0,10.2,注入先导浆,0.0,0.0,0.0,0.0,0.0,0.0,0.0,0.0,0.0,0.0,0.0,0.0,0.0,1.0
616.0,10.266666666666667,注入先导浆,0.0,0.0,0.0,0.0,0.0,0.0,0.0,0.0,0.0,0.0,0.0,0.0,0.0,1.0
620.0,10.333333333333334,注入先导浆,0.0,0.0,0.0,0.0,0.0,0.0,0.0,0.0,0.0,0.0,0.0,0.0,0.0,1.0
624.0,10.4,注入先导浆,0.0,0.0,0.0,0.0,0.0,0.0,0.0,0.0,0.0,0.0,0.0,0.0,0.0,1.0
628.0,10.466666666666667,注入先导浆,0.0,0.0,0.0,0.0,0.0,0.0,0.0,0.0,0.0,0.0,0.0,0.0,0.0,1.0
632.0,10.533333333333333,注入先导浆,0.0,0.0,0.0,0.0,0.0,0.0,0.0,0.0,0.0,0.0,0.0,0.0,0.0,1.0
636.0,10.6,注入先导浆,0.0,0.0,0.0,0.0,0.0,0.0,0.0,0.0,0.0,0.0,0.0,0.0,0.0,1.0
640.0,10.666666666666666,注入先导浆,0.0,0.0,0.0,0.0,0.0,0.0,0.0,0.0,0.0,0.0,0.0,0.0,0.0,1.0
644.0,10.733333333333333,注入先导浆,0.0,0.0,0.0,0.0,0.0,0.0,0.0,0.0,0.0,0.0,0.0,0.0,0.0,1.0
648.0,10.8,注入先导浆,0.0,0.0,0.0,0.0,0.0,0.0,0.0,0.0,0.0,0.0,0.0,0.0,0.0,1.0
652.0,10.866666666666667,注入先导浆,0.0,0.0,0.0,0.0,0.0,0.0,0.0,0.0,0.0,0.0,0.0,0.0,0.0,1.0
656.0,10.933333333333334,注入先导浆,0.0,0.0,0.0,0.0,0.0,0.0,0.0,0.0,0.0,0.0,0.0,0.0,0.0,1.0
660.0,11.0,注入先导浆,0.0,0.0,0.0,0.0,0.0,0.0,0.0,0.0,0.0,0.0,0.0,0.0,0.0,1.0
664.0,11.066666666666666,注入先导浆,0.0,0.0,0.0,0.0,0.0,0.0,0.0,0.0,0.0,0.0,0.0,0.0,0.0,1.0
668.0,11.133333333333333,注入先导浆,0.0,0.0,0.0,0.0,0.0,0.0,0.0,0.0,0.0,0.0,0.0,0.0,0.0,1.0
672.0,11.2,注入先导浆,0.0,0.0,0.0,0.0,0.0,0.0,0.0,0.0,0.0,0.0,0.0,0.0,0.0,1.0
676.0,11.266666666666667,注入先导浆,0.0,0.0,0.0,0.0,0.0,0.0,0.0,0.0,0.0,0.0,0.0,0.0,0.0,1.0
680.0,11.333333333333334,注入先导浆,0.0,0.0,0.0,0.0,0.0,0.0,0.0,0.0,0.0,0.0,0.0,0.0,0.0,1.0
684.0,11.4,注入先导浆,0.0,0.0,0.0,0.0,0.0,0.0,0.0,0.0,0.0,0.0,0.0,0.0,0.0,1.0
688.0,11.466666666666667,注入先导浆,0.0,0.0,0.0,0.0,0.0,0.0,0.0,0.0,0.0,0.0,0.0,0.0,0.0,1.0
692.0,11.533333333333333,注入先导浆,0.0,0.0,0.0,0.0,0.0,0.0,0.0,0.0,0.0,0.0,0.0,0.0,0.0,1.0
696.0,11.6,注入先导浆,0.0,0.0,0.0,0.0,0.0,0.0,0.0,0.0,0.0,0.0,0.0,0.0,0.0,1.0
700.0,11.666666666666666,注入先导浆,0.0,0.0,0.0,0.0,0.0,0.0,0.0,0.0,0.0,0.0,0.0,0.0,0.0,1.0
704.0,11.733333333333333,注入先导浆,0.0,0.0,0.0,0.0,0.0,0.0,0.0,0.0,0.0,0.0,0.0,0.0,0.0,1.0
708.0,11.8,注入先导浆,0.0,0.0,0.0,0.0,0.0,0.0,0.0,0.0,0.0,0.0,0.0,0.0,0.0,1.0
712.0,11.866666666666667,注入先导浆,0.0,0.0,0.0,0.0,0.0,0.0,0.0,0.0,0.0,0.0,0.0,0.0,0.0,1.0
716.0,11.933333333333334,注入先导浆,0.0,0.0,0.0,0.0,0.0,0.0,0.0,0.0,0.0,0.0,0.0,0.0,0.0,1.0
720.0,12.0,注入先导浆,0.0,0.0,0.0,0.0,0.0,0.0,0.0,0.0,0.0,0.0,0.0,0.0,0.0,1.0
724.0,12.066666666666666,注入先导浆,0.0,0.0,0.0,0.0,0.0,0.0,0.0,0.0,0.0,0.0,0.0,0.0,0.0,1.0
728.0,12.133333333333333,注入先导浆,0.0,0.0,0.0,0.0,0.0,0.0,0.0,0.0,0.0,0.0,0.0,0.0,0.0,1.0
732.0,12.2,注入先导浆,0.0,0.0,0.0,0.0,0.0,0.0,0.0,0.0,0.0,0.0,0.0,0.0,0.0,1.0
736.0,12.266666666666667,注入先导浆,0.0,0.0,0.0,0.0,0.0,0.0,0.0,0.0,0.0,0.0,0.0,0.0,0.0,1.0
740.0,12.333333333333334,注入先导浆,0.0,0.0,0.0,0.0,0.0,0.0,0.0,0.0,0.0,0.0,0.0,0.0,0.0,1.0
744.0,12.4,注入先导浆,0.0,0.0,0.0,0.0,0.0,0.0,0.0,0.0,0.0,0.0,0.0,0.0,0.0,1.0
748.0,12.466666666666667,注入先导浆,0.0,0.0,0.0,0.0,0.0,0.0,0.0,0.0,0.0,0.0,0.0,0.0,0.0,1.0
752.0,12.533333333333333,注入先导浆,0.0,0.0,0.0,0.0,0.0,0.0,0.0,0.0,0.0,0.0,0.0,0.0,0.0,1.0
756.0,12.6,注入先导浆,0.0,0.0,0.0,0.0,0.0,0.0,0.0,0.0,0.0,0.0,0.0,0.0,0.0,1.0
760.0,12.666666666666666,注入先导浆,0.0,0.0,0.0,0.0,0.0,0.0,0.0,0.0,0.0,0.0,0.0,0.0,0.0,1.0
764.0,12.733333333333333,注入先导浆,0.0,0.0,0.0,0.0,0.0,0.0,0.0,0.0,0.0,0.0,0.0,0.0,0.0,1.0
768.0,12.8,注入先导浆,0.0,0.0,0.0,0.0,0.0,0.0,0.0,0.0,0.0,0.0,0.0,0.0,0.0,1.0
772.0,12.866666666666667,注入先导浆,0.0,0.0,0.0,0.0,0.0,0.0,0.0,0.0,0.0,0.0,0.0,0.0,0.0,1.0
776.0,12.933333333333334,注入先导浆,0.0,0.0,0.0,0.0,0.0,0.0,0.0,0.0,0.0,0.0,0.0,0.0,0.0,1.0
780.0,13.0,注入先导浆,0.0,0.0,0.0,0.0,0.0,0.0,0.0,0.0,0.0,0.0,0.0,0.0,0.0,1.0
784.0,13.066666666666666,注入先导浆,0.0,0.0,0.0,0.0,0.0,0.0,0.0,0.0,0.0,0.0,0.0,0.0,0.0,1.0
788.0,13.133333333333333,注入先导浆,0.0,0.0,0.0,0.0,0.0,0.0,0.0,0.0,0.0,0.0,0.0,0.0,0.0,1.0
792.0,13.2,注入先导浆,0.0,0.0,0.0,0.0,0.0,0.0,0.0,0.0,0.0,0.0,0.0,0.0,0.0,1.0
796.0,13.266666666666667,注入先导浆,0.0,0.0,0.0,0.0,0.0,0.0,0.0,0.0,0.0,0.0,0.0,0.0,0.0,1.0
800.0,13.333333333333334,注入先导浆,0.0,0.0,0.0,0.0,0.0,0.0,0.0,0.0,0.0,0.0,0.0,0.0,0.0,1.0
804.0,13.4,注入先导浆,0.0,0.0,0.0,0.0,0.0,0.0,0.0,0.0,0.0,0.0,0.0,0.0,0.0,1.0
808.0,13.466666666666667,注入先导浆,0.0,0.0,0.0,0.0,0.0,0.0,0.0,0.0,0.0,0.0,0.0,0.0,0.0,1.0
812.0,13.533333333333333,注入先导浆,0.0,0.0,0.0,0.0,0.0,0.0,0.0,0.0,0.0,0.0,0.0,0.0,0.0,1.0
816.0,13.6,注入先导浆,0.0,0.0,0.0,0.0,0.0,0.0,0.0,0.0,0.0,0.0,0.0,0.0,0.0,1.0
820.0,13.666666666666666,注入先导浆,0.0,0.0,0.0,0.0,0.0,0.0,0.0,0.0,0.0,0.0,0.0,0.0,0.0,1.0
824.0,13.733333333333333,注入先导浆,0.0,0.0,0.0,0.0,0.0,0.0,0.0,0.0,0.0,0.0,0.0,0.0,0.0,1.0
828.0,13.8,注入先导浆,0.0,0.0,0.0,0.0,0.0,0.0,0.0,0.0,0.0,0.0,0.0,0.0,0.0,1.0
832.0,13.866666666666667,注入先导浆,0.0,0.0,0.0,0.0,0.0,0.0,0.0,0.0,0.0,0.0,0.0,0.0,0.0,1.0
836.0,13.933333333333334,注入先导浆,0.0,0.0,0.0,0.0,0.0,0.0,0.0,0.0,0.0,0.0,0.0,0.0,0.0,1.0
840.0,14.0,注入先导浆,0.0,0.0,0.0,0.0,0.0,0.0,0.0,0.0,0.0,0.0,0.0,0.0,0.0,1.0
844.0,14.066666666666666,注入先导浆,0.0,0.0,0.0,0.0,0.0,0.0,0.0,0.0,0.0,0.0,0.0,0.0,0.0,1.0
848.0,14.133333333333333,注入先导浆,0.0,0.0,0.0,0.0,0.0,0.0,0.0,0.0,0.0,0.0,0.0,0.0,0.0,1.0
852.0,14.2,注入先导浆,0.0,0.0,0.0,0.0,0.0,0.0,0.0,0.0,0.0,0.0,0.0,0.0,0.0,1.0
856.0,14.266666666666667,注入先导浆,0.0,0.0,0.0,0.0,0.0,0.0,0.0,0.0,0.0,0.0,0.0,0.0,0.0,1.0
860.0,14.333333333333334,注入先导浆,0.0,0.0,0.0,0.0,0.0,0.0,0.0,0.0,0.0,0.0,0.0,0.0,0.0,1.0
864.0,14.4,注入先导浆,0.0,0.0,0.0,0.0,0.0,0.0,0.0,0.0,0.0,0.0,0.0,0.0,0.0,1.0
868.0,14.466666666666667,注入先导浆,0.0,0.0,0.0,0.0,0.0,0.0,0.0,0.0,0.0,0.0,0.0,0.0,0.0,1.0
872.0,14.533333333333333,注入先导浆,0.0,0.0,0.0,0.0,0.0,0.0,0.0,0.0,0.0,0.0,0.0,0.0,0.0,1.0
876.0,14.6,注入先导浆,0.0,0.0,0.0,0.0,0.0,0.0,0.0,0.0,0.0,0.0,0.0,0.0,0.0,1.0
880.0,14.666666666666666,注入先导浆,0.0,0.0,0.0,0.0,0.0,0.0,0.0,0.0,0.0,0.0,0.0,0.0,0.0,1.0
884.0,14.733333333333333,注入先导浆,0.0,0.0,0.0,0.0,0.0,0.0,0.0,0.0,0.0,0.0,0.0,0.0,0.0,1.0
888.0,14.8,注入先导浆,0.0,0.0,0.0,0.0,0.0,0.0,0.0,0.0,0.0,0.0,0.0,0.0,0.0,1.0
892.0,14.866666666666667,注入先导浆,0.0,0.0,0.0,0.0,0.0,0.0,0.0,0.0,0.0,0.0,0.0,0.0,0.0,1.0
896.0,14.933333333333334,注入先导浆,0.0,0.0,0.0,0.0,0.0,0.0,0.0,0.0,0.0,0.0,0.0,0.0,0.0,1.0
900.0,15.0,注入先导浆,0.0,0.0,0.0,0.0,0.0,0.0,0.0,0.0,0.0,0.0,0.0,0.0,0.0,1.0
904.0,15.066666666666666,注入先导浆,0.0,0.0,0.0,0.0,0.0,0.0,0.0,0.0,0.0,0.0,0.0,0.0,0.0,1.0
908.0,15.133333333333333,注入先导浆,0.0,0.0,0.0,0.0,0.0,0.0,0.0,0.0,0.0,0.0,0.0,0.0,0.0,1.0
912.0,15.2,注入先导浆,0.0,0.0,0.0,0.0,0.0,0.0,0.0,0.0,0.0,0.0,0.0,0.0,0.0,1.0
916.0,15.266666666666667,注入先导浆,0.0,0.0,0.0,0.0,0.0,0.0,0.0,0.0,0.0,0.0,0.0,0.0,0.0,1.0
920.0,15.333333333333334,注入先导浆,0.0,0.0,0.0,0.0,0.0,0.0,0.0,0.0,0.0,0.0,0.0,0.0,0.0,1.0
924.0,15.4,注入先导浆,0.0,0.0,0.0,0.0,0.0,0.0,0.0,0.0,0.0,0.0,0.0,0.0,0.0,1.0
928.0,15.466666666666667,注入先导浆,0.0,0.0,0.0,0.0,0.0,0.0,0.0,0.0,0.0,0.0,0.0,0.0,0.0,1.0
932.0,15.533333333333333,注入先导浆,0.0,0.0,0.0,0.0,0.0,0.0,0.0,0.0,0.0,0.0,0.0,0.0,0.0,1.0
936.0,15.6,注入先导浆,0.0,0.0,0.0,0.0,0.0,0.0,0.0,0.0,0.0,0.0,0.0,0.0,0.0,1.0
940.0,15.666666666666666,注入先导浆,0.0,0.0,0.0,0.0,0.0,0.0,0.0,0.0,0.0,0.0,0.0,0.0,0.0,1.0
944.0,15.733333333333333,注入先导浆,0.0,0.0,0.0,0.0,0.0,0.0,0.0,0.0,0.0,0.0,0.0,0.0,0.0,1.0
948.0,15.8,注入先导浆,0.0,0.0,0.0,0.0,0.0,0.0,0.0,0.0,0.0,0.0,0.0,0.0,0.0,1.0
952.0,15.866666666666667,注入先导浆,0.0,0.0,0.0,0.0,0.0,0.0,0.0,0.0,0.0,0.0,0.0,0.0,0.0,1.0
956.0,15.933333333333334,注入先导浆,0.0,0.0,0.0,0.0,0.0,0.0,0.0,0.0,0.0,0.0,0.0,0.0,0.0,1.0
960.0,16.0,注入先导浆,0.0,0.0,0.0,0.0,0.0,0.0,0.0,0.0,0.0,0.0,0.0,0.0,0.0,1.0
964.0,16.066666666666666,注入先导浆,0.0,0.0,0.0,0.0,0.0,0.0,0.0,0.0,0.0,0.0,0.0,0.0,0.0,1.0
968.0,16.133333333333333,注入先导浆,0.0,0.0,0.0,0.0,0.0,0.0,0.0,0.0,0.0,0.0,0.0,0.0,0.0,1.0
972.0,16.2,注入先导浆,0.0,0.0,0.0,0.0,0.0,0.0,0.0,0.0,0.0,0.0,0.0,0.0,0.0,1.0
976.0,16.266666666666666,注入先导浆,0.0,0.0,0.0,0.0,0.0,0.0,0.0,0.0,0.0,0.0,0.0,0.0,0.0,1.0
980.0,16.333333333333332,注入先导浆,0.0,0.0,0.0,0.0,0.0,0.0,0.0,0.0,0.0,0.0,0.0,0.0,0.0,1.0
984.0,16.4,注入先导浆,0.0,0.0,0.0,0.0,0.0,0.0,0.0,0.0,0.0,0.0,0.0,0.0,0.0,1.0
988.0,16.466666666666665,注入先导浆,0.0,0.0,0.0,0.0,0.0,0.0,0.0,0.0,0.0,0.0,0.0,0.0,0.0,1.0
992.0,16.533333333333335,注入先导浆,0.0,0.0,0.0,0.0,0.0,0.0,0.0,0.0,0.0,0.0,0.0,0.0,0.0,1.0
996.0,16.6,注入先导浆,0.0,0.0,0.0,0.0,0.0,0.0,0.0,0.0,0.0,0.0,0.0,0.0,0.0,1.0
1000.0,16.666666666666668,注入先导浆,0.0,0.0,0.0,0.0,0.0,0.0,0.0,0.0,0.0,0.0,0.0,0.0,0.0,1.0
1004.0,16.733333333333334,注入先导浆,0.0,0.0,0.0,0.0,0.0,0.0,0.0,0.0,0.0,0.0,0.0,0.0,0.0,1.0
1008.0,16.8,注入先导浆,0.0,0.0,0.0,0.0,0.0,0.0,0.0,0.0,0.0,0.0,0.0,0.0,0.0,1.0
1012.0,16.866666666666667,注入先导浆,0.0,0.0,0.0,0.0,0.0,0.0,0.0,0.0,0.0,0.0,0.0,0.0,0.0,1.0
1016.0,16.933333333333334,注入先导浆,0.0,0.0,0.0,0.0,0.0,0.0,0.0,0.0,0.0,0.0,0.0,0.0,0.0,1.0
1020.0,17.0,注入先导浆,0.0,0.0,0.0,0.0,0.0,0.0,0.0,0.0,0.0,0.0,0.0,0.0,0.0,1.0
1024.0,17.066666666666666,注入先导浆,0.0,0.0,0.0,0.0,0.0,0.0,0.0,0.0,0.0,0.0,0.0,0.0,0.0,1.0
1028.0,17.133333333333333,注入先导浆,0.0,0.0,0.0,0.0,0.0,0.0,0.0,0.0,0.0,0.0,0.0,0.0,0.0,1.0
1032.0,17.2,注入先导浆,0.0,0.0,0.0,0.0,0.0,0.0,0.0,0.0,0.0,0.0,0.0,0.0,0.0,1.0
1036.0,17.266666666666666,注入先导浆,0.0,0.0,0.0,0.0,0.0,0.0,0.0,0.0,0.0,0.0,0.0,0.0,0.0,1.0
1040.0,17.333333333333332,注入先导浆,0.0,0.0,0.0,0.0,0.0,0.0,0.0,0.0,0.0,0.0,0.0,0.0,0.0,1.0
1044.0,17.4,注入先导浆,0.0,0.0,0.0,0.0,0.0,0.0,0.0,0.0,0.0,0.0,0.0,0.0,0.0,1.0
1048.0,17.466666666666665,注入先导浆,0.0,0.0,0.0,0.0,0.0,0.0,0.0,0.0,0.0,0.0,0.0,0.0,0.0,1.0
1052.0,17.533333333333335,注入先导浆,0.0,0.0,0.0,0.0,0.0,0.0,0.0,0.0,0.0,0.0,0.0,0.0,0.0,1.0
1056.0,17.6,注入先导浆,0.0,0.0,0.0,0.0,0.0,0.0,0.0,0.0,0.0,0.0,0.0,0.0,0.0,1.0
1060.0,17.666666666666668,注入先导浆,0.0,0.0,0.0,0.0,0.0,0.0,0.0,0.0,0.0,0.0,0.0,0.0,0.0,1.0
1064.0,17.733333333333334,注入先导浆,0.0,0.0,0.0,0.0,0.0,0.0,0.0,0.0,0.0,0.0,0.0,0.0,0.0,1.0
1068.0,17.8,注入先导浆,0.0,0.0,0.0,0.0,0.0,0.0,0.0,0.0,0.0,0.0,0.0,0.0,0.0,1.0
1072.0,17.866666666666667,注入先导浆,0.0,0.0,0.0,0.0,0.0,0.0,0.0,0.0,0.0,0.0,0.0,0.0,0.0,1.0
1076.0,17.933333333333334,注入先导浆,0.0,0.0,0.0,0.0,0.0,0.0,0.0,0.0,0.0,0.0,0.0,0.0,0.0,1.0
1080.0,18.0,注入先导浆,0.0,0.0,0.0,0.0,0.0,0.0,0.0,0.0,0.0,0.0,0.0,0.0,0.0,1.0
1084.0,18.066666666666666,注入先导浆,0.0,0.0,0.0,0.0,0.0,0.0,0.0,0.0,0.0,0.0,0.0,0.0,0.0,1.0
1088.0,18.133333333333333,注入先导浆,0.0,0.0,0.0,0.0,0.0,0.0,0.0,0.0,0.0,0.0,0.0,0.0,0.0,1.0
1092.0,18.2,注入先导浆,0.0,0.0,0.0,0.0,0.0,0.0,0.0,0.0,0.0,0.0,0.0,0.0,0.0,1.0
1096.0,18.266666666666666,注入先导浆,0.0,0.0,0.0,0.0,0.0,0.0,0.0,0.0,0.0,0.0,0.0,0.0,0.0,1.0
1100.0,18.333333333333332,注入先导浆,0.0,0.0,0.0,0.0,0.0,0.0,0.0,0.0,0.0,0.0,0.0,0.0,0.0,1.0
1104.0,18.4,注入先导浆,0.0,0.0,0.0,0.0,0.0,0.0,0.0,0.0,0.0,0.0,0.0,0.0,0.0,1.0
1108.0,18.466666666666665,注入先导浆,0.0,0.0,0.0,0.0,0.0,0.0,0.0,0.0,0.0,0.0,0.0,0.0,0.0,1.0
1112.0,18.533333333333335,注入先导浆,0.0,0.0,0.0,0.0,0.0,0.0,0.0,0.0,0.0,0.0,0.0,0.0,0.0,1.0
1116.0,18.6,注入先导浆,0.0,0.0,0.0,0.0,0.0,0.0,0.0,0.0,0.0,0.0,0.0,0.0,0.0,1.0
1120.0,18.666666666666668,注入先导浆,0.0,0.0,0.0,0.0,0.0,0.0,0.0,0.0,0.0,0.0,0.0,0.0,0.0,1.0
1124.0,18.733333333333334,注入先导浆,0.0,0.0,0.0,0.0,0.0,0.0,0.0,0.0,0.0,0.0,0.0,0.0,0.0,1.0
1128.0,18.8,注入先导浆,0.0,0.0,0.0,0.0,0.0,0.0,0.0,0.0,0.0,0.0,0.0,0.0,0.0,1.0
1132.0,18.866666666666667,注入先导浆,0.0,0.0,0.0,0.0,0.0,0.0,0.0,0.0,0.0,0.0,0.0,0.0,0.0,1.0
1136.0,18.933333333333334,注入先导浆,0.0,0.0,0.0,0.0,0.0,0.0,0.0,0.0,0.0,0.0,0.0,0.0,0.0,1.0
1140.0,19.0,注入先导浆,0.0,0.0,0.0,0.0,0.0,0.0,0.0,0.0,0.0,0.0,0.0,0.0,0.0,1.0
1144.0,19.066666666666666,注入先导浆,0.0,0.0,0.0,0.0,0.0,0.0,0.0,0.0,0.0,0.0,0.0,0.0,0.0,1.0
1148.0,19.133333333333333,注入先导浆,0.0,0.0,0.0,0.0,0.0,0.0,0.0,0.0,0.0,0.0,0.0,0.0,0.0,1.0
1152.0,19.2,注入先导浆,0.0,0.0,0.0,0.0,0.0,0.0,0.0,0.0,0.0,0.0,0.0,0.0,0.0,1.0
1156.0,19.266666666666666,注入先导浆,0.0,0.0,0.0,0.0,0.0,0.0,0.0,0.0,0.0,0.0,0.0,0.0,0.0,1.0
1160.0,19.333333333333332,注入先导浆,0.0,0.0,0.0,0.0,0.0,0.0,0.0,0.0,0.0,0.0,0.0,0.0,0.0,1.0
1164.0,19.4,注入先导浆,0.0,0.0,0.0,0.0,0.0,0.0,0.0,0.0,0.0,0.0,0.0,0.0,0.0,1.0
1168.0,19.466666666666665,注入先导浆,0.0,0.0,0.0,0.0,0.0,0.0,0.0,0.0,0.0,0.0,0.0,0.0,0.0,1.0
1172.0,19.533333333333335,注入先导浆,0.0,0.0,0.0,0.0,0.0,0.0,0.0,0.0,0.0,0.0,0.0,0.0,0.0,1.0
1176.0,19.6,注入先导浆,0.0,0.0,0.0,0.0,0.0,0.0,0.0,0.0,0.0,0.0,0.0,0.0,0.0,1.0
1180.0,19.666666666666668,注入先导浆,0.0,0.0,0.0,0.0,0.0,0.0,0.0,0.0,0.0,0.0,0.0,0.0,0.0,1.0
1184.0,19.733333333333334,注入先导浆,0.0,0.0,0.0,0.0,0.0,0.0,0.0,0.0,0.0,0.0,0.0,0.0,0.0,1.0
1188.0,19.8,注入先导浆,0.0,0.0,0.0,0.0,0.0,0.0,0.0,0.0,0.0,0.0,0.0,0.0,0.0,1.0
1192.0,19.866666666666667,注入先导浆,0.0,0.0,0.0,0.0,0.0,0.0,0.0,0.0,0.0,0.0,0.0,0.0,0.0,1.0
1196.0,19.933333333333334,注入先导浆,0.0,0.0,0.0,0.0,0.0,0.0,0.0,0.0,0.0,0.0,0.0,0.0,0.0,1.0
1200.0,20.0,注入先导浆,0.0,0.0,0.0,0.0,0.0,0.0,0.0,0.0,0.0,0.0,0.0,0.0,0.0,1.0
1204.0,20.066666666666666,注入先导浆,0.0,0.0,0.0,0.0,0.0,0.0,0.0,0.0,0.0,0.0,0.0,0.0,0.0,1.0
1208.0,20.133333333333333,注入先导浆,0.0,0.0,0.0,0.0,0.0,0.0,0.0,0.0,0.0,0.0,0.0,0.0,0.0,1.0
1212.0,20.2,注入先导浆,0.0,0.0,0.0,0.0,0.0,0.0,0.0,0.0,0.0,0.0,0.0,0.0,0.0,1.0
1216.0,20.266666666666666,注入先导浆,0.0,0.0,0.0,0.0,0.0,0.0,0.0,0.0,0.0,0.0,0.0,0.0,0.0,1.0
1220.0,20.333333333333332,注入先导浆,0.0,0.0,0.0,0.0,0.0,0.0,0.0,0.0,0.0,0.0,0.0,0.0,0.0,1.0
1224.0,20.4,注入先导浆,0.0,0.0,0.0,0.0,0.0,0.0,0.0,0.0,0.0,0.0,0.0,0.0,0.0,1.0
1228.0,20.466666666666665,注入先导浆,0.0,0.0,0.0,0.0,0.0,0.0,0.0,0.0,0.0,0.0,0.0,0.0,0.0,1.0
1232.0,20.533333333333335,注入先导浆,0.0,0.0,0.0,0.0,0.0,0.0,0.0,0.0,0.0,0.0,0.0,0.0,0.0,1.0
1236.0,20.6,注入先导浆,0.0,0.0,0.0,0.0,0.0,0.0,0.0,0.0,0.0,0.0,0.0,0.0,0.0,1.0
1240.0,20.666666666666668,注入先导浆,0.0,0.0,0.0,0.0,0.0,0.0,0.0,0.0,0.0,0.0,0.0,0.0,0.0,1.0
1244.0,20.733333333333334,注入先导浆,0.0,0.0,0.0,0.0,0.0,0.0,0.0,0.0,0.0,0.0,0.0,0.0,0.0,1.0
1248.0,20.8,注入先导浆,0.0,0.0,0.0,0.0,0.0,0.0,0.0,0.0,0.0,0.0,0.0,0.0,0.0,1.0
1252.0,20.866666666666667,注入先导浆,0.0,0.0,0.0,0.0,0.0,0.0,0.0,0.0,0.0,0.0,0.0,0.0,0.0,1.0
1256.0,20.933333333333334,注入先导浆,0.0,0.0,0.0,0.0,0.0,0.0,0.0,0.0,0.0,0.0,0.0,0.0,0.0,1.0
1260.0,21.0,注入先导浆,0.0,0.0,0.0,0.0,0.0,0.0,0.0,0.0,0.0,0.0,0.0,0.0,0.0,1.0
1264.0,21.066666666666666,注入先导浆,0.0,0.0,0.0,0.0,0.0,0.0,0.0,0.0,0.0,0.0,0.0,0.0,0.0,1.0
1268.0,21.133333333333333,注入先导浆,0.0,0.0,0.0,0.0,0.0,0.0,0.0,0.0,0.0,0.0,0.0,0.0,0.0,1.0
1272.0,21.2,注入先导浆,0.0,0.0,0.0,0.0,0.0,0.0,0.0,0.0,0.0,0.0,0.0,0.0,0.0,1.0
1276.0,21.266666666666666,注入先导浆,0.0,0.0,0.0,0.0,0.0,0.0,0.0,0.0,0.0,0.0,0.0,0.0,0.0,1.0
1280.0,21.333333333333332,注入先导浆,0.0,0.0,0.0,0.0,0.0,0.0,0.0,0.0,0.0,0.0,0.0,0.0,0.0,1.0
1284.0,21.4,注入先导浆,0.0,0.0,0.0,0.0,0.0,0.0,0.0,0.0,0.0,0.0,0.0,0.0,0.0,1.0
1288.0,21.466666666666665,注入先导浆,0.0,0.0,0.0,0.0,0.0,0.0,0.0,0.0,0.0,0.0,0.0,0.0,0.0,1.0
1292.0,21.533333333333335,注入先导浆,0.0,0.0,0.0,0.0,0.0,0.0,0.0,0.0,0.0,0.0,0.0,0.0,0.0,1.0
1296.0,21.6,注入先导浆,0.0,0.0,0.0,0.0,0.0,0.0,0.0,0.0,0.0,0.0,0.0,0.0,0.0,1.0
1300.0,21.666666666666668,注入先导浆,0.0,0.0,0.0,0.0,0.0,0.0,0.0,0.0,0.0,0.0,0.0,0.0,0.0,1.0
1304.0,21.733333333333334,注入先导浆,0.0,0.0,0.0,0.0,0.0,0.0,0.0,0.0,0.0,0.0,0.0,0.0,0.0,1.0
1308.0,21.8,注入先导浆,0.0,0.0,0.0,0.0,0.0,0.0,0.0,0.0,0.0,0.0,0.0,0.0,0.0,1.0
1312.0,21.866666666666667,注入先导浆,0.0,0.0,0.0,0.0,0.0,0.0,0.0,0.0,0.0,0.0,0.0,0.0,0.0,1.0
1316.0,21.933333333333334,注入先导浆,0.0,0.0,0.0,0.0,0.0,0.0,0.0,0.0,0.0,0.0,0.0,0.0,0.0,1.0
1320.0,22.0,注入先导浆,0.0,0.0,0.0,0.0,0.0,0.0,0.0,0.0,0.0,0.0,0.0,0.0,0.0,1.0
1324.0,22.066666666666666,注入先导浆,0.0,0.0,0.0,0.0,0.0,0.0,0.0,0.0,0.0,0.0,0.0,0.0,0.0,1.0
1328.0,22.133333333333333,注入先导浆,0.0,0.0,0.0,0.0,0.0,0.0,0.0,0.0,0.0,0.0,0.0,0.0,0.0,1.0
1332.0,22.2,注入先导浆,0.0,0.0,0.0,0.0,0.0,0.0,0.0,0.0,0.0,0.0,0.0,0.0,0.0,1.0
1336.0,22.266666666666666,注入先导浆,0.0,0.0,0.0,0.0,0.0,0.0,0.0,0.0,0.0,0.0,0.0,0.0,0.0,1.0
1340.0,22.333333333333332,注入先导浆,0.0,0.0,0.0,0.0,0.0,0.0,0.0,0.0,0.0,0.0,0.0,0.0,0.0,1.0
1344.0,22.4,注入先导浆,0.0,0.0,0.0,0.0,0.0,0.0,0.0,0.0,0.0,0.0,0.0,0.0,0.0,1.0
1348.0,22.466666666666665,注入先导浆,0.0,0.0,0.0,0.0,0.0,0.0,0.0,0.0,0.0,0.0,0.0,0.0,0.0,1.0
1352.0,22.533333333333335,注入先导浆,0.0,0.0,0.0,0.0,0.0,0.0,0.0,0.0,0.0,0.0,0.0,0.0,0.0,1.0
1356.0,22.6,注入先导浆,0.0,0.0,0.0,0.0,0.0,0.0,0.0,0.0,0.0,0.0,0.0,0.0,0.0,1.0
1360.0,22.666666666666668,注入先导浆,0.0,0.0,0.0,0.0,0.0,0.0,0.0,0.0,0.0,0.0,0.0,0.0,0.0,1.0
1364.0,22.733333333333334,注入先导浆,0.0,0.0,0.0,0.0,0.0,0.0,0.0,0.0,0.0,0.0,0.0,0.0,0.0,1.0
1368.0,22.8,注入先导浆,0.0,0.0,0.0,0.0,0.0,0.0,0.0,0.0,0.0,0.0,0.0,0.0,0.0,1.0
1372.0,22.866666666666667,注入先导浆,0.0,0.0,0.0,0.0,0.0,0.0,0.0,0.0,0.0,0.0,0.0,0.0,0.0,1.0
1376.0,22.933333333333334,注入先导浆,0.0,0.0,0.0,0.0,0.0,0.0,0.0,0.0,0.0,0.0,0.0,0.0,0.0,1.0
1380.0,23.0,注入先导浆,0.0,0.0,0.0,0.0,0.0,0.0,0.0,0.0,0.0,0.0,0.0,0.0,0.0,1.0
1384.0,23.066666666666666,注入先导浆,0.0,0.0,0.0,0.0,0.0,0.0,0.0,0.0,0.0,0.0,0.0,0.0,0.0,1.0
1388.0,23.133333333333333,注入先导浆,0.0,0.0,0.0,0.0,0.0,0.0,0.0,0.0,0.0,0.0,0.0,0.0,0.0,1.0
1392.0,23.2,注入先导浆,0.0,0.0,0.0,0.0,0.0,0.0,0.0,0.0,0.0,0.0,0.0,0.0,0.0,1.0
1396.0,23.266666666666666,注入先导浆,0.0,0.0,0.0,0.0,0.0,0.0,0.0,0.0,0.0,0.0,0.0,0.0,0.0,1.0
1400.0,23.333333333333332,注入先导浆,0.0,0.0,0.0,0.0,0.0,0.0,0.0,0.0,0.0,0.0,0.0,0.0,0.0,1.0
1404.0,23.4,注入先导浆,0.0,0.0,0.0,0.0,0.0,0.0,0.0,0.0,0.0,0.0,0.0,0.0,0.0,1.0
1408.0,23.466666666666665,注入先导浆,0.0,0.0,0.0,0.0,0.0,0.0,0.0,0.0,0.0,0.0,0.0,0.0,0.0,1.0
1412.0,23.533333333333335,注入先导浆,0.0,0.0,0.0,0.0,0.0,0.0,0.0,0.0,0.0,0.0,0.0,0.0,0.0,1.0
1416.0,23.6,注入先导浆,0.0,0.0,0.0,0.0,0.0,0.0,0.0,0.0,0.0,0.0,0.0,0.0,0.0,1.0
1420.0,23.666666666666668,注入先导浆,0.0,0.0,0.0,0.0,0.0,0.0,0.0,0.0,0.0,0.0,0.0,0.0,0.0,1.0
1424.0,23.733333333333334,注入先导浆,0.0,0.0,0.0,0.0,0.0,0.0,0.0,0.0,0.0,0.0,0.0,0.0,0.0,1.0
1428.0,23.8,注入先导浆,0.0,0.0,0.0,0.0,0.0,0.0,0.0,0.0,0.0,0.0,0.0,0.0,0.0,1.0
1432.0,23.866666666666667,注入先导浆,0.0,0.0,0.0,0.0,0.0,0.0,0.0,0.0,0.0,0.0,0.0,0.0,0.0,1.0
1436.0,23.933333333333334,注入先导浆,0.0,0.0,0.0,0.0,0.0,0.0,0.0,0.0,0.0,0.0,0.0,0.0,0.0,1.0
1440.0,24.0,注入先导浆,0.0,0.0,0.0,0.0,0.0,0.0,0.0,0.0,0.0,0.0,0.0,0.0,0.0,1.0
1444.0,24.066666666666666,注入先导浆,0.0,0.0,0.0,0.0,0.0,0.0,0.0,0.0,0.0,0.0,0.0,0.0,0.0,1.0
1448.0,24.133333333333333,注入先导浆,0.0,0.0,0.0,0.0,0.0,0.0,0.0,0.0,0.0,0.0,0.0,0.0,0.0,1.0
1452.0,24.2,注入先导浆,0.0,0.0,0.0,0.0,0.0,0.0,0.0,0.0,0.0,0.0,0.0,0.0,0.0,1.0
1456.0,24.266666666666666,注入先导浆,0.0,0.0,0.0,0.0,0.0,0.0,0.0,0.0,0.0,0.0,0.0,0.0,0.0,1.0
1460.0,24.333333333333332,注入先导浆,0.0,0.0,0.0,0.0,0.0,0.0,0.0,0.0,0.0,0.0,0.0,0.0,0.0,1.0
1464.0,24.4,注入先导浆,0.0,0.0,0.0,0.0,0.0,0.0,0.0,0.0,0.0,0.0,0.0,0.0,0.0,1.0
1468.0,24.466666666666665,注入先导浆,0.0,0.0,0.0,0.0,0.0,0.0,0.0,0.0,0.0,0.0,0.0,0.0,0.0,1.0
1472.0,24.533333333333335,注入先导浆,0.0,0.0,0.0,0.0,0.0,0.0,0.0,0.0,0.0,0.0,0.0,0.0,0.0,1.0
1476.0,24.6,注入先导浆,0.0,0.0,0.0,0.0,0.0,0.0,0.0,0.0,0.0,0.0,0.0,0.0,0.0,1.0
1480.0,24.666666666666668,注入先导浆,0.0,0.0,0.0,0.0,0.0,0.0,0.0,0.0,0.0,0.0,0.0,0.0,0.0,1.0
1484.0,24.733333333333334,注入先导浆,0.0,0.0,0.0,0.0,0.0,0.0,0.0,0.0,0.0,0.0,0.0,0.0,0.0,1.0
1488.0,24.8,注入先导浆,0.0,0.0,0.0,0.0,0.0,0.0,0.0,0.0,0.0,0.0,0.0,0.0,0.0,1.0
1492.0,24.866666666666667,注入先导浆,0.0,0.0,0.0,0.0,0.0,0.0,0.0,0.0,0.0,0.0,0.0,0.0,0.0,1.0
1496.0,24.933333333333334,注入先导浆,0.0,0.0,0.0,0.0,0.0,0.0,0.0,0.0,0.0,0.0,0.0,0.0,0.0,1.0
1500.0,25.0,注入先导浆,0.0,0.0,0.0,0.0,0.0,0.0,0.0,0.0,0.0,0.0,0.0,0.0,0.0,1.0
1504.0,25.066666666666666,注入先导浆,0.0,0.0,0.0,0.0,0.0,0.0,0.0,0.0,0.0,0.0,0.0,0.0,0.0,1.0
1508.0,25.133333333333333,注入先导浆,0.0,0.0,0.0,0.0,0.0,0.0,0.0,0.0,0.0,0.0,0.0,0.0,0.0,1.0
1512.0,25.2,注入先导浆,0.0,0.0,0.0,0.0,0.0,0.0,0.0,0.0,0.0,0.0,0.0,0.0,0.0,1.0
1516.0,25.266666666666666,注入先导浆,0.0,0.0,0.0,0.0,0.0,0.0,0.0,0.0,0.0,0.0,0.0,0.0,0.0,1.0
1520.0,25.333333333333332,注入先导浆,0.0,0.0,0.0,0.0,0.0,0.0,0.0,0.0,0.0,0.0,0.0,0.0,0.0,1.0
1524.0,25.4,注入先导浆,0.0,0.0,0.0,0.0,0.0,0.0,0.0,0.0,0.0,0.0,0.0,0.0,0.0,1.0
1528.0,25.466666666666665,注入先导浆,0.0,0.0,0.0,0.0,0.0,0.0,0.0,0.0,0.0,0.0,0.0,0.0,0.0,1.0
1532.0,25.533333333333335,注入先导浆,0.0,0.0,0.0,0.0,0.0,0.0,0.0,0.0,0.0,0.0,0.0,0.0,0.0,1.0
1536.0,25.6,注入先导浆,0.0,0.0,0.0,0.0,0.0,0.0,0.0,0.0,0.0,0.0,0.0,0.0,0.0,1.0
1540.0,25.666666666666668,注入先导浆,0.0,0.0,0.0,0.0,0.0,0.0,0.0,0.0,0.0,0.0,0.0,0.0,0.0,1.0
1544.0,25.733333333333334,注入先导浆,0.0,0.0,0.0,0.0,0.0,0.0,0.0,0.0,0.0,0.0,0.0,0.0,0.0,1.0
1548.0,25.8,注入先导浆,0.0,0.0,0.0,0.0,0.0,0.0,0.0,0.0,0.0,0.0,0.0,0.0,0.0,1.0
1552.0,25.866666666666667,注入先导浆,0.0,0.0,0.0,0.0,0.0,0.0,0.0,0.0,0.0,0.0,0.0,0.0,0.0,1.0
1556.0,25.933333333333334,注入先导浆,0.0,0.0,0.0,0.0,0.0,0.0,0.0,0.0,0.0,0.0,0.0,0.0,0.0,1.0
1560.0,26.0,注入先导浆,0.0,0.0,0.0,0.0,0.0,0.0,0.0,0.0,0.0,0.0,0.0,0.0,0.0,1.0
1564.0,26.066666666666666,注入先导浆,0.0,0.0,0.0,0.0,0.0,0.0,0.0,0.0,0.0,0.0,0.0,0.0,0.0,1.0
1568.0,26.133333333333333,注入先导浆,0.0,0.0,0.0,0.0,0.0,0.0,0.0,0.0,0.0,0.0,0.0,0.0,0.0,1.0
1572.0,26.2,注入先导浆,0.0,0.0,0.0,0.0,0.0,0.0,0.0,0.0,0.0,0.0,0.0,0.0,0.0,1.0
1576.0,26.266666666666666,注入先导浆,0.0,0.0,0.0,0.0,0.0,0.0,0.0,0.0,0.0,0.0,0.0,0.0,0.0,1.0
1580.0,26.333333333333332,注入先导浆,0.0,0.0,0.0,0.0,0.0,0.0,0.0,0.0,0.0,0.0,0.0,0.0,0.0,1.0
1584.0,26.4,注入先导浆,0.0,0.0,0.0,0.0,0.0,0.0,0.0,0.0,0.0,0.0,0.0,0.0,0.0,1.0
1588.0,26.466666666666665,注入先导浆,0.0,0.0,0.0,0.0,0.0,0.0,0.0,0.0,0.0,0.0,0.0,0.0,0.0,1.0
1592.0,26.533333333333335,注入先导浆,0.0,0.0,0.0,0.0,0.0,0.0,0.0,0.0,0.0,0.0,0.0,0.0,0.0,1.0
1596.0,26.6,注入先导浆,0.0,0.0,0.0,0.0,0.0,0.0,0.0,0.0,0.0,0.0,0.0,0.0,0.0,1.0
1600.0,26.666666666666668,注入先导浆,0.0,0.0,0.0,0.0,0.0,0.0,0.0,0.0,0.0,0.0,0.0,0.0,0.0,1.0
1604.0,26.733333333333334,注入先导浆,0.0,0.0,0.0,0.0,0.0,0.0,0.0,0.0,0.0,0.0,0.0,0.0,0.0,1.0
1608.0,26.8,注入先导浆,0.0,0.0,0.0,0.0,0.0,0.0,0.0,0.0,0.0,0.0,0.0,0.0,0.0,1.0
1612.0,26.866666666666667,注入先导浆,0.0,0.0,0.0,0.0,0.0,0.0,0.0,0.0,0.0,0.0,0.0,0.0,0.0,1.0
1616.0,26.933333333333334,注入先导浆,0.0,0.0,0.0,0.0,0.0,0.0,0.0,0.0,0.0,0.0,0.0,0.0,0.0,1.0
1620.0,27.0,注入先导浆,0.0,0.0,0.0,0.0,0.0,0.0,0.0,0.0,0.0,0.0,0.0,0.0,0.0,1.0
1624.0,27.066666666666666,注入先导浆,0.0,0.0,0.0,0.0,0.0,0.0,0.0,0.0,0.0,0.0,0.0,0.0,0.0,1.0
1628.0,27.133333333333333,注入先导浆,0.0,0.0,0.0,0.0,0.0,0.0,0.0,0.0,0.0,0.0,0.0,0.0,0.0,1.0
1632.0,27.2,注入先导浆,0.0,0.0,0.0,0.0,0.0,0.0,0.0,0.0,0.0,0.0,0.0,0.0,0.0,1.0
1636.0,27.266666666666666,注入先导浆,0.0,0.0,0.0,0.0,0.0,0.0,0.0,0.0,0.0,0.0,0.0,0.0,0.0,1.0
1640.0,27.333333333333332,注入先导浆,0.0,0.0,0.0,0.0,0.0,0.0,0.0,0.0,0.0,0.0,0.0,0.0,0.0,1.0
1644.0,27.4,注入先导浆,0.0,0.0,0.0,0.0,0.0,0.0,0.0,0.0,0.0,0.0,0.0,0.0,0.0,1.0
1648.0,27.466666666666665,注入先导浆,0.0,0.0,0.0,0.0,0.0,0.0,0.0,0.0,0.0,0.0,0.0,0.0,0.0,1.0
1652.0,27.533333333333335,注入先导浆,0.0,0.0,0.0,0.0,0.0,0.0,0.0,0.0,0.0,0.0,0.0,0.0,0.0,1.0
1656.0,27.6,注入先导浆,0.0,0.0,0.0,0.0,0.0,0.0,0.0,0.0,0.0,0.0,0.0,0.0,0.0,1.0
1660.0,27.666666666666668,注入先导浆,0.0,0.0,0.0,0.0,0.0,0.0,0.0,0.0,0.0,0.0,0.0,0.0,0.0,1.0
1664.0,27.733333333333334,注入先导浆,0.0,0.0,0.0,0.0,0.0,0.0,0.0,0.0,0.0,0.0,0.0,0.0,0.0,1.0
1668.0,27.8,注入先导浆,0.0,0.0,0.0,0.0,0.0,0.0,0.0,0.0,0.0,0.0,0.0,0.0,0.0,1.0
1672.0,27.866666666666667,注入先导浆,0.0,0.0,0.0,0.0,0.0,0.0,0.0,0.0,0.0,0.0,0.0,0.0,0.0,1.0
1676.0,27.933333333333334,注入先导浆,0.0,0.0,0.0,0.0,0.0,0.0,0.0,0.0,0.0,0.0,0.0,0.0,0.0,1.0
1680.0,28.0,注入先导浆,0.0,0.0,0.0,0.0,0.0,0.0,0.0,0.0,0.0,0.0,0.0,0.0,0.0,1.0
1684.0,28.066666666666666,注入先导浆,0.0,0.0,0.0,0.0,0.0,0.0,0.0,0.0,0.0,0.0,0.0,0.0,0.0,1.0
1688.0,28.133333333333333,注入先导浆,0.0,0.0,0.0,0.0,0.0,0.0,0.0,0.0,0.0,0.0,0.0,0.0,0.0,1.0
1692.0,28.2,注入先导浆,0.0,0.0,0.0,0.0,0.0,0.0,0.0,0.0,0.0,0.0,0.0,0.0,0.0,1.0
1696.0,28.266666666666666,注入先导浆,0.0,0.0,0.0,0.0,0.0,0.0,0.0,0.0,0.0,0.0,0.0,0.0,0.0,1.0
1700.0,28.333333333333332,注入先导浆,0.0,0.0,0.0,0.0,0.0,0.0,0.0,0.0,0.0,0.0,0.0,0.0,0.0,1.0
1704.0,28.4,注入先导浆,0.0,0.0,0.0,0.0,0.0,0.0,0.0,0.0,0.0,0.0,0.0,0.0,0.0,1.0
1708.0,28.466666666666665,注入先导浆,0.0,0.0,0.0,0.0,0.0,0.0,0.0,0.0,0.0,0.0,0.0,0.0,0.0,1.0
1712.0,28.533333333333335,注入先导浆,0.0,0.0,0.0,0.0,0.0,0.0,0.0,0.0,0.0,0.0,0.0,0.0,0.0,1.0
1716.0,28.6,注入先导浆,0.0,0.0,0.0,0.0,0.0,0.0,0.0,0.0,0.0,0.0,0.0,0.0,0.0,1.0
1720.0,28.666666666666668,注入先导浆,0.0,0.0,0.0,0.0,0.0,0.0,0.0,0.0,0.0,0.0,0.0,0.0,0.0,1.0
1724.0,28.733333333333334,注入先导浆,0.0,0.0,0.0,0.0,0.0,0.0,0.0,0.0,0.0,0.0,0.0,0.0,0.0,1.0
1728.0,28.8,注入先导浆,0.0,0.0,0.0,0.0,0.0,0.0,0.0,0.0,0.0,0.0,0.0,0.0,0.0,1.0
1732.0,28.866666666666667,注入先导浆,0.0,0.0,0.0,0.0,0.0,0.0,0.0,0.0,0.0,0.0,0.0,0.0,0.0,1.0
1736.0,28.933333333333334,注入先导浆,0.0,0.0,0.0,0.0,0.0,0.0,0.0,0.0,0.0,0.0,0.0,0.0,0.0,1.0
1740.0,29.0,注入先导浆,0.0,0.0,0.0,0.0,0.0,0.0,0.0,0.0,0.0,0.0,0.0,0.0,0.0,1.0
1744.0,29.066666666666666,注入先导浆,0.0,0.0,0.0,0.0,0.0,0.0,0.0,0.0,0.0,0.0,0.0,0.0,0.0,1.0
1748.0,29.133333333333333,注入先导浆,0.0,0.0,0.0,0.0,0.0,0.0,0.0,0.0,0.0,0.0,0.0,0.0,0.0,1.0
1752.0,29.2,注入驱油隔离液,0.0,0.0,0.0,0.0,0.0,0.0,0.0,0.0,0.0,0.0,0.0,0.0,0.0,1.0
1756.0,29.266666666666666,注入驱油隔离液,0.0,0.0,0.0,0.0,0.0,0.0,0.0,0.0,0.0,0.0,0.0,0.0,0.0,1.0
1760.0,29.333333333333332,注入驱油隔离液,0.0,0.0,0.0,0.0,0.0,0.0,0.0,0.0,0.0,0.0,0.0,0.0,0.0,1.0
1764.0,29.4,注入驱油隔离液,0.0,0.0,0.0,0.0,0.0,0.0,0.0,0.0,0.0,0.0,0.0,0.0,0.0,1.0
1768.0,29.466666666666665,注入驱油隔离液,0.0,0.0,0.0,0.0,0.0,0.0,0.0,0.0,0.0,0.0,0.0,0.0,0.0,1.0
1772.0,29.533333333333335,注入驱油隔离液,0.0,0.0,0.0,0.0,0.0,0.0,0.0,0.0,0.0,0.0,0.0,0.0,0.0,1.0
1776.0,29.6,注入驱油隔离液,0.0,0.0,0.0,0.0,0.0,0.0,0.0,0.0,0.0,0.0,0.0,0.0,0.0,1.0
1780.0,29.666666666666668,注入驱油隔离液,0.0,0.0,0.0,0.0,0.0,0.0,0.0,0.0,0.0,0.0,0.0,0.0,0.0,1.0
1784.0,29.733333333333334,注入驱油隔离液,0.0,0.0,0.0,0.0,0.0,0.0,0.0,0.0,0.0,0.0,0.0,0.0,0.0,1.0
1788.0,29.8,注入驱油隔离液,0.0,0.0,0.0,0.0,0.0,0.0,0.0,0.0,0.0,0.0,0.0,0.0,0.0,1.0
1792.0,29.866666666666667,注入驱油隔离液,0.0,0.0,0.0,0.0,0.0,0.0,0.0,0.0,0.0,0.0,0.0,0.0,0.0,1.0
1796.0,29.933333333333334,注入驱油隔离液,0.0,0.0,0.0,0.0,0.0,0.0,0.0,0.0,0.0,0.0,0.0,0.0,0.0,1.0
1800.0,30.0,注入驱油隔离液,0.0,0.0,0.0,0.0,0.0,0.0,0.0,0.0,0.0,0.0,0.0,0.0,0.0,1.0
1804.0,30.066666666666666,注入驱油隔离液,0.0,0.0,0.0,0.0,0.0,0.0,0.0,0.0,0.0,0.0,0.0,0.0,0.0,1.0
1808.0,30.133333333333333,注入驱油隔离液,0.0,0.0,0.0,0.0,0.0,0.0,0.0,0.0,0.0,0.0,0.0,0.0,0.0,1.0
1812.0,30.2,注入驱油隔离液,0.0,0.0,0.0,0.0,0.0,0.0,0.0,0.0,0.0,0.0,0.0,0.0,0.0,1.0
1816.0,30.266666666666666,注入驱油隔离液,0.0,0.0,0.0,0.0,0.0,0.0,0.0,0.0,0.0,0.0,0.0,0.0,0.0,1.0
1820.0,30.333333333333332,注入驱油隔离液,0.0,0.0,0.0,0.0,0.0,0.0,0.0,0.0,0.0,0.0,0.0,0.0,0.0,1.0
1824.0,30.4,注入驱油隔离液,0.0,0.0,0.0,0.0,0.0,0.0,0.0,0.0,0.0,0.0,0.0,0.0,0.0,1.0
1828.0,30.466666666666665,注入驱油隔离液,0.0,0.0,0.0,0.0,0.0,0.0,0.0,0.0,0.0,0.0,0.0,0.0,0.0,1.0
1832.0,30.533333333333335,注入驱油隔离液,0.0,0.0,0.0,0.0,0.0,0.0,0.0,0.0,0.0,0.0,0.0,0.0,0.0,1.0
1836.0,30.6,注入驱油隔离液,0.0,0.0,0.0,0.0,0.0,0.0,0.0,0.0,0.0,0.0,0.0,0.0,0.0,1.0
1840.0,30.666666666666668,注入驱油隔离液,0.0,0.0,0.0,0.0,0.0,0.0,0.0,0.0,0.0,0.0,0.0,0.0,0.0,1.0
1844.0,30.733333333333334,注入驱油隔离液,0.0,0.0,0.0,0.0,0.0,0.0,0.0,0.0,0.0,0.0,0.0,0.0,0.0,1.0
1848.0,30.8,注入驱油隔离液,0.0,0.0,0.0,0.0,0.0,0.0,0.0,0.0,0.0,0.0,0.0,0.0,0.0,1.0
1852.0,30.866666666666667,注入驱油隔离液,0.0,0.0,0.0,0.0,0.0,0.0,0.0,0.0,0.0,0.0,0.0,0.0,0.0,1.0
1856.0,30.933333333333334,注入驱油隔离液,0.0,0.0,0.0,0.0,0.0,0.0,0.0,0.0,0.0,0.0,0.0,0.0,0.0,1.0
1860.0,31.0,注入驱油隔离液,0.0,0.0,0.0,0.0,0.0,0.0,0.0,0.0,0.0,0.0,0.0,0.0,0.0,1.0
1864.0,31.066666666666666,注入驱油隔离液,0.0,0.0,0.0,0.0,0.0,0.0,0.0,0.0,0.0,0.0,0.0,0.0,0.0,1.0
1868.0,31.133333333333333,注入驱油隔离液,0.0,0.0,0.0,0.0,0.0,0.0,0.0,0.0,0.0,0.0,0.0,0.0,0.0,1.0
1872.0,31.2,注入驱油隔离液,0.0,0.0,0.0,0.0,0.0,0.0,0.0,0.0,0.0,0.0,0.0,0.0,0.0,1.0
1876.0,31.266666666666666,注入驱油隔离液,0.0,0.0,0.0,0.0,0.0,0.0,0.0,0.0,0.0,0.0,0.0,0.0,0.0,1.0
1880.0,31.333333333333332,注入驱油隔离液,0.0,0.0,0.0,0.0,0.0,0.0,0.0,0.0,0.0,0.0,0.0,0.0,0.0,1.0
1884.0,31.4,注入驱油隔离液,0.0,0.0,0.0,0.0,0.0,0.0,0.0,0.0,0.0,0.0,0.0,0.0,0.0,1.0
1888.0,31.466666666666665,注入驱油隔离液,0.0,0.0,0.0,0.0,0.0,0.0,0.0,0.0,0.0,0.0,0.0,0.0,0.0,1.0
1892.0,31.533333333333335,注入驱油隔离液,0.0,0.0,0.0,0.0,0.0,0.0,0.0,0.0,0.0,0.0,0.0,0.0,0.0,1.0
1896.0,31.6,注入驱油隔离液,0.0,0.0,0.0,0.0,0.0,0.0,0.0,0.0,0.0,0.0,0.0,0.0,0.0,1.0
1900.0,31.666666666666668,注入驱油隔离液,0.0,0.0,0.0,0.0,0.0,0.0,0.0,0.0,0.0,0.0,0.0,0.0,0.0,1.0
1904.0,31.733333333333334,注入驱油隔离液,0.0,0.0,0.0,0.0,0.0,0.0,0.0,0.0,0.0,0.0,0.0,0.0,0.0,1.0
1908.0,31.8,注入驱油隔离液,0.0,0.0,0.0,0.0,0.0,0.0,0.0,0.0,0.0,0.0,0.0,0.0,0.0,1.0
1912.0,31.866666666666667,注入驱油隔离液,0.0,0.0,0.0,0.0,0.0,0.0,0.0,0.0,0.0,0.0,0.0,0.0,0.0,1.0
1916.0,31.933333333333334,注入驱油隔离液,0.0,0.0,0.0,0.0,0.0,0.0,0.0,0.0,0.0,0.0,0.0,0.0,0.0,1.0
1920.0,32.0,注入驱油隔离液,0.0,0.0,0.0,0.0,0.0,0.0,0.0,0.0,0.0,0.0,0.0,0.0,0.0,1.0
1924.0,32.06666666666667,注入驱油隔离液,0.0,0.0,0.0,0.0,0.0,0.0,0.0,0.0,0.0,0.0,0.0,0.0,0.0,1.0
1928.0,32.13333333333333,注入驱油隔离液,0.0,0.0,0.0,0.0,0.0,0.0,0.0,0.0,0.0,0.0,0.0,0.0,0.0,1.0
1932.0,32.2,注入驱油隔离液,0.0,0.0,0.0,0.0,0.0,0.0,0.0,0.0,0.0,0.0,0.0,0.0,0.0,1.0
1936.0,32.266666666666666,注入驱油隔离液,0.0,0.0,0.0,0.0,0.0,0.0,0.0,0.0,0.0,0.0,0.0,0.0,0.0,1.0
1940.0,32.333333333333336,注入驱油隔离液,0.0,0.0,0.0,0.0,0.0,0.0,0.0,0.0,0.0,0.0,0.0,0.0,0.0,1.0
1944.0,32.4,注入驱油隔离液,0.0,0.0,0.0,0.0,0.0,0.0,0.0,0.0,0.0,0.0,0.0,0.0,0.0,1.0
1948.0,32.46666666666667,注入驱油隔离液,0.0,0.0,0.0,0.0,0.0,0.0,0.0,0.0,0.0,0.0,0.0,0.0,0.0,1.0
1952.0,32.53333333333333,注入驱油隔离液,0.0,0.0,0.0,0.0,0.0,0.0,0.0,0.0,0.0,0.0,0.0,0.0,0.0,1.0
1956.0,32.6,注入驱油隔离液,0.0,0.0,0.0,0.0,0.0,0.0,0.0,0.0,0.0,0.0,0.0,0.0,0.0,1.0
1960.0,32.666666666666664,注入驱油隔离液,0.0,0.0,0.0,0.0,0.0,0.0,0.0,0.0,0.0,0.0,0.0,0.0,0.0,1.0
1964.0,32.733333333333334,注入驱油隔离液,0.0,0.0,0.0,0.0,0.0,0.0,0.0,0.0,0.0,0.0,0.0,0.0,0.0,1.0
1968.0,32.8,注入驱油隔离液,0.0,0.0,0.0,0.0,0.0,0.0,0.0,0.0,0.0,0.0,0.0,0.0,0.0,1.0
1972.0,32.86666666666667,注入驱油隔离液,0.0,0.0,0.0,0.0,0.0,0.0,0.0,0.0,0.0,0.0,0.0,0.0,0.0,1.0
1976.0,32.93333333333333,注入驱油隔离液,0.0,0.0,0.0,0.0,0.0,0.0,0.0,0.0,0.0,0.0,0.0,0.0,0.0,1.0
1980.0,33.0,注入驱油隔离液,0.0,0.0,0.0,0.0,0.0,0.0,0.0,0.0,0.0,0.0,0.0,0.0,0.0,1.0
1984.0,33.06666666666667,注入驱油隔离液,0.0,0.0,0.0,0.0,0.0,0.0,0.0,0.0,0.0,0.0,0.0,0.0,0.0,1.0
1988.0,33.13333333333333,注入驱油隔离液,0.0,0.0,0.0,0.0,0.0,0.0,0.0,0.0,0.0,0.0,0.0,0.0,0.0,1.0
1992.0,33.2,注入驱油隔离液,0.0,0.0,0.0,0.0,0.0,0.0,0.0,0.0,0.0,0.0,0.0,0.0,0.0,1.0
1996.0,33.266666666666666,注入驱油隔离液,0.0,0.0,0.0,0.0,0.0,0.0,0.0,0.0,0.0,0.0,0.0,0.0,0.0,1.0
2000.0,33.333333333333336,注入驱油隔离液,0.0,0.0,0.0,0.0,0.0,0.0,0.0,0.0,0.0,0.0,0.0,0.0,0.0,1.0
2004.0,33.4,注入驱油隔离液,0.0,0.0,0.0,0.0,0.0,0.0,0.0,0.0,0.0,0.0,0.0,0.0,0.0,1.0
2008.0,33.46666666666667,注入驱油隔离液,0.0,0.0,0.0,0.0,0.0,0.0,0.0,0.0,0.0,0.0,0.0,0.0,0.0,1.0
2012.0,33.53333333333333,注入驱油隔离液,0.0,0.0,0.0,0.0,0.0,0.0,0.0,0.0,0.0,0.0,0.0,0.0,0.0,1.0
2016.0,33.6,注入驱油隔离液,0.0,0.0,0.0,0.0,0.0,0.0,0.0,0.0,0.0,0.0,0.0,0.0,0.0,1.0
2020.0,33.666666666666664,注入驱油隔离液,0.0,0.0,0.0,0.0,0.0,0.0,0.0,0.0,0.0,0.0,0.0,0.0,0.0,1.0
2024.0,33.733333333333334,注入驱油隔离液,0.0,0.0,0.0,0.0,0.0,0.0,0.0,0.0,0.0,0.0,0.0,0.0,0.0,1.0
2028.0,33.8,注入驱油隔离液,0.0,0.0,0.0,0.0,0.0,0.0,0.0,0.0,0.0,0.0,0.0,0.0,0.0,1.0
2032.0,33.86666666666667,注入驱油隔离液,0.0,0.0,0.0,0.0,0.0,0.0,0.0,0.0,0.0,0.0,0.0,0.0,0.0,1.0
2036.0,33.93333333333333,注入驱油隔离液,0.0,0.0,0.0,0.0,0.0,0.0,0.0,0.0,0.0,0.0,0.0,0.0,0.0,1.0
2040.0,34.0,注入驱油隔离液,0.0,0.0,0.0,0.0,0.0,0.0,0.0,0.0,0.0,0.0,0.0,0.0,0.0,1.0
2044.0,34.06666666666667,注入驱油隔离液,0.0,0.0,0.0,0.0,0.0,0.0,0.0,0.0,0.0,0.0,0.0,0.0,0.0,1.0
2048.0,34.13333333333333,注入驱油隔离液,0.0,0.0,0.0,0.0,0.0,0.0,0.0,0.0,0.0,0.0,0.0,0.0,0.0,1.0
2052.0,34.2,注入驱油隔离液,0.0,0.0,0.0,0.0,0.0,0.0,0.0,0.0,0.0,0.0,0.0,0.0,0.0,1.0
2056.0,34.266666666666666,注入驱油隔离液,0.0,0.0,0.0,0.0,0.0,0.0,0.0,0.0,0.0,0.0,0.0,0.0,0.0,1.0
2060.0,34.333333333333336,注入驱油隔离液,0.0,0.0,0.0,0.0,0.0,0.0,0.0,0.0,0.0,0.0,0.0,0.0,0.0,1.0
2064.0,34.4,注入驱油隔离液,0.0,0.0,0.0,0.0,0.0,0.0,0.0,0.0,0.0,0.0,0.0,0.0,0.0,1.0
2068.0,34.46666666666667,注入驱油隔离液,0.0,0.0,0.0,0.0,0.0,0.0,0.0,0.0,0.0,0.0,0.0,0.0,0.0,1.0
2072.0,34.53333333333333,注入驱油隔离液,0.0,0.0,0.0,0.0,0.0,0.0,0.0,0.0,0.0,0.0,0.0,0.0,0.0,1.0
2076.0,34.6,注入驱油隔离液,0.0,0.0,0.0,0.0,0.0,0.0,0.0,0.0,0.0,0.0,0.0,0.0,0.0,1.0
2080.0,34.666666666666664,注入驱油隔离液,0.0,0.0,0.0,0.0,0.0,0.0,0.0,0.0,0.0,0.0,0.0,0.0,0.0,1.0
2084.0,34.733333333333334,注入驱油隔离液,0.0,0.0,0.0,0.0,0.0,0.0,0.0,0.0,0.0,0.0,0.0,0.0,0.0,1.0
2088.0,34.8,注入驱油隔离液,0.0,0.0,0.0,0.0,0.0,0.0,0.0,0.0,0.0,0.0,0.0,0.0,0.0,1.0
2092.0,34.86666666666667,注入驱油隔离液,0.0,0.0,0.0,0.0,0.0,0.0,0.0,0.0,0.0,0.0,0.0,0.0,0.0,1.0
2096.0,34.93333333333333,注入驱油隔离液,0.0,0.0,0.0,0.0,0.0,0.0,0.0,0.0,0.0,0.0,0.0,0.0,0.0,1.0
2100.0,35.0,注入驱油隔离液,0.0,0.0,0.0,0.0,0.0,0.0,0.0,0.0,0.0,0.0,0.0,0.0,0.0,1.0
2104.0,35.06666666666667,注入驱油隔离液,0.0,0.0,0.0,0.0,0.0,0.0,0.0,0.0,0.0,0.0,0.0,0.0,0.0,1.0
2108.0,35.13333333333333,注入驱油隔离液,0.0,0.0,0.0,0.0,0.0,0.0,0.0,0.0,0.0,0.0,0.0,0.0,0.0,1.0
2112.0,35.2,注入驱油隔离液,0.0,0.0,0.0,0.0,0.0,0.0,0.0,0.0,0.0,0.0,0.0,0.0,0.0,1.0
2116.0,35.266666666666666,注入驱油隔离液,0.0,0.0,0.0,0.0,0.0,0.0,0.0,0.0,0.0,0.0,0.0,0.0,0.0,1.0
2120.0,35.333333333333336,注入驱油隔离液,0.0,0.0,0.0,0.0,0.0,0.0,0.0,0.0,0.0,0.0,0.0,0.0,0.0,1.0
2124.0,35.4,注入驱油隔离液,0.0,0.0,0.0,0.0,0.0,0.0,0.0,0.0,0.0,0.0,0.0,0.0,0.0,1.0
2128.0,35.46666666666667,注入驱油隔离液,0.0,0.0,0.0,0.0,0.0,0.0,0.0,0.0,0.0,0.0,0.0,0.0,0.0,1.0
2132.0,35.53333333333333,注入驱油隔离液,0.0,0.0,0.0,0.0,0.0,0.0,0.0,0.0,0.0,0.0,0.0,0.0,0.0,1.0
2136.0,35.6,注入驱油隔离液,0.0,0.0,0.0,0.0,0.0,0.0,0.0,0.0,0.0,0.0,0.0,0.0,0.0,1.0
2140.0,35.666666666666664,注入驱油隔离液,0.0,0.0,0.0,0.0,0.0,0.0,0.0,0.0,0.0,0.0,0.0,0.0,0.0,1.0
2144.0,35.733333333333334,注入驱油隔离液,0.0,0.0,0.0,0.0,0.0,0.0,0.0,0.0,0.0,0.0,0.0,0.0,0.0,1.0
2148.0,35.8,注入驱油隔离液,0.0,0.0,0.0,0.0,0.0,0.0,0.0,0.0,0.0,0.0,0.0,0.0,0.0,1.0
2152.0,35.86666666666667,注入驱油隔离液,0.0,0.0,0.0,0.0,0.0,0.0,0.0,0.0,0.0,0.0,0.0,0.0,0.0,1.0
2156.0,35.93333333333333,注入驱油隔离液,0.0,0.0,0.0,0.0,0.0,0.0,0.0,0.0,0.0,0.0,0.0,0.0,0.0,1.0
2160.0,36.0,注入驱油隔离液,0.0,0.0,0.0,0.0,0.0,0.0,0.0,0.0,0.0,0.0,0.0,0.0,0.0,1.0
2164.0,36.06666666666667,注入驱油隔离液,0.0,0.0,0.0,0.0,0.0,0.0,0.0,0.0,0.0,0.0,0.0,0.0,0.0,1.0
2168.0,36.13333333333333,注入驱油隔离液,0.0,0.0,0.0,0.0,0.0,0.0,0.0,0.0,0.0,0.0,0.0,0.0,0.0,1.0
2172.0,36.2,注入驱油隔离液,0.0,0.0,0.0,0.0,0.0,0.0,0.0,0.0,0.0,0.0,0.0,0.0,0.0,1.0
2176.0,36.266666666666666,注入驱油隔离液,0.0,0.0,0.0,0.0,0.0,0.0,0.0,0.0,0.0,0.0,0.0,0.0,0.0,1.0
2180.0,36.333333333333336,注入驱油隔离液,0.0,0.0,0.0,0.0,0.0,0.0,0.0,0.0,0.0,0.0,0.0,0.0,0.0,1.0
2184.0,36.4,注入驱油隔离液,0.0,0.0,0.0,0.0,0.0,0.0,0.0,0.0,0.0,0.0,0.0,0.0,0.0,1.0
2188.0,36.46666666666667,注入驱油隔离液,0.0,0.0,0.0,0.0,0.0,0.0,0.0,0.0,0.0,0.0,0.0,0.0,0.0,1.0
2192.0,36.53333333333333,注入驱油隔离液,0.0,0.0,0.0,0.0,0.0,0.0,0.0,0.0,0.0,0.0,0.0,0.0,0.0,1.0
2196.0,36.6,注入驱油隔离液,0.0,0.0,0.0,0.0,0.0,0.0,0.0,0.0,0.0,0.0,0.0,0.0,0.0,1.0
2200.0,36.666666666666664,注入驱油隔离液,0.0,0.0,0.0,0.0,0.0,0.0,0.0,0.0,0.0,0.0,0.0,0.0,0.0,1.0
2204.0,36.733333333333334,注入驱油隔离液,0.0,0.0,0.0,0.0,0.0,0.0,0.0,0.0,0.0,0.0,0.0,0.0,0.0,1.0
2208.0,36.8,注入驱油隔离液,0.0,0.0,0.0,0.0,0.0,0.0,0.0,0.0,0.0,0.0,0.0,0.0,0.0,1.0
2212.0,36.86666666666667,注入驱油隔离液,0.0,0.0,0.0,0.0,0.0,0.0,0.0,0.0,0.0,0.0,0.0,0.0,0.0,1.0
2216.0,36.93333333333333,注入驱油隔离液,0.0,0.0,0.0,0.0,0.0,0.0,0.0,0.0,0.0,0.0,0.0,0.0,0.0,1.0
2220.0,37.0,注入驱油隔离液,0.0,0.0,0.0,0.0,0.0,0.0,0.0,0.0,0.0,0.0,0.0,0.0,0.0,1.0
2224.0,37.06666666666667,注入驱油隔离液,0.0,0.0,0.0,0.0,0.0,0.0,0.0,0.0,0.0,0.0,0.0,0.0,0.0,1.0
2228.0,37.13333333333333,注入驱油隔离液,0.0,0.0,0.0,0.0,0.0,0.0,0.0,0.0,0.0,0.0,0.0,0.0,0.0,1.0
2232.0,37.2,注入驱油隔离液,0.0,0.0,0.0,0.0,0.0,0.0,0.0,0.0,0.0,0.0,0.0,0.0,0.0,1.0
2236.0,37.266666666666666,注入驱油隔离液,0.0,0.0,0.0,0.0,0.0,0.0,0.0,0.0,0.0,0.0,0.0,0.0,0.0,1.0
2240.0,37.333333333333336,注入驱油隔离液,0.0,0.0,0.0,0.0,0.0,0.0,0.0,0.0,0.0,0.0,0.0,0.0,0.0,1.0
2244.0,37.4,注入驱油隔离液,0.0,0.0,0.0,0.0,0.0,0.0,0.0,0.0,0.0,0.0,0.0,0.0,0.0,1.0
2248.0,37.46666666666667,注入驱油隔离液,0.0,0.0,0.0,0.0,0.0,0.0,0.0,0.0,0.0,0.0,0.0,0.0,0.0,1.0
2252.0,37.53333333333333,注入驱油隔离液,0.0,0.0,0.0,0.0,0.0,0.0,0.0,0.0,0.0,0.0,0.0,0.0,0.0,1.0
2256.0,37.6,注入驱油隔离液,0.0,0.0,0.0,0.0,0.0,0.0,0.0,0.0,0.0,0.0,0.0,0.0,0.0,1.0
2260.0,37.666666666666664,注入驱油隔离液,0.0,0.0,0.0,0.0,0.0,0.0,0.0,0.0,0.0,0.0,0.0,0.0,0.0,1.0
2264.0,37.733333333333334,注入驱油隔离液,0.0,0.0,0.0,0.0,0.0,0.0,0.0,0.0,0.0,0.0,0.0,0.0,0.0,1.0
2268.0,37.8,注入驱油隔离液,0.0,0.0,0.0,0.0,0.0,0.0,0.0,0.0,0.0,0.0,0.0,0.0,0.0,1.0
2272.0,37.86666666666667,注入驱油隔离液,0.0,0.0,0.0,0.0,0.0,0.0,0.0,0.0,0.0,0.0,0.0,0.0,0.0,1.0
2276.0,37.93333333333333,注入驱油隔离液,0.0,0.0,0.0,0.0,0.0,0.0,0.0,0.0,0.0,0.0,0.0,0.0,0.0,1.0
2280.0,38.0,注入驱油隔离液,0.0,0.0,0.0,0.0,0.0,0.0,0.0,0.0,0.0,0.0,0.0,0.0,0.0,1.0
2284.0,38.06666666666667,注入驱油隔离液,0.0,0.0,0.0,0.0,0.0,0.0,0.0,0.0,0.0,0.0,0.0,0.0,0.0,1.0
2288.0,38.13333333333333,注入驱油隔离液,0.0,0.0,0.0,0.0,0.0,0.0,0.0,0.0,0.0,0.0,0.0,0.0,0.0,1.0
2292.0,38.2,注入驱油隔离液,0.0,0.0,0.0,0.0,0.0,0.0,0.0,0.0,0.0,0.0,0.0,0.0,0.0,1.0
2296.0,38.266666666666666,注入驱油隔离液,0.0,0.0,0.0,0.0,0.0,0.0,0.0,0.0,0.0,0.0,0.0,0.0,0.0,1.0
2300.0,38.333333333333336,注入驱油隔离液,0.0,0.0,0.0,0.0,0.0,0.0,0.0,0.0,0.0,0.0,0.0,0.0,0.0,1.0
2304.0,38.4,注入驱油隔离液,0.0,0.0,0.0,0.0,0.0,0.0,0.0,0.0,0.0,0.0,0.0,0.0,0.0,1.0
2308.0,38.46666666666667,注入驱油隔离液,0.0,0.0,0.0,0.0,0.0,0.0,0.0,0.0,0.0,0.0,0.0,0.0,0.0,1.0
2312.0,38.53333333333333,注入驱油隔离液,0.0,0.0,0.0,0.0,0.0,0.0,0.0,0.0,0.0,0.0,0.0,0.0,0.0,1.0
2316.0,38.6,注入驱油隔离液,0.0,0.0,0.0,0.0,0.0,0.0,0.0,0.0,0.0,0.0,0.0,0.0,0.0,1.0
2320.0,38.666666666666664,注入驱油隔离液,0.0,0.0,0.0,0.0,0.0,0.0,0.0,0.0,0.0,0.0,0.0,0.0,0.0,1.0
2324.0,38.733333333333334,注入驱油隔离液,0.0,0.0,0.0,0.0,0.0,0.0,0.0,0.0,0.0,0.0,0.0,0.0,0.0,1.0
2328.0,38.8,注入驱油隔离液,0.0,0.0,0.0,0.0,0.0,0.0,0.0,0.0,0.0,0.0,0.0,0.0,0.0,1.0
2332.0,38.86666666666667,注入驱油隔离液,0.0,0.0,0.0,0.0,0.0,0.0,0.0,0.0,0.0,0.0,0.0,0.0,0.0,1.0
2336.0,38.93333333333333,注入驱油隔离液,0.0,0.0,0.0,0.0,0.0,0.0,0.0,0.0,0.0,0.0,0.0,0.0,0.0,1.0
2340.0,39.0,注入驱油隔离液,0.0,0.0,0.0,0.0,0.0,0.0,0.0,0.0,0.0,0.0,0.0,0.0,0.0,1.0
2344.0,39.06666666666667,注入驱油隔离液,0.0,0.0,0.0,0.0,0.0,0.0,0.0,0.0,0.0,0.0,0.0,0.0,0.0,1.0
2348.0,39.13333333333333,注入驱油隔离液,0.0,0.0,0.0,0.0,0.0,0.0,0.0,0.0,0.0,0.0,0.0,0.0,0.0,1.0
2352.0,39.2,注入驱油隔离液,0.0,0.0,0.0,0.0,0.0,0.0,0.0,0.0,0.0,0.0,0.0,0.0,0.0,1.0
2356.0,39.266666666666666,注入驱油隔离液,0.0,0.0,0.0,0.0,0.0,0.0,0.0,0.0,0.0,0.0,0.0,0.0,0.0,1.0
2360.0,39.333333333333336,注入驱油隔离液,0.0,0.0,0.0,0.0,0.0,0.0,0.0,0.0,0.0,0.0,0.0,0.0,0.0,1.0
2364.0,39.4,注入驱油隔离液,0.0,0.0,0.0,0.0,0.0,0.0,0.0,0.0,0.0,0.0,0.0,0.0,0.0,1.0
2368.0,39.46666666666667,注入驱油隔离液,0.0,0.0,0.0,0.0,0.0,0.0,0.0,0.0,0.0,0.0,0.0,0.0,0.0,1.0
2372.0,39.53333333333333,注入驱油隔离液,0.0,0.0,0.0,0.0,0.0,0.0,0.0,0.0,0.0,0.0,0.0,0.0,0.0,1.0
2376.0,39.6,注入驱油隔离液,0.0,0.0,0.0,0.0,0.0,0.0,0.0,0.0,0.0,0.0,0.0,0.0,0.0,1.0
2380.0,39.666666666666664,注入驱油隔离液,0.0,0.0,0.0,0.0,0.0,0.0,0.0,0.0,0.0,0.0,0.0,0.0,0.0,1.0
2384.0,39.733333333333334,注入驱油隔离液,0.0,0.0,0.0,0.0,0.0,0.0,0.0,0.0,0.0,0.0,0.0,0.0,0.0,1.0
2388.0,39.8,注入驱油隔离液,0.0,0.0,0.0,0.0,0.0,0.0,0.0,0.0,0.0,0.0,0.0,0.0,0.0,1.0
2392.0,39.86666666666667,注入驱油隔离液,0.0,0.0,0.0,0.0,0.0,0.0,0.0,0.0,0.0,0.0,0.0,0.0,0.0,1.0
2396.0,39.93333333333333,注入驱油隔离液,0.0,0.0,0.0,0.0,0.0,0.0,0.0,0.0,0.0,0.0,0.0,0.0,0.0,1.0
2400.0,40.0,注入驱油隔离液,0.0,0.0,0.0,0.0,0.0,0.0,0.0,0.0,0.0,0.0,0.0,0.0,0.0,1.0
2404.0,40.06666666666667,注入驱油隔离液,0.0,0.0,0.0,0.0,0.0,0.0,0.0,0.0,0.0,0.0,0.0,0.0,0.0,1.0
2408.0,40.13333333333333,注入驱油隔离液,0.0,0.0,0.0,0.0,0.0,0.0,0.0,0.0,0.0,0.0,0.0,0.0,0.0,1.0
2412.0,40.2,注入驱油隔离液,0.0,0.0,0.0,0.0,0.0,0.0,0.0,0.0,0.0,0.0,0.0,0.0,0.0,1.0
2416.0,40.266666666666666,注入驱油隔离液,0.0,0.0,0.0,0.0,0.0,0.0,0.0,0.0,0.0,0.0,0.0,0.0,0.0,1.0
2420.0,40.333333333333336,注入驱油隔离液,0.0,0.0,0.0,0.0,0.0,0.0,0.0,0.0,0.0,0.0,0.0,0.0,0.0,1.0
2424.0,40.4,注入驱油隔离液,0.0,0.0,0.0,0.0,0.0,0.0,0.0,0.0,0.0,0.0,0.0,0.0,0.0,1.0
2428.0,40.46666666666667,注入驱油隔离液,0.0,0.0,0.0,0.0,0.0,0.0,0.0,0.0,0.0,0.0,0.0,0.0,0.0,1.0
2432.0,40.53333333333333,注入驱油隔离液,0.0,0.0,0.0,0.0,0.0,0.0,0.0,0.0,0.0,0.0,0.0,0.0,0.0,1.0
2436.0,40.6,注入驱油隔离液,0.0,0.0,0.0,0.0,0.0,0.0,0.0,0.0,0.0,0.0,0.0,0.0,0.0,1.0
2440.0,40.666666666666664,注入驱油隔离液,0.0,0.0,0.0,0.0,0.0,0.0,0.0,0.0,0.0,0.0,0.0,0.0,0.0,1.0
2444.0,40.733333333333334,注入驱油隔离液,0.0,0.0,0.0,0.0,0.0,0.0,0.0,0.0,0.0,0.0,0.0,0.0,0.0,1.0
2448.0,40.8,注入驱油隔离液,0.0,0.0,0.0,0.0,0.0,0.0,0.0,0.0,0.0,0.0,0.0,0.0,0.0,1.0
2452.0,40.86666666666667,注入驱油隔离液,0.0,0.0,0.0,0.0,0.0,0.0,0.0,0.0,0.0,0.0,0.0,0.0,0.0,1.0
2456.0,40.93333333333333,注入驱油隔离液,0.0,0.0,0.0,0.0,0.0,0.0,0.0,0.0,0.0,0.0,0.0,0.0,0.0,1.0
2460.0,41.0,注入驱油隔离液,0.0,0.0,0.0,0.0,0.0,0.0,0.0,0.0,0.0,0.0,0.0,0.0,0.0,1.0
2464.0,41.06666666666667,注入驱油隔离液,0.0,0.0,0.0,0.0,0.0,0.0,0.0,0.0,0.0,0.0,0.0,0.0,0.0,1.0
2468.0,41.13333333333333,注入驱油隔离液,0.0,0.0,0.0,0.0,0.0,0.0,0.0,0.0,0.0,0.0,0.0,0.0,0.0,1.0
2472.0,41.2,注入驱油隔离液,0.0,0.0,0.0,0.0,0.0,0.0,0.0,0.0,0.0,0.0,0.0,0.0,0.0,1.0
2476.0,41.266666666666666,注入驱油隔离液,0.0,0.0,0.0,0.0,0.0,0.0,0.0,0.0,0.0,0.0,0.0,0.0,0.0,1.0
2480.0,41.333333333333336,注入驱油隔离液,0.0,0.0,0.0,0.0,0.0,0.0,0.0,0.0,0.0,0.0,0.0,0.0,0.0,1.0
2484.0,41.4,注入驱油隔离液,0.0,0.0,0.0,0.0,0.0,0.0,0.0,0.0,0.0,0.0,0.0,0.0,0.0,1.0
2488.0,41.46666666666667,注入驱油隔离液,0.0,0.0,0.0,0.0,0.0,0.0,0.0,0.0,0.0,0.0,0.0,0.0,0.0,1.0
2492.0,41.53333333333333,注入驱油隔离液,0.0,0.0,0.0,0.0,0.0,0.0,0.0,0.0,0.0,0.0,0.0,0.0,0.0,1.0
2496.0,41.6,注入驱油隔离液,0.0,0.0,0.0,0.0,0.0,0.0,0.0,0.0,0.0,0.0,0.0,0.0,0.0,1.0
2500.0,41.666666666666664,注入驱油隔离液,0.0,0.0,0.0,0.0,0.0,0.0,0.0,0.0,0.0,0.0,0.0,0.0,0.0,1.0
2504.0,41.733333333333334,注入驱油隔离液,0.0,0.0,0.0,0.0,0.0,0.0,0.0,0.0,0.0,0.0,0.0,0.0,0.0,1.0
2508.0,41.8,注入驱油隔离液,0.0,0.0,0.0,0.0,0.0,0.0,0.0,0.0,0.0,0.0,0.0,0.0,0.0,1.0
2512.0,41.86666666666667,注入驱油隔离液,0.0,0.0,0.0,0.0,0.0,0.0,0.0,0.0,0.0,0.0,0.0,0.0,0.0,1.0
2516.0,41.93333333333333,注入驱油隔离液,0.0,0.0,0.0,0.0,0.0,0.0,0.0,0.0,0.0,0.0,0.0,0.0,0.0,1.0
2520.0,42.0,注入驱油隔离液,0.0,0.0,0.0,0.0,0.0,0.0,0.0,0.0,0.0,0.0,0.0,0.0,0.0,1.0
2524.0,42.06666666666667,注入驱油隔离液,0.0,0.0,0.0,0.0,0.0,0.0,0.0,0.0,0.0,0.0,0.0,0.0,0.0,1.0
2528.0,42.13333333333333,注入驱油隔离液,0.0,0.0,0.0,0.0,0.0,0.0,0.0,0.0,0.0,0.0,0.0,0.0,0.0,1.0
2532.0,42.2,注入驱油隔离液,0.0,0.0,0.0,0.0,0.0,0.0,0.0,0.0,0.0,0.0,0.0,0.0,0.0,1.0
2536.0,42.266666666666666,注入驱油隔离液,0.0,0.0,0.0,0.0,0.0,0.0,0.0,0.0,0.0,0.0,0.0,0.0,0.0,1.0
2540.0,42.333333333333336,注入驱油隔离液,0.0,0.0,0.0,0.0,0.0,0.0,0.0,0.0,0.0,0.0,0.0,0.0,0.0,1.0
2544.0,42.4,注入驱油隔离液,0.0,0.0,0.0,0.0,0.0,0.0,0.0,0.0,0.0,0.0,0.0,0.0,0.0,1.0
2548.0,42.46666666666667,注入驱油隔离液,0.0,0.0,0.0,0.0,0.0,0.0,0.0,0.0,0.0,0.0,0.0,0.0,0.0,1.0
2552.0,42.53333333333333,注入驱油隔离液,0.0,0.0,0.0,0.0,0.0,0.0,0.0,0.0,0.0,0.0,0.0,0.0,0.0,1.0
2556.0,42.6,注入驱油隔离液,0.0,0.0,0.0,0.0,0.0,0.0,0.0,0.0,0.0,0.0,0.0,0.0,0.0,1.0
2560.0,42.666666666666664,注入驱油隔离液,0.0,0.0,0.0,0.0,0.0,0.0,0.0,0.0,0.0,0.0,0.0,0.0,0.0,1.0
2564.0,42.733333333333334,注入驱油隔离液,0.0,0.0,0.0,0.0,0.0,0.0,0.0,0.0,0.0,0.0,0.0,0.0,0.0,1.0
2568.0,42.8,注入驱油隔离液,0.0,0.0,0.0,0.0,0.0,0.0,0.0,0.0,0.0,0.0,0.0,0.0,0.0,1.0
2572.0,42.86666666666667,注入驱油隔离液,0.0,0.0,0.0,0.0,0.0,0.0,0.0,0.0,0.0,0.0,0.0,0.0,0.0,1.0
2576.0,42.93333333333333,注入驱油隔离液,0.0,0.0,0.0,0.0,0.0,0.0,0.0,0.0,0.0,0.0,0.0,0.0,0.0,1.0
2580.0,43.0,注入驱油隔离液,0.0,0.0,0.0,0.0,0.0,0.0,0.0,0.0,0.0,0.0,0.0,0.0,0.0,1.0
2584.0,43.06666666666667,注入驱油隔离液,0.0,0.0,0.0,0.0,0.0,0.0,0.0,0.0,0.0,0.0,0.0,0.0,0.0,1.0
2588.0,43.13333333333333,注入驱油隔离液,0.0,0.0,0.0,0.0,0.0,0.0,0.0,0.0,0.0,0.0,0.0,0.0,0.0,1.0
2592.0,43.2,注入驱油隔离液,0.0,0.0,0.0,0.0,0.0,0.0,0.0,0.0,0.0,0.0,0.0,0.0,0.0,1.0
2596.0,43.266666666666666,注入驱油隔离液,0.0,0.0,0.0,0.0,0.0,0.0,0.0,0.0,0.0,0.0,0.0,0.0,0.0,1.0
2600.0,43.333333333333336,注入驱油隔离液,0.0,0.0,0.0,0.0,0.0,0.0,0.0,0.0,0.0,0.0,0.0,0.0,0.0,1.0
2604.0,43.4,注入驱油隔离液,0.0,0.0,0.0,0.0,0.0,0.0,0.0,0.0,0.0,0.0,0.0,0.0,0.0,1.0
2608.0,43.46666666666667,注入驱油隔离液,0.0,0.0,0.0,0.0,0.0,0.0,0.0,0.0,0.0,0.0,0.0,0.0,0.0,1.0
2612.0,43.53333333333333,注入驱油隔离液,0.0,0.0,0.0,0.0,0.0,0.0,0.0,0.0,0.0,0.0,0.0,0.0,0.0,1.0
2616.0,43.6,注入驱油隔离液,0.0,0.0,0.0,0.0,0.0,0.0,0.0,0.0,0.0,0.0,0.0,0.0,0.0,1.0
2620.0,43.666666666666664,注入驱油隔离液,0.0,0.0,0.0,0.0,0.0,0.0,0.0,0.0,0.0,0.0,0.0,0.0,0.0,1.0
2624.0,43.733333333333334,注入驱油隔离液,0.0,0.0,0.0,0.0,0.0,0.0,0.0,0.0,0.0,0.0,0.0,0.0,0.0,1.0
2628.0,43.8,注入驱油隔离液,0.0,0.0,0.0,0.0,0.0,0.0,0.0,0.0,0.0,0.0,0.0,0.0,0.0,1.0
2632.0,43.86666666666667,注入驱油隔离液,0.0,0.0,0.0,0.0,0.0,0.0,0.0,0.0,0.0,0.0,0.0,0.0,0.0,1.0
2636.0,43.93333333333333,注入驱油隔离液,0.0,0.0,0.0,0.0,0.0,0.0,0.0,0.0,0.0,0.0,0.0,0.0,0.0,1.0
2640.0,44.0,注入驱油隔离液,0.0,0.0,0.0,0.0,0.0,0.0,0.0,0.0,0.0,0.0,0.0,0.0,0.0,1.0
2644.0,44.06666666666667,注入驱油隔离液,0.0,0.0,0.0,0.0,0.0,0.0,0.0,0.0,0.0,0.0,0.0,0.0,0.0,1.0
2648.0,44.13333333333333,注入驱油隔离液,0.0,0.0,0.0,0.0,0.0,0.0,0.0,0.0,0.0,0.0,0.0,0.0,0.0,1.0
2652.0,44.2,注入驱油隔离液,0.0,0.0,0.0,0.0,0.0,0.0,0.0,0.0,0.0,0.0,0.0,0.0,0.0,1.0
2656.0,44.266666666666666,注入驱油隔离液,0.0,0.0,0.0,0.0,0.0,0.0,0.0,0.0,0.0,0.0,0.0,0.0,0.0,1.0
2660.0,44.333333333333336,注入驱油隔离液,0.0,0.0,0.0,0.0,0.0,0.0,0.0,0.0,0.0,0.0,0.0,0.0,0.0,1.0
2664.0,44.4,注入驱油隔离液,0.0,0.0,0.0,0.0,0.0,0.0,0.0,0.0,0.0,0.0,0.0,0.0,0.0,1.0
2668.0,44.46666666666667,注入驱油隔离液,0.0,0.0,0.0,0.0,0.0,0.0,0.0,0.0,0.0,0.0,0.0,0.0,0.0,1.0
2672.0,44.53333333333333,注入驱油隔离液,0.0,0.0,0.0,0.0,0.0,0.0,0.0,0.0,0.0,0.0,0.0,0.0,0.0,1.0
2676.0,44.6,注入驱油隔离液,0.0,0.0,0.0,0.0,0.0,0.0,0.0,0.0,0.0,0.0,0.0,0.0,0.0,1.0
2680.0,44.666666666666664,注入驱油隔离液,0.0,0.0,0.0,0.0,0.0,0.0,0.0,0.0,0.0,0.0,0.0,0.0,0.0,1.0
2684.0,44.733333333333334,注入驱油隔离液,0.0,0.0,0.0,0.0,0.0,0.0,0.0,0.0,0.0,0.0,0.0,0.0,0.0,1.0
2688.0,44.8,注入驱油隔离液,0.0,0.0,0.0,0.0,0.0,0.0,0.0,0.0,0.0,0.0,0.0,0.0,0.0,1.0
2692.0,44.86666666666667,注入驱油隔离液,0.0,0.0,0.0,0.0,0.0,0.0,0.0,0.0,0.0,0.0,0.0,0.0,0.0,1.0
2696.0,44.93333333333333,注入驱油隔离液,0.0,0.0,0.0,0.0,0.0,0.0,0.0,0.0,0.0,0.0,0.0,0.0,0.0,1.0
2700.0,45.0,注入驱油隔离液,0.0,0.0,0.0,0.0,0.0,0.0,0.0,0.0,0.0,0.0,0.0,0.0,0.0,1.0
2704.0,45.06666666666667,注入驱油隔离液,0.0,0.0,0.0,0.0,0.0,0.0,0.0,0.0,0.0,0.0,0.0,0.0,0.0,1.0
2708.0,45.13333333333333,注入驱油隔离液,0.0,0.0,0.0,0.0,0.0,0.0,0.0,0.0,0.0,0.0,0.0,0.0,0.0,1.0
2712.0,45.2,注入驱油隔离液,0.0,0.0,0.0,0.0,0.0,0.0,0.0,0.0,0.0,0.0,0.0,0.0,0.0,1.0
2716.0,45.266666666666666,注入驱油隔离液,0.0,0.0,0.0,0.0,0.0,0.0,0.0,0.0,0.0,0.0,0.0,0.0,0.0,1.0
2720.0,45.333333333333336,注入驱油隔离液,0.0,0.0,0.0,0.0,0.0,0.0,0.0,0.0,0.0,0.0,0.0,0.0,0.0,1.0
2724.0,45.4,注入驱油隔离液,0.0,0.0,0.0,0.0,0.0,0.0,0.0,0.0,0.0,0.0,0.0,0.0,0.0,1.0
2728.0,45.46666666666667,注入驱油隔离液,0.0,0.0,0.0,0.0,0.0,0.0,0.0,0.0,0.0,0.0,0.0,0.0,0.0,1.0
2732.0,45.53333333333333,注入驱油隔离液,0.0,0.0,0.0,0.0,0.0,0.0,0.0,0.0,0.0,0.0,0.0,0.0,0.0,1.0
2736.0,45.6,注入驱油隔离液,0.0,0.0,0.0,0.0,0.0,0.0,0.0,0.0,0.0,0.0,0.0,0.0,0.0,1.0
2740.0,45.666666666666664,注入驱油隔离液,0.0,0.0,0.0,0.0,0.0,0.0,0.0,0.0,0.0,0.0,0.0,0.0,0.0,1.0
2744.0,45.733333333333334,注入驱油隔离液,0.0,0.0,0.0,0.0,0.0,0.0,0.0,0.0,0.0,0.0,0.0,0.0,0.0,1.0
2748.0,45.8,注入驱油隔离液,0.0,0.0,0.0,0.0,0.0,0.0,0.0,0.0,0.0,0.0,0.0,0.0,0.0,1.0
2752.0,45.86666666666667,注入驱油隔离液,0.0,0.0,0.0,0.0,0.0,0.0,0.0,0.0,0.0,0.0,0.0,0.0,0.0,1.0
2756.0,45.93333333333333,注入驱油隔离液,0.0,0.0,0.0,0.0,0.0,0.0,0.0,0.0,0.0,0.0,0.0,0.0,0.0,1.0
2760.0,46.0,注入驱油隔离液,0.0,0.0,0.0,0.0,0.0,0.0,0.0,0.0,0.0,0.0,0.0,0.0,0.0,1.0
2764.0,46.06666666666667,注入驱油隔离液,0.0,0.0,0.0,0.0,0.0,0.0,0.0,0.0,0.0,0.0,0.0,0.0,0.0,1.0
2768.0,46.13333333333333,注入驱油隔离液,0.0,0.0,0.0,0.0,0.0,0.0,0.0,0.0,0.0,0.0,0.0,0.0,0.0,1.0
2772.0,46.2,注入驱油隔离液,0.0,0.0,0.0,0.0,0.0,0.0,0.0,0.0,0.0,0.0,0.0,0.0,0.0,1.0
2776.0,46.266666666666666,注入驱油隔离液,0.0,0.0,0.0,0.0,0.0,0.0,0.0,0.0,0.0,0.0,0.0,0.0,0.0,1.0
2780.0,46.333333333333336,注入驱油隔离液,0.0,0.0,0.0,0.0,0.0,0.0,0.0,0.0,0.0,0.0,0.0,0.0,0.0,1.0
2784.0,46.4,注入驱油隔离液,0.0,0.0,0.0,0.0,0.0,0.0,0.0,0.0,0.0,0.0,0.0,0.0,0.0,1.0
2788.0,46.46666666666667,注入驱油隔离液,0.0,0.0,0.0,0.0,0.0,0.0,0.0,0.0,0.0,0.0,0.0,0.0,0.0,1.0
2792.0,46.53333333333333,注入驱油隔离液,0.0,0.0,0.0,0.0,0.0,0.0,0.0,0.0,0.0,0.0,0.0,0.0,0.0,1.0
2796.0,46.6,注入驱油隔离液,0.0,0.0,0.0,0.0,0.0,0.0,0.0,0.0,0.0,0.0,0.0,0.0,0.0,1.0
2800.0,46.666666666666664,注入驱油隔离液,0.0,0.0,0.0,0.0,0.0,0.0,0.0,0.0,0.0,0.0,0.0,0.0,0.0,1.0
2804.0,46.733333333333334,注入驱油隔离液,0.0,0.0,0.0,0.0,0.0,0.0,0.0,0.0,0.0,0.0,0.0,0.0,0.0,1.0
2808.0,46.8,注入驱油隔离液,0.0,0.0,0.0,0.0,0.0,0.0,0.0,0.0,0.0,0.0,0.0,0.0,0.0,1.0
2812.0,46.86666666666667,注入驱油隔离液,0.0,0.0,0.0,0.0,0.0,0.0,0.0,0.0,0.0,0.0,0.0,0.0,0.0,1.0
2816.0,46.93333333333333,注入驱油隔离液,0.0,0.0,0.0,0.0,0.0,0.0,0.0,0.0,0.0,0.0,0.0,0.0,0.0,1.0
2820.0,47.0,注入驱油隔离液,0.0,0.0,0.0,0.0,0.0,0.0,0.0,0.0,0.0,0.0,0.0,0.0,0.0,1.0
2824.0,47.06666666666667,注入驱油隔离液,0.0,0.0,0.0,0.0,0.0,0.0,0.0,0.0,0.0,0.0,0.0,0.0,0.0,1.0
2828.0,47.13333333333333,注入驱油隔离液,0.0,0.0,0.0,0.0,0.0,0.0,0.0,0.0,0.0,0.0,0.0,0.0,0.0,1.0
2832.0,47.2,注入驱油隔离液,0.0,0.0,0.0,0.0,0.0,0.0,0.0,0.0,0.0,0.0,0.0,0.0,0.0,1.0
2836.0,47.266666666666666,注入驱油隔离液,0.0,0.0,0.0,0.0,0.0,0.0,0.0,0.0,0.0,0.0,0.0,0.0,0.0,1.0
2840.0,47.333333333333336,注入驱油隔离液,0.0,0.0,0.0,0.0,0.0,0.0,0.0,0.0,0.0,0.0,0.0,0.0,0.0,1.0
2844.0,47.4,注入驱油隔离液,0.0,0.0,0.0,0.0,0.0,0.0,0.0,0.0,0.0,0.0,0.0,0.0,0.0,1.0
2848.0,47.46666666666667,注入驱油隔离液,0.0,0.0,0.0,0.0,0.0,0.0,0.0,0.0,0.0,0.0,0.0,0.0,0.0,1.0
2852.0,47.53333333333333,注入驱油隔离液,0.0,0.0,0.0,0.0,0.0,0.0,0.0,0.0,0.0,0.0,0.0,0.0,0.0,1.0
2856.0,47.6,注入驱油隔离液,0.0,0.0,0.0,0.0,0.0,0.0,0.0,0.0,0.0,0.0,0.0,0.0,0.0,1.0
2860.0,47.666666666666664,注入驱油隔离液,0.0,0.0,0.0,0.0,0.0,0.0,0.0,0.0,0.0,0.0,0.0,0.0,0.0,1.0
2864.0,47.733333333333334,注入驱油隔离液,0.0,0.0,0.0,0.0,0.0,0.0,0.0,0.0,0.0,0.0,0.0,0.0,0.0,1.0
2868.0,47.8,注入驱油隔离液,0.0,0.0,0.0,0.0,0.0,0.0,0.0,0.0,0.0,0.0,0.0,0.0,0.0,1.0
2872.0,47.86666666666667,注入驱油隔离液,0.0,0.0,0.0,0.0,0.0,0.0,0.0,0.0,0.0,0.0,0.0,0.0,0.0,1.0
2876.0,47.93333333333333,注入驱油隔离液,0.0,0.0,0.0,0.0,0.0,0.0,0.0,0.0,0.0,0.0,0.0,0.0,0.0,1.0
2880.0,48.0,注入驱油隔离液,0.0,0.0,0.0,0.0,0.0,0.0,0.0,0.0,0.0,0.0,0.0,0.0,0.0,1.0
2884.0,48.06666666666667,注入驱油隔离液,0.0,0.0,0.0,0.0,0.0,0.0,0.0,0.0,0.0,0.0,0.0,0.0,0.0,1.0
2888.0,48.13333333333333,注入驱油隔离液,0.0,0.0,0.0,0.0,0.0,0.0,0.0,0.0,0.0,0.0,0.0,0.0,0.0,1.0
2892.0,48.2,注入驱油隔离液,0.0,0.0,0.0,0.0,0.0,0.0,0.0,0.0,0.0,0.0,0.0,0.0,0.0,1.0
2896.0,48.266666666666666,注入驱油隔离液,0.0,0.0,0.0,0.0,0.0,0.0,0.0,0.0,0.0,0.0,0.0,0.0,0.0,1.0
2900.0,48.333333333333336,注入驱油隔离液,0.0,0.0,0.0,0.0,0.0,0.0,0.0,0.0,0.0,0.0,0.0,0.0,0.0,1.0
2904.0,48.4,注入驱油隔离液,0.0,0.0,0.0,0.0,0.0,0.0,0.0,0.0,0.0,0.0,0.0,0.0,0.0,1.0
2908.0,48.46666666666667,注入驱油隔离液,0.0,0.0,0.0,0.0,0.0,0.0,0.0,0.0,0.0,0.0,0.0,0.0,0.0,1.0
2912.0,48.53333333333333,注入驱油隔离液,0.0,0.0,0.0,0.0,0.0,0.0,0.0,0.0,0.0,0.0,0.0,0.0,0.0,1.0
2916.0,48.6,注入驱油隔离液,0.0,0.0,0.0,0.0,0.0,0.0,0.0,0.0,0.0,0.0,0.0,0.0,0.0,1.0
2920.0,48.666666666666664,注入驱油隔离液,0.0,0.0,0.0,0.0,0.0,0.0,0.0,0.0,0.0,0.0,0.0,0.0,0.0,1.0
2924.0,48.733333333333334,注入驱油隔离液,0.0,0.0,0.0,0.0,0.0,0.0,0.0,0.0,0.0,0.0,0.0,0.0,0.0,1.0
2928.0,48.8,注入驱油隔离液,0.0,0.0,0.0,0.0,0.0,0.0,0.0,0.0,0.0,0.0,0.0,0.0,0.0,1.0
2932.0,48.86666666666667,注入驱油隔离液,0.0,0.0,0.0,0.0,0.0,0.0,0.0,0.0,0.0,0.0,0.0,0.0,0.0,1.0
2936.0,48.93333333333333,注入驱油隔离液,0.0,0.0,0.0,0.0,0.0,0.0,0.0,0.0,0.0,0.0,0.0,0.0,0.0,1.0
2940.0,49.0,注入驱油隔离液,0.0,0.0,0.0,0.0,0.0,0.0,0.0,0.0,0.0,0.0,0.0,0.0,0.0,1.0
2944.0,49.06666666666667,注入驱油隔离液,0.0,0.0,0.0,0.0,0.0,0.0,0.0,0.0,0.0,0.0,0.0,0.0,0.0,1.0
2948.0,49.13333333333333,注入驱油隔离液,0.0,0.0,0.0,0.0,0.0,0.0,0.0,0.0,0.0,0.0,0.0,0.0,0.0,1.0
2952.0,49.2,注入驱油隔离液,0.0,0.0,0.0,0.0,0.0,0.0,0.0,0.0,0.0,0.0,0.0,0.0,0.0,1.0
2956.0,49.266666666666666,注入驱油隔离液,0.0,0.0,0.0,0.0,0.0,0.0,0.0,0.0,0.0,0.0,0.0,0.0,0.0,1.0
2960.0,49.333333333333336,注入驱油隔离液,0.0,0.0,0.0,0.0,0.0,0.0,0.0,0.0,0.0,0.0,0.0,0.0,0.0,1.0
2964.0,49.4,注入驱油隔离液,0.0,0.0,0.0,0.0,0.0,0.0,0.0,0.0,0.0,0.0,0.0,0.0,0.0,1.0
2968.0,49.46666666666667,注入驱油隔离液,0.0,0.0,0.0,0.0,0.0,0.0,0.0,0.0,0.0,0.0,0.0,0.0,0.0,1.0
2972.0,49.53333333333333,注入驱油隔离液,0.0,0.0,0.0,0.0,0.0,0.0,0.0,0.0,0.0,0.0,0.0,0.0,0.0,1.0
2976.0,49.6,注入驱油隔离液,0.0,0.0,0.0,0.0,0.0,0.0,0.0,0.0,0.0,0.0,0.0,0.0,0.0,1.0
2980.0,49.666666666666664,注入驱油隔离液,0.0,0.0,0.0,0.0,0.0,0.0,0.0,0.0,0.0,0.0,0.0,0.0,0.0,1.0
2984.0,49.733333333333334,注入驱油隔离液,0.0,0.0,0.0,0.0,0.0,0.0,0.0,0.0,0.0,0.0,0.0,0.0,0.0,1.0
2988.0,49.8,注入驱油隔离液,0.0,0.0,0.0,0.0,0.0,0.0,0.0,0.0,0.0,0.0,0.0,0.0,0.0,1.0
2992.0,49.86666666666667,注入驱油隔离液,0.0,0.0,0.0,0.0,0.0,0.0,0.0,0.0,0.0,0.0,0.0,0.0,0.0,1.0
2996.0,49.93333333333333,注入驱油隔离液,0.0,0.0,0.0,0.0,0.0,0.0,0.0,0.0,0.0,0.0,0.0,0.0,0.0,1.0
3000.0,50.0,注入驱油隔离液,0.0,0.0,0.0,0.0,0.0,0.0,0.0,0.0,0.0,0.0,0.0,0.0,0.0,1.0
3004.0,50.06666666666667,注入驱油隔离液,0.0,0.0,0.0,0.0,0.0,0.0,0.0,0.0,0.0,0.0,0.0,0.0,0.0,1.0
3008.0,50.13333333333333,注入驱油隔离液,0.0,0.0,0.0,0.0,0.0,0.0,0.0,0.0,0.0,0.0,0.0,0.0,0.0,1.0
3012.0,50.2,注入驱油隔离液,0.0,0.0,0.0,0.0,0.0,0.0,0.0,0.0,0.0,0.0,0.0,0.0,0.0,1.0
3016.0,50.266666666666666,注入驱油隔离液,0.0,0.0,0.0,0.0,0.0,0.0,0.0,0.0,0.0,0.0,0.0,0.0,0.0,1.0
3020.0,50.333333333333336,注入驱油隔离液,0.0,0.0,0.0,0.0,0.0,0.0,0.0,0.0,0.0,0.0,0.0,0.0,0.0,1.0
3024.0,50.4,注入驱油隔离液,0.0,0.0,0.0,0.0,0.0,0.0,0.0,0.0,0.0,0.0,0.0,0.0,0.0,1.0
3028.0,50.46666666666667,注入驱油隔离液,0.0,0.0,0.0,0.0,0.0,0.0,0.0,0.0,0.0,0.0,0.0,0.0,0.0,1.0
3032.0,50.53333333333333,注入驱油隔离液,0.0,0.0,0.0,0.0,0.0,0.0,0.0,0.0,0.0,0.0,0.0,0.0,0.0,1.0
3036.0,50.6,注入驱油隔离液,0.0,0.0,0.0,0.0,0.0,0.0,0.0,0.0,0.0,0.0,0.0,0.0,0.0,1.0
3040.0,50.666666666666664,注入驱油隔离液,0.0,0.0,0.0,0.0,0.0,0.0,0.0,0.0,0.0,0.0,0.0,0.0,0.0,1.0
3044.0,50.733333333333334,注入驱油隔离液,0.0,0.0,0.0,0.0,0.0,0.0,0.0,0.0,0.0,0.0,0.0,0.0,0.0,1.0
3048.0,50.8,注入驱油隔离液,0.0,0.0,0.0,0.0,0.0,0.0,0.0,0.0,0.0,0.0,0.0,0.0,0.0,1.0
3052.0,50.86666666666667,注入驱油隔离液,0.0,0.0,0.0,0.0,0.0,0.0,0.0,0.0,0.0,0.0,0.0,0.0,0.0,1.0
3056.0,50.93333333333333,注入驱油隔离液,0.0,0.0,0.0,0.0,0.0,0.0,0.0,0.0,0.0,0.0,0.0,0.0,0.0,1.0
3060.0,51.0,注入驱油隔离液,0.0,0.0,0.0,0.0,0.0,0.0,0.0,0.0,0.0,0.0,0.0,0.0,0.0,1.0
3064.0,51.06666666666667,注入驱油隔离液,0.0,0.0,0.0,0.0,0.0,0.0,0.0,0.0,0.0,0.0,0.0,0.0,0.0,1.0
3068.0,51.13333333333333,注入驱油隔离液,0.0,0.0,0.0,0.0,0.0,0.0,0.0,0.0,0.0,0.0,0.0,0.0,0.0,1.0
3072.0,51.2,注入驱油隔离液,0.0,0.0,0.0,0.0,0.0,0.0,0.0,0.0,0.0,0.0,0.0,0.0,0.0,1.0
3076.0,51.266666666666666,注入驱油隔离液,0.0,0.0,0.0,0.0,0.0,0.0,0.0,0.0,0.0,0.0,0.0,0.0,0.0,1.0
3080.0,51.333333333333336,注入驱油隔离液,0.0,0.0,0.0,0.0,0.0,0.0,0.0,0.0,0.0,0.0,0.0,0.0,0.0,1.0
3084.0,51.4,注入驱油隔离液,0.0,0.0,0.0,0.0,0.0,0.0,0.0,0.0,0.0,0.0,0.0,0.0,0.0,1.0
3088.0,51.46666666666667,注入驱油隔离液,0.0,0.0,0.0,0.0,0.0,0.0,0.0,0.0,0.0,0.0,0.0,0.0,0.0,1.0
3092.0,51.53333333333333,注入驱油隔离液,0.0,0.0,0.0,0.0,0.0,0.0,0.0,0.0,0.0,0.0,0.0,0.0,0.0,1.0
3096.0,51.6,注入驱油隔离液,0.0,0.0,0.0,0.0,0.0,0.0,0.0,0.0,0.0,0.0,0.0,0.0,0.0,1.0
3100.0,51.666666666666664,注入驱油隔离液,0.0,0.0,0.0,0.0,0.0,0.0,0.0,0.0,0.0,0.0,0.0,0.0,0.0,1.0
3104.0,51.733333333333334,注入驱油隔离液,0.0,0.0,0.0,0.0,0.0,0.0,0.0,0.0,0.0,0.0,0.0,0.0,0.0,1.0
3108.0,51.8,注入驱油隔离液,0.0,0.0,0.0,0.0,0.0,0.0,0.0,0.0,0.0,0.0,0.0,0.0,0.0,1.0
3112.0,51.86666666666667,注入驱油隔离液,0.0,0.0,0.0,0.0,0.0,0.0,0.0,0.0,0.0,0.0,0.0,0.0,0.0,1.0
3116.0,51.93333333333333,注入驱油隔离液,0.0,0.0,0.0,0.0,0.0,0.0,0.0,0.0,0.0,0.0,0.0,0.0,0.0,1.0
3120.0,52.0,注入驱油隔离液,0.0,0.0,0.0,0.0,0.0,0.0,0.0,0.0,0.0,0.0,0.0,0.0,0.0,1.0
3124.0,52.06666666666667,注入驱油隔离液,0.0,0.0,0.0,0.0,0.0,0.0,0.0,0.0,0.0,0.0,0.0,0.0,0.0,1.0
3128.0,52.13333333333333,注入驱油隔离液,0.0,0.0,0.0,0.0,0.0,0.0,0.0,0.0,0.0,0.0,0.0,0.0,0.0,1.0
3132.0,52.2,注入驱油隔离液,0.0,0.0,0.0,0.0,0.0,0.0,0.0,0.0,0.0,0.0,0.0,0.0,0.0,1.0
3136.0,52.266666666666666,注入驱油隔离液,0.0,0.0,0.0,0.0,0.0,0.0,0.0,0.0,0.0,0.0,0.0,0.0,0.0,1.0
3140.0,52.333333333333336,注入驱油隔离液,0.0,0.0,0.0,0.0,0.0,0.0,0.0,0.0,0.0,0.0,0.0,0.0,0.0,1.0
3144.0,52.4,注入驱油隔离液,0.0,0.0,0.0,0.0,0.0,0.0,0.0,0.0,0.0,0.0,0.0,0.0,0.0,1.0
3148.0,52.46666666666667,注入驱油隔离液,0.0,0.0,0.0,0.0,0.0,0.0,0.0,0.0,0.0,0.0,0.0,0.0,0.0,1.0
3152.0,52.53333333333333,注入驱油隔离液,0.0,0.0,0.0,0.0,0.0,0.0,0.0,0.0,0.0,0.0,0.0,0.0,0.0,1.0
3156.0,52.6,注入驱油隔离液,0.0,0.0,0.0,0.0,0.0,0.0,0.0,0.0,0.0,0.0,0.0,0.0,0.0,1.0
3160.0,52.666666666666664,注入驱油隔离液,0.0,0.0,0.0,0.0,0.0,0.0,0.0,0.0,0.0,0.0,0.0,0.0,0.0,1.0
3164.0,52.733333333333334,注入驱油隔离液,0.0,0.0,0.0,0.0,0.0,0.0,0.0,0.0,0.0,0.0,0.0,0.0,0.0,1.0
3168.0,52.8,注入驱油隔离液,0.0,0.0,0.0,0.0,0.0,0.0,0.0,0.0,0.0,0.0,0.0,0.0,0.0,1.0
3172.0,52.86666666666667,注入驱油隔离液,0.0,0.0,0.0,0.0,0.0,0.0,0.0,0.0,0.0,0.0,0.0,0.0,0.0,1.0
3176.0,52.93333333333333,注入驱油隔离液,0.0,0.0,0.0,0.0,0.0,0.0,0.0,0.0,0.0,0.0,0.0,0.0,0.0,1.0
3180.0,53.0,注入驱油隔离液,0.0,0.0,0.0,0.0,0.0,0.0,0.0,0.0,0.0,0.0,0.0,0.0,0.0,1.0
3184.0,53.06666666666667,注入驱油隔离液,0.0,0.0,0.0,0.0,0.0,0.0,0.0,0.0,0.0,0.0,0.0,0.0,0.0,1.0
3188.0,53.13333333333333,注入驱油隔离液,0.0,0.0,0.0,0.0,0.0,0.0,0.0,0.0,0.0,0.0,0.0,0.0,0.0,1.0
3192.0,53.2,注入驱油隔离液,0.0,0.0,0.0,0.0,0.0,0.0,0.0,0.0,0.0,0.0,0.0,0.0,0.0,1.0
3196.0,53.266666666666666,注入驱油隔离液,0.0,0.0,0.0,0.0,0.0,0.0,0.0,0.0,0.0,0.0,0.0,0.0,0.0,1.0
3200.0,53.333333333333336,注入驱油隔离液,0.0,0.0,0.0,0.0,0.0,0.0,0.0,0.0,0.0,0.0,0.0,0.0,0.0,1.0
3204.0,53.4,注入驱油隔离液,0.0,0.0,0.0,0.0,0.0,0.0,0.0,0.0,0.0,0.0,0.0,0.0,0.0,1.0
3208.0,53.46666666666667,注入驱油隔离液,0.0,0.0,0.0,0.0,0.0,0.0,0.0,0.0,0.0,0.0,0.0,0.0,0.0,1.0
3212.0,53.53333333333333,注入驱油隔离液,0.0,0.0,0.0,0.0,0.0,0.0,0.0,0.0,0.0,0.0,0.0,0.0,0.0,1.0
3216.0,53.6,注入驱油隔离液,0.0,0.0,0.0,0.0,0.0,0.0,0.0,0.0,0.0,0.0,0.0,0.0,0.0,1.0
3220.0,53.666666666666664,注入驱油隔离液,0.0,0.0,0.0,0.0,0.0,0.0,0.0,0.0,0.0,0.0,0.0,0.0,0.0,1.0
3224.0,53.733333333333334,注入驱油隔离液,0.0,0.0,0.0,0.0,0.0,0.0,0.0,0.0,0.0,0.0,0.0,0.0,0.0,1.0
3228.0,53.8,注入驱油隔离液,0.0,0.0,0.0,0.0,0.0,0.0,0.0,0.0,0.0,0.0,0.0,0.0,0.0,1.0
3232.0,53.86666666666667,注入驱油隔离液,0.0,0.0,0.0,0.0,0.0,0.0,0.0,0.0,0.0,0.0,0.0,0.0,0.0,1.0
3236.0,53.93333333333333,注入驱油隔离液,0.0,0.0,0.0,0.0,0.0,0.0,0.0,0.0,0.0,0.0,0.0,0.0,0.0,1.0
3240.0,54.0,注入驱油隔离液,0.0,0.0,0.0,0.0,0.0,0.0,0.0,0.0,0.0,0.0,0.0,0.0,0.0,1.0
3244.0,54.06666666666667,注入驱油隔离液,0.0,0.0,0.0,0.0,0.0,0.0,0.0,0.0,0.0,0.0,0.0,0.0,0.0,1.0
3248.0,54.13333333333333,注入驱油隔离液,0.0,0.0,0.0,0.0,0.0,0.0,0.0,0.0,0.0,0.0,0.0,0.0,0.0,1.0
3252.0,54.2,注入驱油隔离液,0.0,0.0,0.0,0.0,0.0,0.0,0.0,0.0,0.0,0.0,0.0,0.0,0.0,1.0
3256.0,54.266666666666666,注入驱油隔离液,0.0,0.0,0.0,0.0,0.0,0.0,0.0,0.0,0.0,0.0,0.0,0.0,0.0,1.0
3260.0,54.333333333333336,注入驱油隔离液,0.0,0.0,0.0,0.0,0.0,0.0,0.0,0.0,0.0,0.0,0.0,0.0,0.0,1.0
3264.0,54.4,注入驱油隔离液,0.0,0.0,0.0,0.0,0.0,0.0,0.0,0.0,0.0,0.0,0.0,0.0,0.0,1.0
3268.0,54.46666666666667,注入驱油隔离液,0.0,0.0,0.0,0.0,0.0,0.0,0.0,0.0,0.0,0.0,0.0,0.0,0.0,1.0
3272.0,54.53333333333333,注入驱油隔离液,0.0,0.0,0.0,0.0,0.0,0.0,0.0,0.0,0.0,0.0,0.0,0.0,0.0,1.0
3276.0,54.6,注入驱油隔离液,0.0,0.0,0.0,0.0,0.0,0.0,0.0,0.0,0.0,0.0,0.0,0.0,0.0,1.0
3280.0,54.666666666666664,注入驱油隔离液,0.0,0.0,0.0,0.0,0.0,0.0,0.0,0.0,0.0,0.0,0.0,0.0,0.0,1.0
3284.0,54.733333333333334,注入驱油隔离液,0.0,0.0,0.0,0.0,0.0,0.0,0.0,0.0,0.0,0.0,0.0,0.0,0.0,1.0
3288.0,54.8,注入驱油隔离液,0.0,0.0,0.0,0.0,0.0,0.0,0.0,0.0,0.0,0.0,0.0,0.0,0.0,1.0
3292.0,54.86666666666667,注入驱油隔离液,0.0,0.0,0.0,0.0,0.0,0.0,0.0,0.0,0.0,0.0,0.0,0.0,0.0,1.0
3296.0,54.93333333333333,注入驱油隔离液,0.0,0.0,0.0,0.0,0.0,0.0,0.0,0.0,0.0,0.0,0.0,0.0,0.0,1.0
3300.0,55.0,注入驱油隔离液,0.0,0.0,0.0,0.0,0.0,0.0,0.0,0.0,0.0,0.0,0.0,0.0,0.0,1.0
3304.0,55.06666666666667,注入驱油隔离液,0.0,0.0,0.0,0.0,0.0,0.0,0.0,0.0,0.0,0.0,0.0,0.0,0.0,1.0
3308.0,55.13333333333333,注入驱油隔离液,0.0,0.0,0.0,0.0,0.0,0.0,0.0,0.0,0.0,0.0,0.0,0.0,0.0,1.0
3312.0,55.2,注入驱油隔离液,0.0,0.0,0.0,0.0,0.0,0.0,0.0,0.0,0.0,0.0,0.0,0.0,0.0,1.0
3316.0,55.266666666666666,注入驱油隔离液,0.0,0.0,0.0,0.0,0.0,0.0,0.0,0.0,0.0,0.0,0.0,0.0,0.0,1.0
3320.0,55.333333333333336,注入驱油隔离液,0.0,0.0,0.0,0.0,0.0,0.0,0.0,0.0,0.0,0.0,0.0,0.0,0.0,1.0
3324.0,55.4,注入驱油隔离液,0.0,0.0,0.0,0.0,0.0,0.0,0.0,0.0,0.0,0.0,0.0,0.0,0.0,1.0
3328.0,55.46666666666667,注入驱油隔离液,0.0,0.0,0.0,0.0,0.0,0.0,0.0,0.0,0.0,0.0,0.0,0.0,0.0,1.0
3332.0,55.53333333333333,注入驱油隔离液,0.0,0.0,0.0,0.0,0.0,0.0,0.0,0.0,0.0,0.0,0.0,0.0,0.0,1.0
3336.0,55.6,注入驱油隔离液,0.0,0.0,0.0,0.0,0.0,0.0,0.0,0.0,0.0,0.0,0.0,0.0,0.0,1.0
3340.0,55.666666666666664,注入驱油隔离液,0.0,0.0,0.0,0.0,0.0,0.0,0.0,0.0,0.0,0.0,0.0,0.0,0.0,1.0
3344.0,55.733333333333334,注入驱油隔离液,0.0,0.0,0.0,0.0,0.0,0.0,0.0,0.0,0.0,0.0,0.0,0.0,0.0,1.0
3348.0,55.8,注入驱油隔离液,0.0,0.0,0.0,0.0,0.0,0.0,0.0,0.0,0.0,0.0,0.0,0.0,0.0,1.0
3352.0,55.86666666666667,注入驱油隔离液,0.0,0.0,0.0,0.0,0.0,0.0,0.0,0.0,0.0,0.0,0.0,0.0,0.0,0.997976
3356.0,55.93333333333333,注入驱油隔离液,0.0,0.0,0.0,0.0,0.0,0.0,0.0,0.0,0.0,0.0,0.0,0.0,0.0,0.9969314692853631
3360.0,56.0,注入驱油隔离液,0.0,0.0,0.0,0.0,0.0,0.0,0.0,0.0,0.0,0.0,0.0,0.0,0.0,0.9958849979520686
3364.0,56.06666666666667,注入驱油隔离液,0.0,0.0,0.0,0.0,0.0,0.0,0.0,0.0,0.0,0.0,0.0,0.0,0.0,0.994838504003191
3368.0,56.13333333333333,注入驱油隔离液,0.0,0.0,0.0,0.0,0.0,0.0,0.0,0.0,0.0,0.0,0.0,0.0,0.0,0.9937918174691968
3372.0,56.2,注入驱油隔离液,0.0,0.0,0.0,0.0,0.0,0.0,0.0,0.0,0.0,0.0,0.0,0.0,0.0,0.9927446299159919
3376.0,56.266666666666666,注入驱油隔离液,0.0,0.0,0.0,0.0,0.0,0.0,0.0,0.0,0.0,0.0,0.0,0.0,0.0,0.9916969549540549
3380.0,56.333333333333336,注入驱油隔离液,0.0,0.0,0.0,0.0,0.0,0.0,0.0,0.0,0.0,0.0,0.0,0.0,0.0,0.9906487944362817
3384.0,56.4,注入驱油隔离液,0.0,0.0,0.0,0.0,0.0,0.0,0.0,0.0,0.0,0.0,0.0,0.0,0.0,0.9896003006697358
3388.0,56.46666666666667,注入驱油隔离液,0.0,0.0,0.0,0.0,0.0,0.0,0.0,0.0,0.0,0.0,0.0,0.0,0.0,0.9885514672982557
3392.0,56.53333333333333,注入驱油隔离液,0.0,0.0,0.0,0.0,0.0,0.0,0.0,0.0,0.0,0.0,0.0,0.0,0.0,0.9875024167461867
3396.0,56.6,注入驱油隔离液,0.0,0.0,0.0,0.0,0.0,0.0,0.0,0.0,0.0,0.0,0.0,0.0,0.0,0.9864531338457134
3400.0,56.666666666666664,注入驱油隔离液,0.0,0.0,0.0,0.0,0.0,0.0,0.0,0.0,0.0,0.0,0.0,0.0,0.0,0.9854036896489062
3404.0,56.733333333333334,注入驱油隔离液,0.0,0.0,0.0,0.0,0.0,0.0,0.0,0.0,0.0,0.0,0.0,0.0,0.0,0.984354084441496
3408.0,56.8,注入驱油隔离液,0.0,0.0,0.0,0.0,0.0,0.0,0.0,0.0,0.0,0.0,0.0,0.0,0.0,0.9833043439865061
3412.0,56.86666666666667,注入驱油隔离液,0.0,0.0,0.0,0.0,0.0,0.0,0.0,0.0,0.0,0.0,0.0,0.0,0.0,0.9822544888176006
3416.0,56.93333333333333,注入驱油隔离液,0.0,0.0,0.0,0.0,0.0,0.0,0.0,0.0,0.0,0.0,0.0,0.0,0.0,0.9812045159005309
3420.0,57.0,注入驱油隔离液,0.0,0.0,0.0,0.0,0.0,0.0,0.0,0.0,0.0,0.0,0.0,0.0,0.0,0.9801544431774774
3424.0,57.06666666666667,注入驱油隔离液,0.0,0.0,0.0,0.0,0.0,0.0,0.0,0.0,0.0,0.0,0.0,0.0,0.0,0.979104255758241
3428.0,57.13333333333333,注入驱油隔离液,0.0,0.0,0.0,0.0,0.0,0.0,0.0,0.0,0.0,0.0,0.0,0.0,0.0,0.9780539563995543
3432.0,57.2,注入驱油隔离液,0.0,0.0,0.0,0.0,0.0,0.0,0.0,0.0,0.0,0.0,0.0,0.0,0.0,0.9770035290193969
3436.0,57.266666666666666,注入驱油隔离液,0.0,0.0,0.0,0.0,0.0,0.0,0.0,0.0,0.0,0.0,0.0,0.0,0.0,0.9759529599140291
3440.0,57.333333333333336,注入驱油隔离液,0.0,0.0,0.0,0.0,0.0,0.0,0.0,0.0,0.0,0.0,0.0,0.0,0.0,0.9749022315341496
3444.0,57.4,注入驱油隔离液,0.0,0.0,0.0,0.0,0.0,0.0,0.0,0.0,0.0,0.0,0.0,0.0,0.0,0.9738513180669519
3448.0,57.46666666666667,注入驱油隔离液,0.0,0.0,0.0,0.0,0.0,0.0,0.0,0.0,0.0,0.0,0.0,0.0,0.0,0.9728001944705036
3452.0,57.53333333333333,注入驱油隔离液,0.0,0.0,0.0,0.0,0.0,0.0,0.0,0.0,0.0,0.0,0.0,0.0,0.0,0.9717488302973383
3456.0,57.6,注入驱油隔离液,0.0,0.0,0.0,0.0,0.0,0.0,0.0,0.0,0.0,0.0,0.0,0.0,0.0,0.9706971939562041
3460.0,57.666666666666664,注入驱油隔离液,0.0,0.0,0.0,0.0,0.0,0.0,0.0,0.0,0.0,0.0,0.0,0.0,0.0,0.9696452590120405
3464.0,57.733333333333334,注入驱油隔离液,0.0,0.0,0.0,0.0,0.0,0.0,0.0,0.0,0.0,0.0,0.0,0.0,0.0,0.968592993895699
3468.0,57.8,注入驱油隔离液,0.0,0.0,0.0,0.0,0.0,0.0,0.0,0.0,0.0,0.0,0.0,0.0,0.0,0.967540382956499
3472.0,57.86666666666667,注入驱油隔离液,0.0,0.0,0.0,0.0,0.0,0.0,0.0,0.0,0.0,0.0,0.0,0.0,0.0,0.9664874056712217
3476.0,57.93333333333333,注入驱油隔离液,0.0,0.0,0.0,0.0,0.0,0.0,0.0,0.0,0.0,0.0,0.0,0.0,0.0,0.9654340625957372
3480.0,58.0,注入驱油隔离液,0.0,0.0,0.0,0.0,0.0,0.0,0.0,0.0,0.0,0.0,0.0,0.0,0.0,0.964380355561979
3484.0,58.06666666666667,注入驱油隔离液,0.0,0.0,0.0,0.0,0.0,0.0,0.0,0.0,0.0,0.0,0.0,0.0,0.0,0.9633263091995672
3488.0,58.13333333333333,注入驱油隔离液,0.0,0.0,0.0,0.0,0.0,0.0,0.0,0.0,0.0,0.0,0.0,0.0,0.0,0.9622719579051762
3492.0,58.2,注入驱油隔离液,0.0,0.0,0.0,0.0,0.0,0.0,0.0,0.0,0.0,0.0,0.0,0.0,0.0,0.9612173562529449
3496.0,58.266666666666666,注入驱油隔离液,0.0,0.0,0.0,0.0,0.0,0.0,0.0,0.0,0.0,0.0,0.0,0.0,0.0,0.9601625731234029
3500.0,58.333333333333336,注入领浆,0.0,0.0,0.0,0.0,0.0,0.0,0.0,0.0,0.0,0.0,0.0,0.0,0.0,0.959107692811153
3504.0,58.4,注入领浆,0.0,0.0,0.0,0.0,0.0,0.0,0.0,0.0,0.0,0.0,0.0,0.0,0.0,0.9580528122746731
3508.0,58.46666666666667,注入领浆,0.0,0.0,0.0,0.0,0.0,0.0,0.0,0.0,0.0,0.0,0.0,0.0,0.0,0.95699804009045
3512.0,58.53333333333333,注入领浆,0.0,0.0,0.0,0.0,0.0,0.0,0.0,0.0,0.0,0.0,0.0,0.0,0.0,0.9559434917333214
3516.0,58.6,注入领浆,0.0,0.0,0.0,0.0,0.0,0.0,0.0,0.0,0.0,0.0,0.0,0.0,0.0,0.9548892934870059
3520.0,58.666666666666664,注入领浆,0.0,0.0,0.0,0.0,0.0,0.0,0.0,0.0,0.0,0.0,0.0,0.0,0.0,0.9538355743963987
3524.0,58.733333333333334,注入领浆,0.0,0.0,0.0,0.0,0.0,0.0,0.0,0.0,0.0,0.0,0.0,0.0,0.0,0.9527824789165188
3528.0,58.8,注入领浆,0.0,0.0,0.0,0.0,0.0,0.0,0.0,0.0,0.0,0.0,0.0,0.0,0.0,0.9517301547347171
3532.0,58.86666666666667,注入领浆,0.0,0.0,0.0,0.0,0.0,0.0,0.0,0.0,0.0,0.0,0.0,0.0,0.0,0.9506787709685995
3536.0,58.93333333333333,注入领浆,0.0,0.0,0.0,0.0,0.0,0.0,0.0,0.0,0.0,0.0,0.0,0.0,0.0,0.9496285039808786
3540.0,59.0,注入领浆,0.0,0.0,0.0,0.0,0.0,0.0,0.0,0.0,0.0,0.0,0.0,0.0,0.0,0.9485795543191488
3544.0,59.06666666666667,注入领浆,0.0,0.0,0.0,0.0,0.0,0.0,0.0,0.0,0.0,0.0,0.0,0.0,0.0,0.9475321332521826
3548.0,59.13333333333333,注入领浆,0.0,0.0,0.0,0.0,0.0,0.0,0.0,0.0,0.0,0.0,0.0,0.0,0.0,0.9464864702960065
3552.0,59.2,注入领浆,0.0,0.0,0.0,0.0,0.0,0.0,0.0,0.0,0.0,0.0,0.0,0.0,0.0,0.9454428001914285
3556.0,59.266666666666666,注入领浆,0.0,0.0,0.0,0.0,0.0,0.0,0.0,0.0,0.0,0.0,0.0,0.0,0.0,0.9444013585355584
3560.0,59.333333333333336,注入领浆,0.0,0.0,0.0,0.0,0.0,0.0,0.0,0.0,0.0,0.0,0.0,0.0,0.0,0.9433623653044049
3564.0,59.4,注入领浆,0.0,0.0,0.0,0.0,0.0,0.0,0.0,0.0,0.0,0.0,0.0,0.0,0.0,0.9423260226315259
3568.0,59.46666666666667,注入领浆,0.0,0.0,0.0,0.0,0.0,0.0,0.0,0.0,0.0,0.0,0.0,0.0,0.0,0.9412925001372361
3572.0,59.53333333333333,注入领浆,0.0,0.0,0.0,0.0,0.0,0.0,0.0,0.0,0.0,0.0,0.0,0.0,0.0,0.9402619377750984
3576.0,59.6,注入领浆,0.0,0.0,0.0,0.0,0.0,0.0,0.0,0.0,0.0,0.0,0.0,0.0,0.0,0.9392344387857811
3580.0,59.666666666666664,注入领浆,0.0,0.0,0.0,0.0,0.0,0.0,0.0,0.0,0.0,0.0,0.0,0.0,0.0,0.9382100673309964
3584.0,59.733333333333334,注入领浆,0.0,0.0,0.0,0.0,0.0,0.0,0.0,0.0,0.0,0.0,0.0,0.0,0.0,0.9371888484296078
3588.0,59.8,注入领浆,0.0,0.0,0.0,0.0,0.0,0.0,0.0,0.0,0.0,0.0,0.0,0.0,0.0,0.9361707650364569
3592.0,59.86666666666667,注入领浆,0.0,0.0,0.0,0.0,0.0,0.0,0.0,0.0,0.0,0.0,0.0,0.0,0.0,0.9351557632792079
3596.0,59.93333333333333,注入领浆,0.0,0.0,0.0,0.0,0.0,0.0,0.0,0.0,0.0,0.0,0.0,0.0,0.0,0.9341437538907578
3600.0,60.0,注入领浆,0.0,0.0,0.0,0.0,0.0,0.0,0.0,0.0,0.0,0.0,0.0,0.0,0.0,0.9331346176575614
3604.0,60.06666666666667,注入领浆,0.0,0.0,0.0,0.0,0.0,0.0,0.0,0.0,0.0,0.0,0.0,0.0,0.0,0.9321282091785306
3608.0,60.13333333333333,注入领浆,0.0,0.0,0.0,0.0,0.0,0.0,0.0,0.0,0.0,0.0,0.0,0.0,0.0,0.9311243611419723
3612.0,60.2,注入领浆,0.0,0.0,0.0,0.0,0.0,0.0,0.0,0.0,0.0,0.0,0.0,0.0,0.0,0.9301228868953909
3616.0,60.266666666666666,注入领浆,0.0,0.0,0.0,0.0,0.0,0.0,0.0,0.0,0.0,0.0,0.0,0.0,0.0,0.9291235801347946
3620.0,60.333333333333336,注入领浆,0.0,0.0,0.0,0.0,0.0,0.0,0.0,0.0,0.0,0.0,0.0,0.0,0.0,0.9281262160961352
3624.0,60.4,注入领浆,0.0,0.0,0.0,0.0,0.0,0.0,0.0,0.0,0.0,0.0,0.0,0.0,0.0,0.9271305464601739
3628.0,60.46666666666667,注入领浆,0.0,0.0,0.0,0.0,0.0,0.0,0.0,0.0,0.0,0.0,0.0,0.0,0.0,0.9261363002785783
3632.0,60.53333333333333,注入领浆,0.0,0.0,0.0,0.0,0.0,0.0,0.0,0.0,0.0,0.0,0.0,0.0,0.0,0.9251431785672117
3636.0,60.6,注入领浆,0.0,0.0,0.0,0.0,0.0,0.0,0.0,0.0,0.0,0.0,0.0,0.0,0.0,0.9241508530436334
3640.0,60.666666666666664,注入领浆,0.0,0.0,0.0,0.0,0.0,0.0,0.0,0.0,0.0,0.0,0.0,0.0,0.0,0.9231589651901527
3644.0,60.733333333333334,注入领浆,0.0,0.0,0.0,0.0,0.0,0.0,0.0,0.0,0.0,0.0,0.0,0.0,0.0,0.92216712982578
3648.0,60.8,注入领浆,0.0,0.0,0.0,0.0,0.0,0.0,0.0,0.0,0.0,0.0,0.0,0.0,0.0,0.921174936669934
3652.0,60.86666666666667,注入领浆,0.0,0.0,0.0,0.0,0.0,0.0,0.0,0.0,0.0,0.0,0.0,0.0,0.0,0.9201819592828029
3656.0,60.93333333333333,注入领浆,0.0,0.0,0.0,0.0,0.0,0.0,0.0,0.0,0.0,0.0,0.0,0.0,0.0,0.9191877674733898
3660.0,61.0,注入领浆,0.0,0.0,0.0,0.0,0.0,0.0,0.0,0.0,0.0,0.0,0.0,0.0,0.0,0.9181919340986792
3664.0,61.06666666666667,注入领浆,0.0,0.0,0.0,0.0,0.0,0.0,0.0,0.0,0.0,0.0,0.0,0.0,0.0,0.91719405214182
3668.0,61.13333333333333,注入领浆,0.0,0.0,0.0,0.0,0.0,0.0,0.0,0.0,0.0,0.0,0.0,0.0,0.0,0.9161937442588359
3672.0,61.2,注入领浆,0.0,0.0,0.0,0.0,0.0,0.0,0.0,0.0,0.0,0.0,0.0,0.0,0.0,0.9151906774696507
3676.0,61.266666666666666,注入领浆,0.0,0.0,0.0,0.0,0.0,0.0,0.0,0.0,0.0,0.0,0.0,0.0,0.0,0.9141845709512824
3680.0,61.333333333333336,注入领浆,0.0,0.0,0.0,0.0,0.0,0.0,0.0,0.0,0.0,0.0,0.0,0.0,0.0,0.9131752061423359
3684.0,61.4,注入领浆,0.0,0.0,0.0,0.0,0.0,0.0,0.0,0.0,0.0,0.0,0.0,0.0,0.0,0.912162433611845
3688.0,61.46666666666667,注入领浆,0.0,0.0,0.0,0.0,0.0,0.0,0.0,0.0,0.0,0.0,0.0,0.0,0.0,0.9111461773991568
3692.0,61.53333333333333,注入领浆,0.0,0.0,0.0,0.0,0.0,0.0,0.0,0.0,0.0,0.0,0.0,0.0,0.0,0.9101264326383134
3696.0,61.6,注入领浆,0.0,0.0,0.0,0.0,0.0,0.0,0.0,0.0,0.0,0.0,0.0,0.0,0.0,0.9091032675411952
3700.0,61.666666666666664,注入领浆,0.0,0.0,0.0,0.0,0.0,0.0,0.0,0.0,0.0,0.0,0.0,0.0,0.0,0.9080768178926247
3704.0,61.733333333333334,注入领浆,0.0,0.0,0.0,0.0,0.0,0.0,0.0,0.0,0.0,0.0,0.0,0.0,0.0,0.9070472732920407
3708.0,61.8,注入领浆,0.0,0.0,0.0,0.0,0.0,0.0,0.0,0.0,0.0,0.0,0.0,0.0,0.0,0.9060148628966099
3712.0,61.86666666666667,注入领浆,0.0,0.0,0.0,0.0,0.0,0.0,0.0,0.0,0.0,0.0,0.0,0.0,0.0,0.9049798414836394
3716.0,61.93333333333333,注入领浆,0.0,0.0,0.0,0.0,0.0,0.0,0.0,0.0,0.0,0.0,0.0,0.0,0.0,0.903942476173355
3720.0,62.0,注入领浆,0.0,0.0,0.0,0.0,0.0,0.0,0.0,0.0,0.0,0.0,0.0,0.0,0.0,0.9029030341020845
3724.0,62.06666666666667,注入领浆,0.0,0.0,0.0,0.0,0.0,0.0,0.0,0.0,0.0,0.0,0.0,0.0,0.0,0.901861771141485
3728.0,62.13333333333333,注入领浆,0.0,0.0,0.0,0.0,0.0,0.0,0.0,0.0,0.0,0.0,0.0,0.0,0.0,0.9008189245600593
3732.0,62.2,注入领浆,0.0,0.0,0.0,0.0,0.0,0.0,0.0,0.0,0.0,0.0,0.0,0.0,0.0,0.8997747068547794
3736.0,62.266666666666666,注入领浆,0.0,0.0,0.0,0.0,0.0,0.0,0.0,0.0,0.0,0.0,0.0,0.0,0.0,0.8987293001638363
3740.0,62.333333333333336,注入领浆,0.0,0.0,0.0,0.0,0.0,0.0,0.0,0.0,0.0,0.0,0.0,0.0,0.0,0.8976828522853993
3744.0,62.4,注入领浆,0.0,0.0,0.0,0.0,0.0,0.0,0.0,0.0,0.0,0.0,0.0,0.0,0.0,0.8966354721261192
3748.0,62.46666666666667,注入领浆,0.0,0.0,0.0,0.0,0.0,0.0,0.0,0.0,0.0,0.0,0.0,0.0,0.0,0.8955872321233331
3752.0,62.53333333333333,注入领浆,0.0,0.0,0.0,0.0,0.0,0.0,0.0,0.0,0.0,0.0,0.0,0.0,0.0,0.8945381700160964
3756.0,62.6,注入领浆,0.0,0.0,0.0,0.0,0.0,0.0,0.0,0.0,0.0,0.0,0.0,0.0,0.0,0.893488293362571
3760.0,62.666666666666664,注入领浆,0.0,0.0,0.0,0.0,0.0,0.0,0.0,0.0,0.0,0.0,0.0,0.0,0.0,0.892437587500385
3764.0,62.733333333333334,注入领浆,0.0,0.0,0.0,0.0,0.0,0.0,0.0,0.0,0.0,0.0,0.0,0.0,0.0,0.8913860211511703
3768.0,62.8,注入领浆,0.0,0.0,0.0,0.0,0.0,0.0,0.0,0.0,0.0,0.0,0.0,0.0,0.0,0.8903335544007397
3772.0,62.86666666666667,注入领浆,0.0,0.0,0.0,0.0,0.0,0.0,0.0,0.0,0.0,0.0,0.0,0.0,0.0,0.8892801444788813
3776.0,62.93333333333333,注入领浆,0.0,0.0,0.0,0.0,0.0,0.0,0.0,0.0,0.0,0.0,0.0,0.0,0.0,0.8882257513186838
3780.0,63.0,注入领浆,0.0,0.0,0.0,0.0,0.0,0.0,0.0,0.0,0.0,0.0,0.0,0.0,0.0,0.8871703447395692
3784.0,63.06666666666667,注入领浆,0.0,0.0,0.0,0.0,0.0,0.0,0.0,0.0,0.0,0.0,0.0,0.0,0.0,0.8861139050583126
3788.0,63.13333333333333,注入领浆,0.0,0.0,0.0,0.0,0.0,0.0,0.0,0.0,0.0,0.0,0.0,0.0,0.0,0.8850564283600636
3792.0,63.2,注入领浆,0.0,0.0,0.0,0.0,0.0,0.0,0.0,0.0,0.0,0.0,0.0,0.0,0.0,0.8839979290542734
3796.0,63.266666666666666,注入领浆,0.0,0.0,0.0,0.0,0.0,0.0,0.0,0.0,0.0,0.0,0.0,0.0,0.0,0.8829384392152926
3800.0,63.333333333333336,注入领浆,0.0,0.0,0.0,0.0,0.0,0.0,0.0,0.0,0.0,0.0,0.0,0.0,0.0,0.8818780050553553
3804.0,63.4,注入领浆,0.0,0.0,0.0,0.0,0.0,0.0,0.0,0.0,0.0,0.0,0.0,0.0,0.0,0.8808166869775454
3808.0,63.46666666666667,注入领浆,0.0,0.0,0.0,0.0,0.0,0.0,0.0,0.0,0.0,0.0,0.0,0.0,0.0,0.8797545541956604
3812.0,63.53333333333333,注入领浆,0.0,0.0,0.0,0.0,0.0,0.0,0.0,0.0,0.0,0.0,0.0,0.0,0.0,0.8786916829282618
3816.0,63.6,注入领浆,0.0,0.0,0.0,0.0,0.0,0.0,0.0,0.0,0.0,0.0,0.0,0.0,0.0,0.8776281512257252
3820.0,63.666666666666664,注入领浆,0.0,0.0,0.0,0.0,0.0,0.0,0.0,0.0,0.0,0.0,0.0,0.0,0.0,0.8765640368416864
3824.0,63.733333333333334,注入领浆,0.0,0.0,0.0,0.0,0.0,0.0,0.0,0.0,0.0,0.0,0.0,0.0,0.0,0.8754994133255365
3828.0,63.8,注入领浆,0.0,0.0,0.0,0.0,0.0,0.0,0.0,0.0,0.0,0.0,0.0,0.0,0.0,0.8744343482818986
3832.0,63.86666666666667,注入领浆,0.0,0.0,0.0,0.0,0.0,0.0,0.0,0.0,0.0,0.0,0.0,0.0,0.0,0.8733689015949312
3836.0,63.93333333333333,注入领浆,0.0,0.0,0.0,0.0,0.0,0.0,0.0,0.0,0.0,0.0,0.0,0.0,0.0,0.8723031256048133
3840.0,64.0,注入领浆,0.0,0.0,0.0,0.0,0.0,0.0,0.0,0.0,0.0,0.0,0.0,0.0,0.0,0.8712370613927144
3844.0,64.06666666666666,注入领浆,0.0,0.0,0.0,0.0,0.0,0.0,0.0,0.0,0.0,0.0,0.0,0.0,0.0,0.8701707400679974
3848.0,64.13333333333334,注入领浆,0.0,0.0,0.0,0.0,0.0,0.0,0.0,0.0,0.0,0.0,0.0,0.0,0.0,0.8691041819868196
3852.0,64.2,注入领浆,0.0,0.0,0.0,0.0,0.0,0.0,0.0,0.0,0.0,0.0,0.0,0.0,0.0,0.8680373994204263
3856.0,64.26666666666667,注入领浆,0.0,0.0,0.0,0.0,0.0,0.0,0.0,0.0,0.0,0.0,0.0,0.0,0.0,0.8669703978406021
3860.0,64.33333333333333,注入领浆,0.0,0.0,0.0,0.0,0.0,0.0,0.0,0.0,0.0,0.0,0.0,0.0,0.0,0.8659031783409195
3864.0,64.4,注入领浆,0.0,0.0,0.0,0.0,0.0,0.0,0.0,0.0,0.0,0.0,0.0,0.0,0.0,0.8648357401132681
3868.0,64.46666666666667,注入领浆,0.0,0.0,0.0,0.0,0.0,0.0,0.0,0.0,0.0,0.0,0.0,0.0,0.0,0.8637680823321774
3872.0,64.53333333333333,注入领浆,0.0,0.0,0.0,0.0,0.0,0.0,0.0,0.0,0.0,0.0,0.0,0.0,0.0,0.8627002072739229
3876.0,64.6,注入领浆,0.0,0.0,0.0,0.0,0.0,0.0,0.0,0.0,0.0,0.0,0.0,0.0,0.0,0.8616321202182066
3880.0,64.66666666666667,注入领浆,0.0,0.0,0.0,0.0,0.0,0.0,0.0,0.0,0.0,0.0,0.0,0.0,0.0,0.8605638333519627
3884.0,64.73333333333333,注入领浆,0.0,0.0,0.0,0.0,0.0,0.0,0.0,0.0,0.0,0.0,0.0,0.0,0.0,0.8594953655493968
3888.0,64.8,注入领浆,0.0,0.0,0.0,0.0,0.0,0.0,0.0,0.0,0.0,0.0,0.0,0.0,0.0,0.858426743223351
3892.0,64.86666666666666,注入领浆,0.0,0.0,0.0,0.0,0.0,0.0,0.0,0.0,0.0,0.0,0.0,0.0,0.0,0.8573579999430169
3896.0,64.93333333333334,注入领浆,0.0,0.0,0.0,0.0,0.0,0.0,0.0,0.0,0.0,0.0,0.0,0.0,0.0,0.8562891752834761
3900.0,65.0,注入领浆,0.0,0.0,0.0,0.0,0.0,0.0,0.0,0.0,0.0,0.0,0.0,0.0,0.0,0.8552203136787188
3904.0,65.06666666666666,注入领浆,0.0,0.0,0.0,0.0,0.0,0.0,0.0,0.0,0.0,0.0,0.0,0.0,0.0,0.8541514634089071
3908.0,65.13333333333334,注入领浆,0.0,0.0,0.0,0.0,0.0,0.0,0.0,0.0,0.0,0.0,0.0,0.0,0.0,0.8530826743410258
3912.0,65.2,注入领浆,0.0,0.0,0.0,0.0,0.0,0.0,0.0,0.0,0.0,0.0,0.0,0.0,0.0,0.8520139967574057
3916.0,65.26666666666667,注入领浆,0.0,0.0,0.0,0.0,0.0,0.0,0.0,0.0,0.0,0.0,0.0,0.0,0.0,0.8509454792599712
3920.0,65.33333333333333,注入领浆,0.0,0.0,0.0,0.0,0.0,0.0,0.0,0.0,0.0,0.0,0.0,0.0,0.0,0.8498771670706241
3924.0,65.4,注入领浆,0.0,0.0,0.0,0.0,0.0,0.0,0.0,0.0,0.0,0.0,0.0,0.0,0.0,0.8488091004298287
3928.0,65.46666666666667,注入领浆,0.0,0.0,0.0,0.0,0.0,0.0,0.0,0.0,0.0,0.0,0.0,0.0,0.0,0.8477413139218123
3932.0,65.53333333333333,注入领浆,0.0,0.0,0.0,0.0,0.0,0.0,0.0,0.0,0.0,0.0,0.0,0.0,0.0,0.846673835120382
3936.0,65.6,注入领浆,0.0,0.0,0.0,0.0,0.0,0.0,0.0,0.0,0.0,0.0,0.0,0.0,0.0,0.8456066854367442
3940.0,65.66666666666667,注入领浆,0.0,0.0,0.0,0.0,0.0,0.0,0.0,0.0,0.0,0.0,0.0,0.0,0.0,0.8445398771186421
3944.0,65.73333333333333,注入领浆,0.0,0.0,0.0,0.0,0.0,0.0,0.0,0.0,0.0,0.0,0.0,0.0,0.0,0.8434734144715598
3948.0,65.8,注入领浆,0.0,0.0,0.0,0.0,0.0,0.0,0.0,0.0,0.0,0.0,0.0,0.0,0.0,0.8424072938200907
3952.0,65.86666666666666,注入领浆,0.0,0.0,0.0,0.0,0.0,0.0,0.0,0.0,0.0,0.0,0.0,0.0,0.0,0.8413415038468617
3956.0,65.93333333333334,注入领浆,0.0,0.0,0.0,0.0,0.0,0.0,0.0,0.0,0.0,0.0,0.0,0.0,0.0,0.8402760269798364
3960.0,66.0,注入领浆,0.0,0.0,0.0,0.0,0.0,0.0,0.0,0.0,0.0,0.0,0.0,0.0,0.0,0.8392108397284938
3964.0,66.06666666666666,注入领浆,0.0,0.0,0.0,0.0,0.0,0.0,0.0,0.0,0.0,0.0,0.0,0.0,0.0,0.8381459149562211
3968.0,66.13333333333334,注入领浆,0.0,0.0,0.0,0.0,0.0,0.0,0.0,0.0,0.0,0.0,0.0,0.0,0.0,0.8370812217926398
3972.0,66.2,注入领浆,0.0,0.0,0.0,0.0,0.0,0.0,0.0,0.0,0.0,0.0,0.0,0.0,0.0,0.836016728600956
3976.0,66.26666666666667,注入领浆,0.0,0.0,0.0,0.0,0.0,0.0,0.0,0.0,0.0,0.0,0.0,0.0,0.0,0.8349524024598786
3980.0,66.33333333333333,注入领浆,0.0,0.0,0.0,0.0,0.0,0.0,0.0,0.0,0.0,0.0,0.0,0.0,0.0,0.833888212219057
3984.0,66.4,注入领浆,0.0,0.0,0.0,0.0,0.0,0.0,0.0,0.0,0.0,0.0,0.0,0.0,0.0,0.8328241287242799
3988.0,66.46666666666667,注入领浆,0.0,0.0,0.0,0.0,0.0,0.0,0.0,0.0,0.0,0.0,0.0,0.0,0.0,0.8317601260440711
3992.0,66.53333333333333,注入领浆,0.0,0.0,0.0,0.0,0.0,0.0,0.0,0.0,0.0,0.0,0.0,0.0,0.0,0.8306961838467108
3996.0,66.6,注入领浆,0.0,0.0,0.0,0.0,0.0,0.0,0.0,0.0,0.0,0.0,0.0,0.0,0.0,0.8296322868900232
4000.0,66.66666666666667,注入领浆,0.0,0.0,0.0,0.0,0.0,0.0,0.0,0.0,0.0,0.0,0.0,0.0,0.0,0.8285684274579221
4004.0,66.73333333333333,注入领浆,0.0,0.0,0.0,0.0,0.0,0.0,0.0,0.0,0.0,0.0,0.0,0.0,0.0,0.8275046046493771
4008.0,66.8,注入领浆,0.0,0.0,0.0,0.0,0.0,0.0,0.0,0.0,0.0,0.0,0.0,0.0,0.0,0.8264408263097283
4012.0,66.86666666666666,注入领浆,0.0,0.0,0.0,0.0,0.0,0.0,0.0,0.0,0.0,0.0,0.0,0.0,0.0,0.8253771080157221
4016.0,66.93333333333334,注入领浆,0.0,0.0,0.0,0.0,0.0,0.0,0.0,0.0,0.0,0.0,0.0,0.0,0.0,0.824313474526794
4020.0,67.0,注入领浆,0.0,0.0,0.0,0.0,0.0,0.0,0.0,0.0,0.0,0.0,0.0,0.0,0.0,0.823249959394407
4024.0,67.06666666666666,注入领浆,0.0,0.0,0.0,0.0,0.0,0.0,0.0,0.0,0.0,0.0,0.0,0.0,0.0,0.8221866047296343
4028.0,67.13333333333334,注入领浆,0.0,0.0,0.0,0.0,0.0,0.0,0.0,0.0,0.0,0.0,0.0,0.0,0.0,0.8211234594124589
4032.0,67.2,注入领浆,0.0,0.0,0.0,0.0,0.0,0.0,0.0,0.0,0.0,0.0,0.0,0.0,0.0,0.820060578542287
4036.0,67.26666666666667,注入领浆,0.0,0.0,0.0,0.0,0.0,0.0,0.0,0.0,0.0,0.0,0.0,0.0,0.0,0.8189980216331249
4040.0,67.33333333333333,注入领浆,0.0,0.0,0.0,0.0,0.0,0.0,0.0,0.0,0.0,0.0,0.0,0.0,0.0,0.817935850943958
4044.0,67.4,注入领浆,0.0,0.0,0.0,0.0,0.0,0.0,0.0,0.0,0.0,0.0,0.0,0.0,0.0,0.8168741301989947
4048.0,67.46666666666667,注入领浆,0.0,0.0,0.0,0.0,0.0,0.0,0.0,0.0,0.0,0.0,0.0,0.0,0.0,0.8158129221720725
4052.0,67.53333333333333,注入领浆,0.0,0.0,0.0,0.0,0.0,0.0,0.0,0.0,0.0,0.0,0.0,0.0,0.0,0.8147522882660594
4056.0,67.6,注入领浆,0.0,0.0,0.0,0.0,0.0,0.0,0.0,0.0,0.0,0.0,0.0,0.0,0.0,0.8136922863431855
4060.0,67.66666666666667,注入领浆,0.0,0.0,0.0,0.0,0.0,0.0,0.0,0.0,0.0,0.0,0.0,0.0,0.0,0.812632970968669
4064.0,67.73333333333333,注入领浆,0.0,0.0,0.0,0.0,0.0,0.0,0.0,0.0,0.0,0.0,0.0,0.0,0.0,0.8115743912358361
4068.0,67.8,注入领浆,0.0,0.0,0.0,0.0,0.0,0.0,0.0,0.0,0.0,0.0,0.0,0.0,0.0,0.8105165919203255
4072.0,67.86666666666666,注入领浆,0.0,0.0,0.0,0.0,0.0,0.0,0.0,0.0,0.0,0.0,0.0,0.0,0.0,0.8094596143130393
4076.0,67.93333333333334,注入领浆,0.0,0.0,0.0,0.0,0.0,0.0,0.0,0.0,0.0,0.0,0.0,0.0,0.0,0.8084034971403509
4080.0,68.0,注入领浆,0.0,0.0,0.0,0.0,0.0,0.0,0.0,0.0,0.0,0.0,0.0,0.0,0.0,0.8073482804178338
4084.0,68.06666666666666,注入领浆,0.0,0.0,0.0,0.0,0.0,0.0,0.0,0.0,0.0,0.0,0.0,0.0,0.0,0.8062940074344015
4088.0,68.13333333333334,注入领浆,0.0,0.0,0.0,0.0,0.0,0.0,0.0,0.0,0.0,0.0,0.0,0.0,0.0,0.8052407283696874
4092.0,68.2,注入领浆,0.0,0.0,0.0,0.0,0.0,0.0,0.0,0.0,0.0,0.0,0.0,0.0,0.0,0.8041885035660236
4096.0,68.26666666666667,注入领浆,0.0,0.0,0.0,0.0,0.0,0.0,0.0,0.0,0.0,0.0,0.0,0.0,0.0,0.8031374092410808
4100.0,68.33333333333333,注入领浆,0.0,0.0,0.0,0.0,0.0,0.0,0.0,0.0,0.0,0.0,0.0,0.0,0.0,0.8020875406725686
4104.0,68.4,注入领浆,0.0,0.0,0.0,0.0,0.0,0.0,0.0,0.0,0.0,0.0,0.0,0.0,0.0,0.8010390169350067
4108.0,68.46666666666667,注入领浆,0.0,0.0,0.0,0.0,0.0,0.0,0.0,0.0,0.0,0.0,0.0,0.0,0.0,0.7999919811810008
4112.0,68.53333333333333,注入领浆,0.0,0.0,0.0,0.0,0.0,0.0,0.0,0.0,0.0,0.0,0.0,0.0,0.0,0.7989466022572662
4116.0,68.6,注入领浆,0.0,0.0,0.0,0.0,0.0,0.0,0.0,0.0,0.0,0.0,0.0,0.0,0.0,0.7979030712193316
4120.0,68.66666666666667,注入领浆,0.0,0.0,0.0,0.0,0.0,0.0,0.0,0.0,0.0,0.0,0.0,0.0,0.0,0.7968615959558648
4124.0,68.73333333333333,注入领浆,0.0,0.0,0.0,0.0,0.0,0.0,0.0,0.0,0.0,0.0,0.0,0.0,0.0,0.795822392820044
4128.0,68.8,注入领浆,0.0,0.0,0.0,0.0,0.0,0.0,0.0,0.0,0.0,0.0,0.0,0.0,0.0,0.794785679856822
4132.0,68.86666666666666,注入领浆,0.0,0.0,0.0,0.0,0.0,0.0,0.0,0.0,0.0,0.0,0.0,0.0,0.0,0.7937516643384329
4136.0,68.93333333333334,注入领浆,0.0,0.0,0.0,0.0,0.0,0.0,0.0,0.0,0.0,0.0,0.0,0.0,0.0,0.7927205268612197
4140.0,69.0,注入领浆,0.0,0.0,0.0,0.0,0.0,0.0,0.0,0.0,0.0,0.0,0.0,0.0,0.0,0.791692402434808
4144.0,69.06666666666666,注入领浆,0.0,0.0,0.0,0.0,0.0,0.0,0.0,0.0,0.0,0.0,0.0,0.0,0.0,0.7906673644200582
4148.0,69.13333333333334,注入领浆,0.0,0.0,0.0,0.0,0.0,0.0,0.0,0.0,0.0,0.0,0.0,0.0,0.0,0.78964540656986
4152.0,69.2,注入领浆,0.0,0.0,0.0,0.0,0.0,0.0,0.0,0.0,0.0,0.0,0.0,0.0,0.0,0.7886264168290429
4156.0,69.26666666666667,注入领浆,0.0,0.0,0.0,0.0,0.0,0.0,0.0,0.0,0.0,0.0,0.0,0.0,0.0,0.7876101555956295
4160.0,69.33333333333333,注入领浆,0.0,0.0,0.0,0.0,0.0,0.0,0.0,0.0,0.0,0.0,0.0,0.0,0.0,0.786596236310275
4164.0,69.4,注入领浆,0.0,0.0,0.0,0.0,0.0,0.0,0.0,0.0,0.0,0.0,0.0,0.0,0.0,0.7855841129851151
4168.0,69.46666666666667,注入领浆,0.0,0.0,0.0,0.0,0.0,0.0,0.0,0.0,0.0,0.0,0.0,0.0,0.0,0.7845730635231566
4172.0,69.53333333333333,注入领浆,0.0,0.0,0.0,0.0,0.0,0.0,0.0,0.0,0.0,0.0,0.0,0.0,0.0,0.783562186323029
4176.0,69.6,注入领浆,0.0,0.0,0.0,0.0,0.0,0.0,0.0,0.0,0.0,0.0,0.0,0.0,0.0,0.7825504085626093
4180.0,69.66666666666667,注入领浆,0.0,0.0,0.0,0.0,0.0,0.0,0.0,0.0,0.0,0.0,0.0,0.0,0.0,0.7815365033933291
4184.0,69.73333333333333,注入领浆,0.0,0.0,0.0,0.0,0.0,0.0,0.0,0.0,0.0,0.0,0.0,0.0,0.0,0.7805191167460764
4188.0,69.8,注入领浆,0.0,0.0,0.0,0.0,0.0,0.0,0.0,0.0,0.0,0.0,0.0,0.0,0.0,0.7794968048383704
4192.0,69.86666666666666,注入领浆,0.0,0.0,0.0,0.0,0.0,0.0,0.0,0.0,0.0,0.0,0.0,0.0,0.0,0.7784680792136123
4196.0,69.93333333333334,注入领浆,0.0,0.0,0.0,0.0,0.0,0.0,0.0,0.0,0.0,0.0,0.0,0.0,0.0,0.7774314550919423
4200.0,70.0,注入领浆,0.0,0.0,0.0,0.0,0.0,0.0,0.0,0.0,0.0,0.0,0.0,0.0,0.0,0.7763854961700581
4204.0,70.06666666666666,注入领浆,0.0,0.0,0.0,0.0,0.0,0.0,0.0,0.0,0.0,0.0,0.0,0.0,0.0,0.7753288546401139
4208.0,70.13333333333334,注入领浆,0.0,0.0,0.0,0.0,0.0,0.0,0.0,0.0,0.0,0.0,0.0,0.0,0.0,0.7742603033655966
4212.0,70.2,注入领浆,0.0,0.0,0.0,0.0,0.0,0.0,0.0,0.0,0.0,0.0,0.0,0.0,0.0,0.7731787561947379
4216.0,70.26666666666667,注入领浆,0.0,0.0,0.0,0.0,0.0,0.0,0.0,0.0,0.0,0.0,0.0,0.0,0.0,0.7720832817168751
4220.0,70.33333333333333,注入领浆,0.0,0.0,0.0,0.0,0.0,0.0,0.0,0.0,0.0,0.0,0.0,0.0,0.0,0.7709731091991212
4224.0,70.4,注入领浆,0.0,0.0,0.0,0.0,0.0,0.0,0.0,0.0,0.0,0.0,0.0,0.0,0.0,0.7698476309030985
4228.0,70.46666666666667,注入领浆,0.0,0.0,0.0,0.0,0.0,0.0,0.0,0.0,0.0,0.0,0.0,0.0,0.0,0.7687064011629117
4232.0,70.53333333333333,注入领浆,0.0,0.0,0.0,0.0,0.0,0.0,0.0,0.0,0.0,0.0,0.0,0.0,0.0,0.7675491289660751
4236.0,70.6,注入领浆,0.0,0.0,0.0,0.0,0.0,0.0,0.0,0.0,0.0,0.0,0.0,0.0,0.0,0.7663756742654311
4240.0,70.66666666666667,注入领浆,0.0,0.0,0.0,0.0,0.0,0.0,0.0,0.0,0.0,0.0,0.0,0.0,0.0,0.7651860426380033
4244.0,70.73333333333333,注入领浆,0.0,0.0,0.0,0.0,0.0,0.0,0.0,0.0,0.0,0.0,0.0,0.0,0.0,0.7639803796323357
4248.0,70.8,注入领浆,0.0,0.0,0.0,0.0,0.0,0.0,0.0,0.0,0.0,0.0,0.0,0.0,0.0,0.7627589622443591
4252.0,70.86666666666666,注入领浆,0.0,0.0,0.0,0.0,0.0,0.0,0.0,0.0,0.0,0.0,0.0,0.0,0.0,0.7615221937053446
4256.0,70.93333333333334,注入领浆,0.0,0.0,0.0,0.0,0.0,0.0,0.0,0.0,0.0,0.0,0.0,0.0,0.0,0.7602705947789893
4260.0,71.0,注入领浆,0.0,0.0,0.0,0.0,0.0,0.0,0.0,0.0,0.0,0.0,0.0,0.0,0.0,0.7590047917915063
4264.0,71.06666666666666,注入领浆,0.0,0.0,0.0,0.0,0.0,0.0,0.0,0.0,0.0,0.0,0.0,0.0,0.0,0.7577255041764086
4268.0,71.13333333333334,注入领浆,0.0,0.0,0.0,0.0,0.0,0.0,0.0,0.0,0.0,0.0,0.0,0.0,0.0,0.7564335302000068
4272.0,71.2,注入领浆,0.0,0.0,0.0,0.0,0.0,0.0,0.0,0.0,0.0,0.0,0.0,0.0,0.0,0.755129729387314
4276.0,71.26666666666667,注入领浆,0.0,0.0,0.0,0.0,0.0,0.0,0.0,0.0,0.0,0.0,0.0,0.0,0.0,0.7538150029348211
4280.0,71.33333333333333,注入领浆,0.0,0.0,0.0,0.0,0.0,0.0,0.0,0.0,0.0,0.0,0.0,0.0,0.0,0.7524902722337709
4284.0,71.4,注入领浆,0.0,0.0,0.0,0.0,0.0,0.0,0.0,0.0,0.0,0.0,0.0,0.0,0.0,0.7511564578304852
4288.0,71.46666666666667,注入领浆,0.0,0.0,0.0,0.0,0.0,0.0,0.0,0.0,0.0,0.0,0.0,0.0,0.0,0.7498144581454755
4292.0,71.53333333333333,注入领浆,0.0,0.0,0.0,0.0,0.0,0.0,0.0,0.0,0.0,0.0,0.0,0.0,0.0,0.7484651327230518
4296.0,71.6,注入领浆,0.0,0.0,0.0,0.0,0.0,0.0,0.0,0.0,0.0,0.0,0.0,0.0,0.0,0.7471092863899091
4300.0,71.66666666666667,注入领浆,0.0,0.0,0.0,0.0,0.0,0.0,0.0,0.0,0.0,0.0,0.0,0.0,0.0,0.7457476605826838
4304.0,71.73333333333333,注入领浆,0.0,0.0,0.0,0.0,0.0,0.0,0.0,0.0,0.0,0.0,0.0,0.0,0.0,0.7443809269036856
4308.0,71.8,注入领浆,0.0,0.0,0.0,0.0,0.0,0.0,0.0,0.0,0.0,0.0,0.0,0.0,0.0,0.7430096843968473
4312.0,71.86666666666666,注入领浆,0.0,0.0,0.0,0.0,0.0,0.0,0.0,0.0,0.0,0.0,0.0,0.0,0.0,0.7416344598554917
4316.0,71.93333333333334,注入领浆,0.0,0.0,0.0,0.0,0.0,0.0,0.0,0.0,0.0,0.0,0.0,0.0,0.0,0.7402557146317263
4320.0,72.0,注入领浆,0.0,0.0,0.0,0.0,0.0,0.0,0.0,0.0,0.0,0.0,0.0,0.0,0.0,0.7388738489206735
4324.0,72.06666666666666,注入领浆,0.0,0.0,0.0,0.0,0.0,0.0,0.0,0.0,0.0,0.0,0.0,0.0,0.0,0.7374892082106569
4328.0,72.13333333333334,注入领浆,0.0,0.0,0.0,0.0,0.0,0.0,0.0,0.0,0.0,0.0,0.0,0.0,0.0,0.7361020916186333
4332.0,72.2,注入领浆,0.0,0.0,0.0,0.0,0.0,0.0,0.0,0.0,0.0,0.0,0.0,0.0,0.0,0.7347127591866345
4336.0,72.26666666666667,注入领浆,0.0,0.0,0.0,0.0,0.0,0.0,0.0,0.0,0.0,0.0,0.0,0.0,0.0,0.7333214385757647
4340.0,72.33333333333333,注入领浆,0.0,0.0,0.0,0.0,0.0,0.0,0.0,0.0,0.0,0.0,0.0,0.0,0.0,0.7319283287386835
4344.0,72.4,注入领浆,0.0,0.0,0.0,0.0,0.0,0.0,0.0,0.0,0.0,0.0,0.0,0.0,0.0,0.7305336048590145
4348.0,72.46666666666667,注入领浆,0.0,0.0,0.0,0.0,0.0,0.0,0.0,0.0,0.0,0.0,0.0,0.0,0.0,0.7291374199483649
4352.0,72.53333333333333,注入领浆,0.0,0.0,0.0,0.0,0.0,0.0,0.0,0.0,0.0,0.0,0.0,0.0,0.0,0.7277399095582258
4356.0,72.6,注入领浆,0.0,0.0,0.0,0.0,0.0,0.0,0.0,0.0,0.0,0.0,0.0,0.0,0.0,0.7263411899360634
4360.0,72.66666666666667,注入领浆,0.0,0.0,0.0,0.0,0.0,0.0,0.0,0.0,0.0,0.0,0.0,0.0,0.0,0.7249413627801384
4364.0,72.73333333333333,注入领浆,0.0,0.0,0.0,0.0,0.0,0.0,0.0,0.0,0.0,0.0,0.0,0.0,0.0,0.7235405128373321
4368.0,72.8,注入领浆,0.0,0.0,0.0,0.0,0.0,0.0,0.0,0.0,0.0,0.0,0.0,0.0,0.0,0.7221387122295797
4372.0,72.86666666666666,注入领浆,0.0,0.0,0.0,0.0,0.0,0.0,0.0,0.0,0.0,0.0,0.0,0.0,0.0,0.7207360192256247
4376.0,72.93333333333334,注入领浆,0.0,0.0,0.0,0.0,0.0,0.0,0.0,0.0,0.0,0.0,0.0,0.0,0.0,0.7193324812993116
4380.0,73.0,注入领浆,0.0,0.0,0.0,0.0,0.0,0.0,0.0,0.0,0.0,0.0,0.0,0.0,0.0,0.7179281323224015
4384.0,73.06666666666666,注入领浆,0.0,0.0,0.0,0.0,0.0,0.0,0.0,0.0,0.0,0.0,0.0,0.0,0.0,0.7165229965867458
4388.0,73.13333333333334,注入领浆,0.0,0.0,0.0,0.0,0.0,0.0,0.0,0.0,0.0,0.0,0.0,0.0,0.0,0.7151170934114189
4392.0,73.2,注入领浆,0.0,0.0,0.0,0.0,0.0,0.0,0.0,0.0,0.0,0.0,0.0,0.0,0.0,0.7137104330579457
4396.0,73.26666666666667,注入领浆,0.0,0.0,0.0,0.0,0.0,0.0,0.0,0.0,0.0,0.0,0.0,0.0,0.0,0.7123030209589906
4400.0,73.33333333333333,注入领浆,0.0,0.0,0.0,0.0,0.0,0.0,0.0,0.0,0.0,0.0,0.0,0.0,0.0,0.7108948607104917
4404.0,73.4,注入领浆,0.0,0.0,0.0,0.0,0.0,0.0,0.0,0.0,0.0,0.0,0.0,0.0,0.0,0.709485959881128
4408.0,73.46666666666667,注入领浆,0.0,0.0,0.0,0.0,0.0,0.0,0.0,0.0,0.0,0.0,0.0,0.0,0.0,0.7080763238280903
4412.0,73.53333333333333,注入领浆,0.0,0.0,0.0,0.0,0.0,0.0,0.0,0.0,0.0,0.0,0.0,0.0,0.0,0.7066659588394651
4416.0,73.6,注入领浆,0.0,0.0,0.0,0.0,0.0,0.0,0.0,0.0,0.0,0.0,0.0,0.0,0.0,0.7052548763908075
4420.0,73.66666666666667,注入领浆,0.0,0.0,0.0,0.0,0.0,0.0,0.0,0.0,0.0,0.0,0.0,0.0,0.0,0.7038430913298678
4424.0,73.73333333333333,注入领浆,0.0,0.0,0.0,0.0,0.0,0.0,0.0,0.0,0.0,0.0,0.0,0.0,0.0,0.7024306284596916
4428.0,73.8,注入领浆,0.0,0.0,0.0,0.0,0.0,0.0,0.0,0.0,0.0,0.0,0.0,0.0,0.0,0.7010175218299666
4432.0,73.86666666666666,注入领浆,0.0,0.0,0.0,0.0,0.0,0.0,0.0,0.0,0.0,0.0,0.0,0.0,0.0,0.6996038167895745
4436.0,73.93333333333334,注入领浆,0.0,0.0,0.0,0.0,0.0,0.0,0.0,0.0,0.0,0.0,0.0,0.0,0.0,0.698189572788904
4440.0,74.0,注入领浆,0.0,0.0,0.0,0.0,0.0,0.0,0.0,0.0,0.0,0.0,0.0,0.0,0.0,0.6967748651557768
4444.0,74.06666666666666,注入领浆,0.0,0.0,0.0,0.0,0.0,0.0,0.0,0.0,0.0,0.0,0.0,0.0,0.0,0.6953597867465714
4448.0,74.13333333333334,注入领浆,0.0,0.0,0.0,0.0,0.0,0.0,0.0,0.0,0.0,0.0,0.0,0.0,0.0,0.6939444514453579
4452.0,74.2,注入领浆,0.0,0.0,0.0,0.0,0.0,0.0,0.0,0.0,0.0,0.0,0.0,0.0,0.0,0.692528996929347
4456.0,74.26666666666667,注入领浆,0.0,0.0,0.0,0.0,0.0,0.0,0.0,0.0,0.0,0.0,0.0,0.0,0.0,0.6911135748135384
4460.0,74.33333333333333,注入领浆,0.0,0.0,0.0,0.0,0.0,0.0,0.0,0.0,0.0,0.0,0.0,0.0,0.0,0.6896983471305038
4464.0,74.4,注入领浆,0.0,0.0,0.0,0.0,0.0,0.0,0.0,0.0,0.0,0.0,0.0,0.0,0.0,0.6882834846220944
4468.0,74.46666666666667,注入领浆,0.0,0.0,0.0,0.0,0.0,0.0,0.0,0.0,0.0,0.0,0.0,0.0,0.0,0.6868691605916822
4472.0,74.53333333333333,注入领浆,0.0,0.0,0.0,0.0,0.0,0.0,0.0,0.0,0.0,0.0,0.0,0.0,0.0,0.6854555479357612
4476.0,74.6,注入领浆,0.0,0.0,0.0,0.0,0.0,0.0,0.0,0.0,0.0,0.0,0.0,0.0,0.0,0.6840428149439813
4480.0,74.66666666666667,注入领浆,0.0,0.0,0.0,0.0,0.0,0.0,0.0,0.0,0.0,0.0,0.0,0.0,0.0,0.6826311212227972
4484.0,74.73333333333333,注入领浆,0.0,0.0,0.0,0.0,0.0,0.0,0.0,0.0,0.0,0.0,0.0,0.0,0.0,0.6812206151172481
4488.0,74.8,注入领浆,0.0,0.0,0.0,0.0,0.0,0.0,0.0,0.0,0.0,0.0,0.0,0.0,0.0,0.6798114385869067
4492.0,74.86666666666666,注入领浆,0.0,0.0,0.0,0.0,0.0,0.0,0.0,0.0,0.0,0.0,0.0,0.0,0.0,0.6784037292910994
4496.0,74.93333333333334,注入领浆,0.0,0.0,0.0,0.0,0.0,0.0,0.0,0.0,0.0,0.0,0.0,0.0,0.0,0.6769976099377765
4500.0,75.0,注入领浆,0.0,0.0,0.0,0.0,0.0,0.0,0.0,0.0,0.0,0.0,0.0,0.0,0.0,0.6755931854582976
4504.0,75.06666666666666,注入领浆,0.0,0.0,0.0,0.0,0.0,0.0,0.0,0.0,0.0,0.0,0.0,0.0,0.0,0.6741905392855753
4508.0,75.13333333333334,注入领浆,0.0,0.0,0.0,0.0,0.0,0.0,0.0,0.0,0.0,0.0,0.0,0.0,0.0,0.6727897343631253
4512.0,75.2,注入领浆,0.0,0.0,0.0,0.0,0.0,0.0,0.0,0.0,0.0,0.0,0.0,0.0,0.0,0.6713908117257351
4516.0,75.26666666666667,注入领浆,0.0,0.0,0.0,0.0,0.0,0.0,0.0,0.0,0.0,0.0,0.0,0.0,0.0,0.6699937912843577
4520.0,75.33333333333333,注入领浆,0.0,0.0,0.0,0.0,0.0,0.0,0.0,0.0,0.0,0.0,0.0,0.0,0.0,0.6685986720624499
4524.0,75.4,注入领浆,0.0,0.0,0.0,0.0,0.0,0.0,0.0,0.0,0.0,0.0,0.0,0.0,0.0,0.6672054351719091
4528.0,75.46666666666667,注入领浆,0.0,0.0,0.0,0.0,0.0,0.0,0.0,0.0,0.0,0.0,0.0,0.0,0.0,0.6658140431604396
4532.0,75.53333333333333,注入领浆,0.0,0.0,0.0,0.0,0.0,0.0,0.0,0.0,0.0,0.0,0.0,0.0,0.0,0.6644244435968368
4536.0,75.6,注入领浆,0.0,0.0,0.0,0.0,0.0,0.0,0.0,0.0,0.0,0.0,0.0,0.0,0.0,0.6630365698055122
4540.0,75.66666666666667,注入领浆,0.0,0.0,0.0,0.0,0.0,0.0,0.0,0.0,0.0,0.0,0.0,0.0,0.0,0.6616503421665324
4544.0,75.73333333333333,注入领浆,0.0,0.0,0.0,0.0,0.0,0.0,0.0,0.0,0.0,0.0,0.0,0.0,0.0,0.6602656696295566
4548.0,75.8,注入领浆,0.0,0.0,0.0,0.0,0.0,0.0,0.0,0.0,0.0,0.0,0.0,0.0,0.0,0.6588824503085936
4552.0,75.86666666666666,注入领浆,0.0,0.0,0.0,0.0,0.0,0.0,0.0,0.0,0.0,0.0,0.0,0.0,0.0,0.6575005715338711
4556.0,75.93333333333334,注入领浆,0.0,0.0,0.0,0.0,0.0,0.0,0.0,0.0,0.0,0.0,0.0,0.0,0.0,0.656119911498127
4560.0,76.0,注入领浆,0.0,0.0,0.0,0.0,0.0,0.0,0.0,0.0,0.0,0.0,0.0,0.0,0.0,0.6547403346837455
4564.0,76.06666666666666,注入领浆,0.0,0.0,0.0,0.0,0.0,0.0,0.0,0.0,0.0,0.0,0.0,0.0,0.0,0.6533616988941406
4568.0,76.13333333333334,注入领浆,0.0,0.0,0.0,0.0,0.0,0.0,0.0,0.0,0.0,0.0,0.0,0.0,0.0,0.6519838519856251
4572.0,76.2,注入领浆,0.0,0.0,0.0,0.0,0.0,0.0,0.0,0.0,0.0,0.0,0.0,0.0,0.0,0.6506066372270266
4576.0,76.26666666666667,注入领浆,0.0,0.0,0.0,0.0,0.0,0.0,0.0,0.0,0.0,0.0,0.0,0.0,0.0,0.6492298977595036
4580.0,76.33333333333333,注入领浆,0.0,0.0,0.0,0.0,0.0,0.0,0.0,0.0,0.0,0.0,0.0,0.0,0.0,0.6478534817397056
4584.0,76.4,注入领浆,0.0,0.0,0.0,0.0,0.0,0.0,0.0,0.0,0.0,0.0,0.0,0.0,0.0,0.646477246010455
4588.0,76.46666666666667,注入领浆,0.0,0.0,0.0,0.0,0.0,0.0,0.0,0.0,0.0,0.0,0.0,0.0,0.0,0.6451010600303313
4592.0,76.53333333333333,注入领浆,0.0,0.0,0.0,0.0,0.0,0.0,0.0,0.0,0.0,0.0,0.0,0.0,0.0,0.643724812458126
4596.0,76.6,注入领浆,0.0,0.0,0.0,0.0,0.0,0.0,0.0,0.0,0.0,0.0,0.0,0.0,0.0,0.6423484179029066
4600.0,76.66666666666667,注入领浆,0.0,0.0,0.0,0.0,0.0,0.0,0.0,0.0,0.0,0.0,0.0,0.0,0.0,0.6409718193863375
4604.0,76.73333333333333,注入领浆,0.0,0.0,0.0,0.0,0.0,0.0,0.0,0.0,0.0,0.0,0.0,0.0,0.0,0.6395949840952535
4608.0,76.8,注入领浆,0.0,0.0,0.0,0.0,0.0,0.0,0.0,0.0,0.0,0.0,0.0,0.0,0.0,0.6382179012866637
4612.0,76.86666666666666,注入领浆,0.0,0.0,0.0,0.0,0.0,0.0,0.0,0.0,0.0,0.0,0.0,0.0,0.0,0.6368405767930679
4616.0,76.93333333333334,注入领浆,0.0,0.0,0.0,0.0,0.0,0.0,0.0,0.0,0.0,0.0,0.0,0.0,0.0,0.6354630319125528
4620.0,77.0,注入领浆,0.0,0.0,0.0,0.0,0.0,0.0,0.0,0.0,0.0,0.0,0.0,0.0,0.0,0.6340852945379946
4624.0,77.06666666666666,注入领浆,0.0,0.0,0.0,0.0,0.0,0.0,0.0,0.0,0.0,0.0,0.0,0.0,0.0,0.6327073890199651
4628.0,77.13333333333334,注入领浆,0.0,0.0,0.0,0.0,0.0,0.0,0.0,0.0,0.0,0.0,0.0,0.0,0.0,0.6313293320203477
4632.0,77.2,注入领浆,0.0,0.0,0.0,0.0,0.0,0.0,0.0,0.0,0.0,0.0,0.0,0.0,0.0,0.629951121456229
4636.0,77.26666666666667,注入领浆,0.0,0.0,0.0,0.0,0.0,0.0,0.0,0.0,0.0,0.0,0.0,0.0,0.0,0.6285727307355703
4640.0,77.33333333333333,注入领浆,0.0,0.0,0.0,0.0,0.0,0.0,0.0,0.0,0.0,0.0,0.0,0.0,0.0,0.627194108421103
4644.0,77.4,注入领浆,0.0,0.0,0.0,0.0,0.0,0.0,0.0,0.0,0.0,0.0,0.0,0.0,0.0,0.625815175105297
4648.0,77.46666666666667,注入领浆,0.0,0.0,0.0,0.0,0.0,0.0,0.0,0.0,0.0,0.0,0.0,0.0,0.0,0.6244358347377605
4652.0,77.53333333333333,注入领浆,0.0,0.0,0.0,0.0,0.0,0.0,0.0,0.0,0.0,0.0,0.0,0.0,0.0,0.6230559777976235
4656.0,77.6,注入领浆,0.0,0.0,0.0,0.0,0.0,0.0,0.0,0.0,0.0,0.0,0.0,0.0,0.0,0.6216754783790209
4660.0,77.66666666666667,注入领浆,0.0,0.0,0.0,0.0,0.0,0.0,0.0,0.0,0.0,0.0,0.0,0.0,0.0,0.6202942034444471
4664.0,77.73333333333333,注入领浆,0.0,0.0,0.0,0.0,0.0,0.0,0.0,0.0,0.0,0.0,0.0,0.0,0.0,0.6189120229928396
4668.0,77.8,注入领浆,0.0,0.0,0.0,0.0,0.0,0.0,0.0,0.0,0.0,0.0,0.0,0.0,0.0,0.6175288184699207
4672.0,77.86666666666666,注入领浆,0.0,0.0,0.0,0.0,0.0,0.0,0.0,0.0,0.0,0.0,0.0,0.0,0.0,0.6161444938378774
4676.0,77.93333333333334,注入领浆,0.0,0.0,0.0,0.0,0.0,0.0,0.0,0.0,0.0,0.0,0.0,0.0,0.0,0.6147589846876986
4680.0,78.0,注入领浆,0.0,0.0,0.0,0.0,0.0,0.0,0.0,0.0,0.0,0.0,0.0,0.0,0.0,0.6133722597318276
4684.0,78.06666666666666,注入领浆,0.0,0.0,0.0,0.0,0.0,0.0,0.0,0.0,0.0,0.0,0.0,0.0,0.0,0.6119843232925964
4688.0,78.13333333333334,注入领浆,0.0,0.0,0.0,0.0,0.0,0.0,0.0,0.0,0.0,0.0,0.0,0.0,0.0,0.6105952106475155
4692.0,78.2,注入领浆,0.0,0.0,0.0,0.0,0.0,0.0,0.0,0.0,0.0,0.0,0.0,0.0,0.0,0.6092049863393031
4696.0,78.26666666666667,注入领浆,0.0,0.0,0.0,0.0,0.0,0.0,0.0,0.0,0.0,0.0,0.0,0.0,0.0,0.6078137428772802
4700.0,78.33333333333333,注入领浆,0.0,0.0,0.0,0.0,0.0,0.0,0.0,0.0,0.0,0.0,0.0,0.0,0.0,0.6064215911824322
4704.0,78.4,注入领浆,0.0,0.0,0.0,0.0,0.0,0.0,0.0,0.0,0.0,0.0,0.0,0.0,0.0,0.6050286538065851
4708.0,78.46666666666667,注入领浆,0.0,0.0,0.0,0.0,0.0,0.0,0.0,0.0,0.0,0.0,0.0,0.0,0.0,0.6036350578692564
4712.0,78.53333333333333,注入领浆,0.0,0.0,0.0,0.0,0.0,0.0,0.0,0.0,0.0,0.0,0.0,0.0,0.0,0.6022409293900511
4716.0,78.6,注入领浆,0.0,0.0,0.0,0.0,0.0,0.0,0.0,0.0,0.0,0.0,0.0,0.0,0.0,0.6008463878158221
4720.0,78.66666666666667,注入领浆,0.0,0.0,0.0,0.0,0.0,0.0,0.0,0.0,0.0,0.0,0.0,0.0,0.0,0.5994515427367126
4724.0,78.73333333333333,注入领浆,0.0,0.0,0.0,0.0,0.0,0.0,0.0,0.0,0.0,0.0,0.0,0.0,0.0,0.5980564908136747
4728.0,78.8,注入领浆,0.0,0.0,0.0,0.0,0.0,0.0,0.0,0.0,0.0,0.0,0.0,0.0,0.0,0.5966613196207353
4732.0,78.86666666666666,注入领浆,0.0,0.0,0.0,0.0,0.0,0.0,0.0,0.0,0.0,0.0,0.0,0.0,0.0,0.5952661060961529
4736.0,78.93333333333334,注入领浆,0.0,0.0,0.0,0.0,0.0,0.0,0.0,0.0,0.0,0.0,0.0,0.0,0.0,0.5938709090656362
4740.0,79.0,注入领浆,0.0,0.0,0.0,0.0,0.0,0.0,0.0,0.0,0.0,0.0,0.0,0.0,0.0,0.5924757675102852
4744.0,79.06666666666666,注入领浆,0.0,0.0,0.0,0.0,0.0,0.0,0.0,0.0,0.0,0.0,0.0,0.0,0.0,0.5910806976109069
4748.0,79.13333333333334,注入领浆,0.0,0.0,0.0,0.0,0.0,0.0,0.0,0.0,0.0,0.0,0.0,0.0,0.0,0.5896856949910362
4752.0,79.2,注入领浆,0.0,0.0,0.0,0.0,0.0,0.0,0.0,0.0,0.0,0.0,0.0,0.0,0.0,0.5882907325038297
4756.0,79.26666666666667,注入领浆,0.0,0.0,0.0,0.0,0.0,0.0,0.0,0.0,0.0,0.0,0.0,0.0,0.0,0.5868957643396043
4760.0,79.33333333333333,注入领浆,0.0,0.0,0.0,0.0,0.0,0.0,0.0,0.0,0.0,0.0,0.0,0.0,0.0,0.5855007268612934
4764.0,79.4,注入领浆,0.0,0.0,0.0,0.0,0.0,0.0,0.0,0.0,0.0,0.0,0.0,0.0,0.0,0.5841055396697767
4768.0,79.46666666666667,注入领浆,0.0,0.0,0.0,0.0,0.0,0.0,0.0,0.0,0.0,0.0,0.0,0.0,0.0,0.5827101061982437
4772.0,79.53333333333333,注入领浆,0.0,0.0,0.0,0.0,0.0,0.0,0.0,0.0,0.0,0.0,0.0,0.0,0.0,0.5813143179784328
4776.0,79.6,注入领浆,0.0,0.0,0.0,0.0,0.0,0.0,0.0,0.0,0.0,0.0,0.0,0.0,0.0,0.579918054898125
4780.0,79.66666666666667,注入领浆,0.0,0.0,0.0,0.0,0.0,0.0,0.0,0.0,0.0,0.0,0.0,0.0,0.0,0.5785211905507145
4784.0,79.73333333333333,注入领浆,0.0,0.0,0.0,0.0,0.0,0.0,0.0,0.0,0.0,0.0,0.0,0.0,0.0,0.5771235935009418
4788.0,79.8,注入领浆,0.0,0.0,0.0,0.0,0.0,0.0,0.0,0.0,0.0,0.0,0.0,0.0,0.0,0.5757251278750568
4792.0,79.86666666666666,注入领浆,0.0,0.0,0.0,0.0,0.0,0.0,0.0,0.0,0.0,0.0,0.0,0.0,0.0,0.5743256568980315
4796.0,79.93333333333334,注入领浆,0.0,0.0,0.0,0.0,0.0,0.0,0.0,0.0,0.0,0.0,0.0,0.0,0.0,0.5729250431180413
4800.0,80.0,注入领浆,0.0,0.0,0.0,0.0,0.0,0.0,0.0,0.0,0.0,0.0,0.0,0.0,0.0,0.5715231559914504
4804.0,80.06666666666666,注入领浆,0.0,0.0,0.0,0.0,0.0,0.0,0.0,0.0,0.0,0.0,0.0,0.0,0.0,0.5701198754076043
4808.0,80.13333333333334,注入领浆,0.0,0.0,0.0,0.0,0.0,0.0,0.0,0.0,0.0,0.0,0.0,0.0,0.0,0.5687150990997394
4812.0,80.2,注入领浆,0.0,0.0,0.0,0.0,0.0,0.0,0.0,0.0,0.0,0.0,0.0,0.0,0.0,0.5673087515278848
4816.0,80.26666666666667,注入领浆,0.0,0.0,0.0,0.0,0.0,0.0,0.0,0.0,0.0,0.0,0.0,0.0,0.0,0.5659007926969772
4820.0,80.33333333333333,注入领浆,0.0,0.0,0.0,0.0,0.0,0.0,0.0,0.0,0.0,0.0,0.0,0.0,0.0,0.5644912223499906
4824.0,80.4,注入领浆,0.0,0.0,0.0,0.0,0.0,0.0,0.0,0.0,0.0,0.0,0.0,0.0,0.0,0.5630800863705299
4828.0,80.46666666666667,注入领浆,0.0,0.0,0.0,0.0,0.0,0.0,0.0,0.0,0.0,0.0,0.0,0.0,0.0,0.5616674713925902
4832.0,80.53333333333333,注入领浆,0.0,0.0,0.0,0.0,0.0,0.0,0.0,0.0,0.0,0.0,0.0,0.0,0.0,0.5602535021141392
4836.0,80.6,注入领浆,0.0,0.0,0.0,0.0,0.0,0.0,0.0,0.0,0.0,0.0,0.0,0.0,0.0,0.558838334232407
4840.0,80.66666666666667,注入领浆,0.0,0.0,0.0,0.0,0.0,0.0,0.0,0.0,0.0,0.0,0.0,0.0,0.0,0.5574221381513531
4844.0,80.73333333333333,注入领浆,0.0,0.0,0.0,0.0,0.0,0.0,0.0,0.0,0.0,0.0,0.0,0.0,0.0,0.5560050842449711
4848.0,80.8,注入领浆,0.0,0.0,0.0,0.0,0.0,0.0,0.0,0.0,0.0,0.0,0.0,0.0,0.0,0.5545873219521074
4852.0,80.86666666666666,注入领浆,0.0,0.0,0.0,0.0,0.0,0.0,0.0,0.0,0.0,0.0,0.0,0.0,0.0,0.5531689627754186
4856.0,80.93333333333334,注入领浆,0.0,0.0,0.0,0.0,0.0,0.0,0.0,0.0,0.0,0.0,0.0,0.0,0.0,0.5517500616174746
4860.0,81.0,注入领浆,0.0,0.0,0.0,0.0,0.0,0.0,0.0,0.0,0.0,0.0,0.0,0.0,0.0,0.5503306065264962
4864.0,81.06666666666666,注入领浆,0.0,0.0,0.0,0.0,0.0,0.0,0.0,0.0,0.0,0.0,0.0,0.0,0.0,0.5489105201169142
4868.0,81.13333333333334,注入领浆,0.0,0.0,0.0,0.0,0.0,0.0,0.0,0.0,0.0,0.0,0.0,0.0,0.0,0.5474896694289
4872.0,81.2,注入领浆,0.0,0.0,0.0,0.0,0.0,0.0,0.0,0.0,0.0,0.0,0.0,0.0,0.0,0.5460678678861984
4876.0,81.26666666666667,注入领浆,0.0,0.0,0.0,0.0,0.0,0.0,0.0,0.0,0.0,0.0,0.0,0.0,0.0,0.5446448877725465
4880.0,81.33333333333333,注入领浆,0.0,0.0,0.0,0.0,0.0,0.0,0.0,0.0,0.0,0.0,0.0,0.0,0.0,0.5432204789313467
4884.0,81.4,注入领浆,0.0,0.0,0.0,0.0,0.0,0.0,0.0,0.0,0.0,0.0,0.0,0.0,0.0,0.5417943943364483
4888.0,81.46666666666667,注入领浆,0.0,0.0,0.0,0.0,0.0,0.0,0.0,0.0,0.0,0.0,0.0,0.0,0.0,0.5403664106640672
4892.0,81.53333333333333,注入领浆,0.0,0.0,0.0,0.0,0.0,0.0,0.0,0.0,0.0,0.0,0.0,0.0,0.0,0.5389363553598088
4896.0,81.6,注入领浆,0.0,0.0,0.0,0.0,0.0,0.0,0.0,0.0,0.0,0.0,0.0,0.0,0.0,0.5375041252254397
4900.0,81.66666666666667,注入领浆,0.0,0.0,0.0,0.0,0.0,0.0,0.0,0.0,0.0,0.0,0.0,0.0,0.0,0.5360696979306412
4904.0,81.73333333333333,注入领浆,0.0,0.0,0.0,0.0,0.0,0.0,0.0,0.0,0.0,0.0,0.0,0.0,0.0,0.5346331486481483
4908.0,81.8,注入领浆,0.0,0.0,0.0,0.0,0.0,0.0,0.0,0.0,0.0,0.0,0.0,0.0,0.0,0.5331946328718364
4912.0,81.86666666666666,注入领浆,0.0,0.0,0.0,0.0,0.0,0.0,0.0,0.0,0.0,0.0,0.0,0.0,0.0,0.5317543791289449
4916.0,81.93333333333334,注入领浆,0.0,0.0,0.0,0.0,0.0,0.0,0.0,0.0,0.0,0.0,0.0,0.0,0.0,0.5303126659256383
4920.0,82.0,注入领浆,0.0,0.0,0.0,0.0,0.0,0.0,0.0,0.0,0.0,0.0,0.0,0.0,0.0,0.528869799904813
4924.0,82.06666666666666,注入领浆,0.0,0.0,0.0,0.0,0.0,0.0,0.0,0.0,0.0,0.0,0.0,0.0,0.0,0.5274260910517955
4928.0,82.13333333333334,注入领浆,0.0,0.0,0.0,0.0,0.0,0.0,0.0,0.0,0.0,0.0,0.0,0.0,0.0,0.5259818279740337
4932.0,82.2,注入领浆,0.0,0.0,0.0,0.0,0.0,0.0,0.0,0.0,0.0,0.0,0.0,0.0,0.0,0.5245372595015724
4936.0,82.26666666666667,注入领浆,0.0,0.0,0.0,0.0,0.0,0.0,0.0,0.0,0.0,0.0,0.0,0.0,0.0,0.5230925845276035
4940.0,82.33333333333333,注入领浆,0.0,0.0,0.0,0.0,0.0,0.0,0.0,0.0,0.0,0.0,0.0,0.0,0.0,0.5216479551097818
4944.0,82.4,注入领浆,0.0,0.0,0.0,0.0,0.0,0.0,0.0,0.0,0.0,0.0,0.0,0.0,0.0,0.5202034841641353
4948.0,82.46666666666667,注入领浆,0.0,0.0,0.0,0.0,0.0,0.0,0.0,0.0,0.0,0.0,0.0,0.0,0.0,0.5187592477272157
4952.0,82.53333333333333,注入领浆,0.0,0.0,0.0,0.0,0.0,0.0,0.0,0.0,0.0,0.0,0.0,0.0,0.0,0.517315293814324
4956.0,82.6,注入领浆,0.0,0.0,0.0,0.0,0.0,0.0,0.0,0.0,0.0,0.0,0.0,0.0,0.0,0.515871651760637
4960.0,82.66666666666667,注入领浆,0.0,0.0,0.0,0.0,0.0,0.0,0.0,0.0,0.0,0.0,0.0,0.0,0.0,0.5144283413228391
4964.0,82.73333333333333,注入领浆,0.0,0.0,0.0,0.0,0.0,0.0,0.0,0.0,0.0,0.0,0.0,0.0,0.0,0.5129853812432686
4968.0,82.8,注入领浆,0.0,0.0,0.0,0.0,0.0,0.0,0.0,0.0,0.0,0.0,0.0,0.0,0.0,0.5115427910951419
4972.0,82.86666666666666,注入领浆,0.0,0.0,0.0,0.0,0.0,0.0,0.0,0.0,0.0,0.0,0.0,0.0,0.0,0.5101005980380195
4976.0,82.93333333333334,注入领浆,0.0,0.0,0.0,0.0,0.0,0.0,0.0,0.0,0.0,0.0,0.0,0.0,0.0,0.5086588362744678
4980.0,83.0,注入领浆,0.0,0.0,0.0,0.0,0.0,0.0,0.0,0.0,0.0,0.0,0.0,0.0,0.0,0.5072175474026857
4984.0,83.06666666666666,注入领浆,0.0,0.0,0.0,0.0,0.0,0.0,0.0,0.0,0.0,0.0,0.0,0.0,0.0,0.505776777962442
4988.0,83.13333333333334,注入领浆,0.0,0.0,0.0,0.0,0.0,0.0,0.0,0.0,0.0,0.0,0.0,0.0,0.0,0.5043365770363022
4992.0,83.2,注入领浆,0.0,0.0,0.0,0.0,0.0,0.0,0.0,0.0,0.0,0.0,0.0,0.0,0.0,0.5028969900953518
4996.0,83.26666666666667,注入领浆,0.0,0.0,0.0,0.0,0.0,0.0,0.0,0.0,0.0,0.0,0.0,0.0,0.0,0.5014580551817169
5000.0,83.33333333333333,注入领浆,0.0,0.0,0.0,0.0,0.0,0.0,0.0,0.0,0.0,0.0,0.0,0.0,0.0,0.5000197960549064
5004.0,83.4,注入领浆,0.0,0.0,0.0,0.0,0.0,0.0,0.0,0.0,0.0,0.0,0.0,0.0,0.0,0.4985822226189059
5008.0,83.46666666666667,注入领浆,0.0,0.0,0.0,0.0,0.0,0.0,0.0,0.0,0.0,0.0,0.0,0.0,0.0,0.4971453309853402
5012.0,83.53333333333333,注入领浆,0.0,0.0,0.0,0.0,0.0,0.0,0.0,0.0,0.0,0.0,0.0,0.0,0.0,0.49570910707178745
5016.0,83.6,注入领浆,0.0,0.0,0.0,0.0,0.0,0.0,0.0,0.0,0.0,0.0,0.0,0.0,0.0,0.4942735290035669
5020.0,83.66666666666667,注入领浆,0.0,0.0,0.0,0.0,0.0,0.0,0.0,0.0,0.0,0.0,0.0,0.0,0.0,0.49283856490534306
5024.0,83.73333333333333,注入领浆,0.0,0.0,0.0,0.0,0.0,0.0,0.0,0.0,0.0,0.0,0.0,0.0,0.0,0.4914041801575873
5028.0,83.8,注入领浆,0.0,0.0,0.0,0.0,0.0,0.0,0.0,0.0,0.0,0.0,0.0,0.0,0.0,0.4899703448091059
5032.0,83.86666666666666,注入领浆,0.0,0.0,0.0,0.0,0.0,0.0,0.0,0.0,0.0,0.0,0.0,0.0,0.0,0.488537036652451
5036.0,83.93333333333334,注入领浆,0.0,0.0,0.0,0.0,0.0,0.0,0.0,0.0,0.0,0.0,0.0,0.0,0.0,0.487104247077365
5040.0,84.0,注入领浆,0.0,0.0,0.0,0.0,0.0,0.0,0.0,0.0,0.0,0.0,0.0,0.0,0.0,0.48567198160755054
5044.0,84.06666666666666,注入领浆,0.0,0.0,0.0,0.0,0.0,0.0,0.0,0.0,0.0,0.0,0.0,0.0,0.0,0.484240259512681
5048.0,84.13333333333334,注入领浆,0.0,0.0,0.0,0.0,0.0,0.0,0.0,0.0,0.0,0.0,0.0,0.0,0.0,0.48280911390017656
5052.0,84.2,注入领浆,0.0,0.0,0.0,0.0,0.0,0.0,0.0,0.0,0.0,0.0,0.0,0.0,0.0,0.48137859031019653
5056.0,84.26666666666667,注入领浆,0.0,0.0,0.0,0.0,0.0,0.0,0.0,0.0,0.0,0.0,0.0,0.0,0.0,0.4799487453100077
5060.0,84.33333333333333,注入领浆,0.0,0.0,0.0,0.0,0.0,0.0,0.0,0.0,0.0,0.0,0.0,0.0,0.0,0.4785196429171823
5064.0,84.4,注入领浆,0.0,0.0,0.0,0.0,0.0,0.0,0.0,0.0,0.0,0.0,0.0,0.0,0.0,0.47709135063759706
5068.0,84.46666666666667,注入领浆,0.0,0.0,0.0,0.0,0.0,0.0,0.0,0.0,0.0,0.0,0.0,0.0,0.0,0.4756639343588936
5072.0,84.53333333333333,注入领浆,0.0,0.0,0.0,0.0,0.0,0.0,0.0,0.0,0.0,0.0,0.0,0.0,0.0,0.47423745738368206
5076.0,84.6,注入领浆,0.0,0.0,0.0,0.0,0.0,0.0,0.0,0.0,0.0,0.0,0.0,0.0,0.0,0.4728119765110441
5080.0,84.66666666666667,注入领浆,0.0,0.0,0.0,0.0,0.0,0.0,0.0,0.0,0.0,0.0,0.0,0.0,0.0,0.47138754411667194
5084.0,84.73333333333333,注入领浆,0.0,0.0,0.0,0.0,0.0,0.0,0.0,0.0,0.0,0.0,0.0,0.0,0.0,0.4699642091194128
5088.0,84.8,注入领浆,0.0,0.0,0.0,0.0,0.0,0.0,0.0,0.0,0.0,0.0,0.0,0.0,0.0,0.4685420184503977
5092.0,84.86666666666666,注入领浆,0.0,0.0,0.0,0.0,0.0,0.0,0.0,0.0,0.0,0.0,0.0,0.0,0.0,0.4671210119199588
5096.0,84.93333333333334,注入领浆,0.0,0.0,0.0,0.0,0.0,0.0,0.0,0.0,0.0,0.0,0.0,0.0,0.0,0.46570122339457765
5100.0,85.0,注入领浆,0.0,0.0,0.0,0.0,0.0,0.0,0.0,0.0,0.0,0.0,0.0,0.0,0.0,0.46428268228956465
5104.0,85.06666666666666,注入领浆,0.0,0.0,0.0,0.0,0.0,0.0,0.0,0.0,0.0,0.0,0.0,0.0,0.0,0.4628654099111316
5108.0,85.13333333333334,注入领浆,0.0,0.0,0.0,0.0,0.0,0.0,0.0,0.0,0.0,0.0,0.0,0.0,0.0,0.46144942246998616
5112.0,85.2,注入领浆,0.0,0.0,0.0,0.0,0.0,0.0,0.0,0.0,0.0,0.0,0.0,0.0,0.0,0.46003472962865555
5116.0,85.26666666666667,注入领浆,0.0,0.0,0.0,0.0,0.0,0.0,0.0,0.0,0.0,0.0,0.0,0.0,0.0,0.45862133541445166
5120.0,85.33333333333333,注入领浆,0.0,0.0,0.0,0.0,0.0,0.0,0.0,0.0,0.0,0.0,0.0,0.0,0.0,0.45720923969475935
5124.0,85.4,注入领浆,0.0,0.0,0.0,0.0,0.0,0.0,0.0,0.0,0.0,0.0,0.0,0.0,0.0,0.45579843615159554
5128.0,85.46666666666667,注入领浆,0.0,0.0,0.0,0.0,0.0,0.0,0.0,0.0,0.0,0.0,0.0,0.0,0.0,0.4543889129538851
5132.0,85.53333333333333,注入领浆,0.0,0.0,0.0,0.0,0.0,0.0,0.0,0.0,0.0,0.0,0.0,0.0,0.0,0.45298065067010623
5136.0,85.6,注入领浆,0.0,0.0,0.0,0.0,0.0,0.0,0.0,0.0,0.0,0.0,0.0,0.0,0.0,0.4515736218883831
5140.0,85.66666666666667,注入领浆,0.0,0.0,0.0,0.0,0.0,0.0,0.0,0.0,0.0,0.0,0.0,0.0,0.0,0.4501677915679331
5144.0,85.73333333333333,注入领浆,0.0,0.0,0.0,0.0,0.0,0.0,0.0,0.0,0.0,0.0,0.0,0.0,0.0,0.4487631153256438
5148.0,85.8,注入领浆,0.0,0.0,0.0,0.0,0.0,0.0,0.0,0.0,0.0,0.0,0.0,0.0,0.0,0.4473595397388637
5152.0,85.86666666666666,注入领浆,0.0,0.0,0.0,0.0,0.0,0.0,0.0,0.0,0.0,0.0,0.0,0.0,0.0,0.4459570030341205
5156.0,85.93333333333334,注入领浆,0.0,0.0,0.0,0.0,0.0,0.0,0.0,0.0,0.0,0.0,0.0,0.0,0.0,0.44455543349047066
5160.0,86.0,注入领浆,0.0,0.0,0.0,0.0,0.0,0.0,0.0,0.0,0.0,0.0,0.0,0.0,0.0,0.44315474984869013
5164.0,86.06666666666666,注入领浆,0.0,0.0,0.0,0.0,0.0,0.0,0.0,0.0,0.0,0.0,0.0,0.0,0.0,0.44175486305943235
5168.0,86.13333333333334,注入领浆,0.0,0.0,0.0,0.0,0.0,0.0,0.0,0.0,0.0,0.0,0.0,0.0,0.0,0.4403556790043368
5172.0,86.2,注入领浆,0.0,0.0,0.0,0.0,0.0,0.0,0.0,0.0,0.0,0.0,0.0,0.0,0.0,0.43895709813505973
5176.0,86.26666666666667,注入领浆,0.0,0.0,0.0,0.0,0.0,0.0,0.0,0.0,0.0,0.0,0.0,0.0,0.0,0.437559017983553
5180.0,86.33333333333333,注入领浆,0.0,0.0,0.0,0.0,0.0,0.0,0.0,0.0,0.0,0.0,0.0,0.0,0.0,0.43616133505286453
5184.0,86.4,注入领浆,0.0,0.0,0.0,0.0,0.0,0.0,0.0,0.0,0.0,0.0,0.0,0.0,0.0,0.43476394416800074
5188.0,86.46666666666667,注入领浆,0.0,0.0,0.0,0.0,0.0,0.0,0.0,0.0,0.0,0.0,0.0,0.0,0.0,0.43336673544625354
5192.0,86.53333333333333,注入领浆,0.0,0.0,0.0,0.0,0.0,0.0,0.0,0.0,0.0,0.0,0.0,0.0,0.0,0.4319695961787269
5196.0,86.6,注入领浆,0.0,0.0,0.0,0.0,0.0,0.0,0.0,0.0,0.0,0.0,0.0,0.0,0.0,0.4305724057049419
5200.0,86.66666666666667,注入领浆,0.0,0.0,0.0,0.0,0.0,0.0,0.0,0.0,0.0,0.0,0.0,0.0,0.0,0.4291750383044549
5204.0,86.73333333333333,注入领浆,0.0,0.0,0.0,0.0,0.0,0.0,0.0,0.0,0.0,0.0,0.0,0.0,0.0,0.4277773597605652
5208.0,86.8,注入领浆,0.0,0.0,0.0,0.0,0.0,0.0,0.0,0.0,0.0,0.0,0.0,0.0,0.0,0.4263792252547597
5212.0,86.86666666666666,注入领浆,0.0,0.0,0.0,0.0,0.0,0.0,0.0,0.0,0.0,0.0,0.0,0.0,0.0,0.42498048043245773
5216.0,86.93333333333334,注入领浆,0.0,0.0,0.0,0.0,0.0,0.0,0.0,0.0,0.0,0.0,0.0,0.0,0.0,0.4235809576210829
5220.0,87.0,注入领浆,0.0,0.0,0.0,0.0,0.0,0.0,0.0,0.0,0.0,0.0,0.0,0.0,0.0,0.42218047388503327
5224.0,87.06666666666666,注入领浆,0.0,0.0,0.0,0.0,0.0,0.0,0.0,0.0,0.0,0.0,0.0,0.0,0.0,0.4207788319757561
5228.0,87.13333333333334,注入领浆,0.0,0.0,0.0,0.0,0.0,0.0,0.0,0.0,0.0,0.0,0.0,0.0,0.0,0.41937582011100605
5232.0,87.2,注入领浆,0.0,0.0,0.0,0.0,0.0,0.0,0.0,0.0,0.0,0.0,0.0,0.0,0.0,0.4179712137757636
5236.0,87.26666666666667,注入领浆,0.0,0.0,0.0,0.0,0.0,0.0,0.0,0.0,0.0,0.0,0.0,0.0,0.0,0.41656478178177014
5240.0,87.33333333333333,注入领浆,0.0,0.0,0.0,0.0,0.0,0.0,0.0,0.0,0.0,0.0,0.0,0.0,0.0,0.41515629593859876
5244.0,87.4,注入领浆,0.0,0.0,0.0,0.0,0.0,0.0,0.0,0.0,0.0,0.0,0.0,0.0,0.0,0.4137455422481432
5248.0,87.46666666666667,注入领浆,0.0,0.0,0.0,0.0,0.0,0.0,0.0,0.0,0.0,0.0,0.0,0.0,0.0,0.4123323344325452
5252.0,87.53333333333333,注入领浆,0.0,0.0,0.0,0.0,0.0,0.0,0.0,0.0,0.0,0.0,0.0,0.0,0.0,0.4109165286391368
5256.0,87.6,注入领浆,0.0,0.0,0.0,0.0,0.0,0.0,0.0,0.0,0.0,0.0,0.0,0.0,0.0,0.4094980368754877
5260.0,87.66666666666667,注入领浆,0.0,0.0,0.0,0.0,0.0,0.0,0.0,0.0,0.0,0.0,0.0,0.0,0.0,0.4080768283005276
5264.0,87.73333333333333,注入领浆,0.0,0.0,0.0,0.0,0.0,0.0,0.0,0.0,0.0,0.0,0.0,0.0,0.0,0.4066529293681489
5268.0,87.8,注入领浆,0.0,0.0,0.0,0.0,0.0,0.0,0.0,0.0,0.0,0.0,0.0,0.0,0.0,0.4052264226973701
5272.0,87.86666666666666,注入领浆,0.0,0.0,0.0,0.0,0.0,0.0,0.0,0.0,0.0,0.0,0.0,0.0,0.0,0.4037974370346769
5276.0,87.93333333333334,注入领浆,0.0,0.0,0.0,0.0,0.0,0.0,0.0,0.0,0.0,0.0,0.0,0.0,0.0,0.4023661368973943
5280.0,88.0,注入领浆,0.0,0.0,0.0,0.0,0.0,0.0,0.0,0.0,0.0,0.0,0.0,0.0,0.0,0.4009327082142981
5284.0,88.06666666666666,注入领浆,0.0,0.0,0.0,0.0,0.0,0.0,0.0,0.0,0.0,0.0,0.0,0.0,0.0,0.3994973444791979
5288.0,88.13333333333334,注入领浆,0.0,0.0,0.0,0.0,0.0,0.0,0.0,0.0,0.0,0.0,0.0,0.0,0.0,0.398060235182999
5292.0,88.2,注入领浆,0.0,0.0,0.0,0.0,0.0,0.0,0.0,0.0,0.0,0.0,0.0,0.0,0.0,0.39662155382336467
5296.0,88.26666666666667,注入领浆,0.0,0.0,0.0,0.0,0.0,0.0,0.0,0.0,0.0,0.0,0.0,0.0,0.0,0.39518145367719987
5300.0,88.33333333333333,注入领浆,0.0,0.0,0.0,0.0,0.0,0.0,0.0,0.0,0.0,0.0,0.0,0.0,0.0,0.3937400681586218
5304.0,88.4,注入领浆,0.0,0.0,0.0,0.0,0.0,0.0,0.0,0.0,0.0,0.0,0.0,0.0,0.0,0.39229751118777584
5308.0,88.46666666666667,注入领浆,0.0,0.0,0.0,0.0,0.0,0.0,0.0,0.0,0.0,0.0,0.0,0.0,0.0,0.3908538843311673
5312.0,88.53333333333333,注入领浆,0.0,0.0,0.0,0.0,0.0,0.0,0.0,0.0,0.0,0.0,0.0,0.0,0.0,0.3894092841161421
5316.0,88.6,注入领浆,0.0,0.0,0.0,0.0,0.0,0.0,0.0,0.0,0.0,0.0,0.0,0.0,0.0,0.38796381243422734
5320.0,88.66666666666667,注入领浆,0.0,0.0,0.0,0.0,0.0,0.0,0.0,0.0,0.0,0.0,0.0,0.0,0.0,0.38651758366059985
5324.0,88.73333333333333,注入领浆,0.0,0.0,0.0,0.0,0.0,0.0,0.0,0.0,0.0,0.0,0.0,0.0,0.0,0.38507072902938855
5328.0,88.8,注入领浆,0.0,0.0,0.0,0.0,0.0,0.0,0.0,0.0,0.0,0.0,0.0,0.0,0.0,0.38362339907328424
5332.0,88.86666666666666,注入领浆,0.0,0.0,0.0,0.0,0.0,0.0,0.0,0.0,0.0,0.0,0.0,0.0,0.0,0.3821757655268508
5336.0,88.93333333333334,注入领浆,0.0,0.0,0.0,0.0,0.0,0.0,0.0,0.0,0.0,0.0,0.0,0.0,0.0,0.38072802638716824
5340.0,89.0,注入领浆,0.0,0.0,0.0,0.0,0.0,0.0,0.0,0.0,0.0,0.0,0.0,0.0,0.0,0.37928039859126145
5344.0,89.06666666666666,注入领浆,0.0,0.0,0.0,0.0,0.0,0.0,0.0,0.0,0.0,0.0,0.0,0.0,0.0,0.3778331177402331
5348.0,89.13333333333334,注入领浆,0.0,0.0,0.0,0.0,0.0,0.0,0.0,0.0,0.0,0.0,0.0,0.0,0.0,0.3763864259376418
5352.0,89.2,注入领浆,0.0,0.0,0.0,0.0,0.0,0.0,0.0,0.0,0.0,0.0,0.0,0.0,0.0,0.37494056737722997
5356.0,89.26666666666667,注入领浆,0.0,0.0,0.0,0.0,0.0,0.0,0.0,0.0,0.0,0.0,0.0,0.0,0.0,0.3734957779744113
5360.0,89.33333333333333,注入领浆,0.0,0.0,0.0,0.0,0.0,0.0,0.0,0.0,0.0,0.0,0.0,0.0,0.0,0.3720522810992786
5364.0,89.4,注入领浆,0.0,0.0,0.0,0.0,0.0,0.0,0.0,0.0,0.0,0.0,0.0,0.0,0.0,0.37061028555041176
5368.0,89.46666666666667,注入领浆,0.0,0.0,0.0,0.0,0.0,0.0,0.0,0.0,0.0,0.0,0.0,0.0,0.0,0.3691699856971886
5372.0,89.53333333333333,注入领浆,0.0,0.0,0.0,0.0,0.0,0.0,0.0,0.0,0.0,0.0,0.0,0.0,0.0,0.3677315697269306
5376.0,89.6,注入领浆,0.0,0.0,0.0,0.0,0.0,0.0,0.0,0.0,0.0,0.0,0.0,0.0,0.0,0.3662952252156514
5380.0,89.66666666666667,注入领浆,0.0,0.0,0.0,0.0,0.0,0.0,0.0,0.0,0.0,0.0,0.0,0.0,0.0,0.36486114474601206
5384.0,89.73333333333333,注入领浆,0.0,0.0,0.0,0.0,0.0,0.0,0.0,0.0,0.0,0.0,0.0,0.0,0.0,0.3634295258321851
5388.0,89.8,注入领浆,0.0,0.0,0.0,0.0,0.0,0.0,0.0,0.0,0.0,0.0,0.0,0.0,0.0,0.3620005795468113
5392.0,89.86666666666666,注入领浆,0.0,0.0,0.0,0.0,0.0,0.0,0.0,0.0,0.0,0.0,0.0,0.0,0.0,0.3605745363225651
5396.0,89.93333333333334,注入领浆,0.0,0.0,0.0,0.0,0.0,0.0,0.0,0.0,0.0,0.0,0.0,0.0,0.0,0.3591516533460101
5400.0,90.0,注入尾浆,0.0,0.0,0.0,0.0,0.0,0.0,0.0,0.0,0.0,0.0,0.0,0.0,0.0,0.3577322093579762
5404.0,90.06666666666666,注入尾浆,0.0,0.0,0.0,0.0,0.0,0.0,0.0,0.0,0.0,0.0,0.0,0.0,0.0,0.3563165109200417
5408.0,90.13333333333334,注入尾浆,0.0,0.0,0.0,0.0,0.0,0.0,0.0,0.0,0.0,0.0,0.0,0.0,0.0,0.3549048751517891
5412.0,90.2,注入尾浆,0.0,0.0,0.0,0.0,0.0,0.0,0.0,0.0,0.0,0.0,0.0,0.0,0.0,0.35349762297238696
5416.0,90.26666666666667,注入尾浆,0.0,0.0,0.0,0.0,0.0,0.0,0.0,0.0,0.0,0.0,0.0,0.0,0.0,0.352095052008698
5420.0,90.33333333333333,注入尾浆,0.0,0.0,0.0,0.0,0.0,0.0,0.0,0.0,0.0,0.0,0.0,0.0,0.0,0.3506974155354006
5424.0,90.4,注入尾浆,0.0,0.0,0.0,0.0,0.0,0.0,0.0,0.0,0.0,0.0,0.0,0.0,0.0,0.3493049005984757
5428.0,90.46666666666667,注入尾浆,0.0,0.0,0.0,0.0,0.0,0.0,0.0,0.0,0.0,0.0,0.0,0.0,0.0,0.34791761571015056
5432.0,90.53333333333333,注入尾浆,0.0,0.0,0.0,0.0,0.0,0.0,0.0,0.0,0.0,0.0,0.0,0.0,0.0,0.34653561386830745
5436.0,90.6,注入尾浆,0.0,0.0,0.0,0.0,0.0,0.0,0.0,0.0,0.0,0.0,0.0,0.0,0.0,0.3451588821662441
5440.0,90.66666666666667,注入尾浆,0.0,0.0,0.0,0.0,0.0,0.0,0.0,0.0,0.0,0.0,0.0,0.0,0.0,0.34378731871636453
5444.0,90.73333333333333,注入尾浆,0.0,0.0,0.0,0.0,0.0,0.0,0.0,0.0,0.0,0.0,0.0,0.0,0.0,0.34242073690488717
5448.0,90.8,注入尾浆,0.0,0.0,0.0,0.0,0.0,0.0,0.0,0.0,0.0,0.0,0.0,0.0,0.0,0.3410588872323593
5452.0,90.86666666666666,注入尾浆,0.0,0.0,0.0,0.0,0.0,0.0,0.0,0.0,0.0,0.0,0.0,0.0,0.0,0.3397014775765308
5456.0,90.93333333333334,注入尾浆,0.0,0.0,0.0,0.0,0.0,0.0,0.0,0.0,0.0,0.0,0.0,0.0,0.0,0.338348196525607
5460.0,91.0,注入尾浆,0.0,0.0,0.0,0.0,0.0,0.0,0.0,0.0,0.0,0.0,0.0,0.0,0.0,0.3369987435727241
5464.0,91.06666666666666,注入尾浆,0.0,0.0,0.0,0.0,0.0,0.0,0.0,0.0,0.0,0.0,0.0,0.0,0.0,0.33565283568006726
5468.0,91.13333333333334,注入尾浆,0.0,0.0,0.0,0.0,0.0,0.0,0.0,0.0,0.0,0.0,0.0,0.0,0.0,0.3343102210320725
5472.0,91.2,注入尾浆,0.0,0.0,0.0,0.0,0.0,0.0,0.0,0.0,0.0,0.0,0.0,0.0,0.0,0.3329707032903594
5476.0,91.26666666666667,注入尾浆,0.0,0.0,0.0,0.0,0.0,0.0,0.0,0.0,0.0,0.0,0.0,0.0,0.0,0.3316341346220325
5480.0,91.33333333333333,注入尾浆,0.0,0.0,0.0,0.0,0.0,0.0,0.0,0.0,0.0,0.0,0.0,0.0,0.0,0.3303004125626324
5484.0,91.4,注入尾浆,0.0,0.0,0.0,0.0,0.0,0.0,0.0,0.0,0.0,0.0,0.0,0.0,0.0,0.32896947462523474
5488.0,91.46666666666667,注入尾浆,0.0,0.0,0.0,0.0,0.0,0.0,0.0,0.0,0.0,0.0,0.0,0.0,0.0,0.3276413010174567
5492.0,91.53333333333333,注入尾浆,0.0,0.0,0.0,0.0,0.0,0.0,0.0,0.0,0.0,0.0,0.0,0.0,0.0,0.3263158962784407
5496.0,91.6,注入尾浆,0.0,0.0,0.0,0.0,0.0,0.0,0.0,0.0,0.0,0.0,0.0,0.0,0.0,0.32499328076489037
5500.0,91.66666666666667,注入尾浆,0.0,0.0,0.0,0.0,0.0,0.0,0.0,0.0,0.0,0.0,0.0,0.0,0.0,0.3236734824004378
5504.0,91.73333333333333,注入尾浆,0.0,0.0,0.0,0.0,0.0,0.0,0.0,0.0,0.0,0.0,0.0,0.0,0.0,0.3223565220491516
5508.0,91.8,注入尾浆,0.0,0.0,0.0,0.0,0.0,0.0,0.0,0.0,0.0,0.0,0.0,0.0,0.0,0.32104241225729546
5512.0,91.86666666666666,注入尾浆,0.0,0.0,0.0,0.0,0.0,0.0,0.0,0.0,0.0,0.0,0.0,0.0,0.0,0.31973114791569207
5516.0,91.93333333333334,注入尾浆,0.0,0.0,0.0,0.0,0.0,0.0,0.0,0.0,0.0,0.0,0.0,0.0,0.0,0.3184227112357915
5520.0,92.0,注入尾浆,0.0,0.0,0.0,0.0,0.0,0.0,0.0,0.0,0.0,0.0,0.0,0.0,0.0,0.3171170688646442
5524.0,92.06666666666666,注入尾浆,0.0,0.0,0.0,0.0,0.0,0.0,0.0,0.0,0.0,0.0,0.0,0.0,0.0,0.3158141682697709
5528.0,92.13333333333334,注入尾浆,0.0,0.0,0.0,0.0,0.0,0.0,0.0,0.0,0.0,0.0,0.0,0.0,0.0,0.3145139315218894
5532.0,92.2,注入尾浆,0.0,0.0,0.0,0.0,0.0,0.0,0.0,0.0,0.0,0.0,0.0,0.0,0.0,0.3132162507273432
5536.0,92.26666666666667,注入尾浆,0.0,0.0,0.0,0.0,0.0,0.0,0.0,0.0,0.0,0.0,0.0,0.0,0.0,0.3119209840058782
5540.0,92.33333333333333,注入尾浆,0.0,0.0,0.0,0.0,0.0,0.0,0.0,0.0,0.0,0.0,0.0,0.0,0.0,0.3106279491835366
5544.0,92.4,注入尾浆,0.0,0.0,0.0,0.0,0.0,0.0,0.0,0.0,0.0,0.0,0.0,0.0,0.0,0.3093369222591009
5548.0,92.46666666666667,注入尾浆,0.0,0.0,0.0,0.0,0.0,0.0,0.0,0.0,0.0,0.0,0.0,0.0,0.0,0.3080476305927361
5552.0,92.53333333333333,注入尾浆,0.0,0.0,0.0,0.0,0.0,0.0,0.0,0.0,0.0,0.0,0.0,0.0,0.0,0.30675975165440367
5556.0,92.6,注入尾浆,0.0,0.0,0.0,0.0,0.0,0.0,0.0,0.0,0.0,0.0,0.0,0.0,0.0,0.30547291536397797
5560.0,92.66666666666667,注入尾浆,0.0,0.0,0.0,0.0,0.0,0.0,0.0,0.0,0.0,0.0,0.0,0.0,0.0,0.30418671247769485
5564.0,92.73333333333333,注入尾浆,0.0,0.0,0.0,0.0,0.0,0.0,0.0,0.0,0.0,0.0,0.0,0.0,0.0,0.302900706635628
5568.0,92.8,注入尾浆,0.0,0.0,0.0,0.0,0.0,0.0,0.0,0.0,0.0,0.0,0.0,0.0,0.0,0.30161444994367614
5572.0,92.86666666666666,注入尾浆,0.0,0.0,0.0,0.0,0.0,0.0,0.0,0.0,0.0,0.0,0.0,0.0,0.0,0.30032750634255845
5576.0,92.93333333333334,注入尾浆,0.0,0.0,0.0,0.0,0.0,0.0,0.0,0.0,0.0,0.0,0.0,0.0,0.0,0.2990394748431517
5580.0,93.0,注入尾浆,0.0,0.0,0.0,0.0,0.0,0.0,0.0,0.0,0.0,0.0,0.0,0.0,0.0,0.29775001435258963
5584.0,93.06666666666666,注入尾浆,0.0,0.0,0.0,0.0,0.0,0.0,0.0,0.0,0.0,0.0,0.0,0.0,0.0,0.2964588668767767
5588.0,93.13333333333334,注入尾浆,0.0,0.0,0.0,0.0,0.0,0.0,0.0,0.0,0.0,0.0,0.0,0.0,0.0,0.29516587156912266
5592.0,93.2,注入尾浆,0.0,0.0,0.0,0.0,0.0,0.0,0.0,0.0,0.0,0.0,0.0,0.0,0.0,0.2938709754228167
5596.0,93.26666666666667,注入尾浆,0.0,0.0,0.0,0.0,0.0,0.0,0.0,0.0,0.0,0.0,0.0,0.0,0.0,0.29257422892444285
5600.0,93.33333333333333,注入尾浆,0.0,0.0,0.0,0.0,0.0,0.0,0.0,0.0,0.0,0.0,0.0,0.0,0.0,0.291275781101663
5604.0,93.4,注入尾浆,0.0,0.0,0.0,0.0,0.0,0.0,0.0,0.0,0.0,0.0,0.0,0.0,0.0,0.2899758665082332
5608.0,93.46666666666667,注入尾浆,0.0,0.0,0.0,0.0,0.0,0.0,0.0,0.0,0.0,0.0,0.0,0.0,0.0,0.28867477935373353
5612.0,93.53333333333333,注入尾浆,0.0,0.0,0.0,0.0,0.0,0.0,0.0,0.0,0.0,0.0,0.0,0.0,0.0,0.28737285281857833
5616.0,93.6,注入尾浆,0.0,0.0,0.0,0.0,0.0,0.0,0.0,0.0,0.0,0.0,0.0,0.0,0.0,0.2860704294429386
5620.0,93.66666666666667,注入尾浆,0.0,0.0,0.0,0.0,0.0,0.0,0.0,0.0,0.0,0.0,0.0,0.0,0.0,0.28476783970594743
5624.0,93.73333333333333,注入尾浆,0.0,0.0,0.0,0.0,0.0,0.0,0.0,0.0,0.0,0.0,0.0,0.0,0.0,0.28346538187520937
5628.0,93.8,注入尾浆,0.0,0.0,0.0,0.0,0.0,0.0,0.0,0.0,0.0,0.0,0.0,0.0,0.0,0.2821633059572221
5632.0,93.86666666666666,注入尾浆,0.0,0.0,0.0,0.0,0.0,0.0,0.0,0.0,0.0,0.0,0.0,0.0,0.0,0.28086180574750996
5636.0,93.93333333333334,注入尾浆,0.0,0.0,0.0,0.0,0.0,0.0,0.0,0.0,0.0,0.0,0.0,0.0,0.0,0.27956101033775865
5640.0,94.0,注入尾浆,0.0,0.0,0.0,0.0,0.0,0.0,0.0,0.0,0.0,0.0,0.0,0.0,0.0,0.2782609852715629
5644.0,94.06666666666666,注入尾浆,0.0,0.0,0.0,0.0,0.0,0.0,0.0,0.0,0.0,0.0,0.0,0.0,0.0,0.2769617442267277
5648.0,94.13333333333334,注入尾浆,0.0,0.0,0.0,0.0,0.0,0.0,0.0,0.0,0.0,0.0,0.0,0.0,0.0,0.2756632557152836
5652.0,94.2,注入尾浆,0.0,0.0,0.0,0.0,0.0,0.0,0.0,0.0,0.0,0.0,0.0,0.0,0.0,0.2743654567544807
5656.0,94.26666666666667,注入尾浆,0.0,0.0,0.0,0.0,0.0,0.0,0.0,0.0,0.0,0.0,0.0,0.0,0.0,0.2730682600868088
5660.0,94.33333333333333,注入尾浆,0.0,0.0,0.0,0.0,0.0,0.0,0.0,0.0,0.0,0.0,0.0,0.0,0.0,0.2717715642925763
5664.0,94.4,注入尾浆,0.0,0.0,0.0,0.0,0.0,0.0,0.0,0.0,0.0,0.0,0.0,0.0,0.0,0.27047526201626126
5668.0,94.46666666666667,注入尾浆,0.0,0.0,0.0,0.0,0.0,0.0,0.0,0.0,0.0,0.0,0.0,0.0,0.0,0.2691792454644645
5672.0,94.53333333333333,注入尾浆,0.0,0.0,0.0,0.0,0.0,0.0,0.0,0.0,0.0,0.0,0.0,0.0,0.0,0.2678834119638664
5676.0,94.6,注入尾浆,0.0,0.0,0.0,0.0,0.0,0.0,0.0,0.0,0.0,0.0,0.0,0.0,0.0,0.26658766734385825
5680.0,94.66666666666667,注入尾浆,0.0,0.0,0.0,0.0,0.0,0.0,0.0,0.0,0.0,0.0,0.0,0.0,0.0,0.2652919275658218
5684.0,94.73333333333333,注入尾浆,0.0,0.0,0.0,0.0,0.0,0.0,0.0,0.0,0.0,0.0,0.0,0.0,0.0,0.26399612019623037
5688.0,94.8,注入尾浆,0.0,0.0,0.0,0.0,0.0,0.0,0.0,0.0,0.0,0.0,0.0,0.0,0.0,0.26270018559998914
5692.0,94.86666666666666,注入尾浆,0.0,0.0,0.0,0.0,0.0,0.0,0.0,0.0,0.0,0.0,0.0,0.0,0.0,0.2614040827530729
5696.0,94.93333333333334,注入尾浆,0.0,0.0,0.0,0.0,0.0,0.0,0.0,0.0,0.0,0.0,0.0,0.0,0.0,0.2601077884211164
5700.0,95.0,注入尾浆,0.0,0.0,0.0,0.0,0.0,0.0,0.0,0.0,0.0,0.0,0.0,0.0,0.0,0.2588112986184131
5704.0,95.06666666666666,注入尾浆,0.0,0.0,0.0,0.0,0.0,0.0,0.0,0.0,0.0,0.0,0.0,0.0,0.0,0.257514631399166
5708.0,95.13333333333334,注入尾浆,0.0,0.0,0.0,0.0,0.0,0.0,0.0,0.0,0.0,0.0,0.0,0.0,0.0,0.25621782788177905
5712.0,95.2,注入尾浆,0.0,0.0,0.0,0.0,0.0,0.0,0.0,0.0,0.0,0.0,0.0,0.0,0.0,0.2549209511539441
5716.0,95.26666666666667,注入尾浆,0.0,0.0,0.0,0.0,0.0,0.0,0.0,0.0,0.0,0.0,0.0,0.0,0.0,0.25362408321875113
5720.0,95.33333333333333,注入尾浆,0.0,0.0,0.0,0.0,0.0,0.0,0.0,0.0,0.0,0.0,0.0,0.0,0.0,0.2523273238815645
5724.0,95.4,注入尾浆,0.0,0.0,0.0,0.0,0.0,0.0,0.0,0.0,0.0,0.0,0.0,0.0,0.0,0.2510307813543738
5728.0,95.46666666666667,注入尾浆,0.0,0.0,0.0,0.0,0.0,0.0,0.0,0.0,0.0,0.0,0.0,0.0,0.0,0.24973456798847773
5732.0,95.53333333333333,注入尾浆,0.0,0.0,0.0,0.0,0.0,0.0,0.0,0.0,0.0,0.0,0.0,0.0,0.0,0.2484387938077999
5736.0,95.6,注入尾浆,0.0,0.0,0.0,0.0,0.0,0.0,0.0,0.0,0.0,0.0,0.0,0.0,0.0,0.24714355620586761
5740.0,95.66666666666667,注入尾浆,0.0,0.0,0.0,0.0,0.0,0.0,0.0,0.0,0.0,0.0,0.0,0.0,0.0,0.2458489340323287
5744.0,95.73333333333333,注入尾浆,0.0,0.0,0.0,0.0,0.0,0.0,0.0,0.0,0.0,0.0,0.0,0.0,0.0,0.24455498312825139
5748.0,95.8,注入尾浆,0.0,0.0,0.0,0.0,0.0,0.0,0.0,0.0,0.0,0.0,0.0,0.0,0.0,0.24326173289372655
5752.0,95.86666666666666,注入尾浆,0.0,0.0,0.0,0.0,0.0,0.0,0.0,0.0,0.0,0.0,0.0,0.0,0.0,0.2419691817703952
5756.0,95.93333333333334,注入尾浆,0.0,0.0,0.0,0.0,0.0,0.0,0.0,0.0,0.0,0.0,0.0,0.0,0.0,0.24067729952842656
5760.0,96.0,注入尾浆,0.0,0.0,0.0,0.0,0.0,0.0,0.0,0.0,0.0,0.0,0.0,0.0,0.0,0.23938602871636977
5764.0,96.06666666666666,注入尾浆,0.0,0.0,0.0,0.0,0.0,0.0,0.0,0.0,0.0,0.0,0.0,0.0,0.0,0.23809528993259083
5768.0,96.13333333333334,注入尾浆,0.0,0.0,0.0,0.0,0.0,0.0,0.0,0.0,0.0,0.0,0.0,0.0,0.0,0.23680498964004315
5772.0,96.2,注入尾浆,0.0,0.0,0.0,0.0,0.0,0.0,0.0,0.0,0.0,0.0,0.0,0.0,0.0,0.2355150290971395
5776.0,96.26666666666667,注入尾浆,0.0,0.0,0.0,0.0,0.0,0.0,0.0,0.0,0.0,0.0,0.0,0.0,0.0,0.23422530989661217
5780.0,96.33333333333333,注入尾浆,0.0,0.0,0.0,0.0,0.0,0.0,0.0,0.0,0.0,0.0,0.0,0.0,0.0,0.2329357397905824
5784.0,96.4,注入尾浆,0.0,0.0,0.0,0.0,0.0,0.0,0.0,0.0,0.0,0.0,0.0,0.0,0.0,0.23164623922001187
5788.0,96.46666666666667,注入尾浆,0.0,0.0,0.0,0.0,0.0,0.0,0.0,0.0,0.0,0.0,0.0,0.0,0.0,0.2303567456951673
5792.0,96.53333333333333,注入尾浆,0.0,0.0,0.0,0.0,0.0,0.0,0.0,0.0,0.0,0.0,0.0,0.0,0.0,0.229067215839418
5796.0,96.6,注入尾浆,0.0,0.0,0.0,0.0,0.0,0.0,0.0,0.0,0.0,0.0,0.0,0.0,0.0,0.22777762881395291
5800.0,96.66666666666667,注入尾浆,0.0,0.0,0.0,0.0,0.0,0.0,0.0,0.0,0.0,0.0,0.0,0.0,0.0,0.2264879858385053
5804.0,96.73333333333333,注入尾浆,0.0,0.0,0.0,0.0,0.0,0.0,0.0,0.0,0.0,0.0,0.0,0.0,0.0,0.22519830840565974
5808.0,96.8,注入尾浆,0.0,0.0,0.0,0.0,0.0,0.0,0.0,0.0,0.0,0.0,0.0,0.0,0.0,0.22390863643772696
5812.0,96.86666666666666,注入尾浆,0.0,0.0,0.0,0.0,0.0,0.0,0.0,0.0,0.0,0.0,0.0,0.0,0.0,0.2226190279460527
5816.0,96.93333333333334,注入尾浆,0.0,0.0,0.0,0.0,0.0,0.0,0.0,0.0,0.0,0.0,0.0,0.0,0.0,0.22132955544768257
5820.0,97.0,注入尾浆,0.0,0.0,0.0,0.0,0.0,0.0,0.0,0.0,0.0,0.0,0.0,0.0,0.0,0.22004030408625402
5824.0,97.06666666666666,注入尾浆,0.0,0.0,0.0,0.0,0.0,0.0,0.0,0.0,0.0,0.0,0.0,0.0,0.0,0.21875137014360835
5828.0,97.13333333333334,注入尾浆,0.0,0.0,0.0,0.0,0.0,0.0,0.0,0.0,0.0,0.0,0.0,0.0,0.0,0.21746286096256953
5832.0,97.2,注入尾浆,0.0,0.0,0.0,0.0,0.0,0.0,0.0,0.0,0.0,0.0,0.0,0.0,0.0,0.21617488957375386
5836.0,97.26666666666667,注入尾浆,0.0,0.0,0.0,0.0,0.0,0.0,0.0,0.0,0.0,0.0,0.0,0.0,0.0,0.2148875777172926
5840.0,97.33333333333333,注入尾浆,0.0,0.0,0.0,0.0,0.0,0.0,0.0,0.0,0.0,0.0,0.0,0.0,0.0,0.21360105014690092
5844.0,97.4,注入尾浆,0.0,0.0,0.0,0.0,0.0,0.0,0.0,0.0,0.0,0.0,0.0,0.0,0.0,0.21231543224563798
5848.0,97.46666666666667,注入尾浆,0.0,0.0,0.0,0.0,0.0,0.0,0.0,0.0,0.0,0.0,0.0,0.0,0.0,0.21103085030685628
5852.0,97.53333333333333,注入尾浆,0.0,0.0,0.0,0.0,0.0,0.0,0.0,0.0,0.0,0.0,0.0,0.0,0.0,0.20974742509298816
5856.0,97.6,注入尾浆,0.0,0.0,0.0,0.0,0.0,0.0,0.0,0.0,0.0,0.0,0.0,0.0,0.0,0.20846527237361406
5860.0,97.66666666666667,注入尾浆,0.0,0.0,0.0,0.0,0.0,0.0,0.0,0.0,0.0,0.0,0.0,0.0,0.0,0.20718450096000673
5864.0,97.73333333333333,注入尾浆,0.0,0.0,0.0,0.0,0.0,0.0,0.0,0.0,0.0,0.0,0.0,0.0,0.0,0.20590520818397234
5868.0,97.8,注入尾浆,0.0,0.0,0.0,0.0,0.0,0.0,0.0,0.0,0.0,0.0,0.0,0.0,0.0,0.20462748233045672
5872.0,97.86666666666666,注入尾浆,0.0,0.0,0.0,0.0,0.0,0.0,0.0,0.0,0.0,0.0,0.0,0.0,0.0,0.20335139962046134
5876.0,97.93333333333334,注入尾浆,0.0,0.0,0.0,0.0,0.0,0.0,0.0,0.0,0.0,0.0,0.0,0.0,0.0,0.2020770218920327
5880.0,98.0,注入尾浆,0.0,0.0,0.0,0.0,0.0,0.0,0.0,0.0,0.0,0.0,0.0,0.0,0.0,0.2008043997890833
5884.0,98.06666666666666,注入尾浆,0.0,0.0,0.0,0.0,0.0,0.0,0.0,0.0,0.0,0.0,0.0,0.0,0.0,0.19953356973848976
5888.0,98.13333333333334,注入尾浆,0.0,0.0,0.0,0.0,0.0,0.0,0.0,0.0,0.0,0.0,0.0,0.0,0.0,0.19826455501215798
5892.0,98.2,注入尾浆,0.0,0.0,0.0,0.0,0.0,0.0,0.0,0.0,0.0,0.0,0.0,0.0,0.0,0.1969973687952933
5896.0,98.26666666666667,注入尾浆,0.0,0.0,0.0,0.0,0.0,0.0,0.0,0.0,0.0,0.0,0.0,0.0,0.0,0.19573201220832712
5900.0,98.33333333333333,注入尾浆,0.0,0.0,0.0,0.0,0.0,0.0,0.0,0.0,0.0,0.0,0.0,0.0,0.0,0.19446847279794896
5904.0,98.4,注入尾浆,0.0,0.0,0.0,0.0,0.0,0.0,0.0,0.0,0.0,0.0,0.0,0.0,0.0,0.19320672714788578
5908.0,98.46666666666667,注入尾浆,0.0,0.0,0.0,0.0,0.0,0.0,0.0,0.0,0.0,0.0,0.0,0.0,0.0,0.19194673885596947
5912.0,98.53333333333333,注入尾浆,0.0,0.0,0.0,0.0,0.0,0.0,0.0,0.0,0.0,0.0,0.0,0.0,0.0,0.19068845950859759
5916.0,98.6,注入尾浆,0.0,0.0,0.0,0.0,0.0,0.0,0.0,0.0,0.0,0.0,0.0,0.0,0.0,0.18943182620891444
5920.0,98.66666666666667,注入尾浆,0.0,0.0,0.0,0.0,0.0,0.0,0.0,0.0,0.0,0.0,0.0,0.0,0.0,0.18817676079440704
5924.0,98.73333333333333,注入尾浆,0.0,0.0,0.0,0.0,0.0,0.0,0.0,0.0,0.0,0.0,0.0,0.0,0.0,0.18692316975600765
5928.0,98.8,注入尾浆,0.0,0.0,0.0,0.0,0.0,0.0,0.0,0.0,0.0,0.0,0.0,0.0,0.0,0.1856709410008478
5932.0,98.86666666666666,注入尾浆,0.0,0.0,0.0,0.0,0.0,0.0,0.0,0.0,0.0,0.0,0.0,0.0,0.0,0.18441994165498776
5936.0,98.93333333333334,注入尾浆,0.0,0.0,0.0,0.0,0.0,0.0,0.0,0.0,0.0,0.0,0.0,0.0,0.0,0.18317001683786183
5940.0,99.0,注入尾浆,0.0,0.0,0.0,0.0,0.0,0.0,0.0,0.0,0.0,0.0,0.0,0.0,0.0,0.18192098747160296
5944.0,99.06666666666666,注入尾浆,0.0,0.0,0.0,0.0,0.0,0.0,0.0,0.0,0.0,0.0,0.0,0.0,0.0,0.18067264701180838
5948.0,99.13333333333334,注入尾浆,0.0,0.0,0.0,0.0,0.0,0.0,0.0,0.0,0.0,0.0,0.0,0.0,0.0,0.1794247629038843
5952.0,99.2,注入尾浆,0.0,0.0,0.0,0.0,0.0,0.0,0.0,0.0,0.0,0.0,0.0,0.0,0.0,0.17817707434711683
5956.0,99.26666666666667,注入尾浆,0.0,0.0,0.0,0.0,0.0,0.0,0.0,0.0,0.0,0.0,0.0,0.0,0.0,0.17692929867184315
5960.0,99.33333333333333,注入尾浆,0.0,0.0,0.0,0.0,0.0,0.0,0.0,0.0,0.0,0.0,0.0,0.0,0.0,0.17568113518823703
5964.0,99.4,注入尾浆,0.0,0.0,0.0,0.0,0.0,0.0,0.0,0.0,0.0,0.0,0.0,0.0,0.0,0.1744322747930713
5968.0,99.46666666666667,注入尾浆,0.0,0.0,0.0,0.0,0.0,0.0,0.0,0.0,0.0,0.0,0.0,0.0,0.0,0.1731824083654565
5972.0,99.53333333333333,注入尾浆,0.0,0.0,0.0,0.0,0.0,0.0,0.0,0.0,0.0,0.0,0.0,0.0,0.0,0.1719312372029489
5976.0,99.6,注入尾浆,0.0,0.0,0.0,0.0,0.0,0.0,0.0,0.0,0.0,0.0,0.0,0.0,0.0,0.17067848396838065
5980.0,99.66666666666667,注入尾浆,0.0,0.0,0.0,0.0,0.0,0.0,0.0,0.0,0.0,0.0,0.0,0.0,0.0,0.1694239035679224
5984.0,99.73333333333333,注入尾浆,0.0,0.0,0.0,0.0,0.0,0.0,0.0,0.0,0.0,0.0,0.0,0.0,0.0,0.16816729469441882
5988.0,99.8,注入尾浆,0.0,0.0,0.0,0.0,0.0,0.0,0.0,0.0,0.0,0.0,0.0,0.0,0.0,0.16690850836031138
5992.0,99.86666666666666,注入尾浆,0.0,0.0,0.0,0.0,0.0,0.0,0.0,0.0,0.0,0.0,0.0,0.0,0.0,0.16564745517001134
5996.0,99.93333333333334,注入尾浆,0.0,0.0,0.0,0.0,0.0,0.0,0.0,0.0,0.0,0.0,0.0,0.0,0.0,0.16438410747678206
6000.0,100.0,注入尾浆,0.0,0.0,0.0,0.0,0.0,0.0,0.0,0.0,0.0,0.0,0.0,0.0,0.0,0.16311850107540518
6004.0,100.06666666666666,注入尾浆,0.0,0.0,0.0,0.0,0.0,0.0,0.0,0.0,0.0,0.0,0.0,0.0,0.0,0.16185073333816483
6008.0,100.13333333333334,注入尾浆,0.0,0.0,0.0,0.0,0.0,0.0,0.0,0.0,0.0,0.0,0.0,0.0,0.0,0.16058095971438152
6012.0,100.2,注入尾浆,0.0,0.0,0.0,0.0,0.0,0.0,0.0,0.0,0.0,0.0,0.0,0.0,0.0,0.1593093879921386
6016.0,100.26666666666667,注入尾浆,0.0,0.0,0.0,0.0,0.0,0.0,0.0,0.0,0.0,0.0,0.0,0.0,0.0,0.15803627226785502
6020.0,100.33333333333333,注入尾浆,0.0,0.0,0.0,0.0,0.0,0.0,0.0,0.0,0.0,0.0,0.0,0.0,0.0,0.1567619051524111
6024.0,100.4,注入尾浆,0.0,0.0,0.0,0.0,0.0,0.0,0.0,0.0,0.0,0.0,0.0,0.0,0.0,0.15548661055229784
6028.0,100.46666666666667,注入尾浆,0.0,0.0,0.0,0.0,0.0,0.0,0.0,0.0,0.0,0.0,0.0,0.0,0.0,0.15421073413649622
6032.0,100.53333333333333,注入尾浆,0.0,0.0,0.0,0.0,0.0,0.0,0.0,0.0,0.0,0.0,0.0,0.0,0.0,0.15293463168710583
6036.0,100.6,注入尾浆,0.0,0.0,0.0,0.0,0.0,0.0,0.0,0.0,0.0,0.0,0.0,0.0,0.0,0.15165865835817754
6040.0,100.66666666666667,注入尾浆,0.0,0.0,0.0,0.0,0.0,0.0,0.0,0.0,0.0,0.0,0.0,0.0,0.0,0.1503831523149962
6044.0,100.73333333333333,注入尾浆,0.0,0.0,0.0,0.0,0.0,0.0,0.0,0.0,0.0,0.0,0.0,0.0,0.0,0.1491084232349903
6048.0,100.8,注入尾浆,0.0,0.0,0.0,0.0,0.0,0.0,0.0,0.0,0.0,0.0,0.0,0.0,0.0,0.1478347349206653
6052.0,100.86666666666666,注入尾浆,0.0,0.0,0.0,0.0,0.0,0.0,0.0,0.0,0.0,0.0,0.0,0.0,0.0,0.14656229218379377
6056.0,100.93333333333334,注入尾浆,0.0,0.0,0.0,0.0,0.0,0.0,0.0,0.0,0.0,0.0,0.0,0.0,0.0,0.1452912303084693
6060.0,101.0,注入尾浆,0.0,0.0,0.0,0.0,0.0,0.0,0.0,0.0,0.0,0.0,0.0,0.0,0.0,0.1440216042531738
6064.0,101.06666666666666,注入尾浆,0.0,0.0,0.0,0.0,0.0,0.0,0.0,0.0,0.0,0.0,0.0,0.0,0.0,0.14275338427238557
6068.0,101.13333333333334,注入尾浆,0.0,0.0,0.0,0.0,0.0,0.0,0.0,0.0,0.0,0.0,0.0,0.0,0.0,0.14148644517422207
6072.0,101.2,注入尾浆,0.0,0.0,0.0,0.0,0.0,0.0,0.0,0.0,0.0,0.0,0.0,0.0,0.0,0.14022056482157175
6076.0,101.26666666666667,注入尾浆,0.0,0.0,0.0,0.0,0.0,0.0,0.0,0.0,0.0,0.0,0.0,0.0,0.0,0.13895542724686816
6080.0,101.33333333333333,注入尾浆,0.0,0.0,0.0,0.0,0.0,0.0,0.0,0.0,0.0,0.0,0.0,0.0,0.0,0.1376906346498419
6084.0,101.4,注入尾浆,0.0,0.0,0.0,0.0,0.0,0.0,0.0,0.0,0.0,0.0,0.0,0.0,0.0,0.13642572129381386
6088.0,101.46666666666667,注入尾浆,0.0,0.0,0.0,0.0,0.0,0.0,0.0,0.0,0.0,0.0,0.0,0.0,0.0,0.13516017699348667
6092.0,101.53333333333333,注入尾浆,0.0,0.0,0.0,0.0,0.0,0.0,0.0,0.0,0.0,0.0,0.0,0.0,0.0,0.133893471679751
6096.0,101.6,注入尾浆,0.0,0.0,0.0,0.0,0.0,0.0,0.0,0.0,0.0,0.0,0.0,0.0,0.0,0.13262508048652472
6100.0,101.66666666666667,注入尾浆,0.0,0.0,0.0,0.0,0.0,0.0,0.0,0.0,0.0,0.0,0.0,0.0,0.0,0.1313545087459508
6104.0,101.73333333333333,注入尾浆,0.0,0.0,0.0,0.0,0.0,0.0,0.0,0.0,0.0,0.0,0.0,0.0,0.0,0.13008131853618812
6108.0,101.8,注入尾浆,0.0,0.0,0.0,0.0,0.0,0.0,0.0,0.0,0.0,0.0,0.0,0.0,0.0,0.12880514522562697
6112.0,101.86666666666666,注入尾浆,0.0,0.0,0.0,0.0,0.0,0.0,0.0,0.0,0.0,0.0,0.0,0.0,0.0,0.12752571530338436
6116.0,101.93333333333334,注入尾浆,0.0,0.0,0.0,0.0,0.0,0.0,0.0,0.0,0.0,0.0,0.0,0.0,0.0,0.12624285708900013
6120.0,102.0,注入尾浆,0.0,0.0,0.0,0.0,0.0,0.0,0.0,0.0,0.0,0.0,0.0,0.0,0.0,0.12495650298900046
6124.0,102.06666666666666,注入尾浆,0.0,0.0,0.0,0.0,0.0,0.0,0.0,0.0,0.0,0.0,0.0,0.0,0.0,0.12366668661791475
6128.0,102.13333333333334,注入尾浆,0.0,0.0,0.0,0.0,0.0,0.0,0.0,0.0,0.0,0.0,0.0,0.0,0.0,0.12237353926070593
6132.0,102.2,注入尾浆,0.0,0.0,0.0,0.0,0.0,0.0,0.0,0.0,0.0,0.0,0.0,0.0,0.0,0.12107727289919082
6136.0,102.26666666666667,注入尾浆,0.0,0.0,0.0,0.0,0.0,0.0,0.0,0.0,0.0,0.0,0.0,0.0,0.0,0.11977815929860403
6140.0,102.33333333333333,注入尾浆,0.0,0.0,0.0,0.0,0.0,0.0,0.0,0.0,0.0,0.0,0.0,0.0,0.0,0.11847651223761049
6144.0,102.4,注入尾浆,0.0,0.0,0.0,0.0,0.0,0.0,0.0,0.0,0.0,0.0,0.0,0.0,0.0,0.11717266927754515
6148.0,102.46666666666667,注入尾浆,0.0,0.0,0.0,0.0,0.0,0.0,0.0,0.0,0.0,0.0,0.0,0.0,0.0,0.1158669757448223
6152.0,102.53333333333333,注入尾浆,0.0,0.0,0.0,0.0,0.0,0.0,0.0,0.0,0.0,0.0,0.0,0.0,0.0,0.11455977146467267
6156.0,102.6,注入尾浆,0.0,0.0,0.0,0.0,0.0,0.0,0.0,0.0,0.0,0.0,0.0,0.0,0.0,0.11325137876688454
6160.0,102.66666666666667,注入尾浆,0.0,0.0,0.0,0.0,0.0,0.0,0.0,0.0,0.0,0.0,0.0,0.0,0.0,0.11194209534130935
6164.0,102.73333333333333,注入尾浆,0.0,0.0,0.0,0.0,0.0,0.0,0.0,0.0,0.0,0.0,0.0,0.0,0.0,0.11063219005303505
6168.0,102.8,注入尾浆,0.0,0.0,0.0,0.0,0.0,0.0,0.0,0.0,0.0,0.0,0.0,0.0,0.0,0.10932190105183513
6172.0,102.86666666666666,注入尾浆,0.0,0.0,0.0,0.0,0.0,0.0,0.0,0.0,0.0,0.0,0.0,0.0,0.0,0.10801143779151748
6176.0,102.93333333333334,注入尾浆,0.0,0.0,0.0,0.0,0.0,0.0,0.0,0.0,0.0,0.0,0.0,0.0,0.0,0.10670098188584895
6180.0,103.0,注入尾浆,0.0,0.0,0.0,0.0,0.0,0.0,0.0,0.0,0.0,0.0,0.0,0.0,0.0,0.10539069170670481
6184.0,103.06666666666666,注入尾浆,0.0,0.0,0.0,0.0,0.0,0.0,0.0,0.0,0.0,0.0,0.0,0.0,0.0,0.10408070540835936
6188.0,103.13333333333334,注入尾浆,0.0,0.0,0.0,0.0,0.0,0.0,0.0,0.0,0.0,0.0,0.0,0.0,0.0,0.10277114402934226
6192.0,103.2,注入尾浆,0.0,0.0,0.0,0.0,0.0,0.0,0.0,0.0,0.0,0.0,0.0,0.0,0.0,0.10146211505621268
6196.0,103.26666666666667,注入尾浆,0.0,0.0,0.0,0.0,0.0,0.0,0.0,0.0,0.0,0.0,0.0,0.0,0.0,0.10015371505255706
6200.0,103.33333333333333,注入尾浆,0.0,0.0,0.0,0.0,0.0,0.0,0.0,0.0,0.0,0.0,0.0,0.0,0.0,0.09884603164869162
6204.0,103.4,注入尾浆,0.0,0.0,0.0,0.0,0.0,0.0,0.0,0.0,0.0,0.0,0.0,0.0,0.0,0.09753914543834565
6208.0,103.46666666666667,注入尾浆,0.0,0.0,0.0,0.0,0.0,0.0,0.0,0.0,0.0,0.0,0.0,0.0,0.0,0.09623313145266939
6212.0,103.53333333333333,注入尾浆,0.0,0.0,0.0,0.0,0.0,0.0,0.0,0.0,0.0,0.0,0.0,0.0,0.0,0.09492806117172449
6216.0,103.6,注入尾浆,0.0,0.0,0.0,0.0,0.0,0.0,0.0,0.0,0.0,0.0,0.0,0.0,0.0,0.09362400364571906
6220.0,103.66666666666667,注入尾浆,0.0,0.0,0.0,0.0,0.0,0.0,0.0,0.0,0.0,0.0,0.0,0.0,0.0,0.09232102626975136
6224.0,103.73333333333333,注入尾浆,0.0,0.0,0.0,0.0,0.0,0.0,0.0,0.0,0.0,0.0,0.0,0.0,0.0,0.09101919682572418
6228.0,103.8,注入尾浆,0.0,0.0,0.0,0.0,0.0,0.0,0.0,0.0,0.0,0.0,0.0,0.0,0.0,0.08971858344922816
6232.0,103.86666666666666,注入尾浆,0.0,0.0,0.0,0.0,0.0,0.0,0.0,0.0,0.0,0.0,0.0,0.0,0.0,0.08841925447352916
6236.0,103.93333333333334,注入尾浆,0.0,0.0,0.0,0.0,0.0,0.0,0.0,0.0,0.0,0.0,0.0,0.0,0.0,0.08712127997568268
6240.0,104.0,注入尾浆,0.0,0.0,0.0,0.0,0.0,0.0,0.0,0.0,0.0,0.0,0.0,0.0,0.0,0.08582473222372117
6244.0,104.06666666666666,注入尾浆,0.0,0.0,0.0,0.0,0.0,0.0,0.0,0.0,0.0,0.0,0.0,0.0,0.0,0.0845296862671239
6248.0,104.13333333333334,注入尾浆,0.0,0.0,0.0,0.0,0.0,0.0,0.0,0.0,0.0,0.0,0.0,0.0,0.0,0.08323622089014902
6252.0,104.2,注入尾浆,0.0,0.0,0.0,0.0,0.0,0.0,0.0,0.0,0.0,0.0,0.0,0.0,0.0,0.0819444188060688
6256.0,104.26666666666667,注入尾浆,0.0,0.0,0.0,0.0,0.0,0.0,0.0,0.0,0.0,0.0,0.0,0.0,0.0,0.08065436628666951
6260.0,104.33333333333333,注入尾浆,0.0,0.0,0.0,0.0,0.0,0.0,0.0,0.0,0.0,0.0,0.0,0.0,0.0,0.07936615453357883
6264.0,104.4,注入尾浆,0.0,0.0,0.0,0.0,0.0,0.0,0.0,0.0,0.0,0.0,0.0,0.0,0.0,0.07807988025386953
6268.0,104.46666666666667,注入尾浆,0.0,0.0,0.0,0.0,0.0,0.0,0.0,0.0,0.0,0.0,0.0,0.0,0.0,0.07679564508067496
6272.0,104.53333333333333,注入尾浆,0.0,0.0,0.0,0.0,0.0,0.0,0.0,0.0,0.0,0.0,0.0,0.0,0.0,0.0755135562636943
6276.0,104.6,注入尾浆,0.0,0.0,0.0,0.0,0.0,0.0,0.0,0.0,0.0,0.0,0.0,0.0,0.0,0.07423372369656046
6280.0,104.66666666666667,注入尾浆,0.0,0.0,0.0,0.0,0.0,0.0,0.0,0.0,0.0,0.0,0.0,0.0,0.0,0.07295626405445034
6284.0,104.73333333333333,注入尾浆,0.0,0.0,0.0,0.0,0.0,0.0,0.0,0.0,0.0,0.0,0.0,0.0,0.0,0.07168130611750453
6288.0,104.8,注入尾浆,0.0,0.0,0.0,0.0,0.0,0.0,0.0,0.0,0.0,0.0,0.0,0.0,0.0,0.07040898740652342
6292.0,104.86666666666666,注入尾浆,0.0,0.0,0.0,0.0,0.0,0.0,0.0,0.0,0.0,0.0,0.0,0.0,0.0,0.06913944978837397
6296.0,104.93333333333334,注入尾浆,0.0,0.0,0.0,0.0,0.0,0.0,0.0,0.0,0.0,0.0,0.0,0.0,0.0,0.06787284755575121
6300.0,105.0,注入尾浆,0.0,0.0,0.0,0.0,0.0,0.0,0.0,0.0,0.0,0.0,0.0,0.0,0.0,0.06660933904802269
6304.0,105.06666666666666,注入尾浆,0.0,0.0,0.0,0.0,0.0,0.0,0.0,0.0,0.0,0.0,0.0,0.0,0.0,0.06534909595899994
6308.0,105.13333333333334,注入尾浆,0.0,0.0,0.0,0.0,0.0,0.0,0.0,0.0,0.0,0.0,0.0,0.0,0.0,0.06409229737604642
6312.0,105.2,注入尾浆,0.0,0.0,0.0,0.0,0.0,0.0,0.0,0.0,0.0,0.0,0.0,0.0,0.0,0.06283913366464751
6316.0,105.26666666666667,注入尾浆,0.0,0.0,0.0,0.0,0.0,0.0,0.0,0.0,0.0,0.0,0.0,0.0,0.0,0.06158980480336463
6320.0,105.33333333333333,注入尾浆,0.0,0.0,0.0,0.0,0.0,0.0,0.0,0.0,0.0,0.0,0.0,0.0,0.0,0.0603445247472952
6324.0,105.4,注入尾浆,0.0,0.0,0.0,0.0,0.0,0.0,0.0,0.0,0.0,0.0,0.0,0.0,0.0,0.05910351911175383
6328.0,105.46666666666667,注入尾浆,0.0,0.0,0.0,0.0,0.0,0.0,0.0,0.0,0.0,0.0,0.0,0.0,0.0,0.057867029402904085
6332.0,105.53333333333333,注入尾浆,0.0,0.0,0.0,0.0,0.0,0.0,0.0,0.0,0.0,0.0,0.0,0.0,0.0,0.05663531054889006
6336.0,105.6,注入尾浆,0.0,0.0,0.0,0.0,0.0,0.0,0.0,0.0,0.0,0.0,0.0,0.0,0.0,0.05540863608653551
6340.0,105.66666666666667,注入尾浆,0.0,0.0,0.0,0.0,0.0,0.0,0.0,0.0,0.0,0.0,0.0,0.0,0.0,0.05418729577071351
6344.0,105.73333333333333,注入尾浆,0.0,0.0,0.0,0.0,0.0,0.0,0.0,0.0,0.0,0.0,0.0,0.0,0.0,0.05297160308420839
6348.0,105.8,注入尾浆,0.0,0.0,0.0,0.0,0.0,0.0,0.0,0.0,0.0,0.0,0.0,0.0,0.0,0.05176188629130271
6352.0,105.86666666666666,注入尾浆,0.0,0.0,0.0,0.0,0.0,0.0,0.0,0.0,0.0,0.0,0.0,0.0,0.0,0.050558500624556094
6356.0,105.93333333333334,注入尾浆,0.0,0.0,0.0,0.0,0.0,0.0,0.0,0.0,0.0,0.0,0.0,0.0,0.0,0.04936183884475632
6360.0,106.0,注入尾浆,0.0,0.0,0.0,0.0,0.0,0.0,0.0,0.0,0.0,0.0,0.0,0.0,0.0,0.0481723402312669
6364.0,106.06666666666666,注入尾浆,0.0,0.0,0.0,0.0,0.0,0.0,0.0,0.0,0.0,0.0,0.0,0.0,0.0,0.046990487321735955
6368.0,106.13333333333334,注入尾浆,0.0,0.0,0.0,0.0,0.0,0.0,0.0,0.0,0.0,0.0,0.0,0.0,0.0,0.045816818047401
6372.0,106.2,注入尾浆,0.0,0.0,0.0,0.0,0.0,0.0,0.0,0.0,0.0,0.0,0.0,0.0,0.0,0.04465192884213683
6376.0,106.26666666666667,注入尾浆,0.0,0.0,0.0,0.0,0.0,0.0,0.0,0.0,0.0,0.0,0.0,0.0,0.0,0.04349649631103231
6380.0,106.33333333333333,注入尾浆,0.0,0.0,0.0,0.0,0.0,0.0,0.0,0.0,0.0,0.0,0.0,0.0,0.0,0.04235128735479117
6384.0,106.4,注入尾浆,0.0,0.0,0.0,0.0,0.0,0.0,0.0,0.0,0.0,0.0,0.0,0.0,0.0,0.041217178058632786
6388.0,106.46666666666667,注入尾浆,0.0,0.0,0.0,0.0,0.0,0.0,0.0,0.0,0.0,0.0,0.0,0.0,0.0,0.040095182582795465
6392.0,106.53333333333333,注入尾浆,0.0,0.0,0.0,0.0,0.0,0.0,0.0,0.0,0.0,0.0,0.0,0.0,0.0,0.038986467279269604
6396.0,106.6,注入尾浆,0.0,0.0,0.0,0.0,0.0,0.0,0.0,0.0,0.0,0.0,0.0,0.0,0.0,0.03789239785887994
6400.0,106.66666666666667,注入尾浆,0.0,0.0,0.0,0.0,0.0,0.0,0.0,0.0,0.0,0.0,0.0,0.0,0.0,0.036814562289668507
6404.0,106.73333333333333,注入尾浆,0.0,0.0,0.0,0.0,0.0,0.0,0.0,0.0,0.0,0.0,0.0,0.0,0.0,0.03575482128740874
6408.0,106.8,注入尾浆,0.0,0.0,0.0,0.0,0.0,0.0,0.0,0.0,0.0,0.0,0.0,0.0,0.0,0.03471534813280024
6412.0,106.86666666666666,注入尾浆,0.0,0.0,0.0,0.0,0.0,0.0,0.0,0.0,0.0,0.0,0.0,0.0,0.0,0.03369866949295328
6416.0,106.93333333333334,注入尾浆,0.0,0.0,0.0,0.0,0.0,0.0,0.0,0.0,0.0,0.0,0.0,0.0,0.0,0.03270771029835787
6420.0,107.0,注入尾浆,0.0,0.0,0.0,0.0,0.0,0.0,0.0,0.0,0.0,0.0,0.0,0.0,0.0,0.031745798300347294
6424.0,107.06666666666666,注入尾浆,0.0,0.0,0.0,0.0,0.0,0.0,0.0,0.0,0.0,0.0,0.0,0.0,0.0,0.03081665976610712
6428.0,107.13333333333334,注入尾浆,0.0,0.0,0.0,0.0,0.0,0.0,0.0,0.0,0.0,0.0,0.0,0.0,0.0,0.029924340725169248
6432.0,107.2,注入尾浆,0.0,0.0,0.0,0.0,0.0,0.0,0.0,0.0,0.0,0.0,0.0,0.0,0.0,0.029073048786078134
6436.0,107.26666666666667,注入尾浆,0.0,0.0,0.0,0.0,0.0,0.0,0.0,0.0,0.0,0.0,0.0,0.0,0.0,0.028266921636041543
6440.0,107.33333333333333,注入尾浆,0.0,0.0,0.0,0.0,0.0,0.0,0.0,0.0,0.0,0.0,0.0,0.0,0.0,0.02750971022458059
6444.0,107.4,注入尾浆,0.0,0.0,0.0,0.0,0.0,0.0,0.0,0.0,0.0,0.0,0.0,0.0,0.0,0.026804430019356458
6448.0,107.46666666666667,注入尾浆,0.0,0.0,0.0,0.0,0.0,0.0,0.0,0.0,0.0,0.0,0.0,0.0,0.0,0.026153009162337013
6452.0,107.53333333333333,注入尾浆,0.0,0.0,0.0,0.0,0.0,0.0,0.0,0.0,0.0,0.0,0.0,0.0,0.0,0.02555601764121875
6456.0,107.6,注入尾浆,0.0,0.0,0.0,0.0,0.0,0.0,0.0,0.0,0.0,0.0,0.0,0.0,0.0,0.0250125728049681
6460.0,107.66666666666667,注入尾浆,0.0,0.0,0.0,0.0,0.0,0.0,0.0,0.0,0.0,0.0,0.0,0.0,0.0,0.024520379836467335
6464.0,107.73333333333333,注入尾浆,0.0,0.0,0.0,0.0,0.0,0.0,0.0,0.0,0.0,0.0,0.0,0.0,0.0,0.02407594043731205
6468.0,107.8,注入尾浆,0.0,0.0,0.0,0.0,0.0,0.0,0.0,0.0,0.0,0.0,0.0,0.0,0.0,0.023674870698850783
6472.0,107.86666666666666,注入尾浆,0.0,0.0,0.0,0.0,0.0,0.0,0.0,0.0,0.0,0.0,0.0,0.0,0.0,0.02331228302546095
6476.0,107.93333333333334,注入尾浆,0.0,0.0,0.0,0.0,0.0,0.0,0.0,0.0,0.0,0.0,0.0,0.0,0.0,0.022983172687065092
6480.0,108.0,注入尾浆,0.0,0.0,0.0,0.0,0.0,0.0,0.0,0.0,0.0,0.0,0.0,0.0,0.0,0.022682749018166637
6484.0,108.06666666666666,注入尾浆,0.0,0.0,0.0,0.0,0.0,0.0,0.0,0.0,0.0,0.0,0.0,0.0,0.0,0.022406678849633686
6488.0,108.13333333333334,注入尾浆,0.0,0.0,0.0,0.0,0.0,0.0,0.0,0.0,0.0,0.0,0.0,0.0,0.0,0.022151104829372742
6492.0,108.2,注入尾浆,0.0,0.0,0.0,0.0,0.0,0.0,0.0,0.0,0.0,0.0,0.0,0.0,0.0,0.021912754302106555
6496.0,108.26666666666667,注入尾浆,0.0,0.0,0.0,0.0,0.0,0.0,0.0,0.0,0.0,0.0,0.0,0.0,0.0,0.02168892019844157
6500.0,108.33333333333333,注入尾浆,0.0,0.0,0.0,0.0,0.0,0.0,0.0,0.0,0.0,0.0,0.0,0.0,0.0,0.021477383088847914
6504.0,108.4,注入尾浆,0.0,0.0,0.0,0.0,0.0,0.0,0.0,0.0,0.0,0.0,0.0,0.0,0.0,0.02127636120604367
6508.0,108.46666666666667,注入尾浆,0.0,0.0,0.0,0.0,0.0,0.0,0.0,0.0,0.0,0.0,0.0,0.0,0.0,0.02108441276142874
6512.0,108.53333333333333,注入尾浆,0.0,0.0,0.0,0.0,0.0,0.0,0.0,0.0,0.0,0.0,0.0,0.0,0.0,0.020900304146089458
6516.0,108.6,注入尾浆,0.0,0.0,0.0,0.0,0.0,0.0,0.0,0.0,0.0,0.0,0.0,0.0,0.0,0.020723041876263334
6520.0,108.66666666666667,注入尾浆,0.0,0.0,0.0,0.0,0.0,0.0,0.0,0.0,0.0,0.0,0.0,0.0,0.0,0.02055182278222261
6524.0,108.73333333333333,注入尾浆,0.0,0.0,0.0,0.0,0.0,0.0,0.0,0.0,0.0,0.0,0.0,0.0,0.0,0.020385992083704178
6528.0,108.8,注入尾浆,0.0,0.0,0.0,0.0,0.0,0.0,0.0,0.0,0.0,0.0,0.0,0.0,0.0,0.020225010483996244
6532.0,108.86666666666666,注入尾浆,0.0,0.0,0.0,0.0,0.0,0.0,0.0,0.0,0.0,0.0,0.0,0.0,0.0,0.020068428538928127
6536.0,108.93333333333334,注入尾浆,0.0,0.0,0.0,0.0,0.0,0.0,0.0,0.0,0.0,0.0,0.0,0.0,0.0,0.019915867109858567
6540.0,109.0,注入尾浆,0.0,0.0,0.0,0.0,0.0,0.0,0.0,0.0,0.0,0.0,0.0,0.0,0.0,0.01976700413013001
6544.0,109.06666666666666,注入尾浆,0.0,0.0,0.0,0.0,0.0,0.0,0.0,0.0,0.0,0.0,0.0,0.0,0.0,0.019621560761034725
6548.0,109.13333333333334,注入尾浆,0.0,0.0,0.0,0.0,0.0,0.0,0.0,0.0,0.0,0.0,0.0,0.0,0.0,0.01947929552105182
6552.0,109.2,注入尾浆,0.0,0.0,0.0,0.0,0.0,0.0,0.0,0.0,0.0,0.0,0.0,0.0,0.0,0.019339996447813285
6556.0,109.26666666666667,注入尾浆,0.0,0.0,0.0,0.0,0.0,0.0,0.0,0.0,0.0,0.0,0.0,0.0,0.0,0.019203475042161848
6560.0,109.33333333333333,注入尾浆,0.0,0.0,0.0,0.0,0.0,0.0,0.0,0.0,0.0,0.0,0.0,0.0,0.0,0.019069564545375353
6564.0,109.4,注入尾浆,0.0,0.0,0.0,0.0,0.0,0.0,0.0,0.0,0.0,0.0,0.0,0.0,0.0,0.018938116821574667
6568.0,109.46666666666667,注入尾浆,0.0,0.0,0.0,0.0,0.0,0.0,0.0,0.0,0.0,0.0,0.0,0.0,0.0,0.018808996916010665
6572.0,109.53333333333333,注入尾浆,0.0,0.0,0.0,0.0,0.0,0.0,0.0,0.0,0.0,0.0,0.0,0.0,0.0,0.018682083182943364
6576.0,109.6,注入尾浆,0.0,0.0,0.0,0.0,0.0,0.0,0.0,0.0,0.0,0.0,0.0,0.0,0.0,0.01855726548522388
6580.0,109.66666666666667,注入尾浆,0.0,0.0,0.0,0.0,0.0,0.0,0.0,0.0,0.0,0.0,0.0,0.0,0.0,0.01843444495632036
6584.0,109.73333333333333,注入尾浆,0.0,0.0,0.0,0.0,0.0,0.0,0.0,0.0,0.0,0.0,0.0,0.0,0.0,0.01831353056993381
6588.0,109.8,注入尾浆,0.0,0.0,0.0,0.0,0.0,0.0,0.0,0.0,0.0,0.0,0.0,0.0,0.0,0.018194437942313756
6592.0,109.86666666666666,注入尾浆,0.0,0.0,0.0,0.0,0.0,0.0,0.0,0.0,0.0,0.0,0.0,0.0,0.0,0.01807708941652538
6596.0,109.93333333333334,注入尾浆,0.0,0.0,0.0,0.0,0.0,0.0,0.0,0.0,0.0,0.0,0.0,0.0,0.0,0.017961413289620514
6600.0,110.0,注入尾浆,0.0,0.0,0.0,0.0,0.0,0.0,0.0,0.0,0.0,0.0,0.0,0.0,0.0,0.017847343111638922
6604.0,110.06666666666666,注入尾浆,0.0,0.0,0.0,0.0,0.0,0.0,0.0,0.0,0.0,0.0,0.0,0.0,0.0,0.017734817751810603
6608.0,110.13333333333334,注入尾浆,0.0,0.0,0.0,0.0,0.0,0.0,0.0,0.0,0.0,0.0,0.0,0.0,0.0,0.017623779825036906
6612.0,110.2,注入尾浆,0.0,0.0,0.0,0.0,0.0,0.0,0.0,0.0,0.0,0.0,0.0,0.0,0.0,0.017514175580992757
6616.0,110.26666666666667,注入尾浆,0.0,0.0,0.0,0.0,0.0,0.0,0.0,0.0,0.0,0.0,0.0,0.0,0.0,0.017405953996053956
6620.0,110.33333333333333,注入尾浆,0.0,0.0,0.0,0.0,0.0,0.0,0.0,0.0,0.0,0.0,0.0,0.0,0.0,0.017299067086741667
6624.0,110.4,注入尾浆,0.0,0.0,0.0,0.0,0.0,0.0,0.0,0.0,0.0,0.0,0.0,0.0,0.0,0.017193469661159207
6628.0,110.46666666666667,注入尾浆,0.0,0.0,0.0,0.0,0.0,0.0,0.0,0.0,0.0,0.0,0.0,0.0,0.0,0.01708911913079156
6632.0,110.53333333333333,注入尾浆,0.0,0.0,0.0,0.0,0.0,0.0,0.0,0.0,0.0,0.0,0.0,0.0,0.0,0.016985975220918537
6636.0,110.6,注入尾浆,0.0,0.0,0.0,0.0,0.0,0.0,0.0,0.0,0.0,0.0,0.0,0.0,0.0,0.01688400048374386
6640.0,110.66666666666667,注入尾浆,0.0,0.0,0.0,0.0,0.0,0.0,0.0,0.0,0.0,0.0,0.0,0.0,0.0,0.016783158869973933
6644.0,110.73333333333333,注入尾浆,0.0,0.0,0.0,0.0,0.0,0.0,0.0,0.0,0.0,0.0,0.0,0.0,0.0,0.016683416020158007
6648.0,110.8,注入尾浆,0.0,0.0,0.0,0.0,0.0,0.0,0.0,0.0,0.0,0.0,0.0,0.0,0.0,0.01658474007648768
6652.0,110.86666666666666,注入尾浆,0.0,0.0,0.0,0.0,0.0,0.0,0.0,0.0,0.0,0.0,0.0,0.0,0.0,0.016487099935494798
6656.0,110.93333333333334,注入尾浆,0.0,0.0,0.0,0.0,0.0,0.0,0.0,0.0,0.0,0.0,0.0,0.0,0.0,0.01639046609847035
6660.0,111.0,注入尾浆,0.0,0.0,0.0,0.0,0.0,0.0,0.0,0.0,0.0,0.0,0.0,0.0,0.0,0.016294810576742213
6664.0,111.06666666666666,注入尾浆,0.0,0.0,0.0,0.0,0.0,0.0,0.0,0.0,0.0,0.0,0.0,0.0,0.0,0.016200106786715098
6668.0,111.13333333333334,注入尾浆,0.0,0.0,0.0,0.0,0.0,0.0,0.0,0.0,0.0,0.0,0.0,0.0,0.0,0.016106329521943123
6672.0,111.2,注入尾浆,0.0,0.0,0.0,0.0,0.0,0.0,0.0,0.0,0.0,0.0,0.0,0.0,0.0,0.016013454802396923
6676.0,111.26666666666667,注入尾浆,0.0,0.0,0.0,0.0,0.0,0.0,0.0,0.0,0.0,0.0,0.0,0.0,0.0,0.015921460178411864
6680.0,111.33333333333333,注入尾浆,0.0,0.0,0.0,0.0,0.0,0.0,0.0,0.0,0.0,0.0,0.0,0.0,0.0,0.01583032422123064
6684.0,111.4,注入尾浆,0.0,0.0,0.0,0.0,0.0,0.0,0.0,0.0,0.0,0.0,0.0,0.0,0.0,0.01574002614543576
6688.0,111.46666666666667,注入尾浆,0.0,0.0,0.0,0.0,0.0,0.0,0.0,0.0,0.0,0.0,0.0,0.0,0.0,0.01565054613181792
6692.0,111.53333333333333,注入尾浆,0.0,0.0,0.0,0.0,0.0,0.0,0.0,0.0,0.0,0.0,0.0,0.0,0.0,0.015561865303631527
6696.0,111.6,注入尾浆,0.0,0.0,0.0,0.0,0.0,0.0,0.0,0.0,0.0,0.0,0.0,0.0,0.0,0.015473966177043096
6700.0,111.66666666666667,注入尾浆,0.0,0.0,0.0,0.0,0.0,0.0,0.0,0.0,0.0,0.0,0.0,0.0,0.0,0.015386831628425671
6704.0,111.73333333333333,注入尾浆,0.0,0.0,0.0,0.0,0.0,0.0,0.0,0.0,0.0,0.0,0.0,0.0,0.0,0.015300445161141756
6708.0,111.8,注入尾浆,0.0,0.0,0.0,0.0,0.0,0.0,0.0,0.0,0.0,0.0,0.0,0.0,0.0,0.01521479103270155
6712.0,111.86666666666666,注入尾浆,0.0,0.0,0.0,0.0,0.0,0.0,0.0,0.0,0.0,0.0,0.0,0.0,0.0,0.015129854205464071
6716.0,111.93333333333334,注入尾浆,0.0,0.0,0.0,0.0,0.0,0.0,0.0,0.0,0.0,0.0,0.0,0.0,0.0,0.015045620255108066
6720.0,112.0,注入尾浆,0.0,0.0,0.0,0.0,0.0,0.0,0.0,0.0,0.0,0.0,0.0,0.0,0.0,0.01496207536745025
6724.0,112.06666666666666,注入尾浆,0.0,0.0,0.0,0.0,0.0,0.0,0.0,0.0,0.0,0.0,0.0,0.0,0.0,0.014879206272631569
6728.0,112.13333333333334,注入尾浆,0.0,0.0,0.0,0.0,0.0,0.0,0.0,0.0,0.0,0.0,0.0,0.0,0.0,0.014797000289837174
6732.0,112.2,注入尾浆,0.0,0.0,0.0,0.0,0.0,0.0,0.0,0.0,0.0,0.0,0.0,0.0,0.0,0.014715445712143543
6736.0,112.26666666666667,注入尾浆,0.0,0.0,0.0,0.0,0.0,0.0,0.0,0.0,0.0,0.0,0.0,0.0,0.0,0.014634530645660903
6740.0,112.33333333333333,注入尾浆,0.0,0.0,0.0,0.0,0.0,0.0,0.0,0.0,0.0,0.0,0.0,0.0,0.0,0.014554243653524169
6744.0,112.4,注入尾浆,0.0,0.0,0.0,0.0,0.0,0.0,0.0,0.0,0.0,0.0,0.0,0.0,0.0,0.014474573716590004
6748.0,112.46666666666667,注入尾浆,0.0,0.0,0.0,0.0,0.0,0.0,0.0,0.0,0.0,0.0,0.0,0.0,0.0,0.014395510195963118
6752.0,112.53333333333333,注入尾浆,0.0,0.0,0.0,0.0,0.0,0.0,0.0,0.0,0.0,0.0,0.0,0.0,0.0,0.014317042839260781
6756.0,112.6,注入尾浆,0.0,0.0,0.0,0.0,0.0,0.0,0.0,0.0,0.0,0.0,0.0,0.0,0.0,0.014239161730547371
6760.0,112.66666666666667,注入尾浆,0.0,0.0,0.0,0.0,0.0,0.0,0.0,0.0,0.0,0.0,0.0,0.0,0.0,0.014161857409408521
6764.0,112.73333333333333,注入尾浆,0.0,0.0,0.0,0.0,0.0,0.0,0.0,0.0,0.0,0.0,0.0,0.0,0.0,0.014085120953390899
6768.0,112.8,注入尾浆,0.0,0.0,0.0,0.0,0.0,0.0,0.0,0.0,0.0,0.0,0.0,0.0,0.0,0.014008943303761168
6772.0,112.86666666666666,注入尾浆,0.0,0.0,0.0,0.0,0.0,0.0,0.0,0.0,0.0,0.0,0.0,0.0,0.0,0.013933315647319436
6776.0,112.93333333333334,注入尾浆,0.0,0.0,0.0,0.0,0.0,0.0,0.0,0.0,0.0,0.0,0.0,0.0,0.0,0.013858229436744588
6780.0,113.0,注入尾浆,0.0,0.0,0.0,0.0,0.0,0.0,0.0,0.0,0.0,0.0,0.0,0.0,0.0,0.013783676407753296
6784.0,113.06666666666666,注入尾浆,0.0,0.0,0.0,0.0,0.0,0.0,0.0,0.0,0.0,0.0,0.0,0.0,0.0,0.013709648509315829
6788.0,113.13333333333334,注入尾浆,0.0,0.0,0.0,0.0,0.0,0.0,0.0,0.0,0.0,0.0,0.0,0.0,0.0,0.013636137886613003
6792.0,113.2,注入尾浆,0.0,0.0,0.0,0.0,0.0,0.0,0.0,0.0,0.0,0.0,0.0,0.0,0.0,0.013563136899870583
6796.0,113.26666666666667,注入尾浆,0.0,0.0,0.0,0.0,0.0,0.0,0.0,0.0,0.0,0.0,0.0,0.0,0.0,0.013490638098046782
6800.0,113.33333333333333,注入尾浆,0.0,0.0,0.0,0.0,0.0,0.0,0.0,0.0,0.0,0.0,0.0,0.0,0.0,0.013418634608339574
6804.0,113.4,注入尾浆,0.0,0.0,0.0,0.0,0.0,0.0,0.0,0.0,0.0,0.0,0.0,0.0,0.0,0.01334711936679295
6808.0,113.46666666666667,注入尾浆,0.0,0.0,0.0,0.0,0.0,0.0,0.0,0.0,0.0,0.0,0.0,0.0,0.0,0.013276085358935404
6812.0,113.53333333333333,注入尾浆,0.0,0.0,0.0,0.0,0.0,0.0,0.0,0.0,0.0,0.0,0.0,0.0,0.0,0.013205525731723068
6816.0,113.6,注入尾浆,0.0,0.0,0.0,0.0,0.0,0.0,0.0,0.0,0.0,0.0,0.0,0.0,0.0,0.013135433775723791
6820.0,113.66666666666667,注入尾浆,0.0,0.0,0.0,0.0,0.0,0.0,0.0,0.0,0.0,0.0,0.0,0.0,0.0,0.013065802925178206
6824.0,113.73333333333333,注入尾浆,0.0,0.0,0.0,0.0,0.0,0.0,0.0,0.0,0.0,0.0,0.0,0.0,0.0,0.012996626778470428
6828.0,113.8,注入压塞液（管内）,0.0,0.0,0.0,0.0,0.0,0.0,0.0,0.0,0.0,0.0,0.0,0.0,0.0,0.012927899056831433
6832.0,113.86666666666666,注入压塞液（管内）,0.0,0.0,0.0,0.0,0.0,0.0,0.0,0.0,0.0,0.0,0.0,0.0,0.0,0.012853929040719868
6836.0,113.93333333333334,注入压塞液（管内）,0.0,0.0,0.0,0.0,0.0,0.0,0.0,0.0,0.0,0.0,0.0,0.0,0.0,0.012780855449392734
6840.0,114.0,注入压塞液（管内）,0.0,0.0,0.0,0.0,0.0,0.0,0.0,0.0,0.0,0.0,0.0,0.0,0.0,0.012708466640681168
6844.0,114.06666666666666,注入压塞液（管内）,0.0,0.0,0.0,0.0,0.0,0.0,0.0,0.0,0.0,0.0,0.0,0.0,0.0,0.01263663089860696
6848.0,114.13333333333334,注入压塞液（管内）,0.001263155126632401,0.001263155126632401,0.010702320641159101,0.0014080058685807992,0.0,0.0,0.0,0.0,0.0001724133592130302,0.0,0.0,0.0,0.0020359999999999996,0.012565271680900745
6852.0,114.2,注入压塞液（管内）,0.002678028644981559,0.002678028644981559,0.02269010404225857,0.0029851282466107198,4.6301823647294595,0.0,4.6301823647294595,0.002004008016031197,0.0020753645726806764,0.006351981317220776,0.001269589651719416,0.0,0.003139746869085465,0.01249434884555965
6856.0,114.26666666666667,注入压塞液（管内）,0.004059740646020222,0.004059740646020222,0.03439692021793858,0.0045252863516073655,9.260364729458919,0.0,4.6301823647294595,0.004008016032062394,0.003413401805526926,0.012676243149270256,0.002532037601205017,0.0,0.004228207928090046,0.012427010522939302
6860.0,114.33333333333333,注入压塞液（管内）,0.005412480563438487,0.005412480563438487,0.04585826493725471,0.006033150035354828,13.890547094188378,4.6301823647294595,9.260364729458919,0.004008016032062393,0.0045522049949929975,0.012645633025300211,0.0025259310589157424,0.0,0.005301062622275581,0.01236011087199249
6864.0,114.4,注入压塞液（管内）,0.006745288807415959,0.006745288807415959,0.05715073478476713,0.0075187964058178215,18.520729458917838,4.6301823647294595,9.260364729458919,0.00601202404809359,0.00557801316519625,0.01892161686630336,0.0037771718456391934,0.0,0.006364313915469641,0.0122941340063115
6868.0,114.46666666666667,注入压塞液（管内）,0.008063132799225728,0.008063132799225728,0.06831641717642613,0.00898776251712118,18.520729458917838,9.260364729458919,13.890547094188378,0.004008016032062394,0.006519636519652212,0.012584399779656206,0.002513715269177319,0.0,0.00742045757807112,0.012228467274797027
6872.0,114.53333333333333,注入压塞液（管内）,0.009370397168251058,0.009370397168251058,0.07939246171370422,0.010444935800565327,23.1509118236473,9.260364729458919,13.890547094188378,0.006012024048093591,0.0073967235561236576,0.018834773586292968,0.003759868643769315,0.0,0.008471840563523986,0.012163357298397789
6876.0,114.6,注入压塞液（管内）,0.010669526135442291,0.010669526135442291,0.09039957752074369,0.011893040765095857,27.781094188376755,13.890547094188378,18.520729458917838,0.00601202404809359,0.008222807889436119,0.01879667686966706,0.0037522779192561417,0.0,0.009519372036017935,0.012098398641765899
6880.0,114.66666666666667,注入压塞液（管内）,0.01196255903153428,0.01196255903153428,0.10135504321278155,0.013334350599161368,27.781094188376755,13.890547094188378,18.520729458917838,0.00601202404809359,0.009007082903356748,0.018762174608775165,0.003745403335773223,0.0,0.010563964357066455,0.012033917899473733
6884.0,114.73333333333333,注入压塞液（管内）,0.013250835790622644,0.013250835790622644,0.11227021163479071,0.014770358892132138,32.41127655310622,18.520729458917838,23.1509118236473,0.006012024048093592,0.00975744950473353,0.018730910789169105,0.0037391739714994765,0.0,0.011606101614393328,0.011969636107737214
6888.0,114.8,注入压塞液（管内）,0.014535368532307096,0.014535368532307096,0.12315365816144598,0.016202193827163227,32.41127655310622,18.520729458917838,23.1509118236473,0.006012024048093592,0.01047921385043073,0.018702434537553457,0.003733500000550838,0.0,0.01264618076921688,0.011905731074341699
6892.0,114.86666666666666,注入压塞液（管内）,0.01581685822898908,0.01581685822898908,0.13401132191395482,0.01763063675979375,37.041458917835676,18.520729458917838,27.781094188376755,0.008016032064124788,0.011176777459657282,0.02490170508475983,0.004967959681581369,0.0,0.013684473104342456,0.011842161924148137
6896.0,114.93333333333334,注入压塞液（管内）,0.017095809358727718,0.017095809358727718,0.14484747717805715,0.019056250018476342,37.041458917835676,23.1509118236473,27.781094188376755,0.00601202404809359,0.011853543219236897,0.018652054563063448,0.0037234615738063193,0.0,0.014721157263454484,0.011778826140477604
6900.0,115.0,注入压塞液（管内）,0.018372684129341697,0.018372684129341697,0.15566604009688872,0.020479548814136023,41.67164128256513,23.1509118236473,32.41127655310622,0.008016032064124786,0.012512191009584473,0.024839214160752573,0.004955523509543425,0.0,0.01575646800385592,0.011715946091087117
6904.0,115.06666666666666,注入压塞液（管内）,0.019647739193751557,0.019647739193751557,0.16646918521084536,0.021900819231047537,41.67164128256513,27.781094188376755,32.41127655310622,0.00601202404809359,0.013154929230102492,0.018608058599452575,0.003714695105971222,0.0,0.01679049969922779,0.011653315598705397
6908.0,115.13333333333334,注入压塞液（管内）,0.0209212649091711,0.0209212649091711,0.17725937262632024,0.023320384922776796,46.3018236472946,27.781094188376755,37.041458917835676,0.008016032064124788,0.01378349392765031,0.02478369800878399,0.004944475240133417,0.0,0.017823432509030308,0.011591051397669317
6912.0,115.2,注入压塞液（管内）,0.022193431067791074,0.022193431067791074,0.18803804093975285,0.02473843515222267,46.3018236472946,32.41127655310622,41.67164128256513,0.00601202404809359,0.014399414661973342,0.018568351520926965,0.0037067831587881406,0.0,0.018855371151720757,0.011529136785102891
6916.0,115.26666666666667,注入压塞液（管内）,0.02346439563952333,0.02346439563952333,0.1988065285810895,0.02615514600430005,50.932006012024054,32.41127655310622,41.67164128256513,0.008016032064124786,0.015003841506179354,0.024732859280855064,0.004934357717277793,0.0,0.019886423598057687,0.011467491049523944
6920.0,115.33333333333333,替钻井液(快),0.024734291686630633,0.024734291686630633,0.20956596294551022,0.027570665800021064,55.56218837675351,37.041458917835676,46.3018236472946,0.008016032064124786,0.015597845247893847,0.02470871480472717,0.004929552637947032,0.0,0.020916690255811568,0.011406267683103247
6924.0,115.4,替钻井液(快),0.026003200498692498,0.026003200498692498,0.22031703277434722,0.02898508515074657,55.56218837675351,37.041458917835676,46.3018236472946,0.008016032064124786,0.0161823019175162,0.024685231924012584,0.0049248792028488975,0.0,0.021946236405588977,0.011345312151244638
6928.0,115.46666666666667,替钻井液(快),0.027271233550273884,0.027271233550273884,0.23106068255692913,0.03039852831424852,60.192370741482975,41.67164128256513,50.932006012024054,0.008016032064124788,0.01675795409850522,0.024662314532729025,0.0049203182872165074,0.0,0.0229751605610854,0.011284713559220996
6932.0,115.53333333333333,替钻井液(快),0.02853843904335208,0.02853843904335208,0.24179732069362234,0.03181104902000596,60.192370741482975,41.67164128256513,50.932006012024054,0.008016032064124788,0.01732546850447107,0.02463985644497641,0.00491584875981621,0.0,0.024003510550164944,0.011224445027124172
6936.0,115.6,替钻井液(快),0.029804899017905832,0.029804899017905832,0.2525276422836584,0.033222738715830084,64.82255310621244,46.3018236472946,55.56218837675351,0.008016032064124788,0.017885420112316364,0.024617793034263733,0.004911457760063631,0.0,0.025031363176994417,0.01116446483091199
6940.0,115.66666666666667,替钻井液(快),0.031070657863263757,0.031070657863263757,0.26325202342401705,0.03463364688134051,64.82255310621244,46.3018236472946,55.56218837675351,0.008016032064124788,0.018438313267276043,0.024596068632225056,0.004907134209959918,0.0,0.026058765866156058,0.011104871673225141
6944.0,115.73333333333333,替钻井液(快),0.032335774910113455,0.032335774910113455,0.2739709668051668,0.0360438396508976,69.45273547094189,50.932006012024054,60.192370741482975,0.008016032064124786,0.018984625369865362,0.024574624537069947,0.004902866427587638,0.0,0.02708579099092616,0.011045544403671009
6948.0,115.8,替钻井液(快),0.03360029097312946,0.03360029097312946,0.28468481823715475,0.03745336251954789,69.45273547094189,50.932006012024054,60.192370741482975,0.008016032064124786,0.019524743740919767,0.024553431704604108,0.004898648633281044,0.0,0.028112495472171872,0.010986574137603339
6952.0,115.86666666666666,替钻井液(快),0.034864242673563035,0.034864242673563035,0.2953938880004563,0.03886225630803905,74.08291783567135,50.932006012024054,64.82255310621244,0.010020040080155985,0.02005904378156763,0.030665552103591873,0.0061143412896562666,0.0,0.029138936094625062,0.01092790617513979
6956.0,115.93333333333334,替钻井液(快),0.03612766760947767,0.03612766760947767,0.3060984946517733,0.040270562925945705,74.08291783567135,55.56218837675351,69.45273547094189,0.008016032064124788,0.02058785266972402,0.024511633770760807,0.004890329962420448,0.0,0.030165159066265823,0.010869535141611215
6960.0,116.0,替钻井液(快),0.03739059054384927,0.03739059054384927,0.31679884800010105,0.0416783099759072,78.71310020040082,55.56218837675351,69.45273547094189,0.010020040080155987,0.02111145746926603,0.03061373333778951,0.006104040850644088,0.0,0.0311911773331753,0.010811512968458607
6964.0,116.06666666666666,替钻井液(快),0.03865305595540079,0.03865305595540079,0.3274953248998297,0.04308554703718868,78.71310020040082,60.192370741482975,74.08291783567135,0.008016032064124788,0.021630179957523078,0.024470467571014985,0.0048821369520037905,0.0,0.032216999309524,0.010753756709080723
6968.0,116.13333333333334,替钻井液(快),0.03991508160447288,0.03991508160447288,0.33818807582880334,0.044492293906775754,83.34328256513027,60.192370741482975,74.08291783567135,0.010020040080155982,0.022144280485106502,0.030562566207597015,0.006093869837814125,0.0,0.03324259541703896,0.01069636353658336
6972.0,116.2,替钻井液(快),0.04117671160509311,0.04117671160509311,0.3488774745514615,0.045898599757417204,83.34328256513027,64.82255310621244,78.71310020040082,0.008016032064124783,0.022654049269177155,0.024429689764058918,0.004874021174085974,0.0,0.034267959150628725,0.01063924974667623
6976.0,116.26666666666667,替钻井液(快),0.042437961452145644,0.042437961452145644,0.35956365235113985,0.04730448186085373,87.97346492985973,64.82255310621244,78.71310020040082,0.010020040080155982,0.023159721328811615,0.03051167395328941,0.006083753361622368,0.0,0.03529305021312472,0.010582441637467039
6980.0,116.33333333333333,替钻井液(快),0.043698861462716836,0.043698861462716836,0.3702468660950848,0.04870997401074585,87.97346492985973,69.45273547094189,83.34328256513027,0.008016032064124788,0.02366153626507281,0.0243889445508279,0.004865911817004465,0.0,0.036317835635519755,0.010525958874305323
6984.0,116.4,替钻井液(快),0.0449594367198502,0.0449594367198502,0.380927328304125,0.050115104166503874,92.6036472945892,69.45273547094189,83.34328256513027,0.010020040080155987,0.024159726003531102,0.03046056365680126,0.006073593438884806,0.0,0.03734226880566432,0.010469745380614313
6988.0,116.46666666666667,替钻井液(快),0.04621970100582389,0.04621970100582389,0.39160515575121824,0.05151988769087154,92.6036472945892,74.08291783567135,87.97346492985973,0.008016032064124788,0.02465448816071218,0.024347812464376287,0.004857725395062795,0.0,0.038366285128177066,0.010413881268016205
6992.0,116.53333333333333,替钻井液(快),0.0474796865814197,0.0474796865814197,0.40228062177193763,0.05292436054409563,97.23382965931864,74.08291783567135,87.97346492985973,0.010020040080155982,0.02514603829764446,0.03040871359198364,0.006063286355721731,0.0,0.0393898310473005,0.010358283743719585
6996.0,116.6,替钻井液(快),0.048739396059404805,0.048739396059404805,0.4129537485034468,0.05432852563855917,101.86401202404811,78.71310020040082,92.6036472945892,0.010020040080155982,0.02563454099336867,0.03038235986690747,0.006058047554936663,0.0,0.04041281638568021,0.010303001208518497
7000.0,116.66666666666667,替钻井液(快),0.04999885870033606,0.04999885870033606,0.42362478386133506,0.055732415590236936,101.86401202404811,78.71310020040082,92.6036472945892,0.010020040080155982,0.026120197854614547,0.030355642218439356,0.0060527363824098845,0.0,0.041435170804405036,0.010248014313030598
7004.0,116.73333333333333,替钻井液(快),0.05125808075605013,0.05125808075605013,0.4342937808152541,0.05713603736788718,106.49419438877757,78.71310020040082,97.23382965931864,0.01202404809618718,0.026603170206977722,0.036394223127937025,0.007252417993369065,0.0,0.04245679681784891,0.010193303079704648
7008.0,116.8,替钻井液(快),0.05251708464567542,0.05251708464567542,0.44496092931202696,0.05853941596152396,106.49419438877757,83.34328256513027,101.86401202404811,0.010020040080155987,0.027083650358169755,0.03030096512096162,0.0060418670926957185,0.0,0.04347761117537749,0.010138912776691619
7012.0,116.86666666666666,替钻井液(快),0.05377589138631819,0.05377589138631819,0.4556264073773778,0.05994257479836402,111.12437675350702,83.34328256513027,101.86401202404811,0.01202404809618718,0.02756181801378331,0.036327531959659425,0.007239176405849812,0.0,0.0444975305880983,0.010084784170799957
7016.0,116.93333333333334,替钻井液(快),0.05503451377770638,0.05503451377770638,0.46629032297299833,0.06134552814592819,111.12437675350702,87.97346492985973,106.49419438877757,0.010020040080155982,0.028037843315194048,0.03024444699768729,0.006030631699538547,0.0,0.0455164671507071,0.01003097277988694
7020.0,117.0,替钻井液(快),0.05629298151179077,0.05629298151179077,0.47695292350508856,0.06274830910105475,115.75455911823649,87.97346492985973,106.49419438877757,0.01202404809618718,0.02851192041109806,0.03625853939739884,0.007225477688752813,0.0,0.04653434863390346,0.009977435920947839
7024.0,117.06666666666666,替钻井液(快),0.05755130025307991,0.05755130025307991,0.48761422867567283,0.0641509239778227,115.75455911823649,92.6036472945892,111.12437675350702,0.010020040080155982,0.028984194606110573,0.030185948289491796,0.006019002446702726,0.0,0.0475510713427997,0.009924178629328572
7028.0,117.13333333333334,替钻井液(快),0.05880949656281658,0.05880949656281658,0.49827431375009784,0.06555340238335229,120.38474148296595,92.6036472945892,111.12437675350702,0.01202404809618718,0.029454852739089335,0.03618713142526738,0.007211299184422759,0.0,0.0485665343011077,0.00987122016338152
7032.0,117.2,替钻井液(快),0.06006757936906262,0.06006757936906262,0.5089326510158516,0.06695575426951973,125.01492384769541,97.23382965931864,115.75455911823649,0.012024048096187186,0.02992403328281714,0.03615051178219431,0.007204028044222044,0.0,0.0495805975937943,0.009818518856550983
7036.0,117.26666666666667,替钻井液(快),0.06132556556322737,0.06132556556322737,0.5195875882730668,0.06835799846473573,125.01492384769541,97.23382965931864,115.75455911823649,0.012024048096187186,0.03039189800376437,0.036113290351874765,0.0071966373594944955,0.0,0.05059310966216105,0.00976612432412127
7040.0,117.33333333333333,替钻井液(快),0.06258346172469548,0.06258346172469548,0.5302353583061054,0.06976014230286763,129.64510621242488,101.86401202404811,120.38474148296595,0.012024048096187186,0.030858569352988734,0.036075454325457994,0.007189124584218054,0.0,0.051603896402039835,0.009713985565029866
7044.0,117.4,替钻井液(快),0.06384127009447357,0.06384127009447357,0.5408702832719383,0.07116218828190675,129.64510621242488,101.86401202404811,120.38474148296595,0.012024048096187186,0.031324165757517716,0.03603701639536935,0.00718149223587683,0.0,0.05261277655145026,0.00966212932108147
7048.0,117.46666666666667,替钻井液(快),0.06509899974410306,0.06509899974410306,0.5514865110127296,0.0725641465136622,134.27528857715433,106.49419438877757,125.01492384769541,0.01202404809618718,0.03178881767545474,0.035997978923452724,0.0071737407806941045,0.0,0.053619585273535816,0.009610540560296952
7052.0,117.53333333333333,替钻井液(快),0.06635664814317563,0.06635664814317563,0.5620795907458064,0.07396601417755423,134.27528857715433,106.49419438877757,125.01492384769541,0.01202404809618718,0.03225260371609991,0.035958358768717384,0.007165873563521052,0.0,0.05462416914393584,0.009559205424338565
7056.0,117.6,替钻井液(快),0.0676142229961492,0.0676142229961492,0.5726470436101789,0.07536779986153994,138.90547094188378,106.49419438877757,129.64510621242488,0.014028056112218372,0.03271562176123326,0.04190455521642486,0.008345889115175087,0.0,0.055626415665206846,0.009508150239114267
7060.0,117.66666666666667,替钻井液(快),0.06887172242088284,0.06887172242088284,0.5831873999079945,0.07676950146764615,138.90547094188378,111.12437675350702,134.27528857715433,0.01202404809618718,0.03317791049962251,0.03587749243091369,0.007149816061699954,0.0,0.05662623839077883,0.009457327450848253
7064.0,117.73333333333333,替钻井液(快),0.07012915074727762,0.07012915074727762,0.5936993888360925,0.07817112382229999,143.53565330661326,111.12437675350702,134.27528857715433,0.014028056112218384,0.03363951907560719,0.04180902274219902,0.008326941900010376,0.0,0.05762359191575927,0.009406786197545267
7068.0,117.8,替钻井液(快),0.07138650396539589,0.07138650396539589,0.6041813425371179,0.07957266245572919,143.53565330661326,115.75455911823649,138.90547094188378,0.012024048096187186,0.03410045745647907,0.03579464058640978,0.0071333640315811575,0.0,0.05861845785488833,0.009356471984159615
7072.0,117.86666666666666,替钻井液(快),0.07264378451858058,0.07264378451858058,0.6146312754803835,0.08097412009146403,148.1658356713427,115.75455911823649,138.90547094188378,0.01402805611221838,0.034560734213013165,0.041711290898540504,0.008307558103314738,0.0,0.059610855533163684,0.009306428516125433
7076.0,117.93333333333334,替钻井液(快),0.07390098663794605,0.07390098663794605,0.625046878342155,0.08237549029907902,148.1658356713427,120.38474148296595,143.53565330661326,0.01202404809618718,0.035020337951637844,0.03570999775413158,0.007116556080485781,0.0,0.06060082810327173,0.009256618677873456
7080.0,118.0,替钻井液(快),0.0751581100009647,0.0751581100009647,0.6354257204554674,0.08377677271906116,152.79601803607216,120.38474148296595,143.53565330661326,0.014028056112218372,0.035479246066587554,0.04161157705379881,0.008287780812871848,0.0,0.06158845050350501,0.009207064572984255
7084.0,118.06666666666666,替钻井液(快),0.0764151487195008,0.0764151487195008,0.6457651803811992,0.08517796078806004,157.42620040080163,125.01492384769541,148.1658356713427,0.01402805611221838,0.035937434952848325,0.04156106564200471,0.008277762205409545,0.0,0.06257381651796942,0.009157755943211927
7088.0,118.13333333333334,替钻井液(快),0.07767210183559925,0.07767210183559925,0.6560625130653195,0.08657905343826831,157.42620040080163,125.01492384769541,148.1658356713427,0.01402805611221838,0.03639486584497865,0.04151018515709002,0.008267670292389617,0.0,0.06355704287072754,0.009108690855930362
7092.0,118.2,替钻井液(快),0.078928963995461,0.078928963995461,0.6663147327258111,0.08798004470194663,162.05638276553108,129.64510621242488,152.79601803607216,0.014028056112218372,0.03685149622479372,0.04145900196421137,0.00825751823500509,0.0,0.06453825685249423,0.009059878923200794
7096.0,118.26666666666667,替钻井液(快),0.08018573212179406,0.08018573212179406,0.6765186273379895,0.08938093114891842,162.05638276553108,129.64510621242488,152.79601803607216,0.014028056112218372,0.03730727587577069,0.04140757931824403,0.008247318578049723,0.0,0.06551759872199027,0.00901130362004076
7100.0,118.33333333333333,替钻井液(快),0.08144240114468707,0.08144240114468707,0.6866706867120207,0.0907817071278865,166.68656513026053,129.64510621242488,157.42620040080163,0.016032064128249566,0.03776214559862796,0.04726399763104953,0.009408262261190403,0.0,0.06649521563522551,0.008962989779605524
7104.0,118.4,替钻井液(快),0.08269896331615165,0.08269896331615165,0.6967670604321234,0.09218236400237159,166.68656513026053,134.27528857715433,157.42620040080163,0.014028056112218372,0.03821603740202699,0.041304319280221484,0.008226836682635796,0.0,0.06747126236451662,0.008914909898874338
7108.0,118.46666666666667,替钻井液(快),0.08395541034338651,0.08395541034338651,0.7068035369241058,0.09358289252860574,171.31674749499,134.27528857715433,162.05638276553108,0.016032064128249576,0.03866887108030998,0.04714585583446561,0.009384855927149327,0.0,0.06844590333673714,0.008867094062932904
7112.0,118.53333333333333,替钻井液(快),0.08521173218339889,0.08521173218339889,0.7167754914682726,0.09498328151192849,171.31674749499,138.90547094188378,162.05638276553108,0.014028056112218384,0.039120562953125965,0.041200970090248173,0.008206336680157467,0.0,0.06941931730410297,0.008819510818585367
7116.0,118.6,替钻井液(快),0.08646791430514715,0.08646791430514715,0.7266778164991753,0.09638351475496906,175.94692985971946,138.90547094188378,166.68656513026053,0.016032064128249576,0.039571009891886263,0.04702793373257659,0.009361492567654395,0.0,0.07039169749979217,0.0087721977760602
7120.0,118.66666666666667,替钻井液(快),0.08772394602893063,0.08772394602893063,0.7365049387584085,0.09778358035334546,175.94692985971946,143.53565330661326,166.68656513026053,0.014028056112218372,0.0400201124137151,0.04109810577348701,0.008185932434762289,0.0,0.07136326490789313,0.008725111112202227
7124.0,118.73333333333333,替钻井液(快),0.08897981032216096,0.08897981032216096,0.7462506683887217,0.0991834593212784,180.5771122244489,143.53565330661326,171.31674749499,0.016032064128249566,0.040467762802933065,0.04691093266752449,0.009338311144340028,0.0,0.0723342616884631,0.008678300862176046
7128.0,118.8,替钻井液(快),0.09023549758687185,0.09023549758687185,0.7559082362715209,0.1005831409601668,180.5771122244489,148.1658356713427,171.31674749499,0.014028056112218372,0.04091386331243798,0.04099641898565044,0.00816576135231728,0.0,0.07330496492472963,0.008631721695696091
7132.0,118.86666666666666,替钻井液(快),0.09149099285449394,0.09149099285449394,0.7654700799285145,0.1019826085849392,185.2072945891784,148.1658356713427,175.94692985971946,0.016032064128249576,0.04135831729786836,0.04679578301338858,0.009315496011458091,0.0,0.07427567131260698,0.008585421973213008
7136.0,118.93333333333334,替钻井液(快),0.09274629487363684,0.09274629487363684,0.7749278663110435,0.10338186080070358,185.2072945891784,148.1658356713427,175.94692985971946,0.016032064128249576,0.041801045892721274,0.046739286650811854,0.009304301934028425,0.0,0.07524670592200897,0.008539355810447456
7140.0,119.0,替钻井液(快),0.09400139915928103,0.09400139915928103,0.7842721612921808,0.10478089260812641,189.83747695390784,152.79601803607216,180.5771122244489,0.016032064128249576,0.042241972466473175,0.04668376235593437,0.009293300336928323,0.0,0.07621839521374914,0.008493577631102475
7144.0,119.06666666666666,替钻井液(快),0.09525631288384351,0.09525631288384351,0.7934923148812711,0.10617971200211265,189.83747695390784,152.79601803607216,180.5771122244489,0.016032064128249576,0.0426810467347928,0.04662936794403072,0.00928252249664363,0.0,0.07719106720337379,0.008448043937679355
7148.0,119.13333333333334,替钻井液(快),0.09651104304659848,0.09651104304659848,0.8025760191732856,0.10757832678456959,194.4676593186373,157.42620040080163,180.5771122244489,0.016032064128249566,0.04311822643737815,0.0465762676577111,0.009272000964430593,0.0,0.07816502664661433,0.008402803226390568
7152.0,119.2,替钻井液(快),0.09776560286856126,0.09776560286856126,0.8115089201363616,0.108976751692616,194.4676593186373,157.42620040080163,185.2072945891784,0.016032064128249566,0.04355350716076919,0.046524550690785586,0.009261753422001862,0.0,0.07914055120145547,0.008357820968369076
7156.0,119.26666666666667,替钻井液(快),0.09902000537021305,0.09902000537021305,0.8202739879198816,0.11037500123984058,199.09784168336677,162.05638276553108,185.2072945891784,0.016032064128249576,0.043986894211819075,0.04647427808035463,0.009251791972341272,0.0,0.08011787577565696,0.008313136851157591
7160.0,119.33333333333333,替钻井液(快),0.1002742603282474,0.1002742603282474,0.8288508180816888,0.11177308632406703,199.09784168336677,162.05638276553108,189.83747695390784,0.016032064128249576,0.044418420096946236,0.04642544341943544,0.009242115354526792,0.0,0.08109718415300704,0.008268729625724667
7164.0,119.4,替钻井液(快),0.10152838318399955,0.10152838318399955,0.8372150964417903,0.11317102415734649,203.72802404809622,162.05638276553108,189.83747695390784,0.01803607214428077,0.04484814054421198,0.0521752430078446,0.010380792368051006,0.0,0.08207860995870807,0.008224614398086569
7168.0,119.46666666666667,替钻井液(快),0.10278238877462627,0.10278238877462627,0.845338324404306,0.11456883127826821,203.72802404809622,166.68656513026053,194.4676593186373,0.016032064128249576,0.04527613444163892,0.046331840816915285,0.009223567677622224,0.0,0.08306222709008264,0.008180790370066549
7172.0,119.53333333333333,替钻井液(快),0.1040362930513461,0.1040362930513461,0.8531885834025091,0.11596652546723688,208.35820641282567,166.68656513026053,194.4676593186373,0.01803607214428077,0.04570249533594862,0.052072693417168164,0.010360495150971039,0.0,0.08404804829981577,0.00813725273574273
7176.0,119.6,替钻井液(快),0.10529011421993363,0.10529011421993363,0.8607327885794285,0.11736412701775162,212.98838877755514,171.31674749499,199.09784168336677,0.01803607214428077,0.046127332052772814,0.05202317992991619,0.0103506950018456,0.0,0.08503602737511319,0.008094014929947373
7180.0,119.66666666666667,替钻井液(快),0.1065438613704864,0.1065438613704864,0.8679404159114018,0.11876164606230558,212.98838877755514,171.31674749499,203.72802404809622,0.01803607214428077,0.04655075114574122,0.051974541103087406,0.01034106787878708,0.0,0.08602605658844299,0.008051054920916225
7184.0,119.73333333333333,替钻井液(快),0.1077975462375898,0.1077975462375898,0.8747880850474102,0.12015909568113313,217.6185711422846,175.94692985971946,203.72802404809622,0.01803607214428077,0.04697286580201618,0.05192654082651572,0.010331567052692225,0.0,0.08701798921209074,0.008008391174284741
7188.0,119.8,替钻井液(快),0.10905117025368068,0.10905117025368068,0.8812630050352839,0.12155647747093405,217.6185711422846,175.94692985971946,208.35820641282567,0.01803607214428077,0.04739377760015892,0.05187894161719945,0.010322145520867854,0.0,0.08801164603227549,0.007966008407136077
7192.0,119.86666666666666,替钻井液(快),0.11030473482662474,0.11030473482662474,0.8873642362974619,0.12295379300101927,222.24875350701404,175.94692985971946,208.35820641282567,0.020040080160311963,0.04781358168344276,0.05759057783301625,0.011452036020777712,0.0,0.08900684133164749,0.007923899356130708
7196.0,119.93333333333334,替钻井液(快),0.11155823629604066,0.11155823629604066,0.8931013738430931,0.12435103819125781,222.24875350701404,180.5771122244489,212.98838877755514,0.01803607214428077,0.04823235205152388,0.05178410792621292,0.010303374382089281,0.0,0.09000339406824744,0.007882068022993884
7200.0,120.0,替钻井液(快),0.11281167464208958,0.11281167464208958,0.8984918266191098,0.12574821301953581,226.87893587174352,180.5771122244489,212.98838877755514,0.020040080160311974,0.04865016351823817,0.057485068474008805,0.011431175588275888,0.0,0.09100114726531046,0.007840491457029197
7204.0,120.06666666666666,替钻井液(快),0.11406504574254621,0.11406504574254621,0.9035575949845701,0.1271453128909169,226.87893587174352,185.2072945891784,217.6185711422846,0.01803607214428077,0.04906705886546419,0.051688801889114934,0.010284509389631658,0.0,0.09199996750878303,0.007799185236601333
7208.0,120.13333333333334,替钻井液(快),0.11531834986016173,0.11531834986016173,0.9083225599840686,0.12854233809828297,231.50911823647297,185.2072945891784,217.6185711422846,0.020040080160311963,0.04948308287685909,0.05737864644832229,0.011410134264985716,0.0,0.09299975788849875,0.007758125410909173
7212.0,120.2,替钻井液(快),0.11657158168252235,0.11657158168252235,0.91281037073874,0.12993928272002575,236.13930060120245,185.2072945891784,222.24875350701404,0.02204408817634317,0.0498982517166625,0.06305748147443441,0.01253230463351529,0.0,0.09400044907153185,0.007717314785830658
7216.0,120.26666666666667,替钻井液(快),0.11782473997239626,0.11782473997239626,0.9170431747677852,0.13133614537703545,236.13930060120245,189.83747695390784,222.24875350701404,0.020040080160311974,0.05031257945809408,0.0572710376736741,0.011388857847217326,0.0,0.09500200791937378,0.0076767505532888336
7220.0,120.33333333333333,替钻井液(快),0.11907781914361196,0.11907781914361196,0.9210409951322811,0.13273291984255325,240.7694829659319,189.83747695390784,226.87893587174352,0.02204408817634317,0.05072606741934543,0.06293852215420287,0.012508810656875369,0.0,0.09600442682870092,0.0076364206250147245
7224.0,120.4,替钻井液(快),0.12033081754556975,0.12033081754556975,0.9248215988328973,0.13412960427669907,240.7694829659319,194.4676593186373,226.87893587174352,0.020040080160311974,0.05113870954897356,0.05716245485290932,0.011367388376805732,0.0,0.09700772580209954,0.007596338926404387
7228.0,120.46666666666667,替钻井液(快),0.12158373385986426,0.12158373385986426,0.9284005858682765,0.13552619720988096,245.39966533066135,194.4676593186373,231.50911823647297,0.02204408817634317,0.05155050258798277,0.06281873980144896,0.012485153569909646,0.0,0.0980119434803861,0.007556481495071564
7232.0,120.53333333333333,替钻井液(快),0.12283656643428859,0.12283656643428859,0.931791632829599,0.1369226968004273,245.39966533066135,199.09784168336677,231.50911823647297,0.020040080160311963,0.051961440525457626,0.057053391046692756,0.011345823334495408,0.0,0.09901712814910613,0.007516869057543286
7236.0,120.6,替钻井液(快),0.12408931997090442,0.12408931997090442,0.9350067846111754,0.1383191082896028,250.02984769539083,199.09784168336677,236.13930060120245,0.02204408817634317,0.052371524761626036,0.06269875088629175,0.012461455118530695,0.0,0.10002333637831029,0.0074774862731658035
7240.0,120.66666666666667,替钻井液(快),0.1253419945199192,0.1253419945199192,0.9380567060167658,0.13971543173337245,250.02984769539083,203.72802404809622,240.7694829659319,0.020040080160311974,0.05278075362895912,0.05694442140157,0.011324276440744407,0.0,0.10103061643275706,0.007438340685372357
7244.0,120.73333333333333,替钻井液(快),0.12659459668571502,0.12659459668571502,0.9409509361331035,0.14111167449346756,254.66003006012028,203.72802404809622,240.7694829659319,0.02204408817634317,0.053189141568713016,0.06257912719790298,0.012437828235265291,0.0,0.10203901261626512,0.007399429451454062
7248.0,120.8,替钻井液(快),0.127847129541753,0.127847129541753,0.9436980837457234,0.14250783999579464,259.29021242484976,203.72802404809622,245.39966533066135,0.02404809619237437,0.053596701123125326,0.0682031549650261,0.01354801915891024,0.0,0.10304855248922194,0.007360748579888588
7252.0,120.86666666666666,替钻井液(快),0.12909959773114205,0.12909959773114205,0.9463059939959129,0.1439039334159053,259.29021242484976,208.35820641282567,245.39966533066135,0.02204408817634318,0.054003455902664955,0.06246017746752677,0.012414333904989805,0.0,0.10405924854467928,0.0073223092241136425
7256.0,120.93333333333334,替钻井液(快),0.13035200774573968,0.13035200774573968,0.9487818918471287,0.14529996199010276,263.9203947895792,208.35820641282567,250.02984769539083,0.02404809619237436,0.05440943267394255,0.06807377672835974,0.01352249374510095,0.0,0.10507109698842032,0.007284096603059112
7260.0,121.0,替钻井液(快),0.13160436269974257,0.13160436269974257,0.9511324692781422,0.1466959291897003,263.9203947895792,212.98838877755514,250.02984769539083,0.022044088176343155,0.05481466141618845,0.06234188491767154,0.012390968823270843,0.0,0.10608407252271054,0.007246127863447452
7264.0,121.06666666666666,替钻井液(快),0.13285667029083034,0.13285667029083034,0.9533639868810415,0.1480918435950994,268.55057715430866,212.98838877755514,254.66003006012028,0.02404809619237436,0.05521918180104957,0.06794498907704792,0.013497084193638265,0.0,0.10709813622932116,0.007208385983472626
7268.0,121.13333333333334,替钻井液(快),0.13410893258917722,0.13410893258917722,0.9554823296639177,0.1494877075138689,268.55057715430866,217.6185711422846,254.66003006012028,0.02204408817634317,0.055623023755716705,0.062223957599212204,0.012367675331631411,0.0,0.10811322844961162,0.007170876058725208
7272.0,121.2,替钻井液(快),0.13536115475375302,0.13536115475375302,0.9574930561511305,0.15088352669657704,273.18075951903813,217.6185711422846,259.29021242484976,0.02404809619237437,0.056026230480245624,0.0678163391457609,0.013471701160620464,0.0,0.10912928019873833,0.00713359907458583
7276.0,121.26666666666667,替钻井液(快),0.13661333907512063,0.13661333907512063,0.9594014537152906,0.15227930369645423,273.18075951903813,222.24875350701404,259.29021242484976,0.02204408817634318,0.05642883163488139,0.062105878034599715,0.012344351217243532,0.0,0.11014621238487048,0.0070965449729826005
7280.0,121.33333333333333,替钻井液(快),0.1378654851075766,0.1378654851075766,0.9612125500102535,0.15367503801668647,277.81094188376755,222.24875350701404,263.9203947895792,0.02404809619237436,0.056830857291038754,0.06768719009198775,0.013446218992258951,0.0,0.11116394083872878,0.007059723570241479
7284.0,121.4,替钻井液(快),0.13911759402837026,0.13911759402837026,0.9629311525010993,0.15507073096952276,282.44112424849703,226.87893587174352,263.9203947895792,0.02404809619237436,0.05723233710222774,0.06762223973066553,0.013433403504114039,0.0,0.11218238446083839,0.007023119496700613
7288.0,121.46666666666667,替钻井液(快),0.1403696632632845,0.1403696632632845,0.9645618690092761,0.15646637968555077,282.44112424849703,226.87893587174352,268.55057715430866,0.02404809619237436,0.05763328395286676,0.06755695133336614,0.013420521149624554,0.0,0.11320146299772194,0.006986738420342608
7292.0,121.53333333333333,替钻井液(快),0.141621692986868,0.141621692986868,0.9661091090989651,0.15786198435933538,287.0713066132265,231.50911823647297,268.55057715430866,0.02404809619237437,0.058033722577571,0.06749129187165166,0.013407565409054079,0.0,0.11422110578414604,0.0069505765214668514
7296.0,121.6,替钻井液(快),0.14287368108083962,0.14287368108083962,0.9675771156672504,0.15925754262968417,287.0713066132265,231.50911823647297,273.18075951903813,0.02404809619237437,0.05843366013873996,0.06742521850749633,0.013394527826669833,0.0,0.1152412475162945,0.006914625221152285
7300.0,121.66666666666667,替钻井液(快),0.14412562821622948,0.14412562821622948,0.968969961125748,0.16065305524457685,291.70148897795593,231.50911823647297,277.81094188376755,0.026052104208405553,0.05883311189470602,0.0729719458061146,0.014488407270484949,0.0,0.116261834391455,0.006878890726134375
7304.0,121.73333333333333,替钻井液(快),0.14537753353537036,0.14537753353537036,0.970291559255826,0.1620485212479942,291.70148897795593,236.13930060120245,277.81094188376755,0.024048096192374347,0.059232086602809854,0.06729177522924715,0.01336819630158581,0.0,0.11728282024651271,0.006843360584849577
7308.0,121.8,替钻井液(快),0.1466293975888205,0.1466293975888205,0.9715456724411858,0.16344394125362907,296.3316713426854,236.13930060120245,282.44112424849703,0.026052104208405553,0.05963059399689414,0.07282640188121665,0.01445971980791072,0.0,0.1183041697406561,0.006808045617584038
7312.0,121.86666666666666,替钻井液(快),0.14788122204105472,0.14788122204105472,0.9727359109723848,0.16483931711682795,300.9618537074149,240.7694829659319,282.44112424849703,0.026052104208405567,0.0600286487326652,0.07275287278383749,0.01444522652389657,0.0,0.11932585830008406,0.006772934119811919
7316.0,121.93333333333334,替钻井液(快),0.14913300870494128,0.14913300870494128,0.9738657466923246,0.16623465085834738,300.9618537074149,240.7694829659319,287.0713066132265,0.026052104208405567,0.060426259312423694,0.07267879811983294,0.014430625487999449,0.0,0.12034787071312167,0.006738026414121785
7320.0,122.0,替钻井液(快),0.1503847623708457,0.1503847623708457,0.9749385013511269,0.16762994781788218,305.5920360721443,245.39966533066135,287.0713066132265,0.026052104208405553,0.060823449159617245,0.07260415310855955,0.014415911810755189,0.0,0.12137020389318252,0.0067033246234626635
7324.0,122.06666666666666,替钻井液(快),0.15163648780507175,0.15163648780507175,0.9759573611568899,0.169025213308306,305.5920360721443,245.39966533066135,291.70148897795593,0.026052104208405553,0.06122023603776426,0.07252887560442008,0.014401073236998685,0.0,0.12239286275882319,0.006668821526973372
7328.0,122.13333333333334,替钻井液(快),0.15288819157060654,0.15288819157060654,0.9769253691225025,0.17042045464520836,310.2222184368738,250.02984769539083,291.70148897795593,0.026052104208405553,0.06161664721959279,0.07245291152608742,0.01438609910043398,0.0,0.12341586152841501,0.006634528179151893
7332.0,122.2,替钻井液(快),0.1541398791968976,0.1541398791968976,0.9778454277431153,0.1718156779921193,310.2222184368738,250.02984769539083,296.3316713426854,0.026052104208405553,0.062012709187756365,0.07237619860145812,0.014370977119450457,0.0,0.12443921920766213,0.0066004311479125775
7336.0,122.26666666666667,替钻井液(快),0.15539155786516107,0.15539155786516107,0.9787203080777291,0.173210891353752,314.85240080160327,254.66003006012028,296.3316713426854,0.026052104208405567,0.06240844669095982,0.07229866674626863,0.014355693471619246,0.0,0.12546295927923382,0.006566537743679541
7340.0,122.33333333333333,替钻井液(快),0.1566432320732344,0.1566432320732344,0.9795526356801061,0.17460609974372784,319.4825831663327,254.66003006012028,300.9618537074149,0.028056112224436745,0.06280388720788338,0.07777568054161027,0.015434779839457846,0.0,0.12648710293746893,0.006532844878933949
7344.0,122.4,替钻井液(快),0.15789490619901664,0.15789490619901664,0.9803449070995868,0.1760013080419759,319.4825831663327,259.29021242484976,300.9618537074149,0.026052104208405542,0.06319904938127291,0.07214098050569516,0.014324608472406353,0.0,0.12751166635599026,0.006499350126058394
7348.0,122.46666666666667,替钻井液(快),0.15914658396346332,0.15914658396346332,0.9810994801867058,0.17739652039614776,324.11276553106217,259.29021242484976,305.5920360721443,0.028056112224436745,0.0635939552906975,0.07760393140412508,0.015400959613129594,0.0,0.12853665729798647,0.006466057884879942
7352.0,122.53333333333333,替钻井液(快),0.1603982666893509,0.1603982666893509,0.9818185818609777,0.17879173828070752,324.11276553106217,259.29021242484976,310.2222184368738,0.028056112224436745,0.06398861862486756,0.0775166479035726,0.01538377161293003,0.0,0.1295620703027398,0.006432959692962641
7356.0,122.6,替钻井液(快),0.16164995675229332,0.16164995675229332,0.9825043145083704,0.1801869643436898,328.74294789579164,263.9203947895792,310.2222184368738,0.02805611222443677,0.0643830575630894,0.07742851292655689,0.015366415634232022,0.0,0.1305878894543766,0.006400064378941377
7360.0,122.66666666666667,替钻井液(快),0.1629016549312449,0.1629016549312449,0.9831586593537482,0.18158219945337448,328.74294789579164,263.9203947895792,314.85240080160327,0.02805611222443677,0.06477728665989486,0.07733964592787708,0.015348915192422874,0.0,0.1316140870426471,0.006367364618931191
7364.0,122.73333333333333,替钻井液(快),0.1641533617814293,0.1641533617814293,0.9837834742666658,0.18297744422865483,333.37313026052107,268.55057715430866,314.85240080160327,0.028056112224436745,0.06517131901396853,0.07725017032644485,0.015331294585159139,0.0,0.13264062775184668,0.006334862445300854
7368.0,122.8,替钻井液(快),0.16540507739216223,0.16540507739216223,0.9843805021984228,0.18437269876908868,333.37313026052107,268.55057715430866,319.4825831663327,0.028056112224436745,0.06556517053875871,0.0771602491060053,0.01531358590357701,0.0,0.13366747243986668,0.0063025556396023984
7372.0,122.86666666666666,替钻井液(快),0.16665680175699701,0.16665680175699701,0.9849513715113346,0.18576796306749013,338.00331262525054,273.18075951903813,319.4825831663327,0.028056112224436745,0.0659588495736205,0.07707002629634971,0.015295817508284126,0.0,0.13469458163043782,0.006270437734592184
7376.0,122.93333333333334,替钻井液(快),0.16790853415116885,0.16790853415116885,0.9854976011699547,0.18716323631598286,342.63349498998,273.18075951903813,324.11276553106217,0.03006012024046795,0.0663523685668229,0.08247820338648863,0.016360332615941053,0.0,0.13572191889042667,0.006238519618081352
7380.0,123.0,替钻井液(快),0.16916027239024248,0.16916027239024248,0.9860206092217544,0.18855851607963423,342.63349498998,277.81094188376755,324.11276553106217,0.02805611222443677,0.06674572907819568,0.07688928914050264,0.015260222338292273,0.0,0.13674945176446132,0.006206788626653327
7384.0,123.06666666666666,替钻井液(快),0.1704120165474673,0.1704120165474673,0.9865217134212592,0.18995380244009338,347.26367735470944,277.81094188376755,328.74294789579164,0.03006012024046795,0.06713893795912794,0.08228469313461159,0.016322263007301552,0.0,0.13777715742279237,0.006175249694300443
7388.0,123.13333333333334,替钻井液(快),0.17166376501840097,0.17166376501840097,0.9870021403963352,0.1913490936089306,347.26367735470944,282.44112424849703,328.74294789579164,0.028056112224436745,0.06753199727359113,0.07670905423998996,0.015224724803335032,0.0,0.1388050190571869,0.006143896467413734
7392.0,123.2,替钻井液(快),0.17291551689943124,0.17291551689943124,0.9874630301571122,0.19274438857891302,351.8938597194389,282.44112424849703,333.37313026052107,0.03006012024046795,0.06792490512362176,0.0820922117586948,0.01628439434955009,0.0,0.13983302883365342,0.006112727595843621
7396.0,123.26666666666667,替钻井液(快),0.17416727064655316,0.17416727064655316,0.9879054417327355,0.19413968562897882,351.8938597194389,287.0713066132265,338.00331262525054,0.028056112224436745,0.06831766165092586,0.07653016672504977,0.015189491372705866,0.0,0.14086118585159396,0.0060817469328998276
7400.0,123.33333333333333,替钻井液(快),0.17541902607504825,0.17541902607504825,0.9883303606838302,0.19553498455322715,356.5240420841684,287.0713066132265,338.00331262525054,0.03006012024046795,0.06871026095867214,0.0819015319942439,0.016246878702212753,0.0,0.14188949744541754,0.006050945494444388
7404.0,123.4,替钻井液(快),0.17667078072370954,0.17667078072370954,0.9887387017810813,0.1969302826082152,361.1542244488978,291.70148897795593,342.63349498998,0.03006012024046795,0.06910269853020641,0.08180704456654721,0.01622828806617116,0.0,0.14291797459466002,0.006020330594137228
7408.0,123.46666666666667,替钻井液(快),0.17792253408177236,0.17792253408177236,0.9891313159260515,0.19832557922460703,361.1542244488978,291.70148897795593,342.63349498998,0.03006012024046795,0.06949496909945702,0.08171321249221666,0.016209826024858875,0.0,0.14394663423960946,0.005989893737117192
7412.0,123.53333333333333,替钻井液(快),0.17917428692687867,0.17917428692687867,0.989508995395004,0.1997208752692197,365.7844068136273,296.3316713426854,347.26367735470944,0.03006012024046795,0.0698870704110905,0.08162006694565951,0.01619149871945813,0.0,0.14497549659378062,0.0059596395810938285
7416.0,123.6,替钻井液(快),0.1804260372208685,0.1804260372208685,0.9898724780495572,0.20111616847016978,365.7844068136273,296.3316713426854,347.26367735470944,0.03006012024046795,0.07027899668822353,0.081527656446155,0.016173315704424485,0.0,0.14600458050610543,0.00592956467331848
7420.0,123.66666666666667,替钻井液(快),0.18167778664820414,0.18167778664820414,0.9902224518984978,0.2025114607050832,370.4145891783568,296.3316713426854,351.8938597194389,0.03206412825649915,0.07067074595539219,0.08686505632436442,0.017222970646921354,0.0,0.1470339069192381,0.00589966533621899
7424.0,123.73333333333333,替钻井液(快),0.18292953558452582,0.18292953558452582,0.9905595586257432,0.2039067523926762,370.4145891783568,300.9618537074149,351.8938597194389,0.03006012024046795,0.07106231945695765,0.0813450946547132,0.016137393216230533,0.0,0.1480634939028659,0.005869950414829001
7428.0,123.8,替钻井液(快),0.18418128360571823,0.18418128360571823,0.9908843978332805,0.20530204306019864,375.0447715430862,300.9618537074149,356.5240420841684,0.03206412825649913,0.07145371383206946,0.08667197432774947,0.017185018603929403,0.0,0.14909335626004627,0.005840408690278832
7432.0,123.86666666666666,替钻井液(快),0.18543303176963336,0.18543303176963336,0.9911975304279264,0.20669733388681036,379.6749539078157,305.5920360721443,356.5240420841684,0.03206412825649915,0.07184493258003775,0.08657666805852673,0.01716628473954196,0.0,0.150123506647568,0.005811049321244038
7436.0,123.93333333333334,替钻井液(快),0.18668478051946935,0.18668478051946935,0.9914994825928146,0.20809262536653267,379.6749539078157,305.5920360721443,361.1542244488978,0.03206412825649915,0.07223597705404522,0.0864821889412595,0.017147713111711704,0.0,0.15115395396723966,0.0057818618346203885
7440.0,124.0,替钻井液(快),0.18793653009066913,0.18793653009066913,0.991790746736375,0.20948791776180764,384.30513627254516,310.2222184368738,361.1542244488978,0.03206412825649915,0.07262684973964348,0.08638850801274024,0.017129298036231533,0.0,0.15218470341573273,0.005752855449714268
7444.0,124.06666666666666,替钻井液(快),0.18918828084727154,0.18918828084727154,0.9920717853465947,0.21088321147841982,384.30513627254516,310.2222184368738,365.7844068136273,0.03206412825649915,0.07301755551864514,0.08629562204981678,0.017111038888314,0.0,0.1532157570739571,0.005724024277867509
7448.0,124.13333333333334,替钻井液(快),0.19044003389547523,0.19044003389547523,0.9923430335170429,0.2122785077494198,388.9353186372746,314.85240080160327,370.4145891783568,0.03206412825649913,0.07340810039408234,0.08620349564661543,0.017092928716525235,0.0,0.15424711422830534,0.005695364995766962
7452.0,124.2,替钻井液(快),0.1916917891978478,0.1916917891978478,0.9926049011259657,0.21367380653308266,388.9353186372746,314.85240080160327,370.4145891783568,0.03206412825649913,0.07379848949028257,0.08611211364694585,0.017074964549632976,0.0,0.15527877030187898,0.005666881612262521
7456.0,124.26666666666667,替钻井液(快),0.19294354737004718,0.19294354737004718,0.9928577741990253,0.21506910851566616,393.56550100200405,319.4825831663327,375.0447715430862,0.03206412825649915,0.07418872997675997,0.08602145286620418,0.017057141837826473,0.0,0.15631071798437904,0.005638569309181777
7460.0,124.33333333333333,替钻井液(快),0.19419531059447226,0.19419531059447226,0.9931020169479815,0.21646441612983308,393.56550100200405,319.4825831663327,375.0447715430862,0.03206412825649915,0.07457883452303748,0.08593148080826397,0.017039454200330373,0.0,0.1573429481453026,0.005610433632400759
7464.0,124.4,替钻井液(快),0.19544707783139656,0.19544707783139656,0.993337973214369,0.21785972821662755,398.19568336673353,324.11276553106217,379.6749539078157,0.03206412825649915,0.07496880751192371,0.08584218353926994,0.017021898905113075,0.0,0.1583754455886542,0.005582466344695167
7468.0,124.46666666666667,替钻井液(快),0.19669885070154655,0.19669885070154655,0.9935659687168513,0.21925504658263084,402.82586573146295,324.11276553106217,379.6749539078157,0.03406813627253034,0.07535866301882399,0.09111311272944034,0.018057594494658713,0.0,0.1594081936990428,0.00555466914746049
7472.0,124.53333333333333,替钻井液(快),0.19795063080287945,0.19795063080287945,0.9937863120917727,0.22065037300904394,402.82586573146295,328.74294789579164,384.30513627254516,0.03206412825649913,0.07574841260351031,0.08566546881011937,0.0169871569493959,0.0,0.16044117150217463,0.005527040977902888
7476.0,124.6,替钻井液(快),0.19920241875056183,0.19920241875056183,0.9939992954730915,0.2220457081815769,407.45604809619243,328.74294789579164,384.30513627254516,0.03406813627253034,0.07613806960800272,0.09092662634203183,0.01802097003329739,0.0,0.16147435252503625,0.005499579232360483
7480.0,124.66666666666667,替钻井液(快),0.20045421684675868,0.20045421684675868,0.9942051959484214,0.22344105466639258,407.45604809619243,333.37313026052107,388.9353186372746,0.03206412825649915,0.07652765023352599,0.08549108619695064,0.016952872281864484,0.0,0.16250770650106713,0.005472286718311679
7484.0,124.73333333333333,替钻井液(快),0.2017060260886086,0.2017060260886086,0.9944042771953099,0.22483641357497525,412.0862304609219,333.37313026052107,388.9353186372746,0.03406813627253036,0.07691716810228494,0.09074248947220571,0.017984805658419423,0.0,0.16354119648358406,0.0054451557862774695
7488.0,124.8,替钻井液(快),0.20295784814868284,0.20295784814868284,0.9945967894128303,0.22623178677169614,412.0862304609219,333.37313026052107,393.56550100200405,0.03406813627253036,0.07730663977866327,0.09065121104855646,0.017966878134992537,0.0,0.16457478095567427,0.005418192010150024
7492.0,124.86666666666666,替钻井液(快),0.20420968344377888,0.20420968344377888,0.9947829717303299,0.2276271747211485,416.71641282565133,338.00331262525054,393.56550100200405,0.03406813627253034,0.07769607732661968,0.09056041001769478,0.017949044049096474,0.0,0.16560841276289817,0.0053913879324423335
7496.0,124.93333333333334,替钻井液(快),0.20546153258755603,0.20546153258755603,0.9949630509150221,0.22902257810736223,421.3465951903808,338.00331262525054,398.19568336673353,0.03607214428856154,0.07808549741187618,0.09579179269813988,0.01897600358603435,0.0,0.16664204212535597,0.005364742979137465
7500.0,125.0,替钻井液(快),0.2067133961944834,0.2067133961944834,0.9951372432134662,0.2304179976152699,421.3465951903808,342.63349498998,398.19568336673353,0.03406813627253034,0.07847491135652208,0.09038002167421023,0.017913613300938658,0.0,0.16767561800642078,0.005338256382975787
7504.0,125.06666666666666,替钻井液(快),0.20796527413235216,0.20796527413235216,0.9953057554920197,0.23181343309750185,425.9767775551103,342.63349498998,402.82586573146295,0.03607214428856154,0.07886433274755086,0.09560154562879311,0.01893867548782735,0.0,0.1687090900595627,0.00531192582369444
7508.0,125.13333333333334,替钻井液(快),0.2092171650527155,0.2092171650527155,0.995468785169775,0.2332088830509798,425.9767775551103,347.26367735470944,407.45604809619243,0.03406813627253036,0.07925376804583079,0.09020096328154519,0.01787844250920778,0.0,0.16974241019300557,0.005285751676825068
7512.0,125.2,替钻井液(快),0.21046906681928043,0.21046906681928043,0.9956265207801788,0.23460434509443398,430.6069599198397,347.26367735470944,407.45604809619243,0.03607214428856154,0.07964322212067972,0.09541253430603143,0.018901588447113427,0.0,0.1707755348974991,0.005259726180104546
7516.0,125.26666666666667,替钻井液(快),0.2117209788357666,0.2117209788357666,0.9957791428575014,0.23599981856320637,430.6069599198397,351.8938597194389,412.0862304609219,0.03406813627253034,0.08003270189126709,0.09002293664920996,0.017843473127978626,0.0,0.1718084286008161,0.005233852454060274
7520.0,125.33333333333333,替钻井液(快),0.21297289888359106,0.21297289888359106,0.9959268237124143,0.23739530098430076,435.2371422845692,351.8938597194389,412.0862304609219,0.03607214428856154,0.08042220796794508,0.09522450029668102,0.01886469177975658,0.0,0.17284106204881847,0.00520812519159888
7524.0,125.4,替钻井液(快),0.2142248247437974,0.2142248247437974,0.9960697286196399,0.23879078988430472,435.2371422845692,356.5240420841684,416.71641282565133,0.03406813627253034,0.08081174290643334,0.08984576018519562,0.01780866950723603,0.0,0.17387341416012067,0.005182541515589516
7528.0,125.46666666666667,替钻井液(快),0.21547675518288223,0.21547675518288223,0.9962080164413323,0.24018628388826435,439.86732464929867,356.5240420841684,416.71641282565133,0.03607214428856154,0.08120130759904372,0.09503731997939742,0.01882796124857955,0.0,0.17490547205654938,0.005157104434296748
7532.0,125.53333333333333,替钻井液(快),0.2167286897559574,0.2167286897559574,0.9963418393930468,0.24158178250027454,444.4975070140281,361.1542244488978,421.3465951903808,0.03607214428856154,0.08159090985216655,0.09494405577827558,0.018809659432618142,0.0,0.17593723031822106,0.005131810004763694
7536.0,125.6,替钻井液(快),0.21798062874842566,0.21798062874842566,0.9964713429995055,0.24297728603846616,444.4975070140281,361.1542244488978,421.3465951903808,0.03607214428856154,0.08198055683250735,0.09485102210931472,0.018791402515301536,0.0,0.17696868838469748,0.005106660711218743
7540.0,125.66666666666667,替钻井液(快),0.21923257294963971,0.21923257294963971,0.9965966671103177,0.24437279538271006,449.12768937875757,365.7844068136273,425.9767775551103,0.03607214428856154,0.08237026226960063,0.09475824959807064,0.018773196509271783,0.0,0.17799984804313074,0.00508164816740847
7544.0,125.73333333333333,替钻井液(快),0.22048452554440234,0.22048452554440234,0.9967179466722611,0.24576831408302224,449.12768937875757,365.7844068136273,425.9767775551103,0.03607214428856154,0.08276004748804817,0.09466575153530568,0.018755044025674183,0.0,0.17903071063195192,0.005056779273119414
7548.0,125.8,替钻井液(快),0.221736491115622,0.221736491115622,0.996835311133322,0.24716384724785054,453.75787174348704,370.4145891783568,430.6069599198397,0.03607214428856154,0.08314994332682764,0.09457355885516508,0.01873695113839835,0.0,0.1800612722787614,0.005032047430902869
7552.0,125.86666666666666,替钻井液(快),0.2229884758948332,0.2229884758948332,0.9969488850079407,0.2485594018233229,453.75787174348704,370.4145891783568,430.6069599198397,0.03607214428856154,0.08353999119141127,0.0944816688189668,0.01871891731326991,0.0,0.18109151915832478,0.005007453958587605
7556.0,125.93333333333334,替钻井液(快),0.2242404898981416,0.2242404898981416,0.9970587881456625,0.2499549889741294,458.3880541082165,370.4145891783568,435.2371422845692,0.03807615230459275,0.08393024784477719,0.09963397677972775,0.019729568971795453,0.0,0.18212142445955798,0.004982999387147981
7560.0,126.0,替钻井液(快),0.22549254456235238,0.22549254456235238,0.9971651357042638,0.2513506214485767,458.3880541082165,375.0447715430862,439.86732464929867,0.036072144288561564,0.08432078379671859,0.09429876604058988,0.01868302084943929,0.0,0.18315094226309647,0.004958681832593729
7564.0,126.06666666666666,替钻井液(快),0.2267446543877363,0.2267446543877363,0.997268038721,0.252746315409736,463.01823647294594,375.0447715430862,439.86732464929867,0.03807615230459275,0.08471168215206336,0.0994414139170031,0.019691815508720012,0.0,0.18418000494285772,0.004934501474983155
7568.0,126.13333333333334,替钻井液(快),0.22799683512247035,0.22799683512247035,0.9973676046007891,0.2541420884116869,467.6484188376754,379.6749539078157,444.4975070140281,0.03807615230459275,0.08510303571062866,0.09934536234492522,0.01967298329938605,0.0,0.18520851906834265,0.004910451489633001
7572.0,126.2,替钻井液(快),0.22924910369615412,0.22924910369615412,0.9974639368054546,0.25553795932540974,467.6484188376754,379.6749539078157,444.4975070140281,0.03807615230459275,0.08549494117202514,0.09924926926404108,0.01965414258967868,0.0,0.1862363645744847,0.004886536337939383
7576.0,126.26666666666667,替钻井液(快),0.23050147514394373,0.23050147514394373,0.9975571347461133,0.25693394491019844,472.2786012024049,384.30513627254516,449.12768937875757,0.03807615230459275,0.08588749453113781,0.09915294073763732,0.019635255353379177,0.0,0.18726339559772937,0.004862745672406968
7580.0,126.33333333333333,替钻井液(快),0.23175396268932957,0.23175396268932957,0.9976472944349424,0.2583300599059307,472.2786012024049,384.30513627254516,449.12768937875757,0.03807615230459275,0.08628077981398906,0.09905610067177656,0.01961626745221301,0.0,0.18828944720736343,0.0048390792787796726
7584.0,126.4,替钻井液(快),0.23300657449073542,0.23300657449073542,0.9977345089705736,0.2597263134065875,476.9087835671343,388.9353186372746,453.75787174348704,0.03807615230459275,0.08667486364012722,0.09895844354026632,0.019597118972595085,0.0,0.18931434566425587,0.004815527782876654
7588.0,126.46666666666667,替钻井液(快),0.23425931331516292,0.23425931331516292,0.997818868285264,0.2611227084964728,476.9087835671343,388.9353186372746,453.75787174348704,0.03807615230459275,0.08706978729794229,0.09885960034533933,0.01957773755040826,0.0,0.1903379250499392,0.0047920855875423565
7592.0,126.53333333333333,替钻井液(快),0.23551217379048606,0.23551217379048606,0.9979004589597043,0.26251923918741876,481.5389659318638,393.56550100200405,458.3880541082165,0.03807615230459275,0.08746555442206892,0.09875918311237968,0.019558047094537345,0.0,0.1913600448713772,0.004768746345806593
7596.0,126.6,替钻井液(快),0.23676514159936557,0.23676514159936557,0.9979793648010704,0.2639158895202631,481.5389659318638,393.56550100200405,458.3880541082165,0.03807615230459275,0.08786212766447668,0.09865682665209383,0.019537975975534194,0.0,0.19238061002497414,0.0047455001183754645
7600.0,126.66666666666667,替钻井液(快),0.23801819338309424,0.23801819338309424,0.9980556668365432,0.26531263345766787,486.1691482965933,398.19568336673353,463.01823647294594,0.03807615230459275,0.08825941866672447,0.09855219042572977,0.01951745739157873,0.0,0.1933995877012208,0.004722341187292349
7604.0,126.73333333333333,替钻井液(快),0.2392713011979418,0.2392713011979418,0.998129443594843,0.2667094398514904,490.7993306613227,398.19568336673353,463.01823647294594,0.04008016032062393,0.08865729715886088,0.10362633911389799,0.02051197551441275,0.0,0.19441702538371788,0.004699251177707654
7608.0,126.8,替钻井液(快),0.24052442634059198,0.24052442634059198,0.9982007710717994,0.26810626556015976,490.7993306613227,402.82586573146295,467.6484188376754,0.03807615230459275,0.089055572661959,0.09833513445648577,0.019474892549967593,0.0,0.19543305558552926,0.004676232435573917
7612.0,126.86666666666666,替钻井液(快),0.24177752583332374,0.24177752583332374,0.9982697228933564,0.2695030626775382,495.4295130260522,402.82586573146295,467.6484188376754,0.04008016032062395,0.08945401134317073,0.10339205128640777,0.020466078014836797,0.0,0.19644790541472945,0.004653261105485198
7616.0,126.93333333333334,替钻井液(快),0.2430305505777243,0.2430305505777243,0.9983363702366981,0.2708997764749136,495.4295130260522,402.82586573146295,472.2786012024049,0.04008016032062395,0.08985233353219774,0.10327050987190321,0.020442266937748088,0.0,0.1974618944599727,0.004630350109168369
7620.0,127.0,替钻井液(快),0.2442834453972153,0.2442834453972153,0.9984007817920479,0.27229634544840214,500.05969539078166,407.45604809619243,472.2786012024049,0.04008016032062395,0.09025022149409677,0.10314616563207055,0.020417906162499166,0.0,0.1984754319882184,0.004607481614203151
7624.0,127.06666666666666,替钻井液(快),0.24553615473664137,0.24553615473664137,0.9984630244514954,0.27369270767213016,500.05969539078166,407.45604809619243,476.9087835671343,0.04008016032062395,0.09064733725582658,0.10301928635206693,0.020393048112949286,0.0,0.1994890146285047,0.00458467557884006
7628.0,127.13333333333334,替钻井液(快),0.24678862374485003,0.24678862374485003,0.998523163257998,0.27508880200495756,500.05969539078166,412.0862304609219,481.5389659318638,0.03807615230459275,0.0910433321097545,0.09774575038017028,0.01935930456057766,0.0,0.200503220668227,0.004561922816960113
7632.0,127.2,替钻井液(快),0.2480408026124546,0.2480408026124546,0.9985812611282899,0.27648457292566825,504.6898777555111,412.0862304609219,481.5389659318638,0.04008016032062393,0.09143787288344425,0.10275968234879275,0.020342184815260067,0.0,0.20151870583929926,0.004539227826292587
7636.0,127.26666666666667,替钻井液(快),0.2492926493384196,0.2492926493384196,0.9986373788416854,0.2778799736168102,504.6898777555111,416.71641282565133,486.1691482965933,0.03807615230459275,0.09183065726364342,0.0974969167126864,0.019310500062021507,0.0,0.2025361974044642,0.0045166228686705084
7640.0,127.33333333333333,替钻井液(快),0.2505441284328765,0.2505441284328765,0.9986915754894573,0.27927496451875844,509.32006012024056,416.71641282565133,486.1691482965933,0.04008016032062395,0.09222142308964294,0.10249723060027296,0.02029076088433257,0.0,0.20355648597167278,0.004494093358834885
7644.0,127.4,替钻井液(快),0.2517952158724585,0.2517952158724585,0.9987439086330484,0.28066951885329655,509.32006012024056,421.3465951903808,490.7993306613227,0.03807615230459275,0.0926099675002727,0.09724930014678174,0.019261931866163762,0.0,0.20458042133551685,0.004471674681564956
7648.0,127.46666666666667,替钻井液(快),0.2530459025870505,0.2530459025870505,0.9987944340382524,0.2820636265102051,513.95024248497,421.3465951903808,490.7993306613227,0.04008016032062393,0.09299615131494035,0.10224129233116251,0.020240610583427188,0.0,0.20560890337334267,0.00444939052004667
7652.0,127.53333333333333,替钻井液(快),0.2542961928935053,0.2542961928935053,0.9988432057676697,0.2834572923013668,513.95024248497,425.9767775551103,490.7993306613227,0.03807615230459272,0.09337988968574906,0.09701385053839023,0.01921574789995728,0.0,0.2066428658097484,0.004427232743243963
7656.0,127.6,替钻井液(快),0.25554610719371823,0.25554610719371823,0.9988902763789999,0.2848505389682388,513.95024248497,425.9767775551103,495.4295130260522,0.03807615230459272,0.09376114807244369,0.0969050437066299,0.019194404462304693,0.0,0.20768325356867368,0.004405237908490328
7660.0,127.66666666666667,替钻井液(快),0.2567956787918147,0.2567956787918147,0.9989356969073454,0.28624340363405565,518.5804248496995,430.6069599198397,495.4295130260522,0.03807615230459277,0.09413992855369635,0.09680465136967127,0.019174711191432325,0.0,0.20873098685854508,0.0043834476601050144
7664.0,127.73333333333333,替钻井液(快),0.2580449466281901,0.2580449466281901,0.9989795169706848,0.2876359297046542,518.5804248496995,430.6069599198397,500.05969539078166,0.03807615230459277,0.09451625905994979,0.09671425644113493,0.019156978704762406,0.0,0.20978691283549425,0.004361855147622877
7668.0,127.8,替钻井液(快),0.25929395524371446,0.25929395524371446,0.9990217847690448,0.2890281668285732,523.2106072144289,435.2371422845692,500.05969539078166,0.03807615230459275,0.09489019852444054,0.09663505080278215,0.019141440922169628,0.0,0.2108517559627763,0.00434049060493915
7672.0,127.86666666666666,替钻井液(快),0.2605427514651582,0.2605427514651582,0.9990625473251379,0.2904201672023848,523.2106072144289,435.2371422845692,504.6898777555111,0.03807615230459275,0.09526182466452439,0.09656755768528626,0.019128200592411826,0.0,0.21192606942173334,0.004319388526239652
7676.0,127.93333333333334,替钻井液(快),0.26179137794429186,0.26179137794429186,0.9991018502243839,0.29181197836889816,527.8407895791584,439.86732464929867,504.6898777555111,0.03807615230459272,0.09563124577815989,0.09651166714874487,0.019117236240902113,0.0,0.21301019772461727,0.004298549915497084
7680.0,128.0,替钻井液(快),0.26303987023737535,0.26303987023737535,0.9991397376332869,0.2932036399617431,532.4709719438879,439.86732464929867,504.6898777555111,0.04008016032062395,0.09599859543214816,0.10154379450586698,0.020103925041175863,0.0,0.21410426401808982,0.004278006881098559
7684.0,128.06666666666666,替钻井液(快),0.2642882524019979,0.2642882524019979,0.9991762526117934,0.2945951787972828,532.4709719438879,439.86732464929867,509.32006012024056,0.04008016032062395,0.09636400784701166,0.10150643162716748,0.020096602666180075,0.0,0.21520817853940286,0.004257776828181787
7688.0,128.13333333333333,替钻井液(快),0.26553654832641566,0.26553654832641566,0.9992114372106161,0.29598662150312965,537.1011543086173,444.4975070140281,509.32006012024056,0.04008016032062395,0.0967276491904047,0.10147751734539515,0.020090936009207305,0.0,0.21632167789714427,0.0042378554012083985
7692.0,128.2,替钻井液(快),0.2667847784493216,0.2667847784493216,0.9992453321771718,0.2973779908617582,541.7313366733467,444.4975070140281,513.95024248497,0.04208416833665513,0.09708970628625282,0.10652811677272384,0.02108026188770007,0.0,0.2174443644313733,0.004218243711561234
7696.0,128.26666666666668,替钻井液(快),0.2680329581871409,0.2680329581871409,0.999277977208934,0.298769304057453,541.7313366733467,449.12768937875757,513.95024248497,0.04008016032062393,0.09745036002789924,0.10143831467591174,0.020083252968855825,0.0,0.21857574718072884,0.004198927034316175
7700.0,128.33333333333334,替钻井液(快),0.2692810997184856,0.2692810997184856,0.9993094108697066,0.3001605746653933,546.3615190380763,449.12768937875757,513.95024248497,0.04208416833665515,0.09780977369392067,0.10649624953252237,0.02107402277373127,0.0,0.21971528567729245,0.004179894682116069
7704.0,128.4,替钻井液(快),0.27052920844396716,0.27052920844396716,0.9993396708723463,0.30155180870549897,550.9917014028057,453.75787174348704,518.5804248496995,0.04208416833665513,0.09816810114371882,0.10648494647847988,0.021071809800585095,0.0,0.22086242341860574,0.0041611243924964715
7708.0,128.46666666666667,替钻井液(快),0.27177729099949216,0.27177729099949216,0.9993687937290693,0.3029430135746408,555.6218837675351,453.75787174348704,518.5804248496995,0.04408817635268631,0.09852547785960056,0.111545612067754,0.02206211419740911,0.0,0.22201662090911858,0.0041426016449448615
7712.0,128.53333333333333,替钻井液(快),0.2730253526831073,0.2730253526831073,0.9993968148985154,0.3043341951784126,555.6218837675351,458.3880541082165,523.2106072144289,0.042084168336655105,0.09888201929773476,0.10646675711475437,0.021068248577924886,0.0,0.22317737230530252,0.004124304609817839
7716.0,128.6,替钻井液(快),0.2742733968666269,0.2742733968666269,0.9994237691877611,0.30572535727528705,560.2520661322646,458.3880541082165,527.8407895791584,0.04408817635268634,0.09923782135807228,0.11152807723622689,0.0220586845961811,0.0,0.22434421638414107,0.0041062186014848056
7720.0,128.66666666666666,替钻井液(快),0.27552142625674,0.27552142625674,0.9994496903724972,0.3071165028823396,564.8822484969941,463.01823647294594,532.4709719438879,0.04408817635268634,0.09959296340537466,0.11151964360621118,0.022057035075743747,0.0,0.22551674279533104,0.004088324582947658
7724.0,128.73333333333332,替钻井液(快),0.2767694415738304,0.2767694415738304,0.9994746112564867,0.3085076328025631,569.5124308617235,463.01823647294594,532.4709719438879,0.046092184368717516,0.09994751050136753,0.11657971759513842,0.02304622720467564,0.0,0.22669459062457403,0.004070612997927697
7728.0,128.8,替钻井液(快),0.27801744523496635,0.27801744523496635,0.9994985637106513,0.3098987497302001,569.5124308617235,467.6484188376754,537.1011543086173,0.04408817635268631,0.10030151803515316,0.11150207379093745,0.022053598614257486,0.0,0.2278774493885756,0.004053067542213029
7732.0,128.86666666666667,替钻井液(快),0.2792654360472625,0.2792654360472625,0.9995215788572136,0.31128985233557255,574.142613226453,467.6484188376754,541.7313366733467,0.046092184368717544,0.10065502780470753,0.11656049359613112,0.02304247100578305,0.0,0.22906504854924356,0.004035681725449175
7736.0,128.93333333333334,替钻井液(快),0.28051341400877516,0.28051341400877516,0.9995436871367517,0.3126809406165139,578.7727955911824,467.6484188376754,541.7313366733467,0.04809619238474872,0.10100807592910771,0.1216174675002937,0.024030061245710277,0.0,0.23025715670207877,0.004018445167816056
7740.0,129.0,替钻井液(快),0.28176137790932476,0.28176137790932476,0.9995649181145668,0.31407201322406875,583.4029779559119,472.2786012024049,546.3615190380763,0.048096192384748694,0.10136069210267035,0.12160595001246807,0.024027813098743467,0.0,0.23145357310156278,0.004001356147120988
7744.0,129.06666666666666,替钻井液(快),0.2830093268986445,0.2830093268986445,0.9995853003702774,0.315463069210467,583.4029779559119,472.2786012024049,550.9917014028057,0.048096192384748694,0.10171290138635063,0.12159376139235308,0.024025433944997787,0.0,0.23265412409116507,0.00398440294464702
7748.0,129.13333333333333,替钻井液(快),0.28425726029149295,0.28425726029149295,0.9996048618647396,0.3168541078118881,588.0331603206414,476.9087835671343,550.9917014028057,0.04809619238474874,0.10206472645069359,0.12158088516363198,0.02402292056741384,0.0,0.233858658105423,0.003967589448704237
7752.0,129.2,替钻井液(快),0.2855051764850707,0.2855051764850707,0.9996236297052316,0.3182451272417335,592.6633426853708,476.9087835671343,555.6218837675351,0.05010020040077993,0.10241618577028298,0.12663261814188848,0.025008497715954037,0.0,0.23506704074018747,0.0039509064829598315
7756.0,129.26666666666668,替钻井液(快),0.28675307536021255,0.28675307536021255,0.999641630566138,0.31963612736717284,597.2935250501002,481.5389659318638,560.2520661322646,0.0501002004007799,0.10276729837237705,0.12661775457889934,0.02500559934212443,0.0,0.23627915436934283,0.003934357241577531
7760.0,129.33333333333334,替钻井液(快),0.2880009560940825,0.2880009560940825,0.9996588902931571,0.3210271072710126,597.2935250501002,481.5389659318638,564.8822484969941,0.0501002004007799,0.10311808085923205,0.1266021723383413,0.025002560817930952,0.0,0.23749489343096106,0.0039179351327048185
7764.0,129.4,替钻井液(快),0.28924881781212464,0.28924881781212464,0.9996754339159674,0.32241806597840816,601.9237074148298,486.1691482965933,564.8822484969941,0.05010020040077993,0.10346854685351732,0.12658587379084948,0.02499938260433754,0.0,0.23871416240483395,0.0039016416670606714
7768.0,129.46666666666667,替钻井液(快),0.2904966609177879,0.2904966609177879,0.9996912857981373,0.32380900393907347,606.5538897795592,486.1691482965933,569.5124308617235,0.052104208416811106,0.10381871377560446,0.1316316250670924,0.02598280843057932,0.0,0.2399368751348998,0.003885474338979434
7772.0,129.53333333333333,替钻井液(快),0.29174448430554,0.29174448430554,0.999706469683551,0.32519991992070063,611.1840721442886,490.7993306613227,574.142613226453,0.052104208416811106,0.1041685918914083,0.1316132222913312,0.025979223499989268,0.0,0.24116294947563738,0.003869432378520442
7776.0,129.6,替钻井液(快),0.29299228847568437,0.29299228847568437,0.9997210089103458,0.32659081448096483,611.1840721442886,490.7993306613227,574.142613226453,0.052104208416811106,0.10451819560232423,0.13159411943964802,0.02597550217799449,0.0,0.24239230952976312,0.003853513592191544
7780.0,129.66666666666666,替钻井液(快),0.2942400733139908,0.2942400733139908,0.999734925935062,0.3279816874925367,615.8142545090182,490.7993306613227,578.7727955911824,0.05410821643284234,0.1048675359593288,0.13663489003006515,0.026956974165946113,0.0,0.243624882068812,0.0038377177799112693
7784.0,129.73333333333332,替钻井液(快),0.2954878382837028,0.2954878382837028,0.9997482425450477,0.32937253835710767,620.4444368737476,495.4295130260522,583.4029779559119,0.05410821643284231,0.10521662252245821,0.13661365971530504,0.026952842555231893,0.0,0.2448605968569867,0.0038220427384097633
7788.0,129.8,替钻井液(快),0.29673558371383346,0.29673558371383346,0.9997609800477624,0.3307633674414203,625.074619238477,495.4295130260522,588.0331603206414,0.05611222444887349,0.10556546540195252,0.1416507224535776,0.02793260887379756,0.0,0.24609938903344936,0.0038064861553673978
7792.0,129.86666666666667,替钻井液(快),0.29798330828542313,0.29798330828542313,0.9997731592092923,0.33215417327526464,625.074619238477,500.05969539078166,588.0331603206414,0.054108216432842283,0.10591406888722953,0.13656924705939044,0.026944199395126933,0.0,0.24734119793645673,0.0037910480399896713
7796.0,129.93333333333334,替钻井液(快),0.29923101094138344,0.29923101094138344,0.9997848002839368,0.3335449546803321,629.7048016032065,500.05969539078166,592.6633426853708,0.05611222444887352,0.10626243727280336,0.14160339267879307,0.02792340728410725,0.0,0.2485859707327837,0.003775724166280287
7800.0,130.0,替钻井液(快),0.3004786913865014,0.3004786913865014,0.9997959227573597,0.3349357113275565,634.334983967936,500.05969539078166,597.2935250501002,0.058116232464904695,0.1066105742823229,0.14663522650870517,0.02890118077910897,0.0,0.2498336646958912,0.003760516258884104
7804.0,130.06666666666666,替钻井液(快),0.3017263486647456,0.3017263486647456,0.9998065456090323,0.3363264421512747,638.9651663326654,504.6898777555111,597.2935250501002,0.058116232464904695,0.10695848099325177,0.14660923058119602,0.02889613184308215,0.0,0.2510842468755034,0.003745416873808009
7808.0,130.13333333333333,替钻井液(快),0.30297398151666877,0.30297398151666877,0.9998166873016512,0.3377171457476139,638.9651663326654,504.6898777555111,601.9237074148298,0.058116232464904695,0.10730615520157474,0.14658271460866204,0.02889098187672734,0.0,0.25233769493318653,0.0037304298773220587
7812.0,130.2,替钻井液(快),0.3042215897504483,0.3042215897504483,0.9998263659299792,0.3391078219027545,643.5953486973949,504.6898777555111,606.5538897795592,0.06012024048093593,0.10765359727997295,0.15160936585779644,0.029866776568380327,0.0,0.2535939977444171,0.0037155491427626236
7816.0,130.26666666666668,替钻井液(快),0.3054691728604303,0.3054691728604303,0.9998355989739786,0.3404984700530574,648.2255310621243,509.32006012024056,606.5538897795592,0.0601202404809359,0.10800080446526521,0.15158098732721764,0.029861270361685288,0.0,0.2548531514259615,0.003700774088973277
7820.0,130.33333333333334,替钻井液(快),0.3067167309094082,0.3067167309094082,0.9998444032914027,0.3418890902685167,652.8557134268538,509.32006012024056,611.1840721442886,0.06212424849696708,0.10834777672141303,0.15660393688036478,0.03083537257284208,0.0,0.2561151575213702,0.0036861050383275853
7824.0,130.4,替钻井液(快),0.3079642639741411,0.3079642639741411,0.9998527953140312,0.34327968263469383,657.4858957915833,509.32006012024056,615.8142545090182,0.0641282565129983,0.10869451326533844,0.16162455321065453,0.031808044900698884,0.0,0.2573800188849101,0.003671540074243513
7828.0,130.46666666666667,替钻井液(快),0.3092117723961142,0.3092117723961142,0.99986079104144,0.34467024753223335,657.4858957915833,513.95024248497,620.4444368737476,0.062124248496967134,0.10904101412209792,0.15654325554102716,0.030823610459941975,0.0,0.25864773657282825,0.0036570772068463186
7832.0,130.53333333333333,替钻井液(快),0.31045925717697864,0.31045925717697864,0.9998684060067298,0.3460607860776495,662.1160781563127,513.95024248497,620.4444368737476,0.0641282565129983,0.10938728247205043,0.16156114345486722,0.03179576625975489,0.0,0.2599183083290764,0.0036427136683747385
7836.0,130.6,替钻井液(快),0.3117067178591826,0.3117067178591826,0.999875655223987,0.34745129776092126,666.7462605210421,513.95024248497,625.074619238477,0.0661322645290295,0.10973331744855486,0.16657664833666397,0.03276648592561693,0.0,0.2611917243876264,0.003628453865769427
7840.0,130.66666666666666,替钻井液(快),0.3129541549306966,0.3129541549306966,0.999882553266107,0.3488417831259766,671.3764428857717,518.5804248496995,629.7048016032065,0.0661322645290295,0.11007912327375106,0.166542981450123,0.03275997315549506,0.0,0.2624679694004473,0.0036142935915950956
7844.0,130.73333333333332,替钻井液(快),0.31420156886563455,0.31420156886563455,0.9998891142014202,0.3502322427012978,671.3764428857717,518.5804248496995,629.7048016032065,0.0661322645290295,0.11042470263169611,0.16650890507061944,0.032753381125386616,0.0,0.2637470196085328,0.003600234536562202
7848.0,130.8,替钻井液(快),0.315448959902768,0.315448959902768,0.999895351758469,0.3516226767530373,676.0066252505011,518.5804248496995,634.334983967936,0.06813627254506067,0.11077006103625267,0.17151907968225794,0.03372211058457186,0.0,0.26502884127035214,0.0035862720030743235
7852.0,130.86666666666667,替钻井液(快),0.31669632905994644,0.31669632905994644,0.9999012792808104,0.3530130864157651,680.6368076152305,523.2106072144289,638.9651663326654,0.06813627254506067,0.11111520647309264,0.17148306252435147,0.033715150042837094,0.0,0.266313389334278,0.003572407090124039
7856.0,130.93333333333334,替钻井液(快),0.31794367759413866,0.31794367759413866,0.999906909562237,0.3544034730905915,685.26698997996,523.2106072144289,643.5953486973949,0.0701402805610919,0.1114601495537743,0.17648909353864214,0.03468211628126905,0.0,0.26760060425850546,0.0035586423389364127
7860.0,131.0,替钻井液(快),0.3191910081738101,0.3191910081738101,0.9999122550252139,0.35579383975198475,685.26698997996,527.8407895791584,643.5953486973949,0.06813627254506072,0.11180490760039284,0.17140949893417373,0.033700933261714194,0.0,0.26889040987185286,0.0035449725974318965
7864.0,131.06666666666666,替钻井液(快),0.3204383232959049,0.3204383232959049,0.9999173277242346,0.35718418918322303,689.8971723446895,527.8407895791584,648.2255310621243,0.0701402805610919,0.11214949892227749,0.17641220157766366,0.03466727113011281,0.0,0.2701827081097329,0.003531400818185019
7868.0,131.13333333333333,替钻井液(快),0.32168562549668206,0.32168562549668206,0.999922139348418,0.3585745242114077,694.5273547094189,532.4709719438879,652.8557134268538,0.07014028056109185,0.11249394799432696,0.17637277061842996,0.03465965830099893,0.0,0.271477376459803,0.0035179220636396323
7872.0,131.2,替钻井液(快),0.322932918371192,0.322932918371192,0.9999267012217701,0.35996484884384694,699.1575370741484,537.1011543086173,652.8557134268538,0.0701402805610919,0.11283828189316776,0.1763325861850986,0.03465189993890172,0.0,0.27277426754946366,0.0035045383684986133
7876.0,131.26666666666668,替钻井液(快),0.32418020418142746,0.32418020418142746,0.9999310243052024,0.3613551656019249,699.1575370741484,537.1011543086173,657.4858957915833,0.0701402805610919,0.11318252866252744,0.17629156684888314,0.034643980318759815,0.0,0.27407320840700533,0.0034912471018289913
7880.0,131.33333333333334,替钻井液(快),0.32542748625687085,0.32542748625687085,0.9999351192007484,0.36274547819692815,703.7877194388778,541.7313366733467,662.1160781563127,0.0701402805610919,0.11352671953841285,0.17624962592381732,0.03463588269990103,0.0,0.2753740085292659,0.003478044451669901
7884.0,131.4,替钻井液(快),0.3266747653768825,0.3266747653768825,0.9999389961567114,0.3641357874975892,708.4179018036073,541.7313366733467,662.1160781563127,0.07214428857712309,0.11387087910958717,0.18124114333422212,0.035599128174023886,0.0,0.2766764648166305,0.003464932451849171
7888.0,131.46666666666667,替钻井液(快),0.32792204192260427,0.32792204192260427,0.9999426650729487,0.36552609392875685,713.0480841683368,546.3615190380763,666.7462605210421,0.07214428857712309,0.11421503119716095,0.18119582874395337,0.03559038784834523,0.0,0.2779803741608658,0.0034519024074817595
7892.0,131.53333333333333,替钻井液(快),0.3291693157519856,0.3291693157519856,0.9999461355061429,0.36691639733209114,717.6782665330662,550.9917014028057,671.3764428857717,0.07214428857712309,0.11455919393825632,0.18114932622669272,0.03558141831170758,0.0,0.27928554237920816,0.0034389556272636248
7896.0,131.6,替钻井液(快),0.3304165867141958,0.3304165867141958,0.9999494166755545,0.368306697539465,717.6782665330662,550.9917014028057,676.0066252505011,0.07214428857712309,0.1149033839509436,0.18110159919663027,0.03557221250084286,0.0,0.28059179133539297,0.003426082961139642
7900.0,131.66666666666666,替钻井液(快),0.33166385388491915,0.33166385388491915,0.9999525174689003,0.36969699352056795,722.3084488977956,555.6218837675351,676.0066252505011,0.07214428857712309,0.1152476125576599,0.18105262976105962,0.035562766957708214,0.0,0.2818989612998648,0.0034132833712053005
7904.0,131.73333333333332,替钻井液(快),0.3329111172790298,0.3329111172790298,0.9999554464485547,0.3710872852919798,726.9386312625252,560.2520661322646,680.6368076152305,0.07214428857712309,0.11559189044531687,0.1810024113124562,0.03555308040074012,0.0,0.28320691357026856,0.003400555538652136
7908.0,131.8,替钻井液(快),0.3341583769857538,0.3341583769857538,0.9999582118580004,0.37247757295315864,731.5688136272546,560.2520661322646,685.26698997996,0.07414829659315426,0.1159362278508367,0.18597736193861994,0.03651221831654572,0.0,0.28451552872076946,0.0033878894246019762
7912.0,131.86666666666667,替钻井液(快),0.33540563293982595,0.33540563293982595,0.9999608216283858,0.3738678564313549,736.198995991984,564.8822484969941,685.26698997996,0.07414829659315426,0.11628063098845086,0.18592320949467514,0.03650178321641939,0.0,0.28582470433799645,0.0033752874219922374
7916.0,131.93333333333334,替钻井液(快),0.33665288518474334,0.33665288518474334,0.9999632833853946,0.37525813577505374,736.198995991984,569.5124308617235,689.8971723446895,0.07214428857712309,0.11662510467126429,0.18084436923744343,0.03552259528046686,0.0,0.28713435311358926,0.0033627410837977416
7920.0,132.0,替钻井液(快),0.33790013365492644,0.33790013365492644,0.9999656044561176,0.37664841091115525,740.8291783567136,569.5124308617235,694.5273547094189,0.0741482965931543,0.11696965405954951,0.18581123932215407,0.03648020636251248,0.0,0.2884444005983443,0.0033502520889676537
7924.0,132.06666666666666,替钻井液(快),0.33914737801047135,0.33914737801047135,0.9999677918761831,0.37803868146077757,745.459360721443,574.142613226453,699.1575370741484,0.07414829659315426,0.1173142820638429,0.1857534742102689,0.03646907473247407,0.0,0.2897547831969138,0.0033378158667059965
7928.0,132.13333333333333,替钻井液(快),0.34039461753561656,0.34039461753561656,0.9999698523969016,0.3794289466260802,750.0895430861724,578.7727955911824,699.1575370741484,0.07414829659315426,0.11765898787947779,0.185694558397208,0.0364577212240097,0.0,0.2910654470625189,0.003325432293005325
7932.0,132.2,替钻井液(快),0.34164185194923985,0.34164185194923985,0.9999717924925516,0.3808192060937034,750.0895430861724,578.7727955911824,703.7877194388778,0.07414829659315426,0.11800377314280466,0.1856345319327811,0.03644615354730907,0.0,0.29237634911621596,0.003313094640573061
7936.0,132.26666666666668,替钻井液(快),0.3428890811194207,0.3428890811194207,0.999973618367703,0.3822094597165989,754.7197254509019,583.4029779559119,708.4179018036073,0.0741482965931543,0.11834863538764581,0.18557343351587016,0.036434379152444185,0.0,0.2936874559205039,0.0033008028841666117
7940.0,132.33333333333334,替钻井液(快),0.34413630452319366,0.34413630452319366,0.9999753359646022,0.383599706911831,759.3499078156314,588.0331603206414,708.4179018036073,0.07414829659315426,0.11869357084957337,0.18551130125758372,0.03642240537644248,0.0,0.29499874370838586,0.0032885568929834704
7944.0,132.4,替钻井液(快),0.3453835207218062,0.3453835207218062,0.9999769509705768,0.38498994607565984,763.9800901803608,588.0331603206414,713.0480841683368,0.07615230460918544,0.11903857405324621,0.19046027846351896,0.03737567823643895,0.0,0.29631019771001366,0.003276353911680659
7948.0,132.46666666666667,替钻井液(快),0.34663072973564735,0.34663072973564735,0.9999784688254254,0.38638017723081247,763.9800901803608,592.6633426853708,717.6782665330662,0.07414829659315426,0.11938364037276442,0.18538408000164527,0.036397887554168507,0.0,0.29762181429730467,0.003264191679576686
7952.0,132.53333333333333,替钻井液(快),0.3478779307587285,0.3478779307587285,0.9999798947288253,0.38777039947887476,768.6102725450903,592.6633426853708,722.3084488977956,0.0761523046091855,0.11972876144159472,0.19032771815889785,0.03735015674346098,0.0,0.2989335977885586,0.003252067609214455
7956.0,132.6,替钻井液(快),0.34912512250162214,0.34912512250162214,0.9999812336477639,0.3891606113825555,773.2404549098197,597.2935250501002,722.3084488977956,0.0761523046091855,0.12007392942964053,0.19026010368036533,0.037337138842009066,0.0,0.3002455605368185,0.003239984601224026
7960.0,132.66666666666666,替钻井液(快),0.35037230340382247,0.35037230340382247,0.9999824903239309,0.39055081120239993,777.8706372745492,601.9237074148298,726.9386312625252,0.07615230460918544,0.12041913221933083,0.19019165191787496,0.0373239595578887,0.0,0.3015577228653123,0.0032279406343457017
7964.0,132.73333333333332,替钻井液(快),0.3516194727555912,0.3516194727555912,0.9999836692810692,0.39194099814728145,777.8706372745492,601.9237074148298,731.5688136272546,0.07615230460918544,0.12076435868320295,0.19012242060714177,0.03731063000078838,0.0,0.30287011532036656,0.0032159342218439093
7968.0,132.8,替钻井液(快),0.3528666277864448,0.3528666277864448,0.9999847748322563,0.39333116912901467,782.5008196392787,606.5538897795592,736.198995991984,0.0761523046091855,0.12110959315598631,0.19005246829740347,0.037297161437574555,0.0,0.3041827766669989,0.0032039642690723383
7972.0,132.86666666666667,替钻井液(快),0.3541137664801196,0.3541137664801196,0.9999858110871263,0.3947213219001235,787.1310020040081,611.1840721442886,736.198995991984,0.0761523046091855,0.12145481879814427,0.18998185650479874,0.03728356570693758,0.0,0.30549575691906483,0.003192034657382867
7976.0,132.93333333333334,替钻井液(快),0.3553608862786082,0.3553608862786082,0.9999867819590008,0.3961114536092641,791.7611843687375,611.1840721442886,740.8291783567136,0.07815631262521668,0.12180001639217249,0.194908286542509,0.03823164959528369,0.0,0.3068091155416574,0.0031801438909111394
7980.0,133.0,替钻井液(快),0.35660798614366623,0.35660798614366623,0.9999876911719372,0.3975015630991328,791.7611843687375,615.8142545090182,745.459360721443,0.07615230460918544,0.1221451717930627,0.18983889333561027,0.03725603871490957,0.0,0.3081229211030541,0.0031682934635448782
7984.0,133.06666666666666,替钻井液(快),0.3578550655001112,0.3578550655001112,0.9999885422676703,0.3988916497285888,796.3913667334671,620.4444368737476,745.459360721443,0.0761523046091855,0.12249027166620197,0.18976670728811543,0.037242139278312325,0.0,0.30943724476575724,0.003156481079258432
7988.0,133.13333333333333,替钻井液(快),0.35910212456733176,0.35910212456733176,0.99998933861245,0.4002817137421788,801.0215490981965,620.4444368737476,750.0895430861724,0.07815631262521668,0.12283530690441244,0.19468609907766526,0.03818891007136338,0.0,0.3107521538942934,0.003144715308114648
7992.0,133.2,替钻井液(快),0.36034916553255814,0.36034916553255814,0.9999900834037576,0.401671757577951,805.6517314629259,625.074619238477,754.7197254509019,0.07815631262521668,0.12318027569692444,0.1946112978156446,0.038174521027061314,0.0,0.312067706149965,0.003132992494459694
7996.0,133.26666666666668,替钻井液(快),0.36159619115293784,0.36159619115293784,0.9999907796769002,0.40306178430922535,805.6517314629259,629.7048016032065,754.7197254509019,0.07615230460918544,0.123525182855598,0.18954810080969697,0.03720004533701782,0.0,0.3133839420134086,0.0031213193007572776
8000.0,133.33333333333334,替钻井液(快),0.3628432051988708,0.3628432051988708,0.9999914303114726,0.40445179813876764,810.2819138276554,629.7048016032065,759.3499078156314,0.07815631262521668,0.12387003808882147,0.1944608520369898,0.03814558007503632,0.0,0.314700880140083,0.0031096919110714643
8004.0,133.4,替钻井液(快),0.3640902112071309,0.3640902112071309,0.9999920380376833,0.40584180300892697,814.9120961923849,634.334983967936,763.9800901803608,0.07815631262521668,0.1242148553328901,0.19438520126034,0.03813102695816284,0.0,0.3160185134591716,0.003098122032403188
8008.0,133.46666666666667,替钻井液(快),0.3653372124513157,0.3653372124513157,0.9999926054425371,0.4072318025686965,814.9120961923849,638.9651663326654,768.6102725450903,0.0761523046091855,0.1245596518722639,0.18932691901492124,0.03715745363057732,0.0,0.3173368086226261,0.0030866024492667656
8012.0,133.53333333333333,替钻井液(快),0.36658421169027233,0.36658421169027233,0.9999931349758688,0.40862179989329095,819.5422785571143,638.9651663326654,768.6102725450903,0.07815631262521668,0.1249044445393302,0.19423280368817503,0.0381017092121233,0.0,0.3186557087450597,0.00307514065457495
8016.0,133.6,替钻井液(快),0.36783121141641956,0.36783121141641956,0.9999936289562296,0.4100117977609439,824.1724609218438,643.5953486973949,773.2404549098197,0.07815631262521668,0.12524925158050407,0.19415591897941326,0.038086918044413,0.0,0.3199751398535843,0.0030637303274443682
8020.0,133.66666666666666,替钻井液(快),0.3690782115530536,0.3690782115530536,0.9999940895766158,0.4114017960861558,828.8026432865732,648.2255310621243,777.8706372745492,0.07815631262521668,0.1255940834863252,0.1940784578552506,0.03807201575524344,0.0,0.32129501783610775,0.00305238191738915
8024.0,133.73333333333332,替钻井液(快),0.37032521172268074,0.37032521172268074,0.9999945189100403,0.4127917944481441,828.8026432865732,648.2255310621243,777.8706372745492,0.07815631262521668,0.12593894616459844,0.19400033459661206,0.03805698584808426,0.0,0.3226152617656631,0.0030410847934013983
8028.0,133.8,替钻井液(快),0.371572210146305,0.371572210146305,0.9999949189149472,0.41418179086390894,833.4328256513027,652.8557134268538,782.5008196392787,0.07815631262521668,0.1262838398579489,0.19392149309081325,0.0380418175213495,0.0,0.32393580404311145,0.003029844778542452
8032.0,133.86666666666667,替钻井液(快),0.37281920412404485,0.37281920412404485,0.9999952914404616,0.415571782323963,838.0630080160322,652.8557134268538,787.1310020040081,0.0801603206412479,0.1266287561869642,0.1988122254356645,0.03898229348423199,0.0,0.3252565999677876,0.003018652864863211
8036.0,133.93333333333334,替钻井液(快),0.374066189584745,0.374066189584745,0.9999956382314797,0.4169617642902966,842.6931903807616,657.4858957915833,787.1310020040081,0.08016032064124785,0.12697367925336875,0.19872986950813318,0.03896646425295036,0.0,0.32657763361842934,0.0030075174765243047
8040.0,134.0,替钻井液(快),0.3753131622741233,0.3753131622741233,0.9999959609335944,0.4183517320207728,842.6931903807616,662.1160781563127,791.7611843687375,0.07815631262521668,0.1273185883322108,0.19368064127155343,0.037995478529615045,0.0,0.32789892283483724,0.002996430058620713
8044.0,134.06666666666666,替钻井液(快),0.3765601182257633,0.3765601182257633,0.9999962610978598,0.41974168109413135,847.323372745491,662.1160781563127,796.3913667334671,0.08016032064124785,0.12766346081772947,0.1985631373352545,0.038934416676692285,0.0,0.3292205195497631,0.002985395400325509
8048.0,134.13333333333333,替钻井液(快),0.37780705369320733,0.37780705369320733,0.9999965401853911,0.42113160733429433,851.9535551102206,666.7462605210421,796.3913667334671,0.0801603206412479,0.1280082729963363,0.1984789776030538,0.038918239936125754,0.0,0.33054250595170487,0.002974406589744302
8052.0,134.2,替钻井液(快),0.3790539655483815,0.3790539655483815,0.9999967995718037,0.42252150725447973,856.58373747495,671.3764428857717,801.0215490981965,0.08016032064124785,0.1283529996158759,0.19839445938308733,0.03890199401489791,0.0,0.3318649865429131,0.0029634745523078715
8056.0,134.26666666666668,替钻井液(快),0.38030085296434435,0.38030085296434435,0.9999970405514904,0.4239113799329178,856.58373747495,671.3764428857717,805.6517314629259,0.08016032064124785,0.1286976224339064,0.1983097194827556,0.03888570520701984,0.0,0.33318807883085244,0.0029525937789933645
8060.0,134.33333333333334,替钻井液(快),0.38154771563310547,0.38154771563310547,0.9999972643417425,0.4253012250262994,861.2139198396794,676.0066252505011,805.6517314629259,0.08016032064124785,0.1290421261743835,0.19822489249298827,0.0388693993822129,0.0,0.33451189877830445,0.0029417716729062235
8064.0,134.4,替钻井液(快),0.38279455537294943,0.38279455537294943,0.9999974720867084,0.42669104456141893,865.844102204409,680.6368076152305,810.2819138276554,0.0801603206412479,0.12938650540376684,0.19814010418808503,0.038853100717136324,0.0,0.33583655078880886,0.002931004093713975
8068.0,134.46666666666667,替钻井液(快),0.384041374130509,0.384041374130509,0.9999976648612032,0.4280808407081367,865.844102204409,680.6368076152305,814.9120961923849,0.0801603206412479,0.12973075896968908,0.19805540916675562,0.038836819707817494,0.0,0.3371621154284109,0.0029203050620495133
8072.0,134.53333333333333,替钻井液(快),0.3852881756987622,0.3852881756987622,0.9999978436743598,0.4294706176943858,870.4742845691384,685.26698997996,814.9120961923849,0.08016032064124785,0.1300748956912279,0.19797083696364676,0.03882056203278228,0.0,0.3384886445074785,0.0029096691476960673
8076.0,134.6,替钻井液(快),0.386534963483614,0.386534963483614,0.9999980094731323,0.430860379316639,875.1044669338678,689.8971723446895,819.5422785571143,0.08016032064124785,0.1304189271820051,0.19788637595733954,0.03880432545913248,0.0,0.33981615439298396,0.0028991028497170938
8080.0,134.66666666666666,替钻井液(快),0.38778174080963856,0.38778174080963856,0.999998163145656,0.4322501292807121,879.7346492985973,689.8971723446895,824.1724609218438,0.08216432865727909,0.13076286662302114,0.20274704220438214,0.039738281695033684,0.0,0.3411446263518982,0.0028886046069328116
8084.0,134.73333333333332,替钻井液(快),0.38902851035049113,0.38902851035049113,0.9999983055244551,0.4336398705668582,879.7346492985973,694.5273547094189,824.1724609218438,0.0801603206412479,0.13110673072834278,0.19771758985657992,0.03877187761746648,0.0,0.3424740087108926,0.0028781824770336335
8088.0,134.8,替钻井液(快),0.39027527461166517,0.39027527461166517,0.9999984373895183,0.43502960596788526,884.3648316633268,699.1575370741484,828.8026432865732,0.08016032064124785,0.13145053668382126,0.1976330644882889,0.03875562784790387,0.0,0.34380422379368863,0.002867830724420803
8092.0,134.86666666666667,替钻井液(快),0.3915220358308629,0.3915220358308629,0.9999985594712323,0.4364193379781012,888.9950140280562,699.1575370741484,833.4328256513027,0.08216432865727903,0.13179430045749613,0.20248701236115707,0.03968834105562613,0.0,0.3451351761215973,0.0028575502168622117
8096.0,134.93333333333334,替钻井液(快),0.3927687946212401,0.3927687946212401,0.9999986724531826,0.4378090672809746,893.6251963927857,703.7877194388778,833.4328256513027,0.08216432865727909,0.13213803635851257,0.20239979124277746,0.039671589018136166,0.0,0.3464667605737782,0.002847339486127112
8100.0,135.0,替钻井液(快),0.39401555172920705,0.39401555172920705,0.9999987769748262,0.4391987947085094,893.6251963927857,708.4179018036073,838.0630080160322,0.0801603206412479,0.1324817548432952,0.19737768488878146,0.038706530153501784,0.0,0.3477988713230931,0.002837199975067272
8104.0,135.06666666666666,替钻井液(快),0.3952623071731535,0.3952623071731535,0.9999988736340344,0.44058852028120427,898.2553787575151,708.4179018036073,842.6931903807616,0.08216432865727909,0.13282546610522217,0.20222392772370246,0.03963781107734432,0.0,0.34913140702482764,0.00282712683778833
8108.0,135.13333333333333,替钻井液(快),0.39650906165296024,0.39650906165296024,0.9999989629895187,0.4419782447791979,902.8855611222447,713.0480841683368,847.323372745491,0.08216432865727909,0.13316917997375835,0.20213513044458226,0.03962075541602583,0.0,0.35046427541864944,0.002817117445081325
8112.0,135.2,替钻井液(快),0.3977558150142555,0.3977558150142555,0.9999990455631337,0.4433679680304161,907.5157434869741,717.6782665330662,847.323372745491,0.08216432865727909,0.13351290267907232,0.20204568377361629,0.03960357471709208,0.0,0.35179739364239326,0.0028071712738152684
8116.0,135.26666666666668,替钻井液(快),0.3990025677046395,0.3990025677046395,0.9999991218420686,0.44475769053378716,907.5157434869741,717.6782665330662,851.9535551102206,0.08216432865727909,0.1338566416231311,0.2019555599517385,0.03958626364180573,0.0,0.35313069065836855,0.002797286009255621
8120.0,135.33333333333334,替钻井液(快),0.400249319773778,0.400249319773778,0.9999991922809266,0.4461474123446722,912.1459258517035,722.3084488977956,856.58373747495,0.08216432865727909,0.13420040245715287,0.201864707710508,0.03956881233516574,0.0,0.35446410695679076,0.0027874623585264833
8124.0,135.4,替钻井液(快),0.40149607007724436,0.40149607007724436,0.9999992573036992,0.4475371321874088,916.776108216433,726.9386312625252,856.58373747495,0.08216432865727909,0.1345441891601404,0.20177310298379508,0.03955121616668256,0.0,0.3557975943570156,0.0027776958606507544
8128.0,135.46666666666667,替钻井液(快),0.40274281681064245,0.40274281681064245,0.999999317305637,0.448926848050684,921.4062905811625,726.9386312625252,861.2139198396794,0.08416833667331027,0.13488800170902,0.20659976669453534,0.04047792146342666,0.0,0.35713111745522935,0.002767988326559991
8132.0,135.53333333333333,替钻井液(快),0.4039895584686048,0.4039895584686048,0.9999993726550215,0.4503165582565042,921.4062905811625,731.5688136272546,865.844102204409,0.08216432865727909,0.13523183829125865,0.20158757956722473,0.039515578357558256,0.0,0.35846465589414245,0.002758335309538868
8136.0,135.6,替钻井液(快),0.4052362938720186,0.4052362938720186,0.9999994236948455,0.45170626149054327,926.0364729458919,736.198995991984,865.844102204409,0.08216432865727909,0.13557569504483413,0.20149364793301427,0.03949753421379554,0.0,0.35979820488141756,0.002748741122190173
8140.0,135.66666666666666,替钻井液(快),0.4064830220345154,0.4064830220345154,0.9999994707443989,0.45309595665332225,930.6666553106214,736.198995991984,870.4742845691384,0.0841683366733103,0.13591956540745986,0.20631111144217212,0.0404225256468671,0.0,0.36113177533626234,0.00273920103242012
8144.0,135.73333333333332,替钻井液(快),0.40772974114061117,0.40772974114061117,0.9999995141007681,0.45448564172116857,935.2968376753508,740.8291783567136,875.1044669338678,0.08416833667331027,0.1362634404167056,0.20621332314581303,0.04040375837405741,0.0,0.36246539262605576,0.002729717321816723
8148.0,135.8,替钻井液(快),0.4089764496095791,0.4089764496095791,0.9999995540402556,0.4558753149320877,935.2968376753508,745.459360721443,875.1044669338678,0.08216432865727909,0.13660730896514361,0.2012073168073257,0.039442528288368695,0.0,0.3637990971112616,0.0027202853268884293
8152.0,135.86666666666667,替钻井液(快),0.4102231466387482,0.4102231466387482,0.9999995908197146,0.4572649753913634,939.9270200400803,745.459360721443,879.7346492985973,0.08416833667331027,0.1369511599667356,0.20601560345810707,0.04036581140993256,0.0,0.3651329428128869,0.0027109117512511523
8156.0,135.93333333333334,替钻井液(快),0.41146983155736033,0.41146983155736033,0.9999996246778124,0.458654622351319,944.5572024048098,750.0895430861724,884.3648316633268,0.0841683366733103,0.13729498181186367,0.20591575020252248,0.04034664669898702,0.0,0.36646699396145094,0.00270159134892775
8160.0,136.0,替钻井液(快),0.41271650368802854,0.41271650368802854,0.9999996558362181,0.4600442550568891,949.1873847695392,750.0895430861724,884.3648316633268,0.08617234468934148,0.1376387612516583,0.2107156726394066,0.04126745697890699,0.0,0.3678013216532956,0.0026923282497691146
8164.0,136.06666666666666,替钻井液(快),0.41396316221259244,0.41396316221259244,0.9999996845007219,0.4614338725960918,949.1873847695392,754.7197254509019,888.9950140280562,0.08416833667331027,0.13798248601102847,0.20571434883644615,0.04030799082119474,0.0,0.3691360011333925,0.0026831175114175273
8168.0,136.13333333333333,替钻井液(快),0.4152098071300531,0.4152098071300531,0.9999997108622908,0.46282347496781373,953.8175671342686,759.3499078156314,893.6251963927857,0.08416833667331027,0.1383261454498703,0.20561290756066025,0.040288520147327866,0.0,0.370471110758297,0.0026739680926332813
8172.0,136.2,替钻井液(快),0.41645643740443256,0.41645643740443256,0.9999997350980567,0.46421306101727733,958.4477494989982,759.3499078156314,893.6251963927857,0.08617234468934148,0.13866972627205187,0.21040415389741088,0.04120772248694249,0.0,0.3718067289440993,0.002664874902340886
8176.0,136.26666666666668,替钻井液(快),0.4177030520658494,0.4177030520658494,0.9999997573722508,0.4656026296633812,963.0779318637276,763.9800901803608,898.2553787575151,0.08617234468934148,0.13901321601274544,0.21029945814448364,0.04118764598087166,0.0,0.3731429353269783,0.0026558425921256058
8180.0,136.33333333333334,替钻井液(快),0.41894964968988224,0.41894964968988224,0.9999997778370772,0.4669921793183603,963.0779318637276,768.6102725450903,902.8855611222447,0.08416833667331027,0.13935660120464008,0.205306180010188,0.040229644351188365,0.0,0.3744798105631548,0.0026468661247771555
8184.0,136.4,替钻井液(快),0.4201962296956102,0.4201962296956102,0.9999997966335322,0.4683817093346773,967.708114228457,768.6102725450903,907.5157434869741,0.08617234468934144,0.13969987078001783,0.21008907468078117,0.04114730147928025,0.0,0.3758174368093997,0.002637954583788097
8188.0,136.46666666666667,替钻井液(快),0.4214427914608514,0.4214427914608514,0.9999998138921802,0.4697712190188025,972.3382965931866,773.2404549098197,907.5157434869741,0.08617234468934148,0.14004301394416444,0.20998345604725602,0.04112704672299905,0.0,0.3771558940423074,0.002629103457665349
8192.0,136.53333333333333,替钻井液(快),0.42268933454456437,0.42268933454456437,0.99999982973387,0.4711607078791184,972.3382965931866,777.8706372745492,912.1459258517035,0.0841683366733103,0.14038602144428947,0.2049967269024595,0.040170241729122536,0.0,0.37849525547306356,0.0026203183176696024
8196.0,136.6,替钻井液(快),0.4239358616912402,0.4239358616912402,0.9999998442704155,0.4725501789748373,976.968478957916,777.8706372745492,916.776108216433,0.08617234468934148,0.14072889497713123,0.209771540672674,0.04108640587754908,0.0,0.3798355844313431,0.0026115941484162867
8200.0,136.66666666666666,替钻井液(快),0.4251823751899118,0.4251823751899118,0.9999998576052272,0.473939634857484,981.5986613226454,782.5008196392787,916.776108216433,0.08617234468934144,0.14107163813688517,0.20966526028952892,0.04106602292008177,0.0,0.38117692346597715,0.002602940630640064
8204.0,136.73333333333332,替钻井液(快),0.4264288788973139,0.4264288788973139,0.9999998698339078,0.4753290798260596,986.2288436873749,782.5008196392787,921.4062905811625,0.08817635270537268,0.141414263648182,0.2144321832066394,0.041979820121051725,0.0,0.38251928929481116,0.0025943543494828516
8208.0,136.8,替钻井液(快),0.4276753774542222,0.4276753774542222,0.9999998810448028,0.4767185190535149,986.2288436873749,787.1310020040081,926.0364729458919,0.08617234468934148,0.14175679151736573,0.20945186559946077,0.04102509576295721,0.0,0.3838626664680054,0.002585836984140575
8212.0,136.86666666666667,替保护液,0.42882612355059724,0.42882612355059724,0.9999998904935239,0.4780012255262046,990.8590260521044,791.7611843687375,926.0364729458919,0.08617234468934148,0.14207704633410864,0.20934282152924472,0.04100418142954099,0.0,0.3851037777940315,0.0025773911070753304
8216.0,136.93333333333334,替保护液,0.42997687266552914,0.42997687266552914,0.9999998991557838,0.47928393536360037,995.4892084168338,791.7611843687375,930.6666553106214,0.08817635270537268,0.14239730861369868,0.2161099412314482,0.04230123140194453,0.0,0.386345467814195,0.002569708230491495
8220.0,137.0,替保护液,0.43112762888758627,0.43112762888758627,0.9999999071203016,0.48056665312312213,995.4892084168338,796.3913667334671,935.2968376753508,0.08617234468934144,0.1427175922218333,0.21263150453898202,0.04163474068684514,0.0,0.38758772461200686,0.0025621466164882753
8224.0,137.06666666666666,替保护液,0.4322783935299776,0.4322783935299776,0.9999999144555415,0.4818493802685694,1000.1193907815633,796.3913667334671,935.2968376753508,0.08817635270537268,0.14303790704988534,0.21852276602649898,0.04276327177774342,0.0,0.38883048213815863,0.0025546907610035107
8228.0,137.13333333333333,替保护液,0.43342916691038735,0.43342916691038735,0.9999999212174542,0.4831321171540565,1004.7495731462927,801.0215490981965,939.9270200400803,0.08817635270537268,0.14335825884696782,0.2191270192126053,0.042878947456440164,0.0,0.39007365186062426,0.0025473287382930298
8232.0,137.2,替保护液,0.43457994742845535,0.43457994742845535,0.9999999274537831,0.4844148619957039,1009.3797555110222,801.0215490981965,944.5572024048098,0.09018036072140385,0.14367864646004638,0.22449204704882225,0.043905392885033145,0.0,0.3913171445691454,0.002540048791512975
8236.0,137.26666666666668,替保护液,0.43573073190121614,0.43573073190121614,0.9999999332065221,0.4856976112455436,1009.3797555110222,805.6517314629259,944.5572024048098,0.08817635270537268,0.1439990628242133,0.21972596164336,0.04299359267166203,0.0,0.39256088750090046,0.0025328336439930533
8240.0,137.33333333333334,替保护液,0.43688151586787566,0.43688151586787566,0.9999999385133542,0.48698035993124544,1014.0099378757517,810.2819138276554,949.1873847695392,0.08817635270537268,0.14431949222322304,0.21984384321047892,0.04301615508869938,0.0,0.39380483683755757,0.0025256768746450805
8244.0,137.4,替保护液,0.4380322944761297,0.4380322944761297,0.9999999434085286,0.48826310264407335,1018.6401202404811,810.2819138276554,953.8175671342686,0.09018036072140385,0.14463991249097202,0.22488713021405593,0.043980937277090404,0.0,0.3950489867625619,0.0025185652971479646
8248.0,137.46666666666667,替保护液,0.43918306288327885,0.43918306288327885,0.9999999479234234,0.4895458339859974,1018.6401202404811,814.9120961923849,953.8175671342686,0.08817635270537268,0.1449602974524892,0.21988536689296567,0.04302410255436273,0.0,0.39629337441721413,0.002511496793746845
8252.0,137.53333333333333,替保护液,0.44033381536283933,0.44033381536283933,0.999999952086922,0.49082854757385636,1023.2703026052105,814.9120961923849,958.4477494989982,0.09018036072140385,0.14528061520952937,0.22484256473784492,0.043972416150156346,0.0,0.39753807795915574,0.002504463295773102
8256.0,137.6,替保护液,0.4414845491367327,0.4414845491367327,0.9999999559256891,0.49211124031099907,1027.90048496994,819.5422785571143,958.4477494989982,0.09018036072140385,0.1456008376417635,0.22477715445530122,0.04395990926147275,0.0,0.39878321565553126,0.0024974639368054346
8260.0,137.66666666666666,替保护液,0.4426352607448195,0.4426352607448195,0.9999999594643787,0.49339390834049895,1032.5306673346695,819.5422785571143,963.0779318637276,0.09218436873743509,0.14592093419550334,0.2296871244479925,0.04489827408322189,0.0,0.4000289326811554,0.0024905026445725675
8264.0,137.73333333333332,替保护液,0.443785949760215,0.443785949760215,0.9999999627258065,0.4946765511865188,1032.5306673346695,824.1724609218438,967.708114228457,0.09018036072140385,0.1462408825078987,0.2245980823642715,0.04392566862869085,0.0,0.4012753917228613,0.0024835759191382764
8268.0,137.8,替保护液,0.44493661569552606,0.44493661569552606,0.9999999657310971,0.49595916830577425,1037.160849699399,828.8026432865732,967.708114228457,0.0901803607214039,0.14656066506168408,0.22449331400401595,0.04390563515080803,0.0,0.40252275475024873,0.0024766892463307065
8272.0,137.86666666666667,替保护液,0.44608726055576003,0.44608726055576003,0.9999999684998097,0.49724176193319436,1041.7910320641283,828.8026432865732,972.3382965931866,0.09218436873743503,0.14688027632896855,0.229368509012214,0.04483741011349929,0.0,0.4037711707691623,0.002469848097454352
8276.0,137.93333333333334,替保护液,0.4472378873191761,0.4472378873191761,0.9999999710500561,0.4985243353885665,1041.7910320641283,833.4328256513027,976.968478957916,0.09018036072140385,0.14719971798108528,0.2242666772622754,0.04386229694628341,0.0,0.40502076114590746,0.0024630584993461666
8280.0,138.0,替保护液,0.44838850100007904,0.44838850100007904,0.9999999733986049,0.4998068942612046,1046.4212144288579,833.4328256513027,976.968478957916,0.09218436873743509,0.14751900324957395,0.22912896586266637,0.04479164848629724,0.0,0.40627161002101386,0.002456319817978666
8284.0,138.06666666666666,替保护液,0.44953910653892953,0.44953910653892953,0.9999999755609772,0.5010894440581105,1051.0513967935874,838.0630080160322,981.5986613226454,0.09218436873743509,0.14783815124528624,0.22900513366234687,0.04476799108295737,0.0,0.4075237549698136,0.0024496435070267414
8288.0,138.13333333333333,替保护液,0.4506897094131881,0.4506897094131881,0.999999977551539,0.5023719908848657,1051.0513967935874,838.0630080160322,981.5986613226454,0.09218436873743509,0.1481571860688162,0.22887941664739497,0.044743972997660864,0.0,0.4087771846063187,0.0024430319247712956
8292.0,138.2,替保护液,0.4518403131953244,0.4518403131953244,0.999999979383583,0.5036545387236085,1055.6815791583167,842.6931903807616,986.2288436873749,0.09218436873743503,0.1484761319605583,0.22875212256766558,0.04471965300071046,0.0,0.4100318378924143,0.00243648812763711
8296.0,138.26666666666668,替保护液,0.45299092079278935,0.45299092079278935,0.9999999810694035,0.5049370908151979,1060.3117615230462,847.323372745491,990.8590260521044,0.09218436873743509,0.14879501489711888,0.2286233935832452,0.0446950582303246,0.0,0.411287612425227,0.002430006978910963
8300.0,138.33333333333334,替保护液,0.45414153390353895,0.45414153390353895,0.9999999826203733,0.506219649052301,1060.3117615230462,847.323372745491,990.8590260521044,0.09218436873743509,0.14911385795179716,0.22849326926644786,0.04467019622623469,0.0,0.4125443750499974,0.0024235967478892628
8304.0,138.4,替保护液,0.45529215286185964,0.45529215286185964,0.9999999840470064,0.5075022138075382,1064.9419438877758,851.9535551102206,995.4892084168338,0.09218436873743509,0.14943268072626983,0.22836171331087854,0.04464506003051061,0.0,0.41380197549677394,0.0024172529224943205
8308.0,138.46666666666667,替保护液,0.45644277830905494,0.45644277830905494,0.9999999853590211,0.5087847857957536,1069.572126252505,851.9535551102206,1000.1193907815633,0.09418837675346621,0.14975149779701263,0.2331901771515493,0.04556719406629328,0.0,0.4150602615163636,0.0024109724070465847
8312.0,138.53333333333333,替保护液,0.45759340910286195,0.45759340910286195,0.9999999865654001,0.5100673637436968,1074.2023086172346,856.58373747495,1000.1193907815633,0.09418837675346627,0.15007031796526019,0.23305271189817067,0.045540953436077336,0.0,0.416319088155887,0.002404747489958095
8316.0,138.6,替保护液,0.4587440439218572,0.4587440439218572,0.9999999876744413,0.5113499461784117,1074.2023086172346,856.58373747495,1004.7495731462927,0.09418837675346627,0.15038914432809009,0.23291368959376071,0.045514414847909856,0.0,0.4175783275127914,0.0023985791629838106
8320.0,138.66666666666666,替保护液,0.4598946824773462,0.4598946824773462,0.9999999886938103,0.512632532778098,1078.8324909819642,861.2139198396794,1009.3797555110222,0.09418837675346631,0.15070797951811607,0.2327731013564017,0.045487576581396905,0.0,0.41883787545043233,0.0023924636747224893
8324.0,138.73333333333332,替保护液,0.46104532373753604,0.46104532373753604,0.9999999896305863,0.5139151223926434,1083.4626733466935,865.844102204409,1009.3797555110222,0.09418837675346621,0.15102682243989787,0.23263097910132616,0.045460444704171654,0.0,0.4200976513607955,0.002386395030439795
8328.0,138.8,替保护液,0.46219596677172703,0.46219596677172703,0.9999999904913048,0.5151977139846213,1083.4626733466935,865.844102204409,1014.0099378757517,0.09418837675346621,0.15134567100379145,0.23248736774728979,0.04543302776683178,0.0,0.4213575984060497,0.0023803703073904544
8332.0,138.86666666666667,替保护液,0.46334661101800717,0.46334661101800717,0.9999999912819979,0.5164803069276832,1088.092855711423,870.4742845691384,1018.6401202404811,0.09418837675346627,0.15166452221828527,0.23234233093827944,0.04540533789570078,0.0,0.42261768062080585,0.002374389013938927
8336.0,138.93333333333334,替保护液,0.46449725592392643,0.46449725592392643,0.9999999920082331,0.5177629006060275,1092.7230380761525,870.4742845691384,1018.6401202404811,0.09619238476949749,0.15198337235434262,0.2371362533112917,0.046320149813453004,0.0,0.4238778785030912,0.002368452381821263
8340.0,139.0,替保护液,0.4656479020070289,0.4656479020070289,0.999999992675147,0.519045495596547,1097.3532204408818,875.1044669338678,1023.2703026052105,0.09619238476949744,0.15230222036130342,0.2369853761018443,0.04629137166835806,0.0,0.42513818513731205,0.00236255315577073
8344.0,139.06666666666666,替保护液,0.46679854826875955,0.46679854826875955,0.9999999932874771,0.5203280907861787,1097.3532204408818,875.1044669338678,1027.90048496994,0.09619238476949744,0.1526210646734603,0.23683320303194685,0.04626234547270758,0.0,0.42639859875875447,0.0023566951816106803
8348.0,139.13333333333333,替保护液,0.46794919369686017,0.46794919369686017,0.9999999938495929,0.5216106850465849,1101.9834028056114,879.7346492985973,1027.90048496994,0.09619238476949744,0.1529399047115752,0.23667977065230217,0.04623307817607669,0.0,0.427659120106799,0.0023508802298103765
8352.0,139.2,替保护液,0.4690998378900833,0.4690998378900833,0.9999999943655231,0.5228932779305056,1106.613585170341,879.7346492985973,1032.5306673346695,0.09819639278552868,0.15325874390890906,0.24145269952887216,0.04714309609842959,0.0,0.42891975049524855,0.002345107806598894
8356.0,139.26666666666668,替保护液,0.4702504803231313,0.4702504803231313,0.9999999948389809,0.5241758688524052,1111.2437675350702,884.3648316633268,1037.160849699399,0.09819639278552862,0.15357758607490146,0.2412935374323609,0.04711276387515806,0.0,0.4301804886114528,0.002339374446849391
8360.0,139.33333333333334,替保护液,0.4714011206530718,0.4714011206530718,0.9999999952733886,0.5254584574300261,1111.2437675350702,888.9950140280562,1037.160849699399,0.09619238476949744,0.1538964346882224,0.23621202966677138,0.04614385082661676,0.0,0.4314413295184573,0.002333684164209095
8364.0,139.4,替保护液,0.47255175818970047,0.47255175818970047,0.9999999956718996,0.5267410428940155,1115.8739498997998,888.9950140280562,1041.7910320641283,0.09819639278552868,0.15421529191529904,0.240971404190334,0.04705137056656494,0.0,0.43270226411071216,0.0023280398098190574
8368.0,139.46666666666667,替保护液,0.4737023932739814,0.4737023932739814,0.9999999960374187,0.5280236256244373,1120.5041322645293,893.6251963927857,1046.4212144288579,0.09819639278552868,0.154534161635608,0.24080839169303733,0.04702030155292802,0.0,0.4339632818219472,0.002322437530496332
8372.0,139.53333333333333,替保护液,0.47485302600786033,0.47485302600786033,0.9999999963726213,0.5293062057349277,1120.5041322645293,893.6251963927857,1046.4212144288579,0.09819639278552868,0.15485304587259868,0.240644056072479,0.04698897933617052,0.0,0.43522437062937386,0.0023168773676487957
8376.0,139.6,替保护液,0.47600365639236053,0.47600365639236053,0.9999999966799711,0.5305887832266273,1125.1343146292586,898.2553787575151,1051.0513967935874,0.09819639278552862,0.15517194579518823,0.24047839076102565,0.04695740263954573,0.0,0.43648551909637406,0.0023113589678078516
8380.0,139.66666666666666,替保护液,0.47715428445997526,0.47715428445997526,0.9999999969617361,0.5318713581357555,1129.7644969939881,898.2553787575151,1051.0513967935874,0.10020040080155986,0.15549086120588007,0.24521568366405677,0.04785994339858901,0.0,0.4377467182278585,0.002305887736245132
8384.0,139.73333333333332,替保护液,0.47830491089096056,0.47830491089096056,0.9999999972200034,0.5331539312205757,1134.3946793587177,902.8855611222447,1055.6815791583167,0.10020040080155986,0.15580979067412432,0.24504388066314686,0.047827226732707895,0.0,0.4390079635023874,0.002300455210288362
8388.0,139.8,替保护液,0.47945553501413934,0.47945553501413934,0.9999999974566953,0.5344365017329447,1134.3946793587177,907.5157434869741,1060.3117615230462,0.09819639278552868,0.15612873033324323,0.2399733034462354,0.04686112383143082,0.0,0.4402692534316587,0.0022950644055641277
8392.0,139.86666666666667,替保护液,0.4806061564647536,0.4806061564647536,0.9999999976735786,0.5357190692662761,1139.024861723447,907.5157434869741,1060.3117615230462,0.1002004008015598,0.15644767524916953,0.24469622751247527,0.047761019258088844,0.0,0.44153059143292567,0.002289714838470293
8396.0,139.93333333333334,替保护液,0.4817567755812343,0.4817567755812343,0.999999997872279,0.5370016341978101,1143.6550440881765,912.1459258517035,1064.9419438877758,0.10020040080155986,0.1567666216149813,0.24452042498242663,0.04772753746506886,0.0,0.44279198590966545,0.0022844079805982268
8400.0,140.0,替保护液,0.4829073922851252,0.4829073922851252,0.9999999980542925,0.5382841964400935,1143.6550440881765,912.1459258517035,1069.572126252505,0.10020040080155986,0.15708556468250118,0.24434335588695044,0.04769381326320343,0.0,0.4440534479201669,0.0022791385202378736
8404.0,140.06666666666666,替保护液,0.4840580069246505,0.4840580069246505,0.999999998220994,0.5395667563812828,1148.285226452906,916.776108216433,1069.572126252505,0.10020040080155986,0.15740450220608135,0.24416506845090596,0.04765985581211585,0.0,0.44531499009978304,0.0022739078524278197
8408.0,140.13333333333333,替保护液,0.4852086187654481,0.4852086187654481,0.9999999983736472,0.5408493132028038,1152.9154088176354,921.4062905811625,1074.2023086172346,0.1002004008015598,0.15772342950989263,0.2439855933593395,0.04762567093166992,0.0,0.4465766228788798,0.002268720856124654
8412.0,140.2,替保护液,0.4863592291696359,0.4863592291696359,0.9999999985134151,0.5421318684229736,1157.545591182365,921.4062905811625,1078.8324909819642,0.10220440881759103,0.15804234819483162,0.24868106321145414,0.04851962010484678,0.0,0.4478383559113608,0.002263572269732621
8416.0,140.26666666666668,替保护液,0.4875098383773694,0.4875098383773694,0.9999999986413652,0.543414422309487,1157.545591182365,926.0364729458919,1078.8324909819642,0.10020040080155986,0.1583612578724885,0.24362320803837093,0.04755664313484975,0.0,0.44910019244422245,0.0022584636949806894
8420.0,140.33333333333334,替保护液,0.48866044634241684,0.48866044634241684,0.9999999987584782,0.544696974810811,1162.1757735470944,926.0364729458919,1083.4626733466935,0.10220440881759107,0.15868015977604102,0.24830915749527016,0.048448845274298935,0.0,0.45036212878986853,0.0022533929458650654
8424.0,140.4,替保护液,0.4898110538864677,0.4898110538864677,0.9999999988656563,0.5459795268428612,1166.8059559118237,930.6666553106214,1088.092855711423,0.10220440881759098,0.15899905738368061,0.24812149599969924,0.04841313070151654,0.0,0.4516241546406729,0.0022483676486738176
8428.0,140.46666666666667,替保护液,0.4909616615726765,0.4909616615726765,0.9999999989637274,0.5472620790333711,1171.4361382765533,930.6666553106214,1092.7230380761525,0.10420841683362221,0.15931795541709823,0.2527941131564843,0.04930199553065295,0.0,0.4528862519252398,0.0022433784891868072
8432.0,140.53333333333333,替保护液,0.4921122703964677,0.4921122703964677,0.9999999990534513,0.5485446324919142,1171.4361382765533,935.2968376753508,1092.7230380761525,0.10220440881759103,0.15963685954690876,0.24774271480921076,0.04834103932942424,0.0,0.45414839560508735,0.002238428834539948
8436.0,140.6,替保护液,0.49326288002420776,0.49326288002420776,0.9999999991355261,0.5498271868465979,1176.0663206412828,939.9270200400803,1097.3532204408818,0.10220440881759107,0.1599557740452333,0.24755154582751457,0.04830465309895016,0.0,0.4554105527644033,0.002233521061477864
8440.0,140.66666666666666,替保护液,0.49441349101513804,0.49441349101513804,0.999999999210593,0.5511097427207942,1180.696503006012,939.9270200400803,1101.9834028056114,0.10420841683362221,0.16027470448722209,0.25220930882621045,0.049190794565739826,0.0,0.45667268662641863,0.0022286521923736012
8444.0,140.73333333333332,替保护液,0.49556410371418735,0.49556410371418735,0.9999999992792407,0.5523923004989857,1180.696503006012,944.5572024048098,1101.9834028056114,0.10220440881759098,0.16059365566554007,0.2471654359272065,0.048231158462182844,0.0,0.45793475723368665,0.002223820343580786
8448.0,140.8,替保护液,0.4967147179834584,0.4967147179834584,0.9999999993420077,0.5536748600274625,1185.3266853707416,944.5572024048098,1106.613585170341,0.10420841683362221,0.16091263182267757,0.2518129918693507,0.04911542721667306,0.0,0.45919672302043757,0.002219023731559541
8452.0,140.86666666666667,替保护液,0.49786533384821746,0.49786533384821746,0.9999999993993903,0.5549574213343876,1189.9568677354712,949.1873847695392,1111.2437675350702,0.10420841683362227,0.16123163625084572,0.25161277877021415,0.04907735054488571,0.0,0.4604585429201985,0.0022142678283943247
8456.0,140.93333333333334,替保护液,0.4990159519671731,0.4990159519671731,0.9999999994518423,0.5562399851540063,1189.9568677354712,953.8175671342686,1111.2437675350702,0.10220440881759107,0.16155067321301808,0.24657632078955874,0.04811901156915099,0.0,0.4617201782660406,0.002209544299135823
8460.0,141.0,替保护液,0.5001665725345947,0.5001665725345947,0.9999999994997807,0.5575225517028659,1194.5870501002005,953.8175671342686,1115.8739498997998,0.10420841683362221,0.16186974572642107,0.25120808768846326,0.04900038144692309,0.0,0.4629815922389482,0.0022048548795535624
8464.0,141.06666666666666,替保护液,0.5013171957162865,0.5013171957162865,0.9999999995435873,0.5588051211657833,1199.21723246493,958.4477494989982,1120.5041322645293,0.10420841683362221,0.16218885621543458,0.25100357771767423,0.04896148287057167,0.0,0.4642427503872511,0.0022001986922030635
8468.0,141.13333333333333,替保护液,0.5024678217100335,0.5024678217100335,0.9999999995836131,0.5600876937632235,1203.8474148296596,958.4477494989982,1120.5041322645293,0.10621242484965344,0.162508006783415,0.25562061182048573,0.049839272982845295,0.0,0.4655036208568784,0.002195576117151618
8472.0,141.2,替保护液,0.503618450979111,0.503618450979111,0.9999999996201784,0.5613702700115862,1203.8474148296596,963.0779318637276,1125.1343146292586,0.10420841683362227,0.16282720004475712,0.25059010009336974,0.048882832989282976,0.0,0.46676417492764594,0.002190983295279396
8476.0,141.26666666666668,替保护液,0.5047690838189748,0.5047690838189748,0.9999999996535781,0.5626528502402038,1208.4775971943889,963.0779318637276,1129.7644969939881,0.10621242484965339,0.16314643770699086,0.2551961519920398,0.04975860854717529,0.0,0.46802438627519843,0.0021864191570144377
8480.0,141.33333333333334,替保护液,0.5059197198403308,0.5059197198403308,0.9999999996840823,0.5639354340151317,1213.1077795591184,967.708114228457,1129.7644969939881,0.10621242484965344,0.16346572056894898,0.25498162542203,0.04971783726725132,0.0,0.469284230611817,0.0021818889253246276
8484.0,141.4,替保护液,0.5070703597352088,0.5070703597352088,0.9999999997119374,0.5652180221077365,1213.1077795591184,972.3382965931866,1134.3946793587177,0.10420841683362221,0.1637850510461887,0.24995865756156094,0.0487627102379844,0.0,0.4705436877116177,0.0021773858172921953
8488.0,141.46666666666667,替保护液,0.5082210031742823,0.5082210031742823,0.9999999997373706,0.5665006141508823,1217.737961923848,972.3382965931866,1139.024861723447,0.10621242484965344,0.1641044298867059,0.2545479470498933,0.049635410328344065,0.0,0.4718027394034354,0.002172910768756944
8492.0,141.53333333333333,替保护液,0.5093716499963898,0.5093716499963898,0.9999999997605888,0.5677832099648278,1222.3681442885772,976.968478957916,1139.024861723447,0.10621242484965339,0.16442385706982734,0.254328814302102,0.04959375821482881,0.0,0.473061370652255,0.002168464039784008
8496.0,141.6,替保护液,0.5105222999199498,0.5105222999199498,0.9999999997817816,0.5690658092354953,1226.9983266533068,976.968478957916,1143.6550440881765,0.10821643286568462,0.16474333375564648,0.25890263358446314,0.05046275796839883,0.0,0.4743195693919111,0.0021640444651326632
8500.0,141.66666666666666,替保护液,0.5116729530988984,0.5116729530988984,0.9999999998011244,0.5703484121340484,1226.9983266533068,981.5986613226454,1148.285226452906,0.10621242484965344,0.16506285978536858,0.25388594931199376,0.04950957415649326,0.0,0.47557732729928065,0.00215965270475115
8504.0,141.73333333333332,替保护液,0.5128236090982965,0.5128236090982965,0.9999999998187753,0.5716310181748144,1231.6285090180363,981.5986613226454,1148.285226452906,0.10821643286568468,0.16538243498166044,0.25844834677872885,0.05037648160091501,0.0,0.4768346384035354,0.0021552840054688063
8508.0,141.8,替保护液,0.5139742674081225,0.5139742674081225,0.9999999998348801,0.5729136267875986,1236.2586913827656,986.2288436873749,1152.9154088176354,0.10821643286568457,0.16570205847466662,0.2582189234826014,0.050332907449695874,0.0,0.4780914997128578,0.002150945469495329
8512.0,141.86666666666667,替保护液,0.5151249278530695,0.5151249278530695,0.9999999998495727,0.5741962377737498,1236.2586913827656,990.8590260521044,1157.545591182365,0.10621242484965339,0.16602172970204487,0.25321044955377975,0.04938115427136003,0.0,0.4793479117878005,0.0021466308111848407
8516.0,141.93333333333334,替保护液,0.5162755903536997,0.5162755903536997,0.9999999998629749,0.5754788510386383,1240.8888737474952,990.8590260521044,1157.545591182365,0.10821643286568462,0.16634144773062734,0.25775563241668065,0.05024490891694988,0.0,0.48060387850584846,0.00214233974631617
8520.0,142.0,替保护液,0.5174262540862615,0.5174262540862615,0.999999999875198,0.5767614656529023,1245.5190561122247,995.4892084168338,1162.1757735470944,0.10821643286568468,0.16666120979432175,0.25752183688061664,0.0502004981785249,0.0,0.481859406157624,0.0021380768435296424
8524.0,142.06666666666666,替保护液,0.5185769187058331,0.5185769187058331,0.999999999886345,0.578044081212123,1250.149238476954,995.4892084168338,1166.8059559118237,0.1102204408817158,0.16698101417625866,0.26205120859312986,0.051060507588706394,0.0,0.4831145049595033,0.002133838205715123
8528.0,142.13333333333333,替保护液,0.5197275842460425,0.5197275842460425,0.9999999998965089,0.5793266977189536,1250.149238476954,1000.1193907815633,1166.8059559118237,0.10821643286568457,0.1673008583291491,0.2570501011551539,0.05011088307971989,0.0,0.48436918921622163,0.002129624643192583
8532.0,142.2,替保护液,0.5208782496840899,0.5208782496840899,0.9999999999057755,0.5806093139739362,1254.7794208416835,1000.1193907815633,1171.4361382765533,0.1102204408817158,0.16762073766579552,0.2615680590127808,0.05096880721477093,0.0,0.4856234757364602,0.0021254351152133113
8536.0,142.26666666666668,替保护液,0.5220289149169572,0.5220289149169572,0.9999999999142224,0.5818919297635067,1259.409603206413,1004.7495731462927,1176.0663206412828,0.11022044088171586,0.1679406492166834,0.2613245533603874,0.050922587197348435,0.0,0.4868773860442671,0.0021212697257141553
8540.0,142.33333333333334,替保护液,0.5231795796652544,0.5231795796652544,0.9999999999219216,0.5831745446160742,1259.409603206413,1009.3797555110222,1176.0663206412828,0.10821643286568468,0.16826058837386593,0.25633293086205805,0.04997462685678389,0.0,0.4881309452405867,0.002117131544571869
8544.0,142.4,替保护液,0.5243302437623272,0.5243302437623272,0.9999999999289385,0.5844571580925073,1264.0397855711424,1009.3797555110222,1180.696503006012,0.1102204408817158,0.16858055054754884,0.26083399232074694,0.050829466548822144,0.0,0.48938418193365607,0.002113014314235069
8548.0,142.46666666666667,替保护液,0.5254809069972931,0.5254809069972931,0.999999999935332,0.5857397695669424,1268.669967935872,1014.0099378757517,1185.3266853707416,0.1102204408817158,0.16890053171782934,0.2605870656240967,0.05078259028245491,0.0,0.4906371276111674,0.0021089245624055517
8552.0,142.53333333333333,替保护液,0.5266315689140366,0.5266315689140366,0.9999999999411573,0.5870223779433342,1268.669967935872,1014.0099378757517,1185.3266853707416,0.1102204408817158,0.16922052594931875,0.26033912436079615,0.05073551908263285,0.0,0.49188981577339735,0.0021048597248677866
8556.0,142.6,替保护液,0.5277822298346442,0.5277822298346442,0.999999999946464,0.5883049827194979,1273.3001503006014,1018.6401202404811,1189.9568677354712,0.11022044088171586,0.1695405300554924,0.26009025711766587,0.050688269739887715,0.0,0.4931422824434423,0.002100816554900981
8560.0,142.66666666666666,替保护液,0.528932889329408,0.528932889329408,0.9999999999512982,0.5895875821866201,1277.9303326653308,1023.2703026052105,1194.5870501002005,0.1102204408817158,0.16986053917880228,0.2598405194535271,0.05064085277690655,0.0,0.49439456389139375,0.002096803617060197
8564.0,142.73333333333332,替保护液,0.5300835473214127,0.5300835473214127,0.9999999999557008,0.5908701745484662,1277.9303326653308,1023.2703026052105,1194.5870501002005,0.1102204408817158,0.1701805492566638,0.2595899646885848,0.0505932782933195,0.0,0.495646697383511,0.0020928141736542023
8568.0,142.8,替保护液,0.5312342041014776,0.5312342041014776,0.9999999999597097,0.5921527578134156,1282.5605150300603,1027.90048496994,1199.21723246493,0.11022044088171586,0.1705005570345737,0.259338667516185,0.050545560449269056,0.0,0.4968987213460965,0.0020888497549621087
8572.0,142.86666666666667,替保护液,0.5323848589201657,0.5323848589201657,0.9999999999633605,0.5934353280960323,1287.1906973947898,1027.90048496994,1203.8474148296596,0.11222444889774708,0.1708205570647173,0.26379735367997126,0.051391846935158414,0.0,0.498150673944066,0.002084913554155169
8576.0,142.93333333333334,替保护液,0.5335355117938643,0.5335355117938643,0.9999999999666843,0.5947178815088684,1291.8208797595191,1032.5306673346695,1203.8474148296596,0.11222444889774698,0.17114054596333986,0.2635401365695652,0.051343046030318584,0.0,0.4994025953542272,0.0020810021879300684
8580.0,143.0,替保护液,0.5346861622753764,0.5346861622753764,0.9999999999697097,0.5960004126932048,1291.8208797595191,1037.160849699399,1208.4775971943889,0.11022044088171576,0.17146051810372992,0.25858085583651613,0.05040164801097091,0.0,0.5006545270501292,0.0020771189756885896
8584.0,143.06666666666666,替保护液,0.5358368095487385,0.5358368095487385,0.9999999999724635,0.5972829148638257,1296.4510621242487,1037.160849699399,1213.1077795591184,0.11222444889774698,0.17178046771464983,0.26302399766695167,0.051245113223876704,0.0,0.5019065124548016,0.002073261585977157
8588.0,143.13333333333333,替保护液,0.536987453289816,0.536987453289816,0.9999999999749699,0.5985653807598265,1301.0812444889782,1041.7910320641283,1213.1077795591184,0.11222444889774708,0.17210038881995943,0.26276519088814293,0.05119600311365957,0.0,0.5031585981764757,0.002069430076259112
8592.0,143.2,替保护液,0.5381380926117315,0.5381380926117315,0.9999999999772505,0.5998478015224911,1301.0812444889782,1041.7910320641283,1217.737961923848,0.11222444889774708,0.1724202745606797,0.2625059716976451,0.05114681219774486,0.0,0.5044108335860754,0.002065628375917928
8596.0,143.26666666666668,替保护液,0.5392887267374099,0.5392887267374099,0.9999999999793258,0.6011301675624986,1305.7114268537075,1046.4212144288579,1222.3681442885772,0.11222444889774698,0.17274011676557038,0.26224643209113824,0.05109755792281345,0.0,0.5056632720641444,0.0020618515057503773
8600.0,143.33333333333334,替保护液,0.5404393550306689,0.5404393550306689,0.9999999999812138,0.6024124687703238,1310.341609218437,1051.0513967935874,1222.3681442885772,0.11222444889774698,0.17305990754035772,0.26198662147440005,0.0510482496560033,0.0,0.5069159716788642,0.0020581044444695413
8604.0,143.4,替保护液,0.5415899762093535,0.5415899762093535,0.9999999999829312,0.6036946938587668,1310.341609218437,1051.0513967935874,1226.9983266533068,0.11222444889774698,0.17337963629609776,0.26172662065752883,0.05099890272693808,0.0,0.5081689950754966,0.002054384822728875
8608.0,143.46666666666667,替保护液,0.5427405887100173,0.5427405887100173,0.9999999999844931,0.6049768310119192,1314.9717915831666,1055.6815791583167,1231.6285090180363,0.11222444889774708,0.17369929169700954,0.2614665375602966,0.050949537614114915,0.0,0.50942241091983,0.002050693044625852
8612.0,143.53333333333333,替保护液,0.5438911915534212,0.5438911915534212,0.9999999999859137,0.6062588690916026,1319.6019739478959,1055.6815791583167,1231.6285090180363,0.11422845691377821,0.17401886217909426,0.2658708480121233,0.05178515210368073,0.0,0.5106762949549438,0.002047034655840148
8616.0,143.6,替保护液,0.5450417828205711,0.5450417828205711,0.999999999987206,0.6075407961572747,1319.6019739478959,1060.3117615230462,1236.2586913827656,0.11222444889774698,0.1743383344741221,0.2609464493259204,0.05085081448386686,0.0,0.5119307281961578,0.0020434039181051796
8620.0,143.66666666666666,替保护液,0.5461923615964395,0.5461923615964395,0.9999999999883804,0.6088226018114826,1324.2321563126254,1060.3117615230462,1240.8888737474952,0.11422845691377821,0.17465769708907034,0.26534178646946677,0.051684813993231216,0.0,0.5131857977372721,0.0020398054594122036
8624.0,143.73333333333332,替保护液,0.5473429266107045,0.5473429266107045,0.999999999989448,0.6101042758153428,1328.862338677355,1064.9419438877758,1240.8888737474952,0.11422845691377821,0.17497693714533755,0.2650776903930552,0.05163472340640496,0.0,0.5144415927235892,0.0020362427137623103
8628.0,143.8,替保护液,0.5484934781710817,0.5484934781710817,0.9999999999904193,0.611385810321181,1328.862338677355,1069.572126252505,1245.5190561122247,0.11222444889774708,0.1752960476526649,0.2601681562176672,0.05070305973055633,0.0,0.5156982025982435,0.002032713813975308
8632.0,143.86666666666667,替保护液,0.5496440163701535,0.5496440163701535,0.9999999999913015,0.6126671978994722,1333.4925210420843,1069.572126252505,1250.149238476954,0.11422845691377821,0.17561502155991787,0.2645508559932307,0.05153479185149756,0.0,0.5169557107761167,0.002029223149144494
8636.0,143.93333333333334,替保护液,0.5507945425954134,0.5507945425954134,0.9999999999921032,0.6139484332092219,1338.1227034068138,1074.2023086172346,1250.149238476954,0.11422845691377821,0.17593385730756028,0.26428828845677904,0.051484983309075694,0.0,0.518214191827447,0.002025772387921002
8640.0,144.0,替保护液,0.5519450585858541,0.5519450585858541,0.9999999999928323,0.6152295119049026,1338.1227034068138,1074.2023086172346,1254.7794208416835,0.11422845691377821,0.17625255601958423,0.2640263254359171,0.051435286835402105,0.0,0.5194737061737837,0.0020223650727972165
8644.0,144.06666666666666,替保护液,0.553095566584343,0.553095566584343,0.9999999999934945,0.6165104307495669,1342.7528857715433,1078.8324909819642,1259.409603206413,0.11422845691377821,0.17657112390046817,0.26376496074337524,0.051385701274499485,0.0,0.520734296816532,0.0020189992541439247
8648.0,144.13333333333333,替保护液,0.5542460689277097,0.5542460689277097,0.9999999999940962,0.617791187094197,1347.3830681362726,1083.4626733466935,1259.409603206413,0.11422845691377821,0.17688956851799298,0.2635041692016458,0.05133622186703535,0.0,0.5219959868752276,0.0020156818317834144
8652.0,144.2,替保护液,0.5553965679499205,0.5553965679499205,0.9999999999946424,0.6190717787042765,1347.3830681362726,1083.4626733466935,1264.0397855711424,0.11422845691377821,0.17720790060898217,0.26324385303029707,0.05128683007677415,0.0,0.5232587785462666,0.0020124111820428395
8656.0,144.26666666666668,替保护液,0.5565470650470892,0.5565470650470892,0.9999999999951389,0.6203522026565859,1352.0132505010022,1088.092855711423,1268.669967935872,0.11422845691377821,0.17752612997439035,0.26298390512141573,0.05123750559367568,0.0,0.5245226528813488,0.0020091890249752864
8660.0,144.33333333333334,替保护液,0.5576975616025858,0.5576975616025858,0.9999999999955898,0.6216324563155963,1356.6434328657317,1092.7230380761525,1268.669967935872,0.11422845691377821,0.17784426817468849,0.262724193658964,0.051188223414783796,0.0,0.5257875730867746,0.002006014544263983
8664.0,144.4,替保护液,0.5588480584011051,0.5588480584011051,0.9999999999959991,0.6229125366316354,1356.6434328657317,1092.7230380761525,1273.3001503006014,0.11422845691377821,0.17816232568320456,0.2624645969214431,0.05113896044759969,0.0,0.527053488269751,0.002002889561908843
8668.0,144.46666666666667,替保护液,0.559998555375591,0.559998555375591,0.999999999996371,0.6241924398178222,1361.273615230461,1097.3532204408818,1273.3001503006014,0.11422845691377821,0.17848031110082016,0.2622049538999089,0.05108968613877263,0.0,0.5283203375390353,0.001999811840336039
8672.0,144.53333333333333,替保护液,0.5611490523504866,0.5611490523504866,0.9999999999967086,0.6254721621471484,1365.9037975951906,1097.3532204408818,1277.9303326653308,0.11623246492980945,0.1787982314294889,0.2665406630573725,0.05191216930993714,0.0,0.5295880558610534,0.001996778371176199
8676.0,144.6,替保护液,0.5622995488031635,0.5622995488031635,0.999999999997015,0.6267516996612296,1370.53397995992,1101.9834028056114,1282.5605150300603,0.11623246492980945,0.1791160918885443,0.2662759913039517,0.051861981567911886,0.0,0.5308565779689397,0.0019937913109206156
8680.0,144.66666666666666,替保护液,0.5634500440050331,0.5634500440050331,0.9999999999972932,0.6280310483092141,1370.53397995992,1106.613585170341,1282.5605150300603,0.11422845691377821,0.17943389541502028,0.2614245401418445,0.05094156604675626,0.0,0.5321258420665071,0.0019908469798338635
8684.0,144.73333333333332,替保护液,0.5646005377502973,0.5646005377502973,0.9999999999975456,0.629310204744547,1375.1641623246494,1106.613585170341,1287.1906973947898,0.11623246492980935,0.1797516447059813,0.26574540562972865,0.051761362539351596,0.0,0.5333957923841838,0.0019879446686065605
8688.0,144.8,替保护液,0.5657510290987907,0.5657510290987907,0.9999999999977749,0.630589164908701,1379.794344689379,1111.2437675350702,1291.8208797595191,0.11623246492980945,0.18006934134387848,0.2654793407687563,0.05171090260055289,0.0,0.5346663787848788,0.001985079754266029
8692.0,144.86666666666667,替保护液,0.5669015180765107,0.5669015180765107,0.9999999999979828,0.6318679259154631,1379.794344689379,1111.2437675350702,1291.8208797595191,0.11623246492980945,0.1803869867674744,0.265212702316737,0.05166033118473701,0.0,0.5359375580617529,0.0019822568479026695
8696.0,144.93333333333334,替保护液,0.5680520045827882,0.5680520045827882,0.9999999999981715,0.6331464848251198,1384.4245270541085,1115.8739498997998,1296.4510621242487,0.11623246492980945,0.18070458336626705,0.26494544371414963,0.05160963944303554,0.0,0.537209291717223,0.0019794709231838532
8700.0,145.0,替保护液,0.5692024889453524,0.5692024889453524,0.9999999999983427,0.6344248392581145,1389.0547094188378,1120.5041322645293,1301.0812444889782,0.11623246492980935,0.18102213368379336,0.26467752050726073,0.05155881892409142,0.0,0.5384815440833232,0.001976722954037332
8704.0,145.06666666666666,替保护液,0.570352971225169,0.570352971225169,0.9999999999984982,0.6357029866142154,1393.6848917835673,1120.5041322645293,1301.0812444889782,0.11823647294584057,0.1813396405445681,0.2689676634417877,0.05237225954289504,0.0,0.5397542790238273,0.001974010943023912
8708.0,145.13333333333333,替保护液,0.5715034523834989,0.5715034523834989,0.9999999999986388,0.636980925366555,1393.6848917835673,1125.1343146292586,1305.7114268537075,0.11623246492980945,0.18165710917245553,0.2641395162390172,0.05145676035267588,0.0,0.541027458595136,0.001971339000545278
8712.0,145.2,替保护液,0.5726539332262897,0.5726539332262897,0.9999999999987667,0.6382586538805299,1398.3150741482968,1125.1343146292586,1310.341609218437,0.11823647294584066,0.1819745466348244,0.2684187965353246,0.05226822953185983,0.0,0.5423010394417763,0.001968703458784558
8716.0,145.26666666666668,替保护液,0.5738044146779457,0.5738044146779457,0.9999999999988827,0.6395361707130522,1402.9452565130262,1129.7644969939881,1310.341609218437,0.11823647294584057,0.18229196080177934,0.2681430413844335,0.052215959707031856,0.0,0.543574970834776,0.001966105527853217
8720.0,145.33333333333334,替保护液,0.5749548974744888,0.5749548974744888,0.9999999999989875,0.6408134742639798,1402.9452565130262,1134.3946793587177,1314.9717915831666,0.11623246492980935,0.1826093607646481,0.26332618465162566,0.051302451766849,0.0,0.5448491929658554,0.001963544348128728
8724.0,145.4,替保护液,0.5761053825321227,0.5761053825321227,0.9999999999990826,0.6420905631807278,1407.5754388777557,1134.3946793587177,1314.9717915831666,0.11823647294584057,0.18292675660440044,0.26758846406588876,0.052110829970557826,0.0,0.5461236372420437,0.001961022864121773
8728.0,145.46666666666667,替保护液,0.5772558710595531,0.5772558710595531,0.9999999999991692,0.6433674364789069,1412.2056212424852,1139.024861723447,1319.6019739478959,0.11823647294584066,0.18324415917158338,0.26730943214882463,0.05205793022804439,0.0,0.5473982272565072,0.0019585376508311314
8732.0,145.53333333333333,替保护液,0.5784063637502148,0.5784063637502148,0.9999999999992473,0.6446440926384591,1416.8358036072145,1139.024861723447,1324.2321563126254,0.1202404809618718,0.1835615788490994,0.2715550002515855,0.05286249911744001,0.0,0.5486728800678005,0.0019560882589365115
8736.0,145.6,替保护液,0.5795568604443296,0.5795568604443296,0.9999999999993184,0.6459205292237206,1416.8358036072145,1143.6550440881765,1324.2321563126254,0.11823647294584057,0.18387902385202504,0.2667473045738102,0.05195135136167761,0.0,0.5499475088361367,0.0019536750307171014
8740.0,145.66666666666666,替保护液,0.580707360761243,0.580707360761243,0.9999999999993828,0.6471967435856566,1421.465985971944,1148.285226452906,1328.862338677355,0.11823647294584057,0.18419650258680584,0.2664640066530824,0.05189763379770296,0.0,0.5512220269684284,0.0019512967495581013
8744.0,145.73333333333332,替保护液,0.5818578644097517,0.5818578644097517,0.9999999999994412,0.6484727332061814,1426.0961683366736,1148.285226452906,1333.4925210420843,0.1202404809618718,0.1845140216769006,0.2706905882674761,0.05269874156117604,0.0,0.5524963509514236,0.001948951707136439
8748.0,145.8,替保护液,0.5830083706994594,0.5830083706994594,0.9999999999994942,0.6497484951529889,1430.726350701403,1152.9154088176354,1333.4925210420843,0.1202404809618718,0.18483158688292733,0.2703990919990133,0.052643512994910546,0.0,0.5537704016429589,0.001946637455502571
8752.0,145.86666666666667,替保护液,0.5841588783421774,0.5841588783421774,0.999999999999542,0.6510240258618843,1430.726350701403,1152.9154088176354,1338.1227034068138,0.1202404809618718,0.18514920113457126,0.2701057900273057,0.052587939059822286,0.0,0.5550441046160791,0.001944354752181559
8756.0,145.93333333333334,替保护液,0.5853093869221868,0.5853093869221868,0.9999999999995853,0.6522993227815207,1435.3565330661324,1157.545591182365,1342.7528857715433,0.1202404809618718,0.1854668687854133,0.26981064170179453,0.05253201199248947,0.0,0.5563173914769742,0.0019421012921106648
8760.0,146.0,替保护液,0.5864598964270282,0.5864598964270282,0.9999999999996244,0.65357438386045,1439.986715430862,1162.1757735470944,1342.7528857715433,0.1202404809618718,0.1857845944629546,0.2695135773648653,0.052475718530304194,0.0,0.5575901976475167,0.001939877574467577
8764.0,146.06666666666666,替保护液,0.5876104068816614,0.5876104068816614,0.9999999999996602,0.6548492071561214,1444.6168977955913,1162.1757735470944,1347.3830681362726,0.12224448897790294,0.18610238365413376,0.27370146370418785,0.05326901106094073,0.0,0.5588624596547993,0.0019376794443280178
8768.0,146.13333333333333,替保护液,0.5887609187168553,0.5887609187168553,0.9999999999996925,0.6561237912703312,1444.6168977955913,1166.8059559118237,1347.3830681362726,0.1202404809618718,0.18642024280872915,0.2689135216411198,0.05236199823289234,0.0,0.5601341124278737,0.0019355110696930638
8772.0,146.2,替保护液,0.5899114336160852,0.5899114336160852,0.9999999999997216,0.6573981363274233,1449.2470801603208,1166.8059559118237,1352.0132505010022,0.12224448897790303,0.18673818179713064,0.2730872866939081,0.05315271183659076,0.0,0.5614050870002742,0.0019333681442119336
8776.0,146.26666666666668,替保护液,0.5910619535316513,0.5910619535316513,0.999999999999748,0.65867224292321,1453.8772625250504,1171.4361382765533,1356.6434328657317,0.12224448897790303,0.18705621180622656,0.2727769995226667,0.05309395110001103,0.0,0.5626753056841286,0.0019312538222538166
8780.0,146.33333333333334,替保护液,0.5922124810642128,0.5922124810642128,0.9999999999997721,0.6599461126066651,1453.8772625250504,1176.0663206412828,1356.6434328657317,0.1202404809618718,0.18737434751397553,0.2679978448796464,0.05218843632141512,0.0,0.5639446792201893,0.0019291632751642976
8784.0,146.4,替保护液,0.5933630192126423,0.5933630192126423,0.9999999999997936,0.6612197476745064,1458.5074448897797,1176.0663206412828,1361.273615230461,0.12224448897790294,0.1876926069910133,0.2721496204582526,0.05297512983936037,0.0,0.5652131038115417,0.0019270987369038942
8788.0,146.46666666666667,替保护液,0.5945135704920816,0.5945135704920816,0.9999999999998134,0.6624931502748533,1463.1376272545092,1180.696503006012,1365.9037975951906,0.12224448897790303,0.18801100836745116,0.2718323443472195,0.05291503425912014,0.0,0.566480458713697,0.0019250586597415744
8792.0,146.53333333333333,替保护液,0.595664137116843,0.595664137116843,0.9999999999998314,0.6637663227090413,1467.7678096192387,1180.696503006012,1365.9037975951906,0.12424849699393427,0.18832957078543702,0.2759635186297352,0.05369722568847579,0.0,0.5677466069456655,0.0019230432618426085
8796.0,146.6,替保护液,0.5968147200331998,0.5968147200331998,0.9999999999998471,0.6650392664563542,1467.7678096192387,1185.3266853707416,1370.53397995992,0.12224448897790303,0.18864831008731434,0.27118992818176546,0.05279334190316376,0.0,0.5690113978754049,0.001921045427887584
8800.0,146.66666666666666,替保护液,0.5979653188524064,0.5979653188524064,0.9999999999998616,0.6663119822017436,1472.397991983968,1189.9568677354712,1375.1641623246494,0.12224448897790294,0.18896723783809233,0.2708645012651235,0.052731690588452396,0.0,0.5702746738636407,0.0019190639737063193
8804.0,146.73333333333332,替保护液,0.599115931496781,0.599115931496781,0.9999999999998749,0.6675844695305696,1477.0281743486976,1189.9568677354712,1375.1641623246494,0.12424849699393416,0.18928635854490075,0.27497110153973037,0.05350938163801877,0.0,0.5715362791176248,0.0019171018190439614
8808.0,146.8,替保护液,0.6002665531815761,0.6002665531815761,0.9999999999998868,0.6688567258584237,1481.658356713427,1194.5870501002005,1379.794344689379,0.12424849699393427,0.18960566665679315,0.2746341273669682,0.05344559090983014,0.0,0.5727960689376176,0.0019151465297843522
8812.0,146.86666666666667,替基液,0.6014171768231409,0.6014171768231409,0.9999999999998977,0.6701287469126301,1481.658356713427,1194.5870501002005,1384.4245270541085,0.12424849699393427,0.18992514545522943,0.2742939110275375,0.05338118206333431,0.0,0.5740539199214252,0.0019131980768125807
8816.0,146.93333333333334,替基液,0.6025677933074268,0.6025677933074268,0.9999999999999076,0.6714005270089262,1486.2885390781564,1199.21723246493,1384.4245270541085,0.12424849699393416,0.19024476682665103,0.27395046012361207,0.05331615641230936,0.0,0.5753097380233223,0.001911252404244142
8820.0,147.0,替基液,0.6037183918598251,0.6037183918598251,0.9999999999999163,0.6726720593904872,1490.918721442886,1203.8474148296596,1389.0547094188378,0.12424849699393416,0.1905644928494436,0.27360380298835046,0.05325051919513135,0.0,0.5765634637564964,0.001909303387332448
8824.0,147.06666666666666,替基液,0.6048689609199721,0.6048689609199721,0.9999999999999242,0.6739433370814519,1495.5489038076155,1203.8474148296596,1393.6848917835673,0.1262525050099654,0.19088427779531658,0.27766138472529345,0.054018510214905335,0.0,0.5778150750765264,0.0019073494331156298
8828.0,147.13333333333333,替基液,0.6060194884522284,0.6060194884522284,0.9999999999999315,0.6752143530652445,1495.5489038076155,1208.4775971943889,1393.6848917835673,0.12424849699393427,0.1912040693977053,0.27290143300929465,0.05311751617101612,0.0,0.579064586482117,0.0019053881802720198
8832.0,147.2,替基液,0.6071699624068544,0.6071699624068544,0.9999999999999379,0.6764851006058508,1500.1790861723448,1208.4775971943889,1398.3150741482968,0.1262525050099654,0.1915238123356653,0.2769420567705944,0.05388240623875451,0.0,0.5803120455086834,0.001903417572292986
8836.0,147.26666666666668,替基液,0.6083203713800076,0.6083203713800076,0.9999999999999439,0.6777555737842119,1504.8092685370743,1213.1077795591184,1402.9452565130262,0.1262525050099654,0.19184345098705174,0.2765786412614724,0.053813636978197965,0.0,0.5815575270012723,0.001901438900857261
8840.0,147.33333333333334,替基液,0.6094707053620952,0.6094707053620952,0.9999999999999493,0.6790257681435935,1504.8092685370743,1217.737961923848,1407.5754388777557,0.12424849699393416,0.19216293241806964,0.271828837266187,0.05291436995814325,0.0,0.5828011253440316,0.0018994510825956826
8844.0,147.4,替基液,0.6106209558147797,0.6106209558147797,0.999999999999954,0.6802956806095838,1509.4394509018039,1217.737961923848,1407.5754388777557,0.1262525050099654,0.192482208040843,0.27584599246422514,0.0536749823597642,0.0,0.5840429453836449,0.0018974566982943538
8848.0,147.46666666666667,替基液,0.6117711147773532,0.6117711147773532,0.9999999999999586,0.6815653083653194,1514.0696332665332,1222.3681442885772,1412.2056212424852,0.1262525050099654,0.19280123487296924,0.2754774438203918,0.053605226428575015,0.0,0.5852830925775508,0.001895459015196003
8852.0,147.53333333333333,替基液,0.6129211758459644,0.6129211758459644,0.999999999999962,0.6828346498570109,1518.6998156312627,1222.3681442885772,1416.8358036072145,0.1282565130259966,0.19311997625257518,0.2794746594330963,0.05436151287723623,0.0,0.5865216664946943,0.001893459172552101
8856.0,147.6,替基液,0.614071134844815,0.614071134844815,0.999999999999966,0.6841037054955813,1518.6998156312627,1226.9983266533068,1416.8358036072145,0.1262525050099654,0.19343840418402738,0.2747375389137086,0.05346516763848708,0.0,0.5877587561801867,0.0018914610027343645
8860.0,147.66666666666666,替基液,0.6152209877879686,0.6152209877879686,0.999999999999969,0.6853724753722871,1523.3299979959922,1231.6285090180363,1421.465985971944,0.1262525050099654,0.19375649498051448,0.27436669818276427,0.05339496230119989,0.0,0.5889944345638519,0.0018894680685551215
8864.0,147.73333333333332,替基液,0.6163707319696904,0.6163707319696904,0.9999999999999719,0.6866409604902287,1527.9601803607216,1231.6285090180363,1426.0961683366736,0.12825651302599653,0.19407423075704833,0.27834468907464166,0.054147780034915716,0.0,0.5902287580317608,0.001887480248214157
8868.0,147.8,替基液,0.6175203656569879,0.6175203656569879,0.9999999999999746,0.6879091624559583,1527.9601803607216,1236.2586913827656,1426.0961683366736,0.1262525050099654,0.19439159920078247,0.2736242361571696,0.053254388205619896,0.0,0.5914617664686859,0.0018855000206758831
8872.0,147.86666666666667,替基液,0.6186698862473804,0.6186698862473804,0.999999999999977,0.6891770814732902,1532.590362725451,1236.2586913827656,1430.726350701403,0.1282565130259966,0.1947085890703631,0.2775902015864178,0.05400504253268612,0.0,0.5926934825359486,0.001883530177495339
8876.0,147.93333333333334,替基液,0.6198192909937439,0.6198192909937439,0.9999999999999793,0.6904447172006896,1537.2205450901806,1240.8888737474952,1435.3565330661324,0.1282565130259966,0.19502519020346587,0.27721294572810196,0.05393366341197248,0.0,0.5939239147012124,0.0018815691303621718
8880.0,148.0,替基液,0.6209685776691591,0.6209685776691591,0.9999999999999812,0.6917120695440199,1537.2205450901806,1245.5190561122247,1435.3565330661324,0.1262525050099654,0.19534139444810425,0.2725101845345218,0.05304342000653539,0.0,0.5951530613024958,0.001879617825763475
8884.0,148.06666666666666,替基液,0.6221177437933328,0.6221177437933328,0.9999999999999827,0.6929791378412856,1541.85072745491,1245.5190561122247,1439.986715430862,0.12825651302599653,0.1956571938468099,0.2764586230349031,0.05379092478375258,0.0,0.5963809127791215,0.0018776764444584807
8888.0,148.13333333333333,替基液,0.6232667863814578,0.6232667863814578,0.9999999999999843,0.6942459206251606,1546.4809098196395,1250.149238476954,1444.6168977955913,0.1282565130259966,0.19597257995243217,0.27608161939679055,0.0537195772412038,0.0,0.5976074548057044,0.0018757439248427148
8892.0,148.2,替基液,0.6244157030874437,0.6244157030874437,0.9999999999999862,0.6955124169351931,1546.4809098196395,1250.149238476954,1449.2470801603208,0.1282565130259966,0.19628754439263774,0.2757047377510704,0.05364824740833862,0.0,0.5988326721422349,0.0018738188891984642
8896.0,148.26666666666668,替基液,0.625564490731481,0.625564490731481,0.9999999999999876,0.6967786247070311,1551.111092184369,1254.7794208416835,1449.2470801603208,0.1282565130259966,0.19660207784377243,0.27532800503989063,0.05357694038970695,0.0,0.6000565491558056,0.0018718992726147932
8900.0,148.33333333333334,替基液,0.6267131460500485,0.6267131460500485,0.9999999999999889,0.6980445416347155,1555.7412745490983,1259.409603206413,1453.8772625250504,0.12825651302599653,0.19691616984375038,0.2749514677197339,0.05350566498543563,0.0,0.6012790720088095,0.0018699863158288218
8904.0,148.4,替基液,0.6278616660871699,0.6278616660871699,0.9999999999999897,0.6993101656286203,1555.7412745490983,1259.409603206413,1458.5074448897797,0.12825651302599653,0.19722980986403713,0.2745751548170816,0.053434426698570014,0.0,0.6025002299890186,0.0018680778237861418
8908.0,148.46666666666667,替基液,0.629010047944887,0.629010047944887,0.9999999999999906,0.700575494553732,1560.3714569138278,1264.0397855711424,1458.5074448897797,0.1282565130259966,0.197542987374955,0.2741991276685623,0.05336323715100022,0.0,0.6037200155580495,0.0018661672956324967
8912.0,148.53333333333333,替基液,0.6301582890432785,0.6301582890432785,0.9999999999999913,0.7018405265316898,1560.3714569138278,1264.0397855711424,1463.1376272545092,0.1282565130259966,0.1978556914422236,0.273823445735771,0.053292107613081785,0.0,0.6049384250538848,0.0018642615817389884
8916.0,148.6,替基液,0.6313063869372376,0.6313063869372376,0.999999999999992,0.7031052597470198,1565.0016392785574,1268.669967935872,1467.7678096192387,0.1282565130259966,0.1981679102201004,0.27344817549751116,0.05322105068729255,0.0,0.6061554588533083,0.0018623563445845158
8920.0,148.66666666666666,替基液,0.6324543384928266,0.6324543384928266,0.9999999999999927,0.7043696915376111,1569.6318216432867,1268.669967935872,1467.7678096192387,0.13026052104202776,0.19847962940035613,0.2773401835194167,0.05395773818387006,0.0,0.6073711210180714,0.001860446441394975
8924.0,148.73333333333332,替基液,0.6336021403312715,0.6336021403312715,0.9999999999999937,0.7056338188986491,1569.6318216432867,1273.3001503006014,1472.397991983968,0.12825651302599653,0.19879083265692693,0.27269922417652437,0.05307922179631008,0.0,0.6085854208273733,0.0018585373337469773
8928.0,148.8,替基液,0.6347497895962142,0.6347497895962142,0.999999999999994,0.7068976393454203,1574.2620040080162,1277.9303326653308,1477.0281743486976,0.1282565130259966,0.19910150225086837,0.272325723110414,0.05300848397024149,0.0,0.6097983747186962,0.0018566243746917029
8932.0,148.86666666666667,替基液,0.635897282317132,0.635897282317132,0.9999999999999946,0.708161149095753,1578.8921863727458,1277.9303326653308,1477.0281743486976,0.13026052104202784,0.19941161705754687,0.27620230876618845,0.053742418163036265,0.0,0.6110100059317379,0.0018547089231412603
8936.0,148.93333333333334,替基液,0.637044614949145,0.637044614949145,0.999999999999995,0.7094243447908608,1578.8921863727458,1282.5605150300603,1481.658356713427,0.1282565130259966,0.19972115333988597,0.27158130863692315,0.05286748263599739,0.0,0.6122203481690415,0.0018527907575053664
8940.0,149.0,替基液,0.6381917822006141,0.6381917822006141,0.9999999999999956,0.7106872210778339,1583.522368737475,1282.5605150300603,1486.2885390781564,0.13026052104202776,0.2000300829585797,0.27544836778428694,0.05359972293085191,0.0,0.6134294450284901,0.0018508647706519733
8944.0,149.06666666666666,替基液,0.6393387785897798,0.6393387785897798,0.9999999999999959,0.7119497723482532,1588.1525511022046,1287.1906973947898,1490.918721442886,0.13026052104202776,0.20033837518511505,0.27507329134434905,0.05352872577861345,0.0,0.6146373531162371,0.0018489381357897753
8948.0,149.13333333333333,替基液,0.6404855991316488,0.6404855991316488,0.9999999999999962,0.7132119935061652,1588.1525511022046,1287.1906973947898,1490.918721442886,0.13026052104202776,0.2006459989600932,0.2746997730449047,0.05345801826942742,0.0,0.6158441439645349,0.001847006786772274
8952.0,149.2,替基液,0.6416322383548767,0.6416322383548767,0.9999999999999963,0.7144738788741148,1592.7827334669341,1291.8208797595191,1495.5489038076155,0.13026052104202784,0.20095292203425066,0.27432808862048574,0.05338765267174661,0.0,0.6170499026996454,0.0018450732080760564
8956.0,149.26666666666668,替基液,0.6427786909692308,0.6427786909692308,0.999999999999997,0.7157354229404062,1597.4129158316634,1296.4510621242487,1500.1790861723448,0.13026052104202776,0.20125911281112768,0.2739585025966926,0.05331767914695029,0.0,0.6182547275343517,0.0018431415880660693
8960.0,149.33333333333334,井浆快替1,0.644020318214079,0.644020318214079,0.999999999999997,0.7171015620888573,1597.4129158316634,1296.4510621242487,1500.1790861723448,0.13026052104202776,0.2015859268530451,0.27359351608001986,0.05324857136810346,0.0,0.6195588543016547,0.0018412076692738196
8964.0,149.4,井浆快替1,0.6452617358944842,0.6452617358944842,0.9999999999999969,0.7184673510995407,1602.043098196393,1301.0812444889782,1504.8092685370743,0.13026052104202776,0.20191186141213288,0.2706929837516442,0.05269919541010071,0.0,0.6208624056127242,0.0018390797384295304
8968.0,149.46666666666667,井浆快替1,0.6465029340815621,0.6465029340815621,0.9999999999999976,0.7198327636939114,1606.6732805611225,1305.7114268537075,1509.4394509018039,0.13026052104202784,0.2022368902652062,0.2685727269625373,0.05229740603400468,0.0,0.6221654033795674,0.0018369261875045377
8972.0,149.53333333333333,井浆快替1,0.6477439043927249,0.6477439043927249,0.9999999999999977,0.7211977868818477,1606.6732805611225,1305.7114268537075,1514.0696332665332,0.13026052104202784,0.2025609792964127,0.26711771739627704,0.05202158263534473,0.0,0.6234679193138849,0.0018347588949727005
8976.0,149.6,井浆快替1,0.6489846444714009,0.6489846444714009,0.9999999999999979,0.7225624144614695,1611.3034629258518,1310.341609218437,1514.0696332665332,0.13026052104202776,0.20288411578780205,0.26606290557418893,0.05182157377057084,0.0,0.6247700434534766,0.001832594392414951
8980.0,149.66666666666666,井浆快替1,0.6502251559217803,0.6502251559217803,0.9999999999999979,0.7239266458472096,1615.9336452905814,1310.341609218437,1518.6998156312627,0.132264529058059,0.20320630259318723,0.26933791939046076,0.052442429906369936,0.0,0.626071857878994,0.0018304377991842473
8984.0,149.73333333333332,井浆快替1,0.6514654421434962,0.6514654421434962,0.9999999999999982,0.7252904834001312,1615.9336452905814,1314.9717915831666,1523.3299979959922,0.13026052104202776,0.20352755286681604,0.26461037821725797,0.05154608273601191,0.0,0.6273734202923801,0.0018282994954440471
8988.0,149.8,井浆快替1,0.6527055077733276,0.6527055077733276,0.9999999999999983,0.7266539315621329,1620.563827655311,1319.6019739478959,1523.3299979959922,0.13026052104202784,0.20384788737216,0.2640678360276996,0.051443161899229706,0.0,0.6286747551947479,0.0018261885913764626
8992.0,149.86666666666667,井浆快替1,0.6539453560166404,0.6539453560166404,0.9999999999999983,0.7280169933889088,1620.563827655311,1319.6019739478959,1527.9601803607216,0.13026052104202784,0.204167327958729,0.2635947067837749,0.05135339965645647,0.0,0.6299758476828369,0.001824109552268162
8996.0,149.93333333333334,井浆快替1,0.6551849893347589,0.6551849893347589,0.9999999999999987,0.7293796708435495,1625.1940100200402,1324.2321563126254,1532.590362725451,0.13026052104202776,0.20448589773703293,0.26316863310830324,0.0512725575432893,0.0,0.631276645511335,0.0018220624182070857
9000.0,150.0,井浆快替1,0.6564244097156521,0.6564244097156521,0.9999999999999989,0.7307419650024611,1629.8241923847697,1324.2321563126254,1532.590362725451,0.132264529058059,0.2048036189495052,0.26681759704575314,0.05196467940459826,0.0,0.6325770643137899,0.0018200513363996415
9004.0,150.06666666666666,井浆快替1,0.6576636172535653,0.6576636172535653,0.9999999999999989,0.732103874573745,1629.8241923847697,1328.862338677355,1537.2205450901806,0.13026052104202776,0.20512051067172168,0.2624036701259221,0.05112739816464762,0.0,0.6338769949962624,0.0018180753834003299
9008.0,150.13333333333333,井浆快替1,0.6589026114363499,0.6589026114363499,0.9999999999999989,0.7334653974775466,1634.4543747494993,1333.4925210420843,1541.85072745491,0.13026052104202784,0.2054365879046298,0.2620482690420115,0.05105994969731309,0.0,0.6351763154998379,0.0018161294379188846
9012.0,150.2,井浆快替1,0.6601413906744668,0.6601413906744668,0.9999999999999989,0.7348265304170544,1639.0845571142286,1333.4925210420843,1541.85072745491,0.132264529058059,0.20575185979268026,0.2657303994540941,0.051758516647973485,0.0,0.6364749008719152,0.0018142093408436775
9016.0,150.26666666666668,井浆快替1,0.661379952115587,0.661379952115587,0.999999999999999,0.736187268774847,1639.0845571142286,1338.1227034068138,1546.4809098196395,0.13026052104202776,0.20606632733631977,0.2613682608349468,0.050930883516462244,0.0,0.6377726322714702,0.0018123153086940108
9020.0,150.33333333333334,井浆快替1,0.6626182925790428,0.6626182925790428,0.999999999999999,0.7375476078262125,1643.714739478958,1342.7528857715433,1551.111092184369,0.13026052104202776,0.20637998755627915,0.2610383757044482,0.05086826469291439,0.0,0.6390694051946387,0.0018104377271836005
9024.0,150.4,井浆快替1,0.6638564088783164,0.6638564088783164,0.9999999999999992,0.7389075432156307,1648.3449218436876,1342.7528857715433,1551.111092184369,0.132264529058059,0.2066928334225237,0.2647240885367804,0.05156765229033977,0.0,0.6403651343345477,0.001808573479214887
9028.0,150.46666666666667,井浆快替1,0.6650942978924315,0.6650942978924315,0.9999999999999992,0.7402670710171446,1652.975104208417,1347.3830681362726,1555.7412745490983,0.132264529058059,0.2070048561035844,0.26439752915583176,0.051505706371391735,0.0,0.6416597557991887,0.001806722912405518
9032.0,150.53333333333333,井浆快替1,0.6663319558175802,0.6663319558175802,0.9999999999999992,0.7416261867961762,1652.975104208417,1347.3830681362726,1560.3714569138278,0.132264529058059,0.20731604368800635,0.2640740314116889,0.05144433723327113,0.0,0.6429532261449035,0.0018048788151519396
9036.0,150.6,井浆快替1,0.6675693799307942,0.6675693799307942,0.9999999999999992,0.742984887446301,1657.6052865731465,1352.0132505010022,1560.3714569138278,0.132264529058059,0.20762638584972773,0.2637532431098254,0.05138347816894795,0.0,0.6442455226594773,0.0018030401433588182
9040.0,150.66666666666666,井浆快替1,0.6688065667530642,0.6688065667530642,0.9999999999999992,0.7443431690612249,1662.235468937876,1356.6434328657317,1565.0016392785574,0.132264529058059,0.20793586872676822,0.263434929636616,0.05132308476260339,0.0,0.6455366380129133,0.0018012079703067794
9044.0,150.73333333333332,井浆快替1,0.6700435130364505,0.6700435130364505,0.9999999999999992,0.7457010280136273,1662.235468937876,1356.6434328657317,1569.6318216432867,0.132264529058059,0.20824447847999122,0.2631189610391499,0.05126313244544711,0.0,0.6468265777785814,0.0017993789374522403
9048.0,150.8,井浆快替1,0.6712802159576408,0.6712802159576408,0.9999999999999992,0.7470584612012502,1666.8656513026053,1361.273615230461,1569.6318216432867,0.132264529058059,0.20855220192516577,0.26280531835996246,0.05120361770423365,0.0,0.6481153573247859,0.0017975553320233218
9052.0,150.86666666666667,井浆快替1,0.6725166724855276,0.6725166724855276,0.9999999999999992,0.7484154653541415,1671.4958336673349,1365.9037975951906,1574.2620040080162,0.132264529058059,0.20885902602782488,0.26249400248606336,0.05114454079011321,0.0,0.6494029981419106,0.0017957362935189624
9056.0,150.93333333333334,井浆快替1,0.6737528792354676,0.6737528792354676,0.9999999999999992,0.7497720368332162,1671.4958336673349,1365.9037975951906,1578.8921863727458,0.132264529058059,0.2091649387164983,0.26218500597987227,0.051085900373808335,0.0,0.6506895258284997,0.0017939228913833784
9060.0,151.0,井浆快替1,0.674988833226785,0.674988833226785,0.9999999999999992,0.7511281724613097,1676.1260160320644,1370.53397995992,1578.8921863727458,0.132264529058059,0.20946992745881604,0.2618783678729203,0.05102770394466838,0.0,0.6519749696089929,0.0017921177881595944
9064.0,151.06666666666666,井浆快替1,0.6762245324026124,0.6762245324026124,0.9999999999999992,0.7524838700125139,1680.7561983967937,1370.53397995992,1583.522368737475,0.13426853707409012,0.20977398012095255,0.2655373840822111,0.051721910904922175,0.0,0.6532593623174456,0.0017903192482658593
9068.0,151.13333333333333,井浆快替1,0.6774599745815797,0.6774599745815797,0.9999999999999992,0.7538391270243621,1680.7561983967937,1375.1641623246494,1583.522368737475,0.132264529058059,0.21007708519960452,0.26127231959121794,0.05091267236745867,0.0,0.6545427391806159,0.0017885303563573022
9072.0,151.2,井浆快替1,0.6786951573296741,0.6786951573296741,0.9999999999999992,0.7551939406022503,1685.3863807615232,1379.794344689379,1588.1525511022046,0.132264529058059,0.21037923022777508,0.26097294193845116,0.050855843558864744,0.0,0.6558251375597696,0.001786751948450084
9076.0,151.26666666666668,井浆快替1,0.67993007937136,0.67993007937136,0.9999999999999992,0.7565483089221692,1690.0165631262528,1379.794344689379,1592.7827334669341,0.1342685370740902,0.21068040473770547,0.2646257002429154,0.05154898917860962,0.0,0.657106597897124,0.00178498328803456
9080.0,151.33333333333334,井浆快替1,0.6811647395194821,0.6811647395194821,0.9999999999999992,0.7579022299934808,1690.0165631262528,1384.4245270541085,1592.7827334669341,0.132264529058059,0.21098059981873796,0.26038166822346637,0.05074359612381274,0.0,0.658387161708096,0.0017832299666507203
9084.0,151.4,井浆快替1,0.6823991364910181,0.6823991364910181,0.9999999999999992,0.7592557014478415,1694.646745490982,1389.0547094188378,1597.4129158316634,0.132264529058059,0.21127980768514298,0.26008977067193745,0.05068817738215603,0.0,0.6596668702243894,0.001781488406599113
9088.0,151.46666666666667,井浆快替1,0.6836332693923277,0.6836332693923277,0.9999999999999993,0.760608721106862,1699.2769278557116,1389.0547094188378,1602.043098196393,0.1342685370740902,0.21157802361083883,0.2637367732102348,0.05138035344002867,0.0,0.6609457635577282,0.0017797615632109483
9092.0,151.53333333333333,井浆快替1,0.6848671370174709,0.6848671370174709,0.9999999999999993,0.7619612862405968,1703.9071102204412,1393.6848917835673,1602.043098196393,0.1342685370740902,0.2118752457381865,0.2634455361322572,0.05132509718798217,0.0,0.6622238780648009,0.001778053587825266
9096.0,151.6,井浆快替1,0.6861007382799426,0.6861007382799426,0.9999999999999993,0.7633133941149282,1703.9071102204412,1398.3150741482968,1606.6732805611225,0.132264529058059,0.2121714735488112,0.25922906776790616,0.05052474822765307,0.0,0.6635012449344702,0.0017763601020530679
9100.0,151.66666666666666,井浆快替1,0.687334072158591,0.687334072158591,0.9999999999999993,0.7646650418884446,1708.5372925851705,1398.3150741482968,1611.3034629258518,0.13426853707409012,0.2124667085022487,0.2628704781968223,0.05121598230716262,0.0,0.6647778888735235,0.0017746860878178328
9104.0,151.73333333333332,井浆快替1,0.688567137657326,0.688567137657326,0.9999999999999993,0.7660162265946086,1713.1674749499,1402.9452565130262,1611.3034629258518,0.1342685370740902,0.21276095260643826,0.262586542127742,0.05116210197644222,0.0,0.6660538267939761,0.0017730319051931474
9108.0,151.8,井浆快替1,0.6897999340944807,0.6897999340944807,0.9999999999999996,0.7673669454964909,1713.1674749499,1407.5754388777557,1615.9336452905814,0.132264529058059,0.2130542087331643,0.25838988401034485,0.050365378012038886,0.0,0.667329067867161,0.001771395694018528
9112.0,151.86666666666667,井浆快替1,0.6910324599026981,0.6910324599026981,0.9999999999999996,0.7687171947312661,1717.7976573146295,1407.5754388777557,1615.9336452905814,0.1342685370740902,0.21334647868227571,0.2620254129417444,0.051055611873611184,0.0,0.6686036133113819,0.001769780288465909
9116.0,151.93333333333334,井浆快替1,0.6922647141484082,0.6922647141484082,0.9999999999999996,0.77006697098235,1722.4278396793588,1412.2056212424852,1620.563827655311,0.13426853707409012,0.2136377642556451,0.26174805542346635,0.05100297104149665,0.0,0.6698774596382162,0.0017681835520000479
9120.0,152.0,井浆快替1,0.6934966951921845,0.6934966951921845,0.9999999999999996,0.7714162699703643,1722.4278396793588,1416.8358036072145,1625.1940100200402,0.132264529058059,0.21392806483617918,0.25757012868537216,0.05020967164064427,0.0,0.6711505996110688,0.00176660656866105
9124.0,152.06666666666666,井浆快替1,0.6947284012561943,0.6947284012561943,0.9999999999999993,0.7727650870737521,1727.0580220440884,1416.8358036072145,1625.1940100200402,0.1342685370740902,0.2142173765411063,0.2611992993430786,0.05089881174781441,0.0,0.6724230255408835,0.001765047981779346
9128.0,152.13333333333333,井浆快替1,0.6959598311324201,0.6959598311324201,0.9999999999999993,0.7741134180959718,1731.688204408818,1421.465985971944,1629.8241923847697,0.1342685370740902,0.21450569448356746,0.2609278280854718,0.05084727961024349,0.0,0.6736947327333052,0.001763505292552097
9132.0,152.2,井浆快替1,0.6971909839212397,0.6971909839212397,0.9999999999999993,0.7754612589536016,1731.688204408818,1426.0961683366736,1629.8241923847697,0.132264529058059,0.21479301090082747,0.25676783632855166,0.05005725750869705,0.0,0.674965721211862,0.0017619816726220708
9136.0,152.26666666666668,井浆快替1,0.6984218580795196,0.6984218580795196,0.9999999999999993,0.7768086045869652,1736.3183867735472,1426.0961683366736,1634.4543747494993,0.13426853707409012,0.21507931429856783,0.2603906108096895,0.05074529388374238,0.0,0.6762359965483908,0.0017604723144082285
9140.0,152.33333333333334,井浆快替1,0.6996524524813728,0.6996524524813728,0.9999999999999993,0.7781554501591796,1740.9485691382768,1430.726350701403,1639.0845571142286,0.1342685370740902,0.21536459378019537,0.2601249804473796,0.05069486236983811,0.0,0.6775055720687719,0.0017589772114542748
9144.0,152.4,井浆快替1,0.7008827659108834,0.7008827659108834,0.9999999999999993,0.7795017903638518,1740.9485691382768,1435.3565330661324,1639.0845571142286,0.132264529058059,0.21564883658900744,0.2559828932869648,0.049908115613089166,0.0,0.6787744680444918,0.001757501900818673
9148.0,152.46666666666667,井浆快替1,0.702112796349121,0.702112796349121,0.9999999999999993,0.7808476186267729,1745.5787515030063,1435.3565330661324,1643.714739478958,0.1342685370740902,0.21593202957296143,0.25960003638048174,0.050595190717790506,0.0,0.6800427101566006,0.0017560377881753794
9152.0,152.53333333333333,井浆快替1,0.7033425419954975,0.7033425419954975,0.9999999999999993,0.7821929282900965,1750.2089338677356,1439.986715430862,1648.3449218436876,0.13426853707409012,0.21621416046823635,0.259340977134565,0.05054599902465273,0.0,0.6813103286830259,0.0017545893836519594
9156.0,152.6,井浆快替1,0.7045720008991734,0.7045720008991734,0.9999999999999993,0.7835377121711052,1750.2089338677356,1444.6168977955913,1648.3449218436876,0.132264529058059,0.21649521726523224,0.2552174126400298,0.04976264908813066,0.0,0.682577355350208,0.0017531615178424573
9160.0,152.66666666666666,井浆快替1,0.7058011716232528,0.7058011716232528,0.9999999999999993,0.7848819632709845,1754.8391162324651,1444.6168977955913,1652.975104208417,0.1342685370740902,0.2167751915205793,0.2588302369474811,0.05044900920826023,0.0,0.683843821328455,0.0017517469441213087
9164.0,152.73333333333332,井浆快替1,0.7070300523058197,0.7070300523058197,0.9999999999999993,0.7862256736919596,1759.4692985971947,1449.2470801603208,1657.6052865731465,0.1342685370740902,0.2170540746661443,0.25857877287530995,0.0504012524155828,0.0,0.6851097539566918,0.0017503510506187575
9168.0,152.8,井浆快替1,0.7082586412419134,0.7082586412419134,0.9999999999999993,0.787568835264132,1764.099480961924,1453.8772625250504,1657.6052865731465,0.13426853707409012,0.21733186175929836,0.2583300089737436,0.05035400606239948,0.0,0.6863751753738284,0.0017489773639387497
9172.0,152.86666666666667,井浆快替1,0.7094869371066759,0.7094869371066759,0.9999999999999993,0.7889114397843463,1764.099480961924,1453.8772625250504,1662.235468937876,0.13426853707409012,0.21760855064229542,0.2580839657801891,0.05030727412598257,0.0,0.6876401014593579,0.0017476217884128762
9176.0,152.93333333333334,井浆快替1,0.7107149381283626,0.7107149381283626,0.9999999999999993,0.7902534780895661,1768.7296633266535,1458.5074448897797,1666.8656513026053,0.1342685370740902,0.21788413925873693,0.2578406599851703,0.050261059852833134,0.0,0.6889045404647061,0.0017462867894454668
9180.0,153.0,井浆快替1,0.7119426429992183,0.7119426429992183,0.9999999999999993,0.7915949410495351,1773.359845691383,1463.1376272545092,1666.8656513026053,0.1342685370740902,0.21815862758053253,0.25760008566233217,0.05021536219299383,0.0,0.6901684940271166,0.0017449751888502093
9184.0,153.06666666666666,井浆快替1,0.7131700504943149,0.7131700504943149,0.9999999999999993,0.79293581911031,1773.359845691383,1467.7678096192387,1671.4958336673349,0.132264529058059,0.21843201590844424,0.25352095243559203,0.04944018641659664,0.0,0.6914319570328642,0.0017436868395198405
9188.0,153.13333333333333,井浆快替1,0.7143971598998149,0.7143971598998149,0.9999999999999993,0.7942761027051387,1777.9900280561124,1467.7678096192387,1676.1260160320644,0.13426853707409012,0.2187043057904513,0.25712688103483916,0.05012546944214791,0.0,0.6926949186549236,0.0017424178533268595
9192.0,153.2,井浆快替1,0.7156239700569771,0.7156239700569771,0.9999999999999993,0.7956157812105182,1782.6202104208419,1472.397991983968,1676.1260160320644,0.1342685370740902,0.218975497773033,0.256894154720498,0.05008125625348203,0.0,0.6939573626013783,0.0017411720408968708
9196.0,153.26666666666668,井浆快替1,0.7168504804785548,0.7168504804785548,0.9999999999999993,0.796954844046691,1782.6202104208419,1477.0281743486976,1680.7561983967937,0.132264529058059,0.21924559531058938,0.2528330864751506,0.04930940587302901,0.0,0.6952192688424089,0.0017399508984365802
9200.0,153.33333333333334,井浆快替1,0.7180766911260169,0.7180766911260169,0.9999999999999993,0.7982932804820505,1787.2503927855714,1477.0281743486976,1680.7561983967937,0.1342685370740902,0.2195146023208397,0.25643600571059716,0.04999421139920479,0.0,0.6964806140838844,0.001738748501752789
9204.0,153.4,井浆快替1,0.7193026025270474,0.7193026025270474,0.9999999999999993,0.7996310798626804,1791.880575150301,1481.658356713427,1685.3863807615232,0.1342685370740902,0.2197825231590319,0.2562104518608325,0.049951354939984594,0.0,0.6977413724204524,0.0017375672352020557
9208.0,153.46666666666667,井浆快替1,0.7205282144320581,0.7205282144320581,0.9999999999999993,0.8009682301470786,1791.880575150301,1486.2885390781564,1690.0165631262528,0.13226452905805908,0.22004936223486274,0.25216641186133903,0.0491826371649301,0.0,0.6990015139369246,0.0017364089252151832
9212.0,153.53333333333333,井浆快替1,0.7217535274547198,0.7217535274547198,0.9999999999999993,0.8023047197071476,1796.5107575150303,1486.2885390781564,1690.0165631262528,0.1342685370740902,0.22031512542048856,0.2557659105760422,0.049866884015901225,0.0,0.7002610061030223,0.0017352669206227944
9216.0,153.6,井浆快替1,0.7229785416140079,0.7229785416140079,0.9999999999999993,0.803640535750632,1801.1409398797598,1490.918721442886,1694.646745490982,0.1342685370740902,0.22057981836654184,0.25554677463422837,0.04982524144032552,0.0,0.7015198123831728,0.0017341445196981861
9220.0,153.66666666666666,井浆快替1,0.7242032562977145,0.7242032562977145,0.9999999999999993,0.8049756642986043,1801.1409398797598,1495.5489038076155,1699.2769278557116,0.132264529058059,0.220843445231831,0.2515187214945509,0.04905946213787782,0.0,0.702777892291079,0.0017330415542335107
9224.0,153.73333333333332,井浆快替1,0.7254276714654282,0.7254276714654282,0.9999999999999993,0.8063100915251725,1805.7711222444893,1495.5489038076155,1699.2769278557116,0.1342685370740902,0.22110601223019602,0.25511432045593463,0.04974305647736399,0.0,0.7040352029860574,0.0017319546207288355
9228.0,153.8,井浆快替1,0.726651786104783,0.726651786104783,0.9999999999999993,0.8076438019801572,1810.4013046092186,1500.1790861723448,1703.9071102204412,0.1342685370740902,0.2213675226058163,0.25490082200518743,0.04970247993401644,0.0,0.7052916986939052,0.0017308825477617073
9232.0,153.86666666666667,井浆快替1,0.7278755985315304,0.7278755985315304,0.9999999999999993,0.8089767789103237,1810.4013046092186,1504.8092685370743,1708.5372925851705,0.132264529058059,0.2216279781744812,0.2508877233209271,0.048939446216531235,0.0,0.7065473324732173,0.0017298245780248216
9236.0,153.93333333333334,井浆快替1,0.729099107335709,0.729099107335709,0.9999999999999993,0.8103090052246548,1815.0314869739482,1504.8092685370743,1708.5372925851705,0.1342685370740902,0.2218873811641961,0.254478914617843,0.049622289041972856,0.0,0.7078020581962609,0.0017287819967091067
9240.0,154.0,井浆快替1,0.730322310346576,0.730322310346576,0.9999999999999993,0.8116404621734581,1819.6616693386777,1509.4394509018039,1713.1674749499,0.1342685370740902,0.22214573132549395,0.2542703535087945,0.049582645849293394,0.0,0.7090558305253469,0.0017277487877936355
9244.0,154.06666666666666,井浆快替1,0.7315452050532407,0.7315452050532407,0.9999999999999993,0.812971129852878,1819.6616693386777,1509.4394509018039,1717.7976573146295,0.1342685370740902,0.2224030279329789,0.25406335457194357,0.049543297958427046,0.0,0.7103086064601741,0.001726724007009253
9248.0,154.13333333333333,井浆快替1,0.7327677895735374,0.7327677895735374,0.9999999999999993,0.8143009881649799,1824.291851703407,1514.0696332665332,1717.7976573146295,0.1342685370740902,0.22265926912105768,0.2538578602363087,0.0495042344619927,0.0,0.7115603464488206,0.0017257122307312077
9252.0,154.2,井浆快替1,0.7339900621433041,0.7339900621433041,0.9999999999999993,0.8156300161733605,1828.9220340681366,1518.6998156312627,1722.4278396793588,0.1342685370740902,0.22291445345417554,0.2536538602933561,0.049465453454476394,0.0,0.712811014231685,0.0017247050406091475
9256.0,154.26666666666668,井浆快替1,0.735212021316966,0.735212021316966,0.9999999999999993,0.8169581922254179,1833.552216432866,1518.6998156312627,1722.4278396793588,0.13627254509012143,0.22316857829775838,0.25723423307012105,0.05014586341603722,0.0,0.7140605775841524,0.001723702461315255
9260.0,154.33333333333334,井浆快替1,0.7364336659378637,0.7364336659378637,0.9999999999999993,0.8182854938313493,1833.552216432866,1523.3299979959922,1727.0580220440884,0.1342685370740902,0.22342164108455706,0.2532503935699157,0.04938874854792796,0.0,0.7153090084727681,0.001722710391756234
9264.0,154.4,井浆快替1,0.7376549950195257,0.7376549950195257,0.9999999999999993,0.8196118975111492,1838.1823987975954,1527.9601803607216,1731.688204408818,0.1342685370740902,0.22367364061886189,0.2530509285758489,0.04935082505796595,0.0,0.7165562834917615,0.0017217192016603378
9268.0,154.46666666666667,井浆快替1,0.7388760074505842,0.7388760074505842,0.9999999999999993,0.820937378389885,1842.812581162325,1527.9601803607216,1731.688204408818,0.13627254509012143,0.2239245729594631,0.2566269452116866,0.050030489432770886,0.0,0.717802384459763,0.0017207307724351527
9272.0,154.53333333333333,井浆快替1,0.740096702112582,0.740096702112582,0.9999999999999993,0.8222619103696991,1842.812581162325,1532.590362725451,1736.3183867735472,0.1342685370740902,0.2241744346769741,0.25265669042633204,0.04927586566850595,0.0,0.7190472992044316,0.0017197503819216507
9276.0,154.6,井浆快替1,0.7413170779990309,0.7413170779990309,0.9999999999999993,0.8235854660819241,1847.4427635270545,1532.590362725451,1740.9485691382768,0.13627254509012143,0.22442322217095975,0.2562300635419853,0.049955081342897834,0.0,0.7202910225436813,0.001718768911408599
9280.0,154.66666666666666,井浆快替1,0.7425371335902259,0.7425371335902259,0.9999999999999993,0.8249080161235086,1852.0729458917838,1537.2205450901806,1740.9485691382768,0.13627254509012135,0.22467092892443713,0.25603413330022295,0.04991785210734978,0.0,0.7215335567721091,0.0017177895382206973
9284.0,154.73333333333332,井浆快替1,0.7437568672150937,0.7437568672150937,0.9999999999999993,0.8262295295435749,1852.0729458917838,1541.85072745491,1745.5787515030063,0.1342685370740902,0.22491754871220163,0.25207760334086254,0.04916574887830083,0.0,0.7227749127596428,0.0017168162607625085
9288.0,154.8,井浆快替1,0.7449762770716695,0.7449762770716695,0.9999999999999993,0.8275499736648415,1856.7031282565133,1541.85072745491,1750.2089338677356,0.13627254509012143,0.2251630747773268,0.25564758243857,0.04984439825343945,0.0,0.7240151107620635,0.0017158411861907929
9292.0,154.86666666666667,井浆快替1,0.7461953609673201,0.7461953609673201,0.9999999999999993,0.8288693138242106,1861.3333106212428,1546.4809098196395,1750.2089338677356,0.13627254509012143,0.22540749841609564,0.2554571002759671,0.04980820002516617,0.0,0.7252541809436925,0.001714868987429996
9296.0,154.93333333333334,井浆快替1,0.7474141164144136,0.7474141164144136,0.9999999999999993,0.8301875134688483,1861.3333106212428,1546.4809098196395,1754.8391162324651,0.13627254509012143,0.2256508092435682,0.2552686020853853,0.0497723774629214,0.0,0.7264921639328328,0.0017139014110046085
9300.0,155.0,井浆快替1,0.7486325412900348,0.7486325412900348,0.9999999999999993,0.8315045346868971,1865.9634929859722,1551.111092184369,1759.4692985971947,0.13627254509012135,0.22589299723899015,0.2550821640778383,0.0497369450933991,0.0,0.7277291119959389,0.0017129329426153995
9304.0,155.06666666666666,井浆快替1,0.7498506323787703,0.7498506323787703,0.9999999999999993,0.8328203367549225,1870.5936753507017,1555.7412745490983,1759.4692985971947,0.13627254509012143,0.2261340473738189,0.25489791279989654,0.04970192701174092,0.0,0.7289650881140066,0.0017119695384646238
9308.0,155.13333333333333,井浆快替1,0.7510683859007266,0.7510683859007266,0.9999999999999993,0.8341348763709806,1870.5936753507017,1555.7412745490983,1764.099480961924,0.13627254509012143,0.22637394274566963,0.25471597762369774,0.049667347853158184,0.0,0.7302001669833659,0.001711012113894985
9312.0,155.2,井浆快替1,0.7522857985772232,0.7522857985772232,0.9999999999999993,0.8354481088574153,1875.2238577154312,1560.3714569138278,1768.7296633266535,0.13627254509012143,0.22661266501908445,0.2545364681101436,0.04963322849026652,0.0,0.7314344364424762,0.0017100561720353753
9316.0,155.26666666666668,井浆快替1,0.7535028663762505,0.7535028663762505,0.9999999999999993,0.8367599866613032,1879.8540400801605,1560.3714569138278,1768.7296633266535,0.13827655310615258,0.22685019198824288,0.25810014711790397,0.05031034758075381,0.0,0.732667996910208,0.0017091089479497072
9320.0,155.33333333333334,井浆快替1,0.7547195843577467,0.7547195843577467,0.9999999999999993,0.8380704589764449,1879.8540400801605,1565.0016392785574,1773.359845691383,0.13627254509012135,0.22708649699484715,0.2541854452470393,0.049566506055157,0.0,0.7339009619423741,0.0017081719961827087
9324.0,155.4,井浆快替1,0.7559359476275611,0.7559359476275611,0.9999999999999993,0.8393794726888439,1884.48422244489,1569.6318216432867,1773.359845691383,0.13627254509012143,0.2273215525940123,0.2540142780212337,0.04953396888533623,0.0,0.7351334592288493,0.0017072418641962783
9328.0,155.46666666666667,井浆快替1,0.7571519518164626,0.7571519518164626,0.9999999999999993,0.8406869725639693,1889.1144048096196,1569.6318216432867,1777.9900280561124,0.13827655310615267,0.22755533052264396,0.2575793525892277,0.050211423793962484,0.0,0.7363656308338392,0.0017063250444077703
9332.0,155.53333333333333,井浆中替1,0.7581808081079324,0.7581808081079324,0.9999999999999993,0.8417922068054416,1889.1144048096196,1574.2620040080162,1782.6202104208419,0.13627254509012143,0.22775889614059544,0.2536791207425383,0.04947025562826768,0.0,0.7374084525833332,0.0017054267734241473
9336.0,155.6,井浆中替1,0.7592092622879255,0.7592092622879255,0.9999999999999993,0.8428959972094517,1893.744587174349,1574.2620040080162,1782.6202104208419,0.13827655310615258,0.2279610311115047,0.2621234388451632,0.051074215917430776,0.0,0.7384507388685015,0.0017047420648025444
9340.0,155.66666666666666,井浆中替1,0.7602373448908334,0.7602373448908334,0.9999999999999993,0.8439983888862692,1898.3747695390784,1578.8921863727458,1787.2503927855714,0.13827655310615258,0.2281618000154989,0.26501836034331855,0.05162347002783296,0.0,0.7394928046890147,0.0017040957180747044
9344.0,155.73333333333332,井浆中替1,0.7612650860126995,0.7612650860126995,0.9999999999999993,0.8450993934942488,1898.3747695390784,1578.8921863727458,1787.2503927855714,0.13827655310615258,0.22836129081360682,0.26674488150475384,0.05195089192409741,0.0,0.7405348824892326,0.001703489028153379
9348.0,155.8,井浆中替1,0.7622925089610211,0.7622925089610211,0.9999999999999993,0.8461990019844672,1903.004951903808,1583.522368737475,1791.880575150301,0.13827655310615267,0.22855957692812884,0.26777672694960597,0.05214651976836604,0.0,0.7415771499826284,0.001702916282263911
9352.0,155.86666666666667,井浆中替1,0.763319630482552,0.763319630482552,0.9999999999999993,0.8472971918607957,1903.004951903808,1583.522368737475,1791.880575150301,0.13827655310615267,0.2287567108105514,0.2683852876131393,0.0522618780165468,0.0,0.742619747585006,0.0017023752434322833
9356.0,155.93333333333334,井浆中替1,0.7643464620274536,0.7643464620274536,0.9999999999999993,0.8483939310714768,1907.6351342685373,1588.1525511022046,1796.5107575150303,0.13827655310615258,0.22895272873663028,0.2687304301710069,0.05232729671056524,0.0,0.7436627871872269,0.0017018692644772877
9360.0,156.0,井浆中替1,0.7653730111670457,0.7653730111670457,0.9999999999999993,0.849489179910174,1907.6351342685373,1588.1525511022046,1796.5107575150303,0.13827655310615258,0.22914765552166455,0.26890882307379443,0.052361107724283706,0.0,0.7447063570048822,0.0017013976865311508
9364.0,156.06666666666666,井浆中替1,0.7663992838478016,0.7663992838478016,0.9999999999999993,0.8505828933311519,1912.2653166332668,1588.1525511022046,1801.1409398797598,0.1402805611221838,0.22934151158914043,0.2728785840464443,0.05311318910458995,0.0,0.7457505249296442,0.0017009582777025819
9368.0,156.13333333333333,井浆中替1,0.7674252833212307,0.7674252833212307,0.9999999999999993,0.8516750201483841,1912.2653166332668,1592.7827334669341,1801.1409398797598,0.13827655310615258,0.22953431141120476,0.26898275719067183,0.05237512018960733,0.0,0.7467953374942283,0.0017005548800422244
9372.0,156.2,井浆中替1,0.7684510130862297,0.7684510130862297,0.9999999999999993,0.8527655063586209,1916.8954989979964,1592.7827334669341,1805.7711222444893,0.1402805611221838,0.22972607015053723,0.2728381167524891,0.05310552548419356,0.0,0.7478408232514869,0.001700183917424879
9376.0,156.26666666666668,井浆中替1,0.7694764749534888,0.7694764749534888,0.9999999999999993,0.8538542928236037,1921.5256813627257,1597.4129158316634,1810.4013046092186,0.1402805611221838,0.22991679957176436,0.272765833384026,0.053091836440805396,0.0,0.7488869907081931,0.0016998479107164677
9380.0,156.33333333333334,井浆中替1,0.770501670563139,0.770501670563139,0.9999999999999993,0.8549413164210443,1921.5256813627257,1597.4129158316634,1810.4013046092186,0.1402805611221838,0.23010651162715795,0.27267474699806493,0.053074586195188456,0.0,0.7499338305127097,0.0016995511075887202
9384.0,156.4,井浆中替1,0.7715266011777802,0.7715266011777802,0.9999999999999993,0.8560265090356034,1926.1558637274552,1602.043098196393,1815.0314869739482,0.1402805611221838,0.23029521790878515,0.27257184764236253,0.05305509839166522,0.0,0.7509813162293169,0.0016992868832482572
9388.0,156.46666666666667,井浆中替1,0.7725512663745654,0.7725512663745654,0.9999999999999993,0.8571097951810157,1926.1558637274552,1602.043098196393,1815.0314869739482,0.1402805611221838,0.23048292695690564,0.2724617676788934,0.053034250230134306,0.0,0.7520294041096973,0.0016990598276218644
9392.0,156.53333333333333,井浆中替1,0.7735756663507432,0.7735756663507432,0.9999999999999993,0.8581910936791,1930.7860460921847,1606.6732805611225,1819.6616693386777,0.1402805611221838,0.23066964929311337,0.2723475602774216,0.05301261988358785,0.0,0.7530780373115753,0.0016988658372987264
9396.0,156.6,井浆中替1,0.7745998007378297,0.7745998007378297,0.9999999999999993,0.8592703152138593,1930.7860460921847,1606.6732805611225,1819.6616693386777,0.1402805611221838,0.23085539522068005,0.27223125968903156,0.052990592589509,0.0,0.75412714608098,0.0016987045556541738
9400.0,156.66666666666666,井浆中替1,0.7756236687029173,0.7756236687029173,0.9999999999999993,0.8603473613625624,1935.416228456914,1611.3034629258518,1824.291851703407,0.1402805611221838,0.23104017374340705,0.27211417673349125,0.05296841659779816,0.0,0.7551766494684017,0.0016985769701066736
9404.0,156.73333333333332,井浆中替1,0.7766472701462386,0.7766472701462386,0.9999999999999993,0.8614221247288731,1935.416228456914,1611.3034629258518,1824.291851703407,0.1402805611221838,0.23122399568834887,0.27199716252112605,0.05294625310749146,0.0,0.75622645823018,0.0016984777744970436
9408.0,156.8,井浆中替1,0.7776706044469167,0.7776706044469167,0.9999999999999993,0.8624944863770333,1940.0464108216436,1615.9336452905814,1828.9220340681366,0.1402805611221838,0.23140686971475932,0.27188074547407715,0.05292420221066052,0.0,0.7572764745296381,0.0016984061920891367
9412.0,156.86666666666667,井浆中替1,0.7786936708654799,0.7786936708654799,0.9999999999999993,0.8635643151426428,1944.676593186373,1615.9336452905814,1828.9220340681366,0.14228456913821502,0.23158880503209567,0.2756475769129357,0.05363742849462727,0.0,0.7583265941561143,0.0016983607875000922
9416.0,156.93333333333334,井浆中替1,0.7797164688035896,0.7797164688035896,0.9999999999999993,0.8646314667837428,1944.676593186373,1620.563827655311,1833.552216432866,0.1402805611221838,0.23176980951965387,0.27165073922806926,0.052880634538797655,0.0,0.7593767081567583,0.0016983372376383147
9420.0,157.0,井浆中替1,0.7807389972280036,0.7807389972280036,0.9999999999999993,0.8656957820900225,1949.3067755511024,1620.563827655311,1838.1823987975954,0.14228456913821494,0.2319498896923896,0.27541647032112915,0.053593685357999576,0.0,0.7604267043507785,0.0016983305832394937
9424.0,157.06666666666666,井浆中替1,0.7817612549470438,0.7817612549470438,0.9999999999999993,0.866757085858939,1949.3067755511024,1620.563827655311,1838.1823987975954,0.14228456913821494,0.2321290501064566,0.2753025797134655,0.053572127754425325,0.0,0.7614764706145579,0.001698342195540881
9428.0,157.13333333333333,井浆中替1,0.7827832396061477,0.7827832396061477,0.9999999999999993,0.8678151841667954,1953.936957915832,1625.1940100200402,1842.812581162325,0.14228456913821502,0.23230729197851122,0.27518973391053014,0.053550767430751156,0.0,0.7625258970933081,0.0016983613731166624
9432.0,157.2,井浆中替1,0.783804947998954,0.783804947998954,0.9999999999999993,0.868869862893182,1958.5671402805615,1625.1940100200402,1842.812581162325,0.14428857715424626,0.2324846120800447,0.27895221417188865,0.05426269884555124,0.0,0.763574880674608,0.0016983934917305216
9436.0,157.26666666666668,井浆中替1,0.7848263754197331,0.7848263754197331,0.9999999999999993,0.8699208851504906,1958.5671402805615,1629.8241923847697,1847.4427635270545,0.14228456913821502,0.23266100145955868,0.2749669385923445,0.053508593599561616,0.0,0.7646233287969049,0.0016984289434119268
9440.0,157.33333333333334,井浆中替1,0.7858475156913639,0.7858475156913639,0.9999999999999993,0.8709679889952859,1963.1973226452908,1629.8241923847697,1847.4427635270545,0.14428857715424617,0.23283644557058114,0.27872812320234974,0.054220311657950826,0.0,0.7656711636249255,0.0016984653969648051
9444.0,157.4,井浆中替1,0.7868683617341923,0.7868683617341923,0.9999999999999993,0.8720108855098412,1963.1973226452908,1634.4543747494993,1852.0729458917838,0.14228456913821494,0.23301092305938212,0.274747752131687,0.05346710106982577,0.0,0.7667183268092967,0.0016984991693564531
9448.0,157.46666666666667,井浆中替1,0.7878889052167487,0.7878889052167487,0.9999999999999993,0.8730492556312585,1967.8275050100203,1634.4543747494993,1852.0729458917838,0.14428857715424617,0.23318440823800704,0.2785077240547954,0.05417862093168058,0.0,0.7677647824105419,0.0016985249296523762
9452.0,157.53333333333333,井浆中替1,0.7889091372441568,0.7889091372441568,0.9999999999999993,0.8740827473938032,1972.4576873747499,1639.0845571142286,1856.7031282565133,0.14428857715424626,0.23335686861093932,0.27839910449636196,0.05415807376838866,0.0,0.7688105198902504,0.0016985447335267025
9456.0,157.6,井浆中替1,0.7899290477209847,0.7899290477209847,0.9999999999999993,0.8751109713322031,1972.4576873747499,1639.0845571142286,1856.7031282565133,0.14428857715424626,0.23352826761134915,0.2782917479683257,0.05413776508930823,0.0,0.769855554990369,0.0016985512716672097
9460.0,157.66666666666666,井浆中替1,0.7909486270196129,0.7909486270196129,0.9999999999999993,0.8761334977094564,1977.0878697394792,1643.714739478958,1861.3333106212428,0.14428857715424617,0.2336985655376554,0.2781859271516039,0.05411774649462975,0.0,0.7708999311762591,0.0016985508311406015
9464.0,157.73333333333332,井浆中替1,0.7919678651203774,0.7919678651203774,0.9999999999999993,0.8771498500091675,1977.0878697394792,1643.714739478958,1865.9634929859722,0.14428857715424617,0.233867721108423,0.2780819231054251,0.05409807117368448,0.0,0.7719437177897308,0.0016985350786570277
9468.0,157.8,井浆中替1,0.7929867521513858,0.7929867521513858,0.9999999999999993,0.878159499602638,1981.7180521042087,1648.3449218436876,1865.9634929859722,0.14428857715424617,0.23403569124914794,0.27798012608547007,0.05407881297813766,0.0,0.77298700753933,0.0016985130596542768
9472.0,157.86666666666667,井浆中替1,0.7940052799615634,0.7940052799615634,0.9999999999999993,0.8791618607029211,1986.3482344689382,1648.3449218436876,1870.5936753507017,0.1462925851702774,0.23420243674594965,0.2817403543365943,0.05478992146575512,0.0,0.7740299142963599,0.0016984817789800688
9476.0,157.93333333333334,井浆中替1,0.79502344127762,0.79502344127762,0.9999999999999993,0.8801562828910644,1986.3482344689382,1652.975104208417,1870.5936753507017,0.14428857715424626,0.2343679196230135,0.277784695944774,0.05404183995344458,0.0,0.775072567146337,0.0016984440351296467
9480.0,158.0,井浆中替1,0.7960412291664528,0.7960412291664528,0.9999999999999993,0.8811420450265104,1990.9784168336676,1652.975104208417,1875.2238577154312,0.1462925851702774,0.23453210409004052,0.28154873363573363,0.054753696408070596,0.0,0.7761151042866727,0.001698408381390495
9484.0,158.06666666666666,井浆中替1,0.797058639276262,0.797058639276262,0.9999999999999993,0.8821183529954202,1990.9784168336676,1657.6052865731465,1875.2238577154312,0.14428857715424617,0.23469496077013433,0.2776029283911862,0.05400745042824873,0.0,0.7771576695492094,0.0016983731463016515
9488.0,158.13333333333333,井浆中替1,0.7980756679764686,0.7980756679764686,0.9999999999999993,0.8830843382327772,1995.608599198397,1657.6052865731465,1879.8540400801605,0.1462925851702774,0.2348564647148198,0.2813725426784163,0.05472038705096727,0.0,0.7782004048029727,0.0016983497929602138
9492.0,158.2,井浆中替1,0.7990923125672157,0.7990923125672157,0.9999999999999993,0.8840390641671001,2000.2387815631266,1662.235468937876,1879.8540400801605,0.1462925851702774,0.2350165943066811,0.28129104810678257,0.054704979893981265,0.0,0.7792434452566747,0.0016983394614285558
9496.0,158.26666666666668,井浆中替1,0.8001085711093089,0.8001085711093089,0.9999999999999993,0.8849815414094159,2000.2387815631266,1662.235468937876,1884.48422244489,0.1462925851702774,0.2351753346635048,0.28121428368841234,0.054690466778091196,0.0,0.7802869149178113,0.0016983501120702666
9500.0,158.33333333333334,井浆中替1,0.8011244419247202,0.8011244419247202,0.9999999999999993,0.88591075703936,2004.868963927856,1666.8656513026053,1884.48422244489,0.1462925851702774,0.2353326738248852,0.2811423270576286,0.05467686242238734,0.0,0.7813309223887268,0.0016983848015558814
9504.0,158.4,井浆中替1,0.8021399227795851,0.8021399227795851,0.9999999999999993,0.8868257159643387,2004.868963927856,1666.8656513026053,1889.1144048096196,0.1462925851702774,0.23548860350783005,0.2810752394413659,0.05466417844211413,0.0,0.782375557446316,0.0016984511302566257
9508.0,158.46666666666667,井浆中替1,0.8031550122820046,0.8031550122820046,0.9999999999999993,0.8877254991121453,2009.4991462925855,1671.4958336673349,1889.1144048096196,0.1462925851702774,0.23564311779916436,0.2810129844264481,0.05465240798970261,0.0,0.7834208904059046,0.0016985513713286232
9512.0,158.53333333333333,井浆中替1,0.8041697073276377,0.8041697073276377,0.9999999999999993,0.8886093251331836,2009.4991462925855,1671.4958336673349,1893.744587174349,0.1462925851702774,0.23579621124723424,0.2809554081215314,0.05464152200278327,0.0,0.7844669688445615,0.0016986882073354607
9516.0,158.6,井浆中替1,0.805184004952207,0.805184004952207,0.9999999999999993,0.889476612299443,2014.129328657315,1671.4958336673349,1893.744587174349,0.1482965931863086,0.23594787814585275,0.2847503335097249,0.05535876275865603,0.0,0.7855138197448186,0.001698869137854404
9520.0,158.66666666666666,井浆中替1,0.8061979003329744,0.8061979003329744,0.9999999999999993,0.8903270256496139,2018.7595110220443,1676.1260160320644,1898.3747695390784,0.14829659318630853,0.2360981117677178,0.2847008892495201,0.05534942129504106,0.0,0.7865614490647468,0.0016990891848142667
9524.0,158.73333333333332,井浆中替1,0.8072113873694303,0.8072113873694303,0.9999999999999993,0.8911605015556963,2018.7595110220443,1676.1260160320644,1898.3747695390784,0.14829659318630853,0.2362469023781296,0.2846554985471323,0.0553408455854596,0.0,0.7876098447821112,0.0016993541040437525
9528.0,158.8,井浆中替1,0.8082244593697651,0.8082244593697651,0.9999999999999996,0.8919772457585678,2023.3896933867738,1680.7561983967937,1903.004951903808,0.1482965931863086,0.23639424073813675,0.2846138997906284,0.055332986223536995,0.0,0.788658981230525,0.0016996660603936927
9532.0,158.86666666666667,井浆中替1,0.809237108764659,0.809237108764659,0.9999999999999996,0.8927777078190144,2023.3896933867738,1680.7561983967937,1903.004951903808,0.1482965931863086,0.236540114303283,0.28457578650733545,0.05532578532378929,0.0,0.7897088222444467,0.0017000185069854048
9536.0,158.93333333333334,井浆中替1,0.8102493271350558,0.8102493271350558,0.9999999999999996,0.8935625367718634,2028.0198757515034,1685.3863807615232,1907.6351342685373,0.1482965931863086,0.23668450854893763,0.2845409014509702,0.05531919429815135,0.0,0.7907593249357495,0.0017004155406576864
9540.0,159.0,井浆中替1,0.811261105724058,0.811261105724058,0.9999999999999996,0.8943325303036047,2028.0198757515034,1685.3863807615232,1907.6351342685373,0.1482965931863086,0.2368274063461057,0.2845090281912727,0.05531317226762689,0.0,0.7918104433659233,0.0017008524052479078
9544.0,159.06666666666666,井浆中替1,0.8122724358152573,0.8122724358152573,0.9999999999999996,0.8950885831806303,2032.6500581162327,1690.0165631262528,1912.2653166332668,0.14829659318630853,0.2369687883052302,0.28447994952578826,0.05530767820520066,0.0,0.7928621312958579,0.0017013279733349858
9548.0,159.13333333333333,井浆中替1,0.8132833087854048,0.8132833087854048,0.9999999999999996,0.895831641040365,2037.2802404809622,1690.0165631262528,1916.8954989979964,0.15030060120233976,0.23710863374626023,0.28829747995731686,0.05602868126244087,0.0,0.7939143440171218,0.0017018420646280783
9552.0,159.2,井浆中替1,0.8142937160605714,0.8142937160605714,0.9999999999999996,0.8965626628897426,2037.2802404809622,1694.646745490982,1916.8954989979964,0.1482965931863086,0.23724692193322186,0.2844296051930871,0.055298166176403374,0.0,0.794967039420245,0.0017023887400740123
9556.0,159.26666666666668,井浆中替1,0.8153036491970732,0.8153036491970732,0.9999999999999996,0.8972825920303772,2041.9104228456918,1694.646745490982,1921.5256813627257,0.15030060120233985,0.2373836311117402,0.2882514706399977,0.05601999492728693,0.0,0.796020178163479,0.0017029687366028157
9560.0,159.33333333333334,井浆中替1,0.8163130998946686,0.8163130998946686,0.9999999999999996,0.8979923352057254,2041.9104228456918,1699.2769278557116,1921.5256813627257,0.1482965931863086,0.23751873901703424,0.28438899046487354,0.05529049238359174,0.0,0.7970737234528947,0.0017035798449856966
9564.0,159.4,井浆中替1,0.8173220600014169,0.8173220600014169,0.9999999999999996,0.8986927502811809,2046.540605210421,1699.2769278557116,1926.1558637274552,0.15030060120233976,0.23765222217971946,0.2882150494962568,0.05601311873595238,0.0,0.7981276404387798,0.0017042182786195198
9568.0,159.46666666666667,井浆中替1,0.8183305207655938,0.8183305207655938,0.9999999999999993,0.8993846391662664,2051.1707875751504,1703.9071102204412,1926.1558637274552,0.15030060120233965,0.2377840555061656,0.28820032221096165,0.05601033825903445,0.0,0.7991818945845359,0.0017048851741355729
9572.0,159.53333333333333,井浆中替1,0.8193384735942214,0.8193384735942214,0.9999999999999993,0.9000687460766311,2051.1707875751504,1703.9071102204412,1930.7860460921847,0.15030060120233965,0.23791421370763136,0.28818788699651043,0.05600799051333827,0.0,0.8002364515918875,0.0017055769710370811
9576.0,159.6,井浆中替1,0.8203459091722815,0.8203459091722815,0.9999999999999993,0.9007457589996848,2055.80096993988,1708.5372925851705,1930.7860460921847,0.15030060120233976,0.2380426687983934,0.28817774565647125,0.056006075842604086,0.0,0.801291275505815,0.0017062917281183993
9580.0,159.66666666666666,井浆中替1,0.8213528173159554,0.8213528173159554,0.9999999999999993,0.9014163124522533,2060.4311523046094,1708.5372925851705,1935.416228456914,0.152304609218371,0.23816939149734775,0.29201214207146564,0.056729727714037836,0.0,0.8023463277150897,0.0017070306634556671
9584.0,159.73333333333332,井浆中替1,0.8223591885930097,0.8223591885930097,0.9999999999999993,0.9020809926076464,2060.4311523046094,1713.1674749499,1935.416228456914,0.15030060120233976,0.23829435310575353,0.28816428333856114,0.05600353416991999,0.0,0.803401568139094,0.0017077895342752336
9588.0,159.8,井浆中替1,0.8233650125090969,0.8233650125090969,0.9999999999999993,0.9027403413865343,2065.061334669339,1713.1674749499,1940.0464108216436,0.152304609218371,0.23841752292428764,0.292003127871936,0.05672802714721592,0.0,0.80445695257731,0.0017085690195912332
9592.0,159.86666666666667,井浆中替1,0.8243702781112733,0.8243702781112733,0.9999999999999993,0.9033948616429984,2069.6915170340685,1717.7976573146295,1940.0464108216436,0.152304609218371,0.23853886859577375,0.29200208408922496,0.05672783023299999,0.0,0.8055124329062495,0.0017093681962375487
9596.0,159.93333333333334,井浆中替1,0.8253749745833928,0.8253749745833928,0.9999999999999993,0.9040450212876945,2069.6915170340685,1717.7976573146295,1944.676593186373,0.152304609218371,0.23865835896755108,0.29200335749420736,0.05672807046646555,0.0,0.8065679577005007,0.0017101832560643437
9600.0,160.0,井浆中替1,0.8263790902446435,0.8263790902446435,0.9999999999999993,0.9046912573193083,2074.321699398798,1722.4278396793588,1944.676593186373,0.15230460921837108,0.23877596051830505,0.2920069560440662,0.05672874934843497,0.0,0.8076234707727051,0.0017110175167710513
9604.0,160.06666666666666,井浆中替1,0.827382612537539,0.827382612537539,0.9999999999999993,0.9053339789111535,2074.321699398798,1722.4278396793588,1949.3067755511024,0.15230460921837108,0.2388916382502078,0.29201286081666383,0.05672986330822383,0.0,0.8086789112888041,0.0017118677732053606
9608.0,160.13333333333333,井浆中替1,0.8283855283902594,0.8283855283902594,0.9999999999999993,0.905973569706569,2078.951881763527,1722.4278396793588,1953.936957915832,0.15430861723440212,0.23900535607486034,0.29586347626084575,0.057456017769452195,0.0,0.8097342144250492,0.001712732282605377
9612.0,160.2,井浆中替1,0.829387823935081,0.829387823935081,0.9999999999999993,0.9066103897321152,2083.5820641282567,1727.0580220440884,1953.936957915832,0.15430861723440212,0.23911707593961232,0.2958741678464552,0.057458033225232685,0.0,0.8107893113512957,0.0017136135049339765
9616.0,160.26666666666668,井浆中替1,0.8303894850131621,0.8303894850131621,0.9999999999999993,0.9072447760997515,2083.5820641282567,1727.0580220440884,1958.5671402805615,0.15430861723440212,0.23922675795244552,0.2958872041895508,0.057460490682121224,0.0,0.8118441303088777,0.001714509202135055
9620.0,160.33333333333334,井浆中替1,0.8313904969532456,0.8313904969532456,0.9999999999999993,0.9078770427227881,2088.212246492986,1731.688204408818,1958.5671402805615,0.15430861723440212,0.2393343604564088,0.29590259157389476,0.05746339132119571,0.0,0.8128985973007363,0.001715417740476268
9624.0,160.4,井浆中替1,0.8323908446685621,0.8323908446685621,0.9999999999999993,0.9085074795168795,2092.8424288577157,1731.688204408818,1963.1973226452908,0.15631262525043335,0.239439840184919,0.29976344224199286,0.05819090902039281,0.0,0.8139526370360156,0.0017163410967188828
9628.0,160.46666666666667,井浆中替1,0.83339051285866,0.83339051285866,0.9999999999999993,0.9091363505368357,2092.8424288577157,1736.3183867735472,1963.1973226452908,0.1543086172344022,0.2395431528442831,0.2959403983056438,0.05747051813999715,0.0,0.8150061744130993,0.0017172773162882102
9632.0,160.53333333333333,井浆中替1,0.8343894852214514,0.8343894852214514,0.9999999999999993,0.909763892311517,2097.4726112224453,1736.3183867735472,1967.8275050100203,0.15631262525043343,0.2396442510309283,0.29980649247508,0.05819901800566141,0.0,0.8160591348463188,0.0017182260081359075
9636.0,160.6,井浆中替1,0.8353877448768718,0.8353877448768718,0.9999999999999993,0.9103903112122493,2102.102793587175,1740.9485691382768,1972.4576873747499,0.15631262525043343,0.23974308544801318,0.29983157281962663,0.05820374213243773,0.0,0.8171114460459512,0.0017191883150976975
9640.0,160.66666666666666,井浆中替1,0.836385274265597,0.836385274265597,0.9999999999999993,0.9110157806608649,2102.102793587175,1740.9485691382768,1972.4576873747499,0.15631262525043343,0.23983960591433945,0.2998590337096473,0.05820891463092537,0.0,0.8181630394865785,0.001720160985385942
9644.0,160.73333333333332,井浆中替1,0.83738205470238,0.83738205470238,0.9999999999999996,0.9116404397676567,2106.732975951904,1745.5787515030063,1977.0878697394792,0.15631262525043324,0.23993375767127112,0.29988887464409203,0.05821453539936028,0.0,0.8192138510453544,0.0017211459545270302
9648.0,160.8,井浆中替1,0.8383780667436905,0.8383780667436905,0.9999999999999993,0.9122643908272703,2106.732975951904,1745.5787515030063,1977.0878697394792,0.15631262525043324,0.24002548377454153,0.2999210977647862,0.0582206048331414,0.0,0.82026382274678,0.0017221419028059259
9652.0,160.86666666666667,井浆中替1,0.8393732905449061,0.8393732905449061,0.9999999999999993,0.9128876973069646,2111.3631583166334,1750.2089338677356,1981.7180521042087,0.15631262525043335,0.24011472603877823,0.29995572415718896,0.05822712689513665,0.0,0.8213129044205609,0.001723146519095733
9656.0,160.93333333333334,井浆中替1,0.8403677046832703,0.8403677046832703,0.9999999999999993,0.9135103828013253,2115.993340681363,1750.2089338677356,1981.7180521042087,0.15831663326646458,0.24020142134101716,0.3038388254794646,0.05895824285642137,0.0,0.8223610531234435,0.0017241624981726065
9660.0,161.0,井浆中替1,0.8413612862501076,0.8413612862501076,0.9999999999999993,0.9141324294574028,2115.993340681363,1754.8391162324651,1986.3482344689382,0.15631262525043335,0.24028550431550225,0.3000322364875508,0.058241538232310375,0.0,0.8234082341277317,0.001725186290007794
9664.0,161.06666666666666,井浆中替1,0.8423540115836288,0.8423540115836288,0.9999999999999993,0.9147537771769877,2120.6235230460925,1754.8391162324651,1990.9784168336676,0.15831663326646458,0.24036690822445556,0.3039212781121192,0.05897376100253271,0.0,0.8244544221217246,0.0017262179649561752
9668.0,161.13333333333333,井浆中替1,0.8433458545442969,0.8433458545442969,0.9999999999999993,0.9153743226537503,2125.253705410822,1759.4692985971947,1990.9784168336676,0.15831663326646458,0.24044556181790594,0.30396627677986665,0.058982229949837484,0.0,0.8254995992378712,0.00172725902460119
9672.0,161.2,井浆中替1,0.8443367878298296,0.8443367878298296,0.9999999999999993,0.9159939193384462,2125.253705410822,1759.4692985971947,1995.608599198397,0.15831663326646458,0.24052138961343095,0.304013840543299,0.05899118157658023,0.0,0.8265437561109186,0.0017283064537523664
9676.0,161.26666666666668,井浆中替1,0.8453267826014584,0.8453267826014584,0.9999999999999993,0.9166123759142434,2129.8838877755516,1764.099480961924,1995.608599198397,0.15831663326646467,0.24059431282121857,0.3040640176965825,0.05900062495794056,0.0,0.8275868909916899,0.0017293610418382113
9680.0,161.33333333333334,井浆中替1,0.8463158082137018,0.8463158082137018,0.9999999999999993,0.9172294552627116,2134.5140701402806,1764.099480961924,2000.2387815631266,0.1603206412824957,0.240664248056447,0.30796643603947105,0.05973477306972941,0.0,0.8286290084880337,0.0017304231206225005
9684.0,161.4,井浆中替1,0.8473038330862785,0.8473038330862785,0.9999999999999993,0.9178448742110769,2134.5140701402806,1768.7296633266535,2000.2387815631266,0.15831663326646447,0.24073110775493006,0.3041724179417877,0.059021025649394265,0.0,0.8296701194184481,0.001731493017673598
9688.0,161.46666666666667,井浆中替1,0.8482908238443398,0.8482908238443398,0.9999999999999993,0.9184583025383444,2139.14425250501,1768.7296633266535,2004.868963927856,0.1603206412824957,0.24079479983993374,0.30808179131443697,0.05975646573025095,0.0,0.8307102387138955,0.0017325701512220125
9692.0,161.53333333333333,井浆中替1,0.8492767463450374,0.8492767463450374,0.9999999999999993,0.9190693649403233,2139.14425250501,1773.359845691383,2004.868963927856,0.15831663326646447,0.2408552283999556,0.30429197414954545,0.059043525355945814,0.0,0.831749384942511,0.0017336548303133765
9696.0,161.6,井浆中替1,0.8502615651652767,0.8502615651652767,0.9999999999999993,0.919677644285266,2143.7744348697397,1773.359845691383,2009.4991462925855,0.1603206412824957,0.24091229414336152,0.3082087252541275,0.05978033519047987,0.0,0.8327875784117992,0.0017347497113720358
9700.0,161.66666666666666,井浆中替1,0.8512452427877452,0.8512452427877452,0.9999999999999993,0.9202826881315588,2148.4046172344692,1777.9900280561124,2009.4991462925855,0.1603206412824958,0.240965891041023,0.30827673074159756,0.059793123122841574,0.0,0.8338248386038167,0.0017358542991781814
9704.0,161.73333333333332,井浆中替1,0.8522277408764836,0.8522277408764836,0.9999999999999993,0.920884017958731,2148.4046172344692,1777.9900280561124,2014.129328657315,0.1603206412824958,0.24101590999127517,0.3083478677475745,0.059806499728128126,0.0,0.8348611839785602,0.001736970350777255
9708.0,161.8,井浆中替1,0.8532090195165878,0.8532090195165878,0.9999999999999993,0.9214811407284981,2153.034799599199,1777.9900280561124,2014.129328657315,0.16232464929852702,0.241062237099905,0.3122775092559076,0.06054513411418039,0.0,0.8358966298757899,0.001738098997662549
9712.0,161.86666666666667,井浆中替1,0.854189036215914,0.854189036215914,0.9999999999999993,0.9220735622640106,2157.6649819639283,1782.6202104208419,2018.7595110220443,0.16232464929852702,0.24110475024488068,0.3123561546979414,0.06055991076660805,0.0,0.8369311859044963,0.0017392419843731282
9716.0,161.93333333333334,井浆中替1,0.8551677463402484,0.8551677463402484,0.9999999999999993,0.9226608016692661,2157.6649819639283,1782.6202104208419,2018.7595110220443,0.16232464929852702,0.24114332259630636,0.31243824167553785,0.060575333799516295,0.0,0.8379648555407437,0.0017404019889446965
9720.0,162.0,井浆中替1,0.8561451031420341,0.8561451031420341,0.9999999999999993,0.9232424071821668,2162.2951643286574,1787.2503927855714,2023.3896933867738,0.16232464929852683,0.24117782141055064,0.31252386829162937,0.06059142161280939,0.0,0.8389976352474096,0.001741577503451256
9724.0,162.06666666666666,井浆中替1,0.8571210558973941,0.8571210558973941,0.9999999999999993,0.9238179697981793,2166.925346693387,1787.2503927855714,2028.0198757515034,0.16432865731455806,0.2412081041944618,0.3164725451108044,0.061333012919268515,0.0,0.8400295117802717,0.0017427735451228067
9728.0,162.13333333333333,井浆中替1,0.8580955503954752,0.8580955503954752,0.9999999999999993,0.9243871351114384,2166.925346693387,1791.880575150301,2028.0198757515034,0.16232464929852683,0.2412340201095195,0.31270609897027474,0.060625658801451876,0.0,0.8410604624936222,0.0017439904962356304
9732.0,162.2,井浆中替1,0.859068528792315,0.859068528792315,0.9999999999999993,0.9249496119187406,2171.5555290581165,1791.880575150301,2032.6500581162327,0.16432865731455806,0.24125541035744225,0.316664655408032,0.06136907774519884,0.0,0.8420904551353018,0.001745226586815642
9736.0,162.26666666666668,井浆中替1,0.8600399283356478,0.8600399283356478,0.9999999999999993,0.9255051772347932,2176.185711422846,1796.5107575150303,2032.6500581162327,0.16432865731455817,0.24127210388288772,0.3167665988069608,0.061388214995417356,0.0,0.8431194466379748,0.0017464875153545968
9740.0,162.33333333333334,井浆中替1,0.8610096808180742,0.8610096808180742,0.9999999999999993,0.9260536773989081,2176.185711422846,1796.5107575150303,2037.2802404809622,0.16432865731455817,0.24128391836219887,0.31687259325182815,0.061408112311535645,0.0,0.8441473830419111,0.001747771815440204
9744.0,162.4,井浆中替1,0.86197771270559,0.86197771270559,0.9999999999999993,0.9265950265957539,2180.8158937875755,1801.1409398797598,2037.2802404809622,0.16432865731455817,0.24129065828333446,0.31698273751163003,0.06142878818554698,0.0,0.8451742000145729,0.0017490777915589973
9748.0,162.46666666666667,井浆中替1,0.8629439442207146,0.8629439442207146,0.9999999999999993,0.9271292027379555,2180.8158937875755,1801.1409398797598,2041.9104228456918,0.16432865731455817,0.24129211289164296,0.3170971278913363,0.06145026064338199,0.0,0.8461998224733371,0.0017504108414729113
9752.0,162.53333333333333,井浆中替1,0.8639082880364006,0.8639082880364006,0.9999999999999993,0.9276562412806363,2185.446076152305,1805.7711222444893,2046.540605210421,0.16432865731455817,0.24128805294246505,0.3172158676782589,0.061472549017942746,0.0,0.8472241639285445,0.0017517682975252327
9756.0,162.6,井浆中替1,0.8648706491485476,0.8648706491485476,0.9999999999999993,0.9281762282323909,2190.076258517034,1805.7711222444893,2046.540605210421,0.16633266533058919,0.24127822921886102,0.32120905051892795,0.06222179213419532,0.0,0.8482471269212077,0.0017531485285691597
9760.0,162.66666666666666,井浆中替1,0.8658309240315982,0.8658309240315982,0.9999999999999993,0.9286892924887915,2190.076258517034,1810.4013046092186,2051.1707875751504,0.16432865731455806,0.2412623712325748,0.3174668167491042,0.06151965235423629,0.0,0.8492686028383032,0.0017545549469487188
9764.0,162.73333333333332,井浆中替1,0.8667889994776915,0.8667889994776915,0.9999999999999993,0.9291955981476684,2194.7064408817637,1810.4013046092186,2051.1707875751504,0.1663326653305893,0.24124018451838009,0.3214724155077266,0.06227118642275331,0.0,0.850288471403767,0.0017559841567491958
9768.0,162.8,井浆中替1,0.8677447504984764,0.8677447504984764,0.9999999999999993,0.9296953371727539,2199.336623246493,1815.0314869739482,2055.80096993988,0.1663326653305893,0.24121134497197982,0.321611329487323,0.06229723878910309,0.0,0.851306598862032,0.0017574384556529978
9772.0,162.86666666666667,井浆中替1,0.8686980403066716,0.8686980403066716,0.9999999999999993,0.9301887226648361,2199.336623246493,1815.0314869739482,2060.4311523046094,0.1663326653305893,0.24117549925861032,0.3217552310860567,0.062324225786049126,0.0,0.8523228384236907,0.001758916194338465
9776.0,162.93333333333334,井浆中替1,0.8696487183600387,0.8696487183600387,0.9999999999999993,0.9306759834456407,2203.9668056112228,1819.6616693386777,2060.4311523046094,0.1663326653305893,0.24113225949744663,0.32190426939773653,0.06235217529235071,0.0,0.8533370288714961,0.0017604135017143345
9780.0,163.0,井浆中替1,0.8705966177276854,0.8705966177276854,0.9999999999999993,0.9311573594324393,2208.5969879759523,1819.6616693386777,2065.061334669339,0.16833667334662053,0.2410811973821569,0.3259388186352172,0.06310846738478681,0.0,0.8543489920336819,0.0017619356285569574
9784.0,163.06666666666666,井浆中替1,0.8715415547680624,0.8715415547680624,0.9999999999999993,0.931633096953788,2208.5969879759523,1824.291851703407,2065.061334669339,0.16633266533058938,0.24102184382351155,0.3222183614711159,0.06241107499221088,0.0,0.8553585327925426,0.001763477296858572
9788.0,163.13333333333333,井浆中替1,0.8724833263896967,0.8724833263896967,0.9999999999999993,0.9321034449095633,2213.227170340682,1824.291851703407,2069.6915170340685,0.1683366733466206,0.2409536820935769,0.3262678943146496,0.06317012699922653,0.0,0.8563654365889702,0.001765035898740689
9792.0,163.2,井浆中替1,0.873421705753187,0.873421705753187,0.9999999999999993,0.9325686513142025,2213.227170340682,1828.9220340681366,2074.321699398798,0.16633266533058938,0.24087614040120456,0.32255495560555536,0.0624741902542989,0.0,0.8573694651093572,0.0017666165571186556
9796.0,163.26666666666668,井浆中替1,0.8743564412433552,0.8743564412433552,0.9999999999999993,0.9330289609255991,2217.857352705411,1828.9220340681366,2074.321699398798,0.16833667334662042,0.24078858798804845,0.3266205067376561,0.06323619223994947,0.0,0.8583703553248974,0.0017682107559413229
9800.0,163.33333333333334,井浆中替1,0.8752872521584257,0.8752872521584257,0.9999999999999993,0.933484612918561,2222.4875350701404,1833.552216432866,2078.951881763527,0.16833667334662042,0.24069032838360568,0.32680615990874445,0.06327097422850103,0.0,0.8593678152393666,0.0017698207584098942
9804.0,163.4,井浆中替1,0.876213825411855,0.876213825411855,0.9999999999999993,0.9339358395417398,2222.4875350701404,1833.552216432866,2078.951881763527,0.16833667334662042,0.2405805917886456,0.3269983477762663,0.06330697912730787,0.0,0.8603615203834428,0.001771445601849847
9808.0,163.46666666666667,井浆中替1,0.877135810419321,0.877135810419321,0.9999999999999993,0.9343828647794131,2227.11771743487,1838.1823987975954,2083.5820641282567,0.16833667334662053,0.2404585249381777,0.3271973233008122,0.06334425418265399,0.0,0.8613511084709602,0.0017730808256838785
9812.0,163.53333333333333,井浆中替1,0.8780528158930238,0.8780528158930238,0.9999999999999993,0.9348259037242599,2231.7478997995995,1838.1823987975954,2088.212246492986,0.17034068136265176,0.2403231851167714,0.33130101724247746,0.06411268849950069,0.0,0.8623361757162591,0.0017747267682646979
9816.0,163.6,井浆中替1,0.8789644034340275,0.8789644034340275,0.9999999999999993,0.9352651618941197,2231.7478997995995,1842.812581162325,2088.212246492986,0.16833667334662053,0.24017352789115085,0.32761673171967753,0.06342281914860193,0.0,0.863316269861708,0.0017763787510576467
9820.0,163.66666666666666,井浆中替1,0.8798700824195625,0.8798700824195625,0.9999999999999993,0.9357008348492446,2236.378082164329,1842.812581162325,2092.8424288577157,0.17034068136265176,0.24000839868285181,0.33174058028962544,0.0641949611787308,0.0,0.8642908844016658,0.0017780389011496818
9824.0,163.73333333333332,井浆中替1,0.880769305584878,0.880769305584878,0.9999999999999993,0.9361331079969443,2241.0082645290586,1842.812581162325,2092.8424288577157,0.17234468937868297,0.23982652653215666,0.3358778297423696,0.06496897268364887,0.0,0.8652594531711295,0.0017797012863708225
9828.0,163.8,井浆中替1,0.8816614620926819,0.8816614620926819,0.9999999999999993,0.9365621563571014,2241.0082645290586,1847.4427635270545,2097.4726112224453,0.17034068136265176,0.23962651125977705,0.3322123047880677,0.06428324544659558,0.0,0.8662213411913965,0.0017813631730231947
9832.0,163.86666666666667,井浆中替1,0.8825458742835828,0.8825458742835828,0.9999999999999993,0.936988144608651,2245.6384468937877,1847.4427635270545,2102.102793587175,0.17234468937868277,0.23940682391953294,0.336372259280257,0.06506142950398452,0.0,0.8671758397850073,0.0017830195980279135
9836.0,163.93333333333334,井浆中替1,0.8834217979581032,0.8834217979581032,0.9999999999999993,0.9374112267884427,2245.6384468937877,1852.0729458917838,2102.102793587175,0.17034068136265165,0.23916581597761516,0.33271842845171595,0.06437795833126192,0.0,0.8681221636788916,0.0017846687153038245
9840.0,164.0,井浆中替1,0.8842884254751123,0.8842884254751123,0.9999999999999993,0.9378315465252675,2250.268629258517,1852.0729458917838,2106.732975951904,0.17234468937868289,0.23890174007940457,0.33690231071426635,0.06516053735666616,0.0,0.8690594504605539,0.001786298946876596
9844.0,164.06666666666666,井浆中替1,0.8851448955996345,0.8851448955996345,0.9999999999999993,0.9382492367751798,2254.8988116232467,1856.7031282565133,2106.732975951904,0.17234468937868289,0.23861278809928563,0.33718086447141116,0.06521261651489751,0.0,0.8699867644958155,0.001787897541974937
9848.0,164.13333333333333,井浆中替1,0.8859903167425591,0.8859903167425591,0.9999999999999993,0.9386644201847509,2254.8988116232467,1856.7031282565133,2111.3631583166334,0.17234468937868289,0.2382971682836255,0.3374681833784198,0.06526633138941451,0.0,0.8709031160935241,0.0017894483828396319
9852.0,164.2,井浆中替1,0.8868237994024907,0.8868237994024907,0.9999999999999993,0.9390772088247916,2259.5289939879763,1861.3333106212428,2115.993340681363,0.17234468937868289,0.2379532104184157,0.3377637929494074,0.06532159299956541,0.0,0.8718074898440417,0.0017909266957201733
9856.0,164.26666666666668,井浆中替1,0.8876445010804999,0.8876445010804999,0.9999999999999993,0.9394877044439913,2264.159176352706,1861.3333106212428,2115.993340681363,0.17434869739471412,0.2375794939390101,0.3419979954962036,0.06611278148532396,0.0,0.8726988876311913,0.0017923040649265658
9860.0,164.33333333333334,井浆中替1,0.8884516762694274,0.8884516762694274,0.9999999999999993,0.939895998446531,2264.159176352706,1865.9634929859722,2120.6235230460925,0.17234468937868297,0.23717498152541555,0.3383768472077394,0.06543618768966208,0.0,0.873576380493212,0.001793542715555919
9864.0,164.4,井浆中替1,0.8892447264409118,0.8892447264409118,0.9999999999999993,0.9403021719414193,2268.7893587174353,1865.9634929859722,2120.6235230460925,0.1743486973947142,0.23673913413066427,0.3426306217111126,0.06623093431774862,0.0,0.8744391653756558,0.0017945977766886535
9868.0,164.46666666666667,井浆中替1,0.8900232431847578,0.8900232431847578,0.9999999999999993,0.9407062959572685,2273.4195410821644,1870.5936753507017,2125.253705410822,0.174348697394714,0.2362719865150648,0.3429543638454,0.06629139243849447,0.0,0.8752866201714075,0.001795424863070933
9872.0,164.53333333333333,井浆中替1,0.8907870342108949,0.8907870342108949,0.9999999999999993,0.941108431345724,2273.4195410821644,1870.5936753507017,2129.8838877755516,0.174348697394714,0.23577416224032255,0.343281590120171,0.06635249723683789,0.0,0.8761183445439228,0.0017959821195501718
9876.0,164.6,井浆中替1,0.8915361323044958,0.8915361323044958,0.9999999999999993,0.9415086291809882,2278.049723446894,1875.2238577154312,2129.8838877755516,0.174348697394714,0.2352468303698031,0.34361126064489,0.06641405441988446,0.0,0.8769341846192845,0.0017962340656977969
9880.0,164.66666666666666,井浆中替1,0.8922707842563466,0.8922707842563466,0.9999999999999993,0.9419069306602035,2282.6799058116235,1875.2238577154312,2134.5140701402806,0.17635270541074524,0.23469161448453663,0.34789577286675105,0.06721370383898195,0.0,0.8777342353405897,0.0017961545610247671
9884.0,164.73333333333332,井浆中替1,0.8929914245716628,0.8929914245716628,0.9999999999999993,0.9423033675864679,2282.6799058116235,1879.8540400801605,2134.5140701402806,0.17434869739471412,0.2341104688511362,0.34427415892435315,0.06653782071866765,0.0,0.8785188229244569,0.0017957284692732116
9888.0,164.8,井浆中替1,0.8936986375818589,0.8936986375818589,0.9999999999999993,0.9426979622632028,2287.310088176353,1879.8540400801605,2139.14425250501,0.17635270541074535,0.2335055465574995,0.3485666809027598,0.06733885820648178,0.0,0.8792884702732646,0.0017949518829379844
9892.0,164.86666666666667,井浆中替1,0.8943931146739968,0.8943931146739968,0.9999999999999993,0.9430907281227711,2287.310088176353,1884.48422244489,2143.7744348697397,0.17434869739471412,0.23287907474893196,0.34493629988721436,0.06666142924309704,0.0,0.8800438521218994,0.00179383122777231
9896.0,164.93333333333334,井浆中替1,0.8950756193840989,0.8950756193840989,0.9999999999999993,0.9434816699421235,2291.9402705410826,1884.48422244489,2143.7744348697397,0.17635270541074535,0.23223325487880506,0.3492339078743224,0.0674633092364153,0.0,0.8807857538450573,0.0017923814035688743
9900.0,165.0,井浆中替1,0.895746946317938,0.895746946317938,0.9999999999999993,0.9438707843881879,2296.570452905812,1889.1144048096196,2148.4046172344692,0.17635270541074535,0.23157018299820276,0.3495646152616825,0.06752498655120243,0.0,0.8815150231059337,0.0017906238381892212
9904.0,165.06666666666666,井浆中替1,0.896407889837015,0.896407889837015,0.9999999999999993,0.9442580605118142,2296.570452905812,1889.1144048096196,2148.4046172344692,0.17635270541074535,0.23089179914936278,0.34989277941699265,0.06758618551787698,0.0,0.8822325295851732,0.0017885842517726732
9908.0,165.13333333333333,井浆中替1,0.8970592211390362,0.8970592211390362,0.9999999999999993,0.9446434802719779,2301.200635270541,1889.1144048096196,2153.034799599199,0.17835671342677636,0.23019985937354828,0.35419782817067524,0.06838865738624056,0.0,0.8829391337604658,0.0017862906555346694
9912.0,165.2,井浆中替1,0.8977016719973668,0.8977016719973668,0.9999999999999993,0.9450270192858083,2305.8308176352707,1893.744587174349,2157.6649819639283,0.17835671342677648,0.22949592583938977,0.3545236946124112,0.06844937158240694,0.0,0.883635663617295,0.0017837718007660574
9916.0,165.26666666666668,井浆中替1,0.8983359250050503,0.8983359250050503,0.9999999999999993,0.9454086474176896,2305.8308176352707,1893.744587174349,2157.6649819639283,0.17835671342677648,0.22878136975742394,0.3548462887344456,0.06850947219499659,0.0,0.8843228992346481,0.0017810559724994147
9920.0,165.33333333333334,井浆中替1,0.8989626094227505,0.8989626094227505,0.9999999999999993,0.9457883297789242,2305.8308176352707,1898.3747695390784,2162.2951643286574,0.17635270541074524,0.22805738221750244,0.3511749124688554,0.06782525057915756,0.0,0.8850015644716738,0.001778170208396758
9924.0,165.4,井浆中替1,0.8995823003315636,0.8995823003315636,0.9999999999999993,0.9461660273075054,2310.4610000000002,1898.3747695390784,2162.2951643286574,0.17835671342677648,0.22732499095994876,0.3554814194340671,0.06862778832633987,0.0,0.8856723232314738,0.0017751398214440539
9928.0,165.46666666666667,井浆中替1,0.9001955220302214,0.9001955220302214,0.9999999999999996,0.9465416978455136,2310.4610000000002,1903.004951903808,2166.925346693387,0.17635270541074524,0.22658507731254465,0.3517962767420688,0.06794108739845872,0.0,0.8863357810208814,0.0017719881834969502
9932.0,165.53333333333333,井浆中替1,0.900802752414248,0.900802752414248,0.9999999999999996,0.9469152967977561,2310.4610000000002,1903.004951903808,2171.5555290581165,0.17635270541074524,0.2258383956936275,0.352102058840094,0.0679980870414496,0.0,0.8869924884287793,0.001768736706800257
9936.0,165.6,井浆中替1,0.9014044291954555,0.9014044291954555,0.9999999999999996,0.9472867781446647,2310.4610000000002,1907.6351342685373,2171.5555290581165,0.17434869739471412,0.22508559074179488,0.34840007073251417,0.067307779522359,0.0,0.8876429470441816,0.0017654049476648656
9940.0,165.66666666666666,井浆中替1,0.9020009565414357,0.9020009565414357,0.9999999999999996,0.9476560951824221,2310.4610000000002,1907.6351342685373,2176.185711422846,0.17434869739471412,0.22432721479625442,0.3486961974701011,0.0673630169075008,0.0,0.8882876163815948,0.0017620107736585244
9944.0,165.73333333333332,井浆中替1,0.9025927114410328,0.9025927114410328,0.9999999999999996,0.9480232013575144,2310.4610000000002,1912.2653166332668,2176.185711422846,0.17234468937868289,0.2235637430837797,0.3449780076296801,0.0666692146995741,0.0,0.8889269208370675,0.0017585705971064965
9948.0,165.8,井浆中替1,0.9031800507670491,0.9031800507670491,0.9999999999999996,0.9483880510250077,2310.4610000000002,1912.2653166332668,2180.8158937875755,0.17234468937868289,0.22279558712402303,0.3452650144129212,0.06672278761525818,0.0,0.8895612575563642,0.00175509956534652
9952.0,165.86666666666667,井浆中替1,0.9037633168798144,0.9037633168798144,0.9999999999999996,0.9487506000831578,2310.4610000000002,1916.8954989979964,2185.446076152305,0.17034068136265165,0.22202310750451476,0.34153130787818686,0.06602561069693347,0.0,0.890191003062904,0.0017516118090445793
9956.0,165.93333333333334,井浆中替1,0.904342843042858,0.904342843042858,0.9999999999999996,0.9491108066612993,2310.4610000000002,1916.8954989979964,2185.446076152305,0.17034068136265165,0.22124662443073184,0.3418097511636854,0.06607762102823311,0.0,0.8908165197326318,0.0017481205961465665
9960.0,166.0,井浆中替1,0.9049189575808803,0.9049189575808803,0.9999999999999996,0.9494686315485101,2310.4610000000002,1916.8954989979964,2190.076258517034,0.17034068136265165,0.22046642817362963,0.3420857405349828,0.06612917013556208,0.0,0.891438161174849,0.0017446384707963279
9964.0,166.06666666666666,井浆中替1,0.9054919867377028,0.9054919867377028,0.9999999999999996,0.9498240387655242,2310.4610000000002,1921.5256813627257,2194.7064408817637,0.16833667334662053,0.21968278744630246,0.33833162184072274,0.06542773445314964,0.0,0.8920562762945478,0.0017411773321798954
9968.0,166.13333333333333,井浆中替1,0.9060622567790503,0.9060622567790503,0.9999999999999996,0.950176995772747,2310.4610000000002,1921.5256813627257,2194.7064408817637,0.16833667334662053,0.21889595752008711,0.3385998167171605,0.06547786260738231,0.0,0.892671212642968,0.001737748399036769
9972.0,166.2,井浆中替1,0.9066300941286282,0.9066300941286282,0.9999999999999996,0.9505274738955559,2310.4610000000002,1926.1558637274552,2199.336623246493,0.1663326653305893,0.21810618680302657,0.3348317636443651,0.0647733313673361,0.0,0.8932833178008286,0.001734362172157078
9976.0,166.26666666666668,井浆中替1,0.9071958248009037,0.9071958248009037,0.9999999999999996,0.9508754484028131,2310.4610000000002,1926.1558637274552,2199.336623246493,0.1663326653305893,0.21731372283997155,0.3350926438381905,0.06482212651727293,0.0,0.8938929399522544,0.0017310282540871718
9980.0,166.33333333333334,井浆中替1,0.9077597722379376,0.9077597722379376,0.9999999999999996,0.9512208986988742,2310.4610000000002,1930.7860460921847,2203.9668056112228,0.16432865731455806,0.2165188167820599,0.331311209143336,0.06411459619169513,0.0,0.8945004268430486,0.0017277552004823903
9984.0,166.4,井浆中替1,0.9083222533096682,0.9083222533096682,0.9999999999999996,0.9515638083171887,2310.4610000000002,1930.7860460921847,2208.5969879759523,0.16432865731455806,0.2157217269326039,0.33156519989653604,0.06416213623193623,0.0,0.8951061227534456,0.0017245502473235731
9988.0,166.46666666666667,井浆中替1,0.9088835737091717,0.9088835737091717,0.9999999999999996,0.95190416492367,2310.4610000000002,1935.416228456914,2208.5969879759523,0.16232464929852694,0.21492272022530534,0.3277708707503691,0.06345169132333162,0.0,0.8957103646561045,0.0017214189829027427
9992.0,166.53333333333333,井浆中替1,0.9094440221211595,0.9094440221211595,0.9999999999999996,0.9522419602166925,2310.4610000000002,1935.416228456914,2213.227170340682,0.16232464929852694,0.21412207275925885,0.32801833722796075,0.06349804303848117,0.0,0.8963134768869407,0.0017183650377779933
9996.0,166.6,井浆中替1,0.9100038640794831,0.9100038640794831,0.9999999999999996,0.952577189772976,2310.4610000000002,1940.0464108216436,2213.227170340682,0.1603206412824957,0.2133200681213215,0.32421153240780304,0.06278475550552565,0.0,0.8969157651053552,0.0017153897833484984
10000.0,166.66666666666666,井浆中替1,0.9105633360109505,0.9105633360109505,0.9999999999999996,0.9529098529398711,2310.4610000000002,1940.0464108216436,2217.857352705411,0.1603206412824957,0.21251699410231548,0.3244527775948209,0.0628299741480256,0.0,0.8975175101066645,0.0017124921043805753
10004.0,166.73333333333332,井浆中替1,0.9111226399159992,0.9111226399159992,0.9999999999999996,0.9532399524945278,2310.4610000000002,1944.676593186373,2222.4875350701404,0.15831663326646447,0.21171313870179967,0.32063384892401325,0.06211390362438185,0.0,0.8981189618463641,0.0017096682670233825
10008.0,166.8,井浆中替1,0.9116819396480694,0.9116819396480694,0.9999999999999996,0.9535674945885548,2310.4610000000002,1944.676593186373,2222.4875350701404,0.15831663326646447,0.21090878438417904,0.32086911662556356,0.062158033447383576,0.0,0.8987203347258507,0.0017069119515278582
10012.0,166.86666666666667,井浆中替1,0.9122413583878202,0.9122413583878202,0.9999999999999996,0.9538924883569204,2310.4610000000002,1949.3067755511024,2227.11771743487,0.15631262525043335,0.21010420370220712,0.31703835688337334,0.06143922867570506,0.0,0.8993218038645749,0.0017042144724678915
10016.0,166.93333333333334,井浆中替1,0.9128009786942355,0.9128009786942355,0.9999999999999996,0.954214945752521,2310.4610000000002,1949.3067755511024,2227.11771743487,0.15631262525043335,0.20929965416088164,0.3172678427119565,0.06148230496641427,0.0,0.8999235037801302,0.0017015651916417593
10020.0,167.0,井浆中替1,0.9133608438844893,0.9133608438844893,0.9999999999999996,0.954534881158299,2310.4610000000002,1953.936957915832,2231.7478997995995,0.15430861723440212,0.20849537575774768,0.3134255024544647,0.060760806913419896,0.0,0.9005255285580354,0.0016989520958711004
10024.0,167.06666666666666,井浆中替1,0.9139209617943824,0.9139209617943824,0.9999999999999996,0.9548523111293485,2310.4610000000002,1953.936957915832,2236.378082164329,0.15430861723440212,0.20769158960320497,0.3136493741240423,0.060802859781226126,0.0,0.901127934642354,0.0016963625129293217
10028.0,167.13333333333333,井浆中替1,0.9144813088338477,0.9144813088338477,0.9999999999999996,0.9551672541418361,2310.4610000000002,1958.5671402805615,2236.378082164329,0.15230460921837088,0.20688849839883372,0.30979568617309555,0.060078706210319854,0.0,0.9017307442956255,0.0016937839138646087
10032.0,167.2,井浆中替1,0.9150418342036766,0.9150418342036766,0.9999999999999996,0.955479730407188,2310.4610000000002,1958.5671402805615,2241.0082645290586,0.15230460921837088,0.2060862876860396,0.31001410896657533,0.06011976536041608,0.0,0.9023339495972689,0.001691204725763724
10036.0,167.26666666666668,井浆中替1,0.9156024639199758,0.9156024639199758,0.9999999999999996,0.9557897615538816,2310.4610000000002,1963.1973226452908,2241.0082645290586,0.15030060120233976,0.2052851282782749,0.3061493122599536,0.059392995307659624,0.0,0.9029375167058205,0.0016886150632157441
10040.0,167.33333333333334,井浆中替1,0.9161631027515669,0.9161631027515669,0.9999999999999996,0.956097370380738,2310.4610000000002,1963.1973226452908,2245.6384468937877,0.15030060120233976,0.20448517857763884,0.3063624682880046,0.05943309366354843,0.0,0.9035413882906416,0.0016860073591693705
10044.0,167.4,井浆中替1,0.9167236351024733,0.9167236351024733,0.9999999999999996,0.9564025806615444,2310.4610000000002,1967.8275050100203,2250.268629258517,0.14829659318630853,0.20368658581998828,0.3024868196997215,0.05870374967141878,0.0,0.9041454850485843,0.0016833767827755003
10048.0,167.46666666666667,井浆中替1,0.9172839226097974,0.9172839226097974,0.9999999999999996,0.9567054163975203,2310.4610000000002,1967.8275050100203,2250.268629258517,0.14829659318630853,0.20288948775038979,0.302694917894979,0.05874292526635527,0.0,0.9047497031973235,0.001680722790423439
10052.0,167.53333333333333,井浆中替1,0.9178438015448386,0.9178438015448386,0.9999999999999996,0.9570059025425257,2310.4610000000002,1972.4576873747499,2254.8988116232467,0.1462925851702773,0.20209400820058573,0.29880868278198536,0.05801105162105713,0.0,0.9053539133283979,0.0016780468597021973
10056.0,167.6,井浆中替1,0.9184030777126884,0.9184030777126884,0.9999999999999996,0.9573040647072122,2310.4610000000002,1972.4576873747499,2254.8988116232467,0.1462925851702773,0.2013002528584774,0.29901189195012545,0.058049335001218005,0.0,0.9059579551533748,0.001675352523424059
10060.0,167.66666666666666,井浆中替1,0.9189615198034699,0.9189615198034699,0.9999999999999996,0.9575999286143783,2310.4610000000002,1977.0878697394792,2259.5289939879763,0.14428857715424617,0.20050830415364967,0.2951152847237935,0.05731496653022017,0.0,0.906561629747032,0.0016726463049454164
10064.0,167.73333333333332,井浆中替1,0.9195188527152162,0.9195188527152162,0.9999999999999996,0.9578935199956793,2310.4610000000002,1977.0878697394792,2264.159176352706,0.14428857715424617,0.19971821286278155,0.2953137822832407,0.05735238992306424,0.0,0.9071646919949684,0.001669936716220099
10068.0,167.8,井浆中替1,0.920074751828615,0.920074751828615,0.9999999999999996,0.9581848645570239,2310.4610000000002,1981.7180521042087,2264.159176352706,0.14228456913821494,0.1989299882973615,0.29140703169642607,0.056615564280384056,0.0,0.9077668432336783,0.001667233520033666
10072.0,167.86666666666667,井浆中替1,0.9206288391283847,0.9206288391283847,0.9999999999999996,0.9584739877636257,2310.4610000000002,1981.7180521042087,2268.7893587174353,0.14228456913821494,0.19814358884280026,0.2916009668973733,0.05665215466078555,0.0,0.9083677250349894,0.0016645468003919025
10076.0,167.93333333333334,井浆中替1,0.9211806822284786,0.9211806822284786,0.9999999999999996,0.9587609148505959,2310.4610000000002,1986.3482344689382,2268.7893587174353,0.1402805611221837,0.19735891310137527,0.28768423971159635,0.05591289792159437,0.0,0.9089669153025236,0.0016618857434836556
