time_s,time_min,inlet_fluid,flow_rate_m3_min,bulk_cement_fill,lead_fill,tail_fill,spacer_fill,effective_efficiency,cbl_eval_interval_efficiency,target_interval_efficiency,wide_side_mean_cement,narrow_side_mean_cement,front_wide_md_m,front_narrow_md_m,channeling_index,mixing_index
0.0,0.0,钻井液,0.0,0.0,0.0,0.0,0.0,0.0,0.0,0.0,0.0,0.0,,,0.0,0.0
6.0,0.1,钻井液,0.0,0.0,0.0,0.0,0.0,0.0,0.0,0.0,0.0,0.0,,,0.0,0.0
12.0,0.2,钻井液,0.0,0.0,0.0,0.0,0.0,0.0,0.0,0.0,0.0,0.0,,,0.0,0.0
18.0,0.3,钻井液,0.0,0.0,0.0,0.0,0.0,0.0,0.0,0.0,0.0,0.0,,,0.0,0.0
24.0,0.4,钻井液,0.0,0.0,0.0,0.0,0.0,0.0,0.0,0.0,0.0,0.0,,,0.0,0.0
30.0,0.5,钻井液,0.0,0.0,0.0,0.0,0.0,0.0,0.0,0.0,0.0,0.0,,,0.0,0.0
36.0,0.6,钻井液,0.0,0.0,0.0,0.0,0.0,0.0,0.0,0.0,0.0,0.0,,,0.0,0.0
42.0,0.7,钻井液,0.0,0.0,0.0,0.0,0.0,0.0,0.0,0.0,0.0,0.0,,,0.0,0.0
48.0,0.8,钻井液,0.0,0.0,0.0,0.0,0.0,0.0,0.0,0.0,0.0,0.0,,,0.0,0.0
54.0,0.9,钻井液,0.0,0.0,0.0,0.0,0.0,0.0,0.0,0.0,0.0,0.0,,,0.0,0.0
60.0,1.0,钻井液,0.0,0.0,0.0,0.0,0.0,0.0,0.0,0.0,0.0,0.0,,,0.0,0.0
66.0,1.1,钻井液,0.0,0.0,0.0,0.0,0.0,0.0,0.0,0.0,0.0,0.0,,,0.0,0.0
72.0,1.2,钻井液,0.0,0.0,0.0,0.0,0.0,0.0,0.0,0.0,0.0,0.0,,,0.0,0.0
78.0,1.3,钻井液,0.0,0.0,0.0,0.0,0.0,0.0,0.0,0.0,0.0,0.0,,,0.0,0.0
84.0,1.4,钻井液,0.0,0.0,0.0,0.0,0.0,0.0,0.0,0.0,0.0,0.0,,,0.0,0.0
90.0,1.5,钻井液,0.0,0.0,0.0,0.0,0.0,0.0,0.0,0.0,0.0,0.0,,,0.0,0.0
96.0,1.6,钻井液,0.0,0.0,0.0,0.0,0.0,0.0,0.0,0.0,0.0,0.0,,,0.0,0.0
102.0,1.7,钻井液,0.0,0.0,0.0,0.0,0.0,0.0,0.0,0.0,0.0,0.0,,,0.0,0.0
108.0,1.8,钻井液,0.0,0.0,0.0,0.0,0.0,0.0,0.0,0.0,0.0,0.0,,,0.0,0.0
114.0,1.9,钻井液,0.0,0.0,0.0,0.0,0.0,0.0,0.0,0.0,0.0,0.0,,,0.0,0.0
120.0,2.0,钻井液,0.0,0.0,0.0,0.0,0.0,0.0,0.0,0.0,0.0,0.0,,,0.0,0.0
126.0,2.1,钻井液,0.0,0.0,0.0,0.0,0.0,0.0,0.0,0.0,0.0,0.0,,,0.0,0.0
132.0,2.2,钻井液,0.0,0.0,0.0,0.0,0.0,0.0,0.0,0.0,0.0,0.0,,,0.0,0.0
138.0,2.3,钻井液,0.0,0.0,0.0,0.0,0.0,0.0,0.0,0.0,0.0,0.0,,,0.0,0.0
144.0,2.4,钻井液,0.0,0.0,0.0,0.0,0.0,0.0,0.0,0.0,0.0,0.0,,,0.0,0.0
150.0,2.5,钻井液,0.0,0.0,0.0,0.0,0.0,0.0,0.0,0.0,0.0,0.0,,,0.0,0.0
156.0,2.6,钻井液,0.0,0.0,0.0,0.0,0.0,0.0,0.0,0.0,0.0,0.0,,,0.0,0.0
162.0,2.7,钻井液,0.0,0.0,0.0,0.0,0.0,0.0,0.0,0.0,0.0,0.0,,,0.0,0.0
168.0,2.8,钻井液,0.0,0.0,0.0,0.0,0.0,0.0,0.0,0.0,0.0,0.0,,,0.0,0.0
174.0,2.9,钻井液,0.0,0.0,0.0,0.0,0.0,0.0,0.0,0.0,0.0,0.0,,,0.0,0.0
180.0,3.0,钻井液,0.0,0.0,0.0,0.0,0.0,0.0,0.0,0.0,0.0,0.0,,,0.0,0.0
186.0,3.1,钻井液,0.0,0.0,0.0,0.0,0.0,0.0,0.0,0.0,0.0,0.0,,,0.0,0.0
192.0,3.2,钻井液,0.0,0.0,0.0,0.0,0.0,0.0,0.0,0.0,0.0,0.0,,,0.0,0.0
198.0,3.3,钻井液,0.0,0.0,0.0,0.0,0.0,0.0,0.0,0.0,0.0,0.0,,,0.0,0.0
204.0,3.4,钻井液,0.0,0.0,0.0,0.0,0.0,0.0,0.0,0.0,0.0,0.0,,,0.0,0.0
210.0,3.5,钻井液,0.0,0.0,0.0,0.0,0.0,0.0,0.0,0.0,0.0,0.0,,,0.0,0.0
216.0,3.6,钻井液,0.0,0.0,0.0,0.0,0.0,0.0,0.0,0.0,0.0,0.0,,,0.0,0.0
222.0,3.7,钻井液,0.0,0.0,0.0,0.0,0.0,0.0,0.0,0.0,0.0,0.0,,,0.0,0.0
228.0,3.8,钻井液,0.0,0.0,0.0,0.0,0.0,0.0,0.0,0.0,0.0,0.0,,,0.0,0.0
234.0,3.9,钻井液,0.0,0.0,0.0,0.0,0.0,0.0,0.0,0.0,0.0,0.0,,,0.0,0.0
240.0,4.0,钻井液,0.0,0.0,0.0,0.0,0.0,0.0,0.0,0.0,0.0,0.0,,,0.0,0.0
246.0,4.1,钻井液,0.0,0.0,0.0,0.0,0.0,0.0,0.0,0.0,0.0,0.0,,,0.0,0.0
252.0,4.2,钻井液,0.0,0.0,0.0,0.0,0.0,0.0,0.0,0.0,0.0,0.0,,,0.0,0.0
258.0,4.3,钻井液,0.0,0.0,0.0,0.0,0.0,0.0,0.0,0.0,0.0,0.0,,,0.0,0.0
264.0,4.4,钻井液,0.0,0.0,0.0,0.0,0.0,0.0,0.0,0.0,0.0,0.0,,,0.0,0.0
270.0,4.5,钻井液,0.0,0.0,0.0,0.0,0.0,0.0,0.0,0.0,0.0,0.0,,,0.0,0.0
276.0,4.6,钻井液,0.0,0.0,0.0,0.0,0.0,0.0,0.0,0.0,0.0,0.0,,,0.0,0.0
282.0,4.7,钻井液,0.0,0.0,0.0,0.0,0.0,0.0,0.0,0.0,0.0,0.0,,,0.0,0.0
288.0,4.8,钻井液,0.0,0.0,0.0,0.0,0.0,0.0,0.0,0.0,0.0,0.0,,,0.0,0.0
294.0,4.9,钻井液,0.0,0.0,0.0,0.0,0.0,0.0,0.0,0.0,0.0,0.0,,,0.0,0.0
300.0,5.0,钻井液,0.0,0.0,0.0,0.0,0.0,0.0,0.0,0.0,0.0,0.0,,,0.0,0.0
306.0,5.1,钻井液,0.0,0.0,0.0,0.0,0.0,0.0,0.0,0.0,0.0,0.0,,,0.0,0.0
312.0,5.2,钻井液,0.0,0.0,0.0,0.0,0.0,0.0,0.0,0.0,0.0,0.0,,,0.0,0.0
318.0,5.3,钻井液,0.0,0.0,0.0,0.0,0.0,0.0,0.0,0.0,0.0,0.0,,,0.0,0.0
324.0,5.4,钻井液,0.0,0.0,0.0,0.0,0.0,0.0,0.0,0.0,0.0,0.0,,,0.0,0.0
330.0,5.5,钻井液,0.0,0.0,0.0,0.0,0.0,0.0,0.0,0.0,0.0,0.0,,,0.0,0.0
336.0,5.6,钻井液,0.0,0.0,0.0,0.0,0.0,0.0,0.0,0.0,0.0,0.0,,,0.0,0.0
342.0,5.7,钻井液,0.0,0.0,0.0,0.0,0.0,0.0,0.0,0.0,0.0,0.0,,,0.0,0.0
348.0,5.8,钻井液,0.0,0.0,0.0,0.0,0.0,0.0,0.0,0.0,0.0,0.0,,,0.0,0.0
354.0,5.9,钻井液,0.0,0.0,0.0,0.0,0.0,0.0,0.0,0.0,0.0,0.0,,,0.0,0.0
360.0,6.0,钻井液,0.0,0.0,0.0,0.0,0.0,0.0,0.0,0.0,0.0,0.0,,,0.0,0.0
366.0,6.1,钻井液,0.0,0.0,0.0,0.0,0.0,0.0,0.0,0.0,0.0,0.0,,,0.0,0.0
372.0,6.2,钻井液,0.0,0.0,0.0,0.0,0.0,0.0,0.0,0.0,0.0,0.0,,,0.0,0.0
378.0,6.3,钻井液,0.0,0.0,0.0,0.0,0.0,0.0,0.0,0.0,0.0,0.0,,,0.0,0.0
384.0,6.4,钻井液,0.0,0.0,0.0,0.0,0.0,0.0,0.0,0.0,0.0,0.0,,,0.0,0.0
390.0,6.5,钻井液,0.0,0.0,0.0,0.0,0.0,0.0,0.0,0.0,0.0,0.0,,,0.0,0.0
396.0,6.6,钻井液,0.0,0.0,0.0,0.0,0.0,0.0,0.0,0.0,0.0,0.0,,,0.0,0.0
402.0,6.7,钻井液,0.0,0.0,0.0,0.0,0.0,0.0,0.0,0.0,0.0,0.0,,,0.0,0.0
408.0,6.8,钻井液,0.0,0.0,0.0,0.0,0.0,0.0,0.0,0.0,0.0,0.0,,,0.0,0.0
414.0,6.9,钻井液,0.0,0.0,0.0,0.0,0.0,0.0,0.0,0.0,0.0,0.0,,,0.0,0.0
420.0,7.0,钻井液,0.0,0.0,0.0,0.0,0.0,0.0,0.0,0.0,0.0,0.0,,,0.0,0.0
426.0,7.1,钻井液,0.0,0.0,0.0,0.0,0.0,0.0,0.0,0.0,0.0,0.0,,,0.0,0.0
432.0,7.2,钻井液,0.0,0.0,0.0,0.0,0.0,0.0,0.0,0.0,0.0,0.0,,,0.0,0.0
438.0,7.3,钻井液,0.0,0.0,0.0,0.0,0.0,0.0,0.0,0.0,0.0,0.0,,,0.0,0.0
444.0,7.4,钻井液,0.0,0.0,0.0,0.0,0.0,0.0,0.0,0.0,0.0,0.0,,,0.0,0.0
450.0,7.5,钻井液,0.0,0.0,0.0,0.0,0.0,0.0,0.0,0.0,0.0,0.0,,,0.0,0.0
456.0,7.6,钻井液,0.0,0.0,0.0,0.0,0.0,0.0,0.0,0.0,0.0,0.0,,,0.0,0.0
462.0,7.7,钻井液,0.0,0.0,0.0,0.0,0.0,0.0,0.0,0.0,0.0,0.0,,,0.0,0.0
468.0,7.8,钻井液,0.0,0.0,0.0,0.0,0.0,0.0,0.0,0.0,0.0,0.0,,,0.0,0.0
474.0,7.9,钻井液,0.0,0.0,0.0,0.0,0.0,0.0,0.0,0.0,0.0,0.0,,,0.0,0.0
480.0,8.0,钻井液,0.0,0.0,0.0,0.0,0.0,0.0,0.0,0.0,0.0,0.0,,,0.0,0.0
486.0,8.1,钻井液,0.0,0.0,0.0,0.0,0.0,0.0,0.0,0.0,0.0,0.0,,,0.0,0.0
492.0,8.2,钻井液,0.0,0.0,0.0,0.0,0.0,0.0,0.0,0.0,0.0,0.0,,,0.0,0.0
498.0,8.3,钻井液,0.0,0.0,0.0,0.0,0.0,0.0,0.0,0.0,0.0,0.0,,,0.0,0.0
504.0,8.4,钻井液,0.0,0.0,0.0,0.0,0.0,0.0,0.0,0.0,0.0,0.0,,,0.0,0.0
510.0,8.5,钻井液,0.0,0.0,0.0,0.0,0.0,0.0,0.0,0.0,0.0,0.0,,,0.0,0.0
516.0,8.6,钻井液,0.0,0.0,0.0,0.0,0.0,0.0,0.0,0.0,0.0,0.0,,,0.0,0.0
522.0,8.7,钻井液,0.0,0.0,0.0,0.0,0.0,0.0,0.0,0.0,0.0,0.0,,,0.0,0.0
528.0,8.8,钻井液,0.0,0.0,0.0,0.0,0.0,0.0,0.0,0.0,0.0,0.0,,,0.0,0.0
534.0,8.9,钻井液,0.0,0.0,0.0,0.0,0.0,0.0,0.0,0.0,0.0,0.0,,,0.0,0.0
540.0,9.0,钻井液,0.0,0.0,0.0,0.0,0.0,0.0,0.0,0.0,0.0,0.0,,,0.0,0.0
546.0,9.1,钻井液,0.0,0.0,0.0,0.0,0.0,0.0,0.0,0.0,0.0,0.0,,,0.0,0.0
552.0,9.2,钻井液,0.0,0.0,0.0,0.0,0.0,0.0,0.0,0.0,0.0,0.0,,,0.0,0.0
558.0,9.3,钻井液,0.0,0.0,0.0,0.0,0.0,0.0,0.0,0.0,0.0,0.0,,,0.0,0.0
564.0,9.4,钻井液,0.0,0.0,0.0,0.0,0.0,0.0,0.0,0.0,0.0,0.0,,,0.0,0.0
570.0,9.5,钻井液,0.0,0.0,0.0,0.0,0.0,0.0,0.0,0.0,0.0,0.0,,,0.0,0.0
576.0,9.6,钻井液,0.0,0.0,0.0,0.0,0.0,0.0,0.0,0.0,0.0,0.0,,,0.0,0.0
582.0,9.7,钻井液,0.0,0.0,0.0,0.0,0.0,0.0,0.0,0.0,0.0,0.0,,,0.0,0.0
588.0,9.8,钻井液,0.0,0.0,0.0,0.0,0.0,0.0,0.0,0.0,0.0,0.0,,,0.0,0.0
594.0,9.9,钻井液,0.0,0.0,0.0,0.0,0.0,0.0,0.0,0.0,0.0,0.0,,,0.0,0.0
600.0,10.0,钻井液,0.0,0.0,0.0,0.0,0.0,0.0,0.0,0.0,0.0,0.0,,,0.0,0.0
606.0,10.1,钻井液,0.0,0.0,0.0,0.0,0.0,0.0,0.0,0.0,0.0,0.0,,,0.0,0.0
612.0,10.2,钻井液,0.0,0.0,0.0,0.0,0.0,0.0,0.0,0.0,0.0,0.0,,,0.0,0.0
618.0,10.3,钻井液,0.0,0.0,0.0,0.0,0.0,0.0,0.0,0.0,0.0,0.0,,,0.0,0.0
624.0,10.4,钻井液,0.0,0.0,0.0,0.0,0.0,0.0,0.0,0.0,0.0,0.0,,,0.0,0.0
630.0,10.5,钻井液,0.0,0.0,0.0,0.0,0.0,0.0,0.0,0.0,0.0,0.0,,,0.0,0.0
636.0,10.6,钻井液,0.0,0.0,0.0,0.0,0.0,0.0,0.0,0.0,0.0,0.0,,,0.0,0.0
642.0,10.7,钻井液,0.0,0.0,0.0,0.0,0.0,0.0,0.0,0.0,0.0,0.0,,,0.0,0.0
648.0,10.8,钻井液,0.0,0.0,0.0,0.0,0.0,0.0,0.0,0.0,0.0,0.0,,,0.0,0.0
654.0,10.9,钻井液,0.0,0.0,0.0,0.0,0.0,0.0,0.0,0.0,0.0,0.0,,,0.0,0.0
660.0,11.0,钻井液,0.0,0.0,0.0,0.0,0.0,0.0,0.0,0.0,0.0,0.0,,,0.0,0.0
666.0,11.1,钻井液,0.0,0.0,0.0,0.0,0.0,0.0,0.0,0.0,0.0,0.0,,,0.0,0.0
672.0,11.2,钻井液,0.0,0.0,0.0,0.0,0.0,0.0,0.0,0.0,0.0,0.0,,,0.0,0.0
678.0,11.3,钻井液,0.0,0.0,0.0,0.0,0.0,0.0,0.0,0.0,0.0,0.0,,,0.0,0.0
684.0,11.4,钻井液,0.0,0.0,0.0,0.0,0.0,0.0,0.0,0.0,0.0,0.0,,,0.0,0.0
690.0,11.5,钻井液,0.0,0.0,0.0,0.0,0.0,0.0,0.0,0.0,0.0,0.0,,,0.0,0.0
696.0,11.6,钻井液,0.0,0.0,0.0,0.0,0.0,0.0,0.0,0.0,0.0,0.0,,,0.0,0.0
702.0,11.7,钻井液,0.0,0.0,0.0,0.0,0.0,0.0,0.0,0.0,0.0,0.0,,,0.0,0.0
708.0,11.8,钻井液,0.0,0.0,0.0,0.0,0.0,0.0,0.0,0.0,0.0,0.0,,,0.0,0.0
714.0,11.9,钻井液,0.0,0.0,0.0,0.0,0.0,0.0,0.0,0.0,0.0,0.0,,,0.0,0.0
720.0,12.0,钻井液,0.0,0.0,0.0,0.0,0.0,0.0,0.0,0.0,0.0,0.0,,,0.0,0.0
726.0,12.1,钻井液,0.0,0.0,0.0,0.0,0.0,0.0,0.0,0.0,0.0,0.0,,,0.0,0.0
732.0,12.2,钻井液,0.0,0.0,0.0,0.0,0.0,0.0,0.0,0.0,0.0,0.0,,,0.0,0.0
738.0,12.3,钻井液,0.0,0.0,0.0,0.0,0.0,0.0,0.0,0.0,0.0,0.0,,,0.0,0.0
744.0,12.4,钻井液,0.0,0.0,0.0,0.0,0.0,0.0,0.0,0.0,0.0,0.0,,,0.0,0.0
750.0,12.5,钻井液,0.0,0.0,0.0,0.0,0.0,0.0,0.0,0.0,0.0,0.0,,,0.0,0.0
756.0,12.6,钻井液,0.0,0.0,0.0,0.0,0.0,0.0,0.0,0.0,0.0,0.0,,,0.0,0.0
762.0,12.7,钻井液,0.0,0.0,0.0,0.0,0.0,0.0,0.0,0.0,0.0,0.0,,,0.0,0.0
768.0,12.8,钻井液,0.0,0.0,0.0,0.0,0.0,0.0,0.0,0.0,0.0,0.0,,,0.0,0.0
774.0,12.9,钻井液,0.0,0.0,0.0,0.0,0.0,0.0,0.0,0.0,0.0,0.0,,,0.0,0.0
780.0,13.0,钻井液,0.0,0.0,0.0,0.0,0.0,0.0,0.0,0.0,0.0,0.0,,,0.0,0.0
786.0,13.1,钻井液,0.0,0.0,0.0,0.0,0.0,0.0,0.0,0.0,0.0,0.0,,,0.0,0.0
792.0,13.2,钻井液,0.0,0.0,0.0,0.0,0.0,0.0,0.0,0.0,0.0,0.0,,,0.0,0.0
798.0,13.3,钻井液,0.0,0.0,0.0,0.0,0.0,0.0,0.0,0.0,0.0,0.0,,,0.0,0.0
804.0,13.4,钻井液,0.0,0.0,0.0,0.0,0.0,0.0,0.0,0.0,0.0,0.0,,,0.0,0.0
810.0,13.5,钻井液,0.0,0.0,0.0,0.0,0.0,0.0,0.0,0.0,0.0,0.0,,,0.0,0.0
816.0,13.6,钻井液,0.0,0.0,0.0,0.0,0.0,0.0,0.0,0.0,0.0,0.0,,,0.0,0.0
822.0,13.7,钻井液,0.0,0.0,0.0,0.0,0.0,0.0,0.0,0.0,0.0,0.0,,,0.0,0.0
828.0,13.8,钻井液,0.0,0.0,0.0,0.0,0.0,0.0,0.0,0.0,0.0,0.0,,,0.0,0.0
834.0,13.9,钻井液,0.0,0.0,0.0,0.0,0.0,0.0,0.0,0.0,0.0,0.0,,,0.0,0.0
840.0,14.0,钻井液,0.0,0.0,0.0,0.0,0.0,0.0,0.0,0.0,0.0,0.0,,,0.0,0.0
846.0,14.1,钻井液,0.0,0.0,0.0,0.0,0.0,0.0,0.0,0.0,0.0,0.0,,,0.0,0.0
852.0,14.2,钻井液,0.0,0.0,0.0,0.0,0.0,0.0,0.0,0.0,0.0,0.0,,,0.0,0.0
858.0,14.3,钻井液,0.0,0.0,0.0,0.0,0.0,0.0,0.0,0.0,0.0,0.0,,,0.0,0.0
864.0,14.4,钻井液,0.0,0.0,0.0,0.0,0.0,0.0,0.0,0.0,0.0,0.0,,,0.0,0.0
870.0,14.5,钻井液,0.0,0.0,0.0,0.0,0.0,0.0,0.0,0.0,0.0,0.0,,,0.0,0.0
876.0,14.6,钻井液,0.0,0.0,0.0,0.0,0.0,0.0,0.0,0.0,0.0,0.0,,,0.0,0.0
882.0,14.7,钻井液,0.0,0.0,0.0,0.0,0.0,0.0,0.0,0.0,0.0,0.0,,,0.0,0.0
888.0,14.8,钻井液,0.0,0.0,0.0,0.0,0.0,0.0,0.0,0.0,0.0,0.0,,,0.0,0.0
894.0,14.9,钻井液,0.0,0.0,0.0,0.0,0.0,0.0,0.0,0.0,0.0,0.0,,,0.0,0.0
900.0,15.0,钻井液,0.0,0.0,0.0,0.0,0.0,0.0,0.0,0.0,0.0,0.0,,,0.0,0.0
906.0,15.1,钻井液,0.0,0.0,0.0,0.0,0.0,0.0,0.0,0.0,0.0,0.0,,,0.0,0.0
912.0,15.2,钻井液,0.0,0.0,0.0,0.0,0.0,0.0,0.0,0.0,0.0,0.0,,,0.0,0.0
918.0,15.3,钻井液,0.0,0.0,0.0,0.0,0.0,0.0,0.0,0.0,0.0,0.0,,,0.0,0.0
924.0,15.4,钻井液,0.0,0.0,0.0,0.0,0.0,0.0,0.0,0.0,0.0,0.0,,,0.0,0.0
930.0,15.5,钻井液,0.0,0.0,0.0,0.0,0.0,0.0,0.0,0.0,0.0,0.0,,,0.0,0.0
936.0,15.6,钻井液,0.0,0.0,0.0,0.0,0.0,0.0,0.0,0.0,0.0,0.0,,,0.0,0.0
942.0,15.7,钻井液,0.0,0.0,0.0,0.0,0.0,0.0,0.0,0.0,0.0,0.0,,,0.0,0.0
948.0,15.8,钻井液,0.0,0.0,0.0,0.0,0.0,0.0,0.0,0.0,0.0,0.0,,,0.0,0.0
954.0,15.9,钻井液,0.0,0.0,0.0,0.0,0.0,0.0,0.0,0.0,0.0,0.0,,,0.0,0.0
960.0,16.0,钻井液,0.0,0.0,0.0,0.0,0.0,0.0,0.0,0.0,0.0,0.0,,,0.0,0.0
966.0,16.1,钻井液,0.0,0.0,0.0,0.0,0.0,0.0,0.0,0.0,0.0,0.0,,,0.0,0.0
972.0,16.2,钻井液,0.0,0.0,0.0,0.0,0.0,0.0,0.0,0.0,0.0,0.0,,,0.0,0.0
978.0,16.3,钻井液,0.0,0.0,0.0,0.0,0.0,0.0,0.0,0.0,0.0,0.0,,,0.0,0.0
984.0,16.4,钻井液,0.0,0.0,0.0,0.0,0.0,0.0,0.0,0.0,0.0,0.0,,,0.0,0.0
990.0,16.5,钻井液,0.0,0.0,0.0,0.0,0.0,0.0,0.0,0.0,0.0,0.0,,,0.0,0.0
996.0,16.6,钻井液,0.0,0.0,0.0,0.0,0.0,0.0,0.0,0.0,0.0,0.0,,,0.0,0.0
1002.0,16.7,钻井液,0.0,0.0,0.0,0.0,0.0,0.0,0.0,0.0,0.0,0.0,,,0.0,0.0
1008.0,16.8,钻井液,0.0,0.0,0.0,0.0,0.0,0.0,0.0,0.0,0.0,0.0,,,0.0,0.0
1014.0,16.9,钻井液,0.0,0.0,0.0,0.0,0.0,0.0,0.0,0.0,0.0,0.0,,,0.0,0.0
1020.0,17.0,钻井液,0.0,0.0,0.0,0.0,0.0,0.0,0.0,0.0,0.0,0.0,,,0.0,0.0
1026.0,17.1,钻井液,0.0,0.0,0.0,0.0,0.0,0.0,0.0,0.0,0.0,0.0,,,0.0,0.0
1032.0,17.2,钻井液,0.0,0.0,0.0,0.0,0.0,0.0,0.0,0.0,0.0,0.0,,,0.0,0.0
1038.0,17.3,钻井液,0.0,0.0,0.0,0.0,0.0,0.0,0.0,0.0,0.0,0.0,,,0.0,0.0
1044.0,17.4,钻井液,0.0,0.0,0.0,0.0,0.0,0.0,0.0,0.0,0.0,0.0,,,0.0,0.0
1050.0,17.5,钻井液,0.0,0.0,0.0,0.0,0.0,0.0,0.0,0.0,0.0,0.0,,,0.0,0.0
1056.0,17.6,钻井液,0.0,0.0,0.0,0.0,0.0,0.0,0.0,0.0,0.0,0.0,,,0.0,0.0
1062.0,17.7,钻井液,0.0,0.0,0.0,0.0,0.0,0.0,0.0,0.0,0.0,0.0,,,0.0,0.0
1068.0,17.8,钻井液,0.0,0.0,0.0,0.0,0.0,0.0,0.0,0.0,0.0,0.0,,,0.0,0.0
1074.0,17.9,钻井液,0.0,0.0,0.0,0.0,0.0,0.0,0.0,0.0,0.0,0.0,,,0.0,0.0
1080.0,18.0,钻井液,0.0,0.0,0.0,0.0,0.0,0.0,0.0,0.0,0.0,0.0,,,0.0,0.0
1086.0,18.1,钻井液,0.0,0.0,0.0,0.0,0.0,0.0,0.0,0.0,0.0,0.0,,,0.0,0.0
1092.0,18.2,钻井液,0.0,0.0,0.0,0.0,0.0,0.0,0.0,0.0,0.0,0.0,,,0.0,0.0
1098.0,18.3,钻井液,0.0,0.0,0.0,0.0,0.0,0.0,0.0,0.0,0.0,0.0,,,0.0,0.0
1104.0,18.4,钻井液,0.0,0.0,0.0,0.0,0.0,0.0,0.0,0.0,0.0,0.0,,,0.0,0.0
1110.0,18.5,钻井液,0.0,0.0,0.0,0.0,0.0,0.0,0.0,0.0,0.0,0.0,,,0.0,0.0
1116.0,18.6,钻井液,0.0,0.0,0.0,0.0,0.0,0.0,0.0,0.0,0.0,0.0,,,0.0,0.0
1122.0,18.7,钻井液,0.0,0.0,0.0,0.0,0.0,0.0,0.0,0.0,0.0,0.0,,,0.0,0.0
1128.0,18.8,钻井液,0.0,0.0,0.0,0.0,0.0,0.0,0.0,0.0,0.0,0.0,,,0.0,0.0
1134.0,18.9,钻井液,0.0,0.0,0.0,0.0,0.0,0.0,0.0,0.0,0.0,0.0,,,0.0,0.0
1140.0,19.0,钻井液,0.0,0.0,0.0,0.0,0.0,0.0,0.0,0.0,0.0,0.0,,,0.0,0.0
1146.0,19.1,钻井液,0.0,0.0,0.0,0.0,0.0,0.0,0.0,0.0,0.0,0.0,,,0.0,0.0
1152.0,19.2,钻井液,0.0,0.0,0.0,0.0,0.0,0.0,0.0,0.0,0.0,0.0,,,0.0,0.0
1158.0,19.3,钻井液,0.0,0.0,0.0,0.0,0.0,0.0,0.0,0.0,0.0,0.0,,,0.0,0.0
1164.0,19.4,钻井液,0.0,0.0,0.0,0.0,0.0,0.0,0.0,0.0,0.0,0.0,,,0.0,0.0
1170.0,19.5,钻井液,0.0,0.0,0.0,0.0,0.0,0.0,0.0,0.0,0.0,0.0,,,0.0,0.0
1176.0,19.6,钻井液,0.0,0.0,0.0,0.0,0.0,0.0,0.0,0.0,0.0,0.0,,,0.0,0.0
1182.0,19.7,钻井液,0.0,0.0,0.0,0.0,0.0,0.0,0.0,0.0,0.0,0.0,,,0.0,0.0
1188.0,19.8,钻井液,0.0,0.0,0.0,0.0,0.0,0.0,0.0,0.0,0.0,0.0,,,0.0,0.0
1194.0,19.9,钻井液,0.0,0.0,0.0,0.0,0.0,0.0,0.0,0.0,0.0,0.0,,,0.0,0.0
1200.0,20.0,钻井液,0.0,0.0,0.0,0.0,0.0,0.0,0.0,0.0,0.0,0.0,,,0.0,0.0
1206.0,20.1,钻井液,0.0,0.0,0.0,0.0,0.0,0.0,0.0,0.0,0.0,0.0,,,0.0,0.0
1212.0,20.2,钻井液,0.0,0.0,0.0,0.0,0.0,0.0,0.0,0.0,0.0,0.0,,,0.0,0.0
1218.0,20.3,钻井液,0.0,0.0,0.0,0.0,0.0,0.0,0.0,0.0,0.0,0.0,,,0.0,0.0
1224.0,20.4,钻井液,0.0,0.0,0.0,0.0,0.0,0.0,0.0,0.0,0.0,0.0,,,0.0,0.0
1230.0,20.5,钻井液,0.0,0.0,0.0,0.0,0.0,0.0,0.0,0.0,0.0,0.0,,,0.0,0.0
1236.0,20.6,钻井液,0.0,0.0,0.0,0.0,0.0,0.0,0.0,0.0,0.0,0.0,,,0.0,0.0
1242.0,20.7,钻井液,0.0,0.0,0.0,0.0,0.0,0.0,0.0,0.0,0.0,0.0,,,0.0,0.0
1248.0,20.8,钻井液,0.0,0.0,0.0,0.0,0.0,0.0,0.0,0.0,0.0,0.0,,,0.0,0.0
1254.0,20.9,钻井液,0.0,0.0,0.0,0.0,0.0,0.0,0.0,0.0,0.0,0.0,,,0.0,0.0
1260.0,21.0,钻井液,0.0,0.0,0.0,0.0,0.0,0.0,0.0,0.0,0.0,0.0,,,0.0,0.0
1266.0,21.1,钻井液,0.0,0.0,0.0,0.0,0.0,0.0,0.0,0.0,0.0,0.0,,,0.0,0.0
1272.0,21.2,钻井液,0.0,0.0,0.0,0.0,0.0,0.0,0.0,0.0,0.0,0.0,,,0.0,0.0
1278.0,21.3,钻井液,0.0,0.0,0.0,0.0,0.0,0.0,0.0,0.0,0.0,0.0,,,0.0,0.0
1284.0,21.4,钻井液,0.0,0.0,0.0,0.0,0.0,0.0,0.0,0.0,0.0,0.0,,,0.0,0.0
1290.0,21.5,钻井液,0.0,0.0,0.0,0.0,0.0,0.0,0.0,0.0,0.0,0.0,,,0.0,0.0
1296.0,21.6,钻井液,0.0,0.0,0.0,0.0,0.0,0.0,0.0,0.0,0.0,0.0,,,0.0,0.0
1302.0,21.7,钻井液,0.0,0.0,0.0,0.0,0.0,0.0,0.0,0.0,0.0,0.0,,,0.0,0.0
1308.0,21.8,钻井液,0.0,0.0,0.0,0.0,0.0,0.0,0.0,0.0,0.0,0.0,,,0.0,0.0
1314.0,21.9,钻井液,0.0,0.0,0.0,0.0,0.0,0.0,0.0,0.0,0.0,0.0,,,0.0,0.0
1320.0,22.0,钻井液,0.0,0.0,0.0,0.0,0.0,0.0,0.0,0.0,0.0,0.0,,,0.0,0.0
1326.0,22.1,钻井液,0.0,0.0,0.0,0.0,0.0,0.0,0.0,0.0,0.0,0.0,,,0.0,0.0
1332.0,22.2,钻井液,0.0,0.0,0.0,0.0,0.0,0.0,0.0,0.0,0.0,0.0,,,0.0,0.0
1338.0,22.3,钻井液,0.0,0.0,0.0,0.0,0.0,0.0,0.0,0.0,0.0,0.0,,,0.0,0.0
1344.0,22.4,钻井液,0.0,0.0,0.0,0.0,0.0,0.0,0.0,0.0,0.0,0.0,,,0.0,0.0
1350.0,22.5,钻井液,0.0,0.0,0.0,0.0,0.0,0.0,0.0,0.0,0.0,0.0,,,0.0,0.0
1356.0,22.6,钻井液,0.0,0.0,0.0,0.0,0.0,0.0,0.0,0.0,0.0,0.0,,,0.0,0.0
1362.0,22.7,钻井液,0.0,0.0,0.0,0.0,0.0,0.0,0.0,0.0,0.0,0.0,,,0.0,0.0
1368.0,22.8,钻井液,0.0,0.0,0.0,0.0,0.0,0.0,0.0,0.0,0.0,0.0,,,0.0,0.0
1374.0,22.9,钻井液,0.0,0.0,0.0,0.0,0.0,0.0,0.0,0.0,0.0,0.0,,,0.0,0.0
1380.0,23.0,钻井液,0.0,0.0,0.0,0.0,0.0,0.0,0.0,0.0,0.0,0.0,,,0.0,0.0
1386.0,23.1,钻井液,0.0,0.0,0.0,0.0,0.0,0.0,0.0,0.0,0.0,0.0,,,0.0,0.0
1392.0,23.2,钻井液,0.0,0.0,0.0,0.0,0.0,0.0,0.0,0.0,0.0,0.0,,,0.0,0.0
1398.0,23.3,钻井液,0.0,0.0,0.0,0.0,0.0,0.0,0.0,0.0,0.0,0.0,,,0.0,0.0
1404.0,23.4,钻井液,0.0,0.0,0.0,0.0,0.0,0.0,0.0,0.0,0.0,0.0,,,0.0,0.0
1410.0,23.5,钻井液,0.0,0.0,0.0,0.0,0.0,0.0,0.0,0.0,0.0,0.0,,,0.0,0.0
1416.0,23.6,钻井液,0.0,0.0,0.0,0.0,0.0,0.0,0.0,0.0,0.0,0.0,,,0.0,0.0
1422.0,23.7,钻井液,0.0,0.0,0.0,0.0,0.0,0.0,0.0,0.0,0.0,0.0,,,0.0,0.0
1428.0,23.8,钻井液,0.0,0.0,0.0,0.0,0.0,0.0,0.0,0.0,0.0,0.0,,,0.0,0.0
1434.0,23.9,钻井液,0.0,0.0,0.0,0.0,0.0,0.0,0.0,0.0,0.0,0.0,,,0.0,0.0
1440.0,24.0,钻井液,0.0,0.0,0.0,0.0,0.0,0.0,0.0,0.0,0.0,0.0,,,0.0,0.0
1446.0,24.1,钻井液,0.0,0.0,0.0,0.0,0.0,0.0,0.0,0.0,0.0,0.0,,,0.0,0.0
1452.0,24.2,钻井液,0.0,0.0,0.0,0.0,0.0,0.0,0.0,0.0,0.0,0.0,,,0.0,0.0
1458.0,24.3,钻井液,0.0,0.0,0.0,0.0,0.0,0.0,0.0,0.0,0.0,0.0,,,0.0,0.0
1464.0,24.4,钻井液,0.0,0.0,0.0,0.0,0.0,0.0,0.0,0.0,0.0,0.0,,,0.0,0.0
1470.0,24.5,钻井液,0.0,0.0,0.0,0.0,0.0,0.0,0.0,0.0,0.0,0.0,,,0.0,0.0
1476.0,24.6,钻井液,0.0,0.0,0.0,0.0,0.0,0.0,0.0,0.0,0.0,0.0,,,0.0,0.0
1482.0,24.7,钻井液,0.0,0.0,0.0,0.0,0.0,0.0,0.0,0.0,0.0,0.0,,,0.0,0.0
1488.0,24.8,钻井液,0.0,0.0,0.0,0.0,0.0,0.0,0.0,0.0,0.0,0.0,,,0.0,0.0
1494.0,24.9,钻井液,0.0,0.0,0.0,0.0,0.0,0.0,0.0,0.0,0.0,0.0,,,0.0,0.0
1500.0,25.0,钻井液,0.0,0.0,0.0,0.0,0.0,0.0,0.0,0.0,0.0,0.0,,,0.0,0.0
1506.0,25.1,钻井液,0.0,0.0,0.0,0.0,0.0,0.0,0.0,0.0,0.0,0.0,,,0.0,0.0
1512.0,25.2,钻井液,0.0,0.0,0.0,0.0,0.0,0.0,0.0,0.0,0.0,0.0,,,0.0,0.0
1518.0,25.3,钻井液,0.0,0.0,0.0,0.0,0.0,0.0,0.0,0.0,0.0,0.0,,,0.0,0.0
1524.0,25.4,钻井液,0.0,0.0,0.0,0.0,0.0,0.0,0.0,0.0,0.0,0.0,,,0.0,0.0
1530.0,25.5,钻井液,0.0,0.0,0.0,0.0,0.0,0.0,0.0,0.0,0.0,0.0,,,0.0,0.0
1536.0,25.6,钻井液,0.0,0.0,0.0,0.0,0.0,0.0,0.0,0.0,0.0,0.0,,,0.0,0.0
1542.0,25.7,钻井液,0.0,0.0,0.0,0.0,0.0,0.0,0.0,0.0,0.0,0.0,,,0.0,0.0
1548.0,25.8,钻井液,0.0,0.0,0.0,0.0,0.0,0.0,0.0,0.0,0.0,0.0,,,0.0,0.0
1554.0,25.9,钻井液,0.0,0.0,0.0,0.0,0.0,0.0,0.0,0.0,0.0,0.0,,,0.0,0.0
1560.0,26.0,钻井液,0.0,0.0,0.0,0.0,0.0,0.0,0.0,0.0,0.0,0.0,,,0.0,0.0
1566.0,26.1,钻井液,0.0,0.0,0.0,0.0,0.0,0.0,0.0,0.0,0.0,0.0,,,0.0,0.0
1572.0,26.2,钻井液,0.0,0.0,0.0,0.0,0.0,0.0,0.0,0.0,0.0,0.0,,,0.0,0.0
1578.0,26.3,钻井液,0.0,0.0,0.0,0.0,0.0,0.0,0.0,0.0,0.0,0.0,,,0.0,0.0
1584.0,26.4,钻井液,0.0,0.0,0.0,0.0,0.0,0.0,0.0,0.0,0.0,0.0,,,0.0,0.0
1590.0,26.5,钻井液,0.0,0.0,0.0,0.0,0.0,0.0,0.0,0.0,0.0,0.0,,,0.0,0.0
1596.0,26.6,钻井液,0.0,0.0,0.0,0.0,0.0,0.0,0.0,0.0,0.0,0.0,,,0.0,0.0
1602.0,26.7,钻井液,0.0,0.0,0.0,0.0,0.0,0.0,0.0,0.0,0.0,0.0,,,0.0,0.0
1608.0,26.8,钻井液,0.0,0.0,0.0,0.0,0.0,0.0,0.0,0.0,0.0,0.0,,,0.0,0.0
1614.0,26.9,钻井液,0.0,0.0,0.0,0.0,0.0,0.0,0.0,0.0,0.0,0.0,,,0.0,0.0
1620.0,27.0,钻井液,0.0,0.0,0.0,0.0,0.0,0.0,0.0,0.0,0.0,0.0,,,0.0,0.0
1626.0,27.1,钻井液,0.0,0.0,0.0,0.0,0.0,0.0,0.0,0.0,0.0,0.0,,,0.0,0.0
1632.0,27.2,钻井液,0.0,0.0,0.0,0.0,0.0,0.0,0.0,0.0,0.0,0.0,,,0.0,0.0
1638.0,27.3,钻井液,0.0,0.0,0.0,0.0,0.0,0.0,0.0,0.0,0.0,0.0,,,0.0,0.0
1644.0,27.4,钻井液,0.0,0.0,0.0,0.0,0.0,0.0,0.0,0.0,0.0,0.0,,,0.0,0.0
1650.0,27.5,钻井液,0.0,0.0,0.0,0.0,0.0,0.0,0.0,0.0,0.0,0.0,,,0.0,0.0
1656.0,27.6,钻井液,0.0,0.0,0.0,0.0,0.0,0.0,0.0,0.0,0.0,0.0,,,0.0,0.0
1662.0,27.7,钻井液,0.0,0.0,0.0,0.0,0.0,0.0,0.0,0.0,0.0,0.0,,,0.0,0.0
1668.0,27.8,钻井液,0.0,0.0,0.0,0.0,0.0,0.0,0.0,0.0,0.0,0.0,,,0.0,0.0
1674.0,27.9,钻井液,0.0,0.0,0.0,0.0,0.0,0.0,0.0,0.0,0.0,0.0,,,0.0,0.0
1680.0,28.0,钻井液,0.0,0.0,0.0,0.0,0.0,0.0,0.0,0.0,0.0,0.0,,,0.0,0.0
1686.0,28.1,钻井液,0.0,0.0,0.0,0.0,0.0,0.0,0.0,0.0,0.0,0.0,,,0.0,0.0
1692.0,28.2,钻井液,0.0,0.0,0.0,0.0,0.0,0.0,0.0,0.0,0.0,0.0,,,0.0,0.0
1698.0,28.3,钻井液,0.0,0.0,0.0,0.0,0.0,0.0,0.0,0.0,0.0,0.0,,,0.0,0.0
1704.0,28.4,钻井液,0.0,0.0,0.0,0.0,0.0,0.0,0.0,0.0,0.0,0.0,,,0.0,0.0
1710.0,28.5,钻井液,0.0,0.0,0.0,0.0,0.0,0.0,0.0,0.0,0.0,0.0,,,0.0,0.0
1716.0,28.6,钻井液,0.0,0.0,0.0,0.0,0.0,0.0,0.0,0.0,0.0,0.0,,,0.0,0.0
1722.0,28.7,钻井液,0.0,0.0,0.0,0.0,0.0,0.0,0.0,0.0,0.0,0.0,,,0.0,0.0
1728.0,28.8,钻井液,0.0,0.0,0.0,0.0,0.0,0.0,0.0,0.0,0.0,0.0,,,0.0,0.0
1734.0,28.9,钻井液,0.0,0.0,0.0,0.0,0.0,0.0,0.0,0.0,0.0,0.0,,,0.0,0.0
1740.0,29.0,钻井液,0.0,0.0,0.0,0.0,0.0,0.0,0.0,0.0,0.0,0.0,,,0.0,0.0
1746.0,29.1,钻井液,0.0,0.0,0.0,0.0,0.0,0.0,0.0,0.0,0.0,0.0,,,0.0,0.0
1752.0,29.2,钻井液,0.0,0.0,0.0,0.0,0.0,0.0,0.0,0.0,0.0,0.0,,,0.0,0.0
1758.0,29.3,钻井液,0.0,0.0,0.0,0.0,0.0,0.0,0.0,0.0,0.0,0.0,,,0.0,0.0
1764.0,29.4,钻井液,0.0,0.0,0.0,0.0,0.0,0.0,0.0,0.0,0.0,0.0,,,0.0,0.0
1770.0,29.5,钻井液,0.0,0.0,0.0,0.0,0.0,0.0,0.0,0.0,0.0,0.0,,,0.0,0.0
1776.0,29.6,钻井液,0.0,0.0,0.0,0.0,0.0,0.0,0.0,0.0,0.0,0.0,,,0.0,0.0
1782.0,29.7,钻井液,0.0,0.0,0.0,0.0,0.0,0.0,0.0,0.0,0.0,0.0,,,0.0,0.0
1788.0,29.8,钻井液,0.0,0.0,0.0,0.0,0.0,0.0,0.0,0.0,0.0,0.0,,,0.0,0.0
1794.0,29.9,钻井液,0.0,0.0,0.0,0.0,0.0,0.0,0.0,0.0,0.0,0.0,,,0.0,0.0
1800.0,30.0,钻井液,0.0,0.0,0.0,0.0,0.0,0.0,0.0,0.0,0.0,0.0,,,0.0,0.0
1806.0,30.1,钻井液,0.0,0.0,0.0,0.0,0.0,0.0,0.0,0.0,0.0,0.0,,,0.0,0.0
1812.0,30.2,钻井液,0.0,0.0,0.0,0.0,0.0,0.0,0.0,0.0,0.0,0.0,,,0.0,0.0
1818.0,30.3,钻井液,0.0,0.0,0.0,0.0,0.0,0.0,0.0,0.0,0.0,0.0,,,0.0,0.0
1824.0,30.4,钻井液,0.0,0.0,0.0,0.0,0.0,0.0,0.0,0.0,0.0,0.0,,,0.0,0.0
1830.0,30.5,钻井液,0.0,0.0,0.0,0.0,0.0,0.0,0.0,0.0,0.0,0.0,,,0.0,0.0
1836.0,30.6,钻井液,0.0,0.0,0.0,0.0,0.0,0.0,0.0,0.0,0.0,0.0,,,0.0,0.0
1842.0,30.7,钻井液,0.0,0.0,0.0,0.0,0.0,0.0,0.0,0.0,0.0,0.0,,,0.0,0.0
1848.0,30.8,钻井液,0.0,0.0,0.0,0.0,0.0,0.0,0.0,0.0,0.0,0.0,,,0.0,0.0
1854.0,30.9,钻井液,0.0,0.0,0.0,0.0,0.0,0.0,0.0,0.0,0.0,0.0,,,0.0,0.0
1860.0,31.0,钻井液,0.0,0.0,0.0,0.0,0.0,0.0,0.0,0.0,0.0,0.0,,,0.0,0.0
1866.0,31.1,钻井液,0.0,0.0,0.0,0.0,0.0,0.0,0.0,0.0,0.0,0.0,,,0.0,0.0
1872.0,31.2,钻井液,0.0,0.0,0.0,0.0,0.0,0.0,0.0,0.0,0.0,0.0,,,0.0,0.0
1878.0,31.3,钻井液,0.0,0.0,0.0,0.0,0.0,0.0,0.0,0.0,0.0,0.0,,,0.0,0.0
1884.0,31.4,钻井液,0.0,0.0,0.0,0.0,0.0,0.0,0.0,0.0,0.0,0.0,,,0.0,0.0
1890.0,31.5,钻井液,0.0,0.0,0.0,0.0,0.0,0.0,0.0,0.0,0.0,0.0,,,0.0,0.0
1896.0,31.6,钻井液,0.0,0.0,0.0,0.0,0.0,0.0,0.0,0.0,0.0,0.0,,,0.0,0.0
1902.0,31.7,钻井液,0.0,0.0,0.0,0.0,0.0,0.0,0.0,0.0,0.0,0.0,,,0.0,0.0
1908.0,31.8,钻井液,0.0,0.0,0.0,0.0,0.0,0.0,0.0,0.0,0.0,0.0,,,0.0,0.0
1914.0,31.9,钻井液,0.0,0.0,0.0,0.0,0.0,0.0,0.0,0.0,0.0,0.0,,,0.0,0.0
1920.0,32.0,钻井液,0.0,0.0,0.0,0.0,0.0,0.0,0.0,0.0,0.0,0.0,,,0.0,0.0
1926.0,32.1,钻井液,0.0,0.0,0.0,0.0,0.0,0.0,0.0,0.0,0.0,0.0,,,0.0,0.0
1932.0,32.2,钻井液,0.0,0.0,0.0,0.0,0.0,0.0,0.0,0.0,0.0,0.0,,,0.0,0.0
1938.0,32.3,钻井液,0.0,0.0,0.0,0.0,0.0,0.0,0.0,0.0,0.0,0.0,,,0.0,0.0
1944.0,32.4,钻井液,0.0,0.0,0.0,0.0,0.0,0.0,0.0,0.0,0.0,0.0,,,0.0,0.0
1950.0,32.5,钻井液,0.0,0.0,0.0,0.0,0.0,0.0,0.0,0.0,0.0,0.0,,,0.0,0.0
1956.0,32.6,钻井液,0.0,0.0,0.0,0.0,0.0,0.0,0.0,0.0,0.0,0.0,,,0.0,0.0
1962.0,32.7,钻井液,0.0,0.0,0.0,0.0,0.0,0.0,0.0,0.0,0.0,0.0,,,0.0,0.0
1968.0,32.8,钻井液,0.0,0.0,0.0,0.0,0.0,0.0,0.0,0.0,0.0,0.0,,,0.0,0.0
1974.0,32.9,钻井液,0.0,0.0,0.0,0.0,0.0,0.0,0.0,0.0,0.0,0.0,,,0.0,0.0
1980.0,33.0,钻井液,0.0,0.0,0.0,0.0,0.0,0.0,0.0,0.0,0.0,0.0,,,0.0,0.0
1986.0,33.1,钻井液,0.0,0.0,0.0,0.0,0.0,0.0,0.0,0.0,0.0,0.0,,,0.0,0.0
1992.0,33.2,钻井液,0.0,0.0,0.0,0.0,0.0,0.0,0.0,0.0,0.0,0.0,,,0.0,0.0
1998.0,33.3,钻井液,0.0,0.0,0.0,0.0,0.0,0.0,0.0,0.0,0.0,0.0,,,0.0,0.0
2004.0,33.4,钻井液,0.0,0.0,0.0,0.0,0.0,0.0,0.0,0.0,0.0,0.0,,,0.0,0.0
2010.0,33.5,钻井液,0.0,0.0,0.0,0.0,0.0,0.0,0.0,0.0,0.0,0.0,,,0.0,0.0
2016.0,33.6,钻井液,0.0,0.0,0.0,0.0,0.0,0.0,0.0,0.0,0.0,0.0,,,0.0,0.0
2022.0,33.7,钻井液,0.0,0.0,0.0,0.0,0.0,0.0,0.0,0.0,0.0,0.0,,,0.0,0.0
2028.0,33.8,钻井液,0.0,0.0,0.0,0.0,0.0,0.0,0.0,0.0,0.0,0.0,,,0.0,0.0
2034.0,33.9,钻井液,0.0,0.0,0.0,0.0,0.0,0.0,0.0,0.0,0.0,0.0,,,0.0,0.0
2040.0,34.0,钻井液,0.0,0.0,0.0,0.0,0.0,0.0,0.0,0.0,0.0,0.0,,,0.0,0.0
2046.0,34.1,钻井液,0.0,0.0,0.0,0.0,0.0,0.0,0.0,0.0,0.0,0.0,,,0.0,0.0
2052.0,34.2,钻井液,0.0,0.0,0.0,0.0,0.0,0.0,0.0,0.0,0.0,0.0,,,0.0,0.0
2058.0,34.3,钻井液,0.0,0.0,0.0,0.0,0.0,0.0,0.0,0.0,0.0,0.0,,,0.0,0.0
2064.0,34.4,钻井液,0.0,0.0,0.0,0.0,0.0,0.0,0.0,0.0,0.0,0.0,,,0.0,0.0
2070.0,34.5,钻井液,0.0,0.0,0.0,0.0,0.0,0.0,0.0,0.0,0.0,0.0,,,0.0,0.0
2076.0,34.6,钻井液,0.0,0.0,0.0,0.0,0.0,0.0,0.0,0.0,0.0,0.0,,,0.0,0.0
2082.0,34.7,钻井液,0.0,0.0,0.0,0.0,0.0,0.0,0.0,0.0,0.0,0.0,,,0.0,0.0
2088.0,34.8,钻井液,0.0,0.0,0.0,0.0,0.0,0.0,0.0,0.0,0.0,0.0,,,0.0,0.0
2094.0,34.9,钻井液,0.0,0.0,0.0,0.0,0.0,0.0,0.0,0.0,0.0,0.0,,,0.0,0.0
2100.0,35.0,钻井液,0.0,0.0,0.0,0.0,0.0,0.0,0.0,0.0,0.0,0.0,,,0.0,0.0
2106.0,35.1,钻井液,0.0,0.0,0.0,0.0,0.0,0.0,0.0,0.0,0.0,0.0,,,0.0,0.0
2112.0,35.2,钻井液,0.0,0.0,0.0,0.0,0.0,0.0,0.0,0.0,0.0,0.0,,,0.0,0.0
2118.0,35.3,钻井液,0.0,0.0,0.0,0.0,0.0,0.0,0.0,0.0,0.0,0.0,,,0.0,0.0
2124.0,35.4,钻井液,0.0,0.0,0.0,0.0,0.0,0.0,0.0,0.0,0.0,0.0,,,0.0,0.0
2130.0,35.5,钻井液,0.0,0.0,0.0,0.0,0.0,0.0,0.0,0.0,0.0,0.0,,,0.0,0.0
2136.0,35.6,钻井液,0.0,0.0,0.0,0.0,0.0,0.0,0.0,0.0,0.0,0.0,,,0.0,0.0
2142.0,35.7,钻井液,0.0,0.0,0.0,0.0,0.0,0.0,0.0,0.0,0.0,0.0,,,0.0,0.0
2148.0,35.8,钻井液,0.0,0.0,0.0,0.0,0.0,0.0,0.0,0.0,0.0,0.0,,,0.0,0.0
2154.0,35.9,钻井液,0.0,0.0,0.0,0.0,0.0,0.0,0.0,0.0,0.0,0.0,,,0.0,0.0
2160.0,36.0,钻井液,0.0,0.0,0.0,0.0,0.0,0.0,0.0,0.0,0.0,0.0,,,0.0,0.0
2166.0,36.1,钻井液,0.0,0.0,0.0,0.0,0.0,0.0,0.0,0.0,0.0,0.0,,,0.0,0.0
2172.0,36.2,钻井液,0.0,0.0,0.0,0.0,0.0,0.0,0.0,0.0,0.0,0.0,,,0.0,0.0
2178.0,36.3,钻井液,0.0,0.0,0.0,0.0,0.0,0.0,0.0,0.0,0.0,0.0,,,0.0,0.0
2184.0,36.4,钻井液,0.0,0.0,0.0,0.0,0.0,0.0,0.0,0.0,0.0,0.0,,,0.0,0.0
2190.0,36.5,钻井液,0.0,0.0,0.0,0.0,0.0,0.0,0.0,0.0,0.0,0.0,,,0.0,0.0
2196.0,36.6,钻井液,0.0,0.0,0.0,0.0,0.0,0.0,0.0,0.0,0.0,0.0,,,0.0,0.0
2202.0,36.7,钻井液,0.0,0.0,0.0,0.0,0.0,0.0,0.0,0.0,0.0,0.0,,,0.0,0.0
2208.0,36.8,钻井液,0.0,0.0,0.0,0.0,0.0,0.0,0.0,0.0,0.0,0.0,,,0.0,0.0
2214.0,36.9,钻井液,0.0,0.0,0.0,0.0,0.0,0.0,0.0,0.0,0.0,0.0,,,0.0,0.0
2220.0,37.0,钻井液,0.0,0.0,0.0,0.0,0.0,0.0,0.0,0.0,0.0,0.0,,,0.0,0.0
2226.0,37.1,钻井液,0.0,0.0,0.0,0.0,0.0,0.0,0.0,0.0,0.0,0.0,,,0.0,0.0
2232.0,37.2,钻井液,0.0,0.0,0.0,0.0,0.0,0.0,0.0,0.0,0.0,0.0,,,0.0,0.0
2238.0,37.3,钻井液,0.0,0.0,0.0,0.0,0.0,0.0,0.0,0.0,0.0,0.0,,,0.0,0.0
2244.0,37.4,钻井液,0.0,0.0,0.0,0.0,0.0,0.0,0.0,0.0,0.0,0.0,,,0.0,0.0
2250.0,37.5,钻井液,0.0,0.0,0.0,0.0,0.0,0.0,0.0,0.0,0.0,0.0,,,0.0,0.0
2256.0,37.6,钻井液,0.0,0.0,0.0,0.0,0.0,0.0,0.0,0.0,0.0,0.0,,,0.0,0.0
2262.0,37.7,钻井液,0.0,0.0,0.0,0.0,0.0,0.0,0.0,0.0,0.0,0.0,,,0.0,0.0
2268.0,37.8,钻井液,0.0,0.0,0.0,0.0,0.0,0.0,0.0,0.0,0.0,0.0,,,0.0,0.0
2274.0,37.9,钻井液,0.0,0.0,0.0,0.0,0.0,0.0,0.0,0.0,0.0,0.0,,,0.0,0.0
2280.0,38.0,钻井液,0.0,0.0,0.0,0.0,0.0,0.0,0.0,0.0,0.0,0.0,,,0.0,0.0
2286.0,38.1,钻井液,0.0,0.0,0.0,0.0,0.0,0.0,0.0,0.0,0.0,0.0,,,0.0,0.0
2292.0,38.2,钻井液,0.0,0.0,0.0,0.0,0.0,0.0,0.0,0.0,0.0,0.0,,,0.0,0.0
2298.0,38.3,钻井液,0.0,0.0,0.0,0.0,0.0,0.0,0.0,0.0,0.0,0.0,,,0.0,0.0
2304.0,38.4,钻井液,0.0,0.0,0.0,0.0,0.0,0.0,0.0,0.0,0.0,0.0,,,0.0,0.0
2310.0,38.5,钻井液,0.0,0.0,0.0,0.0,0.0,0.0,0.0,0.0,0.0,0.0,,,0.0,0.0
2316.0,38.6,钻井液,0.0,0.0,0.0,0.0,0.0,0.0,0.0,0.0,0.0,0.0,,,0.0,0.0
2322.0,38.7,钻井液,0.0,0.0,0.0,0.0,0.0,0.0,0.0,0.0,0.0,0.0,,,0.0,0.0
2328.0,38.8,钻井液,0.0,0.0,0.0,0.0,0.0,0.0,0.0,0.0,0.0,0.0,,,0.0,0.0
2334.0,38.9,钻井液,0.0,0.0,0.0,0.0,0.0,0.0,0.0,0.0,0.0,0.0,,,0.0,0.0
2340.0,39.0,钻井液,0.0,0.0,0.0,0.0,0.0,0.0,0.0,0.0,0.0,0.0,,,0.0,0.0
2346.0,39.1,钻井液,0.0,0.0,0.0,0.0,0.0,0.0,0.0,0.0,0.0,0.0,,,0.0,0.0
2352.0,39.2,钻井液,0.0,0.0,0.0,0.0,0.0,0.0,0.0,0.0,0.0,0.0,,,0.0,0.0
2358.0,39.3,钻井液,0.0,0.0,0.0,0.0,0.0,0.0,0.0,0.0,0.0,0.0,,,0.0,0.0
2364.0,39.4,钻井液,0.0,0.0,0.0,0.0,0.0,0.0,0.0,0.0,0.0,0.0,,,0.0,0.0
2370.0,39.5,钻井液,0.0,0.0,0.0,0.0,0.0,0.0,0.0,0.0,0.0,0.0,,,0.0,0.0
2376.0,39.6,钻井液,0.0,0.0,0.0,0.0,0.0,0.0,0.0,0.0,0.0,0.0,,,0.0,0.0
2382.0,39.7,钻井液,0.0,0.0,0.0,0.0,0.0,0.0,0.0,0.0,0.0,0.0,,,0.0,0.0
2388.0,39.8,钻井液,0.0,0.0,0.0,0.0,0.0,0.0,0.0,0.0,0.0,0.0,,,0.0,0.0
2394.0,39.9,钻井液,0.0,0.0,0.0,0.0,0.0,0.0,0.0,0.0,0.0,0.0,,,0.0,0.0
2400.0,40.0,钻井液,0.0,0.0,0.0,0.0,0.0,0.0,0.0,0.0,0.0,0.0,,,0.0,0.0
2406.0,40.1,钻井液,0.0,0.0,0.0,0.0,0.0,0.0,0.0,0.0,0.0,0.0,,,0.0,0.0
2412.0,40.2,钻井液,0.0,0.0,0.0,0.0,0.0,0.0,0.0,0.0,0.0,0.0,,,0.0,0.0
2418.0,40.3,钻井液,0.0,0.0,0.0,0.0,0.0,0.0,0.0,0.0,0.0,0.0,,,0.0,0.0
2424.0,40.4,钻井液,0.0,0.0,0.0,0.0,0.0,0.0,0.0,0.0,0.0,0.0,,,0.0,0.0
2430.0,40.5,钻井液,0.0,0.0,0.0,0.0,0.0,0.0,0.0,0.0,0.0,0.0,,,0.0,0.0
2436.0,40.6,钻井液,0.0,0.0,0.0,0.0,0.0,0.0,0.0,0.0,0.0,0.0,,,0.0,0.0
2442.0,40.7,钻井液,0.0,0.0,0.0,0.0,0.0,0.0,0.0,0.0,0.0,0.0,,,0.0,0.0
2448.0,40.8,钻井液,0.0,0.0,0.0,0.0,0.0,0.0,0.0,0.0,0.0,0.0,,,0.0,0.0
2454.0,40.9,钻井液,0.0,0.0,0.0,0.0,0.0,0.0,0.0,0.0,0.0,0.0,,,0.0,0.0
2460.0,41.0,钻井液,0.0,0.0,0.0,0.0,0.0,0.0,0.0,0.0,0.0,0.0,,,0.0,0.0
2466.0,41.1,钻井液,0.0,0.0,0.0,0.0,0.0,0.0,0.0,0.0,0.0,0.0,,,0.0,0.0
2472.0,41.2,钻井液,0.0,0.0,0.0,0.0,0.0,0.0,0.0,0.0,0.0,0.0,,,0.0,0.0
2478.0,41.3,钻井液,0.0,0.0,0.0,0.0,0.0,0.0,0.0,0.0,0.0,0.0,,,0.0,0.0
2484.0,41.4,钻井液,0.0,0.0,0.0,0.0,0.0,0.0,0.0,0.0,0.0,0.0,,,0.0,0.0
2490.0,41.5,钻井液,0.0,0.0,0.0,0.0,0.0,0.0,0.0,0.0,0.0,0.0,,,0.0,0.0
2496.0,41.6,钻井液,0.0,0.0,0.0,0.0,0.0,0.0,0.0,0.0,0.0,0.0,,,0.0,0.0
2502.0,41.7,钻井液,0.0,0.0,0.0,0.0,0.0,0.0,0.0,0.0,0.0,0.0,,,0.0,0.0
2508.0,41.8,钻井液,0.0,0.0,0.0,0.0,0.0,0.0,0.0,0.0,0.0,0.0,,,0.0,0.0
2514.0,41.9,钻井液,0.0,0.0,0.0,0.0,0.0,0.0,0.0,0.0,0.0,0.0,,,0.0,0.0
2520.0,42.0,钻井液,0.0,0.0,0.0,0.0,0.0,0.0,0.0,0.0,0.0,0.0,,,0.0,0.0
2526.0,42.1,钻井液,0.0,0.0,0.0,0.0,0.0,0.0,0.0,0.0,0.0,0.0,,,0.0,0.0
2532.0,42.2,钻井液,0.0,0.0,0.0,0.0,0.0,0.0,0.0,0.0,0.0,0.0,,,0.0,0.0
2538.0,42.3,钻井液,0.0,0.0,0.0,0.0,0.0,0.0,0.0,0.0,0.0,0.0,,,0.0,0.0
2544.0,42.4,钻井液,0.0,0.0,0.0,0.0,0.0,0.0,0.0,0.0,0.0,0.0,,,0.0,0.0
2550.0,42.5,钻井液,0.0,0.0,0.0,0.0,0.0,0.0,0.0,0.0,0.0,0.0,,,0.0,0.0
2556.0,42.6,钻井液,0.0,0.0,0.0,0.0,0.0,0.0,0.0,0.0,0.0,0.0,,,0.0,0.0
2562.0,42.7,钻井液,0.0,0.0,0.0,0.0,0.0,0.0,0.0,0.0,0.0,0.0,,,0.0,0.0
2568.0,42.8,钻井液,0.0,0.0,0.0,0.0,0.0,0.0,0.0,0.0,0.0,0.0,,,0.0,0.0
2574.0,42.9,钻井液,0.0,0.0,0.0,0.0,0.0,0.0,0.0,0.0,0.0,0.0,,,0.0,0.0
2580.0,43.0,钻井液,0.0,0.0,0.0,0.0,0.0,0.0,0.0,0.0,0.0,0.0,,,0.0,0.0
2586.0,43.1,钻井液,0.0,0.0,0.0,0.0,0.0,0.0,0.0,0.0,0.0,0.0,,,0.0,0.0
2592.0,43.2,钻井液,0.0,0.0,0.0,0.0,0.0,0.0,0.0,0.0,0.0,0.0,,,0.0,0.0
2598.0,43.3,钻井液,0.0,0.0,0.0,0.0,0.0,0.0,0.0,0.0,0.0,0.0,,,0.0,0.0
2604.0,43.4,平衡液,1.2,0.0,0.0,0.0,0.0015799581587777156,0.0,0.0,0.0,0.0,0.0,,,0.0,0.0
2610.0,43.5,平衡液,1.2,0.0,0.0,0.0,0.003097218320550155,0.0,0.0,0.0,0.0,0.0,,,0.0,0.0
2616.0,43.6,平衡液,1.2,0.0,0.0,0.0,0.004589878808160063,0.0,0.0,0.0,0.0,0.0,,,0.0,0.0
2622.0,43.7,平衡液,1.2,0.0,0.0,0.0,0.006068785204668478,0.0,0.0,0.0,0.0,0.0,,,0.0,0.0
2628.0,43.8,平衡液,1.2,0.0,0.0,0.0,0.00753840721640412,0.0,0.0,0.0,0.0,0.0,,,0.0,0.0
2634.0,43.9,平衡液,1.2,0.0,0.0,0.0,0.009001348773576895,0.0,0.0,0.0,0.0,0.0,,,0.0,0.0
2640.0,44.0,平衡液,1.2,0.0,0.0,0.0,0.010459046917509963,0.0,0.0,0.0,0.0,0.0,,,0.0,0.0
2646.0,44.1,平衡液,1.2,0.0,0.0,0.0,0.011912593857951181,0.0,0.0,0.0,0.0,0.0,,,0.0,0.0
2652.0,44.2,平衡液,1.2,0.0,0.0,0.0,0.013362680582305483,0.0,0.0,0.0,0.0,0.0,,,0.0,0.0
2658.0,44.3,平衡液,1.2,0.0,0.0,0.0,0.014809965868096827,0.0,0.0,0.0,0.0,0.0,,,0.0,0.0
2664.0,44.4,平衡液,1.2,0.0,0.0,0.0,0.016254815409027644,0.0,0.0,0.0,0.0,0.0,,,0.0,0.0
2670.0,44.5,平衡液,1.2,0.0,0.0,0.0,0.01769757953392083,0.0,0.0,0.0,0.0,0.0,,,0.0,0.0
2676.0,44.6,平衡液,1.2,0.0,0.0,0.0,0.01913862106269227,0.0,0.0,0.0,0.0,0.0,,,0.0,0.0
2682.0,44.7,平衡液,1.2,0.0,0.0,0.0,0.020578074640382995,0.0,0.0,0.0,0.0,0.0,,,0.0,0.0
2688.0,44.8,平衡液,1.2,0.0,0.0,0.0,0.02201611970216343,0.0,0.0,0.0,0.0,0.0,,,0.0,0.0
2694.0,44.9,平衡液,1.2,0.0,0.0,0.0,0.023452985503742512,0.0,0.0,0.0,0.0,0.0,,,0.0,0.0
2700.0,45.0,平衡液,1.2,0.0,0.0,0.0,0.024888694987455513,0.0,0.0,0.0,0.0,0.0,,,0.0,0.0
2706.0,45.1,平衡液,1.2,0.0,0.0,0.0,0.0262941136650141,0.0,0.0,0.0,0.0,0.0,,,0.0,0.0
2712.0,45.2,平衡液,1.2,0.0,0.0,0.0,0.027693640862560306,0.0,0.0,0.0,0.0,0.0,,,0.0,0.0
2718.0,45.3,平衡液,1.2,0.0,0.0,0.0,0.029093384214817126,0.0,0.0,0.0,0.0,0.0,,,0.0,0.0
2724.0,45.4,平衡液,1.2,0.0,0.0,0.0,0.030493106978309117,0.0,0.0,0.0,0.0,0.0,,,0.0,0.0
2730.0,45.5,平衡液,1.2,0.0,0.0,0.0,0.031892766513976684,0.0,0.0,0.0,0.0,0.0,,,0.0,0.0
2736.0,45.6,平衡液,1.2,0.0,0.0,0.0,0.033292358728110934,0.0,0.0,0.0,0.0,0.0,,,0.0,0.0
2742.0,45.7,平衡液,1.2,0.0,0.0,0.0,0.034691885516126696,0.0,0.0,0.0,0.0,0.0,,,0.0,0.0
2748.0,45.8,平衡液,1.2,0.0,0.0,0.0,0.03609135549408785,0.0,0.0,0.0,0.0,0.0,,,0.0,0.0
2754.0,45.9,平衡液,1.2,0.0,0.0,0.0,0.03749077307975514,0.0,0.0,0.0,0.0,0.0,,,0.0,0.0
2760.0,46.0,平衡液,1.2,0.0,0.0,0.0,0.038890145948284896,0.0,0.0,0.0,0.0,0.0,,,0.0,0.0
2766.0,46.1,平衡液,1.2,0.0,0.0,0.0,0.04028947957526646,0.0,0.0,0.0,0.0,0.0,,,0.0,0.0
2772.0,46.2,平衡液,1.2,0.0,0.0,0.0,0.04168878191886231,0.0,0.0,0.0,0.0,0.0,,,0.0,0.0
2778.0,46.3,平衡液,1.2,0.0,0.0,0.0,0.043088058378858915,0.0,0.0,0.0,0.0,0.0,,,0.0,0.0
2784.0,46.4,平衡液,1.2,0.0,0.0,0.0,0.044487314200165606,0.0,0.0,0.0,0.0,0.0,,,0.0,0.0
2790.0,46.5,平衡液,1.2,0.0,0.0,0.0,0.045886553565575444,0.0,0.0,0.0,0.0,0.0,,,0.0,0.0
2796.0,46.6,平衡液,1.2,0.0,0.0,0.0,0.04728577965553349,0.0,0.0,0.0,0.0,0.0,,,0.0,0.0
2802.0,46.7,平衡液,1.2,0.0,0.0,0.0,0.04868499456672234,0.0,0.0,0.0,0.0,0.0,,,0.0,0.0
2808.0,46.8,平衡液,1.2,0.0,0.0,0.0,0.05008420027476094,0.0,0.0,0.0,0.0,0.0,,,0.0,0.0
2814.0,46.9,平衡液,1.2,0.0,0.0,0.0,0.05148340130874108,0.0,0.0,0.0,0.0,0.0,,,0.0,0.0
2820.0,47.0,平衡液,1.2,0.0,0.0,0.0,0.052882599944993954,0.0,0.0,0.0,0.0,0.0,,,0.0,0.0
2826.0,47.1,平衡液,1.2,0.0,0.0,0.0,0.054281798313608166,0.0,0.0,0.0,0.0,0.0,,,0.0,0.0
2832.0,47.2,平衡液,1.2,0.0,0.0,0.0,0.05568099681637212,0.0,0.0,0.0,0.0,0.0,,,0.0,0.0
2838.0,47.3,平衡液,1.2,0.0,0.0,0.0,0.05708019623529514,0.0,0.0,0.0,0.0,0.0,,,0.0,0.0
2844.0,47.4,平衡液,1.2,0.0,0.0,0.0,0.058479397157510056,0.0,0.0,0.0,0.0,0.0,,,0.0,0.0
2850.0,47.5,平衡液,1.2,0.0,0.0,0.0,0.05987860270372532,0.0,0.0,0.0,0.0,0.0,,,0.0,0.0
2856.0,47.6,平衡液,1.2,0.0,0.0,0.0,0.061277815014498194,0.0,0.0,0.0,0.0,0.0,,,0.0,0.0
2862.0,47.7,平衡液,1.2,0.0,0.0,0.0,0.06267703365934187,0.0,0.0,0.0,0.0,0.0,,,0.0,0.0
2868.0,47.8,平衡液,1.2,0.0,0.0,0.0,0.0640762585670744,0.0,0.0,0.0,0.0,0.0,,,0.0,0.0
2874.0,47.9,平衡液,1.2,0.0,0.0,0.0,0.06547548980002829,0.0,0.0,0.0,0.0,0.0,,,0.0,0.0
2880.0,48.0,平衡液,1.2,0.0,0.0,0.0,0.06687472730811643,0.0,0.0,0.0,0.0,0.0,,,0.0,0.0
2886.0,48.1,平衡液,1.2,0.0,0.0,0.0,0.06827397369459204,0.0,0.0,0.0,0.0,0.0,,,0.0,0.0
2892.0,48.2,平衡液,1.2,0.0,0.0,0.0,0.06967322929300938,0.0,0.0,0.0,0.0,0.0,,,0.0,0.0
2898.0,48.3,平衡液,1.2,0.0,0.0,0.0,0.07107249412513342,0.0,0.0,0.0,0.0,0.0,,,0.0,0.0
2904.0,48.4,平衡液,1.2,0.0,0.0,0.0,0.0724717680453267,0.0,0.0,0.0,0.0,0.0,,,0.0,0.0
2910.0,48.5,平衡液,1.2,0.0,0.0,0.0,0.07387105039413662,0.0,0.0,0.0,0.0,0.0,,,0.0,0.0
2916.0,48.6,平衡液,1.2,0.0,0.0,0.0,0.07527034108200842,0.0,0.0,0.0,0.0,0.0,,,0.0,0.0
2922.0,48.7,平衡液,1.2,0.0,0.0,0.0,0.07666964032322258,0.0,0.0,0.0,0.0,0.0,,,0.0,0.0
2928.0,48.8,平衡液,1.2,0.0,0.0,0.0,0.07806894674486417,0.0,0.0,0.0,0.0,0.0,,,0.0,0.0
2934.0,48.9,平衡液,1.2,0.0,0.0,0.0,0.07946825926946773,0.0,0.0,0.0,0.0,0.0,,,0.0,0.0
2940.0,49.0,平衡液,1.2,0.0,0.0,0.0,0.08086757657117999,0.0,0.0,0.0,0.0,0.0,,,0.0,0.0
2946.0,49.1,平衡液,1.2,0.0,0.0,0.0,0.08226689724351871,0.0,0.0,0.0,0.0,0.0,,,0.0,0.0
2952.0,49.2,平衡液,1.2,0.0,0.0,0.0,0.0836662204045634,0.0,0.0,0.0,0.0,0.0,,,0.0,0.0
2958.0,49.3,平衡液,1.2,0.0,0.0,0.0,0.08506554596274542,0.0,0.0,0.0,0.0,0.0,,,0.0,0.0
2964.0,49.4,平衡液,1.2,0.0,0.0,0.0,0.0864648727029238,0.0,0.0,0.0,0.0,0.0,,,0.0,0.0
2970.0,49.5,平衡液,1.2,0.0,0.0,0.0,0.08786419967009723,0.0,0.0,0.0,0.0,0.0,,,0.0,0.0
2976.0,49.6,平衡液,1.2,0.0,0.0,0.0,0.08926352698121919,0.0,0.0,0.0,0.0,0.0,,,0.0,0.0
2982.0,49.7,平衡液,1.2,0.0,0.0,0.0,0.09066285421478149,0.0,0.0,0.0,0.0,0.0,,,0.0,0.0
2988.0,49.8,平衡液,1.2,0.0,0.0,0.0,0.09206218117350506,0.0,0.0,0.0,0.0,0.0,,,0.0,0.0
2994.0,49.9,平衡液,1.2,0.0,0.0,0.0,0.09346150793982667,0.0,0.0,0.0,0.0,0.0,,,0.0,0.0
3000.0,50.0,平衡液,1.2,0.0,0.0,0.0,0.0948608340319473,0.0,0.0,0.0,0.0,0.0,,,0.0,0.0
3006.0,50.1,平衡液,1.2,0.0,0.0,0.0,0.09626015934368064,0.0,0.0,0.0,0.0,0.0,,,0.0,0.0
3012.0,50.2,平衡液,1.2,0.0,0.0,0.0,0.0976594840011439,0.0,0.0,0.0,0.0,0.0,,,0.0,0.0
3018.0,50.3,平衡液,1.2,0.0,0.0,0.0,0.09905880811165037,0.0,0.0,0.0,0.0,0.0,,,0.0,0.0
3024.0,50.4,平衡液,1.2,0.0,0.0,0.0,0.10045813140789811,0.0,0.0,0.0,0.0,0.0,,,0.0,0.0
3030.0,50.5,平衡液,1.2,0.0,0.0,0.0,0.10185745389123678,0.0,0.0,0.0,0.0,0.0,,,0.0,0.0
3036.0,50.6,平衡液,1.2,0.0,0.0,0.0,0.1032567753999783,0.0,0.0,0.0,0.0,0.0,,,0.0,0.0
3042.0,50.7,平衡液,1.2,0.0,0.0,0.0,0.1046560955203909,0.0,0.0,0.0,0.0,0.0,,,0.0,0.0
3048.0,50.8,平衡液,1.2,0.0,0.0,0.0,0.10605541461621099,0.0,0.0,0.0,0.0,0.0,,,0.0,0.0
3054.0,50.9,平衡液,1.2,0.0,0.0,0.0,0.10745473267208602,0.0,0.0,0.0,0.0,0.0,,,0.0,0.0
3060.0,51.0,平衡液,1.2,0.0,0.0,0.0,0.10885404968610528,0.0,0.0,0.0,0.0,0.0,,,0.0,0.0
3066.0,51.1,平衡液,1.2,0.0,0.0,0.0,0.1102533656292415,0.0,0.0,0.0,0.0,0.0,,,0.0,0.0
3072.0,51.2,平衡液,1.2,0.0,0.0,0.0,0.11165268008483184,0.0,0.0,0.0,0.0,0.0,,,0.0,0.0
3078.0,51.3,平衡液,1.2,0.0,0.0,0.0,0.11305199295013081,0.0,0.0,0.0,0.0,0.0,,,0.0,0.0
3084.0,51.4,平衡液,1.2,0.0,0.0,0.0,0.11445130404265344,0.0,0.0,0.0,0.0,0.0,,,0.0,0.0
3090.0,51.5,平衡液,1.2,0.0,0.0,0.0,0.11585061359576443,0.0,0.0,0.0,0.0,0.0,,,0.0,0.0
3096.0,51.6,平衡液,1.2,0.0,0.0,0.0,0.11724992190103796,0.0,0.0,0.0,0.0,0.0,,,0.0,0.0
3102.0,51.7,平衡液,1.2,0.0,0.0,0.0,0.11864922860902997,0.0,0.0,0.0,0.0,0.0,,,0.0,0.0
3108.0,51.8,平衡液,1.2,0.0,0.0,0.0,0.12004853349785423,0.0,0.0,0.0,0.0,0.0,,,0.0,0.0
3114.0,51.9,平衡液,1.2,0.0,0.0,0.0,0.12144783648644761,0.0,0.0,0.0,0.0,0.0,,,0.0,0.0
3120.0,52.0,平衡液,1.2,0.0,0.0,0.0,0.12284713731236226,0.0,0.0,0.0,0.0,0.0,,,0.0,0.0
3126.0,52.1,平衡液,1.2,0.0,0.0,0.0,0.12424643592840298,0.0,0.0,0.0,0.0,0.0,,,0.0,0.0
3132.0,52.2,平衡液,1.2,0.0,0.0,0.0,0.12564573282606736,0.0,0.0,0.0,0.0,0.0,,,0.0,0.0
3138.0,52.3,平衡液,1.2,0.0,0.0,0.0,0.12704502766270992,0.0,0.0,0.0,0.0,0.0,,,0.0,0.0
3144.0,52.4,平衡液,1.2,0.0,0.0,0.0,0.12844432043481152,0.0,0.0,0.0,0.0,0.0,,,0.0,0.0
3150.0,52.5,平衡液,1.2,0.0,0.0,0.0,0.12984361092589056,0.0,0.0,0.0,0.0,0.0,,,0.0,0.0
3156.0,52.6,平衡液,1.2,0.0,0.0,0.0,0.13124289890171748,0.0,0.0,0.0,0.0,0.0,,,0.0,0.0
3162.0,52.7,平衡液,1.2,0.0,0.0,0.0,0.13264218417564447,0.0,0.0,0.0,0.0,0.0,,,0.0,0.0
3168.0,52.8,平衡液,1.2,0.0,0.0,0.0,0.13404146708109685,0.0,0.0,0.0,0.0,0.0,,,0.0,0.0
3174.0,52.9,平衡液,1.2,0.0,0.0,0.0,0.135440747609557,0.0,0.0,0.0,0.0,0.0,,,0.0,0.0
3180.0,53.0,平衡液,1.2,0.0,0.0,0.0,0.13684002572434395,0.0,0.0,0.0,0.0,0.0,,,0.0,0.0
3186.0,53.1,平衡液,1.2,0.0,0.0,0.0,0.13823930115946415,0.0,0.0,0.0,0.0,0.0,,,0.0,0.0
3192.0,53.2,平衡液,1.2,0.0,0.0,0.0,0.1396385736427179,0.0,0.0,0.0,0.0,0.0,,,0.0,0.0
3198.0,53.3,平衡液,1.2,0.0,0.0,0.0,0.14103784308326964,0.0,0.0,0.0,0.0,0.0,,,0.0,0.0
3204.0,53.4,平衡液,1.2,0.0,0.0,0.0,0.1424366394004513,0.0,0.0,0.0,0.0,0.0,,,0.0,0.0
3210.0,53.5,平衡液,1.2,0.0,0.0,0.0,0.14383486159231168,0.0,0.0,0.0,0.0,0.0,,,0.0,0.0
3216.0,53.6,平衡液,1.2,0.0,0.0,0.0,0.14523251583491253,0.0,0.0,0.0,0.0,0.0,,,0.0,0.0
3222.0,53.7,平衡液,1.2,0.0,0.0,0.0,0.14662960964814722,0.0,0.0,0.0,0.0,0.0,,,0.0,0.0
3228.0,53.8,平衡液,1.2,0.0,0.0,0.0,0.14802615321438997,0.0,0.0,0.0,0.0,0.0,,,0.0,0.0
3234.0,53.9,平衡液,1.2,0.0,0.0,0.0,0.1494221502998616,0.0,0.0,0.0,0.0,0.0,,,0.0,0.0
3240.0,54.0,平衡液,1.2,0.0,0.0,0.0,0.1508175962777608,0.0,0.0,0.0,0.0,0.0,,,0.0,0.0
3246.0,54.1,平衡液,1.2,0.0,0.0,0.0,0.15221249022221464,0.0,0.0,0.0,0.0,0.0,,,0.0,0.0
3252.0,54.2,平衡液,1.2,0.0,0.0,0.0,0.15360684002559627,0.0,0.0,0.0,0.0,0.0,,,0.0,0.0
3258.0,54.3,平衡液,1.2,0.0,0.0,0.0,0.15500065182825262,0.0,0.0,0.0,0.0,0.0,,,0.0,0.0
3264.0,54.4,平衡液,1.2,0.0,0.0,0.0,0.15639393294526224,0.0,0.0,0.0,0.0,0.0,,,0.0,0.0
3270.0,54.5,平衡液,1.2,0.0,0.0,0.0,0.15778667860236578,0.0,0.0,0.0,0.0,0.0,,,0.0,0.0
3276.0,54.6,平衡液,1.2,0.0,0.0,0.0,0.1591788926827644,0.0,0.0,0.0,0.0,0.0,,,0.0,0.0
3282.0,54.7,平衡液,1.2,0.0,0.0,0.0,0.16057057854760323,0.0,0.0,0.0,0.0,0.0,,,0.0,0.0
3288.0,54.8,平衡液,1.2,0.0,0.0,0.0,0.16196173990534674,0.0,0.0,0.0,0.0,0.0,,,0.0,0.0
3294.0,54.9,平衡液,1.2,0.0,0.0,0.0,0.1633523839139347,0.0,0.0,0.0,0.0,0.0,,,0.0,0.0
3300.0,55.0,平衡液,1.2,0.0,0.0,0.0,0.16474251239801066,0.0,0.0,0.0,0.0,0.0,,,0.0,0.0
3306.0,55.1,平衡液,1.2,0.0,0.0,0.0,0.16613212063990956,0.0,0.0,0.0,0.0,0.0,,,0.0,0.0
3312.0,55.2,平衡液,1.2,0.0,0.0,0.0,0.1675212165260402,0.0,0.0,0.0,0.0,0.0,,,0.0,0.0
3318.0,55.3,平衡液,1.2,0.0,0.0,0.0,0.16890980891980475,0.0,0.0,0.0,0.0,0.0,,,0.0,0.0
3324.0,55.4,平衡液,1.2,0.0,0.0,0.0,0.17029790059818745,0.0,0.0,0.0,0.0,0.0,,,0.0,0.0
3330.0,55.5,平衡液,1.2,0.0,0.0,0.0,0.17168550668816926,0.0,0.0,0.0,0.0,0.0,,,0.0,0.0
3336.0,55.6,平衡液,1.2,0.0,0.0,0.0,0.17307264347896012,0.0,0.0,0.0,0.0,0.0,,,0.0,0.0
3342.0,55.7,平衡液,1.2,0.0,0.0,0.0,0.17445933546796683,0.0,0.0,0.0,0.0,0.0,,,0.0,0.0
3348.0,55.8,平衡液,1.2,0.0,0.0,0.0,0.1758456344793779,0.0,0.0,0.0,0.0,0.0,,,0.0,0.0
3354.0,55.9,平衡液,1.2,0.0,0.0,0.0,0.17723161475432797,0.0,0.0,0.0,0.0,0.0,,,0.0,0.0
3360.0,56.0,平衡液,1.2,0.0,0.0,0.0,0.1786173783193036,0.0,0.0,0.0,0.0,0.0,,,0.0,0.0
3366.0,56.1,平衡液,1.2,0.0,0.0,0.0,0.18000306402217098,0.0,0.0,0.0,0.0,0.0,,,0.0,0.0
3372.0,56.2,平衡液,1.2,0.0,0.0,0.0,0.18138885469721314,0.0,0.0,0.0,0.0,0.0,,,0.0,0.0
3378.0,56.3,平衡液,1.2,0.0,0.0,0.0,0.1827749729718455,0.0,0.0,0.0,0.0,0.0,,,0.0,0.0
3384.0,56.4,平衡液,1.2,0.0,0.0,0.0,0.18416168720871132,0.0,0.0,0.0,0.0,0.0,,,0.0,0.0
3390.0,56.5,平衡液,1.2,0.0,0.0,0.0,0.18554930497086328,0.0,0.0,0.0,0.0,0.0,,,0.0,0.0
3396.0,56.6,平衡液,1.2,0.0,0.0,0.0,0.18693815393568403,0.0,0.0,0.0,0.0,0.0,,,0.0,0.0
3402.0,56.7,平衡液,1.2,0.0,0.0,0.0,0.18832856855478677,0.0,0.0,0.0,0.0,0.0,,,0.0,0.0
3408.0,56.8,平衡液,1.2,0.0,0.0,0.0,0.18972088873237639,0.0,0.0,0.0,0.0,0.0,,,0.0,0.0
3414.0,56.9,平衡液,1.2,0.0,0.0,0.0,0.1911154458341462,0.0,0.0,0.0,0.0,0.0,,,0.0,0.0
3420.0,57.0,平衡液,1.2,0.0,0.0,0.0,0.1925125461286176,0.0,0.0,0.0,0.0,0.0,,,0.0,0.0
3426.0,57.1,平衡液,1.2,0.0,0.0,0.0,0.19391246574979548,0.0,0.0,0.0,0.0,0.0,,,0.0,0.0
3432.0,57.2,平衡液,1.2,0.0,0.0,0.0,0.19531545180878393,0.0,0.0,0.0,0.0,0.0,,,0.0,0.0
3438.0,57.3,平衡液,1.2,0.0,0.0,0.0,0.19672171490018753,0.0,0.0,0.0,0.0,0.0,,,0.0,0.0
3444.0,57.4,平衡液,1.2,0.0,0.0,0.0,0.1981314279568035,0.0,0.0,0.0,0.0,0.0,,,0.0,0.0
3450.0,57.5,平衡液,1.2,0.0,0.0,0.0,0.1995447314709643,0.0,0.0,0.0,0.0,0.0,,,0.0,0.0
3456.0,57.6,平衡液,1.2,0.0,0.0,0.0,0.20096173409459994,0.0,0.0,0.0,0.0,0.0,,,0.0,0.0
3462.0,57.7,平衡液,1.2,0.0,0.0,0.0,0.20238251569623852,0.0,0.0,0.0,0.0,0.0,,,0.0,0.0
3468.0,57.8,平衡液,1.2,0.0,0.0,0.0,0.20380713155207192,0.0,0.0,0.0,0.0,0.0,,,0.0,0.0
3474.0,57.9,平衡液,1.2,0.0,0.0,0.0,0.20523562396383732,0.0,0.0,0.0,0.0,0.0,,,0.0,0.0
3480.0,58.0,平衡液,1.2,0.0,0.0,0.0,0.20666802104128304,0.0,0.0,0.0,0.0,0.0,,,0.0,0.0
3486.0,58.1,平衡液,1.2,0.0,0.0,0.0,0.20810433717577057,0.0,0.0,0.0,0.0,0.0,,,0.0,0.0
3492.0,58.2,平衡液,1.2,0.0,0.0,0.0,0.2095445810384542,0.0,0.0,0.0,0.0,0.0,,,0.0,0.0
3498.0,58.3,平衡液,1.2,0.0,0.0,0.0,0.21098875097012773,0.0,0.0,0.0,0.0,0.0,,,0.0,0.0
3504.0,58.4,平衡液,1.2,0.0,0.0,0.0,0.21240043368586223,0.0,0.0,0.0,0.0,0.0,,,0.0,0.0
3510.0,58.5,平衡液,1.2,0.0,0.0,0.0,0.2137999614870465,0.0,0.0,0.0,0.0,0.0,,,0.0,0.0
3516.0,58.6,平衡液,1.2,0.0,0.0,0.0,0.2151995897848787,0.0,0.0,0.0,0.0,0.0,,,0.0,0.0
3522.0,58.7,平衡液,1.2,0.0,0.0,0.0,0.2165992753076928,0.0,0.0,0.0,0.0,0.0,,,0.0,0.0
3528.0,58.8,平衡液,1.2,0.0,0.0,0.0,0.21799900700150351,0.0,0.0,0.0,0.0,0.0,,,0.0,0.0
3534.0,58.9,平衡液,1.2,0.0,0.0,0.0,0.21939878105627156,0.0,0.0,0.0,0.0,0.0,,,0.0,0.0
3540.0,59.0,平衡液,1.2,0.0,0.0,0.0,0.22079859579213623,0.0,0.0,0.0,0.0,0.0,,,0.0,0.0
3546.0,59.1,平衡液,1.2,0.0,0.0,0.0,0.22219845031986343,0.0,0.0,0.0,0.0,0.0,,,0.0,0.0
3552.0,59.2,平衡液,1.2,0.0,0.0,0.0,0.2235983442157112,0.0,0.0,0.0,0.0,0.0,,,0.0,0.0
3558.0,59.3,平衡液,1.2,0.0,0.0,0.0,0.22499827730118493,0.0,0.0,0.0,0.0,0.0,,,0.0,0.0
3564.0,59.4,平衡液,1.2,0.0,0.0,0.0,0.22639824951713902,0.0,0.0,0.0,0.0,0.0,,,0.0,0.0
3570.0,59.5,平衡液,1.2,0.0,0.0,0.0,0.22779826085870863,0.0,0.0,0.0,0.0,0.0,,,0.0,0.0
3576.0,59.6,平衡液,1.2,0.0,0.0,0.0,0.2291983113970716,0.0,0.0,0.0,0.0,0.0,,,0.0,0.0
3582.0,59.7,平衡液,1.2,0.0,0.0,0.0,0.23059840126659614,0.0,0.0,0.0,0.0,0.0,,,0.0,0.0
3588.0,59.8,平衡液,1.2,0.0,0.0,0.0,0.23199853090719877,0.0,0.0,0.0,0.0,0.0,,,0.0,0.0
3594.0,59.9,平衡液,1.2,0.0,0.0,0.0,0.23339870070481047,0.0,0.0,0.0,0.0,0.0,,,0.0,0.0
3600.0,60.0,平衡液,1.2,0.0,0.0,0.0,0.23479891141181825,0.0,0.0,0.0,0.0,0.0,,,0.0,0.0
3606.0,60.1,平衡液,1.2,0.0,0.0,0.0,0.23619916336454252,0.0,0.0,0.0,0.0,0.0,,,0.0,0.0
3612.0,60.2,平衡液,1.2,0.0,0.0,0.0,0.23759945662807197,0.0,0.0,0.0,0.0,0.0,,,0.0,0.0
3618.0,60.3,平衡液,1.2,0.0,0.0,0.0,0.2389997913536718,0.0,0.0,0.0,0.0,0.0,,,0.0,0.0
3624.0,60.4,平衡液,1.2,0.0,0.0,0.0,0.24040016767554495,0.0,0.0,0.0,0.0,0.0,,,0.0,0.0
3630.0,60.5,平衡液,1.2,0.0,0.0,0.0,0.24180058573887495,0.0,0.0,0.0,0.0,0.0,,,0.0,0.0
3636.0,60.6,平衡液,1.2,0.0,0.0,0.0,0.24320104570287238,0.0,0.0,0.0,0.0,0.0,,,0.0,0.0
3642.0,60.7,平衡液,1.2,0.0,0.0,0.0,0.24460154774013323,0.0,0.0,0.0,0.0,0.0,,,0.0,0.0
3648.0,60.8,平衡液,1.2,0.0,0.0,0.0,0.24600209209967755,0.0,0.0,0.0,0.0,0.0,,,0.0,0.0
3654.0,60.9,平衡液,1.2,0.0,0.0,0.0,0.24740267904678165,0.0,0.0,0.0,0.0,0.0,,,0.0,0.0
3660.0,61.0,平衡液,1.2,0.0,0.0,0.0,0.2488033088281866,0.0,0.0,0.0,0.0,0.0,,,0.0,0.0
3666.0,61.1,平衡液,1.2,0.0,0.0,0.0,0.25020398179119346,0.0,0.0,0.0,0.0,0.0,,,0.0,0.0
3672.0,61.2,平衡液,1.2,0.0,0.0,0.0,0.2516046983471352,0.0,0.0,0.0,0.0,0.0,,,0.0,0.0
3678.0,61.3,平衡液,1.2,0.0,0.0,0.0,0.2530054588296597,0.0,0.0,0.0,0.0,0.0,,,0.0,0.0
3684.0,61.4,平衡液,1.2,0.0,0.0,0.0,0.2544062637766666,0.0,0.0,0.0,0.0,0.0,,,0.0,0.0
3690.0,61.5,平衡液,1.2,0.0,0.0,0.0,0.25580711402807305,0.0,0.0,0.0,0.0,0.0,,,0.0,0.0
3696.0,61.6,平衡液,1.2,0.0,0.0,0.0,0.2572080098004337,0.0,0.0,0.0,0.0,0.0,,,0.0,0.0
3702.0,61.7,平衡液,1.2,0.0,0.0,0.0,0.2586089512012755,0.0,0.0,0.0,0.0,0.0,,,0.0,0.0
3708.0,61.8,平衡液,1.2,0.0,0.0,0.0,0.26000993842659365,0.0,0.0,0.0,0.0,0.0,,,0.0,0.0
3714.0,61.9,平衡液,1.2,0.0,0.0,0.0,0.26141097167688765,0.0,0.0,0.0,0.0,0.0,,,0.0,0.0
3720.0,62.0,平衡液,1.2,0.0,0.0,0.0,0.26281205117158035,0.0,0.0,0.0,0.0,0.0,,,0.0,0.0
3726.0,62.1,平衡液,1.2,0.0,0.0,0.0,0.264213177187808,0.0,0.0,0.0,0.0,0.0,,,0.0,0.0
3732.0,62.2,平衡液,1.2,0.0,0.0,0.0,0.26561434997478817,0.0,0.0,0.0,0.0,0.0,,,0.0,0.0
3738.0,62.3,平衡液,1.2,0.0,0.0,0.0,0.26701556975304835,0.0,0.0,0.0,0.0,0.0,,,0.0,0.0
3744.0,62.4,平衡液,1.2,0.0,0.0,0.0,0.26841683674801325,0.0,0.0,0.0,0.0,0.0,,,0.0,0.0
3750.0,62.5,平衡液,1.2,0.0,0.0,0.0,0.2698181511871589,0.0,0.0,0.0,0.0,0.0,,,0.0,0.0
3756.0,62.6,平衡液,1.2,0.0,0.0,0.0,0.27121951336364775,0.0,0.0,0.0,0.0,0.0,,,0.0,0.0
3762.0,62.7,平衡液,1.2,0.0,0.0,0.0,0.27262092367525265,0.0,0.0,0.0,0.0,0.0,,,0.0,0.0
3768.0,62.8,平衡液,1.2,0.0,0.0,0.0,0.2740223824716909,0.0,0.0,0.0,0.0,0.0,,,0.0,0.0
3774.0,62.9,平衡液,1.2,0.0,0.0,0.0,0.27542389031479714,0.0,0.0,0.0,0.0,0.0,,,0.0,0.0
3780.0,63.0,平衡液,1.2,0.0,0.0,0.0,0.27682544714191376,0.0,0.0,0.0,0.0,0.0,,,0.0,0.0
3786.0,63.1,平衡液,1.2,0.0,0.0,0.0,0.2782270522927756,0.0,0.0,0.0,0.0,0.0,,,0.0,0.0
3792.0,63.2,平衡液,1.2,0.0,0.0,0.0,0.2796287046506165,0.0,0.0,0.0,0.0,0.0,,,0.0,0.0
3798.0,63.3,平衡液,1.2,0.0,0.0,0.0,0.28103040245341826,0.0,0.0,0.0,0.0,0.0,,,0.0,0.0
3804.0,63.4,平衡液,1.2,0.0,0.0,0.0,0.2824321430554904,0.0,0.0,0.0,0.0,0.0,,,0.0,0.0
3810.0,63.5,平衡液,1.2,0.0,0.0,0.0,0.28383392272390845,0.0,0.0,0.0,0.0,0.0,,,0.0,0.0
3816.0,63.6,平衡液,1.2,0.0,0.0,0.0,0.28523573635090305,0.0,0.0,0.0,0.0,0.0,,,0.0,0.0
3822.0,63.7,平衡液,1.2,0.0,0.0,0.0,0.2866375773566128,0.0,0.0,0.0,0.0,0.0,,,0.0,0.0
3828.0,63.8,平衡液,1.2,0.0,0.0,0.0,0.2880394372994926,0.0,0.0,0.0,0.0,0.0,,,0.0,0.0
3834.0,63.9,平衡液,1.2,0.0,0.0,0.0,0.28944130602006785,0.0,0.0,0.0,0.0,0.0,,,0.0,0.0
3840.0,64.0,平衡液,1.2,0.0,0.0,0.0,0.2908431715870761,0.0,0.0,0.0,0.0,0.0,,,0.0,0.0
3846.0,64.1,平衡液,1.2,0.0,0.0,0.0,0.2922450206362745,0.0,0.0,0.0,0.0,0.0,,,0.0,0.0
3852.0,64.2,驱油隔离液,1.2,0.0,0.0,0.0,0.29364683886986115,0.0,0.0,0.0,0.0,0.0,,,0.0,0.0
3858.0,64.3,驱油隔离液,1.2,0.0,0.0,0.0,0.2950486113924927,0.0,0.0,0.0,0.0,0.0,,,0.0,0.0
3864.0,64.4,驱油隔离液,1.2,0.0,0.0,0.0,0.2964503224489106,0.0,0.0,0.0,0.0,0.0,,,0.0,0.0
3870.0,64.5,驱油隔离液,1.2,0.0,0.0,0.0,0.2978519566068045,0.0,0.0,0.0,0.0,0.0,,,0.0,0.0
3876.0,64.6,驱油隔离液,1.2,0.0,0.0,0.0,0.2992534992489435,0.0,0.0,0.0,0.0,0.0,,,0.0,0.0
3882.0,64.7,驱油隔离液,1.2,0.0,0.0,0.0,0.3006549371148948,0.0,0.0,0.0,0.0,0.0,,,0.0,0.0
3888.0,64.8,驱油隔离液,1.2,0.0,0.0,0.0,0.3020562588361803,0.0,0.0,0.0,0.0,0.0,,,0.0,0.0
3894.0,64.9,驱油隔离液,1.2,0.0,0.0,0.0,0.30345745560539433,0.0,0.0,0.0,0.0,0.0,,,0.0,0.0
3900.0,65.0,驱油隔离液,1.2,0.0,0.0,0.0,0.3048585220604908,0.0,0.0,0.0,0.0,0.0,,,0.0,0.0
3906.0,65.1,驱油隔离液,1.2,0.0,0.0,0.0,0.30625945422829465,0.0,0.0,0.0,0.0,0.0,,,0.0,0.0
3912.0,65.2,驱油隔离液,1.2,0.0,0.0,0.0,0.3076602520641435,0.0,0.0,0.0,0.0,0.0,,,0.0,0.0
3918.0,65.3,驱油隔离液,1.2,0.0,0.0,0.0,0.30906091816554077,0.0,0.0,0.0,0.0,0.0,,,0.0,0.0
3924.0,65.4,驱油隔离液,1.2,0.0,0.0,0.0,0.31046145798455793,0.0,0.0,0.0,0.0,0.0,,,0.0,0.0
3930.0,65.5,驱油隔离液,1.2,0.0,0.0,0.0,0.3118618791167727,0.0,0.0,0.0,0.0,0.0,,,0.0,0.0
3936.0,65.6,驱油隔离液,1.2,0.0,0.0,0.0,0.3132621921562846,0.0,0.0,0.0,0.0,0.0,,,0.0,0.0
3942.0,65.7,驱油隔离液,1.2,0.0,0.0,0.0,0.3146624082619744,0.0,0.0,0.0,0.0,0.0,,,0.0,0.0
3948.0,65.8,驱油隔离液,1.2,0.0,0.0,0.0,0.31606253989169864,0.0,0.0,0.0,0.0,0.0,,,0.0,0.0
3954.0,65.9,驱油隔离液,1.2,0.0,0.0,0.0,0.31746259947779665,0.0,0.0,0.0,0.0,0.0,,,0.0,0.0
3960.0,66.0,驱油隔离液,1.2,0.0,0.0,0.0,0.31886259803612615,0.0,0.0,0.0,0.0,0.0,,,0.0,0.0
3966.0,66.1,驱油隔离液,1.2,0.0,0.0,0.0,0.32026254628560763,0.0,0.0,0.0,0.0,0.0,,,0.0,0.0
3972.0,66.2,驱油隔离液,1.2,0.0,0.0,0.0,0.3216624539596024,0.0,0.0,0.0,0.0,0.0,,,0.0,0.0
3978.0,66.3,驱油隔离液,1.2,0.0,0.0,0.0,0.32306232951228353,0.0,0.0,0.0,0.0,0.0,,,0.0,0.0
3984.0,66.4,驱油隔离液,1.2,0.0,0.0,0.0,0.3244621823519974,0.0,0.0,0.0,0.0,0.0,,,0.0,0.0
3990.0,66.5,驱油隔离液,1.2,0.0,0.0,0.0,0.32586201945855964,0.0,0.0,0.0,0.0,0.0,,,0.0,0.0
3996.0,66.6,驱油隔离液,1.2,0.0,0.0,0.0,0.3272618456066253,0.0,0.0,0.0,0.0,0.0,,,0.0,0.0
4002.0,66.7,驱油隔离液,1.2,0.0,0.0,0.0,0.32866166427837057,0.0,0.0,0.0,0.0,0.0,,,0.0,0.0
4008.0,66.8,驱油隔离液,1.2,0.0,0.0,0.0,0.33006147806371233,0.0,0.0,0.0,0.0,0.0,,,0.0,0.0
4014.0,66.9,驱油隔离液,1.2,0.0,0.0,0.0,0.33146128870788405,0.0,0.0,0.0,0.0,0.0,,,0.0,0.0
4020.0,67.0,驱油隔离液,1.2,0.0,0.0,0.0,0.3328610974426514,0.0,0.0,0.0,0.0,0.0,,,0.0,0.0
4026.0,67.1,驱油隔离液,1.2,0.0,0.0,0.0,0.33426090512375767,0.0,0.0,0.0,0.0,0.0,,,0.0,0.0
4032.0,67.2,驱油隔离液,1.2,0.0,0.0,0.0,0.3356607123323766,0.0,0.0,0.0,0.0,0.0,,,0.0,0.0
4038.0,67.3,驱油隔离液,1.2,0.0,0.0,0.0,0.3370605194626171,0.0,0.0,0.0,0.0,0.0,,,0.0,0.0
4044.0,67.4,驱油隔离液,1.2,0.0,0.0,0.0,0.33846032682660904,0.0,0.0,0.0,0.0,0.0,,,0.0,0.0
4050.0,67.5,驱油隔离液,1.2,0.0,0.0,0.0,0.33986013470448667,0.0,0.0,0.0,0.0,0.0,,,0.0,0.0
4056.0,67.6,驱油隔离液,1.2,0.0,0.0,0.0,0.34125994321921616,0.0,0.0,0.0,0.0,0.0,,,0.0,0.0
4062.0,67.7,驱油隔离液,1.2,0.0,0.0,0.0,0.34265975246711455,0.0,0.0,0.0,0.0,0.0,,,0.0,0.0
4068.0,67.8,驱油隔离液,1.2,0.0,0.0,0.0,0.34405956253033065,0.0,0.0,0.0,0.0,0.0,,,0.0,0.0
4074.0,67.9,驱油隔离液,1.2,0.0,0.0,0.0,0.34545937347225925,0.0,0.0,0.0,0.0,0.0,,,0.0,0.0
4080.0,68.0,驱油隔离液,1.2,0.0,0.0,0.0,0.34685918534667903,0.0,0.0,0.0,0.0,0.0,,,0.0,0.0
4086.0,68.1,驱油隔离液,1.2,0.0,0.0,0.0,0.3482589982520749,0.0,0.0,0.0,0.0,0.0,,,0.0,0.0
4092.0,68.2,驱油隔离液,1.2,0.0,0.0,0.0,0.3496588123261754,0.0,0.0,0.0,0.0,0.0,,,0.0,0.0
4098.0,68.3,驱油隔离液,1.2,0.0,0.0,0.0,0.3510586276104979,0.0,0.0,0.0,0.0,0.0,,,0.0,0.0
4104.0,68.4,驱油隔离液,1.2,0.0,0.0,0.0,0.35245844416046485,0.0,0.0,0.0,0.0,0.0,,,0.0,0.0
4110.0,68.5,驱油隔离液,1.2,0.0,0.0,0.0,0.3538582620094625,0.0,0.0,0.0,0.0,0.0,,,0.0,0.0
4116.0,68.6,驱油隔离液,1.2,0.0,0.0,0.0,0.35525808119234015,0.0,0.0,0.0,0.0,0.0,,,0.0,0.0
4122.0,68.7,驱油隔离液,1.2,0.0,0.0,0.0,0.35665790173956025,0.0,0.0,0.0,0.0,0.0,,,0.0,0.0
4128.0,68.8,驱油隔离液,1.2,0.0,0.0,0.0,0.35805772373956823,0.0,0.0,0.0,0.0,0.0,,,0.0,0.0
4134.0,68.9,驱油隔离液,1.2,0.0,0.0,0.0,0.3594575472780006,0.0,0.0,0.0,0.0,0.0,,,0.0,0.0
4140.0,69.0,驱油隔离液,1.2,0.0,0.0,0.0,0.36085737239532883,0.0,0.0,0.0,0.0,0.0,,,0.0,0.0
4146.0,69.1,驱油隔离液,1.2,0.0,0.0,0.0,0.36225719911583704,0.0,0.0,0.0,0.0,0.0,,,0.0,0.0
4152.0,69.2,驱油隔离液,1.2,0.0,0.0,0.0,0.36365702745278344,0.0,0.0,0.0,0.0,0.0,,,0.0,0.0
4158.0,69.3,驱油隔离液,1.2,0.0,0.0,0.0,0.3650568574131607,0.0,0.0,0.0,0.0,0.0,,,0.0,0.0
4164.0,69.4,驱油隔离液,1.2,0.0,0.0,0.0,0.3664566890041264,0.0,0.0,0.0,0.0,0.0,,,0.0,0.0
4170.0,69.5,驱油隔离液,1.2,0.0,0.0,0.0,0.36785652229606564,0.0,0.0,0.0,0.0,0.0,,,0.0,0.0
4176.0,69.6,驱油隔离液,1.2,0.0,0.0,0.0,0.36925635735647927,0.0,0.0,0.0,0.0,0.0,,,0.0,0.0
4182.0,69.7,驱油隔离液,1.2,0.0,0.0,0.0,0.37065619420786206,0.0,0.0,0.0,0.0,0.0,,,0.0,0.0
4188.0,69.8,驱油隔离液,1.2,0.0,0.0,0.0,0.3720560328639747,0.0,0.0,0.0,0.0,0.0,,,0.0,0.0
4194.0,69.9,驱油隔离液,1.2,0.0,0.0,0.0,0.3734558733289519,0.0,0.0,0.0,0.0,0.0,,,0.0,0.0
4200.0,70.0,驱油隔离液,1.2,0.0,0.0,0.0,0.3748557156071271,0.0,0.0,0.0,0.0,0.0,,,0.0,0.0
4206.0,70.1,驱油隔离液,1.2,0.0,0.0,0.0,0.37625555970354724,0.0,0.0,0.0,0.0,0.0,,,0.0,0.0
4212.0,70.2,驱油隔离液,1.2,0.0,0.0,0.0,0.37765540568818967,0.0,0.0,0.0,0.0,0.0,,,0.0,0.0
4218.0,70.3,驱油隔离液,1.2,0.0,0.0,0.0,0.3790552536316785,0.0,0.0,0.0,0.0,0.0,,,0.0,0.0
4224.0,70.4,驱油隔离液,1.2,0.0,0.0,0.0,0.3804551035506636,0.0,0.0,0.0,0.0,0.0,,,0.0,0.0
4230.0,70.5,驱油隔离液,1.2,0.0,0.0,0.0,0.3818549554540659,0.0,0.0,0.0,0.0,0.0,,,0.0,0.0
4236.0,70.6,驱油隔离液,1.2,0.0,0.0,0.0,0.38325480936489276,0.0,0.0,0.0,0.0,0.0,,,0.0,0.0
4242.0,70.7,驱油隔离液,1.2,0.0,0.0,0.0,0.3846546652946068,0.0,0.0,0.0,0.0,0.0,,,0.0,0.0
4248.0,70.8,驱油隔离液,1.2,0.0,0.0,0.0,0.3860545232588217,0.0,0.0,0.0,0.0,0.0,,,0.0,0.0
4254.0,70.9,驱油隔离液,1.2,0.0,0.0,0.0,0.38745438332884097,0.0,0.0,0.0,0.0,0.0,,,0.0,0.0
4260.0,71.0,驱油隔离液,1.2,0.0,0.0,0.0,0.38885424557480763,0.0,0.0,0.0,0.0,0.0,,,0.0,0.0
4266.0,71.1,驱油隔离液,1.2,0.0,0.0,0.0,0.39025411002566796,0.0,0.0,0.0,0.0,0.0,,,0.0,0.0
4272.0,71.2,驱油隔离液,1.2,0.0,0.0,0.0,0.3916539766964175,0.0,0.0,0.0,0.0,0.0,,,0.0,0.0
4278.0,71.3,驱油隔离液,1.2,0.0,0.0,0.0,0.3930538456043464,0.0,0.0,0.0,0.0,0.0,,,0.0,0.0
4284.0,71.4,驱油隔离液,1.2,0.0,0.0,0.0,0.3944537167748623,0.0,0.0,0.0,0.0,0.0,,,0.0,0.0
4290.0,71.5,驱油隔离液,1.2,0.0,0.0,0.0,0.39585359023723443,0.0,0.0,0.0,0.0,0.0,,,0.0,0.0
4296.0,71.6,驱油隔离液,1.2,0.0,0.0,0.0,0.39725346606398954,0.0,0.0,0.0,0.0,0.0,,,0.0,0.0
4302.0,71.7,驱油隔离液,1.2,0.0,0.0,0.0,0.3986533443195664,0.0,0.0,0.0,0.0,0.0,,,0.0,0.0
4308.0,71.8,驱油隔离液,1.2,0.0,0.0,0.0,0.4000532250457118,0.0,0.0,0.0,0.0,0.0,,,0.0,0.0
4314.0,71.9,驱油隔离液,1.2,0.0,0.0,0.0,0.4014531082646008,0.0,0.0,0.0,0.0,0.0,,,0.0,0.0
4320.0,72.0,驱油隔离液,1.2,0.0,0.0,0.0,0.4028529939999509,0.0,0.0,0.0,0.0,0.0,,,0.0,0.0
4326.0,72.1,驱油隔离液,1.2,0.0,0.0,0.0,0.40425288227557493,0.0,0.0,0.0,0.0,0.0,,,0.0,0.0
4332.0,72.2,驱油隔离液,1.2,0.0,0.0,0.0,0.40565277313323755,0.0,0.0,0.0,0.0,0.0,,,0.0,0.0
4338.0,72.3,驱油隔离液,1.2,0.0,0.0,0.0,0.40705266665612355,0.0,0.0,0.0,0.0,0.0,,,0.0,0.0
4344.0,72.4,驱油隔离液,1.2,0.0,0.0,0.0,0.40845256289943127,0.0,0.0,0.0,0.0,0.0,,,0.0,0.0
4350.0,72.5,驱油隔离液,1.2,0.0,0.0,0.0,0.40985246192271496,0.0,0.0,0.0,0.0,0.0,,,0.0,0.0
4356.0,72.6,驱油隔离液,1.2,0.0,0.0,0.0,0.41125236375351426,0.0,0.0,0.0,0.0,0.0,,,0.0,0.0
4362.0,72.7,驱油隔离液,1.2,0.0,0.0,0.0,0.41265226842020525,0.0,0.0,0.0,0.0,0.0,,,0.0,0.0
4368.0,72.8,驱油隔离液,1.2,0.0,0.0,0.0,0.41405217595274146,0.0,0.0,0.0,0.0,0.0,,,0.0,0.0
4374.0,72.9,驱油隔离液,1.2,0.0,0.0,0.0,0.41545208639415726,0.0,0.0,0.0,0.0,0.0,,,0.0,0.0
4380.0,73.0,驱油隔离液,1.2,0.0,0.0,0.0,0.4168519998317814,0.0,0.0,0.0,0.0,0.0,,,0.0,0.0
4386.0,73.1,驱油隔离液,1.2,0.0,0.0,0.0,0.41825191631432845,0.0,0.0,0.0,0.0,0.0,,,0.0,0.0
4392.0,73.2,驱油隔离液,1.2,0.0,0.0,0.0,0.4196518359174275,0.0,0.0,0.0,0.0,0.0,,,0.0,0.0
4398.0,73.3,驱油隔离液,1.2,0.0,0.0,0.0,0.4210517586728898,0.0,0.0,0.0,0.0,0.0,,,0.0,0.0
4404.0,73.4,驱油隔离液,1.2,0.0,0.0,0.0,0.4224516846136573,0.0,0.0,0.0,0.0,0.0,,,0.0,0.0
4410.0,73.5,驱油隔离液,1.2,0.0,0.0,0.0,0.42385161377281294,0.0,0.0,0.0,0.0,0.0,,,0.0,0.0
4416.0,73.6,驱油隔离液,1.2,0.0,0.0,0.0,0.4252515461976754,0.0,0.0,0.0,0.0,0.0,,,0.0,0.0
4422.0,73.7,驱油隔离液,1.2,0.0,0.0,0.0,0.42665148197808866,0.0,0.0,0.0,0.0,0.0,,,0.0,0.0
4428.0,73.8,驱油隔离液,1.2,0.0,0.0,0.0,0.4280514211559426,0.0,0.0,0.0,0.0,0.0,,,0.0,0.0
4434.0,73.9,驱油隔离液,1.2,0.0,0.0,0.0,0.4294513638106756,0.0,0.0,0.0,0.0,0.0,,,0.0,0.0
4440.0,74.0,驱油隔离液,1.2,0.0,0.0,0.0,0.4308513099881291,0.0,0.0,0.0,0.0,0.0,,,0.0,0.0
4446.0,74.1,驱油隔离液,1.2,0.0,0.0,0.0,0.4322512597251773,0.0,0.0,0.0,0.0,0.0,,,0.0,0.0
4452.0,74.2,驱油隔离液,1.2,0.0,0.0,0.0,0.43365121305956444,0.0,0.0,0.0,0.0,0.0,,,0.0,0.0
4458.0,74.3,驱油隔离液,1.2,0.0,0.0,0.0,0.4350511700429645,0.0,0.0,0.0,0.0,0.0,,,0.0,0.0
4464.0,74.4,驱油隔离液,1.2,0.0,0.0,0.0,0.4364511307688136,0.0,0.0,0.0,0.0,0.0,,,0.0,0.0
4470.0,74.5,驱油隔离液,1.2,0.0,0.0,0.0,0.43785109528080046,0.0,0.0,0.0,0.0,0.0,,,0.0,0.0
4476.0,74.6,驱油隔离液,1.2,0.0,0.0,0.0,0.43925106363919775,0.0,0.0,0.0,0.0,0.0,,,0.0,0.0
4482.0,74.7,驱油隔离液,1.2,0.0,0.0,0.0,0.44065103591080135,0.0,0.0,0.0,0.0,0.0,,,0.0,0.0
4488.0,74.8,驱油隔离液,1.2,0.0,0.0,0.0,0.4420510121397182,0.0,0.0,0.0,0.0,0.0,,,0.0,0.0
4494.0,74.9,驱油隔离液,1.2,0.0,0.0,0.0,0.4434509923651531,0.0,0.0,0.0,0.0,0.0,,,0.0,0.0
4500.0,75.0,驱油隔离液,1.2,0.0,0.0,0.0,0.4448509766402998,0.0,0.0,0.0,0.0,0.0,,,0.0,0.0
4506.0,75.1,驱油隔离液,1.2,0.0,0.0,0.0,0.44625096506275985,0.0,0.0,0.0,0.0,0.0,,,0.0,0.0
4512.0,75.2,驱油隔离液,1.2,0.0,0.0,0.0,0.4476509576779761,0.0,0.0,0.0,0.0,0.0,,,0.0,0.0
4518.0,75.3,驱油隔离液,1.2,0.0,0.0,0.0,0.44905095453402666,0.0,0.0,0.0,0.0,0.0,,,0.0,0.0
4524.0,75.4,驱油隔离液,1.2,0.0,0.0,0.0,0.45045095570994587,0.0,0.0,0.0,0.0,0.0,,,0.0,0.0
4530.0,75.5,驱油隔离液,1.2,0.0,0.0,0.0,0.4518509612475997,0.0,0.0,0.0,0.0,0.0,,,0.0,0.0
4536.0,75.6,驱油隔离液,1.2,0.0,0.0,0.0,0.45325097119626,0.0,0.0,0.0,0.0,0.0,,,0.0,0.0
4542.0,75.7,驱油隔离液,1.2,0.0,0.0,0.0,0.45465098561086587,0.0,0.0,0.0,0.0,0.0,,,0.0,0.0
4548.0,75.8,驱油隔离液,1.2,0.0,0.0,0.0,0.45605100459181525,0.0,0.0,0.0,0.0,0.0,,,0.0,0.0
4554.0,75.9,驱油隔离液,1.2,0.0,0.0,0.0,0.457451028185578,0.0,0.0,0.0,0.0,0.0,,,0.0,0.0
4560.0,76.0,驱油隔离液,1.2,0.0,0.0,0.0,0.4588510564357755,0.0,0.0,0.0,0.0,0.0,,,0.0,0.0
4566.0,76.1,驱油隔离液,1.2,0.0,0.0,0.0,0.46025108941684717,0.0,0.0,0.0,0.0,0.0,,,0.0,0.0
4572.0,76.2,驱油隔离液,1.2,0.0,0.0,0.0,0.4616511271774264,0.0,0.0,0.0,0.0,0.0,,,0.0,0.0
4578.0,76.3,驱油隔离液,1.2,0.0,0.0,0.0,0.4630511697561342,0.0,0.0,0.0,0.0,0.0,,,0.0,0.0
4584.0,76.4,驱油隔离液,1.2,0.0,0.0,0.0,0.4644512171986909,0.0,0.0,0.0,0.0,0.0,,,0.0,0.0
4590.0,76.5,驱油隔离液,1.2,0.0,0.0,0.0,0.4658512696058637,0.0,0.0,0.0,0.0,0.0,,,0.0,0.0
4596.0,76.6,驱油隔离液,1.2,0.0,0.0,0.0,0.46725132701129124,0.0,0.0,0.0,0.0,0.0,,,0.0,0.0
4602.0,76.7,驱油隔离液,1.2,0.0,0.0,0.0,0.4686513894423738,0.0,0.0,0.0,0.0,0.0,,,0.0,0.0
4608.0,76.8,驱油隔离液,1.2,0.0,0.0,0.0,0.47005145693691947,0.0,0.0,0.0,0.0,0.0,,,0.0,0.0
4614.0,76.9,驱油隔离液,1.2,0.0,0.0,0.0,0.4714515295324933,0.0,0.0,0.0,0.0,0.0,,,0.0,0.0
4620.0,77.0,驱油隔离液,1.2,0.0,0.0,0.0,0.47285160723521924,0.0,0.0,0.0,0.0,0.0,,,0.0,0.0
4626.0,77.1,驱油隔离液,1.2,0.0,0.0,0.0,0.47425169004526163,0.0,0.0,0.0,0.0,0.0,,,0.0,0.0
4632.0,77.2,驱油隔离液,1.2,0.0,0.0,0.0,0.47565177800566927,0.0,0.0,0.0,0.0,0.0,,,0.0,0.0
4638.0,77.3,驱油隔离液,1.2,0.0,0.0,0.0,0.477051871089826,0.0,0.0,0.0,0.0,0.0,,,0.0,0.0
4644.0,77.4,驱油隔离液,1.2,0.0,0.0,0.0,0.47845196925845745,0.0,0.0,0.0,0.0,0.0,,,0.0,0.0
4650.0,77.5,驱油隔离液,1.2,0.0,0.0,0.0,0.4798520724480868,0.0,0.0,0.0,0.0,0.0,,,0.0,0.0
4656.0,77.6,驱油隔离液,1.2,0.0,0.0,0.0,0.4812521806108615,0.0,0.0,0.0,0.0,0.0,,,0.0,0.0
4662.0,77.7,驱油隔离液,1.2,0.0,0.0,0.0,0.4826522936376229,0.0,0.0,0.0,0.0,0.0,,,0.0,0.0
4668.0,77.8,驱油隔离液,1.2,0.0,0.0,0.0,0.48405241139883276,0.0,0.0,0.0,0.0,0.0,,,0.0,0.0
4674.0,77.9,驱油隔离液,1.2,0.0,0.0,0.0,0.4854525337924595,0.0,0.0,0.0,0.0,0.0,,,0.0,0.0
4680.0,78.0,驱油隔离液,1.2,0.0,0.0,0.0,0.4868526606323656,0.0,0.0,0.0,0.0,0.0,,,0.0,0.0
4686.0,78.1,驱油隔离液,1.2,0.0,0.0,0.0,0.4882527917093795,0.0,0.0,0.0,0.0,0.0,,,0.0,0.0
4692.0,78.2,驱油隔离液,1.2,0.0,0.0,0.0,0.48965292679006356,0.0,0.0,0.0,0.0,0.0,,,0.0,0.0
4698.0,78.3,驱油隔离液,1.2,0.0,0.0,0.0,0.49105306563223383,0.0,0.0,0.0,0.0,0.0,,,0.0,0.0
4704.0,78.4,驱油隔离液,1.2,0.0,0.0,0.0,0.49245320796587305,0.0,0.0,0.0,0.0,0.0,,,0.0,0.0
4710.0,78.5,驱油隔离液,1.2,0.0,0.0,0.0,0.4938533534807864,0.0,0.0,0.0,0.0,0.0,,,0.0,0.0
4716.0,78.6,驱油隔离液,1.2,0.0,0.0,0.0,0.49525350191341955,0.0,0.0,0.0,0.0,0.0,,,0.0,0.0
4722.0,78.7,驱油隔离液,1.2,0.0,0.0,0.0,0.49665365293289443,0.0,0.0,0.0,0.0,0.0,,,0.0,0.0
4728.0,78.8,驱油隔离液,1.2,0.0,0.0,0.0,0.4980538061920406,0.0,0.0,0.0,0.0,0.0,,,0.0,0.0
4734.0,78.9,驱油隔离液,1.2,0.0,0.0,0.0,0.4994539613377568,0.0,0.0,0.0,0.0,0.0,,,0.0,0.0
4740.0,79.0,驱油隔离液,1.2,0.0,0.0,0.0,0.5008541180492879,0.0,0.0,0.0,0.0,0.0,,,0.0,0.0
4746.0,79.1,驱油隔离液,1.2,0.0,0.0,0.0,0.5022542759713333,0.0,0.0,0.0,0.0,0.0,,,0.0,0.0
4752.0,79.2,驱油隔离液,1.2,0.0,0.0,0.0,0.5036544347500943,0.0,0.0,0.0,0.0,0.0,,,0.0,0.0
4758.0,79.3,驱油隔离液,1.2,0.0,0.0,0.0,0.505054594112803,0.0,0.0,0.0,0.0,0.0,,,0.0,0.0
4764.0,79.4,驱油隔离液,1.2,0.0,0.0,0.0,0.506454753737624,0.0,0.0,0.0,0.0,0.0,,,0.0,0.0
4770.0,79.5,驱油隔离液,1.2,0.0,0.0,0.0,0.5078549133028927,0.0,0.0,0.0,0.0,0.0,,,0.0,0.0
4776.0,79.6,驱油隔离液,1.2,0.0,0.0,0.0,0.5092550725217213,0.0,0.0,0.0,0.0,0.0,,,0.0,0.0
4782.0,79.7,驱油隔离液,1.2,0.0,0.0,0.0,0.5106552311064129,0.0,0.0,0.0,0.0,0.0,,,0.0,0.0
4788.0,79.8,驱油隔离液,1.2,0.0,0.0,0.0,0.5120553887816175,0.0,0.0,0.0,0.0,0.0,,,0.0,0.0
4794.0,79.9,驱油隔离液,1.2,0.0,0.0,0.0,0.513455545343497,0.0,0.0,0.0,0.0,0.0,,,0.0,0.0
4800.0,80.0,驱油隔离液,1.2,0.0,0.0,0.0,0.514855700575307,0.0,0.0,0.0,0.0,0.0,,,0.0,0.0
4806.0,80.1,驱油隔离液,1.2,0.0,0.0,0.0,0.5162558542459149,0.0,0.0,0.0,0.0,0.0,,,0.0,0.0
4812.0,80.2,驱油隔离液,1.2,0.0,0.0,0.0,0.5176560061504198,0.0,0.0,0.0,0.0,0.0,,,0.0,0.0
4818.0,80.3,驱油隔离液,1.2,0.0,0.0,0.0,0.5190561561046668,0.0,0.0,0.0,0.0,0.0,,,0.0,0.0
4824.0,80.4,驱油隔离液,1.2,0.0,0.0,0.0,0.52045630391708,0.0,0.0,0.0,0.0,0.0,,,0.0,0.0
4830.0,80.5,驱油隔离液,1.2,0.0,0.0,0.0,0.5218564494667532,0.0,0.0,0.0,0.0,0.0,,,0.0,0.0
4836.0,80.6,驱油隔离液,1.2,0.0,0.0,0.0,0.5232565925995708,0.0,0.0,0.0,0.0,0.0,,,0.0,0.0
4842.0,80.7,驱油隔离液,1.2,0.0,0.0,0.0,0.5246567331565555,0.0,0.0,0.0,0.0,0.0,,,0.0,0.0
4848.0,80.8,驱油隔离液,1.2,0.0,0.0,0.0,0.5260568710049279,0.0,0.0,0.0,0.0,0.0,,,0.0,0.0
4854.0,80.9,驱油隔离液,1.2,0.0,0.0,0.0,0.5274570060330767,0.0,0.0,0.0,0.0,0.0,,,0.0,0.0
4860.0,81.0,驱油隔离液,1.2,0.0,0.0,0.0,0.528857138102531,0.0,0.0,0.0,0.0,0.0,,,0.0,0.0
4866.0,81.1,驱油隔离液,1.2,0.0,0.0,0.0,0.530257267151772,0.0,0.0,0.0,0.0,0.0,,,0.0,0.0
4872.0,81.2,驱油隔离液,1.2,0.0,0.0,0.0,0.5316573930749708,0.0,0.0,0.0,0.0,0.0,,,0.0,0.0
4878.0,81.3,驱油隔离液,1.2,0.0,0.0,0.0,0.533057515763402,0.0,0.0,0.0,0.0,0.0,,,0.0,0.0
4884.0,81.4,驱油隔离液,1.2,0.0,0.0,0.0,0.534457635121617,0.0,0.0,0.0,0.0,0.0,,,0.0,0.0
4890.0,81.5,驱油隔离液,1.2,0.0,0.0,0.0,0.5358577510733323,0.0,0.0,0.0,0.0,0.0,,,0.0,0.0
4896.0,81.6,驱油隔离液,1.2,0.0,0.0,0.0,0.5372578635340974,0.0,0.0,0.0,0.0,0.0,,,0.0,0.0
4902.0,81.7,驱油隔离液,1.2,0.0,0.0,0.0,0.5386579724765523,0.0,0.0,0.0,0.0,0.0,,,0.0,0.0
4908.0,81.8,驱油隔离液,1.2,0.0,0.0,0.0,0.5400580778249398,0.0,0.0,0.0,0.0,0.0,,,0.0,0.0
4914.0,81.9,驱油隔离液,1.2,0.0,0.0,0.0,0.5414581795015347,0.0,0.0,0.0,0.0,0.0,,,0.0,0.0
4920.0,82.0,驱油隔离液,1.2,0.0,0.0,0.0,0.5428582774341443,0.0,0.0,0.0,0.0,0.0,,,0.0,0.0
4926.0,82.1,驱油隔离液,1.2,0.0,0.0,0.0,0.5442583715921171,0.0,0.0,0.0,0.0,0.0,,,0.0,0.0
4932.0,82.2,驱油隔离液,1.2,0.0,0.0,0.0,0.5456584619213134,0.0,0.0,0.0,0.0,0.0,,,0.0,0.0
4938.0,82.3,驱油隔离液,1.2,0.0,0.0,0.0,0.5470585484087668,0.0,0.0,0.0,0.0,0.0,,,0.0,0.0
4944.0,82.4,驱油隔离液,1.2,0.0,0.0,0.0,0.5484586309996198,0.0,0.0,0.0,0.0,0.0,,,0.0,0.0
4950.0,82.5,驱油隔离液,1.2,0.0,0.0,0.0,0.5498587096373445,0.0,0.0,0.0,0.0,0.0,,,0.0,0.0
4956.0,82.6,驱油隔离液,1.2,0.0,0.0,0.0,0.551258784270969,0.0,0.0,0.0,0.0,0.0,,,0.0,0.0
4962.0,82.7,驱油隔离液,1.2,0.0,0.0,0.0,0.5526588548999773,0.0,0.0,0.0,0.0,0.0,,,0.0,0.0
4968.0,82.8,驱油隔离液,1.2,0.0,0.0,0.0,0.5540589214782583,0.0,0.0,0.0,0.0,0.0,,,0.0,0.0
4974.0,82.9,驱油隔离液,1.2,0.0,0.0,0.0,0.5554589840064544,0.0,0.0,0.0,0.0,0.0,,,0.0,0.0
4980.0,83.0,驱油隔离液,1.2,0.0,0.0,0.0,0.5568590424396034,0.0,0.0,0.0,0.0,0.0,,,0.0,0.0
4986.0,83.1,驱油隔离液,1.2,0.0,0.0,0.0,0.5582590967313736,0.0,0.0,0.0,0.0,0.0,,,0.0,0.0
4992.0,83.2,驱油隔离液,1.2,0.0,0.0,0.0,0.5596591468583295,0.0,0.0,0.0,0.0,0.0,,,0.0,0.0
4998.0,83.3,驱油隔离液,1.2,0.0,0.0,0.0,0.5610591928073663,0.0,0.0,0.0,0.0,0.0,,,0.0,0.0
5004.0,83.4,驱油隔离液,1.2,0.0,0.0,0.0,0.5624592345466483,0.0,0.0,0.0,0.0,0.0,,,0.0,0.0
5010.0,83.5,驱油隔离液,1.2,0.0,0.0,0.0,0.5638592720857264,0.0,0.0,0.0,0.0,0.0,,,0.0,0.0
5016.0,83.6,驱油隔离液,1.2,0.0,0.0,0.0,0.5652593053831676,0.0,0.0,0.0,0.0,0.0,,,0.0,0.0
5022.0,83.7,驱油隔离液,1.2,0.0,0.0,0.0,0.5666593344174428,0.0,0.0,0.0,0.0,0.0,,,0.0,0.0
5028.0,83.8,驱油隔离液,1.2,0.0,0.0,0.0,0.56805935915352,0.0,0.0,0.0,0.0,0.0,,,0.0,0.0
5034.0,83.9,驱油隔离液,1.2,0.0,0.0,0.0,0.56945937958028,0.0,0.0,0.0,0.0,0.0,,,0.0,0.0
5040.0,84.0,驱油隔离液,1.2,0.0,0.0,0.0,0.5708593956797112,0.0,0.0,0.0,0.0,0.0,,,0.0,0.0
5046.0,84.1,驱油隔离液,1.2,0.0,0.0,0.0,0.5722594074615506,0.0,0.0,0.0,0.0,0.0,,,0.0,0.0
5052.0,84.2,驱油隔离液,1.2,0.0,0.0,0.0,0.5736594149064912,0.0,0.0,0.0,0.0,0.0,,,0.0,0.0
5058.0,84.3,驱油隔离液,1.2,0.0,0.0,0.0,0.575059417987585,0.0,0.0,0.0,0.0,0.0,,,0.0,0.0
5064.0,84.4,驱油隔离液,1.2,0.0,0.0,0.0,0.5764594166748718,0.0,0.0,0.0,0.0,0.0,,,0.0,0.0
5070.0,84.5,驱油隔离液,1.2,0.0,0.0,0.0,0.5778594109618392,0.0,0.0,0.0,0.0,0.0,,,0.0,0.0
5076.0,84.6,驱油隔离液,1.2,0.0,0.0,0.0,0.5792594008458856,0.0,0.0,0.0,0.0,0.0,,,0.0,0.0
5082.0,84.7,驱油隔离液,1.2,0.0,0.0,0.0,0.580659386354299,0.0,0.0,0.0,0.0,0.0,,,0.0,0.0
5088.0,84.8,驱油隔离液,1.2,0.0,0.0,0.0,0.582059367471705,0.0,0.0,0.0,0.0,0.0,,,0.0,0.0
5094.0,84.9,驱油隔离液,1.2,0.0,0.0,0.0,0.5834593441817618,0.0,0.0,0.0,0.0,0.0,,,0.0,0.0
5100.0,85.0,驱油隔离液,1.2,0.0,0.0,0.0,0.5848593164689959,0.0,0.0,0.0,0.0,0.0,,,0.0,0.0
5106.0,85.1,领浆,1.2,0.0014634297462078425,0.0014634297462078425,0.0,0.5841409035354213,0.0014634297462078425,0.0,0.0,0.002060238095238095,0.00038263480265396236,7868.0,7868.0,0.0,0.002380952380952381
5112.0,85.2,领浆,1.2,0.003043072459912065,0.003043072459912065,0.0,0.5838844014650475,0.003043072459912065,0.0,0.0,0.004094098372362635,0.001072496722583079,7862.116587112172,7868.0,0.002386634844868647,0.0035714285714285713
5118.0,85.3,领浆,1.2,0.004658190095148426,0.004658190095148426,0.0,0.5836925543951815,0.004658190095148426,0.0,0.0,0.006120243303261611,0.0017619782462881006,7856.233174224344,7862.116587112172,0.002386634844868647,0.005307539682539683
5124.0,85.4,领浆,1.2,0.006277323791006092,0.006277323791006092,0.0,0.5834850474222204,0.006277323791006092,0.0,0.0,0.008144409413159803,0.002438160586543288,7850.349761336515,7856.233174224344,0.002386634844869016,0.006498015873015873
5130.0,85.5,领浆,1.2,0.00789236998415481,0.00789236998415481,0.0,0.5832722680986154,0.00789236998415481,0.0,0.0,0.010168171379536508,0.00311365199438417,7844.466348448687,7856.233174224344,0.004773269689737663,0.007490079365079365
5136.0,85.6,领浆,1.2,0.009481563462613415,0.009481563462613415,0.0,0.5830571300609396,0.009481563462613415,6.659285919231045e-12,0.0,0.012162314603001411,0.0037785123563745795,7838.582935560859,7850.349761336515,0.004773269689737294,0.009126984126984128
5142.0,85.7,领浆,1.2,0.010865444124770973,0.010865444124770973,0.0,0.5828413379091623,0.010865444124770973,1.6786580291597727e-09,0.0,0.013894534240985192,0.004352735226571426,7832.699522673031,7850.349761336515,0.007159904534605941,0.010515873015873017
5148.0,85.8,领浆,1.2,0.01226341994950885,0.01226341994950885,0.0,0.5826349282622042,0.01226341994950885,1.1840085629818434e-07,0.0,0.015644640606452785,0.004926712433332392,7826.816109785203,7844.466348448687,0.00715990453460631,0.012698412698412698
5154.0,85.9,领浆,1.2,0.01366363044973655,0.01366363044973655,0.0,0.5824277035148958,0.01366363044973655,3.472390596715208e-06,0.0,0.01740029769135708,0.005492070865552911,7820.932696897375,7844.466348448687,0.009546539379474956,0.016121031746031748
5160.0,86.0,领浆,1.2,0.015064037247357871,0.015064037247357871,0.0,0.5822195748663483,0.015064037247357871,4.7670429790124743e-05,0.0,0.019159140425463426,0.00605228677845397,7815.049284009547,7838.582935560859,0.009546539379474956,0.018154761904761906
5166.0,86.1,领浆,1.2,0.016464302342053823,0.016464302342053823,0.0,0.582010968679006,0.016464302342053823,0.00030719403509312117,0.0,0.020921841653234224,0.006606142398365092,7809.165871121719,7832.699522673031,0.009546539379474956,0.019642857142857142
5172.0,86.2,领浆,1.2,0.01786423186105339,0.01786423186105339,0.0,0.5818016738138103,0.01786423186105339,0.000916892458191244,2.1421807004277424e-24,0.02268708883493971,0.007155938694834035,7803.28245823389,7832.699522673031,0.011933174224343973,0.021279761904761905
5178.0,86.3,领浆,1.2,0.019263805032201802,0.019263805032201802,0.0,0.5815917894657971,0.019263805032201802,0.00185684692449482,7.296942003959617e-21,0.024453980045031725,0.007701793869924793,7797.399045346062,7826.816109785203,0.011933174224343604,0.023214285714285715
5184.0,86.4,领浆,1.2,0.020663032126797504,0.020663032126797504,0.0,0.5813812819426512,0.020663032126797504,0.003003660755805881,4.107522371251369e-18,0.026221639136113188,0.008243393149689351,7791.515632458234,7826.816109785203,0.014319809069212252,0.02490079365079365
5190.0,86.5,领浆,1.2,0.022061964246894338,0.022061964246894338,0.0,0.5811699529622937,0.022061964246894338,0.004264824931932372,9.056690576926183e-16,0.027989619091590336,0.008782334559497364,7785.632219570406,7820.932696897375,0.014319809069212252,0.026240079365079366
5196.0,86.6,领浆,1.2,0.023460709563425927,0.023460709563425927,0.0,0.5809576698614154,0.023460709563425927,0.005589671534042099,1.0340473825903429e-13,0.02975899704894263,0.00931800675383119,7779.748806682577,7820.932696897375,0.016706443914081267,0.02787698412698413
5202.0,86.7,领浆,1.2,0.02485927917465774,0.02485927917465774,0.0,0.5807445400877923,0.02485927917465774,0.006951383727903038,7.0016382269283525e-12,0.03152975034149881,0.009851143486671042,7773.865393794749,7815.049284009547,0.016706443914081267,0.029613095238095237
5208.0,86.8,领浆,1.2,0.02625768103841664,0.02625768103841664,0.0,0.5805304874954172,0.02625768103841664,0.008337873073856193,3.033069264390633e-10,0.033301503979522196,0.01038270310970481,7767.981980906921,7815.049284009547,0.019093078758949913,0.03125
5214.0,86.9,领浆,1.2,0.02765591400283602,0.02765591400283602,0.0,0.5803157312841658,0.02765591400283602,0.009744781104506866,8.783587295988045e-09,0.03507372723755745,0.010911364050040966,7762.098568019093,7809.165871121719,0.019093078758949913,0.03249007936507937
5220.0,87.0,领浆,1.2,0.029053999261934034,0.029053999261934034,0.0,0.5801002256995782,0.029053999261934034,0.011170289054475953,1.7413419157270997e-07,0.03684609927956951,0.011437830959825816,7756.2151551312645,7809.165871121719,0.02147971360381893,0.034027777777777775
5226.0,87.1,领浆,1.2,0.03045198772873569,0.03045198772873569,0.0,0.5798836582056002,0.03045198772873569,0.01261265191650353,2.384979987637583e-06,0.03861907517770118,0.011962998858351346,7750.331742243437,7803.28245823389,0.021479713603818562,0.03581349206349206
5232.0,87.2,领浆,1.2,0.03184989666700212,0.03184989666700212,0.0,0.5796664419238471,0.03184989666700212,0.01407019004750789,2.251753336642678e-05,0.04039294761489563,0.012485982319993474,7750.331742243437,7803.28245823389,0.021479713603818562,0.03695436507936508
5238.0,87.3,领浆,1.2,0.033247721421888546,0.033247721421888546,0.0,0.5794484124205183,0.033247721421888546,0.015541469791464672,0.00014523145439714597,0.04216740559013685,0.013007326189027309,7744.448329355609,7803.28245823389,0.023866348448687208,0.03804563492063492
5244.0,87.4,领浆,1.2,0.03464546886251862,0.03464546886251862,0.0,0.5792296976822795,0.03464546886251862,0.017025108092719152,0.0006377248626429713,0.04394221112844145,0.013527548897319093,7738.564916467781,7797.399045346062,0.023866348448687208,0.03993055555555555
5250.0,87.5,领浆,1.2,0.03604314235082558,0.03604314235082558,0.0,0.5790100543989793,0.03604314235082558,0.01851984282121595,0.0019732725152274374,0.045717201825476735,0.01404573428492204,7732.681503579953,7797.399045346062,0.026252983293555854,0.041567460317460315
5256.0,87.6,领浆,1.2,0.037440754528048445,0.037440754528048445,0.0,0.5787897972179138,0.037440754528048445,0.020024490786583395,0.004691451983089463,0.047492334643776536,0.014562416445587532,7726.798090692124,7791.515632458234,0.026252983293556225,0.042956349206349206
5262.0,87.7,领浆,1.2,0.038838338552438,0.038838338552438,0.0,0.5785686275618611,0.038838338552438,0.021537768009686088,0.009172985269764816,0.04926817238478527,0.015078268732068533,7720.914677804296,7791.515632458234,0.02863961813842487,0.04429563492063492
5268.0,87.8,领浆,1.2,0.04023587794654308,0.04023587794654308,0.0,0.5783468078496509,0.04023587794654308,0.023058936224349392,0.01547342614725648,0.051044419243482304,0.015592412418028574,7715.031264916468,7785.632219570406,0.02863961813842487,0.04618055555555556
5274.0,87.9,领浆,1.2,0.041633374298623925,0.041633374298623925,0.0,0.5781243231626397,0.041633374298623925,0.024587291105029586,0.02333717535810848,0.052820868753278,0.01610522491039068,7709.14785202864,7785.632219570406,0.031026252983293517,0.047718253968253965
5280.0,88.0,领浆,1.2,0.043030834782277795,0.043030834782277795,0.0,0.5779010002057655,0.043030834782277795,0.026122169068072423,0.0323478472839183,0.05459744671395129,0.016617142836975473,7703.264439140811,7779.748806682577,0.031026252983293517,0.04895833333333333
5286.0,88.1,领浆,1.2,0.04442826282478341,0.04442826282478341,0.0,0.5776770894097666,0.04442826282478341,0.027662954226347607,0.042148297713234216,0.056374163535289096,0.01712752523504924,7697.381026252983,7779.748806682577,0.033412887828162166,0.0503968253968254
5292.0,88.2,领浆,1.2,0.04582567185284251,0.04582567185284251,0.0,0.5774526213054697,0.04582567185284251,0.029209029925447418,0.052497689805038286,0.058151245927801326,0.017636710036802557,7691.497613365155,7773.865393794749,0.033412887828162166,0.05198412698412699
5298.0,88.3,领浆,1.2,0.047223064639715345,0.047223064639715345,0.0,0.5772273139155515,0.047223064639715345,0.03075993326018636,0.06324606031454758,0.05992869901979816,0.018145135919869868,7691.497613365155,7773.865393794749,0.033412887828162166,0.05322420634920635
5304.0,88.4,领浆,1.2,0.04862042982673005,0.04862042982673005,0.0,0.5770015820128954,0.04862042982673005,0.032315367080731294,0.07430485629972326,0.06170620078045989,0.018652207919214726,7685.614200477327,7767.981980906921,0.033412887828162166,0.054365079365079366
5310.0,88.5,领浆,1.2,0.050017778045632906,0.050017778045632906,0.0,0.5767751096563692,0.050017778045632906,0.03387492098806192,0.08561855742455071,0.06348386440087085,0.01915814221915223,7679.7307875894985,7767.981980906921,0.03579952267303118,0.05610119047619048
5316.0,88.6,领浆,1.2,0.05141510949030008,0.05141510949030008,0.0,0.5765481150026285,0.05141510949030008,0.03543829495521813,0.09715422356620833,0.06526160481140429,0.019663169814032946,7673.847374701671,7767.981980906921,0.038186157517899826,0.05773809523809524
5322.0,88.7,领浆,1.2,0.05281242591796407,0.05281242591796407,0.0,0.5763207291122231,0.05281242591796407,0.037005197435484,0.10888756387420213,0.067039406569393,0.020167144269188284,7667.963961813843,7762.098568019093,0.038186157517899826,0.059474206349206346
5328.0,88.8,领浆,1.2,0.05420974386474681,0.05420974386474681,0.0,0.5760922409341573,0.05420974386474681,0.03857521455819813,0.12079814649957335,0.06881772600352037,0.020670035130537497,7662.080548926015,7762.098568019093,0.04057279236276848,0.06066468253968254
5334.0,88.9,领浆,1.2,0.05560704136497982,0.05560704136497982,0.0,0.5758637018733601,0.05560704136497982,0.04014831884122592,0.13287386485671543,0.07059592260541322,0.021172046953871284,7656.197136038186,7756.2151551312645,0.04057279236276848,0.06215277777777778
5340.0,89.0,领浆,1.2,0.057004327969763145,0.057004327969763145,0.0,0.5756347381123568,0.057004327969763145,0.04172425639346962,0.14510100223134142,0.07237410632881737,0.021673090180192325,7650.313723150358,7756.2151551312645,0.042959427207637124,0.06398809523809523
5346.0,89.1,领浆,1.2,0.05840161525412854,0.05840161525412854,0.0,0.5754047114541389,0.05840161525412854,0.04330272559933001,0.15746472475095757,0.07415261620284905,0.02217308864399139,7644.43031026253,7750.331742243437,0.042959427207637124,0.06522817460317461
5352.0,89.2,领浆,1.2,0.059798890334352796,0.059798890334352796,0.0,0.575174462008139,0.059798890334352796,0.044883667976096255,0.16995696909156546,0.07593106424963135,0.022672184589431366,7638.546897374702,7750.331742243437,0.04534606205250577,0.06666666666666667
5358.0,89.3,领浆,1.2,0.06119616068853444,0.06119616068853444,0.0,0.5749441355770012,0.06119616068853444,0.04646689078132347,0.1825668259004809,0.0777095548163726,0.023170498497554915,7638.546897374702,7744.448329355609,0.042959427207637124,0.0679563492063492
5364.0,89.4,领浆,1.2,0.06259343140002285,0.06259343140002285,0.0,0.5747129459761215,0.06259343140002285,0.048052191586450584,0.19528486419002974,0.07948827211589468,0.023667783014313153,7632.663484486873,7744.448329355609,0.04534606205250614,0.0695436507936508
5370.0,89.5,领浆,1.2,0.06399069506051061,0.06399069506051061,0.0,0.5744813762002913,0.06399069506051061,0.04963950395241959,0.20810427743603493,0.08126697602072273,0.02416411413087668,7626.780071599045,7744.448329355609,0.047732696897374784,0.07068452380952381
5376.0,89.6,领浆,1.2,0.06538795456000215,0.06538795456000215,0.0,0.574249643917239,0.06538795456000215,0.05122871409530323,0.2210182288798271,0.08304563198081692,0.02465982787807809,7620.896658711217,7738.564916467781,0.047732696897374784,0.0722718253968254
5382.0,89.7,领浆,1.2,0.06678521312646199,0.06678521312646199,0.0,0.5740173680618271,0.06678521312646199,0.052819666050842165,0.23401964614044993,0.08482438178112896,0.025154426565962014,7615.013245823389,7738.564916467781,0.05011933174224343,0.07415674603174603
5388.0,89.8,领浆,1.2,0.06818246915318557,0.06818246915318557,0.0,0.5737846480394166,0.06818246915318557,0.05441227647419658,0.2471029151334233,0.0866031477600576,0.025648141500593878,7609.129832935561,7732.681503579953,0.05011933174224343,0.07574404761904761
5394.0,89.9,领浆,1.2,0.06957972441087164,0.06957972441087164,0.0,0.5735515017975211,0.06957972441087164,0.05600644634992405,0.26026296072256605,0.08838193889838188,0.026141177799532612,7603.2464200477325,7732.681503579953,0.05250596658711245,0.07678571428571429
5400.0,90.0,领浆,1.2,0.07097697957674365,0.07097697957674365,0.0,0.5733177039908429,0.07097697957674365,0.05760206786290473,0.2734944929543287,0.09016081920713788,0.026633324306889708,7597.363007159905,7726.798090692124,0.05250596658711208,0.0785218253968254
5406.0,90.1,领浆,1.2,0.07237423210361633,0.07237423210361633,0.0,0.5730834379760923,0.07237423210361633,0.05919907058226324,0.28679341516225454,0.09193973668745854,0.02712460050994976,7591.479594272077,7726.798090692124,0.05489260143198073,0.0800595238095238
5412.0,90.2,领浆,1.2,0.07377148383729634,0.07377148383729634,0.0,0.572848317407341,0.07377148383729634,0.06079735648009348,0.3001552995836351,0.09371877716399328,0.02761511677508083,7591.479594272077,7726.798090692124,0.05489260143198073,0.08080357142857143
5418.0,90.3,领浆,1.2,0.07516873375920395,0.07516873375920395,0.0,0.5726122627618149,0.07516873375920395,0.06239684751477683,0.31357621830004734,0.09549796973251491,0.028104988605627854,7585.596181384249,7720.914677804296,0.05489260143198073,0.08249007936507936
5424.0,90.4,领浆,1.2,0.07656598468572998,0.07656598468572998,0.0,0.5723747003653323,0.07656598468572998,0.06399742406704131,0.3270518322095555,0.09727754342919558,0.028594004874202623,7579.71276849642,7720.914677804296,0.05727923627684974,0.08392857142857142
5430.0,90.5,领浆,1.2,0.07796322948408743,0.07796322948408743,0.0,0.5721358087530539,0.07796322948408743,0.06559906199069197,0.3405796527926068,0.09905735199649003,0.029082322936383395,7573.829355608592,7715.031264916468,0.05727923627684974,0.08566468253968254
5436.0,90.6,领浆,1.2,0.07936047207037251,0.07936047207037251,0.0,0.5718948335881279,0.07936047207037251,0.06720167177475038,0.3541560135256245,0.10083755907840047,0.029570199065676595,7567.945942720764,7715.031264916468,0.05966587112171839,0.08675595238095238
5442.0,90.7,领浆,1.2,0.08075771156277228,0.08075771156277228,0.0,0.5716507415964616,0.08075771156277228,0.06880517165760315,0.3677777964297195,0.10261830854268156,0.030057216687131887,7562.062529832936,7709.14785202864,0.05966587112171839,0.08864087301587302
5448.0,90.8,领浆,1.2,0.08215494271920759,0.08215494271920759,0.0,0.5714031209478285,0.08215494271920759,0.07040954961686217,0.3814431025148411,0.10439946675630565,0.030543604746590056,7556.179116945107,7709.14785202864,0.06205250596658741,0.08978174603174603
5454.0,90.9,领浆,1.2,0.08355216755731705,0.08355216755731705,0.0,0.5711509595495147,0.08355216755731705,0.07201474994612735,0.3951493405880394,0.10618111475471026,0.031029485973598364,7550.295704057279,7709.14785202864,0.06443914081145605,0.09166666666666666
5460.0,91.0,领浆,1.2,0.08494938647613971,0.08494938647613971,0.0,0.5708929002514523,0.08494938647613971,0.07362071949829406,0.4088941642281851,0.10796333493776164,0.0315147499302245,7544.412291169451,7703.264439140811,0.06443914081145569,0.09265873015873016
5466.0,91.1,领浆,1.2,0.0863466019582743,0.0863466019582743,0.0,0.5706271222123724,0.0863466019582743,0.07522739907444412,0.4226750184385403,0.10974626500940578,0.03199943079035223,7544.412291169451,7703.264439140811,0.06443914081145569,0.09379960317460317
5472.0,91.2,领浆,1.2,0.08774380514989343,0.08774380514989343,0.0,0.5703525807142197,0.08774380514989343,0.07683481861332919,0.43649128459070485,0.1115296191371391,0.0324835001019524,7538.528878281623,7697.381026252983,0.06443914081145569,0.09533730158730158
5478.0,91.3,领浆,1.2,0.08914099958866194,0.08914099958866194,0.0,0.5700675970878314,0.08914099958866194,0.07844293839252095,0.4503406277182205,0.11331346121385909,0.032967125126284254,7532.645465393794,7697.381026252983,0.06682577565632469,0.09662698412698413
5484.0,91.4,领浆,1.2,0.09053818558165615,0.09053818558165615,0.0,0.5697701481773656,0.09053818558165615,0.08005171757385156,0.4642197721766001,0.1150978569918305,0.03345003596406206,7526.7620525059665,7691.497613365155,0.06682577565632469,0.09811507936507936
5490.0,91.5,领浆,1.2,0.09193536689176537,0.09193536689176537,0.0,0.569457731700279,0.09193536689176537,0.08166110681532128,0.47812240371636255,0.11688294129893514,0.03393242290681916,7520.878639618139,7691.497613365155,0.06921241050119335,0.09980158730158731
5496.0,91.6,领浆,1.2,0.09333253938105777,0.09333253938105777,0.0,0.5691286273076192,0.09333253938105777,0.08327111431623592,0.4920369636316117,0.11866855811507944,0.03441444661375992,7514.995226730311,7691.497613365155,0.071599045346062,0.10158730158730159
5502.0,91.7,领浆,1.2,0.09472969965512693,0.09472969965512693,0.0,0.5687808341609291,0.09472969965512693,0.084881733095105,0.5059394544825647,0.12045461379800372,0.03489572700501862,7509.111813842482,7685.614200477327,0.07159904534606236,0.10267857142857142
5508.0,91.8,领浆,1.2,0.09612685142441678,0.09612685142441678,0.0,0.5684120282742745,0.09612685142441678,0.08649292407552447,0.5197854731451892,0.12224120022599255,0.03537644317514307,7503.228400954654,7685.614200477327,0.073985680190931,0.1041170634920635
5514.0,91.9,领浆,1.2,0.09752399373713914,0.09752399373713914,0.0,0.5680202640043758,0.09752399373713914,0.08810467334383884,0.5335046651171292,0.12402827438027965,0.03585669067177892,7497.344988066826,7679.7307875894985,0.07398568019093064,0.10555555555555556
5520.0,92.0,领浆,1.2,0.09892112878829785,0.09892112878829785,0.0,0.5676032494986629,0.09892112878829785,0.08971694337555039,0.5469961983991068,0.12581592592514612,0.03633642981040097,7497.344988066826,7679.7307875894985,0.07398568019093064,0.10699404761904761
5526.0,92.1,领浆,1.2,0.10031825662571368,0.10031825662571368,0.0,0.5671591597500644,0.10031825662571368,0.09132970836501311,0.5601314581588824,0.1276041862066153,0.036815597038688516,7491.461575178998,7673.847374701671,0.07398568019093064,0.10808531746031746
5532.0,92.2,领浆,1.2,0.10171537469270595,0.10171537469270595,0.0,0.5666864727327136,0.10171537469270595,0.09294296616505615,0.5727637951625186,0.1293929576654413,0.03729420912274438,7485.578162291169,7673.847374701671,0.07637231503579965,0.10972222222222222
5538.0,92.3,领浆,1.2,0.10311248216353423,0.10311248216353423,0.0,0.5661839214323118,0.10311248216353423,0.09455671160696805,0.5847443132425262,0.13118216215267425,0.03777240911181938,7479.694749403341,7673.847374701671,0.0787589498806683,0.11125992063492063
5544.0,92.4,领浆,1.2,0.1045095796350379,0.1045095796350379,0.0,0.5656503096878909,0.1045095796350379,0.09617091804538495,0.5959431866132787,0.13297183797560483,0.038250003723606325,7473.811336515513,7667.963961813843,0.0787589498806683,0.11254960317460318
5550.0,92.5,领浆,1.2,0.10590666657614094,0.10590666657614094,0.0,0.5650848294790293,0.10590666657614094,0.0977855690250486,0.6062708499520311,0.13476197169913204,0.0387269460824643,7467.927923627685,7667.963961813843,0.08114558472553696,0.11413690476190476
5556.0,92.6,领浆,1.2,0.1073037475779144,0.1073037475779144,0.0,0.5644865511071632,0.1073037475779144,0.09940062551285782,0.6156928314189172,0.1365527030279375,0.03920350486956621,7462.044510739857,7662.080548926015,0.08114558472553696,0.115625
5562.0,92.7,领浆,1.2,0.10870082050313241,0.10870082050313241,0.0,0.5638554212243102,0.10870082050313241,0.10101607946021543,0.6242310641661445,0.1383439808333349,0.039679613395622884,7456.161097852028,7662.080548926015,0.08353221957040596,0.11666666666666667
5568.0,92.8,领浆,1.2,0.11009788055946004,0.11009788055946004,0.0,0.5631918742075336,0.11009788055946004,0.1026319399897132,0.63195584643333,0.14013564320674543,0.04015502619868695,7456.161097852028,7662.080548926015,0.08353221957040596,0.11780753968253968
5574.0,92.9,领浆,1.2,0.11149493148673906,0.11149493148673906,0.0,0.5624962284050936,0.11149493148673906,0.10424817968389215,0.638968644340752,0.14192777236503035,0.04062997343268848,7450.2776849642005,7656.197136038186,0.0835322195704056,0.11939484126984128
5580.0,93.0,领浆,1.2,0.11289197420007271,0.11289197420007271,0.0,0.561769192687137,0.11289197420007271,0.10586477896825724,0.6453838151686746,0.14372040111680945,0.041104519937639715,7444.3942720763725,7656.197136038186,0.08591885441527425,0.12118055555555556
5586.0,93.1,领浆,1.2,0.11428900640649468,0.11428900640649468,0.0,0.5610117038275472,0.11428900640649468,0.10748172980776766,0.6513146444478524,0.145513482831332,0.04157842370848544,7438.510859188545,7650.313723150358,0.08591885441527425,0.12227182539682539
5592.0,93.2,领浆,1.2,0.11568602808597989,0.11568602808597989,0.0,0.5602251119011764,0.11568602808597989,0.10909902396554072,0.656857905113361,0.14730698524582908,0.04205180684622989,7432.627446300716,7650.313723150358,0.08830548926014326,0.12371031746031746
5598.0,93.3,领浆,1.2,0.11708304295150856,0.11708304295150856,0.0,0.5594105102964756,0.11708304295150856,0.11071662791598491,0.6620892947856205,0.1491010469644468,0.04252473262022704,7426.744033412888,7650.313723150358,0.0906921241050119,0.12524801587301587
5604.0,93.4,领浆,1.2,0.11848004795587144,0.11848004795587144,0.0,0.5585698547582943,0.11848004795587144,0.11233454566637188,0.6670651364548347,0.1508955592665126,0.042997199537553925,7420.86062052506,7644.43031026253,0.0906921241050119,0.12643849206349206
5610.0,93.5,领浆,1.2,0.11987704216625733,0.11987704216625733,0.0,0.5577049106732387,0.11987704216625733,0.1139527704124406,0.6718261955579684,0.152690485236133,0.04346910560500197,7414.977207637232,7644.43031026253,0.09307875894988056,0.12802579365079364
5616.0,93.6,领浆,1.2,0.12127402557249467,0.12127402557249467,0.0,0.5568173938214394,0.12127402557249467,0.11557129235311739,0.6764022054773337,0.1544858124234812,0.04394044724684601,7414.977207637232,7638.546897374702,0.0906921241050119,0.12916666666666668
5622.0,93.7,领浆,1.2,0.1226709996806998,0.1226709996806998,0.0,0.5559090616315409,0.1226709996806998,0.11719009762795196,0.6808150341385116,0.15628156493233358,0.0444114081377513,7409.093794749403,7638.546897374702,0.09307875894988092,0.13020833333333334
5628.0,93.8,领浆,1.2,0.12406796469715764,0.12406796469715764,0.0,0.5549815631860727,0.12406796469715764,0.11880917023634992,0.6850813882304639,0.15807777524214003,0.04488187195829575,7403.210381861575,7638.546897374702,0.09546539379474957,0.13174603174603175
5634.0,93.9,领浆,1.2,0.12546491936523918,0.12546491936523918,0.0,0.5540368486259301,0.12546491936523918,0.12042850377408156,0.6892141653522629,0.15987441241236514,0.04535173277318743,7397.326968973747,7632.663484486873,0.0954653937947492,0.13333333333333333
5640.0,94.0,领浆,1.2,0.1268618664633484,0.1268618664633484,0.0,0.553076443558922,0.1268618664633484,0.12204807947631768,0.6932238527876224,0.16167155223237542,0.045821210046948696,7391.443556085919,7632.663484486873,0.09785202863961785,0.13452380952380952
5646.0,94.1,领浆,1.2,0.12825880304599516,0.12825880304599516,0.0,0.5521024410554234,0.12825880304599516,0.123667905340756,0.6971188176761524,0.16346906991020918,0.04629032998622139,7385.56014319809,7626.780071599045,0.09785202863961821,0.1361111111111111
5652.0,94.2,领浆,1.2,0.12965572842184034,0.12965572842184034,0.0,0.5511162143279962,0.12965572842184034,0.12528797037382688,0.7009063945152598,0.16526696915764724,0.0467588035202119,7379.676730310262,7626.780071599045,0.10023866348448686,0.13774801587301588
5658.0,94.3,领浆,1.2,0.1310526445531013,0.1310526445531013,0.0,0.5501191204619233,0.1310526445531013,0.12690826158203952,0.7045931082642131,0.16706528958394573,0.04722685000870135,7373.7933174224345,7620.896658711217,0.10023866348448686,0.13923611111111112
5664.0,94.4,领浆,1.2,0.13244955024296584,0.13244955024296584,0.0,0.5491125611898031,0.13244955024296584,0.12852877973852078,0.7081844553757928,0.16886396314294436,0.047694561400838345,7367.9099045346065,7620.896658711217,0.1026252983293555,0.14027777777777778
5670.0,94.5,领浆,1.2,0.13384644658337763,0.13384644658337763,0.0,0.5480976190904884,0.13384644658337763,0.13014950638769884,0.7116859595810916,0.17066306129103262,0.048161755909514964,7367.9099045346065,7620.896658711217,0.1026252983293555,0.14156746031746031
5676.0,94.6,领浆,1.2,0.13524333341381908,0.13524333341381908,0.0,0.5470753838794146,0.13524333341381908,0.1317704355833299,0.7151023001772574,0.17246257207352042,0.04862850014580131,7362.026491646779,7615.013245823389,0.1026252983293555,0.14340277777777777
5682.0,94.7,领浆,1.2,0.13664021233987997,0.13664021233987997,0.0,0.5460467539238472,0.13664021233987997,0.13339155476951423,0.718437612094044,0.1742625432887099,0.049094914934266605,7356.14307875895,7615.013245823389,0.10501193317422453,0.1440972222222222
5688.0,94.8,领浆,1.2,0.13803708043284663,0.13803708043284663,0.0,0.5450127820584987,0.13803708043284663,0.13501287127321224,0.7216955181376077,0.17606285932845123,0.04956094216444454,7350.259665871122,7615.013245823389,0.10739856801909317,0.14588293650793652
5694.0,94.9,领浆,1.2,0.1394339380102799,0.1394339380102799,0.0,0.5439743326451545,0.1394339380102799,0.13663437615889173,0.7248796012395986,0.17786353298145915,0.05002649580221901,7344.376252983294,7609.129832935561,0.10739856801909317,0.14737103174603175
5700.0,95.0,领浆,1.2,0.14083078605608218,0.14083078605608218,0.0,0.5429318360348407,0.14083078605608218,0.13825606061945278,0.7279932311364898,0.17966458454694656,0.05049168003222608,7338.492840095465,7609.129832935561,0.10978520286396219,0.14875992063492063
5706.0,95.1,领浆,1.2,0.14222762417331172,0.14222762417331172,0.0,0.5418860367988928,0.14222762417331172,0.1398779196591761,0.7310393326622097,0.1814659998941419,0.0509564746394349,7332.609427207637,7603.2464200477325,0.10978520286396182,0.15024801587301587
5712.0,95.2,领浆,1.2,0.14362445372652538,0.14362445372652538,0.0,0.5408373107834783,0.14362445372652538,0.1414999426293609,0.7340208854871577,0.18326781974581818,0.05142097448979703,7326.726014319809,7603.2464200477325,0.11217183770883046,0.15158730158730158
5718.0,95.3,领浆,1.2,0.1450212737917621,0.1450212737917621,0.0,0.5397859931277665,0.1450212737917621,0.1431221255675563,0.736940451232904,0.18507002434869596,0.051885088953618604,7326.726014319809,7603.2464200477325,0.11217183770883046,0.15223214285714284
5724.0,95.4,领浆,1.2,0.14641808394817504,0.14641808394817504,0.0,0.538732467931717,0.14641808394817504,0.1447444654896884,0.7398003521651745,0.1868725914549905,0.05234881377004514,7320.842601431981,7597.363007159905,0.11217183770883046,0.15401785714285715
5730.0,95.5,领浆,1.2,0.1478148848415633,0.1478148848415633,0.0,0.5376770532718909,0.1478148848415633,0.14636695748413586,0.7426029285289886,0.18867552186451156,0.052812267992773644,7314.959188544153,7597.363007159905,0.11455847255369912,0.1556547619047619
5736.0,95.6,领浆,1.2,0.14921167613428668,0.14921167613428668,0.0,0.5366199913841605,0.14921167613428668,0.14798959738945575,0.745350230337961,0.19047880431538525,0.05327541843600338,7309.075775656324,7591.479594272077,0.11455847255369948,0.15674603174603174
5742.0,95.7,领浆,1.2,0.15060845800085856,0.15060845800085856,0.0,0.5355614622553324,0.15060845800085856,0.1496123775754494,0.7480441870591023,0.19228245785259063,0.0537381910954843,7303.192362768496,7591.479594272077,0.11694510739856813,0.15848214285714285
5748.0,95.8,领浆,1.2,0.1520052299356201,0.1520052299356201,0.0,0.5345017565037641,0.1520052299356201,0.15123529701774518,0.7506867223116735,0.19408644926266086,0.05420063743503274,7297.3089498806685,7591.479594272077,0.11933174224343678,0.15997023809523808
5754.0,95.9,领浆,1.2,0.15340199223047193,0.15340199223047193,0.0,0.5334411552872537,0.15340199223047193,0.15285835412429813,0.7532794443800018,0.1958907551856262,0.05466291211272612,7291.4255369928405,7585.596181384249,0.11933174224343678,0.16091269841269842
5760.0,96.0,领浆,1.2,0.15479874592570633,0.15479874592570633,0.0,0.5323794698277963,0.15479874592570633,0.1544815348745333,0.755824349781854,0.19769545285721501,0.05512484261699428,7285.542124105012,7585.596181384249,0.1217183770883058,0.16240079365079366
5766.0,96.1,领浆,1.2,0.15619549073423028,0.15619549073423028,0.0,0.5313167858215505,0.15619549073423028,0.15610483514716972,0.7583229629357632,0.1995005406807046,0.055586414510109906,7285.542124105012,7579.71276849642,0.11933174224343678,0.1634920634920635
5772.0,96.2,领浆,1.2,0.1575922265623769,0.1575922265623769,0.0,0.5302531818853158,0.1575922265623769,0.15772825597528572,0.7607766477529659,0.20130598040059167,0.05604780319094424,7279.658711217184,7579.71276849642,0.12171837708830542,0.16517857142857142
5778.0,96.3,领浆,1.2,0.15898895268586344,0.15898895268586344,0.0,0.5291888086079483,0.15898895268586344,0.15935179805050156,0.7631865821444558,0.20311172847132308,0.05650902307253614,7273.775298329356,7579.71276849642,0.12410501193317407,0.16626984126984126
5784.0,96.4,领浆,1.2,0.1603856676444561,0.1603856676444561,0.0,0.5281238807874359,0.1603856676444561,0.16097545853915946,0.7655539986888977,0.20491775953919597,0.05696980996484772,7267.891885441528,7573.829355608592,0.12410501193317407,0.1679563492063492
5790.0,96.5,领浆,1.2,0.1617823744750399,0.1617823744750399,0.0,0.5270583135331582,0.1617823744750399,0.1625992251188704,0.7678805496133067,0.20672416385065842,0.057430394954952765,7262.0084725537,7573.829355608592,0.12649164677804273,0.16969246031746033
5796.0,96.6,领浆,1.2,0.16317907217416328,0.16317907217416328,0.0,0.5259922837459418,0.16317907217416328,0.164223099661787,0.770167244202204,0.2085308900598908,0.057890846203360935,7256.125059665871,7567.945942720764,0.1264916467780431,0.1706845238095238
5802.0,96.7,领浆,1.2,0.16457576141993316,0.16457576141993316,0.0,0.5249256621497973,0.16457576141993316,0.16584707254624736,0.7724153856926471,0.21033799186868798,0.058351027845661596,7250.241646778043,7567.945942720764,0.12887828162291173,0.1720734126984127
5808.0,96.8,领浆,1.2,0.16597244234873437,0.16597244234873437,0.0,0.5238583351146776,0.16597244234873437,0.16747113994672858,0.7746260452287747,0.21214547669269349,0.05881096233406026,7244.358233890215,7567.945942720764,0.13126491646778038,0.17366071428571428
5814.0,96.9,领浆,1.2,0.16736911304085328,0.16736911304085328,0.0,0.522790547675688,0.16736911304085328,0.16909530992026656,0.7767998851978354,0.21395323699079857,0.05927072727650121,7244.358233890215,7562.062529832936,0.12887828162291173,0.17430555555555555
5820.0,97.0,领浆,1.2,0.16876577498367973,0.16876577498367973,0.0,0.5217222542295766,0.16876577498367973,0.17071957450228928,0.7789380193304316,0.2157613221528189,0.05973033643354591,7238.474821002386,7562.062529832936,0.13126491646778074,0.17614087301587303
5826.0,97.1,领浆,1.2,0.1701624267057,0.1701624267057,0.0,0.5206536239498968,0.1701624267057,0.1723439350503638,0.7810411880612328,0.21756968061511445,0.06018967648030666,7232.591408114558,7556.179116945107,0.13126491646778038,0.17782738095238096
5832.0,97.2,领浆,1.2,0.17155906992890402,0.17155906992890402,0.0,0.5195845502041044,0.17155906992890402,0.17396838466418582,0.7831104449827826,0.21937835743344355,0.06064883847261465,7226.70799522673,7556.179116945107,0.13365155131264903,0.17896825396825397
5838.0,97.3,领浆,1.2,0.17295570429010718,0.17295570429010718,0.0,0.5185151061270751,0.17295570429010718,0.17559292457437592,0.785146501542434,0.22118731308522135,0.061107848782006646,7220.8245823389025,7556.179116945107,0.13603818615751767,0.18035714285714285
5844.0,97.4,领浆,1.2,0.1743523308994911,0.1743523308994911,0.0,0.5174452524729836,0.1743523308994911,0.17721755101522346,0.787150234456605,0.22299656312276317,0.06156670583148652,7214.9411694510745,7550.295704057279,0.13603818615751767,0.18194444444444444
5850.0,97.5,领浆,1.2,0.17574895029605558,0.17574895029605558,0.0,0.5163746805035622,0.17574895029605558,0.17884226331032407,0.7891222616156074,0.22480609374939542,0.06202535626334631,7209.057756563246,7550.295704057279,0.1384248210023867,0.18283730158730158
5856.0,97.6,领浆,1.2,0.17714556117620836,0.17714556117620836,0.0,0.515303635155095,0.17714556117620836,0.1804670741528279,0.7910628748610385,0.22661575684395216,0.062483828828780556,7203.174343675418,7544.412291169451,0.1384248210023867,0.18452380952380953
5862.0,97.7,领浆,1.2,0.17854216374239654,0.17854216374239654,0.0,0.5142321563274052,0.17854216374239654,0.18209199112815802,0.7929724154443758,0.22842545249580154,0.06294202865812418,7203.174343675418,7544.412291169451,0.1384248210023867,0.1857638888888889
5868.0,97.8,领浆,1.2,0.1799387594838024,0.1799387594838024,0.0,0.5131601174019377,0.1799387594838024,0.18371702428941666,0.7948511214815737,0.230235064669628,0.06340007243261438,7197.29093078759,7544.412291169451,0.14081145584725535,0.1869047619047619
5874.0,97.9,领浆,1.2,0.1813353496083336,0.1813353496083336,0.0,0.5120873068770914,0.1813353496083336,0.1853421828057648,0.7966993082373309,0.23204447332450281,0.0638578251738816,7191.407517899762,7538.528878281623,0.14081145584725535,0.1884920634920635
5880.0,98.0,领浆,1.2,0.18273193525594142,0.18273193525594142,0.0,0.5110134941519856,0.18273193525594142,0.18696748126264576,0.798516992287771,0.23385350086471812,0.06431520587740358,7185.524105011933,7538.528878281623,0.14319809069212436,0.19007936507936507
5886.0,98.1,领浆,1.2,0.18412851863066107,0.18412851863066107,0.0,0.5099384667551654,0.18412851863066107,0.1885929368846364,0.8003041348861143,0.235661944213451,0.06477227416554442,7179.640692124105,7532.645465393794,0.143198090692124,0.19122023809523808
5892.0,98.2,领浆,1.2,0.18552510096146935,0.18552510096146935,0.0,0.5088618819284961,0.18552510096146935,0.1902185715335471,0.802060416011063,0.23746953333870452,0.06522898428467966,7173.757279236277,7532.645465393794,0.14558472553699264,0.19285714285714287
5898.0,98.3,领浆,1.2,0.1869216824960416,0.1869216824960416,0.0,0.5077835104182468,0.1869216824960416,0.1918444094993271,0.803785379424011,0.2392759454785275,0.06568512750629353,7167.873866348449,7532.645465393794,0.1479713603818613,0.19429563492063492
5904.0,98.4,领浆,1.2,0.188318264075767,0.188318264075767,0.0,0.506703182460702,0.188318264075767,0.193470476208001,0.8054784677025549,0.24108082961092442,0.06614063472249211,7161.99045346062,7526.7620525059665,0.14797136038186165,0.19538690476190476
5910.0,98.5,领浆,1.2,0.18971484820748089,0.18971484820748089,0.0,0.5056205569111772,0.18971484820748089,0.1950967918665788,0.8071392158207692,0.24288387489580116,0.06659557083025301,7161.99045346062,7526.7620525059665,0.14797136038186165,0.1964781746031746
5916.0,98.6,领浆,1.2,0.19111143694152707,0.19111143694152707,0.0,0.5045351673643199,0.19111143694152707,0.1967233708028891,0.8087673304997726,0.24468479818295655,0.0670497957737685,7156.107040572792,7520.878639618139,0.14797136038186165,0.19796626984126983
5922.0,98.7,领浆,1.2,0.19250803070755426,0.19250803070755426,0.0,0.5034466830858999,0.19250803070755426,0.19835022778866698,0.8103623540480945,0.24648327585518462,0.06750306610588466,7150.223627684964,7520.878639618139,0.1503579952267303,0.1992559523809524
5928.0,98.8,领浆,1.2,0.19390463172514877,0.19390463172514877,0.0,0.50235468886445,0.19390463172514877,0.19997737429306914,0.8119238871804283,0.24827901498063157,0.06795549557517282,7144.3402147971365,7520.878639618139,0.15274463007159894,0.20104166666666667
5934.0,98.9,领浆,1.2,0.19530124171267488,0.19530124171267488,0.0,0.5012587169659545,0.19530124171267488,0.20160481616161577,0.8134517416343996,0.25007175427132305,0.06840707471162824,7138.456801909308,7514.995226730311,0.1527446300715993,0.2027281746031746
5940.0,99.0,领浆,1.2,0.19669785947922866,0.19669785947922866,0.0,0.5001588372049934,0.19669785947922866,0.20323255970878934,0.8149454434002089,0.251861182757609,0.06885751103968488,7132.57338902148,7514.995226730311,0.15513126491646795,0.20406746031746031
5946.0,99.1,领浆,1.2,0.198094487494421,0.198094487494421,0.0,0.49905468208765735,0.198094487494421,0.20486059961252287,0.8164050324095541,0.2536471278047209,0.0693068467393134,7126.689976133652,7509.111813842482,0.1551312649164676,0.20550595238095237
5952.0,99.2,领浆,1.2,0.19949112672700856,0.19949112672700856,0.0,0.4979461657916055,0.19949112672700856,0.20648893132644966,0.817830480506881,0.25542938966230205,0.06975512261356728,7120.806563245824,7509.111813842482,0.15751789976133623,0.20714285714285716
5958.0,99.3,领浆,1.2,0.20088777846753933,0.20088777846753933,0.0,0.49683300975597755,0.20088777846753933,0.2081175436687372,0.8192218931679492,0.25720783429880406,0.07020228774215434,7120.806563245824,7509.111813842482,0.15751789976133623,0.20798611111111112
5964.0,99.4,领浆,1.2,0.20228444441199747,0.20228444441199747,0.0,0.49571492875908973,0.20228444441199747,0.209746418389906,0.8205796637996092,0.25898240656274657,0.07064818050031507,7114.923150357996,7503.228400954654,0.15751789976133623,0.2099702380952381
5970.0,99.5,领浆,1.2,0.2036811253797584,0.2036811253797584,0.0,0.494592038664561,0.2036811253797584,0.21137554413351545,0.8219040101718699,0.26075298553414666,0.07109290600168668,7109.039737470167,7503.228400954654,0.15990453460620527,0.21086309523809524
5976.0,99.6,领浆,1.2,0.2050778225754253,0.2050778225754253,0.0,0.4934642309790818,0.2050778225754253,0.21300490596995686,0.8231952437201131,0.26251949938323427,0.07153649958340431,7103.156324582339,7497.344988066826,0.15990453460620527,0.21274801587301587
5982.0,99.7,领浆,1.2,0.20647453587521686,0.20647453587521686,0.0,0.49233159812740995,0.20647453587521686,0.2146344890697839,0.8244536520096185,0.2642818731976987,0.07197879891583898,7097.272911694511,7497.344988066826,0.1622911694510739,0.21433531746031745
5988.0,99.8,领浆,1.2,0.207871268444226,0.207871268444226,0.0,0.49119401105460125,0.207871268444226,0.216264271192499,0.8256799498462896,0.26604015970383155,0.07241988406072464,7091.389498806682,7497.344988066826,0.16467780429594292,0.21612103174603176
5994.0,99.9,领浆,1.2,0.2092680208734961,0.2092680208734961,0.0,0.49005163772086335,0.2092680208734961,0.21789423870378136,0.8268745295137095,0.26779431719059515,0.07285979773019753,7085.506085918854,7491.461575178998,0.16467780429594292,0.2177579365079365
6000.0,100.0,领浆,1.2,0.21066479567939364,0.21066479567939364,0.0,0.48890418648755063,0.21066479567939364,0.21952437071815534,0.8280381083643541,0.26954441748999564,0.07329851730447864,7085.506085918854,7491.461575178998,0.16467780429594292,0.21889880952380952
6006.0,100.1,领浆,1.2,0.2120615917875264,0.2120615917875264,0.0,0.487751780312981,0.2120615917875264,0.2211546602094978,0.8291708875040572,0.2712903707162934,0.07373601364907406,7079.622673031026,7485.578162291169,0.16467780429594256,0.22038690476190476
6012.0,100.2,领浆,1.2,0.21345840938081168,0.21345840938081168,0.0,0.4865947624225368,0.21345840938081168,0.22278509847284583,0.8302732580785439,0.2730321305950851,0.07417230195306361,7073.739260143198,7485.578162291169,0.1670644391408112,0.22212301587301586
6018.0,100.3,领浆,1.2,0.21485525226118363,0.21485525226118363,0.0,0.48543294497166267,0.21485525226118363,0.22441566474681335,0.8313460821360125,0.27476983452297626,0.07460742865766254,7067.8558472553705,7485.578162291169,0.16945107398567985,0.22395833333333334
6024.0,100.4,领浆,1.2,0.2162521207355222,0.2162521207355222,0.0,0.4842664570653132,0.2162521207355222,0.22604634993509576,0.832389836422246,0.27650348032327116,0.07504138621248133,7061.972434367542,7479.694749403341,0.1694510739856802,0.22569444444444445
6030.0,100.5,领浆,1.2,0.21764901707644063,0.21764901707644063,0.0,0.4830950050272355,0.21764901707644063,0.22767714027270186,0.8334052600864098,0.2782331526784631,0.07547419079722574,7056.089021479714,7479.694749403341,0.17183770883054886,0.22728174603174603
6036.0,100.6,领浆,1.2,0.21904594023408092,0.21904594023408092,0.0,0.4819189204413989,0.21904594023408092,0.22930803463359548,0.8343925815163407,0.27995877837911926,0.07590585930847117,7050.205608591886,7473.811336515513,0.17183770883054886,0.229265873015873
6042.0,100.7,领浆,1.2,0.22044289064217368,0.22044289064217368,0.0,0.48073852397777794,0.22044289064217368,0.2309390264615165,0.8353522675913964,0.28168036545991054,0.07633632036901594,7044.322195704058,7473.811336515513,0.1742243436754175,0.23085317460317462
6048.0,100.8,领浆,1.2,0.22183987087536466,0.22183987087536466,0.0,0.47955365492585106,0.22183987087536466,0.23257010608001677,0.8362850098876723,0.2833979923229667,0.07676571295603653,7044.322195704058,7473.811336515513,0.1742243436754175,0.23229166666666667
6054.0,100.9,领浆,1.2,0.22323688361849323,0.22323688361849323,0.0,0.4783639784724196,0.22323688361849323,0.23420126032105876,0.8371916389747217,0.2851117903026597,0.07719401267963408,7038.438782816229,7467.927923627685,0.17422434367541786,0.23402777777777778
6060.0,101.0,领浆,1.2,0.22463392692442483,0.22463392692442483,0.0,0.4771698612128434,0.22463392692442483,0.23583249221821898,0.8380723116013685,0.28682167071751485,0.07762116888773309,7032.555369928401,7467.927923627685,0.1766109785202865,0.23586309523809523
6066.0,101.1,领浆,1.2,0.22603100130849021,0.22603100130849021,0.0,0.475971512392276,0.22603100130849021,0.23746379998416878,0.838927481238524,0.28852762690839956,0.07804723359655534,7026.671957040573,7462.044510739857,0.1766109785202865,0.2376488095238095
6072.0,101.2,领浆,1.2,0.22742810888533957,0.22742810888533957,0.0,0.4747689704573459,0.22742810888533957,0.23909517611262898,0.8397578207283226,0.290229739629248,0.07847225559883242,7020.788544152745,7462.044510739857,0.17899761336515516,0.239484126984127
6078.0,101.3,领浆,1.2,0.22882525066273357,0.22882525066273357,0.0,0.473561990265298,0.22882525066273357,0.2407266152582695,0.8405639286505686,0.29192806137365945,0.07889620999662007,7014.905131264917,7462.044510739857,0.1813842482100238,0.24136904761904762
6084.0,101.4,领浆,1.2,0.2302224290608358,0.2302224290608358,0.0,0.4723504907691261,0.2302224290608358,0.24235810771827826,0.8413466158871644,0.2936227186789404,0.07931907246097357,7009.021718377088,7456.161097852028,0.1813842482100238,0.24310515873015873
6090.0,101.5,领浆,1.2,0.23161964250539338,0.23161964250539338,0.0,0.4711349375361702,0.23161964250539338,0.2439896605691091,0.8421060456415851,0.29531360818301616,0.07974097092892166,7003.13830548926,7456.161097852028,0.18377088305489248,0.24494047619047618
6096.0,101.6,领浆,1.2,0.2330168910835209,0.2330168910835209,0.0,0.4699154942097865,0.2330168910835209,0.24562127257228974,0.8428426799827684,0.29700073527685095,0.08016182448955703,7003.13830548926,7450.2776849642005,0.1813842482100238,0.2465277777777778
6102.0,101.7,领浆,1.2,0.23441417837992132,0.23441417837992132,0.0,0.4686916488181741,0.23441417837992132,0.2472529314091181,0.843557464710904,0.2986842793179927,0.08058161645192834,6997.254892601432,7450.2776849642005,0.18377088305489248,0.24831349206349207
6108.0,101.8,领浆,1.2,0.23581150560657194,0.23581150560657194,0.0,0.467463584604272,0.23581150560657194,0.24888463460275567,0.8442510041634087,0.300364290151321,0.08100045941129608,6991.371479713604,7450.2776849642005,0.18615751789976148,0.25009920634920635
6114.0,101.9,领浆,1.2,0.23720887134520063,0.23720887134520063,0.0,0.4662316647297506,0.23720887134520063,0.25051638766545165,0.8449235313677239,0.30204069441456416,0.08141837306096666,6985.488066825776,7444.3942720763725,0.18615751789976148,0.2521825396825397
6120.0,102.0,领浆,1.2,0.23860627591973216,0.23860627591973216,0.0,0.46499580106061816,0.23860627591973216,0.2521481889920083,0.8455755678453566,0.3037135184027851,0.08183526625323581,6979.604653937948,7444.3942720763725,0.18854415274463013,0.2541170634920635
6126.0,102.1,领浆,1.2,0.24000372033980868,0.24000372033980868,0.0,0.4637557558016766,0.24000372033980868,0.25378002773275027,0.8462079793511491,0.3053827869697811,0.08225117264613017,6973.72124105012,7438.510859188545,0.18854415274463013,0.25595238095238093
6132.0,102.2,领浆,1.2,0.24140120023596914,0.24140120023596914,0.0,0.46251186790684534,0.24140120023596914,0.25541189936892533,0.8468212439122482,0.3070482207278185,0.0826662178779987,6967.837828162292,7438.510859188545,0.19093078758949877,0.2578373015873016
6138.0,102.3,领浆,1.2,0.24279871450853857,0.24279871450853857,0.0,0.46126389820081576,0.24279871450853857,0.25704379472885075,0.8474160961954493,0.30870974907059384,0.08308038666475256,6967.837828162292,7438.510859188545,0.19093078758949877,0.2597718253968254
6144.0,102.4,领浆,1.2,0.24419626060467345,0.24419626060467345,0.0,0.4600119528141768,0.24419626060467345,0.25867571355682256,0.8479929558392587,0.31036726969416484,0.08349355963671523,6961.954415274463,7432.627446300716,0.19093078758949877,0.2617559523809524
6150.0,102.5,领浆,1.2,0.24559383816835204,0.24559383816835204,0.0,0.458756161857107,0.24559383816835204,0.26030764822771546,0.8485525523513658,0.3120207162198511,0.08390590057750433,6956.071002386635,7432.627446300716,0.19331742243436742,0.2636904761904762
6156.0,102.6,领浆,1.2,0.24699144802830286,0.24699144802830286,0.0,0.45749648059853637,0.24699144802830286,0.2619395953726311,0.8490955262800383,0.31367013065310423,0.08431746876586545,6950.187589498807,7426.744033412888,0.19331742243436742,0.2654265873015873
6162.0,102.7,领浆,1.2,0.24838909250045058,0.24838909250045058,0.0,0.456232600068761,0.24838909250045058,0.2635715414193757,0.8496229166165418,0.3153156606528452,0.08472819132340378,6944.304176610979,7426.744033412888,0.19570405727923607,0.26765873015873015
6168.0,102.8,领浆,1.2,0.24978676512392936,0.24978676512392936,0.0,0.4549649569265558,0.24978676512392936,0.26520349201956417,0.850134821138201,0.3169569880998515,0.08513807558895614,6938.42076372315,7426.744033412888,0.19809069212410507,0.2700892857142857
6174.0,102.9,领浆,1.2,0.2511844675263491,0.2511844675263491,0.0,0.4536937786587503,0.2511844675263491,0.2668354467496821,0.8506318321295755,0.3185941739095149,0.08554723480536883,6932.537350835322,7420.86062052506,0.19809069212410507,0.27192460317460315
6180.0,103.0,领浆,1.2,0.252582198509319,0.252582198509319,0.0,0.45241886370472517,0.252582198509319,0.268467399072704,0.8511146327198336,0.32022716582142546,0.08595566494904269,6926.653937947494,7420.86062052506,0.20047732696897372,0.27400793650793653
6186.0,103.1,领浆,1.2,0.2539799611092595,0.2539799611092595,0.0,0.4511398667499024,0.2539799611092595,0.27009933816166687,0.8515841885644531,0.3218561584462198,0.08636329783866581,6926.653937947494,7414.977207637232,0.19809069212410507,0.2755952380952381
6192.0,103.2,领浆,1.2,0.25537775271460933,0.25537775271460933,0.0,0.44985725023821205,0.25537775271460933,0.271731275539395,0.8520405777055418,0.323481027054173,0.0867702463180011,6920.770525059666,7414.977207637232,0.20047732696897372,0.27802579365079366
6198.0,103.3,领浆,1.2,0.2567755697177926,0.2567755697177926,0.0,0.4485712054749327,0.2567755697177926,0.27336320829414934,0.8524842789926049,0.3251015753805462,0.08717655424090263,6914.8871121718375,7414.977207637232,0.20286396181384275,0.28015873015873016
6204.0,103.4,领浆,1.2,0.2581734140994492,0.2581734140994492,0.0,0.4472815235363888,0.2581734140994492,0.274995132300268,0.8529159761682508,0.326717948574361,0.08758209881993502,6909.00369928401,7409.093794749403,0.20286396181384236,0.28209325396825397
6210.0,103.5,领浆,1.2,0.2595712869178383,0.2595712869178383,0.0,0.4459880880599196,0.2595712869178383,0.2766270429204885,0.8533363717873383,0.3283301998433517,0.08798698951779886,6903.120286396182,7409.093794749403,0.205250596658711,0.2845734126984127
6216.0,103.6,领浆,1.2,0.2609691831811089,0.2609691831811089,0.0,0.44469117242480233,0.2609691831811089,0.27825893477861957,0.8537459804854218,0.329938078684366,0.08839131110197322,6897.236873508354,7403.210381861575,0.205250596658711,0.2863095238095238
6222.0,103.7,领浆,1.2,0.2623671028879708,0.2623671028879708,0.0,0.4433908674097527,0.2623671028879708,0.27989081798292725,0.8541449557738392,0.3315416281664109,0.08879500263899184,6891.353460620525,7403.210381861575,0.20763723150358004,0.2881944444444444
6228.0,103.8,领浆,1.2,0.2637650485260593,0.2637650485260593,0.0,0.44208702032234404,0.2637650485260593,0.28152268929573043,0.8545339683926915,0.3331410034040155,0.0891980119499383,6891.353460620525,7403.210381861575,0.20763723150358004,0.28983134920634923
6234.0,103.9,领浆,1.2,0.26516301489266153,0.26516301489266153,0.0,0.44077988998421036,0.26516301489266153,0.2831545398120729,0.8549136062160468,0.33473593070328944,0.08960048087484082,6885.470047732697,7397.326968973747,0.20763723150358004,0.29176587301587303
6240.0,104.0,领浆,1.2,0.26656100745097183,0.26656100745097183,0.0,0.4394691823061711,0.26656100745097183,0.28478636509306093,0.855284697315319,0.3363267105322151,0.090002493640043,6879.586634844869,7397.326968973747,0.2100238663484487,0.29409722222222223
6246.0,104.1,领浆,1.2,0.26795902375220143,0.26795902375220143,0.0,0.43815509463334695,0.26795902375220143,0.2864181780127269,0.8556472059501319,0.3379133053902672,0.09040385445855731,6873.703221957041,7391.443556085919,0.2100238663484487,0.29618055555555556
6252.0,104.2,领浆,1.2,0.2693570573381967,0.2693570573381967,0.0,0.4368380044499975,0.2693570573381967,0.2880499728118063,0.8560015366083731,0.33949537477404307,0.09080467219449309,6867.819809069213,7391.443556085919,0.21241050119331734,0.29796626984126984
6258.0,104.3,领浆,1.2,0.2707551102714437,0.2707551102714437,0.0,0.4355176132165805,0.2707551102714437,0.289681743409011,0.8563484116823309,0.3410730416381927,0.0912050396098698,6861.936396181384,7391.443556085919,0.21479713603818634,0.29990079365079364
6264.0,104.4,领浆,1.2,0.2721531889916232,0.2721531889916232,0.0,0.4341936811467392,0.2721531889916232,0.2913134911302375,0.856688471033863,0.3426467024185487,0.09160493540616979,6856.052983293556,7385.56014319809,0.21479713603818598,0.3018849206349206
6270.0,104.5,领浆,1.2,0.2735512865655061,0.2735512865655061,0.0,0.43286679400872724,0.2735512865655061,0.292945213187848,0.8570219968952851,0.34421608339065796,0.09200431483959354,6850.169570405728,7385.56014319809,0.21718377088305463,0.30391865079365077
6276.0,104.6,领浆,1.2,0.2749493940148582,0.2749493940148582,0.0,0.4315368655190718,0.2749493940148582,0.29457690137407166,0.8573493636750215,0.345780788207479,0.09240327855643593,6850.169570405728,7385.56014319809,0.21718377088305463,0.30565476190476193
6282.0,104.7,领浆,1.2,0.27634752511825955,0.27634752511825955,0.0,0.4302036953939406,0.27634752511825955,0.2962085568757893,0.8576714778197543,0.3473416257267745,0.09280192421432926,6844.2861575178995,7379.676730310262,0.217183770883055,0.3074404761904762
6288.0,104.8,领浆,1.2,0.27774567385448096,0.27774567385448096,0.0,0.42886794885797763,0.27774567385448096,0.2978401785542015,0.8579885923220846,0.34889851350347956,0.09320008264662057,6838.4027446300715,7379.676730310262,0.21957040572792363,0.3095734126984127
6294.0,104.9,领浆,1.2,0.27914382534460447,0.27914382534460447,0.0,0.4275287331465852,0.27914382534460447,0.2994717174460309,0.8583021886276958,0.35045088849517736,0.0935980145813995,6832.519331742244,7373.7933174224345,0.21957040572792363,0.31121031746031746
6300.0,105.0,领浆,1.2,0.2805419900529735,0.2805419900529735,0.0,0.42618672197856056,0.2805419900529735,0.3011031980572039,0.8586123495628196,0.3519996496872046,0.09399573076434842,6826.635918854416,7373.7933174224345,0.22195704057279228,0.3130952380952381
6306.0,105.1,领浆,1.2,0.28194016979412473,0.28194016979412473,0.0,0.42484248004280467,0.28194016979412473,0.3027345940134794,0.8589204625484529,0.3535453255390499,0.09439328098556779,6820.752505966588,7373.7933174224345,0.22434367541766093,0.3149801587301587
6312.0,105.2,领浆,1.2,0.28333834032441213,0.28333834032441213,0.0,0.4234965333613218,0.28333834032441213,0.30436586622002104,0.8592273944884348,0.3550872944961266,0.09479073629635644,6814.869093078759,7367.9099045346065,0.22434367541766131,0.3166170634920635
6318.0,105.3,领浆,1.2,0.2847365108800479,0.2847365108800479,0.0,0.42214861473003634,0.2847365108800479,0.30599698078681736,0.8595351423146,0.3566267414184326,0.09518836156551311,6814.869093078759,7367.9099045346065,0.22434367541766131,0.31865079365079363
6324.0,105.4,领浆,1.2,0.2861346817792236,0.2861346817792236,0.0,0.42079968943763396,0.2861346817792236,0.30762791346957524,0.8598451292667149,0.35816462088904705,0.09558629549804479,6808.985680190931,7362.026491646779,0.22434367541766131,0.32043650793650796
6330.0,105.5,领浆,1.2,0.28753283070910124,0.28753283070910124,0.0,0.4194510168970875,0.28753283070910124,0.3092586174250677,0.8601587059943646,0.35970093520036617,0.09598455860764323,6803.102267303103,7362.026491646779,0.22673031026252996,0.32217261904761907
6336.0,105.6,领浆,1.2,0.2889309493741643,0.2889309493741643,0.0,0.41810219050816505,0.2889309493741643,0.31088900881401366,0.8604790346039716,0.3612364960556542,0.0963835878129711,6797.218854415275,7362.026491646779,0.2291169451073986,0.323859126984127
6342.0,105.7,领浆,1.2,0.2903290448501852,0.2903290448501852,0.0,0.4167544796827788,0.2903290448501852,0.3125190743846828,0.860807700309676,0.3627731242071446,0.0967835723788819,6791.335441527446,7356.14307875895,0.2291169451073986,0.3257936507936508
6348.0,105.8,领浆,1.2,0.29172711481541436,0.29172711481541436,0.0,0.415408452241283,0.29172711481541436,0.3141487452497431,0.8611478119760211,0.3643122815293527,0.097184761578361,6785.452028639618,7356.14307875895,0.23150357995226725,0.32743055555555556
6354.0,105.9,领浆,1.2,0.29312510443583195,0.29312510443583195,0.0,0.41406574230584753,0.29312510443583195,0.3157779453543832,0.8615008589334321,0.3658529784929662,0.09758735397999102,6779.56861575179,7350.259665871122,0.23150357995226725,0.3291170634920635
6360.0,106.0,领浆,1.2,0.294523053958296,0.294523053958296,0.0,0.4127257185089289,0.294523053958296,0.31740663312056033,0.8618708931433685,0.367398974743687,0.09799184931017954,6779.56861575179,7350.259665871122,0.23150357995226725,0.3304563492063492
6366.0,106.1,领浆,1.2,0.29592094670650265,0.29592094670650265,0.0,0.41139073499266554,0.29592094670650265,0.31903478700843685,0.8622593273088954,0.368951386738473,0.09839837650812902,6773.685202863962,7350.259665871122,0.2338902147971359,0.3322420634920635
6372.0,106.2,领浆,1.2,0.29731875216694464,0.29731875216694464,0.0,0.4100611385335267,0.29731875216694464,0.32066231579439314,0.8626693696495099,0.3705106290275944,0.09880727868538197,6767.801789976134,7344.376252983294,0.2338902147971359,0.33387896825396823
6378.0,106.3,领浆,1.2,0.29871647907596577,0.29871647907596577,0.0,0.4087369880672909,0.29871647907596577,0.3222891807091158,0.8631041647227006,0.37207906341850855,0.09921897009500151,6761.9183770883055,7344.376252983294,0.2362768496420049,0.3350694444444444
6384.0,106.4,领浆,1.2,0.3001141019010137,0.3001141019010137,0.0,0.40741878668184744,0.3001141019010137,0.3239153354227352,0.8635659240083577,0.3736562602991358,0.09963372173066541,6756.034964200478,7344.376252983294,0.23866348448687355,0.33645833333333336
6390.0,106.5,领浆,1.2,0.3015116326150543,0.3015116326150543,0.0,0.4061075259739953,0.3015116326150543,0.3255407868224992,0.8640566023245996,0.37524299844198544,0.10005172349460204,6750.15155131265,7338.492840095465,0.2386634844868732,0.3380952380952381
6396.0,106.6,领浆,1.2,0.3029090775079545,0.3029090775079545,0.0,0.4048045807392328,0.3029090775079545,0.32716561622940094,0.8645755291936891,0.3768389255173404,0.10047296283524944,6744.268138424821,7338.492840095465,0.2410501193317422,0.33958333333333335
6402.0,106.7,领浆,1.2,0.3043064768257874,0.3043064768257874,0.0,0.40351096316756235,0.3043064768257874,0.3287900486890602,0.86511847779671,0.3784439439461133,0.1008969761721497,6738.384725536993,7332.609427207637,0.2410501193317422,0.3412202380952381
6408.0,106.8,领浆,1.2,0.305703845265505,0.305703845265505,0.0,0.40222831444008866,0.305703845265505,0.3304142580012914,0.8656815680588732,0.3800575873375325,0.10132325735240116,6738.384725536993,7332.609427207637,0.2410501193317422,0.34250992063492064
6414.0,106.9,领浆,1.2,0.30710119532677,0.30710119532677,0.0,0.4009574579376932,0.30710119532677,0.33203836333367787,0.8662622860018556,0.3816796712150742,0.10175163971158578,6732.501312649165,7332.609427207637,0.24343675417661084,0.34350198412698413
6420.0,107.0,领浆,1.2,0.3084985325266523,0.3084985325266523,0.0,0.3996984085146047,0.3084985325266523,0.33366245696135516,0.8668584728732341,0.3833099346419499,0.1021818520850138,6726.617899761337,7326.726014319809,0.24343675417661084,0.34464285714285714
6426.0,107.1,领浆,1.2,0.30989585456409025,0.30989585456409025,0.0,0.3984512563596347,0.30989585456409025,0.3352866214639841,0.8674677418081699,0.38494782619444706,0.10261356290683046,6720.734486873509,7326.726014319809,0.2458233890214795,0.34637896825396824
6432.0,107.2,领浆,1.2,0.31129316403027585,0.31129316403027585,0.0,0.39721513050955665,0.31129316403027585,0.33691091159116526,0.8680885446154692,0.3865930088992758,0.10304666172515876,6714.85107398568,7320.842601431981,0.24582338902147988,0.3476190476190476
6438.0,107.3,领浆,1.2,0.31269046289662455,0.31269046289662455,0.0,0.3959889095400712,0.31269046289662455,0.3385353676417268,0.868719563906854,0.3882451227878023,0.1034810668920112,6708.967661097852,7320.842601431981,0.24821002386634852,0.3489583333333333
6444.0,107.4,领浆,1.2,0.3140877507749624,0.3140877507749624,0.0,0.3947714415842625,0.3140877507749624,0.3401600201482316,0.8693594984664479,0.38990371679944136,0.103916534649732,6703.084248210024,7320.842601431981,0.25059665871121717,0.3503968253968254
6450.0,107.5,领浆,1.2,0.31548502761641994,0.31548502761641994,0.0,0.3935615793392089,0.31548502761641994,0.34178488964229187,0.8700071751918622,0.39156832197471225,0.1043529284679581,6703.084248210024,7314.959188544153,0.24821002386634852,0.35168650793650796
6456.0,107.6,领浆,1.2,0.31688229535287776,0.31688229535287776,0.0,0.39235808955594553,0.31688229535287776,0.3434099842681027,0.8706617073842572,0.39323854092672395,0.10479024563555782,6697.200835322195,7314.959188544153,0.25059665871121756,0.3525793650793651
6462.0,107.7,领浆,1.2,0.31827955529643065,0.31827955529643065,0.0,0.3911598214284783,0.31827955529643065,0.3450353040394728,0.8713222988229252,0.394913974470123,0.10522841108305428,6691.3174224343675,7309.075775656324,0.25059665871121717,0.35386904761904764
6468.0,107.8,领浆,1.2,0.3196768069045242,0.3196768069045242,0.0,0.38996578224587086,0.3196768069045242,0.34666084482037596,0.8719881241824234,0.396594178290352,0.10566718634339037,6685.4340095465395,7309.075775656324,0.2529832935560858,0.3554563492063492
6474.0,107.9,领浆,1.2,0.32107405213308826,0.32107405213308826,0.0,0.38877499685176636,0.32107405213308826,0.34828659784495125,0.8726585697771804,0.39827878213361734,0.10610663243880751,6679.550596658712,7309.075775656324,0.25536992840095446,0.35639880952380953
6480.0,108.0,领浆,1.2,0.3224712916609278,0.3224712916609278,0.0,0.387586723895878,0.3224712916609278,0.3499125536997401,0.8733330090803525,0.3999673965794994,0.10654671255270619,6673.667183770884,7303.192362768496,0.25536992840095446,0.3577876984126984
6486.0,108.1,领浆,1.2,0.3238685256408327,0.3238685256408327,0.0,0.38640033578097815,0.3238685256408327,0.35153870167733414,0.8740108704350256,0.4016596511043132,0.10698728261927107,6667.783770883056,7303.192362768496,0.2577565632458231,0.3588293650793651
6492.0,108.2,领浆,1.2,0.32526575579520933,0.32526575579520933,0.0,0.38521513889256864,0.32526575579520933,0.35316502941008204,0.8746917412907496,0.4033552481780817,0.1074283393669324,6661.900357995227,7297.3089498806685,0.25775656324582347,0.3601686507936508
6498.0,108.3,领浆,1.2,0.32666298228975327,0.32666298228975327,0.0,0.3840307334435332,0.32666298228975327,0.35479152786642776,0.8753750882637258,0.4050538402495221,0.10786987497221767,6661.900357995227,7297.3089498806685,0.25775656324582347,0.36125992063492063
6504.0,108.4,领浆,1.2,0.3280602053160888,0.3280602053160888,0.0,0.382846774567735,0.3280602053160888,0.3564181870735169,0.876060447252978,0.40675512146943255,0.10831180334933775,6656.016945107399,7297.3089498806685,0.26014319809069214,0.3620535714285714
6510.0,108.5,领浆,1.2,0.3294574257099855,0.3294574257099855,0.0,0.38166295829393593,0.3294574257099855,0.3580449971447343,0.8767474096452814,0.4084588257347177,0.10875412667122314,6650.133532219571,7291.4255369928405,0.26014319809069214,0.3636904761904762
6516.0,108.6,领浆,1.2,0.33085464384644786,0.33085464384644786,0.0,0.3804790528351742,0.33085464384644786,0.35967194901441024,0.8774355524457069,0.4101646973242713,0.10919681811021889,6644.250119331742,7291.4255369928405,0.26252983293556115,0.36507936507936506
6522.0,108.7,领浆,1.2,0.3322518601323136,0.3322518601323136,0.0,0.37929487124434774,0.3322518601323136,0.361299033630196,0.8781244763305168,0.41187251149177034,0.10963983647864212,6638.366706443914,7285.542124105012,0.26252983293556076,0.36587301587301585
6528.0,108.8,领浆,1.2,0.3336490750972689,0.3336490750972689,0.0,0.37811028995745893,0.3336490750972689,0.362926242520163,0.8788137864140081,0.4135820671830157,0.11008317578001711,6632.483293556086,7285.542124105012,0.26491646778042943,0.3672123015873016
6534.0,108.9,领浆,1.2,0.33504628928714275,0.33504628928714275,0.0,0.3769251826708992,0.33504628928714275,0.36455356785791004,0.8795030813534469,0.4152931833111666,0.11052684913113973,6626.599880668258,7285.542124105012,0.26730310262529805,0.3682043650793651
6540.0,109.0,领浆,1.2,0.3364435030355806,0.3364435030355806,0.0,0.3757394080440909,0.3364435030355806,0.36618100183343116,0.8801919632039521,0.4170057031362231,0.11097081561606706,6626.599880668258,7279.658711217184,0.26491646778042943,0.36929563492063494
6546.0,109.1,领浆,1.2,0.33784071684441547,0.33784071684441547,0.0,0.3745528683338903,0.33784071684441547,0.3678085365531838,0.8808800561221779,0.4187195017163133,0.11141502827449307,6620.71646778043,7279.658711217184,0.26730310262529805,0.3705853174603175
6552.0,109.2,领浆,1.2,0.3392379315146032,0.3392379315146032,0.0,0.37336555186955345,0.3392379315146032,0.3694361661729431,0.881566945614338,0.4204344535163729,0.11185959205408069,6614.8330548926015,7273.775298329356,0.26730310262529844,0.3717261904761905
6558.0,109.3,领浆,1.2,0.3406351467636774,0.3406351467636774,0.0,0.37217744364204075,0.3406351467636774,0.37106388494935644,0.882252192548887,0.42215043391682533,0.11230443287528882,6608.9496420047735,7273.775298329356,0.26968973747016706,0.37316468253968255
6564.0,109.4,领浆,1.2,0.34203236255743125,0.34203236255743125,0.0,0.3709885535682836,0.34203236255743125,0.372691686828224,0.8829354034605412,0.4238673488072875,0.1127494652029075,6603.066229116946,7273.775298329356,0.27207637231503573,0.3742559523809524
6570.0,109.5,领浆,1.2,0.3434295799164853,0.3434295799164853,0.0,0.3697988341808083,0.3434295799164853,0.37431956693219476,0.88361621987413,0.4255851247016065,0.11319480918338098,6597.182816229117,7267.891885441528,0.2720763723150361,0.3755456349206349
6576.0,109.6,领浆,1.2,0.34482679936190913,0.34482679936190913,0.0,0.368608191629509,0.34482679936190913,0.3759475201491721,0.8842943090180065,0.4273037010218523,0.11364047350409798,6591.299403341289,7267.891885441528,0.27446300715990474,0.376984126984127
6582.0,109.7,领浆,1.2,0.3462240204930753,0.3462240204930753,0.0,0.36741660599910525,0.3462240204930753,0.3775755416204139,0.8849693326527244,0.42902301246292607,0.11408632672390767,6585.415990453461,7262.0084725537,0.27446300715990474,0.37762896825396824
6588.0,109.8,领浆,1.2,0.34762124362899005,0.34762124362899005,0.0,0.36622415298240446,0.34762124362899005,0.3792036284207497,0.885640952042525,0.43074299002790467,0.11453244518538007,6585.415990453461,7262.0084725537,0.27446300715990474,0.37862103174603173
6594.0,109.9,领浆,1.2,0.3490184698535423,0.3490184698535423,0.0,0.3650307582064223,0.3490184698535423,0.38083177608925084,0.886308943741535,0.4324636163160956,0.11497888653265326,6579.532577565633,7262.0084725537,0.2768496420047734,0.37956349206349205
6600.0,110.0,领浆,1.2,0.3504156992205768,0.3504156992205768,0.0,0.3638363437538394,0.3504156992205768,0.38245998042869417,0.8869730716352721,0.43418486327455635,0.11542556531719445,6573.649164677805,7256.125059665871,0.276849642004773,0.38125
6606.0,110.1,领浆,1.2,0.35181293111898443,0.35181293111898443,0.0,0.36264099420639406,0.35181293111898443,0.384088239994566,0.8876330128891198,0.4359066554184528,0.11587246724000941,6567.765751789976,7256.125059665871,0.27923627684964203,0.3825892857142857
6612.0,110.2,领浆,1.2,0.35321016619652623,0.35321016619652623,0.0,0.3614446518198459,0.35321016619652623,0.38571655236049174,0.8882885498047904,0.4376289638570255,0.11631966555714968,6561.882338902148,7250.241646778043,0.27923627684964203,0.3836309523809524
6618.0,110.3,领浆,1.2,0.3546074047693005,0.3546074047693005,0.0,0.36024729541474837,0.3546074047693005,0.3873449146665028,0.8889394917848781,0.4393517683977707,0.11676715138164788,6555.99892601432,7250.241646778043,0.2816229116945107,0.38506944444444446
6624.0,110.4,领浆,1.2,0.3560046465159565,0.3560046465159565,0.0,0.3590489264244417,0.3560046465159565,0.3889733241906947,0.8895856428419726,0.441075041568058,0.11721482174805274,6550.115513126491,7250.241646778043,0.2840095465393797,0.38591269841269843
6630.0,110.5,领浆,1.2,0.3574018918159743,0.3574018918159743,0.0,0.3578496067355658,0.3574018918159743,0.39060177977506333,0.890226802527504,0.4427987493625288,0.11766276693317322,6550.115513126491,7244.358233890215,0.28162291169451104,0.38680555555555557
6636.0,110.6,领浆,1.2,0.3587991408960689,0.3587991408960689,0.0,0.35664928571002114,0.3587991408960689,0.39223027956625994,0.8908628059688338,0.44452287111365474,0.11811099683150603,6544.232100238663,7244.358233890215,0.2840095465393797,0.3882440476190476
6642.0,110.7,领浆,1.2,0.3601963936393767,0.3601963936393767,0.0,0.3554479157205892,0.3601963936393767,0.39385882113012227,0.8914935116641628,0.4462473939082728,0.11855942601651198,6538.3486873508355,7238.474821002386,0.2840095465393793,0.3890873015873016
6648.0,110.8,领浆,1.2,0.361593650811746,0.361593650811746,0.0,0.3542454024984829,0.361593650811746,0.3954874024530155,0.8921188152932743,0.4479723197492697,0.1190081104505593,6532.4652744630075,7238.474821002386,0.286396181384248,0.39012896825396826
6654.0,110.9,领浆,1.2,0.36299091204108724,0.36299091204108724,0.0,0.3530418406087784,0.36299091204108724,0.39711602326040224,0.892738525737678,0.4496976034320549,0.11945706507760057,6526.58186157518,7238.474821002386,0.2887828162291166,0.3913690476190476
6660.0,111.0,领浆,1.2,0.36438817704332543,0.36438817704332543,0.0,0.3518372461111399,0.36438817704332543,0.3987446819505015,0.8933525095453511,0.45142322534492224,0.11990621254237119,6520.698448687352,7232.591408114558,0.2887828162291166,0.392906746031746
6666.0,111.1,领浆,1.2,0.36578544635120336,0.36578544635120336,0.0,0.3506315625322663,0.36578544635120336,0.40037337707334747,0.8939606717893022,0.45314918204724447,0.12035559472932347,6514.815035799523,7232.591408114558,0.2911694510739856,0.39379960317460316
6672.0,111.2,领浆,1.2,0.36718272004187374,0.36718272004187374,0.0,0.34942479979108365,0.36718272004187374,0.40200210754935456,0.8945628993066146,0.4548754578695561,0.12080521653826273,6508.931622911695,7226.70799522673,0.2911694510739856,0.3947420634920635
6678.0,111.3,领浆,1.2,0.3685799978058119,0.3685799978058119,0.0,0.34821696910880606,0.3685799978058119,0.40363087215662224,0.8951590784458442,0.4566020340505454,0.121255014246138,6508.931622911695,7226.70799522673,0.2911694510739856,0.3960813492063492
6684.0,111.4,领浆,1.2,0.3699772798231521,0.3699772798231521,0.0,0.34700806494360675,0.3699772798231521,0.4052596704951701,0.8957490960112984,0.45832888920791803,0.1217050426916735,6503.048210023867,7226.70799522673,0.2935560859188543,0.3972718253968254
6690.0,111.5,领浆,1.2,0.3713745663673517,0.3713745663673517,0.0,0.3457980349854511,0.3713745663673517,0.40688850085361566,0.8963328947014177,0.4600560278246352,0.12215527242061726,6497.164797136038,7220.8245823389025,0.2935560859188546,0.3984126984126984
6696.0,111.6,领浆,1.2,0.3727718575042718,0.3727718575042718,0.0,0.3445868410971133,0.3727718575042718,0.40851736170000263,0.8969104129411607,0.4617834498404719,0.12260566059911115,6491.28138424821,7220.8245823389025,0.2959427207637233,0.3994543650793651
6702.0,111.7,领浆,1.2,0.3741691533233069,0.3741691533233069,0.0,0.34337451916784256,0.3741691533233069,0.4101462526962677,0.8974815586290192,0.4635111373420381,0.12305624503569167,6485.397971360382,7214.9411694510745,0.2959427207637233,0.4011904761904762
6708.0,111.8,领浆,1.2,0.37556645375969894,0.37556645375969894,0.0,0.3421610846365414,0.37556645375969894,0.41177517329253993,0.898046246971192,0.46523907382160923,0.12350701970667365,6479.514558472554,7214.9411694510745,0.298329355608592,0.4021329365079365
6714.0,111.9,领浆,1.2,0.3769637586329147,0.3769637586329147,0.0,0.340946508162846,0.3769637586329147,0.4134041223681711,0.8986044137707211,0.46696725115147075,0.1239579218877444,6473.631145584726,7214.9411694510745,0.3007159904534606,0.40282738095238096
6720.0,112.0,领浆,1.2,0.37836106800879143,0.37836106800879143,0.0,0.33973076843943895,0.37836106800879143,0.4150330992926851,0.8991559948202976,0.4686956588055573,0.12440895696442719,6473.631145584726,7209.057756563246,0.2983293556085916,0.403968253968254
6726.0,112.1,领浆,1.2,0.3797583819988267,0.3797583819988267,0.0,0.3385139150805639,0.3797583819988267,0.41666210407700044,0.8997009125851337,0.47042427679338444,0.12486017930713343,6467.747732696897,7209.057756563246,0.3007159904534606,0.40476190476190477
6732.0,112.2,领浆,1.2,0.38115570040211794,0.38115570040211794,0.0,0.3372959481509601,0.38115570040211794,0.4182911353360066,0.9002391303950785,0.47215310381974096,0.12531149700615146,6461.8643198090695,7203.174343675418,0.3007159904534606,0.40654761904761905
6738.0,112.3,领浆,1.2,0.38255302367598804,0.38255302367598804,0.0,0.3360768127748349,0.38255302367598804,0.41992019145748866,0.9007706536121884,0.47388215789299,0.12576289178635747,6455.9809069212415,7203.174343675418,0.30310262529832926,0.40749007936507936
6744.0,112.4,领浆,1.2,0.38395035196270116,0.38395035196270116,0.0,0.3348565063707354,0.38395035196270116,0.42154927279147697,0.9012954190147603,0.4756114177374,0.12621444298070306,6450.097494033413,7203.174343675418,0.30548926014319827,0.40902777777777777
6750.0,112.5,领浆,1.2,0.3853476850551968,0.3853476850551968,0.0,0.333634983653466,0.3853476850551968,0.4231783786207167,0.9018133929063867,0.47734087388452084,0.12666609697195322,6444.214081145585,7197.29093078759,0.30548926014319827,0.4099702380952381
6756.0,112.6,领浆,1.2,0.38674502248765624,0.38674502248765624,0.0,0.33241226589204015,0.38674502248765624,0.42480750814994034,0.9023245431021903,0.4790705133853126,0.12711776091805962,6438.330668257757,7197.29093078759,0.3078758949880669,0.41081349206349205
6762.0,112.7,领浆,1.2,0.3881423646790927,0.3881423646790927,0.0,0.331188415812508,0.3881423646790927,0.42643666158425253,0.9028288480841061,0.48080032401473155,0.12756953085942485,6438.330668257757,7191.407517899762,0.30548926014319827,0.41200396825396823
6768.0,112.8,领浆,1.2,0.38953971177462604,0.38953971177462604,0.0,0.3299634376524556,0.38953971177462604,0.42806583836916534,0.9033263123205539,0.4825303017259604,0.128021411526934,6432.447255369929,7191.407517899762,0.3078758949880669,0.4130456349206349
6774.0,112.9,领浆,1.2,0.3909370631285555,0.3909370631285555,0.0,0.32873731960699865,0.3909370631285555,0.42969503714475743,0.903816949708791,0.484260441059197,0.12847324393670934,6426.563842482101,7191.407517899762,0.31026252983293556,0.41458333333333336
6780.0,113.0,领浆,1.2,0.3923344195073568,0.3923344195073568,0.0,0.32751002055560763,0.3923344195073568,0.431324257765726,0.9043008037614098,0.48599074516966384,0.12892514201268288,6420.680429594273,7185.524105011933,0.3102625298329352,0.4152777777777778
6786.0,113.1,领浆,1.2,0.39373178095813055,0.39373178095813055,0.0,0.3262815405824053,0.39373178095813055,0.43295350002415833,0.9047779086582752,0.487721204100423,0.1293771203997226,6414.797016706444,7185.524105011933,0.3126491646778042,0.4166170634920635
6792.0,113.2,领浆,1.2,0.39512914701675667,0.39512914701675667,0.0,0.3250518472338342,0.39512914701675667,0.4345827627704861,0.9052483276891219,0.48945181461755843,0.1298290530846378,6408.913603818616,7179.640692124105,0.3126491646778042,0.41805555555555557
6798.0,113.3,领浆,1.2,0.3965265178933903,0.3965265178933903,0.0,0.3238209917617061,0.3965265178933903,0.43621204619832044,0.9057121245236754,0.4911825638544777,0.13028099931803241,6403.030190930788,7179.640692124105,0.31503579952267285,0.41870039682539684
6804.0,113.4,领浆,1.2,0.39792389369783887,0.39792389369783887,0.0,0.32258900503400695,0.39792389369783887,0.437841350199837,0.9061693875398524,0.49291344223009353,0.13073298299410727,6397.146778042959,7179.640692124105,0.31742243436754186,0.42018849206349207
6810.0,113.5,领浆,1.2,0.3993212742888496,0.3993212742888496,0.0,0.32135584891321534,0.3993212742888496,0.4394706737737598,0.9066202441437128,0.49464445142992763,0.13118492991980316,6397.146778042959,7173.757279236277,0.3150357995226732,0.4208829365079365
6816.0,113.6,领浆,1.2,0.40071865945112445,0.40071865945112445,0.0,0.32012161625412655,0.40071865945112445,0.44110001707121543,0.9070647989519941,0.49637557068671445,0.13163684041171975,6391.263365155131,7173.757279236277,0.31742243436754186,0.42237103174603174
6822.0,113.7,领浆,1.2,0.4021160497496518,0.4021160497496518,0.0,0.31888625110397684,0.4021160497496518,0.4427293794356134,0.9075032320710966,0.49810681097602416,0.1320887539084245,6385.379952267303,7173.757279236277,0.31980906921241053,0.4238095238095238
6828.0,113.8,领浆,1.2,0.4035134448513338,0.4035134448513338,0.0,0.31764974757459263,0.4035134448513338,0.44435876046993483,0.9079356968750671,0.49983816013257154,0.13254061704119444,6379.4965393794755,7167.873866348449,0.31980906921241053,0.42485119047619047
6834.0,113.9,领浆,1.2,0.4049108447992807,0.4049108447992807,0.0,0.31641209936348624,0.4049108447992807,0.4459881599044654,0.9083623702496662,0.5015696116268543,0.13299242830603486,6373.613126491648,7167.873866348449,0.32219570405727915,0.4262896825396825
6840.0,114.0,领浆,1.2,0.4063082499941501,0.4063082499941501,0.0,0.31517329198779787,0.4063082499941501,0.4476175771814739,0.9087834632738131,0.5033011728933802,0.13344420983705615,6367.729713603819,7161.99045346062,0.32219570405727915,0.42703373015873014
6846.0,114.1,领浆,1.2,0.40770565999342345,0.40770565999342345,0.0,0.3139334151721525,0.40770565999342345,0.44924701224109553,0.9091991434808866,0.5050328242208688,0.13389591584161317,6361.846300715991,7161.99045346062,0.3245823389021478,0.428422619047619
6852.0,114.2,领浆,1.2,0.4091030748814575,0.4091030748814575,0.0,0.31269250526683795,0.4091030748814575,0.4508764650566879,0.909609598946563,0.5067645562535642,0.1343475653510287,6361.846300715991,7161.99045346062,0.3245823389021478,0.4297123015873016
6858.0,114.3,领浆,1.2,0.4105004947741231,0.4105004947741231,0.0,0.3114505295685999,0.4105004947741231,0.45250593518752236,0.910015031408224,0.5084963682398943,0.13479915041511917,6355.962887828163,7156.107040572792,0.3245823389021478,0.4307539682539683
6864.0,114.4,领浆,1.2,0.41189791956492594,0.41189791956492594,0.0,0.31020747881932714,0.41189791956492594,0.45413542218393727,0.9104156300775592,0.5102282551463447,0.13525063766177298,6350.079474940334,7156.107040572792,0.32696897374701683,0.43199404761904764
6870.0,114.5,领浆,1.2,0.41329534959121494,0.41329534959121494,0.0,0.30896335687994747,0.41329534959121494,0.45576492573726785,0.9108115904830495,0.5119602195323977,0.1357020583586189,6344.196062052506,7150.223627684964,0.32696897374701683,0.43353174603174605
6876.0,114.6,领浆,1.2,0.4146927845526587,0.4146927845526587,0.0,0.3077182358341755,0.4146927845526587,0.4573944459918403,0.9112030592877666,0.5136922414688481,0.1361533957412365,6338.312649164678,7150.223627684964,0.32935560859188545,0.4344246031746032
6882.0,114.7,领浆,1.2,0.41609022471622864,0.41609022471622864,0.0,0.3064720802691307,0.41609022471622864,0.45902398197394556,0.9115902335688056,0.5154243350052045,0.13660461791440207,6332.42923627685,7150.223627684964,0.3317422434367541,0.4355654761904762
6888.0,114.8,领浆,1.2,0.41748766987060737,0.41748766987060737,0.0,0.30522493250689486,0.41748766987060737,0.46065353403210746,0.9119732375883809,0.5171564789310679,0.13705573743904403,6326.545823389022,7144.3402147971365,0.3317422434367541,0.4369047619047619
6894.0,114.9,领浆,1.2,0.4188851203150987,0.4188851203150987,0.0,0.3039767907244093,0.4188851203150987,0.4622831019997576,0.9123522221350758,0.5188886729057834,0.13750678540847738,6320.662410501193,7144.3402147971365,0.33412887828162313,0.4380952380952381
6900.0,115.0,领浆,1.2,0.42028257580879413,0.42028257580879413,0.0,0.3027276581923912,0.42028257580879413,0.4639126852800568,0.9127273218022003,0.5206209131467866,0.13795769520142706,6320.662410501193,7144.3402147971365,0.33412887828162313,0.4392857142857143
6906.0,115.1,领浆,1.2,0.42168003629399,0.42168003629399,0.0,0.3014775936987995,0.42168003629399,0.46554228390030333,0.9130986477451635,0.5223531879520837,0.13840847189740144,6314.778997613365,7138.456801909308,0.33412887828162274,0.4407738095238095
6912.0,115.2,领浆,1.2,0.42307750238737485,0.42307750238737485,0.0,0.3002265674360031,0.42307750238737485,0.4671718976596073,0.9134663368239053,0.5240855054407433,0.1388591843962197,6308.895584725537,7138.456801909308,0.3365155131264914,0.441765873015873
6918.0,115.3,领浆,1.2,0.42447497355830405,0.42447497355830405,0.0,0.29897462883916354,0.42447497355830405,0.46880152610237114,0.9138304819285996,0.5258178532826995,0.13930974035844065,6303.012171837709,7138.456801909308,0.3389021479713604,0.44325396825396823
6924.0,115.4,领浆,1.2,0.42587244980911826,0.42587244980911826,0.0,0.2977217738353188,0.42587244980911826,0.4704311691031826,0.9141911780372086,0.5275502246624568,0.1397601378271398,6297.128758949881,7132.57338902148,0.3389021479713604,0.4444940476190476
6930.0,115.5,领浆,1.2,0.4272699315146164,0.4272699315146164,0.0,0.2964680123584273,0.4272699315146164,0.47206082696288393,0.9145485135911561,0.5292826129728654,0.140210453508155,6291.245346062053,7132.57338902148,0.3412887828162291,0.4453869047619048
6936.0,115.6,领浆,1.2,0.4286674185855711,0.4286674185855711,0.0,0.2952133193931632,0.4286674185855711,0.47369049889326353,0.9149025897157941,0.5310150226226636,0.1406606214656119,6285.361933174225,7126.689976133652,0.3412887828162291,0.446875
6942.0,115.7,领浆,1.2,0.4300649107711071,0.4300649107711071,0.0,0.29395775760766085,0.4300649107711071,0.4753201847352635,0.9152534746762772,0.5327474423187064,0.14111060666385755,6285.361933174225,7126.689976133652,0.3412887828162291,0.44821428571428573
6948.0,115.8,领浆,1.2,0.4314624085037912,0.4314624085037912,0.0,0.29270135484691073,0.4314624085037912,0.47694988477017425,0.9156012433566486,0.5344798676391107,0.14156048981534985,6279.478520286397,7126.689976133652,0.3436754176610977,0.4494047619047619
6954.0,115.9,领浆,1.2,0.4328599118592634,0.4328599118592634,0.0,0.2914440547986256,0.4328599118592634,0.47857959837927794,0.9159459829175298,0.5362123041380924,0.1420102378111782,6273.595107398569,7120.806563245824,0.3436754176610977,0.4507936507936508
6960.0,116.0,领浆,1.2,0.4342574202611211,0.4342574202611211,0.0,0.2901859161301069,0.4342574202611211,0.48020932547985234,0.9162877325583941,0.5379447318296158,0.14245978055442704,6267.71169451074,7120.806563245824,0.3460620525059667,0.4523313492063492
6966.0,116.1,领浆,1.2,0.4356549341474623,0.4356549341474623,0.0,0.28892695311624983,0.4356549341474623,0.481839066394253,0.9166265532073639,0.539677145709875,0.1429092005984465,6261.828281622912,7120.806563245824,0.3484486873508354,0.4534722222222222
6972.0,116.2,领浆,1.2,0.4370524536530079,0.4370524536530079,0.0,0.2876671701404945,0.4370524536530079,0.4834688207445378,0.9169625145003063,0.5414095480160035,0.14335849098062228,6255.944868735084,7114.923150357996,0.3484486873508354,0.45476190476190476
6978.0,116.3,领浆,1.2,0.4384499783647071,0.4384499783647071,0.0,0.28640656988518076,0.4384499783647071,0.4850985879270846,0.9172956693940201,0.5431419330790763,0.14380755960119154,6250.061455847255,7114.923150357996,0.3508353221957044,0.45610119047619047
6984.0,116.4,领浆,1.2,0.4398475087029228,0.4398475087029228,0.0,0.2851451382438965,0.4398475087029228,0.4867283682874935,0.9176260687673164,0.544874295735936,0.14425648963477702,6250.061455847255,7114.923150357996,0.3508353221957044,0.4572420634920635
6990.0,116.5,领浆,1.2,0.4412450447586196,0.4412450447586196,0.0,0.28388288378410803,0.4412450447586196,0.48835816156553513,0.9179537686860023,0.5466066355011808,0.14470527696497676,6244.178042959427,7109.039737470167,0.350835322195704,0.4587797619047619
6996.0,116.6,领浆,1.2,0.4426425860951484,0.4426425860951484,0.0,0.2826198683920148,0.4426425860951484,0.4899879674629488,0.9182788033867058,0.5483389400290772,0.14515385126050884,6238.294630071599,7109.039737470167,0.3532219570405727,0.4598710317460317
7002.0,116.7,领浆,1.2,0.4440401331358701,0.4440401331358701,0.0,0.2813560598584253,0.4440401331358701,0.4916177860332359,0.9186012269701829,0.5500712104090191,0.14560227015316482,6232.411217183771,7109.039737470167,0.3556085918854413,0.46106150793650796
7008.0,116.8,领浆,1.2,0.44543768570681147,0.44543768570681147,0.0,0.28009147890024294,0.44543768570681147,0.4932476173644349,0.9189210668621698,0.5518034329700645,0.1460505261320108,6226.5278042959435,7103.156324582339,0.3556085918854413,0.46245039682539685
7014.0,116.9,领浆,1.2,0.4468352437929927,0.4468352437929927,0.0,0.27882609783448803,0.4468352437929927,0.4948774609440524,0.9192383752588734,0.5535356099816631,0.1464985801513156,6220.644391408115,7103.156324582339,0.3579952267303103,0.4642361111111111
7020.0,117.0,领浆,1.2,0.4482328075468395,0.4482328075468395,0.0,0.277559958676403,0.4482328075468395,0.4965073168735963,0.9195531889476342,0.5552677354625861,0.14694646236399697,6214.760978520287,7097.272911694511,0.3579952267303103,0.4658730158730159
7026.0,117.1,领浆,1.2,0.44963037698415576,0.44963037698415576,0.0,0.27629307529455027,0.44963037698415576,0.4981371849883979,0.9198655469610911,0.5569998057004164,0.14739416650698964,6208.877565632459,7097.272911694511,0.360381861575179,0.46671626984126985
7032.0,117.2,领浆,1.2,0.4510279520257047,0.4510279520257047,0.0,0.27502545189940214,0.4510279520257047,0.49976706515095837,0.9201754824813319,0.5587318142841343,0.14784167687231078,6208.877565632459,7097.272911694511,0.360381861575179,0.4679563492063492
7038.0,117.3,领浆,1.2,0.4524255328613881,0.4524255328613881,0.0,0.27375705339269446,0.4524255328613881,0.5013969571855129,0.9204830397115114,0.5604637622813798,0.14828900286383087,6202.99415274463,7091.389498806682,0.360381861575179,0.46939484126984127
7044.0,117.4,领浆,1.2,0.45382311940542225,0.45382311940542225,0.0,0.27248785695947964,0.45382311940542225,0.503026861038043,0.9207882469514784,0.5621956418167063,0.14873613481630593,6197.110739856802,7091.389498806682,0.3627684964200476,0.47098214285714285
7050.0,117.5,领浆,1.2,0.45522071136802383,0.45522071136802383,0.0,0.2712179438834325,0.45522071136802383,0.5046567769994026,0.9210911108791633,0.5639274324244858,0.14918306680244883,6191.227326968974,7091.389498806682,0.3651551312649163,0.4720734126984127
7056.0,117.6,领浆,1.2,0.45661830911378404,0.45661830911378404,0.0,0.26994730678724826,0.45661830911378404,0.5062867047291572,0.9213916842970407,0.5656591424636044,0.1496298144578313,6185.343914081146,7085.506085918854,0.3651551312649163,0.47346230158730157
7062.0,117.7,领浆,1.2,0.4580159125352951,0.4580159125352951,0.0,0.2686759624172949,0.4580159125352951,0.5079166440003979,0.9216899973388506,0.5673907670255893,0.15007635331095873,6179.460501193318,7085.506085918854,0.36754176610978495,0.47504960317460315
7068.0,117.8,领浆,1.2,0.45941352168546007,0.45941352168546007,0.0,0.2674038827538023,0.45941352168546007,0.5095465946720567,0.9219860828818285,0.5691223034492752,0.1505226831594045,6173.57708830549,7085.506085918854,0.36992840095465357,0.47638888888888886
7074.0,117.9,领浆,1.2,0.460811136698222,0.460811136698222,0.0,0.2661310624315575,0.460811136698222,0.5111765569233709,0.9222799654590731,0.5708537444477741,0.15096883727322538,6173.57708830549,7079.622673031026,0.36754176610978495,0.47787698412698415
7080.0,118.0,领浆,1.2,0.46220875740219874,0.46220875740219874,0.0,0.2648574943106187,0.46220875740219874,0.5128065304278557,0.9225716739247206,0.5725850858920374,0.15141477307411644,6167.693675417661,7079.622673031026,0.36992840095465396,0.47886904761904764
7086.0,118.1,领浆,1.2,0.46360638377037094,0.46360638377037094,0.0,0.26358317494042866,0.46360638377037094,0.5144365150494348,0.9228612357922897,0.5743163232885529,0.15186048212263675,6161.810262529833,7079.622673031026,0.3723150357995226,0.480109126984127
7092.0,118.2,领浆,1.2,0.46500401597626834,0.46500401597626834,0.0,0.26230817015744556,0.46500401597626834,0.5160665111574304,0.923148668499397,0.5760474463054002,0.15230601971078983,6155.926849642005,7073.739260143198,0.3723150357995226,0.4816468253968254
7098.0,118.3,领浆,1.2,0.46640165391174215,0.46640165391174215,0.0,0.2610324618840513,0.46640165391174215,0.5176965182035634,0.9234340089247176,0.5777784571656477,0.15275133386259124,6150.043436754177,7073.739260143198,0.3747016706443916,0.4831845238095238
7104.0,118.4,领浆,1.2,0.46779929731345293,0.46779929731345293,0.0,0.25975605844297184,0.46779929731345293,0.5193265361240328,0.9237172707810435,0.5795093440266577,0.15319639978016122,6144.160023866349,7073.739260143198,0.37708830548926026,0.48467261904761905
7110.0,118.5,领浆,1.2,0.4691969467510294,0.4691969467510294,0.0,0.25847893290608254,0.4691969467510294,0.5209565650208773,0.9239984947255687,0.5812401119747923,0.1536413005381671,6138.276610978521,7067.8558472553705,0.37708830548926026,0.48566468253968254
7116.0,118.6,领浆,1.2,0.4705946020114524,0.4705946020114524,0.0,0.25720106972481066,0.4705946020114524,0.5225866043463799,0.9242777128348304,0.5829707612744572,0.15408597841853147,6138.276610978521,7067.8558472553705,0.37708830548926026,0.4867063492063492
7122.0,118.7,领浆,1.2,0.4719922626430533,0.4719922626430533,0.0,0.2559225146481144,0.4719922626430533,0.5242166539682253,0.9245549330496837,0.5847012775718039,0.15453038704861355,6132.393198090693,7067.8558472553705,0.3794749403341289,0.48834325396825395
7128.0,118.8,领浆,1.2,0.47338992926590173,0.47338992926590173,0.0,0.2546432414869245,0.47338992926590173,0.5258467140695,0.9248301946576771,0.5864316666816435,0.15497462603263168,6126.509785202865,7061.972434367542,0.37947494033412854,0.489781746031746
7134.0,118.9,领浆,1.2,0.47478760148708216,0.47478760148708216,0.0,0.2533632798206194,0.47478760148708216,0.5274767843904908,0.9251035116359034,0.5881619187610777,0.1554186495431123,6120.626372315036,7061.972434367542,0.38186157517899755,0.4907738095238095
7140.0,119.0,领浆,1.2,0.47618527893245516,0.47618527893245516,0.0,0.2520826514882463,0.47618527893245516,0.5291068642916215,0.9253749110711549,0.5898920326405962,0.15586238811205755,6114.742959427208,7061.972434367542,0.38424821002386617,0.4922619047619048
7146.0,119.1,领浆,1.2,0.4775829619890206,0.4775829619890206,0.0,0.25080135846622087,0.4775829619890206,0.5307369540937449,0.9256444174284428,0.5916220058523027,0.15630594124860814,6108.85954653938,7056.089021479714,0.38424821002386617,0.4939484126984127
7152.0,119.2,领浆,1.2,0.4789806506965802,0.4789806506965802,0.0,0.2495193580894979,0.4789806506965802,0.5323670531062418,0.9259120762308686,0.5933518497893528,0.15674928970094498,6102.976133651551,7056.089021479714,0.38663484486873523,0.49528769841269843
7158.0,119.3,领浆,1.2,0.48037834466190377,0.48037834466190377,0.0,0.24823667281672454,0.48037834466190377,0.5339971604842974,0.9261779218900602,0.595081569172618,0.15719236127047642,6097.092720763723,7056.089021479714,0.38902147971360385,0.49697420634920636
7164.0,119.4,领浆,1.2,0.48177604391807943,0.48177604391807943,0.0,0.24695332337955772,0.48177604391807943,0.5356272764953846,0.9264419677827144,0.5968111555933826,0.15763522821635154,6097.092720763723,7050.205608591886,0.38663484486873523,0.4978670634920635
7170.0,119.5,领浆,1.2,0.4831737484985074,0.4831737484985074,0.0,0.2456693073330717,0.4831737484985074,0.5372574005931384,0.9267042550995651,0.5985406189386324,0.1580778984427447,6091.209307875895,7050.205608591886,0.38902147971360385,0.49915674603174603
7176.0,119.6,领浆,1.2,0.48457145781473615,0.48457145781473615,0.0,0.24438466216570395,0.48457145781473615,0.5388875320013177,0.9269648085959135,0.6002699589140371,0.15852030124539038,6085.325894988067,7050.205608591886,0.3914081145584725,0.5005952380952381
7182.0,119.7,领浆,1.2,0.48596917170101667,0.48596917170101667,0.0,0.24309944461882088,0.48596917170101667,0.5405176706304161,0.9272236461222283,0.601999171148468,0.1589624761767321,6079.442482100239,7044.322195704058,0.3914081145584725,0.5020833333333333
7188.0,119.8,领浆,1.2,0.4873668904306349,0.4873668904306349,0.0,0.2418136194209028,0.4873668904306349,0.5421478157852991,0.9274808242688533,0.6037282768770531,0.15940446366709055,6073.559069212411,7044.322195704058,0.3937947494033415,0.5037698412698413
7194.0,119.9,领浆,1.2,0.48876461379079333,0.48876461379079333,0.0,0.2405271297451786,0.48876461379079333,0.5437779661844976,0.9277364022271417,0.6054572995958384,0.15984620763305493,6067.675656324583,7044.322195704058,0.39618138424821014,0.5049603174603174
7200.0,120.0,领浆,1.2,0.4901623414393394,0.4901623414393394,0.0,0.23924002869501693,0.4901623414393394,0.5454081213045053,0.9279904094059211,0.607186243259448,0.16028770862757413,6061.792243436755,7038.438782816229,0.3961813842482098,0.5062996031746032
7206.0,120.1,领浆,1.2,0.4915600732441582,0.4915600732441582,0.0,0.23795239414459576,0.4915600732441582,0.5470382811704267,0.9282428648772841,0.6089151062177612,0.1607290327317725,6061.792243436755,7038.438782816229,0.3961813842482098,0.5077380952380952
7212.0,120.2,领浆,1.2,0.4929578087840111,0.4929578087840111,0.0,0.23666424833330085,0.4929578087840111,0.5486684448641256,0.9284938086776717,0.6106439010583133,0.1611701346287704,6055.908830548926,7038.438782816229,0.3985680190930788,0.5087301587301587
7218.0,120.3,领浆,1.2,0.49435554756902617,0.49435554756902617,0.0,0.2353756148832033,0.49435554756902617,0.5502986114745222,0.9287432786340294,0.6123726394767991,0.1616109677810748,6050.025417661098,7032.555369928401,0.3985680190930788,0.5102182539682539
7224.0,120.4,领浆,1.2,0.49575328997279394,0.49575328997279394,0.0,0.23408650078401794,0.49575328997279394,0.55192878081227,0.928991323207799,0.6141013407714108,0.16205163618485796,6044.14200477327,7032.555369928401,0.40095465393794744,0.511359126984127
7230.0,120.5,领浆,1.2,0.4971510357796597,0.4971510357796597,0.0,0.23279686154035417,0.4971510357796597,0.5535589517413111,0.9292380012389835,0.6158300317559722,0.16249209644705612,6038.258591885442,7032.555369928401,0.4033412887828161,0.5128968253968254
7236.0,120.6,领浆,1.2,0.4985487843607093,0.4985487843607093,0.0,0.23150679451418127,0.4985487843607093,0.5551891236554963,0.9294833378812779,0.6175587175623826,0.16293230693783164,6032.375178997614,7026.671957040573,0.4033412887828161,0.5146329365079365
7242.0,120.7,领浆,1.2,0.49994653574342185,0.49994653574342185,0.0,0.23021633232355793,0.49994653574342185,0.556819296540168,0.9297273642561869,0.6192874078511285,0.16337233826800399,6026.491766109786,7026.671957040573,0.40572792362768473,0.5159722222222223
7248.0,120.8,领浆,1.2,0.5013442895651287,0.5013442895651287,0.0,0.22892553005159816,0.5013442895651287,0.5584494698926695,0.9299701128920045,0.6210161138121929,0.16381217239739737,6026.491766109786,7026.671957040573,0.40572792362768473,0.5169642857142858
7254.0,120.9,领浆,1.2,0.5027420457086587,0.5027420457086587,0.0,0.22763435267723092,0.5027420457086587,0.5600796428879307,0.9302116379341387,0.6227448617127929,0.16425178707427174,6020.608353221957,7026.671957040573,0.4081145584725538,0.5180555555555556
7260.0,121.0,领浆,1.2,0.5041398037189593,0.5041398037189593,0.0,0.2263428961083455,0.5041398037189593,0.5617098155764442,0.930451950100494,0.624473649379687,0.1646911970453389,6014.724940334129,7020.788544152745,0.4081145584725538,0.5196428571428572
7266.0,121.1,领浆,1.2,0.5055375635732071,0.5055375635732071,0.0,0.2250511656272903,0.5055375635732071,0.5633399876547679,0.9306910887998009,0.6262024944638511,0.165130422284659,6008.841527446301,7020.788544152745,0.4105011933174224,0.5208333333333334
7272.0,121.2,领浆,1.2,0.5069353254214605,0.5069353254214605,0.0,0.2237591145914749,0.5069353254214605,0.5649701584189858,0.9309291149802419,0.6279314298005875,0.16556946399390648,6002.9581145584725,7020.788544152745,0.4128878281622914,0.5226686507936508
7278.0,121.3,领浆,1.2,0.5083330885512377,0.5083330885512377,0.0,0.22246683320166713,0.5083330885512377,0.5666003276504312,0.931166038781893,0.6296604546224642,0.1660082737137025,5997.074701670645,7014.905131264917,0.4128878281622914,0.523859126984127
7284.0,121.4,领浆,1.2,0.5097308530263726,0.5097308530263726,0.0,0.22117435339545777,0.5097308530263726,0.5682304955639728,0.931401885557736,0.6313895789855489,0.1664469091388125,5991.191288782817,7014.905131264917,0.4152744630071601,0.5251488095238095
7290.0,121.5,领浆,1.2,0.5111286185846259,0.5111286185846259,0.0,0.21988170478373734,0.5111286185846259,0.5698606620184774,0.9316366792123478,0.6331188125314282,0.16688536192222506,5991.191288782817,7014.905131264917,0.4152744630071601,0.526140873015873
7296.0,121.6,尾浆,1.2,0.5118739114090716,0.5104096904387505,0.0014642209703209553,0.2185888803780485,0.5118739114090716,0.5707586911878607,0.9306766359558607,0.6340384244390402,0.16711868654070428,5985.307875894989,7009.021718377088,0.4152744630071597,0.5304563492063492
7302.0,121.7,尾浆,1.2,0.5131499026503978,0.5102009221325222,0.0029489805178757452,0.2172965599642741,0.5131499026503978,0.5722517349940979,0.9306892392994689,0.6356207581771309,0.1675425893174704,5979.424463007161,7009.021718377088,0.4176610978520284,0.5324404761904762
7308.0,121.8,尾浆,1.2,0.5145630502336037,0.5101268828016214,0.004436167431982162,0.2160036868843101,0.5145630502336037,0.5739007622258928,0.930955149781242,0.6373767131940262,0.1679951244737071,5973.541050119332,7009.021718377088,0.4200477326968974,0.5334821428571429
7314.0,121.9,尾浆,1.2,0.5160101575473788,0.5100890038965948,0.005921153650784046,0.21471045182710996,0.5160101575473788,0.5755927098958526,0.9312894801655711,0.639180676390366,0.16846194215141091,5967.657637231504,7003.13830548926,0.4200477326968974,0.5346726190476191
7320.0,122.0,尾浆,1.2,0.5174680193363946,0.5100648704071552,0.007403148929239283,0.21341698104181817,0.5174680193363946,0.5773021588627973,0.9316506452176262,0.641004392872499,0.1689375960260728,5961.774224343676,7003.13830548926,0.422434367541766,0.5360119047619047
7326.0,122.1,尾浆,1.2,0.5189324132762811,0.5100477969291726,0.008884616347108729,0.21212340000308993,0.5189324132762811,0.5790202987185653,0.932024230355116,0.6428380644319361,0.1694065190856431,5955.890811455847,7003.13830548926,0.42482100238663506,0.5371527777777778
7332.0,122.2,尾浆,1.2,0.5204012792637869,0.5100351290822313,0.010366150181555595,0.21082973652267575,0.5204012792637869,0.5807431762605273,0.9324037992017667,0.6446773128756347,0.16986930882602136,5950.007398568019,6997.254892601432,0.42482100238663506,0.5382440476190476
7338.0,122.3,尾浆,1.2,0.5218730916252076,0.5100255147176553,0.01184757690755221,0.2095359873856281,0.5218730916252076,0.5824690666462553,0.9327865121149597,0.6465202020376432,0.17033240037167618,5950.007398568019,6997.254892601432,0.42482100238663506,0.5392857142857143
7344.0,122.4,尾浆,1.2,0.5233469210687156,0.5100181256064032,0.013328795462312318,0.20824214983943717,0.5233469210687156,0.5841979941126519,0.9331713649773562,0.6483660405996617,0.1707982507327314,5944.123985680191,6997.254892601432,0.4272076372315037,0.5404265873015873
7350.0,122.5,尾浆,1.2,0.524821645215322,0.5100123805937066,0.014809264621615643,0.2069482486661296,0.524821645215322,0.5859343306260636,0.9335574222369706,0.6502141857313231,0.1712627247406833,5938.240572792363,6997.254892601432,0.42959427207637235,0.5420138888888889
7356.0,122.6,尾浆,1.2,0.5262970963284797,0.5100078898577791,0.01628920647070053,0.20565427667231947,0.5262970963284797,0.5876748683521321,0.9339444513388259,0.6520644707068107,0.17172583664184426,5932.357159904535,6991.371479713604,0.42959427207637196,0.5434523809523809
7362.0,122.7,尾浆,1.2,0.5277732665568801,0.5100043672332453,0.01776889932363478,0.20436020578811162,0.5277732665568801,0.5894183943803353,0.9343315155437276,0.653916255131982,0.1721872269550019,5926.4737470167065,6991.371479713604,0.43198090692124097,0.544593253968254
7368.0,122.8,尾浆,1.2,0.5292504855140614,0.510001597767625,0.01924888774643635,0.2030661064091792,0.5292504855140614,0.5911633874674435,0.9347177869409176,0.6557689739172472,0.17264876476980578,5920.590334128879,6991.371479713604,0.43436754176610964,0.5459325396825396
7374.0,122.9,尾浆,1.2,0.5306957788468066,0.5099994245554467,0.020696354291359922,0.20177197962599375,0.5306957788468066,0.5928969991181384,0.9351032586198249,0.6575777952828294,0.17310443508956766,5914.706921241051,6985.488066825776,0.43436754176610964,0.5473214285714286
7380.0,123.0,尾浆,1.2,0.5320910365170933,0.5099976836461746,0.02209335287091854,0.2004778061086006,0.5320910365170933,0.5946042779993793,0.9354861935650874,0.6593169687084011,0.17354625030808316,5914.706921241051,6985.488066825776,0.43436754176610964,0.5480654761904762
7386.0,123.1,尾浆,1.2,0.5334883567836893,0.5099962803873075,0.023492076396381848,0.19918357345097795,0.5334883567836893,0.5962938192662331,0.9358647285279771,0.661056540221803,0.17399214205344962,5908.823508353223,6985.488066825776,0.43675417661097826,0.5499007936507937
7392.0,123.2,尾浆,1.2,0.5348862933190182,0.5099951578108672,0.02489113550815108,0.19788928572587064,0.5348862933190182,0.5979712449090874,0.9362416654429017,0.6627975062571617,0.17443731433813406,5902.940095465394,6979.604653937948,0.43675417661097865,0.5515873015873016
7398.0,123.3,尾浆,1.2,0.536284461145814,0.5099942534068203,0.026290207738993848,0.19659500258414733,0.536284461145814,0.5996402979961432,0.936616417385942,0.6645387123216313,0.17488272167686336,5897.056682577566,6979.604653937948,0.43914081145584727,0.5528769841269842
7404.0,123.4,尾浆,1.2,0.5376827415776874,0.5099935227559552,0.027689218821732028,0.1953006757102438,0.5376827415776874,0.6013029286407774,0.9369889287446806,0.666279851590068,0.17532938718931573,5891.173269689738,6979.604653937948,0.44152744630071594,0.5547619047619048
7410.0,123.5,尾浆,1.2,0.5390810703233618,0.50999292313307,0.02908814719029197,0.19400629808450556,0.5390810703233618,0.6029598125443785,0.9373597101672678,0.6680210250563602,0.1757751444709034,5885.28985680191,6979.604653937948,0.44391408114558456,0.5562003968253968
7416.0,123.6,尾浆,1.2,0.5404794231126641,0.5099924262874571,0.03048699682520691,0.19271187843555748,0.5404794231126641,0.604611376735051,0.9377296066658005,0.669762376602746,0.17622003767268657,5879.406443914082,6973.72124105012,0.44391408114558456,0.5574404761904762
7422.0,123.7,尾浆,1.2,0.5418777992078893,0.5099920088745022,0.03188579033338708,0.1914174209248499,0.5418777992078893,0.6062576101160496,0.9381029445432225,0.671504141811104,0.17666444181794186,5879.406443914082,6973.72124105012,0.44391408114558456,0.5587797619047619
7428.0,123.8,尾浆,1.2,0.5432761726982708,0.5099916482957484,0.03328452440252251,0.19012296207013835,0.5432761726982708,0.6078986033712895,0.9384984841206137,0.6732460169250845,0.17710835732032668,5873.523031026253,6973.72124105012,0.4463007159904536,0.5600198412698413
7434.0,123.9,尾浆,1.2,0.544674509396751,0.5099913399167865,0.03468316947996462,0.18882851037885096,0.544674509396751,0.6095351234246964,0.9389357210449245,0.6749875191770494,0.17755258016381326,5867.639618138425,6967.837828162292,0.4463007159904536,0.5619047619047619
7440.0,124.0,尾浆,1.2,0.5460728352627269,0.5099910673390835,0.036081767923643364,0.18753400511790366,0.5460728352627269,0.6111673474338083,0.9393624430832335,0.6767288342244366,0.17799775552047095,5861.756205250597,6967.837828162292,0.44868735083532224,0.5635416666666667
7446.0,124.1,尾浆,1.2,0.547471189299472,0.5099908327250469,0.037480356574425035,0.18623944652285057,0.547471189299472,0.6127959837860496,0.9397562501922806,0.678472649683268,0.17844013478461535,5855.872792362768,6967.837828162292,0.45107398568019125,0.5648809523809524
7452.0,124.2,尾浆,1.2,0.548869465641671,0.5099905975644203,0.038878868077250814,0.18494485297408048,0.548869465641671,0.6144227025706243,0.9400871403362183,0.6802145858073616,0.17888299685438688,5849.9893794749405,6961.954415274463,0.4510739856801909,0.5661210317460318
7458.0,124.3,尾浆,1.2,0.5502677351863948,0.5099903763833902,0.04027735880300456,0.18365025395322904,0.5502677351863948,0.6160479661285162,0.940337685969863,0.6819570393361143,0.17932524405226316,5844.105966587113,6961.954415274463,0.45346062052505953,0.5680059523809524
7464.0,124.4,尾浆,1.2,0.5516659861690336,0.5099901660257152,0.04167582014331835,0.1823556349218278,0.5516659861690336,0.6176724813419399,0.9404778674773796,0.6836999359721482,0.17976698807784866,5838.222553699285,6961.954415274463,0.4558472553699282,0.5689980158730159
7470.0,124.5,尾浆,1.2,0.5530642303811849,0.5099899696613068,0.043074260719878146,0.1810610063155863,0.5530642303811849,0.6192965129301754,0.9404747166441726,0.6854436381015147,0.18020905950331154,5838.222553699285,6961.954415274463,0.4558472553699282,0.5709325396825397
7476.0,124.6,尾浆,1.2,0.5544624586074912,0.509989776620055,0.04447268198743649,0.17976637962540187,0.5544624586074912,0.6209203590963281,0.9403120809505149,0.6871875757587204,0.18065189013123925,5832.339140811457,6956.071002386635,0.4558472553699282,0.5723214285714285
7482.0,124.7,尾浆,1.2,0.555860620908476,0.5099895496236095,0.04587107128486654,0.1784717425734604,0.555860620908476,0.6225442905050096,0.9400239585524413,0.6889305296190664,0.18109035518471686,5826.455727923628,6956.071002386635,0.4582338902147972,0.5740575396825397
7488.0,124.8,尾浆,1.2,0.5572587745341651,0.5099893246356297,0.04726944989853524,0.17717706476397335,0.5572587745341651,0.6241682356292618,0.9396367557629995,0.6906737532245283,0.18153013265070117,5820.5723150358,6956.071002386635,0.46062052505966583,0.5756944444444444
7494.0,124.9,尾浆,1.2,0.5586569287515186,0.5099890994053483,0.04866782934617025,0.17588233914381454,0.5586569287515186,0.62579214439848,0.939173889023936,0.6924178787413547,0.18196987858807448,5814.688902147972,6950.187589498807,0.46062052505966583,0.5776785714285714
7500.0,125.0,尾浆,1.2,0.5600550583024518,0.5099888679406405,0.050066190361811515,0.17458762204538436,0.5600550583024518,0.6274162303148749,0.9386541414214846,0.6941622292589097,0.18240901122953312,5808.805489260143,6950.187589498807,0.46300715990453484,0.582936507936508
7506.0,125.1,尾浆,1.2,0.5614531770528574,0.5099886344622708,0.05146454259058653,0.173292907066695,0.5614531770528574,0.6290404199934184,0.9380986678122692,0.6959071247284324,0.1828481078094024,5802.922076372315,6950.187589498807,0.4653937947494035,0.5856150793650794
7512.0,125.2,尾浆,1.2,0.5628512795464423,0.5099883895769722,0.052862889969470084,0.1719981701026515,0.5628512795464423,0.6306647410580973,0.9375068802843264,0.697652028408514,0.18328760337237948,5802.922076372315,6944.304176610979,0.46300715990453484,0.5881944444444445
7518.0,125.3,尾浆,1.2,0.5642493325686645,0.5099881100780282,0.05426122249063637,0.17070342694575402,0.5642493325686645,0.6322892921067068,0.936891550976423,0.699396347699747,0.1837232581738866,5797.038663484487,6944.304176610979,0.4653937947494035,0.5898809523809524
7524.0,125.4,尾浆,1.2,0.5656474040013423,0.5099878331690302,0.05565957083231222,0.1694086938721811,0.5656474040013423,0.6339137270014025,0.9362451454645975,0.7011420407157802,0.18415979693520648,5791.155250596659,6944.304176610979,0.4677804295942722,0.5926091269841269
7530.0,125.5,尾浆,1.2,0.5670454547211652,0.5099875463588739,0.05705790836229132,0.168113957376779,0.5670454547211652,0.6355382644445464,0.935577160303577,0.7028877531349662,0.18459682317620002,5785.271837708831,6944.304176610979,0.4701670644391408,0.594295634920635
7536.0,125.6,尾浆,1.2,0.5684434809747758,0.5099872430906743,0.058456237884101606,0.166819198213037,0.5684434809747758,0.6371628066566717,0.9348937081949544,0.7046333396200652,0.1850329978575599,5779.388424821003,6938.42076372315,0.4701670644391404,0.596031746031746
7542.0,125.7,尾浆,1.2,0.5698415076046545,0.509986933838204,0.059854573766450515,0.1655244192977009,0.5698415076046545,0.6387871858063656,0.9341962160729785,0.7063797030742437,0.18546902305161345,5773.5050119331745,6938.42076372315,0.4725536992840095,0.5978174603174603
7548.0,125.8,尾浆,1.2,0.5712395222383689,0.5099866104717874,0.0612529117665815,0.16422964356551292,0.5712395222383689,0.6404112942147533,0.9334923055939307,0.708126233516007,0.18590516788418934,5767.621599045347,6938.42076372315,0.4749403341288781,0.6
7554.0,125.9,尾浆,1.2,0.5726375148712047,0.5099862642297832,0.06265125064142142,0.1629348650049645,0.5726375148712047,0.642034993150972,0.9327825661617357,0.709873054670392,0.18633878761959502,5767.621599045347,6932.537350835322,0.4725536992840095,0.6014384920634921
7560.0,126.0,尾浆,1.2,0.5740354938674175,0.5099859030214473,0.06404959084597024,0.16164006342682016,0.5740354938674175,0.6436580554190854,0.9320720661220661,0.7116201838541983,0.1867716459718295,5761.738186157518,6932.537350835322,0.4749403341288785,0.6033730158730158
7566.0,126.1,尾浆,1.2,0.5754334664465602,0.5099855338398861,0.06544793260667428,0.16034528231950548,0.5754334664465602,0.6452801885697653,0.9313635031712774,0.713367534342237,0.18720565720619256,5755.85477326969,6932.537350835322,0.4773269689737471,0.604811507936508
7572.0,126.2,尾浆,1.2,0.5768314152309814,0.5099851466360144,0.06684626859496705,0.15905053396915853,0.5768314152309814,0.6469011650707561,0.9306581758123913,0.7151146681826589,0.18763889098548753,5749.971360381862,6932.537350835322,0.4797136038186158,0.6074404761904761
7578.0,126.3,尾浆,1.2,0.5782293703759436,0.5099847501756055,0.06824462020033782,0.15775575533597355,0.5782293703759436,0.6485203873396469,0.9299502364681554,0.7168627173573563,0.18807173617387402,5744.087947494034,6926.653937947494,0.4797136038186158,0.6081349206349206
7584.0,126.4,尾浆,1.2,0.5796273403305274,0.5099843543752406,0.06964298595528684,0.15646095192765846,0.5796273403305274,0.6501373287862747,0.9292390913566706,0.7186122260678064,0.1885047714445584,5738.204534606206,6926.653937947494,0.4821002386634844,0.6106150793650794
7590.0,126.5,尾浆,1.2,0.5810252726550383,0.5099839308283877,0.0710413418266506,0.15516615798706546,0.5810252726550383,0.6517515306320475,0.928539133989079,0.7203609478019966,0.1889367562908091,5732.321121718378,6926.653937947494,0.48448687350835307,0.6118551587301587
7596.0,126.6,尾浆,1.2,0.5824231774838923,0.5099834806485973,0.07243969683529487,0.15387138520059337,0.5824231774838923,0.6533622010125972,0.9278436989329358,0.7221095560102069,0.18936584729084568,5732.321121718378,6920.770525059666,0.4821002386634844,0.6134920634920635
7602.0,126.7,尾浆,1.2,0.5838210918636899,0.5099830287166615,0.07383806314702862,0.1525766154971633,0.5838210918636899,0.6549684106633525,0.9271476377620091,0.7238589706063132,0.1897958416387193,5726.43770883055,6920.770525059666,0.48448687350835307,0.6149801587301588
7608.0,126.8,尾浆,1.2,0.5852189870716339,0.5099825624948389,0.07523642457679486,0.15128182960042938,0.5852189870716339,0.656569280709192,0.9264599977666856,0.7256080039268435,0.1902261449404109,5720.554295942721,6920.770525059666,0.4868735083532221,0.6174603174603175
7614.0,126.9,尾浆,1.2,0.5866169093317949,0.5099821019722163,0.07663480735957845,0.14998706799730444,0.5866169093317949,0.6581634795768619,0.9257678601010992,0.7273589020660189,0.19065601011740893,5714.670883054893,6920.770525059666,0.48926014319809075,0.617906746031746
7620.0,127.0,尾浆,1.2,0.5880148174594967,0.5099816323197587,0.07803318513973818,0.14869231830161575,0.5880148174594967,0.6597498749691885,0.9250801227097134,0.7291099419973683,0.19108535350213232,5708.787470167064,6914.8871121718375,0.48926014319809075,0.6199900793650793
7626.0,127.1,尾浆,1.2,0.5894127252020467,0.5099811591360975,0.07943156606594914,0.14739757713264592,0.5894127252020467,0.6613269928420662,0.9243961959559523,0.7308614776112422,0.1915146964376605,5702.904057279236,6914.8871121718375,0.49164677804295936,0.6220734126984127
7632.0,127.2,尾浆,1.2,0.5908106085768242,0.5099806697730711,0.08082993880375323,0.14610284111452604,0.5908106085768242,0.6628933525275154,0.9237199514621869,0.73261301528938,0.1919412913003149,5697.0206443914085,6914.8871121718375,0.49403341288782804,0.6234623015873015
7638.0,127.3,尾浆,1.2,0.5922084765539052,0.5099801668391756,0.08222830971472961,0.14480811054845374,0.5922084765539052,0.6644472763535595,0.9230530922584752,0.7343643993844777,0.19236693429569876,5691.137231503581,6914.8871121718375,0.49642004773269666,0.6253472222222223
7644.0,127.4,尾浆,1.2,0.5936063422281884,0.5099796611745109,0.08362668105367758,0.1435133913348746,0.5936063422281884,0.6659870477156733,0.9223933830594383,0.7361159681945185,0.19279321511909966,5691.137231503581,6909.00369928401,0.49403341288782804,0.6262400793650794
7650.0,127.5,尾浆,1.2,0.5950042261639513,0.5099791663534979,0.08502505981045336,0.14221866956433823,0.5950042261639513,0.6675108643936473,0.9217322982206547,0.7378689982273599,0.19321946138497287,5685.253818615753,6909.00369928401,0.49642004773269666,0.6286706349206349
7656.0,127.6,尾浆,1.2,0.596402107697109,0.5099786726547445,0.0864234350423645,0.14092398286425686,0.596402107697109,0.6690169598045498,0.9210756920647797,0.7396226983092178,0.19364506563803097,5679.370405727925,6909.00369928401,0.49880668257756533,0.6298611111111111
7662.0,127.7,尾浆,1.2,0.5977999815941883,0.5099781789577514,0.0878218026364369,0.13962934166764054,0.5977999815941883,0.6705035530281994,0.9204254884233746,0.7413767292586285,0.19407027291504506,5673.486992840096,6903.120286396182,0.49880668257756566,0.6318948412698413
7668.0,127.8,尾浆,1.2,0.5991978384445835,0.5099776768395988,0.0892201616049846,0.1383346986142764,0.5991978384445835,0.6719688963149066,0.9197866707604426,0.7431304743869153,0.19449513688270784,5667.603579952268,6903.120286396182,0.5011933174224343,0.6332837301587302
7674.0,127.9,尾浆,1.2,0.6005956816942879,0.5099771620006356,0.09061851969365213,0.13704004758231086,0.6005956816942879,0.6734112691260374,0.9191533434078879,0.7448847980300757,0.1949164322207934,5661.720167064439,6903.120286396182,0.5035799522673033,0.6353174603174603
7680.0,128.0,尾浆,1.2,0.6019935236586597,0.5099766463852324,0.09201687727342726,0.13574540667990204,0.6019935236586597,0.6748291631246757,0.9185250087385131,0.7466394709830615,0.1953380835325962,5655.836754176611,6903.120286396182,0.505966587112172,0.6369543650793651
7686.0,128.1,尾浆,1.2,0.6033913645683314,0.5099761350896774,0.09341522947865392,0.1344508098139758,0.6033913645683314,0.6762212399162442,0.9178977962737743,0.748394534558464,0.1957604031920943,5655.836754176611,6897.236873508354,0.5035799522673033,0.6382440476190476
7692.0,128.2,尾浆,1.2,0.6047892005100917,0.5099756234996796,0.0948135770104118,0.13315625212672902,0.6047892005100917,0.6775863202722114,0.917264877639916,0.750150056164366,0.19618193912880455,5649.953341288783,6897.236873508354,0.505966587112172,0.6394345238095238
7698.0,128.3,尾浆,1.2,0.6061870330087539,0.5099751137985044,0.09621191921024964,0.1318616941315575,0.6061870330087539,0.6789234919753216,0.9166175224046729,0.7519060809493846,0.19660289852028281,5644.069928400955,6897.236873508354,0.5083532219570406,0.6415178571428571
7704.0,128.4,尾浆,1.2,0.6075848640088081,0.5099746035134577,0.09761026049535053,0.13056717444285265,0.6075848640088081,0.6802320526580437,0.9159472593114153,0.7536625608083857,0.19702357305207582,5638.186515513127,6891.353460620525,0.5083532219570402,0.6424603174603175
7710.0,128.5,尾浆,1.2,0.6089826860199924,0.5099740905390641,0.0990085954809282,0.12927266876870339,0.6089826860199924,0.6815115816997808,0.9152571456441163,0.7554193653755946,0.19744323787577922,5632.303102625299,6891.353460620525,0.5107398568019089,0.6446924603174603
7716.0,128.6,尾浆,1.2,0.6103804992724461,0.509973571197367,0.10040692807507917,0.12797818078612264,0.6103804992724461,0.6827618332728457,0.9145797133465181,0.7571768199052382,0.19786030221292333,5626.41968973747,6891.353460620525,0.5131264916467779,0.6459325396825397
7722.0,128.7,尾浆,1.2,0.6117782981822665,0.5099730474858754,0.10180525069639121,0.1266837063017103,0.6117782981822665,0.6839829235754443,0.9139439220115365,0.7589339989128215,0.19827761081139555,5620.5362768496425,6891.353460620525,0.5155131264916466,0.6478174603174603
7728.0,128.8,尾浆,1.2,0.6131761000172457,0.5099725276373163,0.10320357237992943,0.1253892764847437,0.6131761000172457,0.6851751033283426,0.913366257417439,0.7606916466014598,0.19869543268343967,5620.5362768496425,6885.470047732697,0.5131264916467779,0.6489583333333333
7734.0,128.9,尾浆,1.2,0.6145739034212676,0.5099720103940578,0.10460189302720987,0.12409490278914638,0.6145739034212676,0.6863388335577748,0.9128602622589503,0.7624500508417584,0.1991124483458653,5614.652863961814,6885.470047732697,0.5155131264916469,0.6509920634920635
7740.0,129.0,尾浆,1.2,0.6159716961861952,0.5099714915657567,0.10600020462043833,0.12280054485991762,0.6159716961861952,0.6874747919365881,0.9124432327713224,0.7642085899631942,0.19952884498490406,5608.769451073986,6885.470047732697,0.5178997613365156,0.6515376984126984
7746.0,129.1,尾浆,1.2,0.6173694871509704,0.5099709741781177,0.10739851297285281,0.12150620250512952,0.6173694871509704,0.688583708666283,0.912131588845073,0.7659675455301624,0.19994499037494246,5602.886038186158,6885.470047732697,0.5202863961813843,0.653720238095238
7752.0,129.2,尾浆,1.2,0.6187672798578943,0.509970458786419,0.10879682107147512,0.12021189877651126,0.6187672798578943,0.6896664260227466,0.9119206596886483,0.7677273293331082,0.20036001405790702,5597.00262529833,6879.586634844869,0.5202863961813843,0.6555555555555556
7758.0,129.3,尾浆,1.2,0.6201650447402182,0.5099699288489284,0.11019511589128976,0.1189176176601126,0.6201650447402182,0.690723981435986,0.9118256250045409,0.769486738408247,0.2007726551580615,5591.119212410502,6879.586634844869,0.5226730310262528,0.6560019841269841
7764.0,129.4,尾浆,1.2,0.6215628222316516,0.5099694099106267,0.11159341232102499,0.11762337742338067,0.6215628222316516,0.6917573774061614,0.9118371660338885,0.7712471159402525,0.20118583164710482,5585.235799522674,6879.586634844869,0.5250596658711215,0.6581349206349206
7770.0,129.5,尾浆,1.2,0.6229605914347555,0.5099688898258142,0.11299170160894129,0.11632918004806625,0.6229605914347555,0.6927677309706718,0.9119621960827918,0.7730075058646585,0.2015991705784125,5585.235799522674,6873.703221957041,0.5226730310262528,0.6589781746031746
7776.0,129.6,尾浆,1.2,0.6243583548580715,0.509968368426024,0.1143899864320473,0.1150350294116995,0.6243583548580715,0.6937561021954435,0.9121839070693113,0.7747682043490114,0.20201173327984953,5579.352386634846,6873.703221957041,0.5250596658711215,0.6609126984126984
7782.0,129.7,尾浆,1.2,0.6257561145167184,0.5099678467661908,0.1157882677505275,0.1137409368874002,0.6257561145167184,0.6947235602003926,0.9125018351480425,0.7765292649738853,0.20242377581878285,5573.468973747017,6873.703221957041,0.5274463007159905,0.6619543650793651
7788.0,129.8,尾浆,1.2,0.6271538759221146,0.509967332447792,0.11718654347432247,0.11244685555716477,0.6271538759221146,0.6956711890547802,0.9129035333887048,0.7782909759945404,0.20283563053695108,5567.585560859189,6873.703221957041,0.5298329355608592,0.6638888888888889
7794.0,129.9,尾浆,1.2,0.6285516320696075,0.5099668173210746,0.11858481474853295,0.11115281968734325,0.6285516320696075,0.6966000141276886,0.9133682026976402,0.7800531225435148,0.20324636742586494,5561.70214797136,6867.819809069213,0.5298329355608595,0.6649801587301587
7800.0,130.0,尾浆,1.2,0.6299493736006588,0.5099662945905981,0.11998307901006058,0.10985884291517455,0.6299493736006588,0.6975110591479508,0.9138799444236108,0.7818154372356652,0.203655002556594,5555.818735083532,6867.819809069213,0.5322195704057282,0.6669642857142857
7806.0,130.1,尾浆,1.2,0.6313471159223044,0.5099657764224347,0.12138133949986965,0.10856492268021257,0.6313471159223044,0.6984053199344631,0.9144305579641594,0.7835781357332037,0.2040640156916418,5549.935322195704,6867.819809069213,0.5346062052505969,0.6682043650793651
7812.0,130.2,尾浆,1.2,0.6327448485749959,0.5099652556062491,0.1227795929687468,0.10727103578271065,0.6327448485749959,0.699283773902796,0.9150223932533639,0.7853407367236552,0.20447300705143223,5549.935322195704,6867.819809069213,0.5346062052505969,0.6697916666666667
7818.0,130.3,尾浆,1.2,0.6341425885038723,0.5099647434316461,0.12417784507222608,0.10597719932647175,0.6341425885038723,0.7001472985507067,0.9156409450939362,0.7871042620076375,0.20488146139067342,5544.0519093078765,6861.936396181384,0.5346062052505964,0.6710813492063492
7824.0,130.4,尾浆,1.2,0.6355403241069495,0.5099642331588187,0.1255760909481309,0.10468342956870766,0.6355403241069495,0.7009967960335595,0.9162704558763543,0.7888680822249943,0.2052894751283772,5538.1684964200485,6861.936396181384,0.5369928400954651,0.6718253968253968
7830.0,130.5,尾浆,1.2,0.6369380608990632,0.50996372992746,0.12697433097160343,0.10338971963633137,0.6369380608990632,0.7018331092478237,0.9169019808278169,0.7906324057681333,0.2056973160187862,5532.285083532221,6861.936396181384,0.5393794749403338,0.6735119047619048
7836.0,130.6,尾浆,1.2,0.6383357885917783,0.5099632246660835,0.1283725639256948,0.10209606397383193,0.6383357885917783,0.7026570415878829,0.9175422201566749,0.7923967605610923,0.2061042938227671,5526.401670644392,6861.936396181384,0.5417661097852028,0.6748511904761905
7842.0,130.7,尾浆,1.2,0.6397335038436378,0.5099627140088273,0.12977078983481047,0.10080248273937892,0.6397335038436378,0.7034693370641302,0.918193322488842,0.7941612391272597,0.20650896853315462,5520.518257756564,6856.052983293556,0.5417661097852028,0.676438492063492
7848.0,130.8,尾浆,1.2,0.6411312339108987,0.5099622183548556,0.13116901555604324,0.09950896320668787,0.6411312339108987,0.7042707008284264,0.9188512005969897,0.7959265583510593,0.20691417458160655,5514.634844868735,6856.052983293556,0.5441527446300718,0.6776785714285715
7854.0,130.9,尾浆,1.2,0.642528967106129,0.5099617321418303,0.13256723496429856,0.09821551141319623,0.642528967106129,0.7050618368383798,0.9195060297276518,0.7976921265627023,0.20731945636784352,5508.751431980907,6856.052983293556,0.5465393794749405,0.6791666666666667
7860.0,131.0,尾浆,1.2,0.6439267064846468,0.5099612582163007,0.13396544826834614,0.09692212327674861,0.6439267064846468,0.7058433720930114,0.9201489603377634,0.7994580999233132,0.20772410550781004,5508.751431980907,6850.169570405728,0.5441527446300718,0.6802083333333333
7866.0,131.1,尾浆,1.2,0.6453244488391132,0.509960796069771,0.1353636527693423,0.09562884087480372,0.6453244488391132,0.7066159220063674,0.9207836289574612,0.8012240281498539,0.20812831419639222,5502.868019093079,6850.169570405728,0.5465393794749405,0.6817956349206349
7872.0,131.2,尾浆,1.2,0.6467222088593215,0.5099603568134684,0.136761852045853,0.09433567203232404,0.6467222088593215,0.7073800354742896,0.921414858942259,0.8029903149279862,0.2085324303727927,5496.984606205251,6850.169570405728,0.5489260143198091,0.6830357142857143
7878.0,131.3,尾浆,1.2,0.6481199979539704,0.509959948864759,0.13816004908921123,0.09304260603779618,0.6481199979539704,0.7081362362881606,0.9220482820269024,0.8047571667903023,0.2089365961647352,5491.101193317423,6850.169570405728,0.5513126491646777,0.684375
7884.0,131.4,尾浆,1.2,0.6495178094534665,0.5099595679391269,0.13955824151433954,0.09174968976582264,0.6495178094534665,0.7088850296759671,0.922680662106168,0.806524417705484,0.20933807722306247,5485.217780429595,6844.2861575178995,0.5513126491646774,0.6860615079365079
7890.0,131.5,尾浆,1.2,0.6509156590582159,0.5099592338353227,0.14095642522289326,0.09045698590362392,0.6509156590582159,0.7096269539250929,0.9233052204336997,0.8082915749590145,0.2097399990741048,5479.334367541767,6844.2861575178995,0.553699284009546,0.686954365079365
7896.0,131.6,尾浆,1.2,0.6523135611332915,0.5099589594158033,0.14235460171748826,0.08916453196123007,0.6523135611332915,0.7103624787075875,0.9239204636328503,0.8100586432111782,0.21014213617708463,5473.450954653938,6844.2861575178995,0.556085918854415,0.6887896825396825
7902.0,131.7,尾浆,1.2,0.6537115393115447,0.5099587653788773,0.14375277393266747,0.08787238185397532,0.6537115393115447,0.7110920484225267,0.9245244164708146,0.8118260729503687,0.2105439963713794,5473.450954653938,6844.2861575178995,0.556085918854415,0.6891865079365079
7908.0,131.8,尾浆,1.2,0.6551096024481612,0.509958663932508,0.14515093851565314,0.0865806184980747,0.6551096024481612,0.7118161639043254,0.9251235713138461,0.8135931855375527,0.21094564340697922,5467.5675417661105,6838.4027446300715,0.556085918854415,0.6904761904761905
7914.0,131.9,尾浆,1.2,0.6565077891079053,0.5099586871569614,0.14654910195094403,0.08528939242910687,0.6565077891079053,0.712535277643241,0.9257193701903356,0.8153605597780911,0.21134758449367494,5461.684128878282,6838.4027446300715,0.5584725536992841,0.692609126984127
7920.0,132.0,尾浆,1.2,0.6579061141872263,0.5099588560112372,0.14794725817598894,0.08399888989157225,0.6579061141872263,0.7132499504684414,0.9263149776644898,0.8171273898552418,0.2117500081657586,5455.800715990454,6838.4027446300715,0.5608591885441527,0.6934523809523809
7926.0,132.1,尾浆,1.2,0.6593045986552188,0.509959192989468,0.14934540566575097,0.08270932853854046,0.6593045986552188,0.7139607319744035,0.9269068878534591,0.8188934532192189,0.21215074278351156,5449.917303102626,6838.4027446300715,0.5632458233890214,0.6950892857142857
7932.0,132.2,尾浆,1.2,0.6607032861562097,0.5099597394430969,0.15074354671311274,0.08142098843230887,0.6607032861562097,0.7146682309913187,0.927491171926971,0.8206584815440008,0.2125518974953219,5444.033890214798,6832.519331742244,0.5632458233890214,0.6960813492063492
7938.0,132.3,尾浆,1.2,0.6621022192170998,0.5099605369358644,0.15214168228123545,0.08013422541680491,0.6621022192170998,0.7153731007127426,0.928068256851831,0.8224223037003175,0.21295403690966971,5438.15047732697,6832.519331742244,0.56563245823389,0.6973214285714285
7944.0,132.4,尾浆,1.2,0.6635014378642746,0.5099616253586382,0.15353981250563636,0.07884949074209091,0.6635014378642746,0.7160760562586918,0.9286382969220262,0.8241846328596664,0.21335669943478827,5438.15047732697,6832.519331742244,0.56563245823389,0.6984126984126984
7950.0,132.5,尾浆,1.2,0.6649009887940125,0.5099630493404087,0.15493793945360376,0.07756732858730438,0.6649009887940125,0.7167778881662398,0.9292036953380182,0.8259451380820806,0.21376031746611754,5432.267064439142,6832.519331742244,0.5680190930787586,0.6998015873015873
7956.0,132.6,尾浆,1.2,0.6663009063348724,0.5099648486150147,0.15633605771985778,0.07628846104994781,0.6663009063348724,0.717479511636234,0.9297680670870817,0.8277027118556749,0.21416521195260477,5426.383651551313,6826.635918854416,0.568019093078759,0.7004960317460317
7962.0,132.7,尾浆,1.2,0.66770124407416,0.5099670744228028,0.1577341696513571,0.07501377141421696,0.66770124407416,0.7181818726611172,0.9303295286550164,0.8294571004262333,0.21457194228126453,5420.500238663485,6826.635918854416,0.5704057279236276,0.7020833333333333
7968.0,132.8,尾浆,1.2,0.6691020385103097,0.5099697636744897,0.15913227483582007,0.07374430874051385,0.6691020385103097,0.718886017885083,0.9308893001684654,0.8312074558509762,0.21497930443459992,5414.616825775656,6826.635918854416,0.5727923627684967,0.7032738095238096
7974.0,132.9,尾浆,1.2,0.6705033355496168,0.5099729626698932,0.1605303728797235,0.07248131292067367,0.6705033355496168,0.7195930856150439,0.9314466557423763,0.832953006191555,0.2153880940188839,5408.733412887828,6826.635918854416,0.5751789976133653,0.7045138888888889
7980.0,133.0,尾浆,1.2,0.6719051860373639,0.5099767181819644,0.16192846785539952,0.07122616234293877,0.6719051860373639,0.720304280313166,0.9320008760753624,0.8346931891596122,0.21580008536259504,5402.85,6820.752505966588,0.5751789976133653,0.705654761904762
7986.0,133.1,尾浆,1.2,0.6733076250006544,0.5099810677496094,0.16332655725104503,0.06998048178691542,0.6733076250006544,0.7210208798333105,0.9325495806845713,0.8364273889883338,0.2162147798188997,5402.85,6820.752505966588,0.5751789976133653,0.7060515873015873
7992.0,133.2,尾浆,1.2,0.6747106707391775,0.5099860310218177,0.16472463971735968,0.06874599559497638,0.6747106707391775,0.7217442642415308,0.9330956964390251,0.8381543004460801,0.21663274902330593,5402.85,6820.752505966588,0.5751789976133653,0.7077380952380953
7998.0,133.3,尾浆,1.2,0.6761143388969808,0.5099916233865469,0.16612271551043395,0.06752464761473848,0.6761143388969808,0.7224758297367633,0.9336401166569263,0.8398730887020308,0.2170546541289472,5402.85,6820.752505966588,0.5751789976133653,0.707390873015873
8004.0,133.4,尾浆,1.2,0.6775186441860149,0.509997859916772,0.16752078426924294,0.06631862728038085,0.6775186441860149,0.7232169932361656,0.9341836707111277,0.841583004596122,0.21748121587053085,5402.85,6814.869093078759,0.5727923627684963,0.7076388888888889
8010.0,133.5,尾浆,1.2,0.678923576624743,0.5100047302776622,0.16891884634708088,0.06513024743828293,0.678923576624743,0.7239691886277159,0.9347290037617074,0.843282968502998,0.21791140934835043,5402.85,6814.869093078759,0.5727923627684963,0.7077876984126984
8016.0,133.6,尾浆,1.2,0.6803291366081888,0.5100122313725635,0.17031690523562534,0.0639619877338877,0.6803291366081888,0.7247338073925469,0.9352733630679818,0.8449728338273773,0.21834589117251746,5402.85,6814.869093078759,0.5727923627684963,0.7076388888888889
8022.0,133.7,尾浆,1.2,0.6817353022087868,0.5100203419031464,0.1717149603056404,0.06281657494648851,0.6817353022087868,0.7255122576314064,0.9358189124872484,0.8466516915964651,0.2187868840108911,5402.85,6814.869093078759,0.5727923627684963,0.7082837301587301
8028.0,133.8,尾浆,1.2,0.6831278562053954,0.5100148480706622,0.17311300813473318,0.06169670994205901,0.6831278562053954,0.7262905760415937,0.936358085064545,0.8483018268627598,0.219229131046549,5402.85,6808.985680190931,0.5704057279236276,0.7083829365079365
8034.0,133.9,尾浆,1.2,0.6845021566482027,0.5099911082502893,0.17451104839791348,0.060605146841633414,0.6845021566482027,0.7270651196538277,0.9368915275594828,0.8499170377125963,0.21967122294934222,5402.85,6808.985680190931,0.5704057279236276,0.7078869047619047
8040.0,134.0,尾浆,1.2,0.6858572889708726,0.509948207439863,0.17590908153100948,0.0595446678392614,0.6858572889708726,0.7278361652427888,0.9374171582437386,0.8514956116121383,0.22011346799895554,5402.85,6808.985680190931,0.5704057279236276,0.7085813492063492
8046.0,134.1,尾浆,1.2,0.6871919131268402,0.5098848009641714,0.17730711216266876,0.05851805941706328,0.6871919131268402,0.7286033541681082,0.93793526381613,0.8530362690892305,0.22055605846504156,5402.85,6808.985680190931,0.5704057279236276,0.7080853174603174
8052.0,134.2,尾浆,1.2,0.6885050869637774,0.5097999479130184,0.17870513905075908,0.057527880028216946,0.6885050869637774,0.7293666837918374,0.9384476469039732,0.8545377796162239,0.22099695657650972,5402.85,6803.102267303103,0.568019093078759,0.7075892857142857
8058.0,134.3,尾浆,1.2,0.6897960754161865,0.5096929137166264,0.18010316169956012,0.05657641223959828,0.6897960754161865,0.7301262261495818,0.9389539110955062,0.8559990760353537,0.2214374027029753,5402.85,6803.102267303103,0.568019093078759,0.7078373015873016
8064.0,134.4,尾浆,1.2,0.6910643904386665,0.5095632106211557,0.18150117981751077,0.05566580193068942,0.6910643904386665,0.7308821077765449,0.9394532222958142,0.8574193241027975,0.22187862138086978,5402.85,6803.102267303103,0.568019093078759,0.7074900793650793
8070.0,134.5,尾浆,1.2,0.6923094367492504,0.5094102393558477,0.18289919739340268,0.05479781791268849,0.6923094367492504,0.7316341021940985,0.9399441801258688,0.8587981735509354,0.22232043716198027,5402.85,6797.218854415275,0.5656324582338904,0.7075892857142857
8076.0,134.6,尾浆,1.2,0.693530569873478,0.5092333511447916,0.18429721872868624,0.05397384072658704,0.693530569873478,0.7323817632287207,0.9404265268885666,0.8601355835266361,0.22276207022828723,5402.85,6797.218854415275,0.5656324582338904,0.7072916666666667
8082.0,134.7,尾浆,1.2,0.6947277895724797,0.5090325471743967,0.18569524239808322,0.053194769939325114,0.6947277895724797,0.7331252598493468,0.9408985370969447,0.8614314064461563,0.22320361854286083,5402.85,6797.218854415275,0.5656324582338904,0.7071428571428572
8088.0,134.8,尾浆,1.2,0.6959005687092871,0.5088072939864962,0.1870932747227909,0.05246104951961011,0.6959005687092871,0.7338639248640803,0.9413595148949834,0.8626860351025247,0.22364525446575198,5402.85,6797.218854415275,0.5656324582338904,0.7068452380952381
8094.0,134.9,尾浆,1.2,0.6970490649562133,0.5085577515770155,0.18849131337919783,0.05177265207779013,0.6970490649562133,0.734597728221342,0.9418072208188566,0.8638997301856147,0.22408482874894708,5402.85,6791.335441527446,0.5632458233890214,0.7068948412698413
8100.0,135.0,尾浆,1.2,0.6981732654311228,0.5082839019643929,0.18988936346672983,0.05112905614994585,0.6981732654311228,0.7353262634547107,0.9422413313145505,0.8650731547026272,0.22452381329717655,5402.85,6791.335441527446,0.5632458233890214,0.707093253968254
8106.0,135.1,尾浆,1.2,0.6992734777633689,0.5079860496134039,0.191287428149965,0.05052934657655308,0.6992734777633689,0.7360494062704376,0.9426607720857597,0.866207071344923,0.2249632138620417,5402.85,6791.335441527446,0.5632458233890214,0.7069940476190476
8112.0,135.2,尾浆,1.2,0.7003499164479525,0.5076644047045369,0.1926855117434157,0.04997217855418888,0.7003499164479525,0.7367668144062411,0.9430645395033312,0.8673024702956021,0.22540313755031893,5402.85,6785.452028639618,0.5608591885441527,0.7065476190476191
8118.0,135.3,尾浆,1.2,0.7014030797752261,0.5073194660969752,0.19408361367825092,0.04945589812245248,0.7014030797752261,0.7374783921540629,0.9434532563214018,0.8683603345597896,0.22584250528095715,5402.85,6785.452028639618,0.5608591885441527,0.7056051587301587
8124.0,135.4,尾浆,1.2,0.702433052779893,0.5069513127945443,0.19548173998534854,0.04897859104067532,0.702433052779893,0.7381834450793161,0.9438252763689506,0.8693819992611961,0.22628146671447683,5402.85,6785.452028639618,0.5608591885441527,0.7063492063492064
8130.0,135.5,尾浆,1.2,0.7034407581603128,0.5065608699024566,0.19687988825785602,0.048538091893933974,0.7034407581603128,0.7388822113759574,0.9441798906718695,0.8703684971923277,0.22672014669557425,5402.85,6779.56861575179,0.5584725536992841,0.7061011904761905
8136.0,135.6,尾浆,1.2,0.7044266467227364,0.5061485850658783,0.19827806165685805,0.04813205274668164,0.7044266467227364,0.7395743053402093,0.9445163977622268,0.8713212530170235,0.2271567391341744,5402.85,6779.56861575179,0.5584725536992841,0.7061011904761905
8142.0,135.7,尾浆,1.2,0.7053914752353266,0.505715212025818,0.1996762632095086,0.0477580321593272,0.7053914752353266,0.7402596975948901,0.9448351343532584,0.8722416656623866,0.2275921522353018,5402.85,6779.56861575179,0.5584725536992841,0.7055555555555556
8148.0,135.8,尾浆,1.2,0.7063359167048936,0.5052614210659792,0.20107449563891433,0.04741355551225643,0.7063359167048936,0.7409382608535322,0.9451355704820524,0.8731311461127789,0.22802770151322616,5402.85,6773.685202863962,0.5560859188544154,0.705952380952381
8154.0,135.9,尾浆,1.2,0.7072604577215623,0.5047876965414225,0.2024727611801398,0.04709614591700255,0.7072604577215623,0.7416096513434141,0.9454182188514946,0.8739911681147946,0.2284635835718617,5402.85,6773.685202863962,0.5560859188544154,0.705654761904762
8160.0,136.0,尾浆,1.2,0.708166107530243,0.5042950513255073,0.2038710562047356,0.046803375307039194,0.708166107530243,0.7422741646836325,0.9456805337799944,0.8748228814121563,0.22889897535797954,5402.85,6773.685202863962,0.5560859188544154,0.7053571428571429
8166.0,136.1,尾浆,1.2,0.7090535766176925,0.5037841923569236,0.20526938426076888,0.046532885030340955,0.7090535766176925,0.7429317324770286,0.9459233143651109,0.8756278464634,0.22933371605609346,5402.85,6767.801789976134,0.5536992840095468,0.7052579365079366
8172.0,136.2,尾浆,1.2,0.7099237005658068,0.5032559546440243,0.20666774592178228,0.04628242578380384,0.7099237005658068,0.7435824658792147,0.9461489521665755,0.8764073682155992,0.22976803438912083,5402.85,6767.801789976134,0.5536992840095468,0.7049603174603175
8178.0,136.3,尾浆,1.2,0.7107765819184334,0.5027104337347322,0.20806614818370134,0.04604987031513232,0.7107765819184334,0.7442256136634963,0.9463567643728613,0.8771629998905821,0.23020097636675887,5402.85,6767.801789976134,0.5536992840095468,0.705406746031746
8184.0,136.4,尾浆,1.2,0.7116133225238455,0.5021487389108384,0.20946458361300707,0.04583323487774647,0.7116133225238455,0.7448616855181286,0.9465456974153479,0.8778957369941282,0.23063207259128451,5402.85,6767.801789976134,0.5536992840095468,0.7050595238095239
8190.0,136.5,尾浆,1.2,0.7124348174411773,0.5015717619691643,0.21086305547201323,0.045630688798014685,0.7124348174411773,0.745490943151839,0.9467172542691412,0.8786067734328372,0.23106311183037867,5402.85,6761.9183770883055,0.5513126491646777,0.7052083333333333
8196.0,136.6,尾浆,1.2,0.7132415980447414,0.5009800338268666,0.21226156421787493,0.045440565698704395,0.7132415980447414,0.7461132622583075,0.9468717040739366,0.8792971132717461,0.23149436764830092,5402.85,6761.9183770883055,0.5513126491646777,0.705109126984127
8202.0,136.7,尾浆,1.2,0.7140338203606145,0.5003737049259298,0.2136601154346847,0.04526136160335102,0.7140338203606145,0.7467280956315111,0.9470094574821059,0.8799681615521139,0.23192541977693396,5402.85,6761.9183770883055,0.5513126491646777,0.7052579365079366
8208.0,136.8,尾浆,1.2,0.7148123139269682,0.49975360720634454,0.21505870672062366,0.04509172237454598,0.7148123139269682,0.7473357594591031,0.9471299342802058,0.8806208831237462,0.23235585340132864,5402.85,6756.034964200478,0.5489260143198091,0.7054563492063493
8214.0,136.9,尾浆,1.2,0.7155781212223002,0.49912078771400364,0.21645733350829663,0.04493044527862123,0.7155781212223002,0.7479368748426385,0.9472336168711254,0.8812558263312678,0.23278574249325035,5402.85,6756.034964200478,0.5489260143198091,0.7054563492063493
8220.0,137.0,尾浆,1.2,0.7163314132768726,0.4984754129716959,0.2178560003051767,0.0447764655801676,0.7163314132768726,0.748531046762939,0.9473203300050547,0.8818739170322739,0.2332150950411752,5402.85,6756.034964200478,0.5489260143198091,0.7053075396825397
8226.0,137.1,尾浆,1.2,0.7170726320886922,0.49781792601361524,0.21925470607507683,0.044628859905175886,0.7170726320886922,0.7491182525277669,0.9473903180878241,0.8824762719093617,0.23364176300416364,5402.85,6750.15155131265,0.5465393794749405,0.7053075396825397
8232.0,137.2,尾浆,1.2,0.7178022827402526,0.49714882803256527,0.22065345470768738,0.0444868186636021,0.7178022827402526,0.7496985749206792,0.9474436914624957,0.8830635830025807,0.23406841956037866,5402.85,6750.15155131265,0.5465393794749405,0.705109126984127
8238.0,137.3,尾浆,1.2,0.718520831323845,0.49646858609702416,0.22205224522682102,0.044349637532514925,0.718520831323845,0.7502721030723196,0.947480726384333,0.8836363285264672,0.23449522067465453,5402.85,6750.15155131265,0.5465393794749405,0.7055059523809524
8244.0,137.4,尾浆,1.2,0.7192288252104393,0.49577774757213566,0.2234510776383037,0.0442167092963122,0.7192288252104393,0.750839050750688,0.9475015559203761,0.8841951982403473,0.23492184651137665,5402.85,6744.268138424821,0.5441527446300715,0.7059027777777778
8250.0,137.5,尾浆,1.2,0.7199266667986371,0.495076715528324,0.22484995127031313,0.04408751576887016,0.7199266667986371,0.7513994974125269,0.9475068581166926,0.8847409498000764,0.23534782775979862,5402.85,6744.268138424821,0.5441527446300715,0.705952380952381
8256.0,137.6,尾浆,1.2,0.7206142120656972,0.4943653412071913,0.2262488708585059,0.04396161731596405,0.7206142120656972,0.7519528977874993,0.9474970153404426,0.8852741710697646,0.23577333375500298,5402.85,6744.268138424821,0.5441527446300715,0.7061507936507937
8262.0,137.7,尾浆,1.2,0.7212917655128914,0.49364393156876124,0.2276478339441302,0.043838631858809055,0.7212917655128914,0.7524992901613508,0.9474717781387596,0.8857950682465608,0.2361984933114804,5402.85,6744.268138424821,0.5441527446300715,0.7062003968253968
8268.0,137.8,尾浆,1.2,0.7219601393110808,0.4929132991239045,0.2290468401871764,0.043718236980694145,0.7219601393110808,0.7530393211397655,0.9474319718493115,0.8863043492020815,0.23662165278668743,5402.85,6738.384725536993,0.5417661097852028,0.705952380952381
8274.0,137.9,尾浆,1.2,0.7226195375326903,0.49217364863029206,0.23044588890239823,0.04360015758883301,0.7226195375326903,0.7535729618395893,0.9473779879901607,0.8868024264594324,0.23704384381791996,5402.85,6738.384725536993,0.5417661097852028,0.7062996031746032
8280.0,138.0,尾浆,1.2,0.7232700823532677,0.49142509701011056,0.23184498534315712,0.04348416460080572,0.7232700823532677,0.7541000898510315,0.9473103578304832,0.8872897003774826,0.23746613897561095,5402.85,6738.384725536993,0.5417661097852028,0.7066964285714286
8286.0,138.1,尾浆,1.2,0.7239118236382691,0.49066769554761397,0.23324412809065528,0.04337006191993655,0.7239118236382691,0.7546205457332624,0.9472287253034,0.8877662716106653,0.2378884574203777,5402.85,6732.501312649165,0.5393794749403341,0.7071428571428572
8292.0,138.2,尾浆,1.2,0.7245452763313369,0.4899019603850705,0.2346433159462664,0.04325768051437167,0.7245452763313369,0.7551347315911143,0.9471336035520451,0.8882328595178139,0.2383100905103869,5402.85,6732.501312649165,0.5393794749403341,0.7074900793650793
8298.0,138.3,尾浆,1.2,0.725170726488233,0.4891281776746865,0.23604254881354647,0.0431468784056415,0.725170726488233,0.7556428005466842,0.9470251200492202,0.8886897216622178,0.23873112930868595,5402.85,6732.501312649165,0.5393794749403341,0.7076388888888889
8304.0,138.4,尾浆,1.2,0.7257881991609562,0.48834637176498724,0.23744182739596903,0.04303753431913995,0.7257881991609562,0.7561446139608614,0.946903366814877,0.8891369355790224,0.2391517737375973,5402.85,6726.617899761337,0.5369928400954656,0.7083333333333334
8310.0,138.5,尾浆,1.2,0.7263972848865736,0.487556128482832,0.23884115640374165,0.042929547222420435,0.7263972848865736,0.7566395248380094,0.9467695021172625,0.8895747708407143,0.23957180187610413,5402.85,6726.617899761337,0.5369928400954656,0.7084821428571428
8316.0,138.6,尾浆,1.2,0.7269987797430442,0.486758248831749,0.2402405309112951,0.04282282850624723,0.7269987797430442,0.7571283410358257,0.9466231802525217,0.890003864315704,0.23998957318680395,5402.85,6726.617899761337,0.5369928400954656,0.7082837301587301
8322.0,138.7,尾浆,1.2,0.727592814589825,0.4859528589371826,0.24163995565264249,0.0427173027009328,0.727592814589825,0.7576110782065579,0.9464652859402896,0.8904245014776107,0.24040738277861176,5402.85,6720.734486873509,0.5346062052505969,0.7088789682539682
8328.0,138.8,尾浆,1.2,0.728179473195596,0.48514004518534226,0.24303942801025374,0.04261290145448,0.728179473195596,0.7580877301256105,0.9462956126738588,0.8908365050291964,0.24082527147381178,5402.85,6720.734486873509,0.5346062052505969,0.709375
8334.0,138.9,尾浆,1.2,0.7287587326421162,0.4843197831046303,0.24443894953748588,0.04250956737516265,0.7287587326421162,0.7585581560279803,0.9461151362609785,0.8912399234444217,0.24124243297990494,5402.85,6720.734486873509,0.5346062052505969,0.7098214285714286
8340.0,139.0,尾浆,1.2,0.7293308552164859,0.48349233391062774,0.24583852130585815,0.042407253561592806,0.7293308552164859,0.7590225627724158,0.945924483372866,0.891635698544734,0.24165904275508154,5402.85,6720.734486873509,0.5346062052505969,0.7099702380952381
8346.0,139.1,尾浆,1.2,0.7298958904924249,0.48265774532081185,0.247238145171613,0.04230591462209519,0.7298958904924249,0.7594809134246842,0.9457238562090693,0.8920239851241792,0.24207527944491466,5402.85,6714.85107398568,0.5322195704057279,0.7108134920634921
8352.0,139.2,尾浆,1.2,0.7304540855402286,0.481816267999291,0.24863781754093758,0.04220550985159375,0.7304540855402286,0.7599334297360765,0.9455136782772309,0.8924044797568782,0.2424911504910194,5402.85,6714.85107398568,0.5322195704057279,0.7111607142857143
8358.0,139.3,尾浆,1.2,0.7310052804249487,0.48096773872642185,0.25003754169852693,0.042106002105358024,0.7310052804249487,0.7603798362616258,0.9452945876051765,0.892777221639864,0.24290546619136869,5402.85,6714.85107398568,0.5322195704057279,0.7115079365079365
8364.0,139.4,尾浆,1.2,0.731549458668389,0.4801121419750088,0.25143731669338026,0.04200736167932129,0.731549458668389,0.7608200504442879,0.9450669875471628,0.893143102174263,0.24331870845626097,5402.85,6708.967661097852,0.5298329355608592,0.7124503968253968
8370.0,139.5,尾浆,1.2,0.7320872482470997,0.4792501060633787,0.25283714218372105,0.041909562964368735,0.7320872482470997,0.7612547467724781,0.9448310067593066,0.8935021146616614,0.24373207638218256,5402.85,6708.967661097852,0.5298329355608592,0.7131448412698412
8376.0,139.6,尾浆,1.2,0.7326185470964466,0.4783815261018885,0.254237020994558,0.041812576298441116,0.7326185470964466,0.7616837327610713,0.9445866576368783,0.8938542417150022,0.24414487738275575,5402.85,6708.967661097852,0.5298329355608592,0.7133928571428572
8382.0,139.7,尾浆,1.2,0.733143207982549,0.47750625329805263,0.2556369546844963,0.04171637583648632,0.733143207982549,0.7621067742346552,0.9443347947244253,0.8941993469309696,0.24455700050137233,5402.85,6703.084248210024,0.5274463007159905,0.714781746031746
8388.0,139.8,尾浆,1.2,0.7336609905363625,0.47662404814063164,0.25703694239573077,0.041620942082136354,0.7336609905363625,0.762523543153184,0.9440762648835066,0.8945383815250931,0.24496867579245865,5402.85,6703.084248210024,0.5274463007159905,0.7154761904761905
8394.0,139.9,尾浆,1.2,0.7341730685839016,0.4757360890683204,0.25843697951558137,0.04152625632994259,0.7341730685839016,0.7629353796764983,0.9438109868750586,0.8948712065156419,0.24538002380406126,5402.85,6703.084248210024,0.5274463007159905,0.7156746031746032
8400.0,140.0,尾浆,1.2,0.7346790831326535,0.4748420121473397,0.25983707098531383,0.04143229866254754,0.7346790831326535,0.7633418022998394,0.9435390003228331,0.8951977801224829,0.24579116290051428,5402.85,6697.200835322195,0.5250596658711215,0.716468253968254
8406.0,140.1,尾浆,1.2,0.7351780487851085,0.4739408253707837,0.2612372234143248,0.041339050390438524,0.7351780487851085,0.7637415877718423,0.9432615347219849,0.8955182013652747,0.24620017794934135,5402.85,6697.200835322195,0.5250596658711215,0.7175595238095238
8412.0,140.2,尾浆,1.2,0.7356706417128535,0.47303321030992584,0.2626374314029276,0.04124649525665826,0.7356706417128535,0.7641355076241044,0.9429782501469186,0.8958332012470561,0.24660892332608056,5402.85,6697.200835322195,0.5250596658711215,0.718204365079365
8418.0,140.3,尾浆,1.2,0.7361576213727131,0.47211993534328844,0.2640376860294247,0.04115462165651734,0.7361576213727131,0.7645244318766339,0.9426893859591349,0.8961410747883166,0.24701727811734692,5402.85,6697.200835322195,0.5250596658711215,0.7191468253968254
8424.0,140.4,尾浆,1.2,0.7366385755144235,0.4712005880285793,0.26543798748584435,0.041063413932338755,0.7366385755144235,0.7649078229705142,0.9423958937480102,0.8964387127018314,0.24742496868173766,5402.85,6691.3174224343675,0.5226730310262528,0.7200892857142858
8430.0,140.5,尾浆,1.2,0.7371126491321696,0.4702743076266618,0.2668383415055079,0.040972858096935044,0.7371126491321696,0.765284620372054,0.9420989530937415,0.896726045147489,0.24783218945870972,5402.85,6691.3174224343675,0.5226730310262528,0.7209821428571429
8436.0,140.6,尾浆,1.2,0.7375797716116672,0.4693410201927826,0.26823875141888465,0.04088294314562262,0.7375797716116672,0.7656547026375935,0.9417989296477942,0.8970047149042901,0.24823906622628594,5402.85,6691.3174224343675,0.5226730310262528,0.7221230158730159
8442.0,140.7,尾浆,1.2,0.7380409613085606,0.46840174727454753,0.2696392140340129,0.04079365787238053,0.7380409613085606,0.7660192696602814,0.9414952345548555,0.8972780656457163,0.24864565953308845,5402.85,6685.4340095465395,0.5202863961813843,0.7230654761904762
8448.0,140.8,尾浆,1.2,0.7384959776987718,0.4674562554028795,0.27103972229589246,0.04070499376822146,0.7384959776987718,0.7663779869655665,0.941188239888635,0.8975411075760703,0.24905185159785584,5402.85,6685.4340095465395,0.5202863961813843,0.7242063492063492
8454.0,140.9,尾浆,1.2,0.7389449738474985,0.46650469419508506,0.27244027965241335,0.04061693870162416,0.7389449738474985,0.7667310122591469,0.9408780908908119,0.897795653919366,0.24945606165005338,5402.85,6685.4340095465395,0.5202863961813843,0.725
8460.0,141.0,尾浆,1.2,0.7393869830962619,0.4655460715160558,0.2738409115802061,0.04052948280280477,0.7393869830962619,0.7670771255070156,0.9405673319993156,0.8980465310813517,0.24986024415632635,5402.85,6679.550596658712,0.5178997613365156,0.7270337301587302
8466.0,141.1,尾浆,1.2,0.7398235418164895,0.46458195190997253,0.275241589906517,0.04044261865441945,0.7398235418164895,0.7674181536460694,0.9402546756736947,0.8982908587282815,0.2502636854432892,5402.85,6679.550596658712,0.5178997613365156,0.7283730158730158
8472.0,141.2,尾浆,1.2,0.7402543671167601,0.46361205854210563,0.27664230857465427,0.04035633723553307,0.7402543671167601,0.7677537253665386,0.9399406900320763,0.8985253998318355,0.2506666025315861,5402.85,6679.550596658712,0.5178997613365156,0.7299107142857143
8478.0,141.3,尾浆,1.2,0.7406793932566553,0.46263631009393746,0.2780430831627178,0.04027063155006673,0.7406793932566553,0.7680837337996852,0.939625419680522,0.8987551724642997,0.25106913293427824,5402.85,6679.550596658712,0.5178997613365156,0.7311507936507936
8484.0,141.4,尾浆,1.2,0.7410988225927119,0.4616549002292973,0.27944392236341453,0.04018549376135177,0.7410988225927119,0.7684083431054168,0.9393109565455154,0.8989822363489454,0.25147153128974686,5402.85,6673.667183770884,0.5155131264916469,0.7326884920634921
8490.0,141.5,尾浆,1.2,0.7415126218372605,0.46066782203006074,0.2808447998071998,0.04010091522287371,0.7415126218372605,0.7687274758979658,0.9389982387701685,0.8992012689733261,0.25187397284073104,5402.85,6673.667183770884,0.5155131264916469,0.7344246031746032
8496.0,141.6,尾浆,1.2,0.7419209041714252,0.4596751865809421,0.2822457175904833,0.0400168901506505,0.7419209041714252,0.7690412430770304,0.9386874384982214,0.8994151195673615,0.2522758094723604,5402.85,6673.667183770884,0.5155131264916469,0.7362599206349206
8502.0,141.7,尾浆,1.2,0.742323809046204,0.4586771302387089,0.283646678807495,0.03993341003823732,0.742323809046204,0.7693497575058835,0.9383798009347812,0.8996262777977273,0.25267647783434083,5402.85,6667.783770883056,0.5131264916467783,0.7378968253968254
8508.0,141.8,尾浆,1.2,0.7427213083013393,0.4576736249614947,0.2850476833398447,0.03985047201462179,0.7427213083013393,0.7696528997679392,0.9380778931359622,0.8998356312860034,0.25307684892844334,5402.85,6667.783770883056,0.5131264916467783,0.7397321428571428
8514.0,141.9,尾浆,1.2,0.7431130145316742,0.4566643222965471,0.286448692235127,0.03976806834637464,0.7431130145316742,0.769950138929198,0.9377844419966087,0.9000367314874709,0.2534772142259562,5402.85,6667.783770883056,0.5131264916467783,0.7419146825396825
8520.0,142.0,尾浆,1.2,0.743499172112402,0.45564945227730375,0.28784971983509827,0.03968619224677716,0.743499172112402,0.770241713498512,0.9375009212738584,0.9002357203974346,0.2538778076529265,5402.85,6661.900357995227,0.5107398568019093,0.7440476190476191
8526.0,142.1,尾浆,1.2,0.7438823283238958,0.45463157055027126,0.28925075777362447,0.03960483735373116,0.7438823283238958,0.7705305684506449,0.9372281299782443,0.9004346402682906,0.2542787505645263,5402.85,6661.900357995227,0.5107398568019093,0.7456845238095238
8532.0,142.2,尾浆,1.2,0.7442641898059907,0.453612394089609,0.2906517957163816,0.03952399730836721,0.7442641898059907,0.7708186178139246,0.9369689125550078,0.9006356866574352,0.25468040085238225,5402.85,6661.900357995227,0.5107398568019093,0.7482638888888888
8538.0,142.3,尾浆,1.2,0.7446451568931519,0.4525923792835118,0.2920527776096401,0.039443668759331835,0.7446451568931519,0.7711062443308905,0.9367260126908751,0.9008318630177112,0.25508307673629704,5402.85,6661.900357995227,0.5107398568019093,0.7495535714285714
8544.0,142.4,尾浆,1.2,0.7450262464933277,0.4515725192739926,0.2934537272193351,0.03936384581160169,0.7450262464933277,0.7713945535728631,0.9365020383202347,0.9010324240525052,0.2554860979654809,5402.85,6656.016945107399,0.5083532219570406,0.7521825396825397
8550.0,142.5,尾浆,1.2,0.7454090852169389,0.4505544684993603,0.29485461671757857,0.039284519096751264,0.7454090852169389,0.7716853992463535,0.9362991743223713,0.9012381297635506,0.2558890566407158,5402.85,6656.016945107399,0.5083532219570406,0.7541170634920635
8556.0,142.6,尾浆,1.2,0.7457948880100901,0.44953946211704493,0.2962554258930452,0.03920568239086473,0.7457948880100901,0.7719801196715609,0.9361209860449193,0.9014503977540183,0.2562929978806231,5402.85,6656.016945107399,0.5083532219570406,0.7556547619047619
8562.0,142.7,尾浆,1.2,0.7461831012749304,0.4485270080464688,0.2976560932284615,0.03912732891286537,0.7461831012749304,0.7722779398362677,0.93597223323816,0.9016619898800451,0.2566984387180789,5402.85,6650.133532219571,0.505966587112172,0.7571428571428571
8568.0,142.8,尾浆,1.2,0.7465764331436958,0.4475198127538573,0.29905662038983855,0.03904945587985514,0.7465764331436958,0.7725819907647897,0.9358547911474875,0.9018715123260121,0.25710565941723773,5402.85,6650.133532219571,0.505966587112172,0.7583333333333333
8574.0,142.9,尾浆,1.2,0.7469774900280993,0.44652048552827817,0.3004570044998211,0.03897205724978982,0.7469774900280993,0.7728952944307477,0.9357704887735326,0.9020830388579119,0.2575149186129247,5402.85,6650.133532219571,0.505966587112172,0.7594246031746031
8580.0,143.0,尾浆,1.2,0.7473877778921802,0.4455305365722793,0.3018572413199009,0.038895122981360566,0.7473877778921802,0.7732196109721946,0.9357203863204083,0.9023041778500783,0.25792642521009657,5402.85,6644.250119331742,0.503579952267303,0.7603670634920635
