[D2DGA] 开始环空二维模拟 total_t=10255s nz=250 ny=40
  [D2DGA] 进度 0% (4s/10255s, dt=4.000s)
  [D2DGA] 进度 10% (1028s/10255s, dt=4.000s)
  [D2DGA] 进度 20% (2052s/10255s, dt=4.000s)
  [D2DGA] 进度 30% (3080s/10255s, dt=4.000s)
  [D2DGA] 进度 40% (4104s/10255s, dt=4.000s)
  [D2DGA] 进度 50% (5128s/10255s, dt=4.000s)
  [D2DGA] 进度 60% (6156s/10255s, dt=4.000s)
  [D2DGA] 进度 70% (7180s/10255s, dt=4.000s)
  [D2DGA] 进度 80% (8204s/10255s, dt=0.115s)
  [D2DGA] 进度 90% (9230s/10255s, dt=0.115s)
  [D2DGA] 进度 100% (10255s/10255s, dt=0.095s)
正在生成动画帧 1/469
正在生成动画帧 1/469
正在生成动画帧 2/469
正在生成动画帧 3/469
正在生成动画帧 4/469
正在生成动画帧 5/469
正在生成动画帧 6/469
正在生成动画帧 7/469
正在生成动画帧 8/469
正在生成动画帧 9/469
正在生成动画帧 10/469
正在生成动画帧 11/469
正在生成动画帧 12/469
正在生成动画帧 13/469
正在生成动画帧 14/469
正在生成动画帧 15/469
正在生成动画帧 16/469
正在生成动画帧 17/469
正在生成动画帧 18/469
正在生成动画帧 19/469
正在生成动画帧 20/469
正在生成动画帧 21/469
正在生成动画帧 22/469
正在生成动画帧 23/469
正在生成动画帧 24/469
正在生成动画帧 25/469
正在生成动画帧 26/469
正在生成动画帧 27/469
正在生成动画帧 28/469
正在生成动画帧 29/469
正在生成动画帧 30/469
正在生成动画帧 31/469
正在生成动画帧 32/469
正在生成动画帧 33/469
正在生成动画帧 34/469
正在生成动画帧 35/469
正在生成动画帧 36/469
正在生成动画帧 37/469
正在生成动画帧 38/469
正在生成动画帧 39/469
正在生成动画帧 40/469
正在生成动画帧 41/469
正在生成动画帧 42/469
正在生成动画帧 43/469
正在生成动画帧 44/469
正在生成动画帧 45/469
正在生成动画帧 46/469
正在生成动画帧 47/469
正在生成动画帧 48/469
正在生成动画帧 49/469
正在生成动画帧 50/469
正在生成动画帧 51/469
正在生成动画帧 52/469
正在生成动画帧 53/469
正在生成动画帧 54/469
正在生成动画帧 55/469
正在生成动画帧 56/469
正在生成动画帧 57/469
正在生成动画帧 58/469
正在生成动画帧 59/469
正在生成动画帧 60/469
正在生成动画帧 61/469
正在生成动画帧 62/469
正在生成动画帧 63/469
正在生成动画帧 64/469
正在生成动画帧 65/469
正在生成动画帧 66/469
正在生成动画帧 67/469
正在生成动画帧 68/469
正在生成动画帧 69/469
正在生成动画帧 70/469
正在生成动画帧 71/469
正在生成动画帧 72/469
正在生成动画帧 73/469
正在生成动画帧 74/469
正在生成动画帧 75/469
正在生成动画帧 76/469
正在生成动画帧 77/469
正在生成动画帧 78/469
正在生成动画帧 79/469
正在生成动画帧 80/469
正在生成动画帧 81/469
正在生成动画帧 82/469
正在生成动画帧 83/469
正在生成动画帧 84/469
正在生成动画帧 85/469
正在生成动画帧 86/469
正在生成动画帧 87/469
正在生成动画帧 88/469
正在生成动画帧 89/469
正在生成动画帧 90/469
正在生成动画帧 91/469
正在生成动画帧 92/469
正在生成动画帧 93/469
正在生成动画帧 94/469
正在生成动画帧 95/469
正在生成动画帧 96/469
正在生成动画帧 97/469
正在生成动画帧 98/469
正在生成动画帧 99/469
正在生成动画帧 100/469
正在生成动画帧 101/469
正在生成动画帧 102/469
正在生成动画帧 103/469
正在生成动画帧 104/469
正在生成动画帧 105/469
正在生成动画帧 106/469
正在生成动画帧 107/469
正在生成动画帧 108/469
正在生成动画帧 109/469
正在生成动画帧 110/469
正在生成动画帧 111/469
正在生成动画帧 112/469
正在生成动画帧 113/469
正在生成动画帧 114/469
正在生成动画帧 115/469
正在生成动画帧 116/469
正在生成动画帧 117/469
正在生成动画帧 118/469
正在生成动画帧 119/469
正在生成动画帧 120/469
正在生成动画帧 121/469
正在生成动画帧 122/469
正在生成动画帧 123/469
正在生成动画帧 124/469
正在生成动画帧 125/469
正在生成动画帧 126/469
正在生成动画帧 127/469
正在生成动画帧 128/469
正在生成动画帧 129/469
正在生成动画帧 130/469
正在生成动画帧 131/469
正在生成动画帧 132/469
正在生成动画帧 133/469
正在生成动画帧 134/469
正在生成动画帧 135/469
正在生成动画帧 136/469
正在生成动画帧 137/469
正在生成动画帧 138/469
正在生成动画帧 139/469
正在生成动画帧 140/469
正在生成动画帧 141/469
正在生成动画帧 142/469
正在生成动画帧 143/469
正在生成动画帧 144/469
正在生成动画帧 145/469
正在生成动画帧 146/469
正在生成动画帧 147/469
正在生成动画帧 148/469
正在生成动画帧 149/469
正在生成动画帧 150/469
正在生成动画帧 151/469
正在生成动画帧 152/469
正在生成动画帧 153/469
正在生成动画帧 154/469
正在生成动画帧 155/469
正在生成动画帧 156/469
正在生成动画帧 157/469
正在生成动画帧 158/469
正在生成动画帧 159/469
正在生成动画帧 160/469
正在生成动画帧 161/469
正在生成动画帧 162/469
正在生成动画帧 163/469
正在生成动画帧 164/469
正在生成动画帧 165/469
正在生成动画帧 166/469
正在生成动画帧 167/469
正在生成动画帧 168/469
正在生成动画帧 169/469
正在生成动画帧 170/469
正在生成动画帧 171/469
正在生成动画帧 172/469
正在生成动画帧 173/469
正在生成动画帧 174/469
正在生成动画帧 175/469
正在生成动画帧 176/469
正在生成动画帧 177/469
正在生成动画帧 178/469
正在生成动画帧 179/469
正在生成动画帧 180/469
正在生成动画帧 181/469
正在生成动画帧 182/469
正在生成动画帧 183/469
正在生成动画帧 184/469
正在生成动画帧 185/469
正在生成动画帧 186/469
正在生成动画帧 187/469
正在生成动画帧 188/469
正在生成动画帧 189/469
正在生成动画帧 190/469
正在生成动画帧 191/469
正在生成动画帧 192/469
正在生成动画帧 193/469
正在生成动画帧 194/469
正在生成动画帧 195/469
正在生成动画帧 196/469
正在生成动画帧 197/469
正在生成动画帧 198/469
正在生成动画帧 199/469
正在生成动画帧 200/469
正在生成动画帧 201/469
正在生成动画帧 202/469
正在生成动画帧 203/469
正在生成动画帧 204/469
正在生成动画帧 205/469
正在生成动画帧 206/469
正在生成动画帧 207/469
正在生成动画帧 208/469
正在生成动画帧 209/469
正在生成动画帧 210/469
正在生成动画帧 211/469
正在生成动画帧 212/469
正在生成动画帧 213/469
正在生成动画帧 214/469
正在生成动画帧 215/469
正在生成动画帧 216/469
正在生成动画帧 217/469
正在生成动画帧 218/469
正在生成动画帧 219/469
正在生成动画帧 220/469
正在生成动画帧 221/469
正在生成动画帧 222/469
正在生成动画帧 223/469
正在生成动画帧 224/469
正在生成动画帧 225/469
正在生成动画帧 226/469
正在生成动画帧 227/469
正在生成动画帧 228/469
正在生成动画帧 229/469
正在生成动画帧 230/469
正在生成动画帧 231/469
正在生成动画帧 232/469
正在生成动画帧 233/469
正在生成动画帧 234/469
正在生成动画帧 235/469
正在生成动画帧 236/469
正在生成动画帧 237/469
正在生成动画帧 238/469
正在生成动画帧 239/469
正在生成动画帧 240/469
正在生成动画帧 241/469
正在生成动画帧 242/469
正在生成动画帧 243/469
正在生成动画帧 244/469
正在生成动画帧 245/469
正在生成动画帧 246/469
正在生成动画帧 247/469
正在生成动画帧 248/469
正在生成动画帧 249/469
正在生成动画帧 250/469
正在生成动画帧 251/469
正在生成动画帧 252/469
正在生成动画帧 253/469
正在生成动画帧 254/469
正在生成动画帧 255/469
正在生成动画帧 256/469
正在生成动画帧 257/469
正在生成动画帧 258/469
正在生成动画帧 259/469
正在生成动画帧 260/469
正在生成动画帧 261/469
正在生成动画帧 262/469
正在生成动画帧 263/469
正在生成动画帧 264/469
正在生成动画帧 265/469
正在生成动画帧 266/469
正在生成动画帧 267/469
正在生成动画帧 268/469
正在生成动画帧 269/469
正在生成动画帧 270/469
正在生成动画帧 271/469
正在生成动画帧 272/469
正在生成动画帧 273/469
正在生成动画帧 274/469
正在生成动画帧 275/469
正在生成动画帧 276/469
正在生成动画帧 277/469
正在生成动画帧 278/469
正在生成动画帧 279/469
正在生成动画帧 280/469
正在生成动画帧 281/469
正在生成动画帧 282/469
正在生成动画帧 283/469
正在生成动画帧 284/469
正在生成动画帧 285/469
正在生成动画帧 286/469
正在生成动画帧 287/469
正在生成动画帧 288/469
正在生成动画帧 289/469
正在生成动画帧 290/469
正在生成动画帧 291/469
正在生成动画帧 292/469
正在生成动画帧 293/469
正在生成动画帧 294/469
正在生成动画帧 295/469
正在生成动画帧 296/469
正在生成动画帧 297/469
正在生成动画帧 298/469
正在生成动画帧 299/469
正在生成动画帧 300/469
正在生成动画帧 301/469
正在生成动画帧 302/469
正在生成动画帧 303/469
正在生成动画帧 304/469
正在生成动画帧 305/469
正在生成动画帧 306/469
正在生成动画帧 307/469
正在生成动画帧 308/469
正在生成动画帧 309/469
正在生成动画帧 310/469
正在生成动画帧 311/469
正在生成动画帧 312/469
正在生成动画帧 313/469
正在生成动画帧 314/469
正在生成动画帧 315/469
正在生成动画帧 316/469
正在生成动画帧 317/469
正在生成动画帧 318/469
正在生成动画帧 319/469
正在生成动画帧 320/469
正在生成动画帧 321/469
正在生成动画帧 322/469
正在生成动画帧 323/469
正在生成动画帧 324/469
正在生成动画帧 325/469
正在生成动画帧 326/469
正在生成动画帧 327/469
正在生成动画帧 328/469
正在生成动画帧 329/469
正在生成动画帧 330/469
正在生成动画帧 331/469
正在生成动画帧 332/469
正在生成动画帧 333/469
正在生成动画帧 334/469
正在生成动画帧 335/469
正在生成动画帧 336/469
正在生成动画帧 337/469
正在生成动画帧 338/469
正在生成动画帧 339/469
正在生成动画帧 340/469
正在生成动画帧 341/469
正在生成动画帧 342/469
正在生成动画帧 343/469
正在生成动画帧 344/469
正在生成动画帧 345/469
正在生成动画帧 346/469
正在生成动画帧 347/469
正在生成动画帧 348/469
正在生成动画帧 349/469
正在生成动画帧 350/469
正在生成动画帧 351/469
正在生成动画帧 352/469
正在生成动画帧 353/469
正在生成动画帧 354/469
正在生成动画帧 355/469
正在生成动画帧 356/469
正在生成动画帧 357/469
正在生成动画帧 358/469
正在生成动画帧 359/469
正在生成动画帧 360/469
正在生成动画帧 361/469
正在生成动画帧 362/469
正在生成动画帧 363/469
正在生成动画帧 364/469
正在生成动画帧 365/469
正在生成动画帧 366/469
正在生成动画帧 367/469
正在生成动画帧 368/469
正在生成动画帧 369/469
正在生成动画帧 370/469
正在生成动画帧 371/469
正在生成动画帧 372/469
正在生成动画帧 373/469
正在生成动画帧 374/469
正在生成动画帧 375/469
正在生成动画帧 376/469
正在生成动画帧 377/469
正在生成动画帧 378/469
正在生成动画帧 379/469
正在生成动画帧 380/469
正在生成动画帧 381/469
正在生成动画帧 382/469
正在生成动画帧 383/469
正在生成动画帧 384/469
正在生成动画帧 385/469
正在生成动画帧 386/469
正在生成动画帧 387/469
正在生成动画帧 388/469
正在生成动画帧 389/469
正在生成动画帧 390/469
正在生成动画帧 391/469
正在生成动画帧 392/469
正在生成动画帧 393/469
正在生成动画帧 394/469
正在生成动画帧 395/469
正在生成动画帧 396/469
正在生成动画帧 397/469
正在生成动画帧 398/469
正在生成动画帧 399/469
正在生成动画帧 400/469
正在生成动画帧 401/469
正在生成动画帧 402/469
正在生成动画帧 403/469
正在生成动画帧 404/469
正在生成动画帧 405/469
正在生成动画帧 406/469
正在生成动画帧 407/469
正在生成动画帧 408/469
正在生成动画帧 409/469
正在生成动画帧 410/469
正在生成动画帧 411/469
正在生成动画帧 412/469
正在生成动画帧 413/469
正在生成动画帧 414/469
正在生成动画帧 415/469
正在生成动画帧 416/469
正在生成动画帧 417/469
正在生成动画帧 418/469
正在生成动画帧 419/469
正在生成动画帧 420/469
正在生成动画帧 421/469
正在生成动画帧 422/469
正在生成动画帧 423/469
正在生成动画帧 424/469
正在生成动画帧 425/469
正在生成动画帧 426/469
正在生成动画帧 427/469
正在生成动画帧 428/469
正在生成动画帧 429/469
正在生成动画帧 430/469
正在生成动画帧 431/469
正在生成动画帧 432/469
正在生成动画帧 433/469
正在生成动画帧 434/469
正在生成动画帧 435/469
正在生成动画帧 436/469
正在生成动画帧 437/469
正在生成动画帧 438/469
正在生成动画帧 439/469
正在生成动画帧 440/469
正在生成动画帧 441/469
正在生成动画帧 442/469
正在生成动画帧 443/469
正在生成动画帧 444/469
正在生成动画帧 445/469
正在生成动画帧 446/469
正在生成动画帧 447/469
正在生成动画帧 448/469
正在生成动画帧 449/469
正在生成动画帧 450/469
正在生成动画帧 451/469
正在生成动画帧 452/469
正在生成动画帧 453/469
正在生成动画帧 454/469
正在生成动画帧 455/469
正在生成动画帧 456/469
正在生成动画帧 457/469
正在生成动画帧 458/469
正在生成动画帧 459/469
正在生成动画帧 460/469
正在生成动画帧 461/469
正在生成动画帧 462/469
正在生成动画帧 463/469
正在生成动画帧 464/469
正在生成动画帧 465/469
正在生成动画帧 466/469
正在生成动画帧 467/469
正在生成动画帧 468/469
正在生成动画帧 469/469

=== 1D2D耦合模型 ===
{
  "模型名称": "通用尾管段环空二维顶替模型",
  "模拟对象": "呼1-003井（HT1-003） 尾管段 5307.54-7618.00m",
  "井段_m": [
    5307.539,
    7618.0
  ],
  "物理环空体积_m3": 57.68992895196336,
  "最终结果": {
    "全井段最终有效顶替效率": 0.6132139585450371,
    "窄四分位效率": 0.3982570204097753,
    "最终水泥浆占据率": 0.6132139585450371,
    "最终窜槽指数": 0.6064257028109825,
    "最终混浆指数": 0.35396845583237624,
    "最终失稳指数": 0.6269349169645828,
    "最终失稳指数_线性": 4.930011946047379,
    "最终失稳指数_对数": 0.7730555682541835,
    "浮力数_b": 17.5631375235348
  },
  "评价窗效率": {
    "CBL评价井段(尾管段)": {
      "window_type": "cbl",
      "eta_E": 0.6571015292575053,
      "eta_N": 0.447326808531116
    },
    "CBL数字化窗(78.7%对应)": {
      "window_type": "cbl_digitization",
      "eta_E": 0.5963588910443335,
      "eta_N": 0.3700919082706407
    },
    "气层-K1q主力油层段(地层目标)": {
      "window_type": "formation_target",
      "eta_E": 0.9999999999943914,
      "eta_N": 0.9999999999716273
    },
    "目的井段(地层目标)": {
      "window_type": "formation_target",
      "eta_E": 0.990842318287876,
      "eta_N": 0.9918677370858772
    }
  },
  "低尾指标": {
    "standoff低于0.5段占比": 0.0,
    "窄边效率低于0.05域占比": 0.6001275908545085
  },
  "effective_efficiency": 0.6132139585450371,
  "eta_narrow": 0.3982570204097753,
  "channeling_index": 0.6064257028109825,
  "mixing_index": 0.35396845583237624,
  "buoyancy_number": 17.5631375235348,
  "tier0_diagnostics": {
    "flow_classification": {
      "delta_w_f": 0.1818097010901984,
      "sigma_wr_plus": 0.0,
      "abs_wr_plus": 0.0,
      "abs_wr_minus": 0.699894139409292,
      "is_steady": false,
      "is_dispersive": false,
      "flow_class": "unsteady_dispersive",
      "w0_m_s": 0.29685879873239973
    },
    "muskat_regime": {
      "regime": "stable",
      "c_critical": 0.45901945978240594,
      "c_star": 0.3962056199616308,
      "wide_side_unstable": false,
      "narrow_side_unstable": false,
      "delta_w_min": -10.460110101050526,
      "delta_w_max": 3.4176842159040923,
      "viscosity_ratio": 0.46300863131935877,
      "buoyancy_number": 17.5631375235348,
      "eccentricity": 0.17,
      "shock_detected": true,
      "c_bar_grid": [
        0.0,
        0.0005,
        0.001,
        0.0015,
        0.002,
        0.0025,
        0.003,
        0.0035,
        0.004,
        0.0045000000000000005,
        0.005,
        0.0055,
        0.006,
        0.006500000000000001,
        0.007,
        0.0075,
        0.008,
        0.0085,
        0.009000000000000001,
        0.0095,
        0.01,
        0.0105,
        0.011,
        0.0115,
        0.012,
        0.0125,
        0.013000000000000001,
        0.0135,
        0.014,
        0.0145,
        0.015,
        0.0155,
        0.016,
        0.0165,
        0.017,
        0.0175,
        0.018000000000000002,
        0.0185,
        0.019,
        0.0195,
        0.02,
        0.0205,
        0.021,
        0.021500000000000002,
        0.022,
        0.0225,
        0.023,
        0.0235,
        0.024,
        0.0245,
        0.025,
        0.025500000000000002,
        0.026000000000000002,
        0.0265,
        0.027,
        0.0275,
        0.028,
        0.0285,
        0.029,
        0.029500000000000002,
        0.03,
        0.0305,
        0.031,
        0.0315,
        0.032,
        0.0325,
        0.033,
        0.0335,
        0.034,
        0.0345,
        0.035,
        0.035500000000000004,
        0.036000000000000004,
        0.0365,
        0.037,
        0.0375,
        0.038,
        0.0385,
        0.039,
        0.0395,
        0.04,
        0.0405,
        0.041,
        0.0415,
        0.042,
        0.0425,
        0.043000000000000003,
        0.043500000000000004,
        0.044,
        0.0445,
        0.045,
        0.0455,
        0.046,
        0.0465,
        0.047,
        0.0475,
        0.048,
        0.0485,
        0.049,
        0.0495,
        0.05,
        0.0505,
        0.051000000000000004,
        0.051500000000000004,
        0.052000000000000005,
        0.0525,
        0.053,
        0.0535,
        0.054,
        0.0545,
        0.055,
        0.0555,
        0.056,
        0.0565,
        0.057,
        0.0575,
        0.058,
        0.0585,
        0.059000000000000004,
        0.059500000000000004,
        0.06,
        0.0605,
        0.061,
        0.0615,
        0.062,
        0.0625,
        0.063,
        0.0635,
        0.064,
        0.0645,
        0.065,
        0.0655,
        0.066,
        0.0665,
        0.067,
        0.0675,
        0.068,
        0.0685,
        0.069,
        0.0695,
        0.07,
        0.07050000000000001,
        0.07100000000000001,
        0.07150000000000001,
        0.07200000000000001,
        0.0725,
        0.073,
        0.0735,
        0.074,
        0.0745,
        0.075,
        0.0755,
        0.076,
        0.0765,
        0.077,
        0.0775,
        0.078,
        0.0785,
        0.079,
        0.0795,
        0.08,
        0.0805,
        0.081,
        0.0815,
        0.082,
        0.0825,
        0.083,
        0.0835,
        0.084,
        0.0845,
        0.085,
        0.0855,
        0.08600000000000001,
        0.08650000000000001,
        0.08700000000000001,
        0.08750000000000001,
        0.088,
        0.0885,
        0.089,
        0.0895,
        0.09,
        0.0905,
        0.091,
        0.0915,
        0.092,
        0.0925,
        0.093,
        0.0935,
        0.094,
        0.0945,
        0.095,
        0.0955,
        0.096,
        0.0965,
        0.097,
        0.0975,
        0.098,
        0.0985,
        0.099,
        0.0995,
        0.1,
        0.1005,
        0.101,
        0.1015,
        0.10200000000000001,
        0.10250000000000001,
        0.10300000000000001,
        0.10350000000000001,
        0.10400000000000001,
        0.1045,
        0.105,
        0.1055,
        0.106,
        0.1065,
        0.107,
        0.1075,
        0.108,
        0.1085,
        0.109,
        0.1095,
        0.11,
        0.1105,
        0.111,
        0.1115,
        0.112,
        0.1125,
        0.113,
        0.1135,
        0.114,
        0.1145,
        0.115,
        0.1155,
        0.116,
        0.1165,
        0.117,
        0.11750000000000001,
        0.11800000000000001,
        0.11850000000000001,
        0.11900000000000001,
        0.11950000000000001,
        0.12,
        0.1205,
        0.121,
        0.1215,
        0.122,
        0.1225,
        0.123,
        0.1235,
        0.124,
        0.1245,
        0.125,
        0.1255,
        0.126,
        0.1265,
        0.127,
        0.1275,
        0.128,
        0.1285,
        0.129,
        0.1295,
        0.13,
        0.1305,
        0.131,
        0.1315,
        0.132,
        0.1325,
        0.133,
        0.1335,
        0.134,
        0.1345,
        0.135,
        0.1355,
        0.136,
        0.1365,
        0.137,
        0.1375,
        0.138,
        0.1385,
        0.139,
        0.1395,
        0.14,
        0.1405,
        0.14100000000000001,
        0.14150000000000001,
        0.14200000000000002,
        0.14250000000000002,
        0.14300000000000002,
        0.14350000000000002,
        0.14400000000000002,
        0.1445,
        0.145,
        0.1455,
        0.146,
        0.1465,
        0.147,
        0.1475,
        0.148,
        0.1485,
        0.149,
        0.1495,
        0.15,
        0.1505,
        0.151,
        0.1515,
        0.152,
        0.1525,
        0.153,
        0.1535,
        0.154,
        0.1545,
        0.155,
        0.1555,
        0.156,
        0.1565,
        0.157,
        0.1575,
        0.158,
        0.1585,
        0.159,
        0.1595,
        0.16,
        0.1605,
        0.161,
        0.1615,
        0.162,
        0.1625,
        0.163,
        0.1635,
        0.164,
        0.1645,
        0.165,
        0.1655,
        0.166,
        0.1665,
        0.167,
        0.1675,
        0.168,
        0.1685,
        0.169,
        0.1695,
        0.17,
        0.1705,
        0.171,
        0.1715,
        0.17200000000000001,
        0.17250000000000001,
        0.17300000000000001,
        0.17350000000000002,
        0.17400000000000002,
        0.17450000000000002,
        0.17500000000000002,
        0.17550000000000002,
        0.176,
        0.1765,
        0.177,
        0.1775,
        0.178,
        0.1785,
        0.179,
        0.1795,
        0.18,
        0.1805,
        0.181,
        0.1815,
        0.182,
        0.1825,
        0.183,
        0.1835,
        0.184,
        0.1845,
        0.185,
        0.1855,
        0.186,
        0.1865,
        0.187,
        0.1875,
        0.188,
        0.1885,
        0.189,
        0.1895,
        0.19,
        0.1905,
        0.191,
        0.1915,
        0.192,
        0.1925,
        0.193,
        0.1935,
        0.194,
        0.1945,
        0.195,
        0.1955,
        0.196,
        0.1965,
        0.197,
        0.1975,
        0.198,
        0.1985,
        0.199,
        0.1995,
        0.2,
        0.2005,
        0.201,
        0.2015,
        0.202,
        0.2025,
        0.203,
        0.20350000000000001,
        0.20400000000000001,
        0.20450000000000002,
        0.20500000000000002,
        0.20550000000000002,
        0.20600000000000002,
        0.20650000000000002,
        0.20700000000000002,
        0.20750000000000002,
        0.20800000000000002,
        0.2085,
        0.209,
        0.2095,
        0.21,
        0.2105,
        0.211,
        0.2115,
        0.212,
        0.2125,
        0.213,
        0.2135,
        0.214,
        0.2145,
        0.215,
        0.2155,
        0.216,
        0.2165,
        0.217,
        0.2175,
        0.218,
        0.2185,
        0.219,
        0.2195,
        0.22,
        0.2205,
        0.221,
        0.2215,
        0.222,
        0.2225,
        0.223,
        0.2235,
        0.224,
        0.2245,
        0.225,
        0.2255,
        0.226,
        0.2265,
        0.227,
        0.2275,
        0.228,
        0.2285,
        0.229,
        0.2295,
        0.23,
        0.2305,
        0.231,
        0.2315,
        0.232,
        0.2325,
        0.233,
        0.2335,
        0.234,
        0.23450000000000001,
        0.23500000000000001,
        0.23550000000000001,
        0.23600000000000002,
        0.23650000000000002,
        0.23700000000000002,
        0.23750000000000002,
        0.23800000000000002,
        0.23850000000000002,
        0.23900000000000002,
        0.23950000000000002,
        0.24,
        0.2405,
        0.241,
        0.2415,
        0.242,
        0.2425,
        0.243,
        0.2435,
        0.244,
        0.2445,
        0.245,
        0.2455,
        0.246,
        0.2465,
        0.247,
        0.2475,
        0.248,
        0.2485,
        0.249,
        0.2495,
        0.25,
        0.2505,
        0.251,
        0.2515,
        0.252,
        0.2525,
        0.253,
        0.2535,
        0.254,
        0.2545,
        0.255,
        0.2555,
        0.256,
        0.2565,
        0.257,
        0.2575,
        0.258,
        0.2585,
        0.259,
        0.2595,
        0.26,
        0.2605,
        0.261,
        0.2615,
        0.262,
        0.2625,
        0.263,
        0.2635,
        0.264,
        0.2645,
        0.265,
        0.2655,
        0.266,
        0.2665,
        0.267,
        0.2675,
        0.268,
        0.2685,
        0.269,
        0.2695,
        0.27,
        0.2705,
        0.271,
        0.2715,
        0.272,
        0.2725,
        0.273,
        0.2735,
        0.274,
        0.2745,
        0.275,
        0.2755,
        0.276,
        0.2765,
        0.277,
        0.2775,
        0.278,
        0.2785,
        0.279,
        0.2795,
        0.28,
        0.2805,
        0.281,
        0.28150000000000003,
        0.28200000000000003,
        0.28250000000000003,
        0.28300000000000003,
        0.28350000000000003,
        0.28400000000000003,
        0.28450000000000003,
        0.28500000000000003,
        0.28550000000000003,
        0.28600000000000003,
        0.28650000000000003,
        0.28700000000000003,
        0.28750000000000003,
        0.28800000000000003,
        0.2885,
        0.289,
        0.2895,
        0.29,
        0.2905,
        0.291,
        0.2915,
        0.292,
        0.2925,
        0.293,
        0.2935,
        0.294,
        0.2945,
        0.295,
        0.2955,
        0.296,
        0.2965,
        0.297,
        0.2975,
        0.298,
        0.2985,
        0.299,
        0.2995,
        0.3,
        0.3005,
        0.301,
        0.3015,
        0.302,
        0.3025,
        0.303,
        0.3035,
        0.304,
        0.3045,
        0.305,
        0.3055,
        0.306,
        0.3065,
        0.307,
        0.3075,
        0.308,
        0.3085,
        0.309,
        0.3095,
        0.31,
        0.3105,
        0.311,
        0.3115,
        0.312,
        0.3125,
        0.313,
        0.3135,
        0.314,
        0.3145,
        0.315,
        0.3155,
        0.316,
        0.3165,
        0.317,
        0.3175,
        0.318,
        0.3185,
        0.319,
        0.3195,
        0.32,
        0.3205,
        0.321,
        0.3215,
        0.322,
        0.3225,
        0.323,
        0.3235,
        0.324,
        0.3245,
        0.325,
        0.3255,
        0.326,
        0.3265,
        0.327,
        0.3275,
        0.328,
        0.3285,
        0.329,
        0.3295,
        0.33,
        0.3305,
        0.331,
        0.3315,
        0.332,
        0.3325,
        0.333,
        0.3335,
        0.334,
        0.3345,
        0.335,
        0.3355,
        0.336,
        0.3365,
        0.337,
        0.3375,
        0.338,
        0.3385,
        0.339,
        0.3395,
        0.34,
        0.3405,
        0.341,
        0.3415,
        0.342,
        0.3425,
        0.343,
        0.3435,
        0.34400000000000003,
        0.34450000000000003,
        0.34500000000000003,
        0.34550000000000003,
        0.34600000000000003,
        0.34650000000000003,
        0.34700000000000003,
        0.34750000000000003,
        0.34800000000000003,
        0.34850000000000003,
        0.34900000000000003,
        0.34950000000000003,
        0.35000000000000003,
        0.35050000000000003,
        0.35100000000000003,
        0.35150000000000003,
        0.352,
        0.3525,
        0.353,
        0.3535,
        0.354,
        0.3545,
        0.355,
        0.3555,
        0.356,
        0.3565,
        0.357,
        0.3575,
        0.358,
        0.3585,
        0.359,
        0.3595,
        0.36,
        0.3605,
        0.361,
        0.3615,
        0.362,
        0.3625,
        0.363,
        0.3635,
        0.364,
        0.3645,
        0.365,
        0.3655,
        0.366,
        0.3665,
        0.367,
        0.3675,
        0.368,
        0.3685,
        0.369,
        0.3695,
        0.37,
        0.3705,
        0.371,
        0.3715,
        0.372,
        0.3725,
        0.373,
        0.3735,
        0.374,
        0.3745,
        0.375,
        0.3755,
        0.376,
        0.3765,
        0.377,
        0.3775,
        0.378,
        0.3785,
        0.379,
        0.3795,
        0.38,
        0.3805,
        0.381,
        0.3815,
        0.382,
        0.3825,
        0.383,
        0.3835,
        0.384,
        0.3845,
        0.385,
        0.3855,
        0.386,
        0.3865,
        0.387,
        0.3875,
        0.388,
        0.3885,
        0.389,
        0.3895,
        0.39,
        0.3905,
        0.391,
        0.3915,
        0.392,
        0.3925,
        0.393,
        0.3935,
        0.394,
        0.3945,
        0.395,
        0.3955,
        0.396,
        0.3965,
        0.397,
        0.3975,
        0.398,
        0.3985,
        0.399,
        0.3995,
        0.4,
        0.4005,
        0.401,
        0.4015,
        0.402,
        0.4025,
        0.403,
        0.4035,
        0.404,
        0.4045,
        0.405,
        0.4055,
        0.406,
        0.40650000000000003,
        0.40700000000000003,
        0.40750000000000003,
        0.40800000000000003,
        0.40850000000000003,
        0.40900000000000003,
        0.40950000000000003,
        0.41000000000000003,
        0.41050000000000003,
        0.41100000000000003,
        0.41150000000000003,
        0.41200000000000003,
        0.41250000000000003,
        0.41300000000000003,
        0.41350000000000003,
        0.41400000000000003,
        0.41450000000000004,
        0.41500000000000004,
        0.41550000000000004,
        0.41600000000000004,
        0.4165,
        0.417,
        0.4175,
        0.418,
        0.4185,
        0.419,
        0.4195,
        0.42,
        0.4205,
        0.421,
        0.4215,
        0.422,
        0.4225,
        0.423,
        0.4235,
        0.424,
        0.4245,
        0.425,
        0.4255,
        0.426,
        0.4265,
        0.427,
        0.4275,
        0.428,
        0.4285,
        0.429,
        0.4295,
        0.43,
        0.4305,
        0.431,
        0.4315,
        0.432,
        0.4325,
        0.433,
        0.4335,
        0.434,
        0.4345,
        0.435,
        0.4355,
        0.436,
        0.4365,
        0.437,
        0.4375,
        0.438,
        0.4385,
        0.439,
        0.4395,
        0.44,
        0.4405,
        0.441,
        0.4415,
        0.442,
        0.4425,
        0.443,
        0.4435,
        0.444,
        0.4445,
        0.445,
        0.4455,
        0.446,
        0.4465,
        0.447,
        0.4475,
        0.448,
        0.4485,
        0.449,
        0.4495,
        0.45,
        0.4505,
        0.451,
        0.4515,
        0.452,
        0.4525,
        0.453,
        0.4535,
        0.454,
        0.4545,
        0.455,
        0.4555,
        0.456,
        0.4565,
        0.457,
        0.4575,
        0.458,
        0.4585,
        0.459,
        0.4595,
        0.46,
        0.4605,
        0.461,
        0.4615,
        0.462,
        0.4625,
        0.463,
        0.4635,
        0.464,
        0.4645,
        0.465,
        0.4655,
        0.466,
        0.4665,
        0.467,
        0.4675,
        0.468,
        0.4685,
        0.46900000000000003,
        0.46950000000000003,
        0.47000000000000003,
        0.47050000000000003,
        0.47100000000000003,
        0.47150000000000003,
        0.47200000000000003,
        0.47250000000000003,
        0.47300000000000003,
        0.47350000000000003,
        0.47400000000000003,
        0.47450000000000003,
        0.47500000000000003,
        0.47550000000000003,
        0.47600000000000003,
        0.47650000000000003,
        0.47700000000000004,
        0.47750000000000004,
        0.47800000000000004,
        0.47850000000000004,
        0.47900000000000004,
        0.47950000000000004,
        0.48,
        0.4805,
        0.481,
        0.4815,
        0.482,
        0.4825,
        0.483,
        0.4835,
        0.484,
        0.4845,
        0.485,
        0.4855,
        0.486,
        0.4865,
        0.487,
        0.4875,
        0.488,
        0.4885,
        0.489,
        0.4895,
        0.49,
        0.4905,
        0.491,
        0.4915,
        0.492,
        0.4925,
        0.493,
        0.4935,
        0.494,
        0.4945,
        0.495,
        0.4955,
        0.496,
        0.4965,
        0.497,
        0.4975,
        0.498,
        0.4985,
        0.499,
        0.4995,
        0.5,
        0.5005000000000001,
        0.501,
        0.5015000000000001,
        0.502,
        0.5025000000000001,
        0.503,
        0.5035000000000001,
        0.504,
        0.5045000000000001,
        0.505,
        0.5055000000000001,
        0.506,
        0.5065000000000001,
        0.507,
        0.5075000000000001,
        0.508,
        0.5085000000000001,
        0.509,
        0.5095000000000001,
        0.51,
        0.5105000000000001,
        0.511,
        0.5115000000000001,
        0.512,
        0.5125,
        0.513,
        0.5135,
        0.514,
        0.5145,
        0.515,
        0.5155,
        0.516,
        0.5165,
        0.517,
        0.5175,
        0.518,
        0.5185,
        0.519,
        0.5195,
        0.52,
        0.5205,
        0.521,
        0.5215,
        0.522,
        0.5225,
        0.523,
        0.5235,
        0.524,
        0.5245,
        0.525,
        0.5255,
        0.526,
        0.5265,
        0.527,
        0.5275,
        0.528,
        0.5285,
        0.529,
        0.5295,
        0.53,
        0.5305,
        0.531,
        0.5315,
        0.532,
        0.5325,
        0.533,
        0.5335,
        0.534,
        0.5345,
        0.535,
        0.5355,
        0.536,
        0.5365,
        0.537,
        0.5375,
        0.538,
        0.5385,
        0.539,
        0.5395,
        0.54,
        0.5405,
        0.541,
        0.5415,
        0.542,
        0.5425,
        0.543,
        0.5435,
        0.544,
        0.5445,
        0.545,
        0.5455,
        0.546,
        0.5465,
        0.547,
        0.5475,
        0.548,
        0.5485,
        0.549,
        0.5495,
        0.55,
        0.5505,
        0.551,
        0.5515,
        0.552,
        0.5525,
        0.553,
        0.5535,
        0.554,
        0.5545,
        0.555,
        0.5555,
        0.556,
        0.5565,
        0.557,
        0.5575,
        0.558,
        0.5585,
        0.559,
        0.5595,
        0.56,
        0.5605,
        0.561,
        0.5615,
        0.562,
        0.5625,
        0.5630000000000001,
        0.5635,
        0.5640000000000001,
        0.5645,
        0.5650000000000001,
        0.5655,
        0.5660000000000001,
        0.5665,
        0.5670000000000001,
        0.5675,
        0.5680000000000001,
        0.5685,
        0.5690000000000001,
        0.5695,
        0.5700000000000001,
        0.5705,
        0.5710000000000001,
        0.5715,
        0.5720000000000001,
        0.5725,
        0.5730000000000001,
        0.5735,
        0.5740000000000001,
        0.5745,
        0.5750000000000001,
        0.5755,
        0.5760000000000001,
        0.5765,
        0.577,
        0.5775,
        0.578,
        0.5785,
        0.579,
        0.5795,
        0.58,
        0.5805,
        0.581,
        0.5815,
        0.582,
        0.5825,
        0.583,
        0.5835,
        0.584,
        0.5845,
        0.585,
        0.5855,
        0.586,
        0.5865,
        0.587,
        0.5875,
        0.588,
        0.5885,
        0.589,
        0.5895,
        0.59,
        0.5905,
        0.591,
        0.5915,
        0.592,
        0.5925,
        0.593,
        0.5935,
        0.594,
        0.5945,
        0.595,
        0.5955,
        0.596,
        0.5965,
        0.597,
        0.5975,
        0.598,
        0.5985,
        0.599,
        0.5995,
        0.6,
        0.6005,
        0.601,
        0.6015,
        0.602,
        0.6025,
        0.603,
        0.6035,
        0.604,
        0.6045,
        0.605,
        0.6055,
        0.606,
        0.6065,
        0.607,
        0.6075,
        0.608,
        0.6085,
        0.609,
        0.6095,
        0.61,
        0.6105,
        0.611,
        0.6115,
        0.612,
        0.6125,
        0.613,
        0.6135,
        0.614,
        0.6145,
        0.615,
        0.6155,
        0.616,
        0.6165,
        0.617,
        0.6175,
        0.618,
        0.6185,
        0.619,
        0.6195,
        0.62,
        0.6205,
        0.621,
        0.6215,
        0.622,
        0.6225,
        0.623,
        0.6235,
        0.624,
        0.6245,
        0.625,
        0.6255000000000001,
        0.626,
        0.6265000000000001,
        0.627,
        0.6275000000000001,
        0.628,
        0.6285000000000001,
        0.629,
        0.6295000000000001,
        0.63,
        0.6305000000000001,
        0.631,
        0.6315000000000001,
        0.632,
        0.6325000000000001,
        0.633,
        0.6335000000000001,
        0.634,
        0.6345000000000001,
        0.635,
        0.6355000000000001,
        0.636,
        0.6365000000000001,
        0.637,
        0.6375000000000001,
        0.638,
        0.6385000000000001,
        0.639,
        0.6395000000000001,
        0.64,
        0.6405,
        0.641,
        0.6415,
        0.642,
        0.6425,
        0.643,
        0.6435,
        0.644,
        0.6445,
        0.645,
        0.6455,
        0.646,
        0.6465,
        0.647,
        0.6475,
        0.648,
        0.6485,
        0.649,
        0.6495,
        0.65,
        0.6505,
        0.651,
        0.6515,
        0.652,
        0.6525,
        0.653,
        0.6535,
        0.654,
        0.6545,
        0.655,
        0.6555,
        0.656,
        0.6565,
        0.657,
        0.6575,
        0.658,
        0.6585,
        0.659,
        0.6595,
        0.66,
        0.6605,
        0.661,
        0.6615,
        0.662,
        0.6625,
        0.663,
        0.6635,
        0.664,
        0.6645,
        0.665,
        0.6655,
        0.666,
        0.6665,
        0.667,
        0.6675,
        0.668,
        0.6685,
        0.669,
        0.6695,
        0.67,
        0.6705,
        0.671,
        0.6715,
        0.672,
        0.6725,
        0.673,
        0.6735,
        0.674,
        0.6745,
        0.675,
        0.6755,
        0.676,
        0.6765,
        0.677,
        0.6775,
        0.678,
        0.6785,
        0.679,
        0.6795,
        0.68,
        0.6805,
        0.681,
        0.6815,
        0.682,
        0.6825,
        0.683,
        0.6835,
        0.684,
        0.6845,
        0.685,
        0.6855,
        0.686,
        0.6865,
        0.687,
        0.6875,
        0.6880000000000001,
        0.6885,
        0.6890000000000001,
        0.6895,
        0.6900000000000001,
        0.6905,
        0.6910000000000001,
        0.6915,
        0.6920000000000001,
        0.6925,
        0.6930000000000001,
        0.6935,
        0.6940000000000001,
        0.6945,
        0.6950000000000001,
        0.6955,
        0.6960000000000001,
        0.6965,
        0.6970000000000001,
        0.6975,
        0.6980000000000001,
        0.6985,
        0.6990000000000001,
        0.6995,
        0.7000000000000001,
        0.7005,
        0.7010000000000001,
        0.7015,
        0.7020000000000001,
        0.7025,
        0.7030000000000001,
        0.7035,
        0.704,
        0.7045,
        0.705,
        0.7055,
        0.706,
        0.7065,
        0.707,
        0.7075,
        0.708,
        0.7085,
        0.709,
        0.7095,
        0.71,
        0.7105,
        0.711,
        0.7115,
        0.712,
        0.7125,
        0.713,
        0.7135,
        0.714,
        0.7145,
        0.715,
        0.7155,
        0.716,
        0.7165,
        0.717,
        0.7175,
        0.718,
        0.7185,
        0.719,
        0.7195,
        0.72,
        0.7205,
        0.721,
        0.7215,
        0.722,
        0.7225,
        0.723,
        0.7235,
        0.724,
        0.7245,
        0.725,
        0.7255,
        0.726,
        0.7265,
        0.727,
        0.7275,
        0.728,
        0.7285,
        0.729,
        0.7295,
        0.73,
        0.7305,
        0.731,
        0.7315,
        0.732,
        0.7325,
        0.733,
        0.7335,
        0.734,
        0.7345,
        0.735,
        0.7355,
        0.736,
        0.7365,
        0.737,
        0.7375,
        0.738,
        0.7385,
        0.739,
        0.7395,
        0.74,
        0.7405,
        0.741,
        0.7415,
        0.742,
        0.7425,
        0.743,
        0.7435,
        0.744,
        0.7445,
        0.745,
        0.7455,
        0.746,
        0.7465,
        0.747,
        0.7475,
        0.748,
        0.7485,
        0.749,
        0.7495,
        0.75,
        0.7505000000000001,
        0.751,
        0.7515000000000001,
        0.752,
        0.7525000000000001,
        0.753,
        0.7535000000000001,
        0.754,
        0.7545000000000001,
        0.755,
        0.7555000000000001,
        0.756,
        0.7565000000000001,
        0.757,
        0.7575000000000001,
        0.758,
        0.7585000000000001,
        0.759,
        0.7595000000000001,
        0.76,
        0.7605000000000001,
        0.761,
        0.7615000000000001,
        0.762,
        0.7625000000000001,
        0.763,
        0.7635000000000001,
        0.764,
        0.7645000000000001,
        0.765,
        0.7655000000000001,
        0.766,
        0.7665000000000001,
        0.767,
        0.7675000000000001,
        0.768,
        0.7685,
        0.769,
        0.7695,
        0.77,
        0.7705,
        0.771,
        0.7715,
        0.772,
        0.7725,
        0.773,
        0.7735,
        0.774,
        0.7745,
        0.775,
        0.7755,
        0.776,
        0.7765,
        0.777,
        0.7775,
        0.778,
        0.7785,
        0.779,
        0.7795,
        0.78,
        0.7805,
        0.781,
        0.7815,
        0.782,
        0.7825,
        0.783,
        0.7835,
        0.784,
        0.7845,
        0.785,
        0.7855,
        0.786,
        0.7865,
        0.787,
        0.7875,
        0.788,
        0.7885,
        0.789,
        0.7895,
        0.79,
        0.7905,
        0.791,
        0.7915,
        0.792,
        0.7925,
        0.793,
        0.7935,
        0.794,
        0.7945,
        0.795,
        0.7955,
        0.796,
        0.7965,
        0.797,
        0.7975,
        0.798,
        0.7985,
        0.799,
        0.7995,
        0.8,
        0.8005,
        0.801,
        0.8015,
        0.802,
        0.8025,
        0.803,
        0.8035,
        0.804,
        0.8045,
        0.805,
        0.8055,
        0.806,
        0.8065,
        0.807,
        0.8075,
        0.808,
        0.8085,
        0.809,
        0.8095,
        0.81,
        0.8105,
        0.811,
        0.8115,
        0.812,
        0.8125,
        0.8130000000000001,
        0.8135,
        0.8140000000000001,
        0.8145,
        0.8150000000000001,
        0.8155,
        0.8160000000000001,
        0.8165,
        0.8170000000000001,
        0.8175,
        0.8180000000000001,
        0.8185,
        0.8190000000000001,
        0.8195,
        0.8200000000000001,
        0.8205,
        0.8210000000000001,
        0.8215,
        0.8220000000000001,
        0.8225,
        0.8230000000000001,
        0.8235,
        0.8240000000000001,
        0.8245,
        0.8250000000000001,
        0.8255,
        0.8260000000000001,
        0.8265,
        0.8270000000000001,
        0.8275,
        0.8280000000000001,
        0.8285,
        0.8290000000000001,
        0.8295,
        0.8300000000000001,
        0.8305,
        0.8310000000000001,
        0.8315,
        0.8320000000000001,
        0.8325,
        0.833,
        0.8335,
        0.834,
        0.8345,
        0.835,
        0.8355,
        0.836,
        0.8365,
        0.837,
        0.8375,
        0.838,
        0.8385,
        0.839,
        0.8395,
        0.84,
        0.8405,
        0.841,
        0.8415,
        0.842,
        0.8425,
        0.843,
        0.8435,
        0.844,
        0.8445,
        0.845,
        0.8455,
        0.846,
        0.8465,
        0.847,
        0.8475,
        0.848,
        0.8485,
        0.849,
        0.8495,
        0.85,
        0.8505,
        0.851,
        0.8515,
        0.852,
        0.8525,
        0.853,
        0.8535,
        0.854,
        0.8545,
        0.855,
        0.8555,
        0.856,
        0.8565,
        0.857,
        0.8575,
        0.858,
        0.8585,
        0.859,
        0.8595,
        0.86,
        0.8605,
        0.861,
        0.8615,
        0.862,
        0.8625,
        0.863,
        0.8635,
        0.864,
        0.8645,
        0.865,
        0.8655,
        0.866,
        0.8665,
        0.867,
        0.8675,
        0.868,
        0.8685,
        0.869,
        0.8695,
        0.87,
        0.8705,
        0.871,
        0.8715,
        0.872,
        0.8725,
        0.873,
        0.8735,
        0.874,
        0.8745,
        0.875,
        0.8755000000000001,
        0.876,
        0.8765000000000001,
        0.877,
        0.8775000000000001,
        0.878,
        0.8785000000000001,
        0.879,
        0.8795000000000001,
        0.88,
        0.8805000000000001,
        0.881,
        0.8815000000000001,
        0.882,
        0.8825000000000001,
        0.883,
        0.8835000000000001,
        0.884,
        0.8845000000000001,
        0.885,
        0.8855000000000001,
        0.886,
        0.8865000000000001,
        0.887,
        0.8875000000000001,
        0.888,
        0.8885000000000001,
        0.889,
        0.8895000000000001,
        0.89,
        0.8905000000000001,
        0.891,
        0.8915000000000001,
        0.892,
        0.8925000000000001,
        0.893,
        0.8935000000000001,
        0.894,
        0.8945000000000001,
        0.895,
        0.8955000000000001,
        0.896,
        0.8965,
        0.897,
        0.8975,
        0.898,
        0.8985,
        0.899,
        0.8995,
        0.9,
        0.9005,
        0.901,
        0.9015,
        0.902,
        0.9025,
        0.903,
        0.9035,
        0.904,
        0.9045,
        0.905,
        0.9055,
        0.906,
        0.9065,
        0.907,
        0.9075,
        0.908,
        0.9085,
        0.909,
        0.9095,
        0.91,
        0.9105,
        0.911,
        0.9115,
        0.912,
        0.9125,
        0.913,
        0.9135,
        0.914,
        0.9145,
        0.915,
        0.9155,
        0.916,
        0.9165,
        0.917,
        0.9175,
        0.918,
        0.9185,
        0.919,
        0.9195,
        0.92,
        0.9205,
        0.921,
        0.9215,
        0.922,
        0.9225,
        0.923,
        0.9235,
        0.924,
        0.9245,
        0.925,
        0.9255,
        0.926,
        0.9265,
        0.927,
        0.9275,
        0.928,
        0.9285,
        0.929,
        0.9295,
        0.93,
        0.9305,
        0.931,
        0.9315,
        0.932,
        0.9325,
        0.933,
        0.9335,
        0.934,
        0.9345,
        0.935,
        0.9355,
        0.936,
        0.9365,
        0.937,
        0.9375,
        0.9380000000000001,
        0.9385,
        0.9390000000000001,
        0.9395,
        0.9400000000000001,
        0.9405,
        0.9410000000000001,
        0.9415,
        0.9420000000000001,
        0.9425,
        0.9430000000000001,
        0.9435,
        0.9440000000000001,
        0.9445,
        0.9450000000000001,
        0.9455,
        0.9460000000000001,
        0.9465,
        0.9470000000000001,
        0.9475,
        0.9480000000000001,
        0.9485,
        0.9490000000000001,
        0.9495,
        0.9500000000000001,
        0.9505,
        0.9510000000000001,
        0.9515,
        0.9520000000000001,
        0.9525,
        0.9530000000000001,
        0.9535,
        0.9540000000000001,
        0.9545,
        0.9550000000000001,
        0.9555,
        0.9560000000000001,
        0.9565,
        0.9570000000000001,
        0.9575,
        0.9580000000000001,
        0.9585,
        0.9590000000000001,
        0.9595,
        0.96,
        0.9605,
        0.961,
        0.9615,
        0.962,
        0.9625,
        0.963,
        0.9635,
        0.964,
        0.9645,
        0.965,
        0.9655,
        0.966,
        0.9665,
        0.967,
        0.9675,
        0.968,
        0.9685,
        0.969,
        0.9695,
        0.97,
        0.9705,
        0.971,
        0.9715,
        0.972,
        0.9725,
        0.973,
        0.9735,
        0.974,
        0.9745,
        0.975,
        0.9755,
        0.976,
        0.9765,
        0.977,
        0.9775,
        0.978,
        0.9785,
        0.979,
        0.9795,
        0.98,
        0.9805,
        0.981,
        0.9815,
        0.982,
        0.9825,
        0.983,
        0.9835,
        0.984,
        0.9845,
        0.985,
        0.9855,
        0.986,
        0.9865,
        0.987,
        0.9875,
        0.988,
        0.9885,
        0.989,
        0.9895,
        0.99,
        0.9905,
        0.991,
        0.9915,
        0.992,
        0.9925,
        0.993,
        0.9935,
        0.994,
        0.9945,
        0.995,
        0.9955,
        0.996,
        0.9965,
        0.997,
        0.9975,
        0.998,
        0.9985,
        0.999,
        0.9995,
        1.0
      ],
      "delta_w_profile": [
        -10.460110101050526,
        -10.457122403825663,
        -10.454134709509734,
        -10.451147021007264,
        -10.448159341217965,
        -10.445171673036729,
        -10.442184019353643,
        -10.439196383053982,
        -10.436208767018199,
        -10.433221174121957,
        -10.430233607236058,
        -10.427246069226541,
        -10.424258562954634,
        -10.421271091276727,
        -10.41828365704437,
        -10.415296263104374,
        -10.41230891229872,
        -10.409321607464516,
        -10.406334351434122,
        -10.403347147035124,
        -10.400359997090167,
        -10.397372904417198,
        -10.394385871829357,
        -10.391398902134888,
        -10.388411998137325,
        -10.385425162635356,
        -10.382438398422812,
        -10.37945170828884,
        -10.376465095017622,
        -10.373478561388648,
        -10.370492110176647,
        -10.367505744151387,
        -10.364519466077953,
        -10.36153327871659,
        -10.358547184822749,
        -10.355561187147062,
        -10.35257528843545,
        -10.3495894914288,
        -10.346603798863566,
        -10.343618213471025,
        -10.34063273797791,
        -10.337647375106158,
        -10.334662127572695,
        -10.331676998089824,
        -10.328691989365073,
        -10.325707104101129,
        -10.322722344995828,
        -10.319737714742246,
        -10.316753216028836,
        -10.31376885153904,
        -10.310784623951568,
        -10.30780053594037,
        -10.304816590174699,
        -10.301832789318823,
        -10.298849136032429,
        -10.295865632970301,
        -10.29288228278248,
        -10.28989908811425,
        -10.286916051606037,
        -10.283933175893537,
        -10.280950463607738,
        -10.277967917374788,
        -10.274985539816008,
        -10.272003333548009,
        -10.26902130118268,
        -10.266039445327085,
        -10.26305776858344,
        -10.260076273549362,
        -10.257094962817586,
        -10.254113838976144,
        -10.25113290460822,
        -10.248152162292264,
        -10.245171614602166,
        -10.242191264106658,
        -10.239211113370146,
        -10.236231164951995,
        -10.233251421406871,
        -10.230271885284747,
        -10.227292559130763,
        -10.224313445485475,
        -10.221334546884641,
        -10.218355865858872,
        -10.215377404934717,
        -10.212399166633642,
        -10.209421153472036,
        -10.206443367962224,
        -10.203465812611404,
        -10.20048848992203,
        -10.197511402391719,
        -10.194534552513797,
        -10.191557942776535,
        -10.188581575663466,
        -10.185605453653285,
        -10.182629579220414,
        -10.179653954834219,
        -10.176678582959227,
        -10.173703466055642,
        -10.17072860657856,
        -10.167754006978523,
        -10.164779669701538,
        -10.161805597188557,
        -10.158831791876052,
        -10.155858256195673,
        -10.152884992574535,
        -10.149912003434935,
        -10.146939291194304,
        -10.143966858265706,
        -10.14099470705735,
        -10.138022839972626,
        -10.135051259410348,
        -10.132079967764755,
        -10.129108967425283,
        -10.12613826077657,
        -10.123167850198678,
        -10.120197738067166,
        -10.11722792675262,
        -10.1142584186209,
        -10.11128921603364,
        -10.108320321347467,
        -10.105351736914214,
        -10.102383465081337,
        -10.099415508191681,
        -10.096447868582974,
        -10.093480548588678,
        -10.090513550537425,
        -10.087546876753425,
        -10.084580529555824,
        -10.081614511259525,
        -10.078648824174664,
        -10.075683470606386,
        -10.07271845285565,
        -10.069753773218714,
        -10.066789433986916,
        -10.063825437447125,
        -10.060861785881686,
        -10.057898481568202,
        -10.054935526779534,
        -10.051972923784026,
        -10.049010674845572,
        -10.046048782223156,
        -10.043087248171089,
        -10.040126074939518,
        -10.037165264773638,
        -10.034204819913915,
        -10.03124474259661,
        -10.02828503505297,
        -10.025325699509764,
        -10.022366738189554,
        -10.019408153309675,
        -10.01644994708304,
        -10.013492121718368,
        -10.010534679419504,
        -10.007577622385366,
        -10.004620952810967,
        -10.001664672886285,
        -9.99870878479695,
        -9.995753290723668,
        -9.992798192842695,
        -9.989843493326504,
        -9.986889194341641,
        -9.98393529805077,
        -9.980981806612677,
        -9.97802872218022,
        -9.975076046902387,
        -9.972123782924294,
        -9.969171932385144,
        -9.966220497420275,
        -9.963269480161165,
        -9.960318882733382,
        -9.957368707258642,
        -9.954418955854695,
        -9.951469630633847,
        -9.948520733704104,
        -9.945572267169057,
        -9.942624233128008,
        -9.939676633675504,
        -9.936729470901241,
        -9.933782746891078,
        -9.930836463726028,
        -9.927890623482249,
        -9.924945228232083,
        -9.922000280043026,
        -9.919055780977736,
        -9.916111733095171,
        -9.913168138449006,
        -9.910224999088646,
        -9.907282317059703,
        -9.904340094402393,
        -9.901398333152562,
        -9.898457035342156,
        -9.895516202998305,
        -9.892575838143328,
        -9.889635942795762,
        -9.886696518969336,
        -9.883757568672985,
        -9.880819093911864,
        -9.877881096686341,
        -9.874943578991985,
        -9.872006542820609,
        -9.869069990159236,
        -9.866133922990112,
        -9.863198343291732,
        -9.860263253037694,
        -9.857328654197403,
        -9.854394548735495,
        -9.851460938612295,
        -9.848527825784508,
        -9.845595212203055,
        -9.842663099815242,
        -9.839731490564198,
        -9.836800386387958,
        -9.8338697892205,
        -9.830939700991745,
        -9.828010123626424,
        -9.825081059045665,
        -9.822152509165875,
        -9.819224475898736,
        -9.816296961152227,
        -9.813369966829498,
        -9.810443494829435,
        -9.807517547046672,
        -9.80459212537102,
        -9.801667231688608,
        -9.798742867880865,
        -9.795819035824525,
        -9.79289573739265,
        -9.789972974453612,
        -9.787050748871097,
        -9.784129062505134,
        -9.781207917211072,
        -9.778287314839584,
        -9.775367257237807,
        -9.772447746247758,
        -9.769528783707361,
        -9.766610371450895,
        -9.763692511307422,
        -9.760775205101798,
        -9.757858454655146,
        -9.754942261783938,
        -9.752026628300012,
        -9.749111556011695,
        -9.746197046722227,
        -9.743283102231022,
        -9.740369724332972,
        -9.737456914819028,
        -9.73454467547564,
        -9.731633008084641,
        -9.728721914424273,
        -9.725811396268174,
        -9.722901455385374,
        -9.71999209354133,
        -9.7170833124969,
        -9.714175114008349,
        -9.711267499828265,
        -9.708360471705106,
        -9.705454031382175,
        -9.702548180599115,
        -9.699642921092014,
        -9.696738254591372,
        -9.693834182824256,
        -9.69093070751374,
        -9.68802783037789,
        -9.68512555313135,
        -9.682223877484217,
        -9.679322805142043,
        -9.676422337806859,
        -9.673522477176046,
        -9.670623224942906,
        -9.667724582796662,
        -9.664826552421903,
        -9.661929135499715,
        -9.65903233370667,
        -9.65613614871482,
        -9.653240582192733,
        -9.650345635804474,
        -9.6474513112096,
        -9.6445576100642,
        -9.641664534019863,
        -9.63877208472369,
        -9.635880263819434,
        -9.632989072945911,
        -9.630098513738028,
        -9.627208587827239,
        -9.624319296839962,
        -9.621430642398606,
        -9.618542626122021,
        -9.61565524962461,
        -9.61276851451631,
        -9.609882422403757,
        -9.606996974888457,
        -9.60411217356906,
        -9.601228020038876,
        -9.598344515888375,
        -9.595461662702228,
        -9.592579462062732,
        -9.58969791554765,
        -9.586817024729758,
        -9.583936791179013,
        -9.581057216460398,
        -9.578178302135054,
        -9.57530004976087,
        -9.572422460890303,
        -9.569545537072454,
        -9.566669279853052,
        -9.563793690772425,
        -9.560918771367543,
        -9.558044523172025,
        -9.5551709477141,
        -9.552298046518876,
        -9.549425821106986,
        -9.546554272995737,
        -9.543683403698184,
        -9.540813214721792,
        -9.537943707572747,
        -9.535074883751872,
        -9.532206744754628,
        -9.529339292075218,
        -9.526472527202488,
        -9.523606451619944,
        -9.520741066809839,
        -9.517876374249088,
        -9.515012375409269,
        -9.51214907176073,
        -9.509286464768488,
        -9.506424555892242,
        -9.503563346590466,
        -9.50070283831632,
        -9.49784303251766,
        -9.494983930641126,
        -9.49212553412806,
        -9.489267844414515,
        -9.486410862935337,
        -9.483554591120088,
        -9.480699030393053,
        -9.477844182177327,
        -9.474990047890731,
        -9.47213662894582,
        -9.469283926753977,
        -9.466431942721094,
        -9.463580678248718,
        -9.460730134736103,
        -9.457880313577022,
        -9.455031216162059,
        -9.452182843878603,
        -9.449335198108805,
        -9.446488280231865,
        -9.443642091622891,
        -9.440796633652912,
        -9.437951907690008,
        -9.43510791509705,
        -9.432264657233747,
        -9.429422135456651,
        -9.42658035111666,
        -9.423739305563345,
        -9.420899000140402,
        -9.418059436188162,
        -9.415220615043365,
        -9.412382538039619,
        -9.409545206505367,
        -9.40670862176592,
        -9.40387278514348,
        -9.401037697955086,
        -9.398203361514671,
        -9.395369777133059,
        -9.392536946115936,
        -9.389704869765886,
        -9.386873549382408,
        -9.384042986260091,
        -9.381213181689539,
        -9.37838413695941,
        -9.375555853353472,
        -9.37272833215038,
        -9.36990157462777,
        -9.367075582057948,
        -9.364250355709023,
        -9.36142589684697,
        -9.358602206732439,
        -9.35577928662304,
        -9.352957137773346,
        -9.350135761432856,
        -9.347315158848033,
        -9.344495331262326,
        -9.34167627991411,
        -9.33885800603875,
        -9.336040510868601,
        -9.333223795630966,
        -9.330407861550148,
        -9.327592709847453,
        -9.324778341739147,
        -9.321964758438511,
        -9.319151961155846,
        -9.31633995109642,
        -9.313528729462536,
        -9.310718297453523,
        -9.307908656263699,
        -9.305099807084424,
        -9.302291751104104,
        -9.29948448950614,
        -9.296678023470994,
        -9.293872354176184,
        -9.29106748279424,
        -9.288263410494766,
        -9.285460138444432,
        -9.28265766780494,
        -9.279855999735302,
        -9.277055135390473,
        -9.2742550759225,
        -9.27145582247962,
        -9.268657376204885,
        -9.26585973824051,
        -9.263062909723756,
        -9.26026689178696,
        -9.257471685561624,
        -9.254677292174318,
        -9.251883712746697,
        -9.24909094839959,
        -9.246299000248918,
        -9.243507869405237,
        -9.240717556980115,
        -9.237928064077495,
        -9.235139391798242,
        -9.232351541241977,
        -9.22956451350343,
        -9.226778309672685,
        -9.22399293083813,
        -9.221208378084423,
        -9.218424652491585,
        -9.215641755136819,
        -9.212859687094516,
        -9.210078449434224,
        -9.20729804322268,
        -9.20451846952383,
        -9.201739729396783,
        -9.198961823897857,
        -9.19618475408059,
        -9.193408520993696,
        -9.19063312568311,
        -9.187858569191778,
        -9.185084852558743,
        -9.182311976819149,
        -9.179539943005157,
        -9.176768752146181,
        -9.17399840526684,
        -9.17122890338901,
        -9.168460247531835,
        -9.165692438709677,
        -9.162925477934168,
        -9.160159366214224,
        -9.157394104553987,
        -9.15462969395489,
        -9.15186613541566,
        -9.149103429930264,
        -9.146341578489976,
        -9.14358058208337,
        -9.140820441694286,
        -9.138061158303875,
        -9.135302732890606,
        -9.132545166428224,
        -9.129788459887804,
        -9.127032614237748,
        -9.124277630441979,
        -9.12152350946085,
        -9.118770252253196,
        -9.116017859773383,
        -9.113266332971087,
        -9.103406267914819,
        -9.086111992408101,
        -9.068468663649533,
        -9.050777867790153,
        -9.033039926768538,
        -9.015255161743488,
        -8.997423893104253,
        -8.979546440462586,
        -8.96162312265684,
        -8.943654257753336,
        -8.925640163045456,
        -8.907581155057061,
        -8.889477549539311,
        -8.871329661475217,
        -8.853137805081012,
        -8.834902293802058,
        -8.816623440317176,
        -8.798301556541148,
        -8.779936953621995,
        -8.76152994194257,
        -8.743080831122619,
        -8.724589930020358,
        -8.706057546731362,
        -8.68748398858924,
        -8.668869562167455,
        -8.65021457327957,
        -8.631519326984238,
        -8.612784127578172,
        -8.594009278602051,
        -8.575195082841445,
        -8.556341842327486,
        -8.537449858335298,
        -8.518519431386036,
        -8.499550861251215,
        -8.480544446949306,
        -8.461500486745734,
        -8.442419278156981,
        -8.42330111795332,
        -8.404146302154267,
        -8.384955126031542,
        -8.365727884109535,
        -8.3464648701678,
        -8.327166377245623,
        -8.307832697632456,
        -8.288464122873629,
        -8.269060943777381,
        -8.249623450409882,
        -8.230151932094085,
        -8.210646677413148,
        -8.191107974214766,
        -8.171536109607747,
        -8.15193136996112,
        -8.132294040911418,
        -8.112624407359032,
        -8.092922753470273,
        -8.073189362677144,
        -8.0534245176753,
        -8.033628500437693,
        -8.013801592203667,
        -7.993944073477586,
        -7.974056224036362,
        -7.954138322931945,
        -7.934190648492239,
        -7.914213478310878,
        -7.8942070892576925,
        -7.874171757483026,
        -7.854107758411835,
        -7.834015366743006,
        -7.81389485645482,
        -7.793746500807004,
        -7.7735705723409625,
        -7.75336734287432,
        -7.733137083504117,
        -7.712880064618403,
        -7.692596555886925,
        -7.672286826259534,
        -7.651951143970517,
        -7.631589776547233,
        -7.611202990803303,
        -7.590791052834749,
        -7.570354228029542,
        -7.54989278106761,
        -7.529406975920168,
        -7.508897075845613,
        -7.488363343398866,
        -7.467806040428414,
        -7.447225428075176,
        -7.42662176677888,
        -7.405995316271467,
        -7.385346335584375,
        -7.364675083050134,
        -7.343981816296232,
        -7.323266792248302,
        -7.302530267139905,
        -7.281772496505027,
        -7.2609937351746785,
        -7.240194237286217,
        -7.219374256285171,
        -7.198534044921382,
        -7.177673855249686,
        -7.156793938630832,
        -7.135894545736713,
        -7.114975926550601,
        -7.09403833036169,
        -7.073082005770106,
        -7.052107200691003,
        -7.031114162354568,
        -7.0101031372992,
        -6.989074371379256,
        -6.968028109770042,
        -6.946964596960555,
        -6.92588407675439,
        -6.904786792277931,
        -6.883672985974443,
        -6.862542899610673,
        -6.841396774274578,
        -6.82023485037192,
        -6.799057367635817,
        -6.777864565124254,
        -6.75665668121871,
        -6.735433953625997,
        -6.714196619378706,
        -6.6929449148429505,
        -6.671679075712909,
        -6.650399337005826,
        -6.6291059330745306,
        -6.607799097605156,
        -6.586479063615332,
        -6.565146063454642,
        -6.5438003288059905,
        -6.522442090693339,
        -6.501071579474208,
        -6.479689024841953,
        -6.45829465582827,
        -6.436888700807298,
        -6.415471387493794,
        -6.3940429429388255,
        -6.372603593536138,
        -6.351153565027846,
        -6.329693082498748,
        -6.308222370374291,
        -6.286741652427389,
        -6.265251151779342,
        -6.243751090902114,
        -6.222241691611282,
        -6.200723175071509,
        -6.1791957618033555,
        -6.157659671676019,
        -6.136115123911198,
        -6.114562337083099,
        -6.093001529122529,
        -6.071432917317132,
        -6.049856718305483,
        -6.028273148085495,
        -6.006682422017619,
        -5.985084754818471,
        -5.963480360562664,
        -5.941869452688035,
        -5.9202522439945175,
        -5.898628946646188,
        -5.876999772170589,
        -5.85536493145419,
        -5.8337246347583,
        -5.812079091709075,
        -5.790428511295696,
        -5.768773101877657,
        -5.747113071187489,
        -5.725448626328499,
        -5.703779973770676,
        -5.68210731935615,
        -5.660430868306934,
        -5.638750825219467,
        -5.617067394057341,
        -5.595380778164497,
        -5.573691180264767,
        -5.551998802460068,
        -5.530303846229038,
        -5.508606512429764,
        -5.486907001302523,
        -5.465205512472054,
        -5.443502244943927,
        -5.421797397106362,
        -5.400091166733878,
        -5.378383750990019,
        -5.3566753464187205,
        -5.334966148953864,
        -5.313256353922463,
        -5.291546156038301,
        -5.2698357494037555,
        -5.248125327512527,
        -5.226415083253744,
        -5.2047052089110455,
        -5.182995896159866,
        -5.1612873360692575,
        -5.139579719108708,
        -5.117873235144063,
        -5.096168073437974,
        -5.074464422650367,
        -5.052762470844349,
        -5.031062405487582,
        -5.009364413443647,
        -4.987668680977501,
        -4.96597539376549,
        -4.944284736887163,
        -4.922596894823462,
        -4.900912051461269,
        -4.879230390099778,
        -4.857552093451865,
        -4.835877343628626,
        -4.81420632215485,
        -4.792539209972652,
        -4.770876187432843,
        -4.74921743429948,
        -4.727563129748503,
        -4.705913452375928,
        -4.684268580195121,
        -4.66262869063089,
        -4.640993960525856,
        -4.61936456614864,
        -4.5977406831879595,
        -4.5761224867444446,
        -4.5545101513447355,
        -4.532903850944223,
        -4.511303758918405,
        -4.489710048064258,
        -4.468122890606151,
        -4.4465424581985795,
        -4.424968921923895,
        -4.4034024522863975,
        -4.381843219223251,
        -4.360291392106766,
        -4.338747139736666,
        -4.317210630343736,
        -4.295682031592093,
        -4.274161510585566,
        -4.25264923385814,
        -4.231145367379876,
        -4.209650076560554,
        -4.188163526243766,
        -4.166685880719647,
        -4.145217303712604,
        -4.123757958386779,
        -4.102308007351053,
        -4.080867612655865,
        -4.0594369357991305,
        -4.038016137718509,
        -4.016605378795058,
        -3.9952048188632245,
        -3.973814617203586,
        -3.952434932541938,
        -3.931065923052484,
        -3.9097077463632957,
        -3.8883605595554047,
        -3.8670245191559904,
        -3.8456997811465623,
        -3.8243865009666074,
        -3.8030848335104075,
        -3.7817949331234075,
        -3.760516953608127,
        -3.739251048230535,
        -3.717997369713228,
        -3.696756070234528,
        -3.67552730143485,
        -3.654311214419436,
        -3.6331079597528984,
        -3.611917687464232,
        -3.5907405470445366,
        -3.5695766874533934,
        -3.5484262571165908,
        -3.527289403922491,
        -3.50616627523204,
        -3.485057017872403,
        -3.4639617781437884,
        -3.442880701813996,
        -3.42181393412115,
        -3.400761619780066,
        -3.379723902979074,
        -3.3587009273791106,
        -3.3376928361137264,
        -3.3166997717959035,
        -3.2957218765203415,
        -3.274759291853904,
        -3.253812158839266,
        -3.232880618006737,
        -3.2119648093660786,
        -3.1910648724065123,
        -3.170180946098993,
        -3.149313168901217,
        -3.128461678756257,
        -3.1076266130903,
        -3.0868081088126416,
        -3.066006302325247,
        -3.0452213295204746,
        -3.024453325774717,
        -3.003702425952951,
        -2.9829687644146503,
        -2.962252475014704,
        -2.9415536910947746,
        -2.9208725454910343,
        -2.900209170534168,
        -2.879563698056654,
        -2.8589362593827605,
        -2.8383269853262787,
        -2.817736006213715,
        -2.797163451866106,
        -2.7766094515972037,
        -2.756074134228939,
        -2.7355576280827854,
        -2.7150600609861284,
        -2.694581560267724,
        -2.6741222527554243,
        -2.653682264793464,
        -2.6332617222279104,
        -2.6128607504075783,
        -2.592479474193125,
        -2.5721180179566048,
        -2.5517765055801,
        -2.5314550604516373,
        -2.5111538054720115,
        -2.4908728630593355,
        -2.47061235514495,
        -2.4503724031706997,
        -2.4301531280925754,
        -2.4099546503884453,
        -2.389777090054423,
        -2.3696205665971393,
        -2.3494851990446572,
        -2.3293711059492077,
        -2.3092784053835516,
        -2.2892072149378007,
        -2.269157651722607,
        -2.2491298323791646,
        -2.229123873073307,
        -2.209139889489594,
        -2.1891779968372314,
        -2.169238309860983,
        -2.1493209428334485,
        -2.1294260095477853,
        -2.1095536233268097,
        -2.0897038970320967,
        -2.0698769430562494,
        -2.0500728733151714,
        -2.0302917992617155,
        -2.010533831887957,
        -1.9907990817179235,
        -1.9710876588075967,
        -1.9513996727508274,
        -1.9317352326843433,
        -1.9120944472813817,
        -1.8924774247494212,
        -1.872884272837004,
        -1.853315098840565,
        -1.8337700095939715,
        -1.8142491114726182,
        -1.7947525103975268,
        -1.775280311829436,
        -1.7558326207838095,
        -1.7364095418171979,
        -1.7170111790286073,
        -1.6976376360717784,
        -1.678289016148824,
        -1.658965422008413,
        -1.6396669559489576,
        -1.620393719824072,
        -1.6011458150407567,
        -1.581923342554855,
        -1.562726402872872,
        -1.5435550960651714,
        -1.5244095217582412,
        -1.5052897791224213,
        -1.4861959668991926,
        -1.4671281833793497,
        -1.4480865264152847,
        -1.4290710934259898,
        -1.4100819813829641,
        -1.3911192868188573,
        -1.3721831058333835,
        -1.3532735340915063,
        -1.3343906668179828,
        -1.3155345987987332,
        -1.2967054243949403,
        -1.2779032375335002,
        -1.2591281317020253,
        -1.2403801999570336,
        -1.2216595349307708,
        -1.2029662288257568,
        -1.1843003734070576,
        -1.1656620600154768,
        -1.1470513795698312,
        -1.1284684225583144,
        -1.1099132790412276,
        -1.0913860386537089,
        -1.0728867906102906,
        -1.0544156237067093,
        -1.0359726263058249,
        -1.017557886352164,
        -0.9991714913755669,
        -0.9808135284811863,
        -0.9624840843544877,
        -0.9441832452630756,
        -0.9259110970589688,
        -0.9076677251786007,
        -0.8894532146405527,
        -0.8712676500455534,
        -0.8531111155855777,
        -0.8349836950402121,
        -0.8168854717689249,
        -0.7988165287219848,
        -0.7807769484481932,
        -0.7627668130776071,
        -0.7447862043297266,
        -0.7268352035189554,
        -0.708913891552329,
        -0.6910223489327014,
        -0.6731606557505603,
        -0.6553288916931288,
        -0.6375271360484558,
        -0.6197554676976924,
        -0.6020139651173644,
        -0.5843027063825614,
        -0.566621769170121,
        -0.548971230757267,
        -0.5313511680157006,
        -0.5137616574225179,
        -0.4962027750579383,
        -0.47867459660576017,
        -0.4611771973506362,
        -0.4437106521776235,
        -0.42627503558627877,
        -0.40887042168020526,
        -0.3914968841661437,
        -0.37415449635670583,
        -0.35684333117946854,
        -0.3395634611710674,
        -0.3223149584731053,
        -0.3050978948357932,
        -0.2879123416297753,
        -0.27075836983840285,
        -0.2536360500486383,
        -0.23654545246334058,
        -0.21948664690762998,
        -0.20245970282070602,
        -0.18546468925312398,
        -0.16850167487179557,
        -0.15157072796499693,
        -0.13467191644555365,
        -0.11780530783492438,
        -0.10097096927639448,
        -0.08416896754144365,
        -0.06739936902065091,
        -0.050662239722792046,
        -0.03395764528211509,
        -0.01728565095743284,
        -0.0006463216375838243,
        0.015960278171754272,
        0.03253408433760163,
        0.04907503309103589,
        0.06558306104264955,
        0.08205810517254375,
        0.0985001028339636,
        0.11490899174556501,
        0.13128470999505204,
        0.14762719604281105,
        0.1639363887146308,
        0.18021222720170482,
        0.19645465105880544,
        0.21266360021247044,
        0.2288390149528131,
        0.24498083592760844,
        0.261089004150478,
        0.2771634610004322,
        0.2932041482164093,
        0.309211007896821,
        0.32518398249863945,
        0.3411230148396699,
        0.3570280481003649,
        0.3728990258138216,
        0.38873589186941326,
        0.4045385905137,
        0.4203070663554278,
        0.43604126435188273,
        0.45174112980798076,
        0.46740660839445614,
        0.48303764613330435,
        0.49863418938868853,
        0.5141961848810314,
        0.5297235796851988,
        0.545216321222761,
        0.5606743572629037,
        0.5760976359206074,
        0.5914861056643733,
        0.6068397153107679,
        0.6221584140130489,
        0.6374421512738975,
        0.6526908769472365,
        0.6679045412223086,
        0.6830830946377773,
        0.6982264880685317,
        0.7133346727329631,
        0.7284076001947815,
        0.7434452223571019,
        0.7584474914583503,
        0.773414360075899,
        0.7883457811287933,
        0.8032417078759291,
        0.8181020939074146,
        0.8329268931472922,
        0.8477160598617268,
        0.8624695486521778,
        0.8771873144485802,
        0.8918693125129789,
        0.906515498444981,
        0.9211258281781232,
        0.9357002579689488,
        0.9502387444070131,
        0.9647412444176117,
        0.9792077152513163,
        0.9936381144839749,
        1.0080324000198924,
        1.022390530093195,
        1.0367124632678242,
        1.0509981584275359,
        1.0652475747758934,
        1.079460671851276,
        1.0936374095155097,
        1.107777747945218,
        1.1218816476395597,
        1.1359490694274976,
        1.149979974456431,
        1.1639743241880984,
        1.1779320804054,
        1.191853205214667,
        1.2057376610411163,
        1.2195854106183837,
        1.2333964170026268,
        1.2471706435706968,
        1.2609080540078659,
        1.2746086123137297,
        1.2882722828076707,
        1.3018990301215745,
        1.315488819194829,
        1.3290416152838707,
        1.3425573839540004,
        1.3560360910861995,
        1.3694777028630338,
        1.3828821857827474,
        1.3962495066528977,
        1.4095796325880747,
        1.422872531005812,
        1.4361281696388617,
        1.4493465165192756,
        1.462527539987954,
        1.4756712086910087,
        1.4887774915765726,
        1.5018463578979893,
        1.514877777213349,
        1.5278717193786715,
        1.5408281545565417,
        1.5537470532070157,
        1.5666283860921646,
        1.5794721242747105,
        1.5922782391121135,
        1.6050467022688453,
        1.6177774856991136,
        1.6304705616582225,
        1.6418228939677812,
        1.6479331625379157,
        1.6501227527445153,
        1.6523113478321658,
        1.6544989481093477,
        1.6566855538886816,
        1.6588711654819257,
        1.6610557832027049,
        1.6632394073665084,
        1.6654220382911413,
        1.6676036762939983,
        1.6697843216961532,
        1.6719639748173556,
        1.6741426359810303,
        1.676320305509734,
        1.6784969837301495,
        1.680672670968087,
        1.682847367553028,
        1.6850210738131257,
        1.6871937900801972,
        1.6893655166851884,
        1.6915362539631604,
        1.693706002248299,
        1.6958747618784524,
        1.698042533190132,
        1.700209316523511,
        1.7023751122183342,
        1.7045399206166416,
        1.7067037420623152,
        1.7088665769015308,
        1.7110284254777577,
        1.713189288140847,
        1.7153491652383988,
        1.7175080571207544,
        1.7196659641400927,
        1.7218228866508798,
        1.723978825004869,
        1.7261337795601919,
        1.7282877506727192,
        1.730440738701061,
        1.7325927440052022,
        1.734743766949229,
        1.736893807891781,
        1.7390428671992342,
        1.7411909452370642,
        1.7433380423707496,
        1.74548415896896,
        1.747629295404005,
        1.749773452042743,
        1.751916629259763,
        1.7540588274287496,
        1.7562000469238401,
        1.7583402881205383,
        1.760479551400713,
        1.7626178371389556,
        1.7647551457180426,
        1.7668914775198363,
        1.7690268329266505,
        1.7711612123221616,
        1.7732946160964038,
        1.7754270446321336,
        1.7775584983202828,
        1.7796889775504163,
        1.7818184827143613,
        1.7839470142030311,
        1.7860745724136933,
        1.7882011577386072,
        1.7903267705763848,
        1.792451411324723,
        1.7945750803835767,
        1.7966977781524367,
        1.7988195050353293,
        1.8009402614339933,
        1.8030600477551566,
        1.8051788644032607,
        1.8072967117877339,
        1.809413590315717,
        1.8115295003993361,
        1.8136444424484308,
        1.815758416877824,
        1.81787142410005,
        1.8199834645317177,
        1.822094538590785,
        1.8242046466947348,
        1.8263137892619423,
        1.828421966716677,
        1.830529179478186,
        1.832635427971609,
        1.8347407126229776,
        1.8368450338578457,
        1.8389483921026595,
        1.841050787789754,
        1.8431522213464442,
        1.8452526932059334,
        1.847352203802314,
        1.8494507535692026,
        1.8515483429411033,
        1.8536449723584103,
        1.855740642256494,
        1.857835353076613,
        1.8599291052609148,
        1.862021899251522,
        1.8641137354900832,
        1.8662046144250413,
        1.868294536500728,
        1.87038350216645,
        1.872471511870585,
        1.8745585660653512,
        1.8766446652006692,
        1.87872980973144,
        1.8808140001109495,
        1.8828972367958705,
        1.8849795202433084,
        1.887060850913299,
        1.8891412292638106,
        1.8912206557577893,
        1.8932991308563412,
        1.895376655024867,
        1.8974532287278358,
        1.8995288524337877,
        1.901603526608055,
        1.9036772517220881,
        1.9057500282454964,
        1.9078218566510479,
        1.9098927374117172,
        1.9119626710025057,
        1.9140316579004355,
        1.9160996985811463,
        1.9181667935250293,
        1.920232943210864,
        1.9222981481208203,
        1.9243624087375015,
        1.9264257255464472,
        1.9284880990311322,
        1.9305495296800106,
        1.93261001797993,
        1.9346695644211267,
        1.936728169494276,
        1.9387858336932153,
        1.9408425575088117,
        1.942898341438052,
        1.9449531859760905,
        1.947007091621472,
        1.949060058872045,
        1.9511120882297375,
        1.953163180194641,
        1.9552133352706993,
        1.95726255396207,
        1.9593108367749439,
        1.9613581842148164,
        1.9634045967924019,
        1.9654500750156747,
        1.9674946193969172,
        1.969538230447721,
        1.9715809086830773,
        1.9736226546161526,
        1.9756634687664678,
        1.9777033516494473,
        1.979742303785736,
        1.9817803256950648,
        1.9838174179003416,
        1.9858535809240168,
        1.987888815291491,
        1.989923121528391,
        1.9919565001630697,
        1.9939889517229696,
        1.9960204767396248,
        1.998051075742979,
        2.0000807492672985,
        2.002109497846169,
        2.0041373220161347,
        2.0061642223128358,
        2.0081901992760103,
        2.0102152534438105,
        2.012239385358944,
        2.014262595562535,
        2.0162848846000356,
        2.018306253014866,
        2.0203267013554544,
        2.0223462301682007,
        2.0243648400036074,
        2.026382531411284,
        2.0283993049449487,
        2.0304151611565184,
        2.032430100602018,
        2.0344441238368147,
        2.0364572314194755,
        2.03846942390791,
        2.040480701864369,
        2.042491065848402,
        2.044500516425038,
        2.0465090541575184,
        2.0485166796134293,
        2.050523393358343,
        2.052529195962863,
        2.0545340879958096,
        2.0565380700292173,
        2.0585411426356135,
        2.060543306390744,
        2.062544561868575,
        2.0645449096478874,
        2.066544350306594,
        2.068542884424697,
        2.0705405125826988,
        2.072537235365467,
        2.07453305335519,
        2.076527967139332,
        2.078521977303595,
        2.080515084436911,
        2.082507289128724,
        2.0844985919717187,
        2.0864889935568174,
        2.088478494480003,
        2.090467095335275,
        2.092454796720789,
        2.0944415992340826,
        2.0964275034759443,
        2.0984125100465496,
        2.1003966195502355,
        2.1023798325895937,
        2.1043621497713847,
        2.1063435717017613,
        2.1083240989901375,
        2.1103037322453275,
        2.112282472080546,
        2.114260319106366,
        2.1162372739389017,
        2.118213337192538,
        2.120188509486071,
        2.12216279143657,
        2.1241361836655193,
        2.126108686792909,
        2.1280803014431484,
        2.1300510282400675,
        2.132020867810327,
        2.1339898207804673,
        2.1359578877807746,
        2.1379250694398286,
        2.1398913663906387,
        2.141856779265879,
        2.1438213087015225,
        2.145784955332753,
        2.1477477197987414,
        2.1497096027369684,
        2.151670604789359,
        2.153630726597515,
        2.1555899688063533,
        2.157548332060019,
        2.159505817006429,
        2.161462424292508,
        2.1634181545689595,
        2.1653730084868608,
        2.1673269866988027,
        2.169280089860026,
        2.171232318624792,
        2.173183673652518,
        2.1751341556000545,
        2.177083765128733,
        2.1790325029005055,
        2.1809803695795393,
        2.182927365829262,
        2.184873492318278,
        2.186818749712641,
        2.18876313868313,
        2.190706659900254,
        2.19264931403789,
        2.1945911017691975,
        2.1965320237711605,
        2.1984720807200544,
        2.200411273295306,
        2.2023496021769993,
        2.2042870680486057,
        2.206223671592214,
        2.208159413494216,
        2.2100942944405375,
        2.212028315120504,
        2.2139614762229813,
        2.215893778441151,
        2.2178252224666064,
        2.2197558089952634,
        2.2216855387225913,
        2.22361441234748,
        2.2255424305683817,
        2.227469594088085,
        2.22939590360781,
        2.2313213598333483,
        2.2332459634691584,
        2.2351697152245045,
        2.2370926158073248,
        2.2390146659299166,
        2.2409358663039405,
        2.2428562176442868,
        2.244775720665445,
        2.2466943760865035,
        2.2486121846252516,
        2.2505291470038573,
        2.2524452639436494,
        2.254360536170121,
        2.256274964407019,
        2.258188549383857,
        2.260101291827958,
        2.262013192471506,
        2.263924252046325,
        2.265834471287743,
        2.267743850929599,
        2.2696523917110647,
        2.2715600943709675,
        2.27346695965052,
        2.275372988291511,
        2.277278181040166,
        2.279182538640341,
        2.2810860618414766,
        2.2829887513926974,
        2.2848906080455387,
        2.2867916325521387,
        2.2886918256691007,
        2.2905911881506853,
        2.292489720756766,
        2.294387424246926,
        2.296284299383191,
        2.2981803469282127,
        2.3000755676491424,
        2.301969962310814,
        2.3038635316837013,
        2.305756276537795,
        2.3076481976464622,
        2.309539295782594,
        2.3114295717236035,
        2.31331902624576,
        2.315207660130092,
        2.3170954741574006,
        2.318982469111895,
        2.320868645777114,
        2.32275400494183,
        2.3246385473934748,
        2.3265222739231377,
        2.328405185322846,
        2.330287282388297,
        2.3321685659138636,
        2.33404903669942,
        2.3359286955435272,
        2.337807543248437,
        2.339685580617601,
        2.341562808457266,
        2.343439227573752,
        2.345314838778005,
        2.34718964287969,
        2.3490636406931102,
        2.3509368330324385,
        2.352809220715587,
        2.3546808045603504,
        2.356551585389182,
        2.358421564023294,
        2.3602907412885714,
        2.3621591180108052,
        2.3640266950195623,
        2.3658934731443293,
        2.3677594532195165,
        2.3696246360774227,
        2.3714890225561907,
        2.3733526134936827,
        2.3752154097313474,
        2.377077412110138,
        2.3789386214766504,
        2.3807990386754097,
        2.382658664555916,
        2.38451749996879,
        2.3863755457673737,
        2.388232802804776,
        2.390089271939795,
        2.391944954029195,
        2.393799849934985,
        2.3956539605194296,
        2.397507286648687,
        2.399359829188732,
        2.4012115890099013,
        2.403062566982362,
        2.404912763979751,
        2.4067621808780464,
        2.408610818554442,
        2.410458677889623,
        2.4123057597639113,
        2.414152065063413,
        2.4159975946722922,
        2.4178423494798293,
        2.4196863303765648,
        2.421529538255895,
        2.4233719740111273,
        2.4252136385413974,
        2.427054532743949,
        2.4288946575211883,
        2.430734013776828,
        2.432572602417486,
        2.4344104243495113,
        2.4362474804858136,
        2.438083771737003,
        2.4399192990186744,
        2.441754063247552,
        2.443588065344452,
        2.4454213062295183,
        2.4472537868279107,
        2.4490855080652745,
        2.4509164708704687,
        2.452746676173989,
        2.454576124910475,
        2.456404818013947,
        2.4582327564234947,
        2.4600599410785167,
        2.4618863729225913,
        2.463712052899622,
        2.46553698195862,
        2.4673611610478043,
        2.46918459112052,
        2.471007273130475,
        2.4728292080356127,
        2.4746503967942592,
        2.476470840369678,
        2.4782905397253048,
        2.4801094958286236,
        2.481927709647539,
        2.4837451821553866,
        2.4855619143250327,
        2.4873779071345674,
        2.4891931615623153,
        2.4910076785907056,
        2.4928214592026507,
        2.4946345043865534,
        2.4964468151304104,
        2.4982583924275015,
        2.500069237271177,
        2.501879350659863,
        2.5036887335913964,
        2.5054973870691657,
        2.507305312097582,
        2.5091125096845857,
        2.5109189808398433,
        2.5127247265772534,
        2.5145297479104154,
        2.516334045858323,
        2.518137621441967,
        2.519940475684796,
        2.521742609612053,
        2.5235440242544187,
        2.5253447206412067,
        2.527144699808327,
        2.528943962792395,
        2.5307425106334627,
        2.5325403443732184,
        2.5343374650586323,
        2.5361338737362855,
        2.537929571458069,
        2.5397245592773263,
        2.5415188382515974,
        2.5433124094389927,
        2.545105273903206,
        2.5468974327078437,
        2.548688886922352,
        2.5504796376170216,
        2.552269685866644,
        2.5540590327466557,
        2.555847679338155,
        2.5576356267222318,
        2.5594228759858875,
        2.5612094282170537,
        2.562995284508008,
        2.564780445952441,
        2.566564913649325,
        2.568348688697251,
        2.5701317722017145,
        2.571914165268311,
        2.573695869007522,
        2.575476884531773,
        2.5772572129579525,
        2.5790368554040124,
        2.5808158129926206,
        2.5825940868489035,
        2.5843716781020487,
        2.586148587882596,
        2.587924817326994,
        2.58970036757171,
        2.591475239759149,
        2.5932494350329005,
        2.595022954541614,
        2.5967957994351534,
        2.5985679708693827,
        2.600339470000502,
        2.6021102979896056,
        2.60388045600111,
        2.6056499452032207,
        2.6074187667652255,
        2.6091869218634143,
        2.6109544116733714,
        2.6127212373770354,
        2.6144874001588563,
        2.616252901207395,
        2.618017741712393,
        2.6197819228706916,
        2.621545445878529,
        2.6233083119385943,
        2.625070522256187,
        2.6268320780408247,
        2.6285929805030728,
        2.6303532308613877,
        2.6321128303332664,
        2.633871780142537,
        2.6356300815155143,
        2.6373877356837427,
        2.639144743880609,
        2.6409011073431743,
        2.6426568273144686,
        2.6444119050382793,
        2.6461663417637156,
        2.647920138743639,
        2.6496732972351325,
        2.651425818496795,
        2.65317770379467,
        2.6549289543945336,
        2.6566795715689633,
        2.658429556593493,
        2.6601789107482223,
        2.661927635314882,
        2.6636757315825363,
        2.665423200841012,
        2.66717004438569,
        2.6689162635159365,
        2.6706618595355778,
        2.6724068337501916,
        2.674151187472812,
        2.675894922017359,
        2.6776380387036562,
        2.6793805388547303,
        2.6811224237995557,
        2.682863694868076,
        2.6846043533980475,
        2.6863444007282373,
        2.6880838382034495,
        2.689822667171818,
        2.691560888987558,
        2.6932985050062124,
        2.695035516590359,
        2.6967719251048585,
        2.698507731920743,
        2.700242938411602,
        2.7019775459570132,
        2.703711555940068,
        2.705444969748757,
        2.7071777887746302,
        2.708910014415324,
        2.7106416480709425,
        2.7123726911486354,
        2.714103145057841,
        2.715833011214181,
        2.717562291035846,
        2.7192909859486214,
        2.721019097380001,
        2.722746626764898,
        2.724473575540669,
        2.7261999451509995,
        2.727925737042527,
        2.7296509526684987,
        2.7313755934862995,
        2.7330996609586142,
        2.7348231565516374,
        2.7365460817387337,
        2.738268437995013,
        2.7399902268034912,
        2.7417114496503485,
        2.74343210802859,
        2.745152203433983,
        2.746871737369861,
        2.748590711341464,
        2.7503091268621103,
        2.7520269854486723,
        2.7537442886243406,
        2.755461037915689,
        2.757177234857259,
        2.7588928809856714,
        2.760607977845344,
        2.7623225269848826,
        2.7640365299587004,
        2.765749988325689,
        2.767462903651743,
        2.7691752775063874,
        2.770887111466214,
        2.772598407112186,
        2.774309166032171,
        2.7760193898173333,
        2.7777290800671692,
        2.779438238383854,
        2.781146866378186,
        2.782854965664618,
        2.7845625378646983,
        2.7862695846043795,
        2.787976107516774,
        2.7896821082387837,
        2.7913875884159025,
        2.79309254969771,
        2.794796993740171,
        2.796500922204994,
        2.798204336761257,
        2.7999072390808926,
        2.8016096308457743,
        2.8033115137409297,
        2.80501288945935,
        2.806713759699073,
        2.8084141261659465,
        2.8101139905688917,
        2.811813354626984,
        2.813512220062675,
        2.8152105886068277,
        2.8169084619946654,
        2.818605841970581,
        2.820302730282494,
        2.821999128686432,
        2.8236950389452136,
        2.8253904628277957,
        2.827085402108867,
        2.828779858572291,
        2.8304738340056956,
        2.832167330205055,
        2.833860348973146,
        2.835552892120035,
        2.837244961460399,
        2.8389365588194737,
        2.840627686025368,
        2.8423183449161513,
        2.8440085373360358,
        2.845698265137005,
        2.8473875301759066,
        2.849076334320178,
        2.8507646794412955,
        2.8524525674195957,
        2.8541400001427264,
        2.855826979506148,
        2.857513507410449,
        2.8591995857668495,
        2.8608852164920164,
        2.862570401509478,
        2.864255142752846,
        2.865939442161552,
        2.8676233016833876,
        2.869306723272741,
        2.870989708894504,
        2.872672260517529,
        2.874354380121501,
        2.8760360696931198,
        2.877717331227741,
        2.8793981667264705,
        2.881078578201902,
        2.8827585676715675,
        2.884438137162772,
        2.8861172887110467,
        2.8877960243606586,
        2.8894743461621633,
        2.891152256177001,
        2.8928297564732337,
        2.8945068491283266,
        2.8961835362276105,
        2.897859819866836,
        2.899535702147229,
        2.9012111851823628,
        2.9028862710914,
        2.9045609620041444,
        2.9062352600583723,
        2.907909167402391,
        2.909582686191231,
        2.9112558185912483,
        2.9129285667756424,
        2.9146009329283737,
        2.916272919241955,
        2.917944527919098,
        2.91961576117005,
        2.9212866212171993,
        2.9229571102892264,
        2.9246272306270757,
        2.9262969844792486,
        2.927966374105723,
        2.929635401774388,
        2.9313040697647392,
        2.9329723803643093,
        2.934640335872368,
        2.9363079385961255,
        2.9379751908553424,
        2.9396420949776267,
        2.9413086533023596,
        2.942974868177359,
        2.944640741962581,
        2.946306277027691,
        2.947971475753268,
        2.949636340529284,
        2.951300873757674,
        2.9529650778492282,
        2.954628955227522,
        2.9562925083253573,
        2.9579557395882414,
        2.959618651470372,
        2.961281246439481,
        2.962943526971228,
        2.964605495555415,
        2.9662671546912867,
        2.967928506891245,
        2.9695895546770616,
        2.971250300583365,
        2.972910747155446,
        2.9745708969509304,
        2.976230752538492,
        2.977890316500435,
        2.979549591428001,
        2.9812085799271335,
        2.982867284613789,
        2.984525708117882,
        2.9861838530797327,
        2.9878417221537896,
        2.989499318005076,
        2.991156643312915,
        2.9928137007673787,
        2.994470493072786,
        2.99612702294506,
        2.9977832931140957,
        2.9994393063213445,
        3.0010950653226347,
        3.0027505728848523,
        3.004405831790807,
        3.0060608448347823,
        3.007715614824895,
        3.009370144582741,
        3.0110244369439423,
        3.0126784947559724,
        3.014332320883026,
        3.015985918200432,
        3.0176392895992996,
        3.019292437983666,
        3.0209453662733186,
        3.022598077399127,
        3.0242505743099626,
        3.02590285996712,
        3.0275549373469204,
        3.029206809440135,
        3.0308584792536806,
        3.0325099498064096,
        3.034161224134897,
        3.035812305290145,
        3.0374631963381398,
        3.039113900359286,
        3.0407644204521507,
        3.042414759726761,
        3.0440649213126676,
        3.045714908353156,
        3.047364724008082,
        3.0490143714521762,
        3.050663853878795,
        3.0523131744945835,
        3.0539623365241417,
        3.055611343208557,
        3.057260197805974,
        3.058908903589224,
        3.060557463850489,
        3.0622058818971114,
        3.06385416105422,
        3.0655023046644003,
        3.067150316088055,
        3.0687981987010264,
        3.0704459558990522,
        3.0720935910949394,
        3.0737411077177876,
        3.075388509217443,
        3.07703579906009,
        3.078682980730882,
        3.080330057732268,
        3.081977033587992,
        3.0836239118364155,
        3.0852706960386147,
        3.0869173897726125,
        3.088563996636253,
        3.090210520245754,
        3.0918569642383558,
        3.093503332269058,
        3.095149628014182,
        3.0967958551687915,
        3.0984420174493463,
        3.1000881185902207,
        3.101734162348629,
        3.1033801525004696,
        3.105026092842975,
        3.106671987194426,
        3.108317839394533,
        3.1099636533021022,
        3.1116094327997468,
        3.113255181789729,
        3.1149009041968614,
        3.1165466039670804,
        3.118192285069892,
        3.1198379514946786,
        3.121483607255418,
        3.1231292563863153,
        3.124774902945843,
        3.1264205510146454,
        3.128066204697085,
        3.129711868119832,
        3.131357545434322,
        3.133003240813304,
        3.134648958455802,
        3.136294702582759,
        3.1379404774410893,
        3.1395862873000113,
        3.1412321364560114,
        3.1428780292271328,
        3.144523969958858,
        3.1461699630206708,
        3.1478160128078474,
        3.149462123740075,
        3.15110830026529,
        3.152754546854435,
        3.154400868006211,
        3.156047268245704,
        3.1576937521250477,
        3.159340324221145,
        3.1609869891406586,
        3.1626337515147753,
        3.164280616004203,
        3.165927587296669,
        3.167574670108285,
        3.1692218691821807,
        3.170869189291243,
        3.172516635235162,
        3.174164211844536,
        3.1758119239774714,
        3.1774597765234605,
        3.1791077743988554,
        3.180755922551427,
        3.182404225959255,
        3.1840526896302936,
        3.185701318602175,
        3.1873501179458703,
        3.188999092760495,
        3.1906482481781158,
        3.192297589362654,
        3.1939471215094652,
        3.1955968498451583,
        3.197246779631502,
        3.1988969161591094,
        3.200547264754533,
        3.202197830776685,
        3.2038486196187064,
        3.2054996367053024,
        3.2071508874987127,
        3.208802377492414,
        3.2104541122161847,
        3.2121060972348148,
        3.213758338148863,
        3.2154108405924573,
        3.2170636102381516,
        3.218716652792918,
        3.2203699740011857,
        3.22202357964357,
        3.2236774755394646,
        3.2253316675437302,
        3.226986161550429,
        3.2286409634908857,
        3.2302960793356097,
        3.2319515150932725,
        3.2336072768133186,
        3.2352633705826763,
        3.236919802529516,
        3.238576578821101,
        3.2402337056668706,
        3.241891189315393,
        3.2435490360581363,
        3.245207252227337,
        3.2468658441977345,
        3.2485248183855853,
        3.2501841812515386,
        3.2518439392976144,
        3.253504099070999,
        3.255164667161937,
        3.256825650205718,
        3.2584870548805784,
        3.2601488879128784,
        3.2618111560716017,
        3.2634738661744507,
        3.2651370250832676,
        3.2668006397083156,
        3.268464717005303,
        3.2701292639794466,
        3.2717942876836417,
        3.273459795218897,
        3.27512579373524,
        3.2767922904335327,
        3.278459292561606,
        3.280126807420634,
        3.2817948423612826,
        3.283463404785541,
        3.2851325021478845,
        3.286802141954393,
        3.288472331764372,
        3.290143079189487,
        3.2918143918967595,
        3.2934862776054343,
        3.295158744092037,
        3.2968317991861187,
        3.2985054507746367,
        3.3001797067990766,
        3.3018545752596227,
        3.303530064213195,
        3.3052061817751337,
        3.3068829361181606,
        3.308560335475436,
        3.3102383881379422,
        3.311917102458692,
        3.3135964868508077,
        3.3152765497892376,
        3.316957299809536,
        3.3186387455120903,
        3.3203208955572783,
        3.322003758672211,
        3.3236873436465846,
        3.325371659336939,
        3.3270567146632026,
        3.328742518613881,
        3.330429080242155,
        3.332116408670406,
        3.333804513088606,
        3.335493402756579,
        3.337183087002181,
        3.3388735752254,
        3.3405648768954133,
        3.3422570015547004,
        3.343949958817259,
        3.345643758370687,
        3.3473384099755497,
        3.3490339234686197,
        3.350730308760215,
        3.3524275758383633,
        3.3541257347668423,
        3.355824795688227,
        3.3575247688221728,
        3.3592256644689398,
        3.360927493006783,
        3.3626302648975437,
        3.3643339906829217,
        3.366038680987584,
        3.3677443465195585,
        3.369450998071532,
        3.3711586465194525,
        3.3728673028279434,
        3.374576978046647,
        3.376287683313392,
        3.377999429854422,
        3.379712228986904,
        3.3814260921153148,
        3.383141030739316,
        3.3848570564484564,
        3.386574180926888,
        3.3882924159520744,
        3.3900117733983937,
        3.391732265234162,
        3.3934539035273126,
        3.3951767004428994,
        3.396900668246071,
        3.3986258193015355,
        3.400352166077128,
        3.4020797211409155,
        3.4038084971669544,
        3.405538506932761,
        3.4072697633228235,
        3.4090022793276975,
        3.410736068047088,
        3.412471142688746,
        3.4142075165726107,
        3.415945203129616,
        3.4176842159040923
      ],
      "notes": [
        "牛顿近似：I1/I2/q0 用 Bararpour 2025 式 2.24-2.26 解析闭包；HB 精确闭包留 Tier 2（T2-1/T2-2）。",
        "I3 采用 d2dga_flux 现有版本（Zhang 2022 式 4.26，分母 2m·[...]）；与 Bararpour 式 2.27（分母 12·[...]）的标度差异留待 Tier 1 核实。",
        "b 为 Zhang 2022 标度（μ_mud 归一）；Bararpour 几何平均黏度标度需 ×√m，Tier 0 未重标定。",
        "通量函数 F=q0+b·I3 存在凸区间：激波已按 Rankine-Hugoniot（式 3.9，上凹包络弦）处理。",
        "输入提取：m=μ_mud/μ_cement=0.4630（μ_mud=0.751 Pa·s，μ_cement=1.622 Pa·s）；b=17.5631（result.summary['buoyancy_number']）；e=0.1700（result.geom['e'] 深度平均）。"
      ]
    },
    "displacement_metrics": {
      "mud_retention_fraction": 0.150004,
      "phi_m_phi_c_profile": [
        0.31535689622461466,
        0.04311098328182112,
        0.004453526183216773,
        0.0003747675804986922,
        2.679013649339499e-05,
        1.6489405164139994e-06,
        8.764227929103228e-08,
        4.037880411179482e-09,
        1.6246633738973957e-10,
        5.756055130293877e-12,
        1.822575558887456e-13,
        8.08626337249565e-15,
        7.371202883657265e-15,
        1.4168527840032275e-14,
        2.147569766803342e-14,
        4.438931800042526e-14,
        1.0183523342783819e-13,
        2.4752439748687445e-13,
        6.024117705797443e-13,
        1.4271474263515943e-12,
        3.2283833546291914e-12,
        6.821967377449642e-12,
        1.3566695661355342e-11,
        2.584426344686487e-11,
        4.832299242492807e-11,
        8.986760782167477e-11,
        1.6555146868587398e-10,
        2.9989753266535463e-10,
        5.303185117695243e-10,
        9.178156359655588e-10,
        1.561149361393413e-09,
        2.629999967057684e-09,
        4.3840572917973865e-09,
        7.219237494533847e-09,
        1.1703810339081719e-08,
        1.8678231099714407e-08,
        2.9381397712752666e-08,
        4.5686252840833524e-08,
        7.030576402106491e-08,
        1.0697704490899216e-07,
        1.606668046779074e-07,
        2.3778481314133167e-07,
        3.468595003265474e-07,
        4.988246771295478e-07,
        7.075073935364018e-07,
        9.901383998528105e-07,
        1.3687638500297534e-06,
        1.87411952273339e-06,
        2.540677086996221e-06,
        3.405730572039304e-06,
        4.503314000956437e-06,
        5.8783624332198075e-06,
        7.622319953545064e-06,
        9.969170044320012e-06,
        1.32442618736126e-05,
        1.7516033723205e-05,
        2.224146014065056e-05,
        2.6569354001609794e-05,
        3.139706864464319e-05,
        3.67624871793101e-05,
        4.2742009529535044e-05,
        4.9378542806647775e-05,
        5.6713821808846855e-05,
        6.478911442256907e-05,
        7.367279085330618e-05,
        8.346599969603537e-05,
        9.430713975549445e-05,
        0.00010636856971395865,
        0.00011985673222974484,
        0.0001350319452462376,
        0.00015221204724174086,
        0.00017175053625059707,
        0.0001940259049523594,
        0.0002193945967762221,
        0.0002483278661130423,
        0.00028134386183298,
        0.00031899578716456495,
        0.00036193019393507123,
        0.0004109759998019158,
        0.00046746692267665956,
        0.0005330776230542287,
        0.0006097065921660526,
        0.0006999185516837157,
        0.0008073282009774426,
        0.0009372640292672678,
        0.0010976888815553009,
        0.001300508888262573,
        0.0015648861973678078,
        0.0019210209954044362,
        0.002413927908435354,
        0.0031217300426361677,
        0.004187081144814218,
        0.0059041784759164325,
        0.008907242141073567,
        0.014671853928244757,
        0.027154242980321635,
        0.059540622398897576,
        0.17740460630699992,
        0.6121002755891514,
        0.5504599773659523,
        0.5739379351814023,
        0.594241925087043,
        0.6134400241610037,
        0.6333419492700015,
        0.6538692273833341,
        0.6744414738370506,
        0.6946196985454953,
        0.7140274147664012,
        0.7247689268151666,
        0.7302748738197908,
        0.7414253611221904,
        0.7555700813123999,
        0.7634390975972989,
        0.7582348774066852,
        0.7583536499594364,
        0.7608793728134201,
        0.7456533340008978,
        0.7349822734343995,
        0.7209134204615771,
        0.6954431201291956,
        0.6679150660390076,
        0.6290828254671473,
        0.5931051954405667,
        0.5513079705203896,
        0.507107529569692,
        0.4682968102933162,
        0.4307644158084572,
        0.3940919071213405,
        0.35931853915836276,
        0.32051418976896057,
        0.2884653598551434,
        0.26979432499636097,
        0.2544755857015287,
        0.24290761913177952,
        0.23477995452480946,
        0.2293372749946014,
        0.2258814115866632,
        0.22401059691683325,
        0.2236374756669176,
        0.2249313243298141,
        0.2282280461508859,
        0.23393959366102932,
        0.24247190706153046,
        0.2540729533239693,
        0.2686205735801305,
        0.2855860017038726,
        0.30408207870703463,
        0.32294279305442875,
        0.34094877289250275,
        0.3572121420559175,
        0.37119459968370816,
        0.38242887733501446,
        0.39085078028240594,
        0.3976374552803723,
        0.4053233180791406,
        0.4152552839552525,
        0.4192368742481285,
        0.41970741726755406,
        0.42822638251629724,
        0.4396231176613643,
        0.4468107217686799,
        0.45155064333931083,
        0.45854874028621245,
        0.47039738879717463,
        0.4804126109690623,
        0.48426000612660325,
        0.48553120940004635,
        0.48397289741965005,
        0.4805472598911103,
        0.47679913167921306,
        0.4746719478996661,
        0.4762576861447805,
        0.48292857968152597,
        0.49449766803843487,
        0.5095070950937937,
        0.5255236320772367,
        0.5397699092708933,
        0.5499660045736016,
        0.5550650099460551,
        0.555508266986028,
        0.5529851589022117,
        0.5497497430881122,
        0.5478394544047681,
        0.548429823839261,
        0.5515668582030894,
        0.5563837688026977,
        0.56168999195565,
        0.5666524340899888,
        0.5711412966524492,
        0.5756225779286833,
        0.5807351515577035,
        0.5868627744916175,
        0.5938577798953056,
        0.6008888240926762,
        0.6064984097810138,
        0.6089843161481537,
        0.6071576966830119,
        0.6011320316047807,
        0.5927216106472544,
        0.5851465607193479,
        0.58196369548652,
        0.5856783322771486,
        0.5966544713764085,
        0.6129816989766046,
        0.6314774272624193,
        0.6490475451651334,
        0.6637553418264879,
        0.6750910391331829,
        0.6834462000375895,
        0.6894997470817328,
        0.6944648039315358,
        0.7019607773435158,
        0.7429489684976743,
        0.927300546887138,
        1.2537136523307868,
        1.2544330031909918,
        1.2800339704647323,
        1.3397910964815793,
        1.4109762410770414,
        1.4073725996916668,
        1.408771974908995,
        1.4320990550381372,
        1.4445453111350606,
        1.4287696383100308,
        1.3933812453035117,
        1.3615402637620801,
        1.3187521420653907,
        1.2910233604411043,
        1.2578816862154465,
        1.235717943551562,
        1.2297185568283857,
        1.2095362749924325,
        1.196184279109675,
        1.1756303019828565,
        1.1493408309270245,
        1.1187601076102494,
        1.0661409707304235,
        1.027007717984875,
        0.9946831818416968,
        0.9802316925940816,
        1.0722986513109414,
        1.1604909235292027,
        1.1396043153183943,
        1.14608264315484,
        1.1969267156974017,
        1.46652141815881,
        1.8901748530276066,
        2.1829134559377916,
        2.0018459355864575,
        175.07472774676185
      ],
      "quality_zone_counts": {
        "green": 95,
        "yellow": 1,
        "red": 154
      },
      "interface_length_ratio": 0.875362,
      "eta_narrow": 0.398257,
      "eta_global": 0.613214,
      "t_br_s": null,
      "t_br_hat": null,
      "w0_m_s": 0.46886724263012747,
      "mean_flusher": 0.0,
      "notes": [
        "模拟结束时水泥前缘未到达出口 s_max，t_br = inf（未突破）。"
      ]
    },
    "buoyancy_regime": {
      "b_number": 17.5631375235348,
      "regime": "highly_dispersive",
      "design_advice": "0≤b<20：浮力稳定作用不足，界面高度弥散，顶替效率低；建议提高顶替液与被顶替液的密度差，或降低排量/泥浆粘度以增大 b。"
    },
    "shutdown_decay": {
      "condition_satisfied": false,
      "freeze_time_s": null,
      "tau_y_min": 0.0,
      "physical_interpretation": "泵注程序中未检测到停泵（SHUTDOWN）事件，停泵有限时间衰减诊断不适用；若施工中存在停泵环节，请在 PumpingScheduleStep 上标注 event_tag=PumpingStageEvent.SHUTDOWN 后重新评估。"
    },
    "notes": []
  },
  "注入流体现场符合性检查": {
    "是否全部现场符合": false,
    "注入流体总数": 7,
    "非现场完全符合流体数": 2,
    "明细": [
      {
        "流体名称": "平衡液",
        "角色": "wash",
        "来源口径": "部分符合",
        "说明": "密度1.75g/cm³现场实测；流变设计初稿 PV55/YP9.2（无实测，design_value）。"
      },
      {
        "流体名称": "隔离液1",
        "角色": "spacer",
        "来源口径": "现场符合",
        "说明": "密度2.05g/cm³现场化验；幂律 n=0.668/K=1.245 化验报告（与隔离液2同流变）。"
      },
      {
        "流体名称": "隔离液2",
        "角色": "spacer",
        "来源口径": "现场符合",
        "说明": "密度1.95g/cm³现场化验；幂律 n=0.668/K=1.245 化验报告。"
      },
      {
        "流体名称": "领浆",
        "角色": "lead",
        "来源口径": "现场符合",
        "说明": "密度2.05g/cm³现场；幂律 n=0.597/K=1.622 化验报告。"
      },
      {
        "流体名称": "尾浆",
        "角色": "tail",
        "来源口径": "现场符合",
        "说明": "密度1.95g/cm³现场化验实测；幂律 n=0.585/K=1.673 化验报告。"
      },
      {
        "流体名称": "压塞液",
        "角色": "other",
        "来源口径": "部分符合",
        "说明": "密度1.95g/cm³设计值；流变设计 PV30/YP8（design_value）。"
      },
      {
        "流体名称": "替钻井液",
        "角色": "displacement",
        "来源口径": "现场符合",
        "说明": "密度1.95g/cm³、塑粘62mPa·s 施工记录表替浆记录。"
      }
    ]
  }
}

===== STDERR =====
<frozen runpy>:128: RuntimeWarning: 'cemdisp.runners.ht1_003_tailpipe' found in sys.modules after import of package 'cemdisp.runners', but prior to execution of 'cemdisp.runners.ht1_003_tailpipe'; this may result in unpredictable behaviour
D:\users\desktop\research\控压固井项目\cement model\cemdisp\reporting\contour_plots.py:237: UserWarning: This figure includes Axes that are not compatible with tight_layout, so results might be incorrect.
  fig.tight_layout(rect=(0, 0, 1, 0.95))
