[D2DGA] 开始环空二维模拟 total_t=10595s nz=250 ny=40
  [D2DGA] 进度 0% (3s/10595s, dt=2.967s)
  [D2DGA] 进度 10% (1060s/10595s, dt=2.558s)
  [D2DGA] 进度 20% (2121s/10595s, dt=1.996s)
  [D2DGA] 进度 30% (3180s/10595s, dt=1.744s)
  [D2DGA] 进度 40% (4238s/10595s, dt=1.744s)
  [D2DGA] 进度 50% (5299s/10595s, dt=1.996s)
  [D2DGA] 进度 60% (6358s/10595s, dt=1.744s)
  [D2DGA] 进度 70% (7418s/10595s, dt=1.482s)
  [D2DGA] 进度 80% (8476s/10595s, dt=1.482s)
  [D2DGA] 进度 90% (9535s/10595s, dt=0.100s)
  [D2DGA] 进度 100% (10595s/10595s, dt=0.040s)
正在生成动画帧 1/309
正在生成动画帧 1/309
正在生成动画帧 2/309
正在生成动画帧 3/309
正在生成动画帧 4/309
正在生成动画帧 5/309
正在生成动画帧 6/309
正在生成动画帧 7/309
正在生成动画帧 8/309
正在生成动画帧 9/309
正在生成动画帧 10/309
正在生成动画帧 11/309
正在生成动画帧 12/309
正在生成动画帧 13/309
正在生成动画帧 14/309
正在生成动画帧 15/309
正在生成动画帧 16/309
正在生成动画帧 17/309
正在生成动画帧 18/309
正在生成动画帧 19/309
正在生成动画帧 20/309
正在生成动画帧 21/309
正在生成动画帧 22/309
正在生成动画帧 23/309
正在生成动画帧 24/309
正在生成动画帧 25/309
正在生成动画帧 26/309
正在生成动画帧 27/309
正在生成动画帧 28/309
正在生成动画帧 29/309
正在生成动画帧 30/309
正在生成动画帧 31/309
正在生成动画帧 32/309
正在生成动画帧 33/309
正在生成动画帧 34/309
正在生成动画帧 35/309
正在生成动画帧 36/309
正在生成动画帧 37/309
正在生成动画帧 38/309
正在生成动画帧 39/309
正在生成动画帧 40/309
正在生成动画帧 41/309
正在生成动画帧 42/309
正在生成动画帧 43/309
正在生成动画帧 44/309
正在生成动画帧 45/309
正在生成动画帧 46/309
正在生成动画帧 47/309
正在生成动画帧 48/309
正在生成动画帧 49/309
正在生成动画帧 50/309
正在生成动画帧 51/309
正在生成动画帧 52/309
正在生成动画帧 53/309
正在生成动画帧 54/309
正在生成动画帧 55/309
正在生成动画帧 56/309
正在生成动画帧 57/309
正在生成动画帧 58/309
正在生成动画帧 59/309
正在生成动画帧 60/309
正在生成动画帧 61/309
正在生成动画帧 62/309
正在生成动画帧 63/309
正在生成动画帧 64/309
正在生成动画帧 65/309
正在生成动画帧 66/309
正在生成动画帧 67/309
正在生成动画帧 68/309
正在生成动画帧 69/309
正在生成动画帧 70/309
正在生成动画帧 71/309
正在生成动画帧 72/309
正在生成动画帧 73/309
正在生成动画帧 74/309
正在生成动画帧 75/309
正在生成动画帧 76/309
正在生成动画帧 77/309
正在生成动画帧 78/309
正在生成动画帧 79/309
正在生成动画帧 80/309
正在生成动画帧 81/309
正在生成动画帧 82/309
正在生成动画帧 83/309
正在生成动画帧 84/309
正在生成动画帧 85/309
正在生成动画帧 86/309
正在生成动画帧 87/309
正在生成动画帧 88/309
正在生成动画帧 89/309
正在生成动画帧 90/309
正在生成动画帧 91/309
正在生成动画帧 92/309
正在生成动画帧 93/309
正在生成动画帧 94/309
正在生成动画帧 95/309
正在生成动画帧 96/309
正在生成动画帧 97/309
正在生成动画帧 98/309
正在生成动画帧 99/309
正在生成动画帧 100/309
正在生成动画帧 101/309
正在生成动画帧 102/309
正在生成动画帧 103/309
正在生成动画帧 104/309
正在生成动画帧 105/309
正在生成动画帧 106/309
正在生成动画帧 107/309
正在生成动画帧 108/309
正在生成动画帧 109/309
正在生成动画帧 110/309
正在生成动画帧 111/309
正在生成动画帧 112/309
正在生成动画帧 113/309
正在生成动画帧 114/309
正在生成动画帧 115/309
正在生成动画帧 116/309
正在生成动画帧 117/309
正在生成动画帧 118/309
正在生成动画帧 119/309
正在生成动画帧 120/309
正在生成动画帧 121/309
正在生成动画帧 122/309
正在生成动画帧 123/309
正在生成动画帧 124/309
正在生成动画帧 125/309
正在生成动画帧 126/309
正在生成动画帧 127/309
正在生成动画帧 128/309
正在生成动画帧 129/309
正在生成动画帧 130/309
正在生成动画帧 131/309
正在生成动画帧 132/309
正在生成动画帧 133/309
正在生成动画帧 134/309
正在生成动画帧 135/309
正在生成动画帧 136/309
正在生成动画帧 137/309
正在生成动画帧 138/309
正在生成动画帧 139/309
正在生成动画帧 140/309
正在生成动画帧 141/309
正在生成动画帧 142/309
正在生成动画帧 143/309
正在生成动画帧 144/309
正在生成动画帧 145/309
正在生成动画帧 146/309
正在生成动画帧 147/309
正在生成动画帧 148/309
正在生成动画帧 149/309
正在生成动画帧 150/309
正在生成动画帧 151/309
正在生成动画帧 152/309
正在生成动画帧 153/309
正在生成动画帧 154/309
正在生成动画帧 155/309
正在生成动画帧 156/309
正在生成动画帧 157/309
正在生成动画帧 158/309
正在生成动画帧 159/309
正在生成动画帧 160/309
正在生成动画帧 161/309
正在生成动画帧 162/309
正在生成动画帧 163/309
正在生成动画帧 164/309
正在生成动画帧 165/309
正在生成动画帧 166/309
正在生成动画帧 167/309
正在生成动画帧 168/309
正在生成动画帧 169/309
正在生成动画帧 170/309
正在生成动画帧 171/309
正在生成动画帧 172/309
正在生成动画帧 173/309
正在生成动画帧 174/309
正在生成动画帧 175/309
正在生成动画帧 176/309
正在生成动画帧 177/309
正在生成动画帧 178/309
正在生成动画帧 179/309
正在生成动画帧 180/309
正在生成动画帧 181/309
正在生成动画帧 182/309
正在生成动画帧 183/309
正在生成动画帧 184/309
正在生成动画帧 185/309
正在生成动画帧 186/309
正在生成动画帧 187/309
正在生成动画帧 188/309
正在生成动画帧 189/309
正在生成动画帧 190/309
正在生成动画帧 191/309
正在生成动画帧 192/309
正在生成动画帧 193/309
正在生成动画帧 194/309
正在生成动画帧 195/309
正在生成动画帧 196/309
正在生成动画帧 197/309
正在生成动画帧 198/309
正在生成动画帧 199/309
正在生成动画帧 200/309
正在生成动画帧 201/309
正在生成动画帧 202/309
正在生成动画帧 203/309
正在生成动画帧 204/309
正在生成动画帧 205/309
正在生成动画帧 206/309
正在生成动画帧 207/309
正在生成动画帧 208/309
正在生成动画帧 209/309
正在生成动画帧 210/309
正在生成动画帧 211/309
正在生成动画帧 212/309
正在生成动画帧 213/309
正在生成动画帧 214/309
正在生成动画帧 215/309
正在生成动画帧 216/309
正在生成动画帧 217/309
正在生成动画帧 218/309
正在生成动画帧 219/309
正在生成动画帧 220/309
正在生成动画帧 221/309
正在生成动画帧 222/309
正在生成动画帧 223/309
正在生成动画帧 224/309
正在生成动画帧 225/309
正在生成动画帧 226/309
正在生成动画帧 227/309
正在生成动画帧 228/309
正在生成动画帧 229/309
正在生成动画帧 230/309
正在生成动画帧 231/309
正在生成动画帧 232/309
正在生成动画帧 233/309
正在生成动画帧 234/309
正在生成动画帧 235/309
正在生成动画帧 236/309
正在生成动画帧 237/309
正在生成动画帧 238/309
正在生成动画帧 239/309
正在生成动画帧 240/309
正在生成动画帧 241/309
正在生成动画帧 242/309
正在生成动画帧 243/309
正在生成动画帧 244/309
正在生成动画帧 245/309
正在生成动画帧 246/309
正在生成动画帧 247/309
正在生成动画帧 248/309
正在生成动画帧 249/309
正在生成动画帧 250/309
正在生成动画帧 251/309
正在生成动画帧 252/309
正在生成动画帧 253/309
正在生成动画帧 254/309
正在生成动画帧 255/309
正在生成动画帧 256/309
正在生成动画帧 257/309
正在生成动画帧 258/309
正在生成动画帧 259/309
正在生成动画帧 260/309
正在生成动画帧 261/309
正在生成动画帧 262/309
正在生成动画帧 263/309
正在生成动画帧 264/309
正在生成动画帧 265/309
正在生成动画帧 266/309
正在生成动画帧 267/309
正在生成动画帧 268/309
正在生成动画帧 269/309
正在生成动画帧 270/309
正在生成动画帧 271/309
正在生成动画帧 272/309
正在生成动画帧 273/309
正在生成动画帧 274/309
正在生成动画帧 275/309
正在生成动画帧 276/309
正在生成动画帧 277/309
正在生成动画帧 278/309
正在生成动画帧 279/309
正在生成动画帧 280/309
正在生成动画帧 281/309
正在生成动画帧 282/309
正在生成动画帧 283/309
正在生成动画帧 284/309
正在生成动画帧 285/309
正在生成动画帧 286/309
正在生成动画帧 287/309
正在生成动画帧 288/309
正在生成动画帧 289/309
正在生成动画帧 290/309
正在生成动画帧 291/309
正在生成动画帧 292/309
正在生成动画帧 293/309
正在生成动画帧 294/309
正在生成动画帧 295/309
正在生成动画帧 296/309
正在生成动画帧 297/309
正在生成动画帧 298/309
正在生成动画帧 299/309
正在生成动画帧 300/309
正在生成动画帧 301/309
正在生成动画帧 302/309
正在生成动画帧 303/309
正在生成动画帧 304/309
正在生成动画帧 305/309
正在生成动画帧 306/309
正在生成动画帧 307/309
正在生成动画帧 308/309
正在生成动画帧 309/309

=== 1D2D耦合模型 ===
{
  "模型名称": "通用尾管段环空二维顶替模型",
  "模拟对象": "呼102 尾管段 6823.10-7735.00m",
  "井段_m": [
    6823.1,
    7735.0
  ],
  "物理环空体积_m3": 12.376013794032469,
  "最终结果": {
    "全井段最终有效顶替效率": 0.3814445316330832,
    "窄四分位效率": 0.2959357914908733,
    "最终水泥浆占据率": 0.3814445316330832,
    "最终窜槽指数": 0.16465863453797203,
    "最终混浆指数": 0.08102324281778614,
    "最终失稳指数": 0.999709402149778,
    "最终失稳指数_线性": 40.717851022886435,
    "最终失稳指数_对数": 1.6203219288786637,
    "浮力数_b": 5.037065443176256
  },
  "评价窗效率": {
    "CBL评价井段": {
      "window_type": "cbl",
      "eta_E": 0.3486784531756456,
      "eta_N": 0.2541119087019289
    },
    "CBL质量段一(胶结差/不合格)": {
      "window_type": "cbl_quality",
      "eta_E": 0.9263577993176273,
      "eta_N": 0.6585249750281408
    },
    "CBL质量段二(胶结差/不合格)": {
      "window_type": "cbl_quality",
      "eta_E": 0.9407846637438109,
      "eta_N": 0.6833822577057258
    },
    "J3k目的层(地层目标)": {
      "window_type": "formation_target",
      "eta_E": 0.9373559973587289,
      "eta_N": 0.6544378083545256
    }
  },
  "低尾指标": {
    "standoff低于0.5段占比": 0.62,
    "窄边效率低于0.05域占比": 0.5777492065741788
  },
  "effective_efficiency": 0.3814445316330832,
  "eta_narrow": 0.2959357914908733,
  "channeling_index": 0.16465863453797203,
  "mixing_index": 0.08102324281778614,
  "buoyancy_number": 5.037065443176256,
  "tier0_diagnostics": {
    "flow_classification": {
      "delta_w_f": 0.0007652127344444926,
      "sigma_wr_plus": 0.0,
      "abs_wr_plus": 0.0,
      "abs_wr_minus": 0.9371558487580837,
      "is_steady": true,
      "is_dispersive": false,
      "flow_class": "non_dispersive_steady",
      "w0_m_s": 0.2859883892661704
    },
    "muskat_regime": {
      "regime": "stable",
      "c_critical": 0.37837651562669694,
      "c_star": 0.358526502403599,
      "wide_side_unstable": false,
      "narrow_side_unstable": false,
      "delta_w_min": -10.989513667433009,
      "delta_w_max": 4.558171119961654,
      "viscosity_ratio": 0.06969376979936642,
      "buoyancy_number": 5.037065443176256,
      "eccentricity": 0.5059549408375887,
      "shock_detected": true,
      "c_bar_grid": [
        0.0,
        0.0005,
        0.001,
        0.0015,
        0.002,
        0.0025,
        0.003,
        0.0035,
        0.004,
        0.0045000000000000005,
        0.005,
        0.0055,
        0.006,
        0.006500000000000001,
        0.007,
        0.0075,
        0.008,
        0.0085,
        0.009000000000000001,
        0.0095,
        0.01,
        0.0105,
        0.011,
        0.0115,
        0.012,
        0.0125,
        0.013000000000000001,
        0.0135,
        0.014,
        0.0145,
        0.015,
        0.0155,
        0.016,
        0.0165,
        0.017,
        0.0175,
        0.018000000000000002,
        0.0185,
        0.019,
        0.0195,
        0.02,
        0.0205,
        0.021,
        0.021500000000000002,
        0.022,
        0.0225,
        0.023,
        0.0235,
        0.024,
        0.0245,
        0.025,
        0.025500000000000002,
        0.026000000000000002,
        0.0265,
        0.027,
        0.0275,
        0.028,
        0.0285,
        0.029,
        0.029500000000000002,
        0.03,
        0.0305,
        0.031,
        0.0315,
        0.032,
        0.0325,
        0.033,
        0.0335,
        0.034,
        0.0345,
        0.035,
        0.035500000000000004,
        0.036000000000000004,
        0.0365,
        0.037,
        0.0375,
        0.038,
        0.0385,
        0.039,
        0.0395,
        0.04,
        0.0405,
        0.041,
        0.0415,
        0.042,
        0.0425,
        0.043000000000000003,
        0.043500000000000004,
        0.044,
        0.0445,
        0.045,
        0.0455,
        0.046,
        0.0465,
        0.047,
        0.0475,
        0.048,
        0.0485,
        0.049,
        0.0495,
        0.05,
        0.0505,
        0.051000000000000004,
        0.051500000000000004,
        0.052000000000000005,
        0.0525,
        0.053,
        0.0535,
        0.054,
        0.0545,
        0.055,
        0.0555,
        0.056,
        0.0565,
        0.057,
        0.0575,
        0.058,
        0.0585,
        0.059000000000000004,
        0.059500000000000004,
        0.06,
        0.0605,
        0.061,
        0.0615,
        0.062,
        0.0625,
        0.063,
        0.0635,
        0.064,
        0.0645,
        0.065,
        0.0655,
        0.066,
        0.0665,
        0.067,
        0.0675,
        0.068,
        0.0685,
        0.069,
        0.0695,
        0.07,
        0.07050000000000001,
        0.07100000000000001,
        0.07150000000000001,
        0.07200000000000001,
        0.0725,
        0.073,
        0.0735,
        0.074,
        0.0745,
        0.075,
        0.0755,
        0.076,
        0.0765,
        0.077,
        0.0775,
        0.078,
        0.0785,
        0.079,
        0.0795,
        0.08,
        0.0805,
        0.081,
        0.0815,
        0.082,
        0.0825,
        0.083,
        0.0835,
        0.084,
        0.0845,
        0.085,
        0.0855,
        0.08600000000000001,
        0.08650000000000001,
        0.08700000000000001,
        0.08750000000000001,
        0.088,
        0.0885,
        0.089,
        0.0895,
        0.09,
        0.0905,
        0.091,
        0.0915,
        0.092,
        0.0925,
        0.093,
        0.0935,
        0.094,
        0.0945,
        0.095,
        0.0955,
        0.096,
        0.0965,
        0.097,
        0.0975,
        0.098,
        0.0985,
        0.099,
        0.0995,
        0.1,
        0.1005,
        0.101,
        0.1015,
        0.10200000000000001,
        0.10250000000000001,
        0.10300000000000001,
        0.10350000000000001,
        0.10400000000000001,
        0.1045,
        0.105,
        0.1055,
        0.106,
        0.1065,
        0.107,
        0.1075,
        0.108,
        0.1085,
        0.109,
        0.1095,
        0.11,
        0.1105,
        0.111,
        0.1115,
        0.112,
        0.1125,
        0.113,
        0.1135,
        0.114,
        0.1145,
        0.115,
        0.1155,
        0.116,
        0.1165,
        0.117,
        0.11750000000000001,
        0.11800000000000001,
        0.11850000000000001,
        0.11900000000000001,
        0.11950000000000001,
        0.12,
        0.1205,
        0.121,
        0.1215,
        0.122,
        0.1225,
        0.123,
        0.1235,
        0.124,
        0.1245,
        0.125,
        0.1255,
        0.126,
        0.1265,
        0.127,
        0.1275,
        0.128,
        0.1285,
        0.129,
        0.1295,
        0.13,
        0.1305,
        0.131,
        0.1315,
        0.132,
        0.1325,
        0.133,
        0.1335,
        0.134,
        0.1345,
        0.135,
        0.1355,
        0.136,
        0.1365,
        0.137,
        0.1375,
        0.138,
        0.1385,
        0.139,
        0.1395,
        0.14,
        0.1405,
        0.14100000000000001,
        0.14150000000000001,
        0.14200000000000002,
        0.14250000000000002,
        0.14300000000000002,
        0.14350000000000002,
        0.14400000000000002,
        0.1445,
        0.145,
        0.1455,
        0.146,
        0.1465,
        0.147,
        0.1475,
        0.148,
        0.1485,
        0.149,
        0.1495,
        0.15,
        0.1505,
        0.151,
        0.1515,
        0.152,
        0.1525,
        0.153,
        0.1535,
        0.154,
        0.1545,
        0.155,
        0.1555,
        0.156,
        0.1565,
        0.157,
        0.1575,
        0.158,
        0.1585,
        0.159,
        0.1595,
        0.16,
        0.1605,
        0.161,
        0.1615,
        0.162,
        0.1625,
        0.163,
        0.1635,
        0.164,
        0.1645,
        0.165,
        0.1655,
        0.166,
        0.1665,
        0.167,
        0.1675,
        0.168,
        0.1685,
        0.169,
        0.1695,
        0.17,
        0.1705,
        0.171,
        0.1715,
        0.17200000000000001,
        0.17250000000000001,
        0.17300000000000001,
        0.17350000000000002,
        0.17400000000000002,
        0.17450000000000002,
        0.17500000000000002,
        0.17550000000000002,
        0.176,
        0.1765,
        0.177,
        0.1775,
        0.178,
        0.1785,
        0.179,
        0.1795,
        0.18,
        0.1805,
        0.181,
        0.1815,
        0.182,
        0.1825,
        0.183,
        0.1835,
        0.184,
        0.1845,
        0.185,
        0.1855,
        0.186,
        0.1865,
        0.187,
        0.1875,
        0.188,
        0.1885,
        0.189,
        0.1895,
        0.19,
        0.1905,
        0.191,
        0.1915,
        0.192,
        0.1925,
        0.193,
        0.1935,
        0.194,
        0.1945,
        0.195,
        0.1955,
        0.196,
        0.1965,
        0.197,
        0.1975,
        0.198,
        0.1985,
        0.199,
        0.1995,
        0.2,
        0.2005,
        0.201,
        0.2015,
        0.202,
        0.2025,
        0.203,
        0.20350000000000001,
        0.20400000000000001,
        0.20450000000000002,
        0.20500000000000002,
        0.20550000000000002,
        0.20600000000000002,
        0.20650000000000002,
        0.20700000000000002,
        0.20750000000000002,
        0.20800000000000002,
        0.2085,
        0.209,
        0.2095,
        0.21,
        0.2105,
        0.211,
        0.2115,
        0.212,
        0.2125,
        0.213,
        0.2135,
        0.214,
        0.2145,
        0.215,
        0.2155,
        0.216,
        0.2165,
        0.217,
        0.2175,
        0.218,
        0.2185,
        0.219,
        0.2195,
        0.22,
        0.2205,
        0.221,
        0.2215,
        0.222,
        0.2225,
        0.223,
        0.2235,
        0.224,
        0.2245,
        0.225,
        0.2255,
        0.226,
        0.2265,
        0.227,
        0.2275,
        0.228,
        0.2285,
        0.229,
        0.2295,
        0.23,
        0.2305,
        0.231,
        0.2315,
        0.232,
        0.2325,
        0.233,
        0.2335,
        0.234,
        0.23450000000000001,
        0.23500000000000001,
        0.23550000000000001,
        0.23600000000000002,
        0.23650000000000002,
        0.23700000000000002,
        0.23750000000000002,
        0.23800000000000002,
        0.23850000000000002,
        0.23900000000000002,
        0.23950000000000002,
        0.24,
        0.2405,
        0.241,
        0.2415,
        0.242,
        0.2425,
        0.243,
        0.2435,
        0.244,
        0.2445,
        0.245,
        0.2455,
        0.246,
        0.2465,
        0.247,
        0.2475,
        0.248,
        0.2485,
        0.249,
        0.2495,
        0.25,
        0.2505,
        0.251,
        0.2515,
        0.252,
        0.2525,
        0.253,
        0.2535,
        0.254,
        0.2545,
        0.255,
        0.2555,
        0.256,
        0.2565,
        0.257,
        0.2575,
        0.258,
        0.2585,
        0.259,
        0.2595,
        0.26,
        0.2605,
        0.261,
        0.2615,
        0.262,
        0.2625,
        0.263,
        0.2635,
        0.264,
        0.2645,
        0.265,
        0.2655,
        0.266,
        0.2665,
        0.267,
        0.2675,
        0.268,
        0.2685,
        0.269,
        0.2695,
        0.27,
        0.2705,
        0.271,
        0.2715,
        0.272,
        0.2725,
        0.273,
        0.2735,
        0.274,
        0.2745,
        0.275,
        0.2755,
        0.276,
        0.2765,
        0.277,
        0.2775,
        0.278,
        0.2785,
        0.279,
        0.2795,
        0.28,
        0.2805,
        0.281,
        0.28150000000000003,
        0.28200000000000003,
        0.28250000000000003,
        0.28300000000000003,
        0.28350000000000003,
        0.28400000000000003,
        0.28450000000000003,
        0.28500000000000003,
        0.28550000000000003,
        0.28600000000000003,
        0.28650000000000003,
        0.28700000000000003,
        0.28750000000000003,
        0.28800000000000003,
        0.2885,
        0.289,
        0.2895,
        0.29,
        0.2905,
        0.291,
        0.2915,
        0.292,
        0.2925,
        0.293,
        0.2935,
        0.294,
        0.2945,
        0.295,
        0.2955,
        0.296,
        0.2965,
        0.297,
        0.2975,
        0.298,
        0.2985,
        0.299,
        0.2995,
        0.3,
        0.3005,
        0.301,
        0.3015,
        0.302,
        0.3025,
        0.303,
        0.3035,
        0.304,
        0.3045,
        0.305,
        0.3055,
        0.306,
        0.3065,
        0.307,
        0.3075,
        0.308,
        0.3085,
        0.309,
        0.3095,
        0.31,
        0.3105,
        0.311,
        0.3115,
        0.312,
        0.3125,
        0.313,
        0.3135,
        0.314,
        0.3145,
        0.315,
        0.3155,
        0.316,
        0.3165,
        0.317,
        0.3175,
        0.318,
        0.3185,
        0.319,
        0.3195,
        0.32,
        0.3205,
        0.321,
        0.3215,
        0.322,
        0.3225,
        0.323,
        0.3235,
        0.324,
        0.3245,
        0.325,
        0.3255,
        0.326,
        0.3265,
        0.327,
        0.3275,
        0.328,
        0.3285,
        0.329,
        0.3295,
        0.33,
        0.3305,
        0.331,
        0.3315,
        0.332,
        0.3325,
        0.333,
        0.3335,
        0.334,
        0.3345,
        0.335,
        0.3355,
        0.336,
        0.3365,
        0.337,
        0.3375,
        0.338,
        0.3385,
        0.339,
        0.3395,
        0.34,
        0.3405,
        0.341,
        0.3415,
        0.342,
        0.3425,
        0.343,
        0.3435,
        0.34400000000000003,
        0.34450000000000003,
        0.34500000000000003,
        0.34550000000000003,
        0.34600000000000003,
        0.34650000000000003,
        0.34700000000000003,
        0.34750000000000003,
        0.34800000000000003,
        0.34850000000000003,
        0.34900000000000003,
        0.34950000000000003,
        0.35000000000000003,
        0.35050000000000003,
        0.35100000000000003,
        0.35150000000000003,
        0.352,
        0.3525,
        0.353,
        0.3535,
        0.354,
        0.3545,
        0.355,
        0.3555,
        0.356,
        0.3565,
        0.357,
        0.3575,
        0.358,
        0.3585,
        0.359,
        0.3595,
        0.36,
        0.3605,
        0.361,
        0.3615,
        0.362,
        0.3625,
        0.363,
        0.3635,
        0.364,
        0.3645,
        0.365,
        0.3655,
        0.366,
        0.3665,
        0.367,
        0.3675,
        0.368,
        0.3685,
        0.369,
        0.3695,
        0.37,
        0.3705,
        0.371,
        0.3715,
        0.372,
        0.3725,
        0.373,
        0.3735,
        0.374,
        0.3745,
        0.375,
        0.3755,
        0.376,
        0.3765,
        0.377,
        0.3775,
        0.378,
        0.3785,
        0.379,
        0.3795,
        0.38,
        0.3805,
        0.381,
        0.3815,
        0.382,
        0.3825,
        0.383,
        0.3835,
        0.384,
        0.3845,
        0.385,
        0.3855,
        0.386,
        0.3865,
        0.387,
        0.3875,
        0.388,
        0.3885,
        0.389,
        0.3895,
        0.39,
        0.3905,
        0.391,
        0.3915,
        0.392,
        0.3925,
        0.393,
        0.3935,
        0.394,
        0.3945,
        0.395,
        0.3955,
        0.396,
        0.3965,
        0.397,
        0.3975,
        0.398,
        0.3985,
        0.399,
        0.3995,
        0.4,
        0.4005,
        0.401,
        0.4015,
        0.402,
        0.4025,
        0.403,
        0.4035,
        0.404,
        0.4045,
        0.405,
        0.4055,
        0.406,
        0.40650000000000003,
        0.40700000000000003,
        0.40750000000000003,
        0.40800000000000003,
        0.40850000000000003,
        0.40900000000000003,
        0.40950000000000003,
        0.41000000000000003,
        0.41050000000000003,
        0.41100000000000003,
        0.41150000000000003,
        0.41200000000000003,
        0.41250000000000003,
        0.41300000000000003,
        0.41350000000000003,
        0.41400000000000003,
        0.41450000000000004,
        0.41500000000000004,
        0.41550000000000004,
        0.41600000000000004,
        0.4165,
        0.417,
        0.4175,
        0.418,
        0.4185,
        0.419,
        0.4195,
        0.42,
        0.4205,
        0.421,
        0.4215,
        0.422,
        0.4225,
        0.423,
        0.4235,
        0.424,
        0.4245,
        0.425,
        0.4255,
        0.426,
        0.4265,
        0.427,
        0.4275,
        0.428,
        0.4285,
        0.429,
        0.4295,
        0.43,
        0.4305,
        0.431,
        0.4315,
        0.432,
        0.4325,
        0.433,
        0.4335,
        0.434,
        0.4345,
        0.435,
        0.4355,
        0.436,
        0.4365,
        0.437,
        0.4375,
        0.438,
        0.4385,
        0.439,
        0.4395,
        0.44,
        0.4405,
        0.441,
        0.4415,
        0.442,
        0.4425,
        0.443,
        0.4435,
        0.444,
        0.4445,
        0.445,
        0.4455,
        0.446,
        0.4465,
        0.447,
        0.4475,
        0.448,
        0.4485,
        0.449,
        0.4495,
        0.45,
        0.4505,
        0.451,
        0.4515,
        0.452,
        0.4525,
        0.453,
        0.4535,
        0.454,
        0.4545,
        0.455,
        0.4555,
        0.456,
        0.4565,
        0.457,
        0.4575,
        0.458,
        0.4585,
        0.459,
        0.4595,
        0.46,
        0.4605,
        0.461,
        0.4615,
        0.462,
        0.4625,
        0.463,
        0.4635,
        0.464,
        0.4645,
        0.465,
        0.4655,
        0.466,
        0.4665,
        0.467,
        0.4675,
        0.468,
        0.4685,
        0.46900000000000003,
        0.46950000000000003,
        0.47000000000000003,
        0.47050000000000003,
        0.47100000000000003,
        0.47150000000000003,
        0.47200000000000003,
        0.47250000000000003,
        0.47300000000000003,
        0.47350000000000003,
        0.47400000000000003,
        0.47450000000000003,
        0.47500000000000003,
        0.47550000000000003,
        0.47600000000000003,
        0.47650000000000003,
        0.47700000000000004,
        0.47750000000000004,
        0.47800000000000004,
        0.47850000000000004,
        0.47900000000000004,
        0.47950000000000004,
        0.48,
        0.4805,
        0.481,
        0.4815,
        0.482,
        0.4825,
        0.483,
        0.4835,
        0.484,
        0.4845,
        0.485,
        0.4855,
        0.486,
        0.4865,
        0.487,
        0.4875,
        0.488,
        0.4885,
        0.489,
        0.4895,
        0.49,
        0.4905,
        0.491,
        0.4915,
        0.492,
        0.4925,
        0.493,
        0.4935,
        0.494,
        0.4945,
        0.495,
        0.4955,
        0.496,
        0.4965,
        0.497,
        0.4975,
        0.498,
        0.4985,
        0.499,
        0.4995,
        0.5,
        0.5005000000000001,
        0.501,
        0.5015000000000001,
        0.502,
        0.5025000000000001,
        0.503,
        0.5035000000000001,
        0.504,
        0.5045000000000001,
        0.505,
        0.5055000000000001,
        0.506,
        0.5065000000000001,
        0.507,
        0.5075000000000001,
        0.508,
        0.5085000000000001,
        0.509,
        0.5095000000000001,
        0.51,
        0.5105000000000001,
        0.511,
        0.5115000000000001,
        0.512,
        0.5125,
        0.513,
        0.5135,
        0.514,
        0.5145,
        0.515,
        0.5155,
        0.516,
        0.5165,
        0.517,
        0.5175,
        0.518,
        0.5185,
        0.519,
        0.5195,
        0.52,
        0.5205,
        0.521,
        0.5215,
        0.522,
        0.5225,
        0.523,
        0.5235,
        0.524,
        0.5245,
        0.525,
        0.5255,
        0.526,
        0.5265,
        0.527,
        0.5275,
        0.528,
        0.5285,
        0.529,
        0.5295,
        0.53,
        0.5305,
        0.531,
        0.5315,
        0.532,
        0.5325,
        0.533,
        0.5335,
        0.534,
        0.5345,
        0.535,
        0.5355,
        0.536,
        0.5365,
        0.537,
        0.5375,
        0.538,
        0.5385,
        0.539,
        0.5395,
        0.54,
        0.5405,
        0.541,
        0.5415,
        0.542,
        0.5425,
        0.543,
        0.5435,
        0.544,
        0.5445,
        0.545,
        0.5455,
        0.546,
        0.5465,
        0.547,
        0.5475,
        0.548,
        0.5485,
        0.549,
        0.5495,
        0.55,
        0.5505,
        0.551,
        0.5515,
        0.552,
        0.5525,
        0.553,
        0.5535,
        0.554,
        0.5545,
        0.555,
        0.5555,
        0.556,
        0.5565,
        0.557,
        0.5575,
        0.558,
        0.5585,
        0.559,
        0.5595,
        0.56,
        0.5605,
        0.561,
        0.5615,
        0.562,
        0.5625,
        0.5630000000000001,
        0.5635,
        0.5640000000000001,
        0.5645,
        0.5650000000000001,
        0.5655,
        0.5660000000000001,
        0.5665,
        0.5670000000000001,
        0.5675,
        0.5680000000000001,
        0.5685,
        0.5690000000000001,
        0.5695,
        0.5700000000000001,
        0.5705,
        0.5710000000000001,
        0.5715,
        0.5720000000000001,
        0.5725,
        0.5730000000000001,
        0.5735,
        0.5740000000000001,
        0.5745,
        0.5750000000000001,
        0.5755,
        0.5760000000000001,
        0.5765,
        0.577,
        0.5775,
        0.578,
        0.5785,
        0.579,
        0.5795,
        0.58,
        0.5805,
        0.581,
        0.5815,
        0.582,
        0.5825,
        0.583,
        0.5835,
        0.584,
        0.5845,
        0.585,
        0.5855,
        0.586,
        0.5865,
        0.587,
        0.5875,
        0.588,
        0.5885,
        0.589,
        0.5895,
        0.59,
        0.5905,
        0.591,
        0.5915,
        0.592,
        0.5925,
        0.593,
        0.5935,
        0.594,
        0.5945,
        0.595,
        0.5955,
        0.596,
        0.5965,
        0.597,
        0.5975,
        0.598,
        0.5985,
        0.599,
        0.5995,
        0.6,
        0.6005,
        0.601,
        0.6015,
        0.602,
        0.6025,
        0.603,
        0.6035,
        0.604,
        0.6045,
        0.605,
        0.6055,
        0.606,
        0.6065,
        0.607,
        0.6075,
        0.608,
        0.6085,
        0.609,
        0.6095,
        0.61,
        0.6105,
        0.611,
        0.6115,
        0.612,
        0.6125,
        0.613,
        0.6135,
        0.614,
        0.6145,
        0.615,
        0.6155,
        0.616,
        0.6165,
        0.617,
        0.6175,
        0.618,
        0.6185,
        0.619,
        0.6195,
        0.62,
        0.6205,
        0.621,
        0.6215,
        0.622,
        0.6225,
        0.623,
        0.6235,
        0.624,
        0.6245,
        0.625,
        0.6255000000000001,
        0.626,
        0.6265000000000001,
        0.627,
        0.6275000000000001,
        0.628,
        0.6285000000000001,
        0.629,
        0.6295000000000001,
        0.63,
        0.6305000000000001,
        0.631,
        0.6315000000000001,
        0.632,
        0.6325000000000001,
        0.633,
        0.6335000000000001,
        0.634,
        0.6345000000000001,
        0.635,
        0.6355000000000001,
        0.636,
        0.6365000000000001,
        0.637,
        0.6375000000000001,
        0.638,
        0.6385000000000001,
        0.639,
        0.6395000000000001,
        0.64,
        0.6405,
        0.641,
        0.6415,
        0.642,
        0.6425,
        0.643,
        0.6435,
        0.644,
        0.6445,
        0.645,
        0.6455,
        0.646,
        0.6465,
        0.647,
        0.6475,
        0.648,
        0.6485,
        0.649,
        0.6495,
        0.65,
        0.6505,
        0.651,
        0.6515,
        0.652,
        0.6525,
        0.653,
        0.6535,
        0.654,
        0.6545,
        0.655,
        0.6555,
        0.656,
        0.6565,
        0.657,
        0.6575,
        0.658,
        0.6585,
        0.659,
        0.6595,
        0.66,
        0.6605,
        0.661,
        0.6615,
        0.662,
        0.6625,
        0.663,
        0.6635,
        0.664,
        0.6645,
        0.665,
        0.6655,
        0.666,
        0.6665,
        0.667,
        0.6675,
        0.668,
        0.6685,
        0.669,
        0.6695,
        0.67,
        0.6705,
        0.671,
        0.6715,
        0.672,
        0.6725,
        0.673,
        0.6735,
        0.674,
        0.6745,
        0.675,
        0.6755,
        0.676,
        0.6765,
        0.677,
        0.6775,
        0.678,
        0.6785,
        0.679,
        0.6795,
        0.68,
        0.6805,
        0.681,
        0.6815,
        0.682,
        0.6825,
        0.683,
        0.6835,
        0.684,
        0.6845,
        0.685,
        0.6855,
        0.686,
        0.6865,
        0.687,
        0.6875,
        0.6880000000000001,
        0.6885,
        0.6890000000000001,
        0.6895,
        0.6900000000000001,
        0.6905,
        0.6910000000000001,
        0.6915,
        0.6920000000000001,
        0.6925,
        0.6930000000000001,
        0.6935,
        0.6940000000000001,
        0.6945,
        0.6950000000000001,
        0.6955,
        0.6960000000000001,
        0.6965,
        0.6970000000000001,
        0.6975,
        0.6980000000000001,
        0.6985,
        0.6990000000000001,
        0.6995,
        0.7000000000000001,
        0.7005,
        0.7010000000000001,
        0.7015,
        0.7020000000000001,
        0.7025,
        0.7030000000000001,
        0.7035,
        0.704,
        0.7045,
        0.705,
        0.7055,
        0.706,
        0.7065,
        0.707,
        0.7075,
        0.708,
        0.7085,
        0.709,
        0.7095,
        0.71,
        0.7105,
        0.711,
        0.7115,
        0.712,
        0.7125,
        0.713,
        0.7135,
        0.714,
        0.7145,
        0.715,
        0.7155,
        0.716,
        0.7165,
        0.717,
        0.7175,
        0.718,
        0.7185,
        0.719,
        0.7195,
        0.72,
        0.7205,
        0.721,
        0.7215,
        0.722,
        0.7225,
        0.723,
        0.7235,
        0.724,
        0.7245,
        0.725,
        0.7255,
        0.726,
        0.7265,
        0.727,
        0.7275,
        0.728,
        0.7285,
        0.729,
        0.7295,
        0.73,
        0.7305,
        0.731,
        0.7315,
        0.732,
        0.7325,
        0.733,
        0.7335,
        0.734,
        0.7345,
        0.735,
        0.7355,
        0.736,
        0.7365,
        0.737,
        0.7375,
        0.738,
        0.7385,
        0.739,
        0.7395,
        0.74,
        0.7405,
        0.741,
        0.7415,
        0.742,
        0.7425,
        0.743,
        0.7435,
        0.744,
        0.7445,
        0.745,
        0.7455,
        0.746,
        0.7465,
        0.747,
        0.7475,
        0.748,
        0.7485,
        0.749,
        0.7495,
        0.75,
        0.7505000000000001,
        0.751,
        0.7515000000000001,
        0.752,
        0.7525000000000001,
        0.753,
        0.7535000000000001,
        0.754,
        0.7545000000000001,
        0.755,
        0.7555000000000001,
        0.756,
        0.7565000000000001,
        0.757,
        0.7575000000000001,
        0.758,
        0.7585000000000001,
        0.759,
        0.7595000000000001,
        0.76,
        0.7605000000000001,
        0.761,
        0.7615000000000001,
        0.762,
        0.7625000000000001,
        0.763,
        0.7635000000000001,
        0.764,
        0.7645000000000001,
        0.765,
        0.7655000000000001,
        0.766,
        0.7665000000000001,
        0.767,
        0.7675000000000001,
        0.768,
        0.7685,
        0.769,
        0.7695,
        0.77,
        0.7705,
        0.771,
        0.7715,
        0.772,
        0.7725,
        0.773,
        0.7735,
        0.774,
        0.7745,
        0.775,
        0.7755,
        0.776,
        0.7765,
        0.777,
        0.7775,
        0.778,
        0.7785,
        0.779,
        0.7795,
        0.78,
        0.7805,
        0.781,
        0.7815,
        0.782,
        0.7825,
        0.783,
        0.7835,
        0.784,
        0.7845,
        0.785,
        0.7855,
        0.786,
        0.7865,
        0.787,
        0.7875,
        0.788,
        0.7885,
        0.789,
        0.7895,
        0.79,
        0.7905,
        0.791,
        0.7915,
        0.792,
        0.7925,
        0.793,
        0.7935,
        0.794,
        0.7945,
        0.795,
        0.7955,
        0.796,
        0.7965,
        0.797,
        0.7975,
        0.798,
        0.7985,
        0.799,
        0.7995,
        0.8,
        0.8005,
        0.801,
        0.8015,
        0.802,
        0.8025,
        0.803,
        0.8035,
        0.804,
        0.8045,
        0.805,
        0.8055,
        0.806,
        0.8065,
        0.807,
        0.8075,
        0.808,
        0.8085,
        0.809,
        0.8095,
        0.81,
        0.8105,
        0.811,
        0.8115,
        0.812,
        0.8125,
        0.8130000000000001,
        0.8135,
        0.8140000000000001,
        0.8145,
        0.8150000000000001,
        0.8155,
        0.8160000000000001,
        0.8165,
        0.8170000000000001,
        0.8175,
        0.8180000000000001,
        0.8185,
        0.8190000000000001,
        0.8195,
        0.8200000000000001,
        0.8205,
        0.8210000000000001,
        0.8215,
        0.8220000000000001,
        0.8225,
        0.8230000000000001,
        0.8235,
        0.8240000000000001,
        0.8245,
        0.8250000000000001,
        0.8255,
        0.8260000000000001,
        0.8265,
        0.8270000000000001,
        0.8275,
        0.8280000000000001,
        0.8285,
        0.8290000000000001,
        0.8295,
        0.8300000000000001,
        0.8305,
        0.8310000000000001,
        0.8315,
        0.8320000000000001,
        0.8325,
        0.833,
        0.8335,
        0.834,
        0.8345,
        0.835,
        0.8355,
        0.836,
        0.8365,
        0.837,
        0.8375,
        0.838,
        0.8385,
        0.839,
        0.8395,
        0.84,
        0.8405,
        0.841,
        0.8415,
        0.842,
        0.8425,
        0.843,
        0.8435,
        0.844,
        0.8445,
        0.845,
        0.8455,
        0.846,
        0.8465,
        0.847,
        0.8475,
        0.848,
        0.8485,
        0.849,
        0.8495,
        0.85,
        0.8505,
        0.851,
        0.8515,
        0.852,
        0.8525,
        0.853,
        0.8535,
        0.854,
        0.8545,
        0.855,
        0.8555,
        0.856,
        0.8565,
        0.857,
        0.8575,
        0.858,
        0.8585,
        0.859,
        0.8595,
        0.86,
        0.8605,
        0.861,
        0.8615,
        0.862,
        0.8625,
        0.863,
        0.8635,
        0.864,
        0.8645,
        0.865,
        0.8655,
        0.866,
        0.8665,
        0.867,
        0.8675,
        0.868,
        0.8685,
        0.869,
        0.8695,
        0.87,
        0.8705,
        0.871,
        0.8715,
        0.872,
        0.8725,
        0.873,
        0.8735,
        0.874,
        0.8745,
        0.875,
        0.8755000000000001,
        0.876,
        0.8765000000000001,
        0.877,
        0.8775000000000001,
        0.878,
        0.8785000000000001,
        0.879,
        0.8795000000000001,
        0.88,
        0.8805000000000001,
        0.881,
        0.8815000000000001,
        0.882,
        0.8825000000000001,
        0.883,
        0.8835000000000001,
        0.884,
        0.8845000000000001,
        0.885,
        0.8855000000000001,
        0.886,
        0.8865000000000001,
        0.887,
        0.8875000000000001,
        0.888,
        0.8885000000000001,
        0.889,
        0.8895000000000001,
        0.89,
        0.8905000000000001,
        0.891,
        0.8915000000000001,
        0.892,
        0.8925000000000001,
        0.893,
        0.8935000000000001,
        0.894,
        0.8945000000000001,
        0.895,
        0.8955000000000001,
        0.896,
        0.8965,
        0.897,
        0.8975,
        0.898,
        0.8985,
        0.899,
        0.8995,
        0.9,
        0.9005,
        0.901,
        0.9015,
        0.902,
        0.9025,
        0.903,
        0.9035,
        0.904,
        0.9045,
        0.905,
        0.9055,
        0.906,
        0.9065,
        0.907,
        0.9075,
        0.908,
        0.9085,
        0.909,
        0.9095,
        0.91,
        0.9105,
        0.911,
        0.9115,
        0.912,
        0.9125,
        0.913,
        0.9135,
        0.914,
        0.9145,
        0.915,
        0.9155,
        0.916,
        0.9165,
        0.917,
        0.9175,
        0.918,
        0.9185,
        0.919,
        0.9195,
        0.92,
        0.9205,
        0.921,
        0.9215,
        0.922,
        0.9225,
        0.923,
        0.9235,
        0.924,
        0.9245,
        0.925,
        0.9255,
        0.926,
        0.9265,
        0.927,
        0.9275,
        0.928,
        0.9285,
        0.929,
        0.9295,
        0.93,
        0.9305,
        0.931,
        0.9315,
        0.932,
        0.9325,
        0.933,
        0.9335,
        0.934,
        0.9345,
        0.935,
        0.9355,
        0.936,
        0.9365,
        0.937,
        0.9375,
        0.9380000000000001,
        0.9385,
        0.9390000000000001,
        0.9395,
        0.9400000000000001,
        0.9405,
        0.9410000000000001,
        0.9415,
        0.9420000000000001,
        0.9425,
        0.9430000000000001,
        0.9435,
        0.9440000000000001,
        0.9445,
        0.9450000000000001,
        0.9455,
        0.9460000000000001,
        0.9465,
        0.9470000000000001,
        0.9475,
        0.9480000000000001,
        0.9485,
        0.9490000000000001,
        0.9495,
        0.9500000000000001,
        0.9505,
        0.9510000000000001,
        0.9515,
        0.9520000000000001,
        0.9525,
        0.9530000000000001,
        0.9535,
        0.9540000000000001,
        0.9545,
        0.9550000000000001,
        0.9555,
        0.9560000000000001,
        0.9565,
        0.9570000000000001,
        0.9575,
        0.9580000000000001,
        0.9585,
        0.9590000000000001,
        0.9595,
        0.96,
        0.9605,
        0.961,
        0.9615,
        0.962,
        0.9625,
        0.963,
        0.9635,
        0.964,
        0.9645,
        0.965,
        0.9655,
        0.966,
        0.9665,
        0.967,
        0.9675,
        0.968,
        0.9685,
        0.969,
        0.9695,
        0.97,
        0.9705,
        0.971,
        0.9715,
        0.972,
        0.9725,
        0.973,
        0.9735,
        0.974,
        0.9745,
        0.975,
        0.9755,
        0.976,
        0.9765,
        0.977,
        0.9775,
        0.978,
        0.9785,
        0.979,
        0.9795,
        0.98,
        0.9805,
        0.981,
        0.9815,
        0.982,
        0.9825,
        0.983,
        0.9835,
        0.984,
        0.9845,
        0.985,
        0.9855,
        0.986,
        0.9865,
        0.987,
        0.9875,
        0.988,
        0.9885,
        0.989,
        0.9895,
        0.99,
        0.9905,
        0.991,
        0.9915,
        0.992,
        0.9925,
        0.993,
        0.9935,
        0.994,
        0.9945,
        0.995,
        0.9955,
        0.996,
        0.9965,
        0.997,
        0.9975,
        0.998,
        0.9985,
        0.999,
        0.9995,
        1.0
      ],
      "delta_w_profile": [
        -10.989513667433009,
        -10.989181226503879,
        -10.988848786001075,
        -10.988516346350062,
        -10.988183907975394,
        -10.98785147130069,
        -10.987519036748626,
        -10.987186604740986,
        -10.986854175698582,
        -10.98652175004136,
        -10.986189328188235,
        -10.985856910557303,
        -10.985524497565684,
        -10.98519208962958,
        -10.984859687164258,
        -10.984527290584008,
        -10.984194900302333,
        -10.983862516731662,
        -10.983530140283557,
        -10.983197771368692,
        -10.982865410396734,
        -10.982533057776473,
        -10.982200713915793,
        -10.98186837922155,
        -10.981536054099786,
        -10.981203738955562,
        -10.980871434193066,
        -10.980539140215551,
        -10.980206857425198,
        -10.979874586223376,
        -10.979542327010703,
        -10.979210080186496,
        -10.978877846149437,
        -10.97854562529725,
        -10.978213418026595,
        -10.97788122473332,
        -10.977549045812346,
        -10.977216881657588,
        -10.976884732662095,
        -10.976552599218014,
        -10.9762204817166,
        -10.975888380548076,
        -10.975556296101734,
        -10.975224228766116,
        -10.974892178928588,
        -10.974560146975904,
        -10.974228133293579,
        -10.973896138266499,
        -10.973564162278308,
        -10.973232205711986,
        -10.972900268949592,
        -10.972568352371983,
        -10.972236456359518,
        -10.971904581291234,
        -10.971572727545484,
        -10.971240895499578,
        -10.970909085530085,
        -10.970577298012591,
        -10.970245533321428,
        -10.969913791830514,
        -10.96958207391251,
        -10.96925037993945,
        -10.96891871028204,
        -10.968587065310475,
        -10.96825544539386,
        -10.96792385090021,
        -10.967592282196968,
        -10.967260739650488,
        -10.966929223626039,
        -10.966597734488316,
        -10.966266272600981,
        -10.965934838326445,
        -10.965603432026715,
        -10.96527205406254,
        -10.964940704793984,
        -10.964609384580084,
        -10.964278093778796,
        -10.963946832747503,
        -10.9636156018425,
        -10.963284401419008,
        -10.962953231831671,
        -10.962622093434057,
        -10.962290986578703,
        -10.961959911617411,
        -10.961628868901016,
        -10.961297858779385,
        -10.96096688160165,
        -10.96063593771597,
        -10.96030502746915,
        -10.959974151208048,
        -10.959643309277594,
        -10.95931250202249,
        -10.958981729786311,
        -10.958650992911545,
        -10.95832029174007,
        -10.957989626612965,
        -10.957658997869784,
        -10.957328405849568,
        -10.956997850890914,
        -10.956667333330666,
        -10.956336853505155,
        -10.95600641175016,
        -10.955676008399866,
        -10.955345643787908,
        -10.955015318247353,
        -10.954685032109579,
        -10.954354785705966,
        -10.954024579366207,
        -10.953694413419429,
        -10.953364288194209,
        -10.95303420401754,
        -10.952704161215859,
        -10.952374160115049,
        -10.952044201039413,
        -10.951714284312814,
        -10.951384410258221,
        -10.95105457919725,
        -10.950724791451194,
        -10.950395047340452,
        -10.950065347184076,
        -10.94973569130011,
        -10.949406080006728,
        -10.94907651361997,
        -10.948746992455996,
        -10.948417516829291,
        -10.948088087053787,
        -10.947758703442865,
        -10.94742936630834,
        -10.947100075961476,
        -10.946770832712994,
        -10.946441636872047,
        -10.946112488747238,
        -10.945783388646628,
        -10.945454336876711,
        -10.945125333743437,
        -10.944796379552216,
        -10.944467474606887,
        -10.94413861921075,
        -10.943809813666569,
        -10.943481058275534,
        -10.943152353338418,
        -10.942823699155108,
        -10.94249509602416,
        -10.94216654424382,
        -10.941838044111337,
        -10.941509595923089,
        -10.941181199973887,
        -10.940852856558582,
        -10.94052456597103,
        -10.940196328503648,
        -10.939868144448315,
        -10.939540014096382,
        -10.939211937737637,
        -10.938883915661346,
        -10.938555948156237,
        -10.938228035509486,
        -10.937900178007741,
        -10.937572375937119,
        -10.937244629582185,
        -10.936916939226979,
        -10.936589305155014,
        -10.936261727648247,
        -10.93593420698812,
        -10.93560674345554,
        -10.935279337329872,
        -10.93495198889007,
        -10.934624698414222,
        -10.934297466179101,
        -10.933970292461183,
        -10.933643177536084,
        -10.933316121677988,
        -10.932989125160562,
        -10.932662188256954,
        -10.932335311238765,
        -10.932008494377087,
        -10.931681737942377,
        -10.931355042204006,
        -10.931028407430265,
        -10.930701833888813,
        -10.9303753218468,
        -10.930048871569834,
        -10.929722483323014,
        -10.929396157370924,
        -10.929069893976619,
        -10.92874369340264,
        -10.928417555911015,
        -10.928091481762246,
        -10.927765471216325,
        -10.927439524532623,
        -10.92711364196932,
        -10.926787823784093,
        -10.9264620702332,
        -10.92613638157217,
        -10.925810758056372,
        -10.925485199939871,
        -10.925159707475778,
        -10.924834280916699,
        -10.924508920513722,
        -10.924183626517541,
        -10.923858399178473,
        -10.923533238745305,
        -10.92320814546622,
        -10.922883119588782,
        -10.922558161359042,
        -10.92223327102267,
        -10.921908448824945,
        -10.921583695009643,
        -10.92125900981992,
        -10.92093439349811,
        -10.920609846285931,
        -10.920285368423365,
        -10.919960960150929,
        -10.919636621707623,
        -10.919312353331165,
        -10.918988155258896,
        -10.91866402772779,
        -10.918339970973301,
        -10.918015985230296,
        -10.917692070733034,
        -10.917368227714272,
        -10.917044456406396,
        -10.916720757041421,
        -10.916397129849862,
        -10.916073575061636,
        -10.915750092906068,
        -10.915426683610978,
        -10.915103347403825,
        -10.9147800845117,
        -10.914456895160198,
        -10.914133779574549,
        -10.91381073797871,
        -10.913487770595603,
        -10.913164877648237,
        -10.912842059358582,
        -10.912519315947339,
        -10.912196647634627,
        -10.911874054639979,
        -10.911551537181436,
        -10.911229095476683,
        -10.910906729742823,
        -10.910584440196608,
        -10.91026222705216,
        -10.909940090524161,
        -10.909618030826714,
        -10.909296048172433,
        -10.908974142773358,
        -10.908652314840953,
        -10.908330564585196,
        -10.908008892215717,
        -10.907687297941802,
        -10.907365781971253,
        -10.9070443445113,
        -10.90672298576838,
        -10.90640170594835,
        -10.906080505255595,
        -10.905759383894157,
        -10.905438342067738,
        -10.905117379978563,
        -10.904796497828292,
        -10.904475695818016,
        -10.904154974147358,
        -10.903834333015599,
        -10.90351377262169,
        -10.903193293163103,
        -10.902872894836758,
        -10.902552577839007,
        -10.902232342364737,
        -10.901912188608502,
        -10.90159211676453,
        -10.901272127025575,
        -10.900952219583841,
        -10.900632394630973,
        -10.900312652357155,
        -10.899992992952242,
        -10.899673416605767,
        -10.899353923505796,
        -10.899034513839851,
        -10.898715187794897,
        -10.898395945556445,
        -10.898076787309682,
        -10.897757713239477,
        -10.897438723529467,
        -10.897119818362063,
        -10.896800997919584,
        -10.896482262383351,
        -10.896163611933689,
        -10.895845046750829,
        -10.895526567013556,
        -10.895208172900569,
        -10.894889864587746,
        -10.894571642253846,
        -10.8942535060739,
        -10.893935456222856,
        -10.893617492875132,
        -10.893299616204827,
        -10.892981826384604,
        -10.892664123586588,
        -10.892346507982372,
        -10.892028979742106,
        -10.891711539035636,
        -10.891394186032505,
        -10.891076920900815,
        -10.890759743808141,
        -10.890442654921529,
        -10.890125654406587,
        -10.889808742428624,
        -10.889491919152654,
        -10.88917518474225,
        -10.888858539360466,
        -10.888541983169834,
        -10.888225516331449,
        -10.887909139006116,
        -10.887592851354343,
        -10.887276653535215,
        -10.886960545707291,
        -10.886644528028617,
        -10.886328600655808,
        -10.886012763745196,
        -10.885697017452816,
        -10.88538136193329,
        -10.885065797340713,
        -10.88475032382868,
        -10.884434941549355,
        -10.884119650654624,
        -10.883804451296085,
        -10.88348934362392,
        -10.8831743277878,
        -10.882859403936894,
        -10.882544572218945,
        -10.882229832781427,
        -10.881915185771527,
        -10.881600631335251,
        -10.881286169617418,
        -10.880971800762799,
        -10.880657524915206,
        -10.880343342217499,
        -10.88002925281249,
        -10.879715256841582,
        -10.879401354445678,
        -10.87908754576519,
        -10.878773830939114,
        -10.878460210106184,
        -10.878146683404864,
        -10.877833250972213,
        -10.8775199129448,
        -10.877206669458696,
        -10.876893520648576,
        -10.876580466648848,
        -10.876267507593658,
        -10.875954643615753,
        -10.87564187484739,
        -10.875329201420572,
        -10.875016623464306,
        -10.874704141111664,
        -10.874391754489777,
        -10.874079463727789,
        -10.873767268954138,
        -10.873455170295868,
        -10.873143167879538,
        -10.872831261831232,
        -10.872519452275638,
        -10.872207739337197,
        -10.871896123140095,
        -10.871584603807136,
        -10.87127318146064,
        -10.870961856222458,
        -10.870650628213049,
        -10.870339497552635,
        -10.870028464361182,
        -10.86971752875728,
        -10.86940669085904,
        -10.869095950784116,
        -10.868785308648764,
        -10.868474764569013,
        -10.868164318660645,
        -10.867853971038059,
        -10.8675437218152,
        -10.867233571105306,
        -10.866923519020931,
        -10.866613565673937,
        -10.866303711175489,
        -10.865993955636522,
        -10.865684299165915,
        -10.865374741872996,
        -10.865065283866631,
        -10.864755925254093,
        -10.864446666142648,
        -10.864137506639103,
        -10.863828446848448,
        -10.863519486875894,
        -10.863210626825746,
        -10.862901866801622,
        -10.862593206906464,
        -10.862284647242983,
        -10.86197618791185,
        -10.861667829013966,
        -10.861359570650459,
        -10.861051412920423,
        -10.860743355922725,
        -10.860435399755556,
        -10.860127544516434,
        -10.859819790302204,
        -10.859512137209034,
        -10.859204585332423,
        -10.858897134767195,
        -10.858589785607961,
        -10.858282537947295,
        -10.857975391878012,
        -10.857668347493169,
        -10.85736140488379,
        -10.857054564141139,
        -10.856747825353999,
        -10.856441188613214,
        -10.856134654007144,
        -10.854407750023599,
        -10.839230188776893,
        -10.811976218874584,
        -10.784630285366509,
        -10.757193147300587,
        -10.729665561371212,
        -10.702048281935626,
        -10.67434206100483,
        -10.646547648253128,
        -10.618665791019946,
        -10.590697234313932,
        -10.562642720817955,
        -10.534502990887285,
        -10.506278782559146,
        -10.477970831552263,
        -10.449579871270497,
        -10.421106632809675,
        -10.392551844958941,
        -10.363916234201225,
        -10.335200524721422,
        -10.30640543840958,
        -10.277531694859531,
        -10.248580011377086,
        -10.219551102984571,
        -10.19044568241993,
        -10.161264460140814,
        -10.132008144331852,
        -10.102677440906026,
        -10.073273053505122,
        -10.043795683511096,
        -10.014246030042441,
        -9.98462478995737,
        -9.954932657862004,
        -9.925170326115369,
        -9.895338484824856,
        -9.865437821855314,
        -9.835469022835417,
        -9.805432771151752,
        -9.775329747962916,
        -9.745160632198616,
        -9.714926100557834,
        -9.684626827522035,
        -9.654263485354697,
        -9.623836744102231,
        -9.593347271601253,
        -9.562795733481765,
        -9.532182793166259,
        -9.501509111880159,
        -9.470775348650927,
        -9.439982160314877,
        -9.409130201515815,
        -9.37822012471186,
        -9.347252580181353,
        -9.316228216021953,
        -9.285147678158825,
        -9.254011610342356,
        -9.222820654155445,
        -9.191575449019409,
        -9.160276632195341,
        -9.128924838783218,
        -9.097520701732801,
        -9.066064851847282,
        -9.03455791777827,
        -9.003000526036274,
        -8.971393300997956,
        -8.939736864900686,
        -8.908031837850729,
        -8.876278837823238,
        -8.844478480680456,
        -8.812631380157608,
        -8.780738147868824,
        -8.74879939331986,
        -8.71681572390902,
        -8.684787744929427,
        -8.652716059567197,
        -8.620601268911,
        -8.588443971957062,
        -8.556244765614611,
        -8.52400424470089,
        -8.491723001945239,
        -8.459401628004109,
        -8.427040711461064,
        -8.394640838818134,
        -8.362202594509009,
        -8.329726560909043,
        -8.297213318332068,
        -8.26466344502722,
        -8.23207751719257,
        -8.19945610897923,
        -8.166799792490886,
        -8.134109137784721,
        -8.101384712877318,
        -8.068627083758301,
        -8.035836814381712,
        -8.003014466667809,
        -7.9701606005171755,
        -7.937275773811179,
        -7.90436054241651,
        -7.871415460178366,
        -7.838441078934094,
        -7.805437948521833,
        -7.772406616775508,
        -7.739347629526655,
        -7.706261530611693,
        -7.673148861881476,
        -7.640010163199021,
        -7.60684597244087,
        -7.573656825499368,
        -7.540443256299487,
        -7.507205796793823,
        -7.473944976960325,
        -7.44066132481139,
        -7.40735536640114,
        -7.374027625833605,
        -7.340678625247723,
        -7.307308884832341,
        -7.2739189228366765,
        -7.240509255569411,
        -7.207080397391867,
        -7.173632860729834,
        -7.140167156086295,
        -7.106683792034619,
        -7.073183275217637,
        -7.039666110358571,
        -7.006132800271025,
        -6.972583845854449,
        -6.939019746095043,
        -6.905440998068488,
        -6.871848096961775,
        -6.838241536060471,
        -6.804621806745991,
        -6.770989398516066,
        -6.737344798987008,
        -6.703688493885539,
        -6.670020967055144,
        -6.636342700471995,
        -6.602654174239041,
        -6.568955866585549,
        -6.535248253882113,
        -6.501531810630198,
        -6.467807009482144,
        -6.4340743212425355,
        -6.400334214850465,
        -6.366587157403181,
        -6.332833614165181,
        -6.299074048560029,
        -6.265308922167628,
        -6.231538694738768,
        -6.1977638242060475,
        -6.163984766672498,
        -6.13020197641932,
        -6.09641590591043,
        -6.0626270058010965,
        -6.028835724941134,
        -5.99504251036534,
        -5.961247807312154,
        -5.927452059222283,
        -5.893655707745074,
        -5.8598591927348735,
        -5.826062952255125,
        -5.792267422598825,
        -5.758473038274893,
        -5.7246802320067935,
        -5.690889434756196,
        -5.65710107571569,
        -5.62331558231061,
        -5.589533380206311,
        -5.5557548933113505,
        -5.521980543777033,
        -5.488210752011968,
        -5.454445936674786,
        -5.42068651467915,
        -5.38693290119966,
        -5.353185509680953,
        -5.319444751838612,
        -5.28571103764734,
        -5.251984775366433,
        -5.218266371537496,
        -5.184556230980362,
        -5.150854756802179,
        -5.117162350400598,
        -5.083479411467865,
        -5.049806337997642,
        -5.016143526279548,
        -4.9824913709073515,
        -4.948850264790334,
        -4.915220599149197,
        -4.881602763514701,
        -4.847997145734943,
        -4.8144041319962705,
        -4.7808241068014565,
        -4.747257452981525,
        -4.713704551704388,
        -4.680165782480304,
        -4.646641523160517,
        -4.613132149934068,
        -4.579638037341442,
        -4.546159558280025,
        -4.512697084003646,
        -4.479250984119854,
        -4.445821626599916,
        -4.412409377785649,
        -4.379014602392135,
        -4.345637663500912,
        -4.312278922571791,
        -4.27893873945377,
        -4.245617472376402,
        -4.212315477954787,
        -4.179033111197307,
        -4.145770725508813,
        -4.112528672700624,
        -4.079307302975071,
        -4.046106964942773,
        -4.012928005632642,
        -3.9797707704827965,
        -3.9466356033478243,
        -3.913522846497883,
        -3.8804328406373414,
        -3.8473659248970504,
        -3.8143224368329762,
        -3.781302712437573,
        -3.7483070861443273,
        -3.7153358908332166,
        -3.682389457824343,
        -3.6494681168811165,
        -3.616572196231174,
        -3.5837020225581924,
        -3.5508579209964335,
        -3.518040215147115,
        -3.485249227084321,
        -3.452485277349547,
        -3.419748684953062,
        -3.387039767387553,
        -3.354358840625397,
        -3.3217062191295716,
        -3.289082215844565,
        -3.2564871422018293,
        -3.223921308138882,
        -3.1913850220897553,
        -3.158878590986817,
        -3.126402320265769,
        -3.0939565138761127,
        -3.06154147428387,
        -3.0291575024634048,
        -2.996804897911062,
        -2.9644839586497143,
        -2.932194981226037,
        -2.899938260716416,
        -2.8677140907310443,
        -2.835522763417103,
        -2.8033645694687657,
        -2.7712397981140113,
        -2.739148737129632,
        -2.7070916728512358,
        -2.6750688901659716,
        -2.6430806725166214,
        -2.611127301900237,
        -2.5792090588899677,
        -2.5473262226296014,
        -2.5154790708226535,
        -2.4836678797501013,
        -2.4518929242808416,
        -2.4201544778580493,
        -2.388452812508273,
        -2.3567881988509845,
        -2.3251609060999416,
        -2.2935712020613703,
        -2.262019353137148,
        -2.2305056243338983,
        -2.199030279269357,
        -2.1675935801696444,
        -2.136195787864262,
        -2.104837161802009,
        -2.0735179600564404,
        -2.0422384393267734,
        -2.010998854926977,
        -1.9797994608035054,
        -1.9486405095434822,
        -1.9175222523656072,
        -1.8864449391247033,
        -1.8554088183203565,
        -1.8244141371000981,
        -1.7934611412653183,
        -1.762550075264443,
        -1.731681182196572,
        -1.7008547038328539,
        -1.6700708806069333,
        -1.6393299516085862,
        -1.6086321546000901,
        -1.5779777260221362,
        -1.5473669009924638,
        -1.5167999133022234,
        -1.4862769954259798,
        -1.4557983785289896,
        -1.4253642924644703,
        -1.3949749657799688,
        -1.364630625715995,
        -1.3343314982078418,
        -1.3040778079051396,
        -1.2738697781623045,
        -1.243707631033992,
        -1.2135915872878298,
        -1.183521866414421,
        -1.153498686627345,
        -1.1235222648499685,
        -1.0935928167340916,
        -1.0637105566681304,
        -1.0338756977721175,
        -1.004088451892697,
        -0.9743490296144943,
        -0.9446576402769414,
        -0.91501449195836,
        -0.8854197914809638,
        -0.855873744418134,
        -0.8263765551057876,
        -0.7969284266364657,
        -0.7675295608570591,
        -0.738180158380632,
        -0.7088804185909684,
        -0.6796305396489387,
        -0.6504307184784022,
        -0.6212811507775751,
        -0.5921820310376755,
        -0.563133552530644,
        -0.5341359073091441,
        -0.5051892862147469,
        -0.4762938788902087,
        -0.4474498737717406,
        -0.41865745809173616,
        -0.38991681788559207,
        -0.3612281379958008,
        -0.33259160207877136,
        -0.30400739259482434,
        -0.275475690818196,
        -0.24699667685068027,
        -0.21857052961253354,
        -0.190197426842019,
        -0.1618775451081398,
        -0.1336110598138212,
        -0.10539814519818433,
        -0.0772389743315432,
        -0.0491337191213162,
        -0.021082550322484545,
        0.006914362458315226,
        0.03485685076915829,
        0.06274474731510588,
        0.09057788593228505,
        0.1183561015997126,
        0.146079230444298,
        0.17374710972174418,
        0.20135957782200536,
        0.22891647425882836,
        0.2564176396733908,
        0.28386291584203277,
        0.31125214564851755,
        0.33858517308994385,
        0.36586184329084387,
        0.39308200248090075,
        0.42024549799404026,
        0.4473521782697951,
        0.4744018928551248,
        0.5013944923975949,
        0.5283298286258238,
        0.5552077543717655,
        0.5820281235629801,
        0.6087907912058081,
        0.6354956133912835,
        0.6621424472860387,
        0.6887311511468579,
        0.715261584301578,
        0.7417336071454511,
        0.7681470811411454,
        0.7945018688210197,
        0.8207978337916713,
        0.8470348407016499,
        0.8732127552578295,
        0.899331444236777,
        0.9253907754583781,
        0.9513906177853834,
        0.9773308411261372,
        1.0032113164432193,
        1.029031915734345,
        1.0547925120246364,
        1.0804929793798106,
        1.1061331928970848,
        1.1317130287051782,
        1.1572323639524884,
        1.1826910768057286,
        1.2080890464590233,
        1.2334261531252684,
        1.2587022780220358,
        1.2839173033774849,
        1.3090711124358212,
        1.3341635894463832,
        1.3591946196531832,
        1.3841640892971836,
        1.4090718856263003,
        1.433917896884036,
        1.4587020122912917,
        1.483424122059099,
        1.5080841173940793,
        1.5326818904843476,
        1.5572173344858695,
        1.5816903435370162,
        1.6061008127540164,
        1.6304486382223178,
        1.6547337169961327,
        1.6789559470907094,
        1.7031152274836965,
        1.7272114581224198,
        1.7512445399061487,
        1.775214374681095,
        1.7991208652540565,
        1.8229639153815025,
        1.8467434297595728,
        1.8704593140295345,
        1.8941114747768732,
        1.9176998195253836,
        1.9412242567289835,
        1.9646846957721713,
        1.9880810469786665,
        2.0114132215914013,
        2.034681131781619,
        2.0578846906425046,
        2.0810238121769125,
        2.104098411313281,
        2.1271084038974477,
        2.1500537066744623,
        2.1729342372995015,
        2.1957499143396886,
        2.2185006572645447,
        2.241186386435077,
        2.2638070231119647,
        2.2863624894596537,
        2.3088527085304413,
        2.3312776042567456,
        2.353637101464752,
        2.375931125868955,
        2.398159604060791,
        2.420322463508187,
        2.4424196325555596,
        2.4644510404256366,
        2.4864166172121807,
        2.508316293872718,
        2.5301500022248984,
        2.55191767496105,
        2.5736192456354483,
        2.595254648646581,
        2.6168238192562505,
        2.6383266935813876,
        2.6597632085858693,
        2.6811333020809753,
        2.7024369127190218,
        2.723673980000183,
        2.744844444269768,
        2.7659482466991197,
        2.786985329291528,
        2.8079556348990584,
        2.8288591071957234,
        2.8496956906756643,
        2.8704653306590635,
        2.891167973294423,
        2.91180356555447,
        2.9323720552138766,
        2.9528733908669977,
        2.973307521928328,
        2.9936743986161285,
        3.013973971952433,
        3.034206193764413,
        3.0543710166848306,
        3.074468394148861,
        3.09449828038136,
        3.1144606304000475,
        3.134355400022333,
        3.1541825458553103,
        3.173942025286211,
        3.1936337964887738,
        3.2132578184227882,
        3.232814050826823,
        3.2523024542141354,
        3.271722989871762,
        3.2910756198646136,
        3.3103603070259275,
        3.3295770149527235,
        3.3487257080058024,
        3.3678063513161174,
        3.386818910777498,
        3.4057633530284646,
        3.4246396454654136,
        3.4434477562494457,
        3.454423304904468,
        3.4561405502982043,
        3.4563979188438525,
        3.4566552134429265,
        3.4569124343003206,
        3.457169581623487,
        3.457426655618345,
        3.4576836564915543,
        3.457940584452795,
        3.4581974397111273,
        3.458454222474543,
        3.4587109329558747,
        3.458967571365981,
        3.4592241379160207,
        3.459480632819728,
        3.4597370562893217,
        3.4599934085400577,
        3.4602496897879536,
        3.46050590024752,
        3.460762040135854,
        3.4610181096708237,
        3.461274109069249,
        3.4615300385514556,
        3.461785898336725,
        3.462041688645119,
        3.4622974096992998,
        3.46255306172044,
        3.462808644930499,
        3.4630641595544986,
        3.4633196058164315,
        3.4635749839410854,
        3.4638302941558625,
        3.464085536686235,
        3.4643407117602942,
        3.4645958196069357,
        3.4648508604540424,
        3.4651058345330323,
        3.465360742074316,
        3.465615583309119,
        3.465870358471299,
        3.466125067793261,
        3.4663797115082304,
        3.466634289852529,
        3.466888803061487,
        3.4671432513712643,
        3.46739763502067,
        3.4676519542470743,
        3.467906209288686,
        3.4681604003868256,
        3.4684145277818375,
        3.4686685917149127,
        3.468922592429908,
        3.469176530168803,
        3.469430405176251,
        3.4696842176977594,
        3.4699379679783338,
        3.470191656264295,
        3.4704452828060135,
        3.4706988478488148,
        3.470952351643898,
        3.4712057944415187,
        3.4714591764909892,
        3.4717124980465943,
        3.471965759361229,
        3.4722189606864,
        3.4724721022785965,
        3.472725184392926,
        3.4729782072853905,
        3.47323117121471,
        3.473484076437778,
        3.4737369232142115,
        3.473989711804535,
        3.474242442468365,
        3.4744951154689616,
        3.4747477310686836,
        3.47500028953081,
        3.4752527911213633,
        3.475505236105019,
        3.4757576247473856,
        3.476009957317277,
        3.4762622340830815,
        3.47651445531231,
        3.4767666212775095,
        3.477018732249447,
        3.477270788499386,
        3.477522790301364,
        3.4777747379281028,
        3.4780266316555597,
        3.4782784717606576,
        3.478530258519016,
        3.478781992209044,
        3.4790336731101283,
        3.4792853015008163,
        3.4795368776633677,
        3.479788401879211,
        3.480039874430765,
        3.480291295603262,
        3.480542665680207,
        3.4807939849483787,
        3.4810452536932894,
        3.48129647220419,
        3.4815476407686177,
        3.4817987596792186,
        3.4820498292242066,
        3.4823008496960024,
        3.4825518213885127,
        3.4828027445957677,
        3.4830536196119275,
        3.483304446734012,
        3.4835552262569047,
        3.483805958482451,
        3.4840566437080946,
        3.4843072822341554,
        3.484557874360653,
        3.4848084203927665,
        3.4850589206317446,
        3.485309375384459,
        3.485559784953405,
        3.4858101496480716,
        3.4860604697754023,
        3.4863107456447957,
        3.486560977565384,
        3.486811165848766,
        3.4870613108076487,
        3.487311412753573,
        3.4875614720042014,
        3.4878114888714937,
        3.488061463675355,
        3.488311396731366,
        3.4885612883598762,
        3.488811138881012,
        3.4890609486155886,
        3.489310717884205,
        3.4895604470145254,
        3.4898101363280962,
        3.4900597861517197,
        3.4903093968120023,
        3.490558968638542,
        3.490808501959385,
        3.4910579971060365,
        3.4913074544084597,
        3.491556874201903,
        3.4918062568196313,
        3.492055602597931,
        3.4923049118711122,
        3.4925541849787947,
        3.4928034222586306,
        3.4930526240540454,
        3.4933017907024184,
        3.493550922548729,
        3.493800019936014,
        3.494049083211285,
        3.4942981127182566,
        3.494547108806902,
        3.4947960718243647,
        3.495045002122238,
        3.4952939000520247,
        3.4955427659655975,
        3.495791600216568,
        3.496040403163021,
        3.496289175158427,
        3.496537916563013,
        3.496786627734224,
        3.497035309033544,
        3.4972839608237787,
        3.4975325834672395,
        3.497781177327114,
        3.498029742772476,
        3.498278280167374,
        3.498526789882211,
        3.4987752722864713,
        3.499023727751909,
        3.499272156649375,
        3.499520559356095,
        3.4997689362438558,
        3.500017287692651,
        3.500265614078867,
        3.500513915783018,
        3.500762193184296,
        3.5010104466683085,
        3.5012586766152616,
        3.501506883414063,
        3.5017550674482325,
        3.5020032291077317,
        3.5022513687816943,
        3.502499486861617,
        3.502747583738183,
        3.502995659808089,
        3.503243715464959,
        3.503491751106171,
        3.503739767130136,
        3.5039877639367596,
        3.5042357419269954,
        3.5044837015055794,
        3.504731643073762,
        3.504979567040229,
        3.505227473811559,
        3.5054753637976876,
        3.5057232374069143,
        3.5059710950536376,
        3.5062189371488155,
        3.5064667641117953,
        3.5067145763562246,
        3.5069623743014273,
        3.5072101583669535,
        3.5074579289757724,
        3.5077056865492766,
        3.507953431514567,
        3.508201164294908,
        3.508448885321109,
        3.508696595022434,
        3.508944293829794,
        3.5091919821748445,
        3.509439660494999,
        3.5096873292247937,
        3.509934988803173,
        3.5101826396684968,
        3.5104302822635494,
        3.5106779170310007,
        3.510925544416145,
        3.5111731648641795,
        3.511420778825215,
        3.5116683867474654,
        3.5119159890840748,
        3.5121635862885814,
        3.5124111788153796,
        3.5126587671210943,
        3.5129063516673167,
        3.513153932911522,
        3.513401511317987,
        3.513649087350529,
        3.5138966614761498,
        3.514144234160043,
        3.514391805875154,
        3.514639377090366,
        3.514886948282332,
        3.5151345199232082,
        3.515382092492484,
        3.515629666467446,
        3.515877242330914,
        3.5161248205635247,
        3.516372401652833,
        3.5166199860833194,
        3.5168675743450404,
        3.517115166928635,
        3.5173627643257914,
        3.517610367031075,
        3.5178579755423947,
        3.518105590356464,
        3.518353211976089,
        3.518600840901539,
        3.5188484776373765,
        3.519096122692471,
        3.51934377657364,
        3.519591439792484,
        3.519839112860392,
        3.5200867962940126,
        3.520334490607988,
        3.5205821963249697,
        3.520829913961531,
        3.521077644044098,
        3.521325387097134,
        3.5215731436486104,
        3.5218209142268333,
        3.5220686993654597,
        3.5223164995962306,
        3.5225643154580797,
        3.5228121474875946,
        3.523059996226306,
        3.52330786221524,
        3.5235557460022107,
        3.523803648132279,
        3.524051569156861,
        3.5242995096260104,
        3.524547470095251,
        3.5247954511210438,
        3.5250434532617065,
        3.5252914770765202,
        3.525539523133014,
        3.525787591993794,
        3.5260356842279243,
        3.526283800405936,
        3.526531941100751,
        3.526780106886788,
        3.5270282983449746,
        3.527276516051394,
        3.5275247605909423,
        3.5277730325477896,
        3.5280213325108534,
        3.528269661068808,
        3.528518018815104,
        3.528766406342522,
        3.5290148242527386,
        3.529263273142697,
        3.5295117536164478,
        3.529760266277428,
        3.530008811736666,
        3.5302573906014243,
        3.530506003487039,
        3.530754651007386,
        3.5310033337821705,
        3.5312520524319404,
        3.531500807580376,
        3.531749599853851,
        3.5319984298814457,
        3.5322472982945103,
        3.532496205728954,
        3.532745152820712,
        3.532994140210765,
        3.533243168540609,
        3.5334922384577254,
        3.5337413506083233,
        3.533990505646906,
        3.5342397042244627,
        3.5344889469998555,
        3.53473823463256,
        3.5349875677858638,
        3.5352369471241567,
        3.535486373317951,
        3.53573584703662,
        3.5359853689575127,
        3.5362349397564214,
        3.5364845601148756,
        3.5367342307147007,
        3.5369839522457704,
        3.537233725394652,
        3.5374835508569067,
        3.5377334293252827,
        3.537983361501101,
        3.5382333480870014,
        3.538483389787414,
        3.5387334873099423,
        3.5389836413676568,
        3.539233852674566,
        3.539484121950185,
        3.5397344499145498,
        3.5399848372927876,
        3.5402352848119514,
        3.540485793206043,
        3.540736363206938,
        3.540986995553501,
        3.5412376909866046,
        3.5414884502518755,
        3.5417392740974467,
        3.5419901632744284,
        3.5422411185360216,
        3.542492140644361,
        3.542743230359621,
        3.5429943884473145,
        3.5432456156751306,
        3.543496912818414,
        3.5437482806506373,
        3.543999719955246,
        3.5442512315115846,
        3.5445028161090155,
        3.5447544745378474,
        3.5450062075925417,
        3.5452580160712803,
        3.545509900776443,
        3.545761862511904,
        3.5460139020898755,
        3.5462660203222924,
        3.5465182180258377,
        3.546770496021511,
        3.547022855135565,
        3.547275296194981,
        3.547527820034314,
        3.5477804274884432,
        3.5480331193994186,
        3.5482858966114814,
        3.5485387599738223,
        3.5487917103378748,
        3.5490447485623453,
        3.549297875505964,
        3.5495510920366034,
        3.549804399021759,
        3.550057797335394,
        3.5503112878547842,
        3.5505648714628193,
        3.5508185490462116,
        3.551072321493249,
        3.551326189700644,
        3.551580154566741,
        3.5518342169970025,
        3.5520883778972148,
        3.552342638180338,
        3.5525969987642623,
        3.552851460570473,
        3.553106024524079,
        3.553360691556117,
        3.5536154626008516,
        3.5538703386003556,
        3.554125320497261,
        3.5543804092416136,
        3.5546356057854465,
        3.55489091109054,
        3.555146326117086,
        3.5554018518355437,
        3.5556574892171207,
        3.55591323924108,
        3.5561691028897733,
        3.556425081151399,
        3.556681175017308,
        3.556937385487041,
        3.557193713561082,
        3.5574501602499904,
        3.5577067265648843,
        3.55796341352475,
        3.5582202221510206,
        3.558477153475341,
        3.558734208527781,
        3.558991388350966,
        3.5592486939860155,
        3.559506126483951,
        3.559763686900272,
        3.560021376295448,
        3.560279195734047,
        3.5605371462893207,
        3.5607952290368736,
        3.561053445059704,
        3.56131179544597,
        3.5615702812899346,
        3.5618289036892783,
        3.562087663751959,
        3.562346562587156,
        3.562605601312587,
        3.5628647810495435,
        3.563124102927482,
        3.563383568081334,
        3.5636431776520023,
        3.5639029327832215,
        3.5641628346302365,
        3.564422884350752,
        3.5646830831104324,
        3.5649434320779414,
        3.565203932432716,
        3.565464585355461,
        3.565725392040017,
        3.5659863536797616,
        3.5662474714767494,
        3.566508746641302,
        3.5667701803884166,
        3.56703177394054,
        3.5672935285253407,
        3.5675554453775757,
        3.5678175257409555,
        3.568079770863645,
        3.5683421820005856,
        3.568604760412633,
        3.5688675073720635,
        3.56913042415171,
        3.569393512036834,
        3.569656772315627,
        3.5699202062865356,
        3.5701838152533125,
        3.570447600527794,
        3.570711563427225,
        3.5709757052793134,
        3.5712400274150067,
        3.571504531177639,
        3.5717692179134377,
        3.5720340889788518,
        3.5722991457351494,
        3.572564389556204,
        3.5728298218171832,
        3.5730954439064253,
        3.5733612572159483,
        3.5736272631492367,
        3.5738934631140244,
        3.574159858529172,
        3.574426450819272,
        3.574693241419251,
        3.574960231769432,
        3.575227423320137,
        3.57549481752948,
        3.575762415864332,
        3.576030219797658,
        3.5762982308154014,
        3.576566450406993,
        3.5768348800745153,
        3.577103521325486,
        3.577372375677472,
        3.577641444657701,
        3.5779107298013075,
        3.578180232650944,
        3.5784499547613966,
        3.5787198976928316,
        3.5789900630181393,
        3.5792604523161824,
        3.5795310671773217,
        3.5798019091980304,
        3.5800729799905144,
        3.580344281169142,
        3.5806158143618827,
        3.580887581204927,
        3.581159583345939,
        3.581431822439587,
        3.581704300152617,
        3.581977018159385,
        3.582249978146932,
        3.5825231818105157,
        3.582796630856416,
        3.583070326999285,
        3.583344271967229,
        3.5836184674950675,
        3.5838929153307797,
        3.5841676172328567,
        3.584442574967659,
        3.584717790316316,
        3.5849932650657177,
        3.58526900101815,
        3.5855449999845552,
        3.5858212637875786,
        3.586097794260061,
        3.586374593247628,
        3.586651662604915,
        3.5869290042013398,
        3.5872066199141446,
        3.5874845116343996,
        3.5877626812630026,
        3.5880411307160003,
        3.5883198619167267,
        3.5885988768040806,
        3.5888781773267127,
        3.5891577654467572,
        3.589437643138568,
        3.589717812387906,
        3.589998275192723,
        3.5902790335657597,
        3.5905600895285126,
        3.5908414451202,
        3.591123102388319,
        3.5914050633960257,
        3.5916873302170083,
        3.591969904942418,
        3.592252789670517,
        3.592535986519747,
        3.592819497616105,
        3.593103325103034,
        3.5933874711353933,
        3.5936719378836663,
        3.5939567275304354,
        3.594241842273908,
        3.594527284325535,
        3.59481305591126,
        3.5950991592714145,
        3.5953855966610653,
        3.5956723703487707,
        3.5959594826203403,
        3.596246935773049,
        3.5965347321228087,
        3.5968228739972465,
        3.5971113637419725,
        3.5974002037157047,
        3.59768939629563,
        3.597978943870259,
        3.598268848848654,
        3.5985591136523785,
        3.5988497407204054,
        3.599140732507665,
        3.5994320914856366,
        3.5997238201406696,
        3.600015920979809,
        3.6003083965216147,
        3.6006012493056314,
        3.600894481885254,
        3.601188096834244,
        3.6014820967409644,
        3.6017764842137625,
        3.6020712618749804,
        3.6023664323692928,
        3.6026619983559067,
        3.602957962513492,
        3.603254327538519,
        3.6035510961470125,
        3.6038482710713007,
        3.604145855064727,
        3.604443850898177,
        3.604742261362974,
        3.6050410892671816,
        3.6053403374414588,
        3.605640008733548,
        3.6059401060120857,
        3.6062406321651896,
        3.6065415901024522,
        3.606842982750574,
        3.6071448130605956,
        3.6074470840010293,
        3.607749798564414,
        3.608052959759997,
        3.608356570623249,
        3.60866063420673,
        3.608965153587561,
        3.609270131862389,
        3.6095755721528167,
        3.6098814775983232,
        3.6101878513655654,
        3.610494696640165,
        3.6108020166328316,
        3.6111098145754754,
        3.611418093725059,
        3.6117268573603982,
        3.6120361087848813,
        3.612345851325322,
        3.612656088333772,
        3.612966823184335,
        3.6132780592779365,
        3.613589800038919,
        3.613902048917997,
        3.614214809388628,
        3.6145280849529318,
        3.614841879136017,
        3.615156195490998,
        3.6154710375951464,
        3.61578640905514,
        3.6161023135002637,
        3.616418754590848,
        3.616735736011475,
        3.6170532614766953,
        3.6173713347251475,
        3.6176899595282377,
        3.6180091396813117,
        3.6183288790111994,
        3.618649181371261,
        3.618970050646891,
        3.6192914907489793,
        3.61961350562124,
        3.6199360992354985,
        3.6202592755958434,
        3.620583038733921,
        3.6209073927146838,
        3.621232341632831,
        3.6215578896158345,
        3.621884040820613,
        3.62221079943816,
        3.6225381696918104,
        3.6228661558355153,
        3.623194762158483,
        3.623523992981863,
        3.62385385266181,
        3.624184345585947,
        3.624515476179389,
        3.624847248899398,
        3.6251796682395976,
        3.62551273872759,
        3.625846464929404,
        3.626180851443033,
        3.6265159029069816,
        3.626851623993355,
        3.6271880194145987,
        3.6275250939163706,
        3.6278628522872425,
        3.628201299349762,
        3.6285404399681207,
        3.6288802790433157,
        3.6292208215183264,
        3.629562072373741,
        3.6299040366313506,
        3.630246719354108,
        3.630590125645864,
        3.6309342606504287,
        3.631279129556547,
        3.631624737592879,
        3.631971090032075,
        3.6323181921896337,
        3.63266604942594,
        3.633014667143318,
        3.6333640507910356,
        3.633714205862138,
        3.63406513789665,
        3.634416852477965,
        3.63476935524015,
        3.635122651860257,
        3.6354767480658667,
        3.6358316496303673,
        3.6361873623786938,
        3.6365438921810282,
        3.636901244960597,
        3.637259426688294,
        3.6376184433886736,
        3.637978301133452,
        3.6383390060502405,
        3.6387005643162875,
        3.6390629821626823,
        3.6394262658744756,
        3.6397904217903516,
        3.6401554563029905,
        3.6405213758617117,
        3.64088818697058,
        3.641255896191516,
        3.6416245101412845,
        3.641994035496668,
        3.6423644789914666,
        3.6427358474201026,
        3.6431081476332716,
        3.6434813865465636,
        3.6438555711331793,
        3.644230708429385,
        3.6446068055333862,
        3.644983869607617,
        3.6453619078760404,
        3.6457409276294155,
        3.6461209362223865,
        3.646501941076951,
        3.6468839496791157,
        3.647266969586478,
        3.6476510084208082,
        3.648036073875878,
        3.648422173713024,
        3.648809315767175,
        3.649197507940847,
        3.649586758212241,
        3.6499770746301676,
        3.6503684653201223,
        3.6507609384790056,
        3.651154502382816,
        3.651549165381847,
        3.651944935904084,
        3.6523418224570223,
        3.652739833626767,
        3.6531389780789696,
        3.653539264561817,
        3.6539407019044954,
        3.654343299020661,
        3.6547470649055667,
        3.6551520086427445,
        3.65555813939934,
        3.655965466431008,
        3.65637399908023,
        3.656783746781467,
        3.6571947190554153,
        3.6576069255182833,
        3.658020375875624,
        3.658435079929825,
        3.658851047573744,
        3.6592682888009627,
        3.6596868136985474,
        3.6601066324541516,
        3.6605277553531317,
        3.6609501927836394,
        3.66137395523332,
        3.6617990532951215,
        3.6622254976660766,
        3.6626532991490595,
        3.6630824686525134,
        3.66351301719634,
        3.663944955907803,
        3.6643782960265465,
        3.664813048904407,
        3.665249226008428,
        3.6656868389188944,
        3.6661258993353467,
        3.6665664190744334,
        3.667008410074151,
        3.6674518843915163,
        3.6678968542098063,
        3.6683433318342336,
        3.668791329698554,
        3.6692408603616977,
        3.6696919365153398,
        3.6701445709798994,
        3.670598776709888,
        3.671054566794282,
        3.671511954458061,
        3.6719709530664986,
        3.672431576120849,
        3.6728938372692843,
        3.673357750299685,
        3.6738233291479108,
        3.674290587895877,
        3.674759540777616,
        3.675230202175595,
        3.675702586628435,
        3.676176708829113,
        3.676652583629789,
        3.6771302260403047,
        3.677609651234898,
        3.678090874551226,
        3.678573911492833,
        3.6790587777332457,
        3.67954548911738,
        3.6800340616616194,
        3.680524511560527,
        3.6810168551856415,
        3.6815111090906734,
        3.6820072900101577,
        3.682505414867918,
        3.683005500772845,
        3.6835075650276767,
        3.6840116251266823,
        3.6845176987636257,
        3.6850258038274943,
        3.685535958413508,
        3.6860481808187204,
        3.6865624895510782,
        3.6870789033260296,
        3.687597441076368,
        3.6881181219493984,
        3.688640965313476,
        3.6891659907607375,
        3.6896932181094275,
        3.6902226674071987,
        3.6907543589355996,
        3.69128831321235,
        3.691824550996407,
        3.6923630932878595,
        3.6929039613372088,
        3.693447176643347,
        3.693992760960916,
        3.694540736302514,
        3.6950911249441423,
        3.695643949425726,
        3.696199232559663,
        3.696756997431031,
        3.697317267405596,
        3.697880066128129,
        3.698445417533521,
        3.699013345846389,
        3.699583875588489,
        3.70015703157939,
        3.700732838947013,
        3.7013113231255166,
        3.7018925098662354,
        3.702476425237792,
        3.7030630956351667,
        3.7036525477802247,
        3.7042448087314277,
        3.7048399058865997,
        3.7054378669885186,
        3.7060387201297007,
        3.7066424937611537,
        3.7072492166935085,
        3.707858918106213,
        3.708471627551843,
        3.709087374963471,
        3.709706190658528,
        3.710328105347317,
        3.7109531501380237,
        3.711581356544798,
        3.7122127564907372,
        3.7128473823203216,
        3.7134852668006166,
        3.7141264431319283,
        3.7147709449533757,
        3.7154188063517823,
        3.716070061865492,
        3.7167247464976487,
        3.7173828957178117,
        3.718044545476003,
        3.7187097322032754,
        3.7193784928292657,
        3.7200508647812764,
        3.7207268860003535,
        3.721406594943897,
        3.722090030600957,
        3.722777232494762,
        3.72346824069679,
        3.7241630958349137,
        3.7248618391024086,
        3.725564512267632,
        3.72627115768618,
        3.7269818183091625,
        3.7276965376937508,
        3.728415360015761,
        3.729138330079745,
        3.7298654933279516,
        3.7305968958561184,
        3.731332584421562,
        3.7320726064578817,
        3.7328170100833358,
        3.733565844119255,
        3.734319158096005,
        3.735077002272184,
        3.7358394276429725,
        3.736606485958778,
        3.7373782297332756,
        3.7381547122633485,
        3.7389359876398074,
        3.7397221107650225,
        3.740513137364304,
        3.741309124007178,
        3.742110128117417,
        3.742916207994352,
        3.743727422824553,
        3.744543832704578,
        3.745365498653889,
        3.7461924826340787,
        3.747024847567837,
        3.747862657357884,
        3.7487059769043016,
        3.7495548721250387,
        3.750409409978248,
        3.7512696584785066,
        3.7521356867210214,
        3.7530075649027106,
        3.753885364343567,
        3.754769157508101,
        3.75565901803188,
        3.756555020741805,
        3.7574572416831065,
        3.758365758140344,
        3.759280648668562,
        3.760201993113712,
        3.7611298726430418,
        3.7620643697706937,
        3.7630055683885413,
        3.763953553789086,
        3.7649084127029546,
        3.7658702333219125,
        3.766839105336283,
        3.7678151199595287,
        3.7687983699693297,
        3.7697889497331385,
        3.7707869552486977,
        3.7717924841756765,
        3.7728056358734547,
        3.7738265114371305,
        3.7748552137367786,
        3.7758918474565832,
        3.776936519134097,
        3.7779893372012596,
        3.7790504120287904,
        3.780119855967409,
        3.7811977833936354,
        3.7822843107552178,
        3.7833795566196304,
        3.78448364171909,
        3.785596689005092,
        3.786718823694772,
        3.787850173328698,
        3.788990867817623,
        3.7901410395073545,
        3.7913008232265426,
        3.7924703563524607,
        3.793649778867315,
        3.7948392334231036,
        3.796038865401896,
        3.7972488229861425,
        3.798469257222708,
        3.7997003220952426,
        3.800942174592233,
        3.802194974785116,
        3.8034588859017586,
        3.8047340744049265,
        3.806020710072406,
        3.807318966082278,
        3.8086290190952403,
        3.809951049345205,
        3.8112852407287243,
        3.8126317809001447,
        3.813990861364654,
        3.815362677582262,
        3.816747429066701,
        3.818145319493892,
        3.8195565568071497,
        3.8209813533353842,
        3.8224199259035108,
        3.8238724959558903,
        3.8253392896783938,
        3.826820538127638,
        3.8283164773593734,
        3.8298273485693493,
        3.8313533982291097,
        3.832894878236426,
        3.834452046058047,
        3.836025164894056,
        3.8376145038290144,
        3.8392203380037455,
        3.840842948783879,
        3.842482623938557,
        3.844139657821364,
        3.8458143515618906,
        3.8475070132613975,
        3.8492179581957644,
        3.8509475090239973,
        3.8526959960086975,
        3.854463757239041,
        3.8562511388640863,
        3.8580584953365262,
        3.8598861896613172,
        3.8617345936543526,
        3.863604088214951,
        3.8654950636014576,
        3.867407919723327,
        3.869343066437416,
        3.871300923865098,
        3.8732819227097797,
        3.875286504596035,
        3.877315122416125,
        3.8793682406944794,
        3.8814463359575715,
        3.8835498971323226,
        3.8856794259448417,
        3.887835437347481,
        3.8900184599524588,
        3.8922290364941903,
        3.894467724297292,
        3.896735095775224,
        3.8990317389429907,
        3.901358257951458,
        3.903715273645672,
        3.906103424145766,
        3.9085233654502285,
        3.9109757720686464,
        3.9134613376802037,
        3.9159807758165406,
        3.9185348205770074,
        3.9211242273791687,
        3.9237497737354827,
        3.926412260068967,
        3.9291125105576126,
        3.9318513740301118,
        3.9346297248915088,
        3.9374484640940794,
        3.9403085201466266,
        3.9432108501873055,
        3.9461564410884598,
        3.9491463106207023,
        3.9521815086750545,
        3.9552631185343863,
        3.9583922582190034,
        3.961570081885325,
        3.9647977813013395,
        3.968076587384159,
        3.9714077718313674,
        3.9747926488165675,
        3.9782325767811777,
        3.9817289603105612,
        3.9852832521144834,
        3.9888969551054845,
        3.9925716245848033,
        3.9963088705427934,
        4.000110360090068,
        4.003977820011844,
        4.007913039458223,
        4.01191787278771,
        4.0159942425672535,
        4.020144142736538,
        4.024369641950856,
        4.0286728871104955,
        4.033056107102263,
        4.03752161674702,
        4.0420718209825015,
        4.046709219288208,
        4.051436410384029,
        4.056256097201135,
        4.061171092159658,
        4.066184322765538,
        4.0712988375660455,
        4.07651781246421,
        4.0818445574453275,
        4.087282523718872,
        4.092835311343262,
        4.098506677332898,
        4.104300544305598,
        4.110221009706667,
        4.116272355665109,
        4.122459059515251,
        4.128785805044623,
        4.135257494534892,
        4.141879261654653,
        4.14865648527448,
        4.1555948042807485,
        4.162700133479468,
        4.169978680685999,
        4.177436965093937,
        4.185081837046977,
        4.1929204993323035,
        4.200960530148981,
        4.209209907885022,
        4.21767703788978,
        4.226370781415331,
        4.2353004869618065,
        4.244476024229939,
        4.253907820956385,
        4.263606902915064,
        4.273584937423219,
        4.283854280684875,
        4.294428029396345,
        4.30532007705973,
        4.316545175521967,
        4.32811900229709,
        4.340058234330515,
        4.352380628927911,
        4.36510511268512,
        4.378251879341356,
        4.391842497630313,
        4.4059000303325035,
        4.420449165926457,
        4.435516364399144,
        4.451130019041006,
        4.467320636301319,
        4.484121036108265,
        4.501566575411618,
        4.519695398157778,
        4.538548715410045,
        4.558171119961654
      ],
      "notes": [
        "牛顿近似：I1/I2/q0 用 Bararpour 2025 式 2.24-2.26 解析闭包；HB 精确闭包留 Tier 2（T2-1/T2-2）。",
        "I3 采用 d2dga_flux 现有版本（Zhang 2022 式 4.26，分母 2m·[...]）；与 Bararpour 式 2.27（分母 12·[...]）的标度差异留待 Tier 1 核实。",
        "b 为 Zhang 2022 标度（μ_mud 归一）；Bararpour 几何平均黏度标度需 ×√m，Tier 0 未重标定。",
        "通量函数 F=q0+b·I3 存在凸区间：激波已按 Rankine-Hugoniot（式 3.9，上凹包络弦）处理。",
        "输入提取：m=μ_mud/μ_cement=0.0697（μ_mud=0.066 Pa·s，μ_cement=0.947 Pa·s）；b=5.03707（result.summary['buoyancy_number']）；e=0.5060（result.geom['e'] 深度平均）。"
      ]
    },
    "displacement_metrics": {
      "mud_retention_fraction": 0.538192,
      "phi_m_phi_c_profile": [
        1000000000000.0,
        3.479983318166578,
        0.8231204766156911,
        0.495482640483856,
        0.25701327155160014,
        0.11568528184143678,
        0.04444066634832106,
        0.014703573210054274,
        0.0044930425310338125,
        0.0016608611197651043,
        0.0012152820164000723,
        0.0014563786033937047,
        0.0018538874643692941,
        0.0023210950141798253,
        0.002913473634334196,
        0.003606210595651607,
        0.004345266301876359,
        0.005071644638266762,
        0.0057835528941233795,
        0.00654689719556864,
        0.007407513820278336,
        0.008334433681212394,
        0.009217210420657635,
        0.009940694137304128,
        0.01052270909900475,
        0.010856071943630155,
        0.010723055905559433,
        0.010943013709533662,
        0.011890335718421128,
        0.014030472868281322,
        0.01675269076184207,
        0.01937423445768742,
        0.022062933979404214,
        0.025089148050599842,
        0.02795121472285467,
        0.030416781505077786,
        0.03227341320383281,
        0.03350096137722683,
        0.03397476008812854,
        0.033478143950841525,
        0.03243959650818811,
        0.03182918358802763,
        0.031582039773831054,
        0.031661842785667894,
        0.03258267178306371,
        0.03669902790126597,
        0.04137500462705443,
        0.044451626295581415,
        0.044975115011237174,
        0.04528433734603485,
        0.045124420224411876,
        0.044610530679864875,
        0.0440208761396416,
        0.04315744196963042,
        0.04255946934116533,
        0.04213073305693768,
        0.0419256708222508,
        0.04177956564246943,
        0.04179046756173591,
        0.042150428007279896,
        0.043558355515389065,
        0.047611146273936214,
        0.053905718916584903,
        0.060146391884879115,
        0.06446469871635829,
        0.06788890073965542,
        0.07070396401066562,
        0.07237733261631839,
        0.07361485341576335,
        0.0730632059678396,
        0.07115937873804856,
        0.07003328646537044,
        0.06976205723454147,
        0.06939076919620231,
        0.06883182896717613,
        0.06915890549896424,
        0.06903395643632582,
        0.06776076556289015,
        0.06441512027763954,
        0.062309524515773256,
        0.062274562550591175,
        0.06411112586876261,
        0.0657423171975192,
        0.06626450941430787,
        0.06615409677465313,
        0.06584389915773736,
        0.06523102975454395,
        0.06498508348461658,
        0.06568127093349961,
        0.06762953979042115,
        0.06896443562254236,
        0.06875262878585672,
        0.06790759054757704,
        0.06716174771923472,
        0.06797806722498792,
        0.07389791832642605,
        0.0865165330273228,
        0.08500304575517272,
        0.08238880432717313,
        0.08779151133204612,
        0.07872496686285778,
        0.07574928331591264,
        0.10242356502956608,
        0.23327528979915937,
        26.138752459636702,
        78.30576949715535,
        27.546228416605075,
        113.01030340972363,
        93.58872927631798,
        155.1726378106634,
        192.95286845318523,
        450.2479657857508,
        423.25806249885807,
        412.25497993957504,
        403.4360911842532,
        397.0631857306855,
        393.20276003691754,
        392.2966774261579,
        392.21459507675416,
        392.07025570936224,
        390.9025139110276,
        389.3955071706792,
        388.69518969792375,
        389.30822478591483,
        390.8294587839808,
        390.5541458586279,
        389.53828468479725,
        388.2104109060958,
        388.4045186290279,
        388.52426532936636,
        388.5237753783577,
        388.3352623595333,
        388.026084354638,
        387.72987708223604,
        387.4680212579641,
        387.2043279170131,
        386.7541176219742,
        386.1153139788543,
        385.1884821953148,
        386.12921832572135,
        387.61495478964025,
        388.67943588010826,
        387.6877359243255,
        386.4252435314332,
        385.75691017645335,
        385.5147051038826,
        385.44521667370145,
        384.76447582957667,
        384.00114574238046,
        383.2391526541965,
        382.6742983122408,
        382.17716662836835,
        381.3985662100491,
        380.1700275557241,
        378.7752956203606,
        378.36478765077317,
        378.367703231705,
        378.4400055396678,
        378.2756449469294,
        378.1216972963338,
        377.92426909590694,
        377.52582301884894,
        376.74668045540324,
        377.4501143418131,
        379.75722176592245,
        382.85722292393143,
        383.64928371695015,
        383.7766259356909,
        383.84224579756966,
        384.0015462885423,
        384.1369842029927,
        384.2520079522761,
        384.34994613419434,
        384.43385486529786,
        384.5064134293923,
        384.569871813941,
        384.6260429619881,
        384.6763281523724,
        384.7217631711848,
        384.7630745634389,
        384.8007380112144,
        384.8350337992505,
        384.8660967910186,
        384.89396007947465,
        384.9185924867973,
        384.93993050788214,
        384.9579053226511,
        384.97246533460816,
        384.9835944754012,
        384.99132634122964,
        384.9957541394674,
        384.9970364287794,
        384.9953987153784,
        384.99113109447245,
        384.9845822704045,
        384.9761504276839,
        384.9662715412806,
        384.9554057985008,
        384.9440228533055,
        384.93258664746656,
        384.92154051490274,
        384.91129323958904,
        384.90220666803606,
        384.89458538796345,
        384.88866887932926,
        384.8846264255667,
        384.88255494601424,
        384.8824797792897,
        384.88435831707756,
        384.88808626406336,
        384.8935061880896,
        384.9004179307293,
        384.908590376672,
        384.91777403430694,
        384.9277138613057,
        384.93816177838363,
        384.94888835006583,
        384.9596931706721,
        384.97041357250134,
        384.98093136673236,
        384.9911774302743,
        385.0011340584262,
        385.01083510842994,
        385.0203640580086,
        385.02985019180215,
        385.0394632036743,
        385.04940656185187,
        385.059910024779,
        385.0712217177667,
        385.0836001835199,
        385.09730680427236,
        385.11259896043816,
        385.129724242448,
        385.148915970883,
        385.17039020800047,
        385.1943443644055,
        385.22095742118256,
        385.25039170398645,
        385.2827960646803,
        385.318310251754,
        385.35707018595144,
        385.39921380546883,
        385.44488710858496,
        385.4942500051199,
        385.5474816009742,
        385.60478461204985,
        385.6663888410917,
        385.7325545093388,
        385.8035794313635,
        385.8797584562372
      ],
      "quality_zone_counts": {
        "green": 56,
        "yellow": 40,
        "red": 154
      },
      "interface_length_ratio": 0.49697,
      "eta_narrow": 0.295936,
      "eta_global": 0.381445,
      "t_br_s": null,
      "t_br_hat": null,
      "w0_m_s": 0.24991047023689444,
      "mean_flusher": 0.0,
      "notes": [
        "模拟结束时水泥前缘未到达出口 s_max，t_br = inf（未突破）。"
      ]
    },
    "buoyancy_regime": {
      "b_number": 5.037065443176256,
      "regime": "highly_dispersive",
      "design_advice": "0≤b<20：浮力稳定作用不足，界面高度弥散，顶替效率低；建议提高顶替液与被顶替液的密度差，或降低排量/泥浆粘度以增大 b。"
    },
    "shutdown_decay": {
      "condition_satisfied": false,
      "freeze_time_s": null,
      "tau_y_min": 0.0,
      "physical_interpretation": "泵注程序中未检测到停泵（SHUTDOWN）事件，停泵有限时间衰减诊断不适用；若施工中存在停泵环节，请在 PumpingScheduleStep 上标注 event_tag=PumpingStageEvent.SHUTDOWN 后重新评估。"
    },
    "notes": []
  },
  "注入流体现场符合性检查": {
    "是否全部现场符合": false,
    "注入流体总数": 8,
    "非现场完全符合流体数": 1,
    "明细": [
      {
        "流体名称": "平衡液",
        "角色": "wash",
        "来源口径": "现场符合",
        "说明": "密度1.90g/cm³现场实测（20211.doc）；流变实测 20213.doc §1.3（1.90@60℃ 六速 102/60/37/19/3/2 → PV42/YP18）；LEGACY(2026-08-29 前) 邻井代理 0.025/1.5。"
      },
      {
        "流体名称": "隔离液",
        "角色": "spacer",
        "来源口径": "现场符合",
        "说明": "密度2.05g/cm³现场实测（20211.doc）；塑粘 PV30 实测（20216）；YP=8.0 保留但无实测（20216 未给），仅密度与 PV 实测。"
      },
      {
        "流体名称": "领浆",
        "角色": "lead",
        "来源口径": "现场符合",
        "说明": "密度2.10g/cm³施工值（20211.doc），幂律 n=0.737/K=0.947 现场实测（20234.doc）。"
      },
      {
        "流体名称": "尾管水泥浆",
        "角色": "tail",
        "来源口径": "现场符合",
        "说明": "密度2.10g/cm³施工值（20211.doc），幂律 n=0.737/K=0.947 现场实测（20234.doc）。"
      },
      {
        "流体名称": "压塞液",
        "角色": "other",
        "来源口径": "部分符合",
        "说明": "密度2.10g/cm³现场实测（20211.doc）；流变无实测，复用钻井液（proxy）。"
      },
      {
        "流体名称": "后置液",
        "角色": "other",
        "来源口径": "现场符合",
        "说明": "密度1.90g/cm³现场实测（20211.doc）；流变实测 PV30/YP8（20216）。"
      },
      {
        "流体名称": "替浆液",
        "角色": "displacement",
        "来源口径": "现场符合",
        "说明": "密度2.02g/cm³、PV=66mPa·s、YP=10Pa 现场实测（替浆用油基钻井液，20211.doc）。"
      },
      {
        "流体名称": "钻井液",
        "角色": "mud",
        "来源口径": "现场符合",
        "说明": "密度2.02g/cm³、PV=66mPa·s、YP=10Pa 现场实测（20211.doc s1.2，油基）。"
      }
    ]
  }
}

===== STDERR =====
<frozen runpy>:128: RuntimeWarning: 'cemdisp.runners.hu102_tailpipe' found in sys.modules after import of package 'cemdisp.runners', but prior to execution of 'cemdisp.runners.hu102_tailpipe'; this may result in unpredictable behaviour
D:\users\desktop\research\控压固井项目\cement model\cemdisp\reporting\contour_plots.py:237: UserWarning: This figure includes Axes that are not compatible with tight_layout, so results might be incorrect.
  fig.tight_layout(rect=(0, 0, 1, 0.95))
