[D2DGA] 开始环空二维模拟 total_t=11664s nz=250 ny=40
  [D2DGA] 进度 0% (4s/11664s, dt=4.000s)
  [D2DGA] 进度 10% (1168s/11664s, dt=3.150s)
  [D2DGA] 进度 20% (2334s/11664s, dt=3.150s)
  [D2DGA] 进度 30% (3499s/11664s, dt=3.150s)
  [D2DGA] 进度 40% (4668s/11664s, dt=3.150s)
  [D2DGA] 进度 50% (5833s/11664s, dt=3.150s)
  [D2DGA] 进度 60% (6999s/11664s, dt=3.150s)
  [D2DGA] 进度 70% (8165s/11664s, dt=0.111s)
  [D2DGA] 进度 80% (9331s/11664s, dt=0.117s)
  [D2DGA] 进度 90% (10498s/11664s, dt=0.311s)
  [D2DGA] 进度 100% (11664s/11664s, dt=0.279s)
正在生成动画帧 1/464
正在生成动画帧 1/464
正在生成动画帧 2/464
正在生成动画帧 3/464
正在生成动画帧 4/464
正在生成动画帧 5/464
正在生成动画帧 6/464
正在生成动画帧 7/464
正在生成动画帧 8/464
正在生成动画帧 9/464
正在生成动画帧 10/464
正在生成动画帧 11/464
正在生成动画帧 12/464
正在生成动画帧 13/464
正在生成动画帧 14/464
正在生成动画帧 15/464
正在生成动画帧 16/464
正在生成动画帧 17/464
正在生成动画帧 18/464
正在生成动画帧 19/464
正在生成动画帧 20/464
正在生成动画帧 21/464
正在生成动画帧 22/464
正在生成动画帧 23/464
正在生成动画帧 24/464
正在生成动画帧 25/464
正在生成动画帧 26/464
正在生成动画帧 27/464
正在生成动画帧 28/464
正在生成动画帧 29/464
正在生成动画帧 30/464
正在生成动画帧 31/464
正在生成动画帧 32/464
正在生成动画帧 33/464
正在生成动画帧 34/464
正在生成动画帧 35/464
正在生成动画帧 36/464
正在生成动画帧 37/464
正在生成动画帧 38/464
正在生成动画帧 39/464
正在生成动画帧 40/464
正在生成动画帧 41/464
正在生成动画帧 42/464
正在生成动画帧 43/464
正在生成动画帧 44/464
正在生成动画帧 45/464
正在生成动画帧 46/464
正在生成动画帧 47/464
正在生成动画帧 48/464
正在生成动画帧 49/464
正在生成动画帧 50/464
正在生成动画帧 51/464
正在生成动画帧 52/464
正在生成动画帧 53/464
正在生成动画帧 54/464
正在生成动画帧 55/464
正在生成动画帧 56/464
正在生成动画帧 57/464
正在生成动画帧 58/464
正在生成动画帧 59/464
正在生成动画帧 60/464
正在生成动画帧 61/464
正在生成动画帧 62/464
正在生成动画帧 63/464
正在生成动画帧 64/464
正在生成动画帧 65/464
正在生成动画帧 66/464
正在生成动画帧 67/464
正在生成动画帧 68/464
正在生成动画帧 69/464
正在生成动画帧 70/464
正在生成动画帧 71/464
正在生成动画帧 72/464
正在生成动画帧 73/464
正在生成动画帧 74/464
正在生成动画帧 75/464
正在生成动画帧 76/464
正在生成动画帧 77/464
正在生成动画帧 78/464
正在生成动画帧 79/464
正在生成动画帧 80/464
正在生成动画帧 81/464
正在生成动画帧 82/464
正在生成动画帧 83/464
正在生成动画帧 84/464
正在生成动画帧 85/464
正在生成动画帧 86/464
正在生成动画帧 87/464
正在生成动画帧 88/464
正在生成动画帧 89/464
正在生成动画帧 90/464
正在生成动画帧 91/464
正在生成动画帧 92/464
正在生成动画帧 93/464
正在生成动画帧 94/464
正在生成动画帧 95/464
正在生成动画帧 96/464
正在生成动画帧 97/464
正在生成动画帧 98/464
正在生成动画帧 99/464
正在生成动画帧 100/464
正在生成动画帧 101/464
正在生成动画帧 102/464
正在生成动画帧 103/464
正在生成动画帧 104/464
正在生成动画帧 105/464
正在生成动画帧 106/464
正在生成动画帧 107/464
正在生成动画帧 108/464
正在生成动画帧 109/464
正在生成动画帧 110/464
正在生成动画帧 111/464
正在生成动画帧 112/464
正在生成动画帧 113/464
正在生成动画帧 114/464
正在生成动画帧 115/464
正在生成动画帧 116/464
正在生成动画帧 117/464
正在生成动画帧 118/464
正在生成动画帧 119/464
正在生成动画帧 120/464
正在生成动画帧 121/464
正在生成动画帧 122/464
正在生成动画帧 123/464
正在生成动画帧 124/464
正在生成动画帧 125/464
正在生成动画帧 126/464
正在生成动画帧 127/464
正在生成动画帧 128/464
正在生成动画帧 129/464
正在生成动画帧 130/464
正在生成动画帧 131/464
正在生成动画帧 132/464
正在生成动画帧 133/464
正在生成动画帧 134/464
正在生成动画帧 135/464
正在生成动画帧 136/464
正在生成动画帧 137/464
正在生成动画帧 138/464
正在生成动画帧 139/464
正在生成动画帧 140/464
正在生成动画帧 141/464
正在生成动画帧 142/464
正在生成动画帧 143/464
正在生成动画帧 144/464
正在生成动画帧 145/464
正在生成动画帧 146/464
正在生成动画帧 147/464
正在生成动画帧 148/464
正在生成动画帧 149/464
正在生成动画帧 150/464
正在生成动画帧 151/464
正在生成动画帧 152/464
正在生成动画帧 153/464
正在生成动画帧 154/464
正在生成动画帧 155/464
正在生成动画帧 156/464
正在生成动画帧 157/464
正在生成动画帧 158/464
正在生成动画帧 159/464
正在生成动画帧 160/464
正在生成动画帧 161/464
正在生成动画帧 162/464
正在生成动画帧 163/464
正在生成动画帧 164/464
正在生成动画帧 165/464
正在生成动画帧 166/464
正在生成动画帧 167/464
正在生成动画帧 168/464
正在生成动画帧 169/464
正在生成动画帧 170/464
正在生成动画帧 171/464
正在生成动画帧 172/464
正在生成动画帧 173/464
正在生成动画帧 174/464
正在生成动画帧 175/464
正在生成动画帧 176/464
正在生成动画帧 177/464
正在生成动画帧 178/464
正在生成动画帧 179/464
正在生成动画帧 180/464
正在生成动画帧 181/464
正在生成动画帧 182/464
正在生成动画帧 183/464
正在生成动画帧 184/464
正在生成动画帧 185/464
正在生成动画帧 186/464
正在生成动画帧 187/464
正在生成动画帧 188/464
正在生成动画帧 189/464
正在生成动画帧 190/464
正在生成动画帧 191/464
正在生成动画帧 192/464
正在生成动画帧 193/464
正在生成动画帧 194/464
正在生成动画帧 195/464
正在生成动画帧 196/464
正在生成动画帧 197/464
正在生成动画帧 198/464
正在生成动画帧 199/464
正在生成动画帧 200/464
正在生成动画帧 201/464
正在生成动画帧 202/464
正在生成动画帧 203/464
正在生成动画帧 204/464
正在生成动画帧 205/464
正在生成动画帧 206/464
正在生成动画帧 207/464
正在生成动画帧 208/464
正在生成动画帧 209/464
正在生成动画帧 210/464
正在生成动画帧 211/464
正在生成动画帧 212/464
正在生成动画帧 213/464
正在生成动画帧 214/464
正在生成动画帧 215/464
正在生成动画帧 216/464
正在生成动画帧 217/464
正在生成动画帧 218/464
正在生成动画帧 219/464
正在生成动画帧 220/464
正在生成动画帧 221/464
正在生成动画帧 222/464
正在生成动画帧 223/464
正在生成动画帧 224/464
正在生成动画帧 225/464
正在生成动画帧 226/464
正在生成动画帧 227/464
正在生成动画帧 228/464
正在生成动画帧 229/464
正在生成动画帧 230/464
正在生成动画帧 231/464
正在生成动画帧 232/464
正在生成动画帧 233/464
正在生成动画帧 234/464
正在生成动画帧 235/464
正在生成动画帧 236/464
正在生成动画帧 237/464
正在生成动画帧 238/464
正在生成动画帧 239/464
正在生成动画帧 240/464
正在生成动画帧 241/464
正在生成动画帧 242/464
正在生成动画帧 243/464
正在生成动画帧 244/464
正在生成动画帧 245/464
正在生成动画帧 246/464
正在生成动画帧 247/464
正在生成动画帧 248/464
正在生成动画帧 249/464
正在生成动画帧 250/464
正在生成动画帧 251/464
正在生成动画帧 252/464
正在生成动画帧 253/464
正在生成动画帧 254/464
正在生成动画帧 255/464
正在生成动画帧 256/464
正在生成动画帧 257/464
正在生成动画帧 258/464
正在生成动画帧 259/464
正在生成动画帧 260/464
正在生成动画帧 261/464
正在生成动画帧 262/464
正在生成动画帧 263/464
正在生成动画帧 264/464
正在生成动画帧 265/464
正在生成动画帧 266/464
正在生成动画帧 267/464
正在生成动画帧 268/464
正在生成动画帧 269/464
正在生成动画帧 270/464
正在生成动画帧 271/464
正在生成动画帧 272/464
正在生成动画帧 273/464
正在生成动画帧 274/464
正在生成动画帧 275/464
正在生成动画帧 276/464
正在生成动画帧 277/464
正在生成动画帧 278/464
正在生成动画帧 279/464
正在生成动画帧 280/464
正在生成动画帧 281/464
正在生成动画帧 282/464
正在生成动画帧 283/464
正在生成动画帧 284/464
正在生成动画帧 285/464
正在生成动画帧 286/464
正在生成动画帧 287/464
正在生成动画帧 288/464
正在生成动画帧 289/464
正在生成动画帧 290/464
正在生成动画帧 291/464
正在生成动画帧 292/464
正在生成动画帧 293/464
正在生成动画帧 294/464
正在生成动画帧 295/464
正在生成动画帧 296/464
正在生成动画帧 297/464
正在生成动画帧 298/464
正在生成动画帧 299/464
正在生成动画帧 300/464
正在生成动画帧 301/464
正在生成动画帧 302/464
正在生成动画帧 303/464
正在生成动画帧 304/464
正在生成动画帧 305/464
正在生成动画帧 306/464
正在生成动画帧 307/464
正在生成动画帧 308/464
正在生成动画帧 309/464
正在生成动画帧 310/464
正在生成动画帧 311/464
正在生成动画帧 312/464
正在生成动画帧 313/464
正在生成动画帧 314/464
正在生成动画帧 315/464
正在生成动画帧 316/464
正在生成动画帧 317/464
正在生成动画帧 318/464
正在生成动画帧 319/464
正在生成动画帧 320/464
正在生成动画帧 321/464
正在生成动画帧 322/464
正在生成动画帧 323/464
正在生成动画帧 324/464
正在生成动画帧 325/464
正在生成动画帧 326/464
正在生成动画帧 327/464
正在生成动画帧 328/464
正在生成动画帧 329/464
正在生成动画帧 330/464
正在生成动画帧 331/464
正在生成动画帧 332/464
正在生成动画帧 333/464
正在生成动画帧 334/464
正在生成动画帧 335/464
正在生成动画帧 336/464
正在生成动画帧 337/464
正在生成动画帧 338/464
正在生成动画帧 339/464
正在生成动画帧 340/464
正在生成动画帧 341/464
正在生成动画帧 342/464
正在生成动画帧 343/464
正在生成动画帧 344/464
正在生成动画帧 345/464
正在生成动画帧 346/464
正在生成动画帧 347/464
正在生成动画帧 348/464
正在生成动画帧 349/464
正在生成动画帧 350/464
正在生成动画帧 351/464
正在生成动画帧 352/464
正在生成动画帧 353/464
正在生成动画帧 354/464
正在生成动画帧 355/464
正在生成动画帧 356/464
正在生成动画帧 357/464
正在生成动画帧 358/464
正在生成动画帧 359/464
正在生成动画帧 360/464
正在生成动画帧 361/464
正在生成动画帧 362/464
正在生成动画帧 363/464
正在生成动画帧 364/464
正在生成动画帧 365/464
正在生成动画帧 366/464
正在生成动画帧 367/464
正在生成动画帧 368/464
正在生成动画帧 369/464
正在生成动画帧 370/464
正在生成动画帧 371/464
正在生成动画帧 372/464
正在生成动画帧 373/464
正在生成动画帧 374/464
正在生成动画帧 375/464
正在生成动画帧 376/464
正在生成动画帧 377/464
正在生成动画帧 378/464
正在生成动画帧 379/464
正在生成动画帧 380/464
正在生成动画帧 381/464
正在生成动画帧 382/464
正在生成动画帧 383/464
正在生成动画帧 384/464
正在生成动画帧 385/464
正在生成动画帧 386/464
正在生成动画帧 387/464
正在生成动画帧 388/464
正在生成动画帧 389/464
正在生成动画帧 390/464
正在生成动画帧 391/464
正在生成动画帧 392/464
正在生成动画帧 393/464
正在生成动画帧 394/464
正在生成动画帧 395/464
正在生成动画帧 396/464
正在生成动画帧 397/464
正在生成动画帧 398/464
正在生成动画帧 399/464
正在生成动画帧 400/464
正在生成动画帧 401/464
正在生成动画帧 402/464
正在生成动画帧 403/464
正在生成动画帧 404/464
正在生成动画帧 405/464
正在生成动画帧 406/464
正在生成动画帧 407/464
正在生成动画帧 408/464
正在生成动画帧 409/464
正在生成动画帧 410/464
正在生成动画帧 411/464
正在生成动画帧 412/464
正在生成动画帧 413/464
正在生成动画帧 414/464
正在生成动画帧 415/464
正在生成动画帧 416/464
正在生成动画帧 417/464
正在生成动画帧 418/464
正在生成动画帧 419/464
正在生成动画帧 420/464
正在生成动画帧 421/464
正在生成动画帧 422/464
正在生成动画帧 423/464
正在生成动画帧 424/464
正在生成动画帧 425/464
正在生成动画帧 426/464
正在生成动画帧 427/464
正在生成动画帧 428/464
正在生成动画帧 429/464
正在生成动画帧 430/464
正在生成动画帧 431/464
正在生成动画帧 432/464
正在生成动画帧 433/464
正在生成动画帧 434/464
正在生成动画帧 435/464
正在生成动画帧 436/464
正在生成动画帧 437/464
正在生成动画帧 438/464
正在生成动画帧 439/464
正在生成动画帧 440/464
正在生成动画帧 441/464
正在生成动画帧 442/464
正在生成动画帧 443/464
正在生成动画帧 444/464
正在生成动画帧 445/464
正在生成动画帧 446/464
正在生成动画帧 447/464
正在生成动画帧 448/464
正在生成动画帧 449/464
正在生成动画帧 450/464
正在生成动画帧 451/464
正在生成动画帧 452/464
正在生成动画帧 453/464
正在生成动画帧 454/464
正在生成动画帧 455/464
正在生成动画帧 456/464
正在生成动画帧 457/464
正在生成动画帧 458/464
正在生成动画帧 459/464
正在生成动画帧 460/464
正在生成动画帧 461/464
正在生成动画帧 462/464
正在生成动画帧 463/464
正在生成动画帧 464/464

=== 1D2D耦合模型 ===
{
  "模型名称": "通用尾管段环空二维顶替模型",
  "模拟对象": "呼探1-002井（HT1-002） 尾管段 5292.50-7554.00m",
  "井段_m": [
    5292.5,
    7554.0
  ],
  "物理环空体积_m3": 33.51580307999014,
  "最终结果": {
    "全井段最终有效顶替效率": 0.5823018259327787,
    "窄四分位效率": 0.38003471099376834,
    "最终水泥浆占据率": 0.5823018259327787,
    "最终窜槽指数": 0.5823293172688189,
    "最终混浆指数": 0.3648710108963321,
    "最终失稳指数": 0.8341726183458451,
    "最终失稳指数_线性": 8.984039506091639,
    "最终失稳指数_对数": 0.9993062908122726,
    "浮力数_b": 8.60831531012647
  },
  "评价窗效率": {
    "CBL评价井段": {
      "window_type": "cbl",
      "eta_E": 0.5823018259327786,
      "eta_N": 0.38003471099376823
    },
    "目标层段（油气显示层）": {
      "window_type": "formation_target",
      "eta_E": 0.9722000284422658,
      "eta_N": 0.9998847115593064
    },
    "目的层-K1q清水河组(地层目标)": {
      "window_type": "formation_target",
      "eta_E": 0.48873807780255,
      "eta_N": 0.17315601410105164
    },
    "目的层-J3k2喀拉扎组(地层目标)": {
      "window_type": "formation_target",
      "eta_E": 0.9686992607567007,
      "eta_N": 0.9806608248592876
    },
    "高压水层(地层目标)": {
      "window_type": "formation_target",
      "eta_E": 0.0,
      "eta_N": 0.026152783812950053
    }
  },
  "低尾指标": {
    "standoff低于0.5段占比": 0.0,
    "窄边效率低于0.05域占比": 0.5847773898222269
  },
  "effective_efficiency": 0.5823018259327787,
  "eta_narrow": 0.38003471099376834,
  "channeling_index": 0.5823293172688189,
  "mixing_index": 0.3648710108963321,
  "buoyancy_number": 8.60831531012647,
  "tier0_diagnostics": {
    "flow_classification": {
      "delta_w_f": 0.1764784186287928,
      "sigma_wr_plus": 0.0,
      "abs_wr_plus": 0.0,
      "abs_wr_minus": 0.6974411194404537,
      "is_steady": false,
      "is_dispersive": false,
      "flow_class": "unsteady_dispersive",
      "w0_m_s": 0.2629962910814536
    },
    "muskat_regime": {
      "regime": "stable",
      "c_critical": 0.36925828352160045,
      "c_star": 0.3568197118453108,
      "wide_side_unstable": false,
      "narrow_side_unstable": false,
      "delta_w_min": -18.59134963048139,
      "delta_w_max": 7.964340333715725,
      "viscosity_ratio": 0.06621004566210047,
      "buoyancy_number": 8.60831531012647,
      "eccentricity": 0.2202781704596162,
      "shock_detected": true,
      "c_bar_grid": [
        0.0,
        0.0005,
        0.001,
        0.0015,
        0.002,
        0.0025,
        0.003,
        0.0035,
        0.004,
        0.0045000000000000005,
        0.005,
        0.0055,
        0.006,
        0.006500000000000001,
        0.007,
        0.0075,
        0.008,
        0.0085,
        0.009000000000000001,
        0.0095,
        0.01,
        0.0105,
        0.011,
        0.0115,
        0.012,
        0.0125,
        0.013000000000000001,
        0.0135,
        0.014,
        0.0145,
        0.015,
        0.0155,
        0.016,
        0.0165,
        0.017,
        0.0175,
        0.018000000000000002,
        0.0185,
        0.019,
        0.0195,
        0.02,
        0.0205,
        0.021,
        0.021500000000000002,
        0.022,
        0.0225,
        0.023,
        0.0235,
        0.024,
        0.0245,
        0.025,
        0.025500000000000002,
        0.026000000000000002,
        0.0265,
        0.027,
        0.0275,
        0.028,
        0.0285,
        0.029,
        0.029500000000000002,
        0.03,
        0.0305,
        0.031,
        0.0315,
        0.032,
        0.0325,
        0.033,
        0.0335,
        0.034,
        0.0345,
        0.035,
        0.035500000000000004,
        0.036000000000000004,
        0.0365,
        0.037,
        0.0375,
        0.038,
        0.0385,
        0.039,
        0.0395,
        0.04,
        0.0405,
        0.041,
        0.0415,
        0.042,
        0.0425,
        0.043000000000000003,
        0.043500000000000004,
        0.044,
        0.0445,
        0.045,
        0.0455,
        0.046,
        0.0465,
        0.047,
        0.0475,
        0.048,
        0.0485,
        0.049,
        0.0495,
        0.05,
        0.0505,
        0.051000000000000004,
        0.051500000000000004,
        0.052000000000000005,
        0.0525,
        0.053,
        0.0535,
        0.054,
        0.0545,
        0.055,
        0.0555,
        0.056,
        0.0565,
        0.057,
        0.0575,
        0.058,
        0.0585,
        0.059000000000000004,
        0.059500000000000004,
        0.06,
        0.0605,
        0.061,
        0.0615,
        0.062,
        0.0625,
        0.063,
        0.0635,
        0.064,
        0.0645,
        0.065,
        0.0655,
        0.066,
        0.0665,
        0.067,
        0.0675,
        0.068,
        0.0685,
        0.069,
        0.0695,
        0.07,
        0.07050000000000001,
        0.07100000000000001,
        0.07150000000000001,
        0.07200000000000001,
        0.0725,
        0.073,
        0.0735,
        0.074,
        0.0745,
        0.075,
        0.0755,
        0.076,
        0.0765,
        0.077,
        0.0775,
        0.078,
        0.0785,
        0.079,
        0.0795,
        0.08,
        0.0805,
        0.081,
        0.0815,
        0.082,
        0.0825,
        0.083,
        0.0835,
        0.084,
        0.0845,
        0.085,
        0.0855,
        0.08600000000000001,
        0.08650000000000001,
        0.08700000000000001,
        0.08750000000000001,
        0.088,
        0.0885,
        0.089,
        0.0895,
        0.09,
        0.0905,
        0.091,
        0.0915,
        0.092,
        0.0925,
        0.093,
        0.0935,
        0.094,
        0.0945,
        0.095,
        0.0955,
        0.096,
        0.0965,
        0.097,
        0.0975,
        0.098,
        0.0985,
        0.099,
        0.0995,
        0.1,
        0.1005,
        0.101,
        0.1015,
        0.10200000000000001,
        0.10250000000000001,
        0.10300000000000001,
        0.10350000000000001,
        0.10400000000000001,
        0.1045,
        0.105,
        0.1055,
        0.106,
        0.1065,
        0.107,
        0.1075,
        0.108,
        0.1085,
        0.109,
        0.1095,
        0.11,
        0.1105,
        0.111,
        0.1115,
        0.112,
        0.1125,
        0.113,
        0.1135,
        0.114,
        0.1145,
        0.115,
        0.1155,
        0.116,
        0.1165,
        0.117,
        0.11750000000000001,
        0.11800000000000001,
        0.11850000000000001,
        0.11900000000000001,
        0.11950000000000001,
        0.12,
        0.1205,
        0.121,
        0.1215,
        0.122,
        0.1225,
        0.123,
        0.1235,
        0.124,
        0.1245,
        0.125,
        0.1255,
        0.126,
        0.1265,
        0.127,
        0.1275,
        0.128,
        0.1285,
        0.129,
        0.1295,
        0.13,
        0.1305,
        0.131,
        0.1315,
        0.132,
        0.1325,
        0.133,
        0.1335,
        0.134,
        0.1345,
        0.135,
        0.1355,
        0.136,
        0.1365,
        0.137,
        0.1375,
        0.138,
        0.1385,
        0.139,
        0.1395,
        0.14,
        0.1405,
        0.14100000000000001,
        0.14150000000000001,
        0.14200000000000002,
        0.14250000000000002,
        0.14300000000000002,
        0.14350000000000002,
        0.14400000000000002,
        0.1445,
        0.145,
        0.1455,
        0.146,
        0.1465,
        0.147,
        0.1475,
        0.148,
        0.1485,
        0.149,
        0.1495,
        0.15,
        0.1505,
        0.151,
        0.1515,
        0.152,
        0.1525,
        0.153,
        0.1535,
        0.154,
        0.1545,
        0.155,
        0.1555,
        0.156,
        0.1565,
        0.157,
        0.1575,
        0.158,
        0.1585,
        0.159,
        0.1595,
        0.16,
        0.1605,
        0.161,
        0.1615,
        0.162,
        0.1625,
        0.163,
        0.1635,
        0.164,
        0.1645,
        0.165,
        0.1655,
        0.166,
        0.1665,
        0.167,
        0.1675,
        0.168,
        0.1685,
        0.169,
        0.1695,
        0.17,
        0.1705,
        0.171,
        0.1715,
        0.17200000000000001,
        0.17250000000000001,
        0.17300000000000001,
        0.17350000000000002,
        0.17400000000000002,
        0.17450000000000002,
        0.17500000000000002,
        0.17550000000000002,
        0.176,
        0.1765,
        0.177,
        0.1775,
        0.178,
        0.1785,
        0.179,
        0.1795,
        0.18,
        0.1805,
        0.181,
        0.1815,
        0.182,
        0.1825,
        0.183,
        0.1835,
        0.184,
        0.1845,
        0.185,
        0.1855,
        0.186,
        0.1865,
        0.187,
        0.1875,
        0.188,
        0.1885,
        0.189,
        0.1895,
        0.19,
        0.1905,
        0.191,
        0.1915,
        0.192,
        0.1925,
        0.193,
        0.1935,
        0.194,
        0.1945,
        0.195,
        0.1955,
        0.196,
        0.1965,
        0.197,
        0.1975,
        0.198,
        0.1985,
        0.199,
        0.1995,
        0.2,
        0.2005,
        0.201,
        0.2015,
        0.202,
        0.2025,
        0.203,
        0.20350000000000001,
        0.20400000000000001,
        0.20450000000000002,
        0.20500000000000002,
        0.20550000000000002,
        0.20600000000000002,
        0.20650000000000002,
        0.20700000000000002,
        0.20750000000000002,
        0.20800000000000002,
        0.2085,
        0.209,
        0.2095,
        0.21,
        0.2105,
        0.211,
        0.2115,
        0.212,
        0.2125,
        0.213,
        0.2135,
        0.214,
        0.2145,
        0.215,
        0.2155,
        0.216,
        0.2165,
        0.217,
        0.2175,
        0.218,
        0.2185,
        0.219,
        0.2195,
        0.22,
        0.2205,
        0.221,
        0.2215,
        0.222,
        0.2225,
        0.223,
        0.2235,
        0.224,
        0.2245,
        0.225,
        0.2255,
        0.226,
        0.2265,
        0.227,
        0.2275,
        0.228,
        0.2285,
        0.229,
        0.2295,
        0.23,
        0.2305,
        0.231,
        0.2315,
        0.232,
        0.2325,
        0.233,
        0.2335,
        0.234,
        0.23450000000000001,
        0.23500000000000001,
        0.23550000000000001,
        0.23600000000000002,
        0.23650000000000002,
        0.23700000000000002,
        0.23750000000000002,
        0.23800000000000002,
        0.23850000000000002,
        0.23900000000000002,
        0.23950000000000002,
        0.24,
        0.2405,
        0.241,
        0.2415,
        0.242,
        0.2425,
        0.243,
        0.2435,
        0.244,
        0.2445,
        0.245,
        0.2455,
        0.246,
        0.2465,
        0.247,
        0.2475,
        0.248,
        0.2485,
        0.249,
        0.2495,
        0.25,
        0.2505,
        0.251,
        0.2515,
        0.252,
        0.2525,
        0.253,
        0.2535,
        0.254,
        0.2545,
        0.255,
        0.2555,
        0.256,
        0.2565,
        0.257,
        0.2575,
        0.258,
        0.2585,
        0.259,
        0.2595,
        0.26,
        0.2605,
        0.261,
        0.2615,
        0.262,
        0.2625,
        0.263,
        0.2635,
        0.264,
        0.2645,
        0.265,
        0.2655,
        0.266,
        0.2665,
        0.267,
        0.2675,
        0.268,
        0.2685,
        0.269,
        0.2695,
        0.27,
        0.2705,
        0.271,
        0.2715,
        0.272,
        0.2725,
        0.273,
        0.2735,
        0.274,
        0.2745,
        0.275,
        0.2755,
        0.276,
        0.2765,
        0.277,
        0.2775,
        0.278,
        0.2785,
        0.279,
        0.2795,
        0.28,
        0.2805,
        0.281,
        0.28150000000000003,
        0.28200000000000003,
        0.28250000000000003,
        0.28300000000000003,
        0.28350000000000003,
        0.28400000000000003,
        0.28450000000000003,
        0.28500000000000003,
        0.28550000000000003,
        0.28600000000000003,
        0.28650000000000003,
        0.28700000000000003,
        0.28750000000000003,
        0.28800000000000003,
        0.2885,
        0.289,
        0.2895,
        0.29,
        0.2905,
        0.291,
        0.2915,
        0.292,
        0.2925,
        0.293,
        0.2935,
        0.294,
        0.2945,
        0.295,
        0.2955,
        0.296,
        0.2965,
        0.297,
        0.2975,
        0.298,
        0.2985,
        0.299,
        0.2995,
        0.3,
        0.3005,
        0.301,
        0.3015,
        0.302,
        0.3025,
        0.303,
        0.3035,
        0.304,
        0.3045,
        0.305,
        0.3055,
        0.306,
        0.3065,
        0.307,
        0.3075,
        0.308,
        0.3085,
        0.309,
        0.3095,
        0.31,
        0.3105,
        0.311,
        0.3115,
        0.312,
        0.3125,
        0.313,
        0.3135,
        0.314,
        0.3145,
        0.315,
        0.3155,
        0.316,
        0.3165,
        0.317,
        0.3175,
        0.318,
        0.3185,
        0.319,
        0.3195,
        0.32,
        0.3205,
        0.321,
        0.3215,
        0.322,
        0.3225,
        0.323,
        0.3235,
        0.324,
        0.3245,
        0.325,
        0.3255,
        0.326,
        0.3265,
        0.327,
        0.3275,
        0.328,
        0.3285,
        0.329,
        0.3295,
        0.33,
        0.3305,
        0.331,
        0.3315,
        0.332,
        0.3325,
        0.333,
        0.3335,
        0.334,
        0.3345,
        0.335,
        0.3355,
        0.336,
        0.3365,
        0.337,
        0.3375,
        0.338,
        0.3385,
        0.339,
        0.3395,
        0.34,
        0.3405,
        0.341,
        0.3415,
        0.342,
        0.3425,
        0.343,
        0.3435,
        0.34400000000000003,
        0.34450000000000003,
        0.34500000000000003,
        0.34550000000000003,
        0.34600000000000003,
        0.34650000000000003,
        0.34700000000000003,
        0.34750000000000003,
        0.34800000000000003,
        0.34850000000000003,
        0.34900000000000003,
        0.34950000000000003,
        0.35000000000000003,
        0.35050000000000003,
        0.35100000000000003,
        0.35150000000000003,
        0.352,
        0.3525,
        0.353,
        0.3535,
        0.354,
        0.3545,
        0.355,
        0.3555,
        0.356,
        0.3565,
        0.357,
        0.3575,
        0.358,
        0.3585,
        0.359,
        0.3595,
        0.36,
        0.3605,
        0.361,
        0.3615,
        0.362,
        0.3625,
        0.363,
        0.3635,
        0.364,
        0.3645,
        0.365,
        0.3655,
        0.366,
        0.3665,
        0.367,
        0.3675,
        0.368,
        0.3685,
        0.369,
        0.3695,
        0.37,
        0.3705,
        0.371,
        0.3715,
        0.372,
        0.3725,
        0.373,
        0.3735,
        0.374,
        0.3745,
        0.375,
        0.3755,
        0.376,
        0.3765,
        0.377,
        0.3775,
        0.378,
        0.3785,
        0.379,
        0.3795,
        0.38,
        0.3805,
        0.381,
        0.3815,
        0.382,
        0.3825,
        0.383,
        0.3835,
        0.384,
        0.3845,
        0.385,
        0.3855,
        0.386,
        0.3865,
        0.387,
        0.3875,
        0.388,
        0.3885,
        0.389,
        0.3895,
        0.39,
        0.3905,
        0.391,
        0.3915,
        0.392,
        0.3925,
        0.393,
        0.3935,
        0.394,
        0.3945,
        0.395,
        0.3955,
        0.396,
        0.3965,
        0.397,
        0.3975,
        0.398,
        0.3985,
        0.399,
        0.3995,
        0.4,
        0.4005,
        0.401,
        0.4015,
        0.402,
        0.4025,
        0.403,
        0.4035,
        0.404,
        0.4045,
        0.405,
        0.4055,
        0.406,
        0.40650000000000003,
        0.40700000000000003,
        0.40750000000000003,
        0.40800000000000003,
        0.40850000000000003,
        0.40900000000000003,
        0.40950000000000003,
        0.41000000000000003,
        0.41050000000000003,
        0.41100000000000003,
        0.41150000000000003,
        0.41200000000000003,
        0.41250000000000003,
        0.41300000000000003,
        0.41350000000000003,
        0.41400000000000003,
        0.41450000000000004,
        0.41500000000000004,
        0.41550000000000004,
        0.41600000000000004,
        0.4165,
        0.417,
        0.4175,
        0.418,
        0.4185,
        0.419,
        0.4195,
        0.42,
        0.4205,
        0.421,
        0.4215,
        0.422,
        0.4225,
        0.423,
        0.4235,
        0.424,
        0.4245,
        0.425,
        0.4255,
        0.426,
        0.4265,
        0.427,
        0.4275,
        0.428,
        0.4285,
        0.429,
        0.4295,
        0.43,
        0.4305,
        0.431,
        0.4315,
        0.432,
        0.4325,
        0.433,
        0.4335,
        0.434,
        0.4345,
        0.435,
        0.4355,
        0.436,
        0.4365,
        0.437,
        0.4375,
        0.438,
        0.4385,
        0.439,
        0.4395,
        0.44,
        0.4405,
        0.441,
        0.4415,
        0.442,
        0.4425,
        0.443,
        0.4435,
        0.444,
        0.4445,
        0.445,
        0.4455,
        0.446,
        0.4465,
        0.447,
        0.4475,
        0.448,
        0.4485,
        0.449,
        0.4495,
        0.45,
        0.4505,
        0.451,
        0.4515,
        0.452,
        0.4525,
        0.453,
        0.4535,
        0.454,
        0.4545,
        0.455,
        0.4555,
        0.456,
        0.4565,
        0.457,
        0.4575,
        0.458,
        0.4585,
        0.459,
        0.4595,
        0.46,
        0.4605,
        0.461,
        0.4615,
        0.462,
        0.4625,
        0.463,
        0.4635,
        0.464,
        0.4645,
        0.465,
        0.4655,
        0.466,
        0.4665,
        0.467,
        0.4675,
        0.468,
        0.4685,
        0.46900000000000003,
        0.46950000000000003,
        0.47000000000000003,
        0.47050000000000003,
        0.47100000000000003,
        0.47150000000000003,
        0.47200000000000003,
        0.47250000000000003,
        0.47300000000000003,
        0.47350000000000003,
        0.47400000000000003,
        0.47450000000000003,
        0.47500000000000003,
        0.47550000000000003,
        0.47600000000000003,
        0.47650000000000003,
        0.47700000000000004,
        0.47750000000000004,
        0.47800000000000004,
        0.47850000000000004,
        0.47900000000000004,
        0.47950000000000004,
        0.48,
        0.4805,
        0.481,
        0.4815,
        0.482,
        0.4825,
        0.483,
        0.4835,
        0.484,
        0.4845,
        0.485,
        0.4855,
        0.486,
        0.4865,
        0.487,
        0.4875,
        0.488,
        0.4885,
        0.489,
        0.4895,
        0.49,
        0.4905,
        0.491,
        0.4915,
        0.492,
        0.4925,
        0.493,
        0.4935,
        0.494,
        0.4945,
        0.495,
        0.4955,
        0.496,
        0.4965,
        0.497,
        0.4975,
        0.498,
        0.4985,
        0.499,
        0.4995,
        0.5,
        0.5005000000000001,
        0.501,
        0.5015000000000001,
        0.502,
        0.5025000000000001,
        0.503,
        0.5035000000000001,
        0.504,
        0.5045000000000001,
        0.505,
        0.5055000000000001,
        0.506,
        0.5065000000000001,
        0.507,
        0.5075000000000001,
        0.508,
        0.5085000000000001,
        0.509,
        0.5095000000000001,
        0.51,
        0.5105000000000001,
        0.511,
        0.5115000000000001,
        0.512,
        0.5125,
        0.513,
        0.5135,
        0.514,
        0.5145,
        0.515,
        0.5155,
        0.516,
        0.5165,
        0.517,
        0.5175,
        0.518,
        0.5185,
        0.519,
        0.5195,
        0.52,
        0.5205,
        0.521,
        0.5215,
        0.522,
        0.5225,
        0.523,
        0.5235,
        0.524,
        0.5245,
        0.525,
        0.5255,
        0.526,
        0.5265,
        0.527,
        0.5275,
        0.528,
        0.5285,
        0.529,
        0.5295,
        0.53,
        0.5305,
        0.531,
        0.5315,
        0.532,
        0.5325,
        0.533,
        0.5335,
        0.534,
        0.5345,
        0.535,
        0.5355,
        0.536,
        0.5365,
        0.537,
        0.5375,
        0.538,
        0.5385,
        0.539,
        0.5395,
        0.54,
        0.5405,
        0.541,
        0.5415,
        0.542,
        0.5425,
        0.543,
        0.5435,
        0.544,
        0.5445,
        0.545,
        0.5455,
        0.546,
        0.5465,
        0.547,
        0.5475,
        0.548,
        0.5485,
        0.549,
        0.5495,
        0.55,
        0.5505,
        0.551,
        0.5515,
        0.552,
        0.5525,
        0.553,
        0.5535,
        0.554,
        0.5545,
        0.555,
        0.5555,
        0.556,
        0.5565,
        0.557,
        0.5575,
        0.558,
        0.5585,
        0.559,
        0.5595,
        0.56,
        0.5605,
        0.561,
        0.5615,
        0.562,
        0.5625,
        0.5630000000000001,
        0.5635,
        0.5640000000000001,
        0.5645,
        0.5650000000000001,
        0.5655,
        0.5660000000000001,
        0.5665,
        0.5670000000000001,
        0.5675,
        0.5680000000000001,
        0.5685,
        0.5690000000000001,
        0.5695,
        0.5700000000000001,
        0.5705,
        0.5710000000000001,
        0.5715,
        0.5720000000000001,
        0.5725,
        0.5730000000000001,
        0.5735,
        0.5740000000000001,
        0.5745,
        0.5750000000000001,
        0.5755,
        0.5760000000000001,
        0.5765,
        0.577,
        0.5775,
        0.578,
        0.5785,
        0.579,
        0.5795,
        0.58,
        0.5805,
        0.581,
        0.5815,
        0.582,
        0.5825,
        0.583,
        0.5835,
        0.584,
        0.5845,
        0.585,
        0.5855,
        0.586,
        0.5865,
        0.587,
        0.5875,
        0.588,
        0.5885,
        0.589,
        0.5895,
        0.59,
        0.5905,
        0.591,
        0.5915,
        0.592,
        0.5925,
        0.593,
        0.5935,
        0.594,
        0.5945,
        0.595,
        0.5955,
        0.596,
        0.5965,
        0.597,
        0.5975,
        0.598,
        0.5985,
        0.599,
        0.5995,
        0.6,
        0.6005,
        0.601,
        0.6015,
        0.602,
        0.6025,
        0.603,
        0.6035,
        0.604,
        0.6045,
        0.605,
        0.6055,
        0.606,
        0.6065,
        0.607,
        0.6075,
        0.608,
        0.6085,
        0.609,
        0.6095,
        0.61,
        0.6105,
        0.611,
        0.6115,
        0.612,
        0.6125,
        0.613,
        0.6135,
        0.614,
        0.6145,
        0.615,
        0.6155,
        0.616,
        0.6165,
        0.617,
        0.6175,
        0.618,
        0.6185,
        0.619,
        0.6195,
        0.62,
        0.6205,
        0.621,
        0.6215,
        0.622,
        0.6225,
        0.623,
        0.6235,
        0.624,
        0.6245,
        0.625,
        0.6255000000000001,
        0.626,
        0.6265000000000001,
        0.627,
        0.6275000000000001,
        0.628,
        0.6285000000000001,
        0.629,
        0.6295000000000001,
        0.63,
        0.6305000000000001,
        0.631,
        0.6315000000000001,
        0.632,
        0.6325000000000001,
        0.633,
        0.6335000000000001,
        0.634,
        0.6345000000000001,
        0.635,
        0.6355000000000001,
        0.636,
        0.6365000000000001,
        0.637,
        0.6375000000000001,
        0.638,
        0.6385000000000001,
        0.639,
        0.6395000000000001,
        0.64,
        0.6405,
        0.641,
        0.6415,
        0.642,
        0.6425,
        0.643,
        0.6435,
        0.644,
        0.6445,
        0.645,
        0.6455,
        0.646,
        0.6465,
        0.647,
        0.6475,
        0.648,
        0.6485,
        0.649,
        0.6495,
        0.65,
        0.6505,
        0.651,
        0.6515,
        0.652,
        0.6525,
        0.653,
        0.6535,
        0.654,
        0.6545,
        0.655,
        0.6555,
        0.656,
        0.6565,
        0.657,
        0.6575,
        0.658,
        0.6585,
        0.659,
        0.6595,
        0.66,
        0.6605,
        0.661,
        0.6615,
        0.662,
        0.6625,
        0.663,
        0.6635,
        0.664,
        0.6645,
        0.665,
        0.6655,
        0.666,
        0.6665,
        0.667,
        0.6675,
        0.668,
        0.6685,
        0.669,
        0.6695,
        0.67,
        0.6705,
        0.671,
        0.6715,
        0.672,
        0.6725,
        0.673,
        0.6735,
        0.674,
        0.6745,
        0.675,
        0.6755,
        0.676,
        0.6765,
        0.677,
        0.6775,
        0.678,
        0.6785,
        0.679,
        0.6795,
        0.68,
        0.6805,
        0.681,
        0.6815,
        0.682,
        0.6825,
        0.683,
        0.6835,
        0.684,
        0.6845,
        0.685,
        0.6855,
        0.686,
        0.6865,
        0.687,
        0.6875,
        0.6880000000000001,
        0.6885,
        0.6890000000000001,
        0.6895,
        0.6900000000000001,
        0.6905,
        0.6910000000000001,
        0.6915,
        0.6920000000000001,
        0.6925,
        0.6930000000000001,
        0.6935,
        0.6940000000000001,
        0.6945,
        0.6950000000000001,
        0.6955,
        0.6960000000000001,
        0.6965,
        0.6970000000000001,
        0.6975,
        0.6980000000000001,
        0.6985,
        0.6990000000000001,
        0.6995,
        0.7000000000000001,
        0.7005,
        0.7010000000000001,
        0.7015,
        0.7020000000000001,
        0.7025,
        0.7030000000000001,
        0.7035,
        0.704,
        0.7045,
        0.705,
        0.7055,
        0.706,
        0.7065,
        0.707,
        0.7075,
        0.708,
        0.7085,
        0.709,
        0.7095,
        0.71,
        0.7105,
        0.711,
        0.7115,
        0.712,
        0.7125,
        0.713,
        0.7135,
        0.714,
        0.7145,
        0.715,
        0.7155,
        0.716,
        0.7165,
        0.717,
        0.7175,
        0.718,
        0.7185,
        0.719,
        0.7195,
        0.72,
        0.7205,
        0.721,
        0.7215,
        0.722,
        0.7225,
        0.723,
        0.7235,
        0.724,
        0.7245,
        0.725,
        0.7255,
        0.726,
        0.7265,
        0.727,
        0.7275,
        0.728,
        0.7285,
        0.729,
        0.7295,
        0.73,
        0.7305,
        0.731,
        0.7315,
        0.732,
        0.7325,
        0.733,
        0.7335,
        0.734,
        0.7345,
        0.735,
        0.7355,
        0.736,
        0.7365,
        0.737,
        0.7375,
        0.738,
        0.7385,
        0.739,
        0.7395,
        0.74,
        0.7405,
        0.741,
        0.7415,
        0.742,
        0.7425,
        0.743,
        0.7435,
        0.744,
        0.7445,
        0.745,
        0.7455,
        0.746,
        0.7465,
        0.747,
        0.7475,
        0.748,
        0.7485,
        0.749,
        0.7495,
        0.75,
        0.7505000000000001,
        0.751,
        0.7515000000000001,
        0.752,
        0.7525000000000001,
        0.753,
        0.7535000000000001,
        0.754,
        0.7545000000000001,
        0.755,
        0.7555000000000001,
        0.756,
        0.7565000000000001,
        0.757,
        0.7575000000000001,
        0.758,
        0.7585000000000001,
        0.759,
        0.7595000000000001,
        0.76,
        0.7605000000000001,
        0.761,
        0.7615000000000001,
        0.762,
        0.7625000000000001,
        0.763,
        0.7635000000000001,
        0.764,
        0.7645000000000001,
        0.765,
        0.7655000000000001,
        0.766,
        0.7665000000000001,
        0.767,
        0.7675000000000001,
        0.768,
        0.7685,
        0.769,
        0.7695,
        0.77,
        0.7705,
        0.771,
        0.7715,
        0.772,
        0.7725,
        0.773,
        0.7735,
        0.774,
        0.7745,
        0.775,
        0.7755,
        0.776,
        0.7765,
        0.777,
        0.7775,
        0.778,
        0.7785,
        0.779,
        0.7795,
        0.78,
        0.7805,
        0.781,
        0.7815,
        0.782,
        0.7825,
        0.783,
        0.7835,
        0.784,
        0.7845,
        0.785,
        0.7855,
        0.786,
        0.7865,
        0.787,
        0.7875,
        0.788,
        0.7885,
        0.789,
        0.7895,
        0.79,
        0.7905,
        0.791,
        0.7915,
        0.792,
        0.7925,
        0.793,
        0.7935,
        0.794,
        0.7945,
        0.795,
        0.7955,
        0.796,
        0.7965,
        0.797,
        0.7975,
        0.798,
        0.7985,
        0.799,
        0.7995,
        0.8,
        0.8005,
        0.801,
        0.8015,
        0.802,
        0.8025,
        0.803,
        0.8035,
        0.804,
        0.8045,
        0.805,
        0.8055,
        0.806,
        0.8065,
        0.807,
        0.8075,
        0.808,
        0.8085,
        0.809,
        0.8095,
        0.81,
        0.8105,
        0.811,
        0.8115,
        0.812,
        0.8125,
        0.8130000000000001,
        0.8135,
        0.8140000000000001,
        0.8145,
        0.8150000000000001,
        0.8155,
        0.8160000000000001,
        0.8165,
        0.8170000000000001,
        0.8175,
        0.8180000000000001,
        0.8185,
        0.8190000000000001,
        0.8195,
        0.8200000000000001,
        0.8205,
        0.8210000000000001,
        0.8215,
        0.8220000000000001,
        0.8225,
        0.8230000000000001,
        0.8235,
        0.8240000000000001,
        0.8245,
        0.8250000000000001,
        0.8255,
        0.8260000000000001,
        0.8265,
        0.8270000000000001,
        0.8275,
        0.8280000000000001,
        0.8285,
        0.8290000000000001,
        0.8295,
        0.8300000000000001,
        0.8305,
        0.8310000000000001,
        0.8315,
        0.8320000000000001,
        0.8325,
        0.833,
        0.8335,
        0.834,
        0.8345,
        0.835,
        0.8355,
        0.836,
        0.8365,
        0.837,
        0.8375,
        0.838,
        0.8385,
        0.839,
        0.8395,
        0.84,
        0.8405,
        0.841,
        0.8415,
        0.842,
        0.8425,
        0.843,
        0.8435,
        0.844,
        0.8445,
        0.845,
        0.8455,
        0.846,
        0.8465,
        0.847,
        0.8475,
        0.848,
        0.8485,
        0.849,
        0.8495,
        0.85,
        0.8505,
        0.851,
        0.8515,
        0.852,
        0.8525,
        0.853,
        0.8535,
        0.854,
        0.8545,
        0.855,
        0.8555,
        0.856,
        0.8565,
        0.857,
        0.8575,
        0.858,
        0.8585,
        0.859,
        0.8595,
        0.86,
        0.8605,
        0.861,
        0.8615,
        0.862,
        0.8625,
        0.863,
        0.8635,
        0.864,
        0.8645,
        0.865,
        0.8655,
        0.866,
        0.8665,
        0.867,
        0.8675,
        0.868,
        0.8685,
        0.869,
        0.8695,
        0.87,
        0.8705,
        0.871,
        0.8715,
        0.872,
        0.8725,
        0.873,
        0.8735,
        0.874,
        0.8745,
        0.875,
        0.8755000000000001,
        0.876,
        0.8765000000000001,
        0.877,
        0.8775000000000001,
        0.878,
        0.8785000000000001,
        0.879,
        0.8795000000000001,
        0.88,
        0.8805000000000001,
        0.881,
        0.8815000000000001,
        0.882,
        0.8825000000000001,
        0.883,
        0.8835000000000001,
        0.884,
        0.8845000000000001,
        0.885,
        0.8855000000000001,
        0.886,
        0.8865000000000001,
        0.887,
        0.8875000000000001,
        0.888,
        0.8885000000000001,
        0.889,
        0.8895000000000001,
        0.89,
        0.8905000000000001,
        0.891,
        0.8915000000000001,
        0.892,
        0.8925000000000001,
        0.893,
        0.8935000000000001,
        0.894,
        0.8945000000000001,
        0.895,
        0.8955000000000001,
        0.896,
        0.8965,
        0.897,
        0.8975,
        0.898,
        0.8985,
        0.899,
        0.8995,
        0.9,
        0.9005,
        0.901,
        0.9015,
        0.902,
        0.9025,
        0.903,
        0.9035,
        0.904,
        0.9045,
        0.905,
        0.9055,
        0.906,
        0.9065,
        0.907,
        0.9075,
        0.908,
        0.9085,
        0.909,
        0.9095,
        0.91,
        0.9105,
        0.911,
        0.9115,
        0.912,
        0.9125,
        0.913,
        0.9135,
        0.914,
        0.9145,
        0.915,
        0.9155,
        0.916,
        0.9165,
        0.917,
        0.9175,
        0.918,
        0.9185,
        0.919,
        0.9195,
        0.92,
        0.9205,
        0.921,
        0.9215,
        0.922,
        0.9225,
        0.923,
        0.9235,
        0.924,
        0.9245,
        0.925,
        0.9255,
        0.926,
        0.9265,
        0.927,
        0.9275,
        0.928,
        0.9285,
        0.929,
        0.9295,
        0.93,
        0.9305,
        0.931,
        0.9315,
        0.932,
        0.9325,
        0.933,
        0.9335,
        0.934,
        0.9345,
        0.935,
        0.9355,
        0.936,
        0.9365,
        0.937,
        0.9375,
        0.9380000000000001,
        0.9385,
        0.9390000000000001,
        0.9395,
        0.9400000000000001,
        0.9405,
        0.9410000000000001,
        0.9415,
        0.9420000000000001,
        0.9425,
        0.9430000000000001,
        0.9435,
        0.9440000000000001,
        0.9445,
        0.9450000000000001,
        0.9455,
        0.9460000000000001,
        0.9465,
        0.9470000000000001,
        0.9475,
        0.9480000000000001,
        0.9485,
        0.9490000000000001,
        0.9495,
        0.9500000000000001,
        0.9505,
        0.9510000000000001,
        0.9515,
        0.9520000000000001,
        0.9525,
        0.9530000000000001,
        0.9535,
        0.9540000000000001,
        0.9545,
        0.9550000000000001,
        0.9555,
        0.9560000000000001,
        0.9565,
        0.9570000000000001,
        0.9575,
        0.9580000000000001,
        0.9585,
        0.9590000000000001,
        0.9595,
        0.96,
        0.9605,
        0.961,
        0.9615,
        0.962,
        0.9625,
        0.963,
        0.9635,
        0.964,
        0.9645,
        0.965,
        0.9655,
        0.966,
        0.9665,
        0.967,
        0.9675,
        0.968,
        0.9685,
        0.969,
        0.9695,
        0.97,
        0.9705,
        0.971,
        0.9715,
        0.972,
        0.9725,
        0.973,
        0.9735,
        0.974,
        0.9745,
        0.975,
        0.9755,
        0.976,
        0.9765,
        0.977,
        0.9775,
        0.978,
        0.9785,
        0.979,
        0.9795,
        0.98,
        0.9805,
        0.981,
        0.9815,
        0.982,
        0.9825,
        0.983,
        0.9835,
        0.984,
        0.9845,
        0.985,
        0.9855,
        0.986,
        0.9865,
        0.987,
        0.9875,
        0.988,
        0.9885,
        0.989,
        0.9895,
        0.99,
        0.9905,
        0.991,
        0.9915,
        0.992,
        0.9925,
        0.993,
        0.9935,
        0.994,
        0.9945,
        0.995,
        0.9955,
        0.996,
        0.9965,
        0.997,
        0.9975,
        0.998,
        0.9985,
        0.999,
        0.9995,
        1.0
      ],
      "delta_w_profile": [
        -18.59134963048139,
        -18.590795872471862,
        -18.590242115209026,
        -18.58968835943817,
        -18.589134605903006,
        -18.588580855345725,
        -18.58802710850695,
        -18.58747336612572,
        -18.586919628939565,
        -18.5863658976845,
        -18.5858121730949,
        -18.585258455903624,
        -18.58470474684205,
        -18.584151046639903,
        -18.58359735602534,
        -18.58304367572507,
        -18.582490006464315,
        -18.581936348966465,
        -18.58138270395364,
        -18.58082907214631,
        -18.580275454263276,
        -18.579721851022043,
        -18.57916826313843,
        -18.578614691326568,
        -18.578061136299276,
        -18.57750759876774,
        -18.57695407944148,
        -18.576400579028725,
        -18.575847098235798,
        -18.575293637767818,
        -18.574740198328215,
        -18.574186780618906,
        -18.573633385340052,
        -18.57308001319068,
        -18.572526664867855,
        -18.571973341067277,
        -18.571420042483275,
        -18.570866769808227,
        -18.57031352373342,
        -18.5697603049481,
        -18.56920711414057,
        -18.5686539519971,
        -18.56810081920246,
        -18.567547716440224,
        -18.566994644391965,
        -18.566441603738173,
        -18.565888595157336,
        -18.56533561932681,
        -18.56478267692222,
        -18.56422976861756,
        -18.56367689508538,
        -18.56312405699687,
        -18.562571255021336,
        -18.562018489826716,
        -18.56146576207947,
        -18.560913072444635,
        -18.560360421585308,
        -18.559807810163164,
        -18.5592552388388,
        -18.558702708270655,
        -18.55815021911608,
        -18.55759777203078,
        -18.55704536766853,
        -18.556493006682256,
        -18.555940689723005,
        -18.55538841743996,
        -18.554836190481446,
        -18.554284009493916,
        -18.553731875121954,
        -18.553179788009302,
        -18.552627748797708,
        -18.55207575812751,
        -18.55152381663775,
        -18.55097192496514,
        -18.550420083745777,
        -18.54986829361412,
        -18.54931655520242,
        -18.548764869142204,
        -18.548213236063006,
        -18.547661656592854,
        -18.5471101313587,
        -18.546558660985408,
        -18.546007246096316,
        -18.545455887313814,
        -18.54490458525832,
        -18.544353340548845,
        -18.543802153802993,
        -18.543251025636515,
        -18.542699956663753,
        -18.542148947498333,
        -18.541597998750884,
        -18.54104711103178,
        -18.540496284949416,
        -18.539945521110344,
        -18.539394820120275,
        -18.53884418258296,
        -18.53829360910076,
        -18.53774310027462,
        -18.53719265670355,
        -18.536642278985713,
        -18.53609196771743,
        -18.53554172349317,
        -18.5349915469066,
        -18.53444143854951,
        -18.53389139901198,
        -18.533341428882817,
        -18.532791528749648,
        -18.532241699197826,
        -18.53169194081198,
        -18.531142254174693,
        -18.530592639867482,
        -18.53004309847038,
        -18.529493630560896,
        -18.528944236716303,
        -18.528394917512024,
        -18.527845673521774,
        -18.527296505317995,
        -18.5267474134713,
        -18.52619839855115,
        -18.5256494611254,
        -18.525100601760204,
        -18.524551821021117,
        -18.524003119470855,
        -18.52345449767156,
        -18.52290595618365,
        -18.522357495565846,
        -18.52180911637606,
        -18.521260819170262,
        -18.520712604502506,
        -18.520164472926027,
        -18.51961642499214,
        -18.519068461251358,
        -18.51852058225227,
        -18.517972788541524,
        -18.517425080664985,
        -18.51687745916681,
        -18.516329924589467,
        -18.51578247747462,
        -18.51523511836202,
        -18.514687847789492,
        -18.51414066629407,
        -18.513593574410876,
        -18.51304657267423,
        -18.512499661616555,
        -18.511952841768114,
        -18.511406113659305,
        -18.51085947781747,
        -18.51031293476917,
        -18.509766485039968,
        -18.509220129153515,
        -18.508673867631547,
        -18.508127700995022,
        -18.507581629762996,
        -18.50703565445375,
        -18.506489775583663,
        -18.505943993667202,
        -18.50539830921784,
        -18.50485272274806,
        -18.50430723476821,
        -18.503761845787423,
        -18.503216556313614,
        -18.502671366852567,
        -18.50212627790932,
        -18.501581289987218,
        -18.501036403587957,
        -18.500491619212475,
        -18.499946937359805,
        -18.499402358527107,
        -18.498857883210768,
        -18.498313511905298,
        -18.497769245104458,
        -18.497225083300116,
        -18.49668102698225,
        -18.496137076640107,
        -18.495593232761266,
        -18.495049495831886,
        -18.494505866336688,
        -18.493962344758987,
        -18.493418931580663,
        -18.492875627282178,
        -18.492332432342344,
        -18.49178934723924,
        -18.491246372449073,
        -18.49070350844617,
        -18.490160755704135,
        -18.489618114694927,
        -18.489075585888862,
        -18.48853316975553,
        -18.487990866762658,
        -18.487448677376108,
        -18.486906602061016,
        -18.486364641280655,
        -18.48582279549758,
        -18.485281065172487,
        -18.48473945076421,
        -18.484197952730874,
        -18.483656571528968,
        -18.483115307613364,
        -18.48257416143821,
        -18.482033133455815,
        -18.481492224116625,
        -18.480951433870395,
        -18.48041076316501,
        -18.479870212447672,
        -18.479329782163724,
        -18.47878947275667,
        -18.478249284669314,
        -18.477709218342845,
        -18.47716927421684,
        -18.476629452730187,
        -18.476089754319922,
        -18.475550179421266,
        -18.475010728468728,
        -18.47447140189523,
        -18.473932200132076,
        -18.47339312360989,
        -18.47285417275746,
        -18.472315348001768,
        -18.471776649768856,
        -18.471238078483648,
        -18.47069963456991,
        -18.470161318449154,
        -18.469623130541745,
        -18.46908507126736,
        -18.46854714104343,
        -18.468009340286226,
        -18.46747166941182,
        -18.46693412883379,
        -18.466396718963882,
        -18.465859440213883,
        -18.465322292993527,
        -18.46478527771075,
        -18.46424839477282,
        -18.46371164458543,
        -18.46317502755293,
        -18.46263854407832,
        -18.46210219456326,
        -18.461565979408075,
        -18.461029899011283,
        -18.46049395377189,
        -18.459958144084386,
        -18.459422470345547,
        -18.45888693294765,
        -18.45835153228345,
        -18.45781626874392,
        -18.457281142718696,
        -18.45674615459609,
        -18.45621130476309,
        -18.45567659360536,
        -18.455142021507232,
        -18.45460758885127,
        -18.454073296020077,
        -18.45353914339403,
        -18.45300513135127,
        -18.45247126027,
        -18.451937530526646,
        -18.451403942496324,
        -18.45087049655283,
        -18.450337193068666,
        -18.449804032415006,
        -18.449271014961734,
        -18.448738141076962,
        -18.44820541112887,
        -18.447672825483426,
        -18.447140384504376,
        -18.446608088555546,
        -18.446075937999,
        -18.44554393319551,
        -18.44501207450455,
        -18.444480362284306,
        -18.443948796891664,
        -18.44341737868223,
        -18.44288610800986,
        -18.44235498522848,
        -18.441824010689842,
        -18.441293184743483,
        -18.440762507739038,
        -18.44023198002439,
        -18.439701601946158,
        -18.439171373849675,
        -18.438641296079,
        -18.438111368976916,
        -18.437581592884932,
        -18.43705196814284,
        -18.436522495090507,
        -18.435993174065644,
        -18.43546400540377,
        -18.43493498944051,
        -18.43440612651022,
        -18.43387741694327,
        -18.43334886107514,
        -18.432820459232758,
        -18.432292211745906,
        -18.431764118942198,
        -18.431236181147522,
        -18.430708398687898,
        -18.43018077188717,
        -18.429653301067034,
        -18.4291259865493,
        -18.428598828654067,
        -18.4280718277002,
        -18.42754498400532,
        -18.427018297885798,
        -18.42649176965677,
        -18.425965399632137,
        -18.4254391881241,
        -18.424913135444996,
        -18.424387241905013,
        -18.4238615078122,
        -18.423335933474746,
        -18.422810519199142,
        -18.42228526529066,
        -18.421760172052892,
        -18.421235239789567,
        -18.42071046880228,
        -18.4201858593905,
        -18.41966141185384,
        -18.419137126489783,
        -18.418613003595958,
        -18.418089043467873,
        -18.41756524639891,
        -18.417041612682613,
        -18.416518142610848,
        -18.41599483647428,
        -18.415471694562363,
        -18.414948717163355,
        -18.414425904564293,
        -18.41390325705103,
        -18.41338077490775,
        -18.412858458418814,
        -18.412336307866468,
        -18.411814323530848,
        -18.411292505692277,
        -18.410770854629412,
        -18.41024937061973,
        -18.409728053939517,
        -18.40920690486387,
        -18.408685923666695,
        -18.408165110620722,
        -18.407644465997038,
        -18.407123990066914,
        -18.40660368309953,
        -18.40608354536198,
        -18.405563577121548,
        -18.40504377864388,
        -18.404524150193456,
        -18.40400469203358,
        -18.40348540442639,
        -18.40296628763285,
        -18.40244734191276,
        -18.4019285675243,
        -18.40140996472676,
        -18.400891533772803,
        -18.400373274922128,
        -18.399855188425537,
        -18.39933727453677,
        -18.398819533507496,
        -18.398301965588242,
        -18.397784571028367,
        -18.397267350076092,
        -18.396750302978475,
        -18.396233429980985,
        -18.395716731329294,
        -18.395200207267035,
        -18.394683858035776,
        -18.394167683877317,
        -18.393651685031852,
        -18.393135861738447,
        -18.392620214235023,
        -18.39210474275837,
        -18.391589447544145,
        -18.39107432882687,
        -18.390559386839485,
        -18.390044621815154,
        -18.38953003398502,
        -18.389015623578185,
        -18.388501390823983,
        -18.38798733595018,
        -18.38747345918341,
        -18.386959760749207,
        -18.386446240871965,
        -18.385932899774975,
        -18.385419737680408,
        -18.384906754808867,
        -18.38439395138121,
        -18.38388132761627,
        -18.38336888373087,
        -18.382856619942086,
        -18.38234453646543,
        -18.381832633515312,
        -18.381320911305046,
        -18.380809370046837,
        -18.380298009951797,
        -18.379786831229936,
        -18.37927583408971,
        -18.37876501873986,
        -18.378254385387102,
        -18.37774393423617,
        -18.377233665492064,
        -18.37672357935824,
        -18.37621367603707,
        -18.37570395572984,
        -18.375194418636756,
        -18.37468506495693,
        -18.374175894888413,
        -18.3736669086277,
        -18.37315810637159,
        -18.37264948831489,
        -18.372141054650424,
        -18.371632805571302,
        -18.371124741269117,
        -18.37061686193439,
        -18.370109167756567,
        -18.369601658924033,
        -18.369094335624112,
        -18.365542055608977,
        -18.337895539519312,
        -18.289117968017017,
        -18.240177339931186,
        -18.191075015438553,
        -18.141812350499286,
        -18.092390696854707,
        -18.042811402024586,
        -17.993075809326683,
        -17.94318525787538,
        -17.893141082587615,
        -17.842944614196046,
        -17.792597179248165,
        -17.742100100115383,
        -17.69145469499666,
        -17.640662277930815,
        -17.589724158795583,
        -17.53864164331901,
        -17.487416033085356,
        -17.436048625538277,
        -17.384540713987654,
        -17.332893587621417,
        -17.281108531507822,
        -17.229186826597715,
        -17.177129749736373,
        -17.124938573671223,
        -17.072614567054583,
        -17.02015899444456,
        -16.967573116328712,
        -16.91485818911449,
        -16.862015465136977,
        -16.8090461926748,
        -16.755951615950586,
        -16.702732975134154,
        -16.649391506353876,
        -16.59592844170169,
        -16.542345009242645,
        -16.488642433013535,
        -16.43482193303928,
        -16.38088472532792,
        -16.326832021885625,
        -16.272665030728522,
        -16.21838495587177,
        -16.163992997350498,
        -16.10949035121798,
        -16.054878209562908,
        -16.000157760505772,
        -15.945330188202936,
        -15.890396672866213,
        -15.835358390762849,
        -15.780216514212809,
        -15.724972211608776,
        -15.669626647423438,
        -15.614180982200391,
        -15.55863637257415,
        -15.502993971274687,
        -15.447254927132915,
        -15.39142038508339,
        -15.33549148617706,
        -15.27946936758309,
        -15.223355162601578,
        -15.167150000662668,
        -15.110855007332903,
        -15.054471304336149,
        -14.99800000953996,
        -14.941442236973758,
        -14.884799096832483,
        -14.82807169549114,
        -14.771261135502074,
        -14.714368515594062,
        -14.65739493069687,
        -14.600341471944892,
        -14.543209226669878,
        -14.48599927842276,
        -14.428712706964562,
        -14.371350588290044,
        -14.313913994638618,
        -14.25640399446434,
        -14.198821652477749,
        -14.141168029648584,
        -14.083444183209444,
        -14.025651166642128,
        -13.967790029704929,
        -13.909861818452649,
        -13.851867575215675,
        -13.793808338609985,
        -13.735685143557163,
        -13.677499021290764,
        -13.619250999350854,
        -13.560942101599483,
        -13.50257334821886,
        -13.44414575573318,
        -13.385660337006813,
        -13.327118101241576,
        -13.268520053994918,
        -13.209867197191752,
        -13.151160529119903,
        -13.09240104443375,
        -13.033589734173331,
        -12.974727585763427,
        -12.915815583030847,
        -12.8568547061917,
        -12.797845931865027,
        -12.738790233101017,
        -12.67968857935916,
        -12.620541936520992,
        -12.561351266907373,
        -12.502117529278491,
        -12.442841678853874,
        -12.383524667290551,
        -12.324167442697625,
        -12.264770949675366,
        -12.205336129294299,
        -12.14586391909248,
        -12.086355253097322,
        -12.026811061837423,
        -11.967232272347106,
        -11.907619808156428,
        -11.847974589305723,
        -11.788297532373806,
        -11.728589550463411,
        -11.66885155319848,
        -11.609084446746888,
        -11.549289133835906,
        -11.489466513750394,
        -11.429617482320056,
        -11.369742931937646,
        -11.309843751597151,
        -11.249920826865614,
        -11.189975039880393,
        -11.13000726938646,
        -11.070018390735497,
        -11.01000927588588,
        -10.949980793399058,
        -10.889933808467745,
        -10.829869182917736,
        -10.769787775200637,
        -10.709690440416598,
        -10.649578030305229,
        -10.589451393269233,
        -10.5293113743817,
        -10.469158815368816,
        -10.408994554630786,
        -10.348819427261843,
        -10.28863426505298,
        -10.228439896468307,
        -10.168237146675965,
        -10.108026837574513,
        -10.047809787763818,
        -9.98758681256598,
        -9.927358724028965,
        -9.867126330942984,
        -9.806890438846855,
        -9.746651850015278,
        -9.686411363478832,
        -9.626169775041273,
        -9.565927877274977,
        -9.505686459515482,
        -9.445446307887877,
        -9.385208205310429,
        -9.324972931498223,
        -9.264741262961355,
        -9.204513973018564,
        -9.144291831808149,
        -9.08407560629525,
        -9.02386606027276,
        -8.963663954363131,
        -8.903470046029316,
        -8.843285089592927,
        -8.783109836233354,
        -8.722945033978657,
        -8.662791427730125,
        -8.602649759273195,
        -8.542520767280179,
        -8.482405187287526,
        -8.422303751742213,
        -8.362217190000827,
        -8.30214622832139,
        -8.242091589876091,
        -8.182053994754918,
        -8.122034159983858,
        -8.062032799524895,
        -8.00205062428419,
        -7.94208834210027,
        -7.882146657778582,
        -7.822226273095134,
        -7.762327886775576,
        -7.702452194525218,
        -7.64259988904267,
        -7.582771660008932,
        -7.5229681940883,
        -7.463190174952929,
        -7.403438283287375,
        -7.343713196793153,
        -7.284015590183268,
        -7.2243461351940494,
        -7.164705500607889,
        -7.1050943522432295,
        -7.045513352970036,
        -6.98596316269524,
        -6.926444438398211,
        -6.866957834135307,
        -6.807504001014406,
        -6.748083587224017,
        -6.688697238058738,
        -6.629345595901075,
        -6.570029300215071,
        -6.5107489875735975,
        -6.451505291678355,
        -6.392298843347152,
        -6.333130270501164,
        -6.274000198211326,
        -6.214909248684682,
        -6.155858041273492,
        -6.096847192477039,
        -6.0378773159398245,
        -5.978949022496123,
        -5.920062920140886,
        -5.861219614036107,
        -5.802419706522644,
        -5.743663797152967,
        -5.684952482671147,
        -5.626286357000119,
        -5.567666011289895,
        -5.509092033908467,
        -5.4505650104427135,
        -5.39208552370386,
        -5.333654153731119,
        -5.2752714778144245,
        -5.216938070498077,
        -5.158654503560728,
        -5.100421346049945,
        -5.042239164282215,
        -4.984108521849306,
        -4.926029979618275,
        -4.868004095726002,
        -4.81003142562013,
        -4.752112522055414,
        -4.694247935068271,
        -4.636438212009509,
        -4.578683897554341,
        -4.5209855337042,
        -4.463343659778559,
        -4.405758812439481,
        -4.348231525696173,
        -4.290762330896802,
        -4.233351756749408,
        -4.176000329315543,
        -4.118708572034828,
        -4.061477005724951,
        -4.0043061485653,
        -3.9471965161224256,
        -3.8901486213764214,
        -3.833162974692727,
        -3.776240083835773,
        -3.719380453982623,
        -3.662584587734798,
        -3.6058529851282817,
        -3.54918614359896,
        -3.492584558029006,
        -3.4360487207623427,
        -3.379579121573719,
        -3.3231762476896307,
        -3.266840583800144,
        -3.2105726120707176,
        -3.1543728121340213,
        -3.098241661099029,
        -3.0421796335546576,
        -2.986187201597053,
        -2.9302648348195866,
        -2.874413000294665,
        -2.8186321626228423,
        -2.7629227839228205,
        -2.707285323833264,
        -2.6517202395164405,
        -2.5962279856627686,
        -2.540809014518105,
        -2.485463775871917,
        -2.4301927170509225,
        -2.3749962829481897,
        -2.3198749160331436,
        -2.2648290563415627,
        -2.209859141467393,
        -2.1549656065945824,
        -2.100148884513449,
        -2.0454094056015864,
        -1.9907475978238602,
        -1.936163886754239,
        -1.8816586955912553,
        -1.8272324451507296,
        -1.772885553863043,
        -1.7186184377995128,
        -1.6644315106551129,
        -1.6103251837784867,
        -1.556299866171039,
        -1.5023559644742022,
        -1.4484938829921756,
        -1.3947140237055673,
        -1.3410167862659381,
        -1.28740256799762,
        -1.2338717639013554,
        -1.1804247666797636,
        -1.1270619667409785,
        -1.0737837521659064,
        -1.0205905087600695,
        -0.9674826200490577,
        -0.9144604672721619,
        -0.8615244293923798,
        -0.8086748830882304,
        -0.755912202799229,
        -0.7032367607104262,
        -0.6506489267323992,
        -0.5981490685394508,
        -0.5457375515732485,
        -0.49341473903736643,
        -0.4411809919018341,
        -0.3890366689158694,
        -0.3369821266197024,
        -0.2850177193409373,
        -0.23314379919728112,
        -0.18136071609927318,
        -0.12966881777938843,
        -0.07806844978476185,
        -0.026559955461727403,
        0.02485632401507759,
        0.07618004962634206,
        0.12741088452899874,
        0.17854849403985362,
        0.22959254563103743,
        0.28054270892000194,
        0.3313986556558768,
        0.3821600597403881,
        0.43282659720512023,
        0.48339794619696447,
        0.5338737869799375,
        0.584253801947005,
        0.6345376755982531,
        0.6847250945236083,
        0.7348157474101128,
        0.7848093250437445,
        0.8347055203085058,
        0.884504028151864,
        0.9342045455883887,
        0.9838067717161229,
        1.0333104077056678,
        1.082715156767443,
        1.1320207241616886,
        1.1812268172166573,
        1.2303331452922328,
        1.2793394197762926,
        1.3282453540901646,
        1.377050663682261,
        1.4257550660326253,
        1.474358280620191,
        1.5228600289227812,
        1.5712600344443932,
        1.619558022684277,
        1.6677537211205626,
        1.7158468592102614,
        1.7638371684147314,
        1.8117243821751212,
        1.8595082358732618,
        1.9071884668698649,
        1.9547648144899723,
        2.0022370200147686,
        2.049604826672489,
        2.09686797961477,
        2.144026225956668,
        2.191079314747556,
        2.23802699694293,
        2.2848690254280553,
        2.3316051550088703,
        2.37823514241108,
        2.424758746251959,
        2.4711757270458117,
        2.517485847215792,
        2.563688871077536,
        2.6097845648191518,
        2.6557726965021304,
        2.7016530360822615,
        2.7474253553823518,
        2.793089428074034,
        2.838645029685044,
        2.88409193761559,
        2.929429931113798,
        2.9746587912529745,
        3.019778300941612,
        3.0647882449397583,
        3.1096884098380992,
        3.154478584027946,
        3.1991585577148784,
        3.243728122938752,
        3.2881870735473253,
        3.3325352051635173,
        3.376772315215421,
        3.4208982029372144,
        3.4649126693464205,
        3.5088155172239035,
        3.552606551130235,
        3.596285577416613,
        3.639852404185751,
        3.6833068412964254,
        3.726648700365298,
        3.7698777947650957,
        3.812993939615514,
        3.855996951771398,
        3.8988866498163732,
        3.9416628540692145,
        3.984325386589302,
        4.0268740711366044,
        4.0693087331853235,
        4.111629199933895,
        4.153835300284076,
        4.195926864828206,
        4.237903725849217,
        4.279765717340633,
        4.321512674975653,
        4.36314443608987,
        4.404660839712196,
        4.446061726542121,
        4.487346938932438,
        4.528516320911979,
        4.569569718155602,
        4.61050697798692,
        4.651327949379211,
        4.69203248295633,
        4.732620430968151,
        4.773091647289659,
        4.813445987437323,
        4.853683308549995,
        4.893803469367083,
        4.933806330243105,
        4.973691753159517,
        5.013459601691959,
        5.053109740998448,
        5.092642037838468,
        5.132056360572066,
        5.171352579135293,
        5.210530565031112,
        5.249590191345771,
        5.288531332741524,
        5.327353865444811,
        5.366057667231708,
        5.404642617426106,
        5.443108596923359,
        5.4814554881630055,
        5.51968317510875,
        5.557791543266665,
        5.595780479685184,
        5.633649872934189,
        5.67139961310046,
        5.709029591786768,
        5.746539702116426,
        5.783929838732376,
        5.821199897758084,
        5.858349776816643,
        5.895379375052595,
        5.9322885930837375,
        5.9690773330056635,
        6.005745498399045,
        6.042292994330539,
        6.078719727341878,
        6.1150256054198575,
        6.151210538028166,
        6.187274436091928,
        6.22321721199043,
        6.259038779545292,
        6.294739054017748,
        6.330317952120468,
        6.365775392003912,
        6.401111293240877,
        6.436325576829223,
        6.4714181652009675,
        6.506388982198644,
        6.541237953076209,
        6.575965004499956,
        6.610570064537599,
        6.645053062669192,
        6.679413929755296,
        6.713652598046073,
        6.7332713955531975,
        6.736007973482785,
        6.7364209996793125,
        6.736833852414812,
        6.737246531900024,
        6.73765903835196,
        6.738071371984808,
        6.73848353301448,
        6.738895521658616,
        6.739307338132036,
        6.739718982655837,
        6.740130455449209,
        6.740541756729435,
        6.740952886720083,
        6.741363845642816,
        6.741774633717395,
        6.742185251169871,
        6.742595698223483,
        6.743005975103216,
        6.743416082034885,
        6.7438260192451445,
        6.7442357869614815,
        6.744645385413135,
        6.745054814826546,
        6.745464075434452,
        6.745873167467708,
        6.746282091155285,
        6.7466908467324584,
        6.747099434432625,
        6.747507854487303,
        6.747916107134317,
        6.748324192608715,
        6.748732111147303,
        6.74913986298866,
        6.749547448368582,
        6.749954867529188,
        6.750362120710728,
        6.75076920815159,
        6.75117613009558,
        6.7515828867882774,
        6.75198947846795,
        6.7523959053828335,
        6.7528021677774905,
        6.75320826589827,
        6.753614199993311,
        6.754019970307992,
        6.754425577094034,
        6.754831020601316,
        6.755236301077873,
        6.755641418778086,
        6.756046373954502,
        6.756451166857829,
        6.756855797745131,
        6.75726026687073,
        6.757664574490757,
        6.758068720863157,
        6.758472706243139,
        6.758876530891368,
        6.759280195070326,
        6.75968369903522,
        6.760087043051268,
        6.760490227380965,
        6.760893252284994,
        6.761296118030416,
        6.7616988248824885,
        6.762101373104664,
        6.762503762966778,
        6.762905994735963,
        6.763308068682097,
        6.763709985072359,
        6.7641117441803225,
        6.764513346277771,
        6.764914791634702,
        6.7653160805275165,
        6.765717213229923,
        6.766118190017494,
        6.766519011166749,
        6.766919676955168,
        6.767320187661188,
        6.7677205435651135,
        6.768120744944579,
        6.768520792083638,
        6.768920685264589,
        6.769320424767969,
        6.769720010880751,
        6.770119443887245,
        6.770518724073652,
        6.770917851728063,
        6.77131682713592,
        6.77171565058911,
        6.7721143223777815,
        6.772512842790353,
        6.772911212121693,
        6.773309430664947,
        6.7737074987115315,
        6.774105416558419,
        6.774503184503594,
        6.774900802841502,
        6.775298271872156,
        6.775695591892037,
        6.77609276320411,
        6.776489786109631,
        6.776886660908162,
        6.77728338790575,
        6.777679967406749,
        6.7780763997147355,
        6.778472685136142,
        6.778868823980271,
        6.7792648165538285,
        6.779660663169126,
        6.780056364133158,
        6.78045191976217,
        6.780847330364368,
        6.781242596255394,
        6.78163771774923,
        6.782032695163656,
        6.782427528813895,
        6.782822219020794,
        6.783216766099918,
        6.783611170376105,
        6.784005432166187,
        6.784399551794458,
        6.784793529583582,
        6.785187365860052,
        6.78558106094783,
        6.7859746151756255,
        6.78636802887235,
        6.786761302364397,
        6.787154435979278,
        6.7875474300556355,
        6.787940284922327,
        6.788333000910252,
        6.788725578359633,
        6.789118017603647,
        6.789510318979344,
        6.789902482822198,
        6.790294509476107,
        6.790686399278855,
        6.791078152575752,
        6.791469769704178,
        6.791861251012689,
        6.792252596842831,
        6.7926438075446,
        6.793034883461904,
        6.793425824946203,
        6.79381663234651,
        6.794207306014854,
        6.794597846300826,
        6.794988253562499,
        6.795378528148242,
        6.79576867041946,
        6.796158680731504,
        6.796548559442764,
        6.79693830691195,
        6.797327923504462,
        6.797717409575117,
        6.798106765490883,
        6.798495991617251,
        6.798885088320052,
        6.799274055963647,
        6.799662894919115,
        6.8000516055542555,
        6.8004401882426855,
        6.800828643354752,
        6.801216971263903,
        6.801605172342147,
        6.801993246970056,
        6.802381195523137,
        6.802769018380015,
        6.803156715920627,
        6.8035442885280375,
        6.803931736578446,
        6.804319060463927,
        6.804706260565152,
        6.805093337270492,
        6.805480290965112,
        6.805867122041887,
        6.806253830887768,
        6.806640417898341,
        6.807026883463273,
        6.807413227980878,
        6.807799451842659,
        6.808185555451501,
        6.808571539202578,
        6.808957403497916,
        6.809343148737296,
        6.809728775324632,
        6.810114283662517,
        6.810499674162236,
        6.810884947224671,
        6.8112701032621334,
        6.8116551426847325,
        6.812040065902195,
        6.812424873326605,
        6.812809565377862,
        6.813194142465503,
        6.81357860501053,
        6.813962953431781,
        6.814347188148659,
        6.814731309580234,
        6.815115318154341,
        6.815499214293033,
        6.815882998424419,
        6.816266670976296,
        6.816650232377067,
        6.817033683055752,
        6.817417023448356,
        6.817800253986056,
        6.81818337510521,
        6.818566387240999,
        6.818949290836529,
        6.8193320863273765,
        6.819714774158873,
        6.820097354772476,
        6.820479828613046,
        6.820862196124766,
        6.821244457758875,
        6.821626613964129,
        6.822008665193172,
        6.822390611896182,
        6.822772454530423,
        6.823154193548886,
        6.823535829412573,
        6.823917362578233,
        6.824298793510183,
        6.824680122667592,
        6.825061350518126,
        6.825442477526589,
        6.825823504160842,
        6.826204430888629,
        6.826585258185316,
        6.8269659865198,
        6.827346616369978,
        6.827727148210026,
        6.828107582520411,
        6.828487919778799,
        6.828868160468258,
        6.829248305069982,
        6.82962835407331,
        6.830008307960724,
        6.830388167225594,
        6.830767932356274,
        6.8311476038447445,
        6.831527182183443,
        6.831906667873459,
        6.832286061408167,
        6.832665363290521,
        6.833044574020328,
        6.83342369410199,
        6.833802724039054,
        6.834181664342406,
        6.834560515516644,
        6.834939278076452,
        6.835317952532058,
        6.8356965394015266,
        6.836075039198485,
        6.83645345244396,
        6.836831779656836,
        6.837210021361144,
        6.837588178081516,
        6.8379662503427525,
        6.838344238676643,
        6.838722143610613,
        6.839099965679557,
        6.839477705416296,
        6.83985536335978,
        6.84023294004554,
        6.84061043601753,
        6.840987851815856,
        6.841365187989062,
        6.841742445079595,
        6.842119623639727,
        6.842496724219743,
        6.8428737473738686,
        6.843250693654364,
        6.843627563623358,
        6.84400435783695,
        6.844381076859765,
        6.844757721253148,
        6.845134291585629,
        6.845510788422937,
        6.845887212339827,
        6.846263563905093,
        6.846639843697489,
        6.847016052291195,
        6.8473921902681045,
        6.84776825820874,
        6.84814425669818,
        6.84852018632061,
        6.848896047669347,
        6.849271841330018,
        6.849647567901041,
        6.850023227974536,
        6.850398822151347,
        6.850774351028774,
        6.851149815212865,
        6.851525215306149,
        6.85190055191948,
        6.852275825660216,
        6.852651037142245,
        6.853026186978717,
        6.853401275789793,
        6.8537763041926505,
        6.854151272812413,
        6.854526182271705,
        6.854901033200214,
        6.855275826225609,
        6.8556505619821975,
        6.856025241101844,
        6.85639986422626,
        6.856774431992472,
        6.857148945046015,
        6.8575234040304975,
        6.857897809594886,
        6.858272162388519,
        6.8586464630670365,
        6.859020712282841,
        6.859394910698756,
        6.85976905897395,
        6.860143157773493,
        6.86051720776292,
        6.860891209613704,
        6.861265163996448,
        6.861639071588178,
        6.862012933064631,
        6.862386749109359,
        6.862760520404206,
        6.863134247637044,
        6.863507931494522,
        6.863881572672538,
        6.864255171862614,
        6.864628729765554,
        6.865002247081006,
        6.865375724514294,
        6.865749162770986,
        6.866122562562361,
        6.866495924598609,
        6.866869249598854,
        6.8672425382798,
        6.867615791365304,
        6.8679890095782,
        6.868362193649421,
        6.8687353443084636,
        6.869108462290681,
        6.869481548331849,
        6.869854603175909,
        6.870227627563628,
        6.87060062224443,
        6.870973587966419,
        6.871346525486854,
        6.871719435558527,
        6.872092318943879,
        6.872465176405017,
        6.872838008711008,
        6.873210816629714,
        6.873583600936912,
        6.873956362406755,
        6.874329101821806,
        6.8747018199644145,
        6.87507451762265,
        6.875447195584866,
        6.875819854648816,
        6.876192495609396,
        6.8765651192700386,
        6.876937726432271,
        6.87731031790847,
        6.877682894506426,
        6.878055457043915,
        6.878428006338719,
        6.878800543216373,
        6.879173068500192,
        6.879545583022655,
        6.879918087615885,
        6.880290583119397,
        6.880663070372394,
        6.881035550223344,
        6.881408023517717,
        6.881780491111658,
        6.882152953860642,
        6.882525412625408,
        6.882897868269256,
        6.883270321663531,
        6.883642773678094,
        6.88401522519272,
        6.884387677083934,
        6.884760130241408,
        6.8851325855502505,
        6.8855050439028584,
        6.885877506198942,
        6.886249973336909,
        6.886622446225264,
        6.886994925770356,
        6.887367412888681,
        6.88773990849509,
        6.888112413515545,
        6.888484928873511,
        6.888857455501344,
        6.889229994334415,
        6.8896025463138635,
        6.88997511238117,
        6.890347693487279,
        6.890720290583536,
        6.891092904629442,
        6.891465536585414,
        6.8918381874200865,
        6.892210858102613,
        6.892583549612244,
        6.8929562629265355,
        6.89332899903366,
        6.893701758920609,
        6.894074543585054,
        6.894447354025823,
        6.89482019124794,
        6.895193056259469,
        6.895565950076551,
        6.89593887371707,
        6.89631182820569,
        6.896684814570701,
        6.897057833848604,
        6.8974308870764105,
        6.897803975300775,
        6.898177099568479,
        6.898550260936467,
        6.898923460463245,
        6.899296699214825,
        6.899669978259307,
        6.900043298676002,
        6.900416661543202,
        6.900790067949575,
        6.901163518984199,
        6.90153701574661,
        6.901910559338189,
        6.902284150867668,
        6.9026577914479725,
        6.903031482200819,
        6.9034052242499255,
        6.903779018725598,
        6.904152866764319,
        6.904526769509692,
        6.904900728107483,
        6.905274743714756,
        6.90564881748763,
        6.906022950594968,
        6.90639714420705,
        6.906771399501522,
        6.907145717660712,
        6.907520099877131,
        6.907894547343964,
        6.908269061266026,
        6.908643642849349,
        6.909018293310778,
        6.909393013869366,
        6.90976780575234,
        6.910142670192413,
        6.910517608432832,
        6.910892621717419,
        6.91126771130108,
        6.911642878442115,
        6.912018124407729,
        6.9123934504695255,
        6.9127688579094695,
        6.913144348010386,
        6.913519922069651,
        6.913895581385143,
        6.914271327264843,
        6.914647161021426,
        6.915023083978226,
        6.915399097460189,
        6.915775202805294,
        6.916151401354604,
        6.916527694459133,
        6.9169040834749,
        6.917280569766167,
        6.917657154703217,
        6.918033839668318,
        6.918410626043961,
        6.918787515228368,
        6.919164508620546,
        6.919541607631712,
        6.919918813677615,
        6.9202961281845115,
        6.920673552582397,
        6.921051088315066,
        6.921428736828812,
        6.921806499582026,
        6.922184378037077,
        6.922562373669919,
        6.922940487958331,
        6.923318722393799,
        6.923697078472032,
        6.924075557700297,
        6.92445416159248,
        6.9248328916718815,
        6.9252117494685494,
        6.9255907365248035,
        6.925969854386202,
        6.926349104613434,
        6.926728488770108,
        6.927108008434185,
        6.927487665187595,
        6.927867460625844,
        6.928247396348087,
        6.928627473969473,
        6.92900769510803,
        6.9293880613951915,
        6.9297685744685955,
        6.930149235979888,
        6.930530047584789,
        6.930911010954537,
        6.931292127763685,
        6.931673399702,
        6.9320548284645325,
        6.9324364157607885,
        6.932818163307534,
        6.933200072831144,
        6.933582146069954,
        6.93396438477025,
        6.934346790692259,
        6.93472936560068,
        6.935112111278411,
        6.935495029512529,
        6.935878122103929,
        6.93626139086195,
        6.936644837609912,
        6.93702846417839,
        6.937412272412566,
        6.937796264164597,
        6.938180441302787,
        6.9385648057021365,
        6.938949359252156,
        6.939334103849687,
        6.939719041409447,
        6.940104173850486,
        6.940489503109917,
        6.940875031132557,
        6.9412607598778395,
        6.941646691314453,
        6.942032827425901,
        6.942419170203776,
        6.942805721657858,
        6.943192483804858,
        6.943579458678058,
        6.943966648319233,
        6.944354054787847,
        6.944741680151613,
        6.945129526493865,
        6.945517595908672,
        6.9459058905063955,
        6.946294412406979,
        6.946683163747335,
        6.947072146673722,
        6.947461363351867,
        6.947850815953426,
        6.948240506670204,
        6.948630437704264,
        6.949020611275313,
        6.949411029612646,
        6.949801694964348,
        6.950192609587871,
        6.950583775760159,
        6.950975195769126,
        6.9513668719196975,
        6.951758806528474,
        6.952151001932954,
        6.952543460479384,
        6.952936184533797,
        6.95332917647442,
        6.953722438697708,
        6.954115973612118,
        6.9545097836459675,
        6.954903871240301,
        6.955298238856295,
        6.9556928889654,
        6.956087824060844,
        6.95648304664777,
        6.956878559252929,
        6.957274364415276,
        6.9576704646938445,
        6.958066862660165,
        6.958463560910689,
        6.958860562051481,
        6.959257868710194,
        6.959655483530762,
        6.960053409176744,
        6.960451648326022,
        6.960850203680054,
        6.961249077951752,
        6.961648273879751,
        6.962047794214467,
        6.962447641730542,
        6.9628478192174645,
        6.963248329487923,
        6.963649175367972,
        6.9640503597108445,
        6.964451885383033,
        6.964853755274014,
        6.965255972290515,
        6.965658539364879,
        6.966061459441609,
        6.96646473549346,
        6.966868370510264,
        6.967272367502752,
        6.9676767295018385,
        6.968081459563355,
        6.9684865607614315,
        6.968892036193688,
        6.969297888975527,
        6.9697041222516996,
        6.9701107391833235,
        6.970517742955816,
        6.970925136775922,
        6.97133292387738,
        6.971741107512038,
        6.972149690959165,
        6.972558677517936,
        6.972968070514928,
        6.973377873297069,
        6.9737880892391315,
        6.974198721736692,
        6.97460977421363,
        6.975021250115545,
        6.975433152914986,
        6.975845486109423,
        6.9762582532219355,
        6.976671457800553,
        6.97708510342304,
        6.977499193687602,
        6.9779137322245015,
        6.978328722686765,
        6.978744168758169,
        6.979160074146678,
        6.9795764425901705,
        6.97999327785124,
        6.980410583726565,
        6.980828364035813,
        6.981246622628731,
        6.98166536338407,
        6.9820845902134945,
        6.982504307050964,
        6.982924517866199,
        6.9833452266577085,
        6.98376643745353,
        6.984188154313354,
        6.9846103813256395,
        6.985033122615199,
        6.985456382332596,
        6.9858801646640005,
        6.986304473826512,
        6.986729314071659,
        6.9871546896802705,
        6.98758060497144,
        6.988007064293315,
        6.988434072030702,
        6.988861632600412,
        6.989289750457058,
        6.989718430086584,
        6.990147676013894,
        6.990577492795935,
        6.991007885029331,
        6.991438857343481,
        6.99187041440774,
        6.992302560926347,
        6.992735301644258,
        6.993168641337978,
        6.9936025848296,
        6.994037136976278,
        6.994472302674269,
        6.994908086857968,
        6.995344494507144,
        6.9957815306359805,
        6.996219200302591,
        6.996657508603533,
        6.997096460681514,
        6.997536061717184,
        6.997976316935032,
        6.998417231600657,
        6.998858811028486,
        6.999301060571325,
        6.999743985627637,
        7.000187591640654,
        7.000631884102028,
        7.001076868543227,
        7.00152255054738,
        7.001968935740229,
        7.002416029798357,
        7.002863838442419,
        7.003312367444931,
        7.003761622623512,
        7.004211609848689,
        7.0046623350366986,
        7.00511380415912,
        7.005566023233879,
        7.006018998333067,
        7.006472735578512,
        7.006927241147799,
        7.007382521268023,
        7.007838582223656,
        7.008295430349403,
        7.008753072040348,
        7.009211513740751,
        7.009670761956015,
        7.010130823246049,
        7.0105917042295305,
        7.011053411579543,
        7.011515952033328,
        7.011979332384293,
        7.012443559485867,
        7.012908640251268,
        7.0133745816587325,
        7.013841390745389,
        7.0143090746125125,
        7.014777640423049,
        7.015247095406893,
        7.01571744685752,
        7.016188702133648,
        7.016660868659526,
        7.0171339539311655,
        7.017607965505737,
        7.018082911015546,
        7.018558798158828,
        7.019035634705552,
        7.019513428495059,
        7.019992187441891,
        7.02047191953027,
        7.0209526328199505,
        7.021434335444355,
        7.021917035614185,
        7.0224007416137555,
        7.022885461806451,
        7.0233712046324595,
        7.023857978614236,
        7.0243457923506405,
        7.024834654522422,
        7.02532457389275,
        7.02581555930909,
        7.026307619700122,
        7.026800764081745,
        7.027295001552649,
        7.027790341304903,
        7.028286792611373,
        7.028784364837702,
        7.029283067440219,
        7.029782909966126,
        7.030283902051897,
        7.0307860534330455,
        7.03128937393664,
        7.03179387348566,
        7.0322995620992685,
        7.032806449898565,
        7.033314547100988,
        7.033823864026106,
        7.034334411093683,
        7.034846198829518,
        7.035359237862642,
        7.035873538927544,
        7.036389112865057,
        7.036905970629168,
        7.0374241232770345,
        7.037943581983563,
        7.038464358033286,
        7.038986462824528,
        7.039509907871782,
        7.040034704809927,
        7.040560865387094,
        7.041088401475295,
        7.041617325066981,
        7.042147648279802,
        7.042679383353672,
        7.04321254265694,
        7.043747138684872,
        7.044283184065874,
        7.044820691556841,
        7.045359674046254,
        7.045900144564586,
        7.0464421162729085,
        7.0469856024742565,
        7.047530616609575,
        7.048077172266865,
        7.048625283174461,
        7.049174963208426,
        7.049726226391338,
        7.050279086902029,
        7.050833559064431,
        7.051389657360559,
        7.051947396429434,
        7.052506791067855,
        7.053067856231664,
        7.053630607044319,
        7.054195058790502,
        7.054761226923404,
        7.055329127066587,
        7.055898775017257,
        7.0564701867441135,
        7.057043378396609,
        7.0576183662997,
        7.058195166965461,
        7.0587737970861,
        7.059354273543844,
        7.059936613408586,
        7.060520833946494,
        7.061106952613663,
        7.061694987070267,
        7.06228495517431,
        7.062876874987235,
        7.063470764778228,
        7.064066643027207,
        7.064664528425815,
        7.065264439881644,
        7.065866396520711,
        7.066470417694058,
        7.067076522975563,
        7.067684732168891,
        7.0682950653090435,
        7.06890754266944,
        7.069522184759954,
        7.070139012334328,
        7.0707580463908535,
        7.07137930818241,
        7.072002819210221,
        7.072628601236543,
        7.073256676284232,
        7.073887066642523,
        7.074519794867427,
        7.075154883791293,
        7.075792356523809,
        7.076432236456028,
        7.077074547264028,
        7.077719312918787,
        7.078366557682949,
        7.07901630612018,
        7.0796685830978,
        7.080323413795166,
        7.08098082370307,
        7.081640838632307,
        7.082303484716894,
        7.082968788423055,
        7.083636776547857,
        7.084307476230438,
        7.084980914953346,
        7.085657120553296,
        7.086336121218619,
        7.087017945503881,
        7.087702622329818,
        7.088390180991138,
        7.089080651161916,
        7.0897740629054455,
        7.0904704466739705,
        7.091169833321051,
        7.091872254104053,
        7.092577740695634,
        7.093286325184678,
        7.093998040088054,
        7.094712918353641,
        7.095430993373513,
        7.096152298984752,
        7.096876869481105,
        7.097604739617747,
        7.098335944625519,
        7.099070520208958,
        7.099808502563595,
        7.10054992837909,
        7.101294834850736,
        7.102043259684079,
        7.102795241110416,
        7.103550817889061,
        7.104310029320713,
        7.1050729152539756,
        7.105839516100937,
        7.106609872839319,
        7.107384027027567,
        7.108162020811743,
        7.108943896943091,
        7.109729698778793,
        7.110519470299986,
        7.111313256119808,
        7.112111101499404,
        7.11291305235077,
        7.1137191552587264,
        7.114529457486786,
        7.115344006992838,
        7.11616285243669,
        7.116986043202008,
        7.11781362940193,
        7.118645661895675,
        7.119482192301595,
        7.120323273015081,
        7.12116895721657,
        7.122019298892378,
        7.122874352845881,
        7.123734174718125,
        7.124598820996764,
        7.125468349039442,
        7.126342817084159,
        7.127222284273419,
        7.128106810664929,
        7.128996457253605,
        7.129891285986962,
        7.130791359790023,
        7.131696742576131,
        7.132607499270712,
        7.133523695835746,
        7.134445399280844,
        7.13537267769211,
        7.136305600252179,
        7.137244237259655,
        7.138188660153409,
        7.13913894153878,
        7.140095155205965,
        7.141057376158058,
        7.142025680634262,
        7.143000146139172,
        7.143980851463823,
        7.144967876715145,
        7.145961303344037,
        7.146961214175049,
        7.147967693431112,
        7.148980826766723,
        7.150000701296676,
        7.151027405631485,
        7.152061029901794,
        7.153101665799079,
        7.154149406605628,
        7.155204347229929,
        7.156266584240949,
        7.157336215907889,
        7.158413342235681,
        7.1594980650028495,
        7.160590487801546,
        7.1616907160813685,
        7.1627988571856465,
        7.163915020397943,
        7.165039316984506,
        7.16617186024201,
        7.167312765540862,
        7.168462150374334,
        7.1696201344069825,
        7.170786839528524,
        7.171962389900256,
        7.173146912012037,
        7.174340534735316,
        7.175543389383633,
        7.176755609763128,
        7.177977332238819,
        7.179208695794639,
        7.180449842093883,
        7.18170091554582,
        7.182962063375563,
        7.1842334356875055,
        7.185515185539865,
        7.186807469015897,
        7.188110445302732,
        7.189424276763142,
        7.190749129020107,
        7.1920851710349245,
        7.193432575197824,
        7.194791517408667,
        7.196162177171024,
        7.197544737681967,
        7.198939385934081,
        7.200346312804087,
        7.20176571316342,
        7.203197785979072,
        7.204642734422526,
        7.206100765979648,
        7.2075720925714295,
        7.209056930666396,
        7.21055550140756,
        7.212068030736328,
        7.213594749529419,
        7.2151358937264725,
        7.216691704474633,
        7.21826242827074,
        7.219848317115408,
        7.221449628659628,
        7.223066626370233,
        7.224699579691939,
        7.226348764222523,
        7.228014461880486,
        7.22969696109768,
        7.231396557001946,
        7.233113551615915,
        7.234848254054298,
        7.236600980742453,
        7.238372055625831,
        7.240161810397911,
        7.241970584732382,
        7.2437987265283414,
        7.245646592154101,
        7.247514546712677,
        7.249402964306911,
        7.251312228323681,
        7.253242731716535,
        7.2551948773133255,
        7.257169078121848,
        7.259165757660785,
        7.261185350289235,
        7.263228301560153,
        7.265295068580339,
        7.26738612039396,
        7.269501938364577,
        7.27164301659182,
        7.273809862330028,
        7.276002996432113,
        7.278222953804463,
        7.280470283889864,
        7.282745551160235,
        7.285049335634913,
        7.287382233420475,
        7.289744857274738,
        7.292137837188098,
        7.2945618209952015,
        7.297017475011605,
        7.299505484701041,
        7.302026555361744,
        7.304581412852831,
        7.307170804349594,
        7.309795499132729,
        7.312456289406689,
        7.315153991166717,
        7.317889445096323,
        7.320663517505432,
        7.323477101317138,
        7.32633111710062,
        7.329226514142931,
        7.332164271581215,
        7.3351453995869935,
        7.338170940603736,
        7.3412419706454335,
        7.344359600659598,
        7.347524977959886,
        7.3507392877208515,
        7.354003754556682,
        7.357319644173998,
        7.360688265112719,
        7.364110970570251,
        7.36758916032458,
        7.371124282755414,
        7.374717836975646,
        7.378371375066755,
        7.382086504443135,
        7.385864890338349,
        7.389708258432764,
        7.393618397613767,
        7.397597162903531,
        7.401646478542363,
        7.40576834124495,
        7.409964823646823,
        7.4142380779505475,
        7.418590339775332,
        7.423023932242069,
        7.427541270294909,
        7.432144865287195,
        7.436837329835699,
        7.441621382979515,
        7.446499855655223,
        7.451475696514437,
        7.456551978102256,
        7.4617319034372755,
        7.467018813009789,
        7.472416192241436,
        7.47792767942359,
        7.483557074199767,
        7.48930834660678,
        7.495185646734378,
        7.501193315050547,
        7.507335893448224,
        7.513618137061164,
        7.5200450269312995,
        7.526621783583984,
        7.533353881599749,
        7.540247065253537,
        7.5473073653335,
        7.554541117228562,
        7.561954980408055,
        7.569555959409573,
        7.577351426484302,
        7.585349146047162,
        7.593557301108759,
        7.601984521862184,
        7.610639916661684,
        7.619533105599651,
        7.628674256959904,
        7.6380741268263055,
        7.647744102185683,
        7.657696247870436,
        7.667943357759084,
        7.6784990106899125,
        7.6893776316032785,
        7.700594558480155,
        7.712166115747916,
        7.724109694877641,
        7.736443843020904,
        7.749188360620051,
        7.762364409095464,
        7.77599462981918,
        7.790103275800808,
        7.804716357677613,
        7.819861805877371,
        7.8355696510663195,
        7.85187222534648,
        7.868804387021149,
        7.886403772243317,
        7.904711077345952,
        7.923770376321648,
        7.943629478668574,
        7.964340333715725
      ],
      "notes": [
        "牛顿近似：I1/I2/q0 用 Bararpour 2025 式 2.24-2.26 解析闭包；HB 精确闭包留 Tier 2（T2-1/T2-2）。",
        "I3 采用 d2dga_flux 现有版本（Zhang 2022 式 4.26，分母 2m·[...]）；与 Bararpour 式 2.27（分母 12·[...]）的标度差异留待 Tier 1 核实。",
        "b 为 Zhang 2022 标度（μ_mud 归一）；Bararpour 几何平均黏度标度需 ×√m，Tier 0 未重标定。",
        "通量函数 F=q0+b·I3 存在凸区间：激波已按 Rankine-Hugoniot（式 3.9，上凹包络弦）处理。",
        "输入提取：m=μ_mud/μ_cement=0.0662（μ_mud=0.058 Pa·s，μ_cement=0.876 Pa·s）；b=8.60832（result.summary['buoyancy_number']）；e=0.2203（result.geom['e'] 深度平均）。"
      ]
    },
    "displacement_metrics": {
      "mud_retention_fraction": 0.199398,
      "phi_m_phi_c_profile": [
        0.669191928320537,
        1.3414579711251131,
        0.9518918264445342,
        0.5957134192083722,
        0.40690982195474135,
        0.29120215195631793,
        0.2056820852180118,
        0.13055935665324156,
        0.061323359416606306,
        0.019689659250841606,
        0.005176281694148266,
        0.0012704733596562085,
        0.0002995937239040733,
        6.710372305692726e-05,
        1.4028947433984533e-05,
        2.731677729309013e-06,
        4.985284634981435e-07,
        8.900243941298843e-08,
        1.557688110226017e-08,
        2.6808239899870398e-09,
        4.4752595055037466e-10,
        7.915123501437869e-11,
        2.7093662685428388e-11,
        3.105532888443703e-11,
        5.271360956678759e-11,
        9.267197518130559e-11,
        1.6200044154536992e-10,
        2.804578215926773e-10,
        4.804464314887155e-10,
        8.14083295789755e-10,
        1.364027143838623e-09,
        2.259600734726706e-09,
        3.7003929631539047e-09,
        5.9902696944719455e-09,
        9.585645867408502e-09,
        1.5163084028763272e-08,
        2.3712998794782103e-08,
        3.666907757951448e-08,
        5.608845524066666e-08,
        8.490910388742653e-08,
        1.2733548336694635e-07,
        1.8945406078531204e-07,
        2.80272318318397e-07,
        4.1348381313342774e-07,
        6.063069773139369e-07,
        8.777516494058359e-07,
        1.244642196829841e-06,
        1.7234445127005443e-06,
        2.340410722746081e-06,
        3.132018196699595e-06,
        4.1516395115003365e-06,
        5.4541612996076645e-06,
        7.1076125981215066e-06,
        9.198060144426324e-06,
        1.1813858931122444e-05,
        1.5039086119301909e-05,
        1.894085945901178e-05,
        2.359495568666647e-05,
        2.9117427956538404e-05,
        3.5667837681621994e-05,
        4.344540515739374e-05,
        5.259258851947511e-05,
        6.321365387232348e-05,
        7.534921576746833e-05,
        8.913522122317314e-05,
        0.00010476063349446836,
        0.00012248558609372474,
        0.00014258488567465795,
        0.0001653481571739589,
        0.0001911321391533246,
        0.00022038909150457156,
        0.0002537112519943926,
        0.0002919008821917302,
        0.00033608657008406625,
        0.0003879266126814239,
        0.0004499662015698167,
        0.0005261614876865315,
        0.0006218245682442689,
        0.0007440763841110835,
        0.0009022515671498547,
        0.0011081153990325449,
        0.0013756612228945301,
        0.001718282877065781,
        0.0021456887829406335,
        0.0026718925335922077,
        0.003311037285362622,
        0.004079703220571824,
        0.004991319545967394,
        0.0060613518284451,
        0.007312857403300016,
        0.008770596152236495,
        0.010458002742108953,
        0.012404202478485452,
        0.014652500543683625,
        0.017280977230667155,
        0.02040944699693336,
        0.024225272316422252,
        0.02902243757163576,
        0.0353532236651478,
        0.04422925385426221,
        0.057375423152800455,
        0.0780481593895333,
        0.11334334887619081,
        0.18181843867278924,
        0.3453966665684842,
        0.6376912213125236,
        0.7047520297539743,
        0.7318601527166757,
        0.7556317508007938,
        0.7750017314974695,
        0.7905095822569085,
        0.8021911363772407,
        0.8058051047286412,
        0.7993634320101869,
        0.7936252259100455,
        0.7922446532937032,
        0.784596167936911,
        0.7691868299730209,
        0.747981359240826,
        0.7156881701268308,
        0.6845836601185269,
        0.66222976579146,
        0.6395770072584569,
        0.6204412294146838,
        0.6075358046913271,
        0.5959845623008272,
        0.5854969779846495,
        0.5758427588133588,
        0.5669276259811852,
        0.5586964444704896,
        0.5503466531102043,
        0.5437780170103169,
        0.5402581040267934,
        0.538355664711074,
        0.5371231059355973,
        0.535468810043344,
        0.5349538213852065,
        0.5353116036824243,
        0.5355635770293041,
        0.5387952801513859,
        0.5426232712119744,
        0.5459841253389094,
        0.5496385494616433,
        0.552275621680386,
        0.5537127475425784,
        0.5544543515673691,
        0.5547121514272374,
        0.5545898272311017,
        0.5539029683819111,
        0.5534408516341095,
        0.5544302409190125,
        0.557162983788079,
        0.5615171890085571,
        0.5669329018555561,
        0.5731390337316855,
        0.5809128609687639,
        0.5873890982467208,
        0.5907837922058263,
        0.5964681552767295,
        0.6009246723363586,
        0.6000760946346256,
        0.599974480455998,
        0.604499568703275,
        0.6080610509020423,
        0.6048751830501278,
        0.5975680057286286,
        0.5914793826872361,
        0.5964872485273284,
        0.6114338232049507,
        0.6279378452215807,
        0.6545196672919384,
        0.6758482794360172,
        0.6873428423517673,
        0.708979132481966,
        0.7447260505700215,
        0.8117704440394542,
        0.9054570524518372,
        0.9671464563830325,
        0.9663330371356545,
        0.9337779189311437,
        0.9032578529846595,
        0.8933469278433659,
        0.9014097567334802,
        0.9124126873569111,
        0.9179341607980737,
        0.9137855752429936,
        0.9040970552850427,
        0.9057522897500372,
        0.9306714064436777,
        0.958050268490993,
        0.95781572989352,
        0.9077764525526448,
        0.8321130507534171,
        0.7710187949937473,
        0.7599470575959064,
        0.8012649192305794,
        0.8583881641089919,
        0.9320829379991291,
        1.0156265881676445,
        1.095820997022459,
        1.1716341270546036,
        1.2200573798219954,
        1.2548181531201552,
        1.2662172761578936,
        1.2401760781321665,
        1.1953003577904395,
        1.154194089222956,
        1.132022337373644,
        1.13706953162938,
        1.1585337367596327,
        1.1854970125172233,
        1.2068152243635972,
        1.1996309478839395,
        1.1729200681664835,
        1.1482856263493932,
        1.1276254452280172,
        1.1135501394810543,
        1.1130308525439612,
        1.1175594038115575,
        1.122751715209591,
        1.1449731776100591,
        1.1720192061843209,
        1.205922162272605,
        1.2614546419349997,
        1.3249020718039834,
        1.3799114860239443,
        1.4501115771571638,
        1.5457402073257733,
        1.6435790215971027,
        1.7136128956352659,
        1.7191437704037538,
        1.7103581638798484,
        1.7135190792700132,
        1.7056108262182696,
        1.6992726687477582,
        1.6971257177322254,
        1.6779357050563273,
        1.650212334642109,
        1.6053971471570105,
        1.558339520356672,
        1.523811963294139,
        1.511435727499061,
        1.5550704707038205,
        1.6633800557298872,
        1.7953427986822315,
        2.0143476263071665,
        2.4349777516475792,
        2.9418762310602062,
        3.1017862446020894,
        89.05124364004821
      ],
      "quality_zone_counts": {
        "green": 91,
        "yellow": 3,
        "red": 156
      },
      "interface_length_ratio": 0.826211,
      "eta_narrow": 0.380035,
      "eta_global": 0.582302,
      "t_br_s": null,
      "t_br_hat": null,
      "w0_m_s": 0.4394293217220436,
      "mean_flusher": 0.0,
      "notes": [
        "模拟结束时水泥前缘未到达出口 s_max，t_br = inf（未突破）。"
      ]
    },
    "buoyancy_regime": {
      "b_number": 8.60831531012647,
      "regime": "highly_dispersive",
      "design_advice": "0≤b<20：浮力稳定作用不足，界面高度弥散，顶替效率低；建议提高顶替液与被顶替液的密度差，或降低排量/泥浆粘度以增大 b。"
    },
    "shutdown_decay": {
      "condition_satisfied": false,
      "freeze_time_s": null,
      "tau_y_min": 0.0,
      "physical_interpretation": "泵注程序中未检测到停泵（SHUTDOWN）事件，停泵有限时间衰减诊断不适用；若施工中存在停泵环节，请在 PumpingScheduleStep 上标注 event_tag=PumpingStageEvent.SHUTDOWN 后重新评估。"
    },
    "notes": []
  },
  "注入流体现场符合性检查": {
    "是否全部现场符合": false,
    "注入流体总数": 8,
    "非现场完全符合流体数": 4,
    "明细": [
      {
        "流体名称": "平衡液",
        "角色": "wash",
        "来源口径": "部分符合",
        "说明": "密度来自现场（设计 1.85；批混实测 1.87，数采平台 1.868–1.872），流变缺实测，使用代理值维持（2026-08-29 校准注记）。"
      },
      {
        "流体名称": "隔离液",
        "角色": "spacer",
        "来源口径": "现场符合",
        "说明": "密度来自现场；流变 POWER_LAW n=0.545/K=1.338 化验实测（2026-08-29 校准）；LEGACY(2026-08-29 前) Bingham 30/8（YP8 无 0708 直接出处）。"
      },
      {
        "流体名称": "领浆",
        "角色": "lead",
        "来源口径": "现场符合",
        "说明": "现场密度与幂律参数，来自实验报告。"
      },
      {
        "流体名称": "中间浆",
        "角色": "intermediate",
        "来源口径": "现场符合",
        "说明": "现场密度与幂律参数，来自实验报告。"
      },
      {
        "流体名称": "尾浆",
        "角色": "tail",
        "来源口径": "现场符合",
        "说明": "现场密度与幂律参数，来自实验报告。"
      },
      {
        "流体名称": "压塞液",
        "角色": "other",
        "来源口径": "部分符合",
        "说明": "密度1.90g/cm³已见现场作业史，流变仍复用替浆液。"
      },
      {
        "流体名称": "井浆",
        "角色": "displacement",
        "来源口径": "部分符合",
        "说明": "现场阶段存在，但性质复用替浆液。"
      },
      {
        "流体名称": "中置液",
        "角色": "displacement",
        "来源口径": "部分符合",
        "说明": "密度1.90g/cm³已见现场作业史，流变仍复用替浆液。"
      }
    ]
  }
}

===== STDERR =====
<frozen runpy>:128: RuntimeWarning: 'cemdisp.runners.hu2_tailpipe' found in sys.modules after import of package 'cemdisp.runners', but prior to execution of 'cemdisp.runners.hu2_tailpipe'; this may result in unpredictable behaviour
D:\users\desktop\research\控压固井项目\cement model\cemdisp\reporting\contour_plots.py:237: UserWarning: This figure includes Axes that are not compatible with tight_layout, so results might be incorrect.
  fig.tight_layout(rect=(0, 0, 1, 0.95))
