time_s,time_min,stage,bulk_cement_fill,effective_efficiency,front_wide_m,front_narrow_m,front_mid_m,channeling_index,mixing_index,instability_proxy,instability_index,mean_wall_mud,mean_cement,mean_mud
0.0,0.0,注入平衡液,0.0,0.0,0.0,0.0,0.0,0.0,0.0,0.0,0.0,0.0,0.0,1.0
4.0,0.06666666666666667,注入平衡液,0.0,0.0,0.0,0.0,0.0,0.0,0.0,0.0,0.0,0.0,0.0,1.0
8.0,0.13333333333333333,注入平衡液,0.0,0.0,0.0,0.0,0.0,0.0,0.0,0.0,0.0,0.0,0.0,1.0
12.0,0.2,注入平衡液,0.0,0.0,0.0,0.0,0.0,0.0,0.0,0.0,0.0,0.0,0.0,1.0
16.0,0.26666666666666666,注入平衡液,0.0,0.0,0.0,0.0,0.0,0.0,0.0,0.0,0.0,0.0,0.0,1.0
20.0,0.3333333333333333,注入平衡液,0.0,0.0,0.0,0.0,0.0,0.0,0.0,0.0,0.0,0.0,0.0,1.0
24.0,0.4,注入平衡液,0.0,0.0,0.0,0.0,0.0,0.0,0.0,0.0,0.0,0.0,0.0,1.0
28.0,0.4666666666666667,注入平衡液,0.0,0.0,0.0,0.0,0.0,0.0,0.0,0.0,0.0,0.0,0.0,1.0
32.0,0.5333333333333333,注入平衡液,0.0,0.0,0.0,0.0,0.0,0.0,0.0,0.0,0.0,0.0,0.0,1.0
36.0,0.6,注入平衡液,0.0,0.0,0.0,0.0,0.0,0.0,0.0,0.0,0.0,0.0,0.0,1.0
40.0,0.6666666666666666,注入平衡液,0.0,0.0,0.0,0.0,0.0,0.0,0.0,0.0,0.0,0.0,0.0,1.0
44.0,0.7333333333333333,注入平衡液,0.0,0.0,0.0,0.0,0.0,0.0,0.0,0.0,0.0,0.0,0.0,1.0
48.0,0.8,注入平衡液,0.0,0.0,0.0,0.0,0.0,0.0,0.0,0.0,0.0,0.0,0.0,1.0
52.0,0.8666666666666667,注入平衡液,0.0,0.0,0.0,0.0,0.0,0.0,0.0,0.0,0.0,0.0,0.0,1.0
56.0,0.9333333333333333,注入平衡液,0.0,0.0,0.0,0.0,0.0,0.0,0.0,0.0,0.0,0.0,0.0,1.0
60.0,1.0,注入平衡液,0.0,0.0,0.0,0.0,0.0,0.0,0.0,0.0,0.0,0.0,0.0,1.0
64.0,1.0666666666666667,注入平衡液,0.0,0.0,0.0,0.0,0.0,0.0,0.0,0.0,0.0,0.0,0.0,1.0
68.0,1.1333333333333333,注入平衡液,0.0,0.0,0.0,0.0,0.0,0.0,0.0,0.0,0.0,0.0,0.0,1.0
72.0,1.2,注入平衡液,0.0,0.0,0.0,0.0,0.0,0.0,0.0,0.0,0.0,0.0,0.0,1.0
76.0,1.2666666666666666,注入平衡液,0.0,0.0,0.0,0.0,0.0,0.0,0.0,0.0,0.0,0.0,0.0,1.0
80.0,1.3333333333333333,注入平衡液,0.0,0.0,0.0,0.0,0.0,0.0,0.0,0.0,0.0,0.0,0.0,1.0
84.0,1.4,注入平衡液,0.0,0.0,0.0,0.0,0.0,0.0,0.0,0.0,0.0,0.0,0.0,1.0
88.0,1.4666666666666666,注入平衡液,0.0,0.0,0.0,0.0,0.0,0.0,0.0,0.0,0.0,0.0,0.0,1.0
92.0,1.5333333333333334,注入平衡液,0.0,0.0,0.0,0.0,0.0,0.0,0.0,0.0,0.0,0.0,0.0,1.0
96.0,1.6,注入平衡液,0.0,0.0,0.0,0.0,0.0,0.0,0.0,0.0,0.0,0.0,0.0,1.0
100.0,1.6666666666666667,注入平衡液,0.0,0.0,0.0,0.0,0.0,0.0,0.0,0.0,0.0,0.0,0.0,1.0
104.0,1.7333333333333334,注入平衡液,0.0,0.0,0.0,0.0,0.0,0.0,0.0,0.0,0.0,0.0,0.0,1.0
108.0,1.8,注入平衡液,0.0,0.0,0.0,0.0,0.0,0.0,0.0,0.0,0.0,0.0,0.0,1.0
112.0,1.8666666666666667,注入平衡液,0.0,0.0,0.0,0.0,0.0,0.0,0.0,0.0,0.0,0.0,0.0,1.0
116.0,1.9333333333333333,注入平衡液,0.0,0.0,0.0,0.0,0.0,0.0,0.0,0.0,0.0,0.0,0.0,1.0
120.0,2.0,注入平衡液,0.0,0.0,0.0,0.0,0.0,0.0,0.0,0.0,0.0,0.0,0.0,1.0
124.0,2.066666666666667,注入平衡液,0.0,0.0,0.0,0.0,0.0,0.0,0.0,0.0,0.0,0.0,0.0,1.0
128.0,2.1333333333333333,注入平衡液,0.0,0.0,0.0,0.0,0.0,0.0,0.0,0.0,0.0,0.0,0.0,1.0
132.0,2.2,注入平衡液,0.0,0.0,0.0,0.0,0.0,0.0,0.0,0.0,0.0,0.0,0.0,1.0
136.0,2.2666666666666666,注入平衡液,0.0,0.0,0.0,0.0,0.0,0.0,0.0,0.0,0.0,0.0,0.0,1.0
140.0,2.3333333333333335,注入平衡液,0.0,0.0,0.0,0.0,0.0,0.0,0.0,0.0,0.0,0.0,0.0,1.0
144.0,2.4,注入平衡液,0.0,0.0,0.0,0.0,0.0,0.0,0.0,0.0,0.0,0.0,0.0,1.0
148.0,2.466666666666667,注入平衡液,0.0,0.0,0.0,0.0,0.0,0.0,0.0,0.0,0.0,0.0,0.0,1.0
152.0,2.533333333333333,注入平衡液,0.0,0.0,0.0,0.0,0.0,0.0,0.0,0.0,0.0,0.0,0.0,1.0
156.0,2.6,注入平衡液,0.0,0.0,0.0,0.0,0.0,0.0,0.0,0.0,0.0,0.0,0.0,1.0
160.0,2.6666666666666665,注入平衡液,0.0,0.0,0.0,0.0,0.0,0.0,0.0,0.0,0.0,0.0,0.0,1.0
164.0,2.7333333333333334,注入平衡液,0.0,0.0,0.0,0.0,0.0,0.0,0.0,0.0,0.0,0.0,0.0,1.0
168.0,2.8,注入平衡液,0.0,0.0,0.0,0.0,0.0,0.0,0.0,0.0,0.0,0.0,0.0,1.0
172.0,2.8666666666666667,注入平衡液,0.0,0.0,0.0,0.0,0.0,0.0,0.0,0.0,0.0,0.0,0.0,1.0
176.0,2.933333333333333,注入平衡液,0.0,0.0,0.0,0.0,0.0,0.0,0.0,0.0,0.0,0.0,0.0,1.0
180.0,3.0,注入平衡液,0.0,0.0,0.0,0.0,0.0,0.0,0.0,0.0,0.0,0.0,0.0,1.0
184.0,3.066666666666667,注入平衡液,0.0,0.0,0.0,0.0,0.0,0.0,0.0,0.0,0.0,0.0,0.0,1.0
188.0,3.1333333333333333,注入平衡液,0.0,0.0,0.0,0.0,0.0,0.0,0.0,0.0,0.0,0.0,0.0,1.0
192.0,3.2,注入平衡液,0.0,0.0,0.0,0.0,0.0,0.0,0.0,0.0,0.0,0.0,0.0,1.0
196.0,3.2666666666666666,注入平衡液,0.0,0.0,0.0,0.0,0.0,0.0,0.0,0.0,0.0,0.0,0.0,1.0
200.0,3.3333333333333335,注入平衡液,0.0,0.0,0.0,0.0,0.0,0.0,0.0,0.0,0.0,0.0,0.0,1.0
204.0,3.4,注入平衡液,0.0,0.0,0.0,0.0,0.0,0.0,0.0,0.0,0.0,0.0,0.0,1.0
208.0,3.466666666666667,注入平衡液,0.0,0.0,0.0,0.0,0.0,0.0,0.0,0.0,0.0,0.0,0.0,1.0
212.0,3.533333333333333,注入平衡液,0.0,0.0,0.0,0.0,0.0,0.0,0.0,0.0,0.0,0.0,0.0,1.0
216.0,3.6,注入平衡液,0.0,0.0,0.0,0.0,0.0,0.0,0.0,0.0,0.0,0.0,0.0,1.0
220.0,3.6666666666666665,注入平衡液,0.0,0.0,0.0,0.0,0.0,0.0,0.0,0.0,0.0,0.0,0.0,1.0
224.0,3.7333333333333334,注入平衡液,0.0,0.0,0.0,0.0,0.0,0.0,0.0,0.0,0.0,0.0,0.0,1.0
228.0,3.8,注入平衡液,0.0,0.0,0.0,0.0,0.0,0.0,0.0,0.0,0.0,0.0,0.0,1.0
232.0,3.8666666666666667,注入平衡液,0.0,0.0,0.0,0.0,0.0,0.0,0.0,0.0,0.0,0.0,0.0,1.0
236.0,3.933333333333333,注入平衡液,0.0,0.0,0.0,0.0,0.0,0.0,0.0,0.0,0.0,0.0,0.0,1.0
240.0,4.0,注入平衡液,0.0,0.0,0.0,0.0,0.0,0.0,0.0,0.0,0.0,0.0,0.0,1.0
244.0,4.066666666666666,注入平衡液,0.0,0.0,0.0,0.0,0.0,0.0,0.0,0.0,0.0,0.0,0.0,1.0
248.0,4.133333333333334,注入平衡液,0.0,0.0,0.0,0.0,0.0,0.0,0.0,0.0,0.0,0.0,0.0,1.0
252.0,4.2,注入平衡液,0.0,0.0,0.0,0.0,0.0,0.0,0.0,0.0,0.0,0.0,0.0,1.0
256.0,4.266666666666667,注入平衡液,0.0,0.0,0.0,0.0,0.0,0.0,0.0,0.0,0.0,0.0,0.0,1.0
260.0,4.333333333333333,注入平衡液,0.0,0.0,0.0,0.0,0.0,0.0,0.0,0.0,0.0,0.0,0.0,1.0
264.0,4.4,注入平衡液,0.0,0.0,0.0,0.0,0.0,0.0,0.0,0.0,0.0,0.0,0.0,1.0
268.0,4.466666666666667,注入平衡液,0.0,0.0,0.0,0.0,0.0,0.0,0.0,0.0,0.0,0.0,0.0,1.0
272.0,4.533333333333333,注入平衡液,0.0,0.0,0.0,0.0,0.0,0.0,0.0,0.0,0.0,0.0,0.0,1.0
276.0,4.6,注入平衡液,0.0,0.0,0.0,0.0,0.0,0.0,0.0,0.0,0.0,0.0,0.0,1.0
280.0,4.666666666666667,注入平衡液,0.0,0.0,0.0,0.0,0.0,0.0,0.0,0.0,0.0,0.0,0.0,1.0
284.0,4.733333333333333,注入平衡液,0.0,0.0,0.0,0.0,0.0,0.0,0.0,0.0,0.0,0.0,0.0,1.0
288.0,4.8,注入平衡液,0.0,0.0,0.0,0.0,0.0,0.0,0.0,0.0,0.0,0.0,0.0,1.0
292.0,4.866666666666666,注入平衡液,0.0,0.0,0.0,0.0,0.0,0.0,0.0,0.0,0.0,0.0,0.0,1.0
296.0,4.933333333333334,注入平衡液,0.0,0.0,0.0,0.0,0.0,0.0,0.0,0.0,0.0,0.0,0.0,1.0
300.0,5.0,注入平衡液,0.0,0.0,0.0,0.0,0.0,0.0,0.0,0.0,0.0,0.0,0.0,1.0
304.0,5.066666666666666,注入平衡液,0.0,0.0,0.0,0.0,0.0,0.0,0.0,0.0,0.0,0.0,0.0,1.0
308.0,5.133333333333334,注入平衡液,0.0,0.0,0.0,0.0,0.0,0.0,0.0,0.0,0.0,0.0,0.0,1.0
312.0,5.2,注入平衡液,0.0,0.0,0.0,0.0,0.0,0.0,0.0,0.0,0.0,0.0,0.0,1.0
316.0,5.266666666666667,注入平衡液,0.0,0.0,0.0,0.0,0.0,0.0,0.0,0.0,0.0,0.0,0.0,1.0
320.0,5.333333333333333,注入平衡液,0.0,0.0,0.0,0.0,0.0,0.0,0.0,0.0,0.0,0.0,0.0,1.0
324.0,5.4,注入平衡液,0.0,0.0,0.0,0.0,0.0,0.0,0.0,0.0,0.0,0.0,0.0,1.0
328.0,5.466666666666667,注入平衡液,0.0,0.0,0.0,0.0,0.0,0.0,0.0,0.0,0.0,0.0,0.0,1.0
332.0,5.533333333333333,注入平衡液,0.0,0.0,0.0,0.0,0.0,0.0,0.0,0.0,0.0,0.0,0.0,1.0
336.0,5.6,注入平衡液,0.0,0.0,0.0,0.0,0.0,0.0,0.0,0.0,0.0,0.0,0.0,1.0
340.0,5.666666666666667,注入平衡液,0.0,0.0,0.0,0.0,0.0,0.0,0.0,0.0,0.0,0.0,0.0,1.0
344.0,5.733333333333333,注入平衡液,0.0,0.0,0.0,0.0,0.0,0.0,0.0,0.0,0.0,0.0,0.0,1.0
348.0,5.8,注入平衡液,0.0,0.0,0.0,0.0,0.0,0.0,0.0,0.0,0.0,0.0,0.0,1.0
352.0,5.866666666666666,注入平衡液,0.0,0.0,0.0,0.0,0.0,0.0,0.0,0.0,0.0,0.0,0.0,1.0
356.0,5.933333333333334,注入平衡液,0.0,0.0,0.0,0.0,0.0,0.0,0.0,0.0,0.0,0.0,0.0,1.0
360.0,6.0,注入平衡液,0.0,0.0,0.0,0.0,0.0,0.0,0.0,0.0,0.0,0.0,0.0,1.0
364.0,6.066666666666666,注入平衡液,0.0,0.0,0.0,0.0,0.0,0.0,0.0,0.0,0.0,0.0,0.0,1.0
368.0,6.133333333333334,注入平衡液,0.0,0.0,0.0,0.0,0.0,0.0,0.0,0.0,0.0,0.0,0.0,1.0
372.0,6.2,注入平衡液,0.0,0.0,0.0,0.0,0.0,0.0,0.0,0.0,0.0,0.0,0.0,1.0
376.0,6.266666666666667,注入平衡液,0.0,0.0,0.0,0.0,0.0,0.0,0.0,0.0,0.0,0.0,0.0,1.0
380.0,6.333333333333333,注入平衡液,0.0,0.0,0.0,0.0,0.0,0.0,0.0,0.0,0.0,0.0,0.0,1.0
384.0,6.4,注入平衡液,0.0,0.0,0.0,0.0,0.0,0.0,0.0,0.0,0.0,0.0,0.0,1.0
388.0,6.466666666666667,注入平衡液,0.0,0.0,0.0,0.0,0.0,0.0,0.0,0.0,0.0,0.0,0.0,1.0
392.0,6.533333333333333,注入平衡液,0.0,0.0,0.0,0.0,0.0,0.0,0.0,0.0,0.0,0.0,0.0,1.0
396.0,6.6,注入平衡液,0.0,0.0,0.0,0.0,0.0,0.0,0.0,0.0,0.0,0.0,0.0,1.0
400.0,6.666666666666667,注入平衡液,0.0,0.0,0.0,0.0,0.0,0.0,0.0,0.0,0.0,0.0,0.0,1.0
404.0,6.733333333333333,注入平衡液,0.0,0.0,0.0,0.0,0.0,0.0,0.0,0.0,0.0,0.0,0.0,1.0
408.0,6.8,注入平衡液,0.0,0.0,0.0,0.0,0.0,0.0,0.0,0.0,0.0,0.0,0.0,1.0
412.0,6.866666666666666,注入平衡液,0.0,0.0,0.0,0.0,0.0,0.0,0.0,0.0,0.0,0.0,0.0,1.0
416.0,6.933333333333334,注入平衡液,0.0,0.0,0.0,0.0,0.0,0.0,0.0,0.0,0.0,0.0,0.0,1.0
420.0,7.0,注入平衡液,0.0,0.0,0.0,0.0,0.0,0.0,0.0,0.0,0.0,0.0,0.0,1.0
424.0,7.066666666666666,注入平衡液,0.0,0.0,0.0,0.0,0.0,0.0,0.0,0.0,0.0,0.0,0.0,1.0
428.0,7.133333333333334,注入平衡液,0.0,0.0,0.0,0.0,0.0,0.0,0.0,0.0,0.0,0.0,0.0,1.0
432.0,7.2,注入平衡液,0.0,0.0,0.0,0.0,0.0,0.0,0.0,0.0,0.0,0.0,0.0,1.0
436.0,7.266666666666667,注入平衡液,0.0,0.0,0.0,0.0,0.0,0.0,0.0,0.0,0.0,0.0,0.0,1.0
440.0,7.333333333333333,注入平衡液,0.0,0.0,0.0,0.0,0.0,0.0,0.0,0.0,0.0,0.0,0.0,1.0
444.0,7.4,注入平衡液,0.0,0.0,0.0,0.0,0.0,0.0,0.0,0.0,0.0,0.0,0.0,1.0
448.0,7.466666666666667,注入平衡液,0.0,0.0,0.0,0.0,0.0,0.0,0.0,0.0,0.0,0.0,0.0,1.0
452.0,7.533333333333333,注入平衡液,0.0,0.0,0.0,0.0,0.0,0.0,0.0,0.0,0.0,0.0,0.0,1.0
456.0,7.6,注入平衡液,0.0,0.0,0.0,0.0,0.0,0.0,0.0,0.0,0.0,0.0,0.0,1.0
460.0,7.666666666666667,注入平衡液,0.0,0.0,0.0,0.0,0.0,0.0,0.0,0.0,0.0,0.0,0.0,1.0
464.0,7.733333333333333,注入平衡液,0.0,0.0,0.0,0.0,0.0,0.0,0.0,0.0,0.0,0.0,0.0,1.0
468.0,7.8,注入平衡液,0.0,0.0,0.0,0.0,0.0,0.0,0.0,0.0,0.0,0.0,0.0,1.0
472.0,7.866666666666666,注入平衡液,0.0,0.0,0.0,0.0,0.0,0.0,0.0,0.0,0.0,0.0,0.0,1.0
476.0,7.933333333333334,注入平衡液,0.0,0.0,0.0,0.0,0.0,0.0,0.0,0.0,0.0,0.0,0.0,1.0
480.0,8.0,注入平衡液,0.0,0.0,0.0,0.0,0.0,0.0,0.0,0.0,0.0,0.0,0.0,1.0
484.0,8.066666666666666,注入平衡液,0.0,0.0,0.0,0.0,0.0,0.0,0.0,0.0,0.0,0.0,0.0,1.0
488.0,8.133333333333333,注入平衡液,0.0,0.0,0.0,0.0,0.0,0.0,0.0,0.0,0.0,0.0,0.0,1.0
492.0,8.2,注入平衡液,0.0,0.0,0.0,0.0,0.0,0.0,0.0,0.0,0.0,0.0,0.0,1.0
496.0,8.266666666666667,注入平衡液,0.0,0.0,0.0,0.0,0.0,0.0,0.0,0.0,0.0,0.0,0.0,1.0
500.0,8.333333333333334,注入平衡液,0.0,0.0,0.0,0.0,0.0,0.0,0.0,0.0,0.0,0.0,0.0,1.0
504.0,8.4,注入平衡液,0.0,0.0,0.0,0.0,0.0,0.0,0.0,0.0,0.0,0.0,0.0,1.0
508.0,8.466666666666667,注入平衡液,0.0,0.0,0.0,0.0,0.0,0.0,0.0,0.0,0.0,0.0,0.0,1.0
512.0,8.533333333333333,注入平衡液,0.0,0.0,0.0,0.0,0.0,0.0,0.0,0.0,0.0,0.0,0.0,1.0
516.0,8.6,注入平衡液,0.0,0.0,0.0,0.0,0.0,0.0,0.0,0.0,0.0,0.0,0.0,1.0
520.0,8.666666666666666,注入平衡液,0.0,0.0,0.0,0.0,0.0,0.0,0.0,0.0,0.0,0.0,0.0,1.0
524.0,8.733333333333333,注入平衡液,0.0,0.0,0.0,0.0,0.0,0.0,0.0,0.0,0.0,0.0,0.0,1.0
528.0,8.8,注入平衡液,0.0,0.0,0.0,0.0,0.0,0.0,0.0,0.0,0.0,0.0,0.0,1.0
532.0,8.866666666666667,注入平衡液,0.0,0.0,0.0,0.0,0.0,0.0,0.0,0.0,0.0,0.0,0.0,1.0
536.0,8.933333333333334,注入平衡液,0.0,0.0,0.0,0.0,0.0,0.0,0.0,0.0,0.0,0.0,0.0,1.0
540.0,9.0,注入平衡液,0.0,0.0,0.0,0.0,0.0,0.0,0.0,0.0,0.0,0.0,0.0,1.0
544.0,9.066666666666666,注入平衡液,0.0,0.0,0.0,0.0,0.0,0.0,0.0,0.0,0.0,0.0,0.0,1.0
548.0,9.133333333333333,注入平衡液,0.0,0.0,0.0,0.0,0.0,0.0,0.0,0.0,0.0,0.0,0.0,1.0
552.0,9.2,注入平衡液,0.0,0.0,0.0,0.0,0.0,0.0,0.0,0.0,0.0,0.0,0.0,1.0
556.0,9.266666666666667,注入平衡液,0.0,0.0,0.0,0.0,0.0,0.0,0.0,0.0,0.0,0.0,0.0,1.0
560.0,9.333333333333334,注入平衡液,0.0,0.0,0.0,0.0,0.0,0.0,0.0,0.0,0.0,0.0,0.0,1.0
564.0,9.4,注入平衡液,0.0,0.0,0.0,0.0,0.0,0.0,0.0,0.0,0.0,0.0,0.0,1.0
568.0,9.466666666666667,注入平衡液,0.0,0.0,0.0,0.0,0.0,0.0,0.0,0.0,0.0,0.0,0.0,1.0
572.0,9.533333333333333,注入平衡液,0.0,0.0,0.0,0.0,0.0,0.0,0.0,0.0,0.0,0.0,0.0,1.0
576.0,9.6,注入平衡液,0.0,0.0,0.0,0.0,0.0,0.0,0.0,0.0,0.0,0.0,0.0,1.0
580.0,9.666666666666666,注入平衡液,0.0,0.0,0.0,0.0,0.0,0.0,0.0,0.0,0.0,0.0,0.0,1.0
584.0,9.733333333333333,注入平衡液,0.0,0.0,0.0,0.0,0.0,0.0,0.0,0.0,0.0,0.0,0.0,1.0
588.0,9.8,注入平衡液,0.0,0.0,0.0,0.0,0.0,0.0,0.0,0.0,0.0,0.0,0.0,1.0
592.0,9.866666666666667,注入平衡液,0.0,0.0,0.0,0.0,0.0,0.0,0.0,0.0,0.0,0.0,0.0,1.0
596.0,9.933333333333334,注入平衡液,0.0,0.0,0.0,0.0,0.0,0.0,0.0,0.0,0.0,0.0,0.0,1.0
600.0,10.0,注入平衡液,0.0,0.0,0.0,0.0,0.0,0.0,0.0,0.0,0.0,0.0,0.0,1.0
604.0,10.066666666666666,注入平衡液,0.0,0.0,0.0,0.0,0.0,0.0,0.0,0.0,0.0,0.0,0.0,1.0
608.0,10.133333333333333,注入平衡液,0.0,0.0,0.0,0.0,0.0,0.0,0.0,0.0,0.0,0.0,0.0,1.0
612.0,10.2,注入平衡液,0.0,0.0,0.0,0.0,0.0,0.0,0.0,0.0,0.0,0.0,0.0,1.0
616.0,10.266666666666667,注入平衡液,0.0,0.0,0.0,0.0,0.0,0.0,0.0,0.0,0.0,0.0,0.0,1.0
620.0,10.333333333333334,注入平衡液,0.0,0.0,0.0,0.0,0.0,0.0,0.0,0.0,0.0,0.0,0.0,1.0
624.0,10.4,注入平衡液,0.0,0.0,0.0,0.0,0.0,0.0,0.0,0.0,0.0,0.0,0.0,1.0
628.0,10.466666666666667,注入平衡液,0.0,0.0,0.0,0.0,0.0,0.0,0.0,0.0,0.0,0.0,0.0,1.0
632.0,10.533333333333333,注入平衡液,0.0,0.0,0.0,0.0,0.0,0.0,0.0,0.0,0.0,0.0,0.0,1.0
636.0,10.6,注入平衡液,0.0,0.0,0.0,0.0,0.0,0.0,0.0,0.0,0.0,0.0,0.0,1.0
640.0,10.666666666666666,注入平衡液,0.0,0.0,0.0,0.0,0.0,0.0,0.0,0.0,0.0,0.0,0.0,1.0
644.0,10.733333333333333,注入平衡液,0.0,0.0,0.0,0.0,0.0,0.0,0.0,0.0,0.0,0.0,0.0,1.0
648.0,10.8,注入平衡液,0.0,0.0,0.0,0.0,0.0,0.0,0.0,0.0,0.0,0.0,0.0,1.0
652.0,10.866666666666667,注入平衡液,0.0,0.0,0.0,0.0,0.0,0.0,0.0,0.0,0.0,0.0,0.0,1.0
656.0,10.933333333333334,注入平衡液,0.0,0.0,0.0,0.0,0.0,0.0,0.0,0.0,0.0,0.0,0.0,1.0
660.0,11.0,注入平衡液,0.0,0.0,0.0,0.0,0.0,0.0,0.0,0.0,0.0,0.0,0.0,1.0
664.0,11.066666666666666,注入平衡液,0.0,0.0,0.0,0.0,0.0,0.0,0.0,0.0,0.0,0.0,0.0,1.0
668.0,11.133333333333333,注入平衡液,0.0,0.0,0.0,0.0,0.0,0.0,0.0,0.0,0.0,0.0,0.0,1.0
672.0,11.2,注入平衡液,0.0,0.0,0.0,0.0,0.0,0.0,0.0,0.0,0.0,0.0,0.0,1.0
676.0,11.266666666666667,注入平衡液,0.0,0.0,0.0,0.0,0.0,0.0,0.0,0.0,0.0,0.0,0.0,1.0
680.0,11.333333333333334,注入平衡液,0.0,0.0,0.0,0.0,0.0,0.0,0.0,0.0,0.0,0.0,0.0,1.0
684.0,11.4,注入平衡液,0.0,0.0,0.0,0.0,0.0,0.0,0.0,0.0,0.0,0.0,0.0,1.0
688.0,11.466666666666667,注入平衡液,0.0,0.0,0.0,0.0,0.0,0.0,0.0,0.0,0.0,0.0,0.0,1.0
692.0,11.533333333333333,注入平衡液,0.0,0.0,0.0,0.0,0.0,0.0,0.0,0.0,0.0,0.0,0.0,1.0
696.0,11.6,注入平衡液,0.0,0.0,0.0,0.0,0.0,0.0,0.0,0.0,0.0,0.0,0.0,1.0
700.0,11.666666666666666,注入平衡液,0.0,0.0,0.0,0.0,0.0,0.0,0.0,0.0,0.0,0.0,0.0,1.0
704.0,11.733333333333333,注入平衡液,0.0,0.0,0.0,0.0,0.0,0.0,0.0,0.0,0.0,0.0,0.0,1.0
708.0,11.8,注入平衡液,0.0,0.0,0.0,0.0,0.0,0.0,0.0,0.0,0.0,0.0,0.0,1.0
712.0,11.866666666666667,注入平衡液,0.0,0.0,0.0,0.0,0.0,0.0,0.0,0.0,0.0,0.0,0.0,1.0
716.0,11.933333333333334,注入平衡液,0.0,0.0,0.0,0.0,0.0,0.0,0.0,0.0,0.0,0.0,0.0,1.0
720.0,12.0,注入平衡液,0.0,0.0,0.0,0.0,0.0,0.0,0.0,0.0,0.0,0.0,0.0,1.0
724.0,12.066666666666666,注入平衡液,0.0,0.0,0.0,0.0,0.0,0.0,0.0,0.0,0.0,0.0,0.0,1.0
728.0,12.133333333333333,注入平衡液,0.0,0.0,0.0,0.0,0.0,0.0,0.0,0.0,0.0,0.0,0.0,1.0
732.0,12.2,注入平衡液,0.0,0.0,0.0,0.0,0.0,0.0,0.0,0.0,0.0,0.0,0.0,1.0
736.0,12.266666666666667,注入平衡液,0.0,0.0,0.0,0.0,0.0,0.0,0.0,0.0,0.0,0.0,0.0,1.0
740.0,12.333333333333334,注入平衡液,0.0,0.0,0.0,0.0,0.0,0.0,0.0,0.0,0.0,0.0,0.0,1.0
744.0,12.4,注入平衡液,0.0,0.0,0.0,0.0,0.0,0.0,0.0,0.0,0.0,0.0,0.0,1.0
748.0,12.466666666666667,注入平衡液,0.0,0.0,0.0,0.0,0.0,0.0,0.0,0.0,0.0,0.0,0.0,1.0
752.0,12.533333333333333,注入平衡液,0.0,0.0,0.0,0.0,0.0,0.0,0.0,0.0,0.0,0.0,0.0,1.0
756.0,12.6,注入平衡液,0.0,0.0,0.0,0.0,0.0,0.0,0.0,0.0,0.0,0.0,0.0,1.0
760.0,12.666666666666666,注入平衡液,0.0,0.0,0.0,0.0,0.0,0.0,0.0,0.0,0.0,0.0,0.0,1.0
764.0,12.733333333333333,注入平衡液,0.0,0.0,0.0,0.0,0.0,0.0,0.0,0.0,0.0,0.0,0.0,1.0
768.0,12.8,注入平衡液,0.0,0.0,0.0,0.0,0.0,0.0,0.0,0.0,0.0,0.0,0.0,1.0
772.0,12.866666666666667,注入平衡液,0.0,0.0,0.0,0.0,0.0,0.0,0.0,0.0,0.0,0.0,0.0,1.0
776.0,12.933333333333334,注入平衡液,0.0,0.0,0.0,0.0,0.0,0.0,0.0,0.0,0.0,0.0,0.0,1.0
780.0,13.0,注入平衡液,0.0,0.0,0.0,0.0,0.0,0.0,0.0,0.0,0.0,0.0,0.0,1.0
784.0,13.066666666666666,注入平衡液,0.0,0.0,0.0,0.0,0.0,0.0,0.0,0.0,0.0,0.0,0.0,1.0
788.0,13.133333333333333,注入平衡液,0.0,0.0,0.0,0.0,0.0,0.0,0.0,0.0,0.0,0.0,0.0,1.0
792.0,13.2,注入平衡液,0.0,0.0,0.0,0.0,0.0,0.0,0.0,0.0,0.0,0.0,0.0,1.0
796.0,13.266666666666667,注入平衡液,0.0,0.0,0.0,0.0,0.0,0.0,0.0,0.0,0.0,0.0,0.0,1.0
800.0,13.333333333333334,注入平衡液,0.0,0.0,0.0,0.0,0.0,0.0,0.0,0.0,0.0,0.0,0.0,1.0
804.0,13.4,注入平衡液,0.0,0.0,0.0,0.0,0.0,0.0,0.0,0.0,0.0,0.0,0.0,1.0
808.0,13.466666666666667,注入平衡液,0.0,0.0,0.0,0.0,0.0,0.0,0.0,0.0,0.0,0.0,0.0,1.0
812.0,13.533333333333333,注入平衡液,0.0,0.0,0.0,0.0,0.0,0.0,0.0,0.0,0.0,0.0,0.0,1.0
816.0,13.6,注入平衡液,0.0,0.0,0.0,0.0,0.0,0.0,0.0,0.0,0.0,0.0,0.0,1.0
820.0,13.666666666666666,注入平衡液,0.0,0.0,0.0,0.0,0.0,0.0,0.0,0.0,0.0,0.0,0.0,1.0
824.0,13.733333333333333,注入平衡液,0.0,0.0,0.0,0.0,0.0,0.0,0.0,0.0,0.0,0.0,0.0,1.0
828.0,13.8,注入平衡液,0.0,0.0,0.0,0.0,0.0,0.0,0.0,0.0,0.0,0.0,0.0,1.0
832.0,13.866666666666667,注入驱油冲洗液,0.0,0.0,0.0,0.0,0.0,0.0,0.0,0.0,0.0,0.0,0.0,1.0
836.0,13.933333333333334,注入驱油冲洗液,0.0,0.0,0.0,0.0,0.0,0.0,0.0,0.0,0.0,0.0,0.0,1.0
840.0,14.0,注入驱油冲洗液,0.0,0.0,0.0,0.0,0.0,0.0,0.0,0.0,0.0,0.0,0.0,1.0
844.0,14.066666666666666,注入驱油冲洗液,0.0,0.0,0.0,0.0,0.0,0.0,0.0,0.0,0.0,0.0,0.0,1.0
848.0,14.133333333333333,注入驱油冲洗液,0.0,0.0,0.0,0.0,0.0,0.0,0.0,0.0,0.0,0.0,0.0,1.0
852.0,14.2,注入驱油冲洗液,0.0,0.0,0.0,0.0,0.0,0.0,0.0,0.0,0.0,0.0,0.0,1.0
856.0,14.266666666666667,注入驱油冲洗液,0.0,0.0,0.0,0.0,0.0,0.0,0.0,0.0,0.0,0.0,0.0,1.0
860.0,14.333333333333334,注入驱油冲洗液,0.0,0.0,0.0,0.0,0.0,0.0,0.0,0.0,0.0,0.0,0.0,1.0
864.0,14.4,注入驱油冲洗液,0.0,0.0,0.0,0.0,0.0,0.0,0.0,0.0,0.0,0.0,0.0,1.0
868.0,14.466666666666667,注入驱油冲洗液,0.0,0.0,0.0,0.0,0.0,0.0,0.0,0.0,0.0,0.0,0.0,1.0
872.0,14.533333333333333,注入驱油冲洗液,0.0,0.0,0.0,0.0,0.0,0.0,0.0,0.0,0.0,0.0,0.0,1.0
876.0,14.6,注入驱油冲洗液,0.0,0.0,0.0,0.0,0.0,0.0,0.0,0.0,0.0,0.0,0.0,1.0
880.0,14.666666666666666,注入驱油冲洗液,0.0,0.0,0.0,0.0,0.0,0.0,0.0,0.0,0.0,0.0,0.0,1.0
884.0,14.733333333333333,注入驱油冲洗液,0.0,0.0,0.0,0.0,0.0,0.0,0.0,0.0,0.0,0.0,0.0,1.0
888.0,14.8,注入驱油冲洗液,0.0,0.0,0.0,0.0,0.0,0.0,0.0,0.0,0.0,0.0,0.0,1.0
892.0,14.866666666666667,注入驱油冲洗液,0.0,0.0,0.0,0.0,0.0,0.0,0.0,0.0,0.0,0.0,0.0,1.0
896.0,14.933333333333334,注入驱油冲洗液,0.0,0.0,0.0,0.0,0.0,0.0,0.0,0.0,0.0,0.0,0.0,1.0
900.0,15.0,注入驱油冲洗液,0.0,0.0,0.0,0.0,0.0,0.0,0.0,0.0,0.0,0.0,0.0,1.0
904.0,15.066666666666666,注入驱油冲洗液,0.0,0.0,0.0,0.0,0.0,0.0,0.0,0.0,0.0,0.0,0.0,1.0
908.0,15.133333333333333,注入驱油冲洗液,0.0,0.0,0.0,0.0,0.0,0.0,0.0,0.0,0.0,0.0,0.0,1.0
912.0,15.2,注入驱油冲洗液,0.0,0.0,0.0,0.0,0.0,0.0,0.0,0.0,0.0,0.0,0.0,1.0
916.0,15.266666666666667,注入驱油冲洗液,0.0,0.0,0.0,0.0,0.0,0.0,0.0,0.0,0.0,0.0,0.0,1.0
920.0,15.333333333333334,注入驱油冲洗液,0.0,0.0,0.0,0.0,0.0,0.0,0.0,0.0,0.0,0.0,0.0,1.0
924.0,15.4,注入驱油冲洗液,0.0,0.0,0.0,0.0,0.0,0.0,0.0,0.0,0.0,0.0,0.0,1.0
928.0,15.466666666666667,注入驱油冲洗液,0.0,0.0,0.0,0.0,0.0,0.0,0.0,0.0,0.0,0.0,0.0,1.0
932.0,15.533333333333333,注入驱油冲洗液,0.0,0.0,0.0,0.0,0.0,0.0,0.0,0.0,0.0,0.0,0.0,1.0
936.0,15.6,注入驱油冲洗液,0.0,0.0,0.0,0.0,0.0,0.0,0.0,0.0,0.0,0.0,0.0,1.0
940.0,15.666666666666666,注入驱油冲洗液,0.0,0.0,0.0,0.0,0.0,0.0,0.0,0.0,0.0,0.0,0.0,1.0
944.0,15.733333333333333,注入驱油冲洗液,0.0,0.0,0.0,0.0,0.0,0.0,0.0,0.0,0.0,0.0,0.0,1.0
948.0,15.8,注入驱油冲洗液,0.0,0.0,0.0,0.0,0.0,0.0,0.0,0.0,0.0,0.0,0.0,1.0
952.0,15.866666666666667,注入驱油冲洗液,0.0,0.0,0.0,0.0,0.0,0.0,0.0,0.0,0.0,0.0,0.0,1.0
956.0,15.933333333333334,注入驱油冲洗液,0.0,0.0,0.0,0.0,0.0,0.0,0.0,0.0,0.0,0.0,0.0,1.0
960.0,16.0,注入驱油冲洗液,0.0,0.0,0.0,0.0,0.0,0.0,0.0,0.0,0.0,0.0,0.0,1.0
964.0,16.066666666666666,注入驱油冲洗液,0.0,0.0,0.0,0.0,0.0,0.0,0.0,0.0,0.0,0.0,0.0,1.0
968.0,16.133333333333333,注入驱油冲洗液,0.0,0.0,0.0,0.0,0.0,0.0,0.0,0.0,0.0,0.0,0.0,1.0
972.0,16.2,注入驱油冲洗液,0.0,0.0,0.0,0.0,0.0,0.0,0.0,0.0,0.0,0.0,0.0,1.0
976.0,16.266666666666666,注入驱油冲洗液,0.0,0.0,0.0,0.0,0.0,0.0,0.0,0.0,0.0,0.0,0.0,1.0
980.0,16.333333333333332,注入驱油冲洗液,0.0,0.0,0.0,0.0,0.0,0.0,0.0,0.0,0.0,0.0,0.0,1.0
984.0,16.4,注入驱油冲洗液,0.0,0.0,0.0,0.0,0.0,0.0,0.0,0.0,0.0,0.0,0.0,1.0
988.0,16.466666666666665,注入驱油冲洗液,0.0,0.0,0.0,0.0,0.0,0.0,0.0,0.0,0.0,0.0,0.0,1.0
992.0,16.533333333333335,注入驱油冲洗液,0.0,0.0,0.0,0.0,0.0,0.0,0.0,0.0,0.0,0.0,0.0,1.0
996.0,16.6,注入驱油冲洗液,0.0,0.0,0.0,0.0,0.0,0.0,0.0,0.0,0.0,0.0,0.0,1.0
1000.0,16.666666666666668,注入驱油冲洗液,0.0,0.0,0.0,0.0,0.0,0.0,0.0,0.0,0.0,0.0,0.0,1.0
1004.0,16.733333333333334,注入驱油冲洗液,0.0,0.0,0.0,0.0,0.0,0.0,0.0,0.0,0.0,0.0,0.0,1.0
1008.0,16.8,注入驱油冲洗液,0.0,0.0,0.0,0.0,0.0,0.0,0.0,0.0,0.0,0.0,0.0,1.0
1012.0,16.866666666666667,注入驱油冲洗液,0.0,0.0,0.0,0.0,0.0,0.0,0.0,0.0,0.0,0.0,0.0,1.0
1016.0,16.933333333333334,注入驱油冲洗液,0.0,0.0,0.0,0.0,0.0,0.0,0.0,0.0,0.0,0.0,0.0,1.0
1020.0,17.0,注入驱油冲洗液,0.0,0.0,0.0,0.0,0.0,0.0,0.0,0.0,0.0,0.0,0.0,1.0
1024.0,17.066666666666666,注入驱油冲洗液,0.0,0.0,0.0,0.0,0.0,0.0,0.0,0.0,0.0,0.0,0.0,1.0
1028.0,17.133333333333333,注入驱油冲洗液,0.0,0.0,0.0,0.0,0.0,0.0,0.0,0.0,0.0,0.0,0.0,1.0
1032.0,17.2,注入驱油冲洗液,0.0,0.0,0.0,0.0,0.0,0.0,0.0,0.0,0.0,0.0,0.0,1.0
1036.0,17.266666666666666,注入驱油冲洗液,0.0,0.0,0.0,0.0,0.0,0.0,0.0,0.0,0.0,0.0,0.0,1.0
1040.0,17.333333333333332,注入驱油冲洗液,0.0,0.0,0.0,0.0,0.0,0.0,0.0,0.0,0.0,0.0,0.0,1.0
1044.0,17.4,注入驱油冲洗液,0.0,0.0,0.0,0.0,0.0,0.0,0.0,0.0,0.0,0.0,0.0,1.0
1048.0,17.466666666666665,注入驱油冲洗液,0.0,0.0,0.0,0.0,0.0,0.0,0.0,0.0,0.0,0.0,0.0,1.0
1052.0,17.533333333333335,注入驱油冲洗液,0.0,0.0,0.0,0.0,0.0,0.0,0.0,0.0,0.0,0.0,0.0,1.0
1056.0,17.6,注入驱油冲洗液,0.0,0.0,0.0,0.0,0.0,0.0,0.0,0.0,0.0,0.0,0.0,1.0
1060.0,17.666666666666668,注入驱油冲洗液,0.0,0.0,0.0,0.0,0.0,0.0,0.0,0.0,0.0,0.0,0.0,1.0
1064.0,17.733333333333334,注入驱油冲洗液,0.0,0.0,0.0,0.0,0.0,0.0,0.0,0.0,0.0,0.0,0.0,1.0
1068.0,17.8,注入驱油冲洗液,0.0,0.0,0.0,0.0,0.0,0.0,0.0,0.0,0.0,0.0,0.0,1.0
1072.0,17.866666666666667,注入驱油冲洗液,0.0,0.0,0.0,0.0,0.0,0.0,0.0,0.0,0.0,0.0,0.0,1.0
1076.0,17.933333333333334,注入驱油冲洗液,0.0,0.0,0.0,0.0,0.0,0.0,0.0,0.0,0.0,0.0,0.0,1.0
1080.0,18.0,注入驱油冲洗液,0.0,0.0,0.0,0.0,0.0,0.0,0.0,0.0,0.0,0.0,0.0,1.0
1084.0,18.066666666666666,注入驱油冲洗液,0.0,0.0,0.0,0.0,0.0,0.0,0.0,0.0,0.0,0.0,0.0,1.0
1088.0,18.133333333333333,注入驱油冲洗液,0.0,0.0,0.0,0.0,0.0,0.0,0.0,0.0,0.0,0.0,0.0,1.0
1092.0,18.2,注入驱油冲洗液,0.0,0.0,0.0,0.0,0.0,0.0,0.0,0.0,0.0,0.0,0.0,1.0
1096.0,18.266666666666666,注入驱油冲洗液,0.0,0.0,0.0,0.0,0.0,0.0,0.0,0.0,0.0,0.0,0.0,1.0
1100.0,18.333333333333332,注入驱油冲洗液,0.0,0.0,0.0,0.0,0.0,0.0,0.0,0.0,0.0,0.0,0.0,1.0
1104.0,18.4,注入驱油冲洗液,0.0,0.0,0.0,0.0,0.0,0.0,0.0,0.0,0.0,0.0,0.0,1.0
1108.0,18.466666666666665,注入驱油冲洗液,0.0,0.0,0.0,0.0,0.0,0.0,0.0,0.0,0.0,0.0,0.0,1.0
1112.0,18.533333333333335,注入驱油冲洗液,0.0,0.0,0.0,0.0,0.0,0.0,0.0,0.0,0.0,0.0,0.0,1.0
1116.0,18.6,注入驱油冲洗液,0.0,0.0,0.0,0.0,0.0,0.0,0.0,0.0,0.0,0.0,0.0,1.0
1120.0,18.666666666666668,注入驱油冲洗液,0.0,0.0,0.0,0.0,0.0,0.0,0.0,0.0,0.0,0.0,0.0,1.0
1124.0,18.733333333333334,注入驱油冲洗液,0.0,0.0,0.0,0.0,0.0,0.0,0.0,0.0,0.0,0.0,0.0,1.0
1128.0,18.8,注入驱油冲洗液,0.0,0.0,0.0,0.0,0.0,0.0,0.0,0.0,0.0,0.0,0.0,1.0
1132.0,18.866666666666667,注入驱油冲洗液,0.0,0.0,0.0,0.0,0.0,0.0,0.0,0.0,0.0,0.0,0.0,1.0
1136.0,18.933333333333334,注入驱油冲洗液,0.0,0.0,0.0,0.0,0.0,0.0,0.0,0.0,0.0,0.0,0.0,1.0
1140.0,19.0,注入驱油冲洗液,0.0,0.0,0.0,0.0,0.0,0.0,0.0,0.0,0.0,0.0,0.0,1.0
1144.0,19.066666666666666,注入驱油冲洗液,0.0,0.0,0.0,0.0,0.0,0.0,0.0,0.0,0.0,0.0,0.0,1.0
1148.0,19.133333333333333,注入驱油冲洗液,0.0,0.0,0.0,0.0,0.0,0.0,0.0,0.0,0.0,0.0,0.0,1.0
1152.0,19.2,注入驱油冲洗液,0.0,0.0,0.0,0.0,0.0,0.0,0.0,0.0,0.0,0.0,0.0,1.0
1156.0,19.266666666666666,注入驱油冲洗液,0.0,0.0,0.0,0.0,0.0,0.0,0.0,0.0,0.0,0.0,0.0,1.0
1160.0,19.333333333333332,注入驱油冲洗液,0.0,0.0,0.0,0.0,0.0,0.0,0.0,0.0,0.0,0.0,0.0,1.0
1164.0,19.4,注入驱油冲洗液,0.0,0.0,0.0,0.0,0.0,0.0,0.0,0.0,0.0,0.0,0.0,1.0
1168.0,19.466666666666665,注入驱油冲洗液,0.0,0.0,0.0,0.0,0.0,0.0,0.0,0.0,0.0,0.0,0.0,1.0
1172.0,19.533333333333335,注入驱油冲洗液,0.0,0.0,0.0,0.0,0.0,0.0,0.0,0.0,0.0,0.0,0.0,1.0
1176.0,19.6,注入驱油冲洗液,0.0,0.0,0.0,0.0,0.0,0.0,0.0,0.0,0.0,0.0,0.0,1.0
1180.0,19.666666666666668,注入驱油冲洗液,0.0,0.0,0.0,0.0,0.0,0.0,0.0,0.0,0.0,0.0,0.0,1.0
1184.0,19.733333333333334,注入驱油冲洗液,0.0,0.0,0.0,0.0,0.0,0.0,0.0,0.0,0.0,0.0,0.0,1.0
1188.0,19.8,注入驱油冲洗液,0.0,0.0,0.0,0.0,0.0,0.0,0.0,0.0,0.0,0.0,0.0,1.0
1192.0,19.866666666666667,注入驱油冲洗液,0.0,0.0,0.0,0.0,0.0,0.0,0.0,0.0,0.0,0.0,0.0,1.0
1196.0,19.933333333333334,注入驱油冲洗液,0.0,0.0,0.0,0.0,0.0,0.0,0.0,0.0,0.0,0.0,0.0,1.0
1200.0,20.0,注入驱油冲洗液,0.0,0.0,0.0,0.0,0.0,0.0,0.0,0.0,0.0,0.0,0.0,1.0
1204.0,20.066666666666666,注入驱油冲洗液,0.0,0.0,0.0,0.0,0.0,0.0,0.0,0.0,0.0,0.0,0.0,1.0
1208.0,20.133333333333333,注入驱油冲洗液,0.0,0.0,0.0,0.0,0.0,0.0,0.0,0.0,0.0,0.0,0.0,1.0
1212.0,20.2,注入驱油冲洗液,0.0,0.0,0.0,0.0,0.0,0.0,0.0,0.0,0.0,0.0,0.0,1.0
1216.0,20.266666666666666,注入驱油冲洗液,0.0,0.0,0.0,0.0,0.0,0.0,0.0,0.0,0.0,0.0,0.0,1.0
1220.0,20.333333333333332,注入驱油冲洗液,0.0,0.0,0.0,0.0,0.0,0.0,0.0,0.0,0.0,0.0,0.0,1.0
1224.0,20.4,注入驱油冲洗液,0.0,0.0,0.0,0.0,0.0,0.0,0.0,0.0,0.0,0.0,0.0,1.0
1228.0,20.466666666666665,注入驱油冲洗液,0.0,0.0,0.0,0.0,0.0,0.0,0.0,0.0,0.0,0.0,0.0,1.0
1232.0,20.533333333333335,注入驱油冲洗液,0.0,0.0,0.0,0.0,0.0,0.0,0.0,0.0,0.0,0.0,0.0,1.0
1236.0,20.6,注入驱油冲洗液,0.0,0.0,0.0,0.0,0.0,0.0,0.0,0.0,0.0,0.0,0.0,1.0
1240.0,20.666666666666668,注入驱油冲洗液,0.0,0.0,0.0,0.0,0.0,0.0,0.0,0.0,0.0,0.0,0.0,1.0
1244.0,20.733333333333334,注入驱油冲洗液,0.0,0.0,0.0,0.0,0.0,0.0,0.0,0.0,0.0,0.0,0.0,1.0
1248.0,20.8,注入驱油冲洗液,0.0,0.0,0.0,0.0,0.0,0.0,0.0,0.0,0.0,0.0,0.0,1.0
1252.0,20.866666666666667,注入驱油冲洗液,0.0,0.0,0.0,0.0,0.0,0.0,0.0,0.0,0.0,0.0,0.0,1.0
1256.0,20.933333333333334,注入驱油冲洗液,0.0,0.0,0.0,0.0,0.0,0.0,0.0,0.0,0.0,0.0,0.0,1.0
1260.0,21.0,注入驱油冲洗液,0.0,0.0,0.0,0.0,0.0,0.0,0.0,0.0,0.0,0.0,0.0,1.0
1264.0,21.066666666666666,注入驱油冲洗液,0.0,0.0,0.0,0.0,0.0,0.0,0.0,0.0,0.0,0.0,0.0,1.0
1268.0,21.133333333333333,注入驱油冲洗液,0.0,0.0,0.0,0.0,0.0,0.0,0.0,0.0,0.0,0.0,0.0,1.0
1272.0,21.2,注入驱油冲洗液,0.0,0.0,0.0,0.0,0.0,0.0,0.0,0.0,0.0,0.0,0.0,1.0
1276.0,21.266666666666666,注入驱油冲洗液,0.0,0.0,0.0,0.0,0.0,0.0,0.0,0.0,0.0,0.0,0.0,1.0
1280.0,21.333333333333332,注入驱油冲洗液,0.0,0.0,0.0,0.0,0.0,0.0,0.0,0.0,0.0,0.0,0.0,1.0
1284.0,21.4,注入驱油冲洗液,0.0,0.0,0.0,0.0,0.0,0.0,0.0,0.0,0.0,0.0,0.0,1.0
1288.0,21.466666666666665,注入驱油冲洗液,0.0,0.0,0.0,0.0,0.0,0.0,0.0,0.0,0.0,0.0,0.0,1.0
1292.0,21.533333333333335,注入驱油冲洗液,0.0,0.0,0.0,0.0,0.0,0.0,0.0,0.0,0.0,0.0,0.0,1.0
1296.0,21.6,注入驱油冲洗液,0.0,0.0,0.0,0.0,0.0,0.0,0.0,0.0,0.0,0.0,0.0,1.0
1300.0,21.666666666666668,注入驱油冲洗液,0.0,0.0,0.0,0.0,0.0,0.0,0.0,0.0,0.0,0.0,0.0,1.0
1304.0,21.733333333333334,注入驱油冲洗液,0.0,0.0,0.0,0.0,0.0,0.0,0.0,0.0,0.0,0.0,0.0,1.0
1308.0,21.8,注入驱油冲洗液,0.0,0.0,0.0,0.0,0.0,0.0,0.0,0.0,0.0,0.0,0.0,1.0
1312.0,21.866666666666667,注入驱油冲洗液,0.0,0.0,0.0,0.0,0.0,0.0,0.0,0.0,0.0,0.0,0.0,1.0
1316.0,21.933333333333334,注入驱油冲洗液,0.0,0.0,0.0,0.0,0.0,0.0,0.0,0.0,0.0,0.0,0.0,1.0
1320.0,22.0,注入驱油冲洗液,0.0,0.0,0.0,0.0,0.0,0.0,0.0,0.0,0.0,0.0,0.0,1.0
1324.0,22.066666666666666,注入驱油冲洗液,0.0,0.0,0.0,0.0,0.0,0.0,0.0,0.0,0.0,0.0,0.0,1.0
1328.0,22.133333333333333,注入驱油冲洗液,0.0,0.0,0.0,0.0,0.0,0.0,0.0,0.0,0.0,0.0,0.0,1.0
1332.0,22.2,注入驱油冲洗液,0.0,0.0,0.0,0.0,0.0,0.0,0.0,0.0,0.0,0.0,0.0,1.0
1336.0,22.266666666666666,注入驱油冲洗液,0.0,0.0,0.0,0.0,0.0,0.0,0.0,0.0,0.0,0.0,0.0,1.0
1340.0,22.333333333333332,注入驱油冲洗液,0.0,0.0,0.0,0.0,0.0,0.0,0.0,0.0,0.0,0.0,0.0,1.0
1344.0,22.4,注入驱油冲洗液,0.0,0.0,0.0,0.0,0.0,0.0,0.0,0.0,0.0,0.0,0.0,1.0
1348.0,22.466666666666665,注入驱油冲洗液,0.0,0.0,0.0,0.0,0.0,0.0,0.0,0.0,0.0,0.0,0.0,1.0
1352.0,22.533333333333335,注入驱油冲洗液,0.0,0.0,0.0,0.0,0.0,0.0,0.0,0.0,0.0,0.0,0.0,1.0
1356.0,22.6,注入驱油冲洗液,0.0,0.0,0.0,0.0,0.0,0.0,0.0,0.0,0.0,0.0,0.0,1.0
1360.0,22.666666666666668,注入驱油冲洗液,0.0,0.0,0.0,0.0,0.0,0.0,0.0,0.0,0.0,0.0,0.0,1.0
1364.0,22.733333333333334,注入驱油冲洗液,0.0,0.0,0.0,0.0,0.0,0.0,0.0,0.0,0.0,0.0,0.0,1.0
1368.0,22.8,注入驱油冲洗液,0.0,0.0,0.0,0.0,0.0,0.0,0.0,0.0,0.0,0.0,0.0,1.0
1372.0,22.866666666666667,注入驱油冲洗液,0.0,0.0,0.0,0.0,0.0,0.0,0.0,0.0,0.0,0.0,0.0,1.0
1376.0,22.933333333333334,注入驱油冲洗液,0.0,0.0,0.0,0.0,0.0,0.0,0.0,0.0,0.0,0.0,0.0,1.0
1380.0,23.0,注入驱油冲洗液,0.0,0.0,0.0,0.0,0.0,0.0,0.0,0.0,0.0,0.0,0.0,1.0
1384.0,23.066666666666666,注入驱油冲洗液,0.0,0.0,0.0,0.0,0.0,0.0,0.0,0.0,0.0,0.0,0.0,1.0
1388.0,23.133333333333333,注入驱油冲洗液,0.0,0.0,0.0,0.0,0.0,0.0,0.0,0.0,0.0,0.0,0.0,1.0
1392.0,23.2,注入驱油冲洗液,0.0,0.0,0.0,0.0,0.0,0.0,0.0,0.0,0.0,0.0,0.0,1.0
1396.0,23.266666666666666,注入驱油冲洗液,0.0,0.0,0.0,0.0,0.0,0.0,0.0,0.0,0.0,0.0,0.0,1.0
1400.0,23.333333333333332,注入驱油冲洗液,0.0,0.0,0.0,0.0,0.0,0.0,0.0,0.0,0.0,0.0,0.0,1.0
1404.0,23.4,注入驱油冲洗液,0.0,0.0,0.0,0.0,0.0,0.0,0.0,0.0,0.0,0.0,0.0,1.0
1408.0,23.466666666666665,注入驱油冲洗液,0.0,0.0,0.0,0.0,0.0,0.0,0.0,0.0,0.0,0.0,0.0,1.0
1412.0,23.533333333333335,注入驱油冲洗液,0.0,0.0,0.0,0.0,0.0,0.0,0.0,0.0,0.0,0.0,0.0,1.0
1416.0,23.6,注入驱油冲洗液,0.0,0.0,0.0,0.0,0.0,0.0,0.0,0.0,0.0,0.0,0.0,1.0
1420.0,23.666666666666668,注入驱油冲洗液,0.0,0.0,0.0,0.0,0.0,0.0,0.0,0.0,0.0,0.0,0.0,1.0
1424.0,23.733333333333334,注入驱油冲洗液,0.0,0.0,0.0,0.0,0.0,0.0,0.0,0.0,0.0,0.0,0.0,1.0
1428.0,23.8,注入驱油冲洗液,0.0,0.0,0.0,0.0,0.0,0.0,0.0,0.0,0.0,0.0,0.0,1.0
1432.0,23.866666666666667,注入驱油冲洗液,0.0,0.0,0.0,0.0,0.0,0.0,0.0,0.0,0.0,0.0,0.0,1.0
1436.0,23.933333333333334,注入驱油冲洗液,0.0,0.0,0.0,0.0,0.0,0.0,0.0,0.0,0.0,0.0,0.0,1.0
1440.0,24.0,注入驱油冲洗液,0.0,0.0,0.0,0.0,0.0,0.0,0.0,0.0,0.0,0.0,0.0,1.0
1444.0,24.066666666666666,注入驱油冲洗液,0.0,0.0,0.0,0.0,0.0,0.0,0.0,0.0,0.0,0.0,0.0,1.0
1448.0,24.133333333333333,注入驱油冲洗液,0.0,0.0,0.0,0.0,0.0,0.0,0.0,0.0,0.0,0.0,0.0,1.0
1452.0,24.2,注入驱油冲洗液,0.0,0.0,0.0,0.0,0.0,0.0,0.0,0.0,0.0,0.0,0.0,1.0
1456.0,24.266666666666666,注入驱油冲洗液,0.0,0.0,0.0,0.0,0.0,0.0,0.0,0.0,0.0,0.0,0.0,1.0
1460.0,24.333333333333332,注入驱油冲洗液,0.0,0.0,0.0,0.0,0.0,0.0,0.0,0.0,0.0,0.0,0.0,1.0
1464.0,24.4,注入驱油冲洗液,0.0,0.0,0.0,0.0,0.0,0.0,0.0,0.0,0.0,0.0,0.0,1.0
1468.0,24.466666666666665,注入驱油冲洗液,0.0,0.0,0.0,0.0,0.0,0.0,0.0,0.0,0.0,0.0,0.0,1.0
1472.0,24.533333333333335,注入驱油冲洗液,0.0,0.0,0.0,0.0,0.0,0.0,0.0,0.0,0.0,0.0,0.0,1.0
1476.0,24.6,注入驱油冲洗液,0.0,0.0,0.0,0.0,0.0,0.0,0.0,0.0,0.0,0.0,0.0,1.0
1480.0,24.666666666666668,注入驱油隔离液,0.0,0.0,0.0,0.0,0.0,0.0,0.0,0.0,0.0,0.0,0.0,1.0
1484.0,24.733333333333334,注入驱油隔离液,0.0,0.0,0.0,0.0,0.0,0.0,0.0,0.0,0.0,0.0,0.0,1.0
1488.0,24.8,注入驱油隔离液,0.0,0.0,0.0,0.0,0.0,0.0,0.0,0.0,0.0,0.0,0.0,1.0
1492.0,24.866666666666667,注入驱油隔离液,0.0,0.0,0.0,0.0,0.0,0.0,0.0,0.0,0.0,0.0,0.0,1.0
1496.0,24.933333333333334,注入驱油隔离液,0.0,0.0,0.0,0.0,0.0,0.0,0.0,0.0,0.0,0.0,0.0,1.0
1500.0,25.0,注入驱油隔离液,0.0,0.0,0.0,0.0,0.0,0.0,0.0,0.0,0.0,0.0,0.0,1.0
1504.0,25.066666666666666,注入驱油隔离液,0.0,0.0,0.0,0.0,0.0,0.0,0.0,0.0,0.0,0.0,0.0,1.0
1508.0,25.133333333333333,注入驱油隔离液,0.0,0.0,0.0,0.0,0.0,0.0,0.0,0.0,0.0,0.0,0.0,1.0
1512.0,25.2,注入驱油隔离液,0.0,0.0,0.0,0.0,0.0,0.0,0.0,0.0,0.0,0.0,0.0,1.0
1516.0,25.266666666666666,注入驱油隔离液,0.0,0.0,0.0,0.0,0.0,0.0,0.0,0.0,0.0,0.0,0.0,1.0
1520.0,25.333333333333332,注入驱油隔离液,0.0,0.0,0.0,0.0,0.0,0.0,0.0,0.0,0.0,0.0,0.0,1.0
1524.0,25.4,注入驱油隔离液,0.0,0.0,0.0,0.0,0.0,0.0,0.0,0.0,0.0,0.0,0.0,1.0
1528.0,25.466666666666665,注入驱油隔离液,0.0,0.0,0.0,0.0,0.0,0.0,0.0,0.0,0.0,0.0,0.0,1.0
1532.0,25.533333333333335,注入驱油隔离液,0.0,0.0,0.0,0.0,0.0,0.0,0.0,0.0,0.0,0.0,0.0,1.0
1536.0,25.6,注入驱油隔离液,0.0,0.0,0.0,0.0,0.0,0.0,0.0,0.0,0.0,0.0,0.0,1.0
1540.0,25.666666666666668,注入驱油隔离液,0.0,0.0,0.0,0.0,0.0,0.0,0.0,0.0,0.0,0.0,0.0,1.0
1544.0,25.733333333333334,注入驱油隔离液,0.0,0.0,0.0,0.0,0.0,0.0,0.0,0.0,0.0,0.0,0.0,1.0
1548.0,25.8,注入驱油隔离液,0.0,0.0,0.0,0.0,0.0,0.0,0.0,0.0,0.0,0.0,0.0,1.0
1552.0,25.866666666666667,注入驱油隔离液,0.0,0.0,0.0,0.0,0.0,0.0,0.0,0.0,0.0,0.0,0.0,1.0
1556.0,25.933333333333334,注入驱油隔离液,0.0,0.0,0.0,0.0,0.0,0.0,0.0,0.0,0.0,0.0,0.0,1.0
1560.0,26.0,注入驱油隔离液,0.0,0.0,0.0,0.0,0.0,0.0,0.0,0.0,0.0,0.0,0.0,1.0
1564.0,26.066666666666666,注入驱油隔离液,0.0,0.0,0.0,0.0,0.0,0.0,0.0,0.0,0.0,0.0,0.0,1.0
1568.0,26.133333333333333,注入驱油隔离液,0.0,0.0,0.0,0.0,0.0,0.0,0.0,0.0,0.0,0.0,0.0,1.0
1572.0,26.2,注入驱油隔离液,0.0,0.0,0.0,0.0,0.0,0.0,0.0,0.0,0.0,0.0,0.0,1.0
1576.0,26.266666666666666,注入驱油隔离液,0.0,0.0,0.0,0.0,0.0,0.0,0.0,0.0,0.0,0.0,0.0,1.0
1580.0,26.333333333333332,注入驱油隔离液,0.0,0.0,0.0,0.0,0.0,0.0,0.0,0.0,0.0,0.0,0.0,1.0
1584.0,26.4,注入驱油隔离液,0.0,0.0,0.0,0.0,0.0,0.0,0.0,0.0,0.0,0.0,0.0,1.0
1588.0,26.466666666666665,注入驱油隔离液,0.0,0.0,0.0,0.0,0.0,0.0,0.0,0.0,0.0,0.0,0.0,1.0
1592.0,26.533333333333335,注入驱油隔离液,0.0,0.0,0.0,0.0,0.0,0.0,0.0,0.0,0.0,0.0,0.0,1.0
1596.0,26.6,注入驱油隔离液,0.0,0.0,0.0,0.0,0.0,0.0,0.0,0.0,0.0,0.0,0.0,1.0
1600.0,26.666666666666668,注入驱油隔离液,0.0,0.0,0.0,0.0,0.0,0.0,0.0,0.0,0.0,0.0,0.0,1.0
1604.0,26.733333333333334,注入驱油隔离液,0.0,0.0,0.0,0.0,0.0,0.0,0.0,0.0,0.0,0.0,0.0,1.0
1608.0,26.8,注入驱油隔离液,0.0,0.0,0.0,0.0,0.0,0.0,0.0,0.0,0.0,0.0,0.0,1.0
1612.0,26.866666666666667,注入驱油隔离液,0.0,0.0,0.0,0.0,0.0,0.0,0.0,0.0,0.0,0.0,0.0,1.0
1616.0,26.933333333333334,注入驱油隔离液,0.0,0.0,0.0,0.0,0.0,0.0,0.0,0.0,0.0,0.0,0.0,1.0
1620.0,27.0,注入驱油隔离液,0.0,0.0,0.0,0.0,0.0,0.0,0.0,0.0,0.0,0.0,0.0,1.0
1624.0,27.066666666666666,注入驱油隔离液,0.0,0.0,0.0,0.0,0.0,0.0,0.0,0.0,0.0,0.0,0.0,1.0
1628.0,27.133333333333333,注入驱油隔离液,0.0,0.0,0.0,0.0,0.0,0.0,0.0,0.0,0.0,0.0,0.0,1.0
1632.0,27.2,注入驱油隔离液,0.0,0.0,0.0,0.0,0.0,0.0,0.0,0.0,0.0,0.0,0.0,1.0
1636.0,27.266666666666666,注入驱油隔离液,0.0,0.0,0.0,0.0,0.0,0.0,0.0,0.0,0.0,0.0,0.0,1.0
1640.0,27.333333333333332,注入驱油隔离液,0.0,0.0,0.0,0.0,0.0,0.0,0.0,0.0,0.0,0.0,0.0,1.0
1644.0,27.4,注入驱油隔离液,0.0,0.0,0.0,0.0,0.0,0.0,0.0,0.0,0.0,0.0,0.0,1.0
1648.0,27.466666666666665,注入驱油隔离液,0.0,0.0,0.0,0.0,0.0,0.0,0.0,0.0,0.0,0.0,0.0,1.0
1652.0,27.533333333333335,注入驱油隔离液,0.0,0.0,0.0,0.0,0.0,0.0,0.0,0.0,0.0,0.0,0.0,1.0
1656.0,27.6,注入驱油隔离液,0.0,0.0,0.0,0.0,0.0,0.0,0.0,0.0,0.0,0.0,0.0,1.0
1660.0,27.666666666666668,注入驱油隔离液,0.0,0.0,0.0,0.0,0.0,0.0,0.0,0.0,0.0,0.0,0.0,1.0
1664.0,27.733333333333334,注入驱油隔离液,0.0,0.0,0.0,0.0,0.0,0.0,0.0,0.0,0.0,0.0,0.0,1.0
1668.0,27.8,注入驱油隔离液,0.0,0.0,0.0,0.0,0.0,0.0,0.0,0.0,0.0,0.0,0.0,1.0
1672.0,27.866666666666667,注入驱油隔离液,0.0,0.0,0.0,0.0,0.0,0.0,0.0,0.0,0.0,0.0,0.0,1.0
1676.0,27.933333333333334,注入驱油隔离液,0.0,0.0,0.0,0.0,0.0,0.0,0.0,0.0,0.0,0.0,0.0,1.0
1680.0,28.0,注入驱油隔离液,0.0,0.0,0.0,0.0,0.0,0.0,0.0,0.0,0.0,0.0,0.0,1.0
1684.0,28.066666666666666,注入驱油隔离液,0.0,0.0,0.0,0.0,0.0,0.0,0.0,0.0,0.0,0.0,0.0,1.0
1688.0,28.133333333333333,注入驱油隔离液,0.0,0.0,0.0,0.0,0.0,0.0,0.0,0.0,0.0,0.0,0.0,1.0
1692.0,28.2,注入驱油隔离液,0.0,0.0,0.0,0.0,0.0,0.0,0.0,0.0,0.0,0.0,0.0,1.0
1696.0,28.266666666666666,注入驱油隔离液,0.0,0.0,0.0,0.0,0.0,0.0,0.0,0.0,0.0,0.0,0.0,1.0
1700.0,28.333333333333332,注入驱油隔离液,0.0,0.0,0.0,0.0,0.0,0.0,0.0,0.0,0.0,0.0,0.0,1.0
1704.0,28.4,注入驱油隔离液,0.0,0.0,0.0,0.0,0.0,0.0,0.0,0.0,0.0,0.0,0.0,1.0
1708.0,28.466666666666665,注入驱油隔离液,0.0,0.0,0.0,0.0,0.0,0.0,0.0,0.0,0.0,0.0,0.0,1.0
1712.0,28.533333333333335,注入驱油隔离液,0.0,0.0,0.0,0.0,0.0,0.0,0.0,0.0,0.0,0.0,0.0,1.0
1716.0,28.6,注入驱油隔离液,0.0,0.0,0.0,0.0,0.0,0.0,0.0,0.0,0.0,0.0,0.0,1.0
1720.0,28.666666666666668,注入驱油隔离液,0.0,0.0,0.0,0.0,0.0,0.0,0.0,0.0,0.0,0.0,0.0,1.0
1724.0,28.733333333333334,注入驱油隔离液,0.0,0.0,0.0,0.0,0.0,0.0,0.0,0.0,0.0,0.0,0.0,1.0
1728.0,28.8,注入驱油隔离液,0.0,0.0,0.0,0.0,0.0,0.0,0.0,0.0,0.0,0.0,0.0,1.0
1732.0,28.866666666666667,注入驱油隔离液,0.0,0.0,0.0,0.0,0.0,0.0,0.0,0.0,0.0,0.0,0.0,1.0
1736.0,28.933333333333334,注入驱油隔离液,0.0,0.0,0.0,0.0,0.0,0.0,0.0,0.0,0.0,0.0,0.0,1.0
1740.0,29.0,注入驱油隔离液,0.0,0.0,0.0,0.0,0.0,0.0,0.0,0.0,0.0,0.0,0.0,1.0
1744.0,29.066666666666666,注入驱油隔离液,0.0,0.0,0.0,0.0,0.0,0.0,0.0,0.0,0.0,0.0,0.0,1.0
1748.0,29.133333333333333,注入驱油隔离液,0.0,0.0,0.0,0.0,0.0,0.0,0.0,0.0,0.0,0.0,0.0,1.0
1752.0,29.2,注入驱油隔离液,0.0,0.0,0.0,0.0,0.0,0.0,0.0,0.0,0.0,0.0,0.0,1.0
1756.0,29.266666666666666,注入驱油隔离液,0.0,0.0,0.0,0.0,0.0,0.0,0.0,0.0,0.0,0.0,0.0,1.0
1760.0,29.333333333333332,注入驱油隔离液,0.0,0.0,0.0,0.0,0.0,0.0,0.0,0.0,0.0,0.0,0.0,1.0
1764.0,29.4,注入驱油隔离液,0.0,0.0,0.0,0.0,0.0,0.0,0.0,0.0,0.0,0.0,0.0,1.0
1768.0,29.466666666666665,注入驱油隔离液,0.0,0.0,0.0,0.0,0.0,0.0,0.0,0.0,0.0,0.0,0.0,1.0
1772.0,29.533333333333335,注入驱油隔离液,0.0,0.0,0.0,0.0,0.0,0.0,0.0,0.0,0.0,0.0,0.0,1.0
1776.0,29.6,注入驱油隔离液,0.0,0.0,0.0,0.0,0.0,0.0,0.0,0.0,0.0,0.0,0.0,1.0
1780.0,29.666666666666668,注入驱油隔离液,0.0,0.0,0.0,0.0,0.0,0.0,0.0,0.0,0.0,0.0,0.0,1.0
1784.0,29.733333333333334,注入驱油隔离液,0.0,0.0,0.0,0.0,0.0,0.0,0.0,0.0,0.0,0.0,0.0,1.0
1788.0,29.8,注入驱油隔离液,0.0,0.0,0.0,0.0,0.0,0.0,0.0,0.0,0.0,0.0,0.0,1.0
1792.0,29.866666666666667,注入驱油隔离液,0.0,0.0,0.0,0.0,0.0,0.0,0.0,0.0,0.0,0.0,0.0,1.0
1796.0,29.933333333333334,注入驱油隔离液,0.0,0.0,0.0,0.0,0.0,0.0,0.0,0.0,0.0,0.0,0.0,1.0
1800.0,30.0,注入驱油隔离液,0.0,0.0,0.0,0.0,0.0,0.0,0.0,0.0,0.0,0.0,0.0,1.0
1804.0,30.066666666666666,注入驱油隔离液,0.0,0.0,0.0,0.0,0.0,0.0,0.0,0.0,0.0,0.0,0.0,1.0
1808.0,30.133333333333333,注入驱油隔离液,0.0,0.0,0.0,0.0,0.0,0.0,0.0,0.0,0.0,0.0,0.0,1.0
1812.0,30.2,注入驱油隔离液,0.0,0.0,0.0,0.0,0.0,0.0,0.0,0.0,0.0,0.0,0.0,1.0
1816.0,30.266666666666666,注入驱油隔离液,0.0,0.0,0.0,0.0,0.0,0.0,0.0,0.0,0.0,0.0,0.0,1.0
1820.0,30.333333333333332,注入驱油隔离液,0.0,0.0,0.0,0.0,0.0,0.0,0.0,0.0,0.0,0.0,0.0,1.0
1824.0,30.4,注入驱油隔离液,0.0,0.0,0.0,0.0,0.0,0.0,0.0,0.0,0.0,0.0,0.0,1.0
1828.0,30.466666666666665,注入驱油隔离液,0.0,0.0,0.0,0.0,0.0,0.0,0.0,0.0,0.0,0.0,0.0,1.0
1832.0,30.533333333333335,注入驱油隔离液,0.0,0.0,0.0,0.0,0.0,0.0,0.0,0.0,0.0,0.0,0.0,1.0
1836.0,30.6,注入驱油隔离液,0.0,0.0,0.0,0.0,0.0,0.0,0.0,0.0,0.0,0.0,0.0,1.0
1840.0,30.666666666666668,注入驱油隔离液,0.0,0.0,0.0,0.0,0.0,0.0,0.0,0.0,0.0,0.0,0.0,1.0
1844.0,30.733333333333334,注入驱油隔离液,0.0,0.0,0.0,0.0,0.0,0.0,0.0,0.0,0.0,0.0,0.0,1.0
1848.0,30.8,注入驱油隔离液,0.0,0.0,0.0,0.0,0.0,0.0,0.0,0.0,0.0,0.0,0.0,1.0
1852.0,30.866666666666667,注入驱油隔离液,0.0,0.0,0.0,0.0,0.0,0.0,0.0,0.0,0.0,0.0,0.0,1.0
1856.0,30.933333333333334,注入驱油隔离液,0.0,0.0,0.0,0.0,0.0,0.0,0.0,0.0,0.0,0.0,0.0,1.0
1860.0,31.0,注入驱油隔离液,0.0,0.0,0.0,0.0,0.0,0.0,0.0,0.0,0.0,0.0,0.0,1.0
1864.0,31.066666666666666,注入驱油隔离液,0.0,0.0,0.0,0.0,0.0,0.0,0.0,0.0,0.0,0.0,0.0,1.0
1868.0,31.133333333333333,注入驱油隔离液,0.0,0.0,0.0,0.0,0.0,0.0,0.0,0.0,0.0,0.0,0.0,1.0
1872.0,31.2,注入驱油隔离液,0.0,0.0,0.0,0.0,0.0,0.0,0.0,0.0,0.0,0.0,0.0,1.0
1876.0,31.266666666666666,注入驱油隔离液,0.0,0.0,0.0,0.0,0.0,0.0,0.0,0.0,0.0,0.0,0.0,1.0
1880.0,31.333333333333332,注入驱油隔离液,0.0,0.0,0.0,0.0,0.0,0.0,0.0,0.0,0.0,0.0,0.0,1.0
1884.0,31.4,注入驱油隔离液,0.0,0.0,0.0,0.0,0.0,0.0,0.0,0.0,0.0,0.0,0.0,1.0
1888.0,31.466666666666665,注入驱油隔离液,0.0,0.0,0.0,0.0,0.0,0.0,0.0,0.0,0.0,0.0,0.0,1.0
1892.0,31.533333333333335,注入驱油隔离液,0.0,0.0,0.0,0.0,0.0,0.0,0.0,0.0,0.0,0.0,0.0,1.0
1896.0,31.6,注入驱油隔离液,0.0,0.0,0.0,0.0,0.0,0.0,0.0,0.0,0.0,0.0,0.0,1.0
1900.0,31.666666666666668,注入驱油隔离液,0.0,0.0,0.0,0.0,0.0,0.0,0.0,0.0,0.0,0.0,0.0,1.0
1904.0,31.733333333333334,注入驱油隔离液,0.0,0.0,0.0,0.0,0.0,0.0,0.0,0.0,0.0,0.0,0.0,1.0
1908.0,31.8,注入驱油隔离液,0.0,0.0,0.0,0.0,0.0,0.0,0.0,0.0,0.0,0.0,0.0,1.0
1912.0,31.866666666666667,注入驱油隔离液,0.0,0.0,0.0,0.0,0.0,0.0,0.0,0.0,0.0,0.0,0.0,1.0
1916.0,31.933333333333334,注入驱油隔离液,0.0,0.0,0.0,0.0,0.0,0.0,0.0,0.0,0.0,0.0,0.0,1.0
1920.0,32.0,注入驱油隔离液,0.0,0.0,0.0,0.0,0.0,0.0,0.0,0.0,0.0,0.0,0.0,1.0
1924.0,32.06666666666667,注入驱油隔离液,0.0,0.0,0.0,0.0,0.0,0.0,0.0,0.0,0.0,0.0,0.0,1.0
1928.0,32.13333333333333,注入驱油隔离液,0.0,0.0,0.0,0.0,0.0,0.0,0.0,0.0,0.0,0.0,0.0,1.0
1932.0,32.2,注入驱油隔离液,0.0,0.0,0.0,0.0,0.0,0.0,0.0,0.0,0.0,0.0,0.0,1.0
1936.0,32.266666666666666,注入驱油隔离液,0.0,0.0,0.0,0.0,0.0,0.0,0.0,0.0,0.0,0.0,0.0,1.0
1940.0,32.333333333333336,注入驱油隔离液,0.0,0.0,0.0,0.0,0.0,0.0,0.0,0.0,0.0,0.0,0.0,1.0
1944.0,32.4,注入驱油隔离液,0.0,0.0,0.0,0.0,0.0,0.0,0.0,0.0,0.0,0.0,0.0,1.0
1948.0,32.46666666666667,注入驱油隔离液,0.0,0.0,0.0,0.0,0.0,0.0,0.0,0.0,0.0,0.0,0.0,1.0
1952.0,32.53333333333333,注入驱油隔离液,0.0,0.0,0.0,0.0,0.0,0.0,0.0,0.0,0.0,0.0,0.0,1.0
1956.0,32.6,注入驱油隔离液,0.0,0.0,0.0,0.0,0.0,0.0,0.0,0.0,0.0,0.0,0.0,1.0
1960.0,32.666666666666664,注入驱油隔离液,0.0,0.0,0.0,0.0,0.0,0.0,0.0,0.0,0.0,0.0,0.0,1.0
1964.0,32.733333333333334,注入驱油隔离液,0.0,0.0,0.0,0.0,0.0,0.0,0.0,0.0,0.0,0.0,0.0,1.0
1968.0,32.8,注入驱油隔离液,0.0,0.0,0.0,0.0,0.0,0.0,0.0,0.0,0.0,0.0,0.0,1.0
1972.0,32.86666666666667,注入驱油隔离液,0.0,0.0,0.0,0.0,0.0,0.0,0.0,0.0,0.0,0.0,0.0,1.0
1976.0,32.93333333333333,注入驱油隔离液,0.0,0.0,0.0,0.0,0.0,0.0,0.0,0.0,0.0,0.0,0.0,1.0
1980.0,33.0,注入驱油隔离液,0.0,0.0,0.0,0.0,0.0,0.0,0.0,0.0,0.0,0.0,0.0,1.0
1984.0,33.06666666666667,注入驱油隔离液,0.0,0.0,0.0,0.0,0.0,0.0,0.0,0.0,0.0,0.0,0.0,1.0
1988.0,33.13333333333333,注入驱油隔离液,0.0,0.0,0.0,0.0,0.0,0.0,0.0,0.0,0.0,0.0,0.0,1.0
1992.0,33.2,注入驱油隔离液,0.0,0.0,0.0,0.0,0.0,0.0,0.0,0.0,0.0,0.0,0.0,1.0
1996.0,33.266666666666666,注入驱油隔离液,0.0,0.0,0.0,0.0,0.0,0.0,0.0,0.0,0.0,0.0,0.0,1.0
2000.0,33.333333333333336,注入驱油隔离液,0.0,0.0,0.0,0.0,0.0,0.0,0.0,0.0,0.0,0.0,0.0,1.0
2004.0,33.4,注入驱油隔离液,0.0,0.0,0.0,0.0,0.0,0.0,0.0,0.0,0.0,0.0,0.0,1.0
2008.0,33.46666666666667,注入驱油隔离液,0.0,0.0,0.0,0.0,0.0,0.0,0.0,0.0,0.0,0.0,0.0,1.0
2012.0,33.53333333333333,注入驱油隔离液,0.0,0.0,0.0,0.0,0.0,0.0,0.0,0.0,0.0,0.0,0.0,1.0
2016.0,33.6,注入驱油隔离液,0.0,0.0,0.0,0.0,0.0,0.0,0.0,0.0,0.0,0.0,0.0,1.0
2020.0,33.666666666666664,注入驱油隔离液,0.0,0.0,0.0,0.0,0.0,0.0,0.0,0.0,0.0,0.0,0.0,1.0
2024.0,33.733333333333334,注入驱油隔离液,0.0,0.0,0.0,0.0,0.0,0.0,0.0,0.0,0.0,0.0,0.0,1.0
2028.0,33.8,注入驱油隔离液,0.0,0.0,0.0,0.0,0.0,0.0,0.0,0.0,0.0,0.0,0.0,1.0
2032.0,33.86666666666667,注入驱油隔离液,0.0,0.0,0.0,0.0,0.0,0.0,0.0,0.0,0.0,0.0,0.0,1.0
2036.0,33.93333333333333,注入驱油隔离液,0.0,0.0,0.0,0.0,0.0,0.0,0.0,0.0,0.0,0.0,0.0,1.0
2040.0,34.0,注入驱油隔离液,0.0,0.0,0.0,0.0,0.0,0.0,0.0,0.0,0.0,0.0,0.0,1.0
2044.0,34.06666666666667,注入驱油隔离液,0.0,0.0,0.0,0.0,0.0,0.0,0.0,0.0,0.0,0.0,0.0,1.0
2048.0,34.13333333333333,注入驱油隔离液,0.0,0.0,0.0,0.0,0.0,0.0,0.0,0.0,0.0,0.0,0.0,1.0
2052.0,34.2,注入驱油隔离液,0.0,0.0,0.0,0.0,0.0,0.0,0.0,0.0,0.0,0.0,0.0,1.0
2056.0,34.266666666666666,注入驱油隔离液,0.0,0.0,0.0,0.0,0.0,0.0,0.0,0.0,0.0,0.0,0.0,1.0
2060.0,34.333333333333336,注入驱油隔离液,0.0,0.0,0.0,0.0,0.0,0.0,0.0,0.0,0.0,0.0,0.0,1.0
2064.0,34.4,注入驱油隔离液,0.0,0.0,0.0,0.0,0.0,0.0,0.0,0.0,0.0,0.0,0.0,1.0
2068.0,34.46666666666667,注入驱油隔离液,0.0,0.0,0.0,0.0,0.0,0.0,0.0,0.0,0.0,0.0,0.0,1.0
2072.0,34.53333333333333,注入驱油隔离液,0.0,0.0,0.0,0.0,0.0,0.0,0.0,0.0,0.0,0.0,0.0,1.0
2076.0,34.6,注入驱油隔离液,0.0,0.0,0.0,0.0,0.0,0.0,0.0,0.0,0.0,0.0,0.0,1.0
2080.0,34.666666666666664,注入驱油隔离液,0.0,0.0,0.0,0.0,0.0,0.0,0.0,0.0,0.0,0.0,0.0,1.0
2084.0,34.733333333333334,注入驱油隔离液,0.0,0.0,0.0,0.0,0.0,0.0,0.0,0.0,0.0,0.0,0.0,1.0
2088.0,34.8,注入驱油隔离液,0.0,0.0,0.0,0.0,0.0,0.0,0.0,0.0,0.0,0.0,0.0,1.0
2092.0,34.86666666666667,注入驱油隔离液,0.0,0.0,0.0,0.0,0.0,0.0,0.0,0.0,0.0,0.0,0.0,1.0
2096.0,34.93333333333333,注入驱油隔离液,0.0,0.0,0.0,0.0,0.0,0.0,0.0,0.0,0.0,0.0,0.0,1.0
2100.0,35.0,注入驱油隔离液,0.0,0.0,0.0,0.0,0.0,0.0,0.0,0.0,0.0,0.0,0.0,1.0
2104.0,35.06666666666667,注入驱油隔离液,0.0,0.0,0.0,0.0,0.0,0.0,0.0,0.0,0.0,0.0,0.0,1.0
2108.0,35.13333333333333,注入驱油隔离液,0.0,0.0,0.0,0.0,0.0,0.0,0.0,0.0,0.0,0.0,0.0,1.0
2112.0,35.2,注入驱油隔离液,0.0,0.0,0.0,0.0,0.0,0.0,0.0,0.0,0.0,0.0,0.0,1.0
2116.0,35.266666666666666,注入驱油隔离液,0.0,0.0,0.0,0.0,0.0,0.0,0.0,0.0,0.0,0.0,0.0,1.0
2120.0,35.333333333333336,注入驱油隔离液,0.0,0.0,0.0,0.0,0.0,0.0,0.0,0.0,0.0,0.0,0.0,1.0
2124.0,35.4,注入驱油隔离液,0.0,0.0,0.0,0.0,0.0,0.0,0.0,0.0,0.0,0.0,0.0,1.0
2128.0,35.46666666666667,注入驱油隔离液,0.0,0.0,0.0,0.0,0.0,0.0,0.0,0.0,0.0,0.0,0.0,1.0
2132.0,35.53333333333333,注入驱油隔离液,0.0,0.0,0.0,0.0,0.0,0.0,0.0,0.0,0.0,0.0,0.0,1.0
2136.0,35.6,注入驱油隔离液,0.0,0.0,0.0,0.0,0.0,0.0,0.0,0.0,0.0,0.0,0.0,1.0
2140.0,35.666666666666664,注入驱油隔离液,0.0,0.0,0.0,0.0,0.0,0.0,0.0,0.0,0.0,0.0,0.0,1.0
2144.0,35.733333333333334,注入驱油隔离液,0.0,0.0,0.0,0.0,0.0,0.0,0.0,0.0,0.0,0.0,0.0,1.0
2148.0,35.8,注入驱油隔离液,0.0,0.0,0.0,0.0,0.0,0.0,0.0,0.0,0.0,0.0,0.0,1.0
2152.0,35.86666666666667,注入驱油隔离液,0.0,0.0,0.0,0.0,0.0,0.0,0.0,0.0,0.0,0.0,0.0,1.0
2156.0,35.93333333333333,注入驱油隔离液,0.0,0.0,0.0,0.0,0.0,0.0,0.0,0.0,0.0,0.0,0.0,1.0
2160.0,36.0,注入驱油隔离液,0.0,0.0,0.0,0.0,0.0,0.0,0.0,0.0,0.0,0.0,0.0,1.0
2164.0,36.06666666666667,注入驱油隔离液,0.0,0.0,0.0,0.0,0.0,0.0,0.0,0.0,0.0,0.0,0.0,1.0
2168.0,36.13333333333333,注入驱油隔离液,0.0,0.0,0.0,0.0,0.0,0.0,0.0,0.0,0.0,0.0,0.0,1.0
2172.0,36.2,注入驱油隔离液,0.0,0.0,0.0,0.0,0.0,0.0,0.0,0.0,0.0,0.0,0.0,1.0
2176.0,36.266666666666666,注入驱油隔离液,0.0,0.0,0.0,0.0,0.0,0.0,0.0,0.0,0.0,0.0,0.0,1.0
2180.0,36.333333333333336,注入驱油隔离液,0.0,0.0,0.0,0.0,0.0,0.0,0.0,0.0,0.0,0.0,0.0,1.0
2184.0,36.4,注入驱油隔离液,0.0,0.0,0.0,0.0,0.0,0.0,0.0,0.0,0.0,0.0,0.0,1.0
2188.0,36.46666666666667,注入驱油隔离液,0.0,0.0,0.0,0.0,0.0,0.0,0.0,0.0,0.0,0.0,0.0,1.0
2192.0,36.53333333333333,注入驱油隔离液,0.0,0.0,0.0,0.0,0.0,0.0,0.0,0.0,0.0,0.0,0.0,1.0
2196.0,36.6,注入驱油隔离液,0.0,0.0,0.0,0.0,0.0,0.0,0.0,0.0,0.0,0.0,0.0,1.0
2200.0,36.666666666666664,注入驱油隔离液,0.0,0.0,0.0,0.0,0.0,0.0,0.0,0.0,0.0,0.0,0.0,1.0
2204.0,36.733333333333334,注入驱油隔离液,0.0,0.0,0.0,0.0,0.0,0.0,0.0,0.0,0.0,0.0,0.0,1.0
2208.0,36.8,注入驱油隔离液,0.0,0.0,0.0,0.0,0.0,0.0,0.0,0.0,0.0,0.0,0.0,1.0
2212.0,36.86666666666667,注入驱油隔离液,0.0,0.0,0.0,0.0,0.0,0.0,0.0,0.0,0.0,0.0,0.0,1.0
2216.0,36.93333333333333,注入驱油隔离液,0.0,0.0,0.0,0.0,0.0,0.0,0.0,0.0,0.0,0.0,0.0,1.0
2220.0,37.0,注入驱油隔离液,0.0,0.0,0.0,0.0,0.0,0.0,0.0,0.0,0.0,0.0,0.0,1.0
2224.0,37.06666666666667,注入驱油隔离液,0.0,0.0,0.0,0.0,0.0,0.0,0.0,0.0,0.0,0.0,0.0,1.0
2228.0,37.13333333333333,注入驱油隔离液,0.0,0.0,0.0,0.0,0.0,0.0,0.0,0.0,0.0,0.0,0.0,1.0
2232.0,37.2,注入驱油隔离液,0.0,0.0,0.0,0.0,0.0,0.0,0.0,0.0,0.0,0.0,0.0,1.0
2236.0,37.266666666666666,注入驱油隔离液,0.0,0.0,0.0,0.0,0.0,0.0,0.0,0.0,0.0,0.0,0.0,1.0
2240.0,37.333333333333336,注入驱油隔离液,0.0,0.0,0.0,0.0,0.0,0.0,0.0,0.0,0.0,0.0,0.0,1.0
2244.0,37.4,注入驱油隔离液,0.0,0.0,0.0,0.0,0.0,0.0,0.0,0.0,0.0,0.0,0.0,1.0
2248.0,37.46666666666667,注入驱油隔离液,0.0,0.0,0.0,0.0,0.0,0.0,0.0,0.0,0.0,0.0,0.0,1.0
2252.0,37.53333333333333,注入驱油隔离液,0.0,0.0,0.0,0.0,0.0,0.0,0.0,0.0,0.0,0.0,0.0,1.0
2256.0,37.6,注入驱油隔离液,0.0,0.0,0.0,0.0,0.0,0.0,0.0,0.0,0.0,0.0,0.0,1.0
2260.0,37.666666666666664,注入驱油隔离液,0.0,0.0,0.0,0.0,0.0,0.0,0.0,0.0,0.0,0.0,0.0,1.0
2264.0,37.733333333333334,注入驱油隔离液,0.0,0.0,0.0,0.0,0.0,0.0,0.0,0.0,0.0,0.0,0.0,1.0
2268.0,37.8,注入驱油隔离液,0.0,0.0,0.0,0.0,0.0,0.0,0.0,0.0,0.0,0.0,0.0,1.0
2272.0,37.86666666666667,注入驱油隔离液,0.0,0.0,0.0,0.0,0.0,0.0,0.0,0.0,0.0,0.0,0.0,1.0
2276.0,37.93333333333333,注入驱油隔离液,0.0,0.0,0.0,0.0,0.0,0.0,0.0,0.0,0.0,0.0,0.0,1.0
2280.0,38.0,注入驱油隔离液,0.0,0.0,0.0,0.0,0.0,0.0,0.0,0.0,0.0,0.0,0.0,1.0
2284.0,38.06666666666667,注入驱油隔离液,0.0,0.0,0.0,0.0,0.0,0.0,0.0,0.0,0.0,0.0,0.0,1.0
2288.0,38.13333333333333,注入驱油隔离液,0.0,0.0,0.0,0.0,0.0,0.0,0.0,0.0,0.0,0.0,0.0,1.0
2292.0,38.2,注入驱油隔离液,0.0,0.0,0.0,0.0,0.0,0.0,0.0,0.0,0.0,0.0,0.0,1.0
2296.0,38.266666666666666,注入驱油隔离液,0.0,0.0,0.0,0.0,0.0,0.0,0.0,0.0,0.0,0.0,0.0,1.0
2300.0,38.333333333333336,注入驱油隔离液,0.0,0.0,0.0,0.0,0.0,0.0,0.0,0.0,0.0,0.0,0.0,1.0
2304.0,38.4,注入驱油隔离液,0.0,0.0,0.0,0.0,0.0,0.0,0.0,0.0,0.0,0.0,0.0,1.0
2308.0,38.46666666666667,注入领浆,0.0,0.0,0.0,0.0,0.0,0.0,0.0,0.0,0.0,0.0,0.0,1.0
2312.0,38.53333333333333,注入领浆,0.0,0.0,0.0,0.0,0.0,0.0,0.0,0.0,0.0,0.0,0.0,1.0
2316.0,38.6,注入领浆,0.0,0.0,0.0,0.0,0.0,0.0,0.0,0.0,0.0,0.0,0.0,1.0
2320.0,38.666666666666664,注入领浆,0.0,0.0,0.0,0.0,0.0,0.0,0.0,0.0,0.0,0.0,0.0,1.0
2324.0,38.733333333333334,注入领浆,0.0,0.0,0.0,0.0,0.0,0.0,0.0,0.0,0.0,0.0,0.0,1.0
2328.0,38.8,注入领浆,0.0,0.0,0.0,0.0,0.0,0.0,0.0,0.0,0.0,0.0,0.0,1.0
2332.0,38.86666666666667,注入领浆,0.0,0.0,0.0,0.0,0.0,0.0,0.0,0.0,0.0,0.0,0.0,1.0
2336.0,38.93333333333333,注入领浆,0.0,0.0,0.0,0.0,0.0,0.0,0.0,0.0,0.0,0.0,0.0,1.0
2340.0,39.0,注入领浆,0.0,0.0,0.0,0.0,0.0,0.0,0.0,0.0,0.0,0.0,0.0,1.0
2344.0,39.06666666666667,注入领浆,0.0,0.0,0.0,0.0,0.0,0.0,0.0,0.0,0.0,0.0,0.0,1.0
2348.0,39.13333333333333,注入领浆,0.0,0.0,0.0,0.0,0.0,0.0,0.0,0.0,0.0,0.0,0.0,1.0
2352.0,39.2,注入领浆,0.0,0.0,0.0,0.0,0.0,0.0,0.0,0.0,0.0,0.0,0.0,1.0
2356.0,39.266666666666666,注入领浆,0.0,0.0,0.0,0.0,0.0,0.0,0.0,0.0,0.0,0.0,0.0,1.0
2360.0,39.333333333333336,注入领浆,0.0,0.0,0.0,0.0,0.0,0.0,0.0,0.0,0.0,0.0,0.0,1.0
2364.0,39.4,注入领浆,0.0,0.0,0.0,0.0,0.0,0.0,0.0,0.0,0.0,0.0,0.0,1.0
2368.0,39.46666666666667,注入领浆,0.0,0.0,0.0,0.0,0.0,0.0,0.0,0.0,0.0,0.0,0.0,1.0
2372.0,39.53333333333333,注入领浆,0.0,0.0,0.0,0.0,0.0,0.0,0.0,0.0,0.0,0.0,0.0,1.0
2376.0,39.6,注入领浆,0.0,0.0,0.0,0.0,0.0,0.0,0.0,0.0,0.0,0.0,0.0,1.0
2380.0,39.666666666666664,注入领浆,0.0,0.0,0.0,0.0,0.0,0.0,0.0,0.0,0.0,0.0,0.0,1.0
2384.0,39.733333333333334,注入领浆,0.0,0.0,0.0,0.0,0.0,0.0,0.0,0.0,0.0,0.0,0.0,1.0
2388.0,39.8,注入领浆,0.0,0.0,0.0,0.0,0.0,0.0,0.0,0.0,0.0,0.0,0.0,1.0
2392.0,39.86666666666667,注入领浆,0.0,0.0,0.0,0.0,0.0,0.0,0.0,0.0,0.0,0.0,0.0,1.0
2396.0,39.93333333333333,注入领浆,0.0,0.0,0.0,0.0,0.0,0.0,0.0,0.0,0.0,0.0,0.0,1.0
2400.0,40.0,注入领浆,0.0,0.0,0.0,0.0,0.0,0.0,0.0,0.0,0.0,0.0,0.0,1.0
2404.0,40.06666666666667,注入领浆,0.0,0.0,0.0,0.0,0.0,0.0,0.0,0.0,0.0,0.0,0.0,1.0
2408.0,40.13333333333333,注入领浆,0.0,0.0,0.0,0.0,0.0,0.0,0.0,0.0,0.0,0.0,0.0,1.0
2412.0,40.2,注入领浆,0.0,0.0,0.0,0.0,0.0,0.0,0.0,0.0,0.0,0.0,0.0,1.0
2416.0,40.266666666666666,注入领浆,0.0,0.0,0.0,0.0,0.0,0.0,0.0,0.0,0.0,0.0,0.0,1.0
2420.0,40.333333333333336,注入领浆,0.0,0.0,0.0,0.0,0.0,0.0,0.0,0.0,0.0,0.0,0.0,1.0
2424.0,40.4,注入领浆,0.0,0.0,0.0,0.0,0.0,0.0,0.0,0.0,0.0,0.0,0.0,1.0
2428.0,40.46666666666667,注入领浆,0.0,0.0,0.0,0.0,0.0,0.0,0.0,0.0,0.0,0.0,0.0,1.0
2432.0,40.53333333333333,注入领浆,0.0,0.0,0.0,0.0,0.0,0.0,0.0,0.0,0.0,0.0,0.0,1.0
2436.0,40.6,注入领浆,0.0,0.0,0.0,0.0,0.0,0.0,0.0,0.0,0.0,0.0,0.0,1.0
2440.0,40.666666666666664,注入领浆,0.0,0.0,0.0,0.0,0.0,0.0,0.0,0.0,0.0,0.0,0.0,1.0
2444.0,40.733333333333334,注入领浆,0.0,0.0,0.0,0.0,0.0,0.0,0.0,0.0,0.0,0.0,0.0,1.0
2448.0,40.8,注入领浆,0.0,0.0,0.0,0.0,0.0,0.0,0.0,0.0,0.0,0.0,0.0,1.0
2452.0,40.86666666666667,注入领浆,0.0,0.0,0.0,0.0,0.0,0.0,0.0,0.0,0.0,0.0,0.0,1.0
2456.0,40.93333333333333,注入领浆,0.0,0.0,0.0,0.0,0.0,0.0,0.0,0.0,0.0,0.0,0.0,1.0
2460.0,41.0,注入领浆,0.0,0.0,0.0,0.0,0.0,0.0,0.0,0.0,0.0,0.0,0.0,1.0
2464.0,41.06666666666667,注入领浆,0.0,0.0,0.0,0.0,0.0,0.0,0.0,0.0,0.0,0.0,0.0,1.0
2468.0,41.13333333333333,注入领浆,0.0,0.0,0.0,0.0,0.0,0.0,0.0,0.0,0.0,0.0,0.0,1.0
2472.0,41.2,注入领浆,0.0,0.0,0.0,0.0,0.0,0.0,0.0,0.0,0.0,0.0,0.0,1.0
2476.0,41.266666666666666,注入领浆,0.0,0.0,0.0,0.0,0.0,0.0,0.0,0.0,0.0,0.0,0.0,1.0
2480.0,41.333333333333336,注入领浆,0.0,0.0,0.0,0.0,0.0,0.0,0.0,0.0,0.0,0.0,0.0,1.0
2484.0,41.4,注入领浆,0.0,0.0,0.0,0.0,0.0,0.0,0.0,0.0,0.0,0.0,0.0,1.0
2488.0,41.46666666666667,注入领浆,0.0,0.0,0.0,0.0,0.0,0.0,0.0,0.0,0.0,0.0,0.0,1.0
2492.0,41.53333333333333,注入领浆,0.0,0.0,0.0,0.0,0.0,0.0,0.0,0.0,0.0,0.0,0.0,1.0
2496.0,41.6,注入领浆,0.0,0.0,0.0,0.0,0.0,0.0,0.0,0.0,0.0,0.0,0.0,1.0
2500.0,41.666666666666664,注入领浆,0.0,0.0,0.0,0.0,0.0,0.0,0.0,0.0,0.0,0.0,0.0,1.0
2504.0,41.733333333333334,注入领浆,0.0,0.0,0.0,0.0,0.0,0.0,0.0,0.0,0.0,0.0,0.0,1.0
2508.0,41.8,注入领浆,0.0,0.0,0.0,0.0,0.0,0.0,0.0,0.0,0.0,0.0,0.0,1.0
2512.0,41.86666666666667,注入领浆,0.0,0.0,0.0,0.0,0.0,0.0,0.0,0.0,0.0,0.0,0.0,1.0
2516.0,41.93333333333333,注入领浆,0.0,0.0,0.0,0.0,0.0,0.0,0.0,0.0,0.0,0.0,0.0,1.0
2520.0,42.0,注入领浆,0.0,0.0,0.0,0.0,0.0,0.0,0.0,0.0,0.0,0.0,0.0,1.0
2524.0,42.06666666666667,注入领浆,0.0,0.0,0.0,0.0,0.0,0.0,0.0,0.0,0.0,0.0,0.0,1.0
2528.0,42.13333333333333,注入领浆,0.0,0.0,0.0,0.0,0.0,0.0,0.0,0.0,0.0,0.0,0.0,1.0
2532.0,42.2,注入领浆,0.0,0.0,0.0,0.0,0.0,0.0,0.0,0.0,0.0,0.0,0.0,1.0
2536.0,42.266666666666666,注入领浆,0.0,0.0,0.0,0.0,0.0,0.0,0.0,0.0,0.0,0.0,0.0,1.0
2540.0,42.333333333333336,注入领浆,0.0,0.0,0.0,0.0,0.0,0.0,0.0,0.0,0.0,0.0,0.0,1.0
2544.0,42.4,注入领浆,0.0,0.0,0.0,0.0,0.0,0.0,0.0,0.0,0.0,0.0,0.0,1.0
2548.0,42.46666666666667,注入领浆,0.0,0.0,0.0,0.0,0.0,0.0,0.0,0.0,0.0,0.0,0.0,1.0
2552.0,42.53333333333333,注入领浆,0.0,0.0,0.0,0.0,0.0,0.0,0.0,0.0,0.0,0.0,0.0,1.0
2556.0,42.6,注入领浆,0.0,0.0,0.0,0.0,0.0,0.0,0.0,0.0,0.0,0.0,0.0,1.0
2560.0,42.666666666666664,注入领浆,0.0,0.0,0.0,0.0,0.0,0.0,0.0,0.0,0.0,0.0,0.0,1.0
2564.0,42.733333333333334,注入领浆,0.0,0.0,0.0,0.0,0.0,0.0,0.0,0.0,0.0,0.0,0.0,1.0
2568.0,42.8,注入领浆,0.0,0.0,0.0,0.0,0.0,0.0,0.0,0.0,0.0,0.0,0.0,1.0
2572.0,42.86666666666667,注入领浆,0.0,0.0,0.0,0.0,0.0,0.0,0.0,0.0,0.0,0.0,0.0,1.0
2576.0,42.93333333333333,注入领浆,0.0,0.0,0.0,0.0,0.0,0.0,0.0,0.0,0.0,0.0,0.0,1.0
2580.0,43.0,注入领浆,0.0,0.0,0.0,0.0,0.0,0.0,0.0,0.0,0.0,0.0,0.0,1.0
2584.0,43.06666666666667,注入领浆,0.0,0.0,0.0,0.0,0.0,0.0,0.0,0.0,0.0,0.0,0.0,1.0
2588.0,43.13333333333333,注入领浆,0.0,0.0,0.0,0.0,0.0,0.0,0.0,0.0,0.0,0.0,0.0,1.0
2592.0,43.2,注入领浆,0.0,0.0,0.0,0.0,0.0,0.0,0.0,0.0,0.0,0.0,0.0,1.0
2596.0,43.266666666666666,注入领浆,0.0,0.0,0.0,0.0,0.0,0.0,0.0,0.0,0.0,0.0,0.0,1.0
2600.0,43.333333333333336,注入领浆,0.0,0.0,0.0,0.0,0.0,0.0,0.0,0.0,0.0,0.0,0.0,1.0
2604.0,43.4,注入领浆,0.0,0.0,0.0,0.0,0.0,0.0,0.0,0.0,0.0,0.0,0.0,1.0
2608.0,43.46666666666667,注入领浆,0.0,0.0,0.0,0.0,0.0,0.0,0.0,0.0,0.0,0.0,0.0,1.0
2612.0,43.53333333333333,注入领浆,0.0,0.0,0.0,0.0,0.0,0.0,0.0,0.0,0.0,0.0,0.0,1.0
2616.0,43.6,注入领浆,0.0,0.0,0.0,0.0,0.0,0.0,0.0,0.0,0.0,0.0,0.0,1.0
2620.0,43.666666666666664,注入领浆,0.0,0.0,0.0,0.0,0.0,0.0,0.0,0.0,0.0,0.0,0.0,1.0
2624.0,43.733333333333334,注入领浆,0.0,0.0,0.0,0.0,0.0,0.0,0.0,0.0,0.0,0.0,0.0,1.0
2628.0,43.8,注入领浆,0.0,0.0,0.0,0.0,0.0,0.0,0.0,0.0,0.0,0.0,0.0,1.0
2632.0,43.86666666666667,注入领浆,0.0,0.0,0.0,0.0,0.0,0.0,0.0,0.0,0.0,0.0,0.0,1.0
2636.0,43.93333333333333,注入领浆,0.0,0.0,0.0,0.0,0.0,0.0,0.0,0.0,0.0,0.0,0.0,1.0
2640.0,44.0,注入领浆,0.0,0.0,0.0,0.0,0.0,0.0,0.0,0.0,0.0,0.0,0.0,1.0
2644.0,44.06666666666667,注入领浆,0.0,0.0,0.0,0.0,0.0,0.0,0.0,0.0,0.0,0.0,0.0,1.0
2648.0,44.13333333333333,注入领浆,0.0,0.0,0.0,0.0,0.0,0.0,0.0,0.0,0.0,0.0,0.0,1.0
2652.0,44.2,注入领浆,0.0,0.0,0.0,0.0,0.0,0.0,0.0,0.0,0.0,0.0,0.0,1.0
2656.0,44.266666666666666,注入领浆,0.0,0.0,0.0,0.0,0.0,0.0,0.0,0.0,0.0,0.0,0.0,1.0
2660.0,44.333333333333336,注入领浆,0.0,0.0,0.0,0.0,0.0,0.0,0.0,0.0,0.0,0.0,0.0,1.0
2664.0,44.4,注入领浆,0.0,0.0,0.0,0.0,0.0,0.0,0.0,0.0,0.0,0.0,0.0,1.0
2668.0,44.46666666666667,注入领浆,0.0,0.0,0.0,0.0,0.0,0.0,0.0,0.0,0.0,0.0,0.0,1.0
2672.0,44.53333333333333,注入领浆,0.0,0.0,0.0,0.0,0.0,0.0,0.0,0.0,0.0,0.0,0.0,1.0
2676.0,44.6,注入领浆,0.0,0.0,0.0,0.0,0.0,0.0,0.0,0.0,0.0,0.0,0.0,1.0
2680.0,44.666666666666664,注入领浆,0.0,0.0,0.0,0.0,0.0,0.0,0.0,0.0,0.0,0.0,0.0,1.0
2684.0,44.733333333333334,注入领浆,0.0,0.0,0.0,0.0,0.0,0.0,0.0,0.0,0.0,0.0,0.0,1.0
2688.0,44.8,注入领浆,0.0,0.0,0.0,0.0,0.0,0.0,0.0,0.0,0.0,0.0,0.0,1.0
2692.0,44.86666666666667,注入领浆,0.0,0.0,0.0,0.0,0.0,0.0,0.0,0.0,0.0,0.0,0.0,1.0
2696.0,44.93333333333333,注入领浆,0.0,0.0,0.0,0.0,0.0,0.0,0.0,0.0,0.0,0.0,0.0,1.0
2700.0,45.0,注入领浆,0.0,0.0,0.0,0.0,0.0,0.0,0.0,0.0,0.0,0.0,0.0,1.0
2704.0,45.06666666666667,注入领浆,0.0,0.0,0.0,0.0,0.0,0.0,0.0,0.0,0.0,0.0,0.0,1.0
2708.0,45.13333333333333,注入领浆,0.0,0.0,0.0,0.0,0.0,0.0,0.0,0.0,0.0,0.0,0.0,1.0
2712.0,45.2,注入领浆,0.0,0.0,0.0,0.0,0.0,0.0,0.0,0.0,0.0,0.0,0.0,1.0
2716.0,45.266666666666666,注入领浆,0.0,0.0,0.0,0.0,0.0,0.0,0.0,0.0,0.0,0.0,0.0,1.0
2720.0,45.333333333333336,注入领浆,0.0,0.0,0.0,0.0,0.0,0.0,0.0,0.0,0.0,0.0,0.0,1.0
2724.0,45.4,注入领浆,0.0,0.0,0.0,0.0,0.0,0.0,0.0,0.0,0.0,0.0,0.0,1.0
2728.0,45.46666666666667,注入领浆,0.0,0.0,0.0,0.0,0.0,0.0,0.0,0.0,0.0,0.0,0.0,1.0
2732.0,45.53333333333333,注入领浆,0.0,0.0,0.0,0.0,0.0,0.0,0.0,0.0,0.0,0.0,0.0,1.0
2736.0,45.6,注入领浆,0.0,0.0,0.0,0.0,0.0,0.0,0.0,0.0,0.0,0.0,0.0,1.0
2740.0,45.666666666666664,注入领浆,0.0,0.0,0.0,0.0,0.0,0.0,0.0,0.0,0.0,0.0,0.0,1.0
2744.0,45.733333333333334,注入领浆,0.0,0.0,0.0,0.0,0.0,0.0,0.0,0.0,0.0,0.0,0.0,1.0
2748.0,45.8,注入领浆,0.0,0.0,0.0,0.0,0.0,0.0,0.0,0.0,0.0,0.0,0.0,1.0
2752.0,45.86666666666667,注入领浆,0.0,0.0,0.0,0.0,0.0,0.0,0.0,0.0,0.0,0.0,0.0,1.0
2756.0,45.93333333333333,注入领浆,0.0,0.0,0.0,0.0,0.0,0.0,0.0,0.0,0.0,0.0,0.0,1.0
2760.0,46.0,注入领浆,0.0,0.0,0.0,0.0,0.0,0.0,0.0,0.0,0.0,0.0,0.0,1.0
2764.0,46.06666666666667,注入领浆,0.0,0.0,0.0,0.0,0.0,0.0,0.0,0.0,0.0,0.0,0.0,1.0
2768.0,46.13333333333333,注入领浆,0.0,0.0,0.0,0.0,0.0,0.0,0.0,0.0,0.0,0.0,0.0,1.0
2772.0,46.2,注入领浆,0.0,0.0,0.0,0.0,0.0,0.0,0.0,0.0,0.0,0.0,0.0,1.0
2776.0,46.266666666666666,注入领浆,0.0,0.0,0.0,0.0,0.0,0.0,0.0,0.0,0.0,0.0,0.0,1.0
2780.0,46.333333333333336,注入领浆,0.0,0.0,0.0,0.0,0.0,0.0,0.0,0.0,0.0,0.0,0.0,1.0
2784.0,46.4,注入领浆,0.0,0.0,0.0,0.0,0.0,0.0,0.0,0.0,0.0,0.0,0.0,1.0
2788.0,46.46666666666667,注入领浆,0.0,0.0,0.0,0.0,0.0,0.0,0.0,0.0,0.0,0.0,0.0,1.0
2792.0,46.53333333333333,注入领浆,0.0,0.0,0.0,0.0,0.0,0.0,0.0,0.0,0.0,0.0,0.0,1.0
2796.0,46.6,注入领浆,0.0,0.0,0.0,0.0,0.0,0.0,0.0,0.0,0.0,0.0,0.0,1.0
2800.0,46.666666666666664,注入领浆,0.0,0.0,0.0,0.0,0.0,0.0,0.0,0.0,0.0,0.0,0.0,1.0
2804.0,46.733333333333334,注入领浆,0.0,0.0,0.0,0.0,0.0,0.0,0.0,0.0,0.0,0.0,0.0,1.0
2808.0,46.8,注入领浆,0.0,0.0,0.0,0.0,0.0,0.0,0.0,0.0,0.0,0.0,0.0,1.0
2812.0,46.86666666666667,注入领浆,0.0,0.0,0.0,0.0,0.0,0.0,0.0,0.0,0.0,0.0,0.0,1.0
2816.0,46.93333333333333,注入领浆,0.0,0.0,0.0,0.0,0.0,0.0,0.0,0.0,0.0,0.0,0.0,1.0
2820.0,47.0,注入领浆,0.0,0.0,0.0,0.0,0.0,0.0,0.0,0.0,0.0,0.0,0.0,1.0
2824.0,47.06666666666667,注入领浆,0.0,0.0,0.0,0.0,0.0,0.0,0.0,0.0,0.0,0.0,0.0,1.0
2828.0,47.13333333333333,注入领浆,0.0,0.0,0.0,0.0,0.0,0.0,0.0,0.0,0.0,0.0,0.0,1.0
2832.0,47.2,注入领浆,0.0,0.0,0.0,0.0,0.0,0.0,0.0,0.0,0.0,0.0,0.0,1.0
2836.0,47.266666666666666,注入领浆,0.0,0.0,0.0,0.0,0.0,0.0,0.0,0.0,0.0,0.0,0.0,1.0
2840.0,47.333333333333336,注入领浆,0.0,0.0,0.0,0.0,0.0,0.0,0.0,0.0,0.0,0.0,0.0,1.0
2844.0,47.4,注入领浆,0.0,0.0,0.0,0.0,0.0,0.0,0.0,0.0,0.0,0.0,0.0,1.0
2848.0,47.46666666666667,注入领浆,0.0,0.0,0.0,0.0,0.0,0.0,0.0,0.0,0.0,0.0,0.0,1.0
2852.0,47.53333333333333,注入领浆,0.0,0.0,0.0,0.0,0.0,0.0,0.0,0.0,0.0,0.0,0.0,1.0
2856.0,47.6,注入领浆,0.0,0.0,0.0,0.0,0.0,0.0,0.0,0.0,0.0,0.0,0.0,1.0
2860.0,47.666666666666664,注入领浆,0.0,0.0,0.0,0.0,0.0,0.0,0.0,0.0,0.0,0.0,0.0,1.0
2864.0,47.733333333333334,注入领浆,0.0,0.0,0.0,0.0,0.0,0.0,0.0,0.0,0.0,0.0,0.0,1.0
2868.0,47.8,注入领浆,0.0,0.0,0.0,0.0,0.0,0.0,0.0,0.0,0.0,0.0,0.0,1.0
2872.0,47.86666666666667,注入领浆,0.0,0.0,0.0,0.0,0.0,0.0,0.0,0.0,0.0,0.0,0.0,1.0
2876.0,47.93333333333333,注入领浆,0.0,0.0,0.0,0.0,0.0,0.0,0.0,0.0,0.0,0.0,0.0,1.0
2880.0,48.0,注入领浆,0.0,0.0,0.0,0.0,0.0,0.0,0.0,0.0,0.0,0.0,0.0,1.0
2884.0,48.06666666666667,注入领浆,0.0,0.0,0.0,0.0,0.0,0.0,0.0,0.0,0.0,0.0,0.0,1.0
2888.0,48.13333333333333,注入领浆,0.0,0.0,0.0,0.0,0.0,0.0,0.0,0.0,0.0,0.0,0.0,1.0
2892.0,48.2,注入领浆,0.0,0.0,0.0,0.0,0.0,0.0,0.0,0.0,0.0,0.0,0.0,1.0
2896.0,48.266666666666666,注入领浆,0.0,0.0,0.0,0.0,0.0,0.0,0.0,0.0,0.0,0.0,0.0,1.0
2900.0,48.333333333333336,注入领浆,0.0,0.0,0.0,0.0,0.0,0.0,0.0,0.0,0.0,0.0,0.0,1.0
2904.0,48.4,注入领浆,0.0,0.0,0.0,0.0,0.0,0.0,0.0,0.0,0.0,0.0,0.0,1.0
2908.0,48.46666666666667,注入领浆,0.0,0.0,0.0,0.0,0.0,0.0,0.0,0.0,0.0,0.0,0.0,1.0
2912.0,48.53333333333333,注入领浆,0.0,0.0,0.0,0.0,0.0,0.0,0.0,0.0,0.0,0.0,0.0,1.0
2916.0,48.6,注入领浆,0.0,0.0,0.0,0.0,0.0,0.0,0.0,0.0,0.0,0.0,0.0,1.0
2920.0,48.666666666666664,注入领浆,0.0,0.0,0.0,0.0,0.0,0.0,0.0,0.0,0.0,0.0,0.0,1.0
2924.0,48.733333333333334,注入领浆,0.0,0.0,0.0,0.0,0.0,0.0,0.0,0.0,0.0,0.0,0.0,1.0
2928.0,48.8,注入领浆,0.0,0.0,0.0,0.0,0.0,0.0,0.0,0.0,0.0,0.0,0.0,1.0
2932.0,48.86666666666667,注入领浆,0.0,0.0,0.0,0.0,0.0,0.0,0.0,0.0,0.0,0.0,0.0,1.0
2936.0,48.93333333333333,注入领浆,0.0,0.0,0.0,0.0,0.0,0.0,0.0,0.0,0.0,0.0,0.0,1.0
2940.0,49.0,注入领浆,0.0,0.0,0.0,0.0,0.0,0.0,0.0,0.0,0.0,0.0,0.0,1.0
2944.0,49.06666666666667,注入领浆,0.0,0.0,0.0,0.0,0.0,0.0,0.0,0.0,0.0,0.0,0.0,1.0
2948.0,49.13333333333333,注入领浆,0.0,0.0,0.0,0.0,0.0,0.0,0.0,0.0,0.0,0.0,0.0,1.0
2952.0,49.2,注入领浆,0.0,0.0,0.0,0.0,0.0,0.0,0.0,0.0,0.0,0.0,0.0,1.0
2956.0,49.266666666666666,注入领浆,0.0,0.0,0.0,0.0,0.0,0.0,0.0,0.0,0.0,0.0,0.0,1.0
2960.0,49.333333333333336,注入领浆,0.0,0.0,0.0,0.0,0.0,0.0,0.0,0.0,0.0,0.0,0.0,1.0
2964.0,49.4,注入领浆,0.0,0.0,0.0,0.0,0.0,0.0,0.0,0.0,0.0,0.0,0.0,1.0
2968.0,49.46666666666667,注入领浆,0.0,0.0,0.0,0.0,0.0,0.0,0.0,0.0,0.0,0.0,0.0,1.0
2972.0,49.53333333333333,注入领浆,0.0,0.0,0.0,0.0,0.0,0.0,0.0,0.0,0.0,0.0,0.0,1.0
2976.0,49.6,注入领浆,0.0,0.0,0.0,0.0,0.0,0.0,0.0,0.0,0.0,0.0,0.0,1.0
2980.0,49.666666666666664,注入领浆,0.0,0.0,0.0,0.0,0.0,0.0,0.0,0.0,0.0,0.0,0.0,1.0
2984.0,49.733333333333334,注入领浆,0.0,0.0,0.0,0.0,0.0,0.0,0.0,0.0,0.0,0.0,0.0,1.0
2988.0,49.8,注入领浆,0.0,0.0,0.0,0.0,0.0,0.0,0.0,0.0,0.0,0.0,0.0,1.0
2992.0,49.86666666666667,注入领浆,0.0,0.0,0.0,0.0,0.0,0.0,0.0,0.0,0.0,0.0,0.0,1.0
2996.0,49.93333333333333,注入领浆,0.0,0.0,0.0,0.0,0.0,0.0,0.0,0.0,0.0,0.0,0.0,1.0
3000.0,50.0,注入领浆,0.0,0.0,0.0,0.0,0.0,0.0,0.0,0.0,0.0,0.0,0.0,1.0
3004.0,50.06666666666667,注入领浆,0.0,0.0,0.0,0.0,0.0,0.0,0.0,0.0,0.0,0.0,0.0,1.0
3008.0,50.13333333333333,注入领浆,0.0,0.0,0.0,0.0,0.0,0.0,0.0,0.0,0.0,0.0,0.0,1.0
3012.0,50.2,注入领浆,0.0,0.0,0.0,0.0,0.0,0.0,0.0,0.0,0.0,0.0,0.0,1.0
3016.0,50.266666666666666,注入领浆,0.0,0.0,0.0,0.0,0.0,0.0,0.0,0.0,0.0,0.0,0.0,1.0
3020.0,50.333333333333336,注入领浆,0.0,0.0,0.0,0.0,0.0,0.0,0.0,0.0,0.0,0.0,0.0,1.0
3024.0,50.4,注入领浆,0.0,0.0,0.0,0.0,0.0,0.0,0.0,0.0,0.0,0.0,0.0,1.0
3028.0,50.46666666666667,注入领浆,0.0,0.0,0.0,0.0,0.0,0.0,0.0,0.0,0.0,0.0,0.0,1.0
3032.0,50.53333333333333,注入领浆,0.0,0.0,0.0,0.0,0.0,0.0,0.0,0.0,0.0,0.0,0.0,1.0
3036.0,50.6,注入领浆,0.0,0.0,0.0,0.0,0.0,0.0,0.0,0.0,0.0,0.0,0.0,1.0
3040.0,50.666666666666664,注入领浆,0.0,0.0,0.0,0.0,0.0,0.0,0.0,0.0,0.0,0.0,0.0,1.0
3044.0,50.733333333333334,注入领浆,0.0,0.0,0.0,0.0,0.0,0.0,0.0,0.0,0.0,0.0,0.0,1.0
3048.0,50.8,注入领浆,0.0,0.0,0.0,0.0,0.0,0.0,0.0,0.0,0.0,0.0,0.0,1.0
3052.0,50.86666666666667,注入领浆,0.0,0.0,0.0,0.0,0.0,0.0,0.0,0.0,0.0,0.0,0.0,1.0
3056.0,50.93333333333333,注入领浆,0.0,0.0,0.0,0.0,0.0,0.0,0.0,0.0,0.0,0.0,0.0,1.0
3060.0,51.0,注入领浆,0.0,0.0,0.0,0.0,0.0,0.0,0.0,0.0,0.0,0.0,0.0,1.0
3064.0,51.06666666666667,注入领浆,0.0,0.0,0.0,0.0,0.0,0.0,0.0,0.0,0.0,0.0,0.0,1.0
3068.0,51.13333333333333,注入领浆,0.0,0.0,0.0,0.0,0.0,0.0,0.0,0.0,0.0,0.0,0.0,1.0
3072.0,51.2,注入领浆,0.0,0.0,0.0,0.0,0.0,0.0,0.0,0.0,0.0,0.0,0.0,1.0
3076.0,51.266666666666666,注入领浆,0.0,0.0,0.0,0.0,0.0,0.0,0.0,0.0,0.0,0.0,0.0,1.0
3080.0,51.333333333333336,注入领浆,0.0,0.0,0.0,0.0,0.0,0.0,0.0,0.0,0.0,0.0,0.0,1.0
3084.0,51.4,注入领浆,0.0,0.0,0.0,0.0,0.0,0.0,0.0,0.0,0.0,0.0,0.0,1.0
3088.0,51.46666666666667,注入领浆,0.0,0.0,0.0,0.0,0.0,0.0,0.0,0.0,0.0,0.0,0.0,1.0
3092.0,51.53333333333333,注入领浆,0.0,0.0,0.0,0.0,0.0,0.0,0.0,0.0,0.0,0.0,0.0,1.0
3096.0,51.6,注入领浆,0.0,0.0,0.0,0.0,0.0,0.0,0.0,0.0,0.0,0.0,0.0,1.0
3100.0,51.666666666666664,注入领浆,0.0,0.0,0.0,0.0,0.0,0.0,0.0,0.0,0.0,0.0,0.0,1.0
3104.0,51.733333333333334,注入领浆,0.0,0.0,0.0,0.0,0.0,0.0,0.0,0.0,0.0,0.0,0.0,1.0
3108.0,51.8,注入领浆,0.0,0.0,0.0,0.0,0.0,0.0,0.0,0.0,0.0,0.0,0.0,1.0
3112.0,51.86666666666667,注入领浆,0.0,0.0,0.0,0.0,0.0,0.0,0.0,0.0,0.0,0.0,0.0,1.0
3116.0,51.93333333333333,注入领浆,0.0,0.0,0.0,0.0,0.0,0.0,0.0,0.0,0.0,0.0,0.0,1.0
3120.0,52.0,注入领浆,0.0,0.0,0.0,0.0,0.0,0.0,0.0,0.0,0.0,0.0,0.0,1.0
3124.0,52.06666666666667,注入领浆,0.0,0.0,0.0,0.0,0.0,0.0,0.0,0.0,0.0,0.0,0.0,1.0
3128.0,52.13333333333333,注入领浆,0.0,0.0,0.0,0.0,0.0,0.0,0.0,0.0,0.0,0.0,0.0,1.0
3132.0,52.2,注入领浆,0.0,0.0,0.0,0.0,0.0,0.0,0.0,0.0,0.0,0.0,0.0,1.0
3136.0,52.266666666666666,注入领浆,0.0,0.0,0.0,0.0,0.0,0.0,0.0,0.0,0.0,0.0,0.0,1.0
3140.0,52.333333333333336,注入领浆,0.0,0.0,0.0,0.0,0.0,0.0,0.0,0.0,0.0,0.0,0.0,1.0
3144.0,52.4,注入领浆,0.0,0.0,0.0,0.0,0.0,0.0,0.0,0.0,0.0,0.0,0.0,1.0
3148.0,52.46666666666667,注入领浆,0.0,0.0,0.0,0.0,0.0,0.0,0.0,0.0,0.0,0.0,0.0,1.0
3152.0,52.53333333333333,注入领浆,0.0,0.0,0.0,0.0,0.0,0.0,0.0,0.0,0.0,0.0,0.0,1.0
3156.0,52.6,注入领浆,0.0,0.0,0.0,0.0,0.0,0.0,0.0,0.0,0.0,0.0,0.0,1.0
3160.0,52.666666666666664,注入领浆,0.0,0.0,0.0,0.0,0.0,0.0,0.0,0.0,0.0,0.0,0.0,1.0
3164.0,52.733333333333334,注入领浆,0.0,0.0,0.0,0.0,0.0,0.0,0.0,0.0,0.0,0.0,0.0,1.0
3168.0,52.8,注入领浆,0.0,0.0,0.0,0.0,0.0,0.0,0.0,0.0,0.0,0.0,0.0,1.0
3172.0,52.86666666666667,注入领浆,0.0,0.0,0.0,0.0,0.0,0.0,0.0,0.0,0.0,0.0,0.0,1.0
3176.0,52.93333333333333,注入领浆,0.0,0.0,0.0,0.0,0.0,0.0,0.0,0.0,0.0,0.0,0.0,1.0
3180.0,53.0,注入领浆,0.0,0.0,0.0,0.0,0.0,0.0,0.0,0.0,0.0,0.0,0.0,1.0
3184.0,53.06666666666667,注入领浆,0.0,0.0,0.0,0.0,0.0,0.0,0.0,0.0,0.0,0.0,0.0,1.0
3188.0,53.13333333333333,注入领浆,0.0,0.0,0.0,0.0,0.0,0.0,0.0,0.0,0.0,0.0,0.0,1.0
3192.0,53.2,注入领浆,0.0,0.0,0.0,0.0,0.0,0.0,0.0,0.0,0.0,0.0,0.0,1.0
3196.0,53.266666666666666,注入领浆,0.0,0.0,0.0,0.0,0.0,0.0,0.0,0.0,0.0,0.0,0.0,1.0
3200.0,53.333333333333336,注入领浆,0.0,0.0,0.0,0.0,0.0,0.0,0.0,0.0,0.0,0.0,0.0,1.0
3204.0,53.4,注入领浆,0.0,0.0,0.0,0.0,0.0,0.0,0.0,0.0,0.0,0.0,0.0,1.0
3208.0,53.46666666666667,注入领浆,0.0,0.0,0.0,0.0,0.0,0.0,0.0,0.0,0.0,0.0,0.0,1.0
3212.0,53.53333333333333,注入领浆,0.0,0.0,0.0,0.0,0.0,0.0,0.0,0.0,0.0,0.0,0.0,1.0
3216.0,53.6,注入领浆,0.0,0.0,0.0,0.0,0.0,0.0,0.0,0.0,0.0,0.0,0.0,1.0
3220.0,53.666666666666664,注入领浆,0.0,0.0,0.0,0.0,0.0,0.0,0.0,0.0,0.0,0.0,0.0,1.0
3224.0,53.733333333333334,注入领浆,0.0,0.0,0.0,0.0,0.0,0.0,0.0,0.0,0.0,0.0,0.0,1.0
3228.0,53.8,注入领浆,0.0,0.0,0.0,0.0,0.0,0.0,0.0,0.0,0.0,0.0,0.0,1.0
3232.0,53.86666666666667,注入领浆,0.0,0.0,0.0,0.0,0.0,0.0,0.0,0.0,0.0,0.0,0.0,1.0
3236.0,53.93333333333333,注入领浆,0.0,0.0,0.0,0.0,0.0,0.0,0.0,0.0,0.0,0.0,0.0,1.0
3240.0,54.0,注入领浆,0.0,0.0,0.0,0.0,0.0,0.0,0.0,0.0,0.0,0.0,0.0,1.0
3244.0,54.06666666666667,注入领浆,0.0,0.0,0.0,0.0,0.0,0.0,0.0,0.0,0.0,0.0,0.0,1.0
3248.0,54.13333333333333,注入领浆,0.0,0.0,0.0,0.0,0.0,0.0,0.0,0.0,0.0,0.0,0.0,1.0
3252.0,54.2,注入领浆,0.0,0.0,0.0,0.0,0.0,0.0,0.0,0.0,0.0,0.0,0.0,1.0
3256.0,54.266666666666666,注入领浆,0.0,0.0,0.0,0.0,0.0,0.0,0.0,0.0,0.0,0.0,0.0,1.0
3260.0,54.333333333333336,注入领浆,0.0,0.0,0.0,0.0,0.0,0.0,0.0,0.0,0.0,0.0,0.0,1.0
3264.0,54.4,注入领浆,0.0,0.0,0.0,0.0,0.0,0.0,0.0,0.0,0.0,0.0,0.0,1.0
3268.0,54.46666666666667,注入领浆,0.0,0.0,0.0,0.0,0.0,0.0,0.0,0.0,0.0,0.0,0.0,1.0
3272.0,54.53333333333333,注入领浆,0.0,0.0,0.0,0.0,0.0,0.0,0.0,0.0,0.0,0.0,0.0,1.0
3276.0,54.6,注入领浆,0.0,0.0,0.0,0.0,0.0,0.0,0.0,0.0,0.0,0.0,0.0,1.0
3280.0,54.666666666666664,注入领浆,0.0,0.0,0.0,0.0,0.0,0.0,0.0,0.0,0.0,0.0,0.0,1.0
3284.0,54.733333333333334,注入领浆,0.0,0.0,0.0,0.0,0.0,0.0,0.0,0.0,0.0,0.0,0.0,1.0
3288.0,54.8,注入领浆,0.0,0.0,0.0,0.0,0.0,0.0,0.0,0.0,0.0,0.0,0.0,1.0
3292.0,54.86666666666667,注入领浆,0.0,0.0,0.0,0.0,0.0,0.0,0.0,0.0,0.0,0.0,0.0,1.0
3296.0,54.93333333333333,注入领浆,0.0,0.0,0.0,0.0,0.0,0.0,0.0,0.0,0.0,0.0,0.0,1.0
3300.0,55.0,注入领浆,0.0,0.0,0.0,0.0,0.0,0.0,0.0,0.0,0.0,0.0,0.0,1.0
3304.0,55.06666666666667,注入领浆,0.0,0.0,0.0,0.0,0.0,0.0,0.0,0.0,0.0,0.0,0.0,1.0
3308.0,55.13333333333333,注入领浆,0.0,0.0,0.0,0.0,0.0,0.0,0.0,0.0,0.0,0.0,0.0,1.0
3312.0,55.2,注入领浆,0.0,0.0,0.0,0.0,0.0,0.0,0.0,0.0,0.0,0.0,0.0,1.0
3316.0,55.266666666666666,注入领浆,0.0,0.0,0.0,0.0,0.0,0.0,0.0,0.0,0.0,0.0,0.0,1.0
3320.0,55.333333333333336,注入领浆,0.0,0.0,0.0,0.0,0.0,0.0,0.0,0.0,0.0,0.0,0.0,1.0
3324.0,55.4,注入领浆,0.0,0.0,0.0,0.0,0.0,0.0,0.0,0.0,0.0,0.0,0.0,1.0
3328.0,55.46666666666667,注入领浆,0.0,0.0,0.0,0.0,0.0,0.0,0.0,0.0,0.0,0.0,0.0,1.0
3332.0,55.53333333333333,注入领浆,0.0,0.0,0.0,0.0,0.0,0.0,0.0,0.0,0.0,0.0,0.0,1.0
3336.0,55.6,注入领浆,0.0,0.0,0.0,0.0,0.0,0.0,0.0,0.0,0.0,0.0,0.0,1.0
3340.0,55.666666666666664,注入领浆,0.0,0.0,0.0,0.0,0.0,0.0,0.0,0.0,0.0,0.0,0.0,1.0
3344.0,55.733333333333334,注入领浆,0.0,0.0,0.0,0.0,0.0,0.0,0.0,0.0,0.0,0.0,0.0,1.0
3348.0,55.8,注入领浆,0.0,0.0,0.0,0.0,0.0,0.0,0.0,0.0,0.0,0.0,0.0,1.0
3352.0,55.86666666666667,注入领浆,0.0,0.0,0.0,0.0,0.0,0.0,0.0,0.0,0.0,0.0,0.0,1.0
3356.0,55.93333333333333,注入领浆,0.0,0.0,0.0,0.0,0.0,0.0,0.0,0.0,0.0,0.0,0.0,1.0
3360.0,56.0,注入领浆,0.0,0.0,0.0,0.0,0.0,0.0,0.0,0.0,0.0,0.0,0.0,1.0
3364.0,56.06666666666667,注入领浆,0.0,0.0,0.0,0.0,0.0,0.0,0.0,0.0,0.0,0.0,0.0,1.0
3368.0,56.13333333333333,注入领浆,0.0,0.0,0.0,0.0,0.0,0.0,0.0,0.0,0.0,0.0,0.0,1.0
3372.0,56.2,注入领浆,0.0,0.0,0.0,0.0,0.0,0.0,0.0,0.0,0.0,0.0,0.0,1.0
3376.0,56.266666666666666,注入领浆,0.0,0.0,0.0,0.0,0.0,0.0,0.0,0.0,0.0,0.0,0.0,1.0
3380.0,56.333333333333336,注入领浆,0.0,0.0,0.0,0.0,0.0,0.0,0.0,0.0,0.0,0.0,0.0,1.0
3384.0,56.4,注入领浆,0.0,0.0,0.0,0.0,0.0,0.0,0.0,0.0,0.0,0.0,0.0,1.0
3388.0,56.46666666666667,注入领浆,0.0,0.0,0.0,0.0,0.0,0.0,0.0,0.0,0.0,0.0,0.0,1.0
3392.0,56.53333333333333,注入领浆,0.0,0.0,0.0,0.0,0.0,0.0,0.0,0.0,0.0,0.0,0.0,1.0
3396.0,56.6,注入领浆,0.0,0.0,0.0,0.0,0.0,0.0,0.0,0.0,0.0,0.0,0.0,1.0
3400.0,56.666666666666664,注入领浆,0.0,0.0,0.0,0.0,0.0,0.0,0.0,0.0,0.0,0.0,0.0,1.0
3404.0,56.733333333333334,注入领浆,0.0,0.0,0.0,0.0,0.0,0.0,0.0,0.0,0.0,0.0,0.0,1.0
3408.0,56.8,注入领浆,0.0,0.0,0.0,0.0,0.0,0.0,0.0,0.0,0.0,0.0,0.0,1.0
3412.0,56.86666666666667,注入领浆,0.0,0.0,0.0,0.0,0.0,0.0,0.0,0.0,0.0,0.0,0.0,1.0
3416.0,56.93333333333333,注入领浆,0.0,0.0,0.0,0.0,0.0,0.0,0.0,0.0,0.0,0.0,0.0,1.0
3420.0,57.0,注入领浆,0.0,0.0,0.0,0.0,0.0,0.0,0.0,0.0,0.0,0.0,0.0,1.0
3424.0,57.06666666666667,注入领浆,0.0,0.0,0.0,0.0,0.0,0.0,0.0,0.0,0.0,0.0,0.0,1.0
3428.0,57.13333333333333,注入领浆,0.0,0.0,0.0,0.0,0.0,0.0,0.0,0.0,0.0,0.0,0.0,1.0
3432.0,57.2,注入领浆,0.0,0.0,0.0,0.0,0.0,0.0,0.0,0.0,0.0,0.0,0.0,1.0
3436.0,57.266666666666666,注入领浆,0.0,0.0,0.0,0.0,0.0,0.0,0.0,0.0,0.0,0.0,0.0,1.0
3440.0,57.333333333333336,注入领浆,0.0,0.0,0.0,0.0,0.0,0.0,0.0,0.0,0.0,0.0,0.0,1.0
3444.0,57.4,注入领浆,0.0,0.0,0.0,0.0,0.0,0.0,0.0,0.0,0.0,0.0,0.0,1.0
3448.0,57.46666666666667,注入领浆,0.0,0.0,0.0,0.0,0.0,0.0,0.0,0.0,0.0,0.0,0.0,1.0
3452.0,57.53333333333333,注入领浆,0.0,0.0,0.0,0.0,0.0,0.0,0.0,0.0,0.0,0.0,0.0,1.0
3456.0,57.6,注入领浆,0.0,0.0,0.0,0.0,0.0,0.0,0.0,0.0,0.0,0.0,0.0,1.0
3460.0,57.666666666666664,注入领浆,0.0,0.0,0.0,0.0,0.0,0.0,0.0,0.0,0.0,0.0,0.0,1.0
3464.0,57.733333333333334,注入领浆,0.0,0.0,0.0,0.0,0.0,0.0,0.0,0.0,0.0,0.0,0.0,1.0
3468.0,57.8,注入领浆,0.0,0.0,0.0,0.0,0.0,0.0,0.0,0.0,0.0,0.0,0.0,1.0
3472.0,57.86666666666667,注入领浆,0.0,0.0,0.0,0.0,0.0,0.0,0.0,0.0,0.0,0.0,0.0,1.0
3476.0,57.93333333333333,注入领浆,0.0,0.0,0.0,0.0,0.0,0.0,0.0,0.0,0.0,0.0,0.0,1.0
3480.0,58.0,注入领浆,0.0,0.0,0.0,0.0,0.0,0.0,0.0,0.0,0.0,0.0,0.0,1.0
3484.0,58.06666666666667,注入领浆,0.0,0.0,0.0,0.0,0.0,0.0,0.0,0.0,0.0,0.0,0.0,1.0
3488.0,58.13333333333333,注入领浆,0.0,0.0,0.0,0.0,0.0,0.0,0.0,0.0,0.0,0.0,0.0,1.0
3492.0,58.2,注入领浆,0.0,0.0,0.0,0.0,0.0,0.0,0.0,0.0,0.0,0.0,0.0,1.0
3496.0,58.266666666666666,注入领浆,0.0,0.0,0.0,0.0,0.0,0.0,0.0,0.0,0.0,0.0,0.0,1.0
3500.0,58.333333333333336,注入领浆,0.0,0.0,0.0,0.0,0.0,0.0,0.0,0.0,0.0,0.0,0.0,1.0
3504.0,58.4,注入领浆,0.0,0.0,0.0,0.0,0.0,0.0,0.0,0.0,0.0,0.0,0.0,1.0
3508.0,58.46666666666667,注入领浆,0.0,0.0,0.0,0.0,0.0,0.0,0.0,0.0,0.0,0.0,0.0,1.0
3512.0,58.53333333333333,注入领浆,0.0,0.0,0.0,0.0,0.0,0.0,0.0,0.0,0.0,0.0,0.0,1.0
3516.0,58.6,注入领浆,0.0,0.0,0.0,0.0,0.0,0.0,0.0,0.0,0.0,0.0,0.0,1.0
3520.0,58.666666666666664,注入领浆,0.0,0.0,0.0,0.0,0.0,0.0,0.0,0.0,0.0,0.0,0.0,1.0
3524.0,58.733333333333334,注入领浆,0.0,0.0,0.0,0.0,0.0,0.0,0.0,0.0,0.0,0.0,0.0,1.0
3528.0,58.8,注入领浆,0.0,0.0,0.0,0.0,0.0,0.0,0.0,0.0,0.0,0.0,0.0,1.0
3532.0,58.86666666666667,注入领浆,0.0,0.0,0.0,0.0,0.0,0.0,0.0,0.0,0.0,0.0,0.0,1.0
3536.0,58.93333333333333,注入领浆,0.0,0.0,0.0,0.0,0.0,0.0,0.0,0.0,0.0,0.0,0.0,1.0
3540.0,59.0,注入领浆,0.0,0.0,0.0,0.0,0.0,0.0,0.0,0.0,0.0,0.0,0.0,1.0
3544.0,59.06666666666667,注入领浆,0.0,0.0,0.0,0.0,0.0,0.0,0.0,0.0,0.0,0.0,0.0,1.0
3548.0,59.13333333333333,注入领浆,0.0,0.0,0.0,0.0,0.0,0.0,0.0,0.0,0.0,0.0,0.0,1.0
3552.0,59.2,注入领浆,0.0,0.0,0.0,0.0,0.0,0.0,0.0,0.0,0.0,0.0,0.0,1.0
3556.0,59.266666666666666,注入领浆,0.0,0.0,0.0,0.0,0.0,0.0,0.0,0.0,0.0,0.0,0.0,1.0
3560.0,59.333333333333336,注入领浆,0.0,0.0,0.0,0.0,0.0,0.0,0.0,0.0,0.0,0.0,0.0,1.0
3564.0,59.4,注入领浆,0.0,0.0,0.0,0.0,0.0,0.0,0.0,0.0,0.0,0.0,0.0,1.0
3568.0,59.46666666666667,注入领浆,0.0,0.0,0.0,0.0,0.0,0.0,0.0,0.0,0.0,0.0,0.0,1.0
3572.0,59.53333333333333,注入领浆,0.0,0.0,0.0,0.0,0.0,0.0,0.0,0.0,0.0,0.0,0.0,1.0
3576.0,59.6,注入领浆,0.0,0.0,0.0,0.0,0.0,0.0,0.0,0.0,0.0,0.0,0.0,1.0
3580.0,59.666666666666664,注入领浆,0.0,0.0,0.0,0.0,0.0,0.0,0.0,0.0,0.0,0.0,0.0,1.0
3584.0,59.733333333333334,注入领浆,0.0,0.0,0.0,0.0,0.0,0.0,0.0,0.0,0.0,0.0,0.0,1.0
3588.0,59.8,注入领浆,0.0,0.0,0.0,0.0,0.0,0.0,0.0,0.0,0.0,0.0,0.0,1.0
3592.0,59.86666666666667,注入领浆,0.0,0.0,0.0,0.0,0.0,0.0,0.0,0.0,0.0,0.0,0.0,1.0
3596.0,59.93333333333333,注入领浆,0.0,0.0,0.0,0.0,0.0,0.0,0.0,0.0,0.0,0.0,0.0,1.0
3600.0,60.0,注入领浆,0.0,0.0,0.0,0.0,0.0,0.0,0.0,0.0,0.0,0.0,0.0,1.0
3604.0,60.06666666666667,注入领浆,0.0,0.0,0.0,0.0,0.0,0.0,0.0,0.0,0.0,0.0,0.0,1.0
3608.0,60.13333333333333,注入领浆,0.0,0.0,0.0,0.0,0.0,0.0,0.0,0.0,0.0,0.0,0.0,1.0
3612.0,60.2,注入领浆,0.0,0.0,0.0,0.0,0.0,0.0,0.0,0.0,0.0,0.0,0.0,1.0
3616.0,60.266666666666666,注入领浆,0.0,0.0,0.0,0.0,0.0,0.0,0.0,0.0,0.0,0.0,0.0,1.0
3620.0,60.333333333333336,注入领浆,0.0,0.0,0.0,0.0,0.0,0.0,0.0,0.0,0.0,0.0,0.0,1.0
3624.0,60.4,注入领浆,0.0,0.0,0.0,0.0,0.0,0.0,0.0,0.0,0.0,0.0,0.0,1.0
3628.0,60.46666666666667,注入领浆,0.0,0.0,0.0,0.0,0.0,0.0,0.0,0.0,0.0,0.0,0.0,1.0
3632.0,60.53333333333333,注入领浆,0.0,0.0,0.0,0.0,0.0,0.0,0.0,0.0,0.0,0.0,0.0,1.0
3636.0,60.6,注入领浆,0.0,0.0,0.0,0.0,0.0,0.0,0.0,0.0,0.0,0.0,0.0,1.0
3640.0,60.666666666666664,注入领浆,0.0,0.0,0.0,0.0,0.0,0.0,0.0,0.0,0.0,0.0,0.0,1.0
3644.0,60.733333333333334,注入领浆,0.0,0.0,0.0,0.0,0.0,0.0,0.0,0.0,0.0,0.0,0.0,1.0
3648.0,60.8,注入领浆,0.0,0.0,0.0,0.0,0.0,0.0,0.0,0.0,0.0,0.0,0.0,1.0
3652.0,60.86666666666667,注入领浆,0.0,0.0,0.0,0.0,0.0,0.0,0.0,0.0,0.0,0.0,0.0,1.0
3656.0,60.93333333333333,注入领浆,0.0,0.0,0.0,0.0,0.0,0.0,0.0,0.0,0.0,0.0,0.0,1.0
3660.0,61.0,注入领浆,0.0,0.0,0.0,0.0,0.0,0.0,0.0,0.0,0.0,0.0,0.0,1.0
3664.0,61.06666666666667,注入领浆,0.0,0.0,0.0,0.0,0.0,0.0,0.0,0.0,0.0,0.0,0.0,1.0
3668.0,61.13333333333333,注入领浆,0.0,0.0,0.0,0.0,0.0,0.0,0.0,0.0,0.0,0.0,0.0,1.0
3672.0,61.2,注入领浆,0.0,0.0,0.0,0.0,0.0,0.0,0.0,0.0,0.0,0.0,0.0,1.0
3676.0,61.266666666666666,注入领浆,0.0,0.0,0.0,0.0,0.0,0.0,0.0,0.0,0.0,0.0,0.0,1.0
3680.0,61.333333333333336,注入领浆,0.0,0.0,0.0,0.0,0.0,0.0,0.0,0.0,0.0,0.0,0.0,1.0
3684.0,61.4,注入领浆,0.0,0.0,0.0,0.0,0.0,0.0,0.0,0.0,0.0,0.0,0.0,1.0
3688.0,61.46666666666667,注入领浆,0.0,0.0,0.0,0.0,0.0,0.0,0.0,0.0,0.0,0.0,0.0,1.0
3692.0,61.53333333333333,注入领浆,0.0,0.0,0.0,0.0,0.0,0.0,0.0,0.0,0.0,0.0,0.0,1.0
3696.0,61.6,注入领浆,0.0,0.0,0.0,0.0,0.0,0.0,0.0,0.0,0.0,0.0,0.0,1.0
3700.0,61.666666666666664,注入领浆,0.0,0.0,0.0,0.0,0.0,0.0,0.0,0.0,0.0,0.0,0.0,1.0
3704.0,61.733333333333334,注入领浆,0.0,0.0,0.0,0.0,0.0,0.0,0.0,0.0,0.0,0.0,0.0,1.0
3708.0,61.8,注入领浆,0.0,0.0,0.0,0.0,0.0,0.0,0.0,0.0,0.0,0.0,0.0,1.0
3712.0,61.86666666666667,注入领浆,0.0,0.0,0.0,0.0,0.0,0.0,0.0,0.0,0.0,0.0,0.0,1.0
3716.0,61.93333333333333,注入领浆,0.0,0.0,0.0,0.0,0.0,0.0,0.0,0.0,0.0,0.0,0.0,1.0
3720.0,62.0,注入领浆,0.0,0.0,0.0,0.0,0.0,0.0,0.0,0.0,0.0,0.0,0.0,1.0
3724.0,62.06666666666667,注入领浆,0.0,0.0,0.0,0.0,0.0,0.0,0.0,0.0,0.0,0.0,0.0,1.0
3728.0,62.13333333333333,注入领浆,0.0,0.0,0.0,0.0,0.0,0.0,0.0,0.0,0.0,0.0,0.0,1.0
3732.0,62.2,注入领浆,0.0,0.0,0.0,0.0,0.0,0.0,0.0,0.0,0.0,0.0,0.0,1.0
3736.0,62.266666666666666,注入领浆,0.0,0.0,0.0,0.0,0.0,0.0,0.0,0.0,0.0,0.0,0.0,1.0
3740.0,62.333333333333336,注入领浆,0.0,0.0,0.0,0.0,0.0,0.0,0.0,0.0,0.0,0.0,0.0,1.0
3744.0,62.4,注入领浆,0.0,0.0,0.0,0.0,0.0,0.0,0.0,0.0,0.0,0.0,0.0,1.0
3748.0,62.46666666666667,注入领浆,0.0,0.0,0.0,0.0,0.0,0.0,0.0,0.0,0.0,0.0,0.0,1.0
3752.0,62.53333333333333,注入领浆,0.0,0.0,0.0,0.0,0.0,0.0,0.0,0.0,0.0,0.0,0.0,1.0
3756.0,62.6,注入领浆,0.0,0.0,0.0,0.0,0.0,0.0,0.0,0.0,0.0,0.0,0.0,1.0
3760.0,62.666666666666664,注入领浆,0.0,0.0,0.0,0.0,0.0,0.0,0.0,0.0,0.0,0.0,0.0,1.0
3764.0,62.733333333333334,注入领浆,0.0,0.0,0.0,0.0,0.0,0.0,0.0,0.0,0.0,0.0,0.0,1.0
3768.0,62.8,注入领浆,0.0,0.0,0.0,0.0,0.0,0.0,0.0,0.0,0.0,0.0,0.0,1.0
3772.0,62.86666666666667,注入领浆,0.0,0.0,0.0,0.0,0.0,0.0,0.0,0.0,0.0,0.0,0.0,1.0
3776.0,62.93333333333333,注入领浆,0.0,0.0,0.0,0.0,0.0,0.0,0.0,0.0,0.0,0.0,0.0,1.0
3780.0,63.0,注入领浆,0.0,0.0,0.0,0.0,0.0,0.0,0.0,0.0,0.0,0.0,0.0,1.0
3784.0,63.06666666666667,注入领浆,0.0,0.0,0.0,0.0,0.0,0.0,0.0,0.0,0.0,0.0,0.0,1.0
3788.0,63.13333333333333,注入领浆,0.0,0.0,0.0,0.0,0.0,0.0,0.0,0.0,0.0,0.0,0.0,1.0
3792.0,63.2,注入领浆,0.0,0.0,0.0,0.0,0.0,0.0,0.0,0.0,0.0,0.0,0.0,1.0
3796.0,63.266666666666666,注入领浆,0.0,0.0,0.0,0.0,0.0,0.0,0.0,0.0,0.0,0.0,0.0,1.0
3800.0,63.333333333333336,注入领浆,0.0,0.0,0.0,0.0,0.0,0.0,0.0,0.0,0.0,0.0,0.0,1.0
3804.0,63.4,注入领浆,0.0,0.0,0.0,0.0,0.0,0.0,0.0,0.0,0.0,0.0,0.0,1.0
3808.0,63.46666666666667,注入领浆,0.0,0.0,0.0,0.0,0.0,0.0,0.0,0.0,0.0,0.0,0.0,1.0
3812.0,63.53333333333333,注入领浆,0.0,0.0,0.0,0.0,0.0,0.0,0.0,0.0,0.0,0.0,0.0,1.0
3816.0,63.6,注入领浆,0.0,0.0,0.0,0.0,0.0,0.0,0.0,0.0,0.0,0.0,0.0,1.0
3820.0,63.666666666666664,注入领浆,0.0,0.0,0.0,0.0,0.0,0.0,0.0,0.0,0.0,0.0,0.0,1.0
3824.0,63.733333333333334,注入领浆,0.0,0.0,0.0,0.0,0.0,0.0,0.0,0.0,0.0,0.0,0.0,1.0
3828.0,63.8,注入领浆,0.0,0.0,0.0,0.0,0.0,0.0,0.0,0.0,0.0,0.0,0.0,1.0
3832.0,63.86666666666667,注入领浆,0.0,0.0,0.0,0.0,0.0,0.0,0.0,0.0,0.0,0.0,0.0,1.0
3836.0,63.93333333333333,注入领浆,0.0,0.0,0.0,0.0,0.0,0.0,0.0,0.0,0.0,0.0,0.0,1.0
3840.0,64.0,注入领浆,0.0,0.0,0.0,0.0,0.0,0.0,0.0,0.0,0.0,0.0,0.0,1.0
3844.0,64.06666666666666,注入领浆,0.0,0.0,0.0,0.0,0.0,0.0,0.0,0.0,0.0,0.0,0.0,1.0
3848.0,64.13333333333334,注入领浆,0.0,0.0,0.0,0.0,0.0,0.0,0.0,0.0,0.0,0.0,0.0,1.0
3852.0,64.2,注入领浆,0.0,0.0,0.0,0.0,0.0,0.0,0.0,0.0,0.0,0.0,0.0,1.0
3856.0,64.26666666666667,注入领浆,0.0,0.0,0.0,0.0,0.0,0.0,0.0,0.0,0.0,0.0,0.0,1.0
3860.0,64.33333333333333,注入领浆,0.0,0.0,0.0,0.0,0.0,0.0,0.0,0.0,0.0,0.0,0.0,1.0
3864.0,64.4,注入领浆,0.0,0.0,0.0,0.0,0.0,0.0,0.0,0.0,0.0,0.0,0.0,1.0
3868.0,64.46666666666667,注入领浆,0.0,0.0,0.0,0.0,0.0,0.0,0.0,0.0,0.0,0.0,0.0,1.0
3872.0,64.53333333333333,注入领浆,0.0,0.0,0.0,0.0,0.0,0.0,0.0,0.0,0.0,0.0,0.0,1.0
3876.0,64.6,注入领浆,0.0,0.0,0.0,0.0,0.0,0.0,0.0,0.0,0.0,0.0,0.0,1.0
3880.0,64.66666666666667,注入领浆,0.0,0.0,0.0,0.0,0.0,0.0,0.0,0.0,0.0,0.0,0.0,1.0
3884.0,64.73333333333333,注入领浆,0.0,0.0,0.0,0.0,0.0,0.0,0.0,0.0,0.0,0.0,0.0,1.0
3888.0,64.8,注入领浆,0.0,0.0,0.0,0.0,0.0,0.0,0.0,0.0,0.0,0.0,0.0,1.0
3892.0,64.86666666666666,注入领浆,0.0,0.0,0.0,0.0,0.0,0.0,0.0,0.0,0.0,0.0,0.0,1.0
3896.0,64.93333333333334,注入领浆,0.0,0.0,0.0,0.0,0.0,0.0,0.0,0.0,0.0,0.0,0.0,1.0
3900.0,65.0,注入领浆,0.0,0.0,0.0,0.0,0.0,0.0,0.0,0.0,0.0,0.0,0.0,1.0
3904.0,65.06666666666666,注入领浆,0.0,0.0,0.0,0.0,0.0,0.0,0.0,0.0,0.0,0.0,0.0,1.0
3908.0,65.13333333333334,注入领浆,0.0,0.0,0.0,0.0,0.0,0.0,0.0,0.0,0.0,0.0,0.0,1.0
3912.0,65.2,注入领浆,0.0,0.0,0.0,0.0,0.0,0.0,0.0,0.0,0.0,0.0,0.0,1.0
3916.0,65.26666666666667,注入领浆,0.0,0.0,0.0,0.0,0.0,0.0,0.0,0.0,0.0,0.0,0.0,1.0
3920.0,65.33333333333333,注入领浆,0.0,0.0,0.0,0.0,0.0,0.0,0.0,0.0,0.0,0.0,0.0,1.0
3924.0,65.4,注入领浆,0.0,0.0,0.0,0.0,0.0,0.0,0.0,0.0,0.0,0.0,0.0,1.0
3928.0,65.46666666666667,注入领浆,0.0,0.0,0.0,0.0,0.0,0.0,0.0,0.0,0.0,0.0,0.0,1.0
3932.0,65.53333333333333,注入领浆,0.0,0.0,0.0,0.0,0.0,0.0,0.0,0.0,0.0,0.0,0.0,1.0
3936.0,65.6,注入领浆,0.0,0.0,0.0,0.0,0.0,0.0,0.0,0.0,0.0,0.0,0.0,1.0
3940.0,65.66666666666667,注入领浆,0.0,0.0,0.0,0.0,0.0,0.0,0.0,0.0,0.0,0.0,0.0,1.0
3944.0,65.73333333333333,注入领浆,0.0,0.0,0.0,0.0,0.0,0.0,0.0,0.0,0.0,0.0,0.0,1.0
3948.0,65.8,注入领浆,0.0,0.0,0.0,0.0,0.0,0.0,0.0,0.0,0.0,0.0,0.0,1.0
3952.0,65.86666666666666,注入领浆,0.0,0.0,0.0,0.0,0.0,0.0,0.0,0.0,0.0,0.0,0.0,1.0
3956.0,65.93333333333334,注入领浆,0.0,0.0,0.0,0.0,0.0,0.0,0.0,0.0,0.0,0.0,0.0,1.0
3960.0,66.0,注入领浆,0.0,0.0,0.0,0.0,0.0,0.0,0.0,0.0,0.0,0.0,0.0,1.0
3964.0,66.06666666666666,注入领浆,0.0,0.0,0.0,0.0,0.0,0.0,0.0,0.0,0.0,0.0,0.0,1.0
3968.0,66.13333333333334,注入领浆,0.0,0.0,0.0,0.0,0.0,0.0,0.0,0.0,0.0,0.0,0.0,1.0
3972.0,66.2,注入领浆,0.0,0.0,0.0,0.0,0.0,0.0,0.0,0.0,0.0,0.0,0.0,1.0
3976.0,66.26666666666667,注入领浆,0.0,0.0,0.0,0.0,0.0,0.0,0.0,0.0,0.0,0.0,0.0,1.0
3980.0,66.33333333333333,注入领浆,0.0,0.0,0.0,0.0,0.0,0.0,0.0,0.0,0.0,0.0,0.0,1.0
3984.0,66.4,注入领浆,0.0,0.0,0.0,0.0,0.0,0.0,0.0,0.0,0.0,0.0,0.0,1.0
3988.0,66.46666666666667,注入领浆,0.0,0.0,0.0,0.0,0.0,0.0,0.0,0.0,0.0,0.0,0.0,1.0
3992.0,66.53333333333333,注入领浆,0.0,0.0,0.0,0.0,0.0,0.0,0.0,0.0,0.0,0.0,0.0,1.0
3996.0,66.6,注入领浆,0.0,0.0,0.0,0.0,0.0,0.0,0.0,0.0,0.0,0.0,0.0,1.0
4000.0,66.66666666666667,注入领浆,0.0,0.0,0.0,0.0,0.0,0.0,0.0,0.0,0.0,0.0,0.0,1.0
4004.0,66.73333333333333,注入领浆,0.0,0.0,0.0,0.0,0.0,0.0,0.0,0.0,0.0,0.0,0.0,1.0
4008.0,66.8,注入领浆,0.0,0.0,0.0,0.0,0.0,0.0,0.0,0.0,0.0,0.0,0.0,1.0
4012.0,66.86666666666666,注入领浆,0.0,0.0,0.0,0.0,0.0,0.0,0.0,0.0,0.0,0.0,0.0,1.0
4016.0,66.93333333333334,注入领浆,0.0,0.0,0.0,0.0,0.0,0.0,0.0,0.0,0.0,0.0,0.0,1.0
4020.0,67.0,注入领浆,0.0,0.0,0.0,0.0,0.0,0.0,0.0,0.0,0.0,0.0,0.0,1.0
4024.0,67.06666666666666,注入领浆,0.0,0.0,0.0,0.0,0.0,0.0,0.0,0.0,0.0,0.0,0.0,1.0
4028.0,67.13333333333334,注入领浆,0.0,0.0,0.0,0.0,0.0,0.0,0.0,0.0,0.0,0.0,0.0,1.0
4032.0,67.2,注入领浆,0.0,0.0,0.0,0.0,0.0,0.0,0.0,0.0,0.0,0.0,0.0,1.0
4036.0,67.26666666666667,注入领浆,0.0,0.0,0.0,0.0,0.0,0.0,0.0,0.0,0.0,0.0,0.0,1.0
4040.0,67.33333333333333,注入领浆,0.0,0.0,0.0,0.0,0.0,0.0,0.0,0.0,0.0,0.0,0.0,1.0
4044.0,67.4,注入领浆,0.0,0.0,0.0,0.0,0.0,0.0,0.0,0.0,0.0,0.0,0.0,1.0
4048.0,67.46666666666667,注入领浆,0.0,0.0,0.0,0.0,0.0,0.0,0.0,0.0,0.0,0.0,0.0,1.0
4052.0,67.53333333333333,注入领浆,0.0,0.0,0.0,0.0,0.0,0.0,0.0,0.0,0.0,0.0,0.0,1.0
4056.0,67.6,注入领浆,0.0,0.0,0.0,0.0,0.0,0.0,0.0,0.0,0.0,0.0,0.0,1.0
4060.0,67.66666666666667,注入领浆,0.0,0.0,0.0,0.0,0.0,0.0,0.0,0.0,0.0,0.0,0.0,1.0
4064.0,67.73333333333333,注入领浆,0.0,0.0,0.0,0.0,0.0,0.0,0.0,0.0,0.0,0.0,0.0,1.0
4068.0,67.8,注入领浆,0.0,0.0,0.0,0.0,0.0,0.0,0.0,0.0,0.0,0.0,0.0,1.0
4072.0,67.86666666666666,注入领浆,0.0,0.0,0.0,0.0,0.0,0.0,0.0,0.0,0.0,0.0,0.0,1.0
4076.0,67.93333333333334,注入领浆,0.0,0.0,0.0,0.0,0.0,0.0,0.0,0.0,0.0,0.0,0.0,1.0
4080.0,68.0,注入领浆,0.0,0.0,0.0,0.0,0.0,0.0,0.0,0.0,0.0,0.0,0.0,1.0
4084.0,68.06666666666666,注入领浆,0.0,0.0,0.0,0.0,0.0,0.0,0.0,0.0,0.0,0.0,0.0,1.0
4088.0,68.13333333333334,注入领浆,0.0,0.0,0.0,0.0,0.0,0.0,0.0,0.0,0.0,0.0,0.0,1.0
4092.0,68.2,注入领浆,0.0,0.0,0.0,0.0,0.0,0.0,0.0,0.0,0.0,0.0,0.0,1.0
4096.0,68.26666666666667,注入领浆,0.0,0.0,0.0,0.0,0.0,0.0,0.0,0.0,0.0,0.0,0.0,1.0
4100.0,68.33333333333333,注入领浆,0.0,0.0,0.0,0.0,0.0,0.0,0.0,0.0,0.0,0.0,0.0,1.0
4104.0,68.4,注入领浆,0.0,0.0,0.0,0.0,0.0,0.0,0.0,0.0,0.0,0.0,0.0,1.0
4108.0,68.46666666666667,注入领浆,0.0,0.0,0.0,0.0,0.0,0.0,0.0,0.0,0.0,0.0,0.0,1.0
4112.0,68.53333333333333,注入领浆,0.0,0.0,0.0,0.0,0.0,0.0,0.0,0.0,0.0,0.0,0.0,1.0
4116.0,68.6,注入领浆,0.0,0.0,0.0,0.0,0.0,0.0,0.0,0.0,0.0,0.0,0.0,1.0
4120.0,68.66666666666667,注入领浆,0.0,0.0,0.0,0.0,0.0,0.0,0.0,0.0,0.0,0.0,0.0,1.0
4124.0,68.73333333333333,注入领浆,0.0,0.0,0.0,0.0,0.0,0.0,0.0,0.0,0.0,0.0,0.0,1.0
4128.0,68.8,注入领浆,0.0,0.0,0.0,0.0,0.0,0.0,0.0,0.0,0.0,0.0,0.0,1.0
4132.0,68.86666666666666,注入领浆,0.0,0.0,0.0,0.0,0.0,0.0,0.0,0.0,0.0,0.0,0.0,1.0
4136.0,68.93333333333334,注入领浆,0.0,0.0,0.0,0.0,0.0,0.0,0.0,0.0,0.0,0.0,0.0,1.0
4140.0,69.0,注入领浆,0.0,0.0,0.0,0.0,0.0,0.0,0.0,0.0,0.0,0.0,0.0,1.0
4144.0,69.06666666666666,注入领浆,0.0,0.0,0.0,0.0,0.0,0.0,0.0,0.0,0.0,0.0,0.0,1.0
4148.0,69.13333333333334,注入领浆,0.0,0.0,0.0,0.0,0.0,0.0,0.0,0.0,0.0,0.0,0.0,1.0
4152.0,69.2,注入领浆,0.0,0.0,0.0,0.0,0.0,0.0,0.0,0.0,0.0,0.0,0.0,1.0
4156.0,69.26666666666667,注入领浆,0.0,0.0,0.0,0.0,0.0,0.0,0.0,0.0,0.0,0.0,0.0,0.99245
4160.0,69.33333333333333,注入领浆,0.0,0.0,0.0,0.0,0.0,0.0,0.0,0.0,0.0,0.0,0.0,0.986849941356986
4164.0,69.4,注入领浆,0.0,0.0,0.0,0.0,0.0,0.0,0.0,0.0,0.0,0.0,0.0,0.9816594239526072
4168.0,69.46666666666667,注入领浆,0.0,0.0,0.0,0.0,0.0,0.0,0.0,0.0,0.0,0.0,0.0,0.9767062472237292
4172.0,69.53333333333333,注入领浆,0.0,0.0,0.0,0.0,0.0,0.0,0.0,0.0,0.0,0.0,0.0,0.971639662823606
4176.0,69.6,注入领浆,0.0,0.0,0.0,0.0,0.0,0.0,0.0,0.0,0.0,0.0,0.0,0.9665879695647418
4180.0,69.66666666666667,注入领浆,0.0,0.0,0.0,0.0,0.0,0.0,0.0,0.0,0.0,0.0,0.0,0.9615769191062089
4184.0,69.73333333333333,注入领浆,0.0,0.0,0.0,0.0,0.0,0.0,0.0,0.0,0.0,0.0,0.0,0.9564588574645868
4188.0,69.8,注入领浆,0.0,0.0,0.0,0.0,0.0,0.0,0.0,0.0,0.0,0.0,0.0,0.9513593136105221
4192.0,69.86666666666666,注入领浆,0.0,0.0,0.0,0.0,0.0,0.0,0.0,0.0,0.0,0.0,0.0,0.9463872445707074
4196.0,69.93333333333334,注入领浆,0.0,0.0,0.0,0.0,0.0,0.0,0.0,0.0,0.0,0.0,0.0,0.9413753897025777
4200.0,70.0,注入领浆,0.0,0.0,0.0,0.0,0.0,0.0,0.0,0.0,0.0,0.0,0.0,0.9363530105149023
4204.0,70.06666666666666,注入领浆,0.0,0.0,0.0,0.0,0.0,0.0,0.0,0.0,0.0,0.0,0.0,0.9313550884685821
4208.0,70.13333333333334,注入领浆,0.0,0.0,0.0,0.0,0.0,0.0,0.0,0.0,0.0,0.0,0.0,0.9263928232091808
4212.0,70.2,注入领浆,0.0,0.0,0.0,0.0,0.0,0.0,0.0,0.0,0.0,0.0,0.0,0.9213064308334268
4216.0,70.26666666666667,注入领浆,0.0,0.0,0.0,0.0,0.0,0.0,0.0,0.0,0.0,0.0,0.0,0.9165162383953626
4220.0,70.33333333333333,注入领浆,0.0,0.0,0.0,0.0,0.0,0.0,0.0,0.0,0.0,0.0,0.0,0.9117133650996897
4224.0,70.4,注入领浆,0.0,0.0,0.0,0.0,0.0,0.0,0.0,0.0,0.0,0.0,0.0,0.9071985499677324
4228.0,70.46666666666667,注入领浆,0.0,0.0,0.0,0.0,0.0,0.0,0.0,0.0,0.0,0.0,0.0,0.9027939322912861
4232.0,70.53333333333333,注入领浆,0.0,0.0,0.0,0.0,0.0,0.0,0.0,0.0,0.0,0.0,0.0,0.8986093387577931
4236.0,70.6,注入领浆,0.0,0.0,0.0,0.0,0.0,0.0,0.0,0.0,0.0,0.0,0.0,0.8943111937607274
4240.0,70.66666666666667,注入领浆,0.0,0.0,0.0,0.0,0.0,0.0,0.0,0.0,0.0,0.0,0.0,0.8900442619206133
4244.0,70.73333333333333,注入领浆,0.0,0.0,0.0,0.0,0.0,0.0,0.0,0.0,0.0,0.0,0.0,0.8860126318553326
4248.0,70.8,注入领浆,0.0,0.0,0.0,0.0,0.0,0.0,0.0,0.0,0.0,0.0,0.0,0.8815623877216165
4252.0,70.86666666666666,注入领浆,0.0,0.0,0.0,0.0,0.0,0.0,0.0,0.0,0.0,0.0,0.0,0.87785171274097
4256.0,70.93333333333334,注入领浆,0.0,0.0,0.0,0.0,0.0,0.0,0.0,0.0,0.0,0.0,0.0,0.8742021779156363
4260.0,71.0,注入领浆,0.0,0.0,0.0,0.0,0.0,0.0,0.0,0.0,0.0,0.0,0.0,0.8704518663988476
4264.0,71.06666666666666,注入领浆,0.0,0.0,0.0,0.0,0.0,0.0,0.0,0.0,0.0,0.0,0.0,0.8662540817637405
4268.0,71.13333333333334,注入领浆,0.0,0.0,0.0,0.0,0.0,0.0,0.0,0.0,0.0,0.0,0.0,0.8627822813806315
4272.0,71.2,注入领浆,0.0,0.0,0.0,0.0,0.0,0.0,0.0,0.0,0.0,0.0,0.0,0.8588970904280347
4276.0,71.26666666666667,注入领浆,0.0,0.0,0.0,0.0,0.0,0.0,0.0,0.0,0.0,0.0,0.0,0.8549465428559208
4280.0,71.33333333333333,注入领浆,0.0,0.0,0.0,0.0,0.0,0.0,0.0,0.0,0.0,0.0,0.0,0.8511346858060448
4284.0,71.4,注入领浆,0.0,0.0,0.0,0.0,0.0,0.0,0.0,0.0,0.0,0.0,0.0,0.8474568635660605
4288.0,71.46666666666667,注入领浆,0.0,0.0,0.0,0.0,0.0,0.0,0.0,0.0,0.0,0.0,0.0,0.8437896957106945
4292.0,71.53333333333333,注入领浆,0.0,0.0,0.0,0.0,0.0,0.0,0.0,0.0,0.0,0.0,0.0,0.8398242656249626
4296.0,71.6,注入领浆,0.0,0.0,0.0,0.0,0.0,0.0,0.0,0.0,0.0,0.0,0.0,0.8358010970541815
4300.0,71.66666666666667,注入领浆,0.0,0.0,0.0,0.0,0.0,0.0,0.0,0.0,0.0,0.0,0.0,0.8325752907239315
4304.0,71.73333333333333,注入领浆,0.0,0.0,0.0,0.0,0.0,0.0,0.0,0.0,0.0,0.0,0.0,0.8284390890046234
4308.0,71.8,注入领浆,0.0,0.0,0.0,0.0,0.0,0.0,0.0,0.0,0.0,0.0,0.0,0.8247429260322661
4312.0,71.86666666666666,注入领浆,0.0,0.0,0.0,0.0,0.0,0.0,0.0,0.0,0.0,0.0,0.0,0.8208481633039868
4316.0,71.93333333333334,注入领浆,0.0,0.0,0.0,0.0,0.0,0.0,0.0,0.0,0.0,0.0,0.0,0.8173848967278567
4320.0,72.0,注入领浆,0.0,0.0,0.0,0.0,0.0,0.0,0.0,0.0,0.0,0.0,0.0,0.8136836277582109
4324.0,72.06666666666666,注入领浆,0.0,0.0,0.0,0.0,0.0,0.0,0.0,0.0,0.0,0.0,0.0,0.8096862138459906
4328.0,72.13333333333334,注入领浆,0.0,0.0,0.0,0.0,0.0,0.0,0.0,0.0,0.0,0.0,0.0,0.8062755599238495
4332.0,72.2,注入领浆,0.0,0.0,0.0,0.0,0.0,0.0,0.0,0.0,0.0,0.0,0.0,0.8025725563918038
4336.0,72.26666666666667,注入领浆,0.0,0.0,0.0,0.0,0.0,0.0,0.0,0.0,0.0,0.0,0.0,0.7989858227759624
4340.0,72.33333333333333,注入领浆,0.0,0.0,0.0,0.0,0.0,0.0,0.0,0.0,0.0,0.0,0.0,0.7951786684852746
4344.0,72.4,注入领浆,0.0,0.0,0.0,0.0,0.0,0.0,0.0,0.0,0.0,0.0,0.0,0.791411305264956
4348.0,72.46666666666667,注入领浆,0.0,0.0,0.0,0.0,0.0,0.0,0.0,0.0,0.0,0.0,0.0,0.787398220941685
4352.0,72.53333333333333,注入领浆,0.0,0.0,0.0,0.0,0.0,0.0,0.0,0.0,0.0,0.0,0.0,0.783546203794332
4356.0,72.6,注入领浆,0.0,0.0,0.0,0.0,0.0,0.0,0.0,0.0,0.0,0.0,0.0,0.778809444647574
4360.0,72.66666666666667,注入领浆,0.0,0.0,0.0,0.0,0.0,0.0,0.0,0.0,0.0,0.0,0.0,0.7748822039506662
4364.0,72.73333333333333,注入领浆,0.0,0.0,0.0,0.0,0.0,0.0,0.0,0.0,0.0,0.0,0.0,0.7706119590684581
4368.0,72.8,注入领浆,0.0,0.0,0.0,0.0,0.0,0.0,0.0,0.0,0.0,0.0,0.0,0.766354213943981
4372.0,72.86666666666666,注入领浆,0.0,0.0,0.0,0.0,0.0,0.0,0.0,0.0,0.0,0.0,0.0,0.7618560559102541
4376.0,72.93333333333334,注入领浆,0.0,0.0,0.0,0.0,0.0,0.0,0.0,0.0,0.0,0.0,0.0,0.7576392237660687
4380.0,73.0,注入领浆,0.0,0.0,0.0,0.0,0.0,0.0,0.0,0.0,0.0,0.0,0.0,0.7535805575606953
4384.0,73.06666666666666,注入领浆,0.0,0.0,0.0,0.0,0.0,0.0,0.0,0.0,0.0,0.0,0.0,0.7489332482174138
4388.0,73.13333333333334,注入领浆,0.0,0.0,0.0,0.0,0.0,0.0,0.0,0.0,0.0,0.0,0.0,0.7455368553761431
4392.0,73.2,注入领浆,0.0,0.0,0.0,0.0,0.0,0.0,0.0,0.0,0.0,0.0,0.0,0.7405632573371295
4396.0,73.26666666666667,注入领浆,0.0,0.0,0.0,0.0,0.0,0.0,0.0,0.0,0.0,0.0,0.0,0.7370275341352445
4400.0,73.33333333333333,注入领浆,0.0,0.0,0.0,0.0,0.0,0.0,0.0,0.0,0.0,0.0,0.0,0.7322041761748549
4404.0,73.4,注入领浆,0.0,0.0,0.0,0.0,0.0,0.0,0.0,0.0,0.0,0.0,0.0,0.7283609786418852
4408.0,73.46666666666667,注入领浆,0.0,0.0,0.0,0.0,0.0,0.0,0.0,0.0,0.0,0.0,0.0,0.7240889398773449
4412.0,73.53333333333333,注入领浆,0.0,0.0,0.0,0.0,0.0,0.0,0.0,0.0,0.0,0.0,0.0,0.7191634425462731
4416.0,73.6,注入领浆,0.0,0.0,0.0,0.0,0.0,0.0,0.0,0.0,0.0,0.0,0.0,0.7147023201640056
4420.0,73.66666666666667,注入领浆,0.0,0.0,0.0,0.0,0.0,0.0,0.0,0.0,0.0,0.0,0.0,0.709455835727849
4424.0,73.73333333333333,注入领浆,0.0,0.0,0.0,0.0,0.0,0.0,0.0,0.0,0.0,0.0,0.0,0.7056724091695343
4428.0,73.8,注入领浆,0.0,0.0,0.0,0.0,0.0,0.0,0.0,0.0,0.0,0.0,0.0,0.701367433328293
4432.0,73.86666666666666,注入领浆,0.0,0.0,0.0,0.0,0.0,0.0,0.0,0.0,0.0,0.0,0.0,0.6967016324364204
4436.0,73.93333333333334,注入领浆,0.0,0.0,0.0,0.0,0.0,0.0,0.0,0.0,0.0,0.0,0.0,0.6934649648293578
4440.0,74.0,注入领浆,0.0,0.0,0.0,0.0,0.0,0.0,0.0,0.0,0.0,0.0,0.0,0.6890338029358116
4444.0,74.06666666666666,注入领浆,0.0,0.0,0.0,0.0,0.0,0.0,0.0,0.0,0.0,0.0,0.0,0.6841142490415487
4448.0,74.13333333333334,注入领浆,0.0,0.0,0.0,0.0,0.0,0.0,0.0,0.0,0.0,0.0,0.0,0.6798896396008725
4452.0,74.2,注入领浆,0.0,0.0,0.0,0.0,0.0,0.0,0.0,0.0,0.0,0.0,0.0,0.6752764071098738
4456.0,74.26666666666667,注入领浆,0.0,0.0,0.0,0.0,0.0,0.0,0.0,0.0,0.0,0.0,0.0,0.670620425178287
4460.0,74.33333333333333,注入领浆,0.0,0.0,0.0,0.0,0.0,0.0,0.0,0.0,0.0,0.0,0.0,0.6646664348098525
4464.0,74.4,注入领浆,0.0,0.0,0.0,0.0,0.0,0.0,0.0,0.0,0.0,0.0,0.0,0.661221703839135
4468.0,74.46666666666667,注入领浆,0.0,0.0,0.0,0.0,0.0,0.0,0.0,0.0,0.0,0.0,0.0,0.6559102830107731
4472.0,74.53333333333333,注入领浆,0.0,0.0,0.0,0.0,0.0,0.0,0.0,0.0,0.0,0.0,0.0,0.652317604581356
4476.0,74.6,注入领浆,0.0,0.0,0.0,0.0,0.0,0.0,0.0,0.0,0.0,0.0,0.0,0.6464209392714032
4480.0,74.66666666666667,注入领浆,0.0,0.0,0.0,0.0,0.0,0.0,0.0,0.0,0.0,0.0,0.0,0.6430529880751313
4484.0,74.73333333333333,注入领浆,0.0,0.0,0.0,0.0,0.0,0.0,0.0,0.0,0.0,0.0,0.0,0.6376386775283632
4488.0,74.8,注入领浆,0.0,0.0,0.0,0.0,0.0,0.0,0.0,0.0,0.0,0.0,0.0,0.6337014313059163
4492.0,74.86666666666666,注入领浆,0.0,0.0,0.0,0.0,0.0,0.0,0.0,0.0,0.0,0.0,0.0,0.6283733047946499
4496.0,74.93333333333334,注入领浆,0.0,0.0,0.0,0.0,0.0,0.0,0.0,0.0,0.0,0.0,0.0,0.6207378883207295
4500.0,75.0,注入领浆,0.0,0.0,0.0,0.0,0.0,0.0,0.0,0.0,0.0,0.0,0.0,0.610726087484319
4504.0,75.06666666666666,注入领浆,0.0,0.0,0.0,0.0,0.0,0.0,0.0,0.0,0.0,0.0,0.0,0.5972513536695203
4508.0,75.13333333333334,注入领浆,0.0,0.0,0.0,0.0,0.0,0.0,0.0,0.0,0.0,0.0,0.0,0.5805196504426032
4512.0,75.2,注入领浆,0.0,0.0,0.0,0.0,0.0,0.0,0.0,0.0,0.0,0.0,0.0,0.5676786263116567
4516.0,75.26666666666667,注入领浆,0.0,0.0,0.0,0.0,0.0,0.0,0.0,0.0,0.0,0.0,0.0,0.5641398812434909
4520.0,75.33333333333333,注入领浆,0.0,0.0,0.0,0.0,0.0,0.0,0.0,0.0,0.0,0.0,0.0,0.5627640336751303
4524.0,75.4,注入领浆,0.0,0.0,0.0,0.0,0.0,0.0,0.0,0.0,0.0,0.0,0.0,0.5609377785636794
4528.0,75.46666666666667,注入领浆,0.0,0.0,0.0,0.0,0.0,0.0,0.0,0.0,0.0,0.0,0.0,0.560267498505047
4532.0,75.53333333333333,注入领浆,0.0,0.0,0.0,0.0,0.0,0.0,0.0,0.0,0.0,0.0,0.0,0.5595399987338293
4536.0,75.6,注入领浆,0.0,0.0,0.0,0.0,0.0,0.0,0.0,0.0,0.0,0.0,0.0,0.559077432070573
4540.0,75.66666666666667,注入领浆,0.0,0.0,0.0,0.0,0.0,0.0,0.0,0.0,0.0,0.0,0.0,0.5583760818996673
4544.0,75.73333333333333,注入领浆,0.0,0.0,0.0,0.0,0.0,0.0,0.0,0.0,0.0,0.0,0.0,0.5578997433912322
4548.0,75.8,注入领浆,0.0,0.0,0.0,0.0,0.0,0.0,0.0,0.0,0.0,0.0,0.0,0.5565188443821267
4552.0,75.86666666666666,注入领浆,0.0,0.0,0.0,0.0,0.0,0.0,0.0,0.0,0.0,0.0,0.0,0.5586423749884103
4556.0,75.93333333333334,注入领浆,0.0,0.0,0.0,0.0,0.0,0.0,0.0,0.0,0.0,0.0,0.0,0.5559980455955923
4560.0,76.0,注入领浆,0.0,0.0,0.0,0.0,0.0,0.0,0.0,0.0,0.0,0.0,0.0,0.5559815203088772
4564.0,76.06666666666666,注入领浆,0.0,0.0,0.0,0.0,0.0,0.0,0.0,0.0,0.0,0.0,0.0,0.5573185340801863
4568.0,76.13333333333334,注入领浆,0.0,0.0,0.0,0.0,0.0,0.0,0.0,0.0,0.0,0.0,0.0,0.5588627858584216
4572.0,76.2,注入领浆,0.0,0.0,0.0,0.0,0.0,0.0,0.0,0.0,0.0,0.0,0.0,0.5554125435681503
4576.0,76.26666666666667,注入领浆,0.0,0.0,0.0,0.0,0.0,0.0,0.0,0.0,0.0,0.0,0.0,0.5568122510766966
4580.0,76.33333333333333,注入领浆,0.0,0.0,0.0,0.0,0.0,0.0,0.0,0.0,0.0,0.0,0.0,0.5570213011513648
4584.0,76.4,注入领浆,0.0,0.0,0.0,0.0,0.0,0.0,0.0,0.0,0.0,0.0,0.0,0.5554527413869961
4588.0,76.46666666666667,注入领浆,0.0,0.0,0.0,0.0,0.0,0.0,0.0,0.0,0.0,0.0,0.0,0.5571600563884564
4592.0,76.53333333333333,注入领浆,0.0,0.0,0.0,0.0,0.0,0.0,0.0,0.0,0.0,0.0,0.0,0.556328393836648
4596.0,76.6,注入领浆,0.0,0.0,0.0,0.0,0.0,0.0,0.0,0.0,0.0,0.0,0.0,0.5565528274495466
4600.0,76.66666666666667,注入领浆,0.0,0.0,0.0,0.0,0.0,0.0,0.0,0.0,0.0,0.0,0.0,0.5533152690478879
4604.0,76.73333333333333,注入领浆,0.0,0.0,0.0,0.0,0.0,0.0,0.0,0.0,0.0,0.0,0.0,0.5518974431984182
4608.0,76.8,注入领浆,0.0,0.0,0.0,0.0,0.0,0.0,0.0,0.0,0.0,0.0,0.0,0.5524882944244671
4612.0,76.86666666666666,注入领浆,0.0,0.0,0.0,0.0,0.0,0.0,0.0,0.0,0.0,0.0,0.0,0.5523136401294638
4616.0,76.93333333333334,注入领浆,0.0,0.0,0.0,0.0,0.0,0.0,0.0,0.0,0.0,0.0,0.0,0.5520898553678505
4620.0,77.0,注入领浆,0.0,0.0,0.0,0.0,0.0,0.0,0.0,0.0,0.0,0.0,0.0,0.5513113735627623
4624.0,77.06666666666666,注入领浆,0.0,0.0,0.0,0.0,0.0,0.0,0.0,0.0,0.0,0.0,0.0,0.5500828230985352
4628.0,77.13333333333334,注入领浆,0.0,0.0,0.0,0.0,0.0,0.0,0.0,0.0,0.0,0.0,0.0,0.5505979341937929
4632.0,77.2,注入领浆,0.0,0.0,0.0,0.0,0.0,0.0,0.0,0.0,0.0,0.0,0.0,0.5492517706163936
4636.0,77.26666666666667,注入领浆,0.0,0.0,0.0,0.0,0.0,0.0,0.0,0.0,0.0,0.0,0.0,0.5484300199762114
4640.0,77.33333333333333,注入领浆,0.0,0.0,0.0,0.0,0.0,0.0,0.0,0.0,0.0,0.0,0.0,0.5475964275494156
4644.0,77.4,注入领浆,0.0,0.0,0.0,0.0,0.0,0.0,0.0,0.0,0.0,0.0,0.0,0.5481638236999903
4648.0,77.46666666666667,注入领浆,0.0,0.0,0.0,0.0,0.0,0.0,0.0,0.0,0.0,0.0,0.0,0.5453061163274983
4652.0,77.53333333333333,注入领浆,0.0,0.0,0.0,0.0,0.0,0.0,0.0,0.0,0.0,0.0,0.0,0.546205162042159
4656.0,77.6,注入领浆,0.0,0.0,0.0,0.0,0.0,0.0,0.0,0.0,0.0,0.0,0.0,0.5451923925807446
4660.0,77.66666666666667,注入领浆,0.0,0.0,0.0,0.0,0.0,0.0,0.0,0.0,0.0,0.0,0.0,0.5451424038839436
4664.0,77.73333333333333,注入领浆,0.0,0.0,0.0,0.0,0.0,0.0,0.0,0.0,0.0,0.0,0.0,0.5449704645451903
4668.0,77.8,注入领浆,0.0,0.0,0.0,0.0,0.0,0.0,0.0,0.0,0.0,0.0,0.0,0.5454584952274607
4672.0,77.86666666666666,注入领浆,0.0,0.0,0.0,0.0,0.0,0.0,0.0,0.0,0.0,0.0,0.0,0.5402436324493103
4676.0,77.93333333333334,注入领浆,0.0,0.0,0.0,0.0,0.0,0.0,0.0,0.0,0.0,0.0,0.0,0.5432206215638927
4680.0,78.0,注入领浆,0.0,0.0,0.0,0.0,0.0,0.0,0.0,0.0,0.0,0.0,0.0,0.5431358900252903
4684.0,78.06666666666666,注入领浆,0.0,0.0,0.0,0.0,0.0,0.0,0.0,0.0,0.0,0.0,0.0,0.5408912350433478
4688.0,78.13333333333334,注入领浆,0.0,0.0,0.0,0.0,0.0,0.0,0.0,0.0,0.0,0.0,0.0,0.5411070359330372
4692.0,78.2,注入领浆,0.0,0.0,0.0,0.0,0.0,0.0,0.0,0.0,0.0,0.0,0.0,0.5412588719810745
4696.0,78.26666666666667,注入领浆,0.0,0.0,0.0,0.0,0.0,0.0,0.0,0.0,0.0,0.0,0.0,0.540042261546328
4700.0,78.33333333333333,注入领浆,0.0,0.0,0.0,0.0,0.0,0.0,0.0,0.0,0.0,0.0,0.0,0.5402012424869166
4704.0,78.4,注入领浆,0.0,0.0,0.0,0.0,0.0,0.0,0.0,0.0,0.0,0.0,0.0,0.5360058553074705
4708.0,78.46666666666667,注入领浆,0.0,0.0,0.0,0.0,0.0,0.0,0.0,0.0,0.0,0.0,0.0,0.5361535690932598
4712.0,78.53333333333333,注入领浆,0.0,0.0,0.0,0.0,0.0,0.0,0.0,0.0,0.0,0.0,0.0,0.5319229802192109
4716.0,78.6,注入领浆,0.0,0.0,0.0,0.0,0.0,0.0,0.0,0.0,0.0,0.0,0.0,0.5315780700721782
4720.0,78.66666666666667,注入领浆,0.0,0.0,0.0,0.0,0.0,0.0,0.0,0.0,0.0,0.0,0.0,0.5283961942456613
4724.0,78.73333333333333,注入领浆,0.0,0.0,0.0,0.0,0.0,0.0,0.0,0.0,0.0,0.0,0.0,0.5260753949506429
4728.0,78.8,注入领浆,0.0,0.0,0.0,0.0,0.0,0.0,0.0,0.0,0.0,0.0,0.0,0.5265134280365135
4732.0,78.86666666666666,注入领浆,0.0,0.0,0.0,0.0,0.0,0.0,0.0,0.0,0.0,0.0,0.0,0.5250539101156688
4736.0,78.93333333333334,注入领浆,0.0,0.0,0.0,0.0,0.0,0.0,0.0,0.0,0.0,0.0,0.0,0.5223629917742599
4740.0,79.0,注入领浆,0.0,0.0,0.0,0.0,0.0,0.0,0.0,0.0,0.0,0.0,0.0,0.5211517345143821
4744.0,79.06666666666666,注入领浆,0.0,0.0,0.0,0.0,0.0,0.0,0.0,0.0,0.0,0.0,0.0,0.5189054587168291
4748.0,79.13333333333334,注入领浆,0.0,0.0,0.0,0.0,0.0,0.0,0.0,0.0,0.0,0.0,0.0,0.5182488578589785
4752.0,79.2,注入领浆,0.0,0.0,0.0,0.0,0.0,0.0,0.0,0.0,0.0,0.0,0.0,0.5167210788389607
4756.0,79.26666666666667,注入领浆,0.0,0.0,0.0,0.0,0.0,0.0,0.0,0.0,0.0,0.0,0.0,0.5124014493780258
4760.0,79.33333333333333,注入领浆,0.0,0.0,0.0,0.0,0.0,0.0,0.0,0.0,0.0,0.0,0.0,0.5102666426109358
4764.0,79.4,注入领浆,0.0,0.0,0.0,0.0,0.0,0.0,0.0,0.0,0.0,0.0,0.0,0.5107056988511773
4768.0,79.46666666666667,注入领浆,0.0,0.0,0.0,0.0,0.0,0.0,0.0,0.0,0.0,0.0,0.0,0.5066436496616712
4772.0,79.53333333333333,注入领浆,0.0,0.0,0.0,0.0,0.0,0.0,0.0,0.0,0.0,0.0,0.0,0.5054944674276373
4776.0,79.6,注入领浆,0.0,0.0,0.0,0.0,0.0,0.0,0.0,0.0,0.0,0.0,0.0,0.5060342955570845
4780.0,79.66666666666667,注入领浆,0.0,0.0,0.0,0.0,0.0,0.0,0.0,0.0,0.0,0.0,0.0,0.5052116129375283
4784.0,79.73333333333333,注入领浆,0.0,0.0,0.0,0.0,0.0,0.0,0.0,0.0,0.0,0.0,0.0,0.5015358066269617
4788.0,79.8,注入领浆,0.0,0.0,0.0,0.0,0.0,0.0,0.0,0.0,0.0,0.0,0.0,0.4991238375791816
4792.0,79.86666666666666,注入领浆,0.0,0.0,0.0,0.0,0.0,0.0,0.0,0.0,0.0,0.0,0.0,0.4970228125249373
4796.0,79.93333333333334,注入领浆,0.0,0.0,0.0,0.0,0.0,0.0,0.0,0.0,0.0,0.0,0.0,0.4972989508203138
4800.0,80.0,注入领浆,0.0,0.0,0.0,0.0,0.0,0.0,0.0,0.0,0.0,0.0,0.0,0.49670484422614575
4804.0,80.06666666666666,注入领浆,0.0,0.0,0.0,0.0,0.0,0.0,0.0,0.0,0.0,0.0,0.0,0.49631480324794464
4808.0,80.13333333333334,注入领浆,0.0,0.0,0.0,0.0,0.0,0.0,0.0,0.0,0.0,0.0,0.0,0.49299832401084703
4812.0,80.2,注入领浆,0.0,0.0,0.0,0.0,0.0,0.0,0.0,0.0,0.0,0.0,0.0,0.492559891280252
4816.0,80.26666666666667,注入领浆,0.0,0.0,0.0,0.0,0.0,0.0,0.0,0.0,0.0,0.0,0.0,0.49127929291244327
4820.0,80.33333333333333,注入领浆,0.0,0.0,0.0,0.0,0.0,0.0,0.0,0.0,0.0,0.0,0.0,0.4889805732752351
4824.0,80.4,注入领浆,0.0,0.0,0.0,0.0,0.0,0.0,0.0,0.0,0.0,0.0,0.0,0.48902431350003017
4828.0,80.46666666666667,注入领浆,0.0,0.0,0.0,0.0,0.0,0.0,0.0,0.0,0.0,0.0,0.0,0.4860037758887997
4832.0,80.53333333333333,注入领浆,0.0,0.0,0.0,0.0,0.0,0.0,0.0,0.0,0.0,0.0,0.0,0.4845201428904143
4836.0,80.6,注入领浆,0.0,0.0,0.0,0.0,0.0,0.0,0.0,0.0,0.0,0.0,0.0,0.4811077139937062
4840.0,80.66666666666667,注入领浆,0.0,0.0,0.0,0.0,0.0,0.0,0.0,0.0,0.0,0.0,0.0,0.48002915951845637
4844.0,80.73333333333333,注入领浆,0.0,0.0,0.0,0.0,0.0,0.0,0.0,0.0,0.0,0.0,0.0,0.47678849084256963
4848.0,80.8,注入领浆,0.0,0.0,0.0,0.0,0.0,0.0,0.0,0.0,0.0,0.0,0.0,0.4765274184225442
4852.0,80.86666666666666,注入领浆,0.0,0.0,0.0,0.0,0.0,0.0,0.0,0.0,0.0,0.0,0.0,0.47623230726223953
4856.0,80.93333333333334,注入领浆,0.0,0.0,0.0,0.0,0.0,0.0,0.0,0.0,0.0,0.0,0.0,0.4739393223940685
4860.0,81.0,注入领浆,0.0,0.0,0.0,0.0,0.0,0.0,0.0,0.0,0.0,0.0,0.0,0.47398749224950826
4864.0,81.06666666666666,注入领浆,0.0,0.0,0.0,0.0,0.0,0.0,0.0,0.0,0.0,0.0,0.0,0.473566063219746
4868.0,81.13333333333334,注入领浆,0.0,0.0,0.0,0.0,0.0,0.0,0.0,0.0,0.0,0.0,0.0,0.4729416272415061
4872.0,81.2,注入领浆,0.0,0.0,0.0,0.0,0.0,0.0,0.0,0.0,0.0,0.0,0.0,0.47223655093367023
4876.0,81.26666666666667,注入领浆,0.0,0.0,0.0,0.0,0.0,0.0,0.0,0.0,0.0,0.0,0.0,0.4728178404755576
4880.0,81.33333333333333,注入领浆,0.0,0.0,0.0,0.0,0.0,0.0,0.0,0.0,0.0,0.0,0.0,0.46969973647171465
4884.0,81.4,注入领浆,0.0,0.0,0.0,0.0,0.0,0.0,0.0,0.0,0.0,0.0,0.0,0.4705961186329432
4888.0,81.46666666666667,注入领浆,0.0,0.0,0.0,0.0,0.0,0.0,0.0,0.0,0.0,0.0,0.0,0.4673530396174233
4892.0,81.53333333333333,注入领浆,0.0,0.0,0.0,0.0,0.0,0.0,0.0,0.0,0.0,0.0,0.0,0.4655661843106581
4896.0,81.6,注入领浆,0.0,0.0,0.0,0.0,0.0,0.0,0.0,0.0,0.0,0.0,0.0,0.4640174777635423
4900.0,81.66666666666667,注入领浆,0.0,0.0,0.0,0.0,0.0,0.0,0.0,0.0,0.0,0.0,0.0,0.46331314166276755
4904.0,81.73333333333333,注入领浆,0.0,0.0,0.0,0.0,0.0,0.0,0.0,0.0,0.0,0.0,0.0,0.4628625334209165
4908.0,81.8,注入领浆,0.0,0.0,0.0,0.0,0.0,0.0,0.0,0.0,0.0,0.0,0.0,0.46350696492807203
4912.0,81.86666666666666,注入领浆,0.0,0.0,0.0,0.0,0.0,0.0,0.0,0.0,0.0,0.0,0.0,0.4579539134194929
4916.0,81.93333333333334,注入领浆,0.0,0.0,0.0,0.0,0.0,0.0,0.0,0.0,0.0,0.0,0.0,0.45833371933318057
4920.0,82.0,注入领浆,0.0,0.0,0.0,0.0,0.0,0.0,0.0,0.0,0.0,0.0,0.0,0.4570513637028922
4924.0,82.06666666666666,注入领浆,0.0,0.0,0.0,0.0,0.0,0.0,0.0,0.0,0.0,0.0,0.0,0.4560334353039847
4928.0,82.13333333333334,注入领浆,0.0,0.0,0.0,0.0,0.0,0.0,0.0,0.0,0.0,0.0,0.0,0.45325891539850016
4932.0,82.2,注入领浆,0.0,0.0,0.0,0.0,0.0,0.0,0.0,0.0,0.0,0.0,0.0,0.4517493022657429
4936.0,82.26666666666667,注入领浆,0.0,0.0,0.0,0.0,0.0,0.0,0.0,0.0,0.0,0.0,0.0,0.45365439408278535
4940.0,82.33333333333333,注入领浆,0.0,0.0,0.0,0.0,0.0,0.0,0.0,0.0,0.0,0.0,0.0,0.4534325887264384
4944.0,82.4,注入领浆,0.0,0.0,0.0,0.0,0.0,0.0,0.0,0.0,0.0,0.0,0.0,0.45303256223134314
4948.0,82.46666666666667,注入领浆,0.0,0.0,0.0,0.0,0.0,0.0,0.0,0.0,0.0,0.0,0.0,0.455201488218586
4952.0,82.53333333333333,注入领浆,0.0,0.0,0.0,0.0,0.0,0.0,0.0,0.0,0.0,0.0,0.0,0.4529089396366258
4956.0,82.6,注入领浆,0.0,0.0,0.0,0.0,0.0,0.0,0.0,0.0,0.0,0.0,0.0,0.4515118934701609
4960.0,82.66666666666667,注入领浆,0.0,0.0,0.0,0.0,0.0,0.0,0.0,0.0,0.0,0.0,0.0,0.44977050046318356
4964.0,82.73333333333333,注入领浆,0.0,0.0,0.0,0.0,0.0,0.0,0.0,0.0,0.0,0.0,0.0,0.44999205471536696
4968.0,82.8,注入领浆,0.0,0.0,0.0,0.0,0.0,0.0,0.0,0.0,0.0,0.0,0.0,0.44687814642564105
4972.0,82.86666666666666,注入领浆,0.0,0.0,0.0,0.0,0.0,0.0,0.0,0.0,0.0,0.0,0.0,0.4468877086615563
4976.0,82.93333333333334,注入领浆,0.0,0.0,0.0,0.0,0.0,0.0,0.0,0.0,0.0,0.0,0.0,0.44420847232669264
4980.0,83.0,注入领浆,0.0,0.0,0.0,0.0,0.0,0.0,0.0,0.0,0.0,0.0,0.0,0.44511634653066895
4984.0,83.06666666666666,注入领浆,0.0,0.0,0.0,0.0,0.0,0.0,0.0,0.0,0.0,0.0,0.0,0.4414704575336789
4988.0,83.13333333333334,注入领浆,0.0,0.0,0.0,0.0,0.0,0.0,0.0,0.0,0.0,0.0,0.0,0.44272349233286007
4992.0,83.2,注入领浆,0.0,0.0,0.0,0.0,0.0,0.0,0.0,0.0,0.0,0.0,0.0,0.44402285105906775
4996.0,83.26666666666667,注入领浆,0.0,0.0,0.0,0.0,0.0,0.0,0.0,0.0,0.0,0.0,0.0,0.44183022101690184
5000.0,83.33333333333333,注入领浆,0.0,0.0,0.0,0.0,0.0,0.0,0.0,0.0,0.0,0.0,0.0,0.44209749513591895
5004.0,83.4,注入领浆,0.0,0.0,0.0,0.0,0.0,0.0,0.0,0.0,0.0,0.0,0.0,0.4407618122430429
5008.0,83.46666666666667,注入领浆,0.0,0.0,0.0,0.0,0.0,0.0,0.0,0.0,0.0,0.0,0.0,0.44093711979817307
5012.0,83.53333333333333,注入领浆,0.0,0.0,0.0,0.0,0.0,0.0,0.0,0.0,0.0,0.0,0.0,0.4395772943913441
5016.0,83.6,注入领浆,0.0,0.0,0.0,0.0,0.0,0.0,0.0,0.0,0.0,0.0,0.0,0.4380609416997389
5020.0,83.66666666666667,注入领浆,0.0,0.0,0.0,0.0,0.0,0.0,0.0,0.0,0.0,0.0,0.0,0.4401438464038739
5024.0,83.73333333333333,注入领浆,0.0,0.0,0.0,0.0,0.0,0.0,0.0,0.0,0.0,0.0,0.0,0.4352734312098273
5028.0,83.8,注入领浆,0.0,0.0,0.0,0.0,0.0,0.0,0.0,0.0,0.0,0.0,0.0,0.43615291912244536
5032.0,83.86666666666666,注入领浆,0.0,0.0,0.0,0.0,0.0,0.0,0.0,0.0,0.0,0.0,0.0,0.4356592868675325
5036.0,83.93333333333334,注入领浆,0.0,0.0,0.0,0.0,0.0,0.0,0.0,0.0,0.0,0.0,0.0,0.4343978859851163
5040.0,84.0,注入领浆,0.0,0.0,0.0,0.0,0.0,0.0,0.0,0.0,0.0,0.0,0.0,0.4342863771061673
5044.0,84.06666666666666,注入领浆,0.0,0.0,0.0,0.0,0.0,0.0,0.0,0.0,0.0,0.0,0.0,0.43456092770516536
5048.0,84.13333333333334,注入领浆,0.0,0.0,0.0,0.0,0.0,0.0,0.0,0.0,0.0,0.0,0.0,0.4356593541689274
5052.0,84.2,注入领浆,0.0,0.0,0.0,0.0,0.0,0.0,0.0,0.0,0.0,0.0,0.0,0.43298595209120794
5056.0,84.26666666666667,注入领浆,0.0,0.0,0.0,0.0,0.0,0.0,0.0,0.0,0.0,0.0,0.0,0.43273188436979
5060.0,84.33333333333333,注入领浆,0.0,0.0,0.0,0.0,0.0,0.0,0.0,0.0,0.0,0.0,0.0,0.42906681556298754
5064.0,84.4,注入领浆,0.0,0.0,0.0,0.0,0.0,0.0,0.0,0.0,0.0,0.0,0.0,0.431788992304355
5068.0,84.46666666666667,注入领浆,0.0,0.0,0.0,0.0,0.0,0.0,0.0,0.0,0.0,0.0,0.0,0.4282145450137581
5072.0,84.53333333333333,注入领浆,0.0,0.0,0.0,0.0,0.0,0.0,0.0,0.0,0.0,0.0,0.0,0.42996243868559003
5076.0,84.6,注入领浆,0.0,0.0,0.0,0.0,0.0,0.0,0.0,0.0,0.0,0.0,0.0,0.42779963041629815
5080.0,84.66666666666667,注入领浆,0.0,0.0,0.0,0.0,0.0,0.0,0.0,0.0,0.0,0.0,0.0,0.4284415076038732
5084.0,84.73333333333333,注入领浆,0.0,0.0,0.0,0.0,0.0,0.0,0.0,0.0,0.0,0.0,0.0,0.4258523179219831
5088.0,84.8,注入领浆,0.0,0.0,0.0,0.0,0.0,0.0,0.0,0.0,0.0,0.0,0.0,0.4248635217629277
5092.0,84.86666666666666,注入领浆,0.0,0.0,0.0,0.0,0.0,0.0,0.0,0.0,0.0,0.0,0.0,0.4233764788092841
5096.0,84.93333333333334,注入领浆,0.0,0.0,0.0,0.0,0.0,0.0,0.0,0.0,0.0,0.0,0.0,0.4200279522595309
5100.0,85.0,注入领浆,0.0,0.0,0.0,0.0,0.0,0.0,0.0,0.0,0.0,0.0,0.0,0.4209122883870113
5104.0,85.06666666666666,注入领浆,0.0,0.0,0.0,0.0,0.0,0.0,0.0,0.0,0.0,0.0,0.0,0.4188542890846976
5108.0,85.13333333333334,注入领浆,0.0,0.0,0.0,0.0,0.0,0.0,0.0,0.0,0.0,0.0,0.0,0.4179348606658846
5112.0,85.2,注入领浆,0.0,0.0,0.0,0.0,0.0,0.0,0.0,0.0,0.0,0.0,0.0,0.4183383214003857
5116.0,85.26666666666667,注入领浆,0.0,0.0,0.0,0.0,0.0,0.0,0.0,0.0,0.0,0.0,0.0,0.4184007458593282
5120.0,85.33333333333333,注入领浆,0.0,0.0,0.0,0.0,0.0,0.0,0.0,0.0,0.0,0.0,0.0,0.4175748732623593
5124.0,85.4,注入领浆,0.0,0.0,0.0,0.0,0.0,0.0,0.0,0.0,0.0,0.0,0.0,0.41733855846107615
5128.0,85.46666666666667,注入领浆,0.0,0.0,0.0,0.0,0.0,0.0,0.0,0.0,0.0,0.0,0.0,0.41653831353854587
5132.0,85.53333333333333,注入领浆,0.0,0.0,0.0,0.0,0.0,0.0,0.0,0.0,0.0,0.0,0.0,0.41672268474278046
5136.0,85.6,注入领浆,0.0,0.0,0.0,0.0,0.0,0.0,0.0,0.0,0.0,0.0,0.0,0.4154038914302584
5140.0,85.66666666666667,注入领浆,0.0,0.0,0.0,0.0,0.0,0.0,0.0,0.0,0.0,0.0,0.0,0.4148225904917361
5144.0,85.73333333333333,注入领浆,0.0,0.0,0.0,0.0,0.0,0.0,0.0,0.0,0.0,0.0,0.0,0.4136560244349501
5148.0,85.8,注入领浆,0.0,0.0,0.0,0.0,0.0,0.0,0.0,0.0,0.0,0.0,0.0,0.41369982350138224
5152.0,85.86666666666666,注入领浆,0.0,0.0,0.0,0.0,0.0,0.0,0.0,0.0,0.0,0.0,0.0,0.411027277789999
5156.0,85.93333333333334,注入领浆,0.0,0.0,0.0,0.0,0.0,0.0,0.0,0.0,0.0,0.0,0.0,0.4097572340890685
5160.0,86.0,注入领浆,0.0,0.0,0.0,0.0,0.0,0.0,0.0,0.0,0.0,0.0,0.0,0.40960942680719026
5164.0,86.06666666666666,注入领浆,0.0,0.0,0.0,0.0,0.0,0.0,0.0,0.0,0.0,0.0,0.0,0.4070555838845065
5168.0,86.13333333333334,注入领浆,0.0,0.0,0.0,0.0,0.0,0.0,0.0,0.0,0.0,0.0,0.0,0.4078218354897744
5172.0,86.2,注入领浆,0.0,0.0,0.0,0.0,0.0,0.0,0.0,0.0,0.0,0.0,0.0,0.40459846705831365
5176.0,86.26666666666667,注入领浆,0.0,0.0,0.0,0.0,0.0,0.0,0.0,0.0,0.0,0.0,0.0,0.4059181659873698
5180.0,86.33333333333333,注入领浆,0.0,0.0,0.0,0.0,0.0,0.0,0.0,0.0,0.0,0.0,0.0,0.40266564097651053
5184.0,86.4,注入领浆,0.0,0.0,0.0,0.0,0.0,0.0,0.0,0.0,0.0,0.0,0.0,0.4021369407072878
5188.0,86.46666666666667,注入领浆,0.0,0.0,0.0,0.0,0.0,0.0,0.0,0.0,0.0,0.0,0.0,0.4022938223833105
5192.0,86.53333333333333,注入领浆,0.0,0.0,0.0,0.0,0.0,0.0,0.0,0.0,0.0,0.0,0.0,0.40317814248989237
5196.0,86.6,注入领浆,0.0,0.0,0.0,0.0,0.0,0.0,0.0,0.0,0.0,0.0,0.0,0.40051036351023844
5200.0,86.66666666666667,注入领浆,0.0,0.0,0.0,0.0,0.0,0.0,0.0,0.0,0.0,0.0,0.0,0.39993371623466845
5204.0,86.73333333333333,注入领浆,0.0,0.0,0.0,0.0,0.0,0.0,0.0,0.0,0.0,0.0,0.0,0.4009935273136919
5208.0,86.8,注入领浆,0.0,0.0,0.0,0.0,0.0,0.0,0.0,0.0,0.0,0.0,0.0,0.39876816902260126
5212.0,86.86666666666666,注入领浆,0.0,0.0,0.0,0.0,0.0,0.0,0.0,0.0,0.0,0.0,0.0,0.3994149225202946
5216.0,86.93333333333334,注入领浆,0.0,0.0,0.0,0.0,0.0,0.0,0.0,0.0,0.0,0.0,0.0,0.397766789839607
5220.0,87.0,注入领浆,0.0,0.0,0.0,0.0,0.0,0.0,0.0,0.0,0.0,0.0,0.0,0.3975553529149098
5224.0,87.06666666666666,注入领浆,0.0,0.0,0.0,0.0,0.0,0.0,0.0,0.0,0.0,0.0,0.0,0.39350792006590746
5228.0,87.13333333333334,注入领浆,0.0,0.0,0.0,0.0,0.0,0.0,0.0,0.0,0.0,0.0,0.0,0.39300814024033964
5232.0,87.2,注入领浆,0.0,0.0,0.0,0.0,0.0,0.0,0.0,0.0,0.0,0.0,0.0,0.392697938610695
5236.0,87.26666666666667,注入领浆,0.0,0.0,0.0,0.0,0.0,0.0,0.0,0.0,0.0,0.0,0.0,0.3915777354951147
5240.0,87.33333333333333,注入领浆,0.0,0.0,0.0,0.0,0.0,0.0,0.0,0.0,0.0,0.0,0.0,0.3928745614283476
5244.0,87.4,注入领浆,0.0,0.0,0.0,0.0,0.0,0.0,0.0,0.0,0.0,0.0,0.0,0.3938362071130531
5248.0,87.46666666666667,注入领浆,0.0,0.0,0.0,0.0,0.0,0.0,0.0,0.0,0.0,0.0,0.0,0.39167945465174303
5252.0,87.53333333333333,注入领浆,0.0,0.0,0.0,0.0,0.0,0.0,0.0,0.0,0.0,0.0,0.0,0.3904979861529934
5256.0,87.6,注入领浆,0.0,0.0,0.0,0.0,0.0,0.0,0.0,0.0,0.0,0.0,0.0,0.3920706575014029
5260.0,87.66666666666667,注入领浆,0.0,0.0,0.0,0.0,0.0,0.0,0.0,0.0,0.0,0.0,0.0,0.3900506745457995
5264.0,87.73333333333333,注入领浆,0.0,0.0,0.0,0.0,0.0,0.0,0.0,0.0,0.0,0.0,0.0,0.3905457766712322
5268.0,87.8,注入领浆,0.0,0.0,0.0,0.0,0.0,0.0,0.0,0.0,0.0,0.0,0.0,0.3880249573727345
5272.0,87.86666666666666,注入领浆,0.0,0.0,0.0,0.0,0.0,0.0,0.0,0.0,0.0,0.0,0.0,0.3891764922721056
5276.0,87.93333333333334,注入领浆,0.0,0.0,0.0,0.0,0.0,0.0,0.0,0.0,0.0,0.0,0.0,0.38588454428849134
5280.0,88.0,注入领浆,0.0,0.0,0.0,0.0,0.0,0.0,0.0,0.0,0.0,0.0,0.0,0.38770849379600775
5284.0,88.06666666666666,注入领浆,0.0,0.0,0.0,0.0,0.0,0.0,0.0,0.0,0.0,0.0,0.0,0.38558549613691123
5288.0,88.13333333333334,注入领浆,0.0,0.0,0.0,0.0,0.0,0.0,0.0,0.0,0.0,0.0,0.0,0.3846120401733068
5292.0,88.2,注入领浆,0.0,0.0,0.0,0.0,0.0,0.0,0.0,0.0,0.0,0.0,0.0,0.38442994525687446
5296.0,88.26666666666667,注入领浆,0.0,0.0,0.0,0.0,0.0,0.0,0.0,0.0,0.0,0.0,0.0,0.3804177761126259
5300.0,88.33333333333333,注入领浆,0.0,0.0,0.0,0.0,0.0,0.0,0.0,0.0,0.0,0.0,0.0,0.38249519764673545
5304.0,88.4,注入领浆,0.0,0.0,0.0,0.0,0.0,0.0,0.0,0.0,0.0,0.0,0.0,0.3807078894540887
5308.0,88.46666666666667,注入领浆,0.0,0.0,0.0,0.0,0.0,0.0,0.0,0.0,0.0,0.0,0.0,0.38085080454783765
5312.0,88.53333333333333,注入领浆,0.0,0.0,0.0,0.0,0.0,0.0,0.0,0.0,0.0,0.0,0.0,0.38091526258578623
5316.0,88.6,注入领浆,0.0,0.0,0.0,0.0,0.0,0.0,0.0,0.0,0.0,0.0,0.0,0.3777971546671577
5320.0,88.66666666666667,注入领浆,0.0,0.0,0.0,0.0,0.0,0.0,0.0,0.0,0.0,0.0,0.0,0.3750385818743265
5324.0,88.73333333333333,注入领浆,0.0,0.0,0.0,0.0,0.0,0.0,0.0,0.0,0.0,0.0,0.0,0.37555278844625034
5328.0,88.8,注入领浆,0.0,0.0,0.0,0.0,0.0,0.0,0.0,0.0,0.0,0.0,0.0,0.3730370805355161
5332.0,88.86666666666666,注入领浆,0.0,0.0,0.0,0.0,0.0,0.0,0.0,0.0,0.0,0.0,0.0,0.3731239689637955
5336.0,88.93333333333334,注入领浆,0.0,0.0,0.0,0.0,0.0,0.0,0.0,0.0,0.0,0.0,0.0,0.37546531836767616
5340.0,89.0,注入领浆,0.0,0.0,0.0,0.0,0.0,0.0,0.0,0.0,0.0,0.0,0.0,0.3736625527191651
5344.0,89.06666666666666,注入领浆,0.0,0.0,0.0,0.0,0.0,0.0,0.0,0.0,0.0,0.0,0.0,0.37156373756004163
5348.0,89.13333333333334,注入领浆,0.0,0.0,0.0,0.0,0.0,0.0,0.0,0.0,0.0,0.0,0.0,0.37248091117254634
5352.0,89.2,注入领浆,0.0,0.0,0.0,0.0,0.0,0.0,0.0,0.0,0.0,0.0,0.0,0.3701419520553135
5356.0,89.26666666666667,注入领浆,0.0,0.0,0.0,0.0,0.0,0.0,0.0,0.0,0.0,0.0,0.0,0.3704231191476606
5360.0,89.33333333333333,注入领浆,0.0,0.0,0.0,0.0,0.0,0.0,0.0,0.0,0.0,0.0,0.0,0.3683742194511243
5364.0,89.4,注入领浆,0.0,0.0,0.0,0.0,0.0,0.0,0.0,0.0,0.0,0.0,0.0,0.3660924628833472
5368.0,89.46666666666667,注入领浆,0.0,0.0,0.0,0.0,0.0,0.0,0.0,0.0,0.0,0.0,0.0,0.3648013217988599
5372.0,89.53333333333333,注入领浆,0.0,0.0,0.0,0.0,0.0,0.0,0.0,0.0,0.0,0.0,0.0,0.36229858535564946
5376.0,89.6,注入领浆,0.0,0.0,0.0,0.0,0.0,0.0,0.0,0.0,0.0,0.0,0.0,0.36341815354291634
5380.0,89.66666666666667,注入领浆,0.0,0.0,0.0,0.0,0.0,0.0,0.0,0.0,0.0,0.0,0.0,0.362542449076198
5384.0,89.73333333333333,注入领浆,0.0,0.0,0.0,0.0,0.0,0.0,0.0,0.0,0.0,0.0,0.0,0.36211770183659253
5388.0,89.8,注入领浆,0.0,0.0,0.0,0.0,0.0,0.0,0.0,0.0,0.0,0.0,0.0,0.3628403572140595
5392.0,89.86666666666666,注入领浆,0.0,0.0,0.0,0.0,0.0,0.0,0.0,0.0,0.0,0.0,0.0,0.36022948344365874
5396.0,89.93333333333334,注入领浆,0.0,0.0,0.0,0.0,0.0,0.0,0.0,0.0,0.0,0.0,0.0,0.35823324266480844
5400.0,90.0,注入领浆,0.0,0.0,0.0,0.0,0.0,0.0,0.0,0.0,0.0,0.0,0.0,0.3591893619865014
5404.0,90.06666666666666,注入领浆,0.0,0.0,0.0,0.0,0.0,0.0,0.0,0.0,0.0,0.0,0.0,0.35798039766934586
5408.0,90.13333333333334,注入领浆,0.0,0.0,0.0,0.0,0.0,0.0,0.0,0.0,0.0,0.0,0.0,0.359336966585505
5412.0,90.2,注入领浆,0.0,0.0,0.0,0.0,0.0,0.0,0.0,0.0,0.0,0.0,0.0,0.35876760165016525
5416.0,90.26666666666667,注入领浆,0.0,0.0,0.0,0.0,0.0,0.0,0.0,0.0,0.0,0.0,0.0,0.357930694783287
5420.0,90.33333333333333,注入领浆,0.0,0.0,0.0,0.0,0.0,0.0,0.0,0.0,0.0,0.0,0.0,0.35519676643796727
5424.0,90.4,注入领浆,0.0,0.0,0.0,0.0,0.0,0.0,0.0,0.0,0.0,0.0,0.0,0.35608251036241056
5428.0,90.46666666666667,注入领浆,0.0,0.0,0.0,0.0,0.0,0.0,0.0,0.0,0.0,0.0,0.0,0.3545735501617545
5432.0,90.53333333333333,注入领浆,0.0,0.0,0.0,0.0,0.0,0.0,0.0,0.0,0.0,0.0,0.0,0.3550197959828717
5436.0,90.6,注入领浆,0.0,0.0,0.0,0.0,0.0,0.0,0.0,0.0,0.0,0.0,0.0,0.35470923821209704
5440.0,90.66666666666667,注入领浆,0.0,0.0,0.0,0.0,0.0,0.0,0.0,0.0,0.0,0.0,0.0,0.3541557629521393
5444.0,90.73333333333333,注入领浆,0.0,0.0,0.0,0.0,0.0,0.0,0.0,0.0,0.0,0.0,0.0,0.3514686672531882
5448.0,90.8,注入领浆,0.0,0.0,0.0,0.0,0.0,0.0,0.0,0.0,0.0,0.0,0.0,0.35052950122153753
5452.0,90.86666666666666,注入领浆,0.0,0.0,0.0,0.0,0.0,0.0,0.0,0.0,0.0,0.0,0.0,0.3520774790195425
5456.0,90.93333333333334,注入领浆,0.0,0.0,0.0,0.0,0.0,0.0,0.0,0.0,0.0,0.0,0.0,0.35104086505374027
5460.0,91.0,注入领浆,0.0,0.0,0.0,0.0,0.0,0.0,0.0,0.0,0.0,0.0,0.0,0.3495540520914986
5464.0,91.06666666666666,注入领浆,0.0,0.0,0.0,0.0,0.0,0.0,0.0,0.0,0.0,0.0,0.0,0.34927771786560335
5468.0,91.13333333333334,注入领浆,0.0,0.0,0.0,0.0,0.0,0.0,0.0,0.0,0.0,0.0,0.0,0.3481136008243904
5472.0,91.2,注入领浆,0.0,0.0,0.0,0.0,0.0,0.0,0.0,0.0,0.0,0.0,0.0,0.34728320392953255
5476.0,91.26666666666667,注入领浆,0.0,0.0,0.0,0.0,0.0,0.0,0.0,0.0,0.0,0.0,0.0,0.3476126806076452
5480.0,91.33333333333333,注入领浆,0.0,0.0,0.0,0.0,0.0,0.0,0.0,0.0,0.0,0.0,0.0,0.34649154432256607
5484.0,91.4,注入领浆,0.0,0.0,0.0,0.0,0.0,0.0,0.0,0.0,0.0,0.0,0.0,0.34641011081857903
5488.0,91.46666666666667,注入领浆,0.0,0.0,0.0,0.0,0.0,0.0,0.0,0.0,0.0,0.0,0.0,0.34568675975763047
5492.0,91.53333333333333,注入领浆,0.0,0.0,0.0,0.0,0.0,0.0,0.0,0.0,0.0,0.0,0.0,0.3442549621511577
5496.0,91.6,注入领浆,0.0,0.0,0.0,0.0,0.0,0.0,0.0,0.0,0.0,0.0,0.0,0.344209604480719
5500.0,91.66666666666667,注入领浆,0.0,0.0,0.0,0.0,0.0,0.0,0.0,0.0,0.0,0.0,0.0,0.34347324998005035
5504.0,91.73333333333333,注入领浆,0.0,0.0,0.0,0.0,0.0,0.0,0.0,0.0,0.0,0.0,0.0,0.3423658421176695
5508.0,91.8,注入领浆,0.0,0.0,0.0,0.0,0.0,0.0,0.0,0.0,0.0,0.0,0.0,0.3402886143508583
5512.0,91.86666666666666,注入领浆,0.0,0.0,0.0,0.0,0.0,0.0,0.0,0.0,0.0,0.0,0.0,0.340310727677569
5516.0,91.93333333333334,注入领浆,0.0,0.0,0.0,0.0,0.0,0.0,0.0,0.0,0.0,0.0,0.0,0.3394386429641371
5520.0,92.0,注入领浆,0.0,0.0,0.0,0.0,0.0,0.0,0.0,0.0,0.0,0.0,0.0,0.340383914537171
5524.0,92.06666666666666,注入领浆,0.0,0.0,0.0,0.0,0.0,0.0,0.0,0.0,0.0,0.0,0.0,0.3390906332013014
5528.0,92.13333333333334,注入领浆,0.0,0.0,0.0,0.0,0.0,0.0,0.0,0.0,0.0,0.0,0.0,0.3396043995602561
5532.0,92.2,注入领浆,0.0,0.0,0.0,0.0,0.0,0.0,0.0,0.0,0.0,0.0,0.0,0.336171727984315
5536.0,92.26666666666667,注入领浆,0.0,0.0,0.0,0.0,0.0,0.0,0.0,0.0,0.0,0.0,0.0,0.33692616938104464
5540.0,92.33333333333333,注入领浆,0.0,0.0,0.0,0.0,0.0,0.0,0.0,0.0,0.0,0.0,0.0,0.336008202094449
5544.0,92.4,注入领浆,0.0,0.0,0.0,0.0,0.0,0.0,0.0,0.0,0.0,0.0,0.0,0.33570700549569665
5548.0,92.46666666666667,注入领浆,0.0,0.0,0.0,0.0,0.0,0.0,0.0,0.0,0.0,0.0,0.0,0.33352593327214
5552.0,92.53333333333333,注入领浆,0.0,0.0,0.0,0.0,0.0,0.0,0.0,0.0,0.0,0.0,0.0,0.332580776745861
5556.0,92.6,注入领浆,0.0,0.0,0.0,0.0,0.0,0.0,0.0,0.0,0.0,0.0,0.0,0.3332959078590158
5560.0,92.66666666666667,注入领浆,0.0,0.0,0.0,0.0,0.0,0.0,0.0,0.0,0.0,0.0,0.0,0.3318667422671605
5564.0,92.73333333333333,注入领浆,0.0,0.0,0.0,0.0,0.0,0.0,0.0,0.0,0.0,0.0,0.0,0.33046920306742567
5568.0,92.8,注入领浆,0.0,0.0,0.0,0.0,0.0,0.0,0.0,0.0,0.0,0.0,0.0,0.3306847603038684
5572.0,92.86666666666666,注入领浆,0.0,0.0,0.0,0.0,0.0,0.0,0.0,0.0,0.0,0.0,0.0,0.3310006345164544
5576.0,92.93333333333334,注入领浆,0.0,0.0,0.0,0.0,0.0,0.0,0.0,0.0,0.0,0.0,0.0,0.3312556710150126
5580.0,93.0,注入领浆,0.0,0.0,0.0,0.0,0.0,0.0,0.0,0.0,0.0,0.0,0.0,0.3292604009943373
5584.0,93.06666666666666,注入领浆,0.0,0.0,0.0,0.0,0.0,0.0,0.0,0.0,0.0,0.0,0.0,0.3297692022608344
5588.0,93.13333333333334,注入领浆,0.0,0.0,0.0,0.0,0.0,0.0,0.0,0.0,0.0,0.0,0.0,0.32949623949126383
5592.0,93.2,注入领浆,0.0,0.0,0.0,0.0,0.0,0.0,0.0,0.0,0.0,0.0,0.0,0.33031901909447986
5596.0,93.26666666666667,注入领浆,0.0,0.0,0.0,0.0,0.0,0.0,0.0,0.0,0.0,0.0,0.0,0.3288717102378755
5600.0,93.33333333333333,注入领浆,0.0,0.0,0.0,0.0,0.0,0.0,0.0,0.0,0.0,0.0,0.0,0.3284056264299505
5604.0,93.4,注入领浆,0.0,0.0,0.0,0.0,0.0,0.0,0.0,0.0,0.0,0.0,0.0,0.3266275551637562
5608.0,93.46666666666667,注入领浆,0.0,0.0,0.0,0.0,0.0,0.0,0.0,0.0,0.0,0.0,0.0,0.32736467619855075
5612.0,93.53333333333333,注入领浆,0.0,0.0,0.0,0.0,0.0,0.0,0.0,0.0,0.0,0.0,0.0,0.32636510842377736
5616.0,93.6,注入领浆,0.0,0.0,0.0,0.0,0.0,0.0,0.0,0.0,0.0,0.0,0.0,0.32611207134462294
5620.0,93.66666666666667,注入领浆,0.0,0.0,0.0,0.0,0.0,0.0,0.0,0.0,0.0,0.0,0.0,0.3253922240359909
5624.0,93.73333333333333,注入领浆,0.0,0.0,0.0,0.0,0.0,0.0,0.0,0.0,0.0,0.0,0.0,0.32304735255610423
5628.0,93.8,注入领浆,0.0,0.0,0.0,0.0,0.0,0.0,0.0,0.0,0.0,0.0,0.0,0.3212913662537582
5632.0,93.86666666666666,注入领浆,0.0,0.0,0.0,0.0,0.0,0.0,0.0,0.0,0.0,0.0,0.0,0.32048174927405215
5636.0,93.93333333333334,注入领浆,0.0,0.0,0.0,0.0,0.0,0.0,0.0,0.0,0.0,0.0,0.0,0.31927183822739014
5640.0,94.0,注入领浆,0.0,0.0,0.0,0.0,0.0,0.0,0.0,0.0,0.0,0.0,0.0,0.3188892308536043
5644.0,94.06666666666666,注入领浆,0.0,0.0,0.0,0.0,0.0,0.0,0.0,0.0,0.0,0.0,0.0,0.31847892112386755
5648.0,94.13333333333334,注入领浆,0.0,0.0,0.0,0.0,0.0,0.0,0.0,0.0,0.0,0.0,0.0,0.3184635086296535
5652.0,94.2,注入领浆,0.0,0.0,0.0,0.0,0.0,0.0,0.0,0.0,0.0,0.0,0.0,0.31804426578212486
5656.0,94.26666666666667,注入领浆,0.0,0.0,0.0,0.0,0.0,0.0,0.0,0.0,0.0,0.0,0.0,0.31823487469946243
5660.0,94.33333333333333,注入领浆,0.0,0.0,0.0,0.0,0.0,0.0,0.0,0.0,0.0,0.0,0.0,0.31708996198751377
5664.0,94.4,注入领浆,0.0,0.0,0.0,0.0,0.0,0.0,0.0,0.0,0.0,0.0,0.0,0.3168570996428252
5668.0,94.46666666666667,注入领浆,0.0,0.0,0.0,0.0,0.0,0.0,0.0,0.0,0.0,0.0,0.0,0.31589671600271313
5672.0,94.53333333333333,注入领浆,0.0,0.0,0.0,0.0,0.0,0.0,0.0,0.0,0.0,0.0,0.0,0.31453233590408336
5676.0,94.6,注入领浆,0.0,0.0,0.0,0.0,0.0,0.0,0.0,0.0,0.0,0.0,0.0,0.3142331823361396
5680.0,94.66666666666667,注入领浆,0.0,0.0,0.0,0.0,0.0,0.0,0.0,0.0,0.0,0.0,0.0,0.3131887388524695
5684.0,94.73333333333333,注入领浆,0.0,0.0,0.0,0.0,0.0,0.0,0.0,0.0,0.0,0.0,0.0,0.31144773189256864
5688.0,94.8,注入领浆,0.0,0.0,0.0,0.0,0.0,0.0,0.0,0.0,0.0,0.0,0.0,0.3107863310020059
5692.0,94.86666666666666,注入领浆,0.0,0.0,0.0,0.0,0.0,0.0,0.0,0.0,0.0,0.0,0.0,0.3099780834035211
5696.0,94.93333333333334,注入领浆,0.0,0.0,0.0,0.0,0.0,0.0,0.0,0.0,0.0,0.0,0.0,0.3091378285424762
5700.0,95.0,注入领浆,0.0,0.0,0.0,0.0,0.0,0.0,0.0,0.0,0.0,0.0,0.0,0.31006767361519605
5704.0,95.06666666666666,注入领浆,0.0,0.0,0.0,0.0,0.0,0.0,0.0,0.0,0.0,0.0,0.0,0.30699628606884993
5708.0,95.13333333333334,注入领浆,0.0,0.0,0.0,0.0,0.0,0.0,0.0,0.0,0.0,0.0,0.0,0.3067208063300704
5712.0,95.2,注入领浆,0.0,0.0,0.0,0.0,0.0,0.0,0.0,0.0,0.0,0.0,0.0,0.3046065367300883
5716.0,95.26666666666667,注入领浆,0.0,0.0,0.0,0.0,0.0,0.0,0.0,0.0,0.0,0.0,0.0,0.3058125740465221
5720.0,95.33333333333333,注入领浆,0.0,0.0,0.0,0.0,0.0,0.0,0.0,0.0,0.0,0.0,0.0,0.3045950938459172
5724.0,95.4,注入领浆,0.0,0.0,0.0,0.0,0.0,0.0,0.0,0.0,0.0,0.0,0.0,0.3041584980992441
5728.0,95.46666666666667,注入领浆,0.0,0.0,0.0,0.0,0.0,0.0,0.0,0.0,0.0,0.0,0.0,0.3018845714890268
5732.0,95.53333333333333,注入领浆,0.0,0.0,0.0,0.0,0.0,0.0,0.0,0.0,0.0,0.0,0.0,0.30217051705410797
5736.0,95.6,注入领浆,0.0,0.0,0.0,0.0,0.0,0.0,0.0,0.0,0.0,0.0,0.0,0.30024487206365613
5740.0,95.66666666666667,注入领浆,0.0,0.0,0.0,0.0,0.0,0.0,0.0,0.0,0.0,0.0,0.0,0.3007916040444209
5744.0,95.73333333333333,注入领浆,0.0,0.0,0.0,0.0,0.0,0.0,0.0,0.0,0.0,0.0,0.0,0.2996064840833009
5748.0,95.8,注入领浆,0.0,0.0,0.0,0.0,0.0,0.0,0.0,0.0,0.0,0.0,0.0,0.30043931401508134
5752.0,95.86666666666666,注入领浆,0.0,0.0,0.0,0.0,0.0,0.0,0.0,0.0,0.0,0.0,0.0,0.299573754045657
5756.0,95.93333333333334,注入领浆,0.0,0.0,0.0,0.0,0.0,0.0,0.0,0.0,0.0,0.0,0.0,0.29873387544284563
5760.0,96.0,注入领浆,0.0,0.0,0.0,0.0,0.0,0.0,0.0,0.0,0.0,0.0,0.0,0.2967330802728224
5764.0,96.06666666666666,注入领浆,0.0,0.0,0.0,0.0,0.0,0.0,0.0,0.0,0.0,0.0,0.0,0.2971999591412775
5768.0,96.13333333333334,注入领浆,0.0,0.0,0.0,0.0,0.0,0.0,0.0,0.0,0.0,0.0,0.0,0.29448908490160874
5772.0,96.2,注入领浆,0.0,0.0,0.0,0.0,0.0,0.0,0.0,0.0,0.0,0.0,0.0,0.2951314149629504
5776.0,96.26666666666667,注入领浆,0.0,0.0,0.0,0.0,0.0,0.0,0.0,0.0,0.0,0.0,0.0,0.2932145134960584
5780.0,96.33333333333333,注入领浆,0.0,0.0,0.0,0.0,0.0,0.0,0.0,0.0,0.0,0.0,0.0,0.29407915271819884
5784.0,96.4,注入领浆,0.0,0.0,0.0,0.0,0.0,0.0,0.0,0.0,0.0,0.0,0.0,0.29258599261386026
5788.0,96.46666666666667,注入领浆,0.0,0.0,0.0,0.0,0.0,0.0,0.0,0.0,0.0,0.0,0.0,0.293035190308497
5792.0,96.53333333333333,注入领浆,0.0,0.0,0.0,0.0,0.0,0.0,0.0,0.0,0.0,0.0,0.0,0.29030020179248056
5796.0,96.6,注入领浆,0.0,0.0,0.0,0.0,0.0,0.0,0.0,0.0,0.0,0.0,0.0,0.28998475070963287
5800.0,96.66666666666667,注入领浆,0.0,0.0,0.0,0.0,0.0,0.0,0.0,0.0,0.0,0.0,0.0,0.2890964735446569
5804.0,96.73333333333333,注入领浆,0.0,0.0,0.0,0.0,0.0,0.0,0.0,0.0,0.0,0.0,0.0,0.2886570463130948
5808.0,96.8,注入领浆,0.0,0.0,0.0,0.0,0.0,0.0,0.0,0.0,0.0,0.0,0.0,0.28685013717128355
5812.0,96.86666666666666,注入领浆,0.0,0.0,0.0,0.0,0.0,0.0,0.0,0.0,0.0,0.0,0.0,0.28716053889006804
5816.0,96.93333333333334,注入领浆,0.0,0.0,0.0,0.0,0.0,0.0,0.0,0.0,0.0,0.0,0.0,0.28626857304454156
5820.0,97.0,注入领浆,0.0,0.0,0.0,0.0,0.0,0.0,0.0,0.0,0.0,0.0,0.0,0.2862473462213831
5824.0,97.06666666666666,注入领浆,0.0,0.0,0.0,0.0,0.0,0.0,0.0,0.0,0.0,0.0,0.0,0.28341866420951145
5828.0,97.13333333333334,注入领浆,0.0,0.0,0.0,0.0,0.0,0.0,0.0,0.0,0.0,0.0,0.0,0.28370760515759047
5832.0,97.2,注入领浆,0.0,0.0,0.0,0.0,0.0,0.0,0.0,0.0,0.0,0.0,0.0,0.28283247475713297
5836.0,97.26666666666667,注入领浆,0.0,0.0,0.0,0.0,0.0,0.0,0.0,0.0,0.0,0.0,0.0,0.28347225982175966
5840.0,97.33333333333333,注入领浆,0.0,0.0,0.0,0.0,0.0,0.0,0.0,0.0,0.0,0.0,0.0,0.282080762440214
5844.0,97.4,注入领浆,0.0,0.0,0.0,0.0,0.0,0.0,0.0,0.0,0.0,0.0,0.0,0.280544874052919
5848.0,97.46666666666667,注入领浆,0.0,0.0,0.0,0.0,0.0,0.0,0.0,0.0,0.0,0.0,0.0,0.28060946518625035
5852.0,97.53333333333333,注入领浆,0.0,0.0,0.0,0.0,0.0,0.0,0.0,0.0,0.0,0.0,0.0,0.2788304251373402
5856.0,97.6,注入领浆,0.0,0.0,0.0,0.0,0.0,0.0,0.0,0.0,0.0,0.0,0.0,0.2786923886969084
5860.0,97.66666666666667,注入领浆,0.0,0.0,0.0,0.0,0.0,0.0,0.0,0.0,0.0,0.0,0.0,0.27832120999140914
5864.0,97.73333333333333,注入领浆,0.0,0.0,0.0,0.0,0.0,0.0,0.0,0.0,0.0,0.0,0.0,0.2781377158167695
5868.0,97.8,注入领浆,0.0,0.0,0.0,0.0,0.0,0.0,0.0,0.0,0.0,0.0,0.0,0.2776934392543689
5872.0,97.86666666666666,注入领浆,0.0,0.0,0.0,0.0,0.0,0.0,0.0,0.0,0.0,0.0,0.0,0.2772222415069768
5876.0,97.93333333333334,注入领浆,0.0,0.0,0.0,0.0,0.0,0.0,0.0,0.0,0.0,0.0,0.0,0.27553835964380297
5880.0,98.0,注入领浆,0.0,0.0,0.0,0.0,0.0,0.0,0.0,0.0,0.0,0.0,0.0,0.27425235852159613
5884.0,98.06666666666666,注入领浆,0.0,0.0,0.0,0.0,0.0,0.0,0.0,0.0,0.0,0.0,0.0,0.27392787465499935
5888.0,98.13333333333334,注入领浆,0.0,0.0,0.0,0.0,0.0,0.0,0.0,0.0,0.0,0.0,0.0,0.27359794817518973
5892.0,98.2,注入领浆,0.0,0.0,0.0,0.0,0.0,0.0,0.0,0.0,0.0,0.0,0.0,0.2730548213536446
5896.0,98.26666666666667,注入领浆,0.0,0.0,0.0,0.0,0.0,0.0,0.0,0.0,0.0,0.0,0.0,0.27324003848057177
5900.0,98.33333333333333,注入领浆,0.0,0.0,0.0,0.0,0.0,0.0,0.0,0.0,0.0,0.0,0.0,0.271206222792588
5904.0,98.4,注入领浆,0.0,0.0,0.0,0.0,0.0,0.0,0.0,0.0,0.0,0.0,0.0,0.27134272393326325
5908.0,98.46666666666667,注入领浆,0.0,0.0,0.0,0.0,0.0,0.0,0.0,0.0,0.0,0.0,0.0,0.2700285688934706
5912.0,98.53333333333333,注入领浆,0.0,0.0,0.0,0.0,0.0,0.0,0.0,0.0,0.0,0.0,0.0,0.2696164242926167
5916.0,98.6,注入领浆,0.0,0.0,0.0,0.0,0.0,0.0,0.0,0.0,0.0,0.0,0.0,0.26878600290486365
5920.0,98.66666666666667,注入领浆,0.0,0.0,0.0,0.0,0.0,0.0,0.0,0.0,0.0,0.0,0.0,0.26878127742144275
5924.0,98.73333333333333,注入领浆,0.0,0.0,0.0,0.0,0.0,0.0,0.0,0.0,0.0,0.0,0.0,0.26809688106225804
5928.0,98.8,注入领浆,0.0,0.0,0.0,0.0,0.0,0.0,0.0,0.0,0.0,0.0,0.0,0.26872063968872084
5932.0,98.86666666666666,注入领浆,0.0,0.0,0.0,0.0,0.0,0.0,0.0,0.0,0.0,0.0,0.0,0.2688244735381983
5936.0,98.93333333333334,注入领浆,0.0,0.0,0.0,0.0,0.0,0.0,0.0,0.0,0.0,0.0,0.0,0.26687396221134074
5940.0,99.0,注入领浆,0.0,0.0,0.0,0.0,0.0,0.0,0.0,0.0,0.0,0.0,0.0,0.2673709982159308
5944.0,99.06666666666666,注入领浆,0.0,0.0,0.0,0.0,0.0,0.0,0.0,0.0,0.0,0.0,0.0,0.2659942563225881
5948.0,99.13333333333334,注入领浆,0.0,0.0,0.0,0.0,0.0,0.0,0.0,0.0,0.0,0.0,0.0,0.26623590155441024
5952.0,99.2,注入领浆,0.0,0.0,0.0,0.0,0.0,0.0,0.0,0.0,0.0,0.0,0.0,0.26409566356010633
5956.0,99.26666666666667,注入领浆,0.0,0.0,0.0,0.0,0.0,0.0,0.0,0.0,0.0,0.0,0.0,0.26555274336941276
5960.0,99.33333333333333,注入领浆,0.0,0.0,0.0,0.0,0.0,0.0,0.0,0.0,0.0,0.0,0.0,0.2637858949874631
5964.0,99.4,注入领浆,0.0,0.0,0.0,0.0,0.0,0.0,0.0,0.0,0.0,0.0,0.0,0.2635433693214009
5968.0,99.46666666666667,注入领浆,0.0,0.0,0.0,0.0,0.0,0.0,0.0,0.0,0.0,0.0,0.0,0.2613540664786284
5972.0,99.53333333333333,注入领浆,0.0,0.0,0.0,0.0,0.0,0.0,0.0,0.0,0.0,0.0,0.0,0.2613517511353339
5976.0,99.6,注入领浆,0.0,0.0,0.0,0.0,0.0,0.0,0.0,0.0,0.0,0.0,0.0,0.2598921417316729
5980.0,99.66666666666667,注入领浆,0.0,0.0,0.0,0.0,0.0,0.0,0.0,0.0,0.0,0.0,0.0,0.2601479538141817
5984.0,99.73333333333333,注入领浆,0.0,0.0,0.0,0.0,0.0,0.0,0.0,0.0,0.0,0.0,0.0,0.259157429007226
5988.0,99.8,注入领浆,0.0,0.0,0.0,0.0,0.0,0.0,0.0,0.0,0.0,0.0,0.0,0.25884709598104627
5992.0,99.86666666666666,注入领浆,0.0,0.0,0.0,0.0,0.0,0.0,0.0,0.0,0.0,0.0,0.0,0.25868990339834974
5996.0,99.93333333333334,注入领浆,0.0,0.0,0.0,0.0,0.0,0.0,0.0,0.0,0.0,0.0,0.0,0.2588011625449303
6000.0,100.0,注入领浆,0.0,0.0,0.0,0.0,0.0,0.0,0.0,0.0,0.0,0.0,0.0,0.25707084113958206
6004.0,100.06666666666666,注入领浆,0.0,0.0,0.0,0.0,0.0,0.0,0.0,0.0,0.0,0.0,0.0,0.2578691396657593
6008.0,100.13333333333334,注入领浆,0.0,0.0,0.0,0.0,0.0,0.0,0.0,0.0,0.0,0.0,0.0,0.25763437349990764
6012.0,100.2,注入领浆,0.0,0.0,0.0,0.0,0.0,0.0,0.0,0.0,0.0,0.0,0.0,0.25697635365064414
6016.0,100.26666666666667,注入领浆,0.0,0.0,0.0,0.0,0.0,0.0,0.0,0.0,0.0,0.0,0.0,0.2570019850073177
6020.0,100.33333333333333,注入领浆,0.0,0.0,0.0,0.0,0.0,0.0,0.0,0.0,0.0,0.0,0.0,0.25668693106844825
6024.0,100.4,注入领浆,0.0,0.0,0.0,0.0,0.0,0.0,0.0,0.0,0.0,0.0,0.0,0.2560928951027722
6028.0,100.46666666666667,注入领浆,0.0,0.0,0.0,0.0,0.0,0.0,0.0,0.0,0.0,0.0,0.0,0.2561571356557361
6032.0,100.53333333333333,注入领浆,0.0,0.0,0.0,0.0,0.0,0.0,0.0,0.0,0.0,0.0,0.0,0.2562194814425227
6036.0,100.6,注入领浆,0.0,0.0,0.0,0.0,0.0,0.0,0.0,0.0,0.0,0.0,0.0,0.2554342852713626
6040.0,100.66666666666667,注入领浆,0.0,0.0,0.0,0.0,0.0,0.0,0.0,0.0,0.0,0.0,0.0,0.2550810222528145
6044.0,100.73333333333333,注入领浆,0.0,0.0,0.0,0.0,0.0,0.0,0.0,0.0,0.0,0.0,0.0,0.2542154472879976
6048.0,100.8,注入领浆,0.0,0.0,0.0,0.0,0.0,0.0,0.0,0.0,0.0,0.0,0.0,0.2544411673898292
6052.0,100.86666666666666,注入领浆,0.0,0.0,0.0,0.0,0.0,0.0,0.0,0.0,0.0,0.0,0.0,0.25336460539621386
6056.0,100.93333333333334,注入领浆,0.0,0.0,0.0,0.0,0.0,0.0,0.0,0.0,0.0,0.0,0.0,0.25284543354664946
6060.0,101.0,注入领浆,0.0,0.0,0.0,0.0,0.0,0.0,0.0,0.0,0.0,0.0,0.0,0.25146837319696924
6064.0,101.06666666666666,注入领浆,0.0,0.0,0.0,0.0,0.0,0.0,0.0,0.0,0.0,0.0,0.0,0.25160549874417354
6068.0,101.13333333333334,注入领浆,0.0,0.0,0.0,0.0,0.0,0.0,0.0,0.0,0.0,0.0,0.0,0.2518299371284025
6072.0,101.2,注入领浆,0.0,0.0,0.0,0.0,0.0,0.0,0.0,0.0,0.0,0.0,0.0,0.2508339840810944
6076.0,101.26666666666667,注入领浆,0.0,0.0,0.0,0.0,0.0,0.0,0.0,0.0,0.0,0.0,0.0,0.25083249267806623
6080.0,101.33333333333333,注入领浆,0.0,0.0,0.0,0.0,0.0,0.0,0.0,0.0,0.0,0.0,0.0,0.25106630910609123
6084.0,101.4,注入领浆,0.0,0.0,0.0,0.0,0.0,0.0,0.0,0.0,0.0,0.0,0.0,0.24951584226826426
6088.0,101.46666666666667,注入领浆,0.0,0.0,0.0,0.0,0.0,0.0,0.0,0.0,0.0,0.0,0.0,0.25022150458683384
6092.0,101.53333333333333,注入领浆,0.0,0.0,0.0,0.0,0.0,0.0,0.0,0.0,0.0,0.0,0.0,0.25043382550076887
6096.0,101.6,注入领浆,0.0,0.0,0.0,0.0,0.0,0.0,0.0,0.0,0.0,0.0,0.0,0.24829908416645508
6100.0,101.66666666666667,注入领浆,0.0,0.0,0.0,0.0,0.0,0.0,0.0,0.0,0.0,0.0,0.0,0.2486996786547265
6104.0,101.73333333333333,注入领浆,0.0,0.0,0.0,0.0,0.0,0.0,0.0,0.0,0.0,0.0,0.0,0.2476475861712745
6108.0,101.8,注入领浆,0.0,0.0,0.0,0.0,0.0,0.0,0.0,0.0,0.0,0.0,0.0,0.24707997068415358
6112.0,101.86666666666666,注入领浆,0.0,0.0,0.0,0.0,0.0,0.0,0.0,0.0,0.0,0.0,0.0,0.24710983568361333
6116.0,101.93333333333334,注入领浆,0.0,0.0,0.0,0.0,0.0,0.0,0.0,0.0,0.0,0.0,0.0,0.24771048140411522
6120.0,102.0,注入领浆,0.0,0.0,0.0,0.0,0.0,0.0,0.0,0.0,0.0,0.0,0.0,0.24712418524455043
6124.0,102.06666666666666,注入领浆,0.0,0.0,0.0,0.0,0.0,0.0,0.0,0.0,0.0,0.0,0.0,0.2473240822726714
6128.0,102.13333333333334,注入领浆,0.0,0.0,0.0,0.0,0.0,0.0,0.0,0.0,0.0,0.0,0.0,0.24627184377833305
6132.0,102.2,注入领浆,0.0,0.0,0.0,0.0,0.0,0.0,0.0,0.0,0.0,0.0,0.0,0.24536906952949183
6136.0,102.26666666666667,注入领浆,0.0,0.0,0.0,0.0,0.0,0.0,0.0,0.0,0.0,0.0,0.0,0.24478602187423967
6140.0,102.33333333333333,注入领浆,0.0,0.0,0.0,0.0,0.0,0.0,0.0,0.0,0.0,0.0,0.0,0.2454059177671687
6144.0,102.4,注入领浆,0.0,0.0,0.0,0.0,0.0,0.0,0.0,0.0,0.0,0.0,0.0,0.24486135050062213
6148.0,102.46666666666667,注入领浆,0.0,0.0,0.0,0.0,0.0,0.0,0.0,0.0,0.0,0.0,0.0,0.2450646618323628
6152.0,102.53333333333333,注入领浆,0.0,0.0,0.0,0.0,0.0,0.0,0.0,0.0,0.0,0.0,0.0,0.2441692941105956
6156.0,102.6,注入领浆,0.0,0.0,0.0,0.0,0.0,0.0,0.0,0.0,0.0,0.0,0.0,0.2440769936644512
6160.0,102.66666666666667,注入领浆,0.0,0.0,0.0,0.0,0.0,0.0,0.0,0.0,0.0,0.0,0.0,0.24268688686156528
6164.0,102.73333333333333,注入领浆,0.0,0.0,0.0,0.0,0.0,0.0,0.0,0.0,0.0,0.0,0.0,0.24260961394479819
6168.0,102.8,注入领浆,0.0,0.0,0.0,0.0,0.0,0.0,0.0,0.0,0.0,0.0,0.0,0.24185797893393027
6172.0,102.86666666666666,注入领浆,0.0,0.0,0.0,0.0,0.0,0.0,0.0,0.0,0.0,0.0,0.0,0.24157531194172258
6176.0,102.93333333333334,注入领浆,0.0,0.0,0.0,0.0,0.0,0.0,0.0,0.0,0.0,0.0,0.0,0.2412122711274871
6180.0,103.0,注入领浆,0.0,0.0,0.0,0.0,0.0,0.0,0.0,0.0,0.0,0.0,0.0,0.24104028264157076
6184.0,103.06666666666666,注入领浆,0.0,0.0,0.0,0.0,0.0,0.0,0.0,0.0,0.0,0.0,0.0,0.23961348923324544
6188.0,103.13333333333334,注入领浆,0.0,0.0,0.0,0.0,0.0,0.0,0.0,0.0,0.0,0.0,0.0,0.2381941348506503
6192.0,103.2,注入领浆,0.0,0.0,0.0,0.0,0.0,0.0,0.0,0.0,0.0,0.0,0.0,0.23773058720030932
6196.0,103.26666666666667,注入领浆,0.0,0.0,0.0,0.0,0.0,0.0,0.0,0.0,0.0,0.0,0.0,0.23801077147168945
6200.0,103.33333333333333,注入领浆,0.0,0.0,0.0,0.0,0.0,0.0,0.0,0.0,0.0,0.0,0.0,0.2369250415508849
6204.0,103.4,注入领浆,0.0,0.0,0.0,0.0,0.0,0.0,0.0,0.0,0.0,0.0,0.0,0.23690117808952774
6208.0,103.46666666666667,注入领浆,0.0,0.0,0.0,0.0,0.0,0.0,0.0,0.0,0.0,0.0,0.0,0.2366420410283928
6212.0,103.53333333333333,注入领浆,0.0,0.0,0.0,0.0,0.0,0.0,0.0,0.0,0.0,0.0,0.0,0.23673193507845489
6216.0,103.6,注入领浆,0.0,0.0,0.0,0.0,0.0,0.0,0.0,0.0,0.0,0.0,0.0,0.23647687516524069
6220.0,103.66666666666667,注入领浆,0.0,0.0,0.0,0.0,0.0,0.0,0.0,0.0,0.0,0.0,0.0,0.23572271865580816
6224.0,103.73333333333333,注入领浆,0.0,0.0,0.0,0.0,0.0,0.0,0.0,0.0,0.0,0.0,0.0,0.23542444060408693
6228.0,103.8,注入领浆,0.0,0.0,0.0,0.0,0.0,0.0,0.0,0.0,0.0,0.0,0.0,0.23434974010260418
6232.0,103.86666666666666,注入领浆,0.0,0.0,0.0,0.0,0.0,0.0,0.0,0.0,0.0,0.0,0.0,0.2343476024576523
6236.0,103.93333333333334,注入领浆,0.0,0.0,0.0,0.0,0.0,0.0,0.0,0.0,0.0,0.0,0.0,0.23410249534716204
6240.0,104.0,注入领浆,0.0,0.0,0.0,0.0,0.0,0.0,0.0,0.0,0.0,0.0,0.0,0.23397599154529553
6244.0,104.06666666666666,注入领浆,0.0,0.0,0.0,0.0,0.0,0.0,0.0,0.0,0.0,0.0,0.0,0.23306768989909732
6248.0,104.13333333333334,注入领浆,0.0,0.0,0.0,0.0,0.0,0.0,0.0,0.0,0.0,0.0,0.0,0.23366167676550523
6252.0,104.2,注入领浆,0.0,0.0,0.0,0.0,0.0,0.0,0.0,0.0,0.0,0.0,0.0,0.23232223002721974
6256.0,104.26666666666667,注入领浆,0.0,0.0,0.0,0.0,0.0,0.0,0.0,0.0,0.0,0.0,0.0,0.2323667963909379
6260.0,104.33333333333333,注入领浆,0.0,0.0,0.0,0.0,0.0,0.0,0.0,0.0,0.0,0.0,0.0,0.23187230652091212
6264.0,104.4,注入领浆,0.0,0.0,0.0,0.0,0.0,0.0,0.0,0.0,0.0,0.0,0.0,0.23165738888088672
6268.0,104.46666666666667,注入领浆,0.0,0.0,0.0,0.0,0.0,0.0,0.0,0.0,0.0,0.0,0.0,0.23180548797722275
6272.0,104.53333333333333,注入领浆,0.0,0.0,0.0,0.0,0.0,0.0,0.0,0.0,0.0,0.0,0.0,0.23166131512925914
6276.0,104.6,注入领浆,0.0,0.0,0.0,0.0,0.0,0.0,0.0,0.0,0.0,0.0,0.0,0.23045800635534652
6280.0,104.66666666666667,注入领浆,0.0,0.0,0.0,0.0,0.0,0.0,0.0,0.0,0.0,0.0,0.0,0.23075358368736615
6284.0,104.73333333333333,注入领浆,0.0,0.0,0.0,0.0,0.0,0.0,0.0,0.0,0.0,0.0,0.0,0.2298237497661074
6288.0,104.8,注入领浆,0.0,0.0,0.0,0.0,0.0,0.0,0.0,0.0,0.0,0.0,0.0,0.23009662644640666
6292.0,104.86666666666666,注入领浆,0.0,0.0,0.0,0.0,0.0,0.0,0.0,0.0,0.0,0.0,0.0,0.228674149519232
6296.0,104.93333333333334,注入领浆,0.0,0.0,0.0,0.0,0.0,0.0,0.0,0.0,0.0,0.0,0.0,0.22945152440030578
6300.0,105.0,注入领浆,0.0,0.0,0.0,0.0,0.0,0.0,0.0,0.0,0.0,0.0,0.0,0.22767016385993993
6304.0,105.06666666666666,注入领浆,0.0,0.0,0.0,0.0,0.0,0.0,0.0,0.0,0.0,0.0,0.0,0.22813629715152162
6308.0,105.13333333333334,注入领浆,0.0,0.0,0.0,0.0,0.0,0.0,0.0,0.0,0.0,0.0,0.0,0.22755792102506744
6312.0,105.2,注入领浆,0.0,0.0,0.0,0.0,0.0,0.0,0.0,0.0,0.0,0.0,0.0,0.22742794785639253
6316.0,105.26666666666667,注入领浆,0.0,0.0,0.0,0.0,0.0,0.0,0.0,0.0,0.0,0.0,0.0,0.2265614644388362
6320.0,105.33333333333333,注入领浆,0.0,0.0,0.0,0.0,0.0,0.0,0.0,0.0,0.0,0.0,0.0,0.22596334323756637
6324.0,105.4,注入领浆,0.0,0.0,0.0,0.0,0.0,0.0,0.0,0.0,0.0,0.0,0.0,0.22555988765348806
6328.0,105.46666666666667,注入领浆,0.0,0.0,0.0,0.0,0.0,0.0,0.0,0.0,0.0,0.0,0.0,0.22588766046339478
6332.0,105.53333333333333,注入领浆,0.0,0.0,0.0,0.0,0.0,0.0,0.0,0.0,0.0,0.0,0.0,0.22470141055944756
6336.0,105.6,注入领浆,0.0,0.0,0.0,0.0,0.0,0.0,0.0,0.0,0.0,0.0,0.0,0.2241766287490021
6340.0,105.66666666666667,注入领浆,0.0,0.0,0.0,0.0,0.0,0.0,0.0,0.0,0.0,0.0,0.0,0.22379763051338586
6344.0,105.73333333333333,注入领浆,0.0,0.0,0.0,0.0,0.0,0.0,0.0,0.0,0.0,0.0,0.0,0.2240417939710811
6348.0,105.8,注入领浆,0.0,0.0,0.0,0.0,0.0,0.0,0.0,0.0,0.0,0.0,0.0,0.22297934501508698
6352.0,105.86666666666666,注入领浆,0.0,0.0,0.0,0.0,0.0,0.0,0.0,0.0,0.0,0.0,0.0,0.22333347061571981
6356.0,105.93333333333334,注入领浆,0.0,0.0,0.0,0.0,0.0,0.0,0.0,0.0,0.0,0.0,0.0,0.22232070084036618
6360.0,106.0,注入领浆,0.0,0.0,0.0,0.0,0.0,0.0,0.0,0.0,0.0,0.0,0.0,0.22247117107608438
6364.0,106.06666666666666,注入领浆,0.0,0.0,0.0,0.0,0.0,0.0,0.0,0.0,0.0,0.0,0.0,0.22118677817833113
6368.0,106.13333333333334,注入领浆,0.0,0.0,0.0,0.0,0.0,0.0,0.0,0.0,0.0,0.0,0.0,0.2213864745172459
6372.0,106.2,注入领浆,0.0,0.0,0.0,0.0,0.0,0.0,0.0,0.0,0.0,0.0,0.0,0.22106087129624347
6376.0,106.26666666666667,注入领浆,0.0,0.0,0.0,0.0,0.0,0.0,0.0,0.0,0.0,0.0,0.0,0.22207607734665274
6380.0,106.33333333333333,注入领浆,0.0,0.0,0.0,0.0,0.0,0.0,0.0,0.0,0.0,0.0,0.0,0.2205178190324239
6384.0,106.4,注入领浆,0.0,0.0,0.0,0.0,0.0,0.0,0.0,0.0,0.0,0.0,0.0,0.221034883900118
6388.0,106.46666666666667,注入领浆,0.0,0.0,0.0,0.0,0.0,0.0,0.0,0.0,0.0,0.0,0.0,0.22034086798379912
6392.0,106.53333333333333,注入领浆,0.0,0.0,0.0,0.0,0.0,0.0,0.0,0.0,0.0,0.0,0.0,0.22070356390075122
6396.0,106.6,注入领浆,0.0,0.0,0.0,0.0,0.0,0.0,0.0,0.0,0.0,0.0,0.0,0.22039616189446296
6400.0,106.66666666666667,注入领浆,0.0,0.0,0.0,0.0,0.0,0.0,0.0,0.0,0.0,0.0,0.0,0.2203795920805785
6404.0,106.73333333333333,注入领浆,0.0,0.0,0.0,0.0,0.0,0.0,0.0,0.0,0.0,0.0,0.0,0.2195457111333634
6408.0,106.8,注入领浆,0.0,0.0,0.0,0.0,0.0,0.0,0.0,0.0,0.0,0.0,0.0,0.22010663228619928
6412.0,106.86666666666666,注入领浆,0.0,0.0,0.0,0.0,0.0,0.0,0.0,0.0,0.0,0.0,0.0,0.21909067280114555
6416.0,106.93333333333334,注入领浆,0.0,0.0,0.0,0.0,0.0,0.0,0.0,0.0,0.0,0.0,0.0,0.21947482200194
6420.0,107.0,注入领浆,0.0,0.0,0.0,0.0,0.0,0.0,0.0,0.0,0.0,0.0,0.0,0.21838825789513125
6424.0,107.06666666666666,注入领浆,0.0,0.0,0.0,0.0,0.0,0.0,0.0,0.0,0.0,0.0,0.0,0.21838123389511208
6428.0,107.13333333333334,注入领浆,0.0,0.0,0.0,0.0,0.0,0.0,0.0,0.0,0.0,0.0,0.0,0.2171963135011045
6432.0,107.2,注入领浆,0.0,0.0,0.0,0.0,0.0,0.0,0.0,0.0,0.0,0.0,0.0,0.21781255809747582
6436.0,107.26666666666667,注入领浆,0.0,0.0,0.0,0.0,0.0,0.0,0.0,0.0,0.0,0.0,0.0,0.21689853575967463
6440.0,107.33333333333333,注入领浆,0.0,0.0,0.0,0.0,0.0,0.0,0.0,0.0,0.0,0.0,0.0,0.2162236912912298
6444.0,107.4,注入领浆,0.0,0.0,0.0,0.0,0.0,0.0,0.0,0.0,0.0,0.0,0.0,0.2159034916215322
6448.0,107.46666666666667,注入领浆,0.0,0.0,0.0,0.0,0.0,0.0,0.0,0.0,0.0,0.0,0.0,0.21561376851147826
6452.0,107.53333333333333,注入领浆,0.0,0.0,0.0,0.0,0.0,0.0,0.0,0.0,0.0,0.0,0.0,0.21491465389526385
6456.0,107.6,注入领浆,0.008482144610765865,0.008482144610765865,4.402805611222441,0.8805611222444882,3.522244488977953,0.008016032064110013,0.00036589402366629274,0.4904121104920151,0.09342582107171049,0.0,0.00835,0.21484401299706823
6460.0,107.66666666666667,注入领浆,0.015534009775473565,0.015534009775473565,8.805611222444883,0.8805611222444882,7.044488977955906,0.01803607214424753,0.0022525245149264557,1.1670578419442634,0.20817238476400035,0.0,0.014285787367695599,0.21405835133286755
6464.0,107.73333333333333,注入领浆,0.021960299243269366,0.021960299243269366,14.088977955911812,0.8805611222444882,8.805611222444883,0.03006012024041255,0.00441139699904062,1.9211590158676137,0.31902644294875393,0.0,0.019727383793729934,0.21347840585056174
6468.0,107.8,注入领浆,0.0292059705504498,0.0292059705504498,20.25290581162323,1.7611222444889765,16.730661322645275,0.04208416833657757,0.007670636340297887,2.649358348219802,0.4113194895893385,0.0,0.026045089615285434,0.2138506312820352
6472.0,107.86666666666666,注入领浆,0.03620547722717013,0.03620547722717013,27.297394789579137,1.7611222444889765,22.014028056112206,0.0581162324647976,0.013434842339303633,3.5838484115194302,0.5116728372588613,0.0,0.03208666186398391,0.2142984439853012
6476.0,107.93333333333334,注入领浆,0.04329464951290053,0.04329464951290053,35.22244488977953,2.6416833667334645,22.894589178356693,0.07414829659301762,0.017830008607511768,4.472179616294901,0.5911618502984219,0.0,0.03824667298823762,0.21486673422614394
6480.0,108.0,注入领浆,0.05063899107262893,0.05063899107262893,40.50581162324646,3.522244488977953,27.297394789579137,0.08416833667315514,0.022063502759924053,4.955936115088464,0.628864191613582,0.0,0.044753061129326116,0.21440697523419766
6484.0,108.06666666666666,注入领浆,0.056619096186601506,0.056619096186601506,41.386372745490945,3.522244488977953,41.386372745490945,0.08617234468918264,0.025921298573703316,4.933977433918678,0.6272306766783207,0.0,0.04994855245490484,0.21458066386550695
6488.0,108.13333333333334,注入领浆,0.06434519515011579,0.06434519515011579,44.02805611222441,4.402805611222441,41.386372745490945,0.09018036072123765,0.03020270016781647,5.001800560703772,0.6322530128310788,0.0,0.05680307070903718,0.21429990738258384
6492.0,108.2,注入领浆,0.07067686524661014,0.07067686524661014,46.66973947895788,5.283366733466929,46.66973947895788,0.09418837675329267,0.03375379211540096,5.001247719898621,0.6322123494749883,0.0,0.06233631873942861,0.2136704178572866
6496.0,108.26666666666667,注入领浆,0.07661083375333275,0.07661083375333275,48.43086172344685,6.163927855711417,45.789178356713386,0.09619238476932016,0.03742338337438213,4.7789799253861585,0.6154940382969671,0.0,0.06763616696810043,0.21247664376780698
6500.0,108.33333333333333,注入领浆,0.08241524446237082,0.08241524446237082,51.07254509018032,7.044488977955906,41.386372745490945,0.10020040080137517,0.04339156868611993,4.564841215462649,0.5986687942538617,0.0,0.07291498852665548,0.21220105805810563
6504.0,108.4,注入领浆,0.08886169232327015,0.08886169232327015,53.71422845691378,9.686172344689371,56.35591182364725,0.10020040080137516,0.04790453233382538,4.0883044395615125,0.5585369206482611,0.0,0.0787686974251989,0.2111392958046763
6508.0,108.46666666666667,注入中间浆,0.09641220040830946,0.09641220040830946,57.236472945891734,14.088977955911812,57.236472945891734,0.09819639278534766,0.053690960686340154,3.585580295353956,0.5118419531520845,0.0,0.08562057918330877,0.20983630262419625
6512.0,108.53333333333333,注入中间浆,0.10283589794726368,0.10283589794726368,59.8781563126252,19.372344689378743,58.997595190380714,0.09218436873726515,0.05990565356956796,3.0683770048003685,0.45864249777617394,0.0,0.09163380137031583,0.2087699942980189
6516.0,108.6,注入中间浆,0.11044764669514101,0.11044764669514101,62.51983967935867,22.014028056112206,62.51983967935867,0.09218436873726515,0.06331196746900102,2.834019564721963,0.4326642012731585,0.0,0.09852274171251317,0.20712530624370037
6520.0,108.66666666666667,注入中间浆,0.11783617216820833,0.11783617216820833,65.16152304609213,28.177955911823624,65.16152304609213,0.08416833667315514,0.07003705421137166,2.4404913524879452,0.38620744762054393,0.0,0.10542683355488128,0.20677147889839959
6524.0,108.73333333333333,注入中间浆,0.12496743476463519,0.12496743476463519,67.80320641282559,35.22244488977953,66.04208416833661,0.07414829659301761,0.07492099468098022,2.0813597473655996,0.34049910482598067,0.0,0.11199087059093278,0.20465106815942158
6528.0,108.8,注入中间浆,0.13302111660079774,0.13302111660079774,70.44488977955906,40.50581162324646,62.51983967935867,0.06813627254493512,0.08250348348568337,1.847968101411931,0.3089849118972088,0.0,0.11944884090470152,0.20358545656082122
6532.0,108.86666666666666,注入中间浆,0.14161612315830072,0.14161612315830072,73.96713426853701,41.386372745490945,73.96713426853701,0.07414829659301762,0.08871212319807764,1.9266118350467003,0.31976868327942676,0.0,0.1273349731890438,0.20238087204693303
6536.0,108.93333333333334,注入中间浆,0.1501686994665901,0.1501686994665901,77.48937875751497,44.02805611222441,66.9226452905811,0.07615230460904514,0.09578817383324492,1.8830027341755322,0.31380988002676824,0.0,0.13518817060718363,0.2002272432006599
6540.0,109.0,注入中间浆,0.15799777981785368,0.15799777981785368,79.25050100200394,46.66973947895788,61.639278557114174,0.07414829659301762,0.10231360214821995,1.7143610144256172,0.2902710929285589,0.0,0.14237732733078845,0.19928056452411888
6544.0,109.06666666666666,注入中间浆,0.16560544631152532,0.16560544631152532,81.8921843687374,50.191983967935826,66.9226452905811,0.07214428857699012,0.1063883759736713,1.5645061486968952,0.26867785811967926,0.0,0.14928115611214124,0.1978903724499733
6548.0,109.13333333333334,注入中间浆,0.17319233760111616,0.17319233760111616,85.41442885771536,53.71422845691378,78.36993987975946,0.07214428857699014,0.11064418235599756,1.4544842343843318,0.252407209427998,0.0,0.15622009485752297,0.19748820215895962
6552.0,109.2,注入中间浆,0.18051304781416075,0.18051304781416075,88.05611222444882,52.83366733466929,74.8476953907815,0.08016032064110014,0.11396300281284065,1.5121013979357092,0.2609725985198207,0.0,0.1629375148497614,0.19588446193352282
6556.0,109.26666666666667,注入中间浆,0.1875425149596833,0.1875425149596833,90.69779559118228,56.35591182364725,75.72825651302598,0.07815631262507262,0.1166193902919113,1.3922738716409455,0.24304749933883163,0.0,0.1693699770452049,0.19528513776413117
6560.0,109.33333333333333,注入中间浆,0.19442174250732247,0.19442174250732247,93.33947895791576,59.8781563126252,70.44488977955906,0.07615230460904514,0.11877300909510981,1.288580869654081,0.22718545410325974,0.0,0.17567159516753894,0.19403028286832605
6564.0,109.4,注入中间浆,0.20149888238030436,0.20149888238030436,95.98116232464922,62.51983967935867,75.72825651302598,0.07615230460904512,0.12118583349265327,1.2277056337497283,0.2177188895466946,0.0,0.18215636065155524,0.19318423700265508
6568.0,109.46666666666667,注入中间浆,0.20845583989173003,0.20845583989173003,98.62284569138268,66.04208416833661,78.36993987975946,0.07414829659301762,0.1234536159016186,1.1382137807661719,0.20359127886345985,0.0,0.1885286481039073,0.19190453419769993
6572.0,109.53333333333333,注入中间浆,0.21557009468539282,0.21557009468539282,101.26452905811615,68.68376753507009,81.01162324649292,0.07414829659301762,0.1261723578234702,1.0934092606211467,0.19642266608853343,0.0,0.19502900100453466,0.19128848637567075
6576.0,109.6,注入中间浆,0.22270445532965097,0.22270445532965097,104.7867735470941,72.20601202404804,98.62284569138268,0.07414829659301762,0.12888997924509435,1.0527651244455065,0.18986390336225867,0.0,0.20154816558213015,0.18978189653815075
6580.0,109.66666666666667,注入中间浆,0.22984533945327243,0.22984533945327243,107.42845691382756,74.8476953907815,82.77274549098189,0.07414829659301762,0.13146441474277373,1.0212773926154206,0.18474593532487593,0.0,0.2080697450954128,0.1889298084380136
6584.0,109.73333333333333,注入中间浆,0.2369412316318453,0.2369412316318453,110.07014028056103,77.48937875751497,85.41442885771536,0.07414829659301762,0.1337847920981957,0.9916827547073986,0.17990619665358987,0.0,0.2145535098685275,0.18806518571494385
6588.0,109.8,注入中间浆,0.24396744188265787,0.24396744188265787,112.7118236472945,80.13106212424843,88.05611222444882,0.07414829659301762,0.13585565899576013,0.9595597385477064,0.17462045814873473,0.0,0.22095962044444145,0.18703143654893487
6592.0,109.86666666666666,注入中间浆,0.2509123567107897,0.2509123567107897,115.35350701402795,82.77274549098189,91.57835671342677,0.07414829659301762,0.13771651259820644,0.9303532714187284,0.16978506533190807,0.0,0.22729546144626298,0.185498028747537
6596.0,109.93333333333334,注入中间浆,0.2578731911519524,0.2578731911519524,117.99519038076143,86.29498997995985,94.22004008016025,0.07214428857699012,0.1396250087420144,0.8814393197318514,0.16162338980212754,0.0,0.23364295595902554,0.18446065390641372
6600.0,110.0,注入中间浆,0.26485017530282323,0.26485017530282323,120.63687374749489,88.93667334669331,109.18957915831655,0.07214428857699012,0.14165780707271075,0.8556972103239449,0.1572959431152655,0.0,0.23999762455364898,0.1833932767351898
6604.0,110.06666666666666,注入中间浆,0.27181230989581395,0.27181230989581395,123.27855711422835,91.57835671342677,106.54789579158307,0.07214428857699012,0.14378627964792767,0.8199717893156035,0.15125318938762133,0.0,0.24633911189504587,0.1826033541637567
6608.0,110.13333333333334,注入中间浆,0.2787466190599465,0.2787466190599465,125.92024048096182,94.22004008016025,110.07014028056103,0.07214428857699012,0.1459387459266647,0.7779352141112358,0.144087427359475,0.0,0.252651067319932,0.1815613183588359
6612.0,110.2,注入中间浆,0.285658454593267,0.285658454593267,128.56192384769528,96.8617234468937,113.59238476953898,0.07214428857699012,0.14799504583624265,0.7416947298162878,0.13786115306862257,0.0,0.2589501517680224,0.18049335352962936
6616.0,110.26666666666667,注入中间浆,0.2926271032703152,0.2926271032703152,131.20360721442876,99.50340681362717,116.23406813627244,0.07214428857699015,0.15008608341623916,0.7116781521082213,0.13266989473989044,0.0,0.2652871343530393,0.17993306842882625
6620.0,110.33333333333333,注入中间浆,0.29965831567833767,0.29965831567833767,133.8452905811622,102.14509018036064,118.87575150300592,0.0721442885769901,0.1524591959593388,0.6842213323230698,0.12789396828735655,0.0,0.27167617803390337,0.17867543971102423
6624.0,110.4,注入中间浆,0.306683243382262,0.306683243382262,137.36753507014018,104.7867735470941,121.51743486973938,0.07414829659301765,0.1547635527061766,0.6759349300551524,0.12644744569181754,0.0,0.27804844826221214,0.17813239107209305
6628.0,110.46666666666667,注入中间浆,0.3137361716062784,0.3137361716062784,140.00921843687362,107.42845691382756,124.15911823647284,0.07414829659301762,0.1572128342218866,0.6452437241772063,0.12106887885149442,0.0,0.2844384062127245,0.17692059814373765
6632.0,110.53333333333333,注入中间浆,0.3206794897004496,0.3206794897004496,142.6509018036071,110.07014028056103,126.80080160320631,0.07414829659301762,0.15937920363543648,0.6092853147045624,0.1147251019500578,0.0,0.2907271118143898,0.17654231974860582
6636.0,110.6,注入中间浆,0.3276199315450629,0.3276199315450629,145.29258517034057,112.7118236472945,130.32304609218426,0.07414829659301765,0.1614779449850497,0.5717372799900218,0.10805201064314751,0.0,0.29701358158366736,0.17558456429813474
6640.0,110.66666666666667,注入中间浆,0.33456741288979236,0.33456741288979236,147.93426853707402,115.35350701402795,132.96472945891773,0.07414829659301762,0.163566629035593,0.5330902043662418,0.10113106137572758,0.0,0.3033284599967084,0.17522464997860954
6644.0,110.73333333333333,注入中间浆,0.3415967305066892,0.3415967305066892,150.5759519038075,117.99519038076143,135.60641282565118,0.07414829659301762,0.16593264344787606,0.4948865823070805,0.09423674629376344,0.0,0.3098437650238691,0.17430971130686107
6648.0,110.8,注入中间浆,0.34864213332150157,0.34864213332150157,153.21763527054097,120.63687374749489,139.12865731462915,0.07414829659301765,0.16837762587821625,0.4648714505373867,0.08878307271574815,0.0,0.3164847574017762,0.17364614573644355
6652.0,110.86666666666666,注入中间浆,0.3555826235195306,0.3555826235195306,156.7398797595189,123.27855711422835,141.7703406813626,0.07615230460904515,0.17041700561189616,0.4541817495277681,0.0868328614395224,0.0,0.3228895823727074,0.17260902760734861
6656.0,110.93333333333334,注入中间浆,0.362553088611772,0.362553088611772,159.38156312625236,125.92024048096182,144.41202404809607,0.0761523046090451,0.17255367368286118,0.4346052223411676,0.08325052478195716,0.0,0.3293343067575677,0.1723546050360319
6660.0,111.0,注入中间浆,0.36945618207766484,0.36945618207766484,162.02324649298583,128.56192384769528,147.05370741482955,0.07615230460904512,0.17443903370578961,0.4157729820367085,0.07979112476307626,0.0,0.3356346784930086,0.17145079606584562
6664.0,111.06666666666666,注入中间浆,0.3763113531711685,0.3763113531711685,164.6649298597193,131.20360721442876,149.695390781563,0.07615230460904512,0.17616429225917785,0.3972225238042689,0.07637072442609738,0.0,0.3419182681449417,0.17102135877665248
6668.0,111.13333333333334,注入中间浆,0.3831556915456257,0.3831556915456257,167.30661322645275,133.8452905811622,152.33707414829647,0.07615230460904512,0.17786314686904106,0.3796237700234881,0.073114051608829,0.0,0.34814919953676843,0.17064654845700405
6672.0,111.2,注入中间浆,0.3899711599423043,0.3899711599423043,169.94829659318623,136.48697394789568,154.97875751502994,0.07615230460904512,0.17947053416172018,0.36282776377378073,0.06999521971324074,0.0,0.3543840953728677,0.17012652633971742
6676.0,111.26666666666667,注入中间浆,0.39676910509528684,0.39676910509528684,172.5899799599197,139.12865731462915,157.6204408817634,0.07615230460904512,0.18104028777465248,0.34663410360191355,0.06697830058001975,0.0,0.360638183493808,0.1694869260865574
6680.0,111.33333333333333,注入中间浆,0.4035558586786933,0.4035558586786933,175.23166332665315,141.7703406813626,160.26212424849686,0.07615230460904512,0.1825829151327792,0.33081477880029336,0.06402167119628044,0.0,0.3669291699236805,0.16872083013402098
6684.0,111.4,注入中间浆,0.4103368988734667,0.4103368988734667,177.87334669338662,144.41202404809607,162.90380761523033,0.07615230460904512,0.18411215441310894,0.31660901660519336,0.061358632826920334,0.0,0.373190936418218,0.16779871792159862
6688.0,111.46666666666667,注入中间浆,0.4171049888283859,0.4171049888283859,180.5150300601201,147.05370741482955,165.54549098196378,0.07615230460904512,0.1856016858008475,0.3037338198805951,0.05893847971824406,0.0,0.37944960163950353,0.1669499630573606
6692.0,111.53333333333333,注入中间浆,0.4238532011829342,0.4238532011829342,183.15671342685354,149.695390781563,168.18717434869725,0.07615230460904512,0.18702120031002034,0.2923383472960202,0.05679126564481385,0.0,0.3856787383724657,0.16609680851995465
6696.0,111.6,注入中间浆,0.43054291188288424,0.43054291188288424,185.79839679358702,152.33707414829647,170.82885771543073,0.07615230460904512,0.1882367238099562,0.2823744514241933,0.054909784856685406,0.0,0.39180610888734124,0.16527510660617087
6700.0,111.66666666666667,注入中间浆,0.4372427252822102,0.4372427252822102,188.4400801603205,154.97875751502994,172.5899799599197,0.07615230460904512,0.18948769221877904,0.27375125184656346,0.05327843820945832,0.0,0.39789094328655994,0.16457048697432622
6704.0,111.73333333333333,注入中间浆,0.44394335888461073,0.44394335888461073,191.08176352705394,157.6204408817634,175.23166332665315,0.07615230460904512,0.19074401784659287,0.2662630116212608,0.05185952025859197,0.0,0.4039975847341828,0.1637289461173653
6708.0,111.8,注入中间浆,0.4506583397969209,0.4506583397969209,194.6040080160319,160.26212424849686,182.27615230460907,0.07815631262507265,0.1920522218907147,0.26623788949095045,0.051854756384887124,0.0,0.41013829663169266,0.16262815836290848
6712.0,111.86666666666666,注入中间浆,0.4573577217178074,0.4573577217178074,197.24569138276536,162.90380761523033,184.91783567134252,0.0781563126250726,0.19330757972608786,0.25990237158666174,0.05065259668194111,0.0,0.4162976786821471,0.16132508452309122
6716.0,111.93333333333334,注入中间浆,0.46404074943200624,0.46404074943200624,199.88737474949883,165.54549098196378,187.559519038076,0.07815631262507265,0.19450338967784886,0.2539908150598643,0.04952950872531714,0.0,0.4224169033467605,0.15991996337073255
6720.0,112.0,注入中间浆,0.47072770947107107,0.47072770947107107,202.5290581162323,168.18717434869725,190.20120240480946,0.07815631262507265,0.19571260153218364,0.24839125320293828,0.04846446879912214,0.0,0.4285785707634673,0.15856868171691538
6724.0,112.06666666666666,注入中间浆,0.4774093274735286,0.4774093274735286,205.17074148296575,170.82885771543073,192.8428857715429,0.0781563126250726,0.1969053529703636,0.2429499281067871,0.047428382299869454,0.0,0.434764791823134,0.15710412208422486
6728.0,112.13333333333334,注入中间浆,0.48406958275129147,0.48406958275129147,208.6929859719437,173.47054108216417,191.08176352705394,0.08016032064110012,0.19802389789575472,0.2436523076733699,0.047562186269527795,0.0,0.4409406774441317,0.15556481293492025
6732.0,112.2,注入中间浆,0.49069592370484516,0.49069592370484516,211.33466933867717,176.11222444889765,193.7234468937874,0.08016032064110012,0.19902660741254777,0.23822951861826225,0.04652865203663081,0.0,0.4470714370379202,0.15404891989933905
6736.0,112.26666666666667,注入中间浆,0.49728009564182263,0.49728009564182263,213.97635270541065,178.75390781563112,201.6484969939878,0.08016032064110012,0.1998829477118954,0.2329194986728197,0.0455155237837106,0.0,0.45309737445364073,0.1526200059849167
6740.0,112.33333333333333,注入中间浆,0.503850920128936,0.503850920128936,217.4985971943886,181.39559118236457,204.29018036072128,0.08216432865712765,0.20069147539672613,0.23341262839114268,0.04560965607387146,0.0,0.459070989373885,0.15140494765095525
6744.0,112.4,注入中间浆,0.5104320624549824,0.5104320624549824,220.14028056112207,184.03727454909804,201.6484969939878,0.08216432865712765,0.20153644759757366,0.2282924492657588,0.04463182558931034,0.0,0.46504099806408405,0.1502627371747271
6748.0,112.46666666666667,注入中间浆,0.5170134249525157,0.5170134249525157,222.78196392785551,186.67895791583152,204.29018036072128,0.08216432865712758,0.2023835511515315,0.22341449948013592,0.04369932319697545,0.0,0.47101510554167564,0.14908931891662613
6752.0,112.53333333333333,注入中间浆,0.52359037942364,0.52359037942364,226.3042084168335,189.32064128256496,206.93186372745473,0.08416833667315518,0.20321534624522072,0.22398617743000676,0.04380865614860752,0.0,0.4769848589717546,0.14789539603055163
6756.0,112.6,注入中间浆,0.5301627291999539,0.5301627291999539,228.94589178356694,191.96232464929844,209.5735470941882,0.08416833667315513,0.20403143876243462,0.21910709731627517,0.042875133915565966,0.0,0.4829662038050218,0.14670559553250953
6760.0,112.66666666666667,注入中间浆,0.5367450186747803,0.5367450186747803,232.46813627254488,194.6040080160319,212.21523046092167,0.08617234468918258,0.20488943525486822,0.21953328552845294,0.04295671350579211,0.0,0.4889961843361587,0.1454787644284224
6764.0,112.73333333333333,注入中间浆,0.5433229236593257,0.5433229236593257,235.10981963927836,197.24569138276536,214.85691382765512,0.08617234468918265,0.20574646843448827,0.21503175521764273,0.04209469365058516,0.0,0.4950702148596023,0.14411970963506016
6768.0,112.8,注入中间浆,0.549881861079007,0.549881861079007,238.6320641282563,199.88737474949883,217.4985971943886,0.08817635270521013,0.20654949782544074,0.21557166461592858,0.04219812448167004,0.0,0.5011408070797967,0.14263488569285082
6772.0,112.86666666666666,注入中间浆,0.5563824790565369,0.5563824790565369,241.27374749498978,202.5290581162323,220.14028056112207,0.08817635270521013,0.20715894351987088,0.21122625266131542,0.04136535391696394,0.0,0.5071294408145028,0.14115952131260273
6776.0,112.93333333333334,注入中间浆,0.5628524223055179,0.5628524223055179,243.91543086172325,205.17074148296575,222.78196392785551,0.08817635270521018,0.20766013348374682,0.20697078893742712,0.04054911962852026,0.0,0.5130204337890325,0.13982902972686118
6780.0,113.0,注入中间浆,0.5693309351100798,0.5693309351100798,247.4376753507012,207.81242484969923,226.3042084168335,0.09018036072123765,0.2081946463855733,0.20734678589768327,0.040621267038672526,0.0,0.5188755869098218,0.13866753355744726
6784.0,113.06666666666666,注入中间浆,0.5758177206452428,0.5758177206452428,250.07935871743467,210.4541082164327,228.94589178356694,0.09018036072123765,0.208760834985708,0.20286305044231745,0.039760561090552815,0.0,0.5247182667220657,0.13755614132512733
6788.0,113.13333333333334,注入中间浆,0.5823128453486828,0.5823128453486828,253.60160320641262,213.09579158316615,231.5875751503004,0.09218436873726518,0.2093691843324145,0.20182895600138676,0.039561944899323076,0.0,0.5305750634596429,0.1364642512709679
6792.0,113.2,注入中间浆,0.5888157853182483,0.5888157853182483,256.24328657314607,215.73747494989962,234.22925851703388,0.09218436873726513,0.20999891421094063,0.19655134855016976,0.03854764667950383,0.0,0.5364283263256492,0.13536473767727394
6796.0,113.26666666666667,注入中间浆,0.5953394115434639,0.5953394115434639,258.88496993987957,218.3791583166331,236.87094188376733,0.09218436873726518,0.2107206707481279,0.19201302271355644,0.037674573699328584,0.0,0.5423224330650867,0.13425553444749208
6800.0,113.33333333333333,注入中间浆,0.6018745045307771,0.6018745045307771,262.4072144288575,221.02084168336654,235.99038076152286,0.09418837675329272,0.21147795680600634,0.1920536336841144,0.0376823898614973,0.0,0.5482426224426264,0.13307870399264282
6804.0,113.4,注入中间浆,0.6084142977050965,0.6084142977050965,265.04889779559096,223.66252505010002,238.6320641282563,0.09418837675329265,0.21224553084418069,0.1883259467194327,0.0369646785922072,0.0,0.5541661497943342,0.13185923267409416
6808.0,113.46666666666667,注入中间浆,0.614920767218643,0.614920767218643,268.5711422845689,226.3042084168335,241.27374749498978,0.09619238476932013,0.2129370338729577,0.18828630636075117,0.036957043548828894,0.0,0.5600502918669064,0.13064128012974416
6812.0,113.53333333333333,注入中间浆,0.6214132370151917,0.6214132370151917,271.21282565130235,228.94589178356694,243.91543086172325,0.09619238476932013,0.213612544427356,0.18352265522155098,0.03603908620008789,0.0,0.5659202975687532,0.12942167651272501
6816.0,113.6,注入中间浆,0.6278985429313906,0.6278985429313906,274.73507014028036,231.5875751503004,246.5571142284567,0.09819639278534772,0.21428503289916498,0.18208822909649994,0.03576250038413631,0.0,0.5718045270447129,0.1282310304152796
6820.0,113.66666666666667,注入中间浆,0.634380002237136,0.634380002237136,277.3767535070138,234.22925851703388,250.07935871743467,0.09819639278534766,0.21494663722738014,0.1771426255127724,0.03480828125624691,0.0,0.5776924934669418,0.12701314278726036
6824.0,113.73333333333333,注入中间浆,0.640870121083745,0.640870121083745,280.89899799599175,236.87094188376733,252.72104208416812,0.10020040080137518,0.21563854989625808,0.1764597659782313,0.03467645418095344,0.0,0.5836086888568233,0.12580746687452976
6828.0,113.8,注入中间浆,0.6473806136248196,0.6473806136248196,283.5406813627252,239.5126252505008,255.3627254509016,0.10020040080137511,0.2163790201655971,0.17276344278300143,0.03396256077272719,0.0,0.5895734326821562,0.12456760614649001
6832.0,113.86666666666666,注入中间浆,0.6538981420932469,0.6538981420932469,286.1823647294587,242.15430861723428,258.00440881763507,0.10020040080137518,0.21714094579494445,0.1694582708242824,0.03332376569218809,0.0,0.5955869528521396,0.12327395110846148
6836.0,113.93333333333334,注入中间浆,0.6604513623158248,0.6604513623158248,289.70460921843664,244.79599198396772,260.6460921843685,0.10220440881740271,0.2180298364641569,0.16971705157771472,0.03337379583834088,0.0,0.6017430867129085,0.12192138814512998
6840.0,114.0,注入中间浆,0.6670133576174551,0.6670133576174551,292.3462925851701,247.4376753507012,263.28777555110196,0.10220440881740266,0.2189286934611828,0.1667331828176454,0.03279676653084129,0.0,0.6079599667922444,0.12045236400168097
6844.0,114.06666666666666,注入中间浆,0.6735603594129744,0.6735603594129744,294.98797595190354,250.07935871743467,265.92945891783546,0.10220440881740259,0.21979262160922677,0.16372806882801885,0.03221528061165624,0.0,0.6142311810956131,0.11889940618001182
6848.0,114.13333333333334,注入中间浆,0.6800953786567252,0.6800953786567252,298.51022044088154,252.72104208416812,269.4517034068134,0.10420841683343025,0.22060948529665733,0.1630954718832371,0.03209282933425084,0.0,0.6204096210807158,0.1173194797362188
6852.0,114.2,注入中间浆,0.6866338125546563,0.6866338125546563,301.151903807615,255.3627254509016,272.09338677354685,0.10420841683343018,0.2214273984828207,0.1593174792592938,0.03136120373115914,0.0,0.626668024969741,0.11576848101357541
6856.0,114.26666666666667,注入中间浆,0.6931951095715686,0.6931951095715686,303.79358717434843,258.00440881763507,274.73507014028036,0.10420841683343011,0.22231383584016884,0.15602921025493582,0.030723965226926664,0.0,0.6330925347174743,0.11403148681318476
6860.0,114.33333333333333,注入中间浆,0.6997237732689344,0.6997237732689344,306.43527054108193,260.6460921843685,277.3767535070138,0.10420841683343025,0.22307945570575263,0.15309805089937048,0.030155578136400796,0.0,0.6393478671910178,0.11216415978688196
6864.0,114.4,注入中间浆,0.7062768491710555,0.7062768491710555,309.9575150300599,263.28777555110196,280.01843687374725,0.10621242484945778,0.22393851445991417,0.15326746603659921,0.030188438844851673,0.0,0.6456897557292101,0.11060919421304882
6868.0,114.46666666666667,注入中间浆,0.7127424471788858,0.7127424471788858,312.5991983967933,265.92945891783546,282.66012024048075,0.10621242484945766,0.22449100365800104,0.1505792197119829,0.029666880176628996,0.0,0.6513717183584876,0.10864575485246791
6872.0,114.53333333333333,注入中间浆,0.7193298342161676,0.7193298342161676,315.2408817635268,268.5711422845689,286.1823647294587,0.10621242484945766,0.22543690380118514,0.14797304226880856,0.029160976282701534,0.0,0.6579045082940176,0.10762789918984172
6876.0,114.6,注入中间浆,0.7258733610769094,0.7258733610769094,317.8825651302603,271.21282565130235,288.82404809619214,0.10621242484945778,0.22624232079533071,0.1454236183359073,0.028665834012261526,0.0,0.6641751454227705,0.105838495878595
6880.0,114.66666666666667,注入中间浆,0.7323752174094451,0.7323752174094451,321.4048096192382,273.85450901803586,291.4657314629256,0.10821643286548518,0.22690338681747238,0.14566943894544476,0.028713587629719095,0.0,0.6701773477858483,0.10414377466604414
6884.0,114.73333333333333,注入中间浆,0.7389717110873607,0.7389717110873607,324.04649298597167,275.6156312625248,294.1074148296591,0.11022044088151271,0.2278945755060968,0.14599579646711772,0.02877698288601993,0.0,0.676811541603853,0.10267898457196444
6888.0,114.8,注入中间浆,0.7455053019348461,0.7455053019348461,326.6881763527051,278.2573146292583,296.74909819639254,0.11022044088151259,0.22865447601990002,0.14377261388295381,0.02834504564620388,0.0,0.6829823358908863,0.10055100355218424
6892.0,114.86666666666666,注入中间浆,0.7519727456035433,0.7519727456035433,329.3298597194386,280.89899799599175,299.390781563126,0.11022044088151271,0.22921794396352693,0.14168760791814913,0.027939779878810245,0.0,0.6887865543384203,0.09888921118547099
6896.0,114.93333333333334,注入中间浆,0.758473156123674,0.758473156123674,331.97154308617206,283.5406813627252,302.91302605210393,0.11022044088151271,0.22987938860730953,0.13974905374129043,0.027562828529496097,0.0,0.6949928626948677,0.09758145396180615
6900.0,115.0,注入中间浆,0.7649944511102171,0.7649944511102171,334.6132264529055,286.1823647294587,305.55470941883743,0.11022044088151259,0.23059854123011214,0.13795252094925065,0.027213362697224075,0.0,0.7014090828009759,0.09578595939430258
6904.0,115.06666666666666,注入中间浆,0.7715012089003753,0.7715012089003753,337.254909819639,288.82404809619214,308.1963927855709,0.11022044088151271,0.23127361739308336,0.13629049731477463,0.026889950071759317,0.0,0.7077448659289174,0.09380585497728343
6908.0,115.13333333333334,注入中间浆,0.7778521905765672,0.7778521905765672,340.77715430861696,291.4657314629256,310.8380761523043,0.11222444889754025,0.23146222638153013,0.13718482509329918,0.027063990376229863,0.0,0.7130808103436922,0.0916800871975103
6912.0,115.2,注入中间浆,0.7843049648718242,0.7843049648718242,343.4188376753504,294.1074148296591,337.254909819639,0.11222444889754012,0.23197471790467114,0.13574795508047577,0.026784353682671513,0.0,0.7192550988770634,0.090703738064431
6916.0,115.26666666666667,注入中间浆,0.790838542940045,0.790838542940045,346.06052104208385,296.74909819639254,339.89659318637246,0.11222444889754012,0.23271943490017824,0.13445294758193996,0.02653225672540105,0.0,0.7259630482831082,0.08883911028806615
6920.0,115.33333333333333,注入中间浆,0.7972819342602062,0.7972819342602062,348.70220440881735,299.390781563126,343.4188376753504,0.11222444889754025,0.2331753162157496,0.1332645829293206,0.02630086229707984,0.0,0.7322171183556824,0.08638045769458862
6924.0,115.4,注入中间浆,0.8035822051630059,0.8035822051630059,351.3438877755508,302.0324649298595,346.06052104208385,0.11222444889754012,0.23321587906702893,0.1321654895476943,0.026086801515074032,0.0,0.7375683945699351,0.08424289038798918
6928.0,115.46666666666667,注入中间浆,0.8100300996681482,0.8100300996681482,353.98557114228424,304.67414829659293,349.58276553106185,0.11222444889754012,0.23370236821817195,0.13119664576599127,0.025898069281205305,0.0,0.7440354002430702,0.08304895513557149
6932.0,115.53333333333333,注入中间浆,0.8164589070698556,0.8164589070698556,356.62725450901775,307.3158316633264,352.2244488977953,0.11222444889754025,0.23415351313387037,0.13032538017688994,0.025728314192955626,0.0,0.7501567328335119,0.0808000321980414
6936.0,115.6,注入中间浆,0.8228489599163025,0.8228489599163025,359.2689378757512,309.0769539078154,355.74669338677325,0.11422845691356766,0.2343943437603786,0.13184078179101852,0.026023552027360952,0.0,0.7566028091671938,0.078850213426756
6940.0,115.66666666666667,注入中间浆,0.8291665741632118,0.8291665741632118,362.79118236472914,311.7186372745488,358.3883767535067,0.11623246492959519,0.23447136150516676,0.1334008023641955,0.02632738928498435,0.0,0.7624301166638052,0.07635641655880744
6944.0,115.73333333333333,注入中间浆,0.8355076859208911,0.8355076859208911,365.43286573146264,314.3603206412823,361.91062124248464,0.11623246492959519,0.23459606355064702,0.13276705492835253,0.02620396895933985,0.0,0.7687166726817287,0.07458503198771223
6948.0,115.8,注入中间浆,0.8418042824366939,0.8418042824366939,368.0745490981961,317.0020040080158,364.55230460921814,0.11623246492959519,0.23466718893593647,0.1322711176885058,0.026107375825844215,0.0,0.7743660935407448,0.07238428284366034
6952.0,115.86666666666666,注入中间浆,0.848075052786345,0.848075052786345,370.71623246492953,319.6436873747492,367.1939879759516,0.11623246492959519,0.23459031400182342,0.13205877617484651,0.026066015380804775,0.0,0.7803665425865658,0.07086248317313512
6956.0,115.93333333333334,注入中间浆,0.8543819918542949,0.8543819918542949,373.35791583166304,322.2853707414827,370.71623246492953,0.11623246492959519,0.23459856388475722,0.13213305487449548,0.026080483783319286,0.0,0.7870434023914419,0.06902188531181791
6960.0,116.0,注入中间浆,0.8606679071462479,0.8606679071462479,375.9995991983965,324.04649298597167,373.35791583166304,0.11823647294562271,0.2345522798024198,0.13467188399746877,0.02657488129985619,0.0,0.7935158376937549,0.0668282885714256
6964.0,116.06666666666666,注入中间浆,0.8670961828578174,0.8670961828578174,379.5218436873744,326.6881763527051,376.880160320641,0.12024048096165024,0.23477368988825242,0.1374022163268051,0.027106291008495487,0.0,0.8011295047693695,0.06476753131127296
6968.0,116.13333333333334,注入中间浆,0.8732983101938196,0.8732983101938196,382.1635270541079,329.3298597194386,401.5358717434866,0.12024048096165012,0.2343192330935408,0.13791613592359175,0.027206283698115397,0.0,0.8082305786490751,0.061884267609065034
6972.0,116.2,注入尾浆,0.8798631446975922,0.8798631446975922,401.5358717434866,331.09098196392756,403.2969939879756,0.16032064128220025,0.23468433696465457,0.18486480096560884,0.03629780668205396,0.0,0.8172853470339707,0.059429682166810584
6976.0,116.26666666666667,注入尾浆,0.8861641138154498,0.8861641138154498,412.983166332665,333.73266533066106,419.1470941883764,0.1803607214424753,0.23433618355972005,0.20939716012325452,0.04101460346979746,0.0,0.8253953165498836,0.0558909543851878
6980.0,116.33333333333333,注入尾浆,0.8926990371374358,0.8926990371374358,426.1915831663323,336.3743486973945,429.71382765531024,0.2044088176348053,0.23414845362188375,0.23975819100685097,0.04682011654357443,0.0,0.8369428723193473,0.05317904463880893
6984.0,116.4,注入尾浆,0.8980820150309043,0.8980820150309043,434.9971943887772,338.13547094188345,437.63887775551063,0.22044088176302543,0.23132546934726556,0.26367272665351676,0.05136820219780491,0.0,0.8479475368495276,0.04875124104803249
6988.0,116.46666666666667,注入尾浆,0.9023201522118747,0.9023201522118747,439.39999999999964,340.77715430861696,437.63887775551063,0.22444889779508037,0.2270881515878679,0.27016598663009034,0.05259934518866227,0.0,0.8563909844624775,0.04482919622757174
6992.0,116.53333333333333,注入尾浆,0.9056601587295051,0.9056601587295051,438.51943887775514,343.4188376753504,437.63887775551063,0.21643286573097037,0.22173044574782774,0.2613212167456931,0.05092195385600873,0.0,0.8612736457108174,0.042261690932935914
6996.0,116.6,注入尾浆,0.9087734039698422,0.9087734039698422,439.39999999999964,345.1799599198394,437.63887775551063,0.21442885771494283,0.21606805910767624,0.25977057245216145,0.0506275717188962,0.0,0.8642597649645991,0.04192137308029409
7000.0,116.66666666666667,注入尾浆,0.9119418928810793,0.9119418928810793,439.39999999999964,347.82164328657285,437.63887775551063,0.20841683366686037,0.2104634223278626,0.2535119083795973,0.049438467031805655,0.0,0.8668647822953656,0.042038116777636504
7004.0,116.73333333333333,注入尾浆,0.9152935243591138,0.9152935243591138,439.39999999999964,350.4633266533063,438.51943887775514,0.2024048096187779,0.20471143145216947,0.2472625225062835,0.04824963907893964,0.0,0.869961030182805,0.04236941731244772
7008.0,116.8,注入尾浆,0.9187126877526227,0.9187126877526227,439.39999999999964,352.2244488977953,438.51943887775514,0.19839679358672282,0.19928797176873106,0.24343982237799697,0.047521709603429274,0.0,0.8730406159890625,0.04200157721656642
7012.0,116.86666666666666,注入尾浆,0.922360980396167,0.922360980396167,439.39999999999964,354.86613226452874,439.39999999999964,0.19238476953864037,0.1937316478514015,0.23707251426869097,0.046307992407843335,0.0,0.8772379255135052,0.04163632828525691
7016.0,116.93333333333334,注入尾浆,0.9260153180032193,0.9260153180032193,439.39999999999964,357.50781563126225,439.39999999999964,0.18637274549055777,0.18835204309343792,0.23062725147540267,0.04507784059045228,0.0,0.8815698112128586,0.04070944108044836
7020.0,117.0,注入尾浆,0.9298250422714601,0.9298250422714601,439.39999999999964,359.2689378757512,439.39999999999964,0.18236472945850285,0.1829358768521628,0.22658807752618934,0.04430610957487724,0.0,0.8868368754300489,0.03975004980811149
7024.0,117.06666666666666,注入尾浆,0.9336061736830846,0.9336061736830846,439.39999999999964,361.91062124248464,436.7583166332662,0.17635270541042036,0.17769618080159716,0.22003338833656483,0.0430524327257793,0.0,0.8922055983060161,0.038476198509072766
7028.0,117.13333333333334,注入尾浆,0.9372321952744938,0.9372321952744938,439.39999999999964,364.55230460921814,439.39999999999964,0.17034068136233776,0.17214401832012882,0.21339402713270886,0.04178088457541407,0.0,0.8987950574985903,0.037324502149203895
7032.0,117.2,注入尾浆,0.9401984833542623,0.9401984833542623,439.39999999999964,366.3134268537071,439.39999999999964,0.16633266533028285,0.16681165795146025,0.20923993238007912,0.0409844471737324,0.0,0.904159529237169,0.03530107248022089
7036.0,117.26666666666667,注入尾浆,0.9427037206756812,0.9427037206756812,439.39999999999964,368.9551102204406,436.7583166332662,0.16032064128220025,0.1618124818367356,0.20240982970015625,0.03967351705936528,0.0,0.9084663520484237,0.03401462797749682
7040.0,117.33333333333333,注入尾浆,0.9450380685615722,0.9450380685615722,439.39999999999964,371.59679358717403,437.63887775551063,0.1543086172341178,0.15666532848232545,0.19535085450272371,0.03831677539924028,0.0,0.9119294987991717,0.033003776826326416
7044.0,117.4,注入尾浆,0.9472166305612651,0.9472166305612651,439.39999999999964,373.35791583166304,437.63887775551063,0.1503006012020627,0.15166025637337904,0.19073625138211714,0.0374288084188944,0.0,0.9147567945637507,0.032091023018928605
7048.0,117.46666666666667,注入尾浆,0.9493053049128067,0.9493053049128067,439.39999999999964,375.9995991983965,438.51943887775514,0.14428857715398025,0.1466239646636006,0.18352067524173668,0.036038704475382044,0.0,0.9171123481562506,0.03104127132133042
7052.0,117.53333333333333,注入尾浆,0.9514261364378268,0.9514261364378268,439.39999999999964,378.6412825651299,438.51943887775514,0.1382765531058978,0.1415541729805469,0.17627665389048505,0.03464110105163376,0.0,0.9199230616655004,0.030575471060806284
7056.0,117.6,注入尾浆,0.9535851809587953,0.9535851809587953,439.39999999999964,381.28296593186343,439.39999999999964,0.1322645290578152,0.13652230592545408,0.16903409772643083,0.033241754602962414,0.0,0.9227911037347534,0.029700672096790174
7060.0,117.66666666666667,注入尾浆,0.9557636660195866,0.9557636660195866,439.39999999999964,383.0440881763524,439.39999999999964,0.12825651302576024,0.13135916097738504,0.1643046785888499,0.032326880999661745,0.0,0.926112363115883,0.029025403005438533
7064.0,117.73333333333333,注入尾浆,0.9579096885482855,0.9579096885482855,439.39999999999964,403.2969939879756,438.51943887775514,0.08216432865712765,0.12633348414076095,0.10547610278229154,0.02087427276611531,0.0,0.9295790311646653,0.028224483152209375
7068.0,117.8,注入尾浆,0.9599582838309864,0.9599582838309864,439.39999999999964,423.54989979959885,438.51943887775514,0.03607214428849506,0.12133374308702274,0.04638793126074934,0.009234682233245972,0.0,0.9329325486115435,0.02732081140481634
7072.0,117.86666666666666,注入尾浆,0.9620284926483396,0.9620284926483396,439.39999999999964,424.43046092184335,439.39999999999964,0.03406813627246753,0.11636161460997764,0.04387956915169213,0.008737517900444747,0.0,0.9365204943600549,0.026636667653078053
7076.0,117.93333333333334,注入尾浆,0.9640016208505547,0.9640016208505547,439.39999999999964,438.51943887775514,439.39999999999964,0.002004008016027532,0.11156209003171068,0.0025850476027809866,0.0005168758941637153,0.0,0.94007434647732,0.02562617241308816
7080.0,118.0,注入尾浆,0.9656967824541636,0.9656967824541636,439.39999999999964,439.39999999999964,439.39999999999964,0.0,0.1072768229192627,0.0,0.0,0.0,0.9433923935992345,0.02483234722709252
7084.0,118.06666666666666,注入尾浆,0.967190275755072,0.967190275755072,439.39999999999964,439.39999999999964,439.39999999999964,0.0,0.10347216690249973,0.0,0.0,0.0,0.9467518872985274,0.02391631723171492
7088.0,118.13333333333334,注入尾浆,0.9683812262295938,0.9683812262295938,439.39999999999964,439.39999999999964,439.39999999999964,0.0,0.10014794071186828,0.0,0.0,0.0,0.9490210283386876,0.022669812064613548
7092.0,118.2,注入尾浆,0.9694375757115273,0.9694375757115273,439.39999999999964,439.39999999999964,439.39999999999964,0.0,0.09718281391752749,0.0,0.0,0.0,0.9508284679379987,0.021919425061937774
7096.0,118.26666666666667,注入尾浆,0.9704359364078669,0.9704359364078669,439.39999999999964,439.39999999999964,439.39999999999964,0.0,0.09424203810838656,0.0,0.0,0.0,0.9525102676615849,0.021109532008147126
7100.0,118.33333333333333,注入尾浆,0.971400088768072,0.971400088768072,439.39999999999964,439.39999999999964,439.39999999999964,0.0,0.09140918190483399,0.0,0.0,0.0,0.954054066474705,0.020478962737200346
7104.0,118.4,注入尾浆,0.9723218142536331,0.9723218142536331,439.39999999999964,439.39999999999964,439.39999999999964,0.0,0.08861125204680693,0.0,0.0,0.0,0.9553555654121386,0.019808457751926568
7108.0,118.46666666666667,注入尾浆,0.973235838083344,0.973235838083344,439.39999999999964,439.39999999999964,439.39999999999964,0.0,0.08583073774967877,0.0,0.0,0.0,0.9565532719095052,0.019306520671339162
7112.0,118.53333333333333,注入尾浆,0.974140626787329,0.974140626787329,439.39999999999964,439.39999999999964,439.39999999999964,0.0,0.08304304941548256,0.0,0.0,0.0,0.957713819423037,0.01889202966753945
7116.0,118.6,注入尾浆,0.9750201322821849,0.9750201322821849,439.39999999999964,439.39999999999964,439.39999999999964,0.0,0.08031812963717347,0.0,0.0,0.0,0.9586956103905857,0.01848250968951568
7120.0,118.66666666666667,注入尾浆,0.9759334832455964,0.9759334832455964,439.39999999999964,439.39999999999964,439.39999999999964,0.0,0.07749344653796764,0.0,0.0,0.0,0.9599300339840403,0.018178460059750403
7124.0,118.73333333333333,注入尾浆,0.976805195106201,0.976805195106201,439.39999999999964,439.39999999999964,439.39999999999964,0.0,0.07474371518849145,0.0,0.0,0.0,0.9609830479218999,0.017768044638260046
7128.0,118.8,注入尾浆,0.9777086956557058,0.9777086956557058,439.39999999999964,439.39999999999964,439.39999999999964,0.0,0.07195861630844878,0.0,0.0,0.0,0.9624321990734241,0.017469441374611674
7132.0,118.86666666666666,注入尾浆,0.9785721391556604,0.9785721391556604,439.39999999999964,439.39999999999964,439.39999999999964,0.0,0.06925501576156719,0.0,0.0,0.0,0.963631071700046,0.016914964841318714
7136.0,118.93333333333334,注入尾浆,0.9794098839517494,0.9794098839517494,439.39999999999964,439.39999999999964,439.39999999999964,0.0,0.06663983256622506,0.0,0.0,0.0,0.9648344235842801,0.016554433203605133
7140.0,119.0,注入尾浆,0.9802426487321365,0.9802426487321365,439.39999999999964,439.39999999999964,439.39999999999964,0.0,0.06402873167355823,0.0,0.0,0.0,0.9660772194318213,0.01616958299152071
7144.0,119.06666666666666,注入尾浆,0.9810125038825296,0.9810125038825296,439.39999999999964,439.39999999999964,439.39999999999964,0.0,0.061620482932414254,0.0,0.0,0.0,0.9670103872787051,0.01582748544712712
7148.0,119.13333333333334,注入尾浆,0.9817766465972703,0.9817766465972703,439.39999999999964,439.39999999999964,439.39999999999964,0.0,0.05917577894010119,0.0,0.0,0.0,0.9680076181006724,0.015630193423561572
7152.0,119.2,注入尾浆,0.9825355613957973,0.9825355613957973,439.39999999999964,439.39999999999964,439.39999999999964,0.0,0.05681186359120745,0.0,0.0,0.0,0.9690329683763536,0.015559698065955528
7156.0,119.26666666666667,注入尾浆,0.9832636429276969,0.9832636429276969,439.39999999999964,439.39999999999964,439.39999999999964,0.0,0.054507783081474886,0.0,0.0,0.0,0.9700309128410156,0.015442063673345155
7160.0,119.33333333333333,注入尾浆,0.9839925700634597,0.9839925700634597,439.39999999999964,439.39999999999964,439.39999999999964,0.0,0.052248111199072376,0.0,0.0,0.0,0.9711389436300762,0.015460054556631386
7164.0,119.4,注入尾浆,0.9847373917869698,0.9847373917869698,439.39999999999964,439.39999999999964,439.39999999999964,0.0,0.049979202963107774,0.0,0.0,0.0,0.9724767727885012,0.015393457803005356
7168.0,119.46666666666667,注入尾浆,0.9854237536934397,0.9854237536934397,439.39999999999964,439.39999999999964,439.39999999999964,0.0,0.04791551315114533,0.0,0.0,0.0,0.9737569989218584,0.015160772781330274
7172.0,119.53333333333333,注入尾浆,0.9860633289849609,0.9860633289849609,439.39999999999964,439.39999999999964,439.39999999999964,0.0,0.04599199438764818,0.0,0.0,0.0,0.9750840411118177,0.014883424033585698
7176.0,119.6,注入尾浆,0.9866110463899826,0.9866110463899826,439.39999999999964,439.39999999999964,439.39999999999964,0.0,0.04437430281124787,0.0,0.0,0.0,0.9760461453824418,0.014464783373802982
7180.0,119.66666666666667,注入尾浆,0.9871456175099831,0.9871456175099831,439.39999999999964,439.39999999999964,439.39999999999964,0.0,0.04276089839983628,0.0,0.0,0.0,0.9772176620070919,0.014073472582741749
7184.0,119.73333333333333,注入尾浆,0.9876014437740244,0.9876014437740244,439.39999999999964,439.39999999999964,439.39999999999964,0.0,0.04140824521172097,0.0,0.0,0.0,0.977987483398835,0.013569526599632445
7188.0,119.8,注入尾浆,0.9880323855051414,0.9880323855051414,439.39999999999964,439.39999999999964,439.39999999999964,0.0,0.04009478027244866,0.0,0.0,0.0,0.9787329421005252,0.013169430939709586
7192.0,119.86666666666666,注入尾浆,0.9884670119498947,0.9884670119498947,439.39999999999964,439.39999999999964,439.39999999999964,0.0,0.03877857735735267,0.0,0.0,0.0,0.9796111329819945,0.012832813469851911
7196.0,119.93333333333334,注入尾浆,0.9888409621201089,0.9888409621201089,439.39999999999964,439.39999999999964,439.39999999999964,0.0,0.037621560997113376,0.0,0.0,0.0,0.9801374482079512,0.012351938755264242
7200.0,120.0,注入尾浆,0.9892444062132102,0.9892444062132102,439.39999999999964,439.39999999999964,439.39999999999964,0.0,0.03637396491643707,0.0,0.0,0.0,0.9808657332056322,0.012090634092487246
7204.0,120.06666666666666,注入尾浆,0.9896123928651291,0.9896123928651291,439.39999999999964,439.39999999999964,439.39999999999964,0.0,0.03522117843913247,0.0,0.0,0.0,0.9814706961380208,0.011697540654017584
7208.0,120.13333333333334,注入尾浆,0.989990079592669,0.989990079592669,439.39999999999964,439.39999999999964,439.39999999999964,0.0,0.03404492780671616,0.0,0.0,0.0,0.9821356114435408,0.011389715716964748
7212.0,120.2,注入尾浆,0.9903495063502479,0.9903495063502479,439.39999999999964,439.39999999999964,439.39999999999964,0.0,0.032897262852528406,0.0,0.0,0.0,0.9827552433227887,0.011013737630452498
7216.0,120.26666666666667,注入尾浆,0.9906966631176233,0.9906966631176233,439.39999999999964,439.39999999999964,439.39999999999964,0.0,0.03180039463508272,0.0,0.0,0.0,0.9833147444663777,0.01070973394315542
7220.0,120.33333333333333,注入尾浆,0.9910436406973613,0.9910436406973613,439.39999999999964,439.39999999999964,439.39999999999964,0.0,0.03068531861306842,0.0,0.0,0.0,0.9839123344834204,0.010400015392272583
7224.0,120.4,注入尾浆,0.9913657268814735,0.9913657268814735,439.39999999999964,439.39999999999964,439.39999999999964,0.0,0.02965359536595173,0.0,0.0,0.0,0.9843902499840548,0.010108728465858792
7228.0,120.46666666666667,注入尾浆,0.9916989251915138,0.9916989251915138,439.39999999999964,439.39999999999964,439.39999999999964,0.0,0.028581055417635236,0.0,0.0,0.0,0.9849664963309848,0.009853535651776836
7232.0,120.53333333333333,注入尾浆,0.9920033837191488,0.9920033837191488,439.39999999999964,439.39999999999964,439.39999999999964,0.0,0.02759554732891346,0.0,0.0,0.0,0.9853820885845753,0.009554054384336423
7236.0,120.6,注入尾浆,0.9923092208693559,0.9923092208693559,439.39999999999964,439.39999999999964,439.39999999999964,0.0,0.026599092452893127,0.0,0.0,0.0,0.9858211907750262,0.009361962919212891
7240.0,120.66666666666667,注入尾浆,0.9926105008912833,0.9926105008912833,439.39999999999964,439.39999999999964,439.39999999999964,0.0,0.02561809463559155,0.0,0.0,0.0,0.9862526819951308,0.009172311723563663
7244.0,120.73333333333333,注入尾浆,0.9929151848503687,0.9929151848503687,439.39999999999964,439.39999999999964,439.39999999999964,0.0,0.024621024134026514,0.0,0.0,0.0,0.9867116168679871,0.00899929560280146
7248.0,120.8,注入尾浆,0.9932177288559917,0.9932177288559917,439.39999999999964,439.39999999999964,439.39999999999964,0.0,0.023634717111848638,0.0,0.0,0.0,0.9871917300843533,0.0088140605474237
7252.0,120.86666666666666,注入尾浆,0.9935193924129735,0.9935193924129735,439.39999999999964,439.39999999999964,439.39999999999964,0.0,0.02264813259800686,0.0,0.0,0.0,0.9877475028243557,0.008606936679864544
7256.0,120.93333333333334,注入尾浆,0.9938032357558446,0.9938032357558446,439.39999999999964,439.39999999999964,439.39999999999964,0.0,0.021722955621973676,0.0,0.0,0.0,0.988280171293391,0.008343126462953427
7260.0,121.0,注入尾浆,0.9940736310176738,0.9940736310176738,439.39999999999964,439.39999999999964,439.39999999999964,0.0,0.020838616374735684,0.0,0.0,0.0,0.9888255130016375,0.008054156116644551
7264.0,121.06666666666666,注入尾浆,0.994321148906548,0.994321148906548,439.39999999999964,439.39999999999964,439.39999999999964,0.0,0.020027705910425325,0.0,0.0,0.0,0.9892914619831606,0.007735207850789123
7268.0,121.13333333333334,注入尾浆,0.9945532864094945,0.9945532864094945,439.39999999999964,439.39999999999964,439.39999999999964,0.0,0.019263721641894188,0.0,0.0,0.0,0.9897218638109866,0.007446219221338782
7272.0,121.2,注入尾浆,0.994771125411766,0.994771125411766,439.39999999999964,439.39999999999964,439.39999999999964,0.0,0.018543940676210277,0.0,0.0,0.0,0.9901029861250464,0.007170698728963529
7276.0,121.26666666666667,注入尾浆,0.9949775737538243,0.9949775737538243,439.39999999999964,439.39999999999964,439.39999999999964,0.0,0.017858970038881,0.0,0.0,0.0,0.9904414895423366,0.006922286079603251
7280.0,121.33333333333333,注入尾浆,0.9951752747008661,0.9951752747008661,439.39999999999964,439.39999999999964,439.39999999999964,0.0,0.017199942987701635,0.0,0.0,0.0,0.9907450023911563,0.006699102158388526
7284.0,121.4,注入尾浆,0.9953672884744106,0.9953672884744106,439.39999999999964,439.39999999999964,439.39999999999964,0.0,0.016556607945729985,0.0,0.0,0.0,0.9910310994132877,0.006497950556947739
7288.0,121.46666666666667,注入尾浆,0.9955553109062851,0.9955553109062851,439.39999999999964,439.39999999999964,439.39999999999964,0.0,0.015923460185839934,0.0,0.0,0.0,0.9913098364539655,0.006307878135717391
7292.0,121.53333333333333,注入尾浆,0.9957404542576318,0.9957404542576318,439.39999999999964,439.39999999999964,439.39999999999964,0.0,0.015296948874365284,0.0,0.0,0.0,0.9915901921979694,0.006122510813874692
7296.0,121.6,注入尾浆,0.9959228300035486,0.9959228300035486,439.39999999999964,439.39999999999964,439.39999999999964,0.0,0.01467702344942803,0.0,0.0,0.0,0.9918760671760715,0.005935934893241738
7300.0,121.66666666666667,注入尾浆,0.9961019741767331,0.9961019741767331,439.39999999999964,439.39999999999964,439.39999999999964,0.0,0.014065616423724352,0.0,0.0,0.0,0.9921684350675704,0.005745442858886466
7304.0,121.73333333333333,注入尾浆,0.996277032083927,0.996277032083927,439.39999999999964,439.39999999999964,439.39999999999964,0.0,0.01346598683160967,0.0,0.0,0.0,0.9924652154460777,0.005550161224176615
7308.0,121.8,注入尾浆,0.996447075931188,0.996447075931188,439.39999999999964,439.39999999999964,439.39999999999964,0.0,0.012881596031573737,0.0,0.0,0.0,0.9927625365817588,0.0053512626266032075
7312.0,121.86666666666666,注入尾浆,0.9966113369839973,0.9966113369839973,439.39999999999964,439.39999999999964,439.39999999999964,0.0,0.012315296927295976,0.0,0.0,0.0,0.9930560041635823,0.005151182146942136
7316.0,121.93333333333334,注入尾浆,0.9967693440099544,0.9967693440099544,439.39999999999964,439.39999999999964,439.39999999999964,0.0,0.01176886593703058,0.0,0.0,0.0,0.9933418457038382,0.0049528007265368535
7320.0,122.0,注入尾浆,0.9969209289204944,0.9969209289204944,439.39999999999964,439.39999999999964,439.39999999999964,0.0,0.011243013812519829,0.0,0.0,0.0,0.9936174953707064,0.004758668211213336
7324.0,122.06666666666666,注入尾浆,0.9970661857405781,0.9970661857405781,439.39999999999964,439.39999999999964,439.39999999999964,0.0,0.010737540706145342,0.0,0.0,0.0,0.9938817627302615,0.004570586957954019
7328.0,122.13333333333334,注入尾浆,0.9972053813773732,0.9972053813773732,439.39999999999964,439.39999999999964,439.39999999999964,0.0,0.010251638860527662,0.0,0.0,0.0,0.994134523865593,0.004389438338648752
7332.0,122.2,注入尾浆,0.9973388629923088,0.9973388629923088,439.39999999999964,439.39999999999964,439.39999999999964,0.0,0.009784214321299318,0.0,0.0,0.0,0.9943762903889981,0.004215379000480381
7336.0,122.26666666666667,注入尾浆,0.997467015609396,0.997467015609396,439.39999999999964,439.39999999999964,439.39999999999964,0.0,0.009334037441247509,0.0,0.0,0.0,0.994608025282531,0.004048123363550521
7340.0,122.33333333333333,注入尾浆,0.9975902296183646,0.9975902296183646,439.39999999999964,439.39999999999964,439.39999999999964,0.0,0.008899844544201176,0.0,0.0,0.0,0.9948309660358835,0.003887057234536108
7344.0,122.4,注入尾浆,0.9977088779782648,0.9977088779782648,439.39999999999964,439.39999999999964,439.39999999999964,0.0,0.008480413059417187,0.0,0.0,0.0,0.9950464912225738,0.003731368442101831
7348.0,122.46666666666667,注入尾浆,0.9978232737694986,0.9978232737694986,439.39999999999964,439.39999999999964,439.39999999999964,0.0,0.008074696111871482,0.0,0.0,0.0,0.9952560482279352,0.0035801635770615512
7352.0,122.53333333333333,注入尾浆,0.9979335849096196,0.9979335849096196,439.39999999999964,439.39999999999964,439.39999999999964,0.0,0.0076821260073019915,0.0,0.0,0.0,0.9954607521775921,0.0034325229114785956
7356.0,122.6,注入尾浆,0.9980398165993054,0.9980398165993054,439.39999999999964,439.39999999999964,439.39999999999964,0.0,0.0073027154597120345,0.0,0.0,0.0,0.9956609501537436,0.003287781950957569
7360.0,122.66666666666667,注入尾浆,0.9981419098987635,0.9981419098987635,439.39999999999964,439.39999999999964,439.39999999999964,0.0,0.006936751381622065,0.0,0.0,0.0,0.9958562994181616,0.003145818954588252
7364.0,122.73333333333333,注入尾浆,0.9982398415129458,0.9982398415129458,439.39999999999964,439.39999999999964,439.39999999999964,0.0,0.006584431278920198,0.0,0.0,0.0,0.9960461910399266,0.00300698066275472
7368.0,122.8,注入尾浆,0.9983336399222598,0.9983336399222598,439.39999999999964,439.39999999999964,439.39999999999964,0.0,0.006245784206776098,0.0,0.0,0.0,0.9962300686457661,0.0028717605148663073
7372.0,122.86666666666666,注入尾浆,0.99842337916024,0.99842337916024,439.39999999999964,439.39999999999964,439.39999999999964,0.0,0.005920683543014944,0.0,0.0,0.0,0.996407614291598,0.002740580605203965
7376.0,122.93333333333334,注入尾浆,0.9985091663412068,0.9985091663412068,439.39999999999964,439.39999999999964,439.39999999999964,0.0,0.005608879567126489,0.0,0.0,0.0,0.9965787988690634,0.002613689507833753
7380.0,123.0,注入尾浆,0.9985911038003561,0.9985911038003561,439.39999999999964,439.39999999999964,439.39999999999964,0.0,0.005310133311344482,0.0,0.0,0.0,0.9967436035739891,0.002491148161828289
7384.0,123.06666666666666,注入尾浆,0.9986692858809364,0.9986692858809364,439.39999999999964,439.39999999999964,439.39999999999964,0.0,0.005024227257656016,0.0,0.0,0.0,0.9969019588353887,0.002373031463091625
7388.0,123.13333333333334,注入尾浆,0.9987438034093987,0.9987438034093987,439.39999999999964,439.39999999999964,439.39999999999964,0.0,0.004750948121235213,0.0,0.0,0.0,0.9970536767456906,0.002259459782021304
7392.0,123.2,注入尾浆,0.998814765212331,0.998814765212331,439.39999999999964,439.39999999999964,439.39999999999964,0.0,0.004490005641892973,0.0,0.0,0.0,0.9971985711884583,0.0021506265016983115
7396.0,123.26666666666667,注入尾浆,0.9988823049301848,0.9988823049301848,439.39999999999964,439.39999999999964,439.39999999999964,0.0,0.0042410078153694904,0.0,0.0,0.0,0.9973365316542884,0.002046696704365246
7400.0,123.33333333333333,注入尾浆,0.998946586962448,0.998946586962448,439.39999999999964,439.39999999999964,439.39999999999964,0.0,0.004003437106451345,0.0,0.0,0.0,0.9974676616649892,0.0019477514512651517
7404.0,123.4,注入尾浆,0.9990077940643906,0.9990077940643906,439.39999999999964,439.39999999999964,439.39999999999964,0.0,0.0037766946714292214,0.0,0.0,0.0,0.9975922050485224,0.0018536935888246212
7408.0,123.46666666666667,注入尾浆,0.9990661200281589,0.9990661200281589,439.39999999999964,439.39999999999964,439.39999999999964,0.0,0.0035601279046896524,0.0,0.0,0.0,0.9977105215376297,0.0017643133191717474
7412.0,123.53333333333333,注入尾浆,0.999121762949999,0.999121762949999,439.39999999999964,439.39999999999964,439.39999999999964,0.0,0.003353058656094937,0.0,0.0,0.0,0.9978230913220628,0.001679314034034822
7416.0,123.6,注入尾浆,0.9991749148594902,0.9991749148594902,439.39999999999964,439.39999999999964,439.39999999999964,0.0,0.003154823164988082,0.0,0.0,0.0,0.9979304905862071,0.0015983181758651476
7420.0,123.66666666666667,注入尾浆,0.9992257507676734,0.9992257507676734,439.39999999999964,439.39999999999964,439.39999999999964,0.0,0.002964813302591576,0.0,0.0,0.0,0.9980333101408156,0.0015208883357874321
7424.0,123.73333333333333,注入尾浆,0.9992744236610155,0.9992744236610155,439.39999999999964,439.39999999999964,439.39999999999964,0.0,0.00278249639499521,0.0,0.0,0.0,0.9981321078303789,0.001446586223193601
7428.0,123.8,注入尾浆,0.9993210629923103,0.9993210629923103,439.39999999999964,439.39999999999964,439.39999999999964,0.0,0.0026074225528574684,0.0,0.0,0.0,0.9982273810209396,0.0013750063506836135
7432.0,123.86666666666666,注入尾浆,0.9993657757284278,0.9993657757284278,439.39999999999964,439.39999999999964,439.39999999999964,0.0,0.002439222414841226,0.0,0.0,0.0,0.9983195659381064,0.0013057946120954168
7436.0,123.93333333333334,注入尾浆,0.9994086462956158,0.9994086462956158,439.39999999999964,439.39999999999964,439.39999999999964,0.0,0.002277608356962091,0.0,0.0,0.0,0.9984090239472369,0.0012386475507597165
7440.0,124.0,注入尾浆,0.9994497372443384,0.9994497372443384,439.39999999999964,439.39999999999964,439.39999999999964,0.0,0.0021223731311118253,0.0,0.0,0.0,0.9984960346035044,0.0011733217016538329
7444.0,124.06666666666666,注入尾浆,0.9994890928588903,0.9994890928588903,439.39999999999964,439.39999999999964,439.39999999999964,0.0,0.0019733778887218887,0.0,0.0,0.0,0.9985808067513812,0.0011096378685628207
7448.0,124.13333333333334,注入尾浆,0.9995267393957178,0.9995267393957178,439.39999999999964,439.39999999999964,439.39999999999964,0.0,0.0018305513784640155,0.0,0.0,0.0,0.9986634642619332,0.0010474723491043052
7452.0,124.2,注入尾浆,0.9995626883929734,0.9995626883929734,439.39999999999964,439.39999999999964,439.39999999999964,0.0,0.001693877817843571,0.0,0.0,0.0,0.998744027509628,0.0009867652806292047
7456.0,124.26666666666667,注入尾浆,0.9995969442966185,0.9995969442966185,439.39999999999964,439.39999999999964,439.39999999999964,0.0,0.0015633686150166005,0.0,0.0,0.0,0.9988224476232003,0.0009275320912573299
7460.0,124.33333333333333,注入尾浆,0.9996295110858608,0.9996295110858608,439.39999999999964,439.39999999999964,439.39999999999964,0.0,0.0014390375110050352,0.0,0.0,0.0,0.9988986460754,0.0008698359927063477
7464.0,124.4,注入尾浆,0.9996603929520306,0.9996603929520306,439.39999999999964,439.39999999999964,439.39999999999964,0.0,0.0013208969641134707,0.0,0.0,0.0,0.9989725189240302,0.0008137568701026588
7468.0,124.46666666666667,注入尾浆,0.9996895950708061,0.9996895950708061,439.39999999999964,439.39999999999964,439.39999999999964,0.0,0.0012089545988417721,0.0,0.0,0.0,0.9990439219606309,0.0007593865560435755
7472.0,124.53333333333333,注入尾浆,0.9997171290656846,0.9997171290656846,439.39999999999964,439.39999999999964,439.39999999999964,0.0,0.0011031930137471052,0.0,0.0,0.0,0.9991127001196394,0.0007068396073405344
7476.0,124.6,注入尾浆,0.9997430178232498,0.9997430178232498,439.39999999999964,439.39999999999964,439.39999999999964,0.0,0.0010035517327209764,0.0,0.0,0.0,0.9991787414995964,0.000656233015846864
7480.0,124.66666666666667,注入尾浆,0.9997672932922697,0.9997672932922697,439.39999999999964,439.39999999999964,439.39999999999964,0.0,0.0009099348882476844,0.0,0.0,0.0,0.9992419741648909,0.0006076479871415012
7484.0,124.73333333333333,注入尾浆,0.9997899941962534,0.9997899941962534,439.39999999999964,439.39999999999964,439.39999999999964,0.0,0.0008222195812679704,0.0,0.0,0.0,0.9993023580208099,0.0005611336264324412
7488.0,124.8,注入尾浆,0.999811164166592,0.999811164166592,439.39999999999964,439.39999999999964,439.39999999999964,0.0,0.0007402628521441245,0.0,0.0,0.0,0.9993598792896606,0.0005167142739024562
7492.0,124.86666666666666,注入尾浆,0.9998308516755974,0.9998308516755974,439.39999999999964,439.39999999999964,439.39999999999964,0.0,0.0006639016651085692,0.0,0.0,0.0,0.9994145439513552,0.0004743945637569393
7496.0,124.93333333333334,注入尾浆,0.9998491083181741,0.9998491083181741,439.39999999999964,439.39999999999964,439.39999999999964,0.0,0.0005929594103696182,0.0,0.0,0.0,0.9994663709101024,0.00043416497552113285
7500.0,125.0,注入尾浆,0.9998659874518718,0.9998659874518718,439.39999999999964,439.39999999999964,439.39999999999964,0.0,0.0005272510852390587,0.0,0.0,0.0,0.999515392278349,0.000396007253761843
7504.0,125.06666666666666,注入尾浆,0.9998815438227822,0.9998815438227822,439.39999999999964,439.39999999999964,439.39999999999964,0.0,0.000466584698726008,0.0,0.0,0.0,0.9995616515168764,0.00035989440283073056
7508.0,125.13333333333334,注入尾浆,0.9998958338249787,0.9998958338249787,439.39999999999964,439.39999999999964,439.39999999999964,0.0,0.0004107601982620814,0.0,0.0,0.0,0.9996051988178711,0.00032579219860362366
7512.0,125.2,注入尾浆,0.999908914221475,0.999908914221475,439.39999999999964,439.39999999999964,439.39999999999964,0.0,0.00035957446596631006,0.0,0.0,0.0,0.9996460885939156,0.0002936626226924161
7516.0,125.26666666666667,注入尾浆,0.9999208414591523,0.9999208414591523,439.39999999999964,439.39999999999964,439.39999999999964,0.0,0.00031282403603056515,0.0,0.0,0.0,0.9996843815823139,0.00026346569304953367
7520.0,125.33333333333333,注入尾浆,0.9999316730041558,0.9999316730041558,439.39999999999964,439.39999999999964,439.39999999999964,0.0,0.0002702998697030551,0.0,0.0,0.0,0.9997201480529835,0.00023515785491913884
7524.0,125.4,注入尾浆,0.9999414658166751,0.9999414658166751,439.39999999999964,439.39999999999964,439.39999999999964,0.0,0.00023179338043116427,0.0,0.0,0.0,0.9997534584632767,0.0002086896007569309
7528.0,125.46666666666667,注入尾浆,0.9999502751625259,0.9999502751625259,439.39999999999964,439.39999999999964,439.39999999999964,0.0,0.00019710116610524724,0.0,0.0,0.0,0.9997843851904287,0.00018401210712576643
7532.0,125.53333333333333,注入尾浆,0.9999581564952106,0.9999581564952106,439.39999999999964,439.39999999999964,439.39999999999964,0.0,0.00016601765671595705,0.0,0.0,0.0,0.9998130052688171,0.00016107573151673732
7536.0,125.6,注入尾浆,0.9999651637180222,0.9999651637180222,439.39999999999964,439.39999999999964,439.39999999999964,0.0,0.00013834200515209233,0.0,0.0,0.0,0.9998393968990728,0.00013982781413078782
7540.0,125.66666666666667,注入尾浆,0.9999713482565121,0.9999713482565121,439.39999999999964,439.39999999999964,439.39999999999964,0.0,0.00011388183562984996,0.0,0.0,0.0,0.9998636290944967,0.00012021495458305695
7544.0,125.73333333333333,注入尾浆,0.999976756489421,0.999976756489421,439.39999999999964,439.39999999999964,439.39999999999964,0.0,9.246347294968445e-05,0.0,0.0,0.0,0.9998857440971527,0.00010219023723175949
7548.0,125.8,注入尾浆,0.999981429067723,0.999981429067723,439.39999999999964,439.39999999999964,439.39999999999964,0.0,7.393475432989319e-05,0.0,0.0,0.0,0.9999057368892416,8.572585457123921e-05
7552.0,125.86666666666666,注入尾浆,0.9999854067414536,0.9999854067414536,439.39999999999964,439.39999999999964,439.39999999999964,0.0,5.8142191772067607e-05,0.0,0.0,0.0,0.9999235564534169,7.082793988292774e-05
7556.0,125.93333333333334,注入尾浆,0.9999887358091679,0.9999887358091679,439.39999999999964,439.39999999999964,439.39999999999964,0.0,4.490939629723683e-05,0.0,0.0,0.0,0.9999391566356018,5.7535668334880064e-05
7560.0,126.0,注入尾浆,0.9999914696223239,0.9999914696223239,439.39999999999964,439.39999999999964,439.39999999999964,0.0,3.40309331965223e-05,0.0,0.0,0.0,0.9999525334823788,4.588418463276741e-05
7564.0,126.06666666666666,注入尾浆,0.9999936687521798,0.9999936687521798,439.39999999999964,439.39999999999964,439.39999999999964,0.0,2.5271494337425038e-05,0.0,0.0,0.0,0.9999637429910967,3.587750679734124e-05
7568.0,126.13333333333334,注入尾浆,0.9999953996840533,0.9999953996840533,439.39999999999964,439.39999999999964,439.39999999999964,0.0,1.837096540673069e-05,0.0,0.0,0.0,0.9999729148943391,2.7475780901544234e-05
7572.0,126.2,注入尾浆,0.9999967311007152,0.9999967311007152,439.39999999999964,439.39999999999964,439.39999999999964,0.0,1.3059176886483639e-05,0.0,0.0,0.0,0.9999802341097107,2.0585205008786616e-05
7576.0,126.26666666666667,注入尾浆,0.9999977306837707,0.9999977306837707,439.39999999999964,439.39999999999964,439.39999999999964,0.0,9.068766980620816e-06,0.0,0.0,0.0,0.9999859236740178,1.5071436126991367e-05
7580.0,126.33333333333333,注入尾浆,0.9999984623127445,0.9999984623127445,439.39999999999964,439.39999999999964,439.39999999999964,0.0,6.146557627435175e-06,0.0,0.0,0.0,0.9999902269914442,1.0771840046127632e-05
7584.0,126.4,注入尾浆,0.9999989838342924,0.9999989838342924,439.39999999999964,439.39999999999964,439.39999999999964,0.0,4.062696261408505e-06,0.0,0.0,0.0,0.9999933906032716,7.5082660158390825e-06
7588.0,126.46666666666667,注入尾浆,0.9999993455469572,0.9999993455469572,439.39999999999964,439.39999999999964,439.39999999999964,0.0,2.6169359072398927e-06,0.0,0.0,0.0,0.9999956491362978,5.099530020092596e-06
7592.0,126.53333333333333,注入尾浆,0.9999995894587475,0.9999995894587475,439.39999999999964,439.39999999999964,439.39999999999964,0.0,1.6417947549288175e-06,0.0,0.0,0.0,0.9999972137787106,3.3724273881279235e-06
7596.0,126.6,注入尾浆,0.9999997492737929,0.9999997492737929,439.39999999999964,439.39999999999964,439.39999999999964,0.0,1.0027566543339858e-06,0.0,0.0,0.0,0.999998265039345,2.1702866812470237e-06
7600.0,126.66666666666667,注入尾浆,0.9999998509751555,0.9999998509751555,439.39999999999964,439.39999999999964,439.39999999999964,0.0,5.960432685873456e-07,0.0,0.0,0.0,0.9999989498216555,1.3584793388933684e-06
7604.0,126.73333333333333,注入尾浆,0.9999999138149586,0.9999999138149586,439.39999999999964,439.39999999999964,439.39999999999964,0.0,3.4472007679628216e-07,0.0,0.0,0.0,0.9999993821914331,8.26811195754234e-07
7608.0,126.8,注入尾浆,0.9999999515092641,0.9999999515092641,439.39999999999964,439.39999999999964,439.39999999999964,0.0,1.9395614570801455e-07,0.0,0.0,0.0,0.9999996467960313,4.891975477479619e-07
7612.0,126.86666666666666,注入尾浆,0.9999999734592365,0.9999999734592365,439.39999999999964,439.39999999999964,439.39999999999964,0.0,1.0616088153856128e-07,0.0,0.0,0.0,0.9999998037639826,2.813444982599658e-07
7616.0,126.93333333333334,注入尾浆,0.9999999858681772,0.9999999858681772,439.39999999999964,439.39999999999964,439.39999999999964,0.0,5.652663475709889e-08,0.0,0.0,0.0,0.9999998940395806,1.572741038442979e-07
7620.0,127.0,注入尾浆,0.9999999926795501,0.9999999926795501,439.39999999999964,439.39999999999964,439.39999999999964,0.0,2.9281612390649444e-08,0.0,0.0,0.0,0.9999999443873885,8.54591074000152e-08
7624.0,127.06666666666666,注入尾浆,0.9999999963104437,0.9999999963104437,439.39999999999964,439.39999999999964,439.39999999999964,0.0,1.4758174062080983e-08,0.0,0.0,0.0,0.9999999716249173,4.514213369237269e-08
7628.0,127.13333333333334,注入尾浆,0.9999999981904848,0.9999999981904848,439.39999999999964,439.39999999999964,439.39999999999964,0.0,7.238048501866716e-09,0.0,0.0,0.0,0.9999999859227835,2.3183849591095675e-08
7632.0,127.2,注入尾浆,0.9999999991362913,0.9999999991362913,439.39999999999964,439.39999999999964,439.39999999999964,0.0,3.454830663525991e-09,0.0,0.0,0.0,0.9999999932079274,1.1578126605032853e-08
7636.0,127.26666666666667,注入尾浆,0.9999999995987073,0.9999999995987073,439.39999999999964,439.39999999999964,439.39999999999964,0.0,1.6051701394628293e-09,0.0,0.0,0.0,0.9999999968122096,5.623657509256432e-09
7640.0,127.33333333333333,注入尾浆,0.9999999998184809,0.9999999998184809,439.39999999999964,439.39999999999964,439.39999999999964,0.0,7.260770775329196e-10,0.0,0.0,0.0,0.9999999985442751,2.657127277481685e-09
7644.0,127.4,注入尾浆,0.9999999999200471,0.9999999999200471,439.39999999999964,439.39999999999964,439.39999999999964,0.0,3.198118239191336e-10,0.0,0.0,0.0,0.9999999993530452,1.221542760973352e-09
7648.0,127.46666666666667,注入尾浆,0.999999999965701,0.999999999965701,439.39999999999964,439.39999999999964,439.39999999999964,0.0,1.3719644161431663e-10,0.0,0.0,0.0,0.9999999997201156,5.465139756517635e-10
7652.0,127.53333333333333,注入尾浆,0.9999999999856665,0.9999999999856665,439.39999999999964,439.39999999999964,439.39999999999964,0.0,5.733466521003832e-11,0.0,0.0,0.0,0.9999999998821039,2.380051185125539e-10
7656.0,127.6,注入尾浆,0.9999999999941636,0.9999999999941636,439.39999999999964,439.39999999999964,439.39999999999964,0.0,2.334590132134375e-11,0.0,0.0,0.0,0.9999999999516335,1.0091644811378219e-10
7660.0,127.66666666666667,注入尾浆,0.9999999999976839,0.9999999999976839,439.39999999999964,439.39999999999964,439.39999999999964,0.0,9.264467321043424e-12,0.0,0.0,0.0,0.9999999999806705,4.167044397042276e-11
7664.0,127.73333333333333,注入尾浆,0.9999999999991042,0.9999999999991042,439.39999999999964,439.39999999999964,439.39999999999964,0.0,3.5838825127367095e-12,0.0,0.0,0.0,0.9999999999924727,1.6760471253218803e-11
7668.0,127.8,注入尾浆,0.999999999999662,0.999999999999662,439.39999999999964,439.39999999999964,439.39999999999964,0.0,1.351891989455235e-12,0.0,0.0,0.0,0.9999999999971431,6.568098291704679e-12
7672.0,127.86666666666666,注入尾浆,0.9999999999998759,0.9999999999998759,439.39999999999964,439.39999999999964,439.39999999999964,0.0,4.97489323189369e-13,0.0,0.0,0.0,0.9999999999989428,2.5083925361516773e-12
7676.0,127.93333333333334,注入尾浆,0.9999999999999554,0.9999999999999554,439.39999999999964,439.39999999999964,439.39999999999964,0.0,1.7876160013511236e-13,0.0,0.0,0.0,0.9999999999996185,9.338358557449838e-13
7680.0,128.0,注入尾浆,0.9999999999999843,0.9999999999999843,439.39999999999964,439.39999999999964,439.39999999999964,0.0,6.286137975178944e-14,0.0,0.0,0.0,0.9999999999998658,3.390067266611178e-13
7684.0,128.06666666666666,注入尾浆,0.9999999999999946,0.9999999999999946,439.39999999999964,439.39999999999964,439.39999999999964,0.0,2.1769395208772206e-14,0.0,0.0,0.0,0.9999999999999539,1.200687734815484e-13
7688.0,128.13333333333333,注入尾浆,0.9999999999999981,0.9999999999999981,439.39999999999964,439.39999999999964,439.39999999999964,0.0,7.560212368888283e-15,0.0,0.0,0.0,0.9999999999999846,4.153362940781228e-14
7692.0,128.2,注入尾浆,0.9999999999999991,0.9999999999999991,439.39999999999964,439.39999999999964,439.39999999999964,0.0,2.7667517267402172e-15,0.0,0.0,0.0,0.9999999999999949,1.407034258428822e-14
7696.0,128.26666666666668,注入尾浆,0.9999999999999996,0.9999999999999996,439.39999999999964,439.39999999999964,439.39999999999964,0.0,1.1890621452706584e-15,0.0,0.0,0.0,0.9999999999999983,4.705789587526181e-15
7700.0,128.33333333333334,注入尾浆,0.9999999999999998,0.9999999999999998,439.39999999999964,439.39999999999964,439.39999999999964,0.0,6.823402704389686e-16,0.0,0.0,0.0,0.9999999999999994,1.5915080700266464e-15
7704.0,128.4,注入尾浆,0.9999999999999998,0.9999999999999998,439.39999999999964,439.39999999999964,439.39999999999964,0.0,5.230002272184515e-16,0.0,0.0,0.0,0.9999999999999998,5.805522753886602e-16
7708.0,128.46666666666667,注入尾浆,1.0,1.0,439.39999999999964,439.39999999999964,439.39999999999964,0.0,4.745187568842118e-16,0.0,0.0,0.0,1.0,2.601944621951012e-16
7712.0,128.53333333333333,注入尾浆,1.0,1.0,439.39999999999964,439.39999999999964,439.39999999999964,0.0,4.603669249323772e-16,0.0,0.0,0.0,1.0,1.6140830628641883e-16
7716.0,128.6,注入尾浆,1.0,1.0,439.39999999999964,439.39999999999964,439.39999999999964,0.0,4.572664341517717e-16,0.0,0.0,0.0,1.0,1.3258411791568168e-16
7720.0,128.66666666666666,注入尾浆,1.0,1.0,439.39999999999964,439.39999999999964,439.39999999999964,0.0,4.555594472757334e-16,0.0,0.0,0.0,1.0,1.2495840433917e-16
7724.0,128.73333333333332,注入尾浆,1.0,1.0,439.39999999999964,439.39999999999964,439.39999999999964,0.0,4.55246167552239e-16,0.0,0.0,0.0,1.0,1.2278462710237498e-16
7728.0,128.8,注入尾浆,1.0,1.0,439.39999999999964,439.39999999999964,439.39999999999964,0.0,4.548104788006391e-16,0.0,0.0,0.0,1.0,1.2243678342553501e-16
7732.0,128.86666666666667,注入尾浆,1.0,1.0,439.39999999999964,439.39999999999964,439.39999999999964,0.0,4.550342522590136e-16,0.0,0.0,0.0,1.0,1.220764987681419e-16
7736.0,128.93333333333334,注入尾浆,1.0,1.0,439.39999999999964,439.39999999999964,439.39999999999964,0.0,4.543216085254906e-16,0.0,0.0,0.0,1.0,1.2212363393314511e-16
7740.0,129.0,注入尾浆,1.0,1.0,439.39999999999964,439.39999999999964,439.39999999999964,0.0,4.543844033836696e-16,0.0,0.0,0.0,1.0,1.218190138636811e-16
7744.0,129.06666666666666,注入尾浆,1.0,1.0,439.39999999999964,439.39999999999964,439.39999999999964,0.0,4.542135484253806e-16,0.0,0.0,0.0,1.0,1.217692148606733e-16
7748.0,129.13333333333333,注入尾浆,1.0,1.0,439.39999999999964,439.39999999999964,439.39999999999964,0.0,4.543485116873548e-16,0.0,0.0,0.0,1.0,1.216582302511316e-16
7752.0,129.2,注入尾浆,1.0,1.0,439.39999999999964,439.39999999999964,439.39999999999964,0.0,4.53796154425789e-16,0.0,0.0,0.0,1.0,1.217192995198501e-16
7756.0,129.26666666666668,注入尾浆,1.0,1.0,439.39999999999964,439.39999999999964,439.39999999999964,0.0,4.538226434635398e-16,0.0,0.0,0.0,1.0,1.2146394960735855e-16
7760.0,129.33333333333334,注入尾浆,1.0,1.0,439.39999999999964,439.39999999999964,439.39999999999964,0.0,4.538358267369083e-16,0.0,0.0,0.0,1.0,1.2135847873910597e-16
7764.0,129.4,注入尾浆,1.0,1.0,439.39999999999964,439.39999999999964,439.39999999999964,0.0,4.53986551135492e-16,0.0,0.0,0.0,1.0,1.2166379013565535e-16
7768.0,129.46666666666667,注入尾浆,1.0,1.0,439.39999999999964,439.39999999999964,439.39999999999964,0.0,4.534381707855596e-16,0.0,0.0,0.0,1.0,1.2167489238028547e-16
7772.0,129.53333333333333,注入尾浆,1.0,1.0,439.39999999999964,439.39999999999964,439.39999999999964,0.0,4.534779382595531e-16,0.0,0.0,0.0,1.0,1.213196210151877e-16
7776.0,129.6,注入尾浆,1.0,1.0,439.39999999999964,439.39999999999964,439.39999999999964,0.0,4.533333031102143e-16,0.0,0.0,0.0,1.0,1.2145839889385482e-16
7780.0,129.66666666666666,注入尾浆,1.0,1.0,439.39999999999964,439.39999999999964,439.39999999999964,0.0,4.534694727673233e-16,0.0,0.0,0.0,1.0,1.21330723246133e-16
7784.0,129.73333333333332,注入尾浆,1.0,1.0,439.39999999999964,439.39999999999964,439.39999999999964,0.0,4.526068216532263e-16,0.0,0.0,0.0,1.0,1.2149170558472598e-16
7788.0,129.8,注入尾浆,1.0,1.0,439.39999999999964,439.39999999999964,439.39999999999964,0.0,4.520459178534079e-16,0.0,0.0,0.0,1.0,1.2110312752611114e-16
7792.0,129.86666666666667,注入尾浆,1.0,1.0,439.39999999999964,439.39999999999964,439.39999999999964,0.0,4.51882732481983e-16,0.0,0.0,0.0,1.0,1.2058132270453809e-16
7796.0,129.93333333333334,注入尾浆,1.0,1.0,439.39999999999964,439.39999999999964,439.39999999999964,0.0,4.521077189673266e-16,0.0,0.0,0.0,1.0,1.2026490914252004e-16
7800.0,130.0,注入尾浆,1.0,1.0,439.39999999999964,439.39999999999964,439.39999999999964,0.0,4.518497067760254e-16,0.0,0.0,0.0,1.0,1.2013168237956506e-16
7804.0,130.06666666666666,注入尾浆,1.0,1.0,439.39999999999964,439.39999999999964,439.39999999999964,0.0,4.516149671758827e-16,0.0,0.0,0.0,1.0,1.2014833572493445e-16
7808.0,130.13333333333333,注入尾浆,1.0,1.0,439.39999999999964,439.39999999999964,439.39999999999964,0.0,4.514456606271178e-16,0.0,0.0,0.0,1.0,1.202704602576432e-16
7812.0,130.2,注入尾浆,1.0,1.0,439.39999999999964,439.39999999999964,439.39999999999964,0.0,4.51764407595036e-16,0.0,0.0,0.0,1.0,1.2015388684005756e-16
7816.0,130.26666666666668,注入尾浆,1.0,1.0,439.39999999999964,439.39999999999964,439.39999999999964,0.0,4.512962262396181e-16,0.0,0.0,0.0,1.0,1.2006506899808756e-16
7820.0,130.33333333333334,注入尾浆,1.0,1.0,439.39999999999964,439.39999999999964,439.39999999999964,0.0,4.511041306104296e-16,0.0,0.0,0.0,1.0,1.195599175218831e-16
7824.0,130.4,注入尾浆,1.0,1.0,439.39999999999964,439.39999999999964,439.39999999999964,0.0,4.510387694108951e-16,0.0,0.0,0.0,1.0,1.19598775327745e-16
7828.0,130.46666666666667,注入尾浆,1.0,1.0,439.39999999999964,439.39999999999964,439.39999999999964,0.0,4.513252500568127e-16,0.0,0.0,0.0,1.0,1.1950995748577497e-16
7832.0,130.53333333333333,注入尾浆,1.0,1.0,439.39999999999964,439.39999999999964,439.39999999999964,0.0,4.513031805400833e-16,0.0,0.0,0.0,1.0,1.1950995748577497e-16
7836.0,130.6,注入尾浆,1.0,1.0,439.39999999999964,439.39999999999964,439.39999999999964,0.0,4.512749078923891e-16,0.0,0.0,0.0,1.0,1.1944334410429746e-16
7840.0,130.66666666666666,注入尾浆,1.0,1.0,439.39999999999964,439.39999999999964,439.39999999999964,0.0,4.517527436322396e-16,0.0,0.0,0.0,1.0,1.1964318424873e-16
7844.0,130.73333333333332,注入尾浆,1.0,1.0,439.39999999999964,439.39999999999964,439.39999999999964,0.0,4.51915068112804e-16,0.0,0.0,0.0,1.0,1.1996514892587128e-16
7848.0,130.8,压塞液,1.0,1.0,439.39999999999964,439.39999999999964,439.39999999999964,0.0,4.516345583567409e-16,0.0,0.0,0.0,1.0,1.1986522885365503e-16
7852.0,130.86666666666667,压塞液,1.0,1.0,439.39999999999964,439.39999999999964,439.39999999999964,0.0,4.51891370978111e-16,0.0,0.0,0.0,1.0,1.1990408665951691e-16
7856.0,130.93333333333334,压塞液,1.0,1.0,439.39999999999964,439.39999999999964,439.39999999999964,0.0,4.519843743552988e-16,0.0,0.0,0.0,1.0,1.2029821583325884e-16
7860.0,131.0,压塞液,1.0,1.0,439.39999999999964,439.39999999999964,439.39999999999964,0.0,4.524196805428102e-16,0.0,0.0,0.0,1.0,1.2034262475424384e-16
7864.0,131.06666666666666,压塞液,1.0,1.0,439.39999999999964,439.39999999999964,439.39999999999964,0.0,4.519802273628017e-16,0.0,0.0,0.0,1.0,1.2067014054650826e-16
7868.0,131.13333333333333,压塞液,1.0,1.0,439.39999999999964,439.39999999999964,439.39999999999964,0.0,4.520561241671037e-16,0.0,0.0,0.0,1.0,1.202482557971507e-16
7872.0,131.2,压塞液,1.0,1.0,439.39999999999964,439.39999999999964,439.39999999999964,0.0,4.520178724595905e-16,0.0,0.0,0.0,1.0,1.203981359054751e-16
7876.0,131.26666666666668,压塞液,1.0,1.0,439.39999999999964,439.39999999999964,439.39999999999964,0.0,4.521181087565801e-16,0.0,0.0,0.0,1.0,1.2082002065483265e-16
7880.0,131.33333333333334,压塞液,1.0,1.0,439.39999999999964,439.39999999999964,439.39999999999964,0.0,4.516958290840023e-16,0.0,0.0,0.0,1.0,1.208477762304483e-16
7884.0,131.4,压塞液,1.0,1.0,439.39999999999964,439.39999999999964,439.39999999999964,0.0,4.515857455130904e-16,0.0,0.0,0.0,1.0,1.203537269844901e-16
7888.0,131.46666666666667,压塞液,1.0,1.0,439.39999999999964,439.39999999999964,439.39999999999964,0.0,4.5156133816232105e-16,0.0,0.0,0.0,1.0,1.202038468761657e-16
7892.0,131.53333333333333,压塞液,1.0,1.0,439.39999999999964,439.39999999999964,439.39999999999964,0.0,4.515292835970836e-16,0.0,0.0,0.0,1.0,1.201649890703038e-16
7896.0,131.6,压塞液,1.0,1.0,439.39999999999964,439.39999999999964,439.39999999999964,0.0,4.512160442416884e-16,0.0,0.0,0.0,1.0,1.1993184223513253e-16
7900.0,131.66666666666666,压塞液,1.0,1.0,439.39999999999964,439.39999999999964,439.39999999999964,0.0,4.51101876965846e-16,0.0,0.0,0.0,1.0,1.1967649093946875e-16
7904.0,131.73333333333332,压塞液,1.0,1.0,439.39999999999964,439.39999999999964,439.39999999999964,0.0,4.511861056288745e-16,0.0,0.0,0.0,1.0,1.1971534874533063e-16
7908.0,131.8,压塞液,1.0,1.0,439.39999999999964,439.39999999999964,439.39999999999964,0.0,4.514972025914112e-16,0.0,0.0,0.0,1.0,1.1978751324193127e-16
7912.0,131.86666666666667,压塞液,1.0,1.0,439.39999999999964,439.39999999999964,439.39999999999964,0.0,4.513763114433134e-16,0.0,0.0,0.0,1.0,1.1983192216291627e-16
7916.0,131.93333333333334,压塞液,1.0,1.0,439.39999999999964,439.39999999999964,439.39999999999964,0.0,4.50984803112201e-16,0.0,0.0,0.0,1.0,1.1988188219902441e-16
7920.0,132.0,压塞液,1.0,1.0,439.39999999999964,439.39999999999964,439.39999999999964,0.0,4.513940773809863e-16,0.0,0.0,0.0,1.0,1.1967093982434563e-16
7924.0,132.06666666666666,压塞液,1.0,1.0,439.39999999999964,439.39999999999964,439.39999999999964,0.0,4.51370021202036e-16,0.0,0.0,0.0,1.0,1.2002066007710256e-16
7928.0,132.13333333333333,压塞液,1.0,1.0,439.39999999999964,439.39999999999964,439.39999999999964,0.0,4.513883942768692e-16,0.0,0.0,0.0,1.0,1.1982637104779314e-16
7932.0,132.2,压塞液,1.0,1.0,439.39999999999964,439.39999999999964,439.39999999999964,0.0,4.508958542799395e-16,0.0,0.0,0.0,1.0,1.1985412662340878e-16
7936.0,132.26666666666668,压塞液,1.0,1.0,439.39999999999964,439.39999999999964,439.39999999999964,0.0,4.513846348519719e-16,0.0,0.0,0.0,1.0,1.1965983759409938e-16
7940.0,132.33333333333334,压塞液,1.0,1.0,439.39999999999964,439.39999999999964,439.39999999999964,0.0,4.516233487888799e-16,0.0,0.0,0.0,1.0,1.1994849558050192e-16
7944.0,132.4,压塞液,1.0,1.0,439.39999999999964,439.39999999999964,439.39999999999964,0.0,4.516092042553617e-16,0.0,0.0,0.0,1.0,1.199873533863638e-16
7948.0,132.46666666666667,压塞液,1.0,1.0,439.39999999999964,439.39999999999964,439.39999999999964,0.0,4.511053300466876e-16,0.0,0.0,0.0,1.0,1.2006506899808756e-16
7952.0,132.53333333333333,压塞液,1.0,1.0,439.39999999999964,439.39999999999964,439.39999999999964,0.0,4.51372432591029e-16,0.0,0.0,0.0,1.0,1.1991518888976316e-16
7956.0,132.6,压塞液,1.0,1.0,439.39999999999964,439.39999999999964,439.39999999999964,0.0,4.515540775234391e-16,0.0,0.0,0.0,1.0,1.1994294446537878e-16
7960.0,132.66666666666666,压塞液,1.0,1.0,439.39999999999964,439.39999999999964,439.39999999999964,0.0,4.5149720340377e-16,0.0,0.0,0.0,1.0,1.1992629112000941e-16
7964.0,132.73333333333332,压塞液,1.0,1.0,439.39999999999964,439.39999999999964,439.39999999999964,0.0,4.511444062921855e-16,0.0,0.0,0.0,1.0,1.1993184223513253e-16
7968.0,132.8,压塞液,1.0,1.0,439.39999999999964,439.39999999999964,439.39999999999964,0.0,4.513900178136603e-16,0.0,0.0,0.0,1.0,1.1995959781074817e-16
7972.0,132.86666666666667,压塞液,1.0,1.0,439.39999999999964,439.39999999999964,439.39999999999964,0.0,4.5149644395318285e-16,0.0,0.0,0.0,1.0,1.1992629112000941e-16
7976.0,132.93333333333334,压塞液,1.0,1.0,439.39999999999964,439.39999999999964,439.39999999999964,0.0,4.5151669197029e-16,0.0,0.0,0.0,1.0,1.1982637104779314e-16
7980.0,133.0,压塞液,1.0,1.0,439.39999999999964,439.39999999999964,439.39999999999964,0.0,4.510666681485735e-16,0.0,0.0,0.0,1.0,1.1998180227124067e-16
7984.0,133.06666666666666,压塞液,1.0,1.0,439.39999999999964,439.39999999999964,439.39999999999964,0.0,4.513902171474216e-16,0.0,0.0,0.0,1.0,1.1983747327803939e-16
7988.0,133.13333333333333,压塞液,1.0,1.0,439.39999999999964,439.39999999999964,439.39999999999964,0.0,4.516434680237889e-16,0.0,0.0,0.0,1.0,1.1996514892587128e-16
7992.0,133.2,压塞液,1.0,1.0,439.39999999999964,439.39999999999964,439.39999999999964,0.0,4.515799565622609e-16,0.0,0.0,0.0,1.0,1.2004841565271817e-16
7996.0,133.26666666666668,压塞液,1.0,1.0,439.39999999999964,439.39999999999964,439.39999999999964,0.0,4.511185278461164e-16,0.0,0.0,0.0,1.0,1.2007062011321067e-16
8000.0,133.33333333333334,压塞液,1.0,1.0,439.39999999999964,439.39999999999964,439.39999999999964,0.0,4.51395813427591e-16,0.0,0.0,0.0,1.0,1.1995959781074817e-16
8004.0,133.4,压塞液,1.0,1.0,439.39999999999964,439.39999999999964,439.39999999999964,0.0,4.515551981137536e-16,0.0,0.0,0.0,1.0,1.1995959781074817e-16
8008.0,133.46666666666667,压塞液,1.0,1.0,439.39999999999964,439.39999999999964,439.39999999999964,0.0,4.514756850869191e-16,0.0,0.0,0.0,1.0,1.1993739335025567e-16
8012.0,133.53333333333333,压塞液,1.0,1.0,439.39999999999964,439.39999999999964,439.39999999999964,0.0,4.510427614426866e-16,0.0,0.0,0.0,1.0,1.1991518888976316e-16
8016.0,133.6,压塞液,1.0,1.0,439.39999999999964,439.39999999999964,439.39999999999964,0.0,4.513099969213209e-16,0.0,0.0,0.0,1.0,1.1981526881754689e-16
8020.0,133.66666666666666,压塞液,1.0,1.0,439.39999999999964,439.39999999999964,439.39999999999964,0.0,4.515835575128742e-16,0.0,0.0,0.0,1.0,1.1983192216291627e-16
8024.0,133.73333333333332,压塞液,1.0,1.0,439.39999999999964,439.39999999999964,439.39999999999964,0.0,4.515263088361415e-16,0.0,0.0,0.0,1.0,1.1998180227124067e-16
8028.0,133.8,压塞液,1.0,1.0,439.39999999999964,439.39999999999964,439.39999999999964,0.0,4.510470552319227e-16,0.0,0.0,0.0,1.0,1.199873533863638e-16
8032.0,133.86666666666667,压塞液,1.0,1.0,439.39999999999964,439.39999999999964,439.39999999999964,0.0,4.51407539778562e-16,0.0,0.0,0.0,1.0,1.198596777385319e-16
8036.0,133.93333333333334,压塞液,1.0,1.0,439.39999999999964,439.39999999999964,439.39999999999964,0.0,4.515551265548336e-16,0.0,0.0,0.0,1.0,1.1997070004099442e-16
8040.0,134.0,压塞液,1.0,1.0,439.39999999999964,439.39999999999964,439.39999999999964,0.0,4.514337737384853e-16,0.0,0.0,0.0,1.0,1.1993184223513253e-16
8044.0,134.06666666666666,压塞液,1.0,1.0,439.39999999999964,439.39999999999964,439.39999999999964,0.0,4.510678068921929e-16,0.0,0.0,0.0,1.0,1.1984302439316253e-16
8048.0,134.13333333333333,压塞液,1.0,1.0,439.39999999999964,439.39999999999964,439.39999999999964,0.0,4.513519551565637e-16,0.0,0.0,0.0,1.0,1.1985412662340878e-16
8052.0,134.2,压塞液,1.0,1.0,439.39999999999964,439.39999999999964,439.39999999999964,0.0,4.516255263683373e-16,0.0,0.0,0.0,1.0,1.1988188219902441e-16
8056.0,134.26666666666668,压塞液,1.0,1.0,439.39999999999964,439.39999999999964,439.39999999999964,0.0,4.514707496848198e-16,0.0,0.0,0.0,1.0,1.2003731342247192e-16
8060.0,134.33333333333334,压塞液,1.0,1.0,439.39999999999964,439.39999999999964,439.39999999999964,0.0,4.510585204585497e-16,0.0,0.0,0.0,1.0,1.198596777385319e-16
8064.0,134.4,压塞液,1.0,1.0,439.39999999999964,439.39999999999964,439.39999999999964,0.0,4.513562382654731e-16,0.0,0.0,0.0,1.0,1.1986522885365503e-16
8068.0,134.46666666666667,压塞液,1.0,1.0,439.39999999999964,439.39999999999964,439.39999999999964,0.0,4.515624453047182e-16,0.0,0.0,0.0,1.0,1.1988743331414753e-16
8072.0,134.53333333333333,压塞液,1.0,1.0,439.39999999999964,439.39999999999964,439.39999999999964,0.0,4.513896972557541e-16,0.0,0.0,0.0,1.0,1.1994294446537878e-16
8076.0,134.6,压塞液,1.0,1.0,439.39999999999964,439.39999999999964,439.39999999999964,0.0,4.510918358023167e-16,0.0,0.0,0.0,1.0,1.1977085989656189e-16
8080.0,134.66666666666666,替浆（第一阶段高速）,1.0,1.0,439.39999999999964,439.39999999999964,439.39999999999964,0.0,4.454855047236259e-16,0.0,0.0,0.0,1.0,1.1988188219902441e-16
8084.0,134.73333333333332,替浆（第一阶段高速）,1.0,1.0,439.39999999999964,439.39999999999964,439.39999999999964,0.0,4.3871708253345095e-16,0.0,0.0,0.0,1.0,1.188882325919849e-16
8088.0,134.8,替浆（第一阶段高速）,1.0,1.0,439.39999999999964,439.39999999999964,439.39999999999964,0.0,4.3069511576953975e-16,0.0,0.0,0.0,1.0,1.1789458298494538e-16
8092.0,134.86666666666667,替浆（第一阶段高速）,1.0,1.0,439.39999999999964,439.39999999999964,439.39999999999964,0.0,4.252126341700741e-16,0.0,0.0,0.0,1.0,1.1623479956313077e-16
8096.0,134.93333333333334,替浆（第一阶段高速）,1.0,1.0,439.39999999999964,439.39999999999964,439.39999999999964,0.0,4.207715864252044e-16,0.0,0.0,0.0,1.0,1.1511347430825936e-16
8100.0,135.0,替浆（第一阶段高速）,1.0,1.0,439.39999999999964,439.39999999999964,439.39999999999964,0.0,4.1963619606573703e-16,0.0,0.0,0.0,1.0,1.1399214905338795e-16
8104.0,135.06666666666666,替浆（第一阶段高速）,1.0,1.0,439.39999999999964,439.39999999999964,439.39999999999964,0.0,4.173733862946216e-16,0.0,0.0,0.0,1.0,1.1391443344166418e-16
8108.0,135.13333333333333,替浆（第一阶段高速）,1.0,1.0,439.39999999999964,439.39999999999964,439.39999999999964,0.0,4.157903335167076e-16,0.0,0.0,0.0,1.0,1.133815263898441e-16
8112.0,135.2,替浆（第一阶段高速）,1.0,1.0,439.39999999999964,439.39999999999964,439.39999999999964,0.0,4.1272215014510607e-16,0.0,0.0,0.0,1.0,1.1311507286393408e-16
8116.0,135.26666666666668,替浆（第一阶段高速）,1.0,1.0,439.39999999999964,439.39999999999964,439.39999999999964,0.0,4.1145903281693154e-16,0.0,0.0,0.0,1.0,1.1263767696334526e-16
8120.0,135.33333333333334,替浆（第一阶段高速）,1.0,1.0,439.39999999999964,439.39999999999964,439.39999999999964,0.0,4.087350303113488e-16,0.0,0.0,0.0,1.0,1.1217693440812581e-16
8124.0,135.4,替浆（第一阶段高速）,1.0,1.0,439.39999999999964,439.39999999999964,439.39999999999964,0.0,4.0719299056954226e-16,0.0,0.0,0.0,1.0,1.1167178293192136e-16
8128.0,135.46666666666667,替浆（第一阶段高速）,1.0,1.0,439.39999999999964,439.39999999999964,439.39999999999964,0.0,4.0476857005560003e-16,0.0,0.0,0.0,1.0,1.112276937220713e-16
8132.0,135.53333333333333,替浆（第一阶段高速）,1.0,1.0,439.39999999999964,439.39999999999964,439.39999999999964,0.0,4.030165034670322e-16,0.0,0.0,0.0,1.0,1.1082246231808312e-16
8136.0,135.6,替浆（第一阶段高速）,1.0,1.0,439.39999999999964,439.39999999999964,439.39999999999964,0.0,4.0056243407747973e-16,0.0,0.0,0.0,1.0,1.1029510638138618e-16
8140.0,135.66666666666666,替浆（第一阶段高速）,1.0,1.0,439.39999999999964,439.39999999999964,439.39999999999964,0.0,3.9879216004431626e-16,0.0,0.0,0.0,1.0,1.0974554598419673e-16
8144.0,135.73333333333332,替浆（第一阶段高速）,1.0,1.0,439.39999999999964,439.39999999999964,439.39999999999964,0.0,3.965268178906839e-16,0.0,0.0,0.0,1.0,1.0924039450799228e-16
8148.0,135.8,替浆（第一阶段高速）,1.0,1.0,439.39999999999964,439.39999999999964,439.39999999999964,0.0,3.94656186814648e-16,0.0,0.0,0.0,1.0,1.0896838986695912e-16
8152.0,135.86666666666667,替浆（第一阶段高速）,1.0,1.0,439.39999999999964,439.39999999999964,439.39999999999964,0.0,3.9199861098546936e-16,0.0,0.0,0.0,1.0,1.0846878950587779e-16
8156.0,135.93333333333334,替浆（第一阶段高速）,1.0,1.0,439.39999999999964,439.39999999999964,439.39999999999964,0.0,3.903342667207575e-16,0.0,0.0,0.0,1.0,1.0788592241794959e-16
8160.0,136.0,替浆（第一阶段高速）,1.0,1.0,439.39999999999964,439.39999999999964,439.39999999999964,0.0,3.8759721607236424e-16,0.0,0.0,0.0,1.0,1.0759171331642392e-16
8164.0,136.06666666666666,替浆（第一阶段高速）,1.0,1.0,439.39999999999964,439.39999999999964,439.39999999999964,0.0,3.863013428671369e-16,0.0,0.0,0.0,1.0,1.0683676165967882e-16
8168.0,136.13333333333333,替浆（第一阶段高速）,1.0,1.0,439.39999999999964,439.39999999999964,439.39999999999964,0.0,3.8342608557800195e-16,0.0,0.0,0.0,1.0,1.0655920590352252e-16
8172.0,136.2,替浆（第一阶段高速）,1.0,1.0,439.39999999999964,439.39999999999964,439.39999999999964,0.0,3.81623470947103e-16,0.0,0.0,0.0,1.0,1.0605960554244121e-16
8176.0,136.26666666666668,替浆（第一阶段高速）,1.0,1.0,439.39999999999964,439.39999999999964,439.39999999999964,0.0,3.792516560656418e-16,0.0,0.0,0.0,1.0,1.0577649867116179e-16
8180.0,136.33333333333334,替浆（第一阶段高速）,1.0,1.0,439.39999999999964,439.39999999999964,439.39999999999964,0.0,3.7713260329266046e-16,0.0,0.0,0.0,1.0,1.0509926262614044e-16
8184.0,136.4,替浆（第一阶段高速）,1.0,1.0,439.39999999999964,439.39999999999964,439.39999999999964,0.0,3.74509555656519e-16,0.0,0.0,0.0,1.0,1.0457190668944349e-16
8188.0,136.46666666666667,替浆（第一阶段高速）,1.0,1.0,439.39999999999964,439.39999999999964,439.39999999999964,0.0,3.7217308011283455e-16,0.0,0.0,0.0,1.0,1.0415557305520907e-16
8192.0,136.53333333333333,替浆（第一阶段高速）,1.0,1.0,439.39999999999964,439.39999999999964,439.39999999999964,0.0,3.6996989789460715e-16,0.0,0.0,0.0,1.0,1.0344503031944896e-16
8196.0,136.6,替浆（第一阶段高速）,1.0,1.0,439.39999999999964,439.39999999999964,439.39999999999964,0.0,3.6749440508673883e-16,0.0,0.0,0.0,1.0,1.0285661211639763e-16
8200.0,136.66666666666666,替浆（第一阶段高速）,1.0,1.0,439.39999999999964,439.39999999999964,439.39999999999964,0.0,3.6517581759627043e-16,0.0,0.0,0.0,1.0,1.0200729150255938e-16
8204.0,136.73333333333332,替浆（第一阶段高速）,1.0,1.0,439.39999999999964,439.39999999999964,439.39999999999964,0.0,3.634172952749719e-16,0.0,0.0,0.0,1.0,1.0126344207606053e-16
8208.0,136.8,替浆（第一阶段高速）,1.0,1.0,439.39999999999964,439.39999999999964,439.39999999999964,0.0,3.611740143185279e-16,0.0,0.0,0.0,1.0,1.0087486401744172e-16
8212.0,136.86666666666667,替浆（第一阶段高速）,1.0,1.0,439.39999999999964,439.39999999999964,439.39999999999964,0.0,3.5906413916805403e-16,0.0,0.0,0.0,1.0,1.0016987239680475e-16
8216.0,136.93333333333334,替浆（第一阶段高速）,1.0,1.0,439.39999999999964,439.39999999999964,439.39999999999964,0.0,3.5744932990938887e-16,0.0,0.0,0.0,1.0,9.964806757523092e-17
8220.0,137.0,替浆（第一阶段高速）,1.0,1.0,439.39999999999964,439.39999999999964,439.39999999999964,0.0,3.5570930297284874e-16,0.0,0.0,0.0,1.0,9.952039192739903e-17
8224.0,137.06666666666666,替浆（第一阶段高速）,1.0,1.0,439.39999999999964,439.39999999999964,439.39999999999964,0.0,3.534112944369069e-16,0.0,0.0,0.0,1.0,9.908740494779522e-17
8228.0,137.13333333333333,替浆（第一阶段高速）,1.0,1.0,439.39999999999964,439.39999999999964,439.39999999999964,0.0,3.5174486190834124e-16,0.0,0.0,0.0,1.0,9.871548023454579e-17
8232.0,137.2,替浆（第一阶段高速）,1.0,1.0,439.39999999999964,439.39999999999964,439.39999999999964,0.0,3.498473492838328e-16,0.0,0.0,0.0,1.0,9.857115124134453e-17
8236.0,137.26666666666668,替浆（第一阶段高速）,1.0,1.0,439.39999999999964,439.39999999999964,439.39999999999964,0.0,3.4749069014049275e-16,0.0,0.0,0.0,1.0,9.788836408120006e-17
8240.0,137.33333333333334,替浆（第一阶段高速）,1.0,1.0,439.39999999999964,439.39999999999964,439.39999999999964,0.0,3.45700535282836e-16,0.0,0.0,0.0,1.0,9.727219030253309e-17
8244.0,137.4,替浆（第一阶段高速）,1.0,1.0,439.39999999999964,439.39999999999964,439.39999999999964,0.0,3.440804911919411e-16,0.0,0.0,0.0,1.0,9.721667915130184e-17
8248.0,137.46666666666667,替浆（第一阶段高速）,1.0,1.0,439.39999999999964,439.39999999999964,439.39999999999964,0.0,3.418874599921871e-16,0.0,0.0,0.0,1.0,9.685030555317553e-17
8252.0,137.53333333333333,替浆（第一阶段高速）,1.0,1.0,439.39999999999964,439.39999999999964,439.39999999999964,0.0,3.396367277841758e-16,0.0,0.0,0.0,1.0,9.623413177450857e-17
8256.0,137.6,替浆（第一阶段高速）,1.0,1.0,439.39999999999964,439.39999999999964,439.39999999999964,0.0,3.377233027359691e-16,0.0,0.0,0.0,1.0,9.570677583781162e-17
8260.0,137.66666666666666,替浆（第一阶段高速）,1.0,1.0,439.39999999999964,439.39999999999964,439.39999999999964,0.0,3.357206035581792e-16,0.0,0.0,0.0,1.0,9.532930000943907e-17
8264.0,137.73333333333332,替浆（第一阶段高速）,1.0,1.0,439.39999999999964,439.39999999999964,439.39999999999964,0.0,3.335377558266274e-16,0.0,0.0,0.0,1.0,9.460210392830959e-17
8268.0,137.8,替浆（第一阶段高速）,1.0,1.0,439.39999999999964,439.39999999999964,439.39999999999964,0.0,3.312349436577412e-16,0.0,0.0,0.0,1.0,9.401923684038138e-17
8272.0,137.86666666666667,替浆（第一阶段高速）,1.0,1.0,439.39999999999964,439.39999999999964,439.39999999999964,0.0,3.292422571064788e-16,0.0,0.0,0.0,1.0,9.296452496698749e-17
8276.0,137.93333333333334,替浆（第一阶段高速）,1.0,1.0,439.39999999999964,439.39999999999964,439.39999999999964,0.0,3.2738544645969383e-16,0.0,0.0,0.0,1.0,9.26037024839843e-17
8280.0,138.0,替浆（第一阶段高速）,1.0,1.0,439.39999999999964,439.39999999999964,439.39999999999964,0.0,3.2596775745918316e-16,0.0,0.0,0.0,1.0,9.190426197847046e-17
8284.0,138.06666666666666,替浆（第一阶段高速）,1.0,1.0,439.39999999999964,439.39999999999964,439.39999999999964,0.0,3.2476278590902066e-16,0.0,0.0,0.0,1.0,9.145462165349727e-17
8288.0,138.13333333333333,替浆（第一阶段高速）,1.0,1.0,439.39999999999964,439.39999999999964,439.39999999999964,0.0,3.2273726137834687e-16,0.0,0.0,0.0,1.0,9.122702593344911e-17
8292.0,138.2,替浆（第一阶段高速）,1.0,1.0,439.39999999999964,439.39999999999964,439.39999999999964,0.0,3.2110971983809735e-16,0.0,0.0,0.0,1.0,9.067746553625966e-17
8296.0,138.26666666666668,替浆（第一阶段高速）,1.0,1.0,439.39999999999964,439.39999999999964,439.39999999999964,0.0,3.196177993591305e-16,0.0,0.0,0.0,1.0,9.021672298104022e-17
8300.0,138.33333333333334,替浆（第一阶段高速）,1.0,1.0,439.39999999999964,439.39999999999964,439.39999999999964,0.0,3.1843741193816003e-16,0.0,0.0,0.0,1.0,8.98447982677908e-17
8304.0,138.4,替浆（第一阶段高速）,1.0,1.0,439.39999999999964,439.39999999999964,439.39999999999964,0.0,3.1685753308538827e-16,0.0,0.0,0.0,1.0,8.9545038051142e-17
8308.0,138.46666666666667,替浆（第一阶段高速）,1.0,1.0,439.39999999999964,439.39999999999964,439.39999999999964,0.0,3.155356700595595e-16,0.0,0.0,0.0,1.0,8.916756222276945e-17
8312.0,138.53333333333333,替浆（第一阶段高速）,1.0,1.0,439.39999999999964,439.39999999999964,439.39999999999964,0.0,3.13722282447831e-16,0.0,0.0,0.0,1.0,8.906764215055319e-17
8316.0,138.6,替浆（第一阶段高速）,1.0,1.0,439.39999999999964,439.39999999999964,439.39999999999964,0.0,3.1248462501715556e-16,0.0,0.0,0.0,1.0,8.857359290459498e-17
8320.0,138.66666666666666,替浆（第一阶段高速）,1.0,1.0,439.39999999999964,439.39999999999964,439.39999999999964,0.0,3.108556199497226e-16,0.0,0.0,0.0,1.0,8.819056596109931e-17
8324.0,138.73333333333332,替浆（第一阶段高速）,1.0,1.0,439.39999999999964,439.39999999999964,439.39999999999964,0.0,3.093716384496694e-16,0.0,0.0,0.0,1.0,8.784084570834239e-17
8328.0,138.8,替浆（第一阶段高速）,1.0,1.0,439.39999999999964,439.39999999999964,439.39999999999964,0.0,3.0797849504237125e-16,0.0,0.0,0.0,1.0,8.746336987996983e-17
8332.0,138.86666666666667,替浆（第一阶段高速）,1.0,1.0,439.39999999999964,439.39999999999964,439.39999999999964,0.0,3.065234926139938e-16,0.0,0.0,0.0,1.0,8.6897156137411e-17
8336.0,138.93333333333334,替浆（第一阶段高速）,1.0,1.0,439.39999999999964,439.39999999999964,439.39999999999964,0.0,3.0542614987435173e-16,0.0,0.0,0.0,1.0,8.631428904948279e-17
8340.0,139.0,替浆（第一阶段高速）,1.0,1.0,439.39999999999964,439.39999999999964,439.39999999999964,0.0,3.039194534585521e-16,0.0,0.0,0.0,1.0,8.604783552357276e-17
8344.0,139.06666666666666,替浆（第一阶段高速）,1.0,1.0,439.39999999999964,439.39999999999964,439.39999999999964,0.0,3.0271996931427706e-16,0.0,0.0,0.0,1.0,8.542055951465954e-17
8348.0,139.13333333333333,替浆（第一阶段高速）,1.0,1.0,439.39999999999964,439.39999999999964,439.39999999999964,0.0,3.0141112885845417e-16,0.0,0.0,0.0,1.0,8.547051955076768e-17
8352.0,139.2,替浆（第一阶段高速）,1.0,1.0,439.39999999999964,439.39999999999964,439.39999999999964,0.0,3.004196141748498e-16,0.0,0.0,0.0,1.0,8.493206138382448e-17
8356.0,139.26666666666668,替浆（第一阶段高速）,1.0,1.0,439.39999999999964,439.39999999999964,439.39999999999964,0.0,2.9907287533894456e-16,0.0,0.0,0.0,1.0,8.488210134771634e-17
8360.0,139.33333333333334,替浆（第一阶段高速）,1.0,1.0,439.39999999999964,439.39999999999964,439.39999999999964,0.0,2.9769278091179675e-16,0.0,0.0,0.0,1.0,8.437139875638877e-17
8364.0,139.4,替浆（第一阶段高速）,1.0,1.0,439.39999999999964,439.39999999999964,439.39999999999964,0.0,2.966603788690666e-16,0.0,0.0,0.0,1.0,8.409384300023248e-17
8368.0,139.46666666666667,替浆（第一阶段高速）,1.0,1.0,439.39999999999964,439.39999999999964,439.39999999999964,0.0,2.9526535832777025e-16,0.0,0.0,0.0,1.0,8.358314040890491e-17
8372.0,139.53333333333333,替浆（第一阶段高速）,1.0,1.0,439.39999999999964,439.39999999999964,439.39999999999964,0.0,2.939165915281908e-16,0.0,0.0,0.0,1.0,8.309464227806984e-17
8376.0,139.6,替浆（第一阶段高速）,1.0,1.0,439.39999999999964,439.39999999999964,439.39999999999964,0.0,2.9278950018675287e-16,0.0,0.0,0.0,1.0,8.267830864383541e-17
8380.0,139.66666666666666,替浆（第一阶段高速）,1.0,1.0,439.39999999999964,439.39999999999964,439.39999999999964,0.0,2.914149799419334e-16,0.0,0.0,0.0,1.0,8.238965065743286e-17
8384.0,139.73333333333332,替浆（第一阶段高速）,1.0,1.0,439.39999999999964,439.39999999999964,439.39999999999964,0.0,2.9038055538196043e-16,0.0,0.0,0.0,1.0,8.197331702319843e-17
8388.0,139.8,替浆（第一阶段高速）,1.0,1.0,439.39999999999964,439.39999999999964,439.39999999999964,0.0,2.8955636769719997e-16,0.0,0.0,0.0,1.0,8.186229472073591e-17
8392.0,139.86666666666667,替浆（第一阶段高速）,1.0,1.0,439.39999999999964,439.39999999999964,439.39999999999964,0.0,2.885160507852404e-16,0.0,0.0,0.0,1.0,8.173461907290402e-17
8396.0,139.93333333333334,替浆（第一阶段高速）,1.0,1.0,439.39999999999964,439.39999999999964,439.39999999999964,0.0,2.8770744546842665e-16,0.0,0.0,0.0,1.0,8.164025011581088e-17
8400.0,140.0,替浆（第一阶段高速）,1.0,1.0,439.39999999999964,439.39999999999964,439.39999999999964,0.0,2.86379072500075e-16,0.0,0.0,0.0,1.0,8.165135234605714e-17
8404.0,140.06666666666666,替浆（第一阶段高速）,1.0,1.0,439.39999999999964,439.39999999999964,439.39999999999964,0.0,2.8527559986225673e-16,0.0,0.0,0.0,1.0,8.129052986305396e-17
8408.0,140.13333333333333,替浆（第一阶段高速）,1.0,1.0,439.39999999999964,439.39999999999964,439.39999999999964,0.0,2.8420257416042016e-16,0.0,0.0,0.0,1.0,8.087974734394266e-17
8412.0,140.2,替浆（第一阶段高速）,1.0,1.0,439.39999999999964,439.39999999999964,439.39999999999964,0.0,2.8365009100079955e-16,0.0,0.0,0.0,1.0,8.058553824241699e-17
8416.0,140.26666666666668,替浆（第一阶段高速）,1.0,1.0,439.39999999999964,439.39999999999964,439.39999999999964,0.0,2.8241061311219405e-16,0.0,0.0,0.0,1.0,8.0718765005372e-17
8420.0,140.33333333333334,替浆（第一阶段高速）,1.0,1.0,439.39999999999964,439.39999999999964,439.39999999999964,0.0,2.815768602041865e-16,0.0,0.0,0.0,1.0,8.038014698286133e-17
8424.0,140.4,替浆（第一阶段高速）,1.0,1.0,439.39999999999964,439.39999999999964,439.39999999999964,0.0,2.801654196090284e-16,0.0,0.0,0.0,1.0,8.036349363749196e-17
8428.0,140.46666666666667,替浆（第一阶段高速）,1.0,1.0,439.39999999999964,439.39999999999964,439.39999999999964,0.0,2.793390376374652e-16,0.0,0.0,0.0,1.0,7.992495554276502e-17
8432.0,140.53333333333333,替浆（第一阶段高速）,1.0,1.0,439.39999999999964,439.39999999999964,439.39999999999964,0.0,2.78099046703625e-16,0.0,0.0,0.0,1.0,7.959188863537747e-17
8436.0,140.6,替浆（第一阶段高速）,1.0,1.0,439.39999999999964,439.39999999999964,439.39999999999964,0.0,2.769724439605331e-16,0.0,0.0,0.0,1.0,7.939204849094494e-17
8440.0,140.66666666666666,替浆（第一阶段高速）,1.0,1.0,439.39999999999964,439.39999999999964,439.39999999999964,0.0,2.7599888468575016e-16,0.0,0.0,0.0,1.0,7.919775946163555e-17
8444.0,140.73333333333332,替浆（第一阶段高速）,1.0,1.0,439.39999999999964,439.39999999999964,439.39999999999964,0.0,2.7507093293529575e-16,0.0,0.0,0.0,1.0,7.890355036010988e-17
8448.0,140.8,替浆（第一阶段高速）,1.0,1.0,439.39999999999964,439.39999999999964,439.39999999999964,0.0,2.7412130259733214e-16,0.0,0.0,0.0,1.0,7.865375017956922e-17
8452.0,140.86666666666667,替浆（第一阶段高速）,0.9999999999999998,0.9999999999999998,439.39999999999964,439.39999999999964,439.39999999999964,0.0,2.7332507611283207e-16,0.0,0.0,0.0,1.0,7.850387007124481e-17
8456.0,140.93333333333334,替浆（第一阶段高速）,0.9999999999999998,0.9999999999999998,439.39999999999964,439.39999999999964,439.39999999999964,0.0,2.722213391505646e-16,0.0,0.0,0.0,1.0,7.841505222927481e-17
8460.0,141.0,替浆（第一阶段高速）,0.9999999999999998,0.9999999999999998,439.39999999999964,439.39999999999964,439.39999999999964,0.0,2.716171061564831e-16,0.0,0.0,0.0,1.0,7.81985587394729e-17
8464.0,141.06666666666666,替浆（第一阶段高速）,0.9999999999999998,0.9999999999999998,439.39999999999964,439.39999999999964,439.39999999999964,0.0,2.706848963326302e-16,0.0,0.0,0.0,1.0,7.807088309164101e-17
8468.0,141.13333333333333,替浆（第一阶段高速）,0.9999999999999998,0.9999999999999998,439.39999999999964,439.39999999999964,439.39999999999964,0.0,2.702824459152182e-16,0.0,0.0,0.0,1.0,7.776557175986909e-17
8472.0,141.2,替浆（第一阶段高速）,0.9999999999999998,0.9999999999999998,439.39999999999964,439.39999999999964,439.39999999999964,0.0,2.688747929988604e-16,0.0,0.0,0.0,1.0,7.784328737159286e-17
8476.0,141.26666666666668,替浆（第一阶段高速）,0.9999999999999998,0.9999999999999998,439.39999999999964,439.39999999999964,439.39999999999964,0.0,2.6773596057726965e-16,0.0,0.0,0.0,1.0,7.776002064474597e-17
8480.0,141.33333333333334,替浆（第一阶段高速）,0.9999999999999998,0.9999999999999998,439.39999999999964,439.39999999999964,439.39999999999964,0.0,2.6666795796788225e-16,0.0,0.0,0.0,1.0,7.723821582317214e-17
8484.0,141.4,替浆（第一阶段高速）,0.9999999999999998,0.9999999999999998,439.39999999999964,439.39999999999964,439.39999999999964,0.0,2.661508930943289e-16,0.0,0.0,0.0,1.0,7.706058013923212e-17
8488.0,141.46666666666667,替浆（第一阶段高速）,0.9999999999999998,0.9999999999999998,439.39999999999964,439.39999999999964,439.39999999999964,0.0,2.649604796757723e-16,0.0,0.0,0.0,1.0,7.689959780066147e-17
8492.0,141.53333333333333,替浆（第一阶段高速）,0.9999999999999998,0.9999999999999998,439.39999999999964,439.39999999999964,439.39999999999964,0.0,2.639361189056361e-16,0.0,0.0,0.0,1.0,7.65609797781508e-17
8496.0,141.6,替浆（第一阶段高速）,0.9999999999999998,0.9999999999999998,439.39999999999964,439.39999999999964,439.39999999999964,0.0,2.62706367193739e-16,0.0,0.0,0.0,1.0,7.630562848248701e-17
8500.0,141.66666666666666,替浆（第一阶段高速）,0.9999999999999998,0.9999999999999998,439.39999999999964,439.39999999999964,439.39999999999964,0.0,2.6176256812347727e-16,0.0,0.0,0.0,1.0,7.591149930874508e-17
8504.0,141.73333333333332,替浆（第一阶段高速）,0.9999999999999998,0.9999999999999998,439.39999999999964,439.39999999999964,439.39999999999964,0.0,2.610120638238194e-16,0.0,0.0,0.0,1.0,7.566725024332754e-17
8508.0,141.8,替浆（第一阶段高速）,0.9999999999999998,0.9999999999999998,439.39999999999964,439.39999999999964,439.39999999999964,0.0,2.600735296766217e-16,0.0,0.0,0.0,1.0,7.55284723652494e-17
8512.0,141.86666666666667,替浆（第一阶段高速）,0.9999999999999998,0.9999999999999998,439.39999999999964,439.39999999999964,439.39999999999964,0.0,2.5922530682255404e-16,0.0,0.0,0.0,1.0,7.542855229303314e-17
8516.0,141.93333333333334,替浆（第一阶段高速）,0.9999999999999998,0.9999999999999998,439.39999999999964,439.39999999999964,439.39999999999964,0.0,2.582469795008481e-16,0.0,0.0,0.0,1.0,7.52287121486006e-17
8520.0,142.0,替浆（第一阶段高速）,0.9999999999999998,0.9999999999999998,439.39999999999964,439.39999999999964,439.39999999999964,0.0,2.573331223954837e-16,0.0,0.0,0.0,1.0,7.512324096126121e-17
8524.0,142.06666666666666,替浆（第一阶段高速）,0.9999999999999998,0.9999999999999998,439.39999999999964,439.39999999999964,439.39999999999964,0.0,2.5626021104002427e-16,0.0,0.0,0.0,1.0,7.49456052773212e-17
8528.0,142.13333333333333,替浆（第一阶段高速）,0.9999999999999998,0.9999999999999998,439.39999999999964,439.39999999999964,439.39999999999964,0.0,2.551422164292616e-16,0.0,0.0,0.0,1.0,7.452927164308676e-17
8532.0,142.2,替浆（第一阶段高速）,0.9999999999999998,0.9999999999999998,439.39999999999964,439.39999999999964,439.39999999999964,0.0,2.5405368588174137e-16,0.0,0.0,0.0,1.0,7.438494264988549e-17
8536.0,142.26666666666668,替浆（第一阶段高速）,0.9999999999999998,0.9999999999999998,439.39999999999964,439.39999999999964,439.39999999999964,0.0,2.5327860122036605e-16,0.0,0.0,0.0,1.0,7.416844916008359e-17
8540.0,142.33333333333334,替浆（第一阶段高速）,0.9999999999999998,0.9999999999999998,439.39999999999964,439.39999999999964,439.39999999999964,0.0,2.5212456090793907e-16,0.0,0.0,0.0,1.0,7.39797112458973e-17
8544.0,142.4,替浆（第一阶段高速）,0.9999999999999998,0.9999999999999998,439.39999999999964,439.39999999999964,439.39999999999964,0.0,2.5095245448813174e-16,0.0,0.0,0.0,1.0,7.362443987801726e-17
8548.0,142.46666666666667,替浆（第一阶段高速）,0.9999999999999998,0.9999999999999998,439.39999999999964,439.39999999999964,439.39999999999964,0.0,2.496913885036443e-16,0.0,0.0,0.0,1.0,7.34412530789541e-17
8552.0,142.53333333333333,替浆（第一阶段高速）,0.9999999999999998,0.9999999999999998,439.39999999999964,439.39999999999964,439.39999999999964,0.0,2.4907351052760593e-16,0.0,0.0,0.0,1.0,7.282507930028715e-17
8556.0,142.6,替浆（第一阶段高速）,0.9999999999999998,0.9999999999999998,439.39999999999964,439.39999999999964,439.39999999999964,0.0,2.479217080495818e-16,0.0,0.0,0.0,1.0,7.289724379688777e-17
8560.0,142.66666666666666,替浆（第一阶段高速）,0.9999999999999998,0.9999999999999998,439.39999999999964,439.39999999999964,439.39999999999964,0.0,2.470539043965052e-16,0.0,0.0,0.0,1.0,7.244760347191459e-17
8564.0,142.73333333333332,替浆（第一阶段高速）,0.9999999999999998,0.9999999999999998,439.39999999999964,439.39999999999964,439.39999999999964,0.0,2.460342678726573e-16,0.0,0.0,0.0,1.0,7.219780329137393e-17
8568.0,142.8,替浆（第一阶段高速）,0.9999999999999998,0.9999999999999998,439.39999999999964,439.39999999999964,439.39999999999964,0.0,2.4495391928832815e-16,0.0,0.0,0.0,1.0,7.21478432552658e-17
8572.0,142.86666666666667,替浆（第一阶段高速）,0.9999999999999998,0.9999999999999998,439.39999999999964,439.39999999999964,439.39999999999964,0.0,2.4391322832791387e-16,0.0,0.0,0.0,1.0,7.167044735467698e-17
8576.0,142.93333333333334,替浆（第一阶段高速）,0.9999999999999998,0.9999999999999998,439.39999999999964,439.39999999999964,439.39999999999964,0.0,2.4316117906257773e-16,0.0,0.0,0.0,1.0,7.115974476334941e-17
8580.0,143.0,替浆（第一阶段高速）,0.9999999999999998,0.9999999999999998,439.39999999999964,439.39999999999964,439.39999999999964,0.0,2.422348890211318e-16,0.0,0.0,0.0,1.0,7.109868249699502e-17
8584.0,143.06666666666666,替浆（第一阶段高速）,0.9999999999999998,0.9999999999999998,439.39999999999964,439.39999999999964,439.39999999999964,0.0,2.4163160951961536e-16,0.0,0.0,0.0,1.0,7.062683771152933e-17
8588.0,143.13333333333333,替浆（第一阶段高速）,0.9999999999999998,0.9999999999999998,439.39999999999964,439.39999999999964,439.39999999999964,0.0,2.406870832401322e-16,0.0,0.0,0.0,1.0,7.02105040772949e-17
8592.0,143.2,替浆（第一阶段高速）,0.9999999999999998,0.9999999999999998,439.39999999999964,439.39999999999964,439.39999999999964,0.0,2.401714126283902e-16,0.0,0.0,0.0,1.0,6.972755706158296e-17
8596.0,143.26666666666668,替浆（第一阶段高速）,0.9999999999999998,0.9999999999999998,439.39999999999964,439.39999999999964,439.39999999999964,0.0,2.405301205604145e-16,0.0,0.0,0.0,1.0,6.965539256498232e-17
8600.0,143.33333333333334,替浆（第一阶段高速）,0.9999999999999998,0.9999999999999998,439.39999999999964,439.39999999999964,439.39999999999964,0.0,2.4039484579369215e-16,0.0,0.0,0.0,1.0,7.009948177483238e-17
8604.0,143.4,替浆（第一阶段高速）,0.9999999999999998,0.9999999999999998,439.39999999999964,439.39999999999964,439.39999999999964,0.0,2.396770643652722e-16,0.0,0.0,0.0,1.0,7.04492020275893e-17
8608.0,143.46666666666667,替浆（第一阶段高速）,0.9999999999999998,0.9999999999999998,439.39999999999964,439.39999999999964,439.39999999999964,0.0,2.3893578892526696e-16,0.0,0.0,0.0,1.0,7.035483307049617e-17
8612.0,143.53333333333333,替浆（第一阶段高速）,0.9999999999999998,0.9999999999999998,439.39999999999964,439.39999999999964,439.39999999999964,0.0,2.383978477341067e-16,0.0,0.0,0.0,1.0,7.013833958069427e-17
8616.0,143.6,替浆（第一阶段高速）,0.9999999999999998,0.9999999999999998,439.39999999999964,439.39999999999964,439.39999999999964,0.0,2.3752517458244997e-16,0.0,0.0,0.0,1.0,7.012723735044802e-17
8620.0,143.66666666666666,替浆（第一阶段高速）,0.9999999999999998,0.9999999999999998,439.39999999999964,439.39999999999964,439.39999999999964,0.0,2.3688446055512014e-16,0.0,0.0,0.0,1.0,6.966094368010544e-17
8624.0,143.73333333333332,替浆（第一阶段高速）,0.9999999999999998,0.9999999999999998,439.39999999999964,439.39999999999964,439.39999999999964,0.0,2.3651963989338694e-16,0.0,0.0,0.0,1.0,6.946665465079605e-17
8628.0,143.8,替浆（第一阶段高速）,0.9999999999999998,0.9999999999999998,439.39999999999964,439.39999999999964,439.39999999999964,0.0,2.359652473994095e-16,0.0,0.0,0.0,1.0,6.942224572981103e-17
8632.0,143.86666666666667,替浆（第一阶段高速）,0.9999999999999998,0.9999999999999998,439.39999999999964,439.39999999999964,439.39999999999964,0.0,2.355620833702091e-16,0.0,0.0,0.0,1.0,6.953326803227355e-17
8636.0,143.93333333333334,替浆（第一阶段高速）,0.9999999999999998,0.9999999999999998,439.39999999999964,439.39999999999964,439.39999999999964,0.0,2.349209556386674e-16,0.0,0.0,0.0,1.0,6.949441022641167e-17
8640.0,144.0,替浆（第一阶段高速）,0.9999999999999998,0.9999999999999998,439.39999999999964,439.39999999999964,439.39999999999964,0.0,2.341685705446096e-16,0.0,0.0,0.0,1.0,6.939449015419541e-17
8644.0,144.06666666666666,替浆（第一阶段高速）,0.9999999999999998,0.9999999999999998,439.39999999999964,439.39999999999964,439.39999999999964,0.0,2.334729860150922e-16,0.0,0.0,0.0,1.0,6.926126339124039e-17
8648.0,144.13333333333333,替浆（第一阶段高速）,0.9999999999999998,0.9999999999999998,439.39999999999964,439.39999999999964,439.39999999999964,0.0,2.325457441662832e-16,0.0,0.0,0.0,1.0,6.910583216779286e-17
8652.0,144.2,替浆（第一阶段高速）,0.9999999999999998,0.9999999999999998,439.39999999999964,439.39999999999964,439.39999999999964,0.0,2.3177120752049155e-16,0.0,0.0,0.0,1.0,6.874500968478969e-17
8656.0,144.26666666666668,替浆（第一阶段高速）,0.9999999999999998,0.9999999999999998,439.39999999999964,439.39999999999964,439.39999999999964,0.0,2.310182584172012e-16,0.0,0.0,0.0,1.0,6.850076061937216e-17
8660.0,144.33333333333334,替浆（第一阶段高速）,0.9999999999999998,0.9999999999999998,439.39999999999964,439.39999999999964,439.39999999999964,0.0,2.3054664279113487e-16,0.0,0.0,0.0,1.0,6.832867605055527e-17
8664.0,144.4,替浆（第一阶段高速）,0.9999999999999998,0.9999999999999998,439.39999999999964,439.39999999999964,439.39999999999964,0.0,2.2961124153236894e-16,0.0,0.0,0.0,1.0,6.824540932370838e-17
8668.0,144.46666666666667,替浆（第一阶段高速）,0.9999999999999998,0.9999999999999998,439.39999999999964,439.39999999999964,439.39999999999964,0.0,2.289625354748258e-16,0.0,0.0,0.0,1.0,6.769584892651892e-17
8672.0,144.53333333333333,替浆（第一阶段高速）,0.9999999999999998,0.9999999999999998,439.39999999999964,439.39999999999964,439.39999999999964,0.0,2.2803269216501814e-16,0.0,0.0,0.0,1.0,6.762368442991828e-17
8676.0,144.6,替浆（第一阶段高速）,0.9999999999999998,0.9999999999999998,439.39999999999964,439.39999999999964,439.39999999999964,0.0,2.273201535160411e-16,0.0,0.0,0.0,1.0,6.71962485654376e-17
8680.0,144.66666666666666,替浆（第一阶段高速）,0.9999999999999998,0.9999999999999998,439.39999999999964,439.39999999999964,439.39999999999964,0.0,2.267467903907216e-16,0.0,0.0,0.0,1.0,6.702971511174383e-17
8684.0,144.73333333333332,替浆（第一阶段高速）,0.9999999999999998,0.9999999999999998,439.39999999999964,439.39999999999964,439.39999999999964,0.0,2.2628126771159593e-16,0.0,0.0,0.0,1.0,6.669664820435628e-17
8688.0,144.8,替浆（第一阶段高速）,0.9999999999999998,0.9999999999999998,439.39999999999964,439.39999999999964,439.39999999999964,0.0,2.259847932704779e-16,0.0,0.0,0.0,1.0,6.664113705312502e-17
8692.0,144.86666666666667,替浆（第一阶段高速）,0.9999999999999998,0.9999999999999998,439.39999999999964,439.39999999999964,439.39999999999964,0.0,2.252828681774393e-16,0.0,0.0,0.0,1.0,6.681322162194192e-17
8696.0,144.93333333333334,替浆（第一阶段高速）,0.9999999999999998,0.9999999999999998,439.39999999999964,439.39999999999964,439.39999999999964,0.0,2.2471291955251764e-16,0.0,0.0,0.0,1.0,6.682432385218817e-17
8700.0,145.0,替浆（第一阶段高速）,0.9999999999999998,0.9999999999999998,439.39999999999964,439.39999999999964,439.39999999999964,0.0,2.238581903833093e-16,0.0,0.0,0.0,1.0,6.657452367164751e-17
8704.0,145.06666666666666,替浆（第一阶段高速）,0.9999999999999998,0.9999999999999998,439.39999999999964,439.39999999999964,439.39999999999964,0.0,2.2318951458547314e-16,0.0,0.0,0.0,1.0,6.643019467844625e-17
8708.0,145.13333333333333,替浆（第一阶段高速）,0.9999999999999998,0.9999999999999998,439.39999999999964,439.39999999999964,439.39999999999964,0.0,2.2262531089452427e-16,0.0,0.0,0.0,1.0,6.636358129696873e-17
8712.0,145.2,替浆（第一阶段高速）,0.9999999999999998,0.9999999999999998,439.39999999999964,439.39999999999964,439.39999999999964,0.0,2.2186454645799875e-16,0.0,0.0,0.0,1.0,6.638023464233811e-17
8716.0,145.26666666666668,替浆（第一阶段高速）,0.9999999999999998,0.9999999999999998,439.39999999999964,439.39999999999964,439.39999999999964,0.0,2.20863485615158e-16,0.0,0.0,0.0,1.0,6.590838985687242e-17
8720.0,145.33333333333334,替浆（第一阶段高速）,0.9999999999999998,0.9999999999999998,439.39999999999964,439.39999999999964,439.39999999999964,0.0,2.2015330038362102e-16,0.0,0.0,0.0,1.0,6.559197629485425e-17
8724.0,145.4,替浆（第一阶段高速）,0.9999999999999998,0.9999999999999998,439.39999999999964,439.39999999999964,439.39999999999964,0.0,2.1924396597405033e-16,0.0,0.0,0.0,1.0,6.52589093874667e-17
8728.0,145.46666666666667,替浆（第一阶段高速）,0.9999999999999998,0.9999999999999998,439.39999999999964,439.39999999999964,439.39999999999964,0.0,2.1813057026474128e-16,0.0,0.0,0.0,1.0,6.47204512205235e-17
8732.0,145.53333333333333,替浆（第一阶段高速）,0.9999999999999998,0.9999999999999998,439.39999999999964,439.39999999999964,439.39999999999964,0.0,2.1760354966491563e-16,0.0,0.0,0.0,1.0,6.393219287303964e-17
8736.0,145.6,替浆（第一阶段高速）,0.9999999999999998,0.9999999999999998,439.39999999999964,439.39999999999964,439.39999999999964,0.0,2.1709521526336764e-16,0.0,0.0,0.0,1.0,6.352696146905146e-17
8740.0,145.66666666666666,替浆（第一阶段高速）,0.9999999999999998,0.9999999999999998,439.39999999999964,439.39999999999964,439.39999999999964,0.0,2.169797591054875e-16,0.0,0.0,0.0,1.0,6.307177002895515e-17
8744.0,145.73333333333332,替浆（第一阶段高速）,0.9999999999999998,0.9999999999999998,439.39999999999964,439.39999999999964,439.39999999999964,0.0,2.1720355204192677e-16,0.0,0.0,0.0,1.0,6.319944567678704e-17
8748.0,145.8,替浆（第一阶段高速）,0.9999999999999998,0.9999999999999998,439.39999999999964,439.39999999999964,439.39999999999964,0.0,2.1709072411050138e-16,0.0,0.0,0.0,1.0,6.314393452555578e-17
8752.0,145.86666666666667,替浆（第一阶段高速）,0.9999999999999998,0.9999999999999998,439.39999999999964,439.39999999999964,439.39999999999964,0.0,2.1702448933818478e-16,0.0,0.0,0.0,1.0,6.331601909437268e-17
8756.0,145.93333333333334,替浆（第一阶段高速）,0.9999999999999998,0.9999999999999998,439.39999999999964,439.39999999999964,439.39999999999964,0.0,2.1674368847970884e-16,0.0,0.0,0.0,1.0,6.352141035392834e-17
8760.0,146.0,替浆（第一阶段高速）,0.9999999999999998,0.9999999999999998,439.39999999999964,439.39999999999964,439.39999999999964,0.0,2.1641186833871172e-16,0.0,0.0,0.0,1.0,6.365463711688335e-17
8764.0,146.06666666666666,替浆（第一阶段高速）,0.9999999999999998,0.9999999999999998,439.39999999999964,439.39999999999964,439.39999999999964,0.0,2.1613205891317018e-16,0.0,0.0,0.0,1.0,6.335487690023456e-17
8768.0,146.13333333333333,替浆（第一阶段高速）,0.9999999999999998,0.9999999999999998,439.39999999999964,439.39999999999964,439.39999999999964,0.0,2.1588776986747268e-16,0.0,0.0,0.0,1.0,6.318279233141766e-17
8772.0,146.2,替浆（第一阶段高速）,0.9999999999999998,0.9999999999999998,439.39999999999964,439.39999999999964,439.39999999999964,0.0,2.1544626030926102e-16,0.0,0.0,0.0,1.0,6.288303211476887e-17
8776.0,146.26666666666668,替浆（第一阶段高速）,0.9999999999999998,0.9999999999999998,439.39999999999964,439.39999999999964,439.39999999999964,0.0,2.1537075270451315e-16,0.0,0.0,0.0,1.0,6.287192988452262e-17
8780.0,146.33333333333334,替浆（第一阶段高速）,0.9999999999999998,0.9999999999999998,439.39999999999964,439.39999999999964,439.39999999999964,0.0,2.1520075745300557e-16,0.0,0.0,0.0,1.0,6.277200981230635e-17
8784.0,146.4,替浆（第一阶段高速）,0.9999999999999998,0.9999999999999998,439.39999999999964,439.39999999999964,439.39999999999964,0.0,2.1477281174232284e-16,0.0,0.0,0.0,1.0,6.271649866107509e-17
8788.0,146.46666666666667,替浆（第一阶段高速）,0.9999999999999998,0.9999999999999998,439.39999999999964,439.39999999999964,439.39999999999964,0.0,2.1470341563023278e-16,0.0,0.0,0.0,1.0,6.253886297713507e-17
8792.0,146.53333333333333,替浆（第一阶段高速）,0.9999999999999998,0.9999999999999998,439.39999999999964,439.39999999999964,439.39999999999964,0.0,2.1451644884155966e-16,0.0,0.0,0.0,1.0,6.272204977619821e-17
8796.0,146.6,替浆（第一阶段高速）,0.9999999999999998,0.9999999999999998,439.39999999999964,439.39999999999964,439.39999999999964,0.0,2.1411090500591269e-16,0.0,0.0,0.0,1.0,6.271094754595196e-17
8800.0,146.66666666666666,替浆（第一阶段高速）,0.9999999999999998,0.9999999999999998,439.39999999999964,439.39999999999964,439.39999999999964,0.0,2.138639467278332e-16,0.0,0.0,0.0,1.0,6.25222096317657e-17
8804.0,146.73333333333332,替浆（第一阶段高速）,0.9999999999999998,0.9999999999999998,439.39999999999964,439.39999999999964,439.39999999999964,0.0,2.1368639003252364e-16,0.0,0.0,0.0,1.0,6.225020499073252e-17
8808.0,146.8,替浆（第一阶段高速）,0.9999999999999998,0.9999999999999998,439.39999999999964,439.39999999999964,439.39999999999964,0.0,2.1342347504371395e-16,0.0,0.0,0.0,1.0,6.225020499073252e-17
8812.0,146.86666666666667,替浆（第一阶段高速）,0.9999999999999998,0.9999999999999998,439.39999999999964,439.39999999999964,439.39999999999964,0.0,2.1328332164109417e-16,0.0,0.0,0.0,1.0,6.212808045802376e-17
8816.0,146.93333333333334,替浆（第一阶段高速）,0.9999999999999998,0.9999999999999998,439.39999999999964,439.39999999999964,439.39999999999964,0.0,2.130149684395702e-16,0.0,0.0,0.0,1.0,6.219469383950127e-17
8820.0,147.0,替浆（第一阶段高速）,0.9999999999999998,0.9999999999999998,439.39999999999964,439.39999999999964,439.39999999999964,0.0,2.1277162781211507e-16,0.0,0.0,0.0,1.0,6.195044477408374e-17
8824.0,147.06666666666666,替浆（第一阶段高速）,0.9999999999999998,0.9999999999999998,439.39999999999964,439.39999999999964,439.39999999999964,0.0,2.1257245173307443e-16,0.0,0.0,0.0,1.0,6.183942247162122e-17
8828.0,147.13333333333333,替浆（第一阶段高速）,0.9999999999999998,0.9999999999999998,439.39999999999964,439.39999999999964,439.39999999999964,0.0,2.1214145956496524e-16,0.0,0.0,0.0,1.0,6.15341111398493e-17
8832.0,147.2,替浆（第一阶段高速）,0.9999999999999998,0.9999999999999998,439.39999999999964,439.39999999999964,439.39999999999964,0.0,2.117284850185557e-16,0.0,0.0,0.0,1.0,6.142863995250991e-17
8836.0,147.26666666666668,替浆（第一阶段高速）,0.9999999999999998,0.9999999999999998,439.39999999999964,439.39999999999964,439.39999999999964,0.0,2.112744250416408e-16,0.0,0.0,0.0,1.0,6.128431095930865e-17
8840.0,147.33333333333334,替浆（第一阶段高速）,0.9999999999999998,0.9999999999999998,439.39999999999964,439.39999999999964,439.39999999999964,0.0,2.1170382212552652e-16,0.0,0.0,0.0,1.0,6.112332862073799e-17
8844.0,147.4,替浆（第一阶段高速）,0.9999999999999998,0.9999999999999998,439.39999999999964,439.39999999999964,439.39999999999964,0.0,2.1134826856219957e-16,0.0,0.0,0.0,1.0,6.171174682378932e-17
8848.0,147.46666666666667,替浆（第一阶段高速）,0.9999999999999998,0.9999999999999998,439.39999999999964,439.39999999999964,439.39999999999964,0.0,2.107149259167706e-16,0.0,0.0,0.0,1.0,6.158962229108056e-17
8852.0,147.53333333333333,替浆（第一阶段高速）,0.9999999999999998,0.9999999999999998,439.39999999999964,439.39999999999964,439.39999999999964,0.0,2.1037450427041307e-16,0.0,0.0,0.0,1.0,6.127320872906238e-17
8856.0,147.6,替浆（第一阶段高速）,0.9999999999999998,0.9999999999999998,439.39999999999964,439.39999999999964,439.39999999999964,0.0,2.1011516135609966e-16,0.0,0.0,0.0,1.0,6.09734485124136e-17
8860.0,147.66666666666666,替浆（第一阶段高速）,0.9999999999999998,0.9999999999999998,439.39999999999964,439.39999999999964,439.39999999999964,0.0,2.1022727936248698e-16,0.0,0.0,0.0,1.0,6.046274592108602e-17
8864.0,147.73333333333332,替浆（第一阶段高速）,0.9999999999999998,0.9999999999999998,439.39999999999964,439.39999999999964,439.39999999999964,0.0,2.1023157378867024e-16,0.0,0.0,0.0,1.0,6.052935930256354e-17
8868.0,147.8,替浆（第一阶段高速）,0.9999999999999998,0.9999999999999998,439.39999999999964,439.39999999999964,439.39999999999964,0.0,2.1035240993855374e-16,0.0,0.0,0.0,1.0,6.062372825965668e-17
8872.0,147.86666666666667,替浆（第一阶段高速）,0.9999999999999998,0.9999999999999998,439.39999999999964,439.39999999999964,439.39999999999964,0.0,2.1019575386326314e-16,0.0,0.0,0.0,1.0,6.084577286458171e-17
8876.0,147.93333333333334,替浆（第一阶段高速）,0.9999999999999998,0.9999999999999998,439.39999999999964,439.39999999999964,439.39999999999964,0.0,2.1020778770497084e-16,0.0,0.0,0.0,1.0,6.092903959142859e-17
8880.0,148.0,替浆（第一阶段高速）,0.9999999999999998,0.9999999999999998,439.39999999999964,439.39999999999964,439.39999999999964,0.0,2.0997665360884372e-16,0.0,0.0,0.0,1.0,6.105671523926049e-17
8884.0,148.06666666666666,替浆（第一阶段高速）,0.9999999999999998,0.9999999999999998,439.39999999999964,439.39999999999964,439.39999999999964,0.0,2.098494456211293e-16,0.0,0.0,0.0,1.0,6.081801728896607e-17
8888.0,148.13333333333333,替浆（第一阶段高速）,0.9999999999999998,0.9999999999999998,439.39999999999964,439.39999999999964,439.39999999999964,0.0,2.0970897288328153e-16,0.0,0.0,0.0,1.0,6.068479052601105e-17
8892.0,148.2,替浆（第一阶段高速）,0.9999999999999998,0.9999999999999998,439.39999999999964,439.39999999999964,439.39999999999964,0.0,2.0976138184464552e-16,0.0,0.0,0.0,1.0,6.062372825965668e-17
8896.0,148.26666666666668,替浆（第一阶段高速）,0.9999999999999998,0.9999999999999998,439.39999999999964,439.39999999999964,439.39999999999964,0.0,2.0950839963333656e-16,0.0,0.0,0.0,1.0,6.077360836798107e-17
8900.0,148.33333333333334,替浆（第一阶段高速）,0.9999999999999998,0.9999999999999998,439.39999999999964,439.39999999999964,439.39999999999964,0.0,2.094170979361665e-16,0.0,0.0,0.0,1.0,6.051825707231729e-17
8904.0,148.4,替浆（第一阶段高速）,0.9999999999999998,0.9999999999999998,439.39999999999964,439.39999999999964,439.39999999999964,0.0,2.0928627143602925e-16,0.0,0.0,0.0,1.0,6.045164369083977e-17
8908.0,148.46666666666667,替浆（第一阶段高速）,0.9999999999999998,0.9999999999999998,439.39999999999964,439.39999999999964,439.39999999999964,0.0,2.0923162173665567e-16,0.0,0.0,0.0,1.0,6.03905814244854e-17
8912.0,148.53333333333333,替浆（第一阶段高速）,0.9999999999999998,0.9999999999999998,439.39999999999964,439.39999999999964,439.39999999999964,0.0,2.0904535695107936e-16,0.0,0.0,0.0,1.0,6.041833700010102e-17
8916.0,148.6,替浆（第一阶段高速）,0.9999999999999998,0.9999999999999998,439.39999999999964,439.39999999999964,439.39999999999964,0.0,2.0909891260391089e-16,0.0,0.0,0.0,1.0,6.025180354640724e-17
8920.0,148.66666666666666,替浆（第一阶段高速）,0.9999999999999998,0.9999999999999998,439.39999999999964,439.39999999999964,439.39999999999964,0.0,2.0895267132357039e-16,0.0,0.0,0.0,1.0,6.042943923034727e-17
8924.0,148.73333333333332,替浆（第一阶段高速）,0.9999999999999998,0.9999999999999998,439.39999999999964,439.39999999999964,439.39999999999964,0.0,2.0889180288372992e-16,0.0,0.0,0.0,1.0,6.036282584886976e-17
8928.0,148.8,替浆（第一阶段高速）,0.9999999999999998,0.9999999999999998,439.39999999999964,439.39999999999964,439.39999999999964,0.0,2.0859267955927087e-16,0.0,0.0,0.0,1.0,6.031841692788476e-17
8932.0,148.86666666666667,替浆（第一阶段高速）,0.9999999999999998,0.9999999999999998,439.39999999999964,439.39999999999964,439.39999999999964,0.0,2.0845187066615744e-16,0.0,0.0,0.0,1.0,5.999645225074346e-17
8936.0,148.93333333333334,替浆（第一阶段高速）,0.9999999999999998,0.9999999999999998,439.39999999999964,439.39999999999964,439.39999999999964,0.0,2.0837612896972836e-16,0.0,0.0,0.0,1.0,5.987987883315782e-17
8940.0,149.0,替浆（第一阶段高速）,0.9999999999999998,0.9999999999999998,439.39999999999964,439.39999999999964,439.39999999999964,0.0,2.084454612183483e-16,0.0,0.0,0.0,1.0,5.992428775414282e-17
8944.0,149.06666666666666,替浆（第一阶段高速）,0.9999999999999998,0.9999999999999998,439.39999999999964,439.39999999999964,439.39999999999964,0.0,2.081993276621439e-16,0.0,0.0,0.0,1.0,6.007971897759035e-17
8948.0,149.13333333333333,替浆（第一阶段高速）,0.9999999999999998,0.9999999999999998,439.39999999999964,439.39999999999964,439.39999999999964,0.0,2.0822389020887767e-16,0.0,0.0,0.0,1.0,5.983546991217282e-17
8952.0,149.2,替浆（第一阶段高速）,0.9999999999999998,0.9999999999999998,439.39999999999964,439.39999999999964,439.39999999999964,0.0,2.079655852950095e-16,0.0,0.0,0.0,1.0,5.996869667512783e-17
8956.0,149.26666666666668,替浆（第一阶段高速）,0.9999999999999998,0.9999999999999998,439.39999999999964,439.39999999999964,439.39999999999964,0.0,2.0777303561544617e-16,0.0,0.0,0.0,1.0,5.971889649458718e-17
8960.0,149.33333333333334,替浆（第一阶段高速）,0.9999999999999998,0.9999999999999998,439.39999999999964,439.39999999999964,439.39999999999964,0.0,2.0749833573266714e-16,0.0,0.0,0.0,1.0,5.947464742916963e-17
8964.0,149.4,替浆（第一阶段高速）,0.9999999999999998,0.9999999999999998,439.39999999999964,439.39999999999964,439.39999999999964,0.0,2.0748854044541593e-16,0.0,0.0,0.0,1.0,5.915268275202835e-17
8968.0,149.46666666666667,替浆（第一阶段高速）,0.9999999999999998,0.9999999999999998,439.39999999999964,439.39999999999964,439.39999999999964,0.0,2.0728434277833556e-16,0.0,0.0,0.0,1.0,5.906386491005833e-17
8972.0,149.53333333333333,替浆（第一阶段高速）,0.9999999999999998,0.9999999999999998,439.39999999999964,439.39999999999964,439.39999999999964,0.0,2.0721393789807985e-16,0.0,0.0,0.0,1.0,5.86475312758239e-17
8976.0,149.6,替浆（第一阶段高速）,0.9999999999999998,0.9999999999999998,439.39999999999964,439.39999999999964,439.39999999999964,0.0,2.0711323287378735e-16,0.0,0.0,0.0,1.0,5.829781102306697e-17
8980.0,149.66666666666666,替浆（第一阶段高速）,0.9999999999999998,0.9999999999999998,439.39999999999964,439.39999999999964,439.39999999999964,0.0,2.0717052025294273e-16,0.0,0.0,0.0,1.0,5.811462422400382e-17
8984.0,149.73333333333332,替浆（第一阶段高速）,0.9999999999999998,0.9999999999999998,439.39999999999964,439.39999999999964,439.39999999999964,0.0,2.0721728188154798e-16,0.0,0.0,0.0,1.0,5.817013537523508e-17
8988.0,149.8,替浆（第一阶段高速）,0.9999999999999998,0.9999999999999998,439.39999999999964,439.39999999999964,439.39999999999964,0.0,2.0730540261815066e-16,0.0,0.0,0.0,1.0,5.82811576776976e-17
8992.0,149.86666666666667,替浆（第一阶段高速）,0.9999999999999998,0.9999999999999998,439.39999999999964,439.39999999999964,439.39999999999964,0.0,2.0711776754475685e-16,0.0,0.0,0.0,1.0,5.838662886503699e-17
8996.0,149.93333333333334,替浆（第一阶段高速）,0.9999999999999998,0.9999999999999998,439.39999999999964,439.39999999999964,439.39999999999964,0.0,2.0715864352120386e-16,0.0,0.0,0.0,1.0,5.815903314498883e-17
9000.0,150.0,替浆（第一阶段高速）,0.9999999999999998,0.9999999999999998,439.39999999999964,439.39999999999964,439.39999999999964,0.0,2.0706388632322354e-16,0.0,0.0,0.0,1.0,5.813127756937319e-17
9004.0,150.06666666666666,替浆（第一阶段高速）,0.9999999999999998,0.9999999999999998,439.39999999999964,439.39999999999964,439.39999999999964,0.0,2.0727460549495716e-16,0.0,0.0,0.0,1.0,5.803690861228006e-17
9008.0,150.13333333333333,替浆（第一阶段高速）,0.9999999999999998,0.9999999999999998,439.39999999999964,439.39999999999964,439.39999999999964,0.0,2.072481106536958e-16,0.0,0.0,0.0,1.0,5.83255665986826e-17
9012.0,150.2,替浆（第一阶段高速）,0.9999999999999998,0.9999999999999998,439.39999999999964,439.39999999999964,439.39999999999964,0.0,2.072376165515247e-16,0.0,0.0,0.0,1.0,5.835887328942135e-17
9016.0,150.26666666666668,替浆（第一阶段高速）,0.9999999999999998,0.9999999999999998,439.39999999999964,439.39999999999964,439.39999999999964,0.0,2.0715509129215583e-16,0.0,0.0,0.0,1.0,5.832001548355947e-17
9020.0,150.33333333333334,替浆（第一阶段高速）,0.9999999999999998,0.9999999999999998,439.39999999999964,439.39999999999964,439.39999999999964,0.0,2.0721511151197916e-16,0.0,0.0,0.0,1.0,5.820899318109696e-17
9024.0,150.4,替浆（第一阶段高速）,0.9999999999999998,0.9999999999999998,439.39999999999964,439.39999999999964,439.39999999999964,0.0,2.0700156097726875e-16,0.0,0.0,0.0,1.0,5.824229987183571e-17
9028.0,150.46666666666667,替浆（第一阶段高速）,0.9999999999999998,0.9999999999999998,439.39999999999964,439.39999999999964,439.39999999999964,0.0,2.071231136727234e-16,0.0,0.0,0.0,1.0,5.794809077031005e-17
9032.0,150.53333333333333,替浆（第一阶段高速）,0.9999999999999998,0.9999999999999998,439.39999999999964,439.39999999999964,439.39999999999964,0.0,2.0725776577310328e-16,0.0,0.0,0.0,1.0,5.804801084252631e-17
9036.0,150.6,替浆（第一阶段高速）,0.9999999999999998,0.9999999999999998,439.39999999999964,439.39999999999964,439.39999999999964,0.0,2.0716105846578666e-16,0.0,0.0,0.0,1.0,5.831446436843635e-17
9040.0,150.66666666666666,替浆（第一阶段高速）,0.9999999999999998,0.9999999999999998,439.39999999999964,439.39999999999964,439.39999999999964,0.0,2.0712984108288793e-16,0.0,0.0,0.0,1.0,5.816458426011195e-17
9044.0,150.73333333333332,替浆（第一阶段高速）,0.9999999999999998,0.9999999999999998,439.39999999999964,439.39999999999964,439.39999999999964,0.0,2.071978551802951e-16,0.0,0.0,0.0,1.0,5.818678872060446e-17
9048.0,150.8,替浆（第一阶段高速）,0.9999999999999998,0.9999999999999998,439.39999999999964,439.39999999999964,439.39999999999964,0.0,2.071195542056114e-16,0.0,0.0,0.0,1.0,5.820899318109696e-17
9052.0,150.86666666666667,替浆（第一阶段高速）,0.9999999999999998,0.9999999999999998,439.39999999999964,439.39999999999964,439.39999999999964,0.0,2.072330471154404e-16,0.0,0.0,0.0,1.0,5.813127756937319e-17
9056.0,150.93333333333334,替浆（第一阶段高速）,0.9999999999999998,0.9999999999999998,439.39999999999964,439.39999999999964,439.39999999999964,0.0,2.070641537634818e-16,0.0,0.0,0.0,1.0,5.824229987183571e-17
9060.0,151.0,替浆（第一阶段高速）,0.9999999999999998,0.9999999999999998,439.39999999999964,439.39999999999964,439.39999999999964,0.0,2.0727936482502296e-16,0.0,0.0,0.0,1.0,5.805911307277256e-17
9064.0,151.06666666666666,替浆（第一阶段高速）,0.9999999999999998,0.9999999999999998,439.39999999999964,439.39999999999964,439.39999999999964,0.0,2.0716189376010755e-16,0.0,0.0,0.0,1.0,5.831446436843635e-17
9068.0,151.13333333333333,替浆（第一阶段高速）,0.9999999999999998,0.9999999999999998,439.39999999999964,439.39999999999964,439.39999999999964,0.0,2.0726874810393654e-16,0.0,0.0,0.0,1.0,5.818123760548133e-17
9072.0,151.2,替浆（第一阶段高速）,0.9999999999999998,0.9999999999999998,439.39999999999964,439.39999999999964,439.39999999999964,0.0,2.07084651095776e-16,0.0,0.0,0.0,1.0,5.833111771380572e-17
9076.0,151.26666666666668,替浆（第一阶段高速）,0.9999999999999998,0.9999999999999998,439.39999999999964,439.39999999999964,439.39999999999964,0.0,2.0724332184817403e-16,0.0,0.0,0.0,1.0,5.810907310888069e-17
9080.0,151.33333333333334,替浆（第一阶段高速）,0.9999999999999998,0.9999999999999998,439.39999999999964,439.39999999999964,439.39999999999964,0.0,2.0711716691672716e-16,0.0,0.0,0.0,1.0,5.82811576776976e-17
9084.0,151.4,替浆（第一阶段高速）,0.9999999999999998,0.9999999999999998,439.39999999999964,439.39999999999964,439.39999999999964,0.0,2.0722936714434283e-16,0.0,0.0,0.0,1.0,5.812572645425007e-17
9088.0,151.46666666666667,替浆（第一阶段高速）,0.9999999999999998,0.9999999999999998,439.39999999999964,439.39999999999964,439.39999999999964,0.0,2.072957197044879e-16,0.0,0.0,0.0,1.0,5.82589532172051e-17
9092.0,151.53333333333333,替浆（第一阶段高速）,0.9999999999999998,0.9999999999999998,439.39999999999964,439.39999999999964,439.39999999999964,0.0,2.0724295882789898e-16,0.0,0.0,0.0,1.0,5.841993555577574e-17
9096.0,151.6,替浆（第一阶段高速）,0.9999999999999998,0.9999999999999998,439.39999999999964,439.39999999999964,439.39999999999964,0.0,2.071983986510472e-16,0.0,0.0,0.0,1.0,5.827560656257447e-17
9100.0,151.66666666666666,替浆（第一阶段高速）,0.9999999999999998,0.9999999999999998,439.39999999999964,439.39999999999964,439.39999999999964,0.0,2.0720531925745216e-16,0.0,0.0,0.0,1.0,5.825340210208197e-17
9104.0,151.73333333333332,替浆（第一阶段高速）,0.9999999999999998,0.9999999999999998,439.39999999999964,439.39999999999964,439.39999999999964,0.0,2.0712242229838577e-16,0.0,0.0,0.0,1.0,5.823119764158946e-17
9108.0,151.8,替浆（第一阶段高速）,0.9999999999999998,0.9999999999999998,439.39999999999964,439.39999999999964,439.39999999999964,0.0,2.0727690868694845e-16,0.0,0.0,0.0,1.0,5.814793091474258e-17
9112.0,151.86666666666667,替浆（第一阶段高速）,0.9999999999999998,0.9999999999999998,439.39999999999964,439.39999999999964,439.39999999999964,0.0,2.071886522913888e-16,0.0,0.0,0.0,1.0,5.83255665986826e-17
9116.0,151.93333333333334,替浆（第一阶段高速）,0.9999999999999998,0.9999999999999998,439.39999999999964,439.39999999999964,439.39999999999964,0.0,2.0718981795574785e-16,0.0,0.0,0.0,1.0,5.823674875671258e-17
9120.0,152.0,替浆（第一阶段高速）,0.9999999999999998,0.9999999999999998,439.39999999999964,439.39999999999964,439.39999999999964,0.0,2.0717655286387242e-16,0.0,0.0,0.0,1.0,5.81978909508507e-17
9124.0,152.06666666666666,替浆（第一阶段高速）,0.9999999999999998,0.9999999999999998,439.39999999999964,439.39999999999964,439.39999999999964,0.0,2.0735017745731806e-16,0.0,0.0,0.0,1.0,5.823119764158946e-17
9128.0,152.13333333333333,替浆（第一阶段高速）,0.9999999999999998,0.9999999999999998,439.39999999999964,439.39999999999964,439.39999999999964,0.0,2.072807001376513e-16,0.0,0.0,0.0,1.0,5.847544670700699e-17
9132.0,152.2,替浆（第一阶段高速）,0.9999999999999998,0.9999999999999998,439.39999999999964,439.39999999999964,439.39999999999964,0.0,2.0716450500524151e-16,0.0,0.0,0.0,1.0,5.836997551966761e-17
9136.0,152.26666666666668,替浆（第一阶段高速）,0.9999999999999998,0.9999999999999998,439.39999999999964,439.39999999999964,439.39999999999964,0.0,2.0714122547298362e-16,0.0,0.0,0.0,1.0,5.815903314498883e-17
9140.0,152.33333333333334,替浆（第一阶段高速）,0.9999999999999998,0.9999999999999998,439.39999999999964,439.39999999999964,439.39999999999964,0.0,2.0716037712989573e-16,0.0,0.0,0.0,1.0,5.818678872060446e-17
9144.0,152.4,替浆（第一阶段高速）,0.9999999999999998,0.9999999999999998,439.39999999999964,439.39999999999964,439.39999999999964,0.0,2.0702187757261052e-16,0.0,0.0,0.0,1.0,5.814793091474258e-17
9148.0,152.46666666666667,替浆（第一阶段高速）,0.9999999999999998,0.9999999999999998,439.39999999999964,439.39999999999964,439.39999999999964,0.0,2.0716317135101943e-16,0.0,0.0,0.0,1.0,5.79813974610488e-17
9152.0,152.53333333333333,替浆（第一阶段高速）,0.9999999999999998,0.9999999999999998,439.39999999999964,439.39999999999964,439.39999999999964,0.0,2.0711062751344923e-16,0.0,0.0,0.0,1.0,5.814237979961945e-17
9156.0,152.6,替浆（第一阶段高速）,0.9999999999999998,0.9999999999999998,439.39999999999964,439.39999999999964,439.39999999999964,0.0,2.0722604353527447e-16,0.0,0.0,0.0,1.0,5.813127756937319e-17
9160.0,152.66666666666666,替浆（第一阶段高速）,0.9999999999999998,0.9999999999999998,439.39999999999964,439.39999999999964,439.39999999999964,0.0,2.072082300462758e-16,0.0,0.0,0.0,1.0,5.827560656257447e-17
9164.0,152.73333333333332,替浆（第一阶段高速）,0.9999999999999998,0.9999999999999998,439.39999999999964,439.39999999999964,439.39999999999964,0.0,2.072044505282446e-16,0.0,0.0,0.0,1.0,5.82589532172051e-17
9168.0,152.8,替浆（第一阶段高速）,0.9999999999999998,0.9999999999999998,439.39999999999964,439.39999999999964,439.39999999999964,0.0,2.0708961903113097e-16,0.0,0.0,0.0,1.0,5.822009541134321e-17
9172.0,152.86666666666667,替浆（第一阶段高速）,0.9999999999999998,0.9999999999999998,439.39999999999964,439.39999999999964,439.39999999999964,0.0,2.07212191355667e-16,0.0,0.0,0.0,1.0,5.809797087863444e-17
9176.0,152.93333333333334,替浆（第一阶段高速）,0.9999999999999998,0.9999999999999998,439.39999999999964,439.39999999999964,439.39999999999964,0.0,2.0727270417359387e-16,0.0,0.0,0.0,1.0,5.821454429622008e-17
9180.0,153.0,替浆（第一阶段高速）,0.9999999999999998,0.9999999999999998,439.39999999999964,439.39999999999964,439.39999999999964,0.0,2.07239669835035e-16,0.0,0.0,0.0,1.0,5.836442440454447e-17
9184.0,153.06666666666666,替浆（第一阶段高速）,0.9999999999999998,0.9999999999999998,439.39999999999964,439.39999999999964,439.39999999999964,0.0,2.0712447071179275e-16,0.0,0.0,0.0,1.0,5.82811576776976e-17
9188.0,153.13333333333333,替浆（第一阶段高速）,0.9999999999999998,0.9999999999999998,439.39999999999964,439.39999999999964,439.39999999999964,0.0,2.0711963551179249e-16,0.0,0.0,0.0,1.0,5.816458426011195e-17
9192.0,153.2,替浆（第一阶段高速）,0.9999999999999998,0.9999999999999998,439.39999999999964,439.39999999999964,439.39999999999964,0.0,2.0714574560648884e-16,0.0,0.0,0.0,1.0,5.808131753326506e-17
9196.0,153.26666666666668,替浆（第一阶段高速）,0.9999999999999998,0.9999999999999998,439.39999999999964,439.39999999999964,439.39999999999964,0.0,2.0714742462316942e-16,0.0,0.0,0.0,1.0,5.818678872060446e-17
9200.0,153.33333333333334,替浆（第一阶段高速）,0.9999999999999998,0.9999999999999998,439.39999999999964,439.39999999999964,439.39999999999964,0.0,2.0714384340948905e-16,0.0,0.0,0.0,1.0,5.81534820298657e-17
9204.0,153.4,替浆（第一阶段高速）,0.9999999999999998,0.9999999999999998,439.39999999999964,439.39999999999964,439.39999999999964,0.0,2.0726809920582425e-16,0.0,0.0,0.0,1.0,5.822009541134321e-17
9208.0,153.46666666666667,替浆（第一阶段高速）,0.9999999999999998,0.9999999999999998,439.39999999999964,439.39999999999964,439.39999999999964,0.0,2.070121590503375e-16,0.0,0.0,0.0,1.0,5.833111771380572e-17
9212.0,153.53333333333333,替浆（第一阶段高速）,0.9999999999999998,0.9999999999999998,439.39999999999964,439.39999999999964,439.39999999999964,0.0,2.070017472320116e-16,0.0,0.0,0.0,1.0,5.796474411567942e-17
9216.0,153.6,替浆（第一阶段高速）,0.9999999999999998,0.9999999999999998,439.39999999999964,439.39999999999964,439.39999999999964,0.0,2.0701602429088584e-16,0.0,0.0,0.0,1.0,5.790923296444816e-17
9220.0,153.66666666666666,替浆（第一阶段高速）,0.9999999999999998,0.9999999999999998,439.39999999999964,439.39999999999964,439.39999999999964,0.0,2.0706180331733038e-16,0.0,0.0,0.0,1.0,5.797584634592567e-17
9224.0,153.73333333333332,替浆（第一阶段高速）,0.9999999999999998,0.9999999999999998,439.39999999999964,439.39999999999964,439.39999999999964,0.0,2.0708644100891736e-16,0.0,0.0,0.0,1.0,5.799249969129505e-17
9228.0,153.8,替浆（第一阶段高速）,0.9999999999999998,0.9999999999999998,439.39999999999964,439.39999999999964,439.39999999999964,0.0,2.0710824261699655e-16,0.0,0.0,0.0,1.0,5.808686864838819e-17
9232.0,153.86666666666667,替浆（第一阶段高速）,0.9999999999999998,0.9999999999999998,439.39999999999964,439.39999999999964,439.39999999999964,0.0,2.0707820037629701e-16,0.0,0.0,0.0,1.0,5.807021530301881e-17
9236.0,153.93333333333334,替浆（第一阶段高速）,0.9999999999999998,0.9999999999999998,439.39999999999964,439.39999999999964,439.39999999999964,0.0,2.0715456237419904e-16,0.0,0.0,0.0,1.0,5.808131753326506e-17
9240.0,154.0,替浆（第一阶段高速）,0.9999999999999998,0.9999999999999998,439.39999999999964,439.39999999999964,439.39999999999964,0.0,2.0715540082612392e-16,0.0,0.0,0.0,1.0,5.814237979961945e-17
9244.0,154.06666666666666,替浆（第一阶段高速）,0.9999999999999998,0.9999999999999998,439.39999999999964,439.39999999999964,439.39999999999964,0.0,2.0712813051940736e-16,0.0,0.0,0.0,1.0,5.81756864903582e-17
9248.0,154.13333333333333,替浆（第一阶段高速）,0.9999999999999998,0.9999999999999998,439.39999999999964,439.39999999999964,439.39999999999964,0.0,2.0716306216482007e-16,0.0,0.0,0.0,1.0,5.809241976351132e-17
9252.0,154.2,替浆（第一阶段高速）,0.9999999999999998,0.9999999999999998,439.39999999999964,439.39999999999964,439.39999999999964,0.0,2.0727103698112151e-16,0.0,0.0,0.0,1.0,5.822564652646633e-17
9256.0,154.26666666666668,替浆（第一阶段高速）,0.9999999999999998,0.9999999999999998,439.39999999999964,439.39999999999964,439.39999999999964,0.0,2.0717489541282847e-16,0.0,0.0,0.0,1.0,5.834221994405197e-17
9260.0,154.33333333333334,替浆（第一阶段高速）,0.9999999999999998,0.9999999999999998,439.39999999999964,439.39999999999964,439.39999999999964,0.0,2.0720212423676083e-16,0.0,0.0,0.0,1.0,5.823119764158946e-17
9264.0,154.4,替浆（第一阶段高速）,0.9999999999999998,0.9999999999999998,439.39999999999964,439.39999999999964,439.39999999999964,0.0,2.071096177783462e-16,0.0,0.0,0.0,1.0,5.822009541134321e-17
9268.0,154.46666666666667,替浆（第一阶段高速）,0.9999999999999998,0.9999999999999998,439.39999999999964,439.39999999999964,439.39999999999964,0.0,2.0733788223206272e-16,0.0,0.0,0.0,1.0,5.813127756937319e-17
9272.0,154.53333333333333,替浆（第一阶段高速）,0.9999999999999998,0.9999999999999998,439.39999999999964,439.39999999999964,439.39999999999964,0.0,2.0711913133279998e-16,0.0,0.0,0.0,1.0,5.844214001626824e-17
9276.0,154.6,替浆（第一阶段高速）,0.9999999999999998,0.9999999999999998,439.39999999999964,439.39999999999964,439.39999999999964,0.0,2.0721406142986187e-16,0.0,0.0,0.0,1.0,5.813682868449632e-17
9280.0,154.66666666666666,替浆（第一阶段高速）,0.9999999999999998,0.9999999999999998,439.39999999999964,439.39999999999964,439.39999999999964,0.0,2.070586893210004e-16,0.0,0.0,0.0,1.0,5.824785098695883e-17
9284.0,154.73333333333332,替浆（第一阶段高速）,0.9999999999999998,0.9999999999999998,439.39999999999964,439.39999999999964,439.39999999999964,0.0,2.071100879523403e-16,0.0,0.0,0.0,1.0,5.805356195764944e-17
9288.0,154.8,替浆（第一阶段高速）,0.9999999999999998,0.9999999999999998,439.39999999999964,439.39999999999964,439.39999999999964,0.0,2.0710239919061995e-16,0.0,0.0,0.0,1.0,5.807576641814194e-17
9292.0,154.86666666666667,替浆（第一阶段高速）,0.9999999999999998,0.9999999999999998,439.39999999999964,439.39999999999964,439.39999999999964,0.0,2.0725423407081338e-16,0.0,0.0,0.0,1.0,5.807576641814194e-17
9296.0,154.93333333333334,替浆（第一阶段高速）,0.9999999999999998,0.9999999999999998,439.39999999999964,439.39999999999964,439.39999999999964,0.0,2.0716049999550572e-16,0.0,0.0,0.0,1.0,5.82811576776976e-17
9300.0,155.0,替浆（第一阶段高速）,0.9999999999999998,0.9999999999999998,439.39999999999964,439.39999999999964,439.39999999999964,0.0,2.072123466331263e-16,0.0,0.0,0.0,1.0,5.818678872060446e-17
9304.0,155.06666666666666,替浆（第一阶段高速）,0.9999999999999998,0.9999999999999998,439.39999999999964,439.39999999999964,439.39999999999964,0.0,2.0721874851458016e-16,0.0,0.0,0.0,1.0,5.823674875671258e-17
9308.0,155.13333333333333,替浆（第一阶段高速）,0.9999999999999998,0.9999999999999998,439.39999999999964,439.39999999999964,439.39999999999964,0.0,2.0715825163410657e-16,0.0,0.0,0.0,1.0,5.827005544745135e-17
9312.0,155.2,替浆（第一阶段高速）,0.9999999999999998,0.9999999999999998,439.39999999999964,439.39999999999964,439.39999999999964,0.0,2.0719829974064798e-16,0.0,0.0,0.0,1.0,5.813127756937319e-17
9316.0,155.26666666666668,替浆（第一阶段高速）,0.9999999999999998,0.9999999999999998,439.39999999999964,439.39999999999964,439.39999999999964,0.0,2.0728897876546118e-16,0.0,0.0,0.0,1.0,5.826450433232822e-17
9320.0,155.33333333333334,替浆（第一阶段高速）,0.9999999999999998,0.9999999999999998,439.39999999999964,439.39999999999964,439.39999999999964,0.0,2.0727443971740915e-16,0.0,0.0,0.0,1.0,5.83477710591751e-17
9324.0,155.4,替浆（第一阶段高速）,0.9999999999999998,0.9999999999999998,439.39999999999964,439.39999999999964,439.39999999999964,0.0,2.0727804680837564e-16,0.0,0.0,0.0,1.0,5.837552663479074e-17
9328.0,155.46666666666667,替浆（第一阶段高速）,0.9999999999999998,0.9999999999999998,439.39999999999964,439.39999999999964,439.39999999999964,0.0,2.0710322319211864e-16,0.0,0.0,0.0,1.0,5.834221994405197e-17
9332.0,155.53333333333333,替浆（第一阶段高速）,0.9999999999999998,0.9999999999999998,439.39999999999964,439.39999999999964,439.39999999999964,0.0,2.07087330233685e-16,0.0,0.0,0.0,1.0,5.810907310888069e-17
9336.0,155.6,替浆（第一阶段高速）,0.9999999999999998,0.9999999999999998,439.39999999999964,439.39999999999964,439.39999999999964,0.0,2.0719172194226852e-16,0.0,0.0,0.0,1.0,5.803690861228006e-17
9340.0,155.66666666666666,替浆（第一阶段高速）,0.9999999999999998,0.9999999999999998,439.39999999999964,439.39999999999964,439.39999999999964,0.0,2.0726774195032858e-16,0.0,0.0,0.0,1.0,5.820899318109696e-17
9344.0,155.73333333333332,替浆（第一阶段高速）,0.9999999999999998,0.9999999999999998,439.39999999999964,439.39999999999964,439.39999999999964,0.0,2.0726158551797795e-16,0.0,0.0,0.0,1.0,5.832001548355947e-17
9348.0,155.8,替浆（第一阶段高速）,0.9999999999999998,0.9999999999999998,439.39999999999964,439.39999999999964,439.39999999999964,0.0,2.0723988349763638e-16,0.0,0.0,0.0,1.0,5.837552663479074e-17
9352.0,155.86666666666667,替浆（第一阶段高速）,0.9999999999999998,0.9999999999999998,439.39999999999964,439.39999999999964,439.39999999999964,0.0,2.071468877609838e-16,0.0,0.0,0.0,1.0,5.827560656257447e-17
9356.0,155.93333333333334,替浆（第一阶段高速）,0.9999999999999998,0.9999999999999998,439.39999999999964,439.39999999999964,439.39999999999964,0.0,2.0721670513730515e-16,0.0,0.0,0.0,1.0,5.81534820298657e-17
9360.0,156.0,替浆（第一阶段高速）,0.9999999999999998,0.9999999999999998,439.39999999999964,439.39999999999964,439.39999999999964,0.0,2.072065539672701e-16,0.0,0.0,0.0,1.0,5.822564652646633e-17
9364.0,156.06666666666666,替浆（第一阶段高速）,0.9999999999999998,0.9999999999999998,439.39999999999964,439.39999999999964,439.39999999999964,0.0,2.0729830571552496e-16,0.0,0.0,0.0,1.0,5.828670879282072e-17
9368.0,156.13333333333333,替浆（第一阶段高速）,0.9999999999999998,0.9999999999999998,439.39999999999964,439.39999999999964,439.39999999999964,0.0,2.0714891566509062e-16,0.0,0.0,0.0,1.0,5.837552663479074e-17
9372.0,156.2,替浆（第一阶段高速）,0.9999999999999998,0.9999999999999998,439.39999999999964,439.39999999999964,439.39999999999964,0.0,2.0707450973660248e-16,0.0,0.0,0.0,1.0,5.817013537523508e-17
9376.0,156.26666666666668,替浆（第一阶段高速）,0.9999999999999998,0.9999999999999998,439.39999999999964,439.39999999999964,439.39999999999964,0.0,2.070534831760949e-16,0.0,0.0,0.0,1.0,5.801470415178755e-17
9380.0,156.33333333333334,替浆（第一阶段高速）,0.9999999999999998,0.9999999999999998,439.39999999999964,439.39999999999964,439.39999999999964,0.0,2.0719206850218757e-16,0.0,0.0,0.0,1.0,5.804801084252631e-17
9384.0,156.4,替浆（第一阶段高速）,0.9999999999999998,0.9999999999999998,439.39999999999964,439.39999999999964,439.39999999999964,0.0,2.0710342723643472e-16,0.0,0.0,0.0,1.0,5.823674875671258e-17
9388.0,156.46666666666667,替浆（第一阶段高速）,0.9999999999999998,0.9999999999999998,439.39999999999964,439.39999999999964,439.39999999999964,0.0,2.0714013330696539e-16,0.0,0.0,0.0,1.0,5.810907310888069e-17
9392.0,156.53333333333333,替浆（第一阶段高速）,0.9999999999999998,0.9999999999999998,439.39999999999964,439.39999999999964,439.39999999999964,0.0,2.071815555113579e-16,0.0,0.0,0.0,1.0,5.812017533912694e-17
9396.0,156.6,替浆（第一阶段高速）,0.9999999999999998,0.9999999999999998,439.39999999999964,439.39999999999964,439.39999999999964,0.0,2.0723048839869041e-16,0.0,0.0,0.0,1.0,5.824785098695883e-17
9400.0,156.66666666666666,替浆（第二阶段中速）,0.9999999999999998,0.9999999999999998,439.39999999999964,439.39999999999964,439.39999999999964,0.0,2.1152299886541337e-16,0.0,0.0,0.0,1.0,5.826450433232822e-17
9404.0,156.73333333333332,替浆（第二阶段中速）,0.9999999999999998,0.9999999999999998,439.39999999999964,439.39999999999964,439.39999999999964,0.0,2.1915254796476567e-16,0.0,0.0,0.0,1.0,5.962452753749404e-17
9408.0,156.8,替浆（第二阶段中速）,0.9999999999999998,0.9999999999999998,439.39999999999964,439.39999999999964,439.39999999999964,0.0,2.2542138500860003e-16,0.0,0.0,0.0,1.0,6.189493362285248e-17
9412.0,156.86666666666667,替浆（第二阶段中速）,0.9999999999999998,0.9999999999999998,439.39999999999964,439.39999999999964,439.39999999999964,0.0,2.2756096107437404e-16,0.0,0.0,0.0,1.0,6.338263247585018e-17
9416.0,156.93333333333334,替浆（第二阶段中速）,0.9999999999999998,0.9999999999999998,439.39999999999964,439.39999999999964,439.39999999999964,0.0,2.299612191015453e-16,0.0,0.0,0.0,1.0,6.420419751407281e-17
9420.0,157.0,替浆（第二阶段中速）,0.9999999999999998,0.9999999999999998,439.39999999999964,439.39999999999964,439.39999999999964,0.0,2.3181872821724823e-16,0.0,0.0,0.0,1.0,6.49147402498329e-17
9424.0,157.06666666666666,替浆（第二阶段中速）,0.9999999999999998,0.9999999999999998,439.39999999999964,439.39999999999964,439.39999999999964,0.0,2.323235912507703e-16,0.0,0.0,0.0,1.0,6.567524302170114e-17
9428.0,157.13333333333333,替浆（第二阶段中速）,0.9999999999999998,0.9999999999999998,439.39999999999964,439.39999999999964,439.39999999999964,0.0,2.323362844158831e-16,0.0,0.0,0.0,1.0,6.584732759051803e-17
9432.0,157.2,替浆（第二阶段中速）,0.9999999999999998,0.9999999999999998,439.39999999999964,439.39999999999964,439.39999999999964,0.0,2.3288799281691293e-16,0.0,0.0,0.0,1.0,6.572520305780926e-17
9436.0,157.26666666666668,替浆（第二阶段中速）,0.9999999999999998,0.9999999999999998,439.39999999999964,439.39999999999964,439.39999999999964,0.0,2.337953492362935e-16,0.0,0.0,0.0,1.0,6.598610546859618e-17
9440.0,157.33333333333334,替浆（第二阶段中速）,0.9999999999999998,0.9999999999999998,439.39999999999964,439.39999999999964,439.39999999999964,0.0,2.3376906190135384e-16,0.0,0.0,0.0,1.0,6.609157665593557e-17
9444.0,157.4,替浆（第二阶段中速）,0.9999999999999998,0.9999999999999998,439.39999999999964,439.39999999999964,439.39999999999964,0.0,2.347700016220651e-16,0.0,0.0,0.0,1.0,6.596390100810367e-17
9448.0,157.46666666666667,替浆（第二阶段中速）,0.9999999999999998,0.9999999999999998,439.39999999999964,439.39999999999964,439.39999999999964,0.0,2.351413441332356e-16,0.0,0.0,0.0,1.0,6.63136212608606e-17
9452.0,157.53333333333333,替浆（第二阶段中速）,0.9999999999999998,0.9999999999999998,439.39999999999964,439.39999999999964,439.39999999999964,0.0,2.353292045640834e-16,0.0,0.0,0.0,1.0,6.664113705312502e-17
9456.0,157.6,替浆（第二阶段中速）,0.9999999999999998,0.9999999999999998,439.39999999999964,439.39999999999964,439.39999999999964,0.0,2.360288149618532e-16,0.0,0.0,0.0,1.0,6.66799948589869e-17
9460.0,157.66666666666666,替浆（第二阶段中速）,0.9999999999999998,0.9999999999999998,439.39999999999964,439.39999999999964,439.39999999999964,0.0,2.3653710411044073e-16,0.0,0.0,0.0,1.0,6.692979503952756e-17
9464.0,157.73333333333332,替浆（第二阶段中速）,0.9999999999999998,0.9999999999999998,439.39999999999964,439.39999999999964,439.39999999999964,0.0,2.3653653454989537e-16,0.0,0.0,0.0,1.0,6.694644838489694e-17
9468.0,157.8,替浆（第二阶段中速）,0.9999999999999998,0.9999999999999998,439.39999999999964,439.39999999999964,439.39999999999964,0.0,2.3697638554258417e-16,0.0,0.0,0.0,1.0,6.695199950002006e-17
9472.0,157.86666666666667,替浆（第二阶段中速）,0.9999999999999998,0.9999999999999998,439.39999999999964,439.39999999999964,439.39999999999964,0.0,2.3748553334222296e-16,0.0,0.0,0.0,1.0,6.70907773780982e-17
9476.0,157.93333333333334,替浆（第二阶段中速）,0.9999999999999998,0.9999999999999998,439.39999999999964,439.39999999999964,439.39999999999964,0.0,2.3765475505746567e-16,0.0,0.0,0.0,1.0,6.721290191080698e-17
9480.0,158.0,替浆（第二阶段中速）,0.9999999999999998,0.9999999999999998,439.39999999999964,439.39999999999964,439.39999999999964,0.0,2.385279109498434e-16,0.0,0.0,0.0,1.0,6.707412403272883e-17
9484.0,158.06666666666666,替浆（第二阶段中速）,0.9999999999999998,0.9999999999999998,439.39999999999964,439.39999999999964,439.39999999999964,0.0,2.389903090815799e-16,0.0,0.0,0.0,1.0,6.725731083179198e-17
9488.0,158.13333333333333,替浆（第二阶段中速）,0.9999999999999998,0.9999999999999998,439.39999999999964,439.39999999999964,439.39999999999964,0.0,2.391300221206279e-16,0.0,0.0,0.0,1.0,6.738498647962388e-17
9492.0,158.2,替浆（第二阶段中速）,0.9999999999999998,0.9999999999999998,439.39999999999964,439.39999999999964,439.39999999999964,0.0,2.3919087839581027e-16,0.0,0.0,0.0,1.0,6.751821324257889e-17
9496.0,158.26666666666668,替浆（第二阶段中速）,0.9999999999999998,0.9999999999999998,439.39999999999964,439.39999999999964,439.39999999999964,0.0,2.395185904076373e-16,0.0,0.0,0.0,1.0,6.763478666016453e-17
9500.0,158.33333333333334,替浆（第二阶段中速）,0.9999999999999998,0.9999999999999998,439.39999999999964,439.39999999999964,439.39999999999964,0.0,2.3950227143662307e-16,0.0,0.0,0.0,1.0,6.76902978113958e-17
9504.0,158.4,替浆（第二阶段中速）,0.9999999999999998,0.9999999999999998,439.39999999999964,439.39999999999964,439.39999999999964,0.0,2.3980438632742213e-16,0.0,0.0,0.0,1.0,6.752931547282514e-17
9508.0,158.46666666666667,替浆（第二阶段中速）,0.9999999999999998,0.9999999999999998,439.39999999999964,439.39999999999964,439.39999999999964,0.0,2.3998471414562774e-16,0.0,0.0,0.0,1.0,6.767364446602642e-17
9512.0,158.53333333333333,替浆（第二阶段中速）,0.9999999999999998,0.9999999999999998,439.39999999999964,439.39999999999964,439.39999999999964,0.0,2.39904361279123e-16,0.0,0.0,0.0,1.0,6.777356453824269e-17
9516.0,158.6,替浆（第二阶段中速）,0.9999999999999998,0.9999999999999998,439.39999999999964,439.39999999999964,439.39999999999964,0.0,2.403067639470343e-16,0.0,0.0,0.0,1.0,6.762923554504141e-17
9520.0,158.66666666666666,替浆（第二阶段中速）,0.9999999999999998,0.9999999999999998,439.39999999999964,439.39999999999964,439.39999999999964,0.0,2.404777573239376e-16,0.0,0.0,0.0,1.0,6.781797345922769e-17
9524.0,158.73333333333332,替浆（第二阶段中速）,0.9999999999999998,0.9999999999999998,439.39999999999964,439.39999999999964,439.39999999999964,0.0,2.402454478158671e-16,0.0,0.0,0.0,1.0,6.77347067323808e-17
9528.0,158.8,替浆（第二阶段中速）,0.9999999999999998,0.9999999999999998,439.39999999999964,439.39999999999964,439.39999999999964,0.0,2.406673408568017e-16,0.0,0.0,0.0,1.0,6.736278201913137e-17
9532.0,158.86666666666667,替浆（第二阶段中速）,0.9999999999999998,0.9999999999999998,439.39999999999964,439.39999999999964,439.39999999999964,0.0,2.409345065873812e-16,0.0,0.0,0.0,1.0,6.770695115676517e-17
9536.0,158.93333333333334,替浆（第二阶段中速）,0.9999999999999998,0.9999999999999998,439.39999999999964,439.39999999999964,439.39999999999964,0.0,2.4091913590349185e-16,0.0,0.0,0.0,1.0,6.787348461045894e-17
9540.0,159.0,替浆（第二阶段中速）,0.9999999999999998,0.9999999999999998,439.39999999999964,439.39999999999964,439.39999999999964,0.0,2.410161454759971e-16,0.0,0.0,0.0,1.0,6.764033777528766e-17
9544.0,159.06666666666666,替浆（第二阶段中速）,0.9999999999999998,0.9999999999999998,439.39999999999964,439.39999999999964,439.39999999999964,0.0,2.4132590118518124e-16,0.0,0.0,0.0,1.0,6.77569111928733e-17
9548.0,159.13333333333333,替浆（第二阶段中速）,0.9999999999999998,0.9999999999999998,439.39999999999964,439.39999999999964,439.39999999999964,0.0,2.4129584054756507e-16,0.0,0.0,0.0,1.0,6.797895579779833e-17
9552.0,159.2,替浆（第二阶段中速）,0.9999999999999998,0.9999999999999998,439.39999999999964,439.39999999999964,439.39999999999964,0.0,2.41552774888814e-16,0.0,0.0,0.0,1.0,6.782352457435081e-17
9556.0,159.26666666666668,替浆（第二阶段中速）,0.9999999999999998,0.9999999999999998,439.39999999999964,439.39999999999964,439.39999999999964,0.0,2.417274031595204e-16,0.0,0.0,0.0,1.0,6.79289957616902e-17
9560.0,159.33333333333334,替浆（第二阶段中速）,0.9999999999999998,0.9999999999999998,439.39999999999964,439.39999999999964,439.39999999999964,0.0,2.417843194189195e-16,0.0,0.0,0.0,1.0,6.800671137341397e-17
9564.0,159.4,替浆（第二阶段中速）,0.9999999999999998,0.9999999999999998,439.39999999999964,439.39999999999964,439.39999999999964,0.0,2.4203913780499645e-16,0.0,0.0,0.0,1.0,6.795675133730583e-17
9568.0,159.46666666666667,替浆（第二阶段中速）,0.9999999999999998,0.9999999999999998,439.39999999999964,439.39999999999964,439.39999999999964,0.0,2.4218137245186896e-16,0.0,0.0,0.0,1.0,6.818989817247711e-17
9572.0,159.53333333333333,替浆（第二阶段中速）,0.9999999999999998,0.9999999999999998,439.39999999999964,439.39999999999964,439.39999999999964,0.0,2.4218448350392643e-16,0.0,0.0,0.0,1.0,6.815659148173836e-17
9576.0,159.6,替浆（第二阶段中速）,0.9999999999999998,0.9999999999999998,439.39999999999964,439.39999999999964,439.39999999999964,0.0,2.4231966141811954e-16,0.0,0.0,0.0,1.0,6.813438702124586e-17
9580.0,159.66666666666666,替浆（第二阶段中速）,0.9999999999999998,0.9999999999999998,439.39999999999964,439.39999999999964,439.39999999999964,0.0,2.422989381442922e-16,0.0,0.0,0.0,1.0,6.814548925149211e-17
9584.0,159.73333333333332,替浆（第二阶段中速）,0.9999999999999998,0.9999999999999998,439.39999999999964,439.39999999999964,439.39999999999964,0.0,2.423961370559311e-16,0.0,0.0,0.0,1.0,6.800116025829084e-17
9588.0,159.8,替浆（第二阶段中速）,0.9999999999999998,0.9999999999999998,439.39999999999964,439.39999999999964,439.39999999999964,0.0,2.425001882161657e-16,0.0,0.0,0.0,1.0,6.815104036661523e-17
9592.0,159.86666666666667,替浆（第二阶段中速）,0.9999999999999998,0.9999999999999998,439.39999999999964,439.39999999999964,439.39999999999964,0.0,2.424975430554021e-16,0.0,0.0,0.0,1.0,6.831202270518588e-17
9596.0,159.93333333333334,替浆（第二阶段中速）,0.9999999999999998,0.9999999999999998,439.39999999999964,439.39999999999964,439.39999999999964,0.0,2.424129907371663e-16,0.0,0.0,0.0,1.0,6.800671137341397e-17
9600.0,160.0,替浆（第二阶段中速）,0.9999999999999998,0.9999999999999998,439.39999999999964,439.39999999999964,439.39999999999964,0.0,2.426411275720633e-16,0.0,0.0,0.0,1.0,6.78845868407052e-17
9604.0,160.06666666666666,替浆（第二阶段中速）,0.9999999999999998,0.9999999999999998,439.39999999999964,439.39999999999964,439.39999999999964,0.0,2.426120281509575e-16,0.0,0.0,0.0,1.0,6.806777363976835e-17
9608.0,160.13333333333333,替浆（第二阶段中速）,0.9999999999999998,0.9999999999999998,439.39999999999964,439.39999999999964,439.39999999999964,0.0,2.427435790546158e-16,0.0,0.0,0.0,1.0,6.801226248853709e-17
9612.0,160.2,替浆（第二阶段中速）,0.9999999999999998,0.9999999999999998,439.39999999999964,439.39999999999964,439.39999999999964,0.0,2.42797848114259e-16,0.0,0.0,0.0,1.0,6.816214259686149e-17
9616.0,160.26666666666668,替浆（第二阶段中速）,0.9999999999999998,0.9999999999999998,439.39999999999964,439.39999999999964,439.39999999999964,0.0,2.4290127013945673e-16,0.0,0.0,0.0,1.0,6.811218256075336e-17
9620.0,160.33333333333334,替浆（第二阶段中速）,0.9999999999999998,0.9999999999999998,439.39999999999964,439.39999999999964,439.39999999999964,0.0,2.4279879773995935e-16,0.0,0.0,0.0,1.0,6.805112029439897e-17
9624.0,160.4,替浆（第二阶段中速）,0.9999999999999998,0.9999999999999998,439.39999999999964,439.39999999999964,439.39999999999964,0.0,2.429550364223262e-16,0.0,0.0,0.0,1.0,6.804001806415272e-17
9628.0,160.46666666666667,替浆（第二阶段中速）,0.9999999999999998,0.9999999999999998,439.39999999999964,439.39999999999964,439.39999999999964,0.0,2.43120872419463e-16,0.0,0.0,0.0,1.0,6.808442698513772e-17
9632.0,160.53333333333333,替浆（第二阶段中速）,0.9999999999999998,0.9999999999999998,439.39999999999964,439.39999999999964,439.39999999999964,0.0,2.430726393437267e-16,0.0,0.0,0.0,1.0,6.811218256075336e-17
9636.0,160.6,替浆（第二阶段中速）,0.9999999999999998,0.9999999999999998,439.39999999999964,439.39999999999964,439.39999999999964,0.0,2.432580322680679e-16,0.0,0.0,0.0,1.0,6.80566714095221e-17
9640.0,160.66666666666666,替浆（第二阶段中速）,0.9999999999999998,0.9999999999999998,439.39999999999964,439.39999999999964,439.39999999999964,0.0,2.433532698834731e-16,0.0,0.0,0.0,1.0,6.837863608666339e-17
9644.0,160.73333333333332,替浆（第二阶段中速）,0.9999999999999998,0.9999999999999998,439.39999999999964,439.39999999999964,439.39999999999964,0.0,2.4326817355849883e-16,0.0,0.0,0.0,1.0,6.827871601444713e-17
9648.0,160.8,替浆（第二阶段中速）,0.9999999999999998,0.9999999999999998,439.39999999999964,439.39999999999964,439.39999999999964,0.0,2.4343344719761203e-16,0.0,0.0,0.0,1.0,6.814548925149211e-17
9652.0,160.86666666666667,替浆（第二阶段中速）,0.9999999999999998,0.9999999999999998,439.39999999999964,439.39999999999964,439.39999999999964,0.0,2.4340899167498735e-16,0.0,0.0,0.0,1.0,6.813993813636898e-17
9656.0,160.93333333333334,替浆（第二阶段中速）,0.9999999999999998,0.9999999999999998,439.39999999999964,439.39999999999964,439.39999999999964,0.0,2.4343296541428017e-16,0.0,0.0,0.0,1.0,6.804556917927584e-17
9660.0,161.0,替浆（第二阶段中速）,0.9999999999999998,0.9999999999999998,439.39999999999964,439.39999999999964,439.39999999999964,0.0,2.436351063630025e-16,0.0,0.0,0.0,1.0,6.817879594223086e-17
9664.0,161.06666666666666,替浆（第二阶段中速）,0.9999999999999998,0.9999999999999998,439.39999999999964,439.39999999999964,439.39999999999964,0.0,2.4371358861570675e-16,0.0,0.0,0.0,1.0,6.830092047493963e-17
9668.0,161.13333333333333,替浆（第二阶段中速）,0.9999999999999998,0.9999999999999998,439.39999999999964,439.39999999999964,439.39999999999964,0.0,2.435941896608689e-16,0.0,0.0,0.0,1.0,6.816769371198461e-17
9672.0,161.2,替浆（第二阶段中速）,0.9999999999999998,0.9999999999999998,439.39999999999964,439.39999999999964,439.39999999999964,0.0,2.4381968753635933e-16,0.0,0.0,0.0,1.0,6.819544928760024e-17
9676.0,161.26666666666668,替浆（第二阶段中速）,0.9999999999999998,0.9999999999999998,439.39999999999964,439.39999999999964,439.39999999999964,0.0,2.438702980967195e-16,0.0,0.0,0.0,1.0,6.833422716567839e-17
9680.0,161.33333333333334,替浆（第二阶段中速）,0.9999999999999998,0.9999999999999998,439.39999999999964,439.39999999999964,439.39999999999964,0.0,2.4393262583792344e-16,0.0,0.0,0.0,1.0,6.834532939592464e-17
9684.0,161.4,替浆（第二阶段中速）,0.9999999999999998,0.9999999999999998,439.39999999999964,439.39999999999964,439.39999999999964,0.0,2.438395097769602e-16,0.0,0.0,0.0,1.0,6.843414723789464e-17
9688.0,161.46666666666667,替浆（第二阶段中速）,0.9999999999999998,0.9999999999999998,439.39999999999964,439.39999999999964,439.39999999999964,0.0,2.4390795523615126e-16,0.0,0.0,0.0,1.0,6.822320486321587e-17
9692.0,161.53333333333333,替浆（第二阶段中速）,0.9999999999999998,0.9999999999999998,439.39999999999964,439.39999999999964,439.39999999999964,0.0,2.4385880137104553e-16,0.0,0.0,0.0,1.0,6.81010803305071e-17
9696.0,161.6,替浆（第二阶段中速）,0.9999999999999998,0.9999999999999998,439.39999999999964,439.39999999999964,439.39999999999964,0.0,2.440442033783169e-16,0.0,0.0,0.0,1.0,6.81010803305071e-17
9700.0,161.66666666666666,替浆（第二阶段中速）,0.9999999999999998,0.9999999999999998,439.39999999999964,439.39999999999964,439.39999999999964,0.0,2.440623806773361e-16,0.0,0.0,0.0,1.0,6.813993813636898e-17
9704.0,161.73333333333332,替浆（第二阶段中速）,0.9999999999999998,0.9999999999999998,439.39999999999964,439.39999999999964,439.39999999999964,0.0,2.4407151126759556e-16,0.0,0.0,0.0,1.0,6.821765374809275e-17
9708.0,161.8,替浆（第二阶段中速）,0.9999999999999998,0.9999999999999998,439.39999999999964,439.39999999999964,439.39999999999964,0.0,2.443115563994854e-16,0.0,0.0,0.0,1.0,6.8317573820309e-17
9712.0,161.86666666666667,替浆（第二阶段中速）,0.9999999999999998,0.9999999999999998,439.39999999999964,439.39999999999964,439.39999999999964,0.0,2.4419153234278145e-16,0.0,0.0,0.0,1.0,6.860623180671155e-17
9716.0,161.93333333333334,替浆（第二阶段中速）,0.9999999999999998,0.9999999999999998,439.39999999999964,439.39999999999964,439.39999999999964,0.0,2.4382220319538634e-16,0.0,0.0,0.0,1.0,6.847855615887966e-17
9720.0,162.0,替浆（第二阶段中速）,0.9999999999999998,0.9999999999999998,439.39999999999964,439.39999999999964,439.39999999999964,0.0,2.441989481299554e-16,0.0,0.0,0.0,1.0,6.800671137341397e-17
9724.0,162.06666666666666,替浆（第二阶段中速）,0.9999999999999998,0.9999999999999998,439.39999999999964,439.39999999999964,439.39999999999964,0.0,2.4446858927172047e-16,0.0,0.0,0.0,1.0,6.819544928760024e-17
9728.0,162.13333333333333,替浆（第二阶段中速）,0.9999999999999998,0.9999999999999998,439.39999999999964,439.39999999999964,439.39999999999964,0.0,2.445238957326541e-16,0.0,0.0,0.0,1.0,6.832312493543213e-17
9732.0,162.2,替浆（第二阶段中速）,0.9999999999999998,0.9999999999999998,439.39999999999964,439.39999999999964,439.39999999999964,0.0,2.447488068280703e-16,0.0,0.0,0.0,1.0,6.817879594223086e-17
9736.0,162.26666666666668,替浆（第二阶段中速）,0.9999999999999998,0.9999999999999998,439.39999999999964,439.39999999999964,439.39999999999964,0.0,2.4487249030029713e-16,0.0,0.0,0.0,1.0,6.810663144563023e-17
9740.0,162.33333333333334,替浆（第二阶段中速）,0.9999999999999998,0.9999999999999998,439.39999999999964,439.39999999999964,439.39999999999964,0.0,2.4483591330965025e-16,0.0,0.0,0.0,1.0,6.817879594223086e-17
9744.0,162.4,替浆（第二阶段中速）,0.9999999999999998,0.9999999999999998,439.39999999999964,439.39999999999964,439.39999999999964,0.0,2.454176791317648e-16,0.0,0.0,0.0,1.0,6.802336471878334e-17
9748.0,162.46666666666667,替浆（第二阶段中速）,0.9999999999999998,0.9999999999999998,439.39999999999964,439.39999999999964,439.39999999999964,0.0,2.4553442303568705e-16,0.0,0.0,0.0,1.0,6.826761378420088e-17
9752.0,162.53333333333333,替浆（第二阶段中速）,0.9999999999999998,0.9999999999999998,439.39999999999964,439.39999999999964,439.39999999999964,0.0,2.457118234785079e-16,0.0,0.0,0.0,1.0,6.823430709346212e-17
9756.0,162.6,替浆（第二阶段中速）,0.9999999999999998,0.9999999999999998,439.39999999999964,439.39999999999964,439.39999999999964,0.0,2.458908639471825e-16,0.0,0.0,0.0,1.0,6.818989817247711e-17
9760.0,162.66666666666666,替浆（第二阶段中速）,0.9999999999999998,0.9999999999999998,439.39999999999964,439.39999999999964,439.39999999999964,0.0,2.4611132146504785e-16,0.0,0.0,0.0,1.0,6.832312493543213e-17
9764.0,162.73333333333332,替浆（第二阶段中速）,0.9999999999999998,0.9999999999999998,439.39999999999964,439.39999999999964,439.39999999999964,0.0,2.4610507529237573e-16,0.0,0.0,0.0,1.0,6.837308497154027e-17
9768.0,162.8,替浆（第二阶段中速）,0.9999999999999998,0.9999999999999998,439.39999999999964,439.39999999999964,439.39999999999964,0.0,2.467138740519746e-16,0.0,0.0,0.0,1.0,6.820655151784649e-17
9772.0,162.86666666666667,替浆（第二阶段中速）,0.9999999999999998,0.9999999999999998,439.39999999999964,439.39999999999964,439.39999999999964,0.0,2.467730345836293e-16,0.0,0.0,0.0,1.0,6.849520950424903e-17
9776.0,162.93333333333334,替浆（第二阶段中速）,0.9999999999999998,0.9999999999999998,439.39999999999964,439.39999999999964,439.39999999999964,0.0,2.468515977611842e-16,0.0,0.0,0.0,1.0,6.823985820858525e-17
9780.0,163.0,替浆（第二阶段中速）,0.9999999999999998,0.9999999999999998,439.39999999999964,439.39999999999964,439.39999999999964,0.0,2.471661686112648e-16,0.0,0.0,0.0,1.0,6.830092047493963e-17
9784.0,163.06666666666666,替浆（第二阶段中速）,0.9999999999999998,0.9999999999999998,439.39999999999964,439.39999999999964,439.39999999999964,0.0,2.472298738070786e-16,0.0,0.0,0.0,1.0,6.841194277740214e-17
9788.0,163.13333333333333,替浆（第二阶段中速）,0.9999999999999998,0.9999999999999998,439.39999999999964,439.39999999999964,439.39999999999964,0.0,2.473844496466026e-16,0.0,0.0,0.0,1.0,6.825651155395463e-17
9792.0,163.2,替浆（第二阶段中速）,0.9999999999999998,0.9999999999999998,439.39999999999964,439.39999999999964,439.39999999999964,0.0,2.480067978640184e-16,0.0,0.0,0.0,1.0,6.814548925149211e-17
9796.0,163.26666666666668,替浆（第二阶段中速）,0.9999999999999998,0.9999999999999998,439.39999999999964,439.39999999999964,439.39999999999964,0.0,2.481019654430876e-16,0.0,0.0,0.0,1.0,6.862843626720405e-17
9800.0,163.33333333333334,替浆（第二阶段中速）,0.9999999999999998,0.9999999999999998,439.39999999999964,439.39999999999964,439.39999999999964,0.0,2.4839430565133897e-16,0.0,0.0,0.0,1.0,6.852296507986466e-17
9804.0,163.4,替浆（第二阶段中速）,0.9999999999999998,0.9999999999999998,439.39999999999964,439.39999999999964,439.39999999999964,0.0,2.486670436971987e-16,0.0,0.0,0.0,1.0,6.871725410917406e-17
9808.0,163.46666666666667,替浆（第二阶段中速）,0.9999999999999998,0.9999999999999998,439.39999999999964,439.39999999999964,439.39999999999964,0.0,2.487287685994916e-16,0.0,0.0,0.0,1.0,6.86173340369578e-17
9812.0,163.53333333333333,替浆（第二阶段中速）,0.9999999999999998,0.9999999999999998,439.39999999999964,439.39999999999964,439.39999999999964,0.0,2.486576259120495e-16,0.0,0.0,0.0,1.0,6.849520950424903e-17
9816.0,163.6,替浆（第二阶段中速）,0.9999999999999998,0.9999999999999998,439.39999999999964,439.39999999999964,439.39999999999964,0.0,2.492476074615336e-16,0.0,0.0,0.0,1.0,6.832867605055527e-17
9820.0,163.66666666666666,替浆（第二阶段中速）,0.9999999999999998,0.9999999999999998,439.39999999999964,439.39999999999964,439.39999999999964,0.0,2.494625632640385e-16,0.0,0.0,0.0,1.0,6.863398738232717e-17
9824.0,163.73333333333332,替浆（第二阶段中速）,0.9999999999999998,0.9999999999999998,439.39999999999964,439.39999999999964,439.39999999999964,0.0,2.4982463323717847e-16,0.0,0.0,0.0,1.0,6.858957846134217e-17
9828.0,163.8,替浆（第二阶段中速）,0.9999999999999998,0.9999999999999998,439.39999999999964,439.39999999999964,439.39999999999964,0.0,2.499356179870829e-16,0.0,0.0,0.0,1.0,6.869504964868156e-17
9832.0,163.86666666666667,替浆（第二阶段中速）,0.9999999999999998,0.9999999999999998,439.39999999999964,439.39999999999964,439.39999999999964,0.0,2.50165707999098e-16,0.0,0.0,0.0,1.0,6.875611191503594e-17
9836.0,163.93333333333334,替浆（第二阶段中速）,0.9999999999999998,0.9999999999999998,439.39999999999964,439.39999999999964,439.39999999999964,0.0,2.502166607542102e-16,0.0,0.0,0.0,1.0,6.87894186057747e-17
9840.0,164.0,替浆（第二阶段中速）,0.9999999999999998,0.9999999999999998,439.39999999999964,439.39999999999964,439.39999999999964,0.0,2.5070465403924597e-16,0.0,0.0,0.0,1.0,6.867284518818906e-17
9844.0,164.06666666666666,替浆（第二阶段中速）,0.9999999999999998,0.9999999999999998,439.39999999999964,439.39999999999964,439.39999999999964,0.0,2.5077486770920206e-16,0.0,0.0,0.0,1.0,6.874500968478969e-17
9848.0,164.13333333333333,替浆（第二阶段中速）,0.9999999999999998,0.9999999999999998,439.39999999999964,439.39999999999964,439.39999999999964,0.0,2.5093402829669413e-16,0.0,0.0,0.0,1.0,6.866729407306594e-17
9852.0,164.2,替浆（第二阶段中速）,0.9999999999999998,0.9999999999999998,439.39999999999964,439.39999999999964,439.39999999999964,0.0,2.51365965242128e-16,0.0,0.0,0.0,1.0,6.862843626720405e-17
9856.0,164.26666666666668,替浆（第二阶段中速）,0.9999999999999998,0.9999999999999998,439.39999999999964,439.39999999999964,439.39999999999964,0.0,2.516926987597619e-16,0.0,0.0,0.0,1.0,6.885048087212908e-17
9860.0,164.33333333333334,替浆（第二阶段中速）,0.9999999999999998,0.9999999999999998,439.39999999999964,439.39999999999964,439.39999999999964,0.0,2.5167691040861727e-16,0.0,0.0,0.0,1.0,6.899480986533035e-17
9864.0,164.4,替浆（第二阶段中速）,0.9999999999999998,0.9999999999999998,439.39999999999964,439.39999999999964,439.39999999999964,0.0,2.5227811773777754e-16,0.0,0.0,0.0,1.0,6.877276526040532e-17
9868.0,164.46666666666667,替浆（第二阶段中速）,0.9999999999999998,0.9999999999999998,439.39999999999964,439.39999999999964,439.39999999999964,0.0,2.525783417938678e-16,0.0,0.0,0.0,1.0,6.912803662828538e-17
9872.0,164.53333333333333,替浆（第二阶段中速）,0.9999999999999998,0.9999999999999998,439.39999999999964,439.39999999999964,439.39999999999964,0.0,2.528502098996231e-16,0.0,0.0,0.0,1.0,6.914468997365475e-17
9876.0,164.6,替浆（第二阶段中速）,0.9999999999999998,0.9999999999999998,439.39999999999964,439.39999999999964,439.39999999999964,0.0,2.5318102027656824e-16,0.0,0.0,0.0,1.0,6.917244554927038e-17
9880.0,164.66666666666666,替浆（第二阶段中速）,0.9999999999999998,0.9999999999999998,439.39999999999964,439.39999999999964,439.39999999999964,0.0,2.5345574990466543e-16,0.0,0.0,0.0,1.0,6.915024108877788e-17
9884.0,164.73333333333332,替浆（第二阶段中速）,0.9999999999999998,0.9999999999999998,439.39999999999964,439.39999999999964,439.39999999999964,0.0,2.5378926847772487e-16,0.0,0.0,0.0,1.0,6.929457008197914e-17
9888.0,164.8,替浆（第二阶段中速）,0.9999999999999998,0.9999999999999998,439.39999999999964,439.39999999999964,439.39999999999964,0.0,2.5427146760272573e-16,0.0,0.0,0.0,1.0,6.946110353567292e-17
9892.0,164.86666666666667,替浆（第二阶段中速）,0.9999999999999998,0.9999999999999998,439.39999999999964,439.39999999999964,439.39999999999964,0.0,2.5450199591992736e-16,0.0,0.0,0.0,1.0,6.95221658020273e-17
9896.0,164.93333333333334,替浆（第二阶段中速）,0.9999999999999998,0.9999999999999998,439.39999999999964,439.39999999999964,439.39999999999964,0.0,2.550595270711205e-16,0.0,0.0,0.0,1.0,6.938893903907228e-17
9900.0,165.0,替浆（第二阶段中速）,0.9999999999999998,0.9999999999999998,439.39999999999964,439.39999999999964,439.39999999999964,0.0,2.5503747719156846e-16,0.0,0.0,0.0,1.0,6.96720459103517e-17
9904.0,165.06666666666666,替浆（第二阶段中速）,0.9999999999999998,0.9999999999999998,439.39999999999964,439.39999999999964,439.39999999999964,0.0,2.5540144405751263e-16,0.0,0.0,0.0,1.0,6.935563234833353e-17
9908.0,165.13333333333333,替浆（第二阶段中速）,0.9999999999999998,0.9999999999999998,439.39999999999964,439.39999999999964,439.39999999999964,0.0,2.553596584045566e-16,0.0,0.0,0.0,1.0,6.941114349956478e-17
9912.0,165.2,替浆（第二阶段中速）,0.9999999999999998,0.9999999999999998,439.39999999999964,439.39999999999964,439.39999999999964,0.0,2.561722130676583e-16,0.0,0.0,0.0,1.0,6.918354777951663e-17
9916.0,165.26666666666668,替浆（第二阶段中速）,0.9999999999999998,0.9999999999999998,439.39999999999964,439.39999999999964,439.39999999999964,0.0,2.563866191689688e-16,0.0,0.0,0.0,1.0,6.949441022641167e-17
9920.0,165.33333333333334,替浆（第二阶段中速）,0.9999999999999998,0.9999999999999998,439.39999999999964,439.39999999999964,439.39999999999964,0.0,2.5662061681669273e-16,0.0,0.0,0.0,1.0,6.948885911128855e-17
9924.0,165.4,替浆（第二阶段中速）,0.9999999999999998,0.9999999999999998,439.39999999999964,439.39999999999964,439.39999999999964,0.0,2.5697244684491656e-16,0.0,0.0,0.0,1.0,6.949441022641167e-17
9928.0,165.46666666666667,替浆（第二阶段中速）,0.9999999999999998,0.9999999999999998,439.39999999999964,439.39999999999964,439.39999999999964,0.0,2.5714360713478577e-16,0.0,0.0,0.0,1.0,6.971090371621358e-17
9932.0,165.53333333333333,替浆（第二阶段中速）,0.9999999999999998,0.9999999999999998,439.39999999999964,439.39999999999964,439.39999999999964,0.0,2.5761933435782833e-16,0.0,0.0,0.0,1.0,6.941114349956478e-17
9936.0,165.6,替浆（第二阶段中速）,0.9999999999999998,0.9999999999999998,439.39999999999964,439.39999999999964,439.39999999999964,0.0,2.582396485121708e-16,0.0,0.0,0.0,1.0,6.976086375232171e-17
9940.0,165.66666666666666,替浆（第二阶段中速）,0.9999999999999998,0.9999999999999998,439.39999999999964,439.39999999999964,439.39999999999964,0.0,2.58590408406586e-16,0.0,0.0,0.0,1.0,7.01882996168024e-17
9944.0,165.73333333333332,替浆（第二阶段中速）,0.9999999999999998,0.9999999999999998,439.39999999999964,439.39999999999964,439.39999999999964,0.0,2.5868077370661625e-16,0.0,0.0,0.0,1.0,7.028821968901866e-17
9948.0,165.8,替浆（第二阶段中速）,0.9999999999999998,0.9999999999999998,439.39999999999964,439.39999999999964,439.39999999999964,0.0,2.591402444404826e-16,0.0,0.0,0.0,1.0,7.0082828429463e-17
9952.0,165.86666666666667,替浆（第二阶段中速）,0.9999999999999998,0.9999999999999998,439.39999999999964,439.39999999999964,439.39999999999964,0.0,2.5933138399885895e-16,0.0,0.0,0.0,1.0,7.015499292606364e-17
9956.0,165.93333333333334,替浆（第二阶段中速）,0.9999999999999998,0.9999999999999998,439.39999999999964,439.39999999999964,439.39999999999964,0.0,2.5949619404047226e-16,0.0,0.0,0.0,1.0,7.012723735044802e-17
9960.0,166.0,替浆（第二阶段中速）,0.9999999999999998,0.9999999999999998,439.39999999999964,439.39999999999964,439.39999999999964,0.0,2.600207093642096e-16,0.0,0.0,0.0,1.0,7.026046411340303e-17
9964.0,166.06666666666666,替浆（第二阶段中速）,0.9999999999999998,0.9999999999999998,439.39999999999964,439.39999999999964,439.39999999999964,0.0,2.6024904486005855e-16,0.0,0.0,0.0,1.0,7.028821968901866e-17
9968.0,166.13333333333333,替浆（第二阶段中速）,0.9999999999999998,0.9999999999999998,439.39999999999964,439.39999999999964,439.39999999999964,0.0,2.607244291898146e-16,0.0,0.0,0.0,1.0,7.020495296217177e-17
9972.0,166.2,替浆（第二阶段中速）,0.9999999999999998,0.9999999999999998,439.39999999999964,439.39999999999964,439.39999999999964,0.0,2.6101713430019984e-16,0.0,0.0,0.0,1.0,7.039369087635805e-17
9976.0,166.26666666666668,替浆（第二阶段中速）,0.9999999999999998,0.9999999999999998,439.39999999999964,439.39999999999964,439.39999999999964,0.0,2.610956203298659e-16,0.0,0.0,0.0,1.0,7.069345109300685e-17
9980.0,166.33333333333334,替浆（第二阶段中速）,0.9999999999999998,0.9999999999999998,439.39999999999964,439.39999999999964,439.39999999999964,0.0,2.612468594935602e-16,0.0,0.0,0.0,1.0,7.026601522852616e-17
9984.0,166.4,替浆（第二阶段中速）,0.9999999999999998,0.9999999999999998,439.39999999999964,439.39999999999964,439.39999999999964,0.0,2.619543484229913e-16,0.0,0.0,0.0,1.0,7.027711745877241e-17
9988.0,166.46666666666667,替浆（第二阶段中速）,0.9999999999999998,0.9999999999999998,439.39999999999964,439.39999999999964,439.39999999999964,0.0,2.621678065672989e-16,0.0,0.0,0.0,1.0,7.052691763931307e-17
9992.0,166.53333333333333,替浆（第二阶段中速）,0.9999999999999998,0.9999999999999998,439.39999999999964,439.39999999999964,439.39999999999964,0.0,2.62387881029011e-16,0.0,0.0,0.0,1.0,7.054912209980557e-17
9996.0,166.6,替浆（第二阶段中速）,0.9999999999999998,0.9999999999999998,439.39999999999964,439.39999999999964,439.39999999999964,0.0,2.629380060659881e-16,0.0,0.0,0.0,1.0,7.060463325103683e-17
10000.0,166.66666666666666,替浆（第二阶段中速）,0.9999999999999998,0.9999999999999998,439.39999999999964,439.39999999999964,439.39999999999964,0.0,2.6309799348769674e-16,0.0,0.0,0.0,1.0,7.093214904330125e-17
10004.0,166.73333333333332,替浆（第二阶段中速）,0.9999999999999998,0.9999999999999998,439.39999999999964,439.39999999999964,439.39999999999964,0.0,2.6325142351994e-16,0.0,0.0,0.0,1.0,7.073786001399185e-17
10008.0,166.8,替浆（第二阶段中速）,0.9999999999999998,0.9999999999999998,439.39999999999964,439.39999999999964,439.39999999999964,0.0,2.63723287176285e-16,0.0,0.0,0.0,1.0,7.066569551739121e-17
10012.0,166.86666666666667,替浆（第二阶段中速）,0.9999999999999998,0.9999999999999998,439.39999999999964,439.39999999999964,439.39999999999964,0.0,2.6408073350934986e-16,0.0,0.0,0.0,1.0,7.069345109300685e-17
10016.0,166.93333333333334,替浆（第二阶段中速）,0.9999999999999998,0.9999999999999998,439.39999999999964,439.39999999999964,439.39999999999964,0.0,2.6443309953313607e-16,0.0,0.0,0.0,1.0,7.07489622442381e-17
10020.0,167.0,替浆（第二阶段中速）,0.9999999999999998,0.9999999999999998,439.39999999999964,439.39999999999964,439.39999999999964,0.0,2.648909992738811e-16,0.0,0.0,0.0,1.0,7.096545573404e-17
10024.0,167.06666666666666,替浆（第二阶段中速）,0.9999999999999998,0.9999999999999998,439.39999999999964,439.39999999999964,439.39999999999964,0.0,2.6527854489965084e-16,0.0,0.0,0.0,1.0,7.117084699359566e-17
10028.0,167.13333333333333,替浆（第二阶段中速）,0.9999999999999998,0.9999999999999998,439.39999999999964,439.39999999999964,439.39999999999964,0.0,2.651850124977058e-16,0.0,0.0,0.0,1.0,7.115974476334941e-17
10032.0,167.2,替浆（第二阶段中速）,0.9999999999999998,0.9999999999999998,439.39999999999964,439.39999999999964,439.39999999999964,0.0,2.6598350945267607e-16,0.0,0.0,0.0,1.0,7.07267577837456e-17
10036.0,167.26666666666668,替浆（第二阶段中速）,0.9999999999999998,0.9999999999999998,439.39999999999964,439.39999999999964,439.39999999999964,0.0,2.663626576347395e-16,0.0,0.0,0.0,1.0,7.115419364822629e-17
10040.0,167.33333333333334,替浆（第二阶段中速）,0.9999999999999998,0.9999999999999998,439.39999999999964,439.39999999999964,439.39999999999964,0.0,2.6679717794800933e-16,0.0,0.0,0.0,1.0,7.12874204111813e-17
10044.0,167.4,替浆（第二阶段中速）,0.9999999999999998,0.9999999999999998,439.39999999999964,439.39999999999964,439.39999999999964,0.0,2.671886692651483e-16,0.0,0.0,0.0,1.0,7.144840274975194e-17
10048.0,167.46666666666667,替浆（第二阶段中速）,0.9999999999999998,0.9999999999999998,439.39999999999964,439.39999999999964,439.39999999999964,0.0,2.6751157250777895e-16,0.0,0.0,0.0,1.0,7.140399382876694e-17
10052.0,167.53333333333333,替浆（第二阶段中速）,0.9999999999999998,0.9999999999999998,439.39999999999964,439.39999999999964,439.39999999999964,0.0,2.677770659943167e-16,0.0,0.0,0.0,1.0,7.12430114901963e-17
10056.0,167.6,替浆（第二阶段中速）,0.9999999999999998,0.9999999999999998,439.39999999999964,439.39999999999964,439.39999999999964,0.0,2.6835357303361856e-16,0.0,0.0,0.0,1.0,7.13096248716738e-17
10060.0,167.66666666666666,替浆（第二阶段中速）,0.9999999999999998,0.9999999999999998,439.39999999999964,439.39999999999964,439.39999999999964,0.0,2.6874300756467235e-16,0.0,0.0,0.0,1.0,7.142619828925944e-17
10064.0,167.73333333333332,替浆（第二阶段中速）,0.9999999999999998,0.9999999999999998,439.39999999999964,439.39999999999964,439.39999999999964,0.0,2.6894698097669107e-16,0.0,0.0,0.0,1.0,7.138734048339757e-17
10068.0,167.8,替浆（第二阶段中速）,0.9999999999999998,0.9999999999999998,439.39999999999964,439.39999999999964,439.39999999999964,0.0,2.6955521239329163e-16,0.0,0.0,0.0,1.0,7.135958490778194e-17
10072.0,167.86666666666667,替浆（第二阶段中速）,0.9999999999999998,0.9999999999999998,439.39999999999964,439.39999999999964,439.39999999999964,0.0,2.701685206713956e-16,0.0,0.0,0.0,1.0,7.161493620344572e-17
10076.0,167.93333333333334,替浆（第二阶段中速）,0.9999999999999998,0.9999999999999998,439.39999999999964,439.39999999999964,439.39999999999964,0.0,2.704223730561111e-16,0.0,0.0,0.0,1.0,7.198130980157202e-17
10080.0,168.0,替浆（第二阶段中速）,0.9999999999999998,0.9999999999999998,439.39999999999964,439.39999999999964,439.39999999999964,0.0,2.7099277712062726e-16,0.0,0.0,0.0,1.0,7.197020757132577e-17
10084.0,168.06666666666666,替浆（第二阶段中速）,0.9999999999999998,0.9999999999999998,439.39999999999964,439.39999999999964,439.39999999999964,0.0,2.714760273045888e-16,0.0,0.0,0.0,1.0,7.207012764354204e-17
10088.0,168.13333333333333,替浆（第二阶段中速）,0.9999999999999998,0.9999999999999998,439.39999999999964,439.39999999999964,439.39999999999964,0.0,2.717542239002797e-16,0.0,0.0,0.0,1.0,7.227551890309769e-17
10092.0,168.2,替浆（第二阶段中速）,0.9999999999999998,0.9999999999999998,439.39999999999964,439.39999999999964,439.39999999999964,0.0,2.72051263331659e-16,0.0,0.0,0.0,1.0,7.222555886698955e-17
10096.0,168.26666666666668,替浆（第二阶段中速）,0.9999999999999998,0.9999999999999998,439.39999999999964,439.39999999999964,439.39999999999964,0.0,2.725355183289168e-16,0.0,0.0,0.0,1.0,7.200906537718765e-17
10100.0,168.33333333333334,替浆（第二阶段中速）,0.9999999999999998,0.9999999999999998,439.39999999999964,439.39999999999964,439.39999999999964,0.0,2.7281609100308637e-16,0.0,0.0,0.0,1.0,7.212008767965016e-17
10104.0,168.4,替浆（第二阶段中速）,0.9999999999999998,0.9999999999999998,439.39999999999964,439.39999999999964,439.39999999999964,0.0,2.7335689911065565e-16,0.0,0.0,0.0,1.0,7.22144566367433e-17
10108.0,168.46666666666667,替浆（第二阶段中速）,0.9999999999999998,0.9999999999999998,439.39999999999964,439.39999999999964,439.39999999999964,0.0,2.738099767678654e-16,0.0,0.0,0.0,1.0,7.227551890309769e-17
10112.0,168.53333333333333,替浆（第二阶段中速）,0.9999999999999998,0.9999999999999998,439.39999999999964,439.39999999999964,439.39999999999964,0.0,2.7405182359266367e-16,0.0,0.0,0.0,1.0,7.234768339969832e-17
10116.0,168.6,替浆（第二阶段中速）,0.9999999999999998,0.9999999999999998,439.39999999999964,439.39999999999964,439.39999999999964,0.0,2.7466491841999854e-16,0.0,0.0,0.0,1.0,7.237543897531396e-17
10120.0,168.66666666666666,替浆（第二阶段中速）,0.9999999999999998,0.9999999999999998,439.39999999999964,439.39999999999964,439.39999999999964,0.0,2.7516801272880053e-16,0.0,0.0,0.0,1.0,7.263634138610087e-17
10124.0,168.73333333333332,替浆（第二阶段中速）,0.9999999999999998,0.9999999999999998,439.39999999999964,439.39999999999964,439.39999999999964,0.0,2.754351130601586e-16,0.0,0.0,0.0,1.0,7.28361815305334e-17
10128.0,168.8,替浆（第二阶段中速）,0.9999999999999998,0.9999999999999998,439.39999999999964,439.39999999999964,439.39999999999964,0.0,2.7605250279534426e-16,0.0,0.0,0.0,1.0,7.278622149442526e-17
10132.0,168.86666666666667,替浆（第二阶段中速）,0.9999999999999998,0.9999999999999998,439.39999999999964,439.39999999999964,439.39999999999964,0.0,2.7633594714370063e-16,0.0,0.0,0.0,1.0,7.29027949120109e-17
10136.0,168.93333333333334,替浆（第二阶段中速）,0.9999999999999998,0.9999999999999998,439.39999999999964,439.39999999999964,439.39999999999964,0.0,2.767232827024799e-16,0.0,0.0,0.0,1.0,7.293055048762654e-17
10140.0,169.0,替浆（第二阶段中速）,0.9999999999999998,0.9999999999999998,439.39999999999964,439.39999999999964,439.39999999999964,0.0,2.772235789098676e-16,0.0,0.0,0.0,1.0,7.303602167496593e-17
10144.0,169.06666666666666,替浆（第二阶段中速）,0.9999999999999998,0.9999999999999998,439.39999999999964,439.39999999999964,439.39999999999964,0.0,2.776330522209279e-16,0.0,0.0,0.0,1.0,7.312483951693593e-17
10148.0,169.13333333333333,替浆（第二阶段中速）,0.9999999999999998,0.9999999999999998,439.39999999999964,439.39999999999964,439.39999999999964,0.0,2.776929730628421e-16,0.0,0.0,0.0,1.0,7.313594174718218e-17
10152.0,169.2,替浆（第二阶段中速）,0.9999999999999998,0.9999999999999998,439.39999999999964,439.39999999999964,439.39999999999964,0.0,2.786827858128143e-16,0.0,0.0,0.0,1.0,7.298606163885779e-17
10156.0,169.26666666666668,替浆（第二阶段中速）,0.9999999999999998,0.9999999999999998,439.39999999999964,439.39999999999964,439.39999999999964,0.0,2.795114383745919e-16,0.0,0.0,0.0,1.0,7.371325771998727e-17
10160.0,169.33333333333334,替浆（第二阶段中速）,0.9999999999999998,0.9999999999999998,439.39999999999964,439.39999999999964,439.39999999999964,0.0,2.807557417185072e-16,0.0,0.0,0.0,1.0,7.421285808106859e-17
10164.0,169.4,替浆（第二阶段中速）,0.9999999999999998,0.9999999999999998,439.39999999999964,439.39999999999964,439.39999999999964,0.0,2.8091849959730624e-16,0.0,0.0,0.0,1.0,7.58726415028832e-17
10168.0,169.46666666666667,替浆（第二阶段中速）,0.9999999999999998,0.9999999999999998,439.39999999999964,439.39999999999964,439.39999999999964,0.0,2.808581206231043e-16,0.0,0.0,0.0,1.0,7.731038031977278e-17
10172.0,169.53333333333333,替浆（第二阶段中速）,0.9999999999999998,0.9999999999999998,439.39999999999964,439.39999999999964,439.39999999999964,0.0,2.801607552568509e-16,0.0,0.0,0.0,1.0,7.85649323375992e-17
10176.0,169.6,替浆（第二阶段中速）,0.9999999999999998,0.9999999999999998,439.39999999999964,439.39999999999964,439.39999999999964,0.0,2.7932818797524415e-16,0.0,0.0,0.0,1.0,7.885359032400175e-17
10180.0,169.66666666666666,替浆（第二阶段中速）,0.9999999999999998,0.9999999999999998,439.39999999999964,439.39999999999964,439.39999999999964,0.0,2.7824153160459883e-16,0.0,0.0,0.0,1.0,7.899236820207989e-17
10184.0,169.73333333333332,替浆（第二阶段中速）,0.9999999999999998,0.9999999999999998,439.39999999999964,439.39999999999964,439.39999999999964,0.0,2.77256738558665e-16,0.0,0.0,0.0,1.0,7.887579478449425e-17
10188.0,169.8,替浆（第二阶段中速）,0.9999999999999998,0.9999999999999998,439.39999999999964,439.39999999999964,439.39999999999964,0.0,2.7584437534673105e-16,0.0,0.0,0.0,1.0,7.877587471227798e-17
10192.0,169.86666666666667,替浆（第二阶段中速）,0.9999999999999998,0.9999999999999998,439.39999999999964,439.39999999999964,439.39999999999964,0.0,2.7434051177213337e-16,0.0,0.0,0.0,1.0,7.808198532188726e-17
10196.0,169.93333333333334,替浆（第二阶段中速）,0.9999999999999998,0.9999999999999998,439.39999999999964,439.39999999999964,439.39999999999964,0.0,2.729635547731179e-16,0.0,0.0,0.0,1.0,7.71660513265715e-17
10200.0,170.0,替浆（第二阶段中速）,0.9999999999999998,0.9999999999999998,439.39999999999964,439.39999999999964,439.39999999999964,0.0,2.723098072497337e-16,0.0,0.0,0.0,1.0,7.601697049608447e-17
10204.0,170.06666666666666,替浆（第二阶段中速）,0.9999999999999998,0.9999999999999998,439.39999999999964,439.39999999999964,439.39999999999964,0.0,2.7152618354273004e-16,0.0,0.0,0.0,1.0,7.515099653687684e-17
10208.0,170.13333333333333,替浆（第二阶段中速）,0.9999999999999998,0.9999999999999998,439.39999999999964,439.39999999999964,439.39999999999964,0.0,2.711432315870388e-16,0.0,0.0,0.0,1.0,7.437939153476237e-17
10212.0,170.2,替浆（第二阶段中速）,0.9999999999999998,0.9999999999999998,439.39999999999964,439.39999999999964,439.39999999999964,0.0,2.705696363150811e-16,0.0,0.0,0.0,1.0,7.416289804496046e-17
10216.0,170.26666666666668,替浆（第二阶段中速）,0.9999999999999998,0.9999999999999998,439.39999999999964,439.39999999999964,439.39999999999964,0.0,2.7023031590021804e-16,0.0,0.0,0.0,1.0,7.375766664097227e-17
10220.0,170.33333333333334,替浆（第二阶段中速）,0.9999999999999998,0.9999999999999998,439.39999999999964,439.39999999999964,439.39999999999964,0.0,2.699133213203621e-16,0.0,0.0,0.0,1.0,7.346900865456973e-17
10224.0,170.4,替浆（第二阶段中速）,0.9999999999999998,0.9999999999999998,439.39999999999964,439.39999999999964,439.39999999999964,0.0,2.696076678714393e-16,0.0,0.0,0.0,1.0,7.340794638821535e-17
10228.0,170.46666666666667,替浆（第二阶段中速）,0.9999999999999998,0.9999999999999998,439.39999999999964,439.39999999999964,439.39999999999964,0.0,2.6917660989145583e-16,0.0,0.0,0.0,1.0,7.313594174718218e-17
10232.0,170.53333333333333,替浆（第二阶段中速）,0.9999999999999998,0.9999999999999998,439.39999999999964,439.39999999999964,439.39999999999964,0.0,2.6908209496390783e-16,0.0,0.0,0.0,1.0,7.297495940861154e-17
10236.0,170.6,替浆（第二阶段中速）,0.9999999999999998,0.9999999999999998,439.39999999999964,439.39999999999964,439.39999999999964,0.0,2.6887029580463104e-16,0.0,0.0,0.0,1.0,7.310263505644343e-17
10240.0,170.66666666666666,替浆（第二阶段中速）,0.9999999999999998,0.9999999999999998,439.39999999999964,439.39999999999964,439.39999999999964,0.0,2.6830752554442286e-16,0.0,0.0,0.0,1.0,7.31803506681672e-17
10244.0,170.73333333333332,替浆（第二阶段中速）,0.9999999999999998,0.9999999999999998,439.39999999999964,439.39999999999964,439.39999999999964,0.0,2.6786881823530166e-16,0.0,0.0,0.0,1.0,7.264744361634712e-17
10248.0,170.8,替浆（第二阶段中速）,0.9999999999999998,0.9999999999999998,439.39999999999964,439.39999999999964,439.39999999999964,0.0,2.6752275932598245e-16,0.0,0.0,0.0,1.0,7.22977233635902e-17
10252.0,170.86666666666667,替浆（第二阶段中速）,0.9999999999999998,0.9999999999999998,439.39999999999964,439.39999999999964,439.39999999999964,0.0,2.67282402963567e-16,0.0,0.0,0.0,1.0,7.192024753521765e-17
10256.0,170.93333333333334,替浆（第二阶段中速）,0.9999999999999998,0.9999999999999998,439.39999999999964,439.39999999999964,439.39999999999964,0.0,2.6710547122803737e-16,0.0,0.0,0.0,1.0,7.171485627566199e-17
10260.0,171.0,替浆（第二阶段中速）,0.9999999999999998,0.9999999999999998,439.39999999999964,439.39999999999964,439.39999999999964,0.0,2.6695085453055097e-16,0.0,0.0,0.0,1.0,7.166489623955385e-17
10264.0,171.06666666666666,替浆（第二阶段中速）,0.9999999999999998,0.9999999999999998,439.39999999999964,439.39999999999964,439.39999999999964,0.0,2.6673459361170816e-16,0.0,0.0,0.0,1.0,7.16759984698001e-17
10268.0,171.13333333333333,替浆（第二阶段中速）,0.9999999999999998,0.9999999999999998,439.39999999999964,439.39999999999964,439.39999999999964,0.0,2.6667403491841203e-16,0.0,0.0,0.0,1.0,7.151501613122946e-17
10272.0,171.2,替浆（第二阶段中速）,0.9999999999999998,0.9999999999999998,439.39999999999964,439.39999999999964,439.39999999999964,0.0,2.664667520463132e-16,0.0,0.0,0.0,1.0,7.159273174295322e-17
10276.0,171.26666666666668,替浆（第二阶段中速）,0.9999999999999998,0.9999999999999998,439.39999999999964,439.39999999999964,439.39999999999964,0.0,2.663895857515647e-16,0.0,0.0,0.0,1.0,7.145950497999821e-17
10280.0,171.33333333333334,替浆（第二阶段中速）,0.9999999999999998,0.9999999999999998,439.39999999999964,439.39999999999964,439.39999999999964,0.0,2.661921339975309e-16,0.0,0.0,0.0,1.0,7.158162951270697e-17
10284.0,171.4,替浆（第二阶段中速）,0.9999999999999998,0.9999999999999998,439.39999999999964,439.39999999999964,439.39999999999964,0.0,2.65927274836429e-16,0.0,0.0,0.0,1.0,7.154832282196821e-17
10288.0,171.46666666666667,替浆（第二阶段中速）,0.9999999999999998,0.9999999999999998,439.39999999999964,439.39999999999964,439.39999999999964,0.0,2.6572281860985303e-16,0.0,0.0,0.0,1.0,7.125411372044255e-17
10292.0,171.53333333333333,替浆（第二阶段中速）,0.9999999999999998,0.9999999999999998,439.39999999999964,439.39999999999964,439.39999999999964,0.0,2.655017527216959e-16,0.0,0.0,0.0,1.0,7.116529587847254e-17
10296.0,171.6,替浆（第二阶段中速）,0.9999999999999998,0.9999999999999998,439.39999999999964,439.39999999999964,439.39999999999964,0.0,2.653777637944472e-16,0.0,0.0,0.0,1.0,7.106537580625627e-17
10300.0,171.66666666666666,替浆（第二阶段中速）,0.9999999999999998,0.9999999999999998,439.39999999999964,439.39999999999964,439.39999999999964,0.0,2.652463479412406e-16,0.0,0.0,0.0,1.0,7.101541577014814e-17
10304.0,171.73333333333332,替浆（第二阶段中速）,0.9999999999999998,0.9999999999999998,439.39999999999964,439.39999999999964,439.39999999999964,0.0,2.6504453788680555e-16,0.0,0.0,0.0,1.0,7.102096688527127e-17
10308.0,171.8,替浆（第二阶段中速）,0.9999999999999998,0.9999999999999998,439.39999999999964,439.39999999999964,439.39999999999964,0.0,2.6489199310828003e-16,0.0,0.0,0.0,1.0,7.0921046813055e-17
10312.0,171.86666666666667,替浆（第二阶段中速）,0.9999999999999998,0.9999999999999998,439.39999999999964,439.39999999999964,439.39999999999964,0.0,2.647086852188866e-16,0.0,0.0,0.0,1.0,7.091549569793188e-17
10316.0,171.93333333333334,替浆（第二阶段中速）,0.9999999999999998,0.9999999999999998,439.39999999999964,439.39999999999964,439.39999999999964,0.0,2.6454124954792628e-16,0.0,0.0,0.0,1.0,7.085443343157749e-17
10320.0,172.0,替浆（第二阶段中速）,0.9999999999999998,0.9999999999999998,439.39999999999964,439.39999999999964,439.39999999999964,0.0,2.6441124209803737e-16,0.0,0.0,0.0,1.0,7.076561558960747e-17
10324.0,172.06666666666666,替浆（第二阶段中速）,0.9999999999999998,0.9999999999999998,439.39999999999964,439.39999999999964,439.39999999999964,0.0,2.6417954029195246e-16,0.0,0.0,0.0,1.0,7.077671781985372e-17
10328.0,172.13333333333333,替浆（第二阶段中速）,0.9999999999999998,0.9999999999999998,439.39999999999964,439.39999999999964,439.39999999999964,0.0,2.6383979843788585e-16,0.0,0.0,0.0,1.0,7.067124663251433e-17
10332.0,172.2,替浆（第二阶段中速）,0.9999999999999998,0.9999999999999998,439.39999999999964,439.39999999999964,439.39999999999964,0.0,2.6372248610176985e-16,0.0,0.0,0.0,1.0,7.041589533685055e-17
10336.0,172.26666666666668,替浆（第二阶段中速）,0.9999999999999998,0.9999999999999998,439.39999999999964,439.39999999999964,439.39999999999964,0.0,2.635607239503556e-16,0.0,0.0,0.0,1.0,7.048805983345119e-17
10340.0,172.33333333333334,替浆（第二阶段中速）,0.9999999999999998,0.9999999999999998,439.39999999999964,439.39999999999964,439.39999999999964,0.0,2.6325315400821963e-16,0.0,0.0,0.0,1.0,7.056577544517496e-17
10344.0,172.4,替浆（第二阶段中速）,0.9999999999999998,0.9999999999999998,439.39999999999964,439.39999999999964,439.39999999999964,0.0,2.630248498521253e-16,0.0,0.0,0.0,1.0,7.073230889886872e-17
10348.0,172.46666666666667,替浆（第二阶段中速）,0.9999999999999998,0.9999999999999998,439.39999999999964,439.39999999999964,439.39999999999964,0.0,2.6278988541966527e-16,0.0,0.0,0.0,1.0,7.091549569793188e-17
10352.0,172.53333333333333,替浆（第二阶段中速）,0.9999999999999998,0.9999999999999998,439.39999999999964,439.39999999999964,439.39999999999964,0.0,2.6234928082516004e-16,0.0,0.0,0.0,1.0,7.095990461891688e-17
10356.0,172.6,替浆（第二阶段中速）,0.9999999999999998,0.9999999999999998,439.39999999999964,439.39999999999964,439.39999999999964,0.0,2.6202285059678417e-16,0.0,0.0,0.0,1.0,7.080447339546936e-17
10360.0,172.66666666666666,替浆（第二阶段中速）,0.9999999999999998,0.9999999999999998,439.39999999999964,439.39999999999964,439.39999999999964,0.0,2.616678580908099e-16,0.0,0.0,0.0,1.0,7.084888231645436e-17
10364.0,172.73333333333332,替浆（第二阶段中速）,0.9999999999999998,0.9999999999999998,439.39999999999964,439.39999999999964,439.39999999999964,0.0,2.6135801663647354e-16,0.0,0.0,0.0,1.0,7.076006447448435e-17
10368.0,172.8,替浆（第二阶段中速）,0.9999999999999998,0.9999999999999998,439.39999999999964,439.39999999999964,439.39999999999964,0.0,2.6098576523783155e-16,0.0,0.0,0.0,1.0,7.076006447448435e-17
10372.0,172.86666666666667,替浆（第二阶段中速）,0.9999999999999998,0.9999999999999998,439.39999999999964,439.39999999999964,439.39999999999964,0.0,2.605320248547209e-16,0.0,0.0,0.0,1.0,7.063238882665246e-17
10376.0,172.93333333333334,替浆（第二阶段中速）,0.9999999999999998,0.9999999999999998,439.39999999999964,439.39999999999964,439.39999999999964,0.0,2.600220393466219e-16,0.0,0.0,0.0,1.0,7.049916206369744e-17
10380.0,173.0,替浆（第二阶段中速）,0.9999999999999998,0.9999999999999998,439.39999999999964,439.39999999999964,439.39999999999964,0.0,2.5968611920659096e-16,0.0,0.0,0.0,1.0,7.020495296217177e-17
10384.0,173.06666666666666,替浆（第二阶段中速）,0.9999999999999998,0.9999999999999998,439.39999999999964,439.39999999999964,439.39999999999964,0.0,2.59262750804173e-16,0.0,0.0,0.0,1.0,7.013278846557114e-17
10388.0,173.13333333333333,替浆（第二阶段中速）,0.9999999999999998,0.9999999999999998,439.39999999999964,439.39999999999964,439.39999999999964,0.0,2.588990021597163e-16,0.0,0.0,0.0,1.0,6.996625501187736e-17
10392.0,173.2,替浆（第二阶段中速）,0.9999999999999998,0.9999999999999998,439.39999999999964,439.39999999999964,439.39999999999964,0.0,2.585938284494337e-16,0.0,0.0,0.0,1.0,6.996070389675424e-17
10396.0,173.26666666666668,替浆（第二阶段中速）,0.9999999999999998,0.9999999999999998,439.39999999999964,439.39999999999964,439.39999999999964,0.0,2.5821672717268833e-16,0.0,0.0,0.0,1.0,6.998845947236986e-17
10400.0,173.33333333333334,替浆（第二阶段中速）,1.0,1.0,439.39999999999964,439.39999999999964,439.39999999999964,0.0,2.579703720117233e-16,0.0,0.0,0.0,1.0,6.98663349396611e-17
10404.0,173.4,替浆（第二阶段中速）,1.0,1.0,439.39999999999964,439.39999999999964,439.39999999999964,0.0,2.5755484931629655e-16,0.0,0.0,0.0,1.0,6.994960166650799e-17
10408.0,173.46666666666667,替浆（第二阶段中速）,1.0,1.0,439.39999999999964,439.39999999999964,439.39999999999964,0.0,2.5706380055560005e-16,0.0,0.0,0.0,1.0,6.988298828503047e-17
10412.0,173.53333333333333,替浆（第二阶段中速）,1.0,1.0,439.39999999999964,439.39999999999964,439.39999999999964,0.0,2.568948371783106e-16,0.0,0.0,0.0,1.0,6.954992137764293e-17
10416.0,173.6,替浆（第二阶段中速）,1.0,1.0,439.39999999999964,439.39999999999964,439.39999999999964,0.0,2.564717450215098e-16,0.0,0.0,0.0,1.0,6.973865929182921e-17
10420.0,173.66666666666666,替浆（第二阶段中速）,1.0,1.0,439.39999999999964,439.39999999999964,439.39999999999964,0.0,2.5590757702159717e-16,0.0,0.0,0.0,1.0,6.958322806838169e-17
10424.0,173.73333333333332,替浆（第二阶段中速）,1.0,1.0,439.39999999999964,439.39999999999964,439.39999999999964,0.0,2.554599733891347e-16,0.0,0.0,0.0,1.0,6.921685447025538e-17
10428.0,173.8,替浆（第二阶段中速）,1.0,1.0,439.39999999999964,439.39999999999964,439.39999999999964,0.0,2.552263357550591e-16,0.0,0.0,0.0,1.0,6.896705428971472e-17
10432.0,173.86666666666667,替浆（第二阶段中速）,1.0,1.0,439.39999999999964,439.39999999999964,439.39999999999964,0.0,2.5482258986900506e-16,0.0,0.0,0.0,1.0,6.906142324680786e-17
10436.0,173.93333333333334,替浆（第二阶段中速）,1.0,1.0,439.39999999999964,439.39999999999964,439.39999999999964,0.0,2.545057933260392e-16,0.0,0.0,0.0,1.0,6.894484982922222e-17
10440.0,174.0,替浆（第二阶段中速）,1.0,1.0,439.39999999999964,439.39999999999964,439.39999999999964,0.0,2.541701157764649e-16,0.0,0.0,0.0,1.0,6.89615031745916e-17
10444.0,174.06666666666666,替浆（第二阶段中速）,1.0,1.0,439.39999999999964,439.39999999999964,439.39999999999964,0.0,2.537813182542474e-16,0.0,0.0,0.0,1.0,6.89392987140991e-17
10448.0,174.13333333333333,替浆（第二阶段中速）,1.0,1.0,439.39999999999964,439.39999999999964,439.39999999999964,0.0,2.5335267603166053e-16,0.0,0.0,0.0,1.0,6.877276526040532e-17
10452.0,174.2,替浆（第二阶段中速）,1.0,1.0,439.39999999999964,439.39999999999964,439.39999999999964,0.0,2.5300603980174073e-16,0.0,0.0,0.0,1.0,6.856737400084967e-17
10456.0,174.26666666666668,替浆（第二阶段中速）,1.0,1.0,439.39999999999964,439.39999999999964,439.39999999999964,0.0,2.525967519914037e-16,0.0,0.0,0.0,1.0,6.854516954035716e-17
10460.0,174.33333333333334,替浆（第二阶段中速）,1.0,1.0,439.39999999999964,439.39999999999964,439.39999999999964,0.0,2.5229072123233383e-16,0.0,0.0,0.0,1.0,6.837863608666339e-17
10464.0,174.4,替浆（第二阶段中速）,1.0,1.0,439.39999999999964,439.39999999999964,439.39999999999964,0.0,2.5194679518218483e-16,0.0,0.0,0.0,1.0,6.836198274129402e-17
10468.0,174.46666666666667,替浆（第二阶段中速）,1.0,1.0,439.39999999999964,439.39999999999964,439.39999999999964,0.0,2.51516812328448e-16,0.0,0.0,0.0,1.0,6.833422716567839e-17
10472.0,174.53333333333333,替浆（第二阶段中速）,1.0,1.0,439.39999999999964,439.39999999999964,439.39999999999964,0.0,2.5104649831020417e-16,0.0,0.0,0.0,1.0,6.821765374809275e-17
10476.0,174.6,替浆（第二阶段中速）,1.0,1.0,439.39999999999964,439.39999999999964,439.39999999999964,0.0,2.506938397288583e-16,0.0,0.0,0.0,1.0,6.792344464656708e-17
10480.0,174.66666666666666,替浆（第二阶段中速）,1.0,1.0,439.39999999999964,439.39999999999964,439.39999999999964,0.0,2.5032642392009524e-16,0.0,0.0,0.0,1.0,6.782352457435081e-17
10484.0,174.73333333333332,替浆（第二阶段中速）,1.0,1.0,439.39999999999964,439.39999999999964,439.39999999999964,0.0,2.4993119885424963e-16,0.0,0.0,0.0,1.0,6.77569111928733e-17
10488.0,174.8,替浆（第二阶段中速）,1.0,1.0,439.39999999999964,439.39999999999964,439.39999999999964,0.0,2.495532516457382e-16,0.0,0.0,0.0,1.0,6.762923554504141e-17
10492.0,174.86666666666667,替浆（第二阶段中速）,1.0,1.0,439.39999999999964,439.39999999999964,439.39999999999964,0.0,2.491560151681723e-16,0.0,0.0,0.0,1.0,6.753486658794827e-17
10496.0,174.93333333333334,替浆（第二阶段中速）,1.0,1.0,439.39999999999964,439.39999999999964,439.39999999999964,0.0,2.487487290295515e-16,0.0,0.0,0.0,1.0,6.739608870987013e-17
10500.0,175.0,替浆（第二阶段中速）,1.0,1.0,439.39999999999964,439.39999999999964,439.39999999999964,0.0,2.4845685847533103e-16,0.0,0.0,0.0,1.0,6.720179968056072e-17
10504.0,175.06666666666666,替浆（第二阶段中速）,1.0,1.0,439.39999999999964,439.39999999999964,439.39999999999964,0.0,2.4816799717298975e-16,0.0,0.0,0.0,1.0,6.725175971666886e-17
10508.0,175.13333333333333,替浆（第二阶段中速）,1.0,1.0,439.39999999999964,439.39999999999964,439.39999999999964,0.0,2.47826222639498e-16,0.0,0.0,0.0,1.0,6.730171975277699e-17
10512.0,175.2,替浆（第二阶段中速）,1.0,1.0,439.39999999999964,439.39999999999964,439.39999999999964,0.0,2.473088303802385e-16,0.0,0.0,0.0,1.0,6.725731083179198e-17
10516.0,175.26666666666668,替浆（第二阶段中速）,1.0,1.0,439.39999999999964,439.39999999999964,439.39999999999964,0.0,2.470622013140519e-16,0.0,0.0,0.0,1.0,6.692979503952756e-17
10520.0,175.33333333333334,替浆（第二阶段中速）,1.0,1.0,439.39999999999964,439.39999999999964,439.39999999999964,0.0,2.4662397637782956e-16,0.0,0.0,0.0,1.0,6.706302180248258e-17
10524.0,175.4,替浆（第二阶段中速）,1.0,1.0,439.39999999999964,439.39999999999964,439.39999999999964,0.0,2.463108514318027e-16,0.0,0.0,0.0,1.0,6.684097719755755e-17
10528.0,175.46666666666667,替浆（第二阶段中速）,1.0,1.0,439.39999999999964,439.39999999999964,439.39999999999964,0.0,2.459824064013807e-16,0.0,0.0,0.0,1.0,6.681322162194192e-17
10532.0,175.53333333333333,替浆（第二阶段中速）,1.0,1.0,439.39999999999964,439.39999999999964,439.39999999999964,0.0,2.4552725891105194e-16,0.0,0.0,0.0,1.0,6.679101716144942e-17
10536.0,175.6,替浆（第二阶段中速）,1.0,1.0,439.39999999999964,439.39999999999964,439.39999999999964,0.0,2.450029830463839e-16,0.0,0.0,0.0,1.0,6.659672813214001e-17
10540.0,175.66666666666666,替浆（第二阶段中速）,1.0,1.0,439.39999999999964,439.39999999999964,439.39999999999964,0.0,2.4459394064235225e-16,0.0,0.0,0.0,1.0,6.625255899450622e-17
10544.0,175.73333333333332,替浆（第二阶段中速）,1.0,1.0,439.39999999999964,439.39999999999964,439.39999999999964,0.0,2.440778842125608e-16,0.0,0.0,0.0,1.0,6.605826996519681e-17
10548.0,175.8,替浆（第二阶段中速）,1.0,1.0,439.39999999999964,439.39999999999964,439.39999999999964,0.0,2.4377261131478627e-16,0.0,0.0,0.0,1.0,6.576961197879428e-17
10552.0,175.86666666666667,替浆（第二阶段中速）,1.0,1.0,439.39999999999964,439.39999999999964,439.39999999999964,0.0,2.4346492436507176e-16,0.0,0.0,0.0,1.0,6.588063428125679e-17
10556.0,175.93333333333334,替浆（第二阶段中速）,1.0,1.0,439.39999999999964,439.39999999999964,439.39999999999964,0.0,2.430416042443742e-16,0.0,0.0,0.0,1.0,6.593614543248805e-17
10560.0,176.0,替浆（第二阶段中速）,1.0,1.0,439.39999999999964,439.39999999999964,439.39999999999964,0.0,2.426430925626367e-16,0.0,0.0,0.0,1.0,6.57751630939174e-17
10564.0,176.06666666666666,替浆（第二阶段中速）,1.0,1.0,439.39999999999964,439.39999999999964,439.39999999999964,0.0,2.4222527763291843e-16,0.0,0.0,0.0,1.0,6.563638521583925e-17
10568.0,176.13333333333333,替浆（第二阶段中速）,1.0,1.0,439.39999999999964,439.39999999999964,439.39999999999964,0.0,2.4178901482102842e-16,0.0,0.0,0.0,1.0,6.546430064702236e-17
10572.0,176.2,替浆（第二阶段中速）,1.0,1.0,439.39999999999964,439.39999999999964,439.39999999999964,0.0,2.412671003700159e-16,0.0,0.0,0.0,1.0,6.500910920692604e-17
10576.0,176.26666666666668,替浆（第二阶段中速）,1.0,1.0,439.39999999999964,439.39999999999964,439.39999999999964,0.0,2.410518297321768e-16,0.0,0.0,0.0,1.0,6.444289546436721e-17
10580.0,176.33333333333334,替浆（第二阶段中速）,1.0,1.0,439.39999999999964,439.39999999999964,439.39999999999964,0.0,2.40577450341174e-16,0.0,0.0,0.0,1.0,6.422640197456531e-17
10584.0,176.4,替浆（第二阶段中速）,1.0,1.0,439.39999999999964,439.39999999999964,439.39999999999964,0.0,2.4028741152114316e-16,0.0,0.0,0.0,1.0,6.388778395205464e-17
10588.0,176.46666666666667,替浆（第二阶段中速）,1.0,1.0,439.39999999999964,439.39999999999964,439.39999999999964,0.0,2.401182314998233e-16,0.0,0.0,0.0,1.0,6.362688154126773e-17
10592.0,176.53333333333333,替浆（第二阶段中速）,1.0,1.0,439.39999999999964,439.39999999999964,439.39999999999964,0.0,2.3992312558630917e-16,0.0,0.0,0.0,1.0,6.37101482681146e-17
10596.0,176.6,替浆（第二阶段中速）,1.0,1.0,439.39999999999964,439.39999999999964,439.39999999999964,0.0,2.3963136680843356e-16,0.0,0.0,0.0,1.0,6.356581927491334e-17
10600.0,176.66666666666666,替浆（第二阶段中速）,1.0,1.0,439.39999999999964,439.39999999999964,439.39999999999964,0.0,2.394579532032243e-16,0.0,0.0,0.0,1.0,6.345479697245082e-17
10604.0,176.73333333333332,替浆（第二阶段中速）,1.0,1.0,439.39999999999964,439.39999999999964,439.39999999999964,0.0,2.3911828370069806e-16,0.0,0.0,0.0,1.0,6.334377466998831e-17
10608.0,176.8,替浆（第二阶段中速）,1.0,1.0,439.39999999999964,439.39999999999964,439.39999999999964,0.0,2.3898527772651675e-16,0.0,0.0,0.0,1.0,6.31716901011714e-17
10612.0,176.86666666666667,替浆（第二阶段中速）,1.0,1.0,439.39999999999964,439.39999999999964,439.39999999999964,0.0,2.3866735257703047e-16,0.0,0.0,0.0,1.0,6.316613898604828e-17
10616.0,176.93333333333334,替浆（第二阶段中速）,1.0,1.0,439.39999999999964,439.39999999999964,439.39999999999964,0.0,2.3843915012951774e-16,0.0,0.0,0.0,1.0,6.306621891383202e-17
10620.0,177.0,替浆（第二阶段中速）,1.0,1.0,439.39999999999964,439.39999999999964,439.39999999999964,0.0,2.3837458682709744e-16,0.0,0.0,0.0,1.0,6.284972542403012e-17
10624.0,177.06666666666666,替浆（第二阶段中速）,1.0,1.0,439.39999999999964,439.39999999999964,439.39999999999964,0.0,2.381438421178104e-16,0.0,0.0,0.0,1.0,6.307177002895515e-17
10628.0,177.13333333333333,替浆（第二阶段中速）,1.0,1.0,439.39999999999964,439.39999999999964,439.39999999999964,0.0,2.3782047655993655e-16,0.0,0.0,0.0,1.0,6.289413434501512e-17
10632.0,177.2,替浆（第二阶段中速）,1.0,1.0,439.39999999999964,439.39999999999964,439.39999999999964,0.0,2.376059934226088e-16,0.0,0.0,0.0,1.0,6.28275209635376e-17
10636.0,177.26666666666668,替浆（第二阶段中速）,1.0,1.0,439.39999999999964,439.39999999999964,439.39999999999964,0.0,2.3748734433772147e-16,0.0,0.0,0.0,1.0,6.267764085521321e-17
10640.0,177.33333333333334,替浆（第二阶段中速）,1.0,1.0,439.39999999999964,439.39999999999964,439.39999999999964,0.0,2.3732893869093956e-16,0.0,0.0,0.0,1.0,6.281086761816823e-17
10644.0,177.4,替浆（第二阶段中速）,1.0,1.0,439.39999999999964,439.39999999999964,439.39999999999964,0.0,2.370925309991861e-16,0.0,0.0,0.0,1.0,6.272760089132134e-17
10648.0,177.46666666666667,替浆（第二阶段中速）,1.0,1.0,439.39999999999964,439.39999999999964,439.39999999999964,0.0,2.3694770987161166e-16,0.0,0.0,0.0,1.0,6.273315200644448e-17
10652.0,177.53333333333333,替浆（第二阶段中速）,1.0,1.0,439.39999999999964,439.39999999999964,439.39999999999964,0.0,2.367117465132618e-16,0.0,0.0,0.0,1.0,6.266653862496696e-17
10656.0,177.6,替浆（第二阶段中速）,1.0,1.0,439.39999999999964,439.39999999999964,439.39999999999964,0.0,2.364520471242844e-16,0.0,0.0,0.0,1.0,6.268319197033634e-17
10660.0,177.66666666666666,替浆（第二阶段中速）,1.0,1.0,439.39999999999964,439.39999999999964,439.39999999999964,0.0,2.360990050488247e-16,0.0,0.0,0.0,1.0,6.247780071078068e-17
10664.0,177.73333333333332,替浆（第二阶段中速）,1.0,1.0,439.39999999999964,439.39999999999964,439.39999999999964,0.0,2.359822168831478e-16,0.0,0.0,0.0,1.0,6.228906279659441e-17
10668.0,177.8,替浆（第二阶段中速）,1.0,1.0,439.39999999999964,439.39999999999964,439.39999999999964,0.0,2.358025101761339e-16,0.0,0.0,0.0,1.0,6.22668583361019e-17
10672.0,177.86666666666667,替浆（第二阶段中速）,1.0,1.0,439.39999999999964,439.39999999999964,439.39999999999964,0.0,2.356151446027628e-16,0.0,0.0,0.0,1.0,6.232236948733316e-17
10676.0,177.93333333333334,替浆（第二阶段中速）,1.0,1.0,439.39999999999964,439.39999999999964,439.39999999999964,0.0,2.3531922491850084e-16,0.0,0.0,0.0,1.0,6.220579606974752e-17
10680.0,178.0,替浆（第二阶段中速）,1.0,1.0,439.39999999999964,439.39999999999964,439.39999999999964,0.0,2.3514481948180016e-16,0.0,0.0,0.0,1.0,6.212808045802376e-17
10684.0,178.06666666666666,替浆（第二阶段中速）,1.0,1.0,439.39999999999964,439.39999999999964,439.39999999999964,0.0,2.349808775341912e-16,0.0,0.0,0.0,1.0,6.205591596142312e-17
10688.0,178.13333333333333,替浆（第二阶段中速）,1.0,1.0,439.39999999999964,439.39999999999964,439.39999999999964,0.0,2.347512171577922e-16,0.0,0.0,0.0,1.0,6.217248937900877e-17
10692.0,178.2,替浆（第二阶段中速）,1.0,1.0,439.39999999999964,439.39999999999964,439.39999999999964,0.0,2.3441255317837525e-16,0.0,0.0,0.0,1.0,6.19226891984681e-17
10696.0,178.26666666666668,替浆（第二阶段中速）,1.0,1.0,439.39999999999964,439.39999999999964,439.39999999999964,0.0,2.3425496157631182e-16,0.0,0.0,0.0,1.0,6.177836020526684e-17
10700.0,178.33333333333334,替浆（第二阶段中速）,1.0,1.0,439.39999999999964,439.39999999999964,439.39999999999964,0.0,2.339690213660335e-16,0.0,0.0,0.0,1.0,6.171174682378932e-17
10704.0,178.4,替浆（第二阶段中速）,1.0,1.0,439.39999999999964,439.39999999999964,439.39999999999964,0.0,2.338328780929313e-16,0.0,0.0,0.0,1.0,6.163403121206557e-17
10708.0,178.46666666666667,替浆（第二阶段中速）,1.0,1.0,439.39999999999964,439.39999999999964,439.39999999999964,0.0,2.3352898676450796e-16,0.0,0.0,0.0,1.0,6.160627563644993e-17
10712.0,178.53333333333333,替浆（第二阶段中速）,1.0,1.0,439.39999999999964,439.39999999999964,439.39999999999964,0.0,2.3341982428818294e-16,0.0,0.0,0.0,1.0,6.15119066793568e-17
10716.0,178.6,替浆（第二阶段中速）,1.0,1.0,439.39999999999964,439.39999999999964,439.39999999999964,0.0,2.3327681925082003e-16,0.0,0.0,0.0,1.0,6.149525333398741e-17
10720.0,178.66666666666666,替浆（第二阶段中速）,1.0,1.0,439.39999999999964,439.39999999999964,439.39999999999964,0.0,2.3316898528520436e-16,0.0,0.0,0.0,1.0,6.160627563644993e-17
10724.0,178.73333333333332,替浆（第二阶段中速）,1.0,1.0,439.39999999999964,439.39999999999964,439.39999999999964,0.0,2.327984658820323e-16,0.0,0.0,0.0,1.0,6.162848009694244e-17
10728.0,178.8,替浆（第二阶段中速）,1.0,1.0,439.39999999999964,439.39999999999964,439.39999999999964,0.0,2.3251457243376805e-16,0.0,0.0,0.0,1.0,6.145084441300241e-17
10732.0,178.86666666666667,替浆（第二阶段中速）,1.0,1.0,439.39999999999964,439.39999999999964,439.39999999999964,0.0,2.3234609842776435e-16,0.0,0.0,0.0,1.0,6.118439088709238e-17
10736.0,178.93333333333334,替浆（第二阶段中速）,1.0,1.0,439.39999999999964,439.39999999999964,439.39999999999964,0.0,2.3222167200452544e-16,0.0,0.0,0.0,1.0,6.127320872906238e-17
10740.0,179.0,替浆（第二阶段中速）,1.0,1.0,439.39999999999964,439.39999999999964,439.39999999999964,0.0,2.31947833711843e-16,0.0,0.0,0.0,1.0,6.125100426856988e-17
10744.0,179.06666666666666,替浆（第二阶段中速）,1.0,1.0,439.39999999999964,439.39999999999964,439.39999999999964,0.0,2.318368462274241e-16,0.0,0.0,0.0,1.0,6.11899420022155e-17
10748.0,179.13333333333333,替浆（第二阶段中速）,1.0,1.0,439.39999999999964,439.39999999999964,439.39999999999964,0.0,2.3161601735050137e-16,0.0,0.0,0.0,1.0,6.117883977196926e-17
10752.0,179.2,替浆（第二阶段中速）,1.0,1.0,439.39999999999964,439.39999999999964,439.39999999999964,0.0,2.3145086657607416e-16,0.0,0.0,0.0,1.0,6.120104423246176e-17
10756.0,179.26666666666668,替浆（第二阶段中速）,1.0,1.0,439.39999999999964,439.39999999999964,439.39999999999964,0.0,2.310490145201242e-16,0.0,0.0,0.0,1.0,6.1167737541723e-17
10760.0,179.33333333333334,替浆（第二阶段中速）,1.0,1.0,439.39999999999964,439.39999999999964,439.39999999999964,0.0,2.3096444843205015e-16,0.0,0.0,0.0,1.0,6.089018178556671e-17
10764.0,179.4,替浆（第二阶段中速）,1.0,1.0,439.39999999999964,439.39999999999964,439.39999999999964,0.0,2.3073680093027493e-16,0.0,0.0,0.0,1.0,6.092903959142859e-17
10768.0,179.46666666666667,替浆（第二阶段中速）,1.0,1.0,439.39999999999964,439.39999999999964,439.39999999999964,0.0,2.3061662765564315e-16,0.0,0.0,0.0,1.0,6.090683513093609e-17
10772.0,179.53333333333333,替浆（第二阶段中速）,1.0,1.0,439.39999999999964,439.39999999999964,439.39999999999964,0.0,2.3023769863492067e-16,0.0,0.0,0.0,1.0,6.088463067044358e-17
10776.0,179.6,替浆（第二阶段中速）,1.0,1.0,439.39999999999964,439.39999999999964,439.39999999999964,0.0,2.3005407950131597e-16,0.0,0.0,0.0,1.0,6.067923941088793e-17
10780.0,179.66666666666666,替浆（第二阶段中速）,1.0,1.0,439.39999999999964,439.39999999999964,439.39999999999964,0.0,2.298564936576774e-16,0.0,0.0,0.0,1.0,6.058487045379479e-17
10784.0,179.73333333333332,替浆（第二阶段中速）,1.0,1.0,439.39999999999964,439.39999999999964,439.39999999999964,0.0,2.2979286149294107e-16,0.0,0.0,0.0,1.0,6.063483048990293e-17
10788.0,179.8,替浆（第二阶段中速）,1.0,1.0,439.39999999999964,439.39999999999964,439.39999999999964,0.0,2.2938805738104966e-16,0.0,0.0,0.0,1.0,6.070699498650355e-17
10792.0,179.86666666666667,替浆（第二阶段中速）,1.0,1.0,439.39999999999964,439.39999999999964,439.39999999999964,0.0,2.2918213743929993e-16,0.0,0.0,0.0,1.0,6.041833700010102e-17
10796.0,179.93333333333334,替浆（第二阶段中速）,1.0,1.0,439.39999999999964,439.39999999999964,439.39999999999964,0.0,2.2890299405127913e-16,0.0,0.0,0.0,1.0,6.0285110237146e-17
10800.0,180.0,替浆（第二阶段中速）,1.0,1.0,439.39999999999964,439.39999999999964,439.39999999999964,0.0,2.2883460435341703e-16,0.0,0.0,0.0,1.0,6.019074128005286e-17
10804.0,180.06666666666666,替浆（第二阶段中速）,1.0,1.0,439.39999999999964,439.39999999999964,439.39999999999964,0.0,2.2853882201944583e-16,0.0,0.0,0.0,1.0,6.03073146976385e-17
10808.0,180.13333333333333,替浆（第二阶段中速）,1.0,1.0,439.39999999999964,439.39999999999964,439.39999999999964,0.0,2.2838853789253977e-16,0.0,0.0,0.0,1.0,6.020739462542224e-17
10812.0,180.2,替浆（第二阶段中速）,1.0,1.0,439.39999999999964,439.39999999999964,439.39999999999964,0.0,2.282604183102563e-16,0.0,0.0,0.0,1.0,6.015188347419098e-17
10816.0,180.26666666666668,替浆（第二阶段中速）,1.0,1.0,439.39999999999964,439.39999999999964,439.39999999999964,0.0,2.280804523723777e-16,0.0,0.0,0.0,1.0,6.027955912202288e-17
10820.0,180.33333333333334,替浆（第二阶段中速）,1.0,1.0,439.39999999999964,439.39999999999964,439.39999999999964,0.0,2.276667299355888e-16,0.0,0.0,0.0,1.0,6.015188347419098e-17
10824.0,180.4,替浆（第二阶段中速）,1.0,1.0,439.39999999999964,439.39999999999964,439.39999999999964,0.0,2.2743661793373157e-16,0.0,0.0,0.0,1.0,5.994094109951221e-17
10828.0,180.46666666666667,替浆（第二阶段中速）,1.0,1.0,439.39999999999964,439.39999999999964,439.39999999999964,0.0,2.2719364982714666e-16,0.0,0.0,0.0,1.0,5.974110095507968e-17
10832.0,180.53333333333333,替浆（第二阶段中速）,1.0,1.0,439.39999999999964,439.39999999999964,439.39999999999964,0.0,2.2718437245350284e-16,0.0,0.0,0.0,1.0,5.971889649458718e-17
10836.0,180.6,替浆（第二阶段中速）,1.0,1.0,439.39999999999964,439.39999999999964,439.39999999999964,0.0,2.269784136375212e-16,0.0,0.0,0.0,1.0,5.986322548778844e-17
10840.0,180.66666666666666,替浆（第二阶段中速）,1.0,1.0,439.39999999999964,439.39999999999964,439.39999999999964,0.0,2.267968435106757e-16,0.0,0.0,0.0,1.0,5.991873663901969e-17
10844.0,180.73333333333332,替浆（第二阶段中速）,1.0,1.0,439.39999999999964,439.39999999999964,439.39999999999964,0.0,2.265570856018918e-16,0.0,0.0,0.0,1.0,5.97910609911878e-17
10848.0,180.8,替浆（第二阶段中速）,1.0,1.0,439.39999999999964,439.39999999999964,439.39999999999964,0.0,2.263202440296274e-16,0.0,0.0,0.0,1.0,5.980216322143405e-17
10852.0,180.86666666666667,替浆（第二阶段中速）,1.0,1.0,439.39999999999964,439.39999999999964,439.39999999999964,0.0,2.2596541298145797e-16,0.0,0.0,0.0,1.0,5.961897642237091e-17
10856.0,180.93333333333334,替浆（第二阶段中速）,1.0,1.0,439.39999999999964,439.39999999999964,439.39999999999964,0.0,2.258018563499959e-16,0.0,0.0,0.0,1.0,5.9446891853554e-17
10860.0,181.0,替浆（第二阶段中速）,1.0,1.0,439.39999999999964,439.39999999999964,439.39999999999964,0.0,2.256766213270108e-16,0.0,0.0,0.0,1.0,5.932476732084524e-17
10864.0,181.06666666666666,替浆（第二阶段中速）,1.0,1.0,439.39999999999964,439.39999999999964,439.39999999999964,0.0,2.2553307881759845e-16,0.0,0.0,0.0,1.0,5.948019854429276e-17
10868.0,181.13333333333333,替浆（第二阶段中速）,1.0,1.0,439.39999999999964,439.39999999999964,439.39999999999964,0.0,2.2517197182367307e-16,0.0,0.0,0.0,1.0,5.94690963140465e-17
10872.0,181.2,替浆（第二阶段中速）,1.0,1.0,439.39999999999964,439.39999999999964,439.39999999999964,0.0,2.2483415963244085e-16,0.0,0.0,0.0,1.0,5.933586955109149e-17
10876.0,181.26666666666668,替浆（第二阶段中速）,1.0,1.0,439.39999999999964,439.39999999999964,439.39999999999964,0.0,2.246123830997689e-16,0.0,0.0,0.0,1.0,5.906941602518146e-17
10880.0,181.33333333333334,替浆（第二阶段中速）,1.0,1.0,439.39999999999964,439.39999999999964,439.39999999999964,0.0,2.2452009201354116e-16,0.0,0.0,0.0,1.0,5.907496714030458e-17
10884.0,181.4,替浆（第二阶段中速）,1.0,1.0,439.39999999999964,439.39999999999964,439.39999999999964,0.0,2.2413114663111546e-16,0.0,0.0,0.0,1.0,5.90583137949352e-17
10888.0,181.46666666666667,替浆（第二阶段中速）,1.0,1.0,439.39999999999964,439.39999999999964,439.39999999999964,0.0,2.2393065625096493e-16,0.0,0.0,0.0,1.0,5.888067811099518e-17
10892.0,181.53333333333333,替浆（第二阶段中速）,1.0,1.0,439.39999999999964,439.39999999999964,439.39999999999964,0.0,2.23810799679925e-16,0.0,0.0,0.0,1.0,5.869749131193202e-17
10896.0,181.6,替浆（第二阶段中速）,1.0,1.0,439.39999999999964,439.39999999999964,439.39999999999964,0.0,2.235918220031814e-16,0.0,0.0,0.0,1.0,5.86919401968089e-17
10900.0,181.66666666666666,替浆（第二阶段中速）,1.0,1.0,439.39999999999964,439.39999999999964,439.39999999999964,0.0,2.2340602220992e-16,0.0,0.0,0.0,1.0,5.838662886503699e-17
10904.0,181.73333333333332,替浆（第二阶段中速）,1.0,1.0,439.39999999999964,439.39999999999964,439.39999999999964,0.0,2.232349183576132e-16,0.0,0.0,0.0,1.0,5.839217998016011e-17
10908.0,181.8,替浆（第二阶段中速）,1.0,1.0,439.39999999999964,439.39999999999964,439.39999999999964,0.0,2.2304141017755525e-16,0.0,0.0,0.0,1.0,5.816458426011195e-17
10912.0,181.86666666666667,替浆（第二阶段中速）,1.0,1.0,439.39999999999964,439.39999999999964,439.39999999999964,0.0,2.229599669481698e-16,0.0,0.0,0.0,1.0,5.805911307277256e-17
10916.0,181.93333333333334,替浆（第二阶段中速）,1.0,1.0,439.39999999999964,439.39999999999964,439.39999999999964,0.0,2.2272799455918486e-16,0.0,0.0,0.0,1.0,5.805356195764944e-17
10920.0,182.0,替浆（第二阶段中速）,1.0,1.0,439.39999999999964,439.39999999999964,439.39999999999964,0.0,2.2256061059978584e-16,0.0,0.0,0.0,1.0,5.788147738883253e-17
10924.0,182.06666666666666,替浆（第二阶段中速）,1.0,1.0,439.39999999999964,439.39999999999964,439.39999999999964,0.0,2.224163759568827e-16,0.0,0.0,0.0,1.0,5.768718835952313e-17
10928.0,182.13333333333333,替浆（第二阶段中速）,1.0,1.0,439.39999999999964,439.39999999999964,439.39999999999964,0.0,2.2243201725010014e-16,0.0,0.0,0.0,1.0,5.745959263947497e-17
10932.0,182.2,替浆（第二阶段中速）,1.0,1.0,439.39999999999964,439.39999999999964,439.39999999999964,0.0,2.2213287451794036e-16,0.0,0.0,0.0,1.0,5.734857033701246e-17
10936.0,182.26666666666668,替浆（第二阶段中速）,1.0,1.0,439.39999999999964,439.39999999999964,439.39999999999964,0.0,2.2217678378642144e-16,0.0,0.0,0.0,1.0,5.704325900524055e-17
10940.0,182.33333333333334,替浆（第二阶段中速）,1.0,1.0,439.39999999999964,439.39999999999964,439.39999999999964,0.0,2.2200084278474132e-16,0.0,0.0,0.0,1.0,5.716538353794931e-17
10944.0,182.4,替浆（第二阶段中速）,1.0,1.0,439.39999999999964,439.39999999999964,439.39999999999964,0.0,2.2199159846708792e-16,0.0,0.0,0.0,1.0,5.708211681110242e-17
10948.0,182.46666666666667,替浆（第二阶段中速）,1.0,1.0,439.39999999999964,439.39999999999964,439.39999999999964,0.0,2.2204213824201597e-16,0.0,0.0,0.0,1.0,5.704881012036367e-17
10952.0,182.53333333333333,替浆（第二阶段中速）,1.0,1.0,439.39999999999964,439.39999999999964,439.39999999999964,0.0,2.219338339407418e-16,0.0,0.0,0.0,1.0,5.718203688331869e-17
10956.0,182.6,替浆（第二阶段中速）,1.0,1.0,439.39999999999964,439.39999999999964,439.39999999999964,0.0,2.2174751011218234e-16,0.0,0.0,0.0,1.0,5.694889004814741e-17
10960.0,182.66666666666666,替浆（第二阶段中速）,1.0,1.0,439.39999999999964,439.39999999999964,439.39999999999964,0.0,2.2173442938472907e-16,0.0,0.0,0.0,1.0,5.6754601018838e-17
10964.0,182.73333333333332,替浆（第二阶段中速）,1.0,1.0,439.39999999999964,439.39999999999964,439.39999999999964,0.0,2.2162138101093157e-16,0.0,0.0,0.0,1.0,5.664357871637549e-17
10968.0,182.8,替浆（第二阶段中速）,1.0,1.0,439.39999999999964,439.39999999999964,439.39999999999964,0.0,2.216000768044155e-16,0.0,0.0,0.0,1.0,5.652145418366672e-17
10972.0,182.86666666666667,替浆（第二阶段中速）,1.0,1.0,439.39999999999964,439.39999999999964,439.39999999999964,0.0,2.2151654720070613e-16,0.0,0.0,0.0,1.0,5.641598299632733e-17
10976.0,182.93333333333334,替浆（第二阶段中速）,1.0,1.0,439.39999999999964,439.39999999999964,439.39999999999964,0.0,2.2165515678222865e-16,0.0,0.0,0.0,1.0,5.634936961484981e-17
10980.0,183.0,替浆（第二阶段中速）,1.0,1.0,439.39999999999964,439.39999999999964,439.39999999999964,0.0,2.2164648646415326e-16,0.0,0.0,0.0,1.0,5.649924972317422e-17
10984.0,183.06666666666666,替浆（第二阶段中速）,1.0,1.0,439.39999999999964,439.39999999999964,439.39999999999964,0.0,2.2160456851088426e-16,0.0,0.0,0.0,1.0,5.658251645002111e-17
10988.0,183.13333333333333,替浆（第二阶段中速）,1.0,1.0,439.39999999999964,439.39999999999964,439.39999999999964,0.0,2.2150119999332908e-16,0.0,0.0,0.0,1.0,5.64326363416967e-17
10992.0,183.2,替浆（第二阶段中速）,1.0,1.0,439.39999999999964,439.39999999999964,439.39999999999964,0.0,2.2159230246209358e-16,0.0,0.0,0.0,1.0,5.632716515435731e-17
10996.0,183.26666666666668,替浆（第二阶段中速）,1.0,1.0,439.39999999999964,439.39999999999964,439.39999999999964,0.0,2.2144981712402927e-16,0.0,0.0,0.0,1.0,5.638267630558858e-17
11000.0,183.33333333333334,替浆（第二阶段中速）,1.0,1.0,439.39999999999964,439.39999999999964,439.39999999999964,0.0,2.21514688250252e-16,0.0,0.0,0.0,1.0,5.624389842751044e-17
11004.0,183.4,替浆（第二阶段中速）,1.0,1.0,439.39999999999964,439.39999999999964,439.39999999999964,0.0,2.2164390562402026e-16,0.0,0.0,0.0,1.0,5.627165400312606e-17
11008.0,183.46666666666667,替浆（第二阶段中速）,1.0,1.0,439.39999999999964,439.39999999999964,439.39999999999964,0.0,2.2157118427682989e-16,0.0,0.0,0.0,1.0,5.657696533489798e-17
11012.0,183.53333333333333,替浆（第二阶段中速）,1.0,1.0,439.39999999999964,439.39999999999964,439.39999999999964,0.0,2.2148683373663867e-16,0.0,0.0,0.0,1.0,5.639932965095795e-17
11016.0,183.6,替浆（第二阶段中速）,1.0,1.0,439.39999999999964,439.39999999999964,439.39999999999964,0.0,2.2142605138444076e-16,0.0,0.0,0.0,1.0,5.631051180898794e-17
11020.0,183.66666666666666,替浆（第二阶段中速）,1.0,1.0,439.39999999999964,439.39999999999964,439.39999999999964,0.0,2.2145551074959592e-16,0.0,0.0,0.0,1.0,5.615508058554042e-17
11024.0,183.73333333333332,替浆（第二阶段中速）,1.0,1.0,439.39999999999964,439.39999999999964,439.39999999999964,0.0,2.215815288553138e-16,0.0,0.0,0.0,1.0,5.625500065775669e-17
11028.0,183.8,替浆（第二阶段中速）,1.0,1.0,439.39999999999964,439.39999999999964,439.39999999999964,0.0,2.2143617026049403e-16,0.0,0.0,0.0,1.0,5.639377853583483e-17
11032.0,183.86666666666667,替浆（第二阶段中速）,1.0,1.0,439.39999999999964,439.39999999999964,439.39999999999964,0.0,2.215001854327895e-16,0.0,0.0,0.0,1.0,5.623279619726417e-17
11036.0,183.93333333333334,替浆（第二阶段中速）,1.0,1.0,439.39999999999964,439.39999999999964,439.39999999999964,0.0,2.2153013717112263e-16,0.0,0.0,0.0,1.0,5.626055177287981e-17
11040.0,184.0,替浆（第二阶段中速）,1.0,1.0,439.39999999999964,439.39999999999964,439.39999999999964,0.0,2.2152082101320106e-16,0.0,0.0,0.0,1.0,5.637157407534233e-17
11044.0,184.06666666666666,替浆（第二阶段中速）,1.0,1.0,439.39999999999964,439.39999999999964,439.39999999999964,0.0,2.214859740325913e-16,0.0,0.0,0.0,1.0,5.628830734849544e-17
11048.0,184.13333333333333,替浆（第二阶段中速）,1.0,1.0,439.39999999999964,439.39999999999964,439.39999999999964,0.0,2.2151288265810054e-16,0.0,0.0,0.0,1.0,5.629940957874169e-17
11052.0,184.2,替浆（第二阶段中速）,1.0,1.0,439.39999999999964,439.39999999999964,439.39999999999964,0.0,2.215070526555284e-16,0.0,0.0,0.0,1.0,5.626610288800294e-17
11056.0,184.26666666666668,替浆（第二阶段中速）,1.0,1.0,439.39999999999964,439.39999999999964,439.39999999999964,0.0,2.2156721520765933e-16,0.0,0.0,0.0,1.0,5.633271626948044e-17
11060.0,184.33333333333334,替浆（第二阶段中速）,1.0,1.0,439.39999999999964,439.39999999999964,439.39999999999964,0.0,2.2151875944584955e-16,0.0,0.0,0.0,1.0,5.63660229602192e-17
11064.0,184.4,替浆（第二阶段中速）,1.0,1.0,439.39999999999964,439.39999999999964,439.39999999999964,0.0,2.2150443811786605e-16,0.0,0.0,0.0,1.0,5.635492072997295e-17
11068.0,184.46666666666667,替浆（第二阶段中速）,1.0,1.0,439.39999999999964,439.39999999999964,439.39999999999964,0.0,2.2149003177865067e-16,0.0,0.0,0.0,1.0,5.626610288800294e-17
11072.0,184.53333333333333,替浆（第二阶段中速）,1.0,1.0,439.39999999999964,439.39999999999964,439.39999999999964,0.0,2.2157445339180926e-16,0.0,0.0,0.0,1.0,5.629385846361856e-17
11076.0,184.6,替浆（第二阶段中速）,1.0,1.0,439.39999999999964,439.39999999999964,439.39999999999964,0.0,2.214648396457637e-16,0.0,0.0,0.0,1.0,5.637157407534233e-17
11080.0,184.66666666666666,替浆（第二阶段中速）,1.0,1.0,439.39999999999964,439.39999999999964,439.39999999999964,0.0,2.2152806594049447e-16,0.0,0.0,0.0,1.0,5.625500065775669e-17
11084.0,184.73333333333332,替浆（第二阶段中速）,1.0,1.0,439.39999999999964,439.39999999999964,439.39999999999964,0.0,2.2146753433339314e-16,0.0,0.0,0.0,1.0,5.629940957874169e-17
11088.0,184.8,替浆（第二阶段中速）,1.0,1.0,439.39999999999964,439.39999999999964,439.39999999999964,0.0,2.215981657396467e-16,0.0,0.0,0.0,1.0,5.627720511824919e-17
11092.0,184.86666666666667,替浆（第二阶段中速）,1.0,1.0,439.39999999999964,439.39999999999964,439.39999999999964,0.0,2.2138587785052057e-16,0.0,0.0,0.0,1.0,5.64326363416967e-17
11096.0,184.93333333333334,替浆（第二阶段中速）,1.0,1.0,439.39999999999964,439.39999999999964,439.39999999999964,0.0,2.2149595577067972e-16,0.0,0.0,0.0,1.0,5.616063170066355e-17
11100.0,185.0,替浆（第二阶段中速）,1.0,1.0,439.39999999999964,439.39999999999964,439.39999999999964,0.0,2.214986188122634e-16,0.0,0.0,0.0,1.0,5.625500065775669e-17
11104.0,185.06666666666666,替浆（第二阶段中速）,1.0,1.0,439.39999999999964,439.39999999999964,439.39999999999964,0.0,2.2158841329846576e-16,0.0,0.0,0.0,1.0,5.631051180898794e-17
11108.0,185.13333333333333,替浆（第二阶段中速）,1.0,1.0,439.39999999999964,439.39999999999964,439.39999999999964,0.0,2.2143146773540392e-16,0.0,0.0,0.0,1.0,5.639932965095795e-17
11112.0,185.2,替浆（第二阶段中速）,1.0,1.0,439.39999999999964,439.39999999999964,439.39999999999964,0.0,2.2148138136546128e-16,0.0,0.0,0.0,1.0,5.623279619726417e-17
11116.0,185.26666666666668,替浆（第二阶段中速）,1.0,1.0,439.39999999999964,439.39999999999964,439.39999999999964,0.0,2.2144566586065604e-16,0.0,0.0,0.0,1.0,5.623279619726417e-17
11120.0,185.33333333333334,替浆（第二阶段中速）,1.0,1.0,439.39999999999964,439.39999999999964,439.39999999999964,0.0,2.2152579961912015e-16,0.0,0.0,0.0,1.0,5.622724508214105e-17
11124.0,185.4,替浆（第二阶段中速）,1.0,1.0,439.39999999999964,439.39999999999964,439.39999999999964,0.0,2.2144480710944468e-16,0.0,0.0,0.0,1.0,5.628275623337231e-17
11128.0,185.46666666666667,替浆（第二阶段中速）,1.0,1.0,439.39999999999964,439.39999999999964,439.39999999999964,0.0,2.2147712969212001e-16,0.0,0.0,0.0,1.0,5.622169396701792e-17
11132.0,185.53333333333333,替浆（第二阶段中速）,1.0,1.0,439.39999999999964,439.39999999999964,439.39999999999964,0.0,2.214513105609679e-16,0.0,0.0,0.0,1.0,5.61939383914023e-17
11136.0,185.6,替浆（第二阶段中速）,1.0,1.0,439.39999999999964,439.39999999999964,439.39999999999964,0.0,2.215071729689815e-16,0.0,0.0,0.0,1.0,5.624389842751044e-17
11140.0,185.66666666666666,替浆（第二阶段中速）,1.0,1.0,439.39999999999964,439.39999999999964,439.39999999999964,0.0,2.2141245693502604e-16,0.0,0.0,0.0,1.0,5.628275623337231e-17
11144.0,185.73333333333332,替浆（第二阶段中速）,1.0,1.0,439.39999999999964,439.39999999999964,439.39999999999964,0.0,2.2158324646937389e-16,0.0,0.0,0.0,1.0,5.618283616115605e-17
11148.0,185.8,替浆（第二阶段中速）,1.0,1.0,439.39999999999964,439.39999999999964,439.39999999999964,0.0,2.2156248614453183e-16,0.0,0.0,0.0,1.0,5.637712519046545e-17
11152.0,185.86666666666667,替浆（第二阶段中速）,1.0,1.0,439.39999999999964,439.39999999999964,439.39999999999964,0.0,2.2157462001018703e-16,0.0,0.0,0.0,1.0,5.64104318812042e-17
11156.0,185.93333333333334,替浆（第二阶段中速）,1.0,1.0,439.39999999999964,439.39999999999964,439.39999999999964,0.0,2.2145397981142125e-16,0.0,0.0,0.0,1.0,5.636047184509608e-17
11160.0,186.0,替浆（第二阶段中速）,1.0,1.0,439.39999999999964,439.39999999999964,439.39999999999964,0.0,2.2151566502103304e-16,0.0,0.0,0.0,1.0,5.624944954263356e-17
11164.0,186.06666666666666,替浆（第二阶段中速）,1.0,1.0,439.39999999999964,439.39999999999964,439.39999999999964,0.0,2.2147025407542917e-16,0.0,0.0,0.0,1.0,5.628830734849544e-17
11168.0,186.13333333333333,替浆（第二阶段中速）,1.0,1.0,439.39999999999964,439.39999999999964,439.39999999999964,0.0,2.2157523906184854e-16,0.0,0.0,0.0,1.0,5.628275623337231e-17
11172.0,186.2,替浆（第二阶段中速）,1.0,1.0,439.39999999999964,439.39999999999964,439.39999999999964,0.0,2.214810174389073e-16,0.0,0.0,0.0,1.0,5.637712519046545e-17
11176.0,186.26666666666668,替浆（第二阶段中速）,1.0,1.0,439.39999999999964,439.39999999999964,439.39999999999964,0.0,2.2154956781488216e-16,0.0,0.0,0.0,1.0,5.629940957874169e-17
11180.0,186.33333333333334,替浆（第二阶段中速）,1.0,1.0,439.39999999999964,439.39999999999964,439.39999999999964,0.0,2.214914331309796e-16,0.0,0.0,0.0,1.0,5.631606292411106e-17
11184.0,186.4,替浆（第二阶段中速）,1.0,1.0,439.39999999999964,439.39999999999964,439.39999999999964,0.0,2.2152248528192914e-16,0.0,0.0,0.0,1.0,5.632161403923419e-17
11188.0,186.46666666666667,替浆（第二阶段中速）,1.0,1.0,439.39999999999964,439.39999999999964,439.39999999999964,0.0,2.2140365166993222e-16,0.0,0.0,0.0,1.0,5.629385846361856e-17
11192.0,186.53333333333333,替浆（第二阶段中速）,1.0,1.0,439.39999999999964,439.39999999999964,439.39999999999964,0.0,2.215020702269025e-16,0.0,0.0,0.0,1.0,5.616618281578667e-17
11196.0,186.6,替浆（第二阶段中速）,1.0,1.0,439.39999999999964,439.39999999999964,439.39999999999964,0.0,2.2154849528842736e-16,0.0,0.0,0.0,1.0,5.626055177287981e-17
11200.0,186.66666666666666,替浆（第二阶段中速）,1.0,1.0,439.39999999999964,439.39999999999964,439.39999999999964,0.0,2.2149552440537875e-16,0.0,0.0,0.0,1.0,5.639932965095795e-17
11204.0,186.73333333333332,替浆（第二阶段中速）,1.0,1.0,439.39999999999964,439.39999999999964,439.39999999999964,0.0,2.2147690583227568e-16,0.0,0.0,0.0,1.0,5.624389842751044e-17
11208.0,186.8,替浆（第二阶段中速）,1.0,1.0,439.39999999999964,439.39999999999964,439.39999999999964,0.0,2.2148407167459044e-16,0.0,0.0,0.0,1.0,5.628830734849544e-17
11212.0,186.86666666666667,替浆（第二阶段中速）,1.0,1.0,439.39999999999964,439.39999999999964,439.39999999999964,0.0,2.2150698141128712e-16,0.0,0.0,0.0,1.0,5.622724508214105e-17
11216.0,186.93333333333334,替浆（第二阶段中速）,1.0,1.0,439.39999999999964,439.39999999999964,439.39999999999964,0.0,2.2159274734474913e-16,0.0,0.0,0.0,1.0,5.629940957874169e-17
11220.0,187.0,替浆（第二阶段中速）,1.0,1.0,439.39999999999964,439.39999999999964,439.39999999999964,0.0,2.2143540447546402e-16,0.0,0.0,0.0,1.0,5.63882274207117e-17
11224.0,187.06666666666666,替浆（第二阶段中速）,1.0,1.0,439.39999999999964,439.39999999999964,439.39999999999964,0.0,2.2153416235976453e-16,0.0,0.0,0.0,1.0,5.62161428518948e-17
11228.0,187.13333333333333,替浆（第二阶段中速）,1.0,1.0,439.39999999999964,439.39999999999964,439.39999999999964,0.0,2.21533745700554e-16,0.0,0.0,0.0,1.0,5.630496069386481e-17
11232.0,187.2,替浆（第二阶段中速）,1.0,1.0,439.39999999999964,439.39999999999964,439.39999999999964,0.0,2.21518831961034e-16,0.0,0.0,0.0,1.0,5.637712519046545e-17
11236.0,187.26666666666668,替浆（第二阶段中速）,1.0,1.0,439.39999999999964,439.39999999999964,439.39999999999964,0.0,2.2141223517168747e-16,0.0,0.0,0.0,1.0,5.626055177287981e-17
11240.0,187.33333333333334,替浆（第二阶段中速）,1.0,1.0,439.39999999999964,439.39999999999964,439.39999999999964,0.0,2.2155736268689168e-16,0.0,0.0,0.0,1.0,5.616618281578667e-17
11244.0,187.4,替浆（第二阶段中速）,1.0,1.0,439.39999999999964,439.39999999999964,439.39999999999964,0.0,2.2146053292132566e-16,0.0,0.0,0.0,1.0,5.631606292411106e-17
11248.0,187.46666666666667,替浆（第二阶段中速）,1.0,1.0,439.39999999999964,439.39999999999964,439.39999999999964,0.0,2.2148879292600547e-16,0.0,0.0,0.0,1.0,5.625500065775669e-17
11252.0,187.53333333333333,替浆（第二阶段中速）,1.0,1.0,439.39999999999964,439.39999999999964,439.39999999999964,0.0,2.214091593310621e-16,0.0,0.0,0.0,1.0,5.62383473123873e-17
11256.0,187.6,替浆（第二阶段中速）,1.0,1.0,439.39999999999964,439.39999999999964,439.39999999999964,0.0,2.2148068230966857e-16,0.0,0.0,0.0,1.0,5.618283616115605e-17
11260.0,187.66666666666666,替浆（第二阶段中速）,1.0,1.0,439.39999999999964,439.39999999999964,439.39999999999964,0.0,2.215026516140073e-16,0.0,0.0,0.0,1.0,5.625500065775669e-17
11264.0,187.73333333333332,替浆（第二阶段中速）,1.0,1.0,439.39999999999964,439.39999999999964,439.39999999999964,0.0,2.2158115676613945e-16,0.0,0.0,0.0,1.0,5.634381849972669e-17
11268.0,187.8,替浆（第二阶段中速）,1.0,1.0,439.39999999999964,439.39999999999964,439.39999999999964,0.0,2.2148667503352122e-16,0.0,0.0,0.0,1.0,5.63882274207117e-17
11272.0,187.86666666666667,替浆（第二阶段中速）,1.0,1.0,439.39999999999964,439.39999999999964,439.39999999999964,0.0,2.2154605485883614e-16,0.0,0.0,0.0,1.0,5.628830734849544e-17
11276.0,187.93333333333334,替浆（第二阶段中速）,1.0,1.0,439.39999999999964,439.39999999999964,439.39999999999964,0.0,2.2145255646577322e-16,0.0,0.0,0.0,1.0,5.632716515435731e-17
11280.0,188.0,替浆（第二阶段中速）,1.0,1.0,439.39999999999964,439.39999999999964,439.39999999999964,0.0,2.2154221881463916e-16,0.0,0.0,0.0,1.0,5.624389842751044e-17
11284.0,188.06666666666666,替浆（第二阶段中速）,1.0,1.0,439.39999999999964,439.39999999999964,439.39999999999964,0.0,2.214239072787816e-16,0.0,0.0,0.0,1.0,5.632161403923419e-17
11288.0,188.13333333333333,替浆（第二阶段中速）,1.0,1.0,439.39999999999964,439.39999999999964,439.39999999999964,0.0,2.2151163846739603e-16,0.0,0.0,0.0,1.0,5.620504062164855e-17
11292.0,188.2,替浆（第二阶段中速）,1.0,1.0,439.39999999999964,439.39999999999964,439.39999999999964,0.0,2.2148293370544283e-16,0.0,0.0,0.0,1.0,5.627165400312606e-17
11296.0,188.26666666666668,替浆（第二阶段中速）,1.0,1.0,439.39999999999964,439.39999999999964,439.39999999999964,0.0,2.215853774625338e-16,0.0,0.0,0.0,1.0,5.628275623337231e-17
11300.0,188.33333333333334,替浆（第二阶段中速）,1.0,1.0,439.39999999999964,439.39999999999964,439.39999999999964,0.0,2.2147261257760777e-16,0.0,0.0,0.0,1.0,5.638267630558858e-17
11304.0,188.4,替浆（第二阶段中速）,1.0,1.0,439.39999999999964,439.39999999999964,439.39999999999964,0.0,2.215415835517005e-16,0.0,0.0,0.0,1.0,5.627165400312606e-17
11308.0,188.46666666666667,替浆（第二阶段中速）,1.0,1.0,439.39999999999964,439.39999999999964,439.39999999999964,0.0,2.2147961945668036e-16,0.0,0.0,0.0,1.0,5.630496069386481e-17
11312.0,188.53333333333333,替浆（第二阶段中速）,1.0,1.0,439.39999999999964,439.39999999999964,439.39999999999964,0.0,2.2151616159349577e-16,0.0,0.0,0.0,1.0,5.627720511824919e-17
11316.0,188.6,替浆（第二阶段中速）,1.0,1.0,439.39999999999964,439.39999999999964,439.39999999999964,0.0,2.2150085173120537e-16,0.0,0.0,0.0,1.0,5.627165400312606e-17
11320.0,188.66666666666666,替浆（第二阶段中速）,1.0,1.0,439.39999999999964,439.39999999999964,439.39999999999964,0.0,2.2150552654314862e-16,0.0,0.0,0.0,1.0,5.633271626948044e-17
11324.0,188.73333333333332,替浆（第二阶段中速）,1.0,1.0,439.39999999999964,439.39999999999964,439.39999999999964,0.0,2.2149483502937764e-16,0.0,0.0,0.0,1.0,5.626055177287981e-17
11328.0,188.8,替浆（第二阶段中速）,1.0,1.0,439.39999999999964,439.39999999999964,439.39999999999964,0.0,2.2151386084588147e-16,0.0,0.0,0.0,1.0,5.629940957874169e-17
11332.0,188.86666666666667,替浆（第二阶段中速）,1.0,1.0,439.39999999999964,439.39999999999964,439.39999999999964,0.0,2.215103449260987e-16,0.0,0.0,0.0,1.0,5.627165400312606e-17
11336.0,188.93333333333334,替浆（第二阶段中速）,1.0,1.0,439.39999999999964,439.39999999999964,439.39999999999964,0.0,2.2149183791068389e-16,0.0,0.0,0.0,1.0,5.633271626948044e-17
11340.0,189.0,替浆（第二阶段中速）,1.0,1.0,439.39999999999964,439.39999999999964,439.39999999999964,0.0,2.2150229471512084e-16,0.0,0.0,0.0,1.0,5.624389842751044e-17
11344.0,189.06666666666666,替浆（第二阶段中速）,1.0,1.0,439.39999999999964,439.39999999999964,439.39999999999964,0.0,2.2147353246478282e-16,0.0,0.0,0.0,1.0,5.631606292411106e-17
11348.0,189.13333333333333,替浆（第二阶段中速）,1.0,1.0,439.39999999999964,439.39999999999964,439.39999999999964,0.0,2.2144662671685503e-16,0.0,0.0,0.0,1.0,5.621059173677167e-17
11352.0,189.2,替浆（第二阶段中速）,1.0,1.0,439.39999999999964,439.39999999999964,439.39999999999964,0.0,2.214788844719738e-16,0.0,0.0,0.0,1.0,5.624389842751044e-17
11356.0,189.26666666666668,替浆（第二阶段中速）,1.0,1.0,439.39999999999964,439.39999999999964,439.39999999999964,0.0,2.2147676278387938e-16,0.0,0.0,0.0,1.0,5.62383473123873e-17
11360.0,189.33333333333334,替浆（第二阶段中速）,1.0,1.0,439.39999999999964,439.39999999999964,439.39999999999964,0.0,2.2153354374581204e-16,0.0,0.0,0.0,1.0,5.627720511824919e-17
11364.0,189.4,替浆（第二阶段中速）,1.0,1.0,439.39999999999964,439.39999999999964,439.39999999999964,0.0,2.2139521655666877e-16,0.0,0.0,0.0,1.0,5.629940957874169e-17
11368.0,189.46666666666667,替浆（第二阶段中速）,1.0,1.0,439.39999999999964,439.39999999999964,439.39999999999964,0.0,2.2148903573496302e-16,0.0,0.0,0.0,1.0,5.614397835529417e-17
11372.0,189.53333333333333,替浆（第二阶段中速）,1.0,1.0,439.39999999999964,439.39999999999964,439.39999999999964,0.0,2.2148314846922224e-16,0.0,0.0,0.0,1.0,5.622724508214105e-17
11376.0,189.6,替浆（第二阶段中速）,1.0,1.0,439.39999999999964,439.39999999999964,439.39999999999964,0.0,2.2257040666910396e-16,0.0,0.0,0.0,1.0,5.632907335018089e-17
11380.0,189.66666666666666,替浆（第三阶段低速）,1.0,1.0,439.39999999999964,439.39999999999964,439.39999999999964,0.0,2.301004797286855e-16,0.0,0.0,0.0,1.0,5.65864979495655e-17
11384.0,189.73333333333332,替浆（第三阶段低速）,1.0,1.0,439.39999999999964,439.39999999999964,439.39999999999964,0.0,2.3514043072408777e-16,0.0,0.0,0.0,1.0,5.856321695939008e-17
11388.0,189.8,替浆（第三阶段低速）,1.0,1.0,439.39999999999964,439.39999999999964,439.39999999999964,0.0,2.3820431946381294e-16,0.0,0.0,0.0,1.0,5.979480256874684e-17
11392.0,189.86666666666667,替浆（第三阶段低速）,1.0,1.0,439.39999999999964,439.39999999999964,439.39999999999964,0.0,2.4194506851302443e-16,0.0,0.0,0.0,1.0,6.097453478229715e-17
11396.0,189.93333333333334,替浆（第三阶段低速）,1.0,1.0,439.39999999999964,439.39999999999964,439.39999999999964,0.0,2.4339515012635674e-16,0.0,0.0,0.0,1.0,6.299139754314237e-17
11400.0,190.0,替浆（第三阶段低速）,1.0,1.0,439.39999999999964,439.39999999999964,439.39999999999964,0.0,2.480939000197773e-16,0.0,0.0,0.0,1.0,6.411096059327625e-17
11404.0,190.06666666666666,替浆（第三阶段低速）,1.0,1.0,439.39999999999964,439.39999999999964,439.39999999999964,0.0,2.506230656409545e-16,0.0,0.0,0.0,1.0,6.527832146595442e-17
11408.0,190.13333333333333,替浆（第三阶段低速）,1.0,1.0,439.39999999999964,439.39999999999964,439.39999999999964,0.0,2.5325583241996543e-16,0.0,0.0,0.0,1.0,6.594405183341382e-17
11412.0,190.2,替浆（第三阶段低速）,1.0,1.0,439.39999999999964,439.39999999999964,439.39999999999964,0.0,2.5534610424889586e-16,0.0,0.0,0.0,1.0,6.654053095636891e-17
11416.0,190.26666666666668,替浆（第三阶段低速）,1.0,1.0,439.39999999999964,439.39999999999964,439.39999999999964,0.0,2.57411743591698e-16,0.0,0.0,0.0,1.0,6.700420973059748e-17
11420.0,190.33333333333334,替浆（第三阶段低速）,1.0,1.0,439.39999999999964,439.39999999999964,439.39999999999964,0.0,2.5903009675877256e-16,0.0,0.0,0.0,1.0,6.760807613281642e-17
11424.0,190.4,替浆（第三阶段低速）,1.0,1.0,439.39999999999964,439.39999999999964,439.39999999999964,0.0,2.6260623963864257e-16,0.0,0.0,0.0,1.0,6.804248319837186e-17
11428.0,190.46666666666667,替浆（第三阶段低速）,1.0,1.0,439.39999999999964,439.39999999999964,439.39999999999964,0.0,2.6383820319333724e-16,0.0,0.0,0.0,1.0,6.89992758145862e-17
11432.0,190.53333333333333,替浆（第三阶段低速）,1.0,1.0,439.39999999999964,439.39999999999964,439.39999999999964,0.0,2.6630621789564123e-16,0.0,0.0,0.0,1.0,6.92062861573802e-17
11436.0,190.6,替浆（第三阶段低速）,1.0,1.0,439.39999999999964,439.39999999999964,439.39999999999964,0.0,2.677616001195838e-16,0.0,0.0,0.0,1.0,6.970524159158742e-17
11440.0,190.66666666666666,替浆（第三阶段低速）,1.0,1.0,439.39999999999964,439.39999999999964,439.39999999999964,0.0,2.699088398455629e-16,0.0,0.0,0.0,1.0,6.988984422971115e-17
11444.0,190.73333333333332,替浆（第三阶段低速）,1.0,1.0,439.39999999999964,439.39999999999964,439.39999999999964,0.0,2.71212649695806e-16,0.0,0.0,0.0,1.0,7.028655981483631e-17
11448.0,190.8,替浆（第三阶段低速）,1.0,1.0,439.39999999999964,439.39999999999964,439.39999999999964,0.0,2.7343402633747304e-16,0.0,0.0,0.0,1.0,7.06871046533994e-17
11452.0,190.86666666666667,替浆（第三阶段低速）,1.0,1.0,439.39999999999964,439.39999999999964,439.39999999999964,0.0,2.751028414405445e-16,0.0,0.0,0.0,1.0,7.117654174537004e-17
11456.0,190.93333333333334,替浆（第三阶段低速）,1.0,1.0,439.39999999999964,439.39999999999964,439.39999999999964,0.0,2.7635209297667e-16,0.0,0.0,0.0,1.0,7.171514459534403e-17
11460.0,191.0,替浆（第三阶段低速）,1.0,1.0,439.39999999999964,439.39999999999964,439.39999999999964,0.0,2.788875649675133e-16,0.0,0.0,0.0,1.0,7.182426669104102e-17
11464.0,191.06666666666666,替浆（第三阶段低速）,1.0,1.0,439.39999999999964,439.39999999999964,439.39999999999964,0.0,2.814067510819736e-16,0.0,0.0,0.0,1.0,7.281057287565857e-17
11468.0,191.13333333333333,替浆（第三阶段低速）,1.0,1.0,439.39999999999964,439.39999999999964,439.39999999999964,0.0,2.8244706855105615e-16,0.0,0.0,0.0,1.0,7.32444603564894e-17
11472.0,191.2,替浆（第三阶段低速）,1.0,1.0,439.39999999999964,439.39999999999964,439.39999999999964,0.0,2.8337585563672384e-16,0.0,0.0,0.0,1.0,7.353816980966017e-17
11476.0,191.26666666666668,替浆（第三阶段低速）,1.0,1.0,439.39999999999964,439.39999999999964,439.39999999999964,0.0,2.8573920031201764e-16,0.0,0.0,0.0,1.0,7.372287062228902e-17
11480.0,191.33333333333334,替浆（第三阶段低速）,1.0,1.0,439.39999999999964,439.39999999999964,439.39999999999964,0.0,2.89502288969158e-16,0.0,0.0,0.0,1.0,7.432107057725149e-17
11484.0,191.4,替浆（第三阶段低速）,1.0,1.0,439.39999999999964,439.39999999999964,439.39999999999964,0.0,2.8991428288634387e-16,0.0,0.0,0.0,1.0,7.521678063118263e-17
11488.0,191.46666666666667,替浆（第三阶段低速）,1.0,1.0,439.39999999999964,439.39999999999964,439.39999999999964,0.0,2.927248757370513e-16,0.0,0.0,0.0,1.0,7.543531384833726e-17
11492.0,191.53333333333333,替浆（第三阶段低速）,1.0,1.0,439.39999999999964,439.39999999999964,439.39999999999964,0.0,2.94245599398027e-16,0.0,0.0,0.0,1.0,7.597268267789206e-17
11496.0,191.6,替浆（第三阶段低速）,1.0,1.0,439.39999999999964,439.39999999999964,439.39999999999964,0.0,2.953819694640867e-16,0.0,0.0,0.0,1.0,7.657121056908287e-17
11500.0,191.66666666666666,替浆（第三阶段低速）,1.0,1.0,439.39999999999964,439.39999999999964,439.39999999999964,0.0,2.984962412731232e-16,0.0,0.0,0.0,1.0,7.698104597831631e-17
11504.0,191.73333333333332,替浆（第三阶段低速）,1.0,1.0,439.39999999999964,439.39999999999964,439.39999999999964,0.0,3.0193522237680897e-16,0.0,0.0,0.0,1.0,7.746366098612463e-17
11508.0,191.8,替浆（第三阶段低速）,1.0,1.0,439.39999999999964,439.39999999999964,439.39999999999964,0.0,3.035457546595176e-16,0.0,0.0,0.0,1.0,7.83666539246117e-17
11512.0,191.86666666666667,替浆（第三阶段低速）,1.0,1.0,439.39999999999964,439.39999999999964,439.39999999999964,0.0,3.0484225741590657e-16,0.0,0.0,0.0,1.0,7.866959720124568e-17
11516.0,191.93333333333334,替浆（第三阶段低速）,1.0,1.0,439.39999999999964,439.39999999999964,439.39999999999964,0.0,3.0707486582980524e-16,0.0,0.0,0.0,1.0,7.904793863790846e-17
11520.0,192.0,替浆（第三阶段低速）,1.0,1.0,439.39999999999964,439.39999999999964,439.39999999999964,0.0,3.095699902189059e-16,0.0,0.0,0.0,1.0,7.960178324531041e-17
11524.0,192.06666666666666,替浆（第三阶段低速）,1.0,1.0,439.39999999999964,439.39999999999964,439.39999999999964,0.0,3.112396792371209e-16,0.0,0.0,0.0,1.0,8.032276462341014e-17
11528.0,192.13333333333333,替浆（第三阶段低速）,0.9999999999999998,0.9999999999999998,439.39999999999964,439.39999999999964,439.39999999999964,0.0,3.13149255160819e-16,0.0,0.0,0.0,1.0,8.077863714288451e-17
11532.0,192.2,替浆（第三阶段低速）,1.0,1.0,439.39999999999964,439.39999999999964,439.39999999999964,0.0,3.1579867460490406e-16,0.0,0.0,0.0,1.0,8.144697307669052e-17
11536.0,192.26666666666668,替浆（第三阶段低速）,0.9999999999999998,0.9999999999999998,439.39999999999964,439.39999999999964,439.39999999999964,0.0,3.1819740892643204e-16,0.0,0.0,0.0,1.0,8.172731317565624e-17
11540.0,192.33333333333334,替浆（第三阶段低速）,1.0,1.0,439.39999999999964,439.39999999999964,439.39999999999964,0.0,3.2012127267075425e-16,0.0,0.0,0.0,1.0,8.252001328677293e-17
11544.0,192.4,替浆（第三阶段低速）,0.9999999999999998,0.9999999999999998,439.39999999999964,439.39999999999964,439.39999999999964,0.0,3.2119296289791417e-16,0.0,0.0,0.0,1.0,8.294668227201998e-17
11548.0,192.46666666666667,替浆（第三阶段低速）,0.9999999999999998,0.9999999999999998,439.39999999999964,439.39999999999964,439.39999999999964,0.0,3.22809356246815e-16,0.0,0.0,0.0,1.0,8.31981456765202e-17
11552.0,192.53333333333333,替浆（第三阶段低速）,0.9999999999999998,0.9999999999999998,439.39999999999964,439.39999999999964,439.39999999999964,0.0,3.2526980522881576e-16,0.0,0.0,0.0,1.0,8.374121925783526e-17
11556.0,192.6,替浆（第三阶段低速）,0.9999999999999998,0.9999999999999998,439.39999999999964,439.39999999999964,439.39999999999964,0.0,3.2914407215433734e-16,0.0,0.0,0.0,1.0,8.463489213885074e-17
11560.0,192.66666666666666,替浆（第三阶段低速）,0.9999999999999998,0.9999999999999998,439.39999999999964,439.39999999999964,439.39999999999964,0.0,3.312035526797902e-16,0.0,0.0,0.0,1.0,8.53977381912877e-17
11564.0,192.73333333333332,替浆（第三阶段低速）,0.9999999999999998,0.9999999999999998,439.39999999999964,439.39999999999964,439.39999999999964,0.0,3.342323878462226e-16,0.0,0.0,0.0,1.0,8.610359652362674e-17
11568.0,192.8,替浆（第三阶段低速）,0.9999999999999998,0.9999999999999998,439.39999999999964,439.39999999999964,439.39999999999964,0.0,3.370670173389363e-16,0.0,0.0,0.0,1.0,8.690798350714802e-17
11572.0,192.86666666666667,替浆（第三阶段低速）,0.9999999999999998,0.9999999999999998,439.39999999999964,439.39999999999964,439.39999999999964,0.0,3.384796992312787e-16,0.0,0.0,0.0,1.0,8.767841385392609e-17
11576.0,192.93333333333334,替浆（第三阶段低速）,0.9999999999999998,0.9999999999999998,439.39999999999964,439.39999999999964,439.39999999999964,0.0,3.399738481942363e-16,0.0,0.0,0.0,1.0,8.80662612264111e-17
11580.0,193.0,替浆（第三阶段低速）,0.9999999999999998,0.9999999999999998,439.39999999999964,439.39999999999964,439.39999999999964,0.0,3.409806106776126e-16,0.0,0.0,0.0,1.0,8.84753956672709e-17
11584.0,193.06666666666666,替浆（第三阶段低速）,0.9999999999999998,0.9999999999999998,439.39999999999964,439.39999999999964,439.39999999999964,0.0,3.411416616851037e-16,0.0,0.0,0.0,1.0,8.868597459238326e-17
11588.0,193.13333333333333,替浆（第三阶段低速）,0.9999999999999998,0.9999999999999998,439.39999999999964,439.39999999999964,439.39999999999964,0.0,3.425749306388585e-16,0.0,0.0,0.0,1.0,8.886601183054743e-17
11592.0,193.2,替浆（第三阶段低速）,1.0,1.0,439.39999999999964,439.39999999999964,439.39999999999964,0.0,3.430277539339201e-16,0.0,0.0,0.0,1.0,8.913178243338394e-17
11596.0,193.26666666666668,替浆（第三阶段低速）,0.9999999999999998,0.9999999999999998,439.39999999999964,439.39999999999964,439.39999999999964,0.0,3.44923256159374e-16,0.0,0.0,0.0,1.0,8.925272140363078e-17
11600.0,193.33333333333334,替浆（第三阶段低速）,0.9999999999999998,0.9999999999999998,439.39999999999964,439.39999999999964,439.39999999999964,0.0,3.47520909921994e-16,0.0,0.0,0.0,1.0,8.967299481317264e-17
11604.0,193.4,替浆（第三阶段低速）,0.9999999999999998,0.9999999999999998,439.39999999999964,439.39999999999964,439.39999999999964,0.0,3.49157193645989e-16,0.0,0.0,0.0,1.0,9.031667275721974e-17
11608.0,193.46666666666667,替浆（第三阶段低速）,0.9999999999999998,0.9999999999999998,439.39999999999964,439.39999999999964,439.39999999999964,0.0,3.5216476066469905e-16,0.0,0.0,0.0,1.0,9.064718721663899e-17
11612.0,193.53333333333333,替浆（第三阶段低速）,0.9999999999999998,0.9999999999999998,439.39999999999964,439.39999999999964,439.39999999999964,0.0,3.5504547392908794e-16,0.0,0.0,0.0,1.0,9.151574479457523e-17
11616.0,193.6,替浆（第三阶段低速）,0.9999999999999998,0.9999999999999998,439.39999999999964,439.39999999999964,439.39999999999964,0.0,3.578593251332988e-16,0.0,0.0,0.0,1.0,9.225306446187215e-17
11620.0,193.66666666666666,替浆（第三阶段低速）,0.9999999999999998,0.9999999999999998,439.39999999999964,439.39999999999964,439.39999999999964,0.0,3.5863009290733307e-16,0.0,0.0,0.0,1.0,9.293319295263005e-17
11624.0,193.73333333333332,替浆（第三阶段低速）,0.9999999999999998,0.9999999999999998,439.39999999999964,439.39999999999964,439.39999999999964,0.0,3.6147357004498423e-16,0.0,0.0,0.0,1.0,9.334071321289947e-17
11628.0,193.8,替浆（第三阶段低速）,0.9999999999999998,0.9999999999999998,439.39999999999964,439.39999999999964,439.39999999999964,0.0,3.630422511407897e-16,0.0,0.0,0.0,1.0,9.414761376129598e-17
11632.0,193.86666666666667,替浆（第三阶段低速）,0.9999999999999998,0.9999999999999998,439.39999999999964,439.39999999999964,439.39999999999964,0.0,3.643441821209592e-16,0.0,0.0,0.0,1.0,9.471226263926075e-17
11636.0,193.93333333333334,替浆（第三阶段低速）,0.9999999999999998,0.9999999999999998,439.39999999999964,439.39999999999964,439.39999999999964,0.0,3.6688386630192963e-16,0.0,0.0,0.0,1.0,9.549716983032858e-17
11640.0,194.0,替浆（第三阶段低速）,0.9999999999999998,0.9999999999999998,439.39999999999964,439.39999999999964,439.39999999999964,0.0,3.654886909335067e-16,0.0,0.0,0.0,1.0,9.577288837902912e-17
11644.0,194.06666666666666,替浆（第三阶段低速）,0.9999999999999998,0.9999999999999998,439.39999999999964,439.39999999999964,439.39999999999964,0.0,3.6652867985683974e-16,0.0,0.0,0.0,1.0,9.576151435068912e-17
11648.0,194.13333333333333,替浆（第三阶段低速）,0.9999999999999998,0.9999999999999998,439.39999999999964,439.39999999999964,439.39999999999964,0.0,3.6904547146221017e-16,0.0,0.0,0.0,1.0,9.564025647867355e-17
11652.0,194.2,替浆（第三阶段低速）,0.9999999999999998,0.9999999999999998,439.39999999999964,439.39999999999964,439.39999999999964,0.0,3.7046785445720357e-16,0.0,0.0,0.0,1.0,9.627680220954365e-17
11656.0,194.26666666666668,替浆（第三阶段低速）,0.9999999999999998,0.9999999999999998,439.39999999999964,439.39999999999964,439.39999999999964,0.0,3.72057825195928e-16,0.0,0.0,0.0,1.0,9.668663375480365e-17
11660.0,194.33333333333334,替浆（第三阶段低速）,0.9999999999999998,0.9999999999999998,439.39999999999964,439.39999999999964,439.39999999999964,0.0,3.728771122602444e-16,0.0,0.0,0.0,1.0,9.700261306771896e-17
11664.0,194.4,替浆（第三阶段低速）,0.9999999999999998,0.9999999999999998,439.39999999999964,439.39999999999964,439.39999999999964,0.0,3.7582372332674983e-16,0.0,0.0,0.0,1.0,9.754571017123384e-17
11668.0,194.46666666666667,替浆（第三阶段低速）,0.9999999999999998,0.9999999999999998,439.39999999999964,439.39999999999964,439.39999999999964,0.0,3.774181797887995e-16,0.0,0.0,0.0,1.0,9.812055342610205e-17
11672.0,194.53333333333333,替浆（第三阶段低速）,0.9999999999999998,0.9999999999999998,439.39999999999964,439.39999999999964,439.39999999999964,0.0,3.795198733541203e-16,0.0,0.0,0.0,1.0,9.870881463703839e-17
11676.0,194.6,替浆（第三阶段低速）,0.9999999999999998,0.9999999999999998,439.39999999999964,439.39999999999964,439.39999999999964,0.0,3.7980292062357023e-16,0.0,0.0,0.0,1.0,9.89148550468463e-17
11680.0,194.66666666666666,替浆（第三阶段低速）,0.9999999999999998,0.9999999999999998,439.39999999999964,439.39999999999964,439.39999999999964,0.0,3.840409629846078e-16,0.0,0.0,0.0,1.0,9.918643536622056e-17
11684.0,194.73333333333332,替浆（第三阶段低速）,0.9999999999999998,0.9999999999999998,439.39999999999964,439.39999999999964,439.39999999999964,0.0,3.859195830917901e-16,0.0,0.0,0.0,1.0,1.0003788420327985e-16
11688.0,194.8,替浆（第三阶段低速）,0.9999999999999998,0.9999999999999998,439.39999999999964,439.39999999999964,439.39999999999964,0.0,3.8771948462245996e-16,0.0,0.0,0.0,1.0,1.0048506071917797e-16
11692.0,194.86666666666667,替浆（第三阶段低速）,0.9999999999999998,0.9999999999999998,439.39999999999964,439.39999999999964,439.39999999999964,0.0,3.8871599320356223e-16,0.0,0.0,0.0,1.0,1.0071596799019654e-16
11696.0,194.93333333333334,替浆（第三阶段低速）,0.9999999999999998,0.9999999999999998,439.39999999999964,439.39999999999964,439.39999999999964,0.0,3.879433590070638e-16,0.0,0.0,0.0,1.0,1.0092434166696675e-16
11700.0,195.0,替浆（第三阶段低速）,0.9999999999999998,0.9999999999999998,439.39999999999964,439.39999999999964,439.39999999999964,0.0,3.9127068961384595e-16,0.0,0.0,0.0,1.0,1.0094250306925532e-16
11704.0,195.06666666666666,替浆（第三阶段低速）,0.9999999999999998,0.9999999999999998,439.39999999999964,439.39999999999964,439.39999999999964,0.0,3.9286539227666544e-16,0.0,0.0,0.0,1.0,1.0209802147383058e-16
11708.0,195.13333333333333,替浆（第三阶段低速）,0.9999999999999998,0.9999999999999998,439.39999999999964,439.39999999999964,439.39999999999964,0.0,3.9575209741315183e-16,0.0,0.0,0.0,1.0,1.0267103162350805e-16
11712.0,195.2,替浆（第三阶段低速）,0.9999999999999998,0.9999999999999998,439.39999999999964,439.39999999999964,439.39999999999964,0.0,3.9652361122274443e-16,0.0,0.0,0.0,1.0,1.0319381482998933e-16
11716.0,195.26666666666668,替浆（第三阶段低速）,0.9999999999999998,0.9999999999999998,439.39999999999964,439.39999999999964,439.39999999999964,0.0,3.9893362223115817e-16,0.0,0.0,0.0,1.0,1.0377412300848698e-16
11720.0,195.33333333333334,替浆（第三阶段低速）,0.9999999999999998,0.9999999999999998,439.39999999999964,439.39999999999964,439.39999999999964,0.0,4.0025368411625414e-16,0.0,0.0,0.0,1.0,1.041476184430573e-16
11724.0,195.4,替浆（第三阶段低速）,0.9999999999999998,0.9999999999999998,439.39999999999964,439.39999999999964,439.39999999999964,0.0,4.0516252679624777e-16,0.0,0.0,0.0,1.0,1.0493209275320446e-16
11728.0,195.46666666666667,替浆（第三阶段低速）,0.9999999999999998,0.9999999999999998,439.39999999999964,439.39999999999964,439.39999999999964,0.0,4.0359423822781347e-16,0.0,0.0,0.0,1.0,1.0593703066756735e-16
11732.0,195.53333333333333,替浆（第三阶段低速）,0.9999999999999998,0.9999999999999998,439.39999999999964,439.39999999999964,439.39999999999964,0.0,4.066941771025701e-16,0.0,0.0,0.0,1.0,1.0602202537529811e-16
11736.0,195.6,替浆（第三阶段低速）,0.9999999999999998,0.9999999999999998,439.39999999999964,439.39999999999964,439.39999999999964,0.0,4.0937239093093677e-16,0.0,0.0,0.0,1.0,1.064469974022782e-16
11740.0,195.66666666666666,替浆（第三阶段低速）,0.9999999999999998,0.9999999999999998,439.39999999999964,439.39999999999964,439.39999999999964,0.0,4.135543772380601e-16,0.0,0.0,0.0,1.0,1.0702237148655903e-16
11744.0,195.73333333333332,替浆（第三阶段低速）,0.9999999999999998,0.9999999999999998,439.39999999999964,439.39999999999964,439.39999999999964,0.0,4.1406592938221925e-16,0.0,0.0,0.0,1.0,1.0789925197888032e-16
11748.0,195.8,替浆（第三阶段低速）,0.9999999999999998,0.9999999999999998,439.39999999999964,439.39999999999964,439.39999999999964,0.0,4.136273705219957e-16,0.0,0.0,0.0,1.0,1.0776104888757066e-16
11752.0,195.86666666666667,替浆（第三阶段低速）,0.9999999999999998,0.9999999999999998,439.39999999999964,439.39999999999964,439.39999999999964,0.0,4.2021932613804533e-16,0.0,0.0,0.0,1.0,1.081281488277538e-16
11756.0,195.93333333333334,替浆（第三阶段低速）,0.9999999999999998,0.9999999999999998,439.39999999999964,439.39999999999964,439.39999999999964,0.0,4.247983535830818e-16,0.0,0.0,0.0,1.0,1.0952511591000325e-16
11760.0,196.0,替浆（第三阶段低速）,0.9999999999999998,0.9999999999999998,439.39999999999964,439.39999999999964,439.39999999999964,0.0,4.2490765384360413e-16,0.0,0.0,0.0,1.0,1.105340810840519e-16
11764.0,196.06666666666666,替浆（第三阶段低速）,0.9999999999999998,0.9999999999999998,439.39999999999964,439.39999999999964,439.39999999999964,0.0,4.269793299775316e-16,0.0,0.0,0.0,1.0,1.1081348036121858e-16
11768.0,196.13333333333333,替浆（第三阶段低速）,0.9999999999999998,0.9999999999999998,439.39999999999964,439.39999999999964,439.39999999999964,0.0,4.3110411491451183e-16,0.0,0.0,0.0,1.0,1.1150231851830134e-16
11772.0,196.2,替浆（第三阶段低速）,0.9999999999999998,0.9999999999999998,439.39999999999964,439.39999999999964,439.39999999999964,0.0,4.358351110205445e-16,0.0,0.0,0.0,1.0,1.1257739331920572e-16
11776.0,196.26666666666668,替浆（第三阶段低速）,0.9999999999999998,0.9999999999999998,439.39999999999964,439.39999999999964,439.39999999999964,0.0,4.375263352181464e-16,0.0,0.0,0.0,1.0,1.1381167524092526e-16
11780.0,196.33333333333334,替浆（第三阶段低速）,0.9999999999999998,0.9999999999999998,439.39999999999964,439.39999999999964,439.39999999999964,0.0,4.39768247682484e-16,0.0,0.0,0.0,1.0,1.1434436850553977e-16
11784.0,196.4,替浆（第三阶段低速）,0.9999999999999998,0.9999999999999998,439.39999999999964,439.39999999999964,439.39999999999964,0.0,4.398603049554032e-16,0.0,0.0,0.0,1.0,1.1510587252492267e-16
11788.0,196.46666666666667,替浆（第三阶段低速）,0.9999999999999998,0.9999999999999998,439.39999999999964,439.39999999999964,439.39999999999964,0.0,4.4372360564476193e-16,0.0,0.0,0.0,1.0,1.155971604439329e-16
11792.0,196.53333333333333,替浆（第三阶段低速）,0.9999999999999998,0.9999999999999998,439.39999999999964,439.39999999999964,439.39999999999964,0.0,4.46543014947391e-16,0.0,0.0,0.0,1.0,1.162339077748976e-16
11796.0,196.6,替浆（第三阶段低速）,0.9999999999999998,0.9999999999999998,439.39999999999964,439.39999999999964,439.39999999999964,0.0,4.49658939171819e-16,0.0,0.0,0.0,1.0,1.1661971594580115e-16
11800.0,196.66666666666666,替浆（第三阶段低速）,0.9999999999999998,0.9999999999999998,439.39999999999964,439.39999999999964,439.39999999999964,0.0,4.536652823385149e-16,0.0,0.0,0.0,1.0,1.171906177966958e-16
11804.0,196.73333333333332,替浆（第三阶段低速）,0.9999999999999998,0.9999999999999998,439.39999999999964,439.39999999999964,439.39999999999964,0.0,4.575629414510276e-16,0.0,0.0,0.0,1.0,1.1812483938053287e-16
11808.0,196.8,替浆（第三阶段低速）,0.9999999999999998,0.9999999999999998,439.39999999999964,439.39999999999964,439.39999999999964,0.0,4.601824663397798e-16,0.0,0.0,0.0,1.0,1.190018836192005e-16
11812.0,196.86666666666667,替浆（第三阶段低速）,0.9999999999999998,0.9999999999999998,439.39999999999964,439.39999999999964,439.39999999999964,0.0,4.630045437880541e-16,0.0,0.0,0.0,1.0,1.1996071896837662e-16
11816.0,196.93333333333334,替浆（第三阶段低速）,0.9999999999999998,0.9999999999999998,439.39999999999964,439.39999999999964,439.39999999999964,0.0,4.65486790570809e-16,0.0,0.0,0.0,1.0,1.208307384602901e-16
11820.0,197.0,替浆（第三阶段低速）,0.9999999999999998,0.9999999999999998,439.39999999999964,439.39999999999964,439.39999999999964,0.0,4.665736537440577e-16,0.0,0.0,0.0,1.0,1.2133703395115128e-16
11824.0,197.06666666666666,替浆（第三阶段低速）,0.9999999999999998,0.9999999999999998,439.39999999999964,439.39999999999964,439.39999999999964,0.0,4.693945327834832e-16,0.0,0.0,0.0,1.0,1.2150762871887124e-16
11828.0,197.13333333333333,替浆（第三阶段低速）,0.9999999999999996,0.9999999999999996,439.39999999999964,439.39999999999964,439.39999999999964,0.0,4.751167820518759e-16,0.0,0.0,0.0,1.0,1.224284551279768e-16
11832.0,197.2,替浆（第三阶段低速）,0.9999999999999998,0.9999999999999998,439.39999999999964,439.39999999999964,439.39999999999964,0.0,4.815024085544377e-16,0.0,0.0,0.0,1.0,1.235088935452701e-16
11836.0,197.26666666666668,替浆（第三阶段低速）,0.9999999999999998,0.9999999999999998,439.39999999999964,439.39999999999964,439.39999999999964,0.0,4.827446642712674e-16,0.0,0.0,0.0,1.0,1.2495351265886877e-16
11840.0,197.33333333333334,替浆（第三阶段低速）,0.9999999999999998,0.9999999999999998,439.39999999999964,439.39999999999964,439.39999999999964,0.0,4.868516510749747e-16,0.0,0.0,0.0,1.0,1.256331519928953e-16
11844.0,197.4,替浆（第三阶段低速）,0.9999999999999996,0.9999999999999996,439.39999999999964,439.39999999999964,439.39999999999964,0.0,4.893249793851847e-16,0.0,0.0,0.0,1.0,1.26478533391433e-16
11848.0,197.46666666666667,替浆（第三阶段低速）,0.9999999999999996,0.9999999999999996,439.39999999999964,439.39999999999964,439.39999999999964,0.0,4.904942651188494e-16,0.0,0.0,0.0,1.0,1.27363554946113e-16
11852.0,197.53333333333333,替浆（第三阶段低速）,0.9999999999999996,0.9999999999999996,439.39999999999964,439.39999999999964,439.39999999999964,0.0,4.934237361086009e-16,0.0,0.0,0.0,1.0,1.2782289767203027e-16
11856.0,197.6,替浆（第三阶段低速）,0.9999999999999996,0.9999999999999996,439.39999999999964,439.39999999999964,439.39999999999964,0.0,4.966508506482842e-16,0.0,0.0,0.0,1.0,1.2868321063277747e-16
11860.0,197.66666666666666,替浆（第三阶段低速）,0.9999999999999996,0.9999999999999996,439.39999999999964,439.39999999999964,439.39999999999964,0.0,4.9870000688617855e-16,0.0,0.0,0.0,1.0,1.2923875537525093e-16
11864.0,197.73333333333332,替浆（第三阶段低速）,0.9999999999999996,0.9999999999999996,439.39999999999964,439.39999999999964,439.39999999999964,0.0,5.003512825819654e-16,0.0,0.0,0.0,1.0,1.2982214784239005e-16
11868.0,197.8,替浆（第三阶段低速）,0.9999999999999996,0.9999999999999996,439.39999999999964,439.39999999999964,439.39999999999964,0.0,5.048473066371658e-16,0.0,0.0,0.0,1.0,1.305237238655427e-16
11872.0,197.86666666666667,替浆（第三阶段低速）,0.9999999999999996,0.9999999999999996,439.39999999999964,439.39999999999964,439.39999999999964,0.0,5.054789181501674e-16,0.0,0.0,0.0,1.0,1.3144280477461636e-16
11876.0,197.93333333333334,替浆（第三阶段低速）,0.9999999999999996,0.9999999999999996,439.39999999999964,439.39999999999964,439.39999999999964,0.0,5.08793912030809e-16,0.0,0.0,0.0,1.0,1.3173163118536195e-16
11880.0,198.0,替浆（第三阶段低速）,0.9999999999999996,0.9999999999999996,439.39999999999964,439.39999999999964,439.39999999999964,0.0,5.104483285733676e-16,0.0,0.0,0.0,1.0,1.3245572721680894e-16
11884.0,198.06666666666666,替浆（第三阶段低速）,0.9999999999999996,0.9999999999999996,439.39999999999964,439.39999999999964,439.39999999999964,0.0,5.113850810031183e-16,0.0,0.0,0.0,1.0,1.326351391798577e-16
11888.0,198.13333333333333,替浆（第三阶段低速）,0.9999999999999996,0.9999999999999996,439.39999999999964,439.39999999999964,439.39999999999964,0.0,5.130794025833307e-16,0.0,0.0,0.0,1.0,1.3322333698196778e-16
11892.0,198.2,替浆（第三阶段低速）,0.9999999999999996,0.9999999999999996,439.39999999999964,439.39999999999964,439.39999999999964,0.0,5.158932088959045e-16,0.0,0.0,0.0,1.0,1.340012153039147e-16
11896.0,198.26666666666668,替浆（第三阶段低速）,0.9999999999999996,0.9999999999999996,439.39999999999964,439.39999999999964,439.39999999999964,0.0,5.178840913954864e-16,0.0,0.0,0.0,1.0,1.345783218293885e-16
11900.0,198.33333333333334,替浆（第三阶段低速）,0.9999999999999996,0.9999999999999996,439.39999999999964,439.39999999999964,439.39999999999964,0.0,5.1836682960339e-16,0.0,0.0,0.0,1.0,1.3503834617077719e-16
11904.0,198.4,替浆（第三阶段低速）,0.9999999999999996,0.9999999999999996,439.39999999999964,439.39999999999964,439.39999999999964,0.0,5.213410204665879e-16,0.0,0.0,0.0,1.0,1.3514069696797092e-16
11908.0,198.46666666666667,替浆（第三阶段低速）,0.9999999999999996,0.9999999999999996,439.39999999999964,439.39999999999964,439.39999999999964,0.0,5.236628632702919e-16,0.0,0.0,0.0,1.0,1.3610922342686704e-16
11912.0,198.53333333333333,替浆（第三阶段低速）,0.9999999999999996,0.9999999999999996,439.39999999999964,439.39999999999964,439.39999999999964,0.0,5.248961336926266e-16,0.0,0.0,0.0,1.0,1.3639818537045267e-16
11916.0,198.6,替浆（第三阶段低速）,0.9999999999999996,0.9999999999999996,439.39999999999964,439.39999999999964,439.39999999999964,0.0,5.275799455457622e-16,0.0,0.0,0.0,1.0,1.3661079704097759e-16
11920.0,198.66666666666666,替浆（第三阶段低速）,0.9999999999999996,0.9999999999999996,439.39999999999964,439.39999999999964,439.39999999999964,0.0,5.297143946307964e-16,0.0,0.0,0.0,1.0,1.3715343603943288e-16
11924.0,198.73333333333332,替浆（第三阶段低速）,0.9999999999999996,0.9999999999999996,439.39999999999964,439.39999999999964,439.39999999999964,0.0,5.315023340115889e-16,0.0,0.0,0.0,1.0,1.37587334974922e-16
11928.0,198.8,替浆（第三阶段低速）,0.9999999999999996,0.9999999999999996,439.39999999999964,439.39999999999964,439.39999999999964,0.0,5.331155256792202e-16,0.0,0.0,0.0,1.0,1.3805166256276766e-16
11932.0,198.86666666666667,替浆（第三阶段低速）,0.9999999999999996,0.9999999999999996,439.39999999999964,439.39999999999964,439.39999999999964,0.0,5.358913335972934e-16,0.0,0.0,0.0,1.0,1.386728681806998e-16
11936.0,198.93333333333334,替浆（第三阶段低速）,0.9999999999999996,0.9999999999999996,439.39999999999964,439.39999999999964,439.39999999999964,0.0,5.383930763558581e-16,0.0,0.0,0.0,1.0,1.392386103702931e-16
11940.0,199.0,替浆（第三阶段低速）,0.9999999999999996,0.9999999999999996,439.39999999999964,439.39999999999964,439.39999999999964,0.0,5.419587178876118e-16,0.0,0.0,0.0,1.0,1.399450313395344e-16
11944.0,199.06666666666666,替浆（第三阶段低速）,0.9999999999999996,0.9999999999999996,439.39999999999964,439.39999999999964,439.39999999999964,0.0,5.456067034605876e-16,0.0,0.0,0.0,1.0,1.4058695139747455e-16
11948.0,199.13333333333333,替浆（第三阶段低速）,0.9999999999999996,0.9999999999999996,439.39999999999964,439.39999999999964,439.39999999999964,0.0,5.48632755376763e-16,0.0,0.0,0.0,1.0,1.4166809110668393e-16
11952.0,199.2,替浆（第三阶段低速）,0.9999999999999996,0.9999999999999996,439.39999999999964,439.39999999999964,439.39999999999964,0.0,5.515009094081474e-16,0.0,0.0,0.0,1.0,1.4242538946663657e-16
11956.0,199.26666666666668,替浆（第三阶段低速）,0.9999999999999996,0.9999999999999996,439.39999999999964,439.39999999999964,439.39999999999964,0.0,5.564372583378495e-16,0.0,0.0,0.0,1.0,1.4303988039326644e-16
11960.0,199.33333333333334,替浆（第三阶段低速）,0.9999999999999996,0.9999999999999996,439.39999999999964,439.39999999999964,439.39999999999964,0.0,5.594615278013204e-16,0.0,0.0,0.0,1.0,1.4424118013225644e-16
11964.0,199.4,替浆（第三阶段低速）,0.9999999999999996,0.9999999999999996,439.39999999999964,439.39999999999964,439.39999999999964,0.0,5.618215171123641e-16,0.0,0.0,0.0,1.0,1.4515477493693578e-16
11968.0,199.46666666666667,替浆（第三阶段低速）,0.9999999999999996,0.9999999999999996,439.39999999999964,439.39999999999964,439.39999999999964,0.0,5.650696164979683e-16,0.0,0.0,0.0,1.0,1.4572700957696405e-16
11972.0,199.53333333333333,替浆（第三阶段低速）,0.9999999999999996,0.9999999999999996,439.39999999999964,439.39999999999964,439.39999999999964,0.0,5.652335506417649e-16,0.0,0.0,0.0,1.0,1.465453409388863e-16
11976.0,199.6,替浆（第三阶段低速）,0.9999999999999996,0.9999999999999996,439.39999999999964,439.39999999999964,439.39999999999964,0.0,5.685455824476811e-16,0.0,0.0,0.0,1.0,1.466851090497099e-16
11980.0,199.66666666666666,替浆（第三阶段低速）,0.9999999999999996,0.9999999999999996,439.39999999999964,439.39999999999964,439.39999999999964,0.0,5.7071305002321e-16,0.0,0.0,0.0,1.0,1.4768710856066046e-16
11984.0,199.73333333333332,替浆（第三阶段低速）,0.9999999999999996,0.9999999999999996,439.39999999999964,439.39999999999964,439.39999999999964,0.0,5.742481072020926e-16,0.0,0.0,0.0,1.0,1.4799044789170435e-16
11988.0,199.8,替浆（第三阶段低速）,0.9999999999999996,0.9999999999999996,439.39999999999964,439.39999999999964,439.39999999999964,0.0,5.758799345011346e-16,0.0,0.0,0.0,1.0,1.4912824650439826e-16
11992.0,199.86666666666667,替浆（第三阶段低速）,0.9999999999999996,0.9999999999999996,439.39999999999964,439.39999999999964,439.39999999999964,0.0,5.779624265234971e-16,0.0,0.0,0.0,1.0,1.4953081297934012e-16
11996.0,199.93333333333334,替浆（第三阶段低速）,0.9999999999999996,0.9999999999999996,439.39999999999964,439.39999999999964,439.39999999999964,0.0,5.81921700246204e-16,0.0,0.0,0.0,1.0,1.5006858859155734e-16
12000.0,200.0,替浆（第三阶段低速）,0.9999999999999996,0.9999999999999996,439.39999999999964,439.39999999999964,439.39999999999964,0.0,5.856032874021362e-16,0.0,0.0,0.0,1.0,1.509173653247187e-16
12004.0,200.06666666666666,替浆（第三阶段低速）,0.9999999999999996,0.9999999999999996,439.39999999999964,439.39999999999964,439.39999999999964,0.0,5.881408713900143e-16,0.0,0.0,0.0,1.0,1.5208346913089085e-16
12008.0,200.13333333333333,替浆（第三阶段低速）,0.9999999999999996,0.9999999999999996,439.39999999999964,439.39999999999964,439.39999999999964,0.0,5.90567265333696e-16,0.0,0.0,0.0,1.0,1.5282303773853086e-16
12012.0,200.2,替浆（第三阶段低速）,0.9999999999999996,0.9999999999999996,439.39999999999964,439.39999999999964,439.39999999999964,0.0,5.921237511162851e-16,0.0,0.0,0.0,1.0,1.5319408786816452e-16
12016.0,200.26666666666668,替浆（第三阶段低速）,0.9999999999999996,0.9999999999999996,439.39999999999964,439.39999999999964,439.39999999999964,0.0,5.949704889644744e-16,0.0,0.0,0.0,1.0,1.5355448566152126e-16
12020.0,200.33333333333334,替浆（第三阶段低速）,0.9999999999999996,0.9999999999999996,439.39999999999964,439.39999999999964,439.39999999999964,0.0,5.959393553962434e-16,0.0,0.0,0.0,1.0,1.543730165320879e-16
12024.0,200.4,替浆（第三阶段低速）,0.9999999999999996,0.9999999999999996,439.39999999999964,439.39999999999964,439.39999999999964,0.0,5.988195142836354e-16,0.0,0.0,0.0,1.0,1.5485745906795345e-16
12028.0,200.46666666666667,替浆（第三阶段低速）,0.9999999999999996,0.9999999999999996,439.39999999999964,439.39999999999964,439.39999999999964,0.0,6.012857134096333e-16,0.0,0.0,0.0,1.0,1.5558102641125512e-16
12032.0,200.53333333333333,替浆（第三阶段低速）,0.9999999999999996,0.9999999999999996,439.39999999999964,439.39999999999964,439.39999999999964,0.0,6.040829816687163e-16,0.0,0.0,0.0,1.0,1.5611883946424418e-16
12036.0,200.6,替浆（第三阶段低速）,0.9999999999999996,0.9999999999999996,439.39999999999964,439.39999999999964,439.39999999999964,0.0,6.069081921301772e-16,0.0,0.0,0.0,1.0,1.5688272877510015e-16
12040.0,200.66666666666666,替浆（第三阶段低速）,0.9999999999999996,0.9999999999999996,439.39999999999964,439.39999999999964,439.39999999999964,0.0,6.111733827498404e-16,0.0,0.0,0.0,1.0,1.5781698574891602e-16
12044.0,200.73333333333332,替浆（第三阶段低速）,0.9999999999999996,0.9999999999999996,439.39999999999964,439.39999999999964,439.39999999999964,0.0,6.109111171882775e-16,0.0,0.0,0.0,1.0,1.5862414349544013e-16
12048.0,200.8,替浆（第三阶段低速）,0.9999999999999996,0.9999999999999996,439.39999999999964,439.39999999999964,439.39999999999964,0.0,6.146826502452642e-16,0.0,0.0,0.0,1.0,1.5866312579293436e-16
12052.0,200.86666666666667,替浆（第三阶段低速）,0.9999999999999996,0.9999999999999996,439.39999999999964,439.39999999999964,439.39999999999964,0.0,6.165388791200993e-16,0.0,0.0,0.0,1.0,1.5957854458095863e-16
12056.0,200.93333333333334,替浆（第三阶段低速）,0.9999999999999996,0.9999999999999996,439.39999999999964,439.39999999999964,439.39999999999964,0.0,6.201470616010656e-16,0.0,0.0,0.0,1.0,1.6000000520038022e-16
12060.0,201.0,替浆（第三阶段低速）,0.9999999999999996,0.9999999999999996,439.39999999999964,439.39999999999964,439.39999999999964,0.0,6.213130384469556e-16,0.0,0.0,0.0,1.0,1.6077791508251138e-16
12064.0,201.06666666666666,替浆（第三阶段低速）,0.9999999999999996,0.9999999999999996,439.39999999999964,439.39999999999964,439.39999999999964,0.0,6.227963841403016e-16,0.0,0.0,0.0,1.0,1.61418615958118e-16
12068.0,201.13333333333333,替浆（第三阶段低速）,0.9999999999999996,0.9999999999999996,439.39999999999964,439.39999999999964,439.39999999999964,0.0,6.277461713062686e-16,0.0,0.0,0.0,1.0,1.6176882200386716e-16
12072.0,201.2,替浆（第三阶段低速）,0.9999999999999996,0.9999999999999996,439.39999999999964,439.39999999999964,439.39999999999964,0.0,6.302187559220143e-16,0.0,0.0,0.0,1.0,1.631681090747685e-16
12076.0,201.26666666666668,替浆（第三阶段低速）,0.9999999999999996,0.9999999999999996,439.39999999999964,439.39999999999964,439.39999999999964,0.0,6.340821948981209e-16,0.0,0.0,0.0,1.0,1.6384070837746457e-16
12080.0,201.33333333333334,替浆（第三阶段低速）,0.9999999999999996,0.9999999999999996,439.39999999999964,439.39999999999964,439.39999999999964,0.0,6.360783444917203e-16,0.0,0.0,0.0,1.0,1.6443920579876844e-16
12084.0,201.4,替浆（第三阶段低速）,0.9999999999999996,0.9999999999999996,439.39999999999964,439.39999999999964,439.39999999999964,0.0,6.370586915492853e-16,0.0,0.0,0.0,1.0,1.648670008652868e-16
12088.0,201.46666666666667,替浆（第三阶段低速）,0.9999999999999996,0.9999999999999996,439.39999999999964,439.39999999999964,439.39999999999964,0.0,6.388815594572523e-16,0.0,0.0,0.0,1.0,1.6531118301045932e-16
12092.0,201.53333333333333,替浆（第三阶段低速）,0.9999999999999996,0.9999999999999996,439.39999999999964,439.39999999999964,439.39999999999964,0.0,6.44963194859888e-16,0.0,0.0,0.0,1.0,1.6581979513342588e-16
12096.0,201.6,替浆（第三阶段低速）,0.9999999999999996,0.9999999999999996,439.39999999999964,439.39999999999964,439.39999999999964,0.0,6.479594136834725e-16,0.0,0.0,0.0,1.0,1.6734039062964708e-16
12100.0,201.66666666666666,替浆（第三阶段低速）,0.9999999999999996,0.9999999999999996,439.39999999999964,439.39999999999964,439.39999999999964,0.0,6.479731822716933e-16,0.0,0.0,0.0,1.0,1.6816563402902637e-16
12104.0,201.73333333333332,替浆（第三阶段低速）,0.9999999999999996,0.9999999999999996,439.39999999999964,439.39999999999964,439.39999999999964,0.0,6.529319237439284e-16,0.0,0.0,0.0,1.0,1.6854480581720618e-16
12108.0,201.8,替浆（第三阶段低速）,0.9999999999999996,0.9999999999999996,439.39999999999964,439.39999999999964,439.39999999999964,0.0,6.532729463475698e-16,0.0,0.0,0.0,1.0,1.6953047707544808e-16
12112.0,201.86666666666667,替浆（第三阶段低速）,0.9999999999999996,0.9999999999999996,439.39999999999964,439.39999999999964,439.39999999999964,0.0,6.551920265803087e-16,0.0,0.0,0.0,1.0,1.6990440982230078e-16
12116.0,201.93333333333334,替浆（第三阶段低速）,0.9999999999999996,0.9999999999999996,439.39999999999964,439.39999999999964,439.39999999999964,0.0,6.586849463328242e-16,0.0,0.0,0.0,1.0,1.7026277472594947e-16
12120.0,202.0,替浆（第三阶段低速）,0.9999999999999996,0.9999999999999996,439.39999999999964,439.39999999999964,439.39999999999964,0.0,6.610558634567166e-16,0.0,0.0,0.0,1.0,1.7134238655814939e-16
12124.0,202.06666666666666,替浆（第三阶段低速）,0.9999999999999996,0.9999999999999996,439.39999999999964,439.39999999999964,439.39999999999964,0.0,6.614941501222358e-16,0.0,0.0,0.0,1.0,1.7192917335378334e-16
12128.0,202.13333333333333,替浆（第三阶段低速）,0.9999999999999996,0.9999999999999996,439.39999999999964,439.39999999999964,439.39999999999964,0.0,6.656144425153824e-16,0.0,0.0,0.0,1.0,1.7212590901880117e-16
12132.0,202.2,替浆（第三阶段低速）,0.9999999999999996,0.9999999999999996,439.39999999999964,439.39999999999964,439.39999999999964,0.0,6.68878722328783e-16,0.0,0.0,0.0,1.0,1.7274040818582956e-16
12136.0,202.26666666666668,替浆（第三阶段低速）,0.9999999999999996,0.9999999999999996,439.39999999999964,439.39999999999964,439.39999999999964,0.0,6.69350844699679e-16,0.0,0.0,0.0,1.0,1.7361722038699584e-16
12140.0,202.33333333333334,替浆（第三阶段低速）,0.9999999999999996,0.9999999999999996,439.39999999999964,439.39999999999964,439.39999999999964,0.0,6.729305453247521e-16,0.0,0.0,0.0,1.0,1.7372870026181256e-16
12144.0,202.4,替浆（第三阶段低速）,0.9999999999999996,0.9999999999999996,439.39999999999964,439.39999999999964,439.39999999999964,0.0,6.763161086470696e-16,0.0,0.0,0.0,1.0,1.744650226018101e-16
12148.0,202.46666666666667,替浆（第三阶段低速）,0.9999999999999996,0.9999999999999996,439.39999999999964,439.39999999999964,439.39999999999964,0.0,6.753965933503509e-16,0.0,0.0,0.0,1.0,1.7570134570281137e-16
12152.0,202.53333333333333,替浆（第三阶段低速）,0.9999999999999996,0.9999999999999996,439.39999999999964,439.39999999999964,439.39999999999964,0.0,6.848554060284725e-16,0.0,0.0,0.0,1.0,1.754605716559215e-16
12156.0,202.6,替浆（第三阶段低速）,0.9999999999999996,0.9999999999999996,439.39999999999964,439.39999999999964,439.39999999999964,0.0,6.874814745709333e-16,0.0,0.0,0.0,1.0,1.7777744930652768e-16
12160.0,202.66666666666666,替浆（第三阶段低速）,0.9999999999999996,0.9999999999999996,439.39999999999964,439.39999999999964,439.39999999999964,0.0,6.907976320842504e-16,0.0,0.0,0.0,1.0,1.7897758368799284e-16
12164.0,202.73333333333332,替浆（第三阶段低速）,0.9999999999999996,0.9999999999999996,439.39999999999964,439.39999999999964,439.39999999999964,0.0,6.894221355098519e-16,0.0,0.0,0.0,1.0,1.7993551178086522e-16
12168.0,202.8,替浆（第三阶段低速）,0.9999999999999996,0.9999999999999996,439.39999999999964,439.39999999999964,439.39999999999964,0.0,6.932144931012919e-16,0.0,0.0,0.0,1.0,1.79669870307689e-16
12172.0,202.86666666666667,替浆（第三阶段低速）,0.9999999999999996,0.9999999999999996,439.39999999999964,439.39999999999964,439.39999999999964,0.0,6.971991963690362e-16,0.0,0.0,0.0,1.0,1.8107373028871387e-16
12176.0,202.93333333333334,替浆（第三阶段低速）,0.9999999999999996,0.9999999999999996,439.39999999999964,439.39999999999964,439.39999999999964,0.0,7.006288740254583e-16,0.0,0.0,0.0,1.0,1.8188374921573589e-16
12180.0,203.0,替浆（第三阶段低速）,0.9999999999999996,0.9999999999999996,439.39999999999964,439.39999999999964,439.39999999999964,0.0,7.060217702779079e-16,0.0,0.0,0.0,1.0,1.829454279261015e-16
12184.0,203.06666666666666,替浆（第三阶段低速）,0.9999999999999996,0.9999999999999996,439.39999999999964,439.39999999999964,439.39999999999964,0.0,7.107676153406573e-16,0.0,0.0,0.0,1.0,1.8420252910076296e-16
12188.0,203.13333333333333,替浆（第三阶段低速）,0.9999999999999996,0.9999999999999996,439.39999999999964,439.39999999999964,439.39999999999964,0.0,7.095584533356392e-16,0.0,0.0,0.0,1.0,1.8515015760890295e-16
12192.0,203.2,替浆（第三阶段低速）,0.9999999999999996,0.9999999999999996,439.39999999999964,439.39999999999964,439.39999999999964,0.0,7.11967255531197e-16,0.0,0.0,0.0,1.0,1.8523392636647848e-16
12196.0,203.26666666666668,替浆（第三阶段低速）,0.9999999999999996,0.9999999999999996,439.39999999999964,439.39999999999964,439.39999999999964,0.0,7.136305737874621e-16,0.0,0.0,0.0,1.0,1.8585711605498173e-16
12200.0,203.33333333333334,替浆（第三阶段低速）,0.9999999999999996,0.9999999999999996,439.39999999999964,439.39999999999964,439.39999999999964,0.0,7.155645851285549e-16,0.0,0.0,0.0,1.0,1.8665226483830136e-16
12204.0,203.4,替浆（第三阶段低速）,0.9999999999999996,0.9999999999999996,439.39999999999964,439.39999999999964,439.39999999999964,0.0,7.166225666173326e-16,0.0,0.0,0.0,1.0,1.872541195771923e-16
12208.0,203.46666666666667,替浆（第三阶段低速）,0.9999999999999996,0.9999999999999996,439.39999999999964,439.39999999999964,439.39999999999964,0.0,7.204720803553329e-16,0.0,0.0,0.0,1.0,1.8744064533617697e-16
12212.0,203.53333333333333,替浆（第三阶段低速）,0.9999999999999996,0.9999999999999996,439.39999999999964,439.39999999999964,439.39999999999964,0.0,7.282993397207178e-16,0.0,0.0,0.0,1.0,1.8841004644919377e-16
12216.0,203.6,替浆（第三阶段低速）,0.9999999999999996,0.9999999999999996,439.39999999999964,439.39999999999964,439.39999999999964,0.0,7.308840737619171e-16,0.0,0.0,0.0,1.0,1.8999843580425853e-16
12220.0,203.66666666666666,替浆（第三阶段低速）,0.9999999999999996,0.9999999999999996,439.39999999999964,439.39999999999964,439.39999999999964,0.0,7.330537401918875e-16,0.0,0.0,0.0,1.0,1.9077696301797055e-16
12224.0,203.73333333333332,替浆（第三阶段低速）,0.9999999999999996,0.9999999999999996,439.39999999999964,439.39999999999964,439.39999999999964,0.0,7.323939900004865e-16,0.0,0.0,0.0,1.0,1.9149620906177563e-16
12228.0,203.8,替浆（第三阶段低速）,0.9999999999999996,0.9999999999999996,439.39999999999964,439.39999999999964,439.39999999999964,0.0,7.381329641753987e-16,0.0,0.0,0.0,1.0,1.915576915953263e-16
12232.0,203.86666666666667,替浆（第三阶段低速）,0.9999999999999996,0.9999999999999996,439.39999999999964,439.39999999999964,439.39999999999964,0.0,7.41105339085943e-16,0.0,0.0,0.0,1.0,1.925338691959088e-16
12236.0,203.93333333333334,替浆（第三阶段低速）,0.9999999999999996,0.9999999999999996,439.39999999999964,439.39999999999964,439.39999999999964,0.0,7.448716207334559e-16,0.0,0.0,0.0,1.0,1.9337493837968561e-16
12240.0,204.0,替浆（第三阶段低速）,0.9999999999999996,0.9999999999999996,439.39999999999964,439.39999999999964,439.39999999999964,0.0,7.492211397696602e-16,0.0,0.0,0.0,1.0,1.9427384258351722e-16
12244.0,204.06666666666666,替浆（第三阶段低速）,0.9999999999999996,0.9999999999999996,439.39999999999964,439.39999999999964,439.39999999999964,0.0,7.512061260999884e-16,0.0,0.0,0.0,1.0,1.9550617029734023e-16
12248.0,204.13333333333333,替浆（第三阶段低速）,0.9999999999999996,0.9999999999999996,439.39999999999964,439.39999999999964,439.39999999999964,0.0,7.51331833800948e-16,0.0,0.0,0.0,1.0,1.9604269754182714e-16
12252.0,204.2,替浆（第三阶段低速）,0.9999999999999996,0.9999999999999996,439.39999999999964,439.39999999999964,439.39999999999964,0.0,7.56264568542932e-16,0.0,0.0,0.0,1.0,1.971275179766008e-16
12256.0,204.26666666666668,替浆（第三阶段低速）,0.9999999999999996,0.9999999999999996,439.39999999999964,439.39999999999964,439.39999999999964,0.0,7.566876066483097e-16,0.0,0.0,0.0,1.0,1.9961690474300314e-16
12260.0,204.33333333333334,替浆（第三阶段低速）,0.9999999999999996,0.9999999999999996,439.39999999999964,439.39999999999964,439.39999999999964,0.0,7.601433501654972e-16,0.0,0.0,0.0,1.0,2.0122115882614808e-16
12264.0,204.4,替浆（第三阶段低速）,0.9999999999999996,0.9999999999999996,439.39999999999964,439.39999999999964,439.39999999999964,0.0,7.6372289177015475e-16,0.0,0.0,0.0,1.0,2.0407138175759682e-16
12268.0,204.46666666666667,替浆（第三阶段低速）,0.9999999999999996,0.9999999999999996,439.39999999999964,439.39999999999964,439.39999999999964,0.0,7.644244379638763e-16,0.0,0.0,0.0,1.0,2.0723921298180265e-16
12272.0,204.53333333333333,替浆（第三阶段低速）,0.9999999999999996,0.9999999999999996,439.39999999999964,439.39999999999964,439.39999999999964,0.0,7.657069234785289e-16,0.0,0.0,0.0,1.0,2.0942469025907923e-16
12276.0,204.6,替浆（第三阶段低速）,0.9999999999999996,0.9999999999999996,439.39999999999964,439.39999999999964,439.39999999999964,0.0,7.715996190975287e-16,0.0,0.0,0.0,1.0,2.109115364711955e-16
12280.0,204.66666666666666,替浆（第三阶段低速）,0.9999999999999996,0.9999999999999996,439.39999999999964,439.39999999999964,439.39999999999964,0.0,7.686848299041574e-16,0.0,0.0,0.0,1.0,2.14163580398433e-16
12284.0,204.73333333333332,替浆（第三阶段低速）,0.9999999999999996,0.9999999999999996,439.39999999999964,439.39999999999964,439.39999999999964,0.0,7.693786261464254e-16,0.0,0.0,0.0,0.9999999999999998,2.1598162112008384e-16
12288.0,204.8,替浆（第三阶段低速）,0.9999999999999996,0.9999999999999996,439.39999999999964,439.39999999999964,439.39999999999964,0.0,7.682915820942863e-16,0.0,0.0,0.0,0.9999999999999998,2.1872026693031888e-16
12292.0,204.86666666666667,替浆（第三阶段低速）,0.9999999999999996,0.9999999999999996,439.39999999999964,439.39999999999964,439.39999999999964,0.0,7.668579944328634e-16,0.0,0.0,0.0,0.9999999999999998,2.2124757331517614e-16
12296.0,204.93333333333334,替浆（第三阶段低速）,0.9999999999999996,0.9999999999999996,439.39999999999964,439.39999999999964,439.39999999999964,0.0,7.632102879095123e-16,0.0,0.0,0.0,0.9999999999999998,2.2318507599344866e-16
12300.0,205.0,替浆（第三阶段低速）,0.9999999999999996,0.9999999999999996,439.39999999999964,439.39999999999964,439.39999999999964,0.0,7.589634333002023e-16,0.0,0.0,0.0,0.9999999999999998,2.226828139924063e-16
12304.0,205.06666666666666,替浆（第三阶段低速）,0.9999999999999996,0.9999999999999996,439.39999999999964,439.39999999999964,439.39999999999964,0.0,7.578085345057376e-16,0.0,0.0,0.0,1.0,2.2281805803276963e-16
12308.0,205.13333333333333,替浆（第三阶段低速）,0.9999999999999996,0.9999999999999996,439.39999999999964,439.39999999999964,439.39999999999964,0.0,7.552110746002295e-16,0.0,0.0,0.0,1.0,2.233363672086427e-16
12312.0,205.2,替浆（第三阶段低速）,0.9999999999999996,0.9999999999999996,439.39999999999964,439.39999999999964,439.39999999999964,0.0,7.51669923886887e-16,0.0,0.0,0.0,1.0,2.2409333200759504e-16
12316.0,205.26666666666668,替浆（第三阶段低速）,0.9999999999999996,0.9999999999999996,439.39999999999964,439.39999999999964,439.39999999999964,0.0,7.495443528165691e-16,0.0,0.0,0.0,0.9999999999999998,2.24995075143527e-16
12320.0,205.33333333333334,替浆（第三阶段低速）,0.9999999999999996,0.9999999999999996,439.39999999999964,439.39999999999964,439.39999999999964,0.0,7.446187577051085e-16,0.0,0.0,0.0,1.0,2.251904386247431e-16
12324.0,205.4,替浆（第三阶段低速）,0.9999999999999996,0.9999999999999996,439.39999999999964,439.39999999999964,439.39999999999964,0.0,7.41155575646519e-16,0.0,0.0,0.0,1.0,2.2448678596765136e-16
12328.0,205.46666666666667,替浆（第三阶段低速）,0.9999999999999996,0.9999999999999996,439.39999999999964,439.39999999999964,439.39999999999964,0.0,7.372158250153978e-16,0.0,0.0,0.0,1.0,2.2300211805987543e-16
12332.0,205.53333333333333,替浆（第三阶段低速）,0.9999999999999996,0.9999999999999996,439.39999999999964,439.39999999999964,439.39999999999964,0.0,7.338125757533234e-16,0.0,0.0,0.0,1.0,2.210314873066998e-16
12336.0,205.6,替浆（第三阶段低速）,0.9999999999999996,0.9999999999999996,439.39999999999964,439.39999999999964,439.39999999999964,0.0,7.315439153335113e-16,0.0,0.0,0.0,1.0,2.1877308662326772e-16
12340.0,205.66666666666666,替浆（第三阶段低速）,0.9999999999999996,0.9999999999999996,439.39999999999964,439.39999999999964,439.39999999999964,0.0,7.282721005600779e-16,0.0,0.0,0.0,1.0,2.1728415154966584e-16
12344.0,205.73333333333332,替浆（第三阶段低速）,0.9999999999999996,0.9999999999999996,439.39999999999964,439.39999999999964,439.39999999999964,0.0,7.262210046761865e-16,0.0,0.0,0.0,1.0,2.160715468453094e-16
12348.0,205.8,替浆（第三阶段低速）,0.9999999999999996,0.9999999999999996,439.39999999999964,439.39999999999964,439.39999999999964,0.0,7.234006986547547e-16,0.0,0.0,0.0,1.0,2.1526579882305487e-16
12352.0,205.86666666666667,替浆（第三阶段低速）,0.9999999999999996,0.9999999999999996,439.39999999999964,439.39999999999964,439.39999999999964,0.0,7.219295155292491e-16,0.0,0.0,0.0,1.0,2.15680437245158e-16
12356.0,205.93333333333334,替浆（第三阶段低速）,0.9999999999999996,0.9999999999999996,439.39999999999964,439.39999999999964,439.39999999999964,0.0,7.188485915331446e-16,0.0,0.0,0.0,1.0,2.1616171675179436e-16
12360.0,206.0,替浆（第三阶段低速）,0.9999999999999996,0.9999999999999996,439.39999999999964,439.39999999999964,439.39999999999964,0.0,7.175229149346416e-16,0.0,0.0,0.0,1.0,2.157170153197786e-16
12364.0,206.06666666666666,替浆（第三阶段低速）,0.9999999999999996,0.9999999999999996,439.39999999999964,439.39999999999964,439.39999999999964,0.0,7.139041606404884e-16,0.0,0.0,0.0,1.0,2.1516193463274204e-16
12368.0,206.13333333333333,替浆（第三阶段低速）,0.9999999999999996,0.9999999999999996,439.39999999999964,439.39999999999964,439.39999999999964,0.0,7.089494738267777e-16,0.0,0.0,0.0,1.0,2.1320736202237157e-16
12372.0,206.2,替浆（第三阶段低速）,0.9999999999999996,0.9999999999999996,439.39999999999964,439.39999999999964,439.39999999999964,0.0,7.096294549768818e-16,0.0,0.0,0.0,1.0,2.1229166882819055e-16
12376.0,206.26666666666668,替浆（第三阶段低速）,0.9999999999999996,0.9999999999999996,439.39999999999964,439.39999999999964,439.39999999999964,0.0,7.0756339229611e-16,0.0,0.0,0.0,1.0,2.12196375169245e-16
12380.0,206.33333333333334,替浆（第三阶段低速）,0.9999999999999996,0.9999999999999996,439.39999999999964,439.39999999999964,439.39999999999964,0.0,7.063135088843845e-16,0.0,0.0,0.0,1.0,2.123012137846351e-16
12384.0,206.4,替浆（第三阶段低速）,0.9999999999999996,0.9999999999999996,439.39999999999964,439.39999999999964,439.39999999999964,0.0,7.017924305162536e-16,0.0,0.0,0.0,1.0,2.1209265727538584e-16
12388.0,206.46666666666667,替浆（第三阶段低速）,0.9999999999999996,0.9999999999999996,439.39999999999964,439.39999999999964,439.39999999999964,0.0,6.973193301207784e-16,0.0,0.0,0.0,1.0,2.114182142994082e-16
12392.0,206.53333333333333,替浆（第三阶段低速）,0.9999999999999996,0.9999999999999996,439.39999999999964,439.39999999999964,439.39999999999964,0.0,6.935240241814666e-16,0.0,0.0,0.0,1.0,2.1003716665506183e-16
12396.0,206.6,替浆（第三阶段低速）,0.9999999999999996,0.9999999999999996,439.39999999999964,439.39999999999964,439.39999999999964,0.0,6.923069882299791e-16,0.0,0.0,0.0,1.0,2.0922883602461624e-16
12400.0,206.66666666666666,替浆（第三阶段低速）,0.9999999999999996,0.9999999999999996,439.39999999999964,439.39999999999964,439.39999999999964,0.0,6.902848198096716e-16,0.0,0.0,0.0,1.0,2.0972597755632244e-16
12404.0,206.73333333333332,替浆（第三阶段低速）,0.9999999999999996,0.9999999999999996,439.39999999999964,439.39999999999964,439.39999999999964,0.0,6.856888281903048e-16,0.0,0.0,0.0,1.0,2.108647079271772e-16
12408.0,206.8,替浆（第三阶段低速）,0.9999999999999996,0.9999999999999996,439.39999999999964,439.39999999999964,439.39999999999964,0.0,6.824666992866689e-16,0.0,0.0,0.0,1.0,2.10701477864898e-16
12412.0,206.86666666666667,替浆（第三阶段低速）,0.9999999999999996,0.9999999999999996,439.39999999999964,439.39999999999964,439.39999999999964,0.0,6.818575976245542e-16,0.0,0.0,0.0,1.0,2.1055490096481199e-16
12416.0,206.93333333333334,替浆（第三阶段低速）,0.9999999999999996,0.9999999999999996,439.39999999999964,439.39999999999964,439.39999999999964,0.0,6.803689058423775e-16,0.0,0.0,0.0,1.0,2.1041771144415528e-16
12420.0,207.0,替浆（第三阶段低速）,0.9999999999999996,0.9999999999999996,439.39999999999964,439.39999999999964,439.39999999999964,0.0,6.738439093915143e-16,0.0,0.0,0.0,1.0,2.0908953404820184e-16
12424.0,207.06666666666666,替浆（第三阶段低速）,0.9999999999999996,0.9999999999999996,439.39999999999964,439.39999999999964,439.39999999999964,0.0,6.693754000430295e-16,0.0,0.0,0.0,1.0,2.060186406198881e-16
12428.0,207.13333333333333,替浆（第三阶段低速）,0.9999999999999996,0.9999999999999996,439.39999999999964,439.39999999999964,439.39999999999964,0.0,6.656801929680326e-16,0.0,0.0,0.0,1.0,2.0363820501023473e-16
12432.0,207.2,替浆（第三阶段低速）,0.9999999999999996,0.9999999999999996,439.39999999999964,439.39999999999964,439.39999999999964,0.0,6.606438345481551e-16,0.0,0.0,0.0,1.0,2.023909330284837e-16
12436.0,207.26666666666668,替浆（第三阶段低速）,0.9999999999999996,0.9999999999999996,439.39999999999964,439.39999999999964,439.39999999999964,0.0,6.58852863687952e-16,0.0,0.0,0.0,1.0,2.0105865237203118e-16
12440.0,207.33333333333334,替浆（第三阶段低速）,0.9999999999999996,0.9999999999999996,439.39999999999964,439.39999999999964,439.39999999999964,0.0,6.549330862688955e-16,0.0,0.0,0.0,1.0,2.0078535841447594e-16
12444.0,207.4,替浆（第三阶段低速）,0.9999999999999996,0.9999999999999996,439.39999999999964,439.39999999999964,439.39999999999964,0.0,6.532530099377789e-16,0.0,0.0,0.0,1.0,2.0008178811758184e-16
12448.0,207.46666666666667,替浆（第三阶段低速）,0.9999999999999996,0.9999999999999996,439.39999999999964,439.39999999999964,439.39999999999964,0.0,6.504227367306467e-16,0.0,0.0,0.0,1.0,2.0011767064809589e-16
12452.0,207.53333333333333,替浆（第三阶段低速）,0.9999999999999996,0.9999999999999996,439.39999999999964,439.39999999999964,439.39999999999964,0.0,6.490309175942355e-16,0.0,0.0,0.0,1.0,1.9946427021308537e-16
12456.0,207.6,替浆（第三阶段低速）,0.9999999999999996,0.9999999999999996,439.39999999999964,439.39999999999964,439.39999999999964,0.0,6.433402199439522e-16,0.0,0.0,0.0,1.0,1.9902157510588815e-16
12460.0,207.66666666666666,替浆（第三阶段低速）,0.9999999999999996,0.9999999999999996,439.39999999999964,439.39999999999964,439.39999999999964,0.0,6.429628614170862e-16,0.0,0.0,0.0,1.0,1.9803298170475843e-16
12464.0,207.73333333333332,替浆（第三阶段低速）,0.9999999999999996,0.9999999999999996,439.39999999999964,439.39999999999964,439.39999999999964,0.0,6.378444289498086e-16,0.0,0.0,0.0,1.0,1.9953701165764849e-16
12468.0,207.8,替浆（第三阶段低速）,0.9999999999999996,0.9999999999999996,439.39999999999964,439.39999999999964,439.39999999999964,0.0,6.372038790576908e-16,0.0,0.0,0.0,1.0,1.9994397674384142e-16
12472.0,207.86666666666667,替浆（第三阶段低速）,0.9999999999999996,0.9999999999999996,439.39999999999964,439.39999999999964,439.39999999999964,0.0,6.340094440979201e-16,0.0,0.0,0.0,1.0,2.010901999175361e-16
12476.0,207.93333333333334,替浆（第三阶段低速）,0.9999999999999996,0.9999999999999996,439.39999999999964,439.39999999999964,439.39999999999964,0.0,6.317669748948345e-16,0.0,0.0,0.0,1.0,2.0138698346685973e-16
12480.0,208.0,替浆（第三阶段低速）,0.9999999999999996,0.9999999999999996,439.39999999999964,439.39999999999964,439.39999999999964,0.0,6.287510161415748e-16,0.0,0.0,0.0,1.0,2.0108773287927226e-16
12484.0,208.06666666666666,替浆（第三阶段低速）,0.9999999999999996,0.9999999999999996,439.39999999999964,439.39999999999964,439.39999999999964,0.0,6.277548206723175e-16,0.0,0.0,0.0,1.0,1.9965801138571303e-16
12488.0,208.13333333333333,替浆（第三阶段低速）,0.9999999999999996,0.9999999999999996,439.39999999999964,439.39999999999964,439.39999999999964,0.0,6.242376980278834e-16,0.0,0.0,0.0,1.0,1.9785873427946377e-16
12492.0,208.2,替浆（第三阶段低速）,0.9999999999999996,0.9999999999999996,439.39999999999964,439.39999999999964,439.39999999999964,0.0,6.191950043638569e-16,0.0,0.0,0.0,1.0,1.9604605376413577e-16
12496.0,208.26666666666668,替浆（第三阶段低速）,0.9999999999999996,0.9999999999999996,439.39999999999964,439.39999999999964,439.39999999999964,0.0,6.216321892873662e-16,0.0,0.0,0.0,1.0,1.942543630814219e-16
12500.0,208.33333333333334,替浆（第三阶段低速）,0.9999999999999996,0.9999999999999996,439.39999999999964,439.39999999999964,439.39999999999964,0.0,6.189261054346297e-16,0.0,0.0,0.0,1.0,1.9437257322054791e-16
12504.0,208.4,替浆（第三阶段低速）,0.9999999999999996,0.9999999999999996,439.39999999999964,439.39999999999964,439.39999999999964,0.0,6.167359170148044e-16,0.0,0.0,0.0,1.0,1.9465826629679691e-16
12508.0,208.46666666666667,替浆（第三阶段低速）,0.9999999999999996,0.9999999999999996,439.39999999999964,439.39999999999964,439.39999999999964,0.0,6.144805929121624e-16,0.0,0.0,0.0,1.0,1.9491625988694465e-16
12512.0,208.53333333333333,替浆（第三阶段低速）,0.9999999999999996,0.9999999999999996,439.39999999999964,439.39999999999964,439.39999999999964,0.0,6.110462196006796e-16,0.0,0.0,0.0,1.0,1.9412374362518724e-16
12516.0,208.6,替浆（第三阶段低速）,0.9999999999999996,0.9999999999999996,439.39999999999964,439.39999999999964,439.39999999999964,0.0,6.076601597488911e-16,0.0,0.0,0.0,1.0,1.9343012343768353e-16
12520.0,208.66666666666666,替浆（第三阶段低速）,0.9999999999999996,0.9999999999999996,439.39999999999964,439.39999999999964,439.39999999999964,0.0,6.063350223286707e-16,0.0,0.0,0.0,1.0,1.9237457036593445e-16
12524.0,208.73333333333332,替浆（第三阶段低速）,0.9999999999999996,0.9999999999999996,439.39999999999964,439.39999999999964,439.39999999999964,0.0,6.066621426552681e-16,0.0,0.0,0.0,1.0,1.916775449001549e-16
12528.0,208.8,替浆（第三阶段低速）,0.9999999999999996,0.9999999999999996,439.39999999999964,439.39999999999964,439.39999999999964,0.0,6.027165829024667e-16,0.0,0.0,0.0,1.0,1.9124154175451542e-16
12532.0,208.86666666666667,替浆（第三阶段低速）,0.9999999999999996,0.9999999999999996,439.39999999999964,439.39999999999964,439.39999999999964,0.0,5.98060086594886e-16,0.0,0.0,0.0,1.0,1.9037424934423795e-16
12536.0,208.93333333333334,替浆（第三阶段低速）,0.9999999999999996,0.9999999999999996,439.39999999999964,439.39999999999964,439.39999999999964,0.0,5.965048842515053e-16,0.0,0.0,0.0,1.0,1.8892612766895384e-16
12540.0,209.0,替浆（第三阶段低速）,0.9999999999999996,0.9999999999999996,439.39999999999964,439.39999999999964,439.39999999999964,0.0,5.922237116735522e-16,0.0,0.0,0.0,1.0,1.8803691022935634e-16
12544.0,209.06666666666666,替浆（第三阶段低速）,0.9999999999999996,0.9999999999999996,439.39999999999964,439.39999999999964,439.39999999999964,0.0,5.908042150283117e-16,0.0,0.0,0.0,1.0,1.87177378575413e-16
12548.0,209.13333333333333,替浆（第三阶段低速）,0.9999999999999996,0.9999999999999996,439.39999999999964,439.39999999999964,439.39999999999964,0.0,5.932524469206603e-16,0.0,0.0,0.0,1.0,1.8665112143681043e-16
12552.0,209.2,替浆（第三阶段低速）,0.9999999999999996,0.9999999999999996,439.39999999999964,439.39999999999964,439.39999999999964,0.0,5.92465369569532e-16,0.0,0.0,0.0,1.0,1.873136021838916e-16
12556.0,209.26666666666668,替浆（第三阶段低速）,0.9999999999999996,0.9999999999999996,439.39999999999964,439.39999999999964,439.39999999999964,0.0,5.951253006145542e-16,0.0,0.0,0.0,1.0,1.8804489432031634e-16
12560.0,209.33333333333334,替浆（第三阶段低速）,0.9999999999999996,0.9999999999999996,439.39999999999964,439.39999999999964,439.39999999999964,0.0,5.943172136184296e-16,0.0,0.0,0.0,1.0,1.895659713806666e-16
12564.0,209.4,替浆（第三阶段低速）,0.9999999999999996,0.9999999999999996,439.39999999999964,439.39999999999964,439.39999999999964,0.0,5.919239326435469e-16,0.0,0.0,0.0,1.0,1.904553828286915e-16
12568.0,209.46666666666667,替浆（第三阶段低速）,0.9999999999999996,0.9999999999999996,439.39999999999964,439.39999999999964,439.39999999999964,0.0,5.885450453901312e-16,0.0,0.0,0.0,1.0,1.9047391192385551e-16
12572.0,209.53333333333333,替浆（第三阶段低速）,0.9999999999999996,0.9999999999999996,439.39999999999964,439.39999999999964,439.39999999999964,0.0,5.845690873632957e-16,0.0,0.0,0.0,1.0,1.9051033839530341e-16
12576.0,209.6,替浆（第三阶段低速）,0.9999999999999996,0.9999999999999996,439.39999999999964,439.39999999999964,439.39999999999964,0.0,5.825651971534712e-16,0.0,0.0,0.0,1.0,1.9002206418863948e-16
12580.0,209.66666666666666,替浆（第三阶段低速）,0.9999999999999996,0.9999999999999996,439.39999999999964,439.39999999999964,439.39999999999964,0.0,5.790258300348061e-16,0.0,0.0,0.0,1.0,1.8958629622595603e-16
12584.0,209.73333333333332,替浆（第三阶段低速）,0.9999999999999996,0.9999999999999996,439.39999999999964,439.39999999999964,439.39999999999964,0.0,5.736098534027291e-16,0.0,0.0,0.0,1.0,1.8763483548219916e-16
12588.0,209.8,替浆（第三阶段低速）,0.9999999999999996,0.9999999999999996,439.39999999999964,439.39999999999964,439.39999999999964,0.0,5.726985957963702e-16,0.0,0.0,0.0,1.0,1.852465672619358e-16
12592.0,209.86666666666667,替浆（第三阶段低速）,0.9999999999999996,0.9999999999999996,439.39999999999964,439.39999999999964,439.39999999999964,0.0,5.710381649807238e-16,0.0,0.0,0.0,1.0,1.8387405085176325e-16
12596.0,209.93333333333334,替浆（第三阶段低速）,0.9999999999999996,0.9999999999999996,439.39999999999964,439.39999999999964,439.39999999999964,0.0,5.695799416302967e-16,0.0,0.0,0.0,1.0,1.8229447747332677e-16
12600.0,210.0,替浆（第三阶段低速）,0.9999999999999996,0.9999999999999996,439.39999999999964,439.39999999999964,439.39999999999964,0.0,5.683914111370384e-16,0.0,0.0,0.0,1.0,1.8131538135938353e-16
12604.0,210.06666666666666,替浆（第三阶段低速）,0.9999999999999996,0.9999999999999996,439.39999999999964,439.39999999999964,439.39999999999964,0.0,5.667420515557396e-16,0.0,0.0,0.0,1.0,1.817284742200962e-16
12608.0,210.13333333333333,替浆（第三阶段低速）,0.9999999999999996,0.9999999999999996,439.39999999999964,439.39999999999964,439.39999999999964,0.0,5.68238845320705e-16,0.0,0.0,0.0,1.0,1.8221661572267367e-16
12612.0,210.2,替浆（第三阶段低速）,0.9999999999999996,0.9999999999999996,439.39999999999964,439.39999999999964,439.39999999999964,0.0,5.665336260641329e-16,0.0,0.0,0.0,1.0,1.8290365314315433e-16
12616.0,210.26666666666668,替浆（第三阶段低速）,0.9999999999999996,0.9999999999999996,439.39999999999964,439.39999999999964,439.39999999999964,0.0,5.64482857784865e-16,0.0,0.0,0.0,1.0,1.8331308340512333e-16
12620.0,210.33333333333334,替浆（第三阶段低速）,0.9999999999999996,0.9999999999999996,439.39999999999964,439.39999999999964,439.39999999999964,0.0,5.6313677023614e-16,0.0,0.0,0.0,1.0,1.832674245733789e-16
12624.0,210.4,替浆（第三阶段低速）,0.9999999999999996,0.9999999999999996,439.39999999999964,439.39999999999964,439.39999999999964,0.0,5.619795022563691e-16,0.0,0.0,0.0,1.0,1.8295847807271856e-16
12628.0,210.46666666666667,替浆（第三阶段低速）,0.9999999999999996,0.9999999999999996,439.39999999999964,439.39999999999964,439.39999999999964,0.0,5.608434190240035e-16,0.0,0.0,0.0,1.0,1.8271195474425576e-16
12632.0,210.53333333333333,替浆（第三阶段低速）,0.9999999999999996,0.9999999999999996,439.39999999999964,439.39999999999964,439.39999999999964,0.0,5.576467813342343e-16,0.0,0.0,0.0,1.0,1.8242584337654952e-16
12636.0,210.6,替浆（第三阶段低速）,0.9999999999999996,0.9999999999999996,439.39999999999964,439.39999999999964,439.39999999999964,0.0,5.550242990489938e-16,0.0,0.0,0.0,1.0,1.8071755004132744e-16
12640.0,210.66666666666666,替浆（第三阶段低速）,0.9999999999999996,0.9999999999999996,439.39999999999964,439.39999999999964,439.39999999999964,0.0,5.524784169853283e-16,0.0,0.0,0.0,1.0,1.7900871953259866e-16
12644.0,210.73333333333332,替浆（第三阶段低速）,0.9999999999999996,0.9999999999999996,439.39999999999964,439.39999999999964,439.39999999999964,0.0,5.505427541003139e-16,0.0,0.0,0.0,1.0,1.781322085210139e-16
12648.0,210.8,替浆（第三阶段低速）,0.9999999999999996,0.9999999999999996,439.39999999999964,439.39999999999964,439.39999999999964,0.0,5.471998707915053e-16,0.0,0.0,0.0,1.0,1.7700628827608855e-16
12652.0,210.86666666666667,替浆（第三阶段低速）,0.9999999999999996,0.9999999999999996,439.39999999999964,439.39999999999964,439.39999999999964,0.0,5.455368958826352e-16,0.0,0.0,0.0,1.0,1.7590226807023515e-16
12656.0,210.93333333333334,替浆（第三阶段低速）,0.9999999999999996,0.9999999999999996,439.39999999999964,439.39999999999964,439.39999999999964,0.0,5.452374600584575e-16,0.0,0.0,0.0,1.0,1.7487891049269942e-16
12660.0,211.0,替浆（第三阶段低速）,0.9999999999999996,0.9999999999999996,439.39999999999964,439.39999999999964,439.39999999999964,0.0,5.43854195063238e-16,0.0,0.0,0.0,1.0,1.749547841751138e-16
12664.0,211.06666666666666,替浆（第三阶段低速）,0.9999999999999996,0.9999999999999996,439.39999999999964,439.39999999999964,439.39999999999964,0.0,5.419177141369308e-16,0.0,0.0,0.0,1.0,1.7474629264659277e-16
12668.0,211.13333333333333,替浆（第三阶段低速）,0.9999999999999996,0.9999999999999996,439.39999999999964,439.39999999999964,439.39999999999964,0.0,5.420673926289626e-16,0.0,0.0,0.0,1.0,1.7472454723560602e-16
12672.0,211.2,替浆（第三阶段低速）,0.9999999999999996,0.9999999999999996,439.39999999999964,439.39999999999964,439.39999999999964,0.0,5.4039525402853035e-16,0.0,0.0,0.0,1.0,1.7503606054261773e-16
12676.0,211.26666666666668,替浆（第三阶段低速）,0.9999999999999996,0.9999999999999996,439.39999999999964,439.39999999999964,439.39999999999964,0.0,5.382074553470082e-16,0.0,0.0,0.0,1.0,1.7541057582143304e-16
12680.0,211.33333333333334,替浆（第三阶段低速）,0.9999999999999996,0.9999999999999996,439.39999999999964,439.39999999999964,439.39999999999964,0.0,5.361427541209624e-16,0.0,0.0,0.0,1.0,1.7554453984186535e-16
12684.0,211.4,替浆（第三阶段低速）,0.9999999999999996,0.9999999999999996,439.39999999999964,439.39999999999964,439.39999999999964,0.0,5.356420619372463e-16,0.0,0.0,0.0,1.0,1.7502724530132907e-16
12688.0,211.46666666666667,替浆（第三阶段低速）,0.9999999999999996,0.9999999999999996,439.39999999999964,439.39999999999964,439.39999999999964,0.0,5.315302699857083e-16,0.0,0.0,0.0,1.0,1.7504999186290783e-16
12692.0,211.53333333333333,替浆（第三阶段低速）,0.9999999999999996,0.9999999999999996,439.39999999999964,439.39999999999964,439.39999999999964,0.0,5.318949850337354e-16,0.0,0.0,0.0,1.0,1.735936047686515e-16
12696.0,211.6,替浆（第三阶段低速）,0.9999999999999996,0.9999999999999996,439.39999999999964,439.39999999999964,439.39999999999964,0.0,5.276792691066311e-16,0.0,0.0,0.0,1.0,1.7237634930555857e-16
12700.0,211.66666666666666,替浆（第三阶段低速）,0.9999999999999996,0.9999999999999996,439.39999999999964,439.39999999999964,439.39999999999964,0.0,5.247367166726216e-16,0.0,0.0,0.0,1.0,1.7023916998315514e-16
12704.0,211.73333333333332,替浆（第三阶段低速）,0.9999999999999996,0.9999999999999996,439.39999999999964,439.39999999999964,439.39999999999964,0.0,5.241587627059087e-16,0.0,0.0,0.0,1.0,1.690897422079729e-16
12708.0,211.8,替浆（第三阶段低速）,0.9999999999999996,0.9999999999999996,439.39999999999964,439.39999999999964,439.39999999999964,0.0,5.226376137037466e-16,0.0,0.0,0.0,1.0,1.6753196052654572e-16
12712.0,211.86666666666667,替浆（第三阶段低速）,0.9999999999999996,0.9999999999999996,439.39999999999964,439.39999999999964,439.39999999999964,0.0,5.245188733731513e-16,0.0,0.0,0.0,1.0,1.6700391070045838e-16
12716.0,211.93333333333334,替浆（第三阶段低速）,0.9999999999999996,0.9999999999999996,439.39999999999964,439.39999999999964,439.39999999999964,0.0,5.235994792855769e-16,0.0,0.0,0.0,1.0,1.6714130079975574e-16
12720.0,212.0,替浆（第三阶段低速）,0.9999999999999996,0.9999999999999996,439.39999999999964,439.39999999999964,439.39999999999964,0.0,5.246540227252711e-16,0.0,0.0,0.0,1.0,1.6768531008182208e-16
12724.0,212.06666666666666,替浆（第三阶段低速）,0.9999999999999996,0.9999999999999996,439.39999999999964,439.39999999999964,439.39999999999964,0.0,5.271804005622173e-16,0.0,0.0,0.0,1.0,1.6816131820363012e-16
12728.0,212.13333333333333,替浆（第三阶段低速）,0.9999999999999996,0.9999999999999996,439.39999999999964,439.39999999999964,439.39999999999964,0.0,5.250697082536884e-16,0.0,0.0,0.0,1.0,1.6880941089425505e-16
12732.0,212.2,替浆（第三阶段低速）,0.9999999999999996,0.9999999999999996,439.39999999999964,439.39999999999964,439.39999999999964,0.0,5.272582093248858e-16,0.0,0.0,0.0,1.0,1.6827927939999654e-16
12736.0,212.26666666666668,替浆（第三阶段低速）,0.9999999999999996,0.9999999999999996,439.39999999999964,439.39999999999964,439.39999999999964,0.0,5.2530621631764e-16,0.0,0.0,0.0,1.0,1.6943668690316825e-16
12740.0,212.33333333333334,替浆（第三阶段低速）,0.9999999999999996,0.9999999999999996,439.39999999999964,439.39999999999964,439.39999999999964,0.0,5.233788584001455e-16,0.0,0.0,0.0,1.0,1.6998347174279615e-16
12744.0,212.4,替浆（第三阶段低速）,0.9999999999999996,0.9999999999999996,439.39999999999964,439.39999999999964,439.39999999999964,0.0,5.237296481419901e-16,0.0,0.0,0.0,1.0,1.7096324356202786e-16
12748.0,212.46666666666667,替浆（第三阶段低速）,0.9999999999999996,0.9999999999999996,439.39999999999964,439.39999999999964,439.39999999999964,0.0,5.238687521351286e-16,0.0,0.0,0.0,1.0,1.7182921752123549e-16
12752.0,212.53333333333333,替浆（第三阶段低速）,0.9999999999999996,0.9999999999999996,439.39999999999964,439.39999999999964,439.39999999999964,0.0,5.223845206328318e-16,0.0,0.0,0.0,1.0,1.7229273563401647e-16
12756.0,212.6,替浆（第三阶段低速）,0.9999999999999996,0.9999999999999996,439.39999999999964,439.39999999999964,439.39999999999964,0.0,5.19230609460502e-16,0.0,0.0,0.0,1.0,1.7318368961127818e-16
12760.0,212.66666666666666,替浆（第三阶段低速）,0.9999999999999996,0.9999999999999996,439.39999999999964,439.39999999999964,439.39999999999964,0.0,5.170108074525862e-16,0.0,0.0,0.0,1.0,1.7341128533132632e-16
12764.0,212.73333333333332,替浆（第三阶段低速）,0.9999999999999996,0.9999999999999996,439.39999999999964,439.39999999999964,439.39999999999964,0.0,5.173233965924727e-16,0.0,0.0,0.0,1.0,1.7433554599932678e-16
12768.0,212.8,替浆（第三阶段低速）,0.9999999999999996,0.9999999999999996,439.39999999999964,439.39999999999964,439.39999999999964,0.0,5.135520703056167e-16,0.0,0.0,0.0,1.0,1.7595924717284106e-16
12772.0,212.86666666666667,替浆（第三阶段低速）,0.9999999999999996,0.9999999999999996,439.39999999999964,439.39999999999964,439.39999999999964,0.0,5.112757266901684e-16,0.0,0.0,0.0,1.0,1.7562062915033038e-16
