time_s,time_min,stage,bulk_cement_fill,effective_efficiency,front_wide_m,front_narrow_m,front_mid_m,channeling_index,mixing_index,instability_proxy,instability_index,mean_wall_mud,mean_cement,mean_mud
0.0,0.0,注平衡液,0.0,0.0,0.0,0.0,0.0,0.0,0.0,0.0,0.0,0.0,0.0,1.0
8.0,0.13333333333333333,注平衡液,0.0,0.0,0.0,0.0,0.0,0.0,0.0,0.0,0.0,0.0,0.0,1.0
16.0,0.26666666666666666,注平衡液,0.0,0.0,0.0,0.0,0.0,0.0,0.0,0.0,0.0,0.0,0.0,1.0
24.0,0.4,注平衡液,0.0,0.0,0.0,0.0,0.0,0.0,0.0,0.0,0.0,0.0,0.0,1.0
32.0,0.5333333333333333,注平衡液,0.0,0.0,0.0,0.0,0.0,0.0,0.0,0.0,0.0,0.0,0.0,1.0
40.0,0.6666666666666666,注平衡液,0.0,0.0,0.0,0.0,0.0,0.0,0.0,0.0,0.0,0.0,0.0,1.0
48.0,0.8,注平衡液,0.0,0.0,0.0,0.0,0.0,0.0,0.0,0.0,0.0,0.0,0.0,1.0
56.0,0.9333333333333333,注平衡液,0.0,0.0,0.0,0.0,0.0,0.0,0.0,0.0,0.0,0.0,0.0,1.0
64.0,1.0666666666666667,注平衡液,0.0,0.0,0.0,0.0,0.0,0.0,0.0,0.0,0.0,0.0,0.0,1.0
72.0,1.2,注平衡液,0.0,0.0,0.0,0.0,0.0,0.0,0.0,0.0,0.0,0.0,0.0,1.0
80.0,1.3333333333333333,注平衡液,0.0,0.0,0.0,0.0,0.0,0.0,0.0,0.0,0.0,0.0,0.0,1.0
88.0,1.4666666666666666,注平衡液,0.0,0.0,0.0,0.0,0.0,0.0,0.0,0.0,0.0,0.0,0.0,1.0
96.0,1.6,注平衡液,0.0,0.0,0.0,0.0,0.0,0.0,0.0,0.0,0.0,0.0,0.0,1.0
104.0,1.7333333333333334,注平衡液,0.0,0.0,0.0,0.0,0.0,0.0,0.0,0.0,0.0,0.0,0.0,1.0
112.0,1.8666666666666667,注平衡液,0.0,0.0,0.0,0.0,0.0,0.0,0.0,0.0,0.0,0.0,0.0,1.0
120.0,2.0,注平衡液,0.0,0.0,0.0,0.0,0.0,0.0,0.0,0.0,0.0,0.0,0.0,1.0
128.0,2.1333333333333333,注平衡液,0.0,0.0,0.0,0.0,0.0,0.0,0.0,0.0,0.0,0.0,0.0,1.0
136.0,2.2666666666666666,注平衡液,0.0,0.0,0.0,0.0,0.0,0.0,0.0,0.0,0.0,0.0,0.0,1.0
144.0,2.4,注平衡液,0.0,0.0,0.0,0.0,0.0,0.0,0.0,0.0,0.0,0.0,0.0,1.0
152.0,2.533333333333333,注平衡液,0.0,0.0,0.0,0.0,0.0,0.0,0.0,0.0,0.0,0.0,0.0,1.0
160.0,2.6666666666666665,注平衡液,0.0,0.0,0.0,0.0,0.0,0.0,0.0,0.0,0.0,0.0,0.0,1.0
168.0,2.8,注平衡液,0.0,0.0,0.0,0.0,0.0,0.0,0.0,0.0,0.0,0.0,0.0,1.0
176.0,2.933333333333333,注平衡液,0.0,0.0,0.0,0.0,0.0,0.0,0.0,0.0,0.0,0.0,0.0,1.0
184.0,3.066666666666667,注平衡液,0.0,0.0,0.0,0.0,0.0,0.0,0.0,0.0,0.0,0.0,0.0,1.0
192.0,3.2,注平衡液,0.0,0.0,0.0,0.0,0.0,0.0,0.0,0.0,0.0,0.0,0.0,1.0
200.0,3.3333333333333335,注平衡液,0.0,0.0,0.0,0.0,0.0,0.0,0.0,0.0,0.0,0.0,0.0,1.0
208.0,3.466666666666667,注平衡液,0.0,0.0,0.0,0.0,0.0,0.0,0.0,0.0,0.0,0.0,0.0,1.0
216.0,3.6,注平衡液,0.0,0.0,0.0,0.0,0.0,0.0,0.0,0.0,0.0,0.0,0.0,1.0
224.0,3.7333333333333334,注平衡液,0.0,0.0,0.0,0.0,0.0,0.0,0.0,0.0,0.0,0.0,0.0,1.0
232.0,3.8666666666666667,注平衡液,0.0,0.0,0.0,0.0,0.0,0.0,0.0,0.0,0.0,0.0,0.0,1.0
240.0,4.0,注平衡液,0.0,0.0,0.0,0.0,0.0,0.0,0.0,0.0,0.0,0.0,0.0,1.0
248.0,4.133333333333334,注平衡液,0.0,0.0,0.0,0.0,0.0,0.0,0.0,0.0,0.0,0.0,0.0,1.0
256.0,4.266666666666667,注平衡液,0.0,0.0,0.0,0.0,0.0,0.0,0.0,0.0,0.0,0.0,0.0,1.0
264.0,4.4,注平衡液,0.0,0.0,0.0,0.0,0.0,0.0,0.0,0.0,0.0,0.0,0.0,1.0
272.0,4.533333333333333,注平衡液,0.0,0.0,0.0,0.0,0.0,0.0,0.0,0.0,0.0,0.0,0.0,1.0
280.0,4.666666666666667,注平衡液,0.0,0.0,0.0,0.0,0.0,0.0,0.0,0.0,0.0,0.0,0.0,1.0
288.0,4.8,注平衡液,0.0,0.0,0.0,0.0,0.0,0.0,0.0,0.0,0.0,0.0,0.0,1.0
296.0,4.933333333333334,注平衡液,0.0,0.0,0.0,0.0,0.0,0.0,0.0,0.0,0.0,0.0,0.0,1.0
304.0,5.066666666666666,注平衡液,0.0,0.0,0.0,0.0,0.0,0.0,0.0,0.0,0.0,0.0,0.0,1.0
312.0,5.2,注平衡液,0.0,0.0,0.0,0.0,0.0,0.0,0.0,0.0,0.0,0.0,0.0,1.0
320.0,5.333333333333333,注平衡液,0.0,0.0,0.0,0.0,0.0,0.0,0.0,0.0,0.0,0.0,0.0,1.0
328.0,5.466666666666667,注平衡液,0.0,0.0,0.0,0.0,0.0,0.0,0.0,0.0,0.0,0.0,0.0,1.0
336.0,5.6,注平衡液,0.0,0.0,0.0,0.0,0.0,0.0,0.0,0.0,0.0,0.0,0.0,1.0
344.0,5.733333333333333,注平衡液,0.0,0.0,0.0,0.0,0.0,0.0,0.0,0.0,0.0,0.0,0.0,1.0
352.0,5.866666666666666,注平衡液,0.0,0.0,0.0,0.0,0.0,0.0,0.0,0.0,0.0,0.0,0.0,1.0
360.0,6.0,注平衡液,0.0,0.0,0.0,0.0,0.0,0.0,0.0,0.0,0.0,0.0,0.0,1.0
368.0,6.133333333333334,注平衡液,0.0,0.0,0.0,0.0,0.0,0.0,0.0,0.0,0.0,0.0,0.0,1.0
376.0,6.266666666666667,注平衡液,0.0,0.0,0.0,0.0,0.0,0.0,0.0,0.0,0.0,0.0,0.0,1.0
384.0,6.4,注平衡液,0.0,0.0,0.0,0.0,0.0,0.0,0.0,0.0,0.0,0.0,0.0,1.0
392.0,6.533333333333333,注平衡液,0.0,0.0,0.0,0.0,0.0,0.0,0.0,0.0,0.0,0.0,0.0,1.0
400.0,6.666666666666667,注平衡液,0.0,0.0,0.0,0.0,0.0,0.0,0.0,0.0,0.0,0.0,0.0,1.0
408.0,6.8,注平衡液,0.0,0.0,0.0,0.0,0.0,0.0,0.0,0.0,0.0,0.0,0.0,1.0
416.0,6.933333333333334,注平衡液,0.0,0.0,0.0,0.0,0.0,0.0,0.0,0.0,0.0,0.0,0.0,1.0
424.0,7.066666666666666,注平衡液,0.0,0.0,0.0,0.0,0.0,0.0,0.0,0.0,0.0,0.0,0.0,1.0
432.0,7.2,注平衡液,0.0,0.0,0.0,0.0,0.0,0.0,0.0,0.0,0.0,0.0,0.0,1.0
440.0,7.333333333333333,注平衡液,0.0,0.0,0.0,0.0,0.0,0.0,0.0,0.0,0.0,0.0,0.0,1.0
448.0,7.466666666666667,注平衡液,0.0,0.0,0.0,0.0,0.0,0.0,0.0,0.0,0.0,0.0,0.0,1.0
456.0,7.6,注平衡液,0.0,0.0,0.0,0.0,0.0,0.0,0.0,0.0,0.0,0.0,0.0,1.0
464.0,7.733333333333333,注平衡液,0.0,0.0,0.0,0.0,0.0,0.0,0.0,0.0,0.0,0.0,0.0,1.0
472.0,7.866666666666666,注平衡液,0.0,0.0,0.0,0.0,0.0,0.0,0.0,0.0,0.0,0.0,0.0,1.0
480.0,8.0,注平衡液,0.0,0.0,0.0,0.0,0.0,0.0,0.0,0.0,0.0,0.0,0.0,1.0
488.0,8.133333333333333,注平衡液,0.0,0.0,0.0,0.0,0.0,0.0,0.0,0.0,0.0,0.0,0.0,1.0
496.0,8.266666666666667,注平衡液,0.0,0.0,0.0,0.0,0.0,0.0,0.0,0.0,0.0,0.0,0.0,1.0
504.0,8.4,注平衡液,0.0,0.0,0.0,0.0,0.0,0.0,0.0,0.0,0.0,0.0,0.0,1.0
512.0,8.533333333333333,注平衡液,0.0,0.0,0.0,0.0,0.0,0.0,0.0,0.0,0.0,0.0,0.0,1.0
520.0,8.666666666666666,注平衡液,0.0,0.0,0.0,0.0,0.0,0.0,0.0,0.0,0.0,0.0,0.0,1.0
528.0,8.8,注平衡液,0.0,0.0,0.0,0.0,0.0,0.0,0.0,0.0,0.0,0.0,0.0,1.0
536.0,8.933333333333334,注平衡液,0.0,0.0,0.0,0.0,0.0,0.0,0.0,0.0,0.0,0.0,0.0,1.0
544.0,9.066666666666666,注平衡液,0.0,0.0,0.0,0.0,0.0,0.0,0.0,0.0,0.0,0.0,0.0,1.0
552.0,9.2,注平衡液,0.0,0.0,0.0,0.0,0.0,0.0,0.0,0.0,0.0,0.0,0.0,1.0
560.0,9.333333333333334,注平衡液,0.0,0.0,0.0,0.0,0.0,0.0,0.0,0.0,0.0,0.0,0.0,1.0
568.0,9.466666666666667,注平衡液,0.0,0.0,0.0,0.0,0.0,0.0,0.0,0.0,0.0,0.0,0.0,1.0
576.0,9.6,注平衡液,0.0,0.0,0.0,0.0,0.0,0.0,0.0,0.0,0.0,0.0,0.0,1.0
584.0,9.733333333333333,注平衡液,0.0,0.0,0.0,0.0,0.0,0.0,0.0,0.0,0.0,0.0,0.0,1.0
592.0,9.866666666666667,注平衡液,0.0,0.0,0.0,0.0,0.0,0.0,0.0,0.0,0.0,0.0,0.0,1.0
600.0,10.0,注平衡液,0.0,0.0,0.0,0.0,0.0,0.0,0.0,0.0,0.0,0.0,0.0,1.0
608.0,10.133333333333333,注平衡液,0.0,0.0,0.0,0.0,0.0,0.0,0.0,0.0,0.0,0.0,0.0,1.0
616.0,10.266666666666667,注平衡液,0.0,0.0,0.0,0.0,0.0,0.0,0.0,0.0,0.0,0.0,0.0,1.0
624.0,10.4,注平衡液,0.0,0.0,0.0,0.0,0.0,0.0,0.0,0.0,0.0,0.0,0.0,1.0
632.0,10.533333333333333,注平衡液,0.0,0.0,0.0,0.0,0.0,0.0,0.0,0.0,0.0,0.0,0.0,1.0
640.0,10.666666666666666,注平衡液,0.0,0.0,0.0,0.0,0.0,0.0,0.0,0.0,0.0,0.0,0.0,1.0
648.0,10.8,注平衡液,0.0,0.0,0.0,0.0,0.0,0.0,0.0,0.0,0.0,0.0,0.0,1.0
656.0,10.933333333333334,注平衡液,0.0,0.0,0.0,0.0,0.0,0.0,0.0,0.0,0.0,0.0,0.0,1.0
664.0,11.066666666666666,注平衡液,0.0,0.0,0.0,0.0,0.0,0.0,0.0,0.0,0.0,0.0,0.0,1.0
672.0,11.2,注平衡液,0.0,0.0,0.0,0.0,0.0,0.0,0.0,0.0,0.0,0.0,0.0,1.0
680.0,11.333333333333334,注平衡液,0.0,0.0,0.0,0.0,0.0,0.0,0.0,0.0,0.0,0.0,0.0,1.0
688.0,11.466666666666667,注平衡液,0.0,0.0,0.0,0.0,0.0,0.0,0.0,0.0,0.0,0.0,0.0,1.0
696.0,11.6,注平衡液,0.0,0.0,0.0,0.0,0.0,0.0,0.0,0.0,0.0,0.0,0.0,1.0
704.0,11.733333333333333,注平衡液,0.0,0.0,0.0,0.0,0.0,0.0,0.0,0.0,0.0,0.0,0.0,1.0
712.0,11.866666666666667,注平衡液,0.0,0.0,0.0,0.0,0.0,0.0,0.0,0.0,0.0,0.0,0.0,1.0
720.0,12.0,注平衡液,0.0,0.0,0.0,0.0,0.0,0.0,0.0,0.0,0.0,0.0,0.0,1.0
728.0,12.133333333333333,注平衡液,0.0,0.0,0.0,0.0,0.0,0.0,0.0,0.0,0.0,0.0,0.0,1.0
736.0,12.266666666666667,注平衡液,0.0,0.0,0.0,0.0,0.0,0.0,0.0,0.0,0.0,0.0,0.0,1.0
744.0,12.4,注平衡液,0.0,0.0,0.0,0.0,0.0,0.0,0.0,0.0,0.0,0.0,0.0,1.0
752.0,12.533333333333333,注平衡液,0.0,0.0,0.0,0.0,0.0,0.0,0.0,0.0,0.0,0.0,0.0,1.0
760.0,12.666666666666666,注平衡液,0.0,0.0,0.0,0.0,0.0,0.0,0.0,0.0,0.0,0.0,0.0,1.0
768.0,12.8,注平衡液,0.0,0.0,0.0,0.0,0.0,0.0,0.0,0.0,0.0,0.0,0.0,1.0
776.0,12.933333333333334,注平衡液,0.0,0.0,0.0,0.0,0.0,0.0,0.0,0.0,0.0,0.0,0.0,1.0
784.0,13.066666666666666,注平衡液,0.0,0.0,0.0,0.0,0.0,0.0,0.0,0.0,0.0,0.0,0.0,1.0
792.0,13.2,注平衡液,0.0,0.0,0.0,0.0,0.0,0.0,0.0,0.0,0.0,0.0,0.0,1.0
800.0,13.333333333333334,注平衡液,0.0,0.0,0.0,0.0,0.0,0.0,0.0,0.0,0.0,0.0,0.0,1.0
808.0,13.466666666666667,注平衡液,0.0,0.0,0.0,0.0,0.0,0.0,0.0,0.0,0.0,0.0,0.0,1.0
816.0,13.6,注平衡液,0.0,0.0,0.0,0.0,0.0,0.0,0.0,0.0,0.0,0.0,0.0,1.0
824.0,13.733333333333333,注平衡液,0.0,0.0,0.0,0.0,0.0,0.0,0.0,0.0,0.0,0.0,0.0,1.0
832.0,13.866666666666667,注平衡液,0.0,0.0,0.0,0.0,0.0,0.0,0.0,0.0,0.0,0.0,0.0,1.0
840.0,14.0,注平衡液,0.0,0.0,0.0,0.0,0.0,0.0,0.0,0.0,0.0,0.0,0.0,1.0
848.0,14.133333333333333,注平衡液,0.0,0.0,0.0,0.0,0.0,0.0,0.0,0.0,0.0,0.0,0.0,1.0
856.0,14.266666666666667,注平衡液,0.0,0.0,0.0,0.0,0.0,0.0,0.0,0.0,0.0,0.0,0.0,1.0
864.0,14.4,注平衡液,0.0,0.0,0.0,0.0,0.0,0.0,0.0,0.0,0.0,0.0,0.0,1.0
872.0,14.533333333333333,注平衡液,0.0,0.0,0.0,0.0,0.0,0.0,0.0,0.0,0.0,0.0,0.0,1.0
880.0,14.666666666666666,注平衡液,0.0,0.0,0.0,0.0,0.0,0.0,0.0,0.0,0.0,0.0,0.0,1.0
888.0,14.8,注平衡液,0.0,0.0,0.0,0.0,0.0,0.0,0.0,0.0,0.0,0.0,0.0,1.0
896.0,14.933333333333334,注平衡液,0.0,0.0,0.0,0.0,0.0,0.0,0.0,0.0,0.0,0.0,0.0,1.0
904.0,15.066666666666666,注平衡液,0.0,0.0,0.0,0.0,0.0,0.0,0.0,0.0,0.0,0.0,0.0,1.0
912.0,15.2,注平衡液,0.0,0.0,0.0,0.0,0.0,0.0,0.0,0.0,0.0,0.0,0.0,1.0
920.0,15.333333333333334,注平衡液,0.0,0.0,0.0,0.0,0.0,0.0,0.0,0.0,0.0,0.0,0.0,1.0
928.0,15.466666666666667,注平衡液,0.0,0.0,0.0,0.0,0.0,0.0,0.0,0.0,0.0,0.0,0.0,1.0
936.0,15.6,注平衡液,0.0,0.0,0.0,0.0,0.0,0.0,0.0,0.0,0.0,0.0,0.0,1.0
944.0,15.733333333333333,注平衡液,0.0,0.0,0.0,0.0,0.0,0.0,0.0,0.0,0.0,0.0,0.0,1.0
952.0,15.866666666666667,注平衡液,0.0,0.0,0.0,0.0,0.0,0.0,0.0,0.0,0.0,0.0,0.0,1.0
960.0,16.0,注平衡液,0.0,0.0,0.0,0.0,0.0,0.0,0.0,0.0,0.0,0.0,0.0,1.0
968.0,16.133333333333333,注平衡液,0.0,0.0,0.0,0.0,0.0,0.0,0.0,0.0,0.0,0.0,0.0,1.0
976.0,16.266666666666666,注平衡液,0.0,0.0,0.0,0.0,0.0,0.0,0.0,0.0,0.0,0.0,0.0,1.0
984.0,16.4,注平衡液,0.0,0.0,0.0,0.0,0.0,0.0,0.0,0.0,0.0,0.0,0.0,1.0
992.0,16.533333333333335,注平衡液,0.0,0.0,0.0,0.0,0.0,0.0,0.0,0.0,0.0,0.0,0.0,1.0
1000.0,16.666666666666668,注平衡液,0.0,0.0,0.0,0.0,0.0,0.0,0.0,0.0,0.0,0.0,0.0,1.0
1008.0,16.8,注平衡液,0.0,0.0,0.0,0.0,0.0,0.0,0.0,0.0,0.0,0.0,0.0,1.0
1016.0,16.933333333333334,注平衡液,0.0,0.0,0.0,0.0,0.0,0.0,0.0,0.0,0.0,0.0,0.0,1.0
1024.0,17.066666666666666,注平衡液,0.0,0.0,0.0,0.0,0.0,0.0,0.0,0.0,0.0,0.0,0.0,1.0
1032.0,17.2,注平衡液,0.0,0.0,0.0,0.0,0.0,0.0,0.0,0.0,0.0,0.0,0.0,1.0
1040.0,17.333333333333332,注平衡液,0.0,0.0,0.0,0.0,0.0,0.0,0.0,0.0,0.0,0.0,0.0,1.0
1048.0,17.466666666666665,注平衡液,0.0,0.0,0.0,0.0,0.0,0.0,0.0,0.0,0.0,0.0,0.0,1.0
1056.0,17.6,注平衡液,0.0,0.0,0.0,0.0,0.0,0.0,0.0,0.0,0.0,0.0,0.0,1.0
1064.0,17.733333333333334,注平衡液,0.0,0.0,0.0,0.0,0.0,0.0,0.0,0.0,0.0,0.0,0.0,1.0
1072.0,17.866666666666667,注平衡液,0.0,0.0,0.0,0.0,0.0,0.0,0.0,0.0,0.0,0.0,0.0,1.0
1080.0,18.0,注平衡液,0.0,0.0,0.0,0.0,0.0,0.0,0.0,0.0,0.0,0.0,0.0,1.0
1088.0,18.133333333333333,注平衡液,0.0,0.0,0.0,0.0,0.0,0.0,0.0,0.0,0.0,0.0,0.0,1.0
1096.0,18.266666666666666,注平衡液,0.0,0.0,0.0,0.0,0.0,0.0,0.0,0.0,0.0,0.0,0.0,1.0
1104.0,18.4,注平衡液,0.0,0.0,0.0,0.0,0.0,0.0,0.0,0.0,0.0,0.0,0.0,1.0
1112.0,18.533333333333335,注平衡液,0.0,0.0,0.0,0.0,0.0,0.0,0.0,0.0,0.0,0.0,0.0,1.0
1120.0,18.666666666666668,注平衡液,0.0,0.0,0.0,0.0,0.0,0.0,0.0,0.0,0.0,0.0,0.0,1.0
1128.0,18.8,注平衡液,0.0,0.0,0.0,0.0,0.0,0.0,0.0,0.0,0.0,0.0,0.0,1.0
1136.0,18.933333333333334,注平衡液,0.0,0.0,0.0,0.0,0.0,0.0,0.0,0.0,0.0,0.0,0.0,1.0
1144.0,19.066666666666666,注平衡液,0.0,0.0,0.0,0.0,0.0,0.0,0.0,0.0,0.0,0.0,0.0,1.0
1152.0,19.2,注平衡液,0.0,0.0,0.0,0.0,0.0,0.0,0.0,0.0,0.0,0.0,0.0,1.0
1160.0,19.333333333333332,注平衡液,0.0,0.0,0.0,0.0,0.0,0.0,0.0,0.0,0.0,0.0,0.0,1.0
1168.0,19.466666666666665,注平衡液,0.0,0.0,0.0,0.0,0.0,0.0,0.0,0.0,0.0,0.0,0.0,1.0
1176.0,19.6,注平衡液,0.0,0.0,0.0,0.0,0.0,0.0,0.0,0.0,0.0,0.0,0.0,1.0
1184.0,19.733333333333334,注平衡液,0.0,0.0,0.0,0.0,0.0,0.0,0.0,0.0,0.0,0.0,0.0,1.0
1192.0,19.866666666666667,注平衡液,0.0,0.0,0.0,0.0,0.0,0.0,0.0,0.0,0.0,0.0,0.0,1.0
1200.0,20.0,注平衡液,0.0,0.0,0.0,0.0,0.0,0.0,0.0,0.0,0.0,0.0,0.0,1.0
1208.0,20.133333333333333,注平衡液,0.0,0.0,0.0,0.0,0.0,0.0,0.0,0.0,0.0,0.0,0.0,1.0
1216.0,20.266666666666666,注平衡液,0.0,0.0,0.0,0.0,0.0,0.0,0.0,0.0,0.0,0.0,0.0,1.0
1224.0,20.4,注平衡液,0.0,0.0,0.0,0.0,0.0,0.0,0.0,0.0,0.0,0.0,0.0,1.0
1232.0,20.533333333333335,注平衡液,0.0,0.0,0.0,0.0,0.0,0.0,0.0,0.0,0.0,0.0,0.0,1.0
1240.0,20.666666666666668,注平衡液,0.0,0.0,0.0,0.0,0.0,0.0,0.0,0.0,0.0,0.0,0.0,1.0
1248.0,20.8,注平衡液,0.0,0.0,0.0,0.0,0.0,0.0,0.0,0.0,0.0,0.0,0.0,1.0
1256.0,20.933333333333334,注驱油隔离液,0.0,0.0,0.0,0.0,0.0,0.0,0.0,0.0,0.0,0.0,0.0,1.0
1264.0,21.066666666666666,注驱油隔离液,0.0,0.0,0.0,0.0,0.0,0.0,0.0,0.0,0.0,0.0,0.0,1.0
1272.0,21.2,注驱油隔离液,0.0,0.0,0.0,0.0,0.0,0.0,0.0,0.0,0.0,0.0,0.0,1.0
1280.0,21.333333333333332,注驱油隔离液,0.0,0.0,0.0,0.0,0.0,0.0,0.0,0.0,0.0,0.0,0.0,1.0
1288.0,21.466666666666665,注驱油隔离液,0.0,0.0,0.0,0.0,0.0,0.0,0.0,0.0,0.0,0.0,0.0,1.0
1296.0,21.6,注驱油隔离液,0.0,0.0,0.0,0.0,0.0,0.0,0.0,0.0,0.0,0.0,0.0,1.0
1304.0,21.733333333333334,注驱油隔离液,0.0,0.0,0.0,0.0,0.0,0.0,0.0,0.0,0.0,0.0,0.0,1.0
1312.0,21.866666666666667,注驱油隔离液,0.0,0.0,0.0,0.0,0.0,0.0,0.0,0.0,0.0,0.0,0.0,1.0
1320.0,22.0,注驱油隔离液,0.0,0.0,0.0,0.0,0.0,0.0,0.0,0.0,0.0,0.0,0.0,1.0
1328.0,22.133333333333333,注驱油隔离液,0.0,0.0,0.0,0.0,0.0,0.0,0.0,0.0,0.0,0.0,0.0,1.0
1336.0,22.266666666666666,注驱油隔离液,0.0,0.0,0.0,0.0,0.0,0.0,0.0,0.0,0.0,0.0,0.0,1.0
1344.0,22.4,注驱油隔离液,0.0,0.0,0.0,0.0,0.0,0.0,0.0,0.0,0.0,0.0,0.0,1.0
1352.0,22.533333333333335,注驱油隔离液,0.0,0.0,0.0,0.0,0.0,0.0,0.0,0.0,0.0,0.0,0.0,1.0
1360.0,22.666666666666668,注驱油隔离液,0.0,0.0,0.0,0.0,0.0,0.0,0.0,0.0,0.0,0.0,0.0,1.0
1368.0,22.8,注驱油隔离液,0.0,0.0,0.0,0.0,0.0,0.0,0.0,0.0,0.0,0.0,0.0,1.0
1376.0,22.933333333333334,注驱油隔离液,0.0,0.0,0.0,0.0,0.0,0.0,0.0,0.0,0.0,0.0,0.0,1.0
1384.0,23.066666666666666,注驱油隔离液,0.0,0.0,0.0,0.0,0.0,0.0,0.0,0.0,0.0,0.0,0.0,1.0
1392.0,23.2,注驱油隔离液,0.0,0.0,0.0,0.0,0.0,0.0,0.0,0.0,0.0,0.0,0.0,1.0
1400.0,23.333333333333332,注驱油隔离液,0.0,0.0,0.0,0.0,0.0,0.0,0.0,0.0,0.0,0.0,0.0,1.0
1408.0,23.466666666666665,注驱油隔离液,0.0,0.0,0.0,0.0,0.0,0.0,0.0,0.0,0.0,0.0,0.0,1.0
1416.0,23.6,注驱油隔离液,0.0,0.0,0.0,0.0,0.0,0.0,0.0,0.0,0.0,0.0,0.0,1.0
1424.0,23.733333333333334,注驱油隔离液,0.0,0.0,0.0,0.0,0.0,0.0,0.0,0.0,0.0,0.0,0.0,1.0
1432.0,23.866666666666667,注驱油隔离液,0.0,0.0,0.0,0.0,0.0,0.0,0.0,0.0,0.0,0.0,0.0,1.0
1440.0,24.0,注驱油隔离液,0.0,0.0,0.0,0.0,0.0,0.0,0.0,0.0,0.0,0.0,0.0,1.0
1448.0,24.133333333333333,注驱油隔离液,0.0,0.0,0.0,0.0,0.0,0.0,0.0,0.0,0.0,0.0,0.0,1.0
1456.0,24.266666666666666,注驱油隔离液,0.0,0.0,0.0,0.0,0.0,0.0,0.0,0.0,0.0,0.0,0.0,1.0
1464.0,24.4,注驱油隔离液,0.0,0.0,0.0,0.0,0.0,0.0,0.0,0.0,0.0,0.0,0.0,1.0
1472.0,24.533333333333335,注驱油隔离液,0.0,0.0,0.0,0.0,0.0,0.0,0.0,0.0,0.0,0.0,0.0,1.0
1480.0,24.666666666666668,注驱油隔离液,0.0,0.0,0.0,0.0,0.0,0.0,0.0,0.0,0.0,0.0,0.0,1.0
1488.0,24.8,注驱油隔离液,0.0,0.0,0.0,0.0,0.0,0.0,0.0,0.0,0.0,0.0,0.0,1.0
1496.0,24.933333333333334,注驱油隔离液,0.0,0.0,0.0,0.0,0.0,0.0,0.0,0.0,0.0,0.0,0.0,1.0
1504.0,25.066666666666666,注驱油隔离液,0.0,0.0,0.0,0.0,0.0,0.0,0.0,0.0,0.0,0.0,0.0,1.0
1512.0,25.2,注驱油隔离液,0.0,0.0,0.0,0.0,0.0,0.0,0.0,0.0,0.0,0.0,0.0,1.0
1520.0,25.333333333333332,注驱油隔离液,0.0,0.0,0.0,0.0,0.0,0.0,0.0,0.0,0.0,0.0,0.0,1.0
1528.0,25.466666666666665,注驱油隔离液,0.0,0.0,0.0,0.0,0.0,0.0,0.0,0.0,0.0,0.0,0.0,1.0
1536.0,25.6,注驱油隔离液,0.0,0.0,0.0,0.0,0.0,0.0,0.0,0.0,0.0,0.0,0.0,1.0
1544.0,25.733333333333334,注驱油隔离液,0.0,0.0,0.0,0.0,0.0,0.0,0.0,0.0,0.0,0.0,0.0,1.0
1552.0,25.866666666666667,注驱油隔离液,0.0,0.0,0.0,0.0,0.0,0.0,0.0,0.0,0.0,0.0,0.0,1.0
1560.0,26.0,注驱油隔离液,0.0,0.0,0.0,0.0,0.0,0.0,0.0,0.0,0.0,0.0,0.0,1.0
1568.0,26.133333333333333,注驱油隔离液,0.0,0.0,0.0,0.0,0.0,0.0,0.0,0.0,0.0,0.0,0.0,1.0
1576.0,26.266666666666666,注驱油隔离液,0.0,0.0,0.0,0.0,0.0,0.0,0.0,0.0,0.0,0.0,0.0,1.0
1584.0,26.4,注驱油隔离液,0.0,0.0,0.0,0.0,0.0,0.0,0.0,0.0,0.0,0.0,0.0,1.0
1592.0,26.533333333333335,注驱油隔离液,0.0,0.0,0.0,0.0,0.0,0.0,0.0,0.0,0.0,0.0,0.0,1.0
1600.0,26.666666666666668,注驱油隔离液,0.0,0.0,0.0,0.0,0.0,0.0,0.0,0.0,0.0,0.0,0.0,1.0
1608.0,26.8,注驱油隔离液,0.0,0.0,0.0,0.0,0.0,0.0,0.0,0.0,0.0,0.0,0.0,1.0
1616.0,26.933333333333334,注驱油隔离液,0.0,0.0,0.0,0.0,0.0,0.0,0.0,0.0,0.0,0.0,0.0,1.0
1624.0,27.066666666666666,注驱油隔离液,0.0,0.0,0.0,0.0,0.0,0.0,0.0,0.0,0.0,0.0,0.0,1.0
1632.0,27.2,注驱油隔离液,0.0,0.0,0.0,0.0,0.0,0.0,0.0,0.0,0.0,0.0,0.0,1.0
1640.0,27.333333333333332,注驱油隔离液,0.0,0.0,0.0,0.0,0.0,0.0,0.0,0.0,0.0,0.0,0.0,1.0
1648.0,27.466666666666665,注驱油隔离液,0.0,0.0,0.0,0.0,0.0,0.0,0.0,0.0,0.0,0.0,0.0,1.0
1656.0,27.6,注驱油隔离液,0.0,0.0,0.0,0.0,0.0,0.0,0.0,0.0,0.0,0.0,0.0,1.0
1664.0,27.733333333333334,注驱油隔离液,0.0,0.0,0.0,0.0,0.0,0.0,0.0,0.0,0.0,0.0,0.0,1.0
1672.0,27.866666666666667,注驱油隔离液,0.0,0.0,0.0,0.0,0.0,0.0,0.0,0.0,0.0,0.0,0.0,1.0
1680.0,28.0,注驱油隔离液,0.0,0.0,0.0,0.0,0.0,0.0,0.0,0.0,0.0,0.0,0.0,1.0
1688.0,28.133333333333333,注驱油隔离液,0.0,0.0,0.0,0.0,0.0,0.0,0.0,0.0,0.0,0.0,0.0,1.0
1696.0,28.266666666666666,注驱油隔离液,0.0,0.0,0.0,0.0,0.0,0.0,0.0,0.0,0.0,0.0,0.0,1.0
1704.0,28.4,注驱油隔离液,0.0,0.0,0.0,0.0,0.0,0.0,0.0,0.0,0.0,0.0,0.0,1.0
1712.0,28.533333333333335,注驱油隔离液,0.0,0.0,0.0,0.0,0.0,0.0,0.0,0.0,0.0,0.0,0.0,1.0
1720.0,28.666666666666668,注驱油隔离液,0.0,0.0,0.0,0.0,0.0,0.0,0.0,0.0,0.0,0.0,0.0,1.0
1728.0,28.8,注驱油隔离液,0.0,0.0,0.0,0.0,0.0,0.0,0.0,0.0,0.0,0.0,0.0,1.0
1736.0,28.933333333333334,注驱油隔离液,0.0,0.0,0.0,0.0,0.0,0.0,0.0,0.0,0.0,0.0,0.0,1.0
1744.0,29.066666666666666,注驱油隔离液,0.0,0.0,0.0,0.0,0.0,0.0,0.0,0.0,0.0,0.0,0.0,1.0
1752.0,29.2,注驱油隔离液,0.0,0.0,0.0,0.0,0.0,0.0,0.0,0.0,0.0,0.0,0.0,1.0
1760.0,29.333333333333332,注驱油隔离液,0.0,0.0,0.0,0.0,0.0,0.0,0.0,0.0,0.0,0.0,0.0,1.0
1768.0,29.466666666666665,注驱油隔离液,0.0,0.0,0.0,0.0,0.0,0.0,0.0,0.0,0.0,0.0,0.0,1.0
1776.0,29.6,注驱油隔离液,0.0,0.0,0.0,0.0,0.0,0.0,0.0,0.0,0.0,0.0,0.0,1.0
1784.0,29.733333333333334,注驱油隔离液,0.0,0.0,0.0,0.0,0.0,0.0,0.0,0.0,0.0,0.0,0.0,1.0
1792.0,29.866666666666667,注驱油隔离液,0.0,0.0,0.0,0.0,0.0,0.0,0.0,0.0,0.0,0.0,0.0,1.0
1800.0,30.0,注驱油隔离液,0.0,0.0,0.0,0.0,0.0,0.0,0.0,0.0,0.0,0.0,0.0,1.0
1808.0,30.133333333333333,注驱油隔离液,0.0,0.0,0.0,0.0,0.0,0.0,0.0,0.0,0.0,0.0,0.0,1.0
1816.0,30.266666666666666,注驱油隔离液,0.0,0.0,0.0,0.0,0.0,0.0,0.0,0.0,0.0,0.0,0.0,1.0
1824.0,30.4,注驱油隔离液,0.0,0.0,0.0,0.0,0.0,0.0,0.0,0.0,0.0,0.0,0.0,1.0
1832.0,30.533333333333335,注驱油隔离液,0.0,0.0,0.0,0.0,0.0,0.0,0.0,0.0,0.0,0.0,0.0,1.0
1840.0,30.666666666666668,注驱油隔离液,0.0,0.0,0.0,0.0,0.0,0.0,0.0,0.0,0.0,0.0,0.0,1.0
1848.0,30.8,注驱油隔离液,0.0,0.0,0.0,0.0,0.0,0.0,0.0,0.0,0.0,0.0,0.0,1.0
1856.0,30.933333333333334,注驱油隔离液,0.0,0.0,0.0,0.0,0.0,0.0,0.0,0.0,0.0,0.0,0.0,1.0
1864.0,31.066666666666666,注驱油隔离液,0.0,0.0,0.0,0.0,0.0,0.0,0.0,0.0,0.0,0.0,0.0,1.0
1872.0,31.2,注驱油隔离液,0.0,0.0,0.0,0.0,0.0,0.0,0.0,0.0,0.0,0.0,0.0,1.0
1880.0,31.333333333333332,注驱油隔离液,0.0,0.0,0.0,0.0,0.0,0.0,0.0,0.0,0.0,0.0,0.0,1.0
1888.0,31.466666666666665,注驱油隔离液,0.0,0.0,0.0,0.0,0.0,0.0,0.0,0.0,0.0,0.0,0.0,1.0
1896.0,31.6,注驱油隔离液,0.0,0.0,0.0,0.0,0.0,0.0,0.0,0.0,0.0,0.0,0.0,1.0
1904.0,31.733333333333334,注驱油隔离液,0.0,0.0,0.0,0.0,0.0,0.0,0.0,0.0,0.0,0.0,0.0,1.0
1912.0,31.866666666666667,注驱油隔离液,0.0,0.0,0.0,0.0,0.0,0.0,0.0,0.0,0.0,0.0,0.0,1.0
1920.0,32.0,注驱油隔离液,0.0,0.0,0.0,0.0,0.0,0.0,0.0,0.0,0.0,0.0,0.0,1.0
1928.0,32.13333333333333,注驱油隔离液,0.0,0.0,0.0,0.0,0.0,0.0,0.0,0.0,0.0,0.0,0.0,1.0
1936.0,32.266666666666666,注驱油隔离液,0.0,0.0,0.0,0.0,0.0,0.0,0.0,0.0,0.0,0.0,0.0,1.0
1944.0,32.4,注驱油隔离液,0.0,0.0,0.0,0.0,0.0,0.0,0.0,0.0,0.0,0.0,0.0,1.0
1952.0,32.53333333333333,注驱油隔离液,0.0,0.0,0.0,0.0,0.0,0.0,0.0,0.0,0.0,0.0,0.0,1.0
1960.0,32.666666666666664,注驱油隔离液,0.0,0.0,0.0,0.0,0.0,0.0,0.0,0.0,0.0,0.0,0.0,1.0
1968.0,32.8,注驱油隔离液,0.0,0.0,0.0,0.0,0.0,0.0,0.0,0.0,0.0,0.0,0.0,1.0
1976.0,32.93333333333333,注驱油隔离液,0.0,0.0,0.0,0.0,0.0,0.0,0.0,0.0,0.0,0.0,0.0,1.0
1984.0,33.06666666666667,注驱油隔离液,0.0,0.0,0.0,0.0,0.0,0.0,0.0,0.0,0.0,0.0,0.0,1.0
1992.0,33.2,注驱油隔离液,0.0,0.0,0.0,0.0,0.0,0.0,0.0,0.0,0.0,0.0,0.0,1.0
2000.0,33.333333333333336,注驱油隔离液,0.0,0.0,0.0,0.0,0.0,0.0,0.0,0.0,0.0,0.0,0.0,1.0
2008.0,33.46666666666667,注驱油隔离液,0.0,0.0,0.0,0.0,0.0,0.0,0.0,0.0,0.0,0.0,0.0,1.0
2016.0,33.6,注驱油隔离液,0.0,0.0,0.0,0.0,0.0,0.0,0.0,0.0,0.0,0.0,0.0,1.0
2024.0,33.733333333333334,注驱油隔离液,0.0,0.0,0.0,0.0,0.0,0.0,0.0,0.0,0.0,0.0,0.0,1.0
2032.0,33.86666666666667,注驱油隔离液,0.0,0.0,0.0,0.0,0.0,0.0,0.0,0.0,0.0,0.0,0.0,1.0
2040.0,34.0,注驱油隔离液,0.0,0.0,0.0,0.0,0.0,0.0,0.0,0.0,0.0,0.0,0.0,1.0
2048.0,34.13333333333333,注驱油隔离液,0.0,0.0,0.0,0.0,0.0,0.0,0.0,0.0,0.0,0.0,0.0,1.0
2056.0,34.266666666666666,注驱油隔离液,0.0,0.0,0.0,0.0,0.0,0.0,0.0,0.0,0.0,0.0,0.0,1.0
2064.0,34.4,注驱油隔离液,0.0,0.0,0.0,0.0,0.0,0.0,0.0,0.0,0.0,0.0,0.0,1.0
2072.0,34.53333333333333,注驱油隔离液,0.0,0.0,0.0,0.0,0.0,0.0,0.0,0.0,0.0,0.0,0.0,1.0
2080.0,34.666666666666664,注驱油隔离液,0.0,0.0,0.0,0.0,0.0,0.0,0.0,0.0,0.0,0.0,0.0,1.0
2088.0,34.8,注驱油隔离液,0.0,0.0,0.0,0.0,0.0,0.0,0.0,0.0,0.0,0.0,0.0,1.0
2096.0,34.93333333333333,注驱油隔离液,0.0,0.0,0.0,0.0,0.0,0.0,0.0,0.0,0.0,0.0,0.0,1.0
2104.0,35.06666666666667,注驱油隔离液,0.0,0.0,0.0,0.0,0.0,0.0,0.0,0.0,0.0,0.0,0.0,1.0
2112.0,35.2,注驱油隔离液,0.0,0.0,0.0,0.0,0.0,0.0,0.0,0.0,0.0,0.0,0.0,1.0
2120.0,35.333333333333336,注驱油隔离液,0.0,0.0,0.0,0.0,0.0,0.0,0.0,0.0,0.0,0.0,0.0,1.0
2128.0,35.46666666666667,注驱油隔离液,0.0,0.0,0.0,0.0,0.0,0.0,0.0,0.0,0.0,0.0,0.0,1.0
2136.0,35.6,注驱油隔离液,0.0,0.0,0.0,0.0,0.0,0.0,0.0,0.0,0.0,0.0,0.0,1.0
2144.0,35.733333333333334,注驱油隔离液,0.0,0.0,0.0,0.0,0.0,0.0,0.0,0.0,0.0,0.0,0.0,1.0
2152.0,35.86666666666667,注驱油隔离液,0.0,0.0,0.0,0.0,0.0,0.0,0.0,0.0,0.0,0.0,0.0,1.0
2160.0,36.0,注驱油隔离液,0.0,0.0,0.0,0.0,0.0,0.0,0.0,0.0,0.0,0.0,0.0,1.0
2168.0,36.13333333333333,注驱油隔离液,0.0,0.0,0.0,0.0,0.0,0.0,0.0,0.0,0.0,0.0,0.0,1.0
2176.0,36.266666666666666,注驱油隔离液,0.0,0.0,0.0,0.0,0.0,0.0,0.0,0.0,0.0,0.0,0.0,1.0
2184.0,36.4,注驱油隔离液,0.0,0.0,0.0,0.0,0.0,0.0,0.0,0.0,0.0,0.0,0.0,1.0
2192.0,36.53333333333333,注驱油隔离液,0.0,0.0,0.0,0.0,0.0,0.0,0.0,0.0,0.0,0.0,0.0,1.0
2200.0,36.666666666666664,注驱油隔离液,0.0,0.0,0.0,0.0,0.0,0.0,0.0,0.0,0.0,0.0,0.0,1.0
2208.0,36.8,注驱油隔离液,0.0,0.0,0.0,0.0,0.0,0.0,0.0,0.0,0.0,0.0,0.0,1.0
2216.0,36.93333333333333,注驱油隔离液,0.0,0.0,0.0,0.0,0.0,0.0,0.0,0.0,0.0,0.0,0.0,1.0
2224.0,37.06666666666667,注驱油隔离液,0.0,0.0,0.0,0.0,0.0,0.0,0.0,0.0,0.0,0.0,0.0,1.0
2232.0,37.2,注驱油隔离液,0.0,0.0,0.0,0.0,0.0,0.0,0.0,0.0,0.0,0.0,0.0,1.0
2240.0,37.333333333333336,注驱油隔离液,0.0,0.0,0.0,0.0,0.0,0.0,0.0,0.0,0.0,0.0,0.0,1.0
2248.0,37.46666666666667,注驱油隔离液,0.0,0.0,0.0,0.0,0.0,0.0,0.0,0.0,0.0,0.0,0.0,1.0
2256.0,37.6,注驱油隔离液,0.0,0.0,0.0,0.0,0.0,0.0,0.0,0.0,0.0,0.0,0.0,1.0
2264.0,37.733333333333334,注驱油隔离液,0.0,0.0,0.0,0.0,0.0,0.0,0.0,0.0,0.0,0.0,0.0,1.0
2272.0,37.86666666666667,注驱油隔离液,0.0,0.0,0.0,0.0,0.0,0.0,0.0,0.0,0.0,0.0,0.0,1.0
2280.0,38.0,注驱油隔离液,0.0,0.0,0.0,0.0,0.0,0.0,0.0,0.0,0.0,0.0,0.0,1.0
2288.0,38.13333333333333,注驱油隔离液,0.0,0.0,0.0,0.0,0.0,0.0,0.0,0.0,0.0,0.0,0.0,1.0
2296.0,38.266666666666666,注驱油隔离液,0.0,0.0,0.0,0.0,0.0,0.0,0.0,0.0,0.0,0.0,0.0,1.0
2304.0,38.4,注驱油隔离液,0.0,0.0,0.0,0.0,0.0,0.0,0.0,0.0,0.0,0.0,0.0,1.0
2312.0,38.53333333333333,注驱油隔离液,0.0,0.0,0.0,0.0,0.0,0.0,0.0,0.0,0.0,0.0,0.0,1.0
2320.0,38.666666666666664,注驱油隔离液,0.0,0.0,0.0,0.0,0.0,0.0,0.0,0.0,0.0,0.0,0.0,1.0
2328.0,38.8,注驱油隔离液,0.0,0.0,0.0,0.0,0.0,0.0,0.0,0.0,0.0,0.0,0.0,1.0
2336.0,38.93333333333333,注驱油隔离液,0.0,0.0,0.0,0.0,0.0,0.0,0.0,0.0,0.0,0.0,0.0,1.0
2344.0,39.06666666666667,注驱油隔离液,0.0,0.0,0.0,0.0,0.0,0.0,0.0,0.0,0.0,0.0,0.0,1.0
2352.0,39.2,注驱油隔离液,0.0,0.0,0.0,0.0,0.0,0.0,0.0,0.0,0.0,0.0,0.0,1.0
2360.0,39.333333333333336,注驱油隔离液,0.0,0.0,0.0,0.0,0.0,0.0,0.0,0.0,0.0,0.0,0.0,1.0
2368.0,39.46666666666667,注驱油隔离液,0.0,0.0,0.0,0.0,0.0,0.0,0.0,0.0,0.0,0.0,0.0,1.0
2376.0,39.6,注驱油隔离液,0.0,0.0,0.0,0.0,0.0,0.0,0.0,0.0,0.0,0.0,0.0,1.0
2384.0,39.733333333333334,注驱油隔离液,0.0,0.0,0.0,0.0,0.0,0.0,0.0,0.0,0.0,0.0,0.0,1.0
2392.0,39.86666666666667,注驱油隔离液,0.0,0.0,0.0,0.0,0.0,0.0,0.0,0.0,0.0,0.0,0.0,1.0
2400.0,40.0,注驱油隔离液,0.0,0.0,0.0,0.0,0.0,0.0,0.0,0.0,0.0,0.0,0.0,1.0
2408.0,40.13333333333333,注驱油隔离液,0.0,0.0,0.0,0.0,0.0,0.0,0.0,0.0,0.0,0.0,0.0,1.0
2416.0,40.266666666666666,注驱油隔离液,0.0,0.0,0.0,0.0,0.0,0.0,0.0,0.0,0.0,0.0,0.0,1.0
2424.0,40.4,注驱油隔离液,0.0,0.0,0.0,0.0,0.0,0.0,0.0,0.0,0.0,0.0,0.0,1.0
2432.0,40.53333333333333,注驱油隔离液,0.0,0.0,0.0,0.0,0.0,0.0,0.0,0.0,0.0,0.0,0.0,1.0
2440.0,40.666666666666664,注驱油隔离液,0.0,0.0,0.0,0.0,0.0,0.0,0.0,0.0,0.0,0.0,0.0,1.0
2448.0,40.8,注驱油隔离液,0.0,0.0,0.0,0.0,0.0,0.0,0.0,0.0,0.0,0.0,0.0,1.0
2456.0,40.93333333333333,注驱油隔离液,0.0,0.0,0.0,0.0,0.0,0.0,0.0,0.0,0.0,0.0,0.0,1.0
2464.0,41.06666666666667,注驱油隔离液,0.0,0.0,0.0,0.0,0.0,0.0,0.0,0.0,0.0,0.0,0.0,1.0
2472.0,41.2,注驱油隔离液,0.0,0.0,0.0,0.0,0.0,0.0,0.0,0.0,0.0,0.0,0.0,1.0
2480.0,41.333333333333336,注驱油隔离液,0.0,0.0,0.0,0.0,0.0,0.0,0.0,0.0,0.0,0.0,0.0,1.0
2488.0,41.46666666666667,注驱油隔离液,0.0,0.0,0.0,0.0,0.0,0.0,0.0,0.0,0.0,0.0,0.0,1.0
2496.0,41.6,注驱油隔离液,0.0,0.0,0.0,0.0,0.0,0.0,0.0,0.0,0.0,0.0,0.0,1.0
2504.0,41.733333333333334,注领浆,0.0,0.0,0.0,0.0,0.0,0.0,0.0,0.0,0.0,0.0,0.0,1.0
2512.0,41.86666666666667,注领浆,0.0,0.0,0.0,0.0,0.0,0.0,0.0,0.0,0.0,0.0,0.0,1.0
2520.0,42.0,注领浆,0.0,0.0,0.0,0.0,0.0,0.0,0.0,0.0,0.0,0.0,0.0,1.0
2528.0,42.13333333333333,注领浆,0.0,0.0,0.0,0.0,0.0,0.0,0.0,0.0,0.0,0.0,0.0,1.0
2536.0,42.266666666666666,注领浆,0.0,0.0,0.0,0.0,0.0,0.0,0.0,0.0,0.0,0.0,0.0,1.0
2544.0,42.4,注领浆,0.0,0.0,0.0,0.0,0.0,0.0,0.0,0.0,0.0,0.0,0.0,1.0
2552.0,42.53333333333333,注领浆,0.0,0.0,0.0,0.0,0.0,0.0,0.0,0.0,0.0,0.0,0.0,1.0
2560.0,42.666666666666664,注领浆,0.0,0.0,0.0,0.0,0.0,0.0,0.0,0.0,0.0,0.0,0.0,1.0
2568.0,42.8,注领浆,0.0,0.0,0.0,0.0,0.0,0.0,0.0,0.0,0.0,0.0,0.0,1.0
2576.0,42.93333333333333,注领浆,0.0,0.0,0.0,0.0,0.0,0.0,0.0,0.0,0.0,0.0,0.0,1.0
2584.0,43.06666666666667,注领浆,0.0,0.0,0.0,0.0,0.0,0.0,0.0,0.0,0.0,0.0,0.0,1.0
2592.0,43.2,注领浆,0.0,0.0,0.0,0.0,0.0,0.0,0.0,0.0,0.0,0.0,0.0,1.0
2600.0,43.333333333333336,注领浆,0.0,0.0,0.0,0.0,0.0,0.0,0.0,0.0,0.0,0.0,0.0,1.0
2608.0,43.46666666666667,注领浆,0.0,0.0,0.0,0.0,0.0,0.0,0.0,0.0,0.0,0.0,0.0,1.0
2616.0,43.6,注领浆,0.0,0.0,0.0,0.0,0.0,0.0,0.0,0.0,0.0,0.0,0.0,0.9915666666666667
2624.0,43.733333333333334,注领浆,0.0,0.0,0.0,0.0,0.0,0.0,0.0,0.0,0.0,0.0,0.0,0.9900117144791067
2632.0,43.86666666666667,注领浆,0.0,0.0,0.0,0.0,0.0,0.0,0.0,0.0,0.0,0.0,0.0,0.9884881859513964
2640.0,44.0,注领浆,0.0,0.0,0.0,0.0,0.0,0.0,0.0,0.0,0.0,0.0,0.0,0.9869974832662596
2648.0,44.13333333333333,注领浆,0.0,0.0,0.0,0.0,0.0,0.0,0.0,0.0,0.0,0.0,0.0,0.9855343863149244
2656.0,44.266666666666666,注领浆,0.0,0.0,0.0,0.0,0.0,0.0,0.0,0.0,0.0,0.0,0.0,0.9840935059951944
2664.0,44.4,注领浆,0.0,0.0,0.0,0.0,0.0,0.0,0.0,0.0,0.0,0.0,0.0,0.9826702964098162
2672.0,44.53333333333333,注领浆,0.0,0.0,0.0,0.0,0.0,0.0,0.0,0.0,0.0,0.0,0.0,0.9812607963677276
2680.0,44.666666666666664,注领浆,0.0,0.0,0.0,0.0,0.0,0.0,0.0,0.0,0.0,0.0,0.0,0.9798623914252318
2688.0,44.8,注领浆,0.0,0.0,0.0,0.0,0.0,0.0,0.0,0.0,0.0,0.0,0.0,0.9784738009017679
2696.0,44.93333333333333,注领浆,0.0,0.0,0.0,0.0,0.0,0.0,0.0,0.0,0.0,0.0,0.0,0.9770931424780304
2704.0,45.06666666666667,注领浆,0.0,0.0,0.0,0.0,0.0,0.0,0.0,0.0,0.0,0.0,0.0,0.9757190197309454
2712.0,45.2,注领浆,0.0,0.0,0.0,0.0,0.0,0.0,0.0,0.0,0.0,0.0,0.0,0.9743512009319955
2720.0,45.333333333333336,注领浆,0.0,0.0,0.0,0.0,0.0,0.0,0.0,0.0,0.0,0.0,0.0,0.972988560290974
2728.0,45.46666666666667,注领浆,0.0,0.0,0.0,0.0,0.0,0.0,0.0,0.0,0.0,0.0,0.0,0.9716307554610174
2736.0,45.6,注领浆,0.0,0.0,0.0,0.0,0.0,0.0,0.0,0.0,0.0,0.0,0.0,0.9702775075721577
2744.0,45.733333333333334,注领浆,0.0,0.0,0.0,0.0,0.0,0.0,0.0,0.0,0.0,0.0,0.0,0.9689281988942317
2752.0,45.86666666666667,注领浆,0.0,0.0,0.0,0.0,0.0,0.0,0.0,0.0,0.0,0.0,0.0,0.9675829793654205
2760.0,46.0,注领浆,0.0,0.0,0.0,0.0,0.0,0.0,0.0,0.0,0.0,0.0,0.0,0.9662413094905039
2768.0,46.13333333333333,注领浆,0.0,0.0,0.0,0.0,0.0,0.0,0.0,0.0,0.0,0.0,0.0,0.9649030414622046
2776.0,46.266666666666666,注领浆,0.0,0.0,0.0,0.0,0.0,0.0,0.0,0.0,0.0,0.0,0.0,0.9635682575691292
2784.0,46.4,注领浆,0.0,0.0,0.0,0.0,0.0,0.0,0.0,0.0,0.0,0.0,0.0,0.9622364483501937
2792.0,46.53333333333333,注领浆,0.0,0.0,0.0,0.0,0.0,0.0,0.0,0.0,0.0,0.0,0.0,0.9609078431674585
2800.0,46.666666666666664,注领浆,0.0,0.0,0.0,0.0,0.0,0.0,0.0,0.0,0.0,0.0,0.0,0.9595821450780306
2808.0,46.8,注领浆,0.0,0.0,0.0,0.0,0.0,0.0,0.0,0.0,0.0,0.0,0.0,0.9582591122478418
2816.0,46.93333333333333,注领浆,0.0,0.0,0.0,0.0,0.0,0.0,0.0,0.0,0.0,0.0,0.0,0.9569389466299651
2824.0,47.06666666666667,注领浆,0.0,0.0,0.0,0.0,0.0,0.0,0.0,0.0,0.0,0.0,0.0,0.9556213672278495
2832.0,47.2,注领浆,0.0,0.0,0.0,0.0,0.0,0.0,0.0,0.0,0.0,0.0,0.0,0.9543065903617834
2840.0,47.333333333333336,注领浆,0.0,0.0,0.0,0.0,0.0,0.0,0.0,0.0,0.0,0.0,0.0,0.9529946466350551
2848.0,47.46666666666667,注领浆,0.0,0.0,0.0,0.0,0.0,0.0,0.0,0.0,0.0,0.0,0.0,0.9516856615819781
2856.0,47.6,注领浆,0.0,0.0,0.0,0.0,0.0,0.0,0.0,0.0,0.0,0.0,0.0,0.9503794065771487
2864.0,47.733333333333334,注领浆,0.0,0.0,0.0,0.0,0.0,0.0,0.0,0.0,0.0,0.0,0.0,0.9490762202103287
2872.0,47.86666666666667,注领浆,0.0,0.0,0.0,0.0,0.0,0.0,0.0,0.0,0.0,0.0,0.0,0.9477756741150458
2880.0,48.0,注领浆,0.0,0.0,0.0,0.0,0.0,0.0,0.0,0.0,0.0,0.0,0.0,0.9464782668523068
2888.0,48.13333333333333,注领浆,0.0,0.0,0.0,0.0,0.0,0.0,0.0,0.0,0.0,0.0,0.0,0.9451836789293373
2896.0,48.266666666666666,注领浆,0.0,0.0,0.0,0.0,0.0,0.0,0.0,0.0,0.0,0.0,0.0,0.9438919798565372
2904.0,48.4,注领浆,0.0,0.0,0.0,0.0,0.0,0.0,0.0,0.0,0.0,0.0,0.0,0.942603178173743
2912.0,48.53333333333333,注领浆,0.0,0.0,0.0,0.0,0.0,0.0,0.0,0.0,0.0,0.0,0.0,0.9413172515303346
2920.0,48.666666666666664,注领浆,0.0,0.0,0.0,0.0,0.0,0.0,0.0,0.0,0.0,0.0,0.0,0.9400341549743046
2928.0,48.8,注领浆,0.0,0.0,0.0,0.0,0.0,0.0,0.0,0.0,0.0,0.0,0.0,0.9387542112802182
2936.0,48.93333333333333,注领浆,0.0,0.0,0.0,0.0,0.0,0.0,0.0,0.0,0.0,0.0,0.0,0.9374775399133098
2944.0,49.06666666666667,注领浆,0.0,0.0,0.0,0.0,0.0,0.0,0.0,0.0,0.0,0.0,0.0,0.9362045917711145
2952.0,49.2,注领浆,0.0,0.0,0.0,0.0,0.0,0.0,0.0,0.0,0.0,0.0,0.0,0.9349357731513689
2960.0,49.333333333333336,注领浆,0.0,0.0,0.0,0.0,0.0,0.0,0.0,0.0,0.0,0.0,0.0,0.9336709570087038
2968.0,49.46666666666667,注领浆,0.0,0.0,0.0,0.0,0.0,0.0,0.0,0.0,0.0,0.0,0.0,0.9324109745562293
2976.0,49.6,注领浆,0.0,0.0,0.0,0.0,0.0,0.0,0.0,0.0,0.0,0.0,0.0,0.9311558385438887
2984.0,49.733333333333334,注领浆,0.0,0.0,0.0,0.0,0.0,0.0,0.0,0.0,0.0,0.0,0.0,0.9299054584028597
2992.0,49.86666666666667,注领浆,0.0,0.0,0.0,0.0,0.0,0.0,0.0,0.0,0.0,0.0,0.0,0.9286601836216313
3000.0,50.0,注领浆,0.0,0.0,0.0,0.0,0.0,0.0,0.0,0.0,0.0,0.0,0.0,0.9274196554736878
3008.0,50.13333333333333,注领浆,0.0,0.0,0.0,0.0,0.0,0.0,0.0,0.0,0.0,0.0,0.0,0.9261840393389371
3016.0,50.266666666666666,注领浆,0.0,0.0,0.0,0.0,0.0,0.0,0.0,0.0,0.0,0.0,0.0,0.9249532983645818
3024.0,50.4,注领浆,0.0,0.0,0.0,0.0,0.0,0.0,0.0,0.0,0.0,0.0,0.0,0.9237272501148883
3032.0,50.53333333333333,注领浆,0.0,0.0,0.0,0.0,0.0,0.0,0.0,0.0,0.0,0.0,0.0,0.9225057025215355
3040.0,50.666666666666664,注领浆,0.0,0.0,0.0,0.0,0.0,0.0,0.0,0.0,0.0,0.0,0.0,0.9212890250664653
3048.0,50.8,注领浆,0.0,0.0,0.0,0.0,0.0,0.0,0.0,0.0,0.0,0.0,0.0,0.920076712921126
3056.0,50.93333333333333,注领浆,0.0,0.0,0.0,0.0,0.0,0.0,0.0,0.0,0.0,0.0,0.0,0.9188691200273299
3064.0,51.06666666666667,注领浆,0.0,0.0,0.0,0.0,0.0,0.0,0.0,0.0,0.0,0.0,0.0,0.9176659377888663
3072.0,51.2,注领浆,0.0,0.0,0.0,0.0,0.0,0.0,0.0,0.0,0.0,0.0,0.0,0.9164671353425459
3080.0,51.333333333333336,注领浆,0.0,0.0,0.0,0.0,0.0,0.0,0.0,0.0,0.0,0.0,0.0,0.9152731262375903
3088.0,51.46666666666667,注领浆,0.0,0.0,0.0,0.0,0.0,0.0,0.0,0.0,0.0,0.0,0.0,0.914083936505965
3096.0,51.6,注领浆,0.0,0.0,0.0,0.0,0.0,0.0,0.0,0.0,0.0,0.0,0.0,0.9128998463823229
3104.0,51.733333333333334,注领浆,0.0,0.0,0.0,0.0,0.0,0.0,0.0,0.0,0.0,0.0,0.0,0.91172086318748
3112.0,51.86666666666667,注领浆,0.0,0.0,0.0,0.0,0.0,0.0,0.0,0.0,0.0,0.0,0.0,0.9105468286026124
3120.0,52.0,注领浆,0.0,0.0,0.0,0.0,0.0,0.0,0.0,0.0,0.0,0.0,0.0,0.9093784417250058
3128.0,52.13333333333333,注领浆,0.0,0.0,0.0,0.0,0.0,0.0,0.0,0.0,0.0,0.0,0.0,0.908215566221184
3136.0,52.266666666666666,注领浆,0.0,0.0,0.0,0.0,0.0,0.0,0.0,0.0,0.0,0.0,0.0,0.9070579495404363
3144.0,52.4,注领浆,0.0,0.0,0.0,0.0,0.0,0.0,0.0,0.0,0.0,0.0,0.0,0.9059055735648468
3152.0,52.53333333333333,注领浆,0.0,0.0,0.0,0.0,0.0,0.0,0.0,0.0,0.0,0.0,0.0,0.9047580001676109
3160.0,52.666666666666664,注领浆,0.0,0.0,0.0,0.0,0.0,0.0,0.0,0.0,0.0,0.0,0.0,0.9036160211485547
3168.0,52.8,注领浆,0.0,0.0,0.0,0.0,0.0,0.0,0.0,0.0,0.0,0.0,0.0,0.9024790570590705
3176.0,52.93333333333333,注领浆,0.0,0.0,0.0,0.0,0.0,0.0,0.0,0.0,0.0,0.0,0.0,0.901347365473428
3184.0,53.06666666666667,注领浆,0.0,0.0,0.0,0.0,0.0,0.0,0.0,0.0,0.0,0.0,0.0,0.9002200290051208
3192.0,53.2,注领浆,0.0,0.0,0.0,0.0,0.0,0.0,0.0,0.0,0.0,0.0,0.0,0.8990974789678959
3200.0,53.333333333333336,注领浆,0.0,0.0,0.0,0.0,0.0,0.0,0.0,0.0,0.0,0.0,0.0,0.8979798725909082
3208.0,53.46666666666667,注领浆,0.0,0.0,0.0,0.0,0.0,0.0,0.0,0.0,0.0,0.0,0.0,0.8968671358498275
3216.0,53.6,注领浆,0.0,0.0,0.0,0.0,0.0,0.0,0.0,0.0,0.0,0.0,0.0,0.8957591507508285
3224.0,53.733333333333334,注领浆,0.0,0.0,0.0,0.0,0.0,0.0,0.0,0.0,0.0,0.0,0.0,0.8946549371603109
3232.0,53.86666666666667,注领浆,0.0,0.0,0.0,0.0,0.0,0.0,0.0,0.0,0.0,0.0,0.0,0.8935553715384909
3240.0,54.0,注领浆,0.0,0.0,0.0,0.0,0.0,0.0,0.0,0.0,0.0,0.0,0.0,0.8924600276717313
3248.0,54.13333333333333,注领浆,0.0,0.0,0.0,0.0,0.0,0.0,0.0,0.0,0.0,0.0,0.0,0.8913697659216794
3256.0,54.266666666666666,注领浆,0.0,0.0,0.0,0.0,0.0,0.0,0.0,0.0,0.0,0.0,0.0,0.8902835599213671
3264.0,54.4,注领浆,0.0,0.0,0.0,0.0,0.0,0.0,0.0,0.0,0.0,0.0,0.0,0.8892012414494092
3272.0,54.53333333333333,注领浆,0.0,0.0,0.0,0.0,0.0,0.0,0.0,0.0,0.0,0.0,0.0,0.8881225050097814
3280.0,54.666666666666664,注领浆,0.0,0.0,0.0,0.0,0.0,0.0,0.0,0.0,0.0,0.0,0.0,0.8870482479494224
3288.0,54.8,注领浆,0.0,0.0,0.0,0.0,0.0,0.0,0.0,0.0,0.0,0.0,0.0,0.8859783989192972
3296.0,54.93333333333333,注领浆,0.0,0.0,0.0,0.0,0.0,0.0,0.0,0.0,0.0,0.0,0.0,0.8849126829672964
3304.0,55.06666666666667,注领浆,0.0,0.0,0.0,0.0,0.0,0.0,0.0,0.0,0.0,0.0,0.0,0.8838507197219538
3312.0,55.2,注领浆,0.0,0.0,0.0,0.0,0.0,0.0,0.0,0.0,0.0,0.0,0.0,0.882792302395742
3320.0,55.333333333333336,注领浆,0.0,0.0,0.0,0.0,0.0,0.0,0.0,0.0,0.0,0.0,0.0,0.8817390804170101
3328.0,55.46666666666667,注领浆,0.0,0.0,0.0,0.0,0.0,0.0,0.0,0.0,0.0,0.0,0.0,0.8806918709614526
3336.0,55.6,注领浆,0.0,0.0,0.0,0.0,0.0,0.0,0.0,0.0,0.0,0.0,0.0,0.8796523164692354
3344.0,55.733333333333334,注领浆,0.0,0.0,0.0,0.0,0.0,0.0,0.0,0.0,0.0,0.0,0.0,0.8786214315537655
3352.0,55.86666666666667,注领浆,0.0,0.0,0.0,0.0,0.0,0.0,0.0,0.0,0.0,0.0,0.0,0.8776019964862497
3360.0,56.0,注领浆,0.0,0.0,0.0,0.0,0.0,0.0,0.0,0.0,0.0,0.0,0.0,0.876597230021433
3368.0,56.13333333333333,注领浆,0.0,0.0,0.0,0.0,0.0,0.0,0.0,0.0,0.0,0.0,0.0,0.8756113218648425
3376.0,56.266666666666666,注领浆,0.0,0.0,0.0,0.0,0.0,0.0,0.0,0.0,0.0,0.0,0.0,0.8746447991443776
3384.0,56.4,注领浆,0.0,0.0,0.0,0.0,0.0,0.0,0.0,0.0,0.0,0.0,0.0,0.8736965674528041
3392.0,56.53333333333333,注领浆,0.0,0.0,0.0,0.0,0.0,0.0,0.0,0.0,0.0,0.0,0.0,0.8727620824398191
3400.0,56.666666666666664,注领浆,0.0,0.0,0.0,0.0,0.0,0.0,0.0,0.0,0.0,0.0,0.0,0.871837751884089
3408.0,56.8,注领浆,0.0,0.0,0.0,0.0,0.0,0.0,0.0,0.0,0.0,0.0,0.0,0.8709211194133866
3416.0,56.93333333333333,注领浆,0.0,0.0,0.0,0.0,0.0,0.0,0.0,0.0,0.0,0.0,0.0,0.8700098250180293
3424.0,57.06666666666667,注领浆,0.0,0.0,0.0,0.0,0.0,0.0,0.0,0.0,0.0,0.0,0.0,0.8691015724593368
3432.0,57.2,注领浆,0.0,0.0,0.0,0.0,0.0,0.0,0.0,0.0,0.0,0.0,0.0,0.8681945108654077
3440.0,57.333333333333336,注领浆,0.0,0.0,0.0,0.0,0.0,0.0,0.0,0.0,0.0,0.0,0.0,0.8672880998239427
3448.0,57.46666666666667,注领浆,0.0,0.0,0.0,0.0,0.0,0.0,0.0,0.0,0.0,0.0,0.0,0.8663825938759296
3456.0,57.6,注领浆,0.0,0.0,0.0,0.0,0.0,0.0,0.0,0.0,0.0,0.0,0.0,0.865478019636088
3464.0,57.733333333333334,注领浆,0.0,0.0,0.0,0.0,0.0,0.0,0.0,0.0,0.0,0.0,0.0,0.864573961486313
3472.0,57.86666666666667,注领浆,0.0,0.0,0.0,0.0,0.0,0.0,0.0,0.0,0.0,0.0,0.0,0.8636695320254072
3480.0,58.0,注领浆,0.0,0.0,0.0,0.0,0.0,0.0,0.0,0.0,0.0,0.0,0.0,0.8627645015438792
3488.0,58.13333333333333,注领浆,0.0,0.0,0.0,0.0,0.0,0.0,0.0,0.0,0.0,0.0,0.0,0.8618597436614371
3496.0,58.266666666666666,注领浆,0.0,0.0,0.0,0.0,0.0,0.0,0.0,0.0,0.0,0.0,0.0,0.8609555064526098
3504.0,58.4,注领浆,0.0,0.0,0.0,0.0,0.0,0.0,0.0,0.0,0.0,0.0,0.0,0.8600517174906819
3512.0,58.53333333333333,注领浆,0.0,0.0,0.0,0.0,0.0,0.0,0.0,0.0,0.0,0.0,0.0,0.8591472418884653
3520.0,58.666666666666664,注领浆,0.0,0.0,0.0,0.0,0.0,0.0,0.0,0.0,0.0,0.0,0.0,0.8582420339347222
3528.0,58.8,注领浆,0.0,0.0,0.0,0.0,0.0,0.0,0.0,0.0,0.0,0.0,0.0,0.8573365491888969
3536.0,58.93333333333333,注领浆,0.0,0.0,0.0,0.0,0.0,0.0,0.0,0.0,0.0,0.0,0.0,0.856431699102517
3544.0,59.06666666666667,注领浆,0.0,0.0,0.0,0.0,0.0,0.0,0.0,0.0,0.0,0.0,0.0,0.8555267516643953
3552.0,59.2,注领浆,0.0,0.0,0.0,0.0,0.0,0.0,0.0,0.0,0.0,0.0,0.0,0.8546213680195361
3560.0,59.333333333333336,注领浆,0.0,0.0,0.0,0.0,0.0,0.0,0.0,0.0,0.0,0.0,0.0,0.8537148732382291
3568.0,59.46666666666667,注领浆,0.0,0.0,0.0,0.0,0.0,0.0,0.0,0.0,0.0,0.0,0.0,0.8528083009773166
3576.0,59.6,注领浆,0.0,0.0,0.0,0.0,0.0,0.0,0.0,0.0,0.0,0.0,0.0,0.8519018705580522
3584.0,59.733333333333334,注领浆,0.0,0.0,0.0,0.0,0.0,0.0,0.0,0.0,0.0,0.0,0.0,0.8509954994168879
3592.0,59.86666666666667,注领浆,0.0,0.0,0.0,0.0,0.0,0.0,0.0,0.0,0.0,0.0,0.0,0.8500883461403389
3600.0,60.0,注领浆,0.0,0.0,0.0,0.0,0.0,0.0,0.0,0.0,0.0,0.0,0.0,0.8491804554635203
3608.0,60.13333333333333,注领浆,0.0,0.0,0.0,0.0,0.0,0.0,0.0,0.0,0.0,0.0,0.0,0.8482724149811276
3616.0,60.266666666666666,注领浆,0.0,0.0,0.0,0.0,0.0,0.0,0.0,0.0,0.0,0.0,0.0,0.8473646348562008
3624.0,60.4,注领浆,0.0,0.0,0.0,0.0,0.0,0.0,0.0,0.0,0.0,0.0,0.0,0.8464566153493446
3632.0,60.53333333333333,注领浆,0.0,0.0,0.0,0.0,0.0,0.0,0.0,0.0,0.0,0.0,0.0,0.8455478799096962
3640.0,60.666666666666664,注领浆,0.0,0.0,0.0,0.0,0.0,0.0,0.0,0.0,0.0,0.0,0.0,0.8446384445148295
3648.0,60.8,注领浆,0.0,0.0,0.0,0.0,0.0,0.0,0.0,0.0,0.0,0.0,0.0,0.843729146298186
3656.0,60.93333333333333,注领浆,0.0,0.0,0.0,0.0,0.0,0.0,0.0,0.0,0.0,0.0,0.0,0.8428199568949618
3664.0,61.06666666666667,注领浆,0.0,0.0,0.0,0.0,0.0,0.0,0.0,0.0,0.0,0.0,0.0,0.8419104167032357
3672.0,61.2,注领浆,0.0,0.0,0.0,0.0,0.0,0.0,0.0,0.0,0.0,0.0,0.0,0.8410001261254375
3680.0,61.333333333333336,注领浆,0.0,0.0,0.0,0.0,0.0,0.0,0.0,0.0,0.0,0.0,0.0,0.8400893925081877
3688.0,61.46666666666667,注领浆,0.0,0.0,0.0,0.0,0.0,0.0,0.0,0.0,0.0,0.0,0.0,0.8391789934466979
3696.0,61.6,注领浆,0.0,0.0,0.0,0.0,0.0,0.0,0.0,0.0,0.0,0.0,0.0,0.8382686670562955
3704.0,61.733333333333334,注领浆,0.0,0.0,0.0,0.0,0.0,0.0,0.0,0.0,0.0,0.0,0.0,0.8373579352492159
3712.0,61.86666666666667,注领浆,0.0,0.0,0.0,0.0,0.0,0.0,0.0,0.0,0.0,0.0,0.0,0.8364464547312824
3720.0,62.0,注领浆,0.0,0.0,0.0,0.0,0.0,0.0,0.0,0.0,0.0,0.0,0.0,0.8355348830315092
3728.0,62.13333333333333,注领浆,0.0,0.0,0.0,0.0,0.0,0.0,0.0,0.0,0.0,0.0,0.0,0.8346235499637703
3736.0,62.266666666666666,注领浆,0.0,0.0,0.0,0.0,0.0,0.0,0.0,0.0,0.0,0.0,0.0,0.8337122946688036
3744.0,62.4,注领浆,0.0,0.0,0.0,0.0,0.0,0.0,0.0,0.0,0.0,0.0,0.0,0.83280036276562
3752.0,62.53333333333333,注领浆,0.0,0.0,0.0,0.0,0.0,0.0,0.0,0.0,0.0,0.0,0.0,0.8318878852937451
3760.0,62.666666666666664,注领浆,0.0,0.0,0.0,0.0,0.0,0.0,0.0,0.0,0.0,0.0,0.0,0.8309752714338638
3768.0,62.8,注领浆,0.0,0.0,0.0,0.0,0.0,0.0,0.0,0.0,0.0,0.0,0.0,0.8300630282312054
3776.0,62.93333333333333,注领浆,0.0,0.0,0.0,0.0,0.0,0.0,0.0,0.0,0.0,0.0,0.0,0.829150549126263
3784.0,63.06666666666667,注领浆,0.0,0.0,0.0,0.0,0.0,0.0,0.0,0.0,0.0,0.0,0.0,0.8282376526143962
3792.0,63.2,注领浆,0.0,0.0,0.0,0.0,0.0,0.0,0.0,0.0,0.0,0.0,0.0,0.8273241289045081
3800.0,63.333333333333336,注领浆,0.0,0.0,0.0,0.0,0.0,0.0,0.0,0.0,0.0,0.0,0.0,0.8264108594018325
3808.0,63.46666666666667,注领浆,0.0,0.0,0.0,0.0,0.0,0.0,0.0,0.0,0.0,0.0,0.0,0.8254976024763748
3816.0,63.6,注领浆,0.0,0.0,0.0,0.0,0.0,0.0,0.0,0.0,0.0,0.0,0.0,0.8245842061767414
3824.0,63.733333333333334,注领浆,0.0,0.0,0.0,0.0,0.0,0.0,0.0,0.0,0.0,0.0,0.0,0.8236701922343284
3832.0,63.86666666666667,注领浆,0.0,0.0,0.0,0.0,0.0,0.0,0.0,0.0,0.0,0.0,0.0,0.8227560793614009
3840.0,64.0,注领浆,0.0,0.0,0.0,0.0,0.0,0.0,0.0,0.0,0.0,0.0,0.0,0.8218420384236425
3848.0,64.13333333333334,注领浆,0.0,0.0,0.0,0.0,0.0,0.0,0.0,0.0,0.0,0.0,0.0,0.820928144798456
3856.0,64.26666666666667,注领浆,0.0,0.0,0.0,0.0,0.0,0.0,0.0,0.0,0.0,0.0,0.0,0.8200138562412652
3864.0,64.4,注领浆,0.0,0.0,0.0,0.0,0.0,0.0,0.0,0.0,0.0,0.0,0.0,0.8190992803160264
3872.0,64.53333333333333,注领浆,0.0,0.0,0.0,0.0,0.0,0.0,0.0,0.0,0.0,0.0,0.0,0.8181846742591186
3880.0,64.66666666666667,注领浆,0.0,0.0,0.0,0.0,0.0,0.0,0.0,0.0,0.0,0.0,0.0,0.8172702509990205
3888.0,64.8,注领浆,0.0,0.0,0.0,0.0,0.0,0.0,0.0,0.0,0.0,0.0,0.0,0.8163557296288881
3896.0,64.93333333333334,注领浆,0.0,0.0,0.0,0.0,0.0,0.0,0.0,0.0,0.0,0.0,0.0,0.8154408986744411
3904.0,65.06666666666666,注领浆,0.0,0.0,0.0,0.0,0.0,0.0,0.0,0.0,0.0,0.0,0.0,0.8145260426602069
3912.0,65.2,注领浆,0.0,0.0,0.0,0.0,0.0,0.0,0.0,0.0,0.0,0.0,0.0,0.8136112716171352
3920.0,65.33333333333333,注领浆,0.0,0.0,0.0,0.0,0.0,0.0,0.0,0.0,0.0,0.0,0.0,0.8126966229262834
3928.0,65.46666666666667,注领浆,0.0,0.0,0.0,0.0,0.0,0.0,0.0,0.0,0.0,0.0,0.0,0.8117817193017588
3936.0,65.6,注领浆,0.0,0.0,0.0,0.0,0.0,0.0,0.0,0.0,0.0,0.0,0.0,0.8108666649276108
3944.0,65.73333333333333,注领浆,0.0,0.0,0.0,0.0,0.0,0.0,0.0,0.0,0.0,0.0,0.0,0.8099516604620252
3952.0,65.86666666666666,注领浆,0.0,0.0,0.0,0.0,0.0,0.0,0.0,0.0,0.0,0.0,0.0,0.809036882786553
3960.0,66.0,注领浆,0.0,0.0,0.0,0.0,0.0,0.0,0.0,0.0,0.0,0.0,0.0,0.8081220218533777
3968.0,66.13333333333334,注领浆,0.0,0.0,0.0,0.0,0.0,0.0,0.0,0.0,0.0,0.0,0.0,0.807207015711099
3976.0,66.26666666666667,注领浆,0.0,0.0,0.0,0.0,0.0,0.0,0.0,0.0,0.0,0.0,0.0,0.8062920598163079
3984.0,66.4,注领浆,0.0,0.0,0.0,0.0,0.0,0.0,0.0,0.0,0.0,0.0,0.0,0.8053774157617135
3992.0,66.53333333333333,注领浆,0.0,0.0,0.0,0.0,0.0,0.0,0.0,0.0,0.0,0.0,0.0,0.8044628712050906
4000.0,66.66666666666667,注领浆,0.0,0.0,0.0,0.0,0.0,0.0,0.0,0.0,0.0,0.0,0.0,0.8035482758108389
4008.0,66.8,注领浆,0.0,0.0,0.0,0.0,0.0,0.0,0.0,0.0,0.0,0.0,0.0,0.802633536358584
4016.0,66.93333333333334,注领浆,0.0,0.0,0.0,0.0,0.0,0.0,0.0,0.0,0.0,0.0,0.0,0.8017191360162841
4024.0,67.06666666666666,注领浆,0.0,0.0,0.0,0.0,0.0,0.0,0.0,0.0,0.0,0.0,0.0,0.800804988371112
4032.0,67.2,注领浆,0.0,0.0,0.0,0.0,0.0,0.0,0.0,0.0,0.0,0.0,0.0,0.7998909884823058
4040.0,67.33333333333333,注领浆,0.0,0.0,0.0,0.0,0.0,0.0,0.0,0.0,0.0,0.0,0.0,0.7989767743687742
4048.0,67.46666666666667,注领浆,0.0,0.0,0.0,0.0,0.0,0.0,0.0,0.0,0.0,0.0,0.0,0.7980628116470219
4056.0,67.6,注领浆,0.0,0.0,0.0,0.0,0.0,0.0,0.0,0.0,0.0,0.0,0.0,0.7971492088458032
4064.0,67.73333333333333,注领浆,0.0,0.0,0.0,0.0,0.0,0.0,0.0,0.0,0.0,0.0,0.0,0.7962359658885526
4072.0,67.86666666666666,注领浆,0.0,0.0,0.0,0.0,0.0,0.0,0.0,0.0,0.0,0.0,0.0,0.7953226532544988
4080.0,68.0,注领浆,0.0,0.0,0.0,0.0,0.0,0.0,0.0,0.0,0.0,0.0,0.0,0.7944094433656994
4088.0,68.13333333333334,注领浆,0.0,0.0,0.0,0.0,0.0,0.0,0.0,0.0,0.0,0.0,0.0,0.7934965610633876
4096.0,68.26666666666667,注领浆,0.0,0.0,0.0,0.0,0.0,0.0,0.0,0.0,0.0,0.0,0.0,0.792584196471657
4104.0,68.4,注领浆,0.0,0.0,0.0,0.0,0.0,0.0,0.0,0.0,0.0,0.0,0.0,0.791672074789096
4112.0,68.53333333333333,注领浆,0.0,0.0,0.0,0.0,0.0,0.0,0.0,0.0,0.0,0.0,0.0,0.7907599024586521
4120.0,68.66666666666667,注领浆,0.0,0.0,0.0,0.0,0.0,0.0,0.0,0.0,0.0,0.0,0.0,0.7898479883307746
4128.0,68.8,注领浆,0.0,0.0,0.0,0.0,0.0,0.0,0.0,0.0,0.0,0.0,0.0,0.7889365517019892
4136.0,68.93333333333334,注领浆,0.0,0.0,0.0,0.0,0.0,0.0,0.0,0.0,0.0,0.0,0.0,0.7880255905157273
4144.0,69.06666666666666,注领浆,0.0,0.0,0.0,0.0,0.0,0.0,0.0,0.0,0.0,0.0,0.0,0.7871146487900891
4152.0,69.2,注领浆,0.0,0.0,0.0,0.0,0.0,0.0,0.0,0.0,0.0,0.0,0.0,0.7862037918769588
4160.0,69.33333333333333,注领浆,0.0,0.0,0.0,0.0,0.0,0.0,0.0,0.0,0.0,0.0,0.0,0.7852931220979779
4168.0,69.46666666666667,注领浆,0.0,0.0,0.0,0.0,0.0,0.0,0.0,0.0,0.0,0.0,0.0,0.7843829679231372
4176.0,69.6,注领浆,0.0,0.0,0.0,0.0,0.0,0.0,0.0,0.0,0.0,0.0,0.0,0.783472923774172
4184.0,69.73333333333333,注领浆,0.0,0.0,0.0,0.0,0.0,0.0,0.0,0.0,0.0,0.0,0.0,0.7825627982126535
4192.0,69.86666666666666,注领浆,0.0,0.0,0.0,0.0,0.0,0.0,0.0,0.0,0.0,0.0,0.0,0.7816524457435511
4200.0,70.0,注领浆,0.0,0.0,0.0,0.0,0.0,0.0,0.0,0.0,0.0,0.0,0.0,0.7807422895482484
4208.0,70.13333333333334,注领浆,0.0,0.0,0.0,0.0,0.0,0.0,0.0,0.0,0.0,0.0,0.0,0.7798320035920355
4216.0,70.26666666666667,注领浆,0.0,0.0,0.0,0.0,0.0,0.0,0.0,0.0,0.0,0.0,0.0,0.7789211948389066
4224.0,70.4,注领浆,0.0,0.0,0.0,0.0,0.0,0.0,0.0,0.0,0.0,0.0,0.0,0.7780097195237475
4232.0,70.53333333333333,注领浆,0.0,0.0,0.0,0.0,0.0,0.0,0.0,0.0,0.0,0.0,0.0,0.7770981535150281
4240.0,70.66666666666667,注领浆,0.0,0.0,0.0,0.0,0.0,0.0,0.0,0.0,0.0,0.0,0.0,0.7761869071195281
4248.0,70.8,注领浆,0.0,0.0,0.0,0.0,0.0,0.0,0.0,0.0,0.0,0.0,0.0,0.7752759161053441
4256.0,70.93333333333334,注领浆,0.0,0.0,0.0,0.0,0.0,0.0,0.0,0.0,0.0,0.0,0.0,0.7743653842197722
4264.0,71.06666666666666,注领浆,0.0,0.0,0.0,0.0,0.0,0.0,0.0,0.0,0.0,0.0,0.0,0.7734565625524794
4272.0,71.2,注领浆,0.0,0.0,0.0,0.0,0.0,0.0,0.0,0.0,0.0,0.0,0.0,0.7725509352621022
4280.0,71.33333333333333,注领浆,0.0,0.0,0.0,0.0,0.0,0.0,0.0,0.0,0.0,0.0,0.0,0.7716496425875723
4288.0,71.46666666666667,注领浆,0.0,0.0,0.0,0.0,0.0,0.0,0.0,0.0,0.0,0.0,0.0,0.770753488661047
4296.0,71.6,注领浆,0.0,0.0,0.0,0.0,0.0,0.0,0.0,0.0,0.0,0.0,0.0,0.7698631171469561
4304.0,71.73333333333333,注领浆,0.0,0.0,0.0,0.0,0.0,0.0,0.0,0.0,0.0,0.0,0.0,0.7689780243436309
4312.0,71.86666666666666,注领浆,0.0,0.0,0.0,0.0,0.0,0.0,0.0,0.0,0.0,0.0,0.0,0.7680968906586355
4320.0,72.0,注领浆,0.0,0.0,0.0,0.0,0.0,0.0,0.0,0.0,0.0,0.0,0.0,0.7672185708813013
4328.0,72.13333333333334,注领浆,0.0,0.0,0.0,0.0,0.0,0.0,0.0,0.0,0.0,0.0,0.0,0.7663422572884069
4336.0,72.26666666666667,注领浆,0.0,0.0,0.0,0.0,0.0,0.0,0.0,0.0,0.0,0.0,0.0,0.7654673997102449
4344.0,72.4,注领浆,0.0,0.0,0.0,0.0,0.0,0.0,0.0,0.0,0.0,0.0,0.0,0.7645936372225317
4352.0,72.53333333333333,注领浆,0.0,0.0,0.0,0.0,0.0,0.0,0.0,0.0,0.0,0.0,0.0,0.7637209904419516
4360.0,72.66666666666667,注领浆,0.0,0.0,0.0,0.0,0.0,0.0,0.0,0.0,0.0,0.0,0.0,0.7628493341445499
4368.0,72.8,注领浆,0.0,0.0,0.0,0.0,0.0,0.0,0.0,0.0,0.0,0.0,0.0,0.7619786811281367
4376.0,72.93333333333334,注领浆,0.0,0.0,0.0,0.0,0.0,0.0,0.0,0.0,0.0,0.0,0.0,0.761108869890091
4384.0,73.06666666666666,注领浆,0.0,0.0,0.0,0.0,0.0,0.0,0.0,0.0,0.0,0.0,0.0,0.7602400069652
4392.0,73.2,注领浆,0.0,0.0,0.0,0.0,0.0,0.0,0.0,0.0,0.0,0.0,0.0,0.7593723138033224
4400.0,73.33333333333333,注领浆,0.0,0.0,0.0,0.0,0.0,0.0,0.0,0.0,0.0,0.0,0.0,0.7585059368488752
4408.0,73.46666666666667,注领浆,0.0,0.0,0.0,0.0,0.0,0.0,0.0,0.0,0.0,0.0,0.0,0.7576410590861467
4416.0,73.6,注领浆,0.0,0.0,0.0,0.0,0.0,0.0,0.0,0.0,0.0,0.0,0.0,0.7567782093730401
4424.0,73.73333333333333,注领浆,0.0,0.0,0.0,0.0,0.0,0.0,0.0,0.0,0.0,0.0,0.0,0.7559180216829282
4432.0,73.86666666666666,注领浆,0.0,0.0,0.0,0.0,0.0,0.0,0.0,0.0,0.0,0.0,0.0,0.7550616404663066
4440.0,74.0,注领浆,0.0,0.0,0.0,0.0,0.0,0.0,0.0,0.0,0.0,0.0,0.0,0.7542107732904454
4448.0,74.13333333333334,注领浆,0.0,0.0,0.0,0.0,0.0,0.0,0.0,0.0,0.0,0.0,0.0,0.7533681548746146
4456.0,74.26666666666667,注领浆,0.0,0.0,0.0,0.0,0.0,0.0,0.0,0.0,0.0,0.0,0.0,0.7525381583288508
4464.0,74.4,注领浆,0.0,0.0,0.0,0.0,0.0,0.0,0.0,0.0,0.0,0.0,0.0,0.7517265943458186
4472.0,74.53333333333333,注领浆,0.0,0.0,0.0,0.0,0.0,0.0,0.0,0.0,0.0,0.0,0.0,0.750942807359876
4480.0,74.66666666666667,注领浆,0.0,0.0,0.0,0.0,0.0,0.0,0.0,0.0,0.0,0.0,0.0,0.7501981017883184
4488.0,74.8,注领浆,0.0,0.0,0.0,0.0,0.0,0.0,0.0,0.0,0.0,0.0,0.0,0.7495042079475797
4496.0,74.93333333333334,注领浆,0.0,0.0,0.0,0.0,0.0,0.0,0.0,0.0,0.0,0.0,0.0,0.7488712422886601
4504.0,75.06666666666666,注领浆,0.0,0.0,0.0,0.0,0.0,0.0,0.0,0.0,0.0,0.0,0.0,0.7483069654052023
4512.0,75.2,注领浆,0.0,0.0,0.0,0.0,0.0,0.0,0.0,0.0,0.0,0.0,0.0,0.7478135208377011
4520.0,75.33333333333333,注领浆,0.0,0.0,0.0,0.0,0.0,0.0,0.0,0.0,0.0,0.0,0.0,0.7473851251240493
4528.0,75.46666666666667,注领浆,0.0,0.0,0.0,0.0,0.0,0.0,0.0,0.0,0.0,0.0,0.0,0.7470099284031784
4536.0,75.6,注领浆,0.0,0.0,0.0,0.0,0.0,0.0,0.0,0.0,0.0,0.0,0.0,0.7466728348023364
4544.0,75.73333333333333,注领浆,0.0,0.0,0.0,0.0,0.0,0.0,0.0,0.0,0.0,0.0,0.0,0.7463618042566681
4552.0,75.86666666666666,注领浆,0.0,0.0,0.0,0.0,0.0,0.0,0.0,0.0,0.0,0.0,0.0,0.7460702239255812
4560.0,76.0,注领浆,0.0,0.0,0.0,0.0,0.0,0.0,0.0,0.0,0.0,0.0,0.0,0.7457931258715463
4568.0,76.13333333333334,注领浆,0.0,0.0,0.0,0.0,0.0,0.0,0.0,0.0,0.0,0.0,0.0,0.7455250890920799
4576.0,76.26666666666667,注领浆,0.0,0.0,0.0,0.0,0.0,0.0,0.0,0.0,0.0,0.0,0.0,0.7452624713147974
4584.0,76.4,注领浆,0.0,0.0,0.0,0.0,0.0,0.0,0.0,0.0,0.0,0.0,0.0,0.745002162560234
4592.0,76.53333333333333,注领浆,0.0,0.0,0.0,0.0,0.0,0.0,0.0,0.0,0.0,0.0,0.0,0.744742808992135
4600.0,76.66666666666667,注领浆,0.0,0.0,0.0,0.0,0.0,0.0,0.0,0.0,0.0,0.0,0.0,0.7444847231682186
4608.0,76.8,注领浆,0.0,0.0,0.0,0.0,0.0,0.0,0.0,0.0,0.0,0.0,0.0,0.7442293263318507
4616.0,76.93333333333334,注领浆,0.0,0.0,0.0,0.0,0.0,0.0,0.0,0.0,0.0,0.0,0.0,0.7439769233044253
4624.0,77.06666666666666,注领浆,0.0,0.0,0.0,0.0,0.0,0.0,0.0,0.0,0.0,0.0,0.0,0.7437256893073274
4632.0,77.2,注领浆,0.0,0.0,0.0,0.0,0.0,0.0,0.0,0.0,0.0,0.0,0.0,0.7434739628594852
4640.0,77.33333333333333,注领浆,0.0,0.0,0.0,0.0,0.0,0.0,0.0,0.0,0.0,0.0,0.0,0.7432210104370504
4648.0,77.46666666666667,注领浆,0.0,0.0,0.0,0.0,0.0,0.0,0.0,0.0,0.0,0.0,0.0,0.7429678521416055
4656.0,77.6,注领浆,0.0,0.0,0.0,0.0,0.0,0.0,0.0,0.0,0.0,0.0,0.0,0.7427158752489783
4664.0,77.73333333333333,注领浆,0.0,0.0,0.0,0.0,0.0,0.0,0.0,0.0,0.0,0.0,0.0,0.7424646677929919
4672.0,77.86666666666666,注领浆,0.0,0.0,0.0,0.0,0.0,0.0,0.0,0.0,0.0,0.0,0.0,0.7422125284342832
4680.0,78.0,注领浆,0.0,0.0,0.0,0.0,0.0,0.0,0.0,0.0,0.0,0.0,0.0,0.7419587067103395
4688.0,78.13333333333334,注领浆,0.0,0.0,0.0,0.0,0.0,0.0,0.0,0.0,0.0,0.0,0.0,0.7417040451795717
4696.0,78.26666666666667,注领浆,0.0,0.0,0.0,0.0,0.0,0.0,0.0,0.0,0.0,0.0,0.0,0.7414497391682807
4704.0,78.4,注领浆,0.0,0.0,0.0,0.0,0.0,0.0,0.0,0.0,0.0,0.0,0.0,0.741195521299209
4712.0,78.53333333333333,注领浆,0.0,0.0,0.0,0.0,0.0,0.0,0.0,0.0,0.0,0.0,0.0,0.7409397174668524
4720.0,78.66666666666667,注领浆,0.0,0.0,0.0,0.0,0.0,0.0,0.0,0.0,0.0,0.0,0.0,0.740682459415354
4728.0,78.8,注领浆,0.0,0.0,0.0,0.0,0.0,0.0,0.0,0.0,0.0,0.0,0.0,0.7404246351027736
4736.0,78.93333333333334,注领浆,0.0,0.0,0.0,0.0,0.0,0.0,0.0,0.0,0.0,0.0,0.0,0.740167096546714
4744.0,79.06666666666666,注领浆,0.0,0.0,0.0,0.0,0.0,0.0,0.0,0.0,0.0,0.0,0.0,0.7399084915209613
4752.0,79.2,注领浆,0.0,0.0,0.0,0.0,0.0,0.0,0.0,0.0,0.0,0.0,0.0,0.7396484619433472
4760.0,79.33333333333333,注领浆,0.0,0.0,0.0,0.0,0.0,0.0,0.0,0.0,0.0,0.0,0.0,0.7393875009402682
4768.0,79.46666666666667,注领浆,0.0,0.0,0.0,0.0,0.0,0.0,0.0,0.0,0.0,0.0,0.0,0.7391264095054074
4776.0,79.6,注领浆,0.0,0.0,0.0,0.0,0.0,0.0,0.0,0.0,0.0,0.0,0.0,0.7388646692931768
4784.0,79.73333333333333,注领浆,0.0,0.0,0.0,0.0,0.0,0.0,0.0,0.0,0.0,0.0,0.0,0.738601576466864
4792.0,79.86666666666666,注领浆,0.0,0.0,0.0,0.0,0.0,0.0,0.0,0.0,0.0,0.0,0.0,0.738337419359244
4800.0,80.0,注领浆,0.0,0.0,0.0,0.0,0.0,0.0,0.0,0.0,0.0,0.0,0.0,0.738072877549633
4808.0,80.13333333333334,注领浆,0.0,0.0,0.0,0.0,0.0,0.0,0.0,0.0,0.0,0.0,0.0,0.7378077737485828
4816.0,80.26666666666667,注领浆,0.0,0.0,0.0,0.0,0.0,0.0,0.0,0.0,0.0,0.0,0.0,0.7375414174683793
4824.0,80.4,注领浆,0.0,0.0,0.0,0.0,0.0,0.0,0.0,0.0,0.0,0.0,0.0,0.7372740432441273
4832.0,80.53333333333333,注领浆,0.0,0.0,0.0,0.0,0.0,0.0,0.0,0.0,0.0,0.0,0.0,0.7370062214245763
4840.0,80.66666666666667,注领浆,0.0,0.0,0.0,0.0,0.0,0.0,0.0,0.0,0.0,0.0,0.0,0.7367377803338676
4848.0,80.8,注领浆,0.0,0.0,0.0,0.0,0.0,0.0,0.0,0.0,0.0,0.0,0.0,0.7364681910464009
4856.0,80.93333333333334,注尾浆,0.0,0.0,0.0,0.0,0.0,0.0,0.0,0.0,0.0,0.0,0.0,0.7361976849119025
4864.0,81.06666666666666,注尾浆,0.0,0.0,0.0,0.0,0.0,0.0,0.0,0.0,0.0,0.0,0.0,0.7359267178556459
4872.0,81.2,注尾浆,0.0,0.0,0.0,0.0,0.0,0.0,0.0,0.0,0.0,0.0,0.0,0.7356550277947106
4880.0,81.33333333333333,注尾浆,0.0,0.0,0.0,0.0,0.0,0.0,0.0,0.0,0.0,0.0,0.0,0.7353822820416634
4888.0,81.46666666666667,注尾浆,0.0,0.0,0.0,0.0,0.0,0.0,0.0,0.0,0.0,0.0,0.0,0.7351087356679212
4896.0,81.6,注尾浆,0.0,0.0,0.0,0.0,0.0,0.0,0.0,0.0,0.0,0.0,0.0,0.7348346866933402
4904.0,81.73333333333333,注尾浆,0.0,0.0,0.0,0.0,0.0,0.0,0.0,0.0,0.0,0.0,0.0,0.7345598740488226
4912.0,81.86666666666666,注尾浆,0.0,0.0,0.0,0.0,0.0,0.0,0.0,0.0,0.0,0.0,0.0,0.7342841237676155
4920.0,82.0,注尾浆,0.0,0.0,0.0,0.0,0.0,0.0,0.0,0.0,0.0,0.0,0.0,0.7340077218003717
4928.0,82.13333333333334,注尾浆,0.0,0.0,0.0,0.0,0.0,0.0,0.0,0.0,0.0,0.0,0.0,0.7337307712724785
4936.0,82.26666666666667,注尾浆,0.0,0.0,0.0,0.0,0.0,0.0,0.0,0.0,0.0,0.0,0.0,0.7334530713192267
4944.0,82.4,注尾浆,0.0,0.0,0.0,0.0,0.0,0.0,0.0,0.0,0.0,0.0,0.0,0.7331746359663447
4952.0,82.53333333333333,注尾浆,0.0,0.0,0.0,0.0,0.0,0.0,0.0,0.0,0.0,0.0,0.0,0.7328957900403247
4960.0,82.66666666666667,注尾浆,0.0,0.0,0.0,0.0,0.0,0.0,0.0,0.0,0.0,0.0,0.0,0.7326164128660194
4968.0,82.8,注尾浆,0.0,0.0,0.0,0.0,0.0,0.0,0.0,0.0,0.0,0.0,0.0,0.7323363523157749
4976.0,82.93333333333334,注尾浆,0.0,0.0,0.0,0.0,0.0,0.0,0.0,0.0,0.0,0.0,0.0,0.7320557125480964
4984.0,83.06666666666666,注尾浆,0.0,0.0,0.0,0.0,0.0,0.0,0.0,0.0,0.0,0.0,0.0,0.7317746037212325
4992.0,83.2,注尾浆,0.0,0.0,0.0,0.0,0.0,0.0,0.0,0.0,0.0,0.0,0.0,0.7314929817090176
5000.0,83.33333333333333,注尾浆,0.0,0.0,0.0,0.0,0.0,0.0,0.0,0.0,0.0,0.0,0.0,0.7312106839434079
5008.0,83.46666666666667,注尾浆,0.0,0.0,0.0,0.0,0.0,0.0,0.0,0.0,0.0,0.0,0.0,0.7309278641619075
5016.0,83.6,注尾浆,0.0,0.0,0.0,0.0,0.0,0.0,0.0,0.0,0.0,0.0,0.0,0.73064448880853
5024.0,83.73333333333333,注尾浆,0.0,0.0,0.0,0.0,0.0,0.0,0.0,0.0,0.0,0.0,0.0,0.7303604593122215
5032.0,83.86666666666666,注尾浆,0.0,0.0,0.0,0.0,0.0,0.0,0.0,0.0,0.0,0.0,0.0,0.7300757447078177
5040.0,84.0,注尾浆,0.0,0.0,0.0,0.0,0.0,0.0,0.0,0.0,0.0,0.0,0.0,0.7297903804382718
5048.0,84.13333333333334,注尾浆,0.0,0.0,0.0,0.0,0.0,0.0,0.0,0.0,0.0,0.0,0.0,0.7295043284997852
5056.0,84.26666666666667,注尾浆,0.0,0.0,0.0,0.0,0.0,0.0,0.0,0.0,0.0,0.0,0.0,0.7292174434896809
5064.0,84.4,注尾浆,0.0,0.0,0.0,0.0,0.0,0.0,0.0,0.0,0.0,0.0,0.0,0.728929766125978
5072.0,84.53333333333333,注尾浆,0.0,0.0,0.0,0.0,0.0,0.0,0.0,0.0,0.0,0.0,0.0,0.7286412986276734
5080.0,84.66666666666667,注尾浆,0.0,0.0,0.0,0.0,0.0,0.0,0.0,0.0,0.0,0.0,0.0,0.7283519619380909
5088.0,84.8,注尾浆,0.0,0.0,0.0,0.0,0.0,0.0,0.0,0.0,0.0,0.0,0.0,0.7280617051598746
5096.0,84.93333333333334,注尾浆,0.0,0.0,0.0,0.0,0.0,0.0,0.0,0.0,0.0,0.0,0.0,0.7277705346616283
5104.0,85.06666666666666,注尾浆,0.003562362577793059,0.003562362577793059,0.0,0.0,0.0,0.0,0.00048624186042525166,0.0,0.0,0.0,0.008483333333333334,0.7274784556059735
5112.0,85.2,注尾浆,0.00531346631803049,0.00531346631803049,20.73949579831933,0.0,0.0,0.008403361344534411,0.004330194157794654,997.3460722644305,1.0,0.0,0.01002999382636617,0.7271463244108607
5120.0,85.33333333333333,注尾浆,0.006978655909448014,0.006978655909448014,20.73949579831933,0.0,0.0,0.008403361344534411,0.0067169678330833375,350.4680079716553,1.0,0.0,0.011504881968713899,0.726822238631424
5128.0,85.46666666666667,注尾浆,0.008594987010984151,0.008594987010984151,20.73949579831933,0.0,0.0,0.008403361344534411,0.008674740032272392,246.08817994303786,1.0,0.0,0.012937011580171085,0.7265004747901094
5136.0,85.6,注尾浆,0.01018276729770452,0.01018276729770452,41.47899159663866,0.0,0.0,0.016806722689068822,0.010437579767123752,445.8962986151445,1.0,0.0,0.014344055461743475,0.7261778418727431
5144.0,85.73333333333333,注尾浆,0.011761948900498708,0.011761948900498708,41.47899159663866,0.0,0.0,0.016806722689068822,0.012094685000737312,434.52491445307896,1.0,0.0,0.015746172397539157,0.7258556689859489
5152.0,85.86666666666666,注尾浆,0.013330255149667196,0.013330255149667196,62.21848739495799,0.0,0.0,0.025210084033603232,0.01363895222818394,647.8804875992619,1.0,0.0,0.017140448895726818,0.7255317016603356
5160.0,86.0,注尾浆,0.014888295900929865,0.014888295900929865,62.21848739495799,0.0,0.0,0.025210084033603232,0.01514300393757125,646.8988861886089,1.0,0.0,0.018529190464651322,0.7252086964229291
5168.0,86.13333333333334,注尾浆,0.016461959765598742,0.016461959765598742,82.95798319327731,0.0,0.0,0.033613445378137645,0.016700103807848487,860.7599016470157,1.0,0.0,0.019944605713394986,0.7248859196286217
5176.0,86.26666666666667,注尾浆,0.018061121306481482,0.018061121306481482,82.95798319327731,0.0,0.0,0.033613445378137645,0.018279923360908803,856.4366834027173,1.0,0.0,0.021400302290420434,0.7245574402588091
5184.0,86.4,注尾浆,0.019665384037531895,0.019665384037531895,103.69747899159664,0.0,0.0,0.04201680672267205,0.01978868984734449,1059.67448532384,1.0,0.0,0.022873475035374756,0.72422038620551
5192.0,86.53333333333333,注尾浆,0.021262932926602245,0.021262932926602245,103.69747899159664,0.0,20.73949579831933,0.04201680672267205,0.021242874530840495,1039.7792440694259,1.0,0.0,0.02434897629677797,0.7238798810566768
5200.0,86.66666666666667,注尾浆,0.022861591171491807,0.022861591171491807,124.43697478991598,0.0,20.73949579831933,0.050420168067206464,0.022694026338992007,1205.962064987508,1.0,0.0,0.025833182690924387,0.7235386449710107
5208.0,86.8,注尾浆,0.024462786115742506,0.024462786115742506,124.43697478991598,0.0,20.73949579831933,0.050420168067206464,0.024139635892851598,1135.9225471257328,1.0,0.0,0.02732668347274257,0.7231922499540968
5216.0,86.93333333333334,注尾浆,0.026061515690644684,0.026061515690644684,145.1764705882353,0.0,20.73949579831933,0.05882352941174088,0.02555201981249441,1232.3715015353011,1.0,0.0,0.028823382596872834,0.7228393464074524
5224.0,87.06666666666666,注尾浆,0.027654634583197776,0.027654634583197776,145.1764705882353,0.0,20.73949579831933,0.05882352941174088,0.026928826545924944,1123.0455803565021,1.0,0.0,0.030319123988745908,0.7224821622688157
5232.0,87.2,注尾浆,0.029246528301066152,0.029246528301066152,145.1764705882353,0.0,20.73949579831933,0.05882352941174088,0.02829291516339341,1011.5195913514539,1.0,0.0,0.031817407610237027,0.7221225342944602
5240.0,87.33333333333333,注尾浆,0.030836553043963957,0.030836553043963957,165.91596638655463,0.0,20.73949579831933,0.06722689075627529,0.02963486454650671,1044.24996581098,1.0,0.0,0.033316509304088845,0.7217583486285499
5248.0,87.46666666666667,注尾浆,0.03242194637706076,0.03242194637706076,165.91596638655463,0.0,20.73949579831933,0.06722689075627529,0.030945782920938133,959.7055229889831,1.0,0.0,0.03481230163978144,0.7213904431963701
5256.0,87.6,注尾浆,0.03400439730994534,0.03400439730994534,186.65546218487395,0.0,41.47899159663866,0.07563025210080969,0.03223760764047928,1017.3271872432888,1.0,0.0,0.03630524379110813,0.72102061158287
5264.0,87.73333333333333,注尾浆,0.03558490971380934,0.03558490971380934,186.65546218487395,0.0,41.47899159663866,0.07563025210080969,0.033511959988075025,982.4253815676024,1.0,0.0,0.037795501075767575,0.7206486034838456
5272.0,87.86666666666666,注尾浆,0.03716221463341367,0.03716221463341367,207.39495798319328,0.0,41.47899159663866,0.0840336134453441,0.03476368367348434,1074.5951403365752,1.0,0.0,0.03928126874231114,0.720274339220102
5280.0,88.0,注尾浆,0.038737200431294076,0.038737200431294076,207.39495798319328,0.0,41.47899159663866,0.0840336134453441,0.03599961547857543,1071.4449261792186,1.0,0.0,0.040763287438974505,0.7198987881018035
5288.0,88.13333333333334,注尾浆,0.04031056826452098,0.04031056826452098,228.1344537815126,0.0,41.47899159663866,0.09243697478987851,0.037221683287230516,1183.829639404659,1.0,0.0,0.042242339947569305,0.7195215425088546
5296.0,88.26666666666667,注尾浆,0.04188170359904137,0.04188170359904137,228.1344537815126,0.0,41.47899159663866,0.09243697478987851,0.038426984070744886,1193.4926116675226,1.0,0.0,0.0437178290801547,0.7191423133919588
5304.0,88.4,注尾浆,0.04345102230711808,0.04345102230711808,248.87394957983196,20.73949579831933,41.47899159663866,0.09243697478987853,0.03961902641894502,1204.9859542131508,1.0,0.0,0.04519027885545067,0.7187615503626436
5312.0,88.53333333333333,注尾浆,0.04501908839565255,0.04501908839565255,248.87394957983196,20.73949579831933,41.47899159663866,0.09243697478987853,0.0408003437986641,1216.838631738302,1.0,0.0,0.04666047158444041,0.7183790348501902
5320.0,88.66666666666667,注尾浆,0.046585809554960236,0.046585809554960236,269.61344537815125,20.73949579831933,41.47899159663866,0.10084033613441293,0.041969914271148864,1339.9380436449328,1.0,0.0,0.048128436640360865,0.7179944199607021
5328.0,88.8,注尾浆,0.04815107536871483,0.04815107536871483,269.61344537815125,20.73949579831933,62.21848739495799,0.10084033613441293,0.043127691989253626,1351.5347434223584,1.0,0.0,0.04959409735585653,0.7176079494291256
5336.0,88.93333333333334,注尾浆,0.04971518081640512,0.04971518081640512,269.61344537815125,20.73949579831933,62.21848739495799,0.10084033613441293,0.044275666307995454,1362.015342521414,1.0,0.0,0.05105780845924823,0.7172199514724522
5344.0,89.06666666666666,注尾浆,0.05127832353604909,0.05127832353604909,290.3529411764706,20.73949579831933,62.21848739495799,0.10924369747894733,0.04541492316830832,1485.5146462589057,1.0,0.0,0.052519922393440936,0.7168303109981443
5352.0,89.2,注尾浆,0.052840690006002805,0.052840690006002805,290.3529411764706,20.73949579831933,62.21848739495799,0.10924369747894733,0.0465459570956423,1494.0284263470044,1.0,0.0,0.05398071363177886,0.7164388553465759
5360.0,89.33333333333333,注尾浆,0.05440215061572057,0.05440215061572057,311.0924369747899,20.73949579831933,62.21848739495799,0.11764705882348173,0.04766809687293435,1616.3192852393229,1.0,0.0,0.055440051313817504,0.7160456954188588
5368.0,89.46666666666667,注尾浆,0.05596270140171964,0.05596270140171964,311.0924369747899,20.73949579831933,62.21848739495799,0.11764705882348173,0.04878168780742315,1621.6058703769238,1.0,0.0,0.056897880560197005,0.7156511180043543
5376.0,89.6,注尾浆,0.057522466251789285,0.057522466251789285,331.83193277310926,20.73949579831933,62.21848739495799,0.12605042016801615,0.04988776615610406,1740.4594581888698,1.0,0.0,0.05835437863152778,0.7152552976312703
5384.0,89.73333333333333,注尾浆,0.05908167466235928,0.05908167466235928,331.83193277310926,20.73949579831933,62.21848739495799,0.12605042016801615,0.050987503137808365,1740.2283489435322,1.0,0.0,0.05980987845844736,0.7148581699516459
5392.0,89.86666666666666,注尾浆,0.060640446130839784,0.060640446130839784,352.5714285714286,20.73949579831933,62.21848739495799,0.13445378151255058,0.0520813490363947,1851.610514983318,1.0,0.0,0.06126459874108741,0.7144596163213925
5400.0,90.0,注尾浆,0.06219880334266983,0.06219880334266983,352.5714285714286,20.73949579831933,82.95798319327731,0.13445378151255058,0.053169256816089416,1841.3534592976698,1.0,0.0,0.06271857140751422,0.7140595029812303
5408.0,90.13333333333334,注尾浆,0.06375664911449715,0.06375664911449715,373.3109243697479,20.73949579831933,82.95798319327731,0.14285714285708498,0.0542508706210532,1937.7502804724613,1.0,0.0,0.06417165559217027,0.7136580618300463
5416.0,90.26666666666667,注尾浆,0.0653139624577489,0.0653139624577489,373.3109243697479,20.73949579831933,82.95798319327731,0.14285714285708498,0.055326408696439684,1908.8429541645874,1.0,0.0,0.0656238162904845,0.7132555111266936
5424.0,90.4,注尾浆,0.06687073788509934,0.06687073788509934,373.3109243697479,20.73949579831933,82.95798319327731,0.14285714285708498,0.056396130131435074,1884.998915781468,1.0,0.0,0.06707494060163308,0.7128520408634361
5432.0,90.53333333333333,注尾浆,0.06842708307391968,0.06842708307391968,394.05042016806726,20.73949579831933,82.95798319327731,0.15126050420161938,0.05746078858888619,1965.8775148906172,1.0,0.0,0.06852515738876203,0.7124477144119548
5440.0,90.66666666666667,注尾浆,0.06998309476395234,0.06998309476395234,394.05042016806726,20.73949579831933,82.95798319327731,0.15126050420161938,0.05852096048849456,1931.9472361579305,1.0,0.0,0.0699746021076928,0.7120425387099513
5448.0,90.8,注尾浆,0.07153886623587438,0.07153886623587438,414.78991596638656,20.73949579831933,82.95798319327731,0.15966386554615378,0.059577089570828703,2000.6703107536948,1.0,0.0,0.07142339041463326,0.7116363268199655
5456.0,90.93333333333334,注尾浆,0.07309442253817199,0.07309442253817199,414.78991596638656,20.73949579831933,82.95798319327731,0.15966386554615378,0.06062927644162506,1960.960609638442,1.0,0.0,0.07287152755615874,0.7112290190104444
5464.0,91.06666666666666,注尾浆,0.07464973741510071,0.07464973741510071,435.5294117647059,20.73949579831933,82.95798319327731,0.1680672268906882,0.06167746373913184,2023.0914363118343,1.0,0.0,0.07431891117608898,0.7108206336666893
5472.0,91.2,注尾浆,0.07620474106819758,0.07620474106819758,435.5294117647059,20.73949579831933,103.69747899159664,0.1680672268906882,0.06272152864053232,1984.493557893966,1.0,0.0,0.07576534952875566,0.7104112343659861
5480.0,91.33333333333333,注尾浆,0.0777593660359754,0.0777593660359754,456.2689075630252,20.73949579831933,103.69747899159664,0.1764705882352226,0.06376134234063367,2047.2502909157643,1.0,0.0,0.0772106136884703,0.7100009453674828
5488.0,91.46666666666667,注尾浆,0.07931357610537336,0.07931357610537336,456.2689075630252,20.73949579831933,103.69747899159664,0.1764705882352226,0.06479697552101484,2015.7376154732083,1.0,0.0,0.07865452384560973,0.7095899670065483
5496.0,91.6,注尾浆,0.08086737350998102,0.08086737350998102,456.2689075630252,20.73949579831933,103.69747899159664,0.1764705882352226,0.0658286425573833,1989.5325613584905,1.0,0.0,0.08009697165740423,0.7091784135124501
5504.0,91.73333333333333,注尾浆,0.08242077392741022,0.08242077392741022,477.00840336134456,20.73949579831933,103.69747899159664,0.18487394957975703,0.06685664248152039,2062.2655966593697,1.0,0.0,0.08153787270893363,0.7087662810683314
5512.0,91.86666666666666,注尾浆,0.08397383039830449,0.08397383039830449,477.00840336134456,20.73949579831933,103.69747899159664,0.18487394957975703,0.0678813555417588,2045.2223529115308,1.0,0.0,0.08297723620836706,0.7083536409595169
5520.0,92.0,注尾浆,0.08552660393843971,0.08552660393843971,497.7478991596639,20.73949579831933,103.69747899159664,0.19327731092429146,0.06890319039955409,2124.852454976261,1.0,0.0,0.08441510971371484,0.7079404241387263
5528.0,92.13333333333334,注尾浆,0.08707915508615405,0.08707915508615405,497.7478991596639,20.73949579831933,103.69747899159664,0.19327731092429146,0.0699224702735812,2115.239282910236,1.0,0.0,0.08585155525781651,0.7075265318916907
5536.0,92.26666666666667,注尾浆,0.08863152258529197,0.08863152258529197,518.4873949579833,20.73949579831933,103.69747899159664,0.20168067226882586,0.07093946839562489,2200.272268202551,1.0,0.0,0.0872866098636465,0.7071119055638793
5544.0,92.4,注尾浆,0.09018372445010772,0.09018372445010772,518.4873949579833,20.73949579831933,124.43697478991598,0.20168067226882586,0.07195436675694779,2195.7309780315136,1.0,0.0,0.0887202810828305,0.7066964937555702
5552.0,92.53333333333333,注尾浆,0.0917357698078167,0.0917357698078167,539.2268907563025,20.73949579831933,124.43697478991598,0.21008403361336023,0.07296725548075417,2284.376247669607,1.0,0.0,0.0901525513720686,0.7062802500129116
5560.0,92.66666666666667,注尾浆,0.0932876507562548,0.0932876507562548,539.2268907563025,20.73949579831933,124.43697478991598,0.21008403361336023,0.0739781655931672,2282.9188067373143,1.0,0.0,0.09158336240054375,0.7058631881706723
5568.0,92.8,注尾浆,0.0948393428340396,0.0948393428340396,539.2268907563025,20.73949579831933,124.43697478991598,0.21008403361336023,0.07498713391045238,2282.4482411914237,1.0,0.0,0.09301262919199434,0.7054453707718712
5576.0,92.93333333333334,注尾浆,0.09639082789827944,0.09639082789827944,559.9663865546219,20.73949579831933,124.43697478991598,0.21848739495789465,0.07599417437982771,2373.975670446509,1.0,0.0,0.09444026385358775,0.7050267909334504
5584.0,93.06666666666666,注尾浆,0.09794208828629132,0.09794208828629132,559.9663865546219,20.73949579831933,124.43697478991598,0.21848739495789465,0.07699932658899306,2374.6886806337775,1.0,0.0,0.0958661753389421,0.7046074890652817
5592.0,93.2,注尾浆,0.09949311846834016,0.09949311846834016,580.7058823529412,20.73949579831933,124.43697478991598,0.22689075630242908,0.07800268846380747,2467.0621337215393,1.0,0.0,0.09729028793355493,0.7041875006110365
5600.0,93.33333333333333,注尾浆,0.10104392345939642,0.10104392345939642,580.7058823529412,20.73949579831933,124.43697478991598,0.22689075630242908,0.0790044258095463,2468.2606059089835,1.0,0.0,0.09871254651663905,0.7037668145929739
5608.0,93.46666666666667,注尾浆,0.10259453397953917,0.10259453397953917,601.4453781512606,20.73949579831933,145.1764705882353,0.2352941176469635,0.08000479696745932,2560.972394902445,1.0,0.0,0.10013293287913133,0.703345372092439
5616.0,93.6,注尾浆,0.1041449886231361,0.1041449886231361,601.4453781512606,20.73949579831933,145.1764705882353,0.2352941176469635,0.08100404816447443,2562.204903750785,1.0,0.0,0.1015514211042452,0.7029231512046993
5624.0,93.73333333333333,注尾浆,0.10569533675454881,0.10569533675454881,601.4453781512606,20.73949579831933,145.1764705882353,0.2352941176469635,0.08200248604096763,2563.2951473855983,1.0,0.0,0.10296800652433429,0.7025000317526214
5632.0,93.86666666666666,注尾浆,0.1072456299224667,0.1072456299224667,622.1848739495798,20.73949579831933,145.1764705882353,0.24369747899149788,0.0830004011165266,2655.7566163250867,1.0,0.0,0.10438270561133971,0.7020759070600642
5640.0,94.0,注尾浆,0.10879593388892875,0.10879593388892875,622.1848739495798,20.73949579831933,145.1764705882353,0.24369747899149788,0.0839981535616446,2656.382476081833,1.0,0.0,0.1057955613436066,0.7016506679707122
5648.0,94.13333333333334,注尾浆,0.11034630862213432,0.11034630862213432,642.9243697478992,41.47899159663866,145.1764705882353,0.24369747899149788,0.08499599537459979,2656.666004808794,1.0,0.0,0.10720661815821779,0.7012241552177849
5656.0,94.26666666666667,注尾浆,0.11189681248351531,0.11189681248351531,642.9243697478992,41.47899159663866,145.1764705882353,0.24369747899149788,0.0859942406722312,2656.570136507281,1.0,0.0,0.1086159218497763,0.7007962027113933
5664.0,94.4,注尾浆,0.11344749438822894,0.11344749438822894,663.6638655462185,41.47899159663866,145.1764705882353,0.2521008403360323,0.08699309126404785,2747.6353664565536,1.0,0.0,0.11002351081357793,0.7003667484476713
5672.0,94.53333333333333,注尾浆,0.11499839963547175,0.11499839963547175,663.6638655462185,41.47899159663866,165.91596638655463,0.2521008403360323,0.0879927767844799,2746.6224249261213,1.0,0.0,0.11142941556500047,0.6999356927407858
5680.0,94.66666666666667,注尾浆,0.11654957298619899,0.11654957298619899,663.6638655462185,41.47899159663866,165.91596638655463,0.2521008403360323,0.08899345856361927,2745.1220862931254,1.0,0.0,0.11283366326381368,0.6995029786481584
5688.0,94.8,注尾浆,0.1181010484162216,0.1181010484162216,684.4033613445379,41.47899159663866,165.91596638655463,0.2605042016805667,0.08999530581479795,2834.5440601090204,1.0,0.0,0.1142362649978183,0.6990686073054183
5696.0,94.93333333333334,注尾浆,0.11965287294845825,0.11965287294845825,684.4033613445379,41.47899159663866,165.91596638655463,0.2605042016805667,0.09099850490359579,2831.909540869255,1.0,0.0,0.11563723583235128,0.6986325920232576
5704.0,95.06666666666666,注尾浆,0.12120509564909658,0.12120509564909658,705.1428571428572,41.47899159663866,165.91596638655463,0.26890756302510116,0.09200328658918405,2919.963681447362,1.0,0.0,0.11703658458302202,0.6981949101134155
5712.0,95.2,注尾浆,0.12275775948861171,0.12275775948861171,705.1428571428572,41.47899159663866,165.91596638655463,0.26890756302510116,0.09300981979977983,2916.0630086984265,1.0,0.0,0.1184343153101091,0.6977556063538721
5720.0,95.33333333333333,注尾浆,0.12431089248595556,0.12431089248595556,705.1428571428572,41.47899159663866,165.91596638655463,0.26890756302510116,0.09401823358172222,2911.5327813134522,1.0,0.0,0.11983040931199988,0.6973147086242368
5728.0,95.46666666666667,注尾浆,0.1258645370410196,0.1258645370410196,725.8823529411765,41.47899159663866,186.65546218487395,0.2773109243696355,0.09502870017263419,2997.176509484588,1.0,0.0,0.1212248287213841,0.6968721751420193
5736.0,95.6,注尾浆,0.12741869311218665,0.12741869311218665,725.8823529411765,41.47899159663866,186.65546218487395,0.2773109243696355,0.09604129281692884,2991.12299249551,1.0,0.0,0.12261752341901837,0.6964280254869568
5744.0,95.73333333333333,注尾浆,0.12897334915146733,0.12897334915146733,746.6218487394958,41.47899159663866,186.65546218487395,0.28571428571416996,0.09705601329894611,3074.7356276402693,1.0,0.0,0.12400844087219913,0.6959822820074721
5752.0,95.86666666666666,注尾浆,0.13052845753919695,0.13052845753919695,746.6218487394958,41.47899159663866,186.65546218487395,0.28571428571416996,0.0980727176445305,3066.8592385839825,1.0,0.0,0.12539751025944096,0.6955348822853751
5760.0,96.0,注尾浆,0.1320839532704725,0.1320839532704725,746.6218487394958,41.47899159663866,186.65546218487395,0.28571428571416996,0.09909116973950073,3058.0444289296593,1.0,0.0,0.12678465920224374,0.6950858317382712
5768.0,96.13333333333334,注尾浆,0.13363973129176873,0.13363973129176873,767.3613445378152,41.47899159663866,186.65546218487395,0.29411764705870436,0.1001110900865065,3137.820290482186,1.0,0.0,0.128169795261615,0.6946351688124919
5776.0,96.26666666666667,注尾浆,0.1351956518277481,0.1351956518277481,767.3613445378152,41.47899159663866,186.65546218487395,0.29411764705870436,0.10113197247481784,3126.4176200482916,1.0,0.0,0.12955280818456055,0.6941830004315718
5784.0,96.4,注尾浆,0.1367515604516183,0.1367515604516183,788.1008403361345,41.47899159663866,186.65546218487395,0.30252100840323876,0.10215322701977848,3202.547237475102,1.0,0.0,0.130933603390587,0.6937295033392661
5792.0,96.53333333333333,注尾浆,0.13830729282616974,0.13830729282616974,788.1008403361345,41.47899159663866,207.39495798319328,0.30252100840323876,0.10317421084625138,3187.615330982843,1.0,0.0,0.13231210052432507,0.6932749159669971
5800.0,96.66666666666667,注尾浆,0.13986269556015618,0.13986269556015618,788.1008403361345,41.47899159663866,207.39495798319328,0.30252100840323876,0.10419445344656839,3170.633477559521,1.0,0.0,0.13368824003854857,0.6928194289001866
5808.0,96.8,注尾浆,0.1414176790214014,0.1414176790214014,808.8403361344538,41.47899159663866,207.39495798319328,0.31092436974777315,0.1052136235858768,3238.723484040855,1.0,0.0,0.13506200509318778,0.6923633157327328
5816.0,96.93333333333334,注尾浆,0.14297229513708884,0.14297229513708884,808.8403361344538,41.47899159663866,207.39495798319328,0.31092436974777315,0.10623192886387021,3215.6461303024835,1.0,0.0,0.13643351496001369,0.6919068020033963
5824.0,97.06666666666666,注尾浆,0.14452663951007919,0.14452663951007919,829.5798319327731,41.47899159663866,207.39495798319328,0.31932773109230755,0.10724977094915109,3274.956484872374,1.0,0.0,0.13780290042513152,0.6914499163341598
5832.0,97.2,注尾浆,0.1460808029828358,0.1460808029828358,829.5798319327731,41.47899159663866,207.39495798319328,0.31932773109230755,0.10826771321868192,3242.5071930998697,1.0,0.0,0.13917030469590422,0.6909926072131574
5840.0,97.33333333333333,注尾浆,0.14763498863662758,0.14763498863662758,829.5798319327731,41.47899159663866,207.39495798319328,0.31932773109230755,0.10928653646029161,3203.965310155101,1.0,0.0,0.140535940667821,0.690534848429504
5848.0,97.46666666666667,注尾浆,0.14918936276110525,0.14918936276110525,850.3193277310925,41.47899159663866,228.1344537815126,0.327731092436842,0.11030687907343788,3257.3736260713868,1.0,0.0,0.14189990125045854,0.6900764880435014
5856.0,97.6,注尾浆,0.15074402001572132,0.15074402001572132,850.3193277310925,41.47899159663866,228.1344537815126,0.327731092436842,0.11132916549791148,3227.3056998176035,1.0,0.0,0.14326226761316235,0.6896174926488262
5864.0,97.73333333333333,注尾浆,0.15229904718752327,0.15229904718752327,871.0588235294118,41.47899159663866,228.1344537815126,0.3361344537813764,0.11235378638479539,3278.01770815157,1.0,0.0,0.1446231121812365,0.6891579366442872
5872.0,97.86666666666666,注尾浆,0.15385450483921198,0.15385450483921198,871.0588235294118,41.47899159663866,228.1344537815126,0.3361344537813764,0.11338094733284776,3245.059119575756,1.0,0.0,0.14598248916422432,0.6886978414621195
5880.0,98.0,注尾浆,0.15541036647768838,0.15541036647768838,871.0588235294118,41.47899159663866,228.1344537815126,0.3361344537813764,0.11441052115234698,3211.4994317318224,1.0,0.0,0.1473403728352329,0.6882372957065026
5888.0,98.13333333333334,注尾浆,0.15696659501493687,0.15696659501493687,891.7983193277312,41.47899159663866,228.1344537815126,0.3445378151259108,0.1154423258311542,3257.1161475665153,1.0,0.0,0.14869674200647434,0.6877765667887629
5896.0,98.26666666666667,注尾浆,0.158523129664642,0.158523129664642,891.7983193277312,41.47899159663866,228.1344537815126,0.3445378151259108,0.11647616371928551,3222.5453515141357,1.0,0.0,0.150051557238469,0.6873157982876777
5904.0,98.4,注尾浆,0.1600798965594393,0.1600798965594393,891.7983193277312,41.47899159663866,248.87394957983196,0.3445378151259108,0.11751170951597278,3188.42000731215,1.0,0.0,0.15140476584613058,0.686855248329091
5912.0,98.53333333333333,注尾浆,0.1616368266208571,0.1616368266208571,912.5378151260504,41.47899159663866,248.87394957983196,0.3529411764704452,0.11854865893138529,3231.9998552250718,1.0,0.0,0.1527563184226084,0.686395172722016
5920.0,98.66666666666667,注尾浆,0.16319385282345097,0.16319385282345097,912.5378151260504,41.47899159663866,248.87394957983196,0.3529411764704452,0.11958680943301017,3198.842894567388,1.0,0.0,0.15410616072430555,0.6859357190433079
5928.0,98.8,注尾浆,0.16475093604737034,0.16475093604737034,933.2773109243698,41.47899159663866,248.87394957983196,0.3613445378149796,0.12062612618197885,3242.325820621963,1.0,0.0,0.15545425129699703,0.6854770155654747
5936.0,98.93333333333334,注尾浆,0.16630807127643163,0.16630807127643163,933.2773109243698,41.47899159663866,248.87394957983196,0.3613445378149796,0.12166664860776047,3211.019324414293,1.0,0.0,0.1568005609253761,0.6850192393708319
5944.0,99.06666666666666,注尾浆,0.16786526385073172,0.16786526385073172,933.2773109243698,41.47899159663866,248.87394957983196,0.3613445378149796,0.12270847300427316,3181.1513130603817,1.0,0.0,0.15814505610996432,0.6845624971241772
5952.0,99.2,注尾浆,0.16942250469386572,0.16942250469386572,954.0168067226891,41.47899159663866,248.87394957983196,0.36974789915951406,0.12375168130008249,3226.038580408207,1.0,0.0,0.15948768079205408,0.6841068527991001
5960.0,99.33333333333333,注尾浆,0.1709797970549966,0.1709797970549966,954.0168067226891,41.47899159663866,248.87394957983196,0.36974789915951406,0.12479641782456351,3198.360436884299,1.0,0.0,0.16082837704156341,0.6836524492386183
5968.0,99.46666666666667,注尾浆,0.17253715871891348,0.17253715871891348,954.0168067226891,41.47899159663866,269.61344537815125,0.36974789915951406,0.12584278916789843,3172.0227188284707,1.0,0.0,0.16216709206266852,0.6831993436563903
5976.0,99.6,注尾浆,0.17409454698878402,0.17409454698878402,974.7563025210085,41.47899159663866,269.61344537815125,0.37815126050404846,0.1268906584789424,3218.4588713584753,1.0,0.0,0.16350374260284578,0.6827475415068656
5984.0,99.73333333333333,注尾浆,0.17565181797196266,0.17565181797196266,974.7563025210085,41.47899159663866,269.61344537815125,0.37815126050404846,0.12793957558176186,3193.9825739937096,1.0,0.0,0.1648381915496529,0.682297155701279
5992.0,99.86666666666666,注尾浆,0.1772088087825745,0.1772088087825745,995.4957983193278,41.47899159663866,269.61344537815125,0.3865546218485829,0.12898895703212693,3241.0520649064665,1.0,0.0,0.1661703035031585,0.681848272099831
6000.0,100.0,施工结束后保持,0.1772088087825745,0.1772088087825745,995.4957983193278,41.47899159663866,269.61344537815125,0.3865546218485829,0.12898895703212693,3216.901875778207,1.0,0.0,0.1661703035031585,0.6814009857126027
6008.0,100.13333333333334,注后置液(管内),0.17798973093853312,0.17798973093853312,995.4957983193278,41.47899159663866,269.61344537815125,0.3865546218485829,0.12968757533666891,3217.7567239997347,1.0,0.0,0.16683877466119812,0.6814009857126027
6016.0,100.26666666666667,注后置液(管内),0.1787594835474092,0.1787594835474092,995.4957983193278,41.47899159663866,269.61344537815125,0.3865546218485829,0.13036554121336913,2984.526173990992,1.0,0.0,0.16748624830076375,0.6811775259692162
6024.0,100.4,注后置液(管内),0.17952241177480563,0.17952241177480563,995.4957983193278,41.47899159663866,269.61344537815125,0.3865546218485829,0.1310323549881327,3269.293910610505,1.0,0.0,0.16812071322710614,0.6809781585708372
6032.0,100.53333333333333,注后置液(管内),0.18028114210151855,0.18028114210151855,995.4957983193278,41.47899159663866,269.61344537815125,0.3865546218485829,0.13169243579166023,3448.496677123741,1.0,0.0,0.16874660526249943,0.680794503437954
6040.0,100.66666666666667,注后置液(管内),0.18103717652994267,0.18103717652994267,1016.2352941176471,41.47899159663866,269.61344537815125,0.39495798319311726,0.13234839989967573,3617.406747272572,1.0,0.0,0.16936653472089028,0.680621675841338
6048.0,100.8,注后置液(管内),0.18179143129690914,0.18179143129690914,1016.2352941176471,41.47899159663866,269.61344537815125,0.39495798319311726,0.1330019029221484,3680.7948636775463,1.0,0.0,0.16998211143732198,0.6804566405426804
6056.0,100.93333333333334,注后置液(管内),0.182544487013904,0.182544487013904,1016.2352941176471,41.47899159663866,269.61344537815125,0.39495798319311726,0.13365404253883909,3724.7537542227515,1.0,0.0,0.17059437516962678,0.6802974378357483
6064.0,101.06666666666666,注后置液(管内),0.18329670599584255,0.18329670599584255,1016.2352941176471,41.47899159663866,269.61344537815125,0.39495798319311726,0.1343055108941549,3755.906900289385,1.0,0.0,0.1712040141820059,0.6801427500189433
6072.0,101.2,注后置液(管内),0.18404834879119722,0.18404834879119722,1016.2352941176471,41.47899159663866,269.61344537815125,0.39495798319311726,0.1349568527376906,3778.314020575986,1.0,0.0,0.17181153168225363,0.6799916964398436
6080.0,101.33333333333333,注后置液(管内),0.18479958455666134,0.18479958455666134,1036.9747899159665,41.47899159663866,269.61344537815125,0.4033613445376517,0.13560841767921775,3875.2754262456115,1.0,0.0,0.17241726740983246,0.6798435890668171
6088.0,101.46666666666667,注后置液(管内),0.1855505340967744,0.1855505340967744,1036.9747899159665,41.47899159663866,269.61344537815125,0.4033613445376517,0.13626046708164502,3887.2577103148146,1.0,0.0,0.1730214762833935,0.6796979682460731
6096.0,101.6,注后置液(管内),0.186301281218171,0.186301281218171,1036.9747899159665,41.47899159663866,269.61344537815125,0.4033613445376517,0.13691318034418795,3895.7951490056084,1.0,0.0,0.1736243476295007,0.6795544365514878
6104.0,101.73333333333333,注后置液(管内),0.18705188680259163,0.18705188680259163,1036.9747899159665,41.47899159663866,269.61344537815125,0.4033613445376517,0.13756668749768852,3901.6659191588933,1.0,0.0,0.17422602911721852,0.6794127094504208
6112.0,101.86666666666666,注后置液(管内),0.18780239453869188,0.18780239453869188,1057.7142857142858,41.47899159663866,290.3529411764706,0.4117647058821861,0.13822108284410906,3986.7771914281266,1.0,0.0,0.17482663304125326,0.679272573360513
6120.0,102.0,注后置液(管内),0.18855283712929136,0.18855283712929136,1057.7142857142858,41.47899159663866,290.3529411764706,0.4117647058821861,0.13887643621761933,3988.8297393779817,1.0,0.0,0.17542624833424678,0.6791338981404315
6128.0,102.13333333333334,注后置液(管内),0.18930323883426797,0.18930323883426797,1057.7142857142858,41.47899159663866,290.3529411764706,0.4117647058821861,0.1395328006532339,3989.3868666839903,1.0,0.0,0.17602494414152067,0.6789965310186118
6136.0,102.26666666666667,注后置液(管内),0.19005361445170496,0.19005361445170496,1057.7142857142858,41.47899159663866,290.3529411764706,0.4117647058821861,0.14019020632948956,3988.6965161712455,1.0,0.0,0.1766227705048839,0.6788603521903378
6144.0,102.4,注后置液(管内),0.19080397586607553,0.19080397586607553,1057.7142857142858,41.47899159663866,290.3529411764706,0.4117647058821861,0.14084867655722966,3986.948566194762,1.0,0.0,0.17721977082257043,0.6787252732816035
6152.0,102.53333333333333,注后置液(管内),0.19155433133805083,0.19155433133805083,1078.453781512605,41.47899159663866,290.3529411764706,0.42016806722672045,0.14150822685951003,4065.6011239413133,1.0,0.0,0.1778159793369105,0.678591219697522
6160.0,102.66666666666667,注后置液(管内),0.192304686153763,0.192304686153763,1078.453781512605,41.47899159663866,290.3529411764706,0.42016806722672045,0.14216886664515296,4062.066123770345,1.0,0.0,0.17841142367425775,0.6784581378162708
6168.0,102.8,注后置液(管内),0.19305504450978214,0.19305504450978214,1078.453781512605,41.47899159663866,290.3529411764706,0.42016806722672045,0.1428306019449339,4057.775377785403,1.0,0.0,0.17900612844383146,0.6783259746860911
6176.0,102.93333333333334,注后置液(管内),0.19380541104782514,0.19380541104782514,1078.453781512605,41.47899159663866,290.3529411764706,0.42016806722672045,0.1434934422193577,4052.7920549674377,1.0,0.0,0.17960011659297087,0.6781947120288534
6184.0,103.06666666666666,注后置液(管内),0.19455578663869444,0.19455578663869444,1078.453781512605,41.47899159663866,290.3529411764706,0.42016806722672045,0.14415738561393768,4047.1827429464047,1.0,0.0,0.18019340438833267,0.6780643037557289
6192.0,103.2,注后置液(管内),0.19530617116490875,0.19530617116490875,1099.1932773109245,41.47899159663866,290.3529411764706,0.42857142857125496,0.14482242832695166,4121.834759568414,1.0,0.0,0.18078600527226646,0.6779346922021803
6200.0,103.33333333333333,施工结束后保持,0.19530617116490875,0.19530617116490875,1099.1932773109245,41.47899159663866,290.3529411764706,0.42857142857125496,0.14482242832695166,4114.029475466499,1.0,0.0,0.18078600527226646,0.6778058243570919
6208.0,103.46666666666667,注轻泥浆,0.1971790924350961,0.1971790924350961,1099.1932773109245,41.47899159663866,290.3529411764706,0.42857142857125496,0.14593111562445055,4115.754041990184,1.0,0.0,0.18225960799791943,0.6778058243570919
6216.0,103.6,注轻泥浆,0.19908130454749537,0.19908130454749537,1119.9327731092437,41.47899159663866,290.3529411764706,0.4369747899157893,0.14709227345977816,4429.973224048604,1.0,0.0,0.18377180831438217,0.6774780835516491
6224.0,103.73333333333333,注轻泥浆,0.20100216972237672,0.20100216972237672,1119.9327731092437,41.47899159663866,290.3529411764706,0.4369747899157893,0.14828870803964106,3968.783289499755,1.0,0.0,0.18531362986521596,0.6771039057072097
6232.0,103.86666666666666,注轻泥浆,0.20293490929022392,0.20293490929022392,1140.672268907563,41.47899159663866,290.3529411764706,0.4453781512603237,0.14950981602265223,3767.2114550526303,1.0,0.0,0.18687650336192768,0.6766953077325963
6240.0,104.0,注轻泥浆,0.2048752322607452,0.2048752322607452,1140.672268907563,41.47899159663866,290.3529411764706,0.4453781512603237,0.15074923285170963,3574.236457470682,1.0,0.0,0.1884538496925113,0.6762616956928571
6248.0,104.13333333333334,注轻泥浆,0.2068204313342577,0.2068204313342577,1161.4117647058824,41.47899159663866,290.3529411764706,0.45378151260485816,0.15200296465301363,3492.7717687717636,1.0,0.0,0.19004087001989936,0.6758100622418348
6256.0,104.26666666666667,注轻泥浆,0.2087687479427149,0.2087687479427149,1161.4117647058824,41.47899159663866,311.0924369747899,0.45378151260485816,0.15326814177699052,3376.7731654585255,1.0,0.0,0.1916340887991468,0.6753454947645857
6264.0,104.4,注轻泥浆,0.21071895794441678,0.21071895794441678,1161.4117647058824,41.47899159663866,311.0924369747899,0.45378151260485816,0.1545422487481869,3286.9997899810005,1.0,0.0,0.19323093350194298,0.6748715967344674
6272.0,104.53333333333333,注轻泥浆,0.21267019289184275,0.21267019289184275,1182.1512605042017,41.47899159663866,311.0924369747899,0.46218487394939256,0.1558229414181467,3277.824239941341,1.0,0.0,0.19482952462695138,0.6743912701898261
6280.0,104.66666666666667,注轻泥浆,0.21462177657386697,0.21462177657386697,1182.1512605042017,41.47899159663866,311.0924369747899,0.46218487394939256,0.15710810966557065,3223.999505673478,1.0,0.0,0.19642848067762636,0.6739068743594818
6288.0,104.8,注轻泥浆,0.2165731250008849,0.2165731250008849,1202.8907563025211,41.47899159663866,311.0924369747899,0.470588235293927,0.15839609228374807,3239.590648014812,1.0,0.0,0.19802676027565164,0.6734202835687964
6296.0,104.93333333333334,注轻泥浆,0.2185238424604145,0.2185238424604145,1202.8907563025211,41.47899159663866,311.0924369747899,0.470588235293927,0.1596853951282308,3204.4068279529215,1.0,0.0,0.19962369285187206,0.6729333201675701
6304.0,105.06666666666666,注轻泥浆,0.22047371806492913,0.22047371806492913,1202.8907563025211,41.47899159663866,311.0924369747899,0.470588235293927,0.16097491977177758,3174.082690568989,1.0,0.0,0.2012189776335855,0.6724473912085769
6312.0,105.2,注轻泥浆,0.22242264861234942,0.22242264861234942,1223.6302521008404,41.47899159663866,331.83193277310926,0.47899159663846136,0.16226404367122002,3202.61107585184,1.0,0.0,0.2028125449432306,0.671963148580317
6320.0,105.33333333333333,注轻泥浆,0.22437060366128658,0.22437060366128658,1223.6302521008404,62.21848739495799,331.83193277310926,0.470588235293927,0.1635526877182283,3119.85125018388,1.0,0.0,0.20440445673932423,0.6714806135580661
6328.0,105.46666666666667,注轻泥浆,0.22631767212057918,0.22631767212057918,1244.3697478991596,62.21848739495799,331.83193277310926,0.47899159663846136,0.16484061482009355,3148.4165185163747,1.0,0.0,0.20599490630142447,0.6709993542752913
6336.0,105.6,注轻泥浆,0.22826387044289945,0.22826387044289945,1244.3697478991596,62.21848739495799,331.83193277310926,0.47899159663846136,0.16612756931801748,3120.177877271477,1.0,0.0,0.2075840782358012,0.6705188687052626
6344.0,105.73333333333333,注轻泥浆,0.23020922509012925,0.23020922509012925,1265.109243697479,62.21848739495799,331.83193277310926,0.48739495798299587,0.16741308851706718,3144.1638131701316,1.0,0.0,0.20917220630099223,0.6700388110676929
6352.0,105.86666666666666,注轻泥浆,0.23215363566197492,0.23215363566197492,1265.109243697479,62.21848739495799,331.83193277310926,0.48739495798299587,0.16869647816190764,3110.4291681403392,1.0,0.0,0.21075936123072211,0.6695589497398889
6360.0,106.0,注轻泥浆,0.23409691658629006,0.23409691658629006,1265.109243697479,62.21848739495799,352.5714285714286,0.48739495798299587,0.16997683166636365,3072.5924299733047,1.0,0.0,0.2123455488282525,0.6690792385894054
6368.0,106.13333333333334,注轻泥浆,0.2360387899967835,0.2360387899967835,1285.8487394957983,62.21848739495799,352.5714285714286,0.4957983193275302,0.17125309784742054,3081.452421851731,1.0,0.0,0.2139306465719619,0.6685998427387297
6376.0,106.26666666666667,注轻泥浆,0.23797894081297744,0.23797894081297744,1285.8487394957983,62.21848739495799,352.5714285714286,0.4957983193275302,0.17252402040568002,3042.09818893352,1.0,0.0,0.21551439386077695,0.6681210155240264
6384.0,106.4,注轻泥浆,0.23991701979249216,0.23991701979249216,1285.8487394957983,62.21848739495799,352.5714285714286,0.4957983193275302,0.17378850911152294,3000.554542069535,1.0,0.0,0.21709647571408996,0.6676428879383624
6392.0,106.53333333333333,注轻泥浆,0.24185274520597086,0.24185274520597086,1306.5882352941178,62.21848739495799,373.3109243697479,0.5042016806720647,0.17504555309828015,3006.9950819541277,1.0,0.0,0.21867656913030156,0.6671653765800769
6400.0,106.66666666666667,注轻泥浆,0.24378588549561073,0.24378588549561073,1306.5882352941178,62.21848739495799,373.3109243697479,0.5042016806720647,0.17629442297715636,2960.5108175987293,1.0,0.0,0.22025428884936765,0.6666877841748455
6408.0,106.8,注轻泥浆,0.2457162961331813,0.2457162961331813,1327.327731092437,62.21848739495799,373.3109243697479,0.5126050420165991,0.1775347671482156,2960.6514880596246,1.0,0.0,0.22182926060659128,0.6662088538317922
6416.0,106.93333333333334,注轻泥浆,0.2476439785150896,0.2476439785150896,1327.327731092437,62.21848739495799,373.3109243697479,0.5126050420165991,0.17876666047549547,2909.8586225420718,1.0,0.0,0.22340124697147573,0.6657268804825934
6424.0,107.06666666666666,注轻泥浆,0.24956898839861227,0.24956898839861227,1327.327731092437,62.21848739495799,373.3109243697479,0.5126050420165991,0.1799904725722074,2858.20274940949,1.0,0.0,0.22497012014908363,0.6652401728361241
6432.0,107.2,注轻泥浆,0.2514914275339937,0.2514914275339937,1348.0672268907563,62.21848739495799,394.05042016806726,0.5210084033611334,0.1812065065316999,2852.818068218142,1.0,0.0,0.2265358610062695,0.6647475659810214
6440.0,107.33333333333333,注轻泥浆,0.2534113508771612,0.2534113508771612,1348.0672268907563,62.21848739495799,394.05042016806726,0.5210084033611334,0.18241497835091589,2802.005679106811,1.0,0.0,0.2280984277234043,0.6642486511700528
6448.0,107.46666666666667,注轻泥浆,0.2553287797373841,0.2553287797373841,1368.8067226890757,62.21848739495799,394.05042016806726,0.5294117647056679,0.18361597431209017,2797.872376441804,1.0,0.0,0.22965774032457067,0.6637436365714267
6456.0,107.6,注轻泥浆,0.2572437099069573,0.2572437099069573,1368.8067226890757,62.21848739495799,394.05042016806726,0.5294117647056679,0.1848094964552214,2751.3030179643565,1.0,0.0,0.231213691499971,0.6632329597206075
6464.0,107.73333333333333,注轻泥浆,0.2591561215687812,0.2591561215687812,1368.8067226890757,62.21848739495799,414.78991596638656,0.5294117647056679,0.18599552165691183,2707.6386846056503,1.0,0.0,0.23276616116600463,0.6627170323381838
6472.0,107.86666666666666,注轻泥浆,0.2610659855657498,0.2610659855657498,1389.546218487395,62.21848739495799,414.78991596638656,0.5378151260502023,0.18717393823098483,2709.147895876945,1.0,0.0,0.2343150244755976,0.6621962045749387
6480.0,108.0,注轻泥浆,0.2629732620326238,0.2629732620326238,1389.546218487395,62.21848739495799,414.78991596638656,0.5378151260502023,0.18834460632480768,2670.3882574057507,1.0,0.0,0.2358601585499388,0.6616706327514311
6488.0,108.13333333333334,注轻泥浆,0.26487793060166726,0.26487793060166726,1389.546218487395,62.21848739495799,414.78991596638656,0.5378151260502023,0.18950746398337195,2634.098042218819,1.0,0.0,0.23740146801315345,0.661140423015055
6496.0,108.26666666666667,注轻泥浆,0.266779976578977,0.266779976578977,1410.2857142857144,62.21848739495799,435.5294117647059,0.5462184873947368,0.19066247011022333,2640.636300010505,1.0,0.0,0.23893885908721715,0.6606056647776058
6504.0,108.4,注轻泥浆,0.26867939664451945,0.26867939664451945,1410.2857142857144,62.21848739495799,435.5294117647059,0.5462184873947368,0.19180962791945283,2607.989139283548,1.0,0.0,0.24047227333268206,0.6600664364865203
6512.0,108.53333333333333,注轻泥浆,0.27057616789304695,0.27057616789304695,1410.2857142857144,62.21848739495799,435.5294117647059,0.5462184873947368,0.19294890498925646,2577.070939936313,1.0,0.0,0.24200164303653823,0.6595227738860908
6520.0,108.66666666666667,注轻泥浆,0.2724702778878678,0.2724702778878678,1431.0252100840337,62.21848739495799,435.5294117647059,0.5546218487392711,0.1940802824650017,2586.856927498915,1.0,0.0,0.2435269238662846,0.658974726169926
6528.0,108.8,注轻泥浆,0.27436171472445053,0.27436171472445053,1431.0252100840337,62.21848739495799,435.5294117647059,0.5546218487392711,0.19520373161173618,2558.3263146550353,1.0,0.0,0.24504808282164617,0.6584223299540748
6536.0,108.93333333333334,注轻泥浆,0.27625047705875516,0.27625047705875516,1451.764705882353,62.21848739495799,456.2689075630252,0.5630252100838055,0.1963192716084115,2569.3075686857846,1.0,0.0,0.24656510156409991,0.6578655962083059
6544.0,109.06666666666666,注轻泥浆,0.2781365620776682,0.2781365620776682,1451.764705882353,62.21848739495799,456.2689075630252,0.5630252100838055,0.1974269371929071,2542.5580662860493,1.0,0.0,0.2480779670128284,0.6573045550115476
6552.0,109.2,注轻泥浆,0.28001998475877304,0.28001998475877304,1451.764705882353,62.21848739495799,456.2689075630252,0.5630252100838055,0.19852680824898397,2516.714173908568,1.0,0.0,0.24958668886357313,0.6567392251353747
6560.0,109.33333333333333,注轻泥浆,0.2819007378901064,0.2819007378901064,1472.5042016806724,62.21848739495799,456.2689075630252,0.5714285714283399,0.1996188981018415,2528.852705615092,1.0,0.0,0.25109126493809136,0.6561696058593892
6568.0,109.46666666666667,注轻泥浆,0.283778815662923,0.283778815662923,1472.5042016806724,62.21848739495799,477.00840336134456,0.5714285714283399,0.20070322100270552,2504.1386187451913,1.0,0.0,0.25259169920389374,0.6555956965748144
6576.0,109.6,注轻泥浆,0.28565421177911016,0.28565421177911016,1472.5042016806724,62.21848739495799,477.00840336134456,0.5714285714283399,0.2017797941759181,2480.042930659977,1.0,0.0,0.2540879886560652,0.6550175051244741
6584.0,109.73333333333333,注轻泥浆,0.2875269196723647,0.2875269196723647,1493.2436974789916,62.21848739495799,477.00840336134456,0.5798319327728744,0.20284863470623454,2492.6069295705165,1.0,0.0,0.25558014241650434,0.654435062628524
6592.0,109.86666666666666,注轻泥浆,0.28939694628877943,0.28939694628877943,1493.2436974789916,62.21848739495799,477.00840336134456,0.5798319327728744,0.20390982017034193,2469.1522938285257,1.0,0.0,0.2570681829819494,0.6538483886261689
6600.0,110.0,注轻泥浆,0.29126427796266857,0.29126427796266857,1513.983193277311,62.21848739495799,477.00840336134456,0.5882352941174088,0.20496335781577857,2481.5184955299137,1.0,0.0,0.2585520978241959,0.6532574929707633
6608.0,110.13333333333334,注轻泥浆,0.29312888245618723,0.29312888245618723,1513.983193277311,62.21848739495799,497.7478991596639,0.5882352941174088,0.20600918455877693,2458.37506301379,1.0,0.0,0.26003188284296413,0.6526624252756823
6616.0,110.26666666666667,注轻泥浆,0.29499072746526755,0.29499072746526755,1513.983193277311,62.21848739495799,497.7478991596639,0.5882352941174088,0.20704722003704218,2435.401410828003,1.0,0.0,0.26150753464061816,0.652063214815515
6624.0,110.4,注轻泥浆,0.29684977422210285,0.29684977422210285,1534.7226890756303,62.21848739495799,497.7478991596639,0.5966386554619432,0.20807736625832254,2446.9480900197645,1.0,0.0,0.26297905223958984,0.6514599170382851
6632.0,110.53333333333333,注轻泥浆,0.29870596215946194,0.29870596215946194,1534.7226890756303,62.21848739495799,497.7478991596639,0.5966386554619432,0.20909944072468648,2423.6142763099883,1.0,0.0,0.2644464254082411,0.6508525843375933
6640.0,110.66666666666667,注轻泥浆,0.3005592232822145,0.3005592232822145,1534.7226890756303,62.21848739495799,497.7478991596639,0.5966386554619432,0.21011324221570624,2400.0294908323094,1.0,0.0,0.26590964164790787,0.6502412844121885
6648.0,110.8,注轻泥浆,0.30240947579397415,0.30240947579397415,1555.4621848739496,62.21848739495799,518.4873949579833,0.6050420168064775,0.21111851268797174,2409.4601753733027,1.0,0.0,0.26736868427875005,0.649626108069343
6656.0,110.93333333333334,注轻泥浆,0.30425662820156757,0.30425662820156757,1555.4621848739496,62.21848739495799,518.4873949579833,0.6050420168064775,0.2121149570014698,2384.392331985479,1.0,0.0,0.26882353514869495,0.6490071554241886
6664.0,111.06666666666666,注轻泥浆,0.3061005883205325,0.3061005883205325,1555.4621848739496,62.21848739495799,518.4873949579833,0.6050420168064775,0.2131022813856803,2358.3372406768813,1.0,0.0,0.2702741757089151,0.6483845447026709
6672.0,111.2,注轻泥浆,0.30794125839666486,0.30794125839666486,1576.201680672269,62.21848739495799,518.4873949579833,0.613445378151012,0.21408016997676182,2365.4386570342936,1.0,0.0,0.2717205566074806,0.6477584176675205
6680.0,111.33333333333333,注轻泥浆,0.3097785547826564,0.3097785547826564,1576.201680672269,82.95798319327731,539.2268907563025,0.6050420168064775,0.21504835541995715,2310.227449828452,1.0,0.0,0.2731626388040933,0.6471289318094955
6688.0,111.46666666666667,注轻泥浆,0.3116124112931259,0.3116124112931259,1596.9411764705883,82.95798319327731,539.2268907563025,0.613445378151012,0.2160066381997563,2319.216576204126,1.0,0.0,0.27460040880971104,0.6464962394045384
6696.0,111.6,注轻泥浆,0.3134427817755459,0.3134427817755459,1596.9411764705883,82.95798319327731,539.2268907563025,0.613445378151012,0.2169548973118058,2296.167386118802,1.0,0.0,0.27603386255518914,0.645860448297812
6704.0,111.73333333333333,注轻泥浆,0.3152696414829607,0.3152696414829607,1596.9411764705883,82.95798319327731,539.2268907563025,0.613445378151012,0.2178930873632086,2273.198832148661,1.0,0.0,0.2774630023716551,0.6452216348903543
6712.0,111.86666666666666,注轻泥浆,0.3170929846690647,0.3170929846690647,1617.6806722689075,82.95798319327731,539.2268907563025,0.6218487394955463,0.2188212361135792,2281.185984969926,1.0,0.0,0.27888784346570433,0.644579841024587
6720.0,112.0,注轻泥浆,0.3189128325348146,0.3189128325348146,1617.6806722689075,82.95798319327731,559.9663865546219,0.6218487394955463,0.21973947058458393,2258.215981636253,1.0,0.0,0.2803084157037952,0.6439350770165059
6728.0,112.13333333333334,注轻泥浆,0.3207292164860056,0.3207292164860056,1617.6806722689075,82.95798319327731,559.9663865546219,0.6218487394955463,0.2206479602865532,2235.497171029187,1.0,0.0,0.281724752850752,0.6432873232596096
6736.0,112.26666666666667,注轻泥浆,0.3225421827098219,0.3225421827098219,1638.420168067227,82.95798319327731,559.9663865546219,0.6302521008400808,0.22154694228048794,2243.000495793747,1.0,0.0,0.28313689531639036,0.6426365363980652
6744.0,112.4,注轻泥浆,0.32435181304491806,0.32435181304491806,1638.420168067227,82.95798319327731,559.9663865546219,0.6302521008400808,0.22243676680730193,2220.6910307611247,1.0,0.0,0.28454490355677603,0.6419826558775058
6752.0,112.53333333333333,注轻泥浆,0.3261582020708146,0.3261582020708146,1638.420168067227,82.95798319327731,559.9663865546219,0.6302521008400808,0.22331782546102855,2198.845143723817,1.0,0.0,0.28594884354907335,0.6413255975371205
6760.0,112.66666666666667,注轻泥浆,0.32796143034244335,0.32796143034244335,1659.1596638655462,82.95798319327731,580.7058823529412,0.6386554621846151,0.22419045942597565,2206.5636238910815,1.0,0.0,0.2873487745983278,0.6406652828838226
6768.0,112.8,注轻泥浆,0.32976156814098867,0.32976156814098867,1659.1596638655462,82.95798319327731,580.7058823529412,0.6386554621846151,0.22505497048363302,2185.562465404743,1.0,0.0,0.2887447518172277,0.6400016579514088
6776.0,112.93333333333334,注轻泥浆,0.33155865595158185,0.33155865595158185,1679.8991596638657,82.95798319327731,580.7058823529412,0.6470588235291496,0.2259115481390615,2193.6945435289676,1.0,0.0,0.2901368117730919,0.6393346885698645
6784.0,113.06666666666666,注轻泥浆,0.33335273344676075,0.33335273344676075,1679.8991596638657,82.95798319327731,580.7058823529412,0.6470588235291496,0.2267603765419193,2173.758047950486,1.0,0.0,0.2915249945321353,0.6386643384005852
6792.0,113.2,注轻泥浆,0.3351438306058827,0.3351438306058827,1679.8991596638657,82.95798319327731,580.7058823529412,0.6470588235291496,0.2276015936773003,2154.5323455673188,1.0,0.0,0.292909337066306,0.637990594123061
6800.0,113.33333333333333,注轻泥浆,0.3369319728972588,0.3369319728972588,1700.638655462185,82.95798319327731,601.4453781512606,0.655462184873684,0.2284353222998188,2163.764704217955,1.0,0.0,0.29428987677397356,0.6373134303376949
6808.0,113.46666666666667,注轻泥浆,0.3387171801268609,0.3387171801268609,1700.638655462185,82.95798319327731,601.4453781512606,0.655462184873684,0.22926166679146776,2145.7406094136113,1.0,0.0,0.2956666494216736,0.6366328387174346
6816.0,113.6,注轻泥浆,0.3404994685906086,0.3404994685906086,1700.638655462185,82.95798319327731,601.4453781512606,0.655462184873684,0.2300807180203603,2128.420792464915,1.0,0.0,0.2970396925999549,0.6359488272549346
6824.0,113.73333333333333,注轻泥浆,0.34227883799256964,0.34227883799256964,1721.3781512605042,82.95798319327731,601.4453781512606,0.6638655462182184,0.23089251393925006,2138.862145275943,1.0,0.0,0.29840900822550825,0.6352614158270111
6832.0,113.86666666666666,注轻泥浆,0.3440552977338706,0.3440552977338706,1721.3781512605042,82.95798319327731,601.4453781512606,0.6638655462182184,0.2316971072909634,2122.6747420756296,1.0,0.0,0.2997746253172856,0.6345706663967215
6840.0,114.0,注轻泥浆,0.34582885485655246,0.34582885485655246,1721.3781512605042,82.95798319327731,622.1848739495798,0.6638655462182184,0.23249454785092083,2107.112199190476,1.0,0.0,0.3011365717481284,0.6338766238848006
6848.0,114.13333333333334,注轻泥浆,0.34759951753830703,0.34759951753830703,1742.1176470588236,82.95798319327731,622.1848739495798,0.6722689075627528,0.23328488958323976,2118.616948797152,1.0,0.0,0.3024948779274996,0.6331793389157642
6856.0,114.26666666666667,注轻泥浆,0.3493672975936363,0.3493672975936363,1742.1176470588236,82.95798319327731,622.1848739495798,0.6722689075627528,0.2340681954663309,2104.0018880258035,1.0,0.0,0.30384957613831387,0.6324788566231039
6864.0,114.4,注轻泥浆,0.351132209780424,0.351132209780424,1762.857142857143,82.95798319327731,622.1848739495798,0.6806722689072872,0.23484454390340478,2116.0227244379594,1.0,0.0,0.30520070092434964,0.6317752165026388
6872.0,114.53333333333333,注轻泥浆,0.35289427344447344,0.35289427344447344,1762.857142857143,82.95798319327731,622.1848739495798,0.6806722689072872,0.23561403192913352,2102.225733173594,1.0,0.0,0.3065482925073125,0.631068444472683
6880.0,114.66666666666667,注轻泥浆,0.35465351532086054,0.35465351532086054,1762.857142857143,82.95798319327731,642.9243697478992,0.6806722689072872,0.23637677104859395,2088.877601766178,1.0,0.0,0.3078923913703955,0.630358530619482
6888.0,114.8,注轻泥浆,0.3564099595873972,0.3564099595873972,1783.5966386554624,82.95798319327731,642.9243697478992,0.6890756302518216,0.23713285550647795,2101.5758024332,1.0,0.0,0.3092330286472541,0.6296454694372936
6896.0,114.93333333333334,注轻泥浆,0.35816365864613936,0.35816365864613936,1783.5966386554624,82.95798319327731,642.9243697478992,0.6890756302518216,0.23788247512754745,2088.8809505317167,1.0,0.0,0.31057025813689443,0.6289293014410368
6904.0,115.06666666666666,注轻泥浆,0.35991467442578623,0.35991467442578623,1783.5966386554624,82.95798319327731,642.9243697478992,0.6890756302518216,0.2386258552533377,2076.5595439028702,1.0,0.0,0.31190413877239764,0.6282099804748669
6912.0,115.2,注轻泥浆,0.36166307770246464,0.36166307770246464,1804.3361344537816,82.95798319327731,642.9243697478992,0.6974789915963561,0.23936325043005416,2089.7671022286822,1.0,0.0,0.31323473695420134,0.6274874396391812
6920.0,115.33333333333333,注轻泥浆,0.36340894411175645,0.36340894411175645,1804.3361344537816,82.95798319327731,642.9243697478992,0.6974789915963561,0.2400949274520752,2077.9912150855694,1.0,0.0,0.314562124743964,0.6267615912614312
6928.0,115.46666666666667,注轻泥浆,0.36515234903794475,0.36515234903794475,1804.3361344537816,82.95798319327731,663.6638655462185,0.6974789915963561,0.24082115060992915,2066.5368707864423,1.0,0.0,0.315886376592261,0.6260323342032886
6936.0,115.6,注轻泥浆,0.36689335950600843,0.36689335950600843,1825.0756302521008,82.95798319327731,663.6638655462185,0.7058823529408904,0.24154215987786856,2080.1557893281965,1.0,0.0,0.31720756285874835,0.6252995664386184
6944.0,115.73333333333333,注轻泥浆,0.36863202871963574,0.36863202871963574,1825.0756302521008,82.95798319327731,663.6638655462185,0.7058823529408904,0.24225814464507547,2069.1731293785692,1.0,0.0,0.31852574970924574,0.6245631980415187
6952.0,115.86666666666666,注轻泥浆,0.37036838788816123,0.37036838788816123,1845.8151260504203,82.95798319327731,663.6638655462185,0.7142857142854249,0.24296922965877207,2082.9785073918806,1.0,0.0,0.3198409922763386,0.6238231573901329
6960.0,116.0,注轻泥浆,0.37210244187362823,0.37210244187362823,1845.8151260504203,82.95798319327731,663.6638655462185,0.7142857142854249,0.24367545826888748,2072.421234878364,1.0,0.0,0.3211533309006514,0.6230794091223755
6968.0,116.13333333333334,注轻泥浆,0.3738341692362465,0.3738341692362465,1845.8151260504203,82.95798319327731,663.6638655462185,0.7142857142854249,0.24437678295068535,2062.117899742736,1.0,0.0,0.3224627906813679,0.6223319648656064
6976.0,116.26666666666667,注轻泥浆,0.37556352331398485,0.37556352331398485,1866.5546218487395,82.95798319327731,663.6638655462185,0.7226890756299592,0.2450730718492041,2076.1924442076865,1.0,0.0,0.32376938094586394,0.6215808843701842
6984.0,116.4,注轻泥浆,0.377290433422613,0.377290433422613,1866.5546218487395,82.95798319327731,684.4033613445379,0.7226890756299592,0.24576412431579828,2066.2291381540776,1.0,0.0,0.3250730929217575,0.620826275744819
6992.0,116.53333333333333,注轻泥浆,0.37901481319394315,0.37901481319394315,1866.5546218487395,82.95798319327731,684.4033613445379,0.7226890756299592,0.2464496847037114,2056.4672969023372,1.0,0.0,0.32637390688939566,0.6200682926057575
7000.0,116.66666666666667,注轻泥浆,0.38073656626887187,0.38073656626887187,1887.294117647059,82.95798319327731,684.4033613445379,0.7310924369744938,0.2471294665525635,2070.688051764538,1.0,0.0,0.3276717947980958,0.6193071189747893
7008.0,116.8,注轻泥浆,0.3824555920627572,0.3824555920627572,1887.294117647059,82.95798319327731,684.4033613445379,0.7310924369744938,0.24780317569264704,2061.158610163593,1.0,0.0,0.3289667230999214,0.6185429578612301
7016.0,116.93333333333334,注轻泥浆,0.3841717923831959,0.3841717923831959,1887.294117647059,82.95798319327731,684.4033613445379,0.7310924369744938,0.24847052768650693,2051.7665121294326,1.0,0.0,0.3302586589953862,0.6177760196197629
7024.0,117.06666666666666,注轻泥浆,0.3858850737995516,0.3858850737995516,1908.0336134453783,82.95798319327731,684.4033613445379,0.7394957983190281,0.2491312517844973,2065.96439689453,1.0,0.0,0.33154756515458467,0.6170065069891986
7032.0,117.2,注轻泥浆,0.3875953483518855,0.3875953483518855,1908.0336134453783,82.95798319327731,684.4033613445379,0.7394957983190281,0.24978509868656523,2056.6680763644076,1.0,0.0,0.33283339477999113,0.6162346125107635
7040.0,117.33333333333333,注轻泥浆,0.38930254306330614,0.38930254306330614,1908.0336134453783,82.95798319327731,684.4033613445379,0.7394957983190281,0.25043186976474524,2047.4287513034292,1.0,0.0,0.33411612016310743,0.6154605217451568
7048.0,117.46666666666667,注轻泥浆,0.3910065976632627,0.3910065976632627,1928.7731092436975,82.95798319327731,705.1428571428572,0.7478991596635625,0.25107141227643337,2061.3705292730892,1.0,0.0,0.3353957205843647,0.614684383951092
7056.0,117.6,注轻泥浆,0.3927074653625825,0.3927074653625825,1928.7731092436975,82.95798319327731,705.1428571428572,0.7478991596635625,0.2517036149467155,2052.0286341461583,1.0,0.0,0.3366721829255846,0.6139063234629207
7064.0,117.73333333333333,注轻泥浆,0.3944051133671879,0.3944051133671879,1949.512605042017,82.95798319327731,705.1428571428572,0.7563025210080969,0.25232840892112096,2065.5728857949443,1.0,0.0,0.337945503206677,0.6131264392566794
7072.0,117.86666666666666,注轻泥浆,0.39609952058996123,0.39609952058996123,1949.512605042017,82.95798319327731,705.1428571428572,0.7563025210080969,0.2529457593706443,2055.94067414513,1.0,0.0,0.33921568447665784,0.6123448047980814
7080.0,118.0,注轻泥浆,0.39779067258876816,0.39779067258876816,1949.512605042017,82.95798319327731,705.1428571428572,0.7563025210080969,0.25355565479235675,2046.1253366805113,1.0,0.0,0.34048273557030667,0.6115614713305669
7088.0,118.13333333333334,注轻泥浆,0.399478563420239,0.399478563420239,1970.2521008403362,82.95798319327731,705.1428571428572,0.7647058823526313,0.25415811774539887,2058.6724813901146,1.0,0.0,0.34174666915228524,0.6107764577221979
7096.0,118.26666666666667,注轻泥浆,0.4011631793387383,0.4011631793387383,1970.2521008403362,103.69747899159664,705.1428571428572,0.7563025210080969,0.254753154860503,2025.6191691115926,1.0,0.0,0.34300749055438906,0.6099897839255671
7104.0,118.4,注轻泥浆,0.40284453907442286,0.40284453907442286,1970.2521008403362,103.69747899159664,705.1428571428572,0.7563025210080969,0.25534086056181365,2014.720047991554,1.0,0.0,0.3442652314524412,0.6092015067742539
7112.0,118.53333333333333,注轻泥浆,0.4045226694149428,0.4045226694149428,1990.9915966386557,103.69747899159664,725.8823529411765,0.7647058823526314,0.2559213508809182,2025.4670034731225,1.0,0.0,0.34551993215280236,0.6084116125017862
7120.0,118.66666666666667,注轻泥浆,0.40619760194485577,0.40619760194485577,1990.9915966386557,103.69747899159664,725.8823529411765,0.7647058823526314,0.2564947615746667,2013.0305013696225,1.0,0.0,0.34677164061314847,0.6076200718231172
7128.0,118.8,注轻泥浆,0.4078693648010307,0.4078693648010307,1990.9915966386557,103.69747899159664,725.8823529411765,0.7647058823526314,0.2570612094334264,1999.570661260453,1.0,0.0,0.34802038262569,0.6068268425426351
7136.0,118.93333333333334,注轻泥浆,0.4095379906943383,0.4095379906943383,2011.731092436975,103.69747899159664,725.8823529411765,0.7731092436971658,0.2576208256397636,2007.9866840292084,1.0,0.0,0.34926619764777417,0.6060318995280162
7144.0,119.06666666666666,注轻泥浆,0.41120350822980317,0.41120350822980317,2011.731092436975,103.69747899159664,725.8823529411765,0.7731092436971658,0.2581737238924502,1996.5017326498805,1.0,0.0,0.35050910763907084,0.6052352037192639
7152.0,119.2,注轻泥浆,0.41286593959404033,0.41286593959404033,2011.731092436975,103.69747899159664,725.8823529411765,0.7731092436971658,0.2587200030487387,1984.851822536696,1.0,0.0,0.3517491502173446,0.6044367345306647
7160.0,119.33333333333333,注轻泥浆,0.4145252966650944,0.4145252966650944,2032.4705882352941,103.69747899159664,725.8823529411765,0.7815126050417002,0.2592597325652332,1994.5074526110543,1.0,0.0,0.3529863579918507,0.6036364594674863
7168.0,119.46666666666667,注轻泥浆,0.4161815779514931,0.4161815779514931,2032.4705882352941,103.69747899159664,725.8823529411765,0.7815126050417002,0.2597929423607174,1982.481595136832,1.0,0.0,0.3542207577514999,0.6028343569667184
7176.0,119.6,注轻泥浆,0.41783476603776054,0.41783476603776054,2053.2100840336134,103.69747899159664,746.6218487394958,0.7899159663862345,0.26031961577171814,1991.5785960575622,1.0,0.0,0.35545236768318633,0.6020304200931701
7184.0,119.73333333333333,注轻泥浆,0.4194848264592458,0.4194848264592458,2053.2100840336134,103.69747899159664,746.6218487394958,0.7899159663862345,0.2608396853420604,1979.342339560781,1.0,0.0,0.356681195480662,0.601224660495
7192.0,119.86666666666666,注轻泥浆,0.4211317069973174,0.4211317069973174,2053.2100840336134,103.69747899159664,746.6218487394958,0.7899159663862345,0.26135303662691056,1967.143638164907,1.0,0.0,0.35790723806305225,0.6004171112583678
7200.0,120.0,注轻泥浆,0.4227753393460142,0.4227753393460142,2073.949579831933,103.69747899159664,746.6218487394958,0.7983193277307691,0.2618595027824727,1975.8390379626733,1.0,0.0,0.3591304814317178,0.599607828126463
7208.0,120.13333333333334,注轻泥浆,0.42441563581849745,0.42441563581849745,2073.949579831933,103.69747899159664,746.6218487394958,0.7983193277307691,0.26235886039225553,1963.7587247373933,1.0,0.0,0.360350884402036,0.5987968886322054
7216.0,120.26666666666667,注轻泥浆,0.42605250040623915,0.42605250040623915,2073.949579831933,103.69747899159664,746.6218487394958,0.7983193277307691,0.2628508698366596,1951.8848799422387,1.0,0.0,0.3615684095216611,0.5979844056104197
7224.0,120.4,注轻泥浆,0.42768582848394515,0.42768582848394515,2094.6890756302523,103.69747899159664,746.6218487394958,0.8067226890753034,0.2633352692056724,1960.6897066989789,1.0,0.0,0.3627830117429784,0.5971704954667774
7232.0,120.53333333333333,注轻泥浆,0.42931551038136573,0.42931551038136573,2094.6890756302523,103.69747899159664,746.6218487394958,0.8067226890753034,0.26381178889912327,1949.246665928396,1.0,0.0,0.3639946397073587,0.5963552863210608
7240.0,120.66666666666667,施工结束后保持,0.42931551038136573,0.42931551038136573,2094.6890756302523,103.69747899159664,746.6218487394958,0.8067226890753034,0.26381178889912327,1937.8077878395754,1.0,0.0,0.3639946397073587,0.5955389138102618
7248.0,120.8,注中置液,0.4306128185422515,0.4306128185422515,2094.6890756302523,103.69747899159664,767.3613445378152,0.8067226890753034,0.2643023221670733,1938.1517183454969,1.0,0.0,0.36496176735794533,0.5955389138102618
7256.0,120.93333333333334,注中置液,0.43189886104667674,0.43189886104667674,2115.4285714285716,103.69747899159664,767.3613445378152,0.8151260504198379,0.2647696221659793,1970.8726921410475,1.0,0.0,0.3659127530471687,0.5948847640415557
7264.0,121.06666666666666,注中置液,0.43317665135859734,0.43317665135859734,2115.4285714285716,103.69747899159664,767.3613445378152,0.8151260504198379,0.26521975530129366,2015.8682174519818,1.0,0.0,0.3668524695795586,0.5942439896190916
7272.0,121.2,注中置液,0.4344480170308991,0.4344480170308991,2115.4285714285716,103.69747899159664,767.3613445378152,0.8151260504198379,0.2656562868024606,2039.514436774972,1.0,0.0,0.36778383624197186,0.593611916025311
7280.0,121.33333333333333,注中置液,0.43571406472472063,0.43571406472472063,2115.4285714285716,103.69747899159664,767.3613445378152,0.8151260504198379,0.2660814691017245,2051.9055770717664,1.0,0.0,0.3687086590749905,0.5929857248224674
7288.0,121.46666666666667,注中置液,0.43697549767160265,0.43697549767160265,2136.168067226891,103.69747899159664,767.3613445378152,0.8235294117643722,0.26649674192869194,2079.2455789707956,1.0,0.0,0.3696281260786297,0.5923636679209197
7296.0,121.6,注中置液,0.43823276209866036,0.43823276209866036,2136.168067226891,103.69747899159664,767.3613445378152,0.8235294117643722,0.2669030737055186,2081.7003428520966,1.0,0.0,0.37054303291352747,0.5917445924131444
7304.0,121.73333333333333,注中置液,0.43948614709323025,0.43948614709323025,2136.168067226891,103.69747899159664,767.3613445378152,0.8235294117643722,0.2673011301925838,2016.8235847903975,1.0,0.0,0.37145392880283573,0.5911277263392061
7312.0,121.86666666666666,注中置液,0.44073584711047786,0.44073584711047786,2156.90756302521,103.69747899159664,767.3613445378152,0.8319327731089066,0.26769136188475545,2033.9109420303864,1.0,0.0,0.37236120588288085,0.5905125383504732
7320.0,122.0,注中置液,0.4419819904974491,0.4419819904974491,2156.90756302521,103.69747899159664,767.3613445378152,0.8319327731089066,0.26807410101584156,2032.7310521607837,1.0,0.0,0.37326514554570706,0.5898986522555434
7328.0,122.13333333333334,注中置液,0.4432246640636367,0.4432246640636367,2156.90756302521,103.69747899159664,767.3613445378152,0.8319327731089066,0.26844960030261594,2031.964639153209,1.0,0.0,0.37416595465867025,0.5892858003519154
7336.0,122.26666666666667,注中置液,0.4444639293468079,0.4444639293468079,2156.90756302521,103.69747899159664,767.3613445378152,0.8319327731089066,0.2688180493401477,2031.1507749787966,1.0,0.0,0.3750637907825484,0.5886737877401755
7344.0,122.4,注中置液,0.4456998301873534,0.4456998301873534,2177.6470588235297,103.69747899159664,767.3613445378152,0.8403361344534411,0.2691795969804061,2050.735792302876,1.0,0.0,0.37595877387480653,0.5880624687819538
7352.0,122.53333333333333,注中置液,0.4469323993089281,0.4469323993089281,2177.6470588235297,103.69747899159664,788.1008403361345,0.8403361344534411,0.2695343632676006,2049.7446893465776,1.0,0.0,0.3768509979432747,0.5874517345462171
7360.0,122.66666666666667,注中置液,0.44816166159343707,0.44816166159343707,2177.6470588235297,103.69747899159664,788.1008403361345,0.8403361344534411,0.2698824492625114,2048.7606400192853,1.0,0.0,0.3777405351989781,0.5868415017464482
7368.0,122.8,注中置液,0.44938763665221376,0.44938763665221376,2198.386554621849,103.69747899159664,788.1008403361345,0.8487394957979755,0.2702239453697643,2068.3255345358484,1.0,0.0,0.3786274430048997,0.5862317086112084
7376.0,122.93333333333334,注中置液,0.45061033973252873,0.45061033973252873,2198.386554621849,103.69747899159664,788.1008403361345,0.8487394957979755,0.2705589359426185,2067.5268253814215,1.0,0.0,0.37951176732171277,0.5856223074599488
7384.0,123.06666666666666,注中置液,0.4518297829474553,0.4518297829474553,2198.386554621849,103.69747899159664,788.1008403361345,0.8487394957979755,0.27088749674423396,2066.8869123364534,1.0,0.0,0.38039354418469057,0.5850132616741582
7392.0,123.2,注中置液,0.4530459760882733,0.4530459760882733,2219.126050420168,103.69747899159664,788.1008403361345,0.8571428571425099,0.2712096961242961,2086.887633162449,1.0,0.0,0.3812728028158776,0.5844045443863265
7400.0,123.33333333333333,注中置液,0.45425892786060496,0.45425892786060496,2219.126050420168,103.69747899159664,788.1008403361345,0.8571428571425099,0.2715255920291003,2086.618240631502,1.0,0.0,0.3821495676111226,0.5837961352599595
7408.0,123.46666666666667,注中置液,0.4554686442689421,0.4554686442689421,2219.126050420168,103.69747899159664,788.1008403361345,0.8571428571425099,0.27183523744681637,2086.539896683059,1.0,0.0,0.38302385766729596,0.5831880190407945
7416.0,123.6,注中置液,0.4566751291708819,0.4566751291708819,2219.126050420168,103.69747899159664,788.1008403361345,0.8571428571425099,0.27213868330564384,2086.6411076812687,1.0,0.0,0.3838956872976867,0.5825801856543041
7424.0,123.73333333333333,注中置液,0.4578783851125405,0.4578783851125405,2239.8655462184875,103.69747899159664,788.1008403361345,0.8655462184870443,0.27243597949769205,2107.3614269633154,1.0,0.0,0.3847650682394733,0.581972629887905
7432.0,123.86666666666666,注中置液,0.4590784108346847,0.4590784108346847,2239.8655462184875,103.69747899159664,788.1008403361345,0.8655462184870443,0.2727271706586432,2107.7574789153,1.0,0.0,0.38563200880590454,0.5813653490910892
7440.0,124.0,注中置液,0.46027520487547613,0.46027520487547613,2239.8655462184875,103.69747899159664,788.1008403361345,0.8655462184870443,0.2730123006197675,2108.250919636033,1.0,0.0,0.38649651652092826,0.5807583441505111
7448.0,124.13333333333334,注中置液,0.46146876671960946,0.46146876671960946,2260.6050420168067,103.69747899159664,788.1008403361345,0.8739495798315786,0.27329141257072326,2129.277296998184,1.0,0.0,0.38735860455708027,0.580151617234945
7456.0,124.26666666666667,注中置液,0.4626590923317569,0.4626590923317569,2260.6050420168067,103.69747899159664,788.1008403361345,0.8739495798315786,0.2735645448454303,2129.8545958347986,1.0,0.0,0.38821828123753893,0.5795451595595476
7464.0,124.4,注中置液,0.46384617579328535,0.46384617579328535,2260.6050420168067,103.69747899159664,808.8403361344538,0.8739495798315786,0.273831736335711,2130.4098530579604,1.0,0.0,0.3890755493412748,0.5789389709128362
7472.0,124.53333333333333,注中置液,0.4650300119199634,0.4650300119199634,2281.344537815126,103.69747899159664,808.8403361344538,0.8823529411761131,0.2740930312549687,2151.3899813871135,1.0,0.0,0.38993041385851235,0.5783330594681
7480.0,124.66666666666667,注中置液,0.46621056669156613,0.46621056669156613,2281.344537815126,103.69747899159664,808.8403361344538,0.8823529411761131,0.2743483988911236,2151.781620733104,1.0,0.0,0.3907828557261534,0.5777274303077391
7488.0,124.8,注中置液,0.46738783466628364,0.46738783466628364,2281.344537815126,103.69747899159664,808.8403361344538,0.8823529411761131,0.2745978902171171,2152.0357891639496,1.0,0.0,0.3916328812464239,0.5771221347237583
7496.0,124.93333333333334,注中置液,0.46856180713725204,0.46856180713725204,2281.344537815126,103.69747899159664,808.8403361344538,0.8823529411761131,0.27484154794599447,2152.120531659509,1.0,0.0,0.3924804956911204,0.5765171765577379
7504.0,125.06666666666666,注中置液,0.4697324735519896,0.4697324735519896,2302.0840336134456,103.69747899159664,808.8403361344538,0.8907563025206475,0.2750794037042569,2172.507330808071,1.0,0.0,0.39332570459793126,0.5759125610871041
7512.0,125.2,注中置液,0.47089981926034497,0.47089981926034497,2302.0840336134456,103.69747899159664,808.8403361344538,0.8907563025206475,0.2753114836433718,2172.182310562349,1.0,0.0,0.3941685106844682,0.5753082940908942
7520.0,125.33333333333333,注中置液,0.4720638254534921,0.4720638254534921,2302.0840336134456,103.69747899159664,808.8403361344538,0.8907563025206475,0.27553781385226017,2171.6283010542475,1.0,0.0,0.3950089133491158,0.574704384587304
7528.0,125.46666666666667,注中置液,0.47322447001782253,0.47322447001782253,2322.823529411765,103.69747899159664,808.8403361344538,0.899159663865182,0.27575841416240476,2191.3166716414253,1.0,0.0,0.3958469096811241,0.5741008452228905
7536.0,125.6,注中置液,0.47438173154517993,0.47438173154517993,2322.823529411765,103.69747899159664,808.8403361344538,0.899159663865182,0.2759732938058225,2190.2753855767446,1.0,0.0,0.39668249886607343,0.5734976913799447
7544.0,125.73333333333333,注中置液,0.4755355888397961,0.4755355888397961,2322.823529411765,103.69747899159664,808.8403361344538,0.899159663865182,0.2761824534376912,2188.9933692280206,1.0,0.0,0.3975156826283516,0.5728949371360041
7552.0,125.86666666666666,注中置液,0.47668601468719585,0.47668601468719585,2343.563025210084,103.69747899159664,808.8403361344538,0.9075630252097163,0.2763859032215143,2207.918241359809,1.0,0.0,0.39834645540985086,0.5722925950215668
7560.0,126.0,注中置液,0.4778329800971516,0.4778329800971516,2343.563025210084,103.69747899159664,808.8403361344538,0.9075630252097163,0.276583648164456,2206.1533809505963,1.0,0.0,0.39917480931637206,0.5716906846193734
7568.0,126.13333333333334,注中置液,0.478976455553714,0.478976455553714,2343.563025210084,103.69747899159664,808.8403361344538,0.9075630252097163,0.27677568795552177,2204.1665763236706,1.0,0.0,0.40000073649931334,0.571089228338377
7576.0,126.26666666666667,注中置液,0.4801164112332496,0.4801164112332496,2343.563025210084,103.69747899159664,808.8403361344538,0.9075630252097163,0.27696201682266197,2201.9693183729305,1.0,0.0,0.40082422893752684,0.5704882490749771
7584.0,126.4,注中置液,0.4812528154927207,0.4812528154927207,2364.3025210084033,103.69747899159664,829.5798319327731,0.9159663865542507,0.27714262900739234,2219.9416414417155,1.0,0.0,0.40164527647024706,0.5698877703727099
7592.0,126.53333333333333,注中置液,0.4823856337805347,0.4823856337805347,2364.3025210084033,103.69747899159664,829.5798319327731,0.9159663865542507,0.2773175248246562,2217.3389230643465,1.0,0.0,0.40246386552290797,0.5692878183920803
7600.0,126.66666666666667,注中置液,0.48351483665932016,0.48351483665932016,2364.3025210084033,103.69747899159664,829.5798319327731,0.9159663865542507,0.2774866838651757,2214.5634035123912,1.0,0.0,0.40327998846631213,0.56868842286397
7608.0,126.8,注中置液,0.48464039090760497,0.48464039090760497,2385.0420168067226,103.69747899159664,829.5798319327731,0.9243697478987851,0.2776500959325241,2231.9192035519304,1.0,0.0,0.4040936327001906,0.5680896086051817
7616.0,126.93333333333334,注中置液,0.48576225991321165,0.48576225991321165,2385.0420168067226,103.69747899159664,829.5798319327731,0.9243697478987851,0.27780776052254247,2228.811498414656,1.0,0.0,0.4049047807465937,0.5674914053129294
7624.0,127.06666666666666,注中置液,0.48688040792214593,0.48688040792214593,2385.0420168067226,103.69747899159664,829.5798319327731,0.9243697478987851,0.2779596758527845,2225.569769402194,1.0,0.0,0.4057134163020205,0.5668938476051687
7632.0,127.2,注中置液,0.48799480433124914,0.48799480433124914,2405.7815126050423,103.69747899159664,829.5798319327731,0.9327731092433197,0.27810582249170723,2242.4079976687563,1.0,0.0,0.4065195284384096,0.5662969692547136
7640.0,127.33333333333333,注中置液,0.48910541733057644,0.48910541733057644,2405.7815126050423,103.69747899159664,829.5798319327731,0.9327731092433197,0.27824619209381024,2238.902643063565,1.0,0.0,0.40732310482853845,0.5657007995123532
7648.0,127.46666666666667,注中置液,0.4902122121652312,0.4902122121652312,2405.7815126050423,103.69747899159664,829.5798319327731,0.9327731092433197,0.2783807897939958,2235.2973415179736,1.0,0.0,0.408124127431925,0.565105368808093
7656.0,127.6,注中置液,0.49131515938795484,0.49131515938795484,2405.7815126050423,103.69747899159664,829.5798319327731,0.9327731092433197,0.2785096052000418,2231.6034270653063,1.0,0.0,0.4089225838889419,0.5645107130414986
7664.0,127.73333333333333,注中置液,0.4924142289355841,0.4924142289355841,2426.5210084033615,103.69747899159664,829.5798319327731,0.941176470587854,0.27863264158286755,2247.900367116684,1.0,0.0,0.40971845997635464,0.5639168630290821
7672.0,127.86666666666666,注中置液,0.4935093878141087,0.4935093878141087,2426.5210084033615,103.69747899159664,829.5798319327731,0.941176470587854,0.27874990201429656,2244.0220583285454,1.0,0.0,0.41051173707842725,0.5633238510904118
7680.0,128.0,注中置液,0.49460060888615215,0.49460060888615215,2426.5210084033615,103.69747899159664,829.5798319327731,0.941176470587854,0.27886138795551185,2240.0812047742365,1.0,0.0,0.41130240315768213,0.5627317137480803
7688.0,128.13333333333333,注中置液,0.49568786074418597,0.49568786074418597,2447.2605042016808,103.69747899159664,829.5798319327731,0.9495798319323884,0.2789671220801612,2256.0503867330817,1.0,0.0,0.41209043928575295,0.56214048096112
7696.0,128.26666666666668,注中置液,0.4967711188185613,0.4967711188185613,2447.2605042016808,103.69747899159664,829.5798319327731,0.9495798319323884,0.2790671132825398,2251.970581899396,1.0,0.0,0.41287583327277916,0.561550188872691
7704.0,128.4,注中置液,0.4978503571258908,0.4978503571258908,2447.2605042016808,103.69747899159664,850.3193277310925,0.9495798319323884,0.2791613826176497,2247.850246857842,1.0,0.0,0.4136585699573405,0.5609608670049481
7712.0,128.53333333333333,注中置液,0.49892555159501,0.49892555159501,2447.2605042016808,103.69747899159664,850.3193277310925,0.9495798319323884,0.27924996222584075,2243.6944777965314,1.0,0.0,0.4144386363216179,0.5603725474666275
7720.0,128.66666666666666,注中置液,0.49999668337207526,0.49999668337207526,2468.0,103.69747899159664,850.3193277310925,0.9579831932769227,0.27933287382443894,2259.3276191602154,1.0,0.0,0.4152160240560591,0.5597852596176512
7728.0,128.8,注中置液,0.5010637330207277,0.5010637330207277,2468.0,103.69747899159664,850.3193277310925,0.9579831932769227,0.27941014455273494,2255.080880594789,1.0,0.0,0.41599072250360825,0.5591990281295194
7736.0,128.93333333333334,注中置液,0.5021266810107436,0.5021266810107436,2468.0,103.69747899159664,850.3193277310925,0.9579831932769227,0.2794818123383281,2250.814134723019,1.0,0.0,0.41676271992051783,0.5586138795270016
7744.0,129.06666666666666,井浆快替,0.5030043966555829,0.5030043966555829,2468.0,103.69747899159664,850.3193277310925,0.9579831932769227,0.2796373360697174,2246.6040782332407,1.0,0.0,0.41740372929448655,0.5580298407283608
7752.0,129.2,井浆快替,0.5038713072749526,0.5038713072749526,2468.0,103.69747899159664,850.3193277310925,0.9579831932769227,0.2797765483934687,2269.2776151855032,1.0,0.0,0.4180340932624691,0.5575441354592693
7760.0,129.33333333333334,井浆快替,0.5047299486722804,0.5047299486722804,2468.0,103.69747899159664,850.3193277310925,0.9579831932769227,0.27990313976373316,2304.906165398873,1.0,0.0,0.41865662152556865,0.5570678069616506
7768.0,129.46666666666667,井浆快替,0.5055819341020503,0.5055819341020503,2468.0,103.69747899159664,850.3193277310925,0.9579831932769227,0.2800195128028306,2320.169217943224,1.0,0.0,0.4192730837565605,0.5565981377587789
7776.0,129.6,井浆快替,0.5064283106056822,0.5064283106056822,2468.0,103.69747899159664,850.3193277310925,0.9579831932769227,0.280127330748204,2327.2679888912844,1.0,0.0,0.41988463404565884,0.5561334078907901
7784.0,129.73333333333332,井浆快替,0.5072697697257514,0.5072697697257514,2468.0,103.69747899159664,850.3193277310925,0.9579831932769227,0.28022776613380446,2330.2433437482064,1.0,0.0,0.42049203629570997,0.5556724913798394
7792.0,129.86666666666667,井浆快替,0.5081067806655595,0.5081067806655595,2468.0,103.69747899159664,850.3193277310925,0.9579831932769227,0.280321678458594,2330.9589870830587,1.0,0.0,0.42109581435587007,0.5552146410342058
7800.0,130.0,井浆快替,0.50893966694009,0.50893966694009,2468.0,103.69747899159664,850.3193277310925,0.9579831932769227,0.28040970393431014,2330.366942446248,1.0,0.0,0.4216963377041678,0.554759344388517
7808.0,130.13333333333333,井浆快替,0.5097686594789227,0.5097686594789227,2468.0,103.69747899159664,850.3193277310925,0.9579831932769227,0.2804923362361662,2328.9848384973984,1.0,0.0,0.4222938763472535,0.5543062401822957
7816.0,130.26666666666668,井浆快替,0.5105939273657703,0.5105939273657703,2468.0,103.69747899159664,850.3193277310925,0.9579831932769227,0.28056996122938843,2327.1099651705767,1.0,0.0,0.4228886328533998,0.5538550652883611
7824.0,130.4,井浆快替,0.5114155972396535,0.5114155972396535,2468.0,103.69747899159664,850.3193277310925,0.9579831932769227,0.28064287523071235,2324.9170238560023,1.0,0.0,0.4234807610437457,0.5534056236589641
7832.0,130.53333333333333,井浆快替,0.5122337616368061,0.5122337616368061,2468.0,103.69747899159664,850.3193277310925,0.9579831932769227,0.28071132802998855,2322.5154782201907,1.0,0.0,0.42407037465040825,0.55295776722095
7840.0,130.66666666666666,井浆快替,0.5130484941991253,0.5130484941991253,2468.0,103.69747899159664,850.3193277310925,0.9579831932769227,0.2807755239297445,2319.9760282209886,1.0,0.0,0.4246575666672199,0.5525113876007713
7848.0,130.8,井浆快替,0.513859853808226,0.513859853808226,2468.0,103.69747899159664,850.3193277310925,0.9579831932769227,0.28083563300456954,2317.3428244895863,1.0,0.0,0.42524241163500326,0.552066397793322
7856.0,130.93333333333334,井浆快替,0.5146678859538278,0.5146678859538278,2468.0,103.69747899159664,850.3193277310925,0.9579831932769227,0.28089180488409793,2314.6479169633208,1.0,0.0,0.4258249704018254,0.5516227289315944
7864.0,131.06666666666666,井浆快替,0.5154726281495025,0.5154726281495025,2468.0,103.69747899159664,871.0588235294118,0.9579831932769227,0.2809441670488721,2311.91155945701,1.0,0.0,0.42640529277448247,0.5511803254510144
7872.0,131.2,井浆快替,0.5162741121413074,0.5162741121413074,2468.0,103.69747899159664,871.0588235294118,0.9579831932769227,0.28099283255415286,2309.148888553867,1.0,0.0,0.4269834219601345,0.550739143085209
7880.0,131.33333333333334,井浆快替,0.5170723638690093,0.5170723638690093,2468.0,103.69747899159664,871.0588235294118,0.9579831932769227,0.2810378938925442,2306.370135395535,1.0,0.0,0.42755939294653256,0.5502991441803925
7888.0,131.46666666666667,井浆快替,0.5178674054712438,0.5178674054712438,2468.0,103.69747899159664,871.0588235294118,0.9579831932769227,0.28107944439990173,2303.583035398613,1.0,0.0,0.4281332351495883,0.5498602991741054
7896.0,131.6,井浆快替,0.5186592555035926,0.5186592555035926,2468.0,103.69747899159664,871.0588235294118,0.9579831932769227,0.28111755980401043,2300.7937596491124,1.0,0.0,0.42870497437627064,0.5494225841430992
7904.0,131.73333333333332,井浆快替,0.5194479306580169,0.5194479306580169,2468.0,103.69747899159664,871.0588235294118,0.9579831932769227,0.28115231635081217,2298.0056447760912,1.0,0.0,0.42927463295711055,0.5489859787512523
7912.0,131.86666666666667,井浆快替,0.5202334443179447,0.5202334443179447,2468.0,103.69747899159664,871.0588235294118,0.9579831932769227,0.28118378573560043,2295.2224801562043,1.0,0.0,0.4298422282296212,0.5485504663191264
7920.0,132.0,井浆快替,0.5210158090638022,0.5210158090638022,2468.0,103.69747899159664,871.0588235294118,0.9579831932769227,0.2812120337977889,2292.4462658483026,1.0,0.0,0.4304077763289156,0.5481160349362472
7928.0,132.13333333333333,井浆快替,0.5217950364775648,0.5217950364775648,2468.0,103.69747899159664,871.0588235294118,0.9579831932769227,0.28123712104034737,2289.6794864169156,1.0,0.0,0.4309712947837015,0.547682674260406
7936.0,132.26666666666668,井浆快替,0.5225711355863764,0.5225711355863764,2468.0,103.69747899159664,871.0588235294118,0.9579831932769227,0.2812591058420098,2286.9227221874976,1.0,0.0,0.4315327959498521,0.5472503725638082
7944.0,132.4,井浆快替,0.5233441115206399,0.5233441115206399,2468.0,103.69747899159664,871.0588235294118,0.9579831932769227,0.28127804637521303,2284.1779309733497,1.0,0.0,0.4320922841914907,0.5468191232116844
7952.0,132.53333333333333,井浆快替,0.5241139719389705,0.5241139719389705,2468.0,103.69747899159664,871.0588235294118,0.9579831932769227,0.2812939954736222,2281.446116814429,1.0,0.0,0.4326497692962245,0.5463889272729349
7960.0,132.66666666666666,井浆快替,0.5248807242638361,0.5248807242638361,2468.0,103.69747899159664,871.0588235294118,0.9579831932769227,0.28130700415066007,2278.7276558051835,1.0,0.0,0.4332052609628258,0.5459597806706815
7968.0,132.8,井浆快替,0.5256443741816906,0.5256443741816906,2468.0,103.69747899159664,871.0588235294118,0.9579831932769227,0.28131712290528044,2276.0235927262947,1.0,0.0,0.4337587664710876,0.5455316795216683
7976.0,132.93333333333334,井浆快替,0.5264049252298759,0.5264049252298759,2468.0,103.69747899159664,871.0588235294118,0.9579831932769227,0.2813244012724581,2273.334453270487,1.0,0.0,0.4343102903647339,0.5451046224400627
7984.0,133.06666666666666,井浆快替,0.527162380745756,0.527162380745756,2468.0,103.69747899159664,871.0588235294118,0.9579831932769227,0.2813288828473232,2270.6605653666293,1.0,0.0,0.4348598372864965,0.5446786106592646
7992.0,133.2,井浆快替,0.5279167450075416,0.5279167450075416,2468.0,103.69747899159664,871.0588235294118,0.9579831932769227,0.281330615045021,2268.002064862611,1.0,0.0,0.4354074128821509,0.5442536453437673
8000.0,133.33333333333334,井浆快替,0.5286680210936884,0.5286680210936884,2468.0,103.69747899159664,871.0588235294118,0.9579831932769227,0.28132964504111196,2265.359713796267,1.0,0.0,0.43595302111377243,0.5438297265856141
8008.0,133.46666666666667,井浆快替,0.5294162107840397,0.5294162107840397,2468.0,103.69747899159664,871.0588235294118,0.9579831932769227,0.28132601733457124,2262.734523261596,1.0,0.0,0.4364966645476686,0.5434068561633782
8016.0,133.6,井浆快替,0.5301613156340979,0.5301613156340979,2468.0,103.69747899159664,871.0588235294118,0.9579831932769227,0.28131977601718844,2260.1257147080196,1.0,0.0,0.43703834557259097,0.5429850372300008
8024.0,133.73333333333332,井浆快替,0.530903336605477,0.530903336605477,2468.0,103.69747899159664,871.0588235294118,0.9579831932769227,0.28131096470716604,2257.533424125191,1.0,0.0,0.43757806560220325,0.5425642731210489
8032.0,133.86666666666667,井浆快替,0.5316422744186208,0.5316422744186208,2468.0,103.69747899159664,871.0588235294118,0.9579831932769227,0.2812996286010071,2254.9578092168194,1.0,0.0,0.43811582633950225,0.5421445682424888
8040.0,134.0,井浆快替,0.5323781318198533,0.5323781318198533,2468.0,103.69747899159664,871.0588235294118,0.9579831932769227,0.28128580895038924,2252.3989669777347,1.0,0.0,0.4386516315921328,0.5417259265972042
8048.0,134.13333333333333,井浆快替,0.533110911312174,0.533110911312174,2468.0,103.69747899159664,871.0588235294118,0.9579831932769227,0.2812695433450922,2249.857004331153,1.0,0.0,0.4391854843703499,0.5413083501267246
8056.0,134.26666666666668,井浆快替,0.5338406134866867,0.5338406134866867,2468.0,103.69747899159664,871.0588235294118,0.9579831932769227,0.28125087113970904,2247.3320615298067,1.0,0.0,0.4397173857139905,0.5408918416092102
8064.0,134.4,井浆快替,0.534567236574477,0.534567236574477,2468.0,103.69747899159664,891.7983193277312,0.9579831932769227,0.2812298298131898,2244.824126725779,1.0,0.0,0.44024733415544703,0.5404764057599619
8072.0,134.53333333333333,井浆快替,0.535290782481764,0.535290782481764,2468.0,103.69747899159664,891.7983193277312,0.9579831932769227,0.28120645709234754,2242.3335017238264,1.0,0.0,0.44077533252180756,0.5400620495424038
8080.0,134.66666666666666,井浆快替,0.5360112515788616,0.5360112515788616,2468.0,103.69747899159664,891.7983193277312,0.9579831932769227,0.2811807936968823,2239.8599452990115,1.0,0.0,0.4413013815899784,0.5396487757299575
8088.0,134.8,井浆快替,0.5367286450764447,0.5367286450764447,2468.0,103.69747899159664,891.7983193277312,0.9579831932769227,0.28115287488203405,2237.4034548101154,1.0,0.0,0.44182548277661227,0.5392365890762609
8096.0,134.93333333333334,井浆快替,0.537442963781659,0.537442963781659,2468.0,103.69747899159664,891.7983193277312,0.9579831932769227,0.28112273890067,2234.9641750115343,1.0,0.0,0.44234763678097605,0.538825493682004
8104.0,135.06666666666666,井浆快替,0.5381542078536412,0.5381542078536412,2468.0,103.69747899159664,891.7983193277312,0.9579831932769227,0.28109042414723373,2232.541999409516,1.0,0.0,0.44286784352464503,0.5384154942891602
8112.0,135.2,井浆快替,0.5388623792691218,0.5388623792691218,2468.0,124.43697478991598,891.7983193277312,0.9495798319323884,0.2810559664647225,2210.574217592071,1.0,0.0,0.44338610507685977,0.5380065965794525
8120.0,135.33333333333334,井浆快替,0.5395674811144912,0.5395674811144912,2468.0,124.43697478991598,891.7983193277312,0.9495798319323884,0.28101940239336737,2208.2069589689445,1.0,0.0,0.44390242452382106,0.5375988040088104
8128.0,135.46666666666667,井浆快替,0.5402695144291092,0.5402695144291092,2468.0,124.43697478991598,891.7983193277312,0.9495798319323884,0.28098077093385593,2205.8564876887535,1.0,0.0,0.4444168024190602,0.5371921189275549
8136.0,135.6,井浆快替,0.5409684811569138,0.5409684811569138,2468.0,124.43697478991598,891.7983193277312,0.9495798319323884,0.2809401087313734,2203.5227597695357,1.0,0.0,0.4449292400467734,0.5367865461273861
8144.0,135.73333333333332,井浆快替,0.5416643830810959,0.5416643830810959,2468.0,124.43697478991598,891.7983193277312,0.9495798319323884,0.28089745338896277,2201.205719986293,1.0,0.0,0.44543973839627443,0.5363820896281166
8152.0,135.86666666666667,井浆快替,0.5423572230976326,0.5423572230976326,2468.0,124.43697478991598,891.7983193277312,0.9495798319323884,0.2808528390089973,2198.9053213682164,1.0,0.0,0.445948299275634,0.5359787536868477
8160.0,136.0,井浆快替,0.5430470035958025,0.5430470035958025,2468.0,124.43697478991598,891.7983193277312,0.9495798319323884,0.28080630259189,2196.6224759476995,1.0,0.0,0.4464549239958151,0.53557654180551
8168.0,136.13333333333333,井浆快替,0.5437337284689944,0.5437337284689944,2468.0,124.43697478991598,891.7983193277312,0.9495798319323884,0.28075787517595935,2194.356009827558,1.0,0.0,0.44695961525525413,0.535175458033742
8176.0,136.26666666666668,井浆快替,0.5444174026694378,0.5444174026694378,2468.0,124.43697478991598,891.7983193277312,0.9495798319323884,0.2807075877962739,2192.1061184984965,1.0,0.0,0.4474623766364253,0.5347755048795946
8184.0,136.4,井浆快替,0.545098031193382,0.545098031193382,2468.0,124.43697478991598,891.7983193277312,0.9495798319323884,0.28065547297910975,2189.8727082050104,1.0,0.0,0.4479632116990254,0.5343766839725873
8192.0,136.53333333333333,井浆快替,0.5457756179435065,0.5457756179435065,2468.0,124.43697478991598,891.7983193277312,0.9495798319323884,0.2806015672235446,2187.6555875408344,1.0,0.0,0.4484621225667958,0.5339789969297576
8200.0,136.66666666666666,井浆快替,0.5464501678959325,0.5464501678959325,2468.0,124.43697478991598,891.7983193277312,0.9495798319323884,0.2805459045813383,2185.454694719527,1.0,0.0,0.4489591122530489,0.5335824466535428
8208.0,136.8,井浆快替,0.5471216861385565,0.5471216861385565,2468.0,124.43697478991598,891.7983193277312,0.9495798319323884,0.2804885209317619,2183.2699648665207,1.0,0.0,0.4494541836962026,0.5331870351626251
8216.0,136.93333333333334,井浆快替,0.5477901795537179,0.5477901795537179,2468.0,124.43697478991598,891.7983193277312,0.9495798319323884,0.28042945283079046,2181.1013330143765,1.0,0.0,0.4499473417647939,0.532792764561703
8224.0,137.06666666666666,井浆快替,0.548455655938454,0.548455655938454,2468.0,124.43697478991598,891.7983193277312,0.9495798319323884,0.28036873725061967,2178.948729046466,1.0,0.0,0.45043859173297707,0.5323996349920589
8232.0,137.2,井浆快替,0.5491181227907419,0.5491181227907419,2468.0,124.43697478991598,891.7983193277312,0.9495798319323884,0.280306406259766,2176.812076797144,1.0,0.0,0.4509279385162713,0.5320076462970351
8240.0,137.33333333333334,井浆快替,0.5497775871149003,0.5497775871149003,2468.0,124.43697478991598,891.7983193277312,0.9495798319323884,0.2802424953360027,2174.691288713665,1.0,0.0,0.45141538636994055,0.5316167985351082
8248.0,137.46666666666667,井浆快替,0.5504340566960615,0.5504340566960615,2468.0,124.43697478991598,891.7983193277312,0.9495798319323884,0.28017703824737866,2172.586282959976,1.0,0.0,0.4519009402164223,0.5312270923057374
8256.0,137.6,井浆快替,0.5510875374169734,0.5510875374169734,2468.0,124.43697478991598,891.7983193277312,0.9495798319323884,0.2801100680416954,2170.4969864412847,1.0,0.0,0.45238460275787584,0.5308385275126599
8264.0,137.73333333333332,井浆快替,0.551738038166912,0.551738038166912,2468.0,124.43697478991598,891.7983193277312,0.9495798319323884,0.28004162080030026,2168.423724438801,1.0,0.0,0.4528663796773732,0.5304511061004593
8272.0,137.86666666666667,井浆快替,0.5523855678602729,0.5523855678602729,2468.0,124.43697478991598,912.5378151260504,0.9495798319323884,0.2799717320971546,2166.3663228098794,1.0,0.0,0.4533462763233232,0.5300648271222145
8280.0,138.0,井浆快替,0.5530301352104723,0.5530301352104723,2468.0,124.43697478991598,912.5378151260504,0.9495798319323884,0.27990043890213706,2164.3250186168098,1.0,0.0,0.45382429796977797,0.5296796899152704
8288.0,138.13333333333333,井浆快替,0.5536717494574885,0.5536717494574885,2468.0,124.43697478991598,912.5378151260504,0.9495798319323884,0.2798277754498185,2162.299018345121,1.0,0.0,0.454300450028607,0.5292956938303106
8296.0,138.26666666666668,井浆快替,0.5543104200040128,0.5543104200040128,2468.0,124.43697478991598,912.5378151260504,0.9495798319323884,0.2797537763913333,2160.288302878038,1.0,0.0,0.454774737923439,0.5289128381049651
8304.0,138.4,井浆快替,0.5549461562049014,0.5549461562049014,2468.0,124.43697478991598,912.5378151260504,0.9495798319323884,0.27967847899378745,2158.292823745118,1.0,0.0,0.45524716705258184,0.5285311219529566
8312.0,138.53333333333333,井浆快替,0.5555789700729014,0.5555789700729014,2468.0,124.43697478991598,912.5378151260504,0.9495798319323884,0.27960192477330387,2156.312521287027,1.0,0.0,0.4557177453064915,0.5281505445434316
8320.0,138.66666666666666,井浆快替,0.5562088711947968,0.5562088711947968,2468.0,124.43697478991598,912.5378151260504,0.9495798319323884,0.27952414643074647,2154.347320945577,1.0,0.0,0.45618647743750784,0.5277711026660666
8328.0,138.8,井浆快替,0.5568358703904331,0.5568358703904331,2468.0,124.43697478991598,912.5378151260504,0.9495798319323884,0.27944517658245,2152.3978018503617,1.0,0.0,0.45665336969386794,0.5273927959802378
8336.0,138.93333333333334,井浆快替,0.557459977343282,0.557459977343282,2468.0,124.43697478991598,912.5378151260504,0.9495798319323884,0.27936504898809256,2150.4633041391835,1.0,0.0,0.4571184272513748,0.5270156227365036
8344.0,139.06666666666666,井浆快替,0.5580812019965633,0.5580812019965633,2468.0,124.43697478991598,912.5378151260504,0.9495798319323884,0.27928380255636504,2148.544042423674,1.0,0.0,0.4575816557326423,0.5266395820986278
8352.0,139.2,井浆快替,0.5586995556885266,0.5586995556885266,2468.0,124.43697478991598,912.5378151260504,0.9495798319323884,0.27920147287821984,2146.639711511537,1.0,0.0,0.45804306169300973,0.5262646728049525
8360.0,139.33333333333334,井浆快替,0.5593150503936841,0.5593150503936841,2468.0,124.43697478991598,912.5378151260504,0.9495798319323884,0.2791180965930249,2144.7510819281733,1.0,0.0,0.45850265208480545,0.5258908926958976
8368.0,139.46666666666667,井浆快替,0.5599276969568654,0.5599276969568654,2468.0,124.43697478991598,912.5378151260504,0.9495798319323884,0.27903371123292753,2142.877047478007,1.0,0.0,0.45896043255091656,0.5255182392423982
8376.0,139.6,井浆快替,0.5605375065161355,0.5605375065161355,2468.0,124.43697478991598,912.5378151260504,0.9495798319323884,0.27894835432898374,2141.017609070297,1.0,0.0,0.4594164085285942,0.5251467111670435
8384.0,139.73333333333332,井浆快替,0.561144490306947,0.561144490306947,2468.0,124.43697478991598,912.5378151260504,0.9495798319323884,0.2788620659901439,2139.172855321419,1.0,0.0,0.45987058639813055,0.5247763074135203
8392.0,139.86666666666667,井浆快替,0.5617486593063572,0.5617486593063572,2468.0,124.43697478991598,912.5378151260504,0.9495798319323884,0.27877488733709566,2137.342535618791,1.0,0.0,0.4603229719647893,0.5244070258659372
8400.0,140.0,井浆快替,0.5623500257994155,0.5623500257994155,2468.0,124.43697478991598,912.5378151260504,0.9495798319323884,0.27868685528666287,2135.5265812186285,1.0,0.0,0.4607735718093282,0.5240388649260665
8408.0,140.13333333333333,井浆快替,0.5629486039244868,0.5629486039244868,2468.0,124.43697478991598,912.5378151260504,0.9495798319323884,0.27859801035766746,2133.7249126795823,1.0,0.0,0.46122239415178085,0.5236718223963402
8416.0,140.26666666666668,井浆快替,0.56354440649407,0.56354440649407,2468.0,124.43697478991598,912.5378151260504,0.9495798319323884,0.27850838749983003,2131.937816556259,1.0,0.0,0.46166944610367366,0.5233058944673503
8424.0,140.4,井浆快替,0.5641374447112538,0.5641374447112538,2468.0,124.43697478991598,912.5378151260504,0.9495798319323884,0.27841801786859366,2130.165487458404,1.0,0.0,0.46211473314476287,0.5229410782161684
8432.0,140.53333333333333,井浆快替,0.5647277313646635,0.5647277313646635,2468.0,124.43697478991598,912.5378151260504,0.9495798319323884,0.2783269381160463,2128.4077368284948,1.0,0.0,0.4625582620275564,0.5225773721552809
8440.0,140.66666666666666,井浆快替,0.5653152790577765,0.5653152790577765,2468.0,124.43697478991598,912.5378151260504,0.9495798319323884,0.27823518483809684,2126.664010773072,1.0,0.0,0.46300003960226166,0.5222147736793684
8448.0,140.8,井浆快替,0.5659001006035486,0.5659001006035486,2468.0,124.43697478991598,912.5378151260504,0.9495798319323884,0.27814279343264336,2124.8807785420577,1.0,0.0,0.4634400718659888,0.5218532800747093
8456.0,140.93333333333334,井浆快替,0.5664822099884304,0.5664822099884304,2468.0,124.43697478991598,912.5378151260504,0.9495798319323884,0.2780497998996868,2123.044163069778,1.0,0.0,0.4638783666895163,0.521492889413617
8464.0,141.06666666666666,井浆快替,0.5670616206895182,0.5670616206895182,2468.0,124.43697478991598,933.2773109243698,0.9495798319323884,0.2779562411188652,2121.1650450546354,1.0,0.0,0.46431493180668426,0.521133597898109
8472.0,141.2,井浆快替,0.5676383463977621,0.5676383463977621,2468.0,124.43697478991598,933.2773109243698,0.9495798319323884,0.27786215417744686,2119.250653673655,1.0,0.0,0.46474977514451205,0.520775401882967
8480.0,141.33333333333334,井浆快替,0.5682124011733125,0.5682124011733125,2468.0,124.43697478991598,933.2773109243698,0.9495798319323884,0.27776757401165186,2117.3080467434625,1.0,0.0,0.4651829047785507,0.5204182974963772
8488.0,141.46666666666667,井浆快替,0.5687837980102771,0.5687837980102771,2468.0,124.43697478991598,933.2773109243698,0.9495798319323884,0.277672539302135,2115.3431771648525,1.0,0.0,0.4656143276156878,0.5200622807487176
8496.0,141.6,井浆快替,0.569352551309598,0.569352551309598,2468.0,124.43697478991598,933.2773109243698,0.9495798319323884,0.2775770963515478,2113.3614612746323,1.0,0.0,0.46604405158603013,0.5197073486943299
8504.0,141.73333333333332,井浆快替,0.5699186755317601,0.5699186755317601,2468.0,124.43697478991598,933.2773109243698,0.9495798319323884,0.277481278307446,2111.3674081883646,1.0,0.0,0.46647208482791425,0.5193534974767839
8512.0,141.86666666666667,井浆快替,0.5704821839710483,0.5704821839710483,2468.0,124.43697478991598,933.2773109243698,0.9495798319323884,0.2773851166715172,2109.3641733661407,1.0,0.0,0.4668984347928239,0.5190007230074465
8520.0,142.0,井浆快替,0.5710430904602461,0.5710430904602461,2468.0,124.43697478991598,933.2773109243698,0.9495798319323884,0.27728864967850164,2107.355170491229,1.0,0.0,0.4673231092386349,0.5186490216786451
8528.0,142.13333333333333,井浆快替,0.5716014099612637,0.5716014099612637,2468.0,124.43697478991598,933.2773109243698,0.9495798319323884,0.27719191262479526,2105.3425619452696,1.0,0.0,0.467746117052953,0.5182983896901254
8536.0,142.26666666666668,井浆快替,0.5721571559644394,0.5721571559644394,2468.0,124.43697478991598,933.2773109243698,0.9495798319323884,0.2770949468185544,2103.329242498345,1.0,0.0,0.4681674659320717,0.5179488221212687
8544.0,142.4,井浆快替,0.5727103437172972,0.5727103437172972,2468.0,124.43697478991598,933.2773109243698,0.9495798319323884,0.2769977875805985,2101.316895516108,1.0,0.0,0.46858716524320676,0.5176003151298589
8552.0,142.53333333333333,井浆快替,0.5732609889754265,0.5732609889754265,2468.0,124.43697478991598,933.2773109243698,0.9495798319323884,0.27690047271841317,2099.3067800642507,1.0,0.0,0.4690052251201625,0.5172528633237369
8560.0,142.66666666666666,井浆快替,0.5738091056946737,0.5738091056946737,2468.0,124.43697478991598,933.2773109243698,0.9495798319323884,0.276803041158359,2097.3003505432266,1.0,0.0,0.46942165382939927,0.5169064605312396
8568.0,142.8,井浆快替,0.5743547053033454,0.5743547053033454,2468.0,124.43697478991598,933.2773109243698,0.9495798319323884,0.27670552855647557,2095.2988298947344,1.0,0.0,0.4698364564876665,0.5165611023559775
