[D2DGA] 开始环空二维模拟 total_t=7436s nz=250 ny=40
  [D2DGA] 进度 0% (4s/7436s, dt=4.000s)
  [D2DGA] 进度 10% (746s/7436s, dt=2.781s)
  [D2DGA] 进度 20% (1488s/7436s, dt=2.781s)
  [D2DGA] 进度 30% (2231s/7436s, dt=2.781s)
  [D2DGA] 进度 40% (2976s/7436s, dt=2.487s)
  [D2DGA] 进度 50% (3719s/7436s, dt=2.487s)
  [D2DGA] 进度 60% (4463s/7436s, dt=2.487s)
  [D2DGA] 进度 70% (5207s/7436s, dt=2.487s)
  [D2DGA] 进度 80% (5951s/7436s, dt=2.487s)
  [D2DGA] 进度 90% (6693s/7436s, dt=0.408s)
  [D2DGA] 进度 100% (7436s/7436s, dt=0.020s)
正在生成动画帧 1/159
正在生成动画帧 1/159
正在生成动画帧 2/159
正在生成动画帧 3/159
正在生成动画帧 4/159
正在生成动画帧 5/159
正在生成动画帧 6/159
正在生成动画帧 7/159
正在生成动画帧 8/159
正在生成动画帧 9/159
正在生成动画帧 10/159
正在生成动画帧 11/159
正在生成动画帧 12/159
正在生成动画帧 13/159
正在生成动画帧 14/159
正在生成动画帧 15/159
正在生成动画帧 16/159
正在生成动画帧 17/159
正在生成动画帧 18/159
正在生成动画帧 19/159
正在生成动画帧 20/159
正在生成动画帧 21/159
正在生成动画帧 22/159
正在生成动画帧 23/159
正在生成动画帧 24/159
正在生成动画帧 25/159
正在生成动画帧 26/159
正在生成动画帧 27/159
正在生成动画帧 28/159
正在生成动画帧 29/159
正在生成动画帧 30/159
正在生成动画帧 31/159
正在生成动画帧 32/159
正在生成动画帧 33/159
正在生成动画帧 34/159
正在生成动画帧 35/159
正在生成动画帧 36/159
正在生成动画帧 37/159
正在生成动画帧 38/159
正在生成动画帧 39/159
正在生成动画帧 40/159
正在生成动画帧 41/159
正在生成动画帧 42/159
正在生成动画帧 43/159
正在生成动画帧 44/159
正在生成动画帧 45/159
正在生成动画帧 46/159
正在生成动画帧 47/159
正在生成动画帧 48/159
正在生成动画帧 49/159
正在生成动画帧 50/159
正在生成动画帧 51/159
正在生成动画帧 52/159
正在生成动画帧 53/159
正在生成动画帧 54/159
正在生成动画帧 55/159
正在生成动画帧 56/159
正在生成动画帧 57/159
正在生成动画帧 58/159
正在生成动画帧 59/159
正在生成动画帧 60/159
正在生成动画帧 61/159
正在生成动画帧 62/159
正在生成动画帧 63/159
正在生成动画帧 64/159
正在生成动画帧 65/159
正在生成动画帧 66/159
正在生成动画帧 67/159
正在生成动画帧 68/159
正在生成动画帧 69/159
正在生成动画帧 70/159
正在生成动画帧 71/159
正在生成动画帧 72/159
正在生成动画帧 73/159
正在生成动画帧 74/159
正在生成动画帧 75/159
正在生成动画帧 76/159
正在生成动画帧 77/159
正在生成动画帧 78/159
正在生成动画帧 79/159
正在生成动画帧 80/159
正在生成动画帧 81/159
正在生成动画帧 82/159
正在生成动画帧 83/159
正在生成动画帧 84/159
正在生成动画帧 85/159
正在生成动画帧 86/159
正在生成动画帧 87/159
正在生成动画帧 88/159
正在生成动画帧 89/159
正在生成动画帧 90/159
正在生成动画帧 91/159
正在生成动画帧 92/159
正在生成动画帧 93/159
正在生成动画帧 94/159
正在生成动画帧 95/159
正在生成动画帧 96/159
正在生成动画帧 97/159
正在生成动画帧 98/159
正在生成动画帧 99/159
正在生成动画帧 100/159
正在生成动画帧 101/159
正在生成动画帧 102/159
正在生成动画帧 103/159
正在生成动画帧 104/159
正在生成动画帧 105/159
正在生成动画帧 106/159
正在生成动画帧 107/159
正在生成动画帧 108/159
正在生成动画帧 109/159
正在生成动画帧 110/159
正在生成动画帧 111/159
正在生成动画帧 112/159
正在生成动画帧 113/159
正在生成动画帧 114/159
正在生成动画帧 115/159
正在生成动画帧 116/159
正在生成动画帧 117/159
正在生成动画帧 118/159
正在生成动画帧 119/159
正在生成动画帧 120/159
正在生成动画帧 121/159
正在生成动画帧 122/159
正在生成动画帧 123/159
正在生成动画帧 124/159
正在生成动画帧 125/159
正在生成动画帧 126/159
正在生成动画帧 127/159
正在生成动画帧 128/159
正在生成动画帧 129/159
正在生成动画帧 130/159
正在生成动画帧 131/159
正在生成动画帧 132/159
正在生成动画帧 133/159
正在生成动画帧 134/159
正在生成动画帧 135/159
正在生成动画帧 136/159
正在生成动画帧 137/159
正在生成动画帧 138/159
正在生成动画帧 139/159
正在生成动画帧 140/159
正在生成动画帧 141/159
正在生成动画帧 142/159
正在生成动画帧 143/159
正在生成动画帧 144/159
正在生成动画帧 145/159
正在生成动画帧 146/159
正在生成动画帧 147/159
正在生成动画帧 148/159
正在生成动画帧 149/159
正在生成动画帧 150/159
正在生成动画帧 151/159
正在生成动画帧 152/159
正在生成动画帧 153/159
正在生成动画帧 154/159
正在生成动画帧 155/159
正在生成动画帧 156/159
正在生成动画帧 157/159
正在生成动画帧 158/159
正在生成动画帧 159/159

=== 1D2D耦合模型 ===
{
  "模型名称": "通用尾管段环空二维顶替模型",
  "模拟对象": "呼103 尾管段 5536.66-7770.00m",
  "井段_m": [
    5536.662,
    7770.0
  ],
  "物理环空体积_m3": 75.00755035317786,
  "最终结果": {
    "全井段最终有效顶替效率": 0.1940122750525793,
    "窄四分位效率": 0.03274213106388505,
    "最终水泥浆占据率": 0.1940122750525793,
    "最终窜槽指数": 0.3935742971885788,
    "最终混浆指数": 0.14726554779037554,
    "最终失稳指数": 0.998219408259784,
    "最终失稳指数_线性": 31.654047657999346,
    "最终失稳指数_对数": 1.5139370222597857,
    "浮力数_b": 21.63185627438441
  },
  "评价窗效率": {
    "CBL评价井段(139.7mm段)": {
      "window_type": "cbl",
      "eta_E": 0.48375998732695735,
      "eta_N": 0.02987537036431473
    },
    "CBL评价井段(168.3mm段)": {
      "window_type": "cbl",
      "eta_E": 0.10135210554666267,
      "eta_N": 0.0034341176150917366
    },
    "全尾管段": {
      "window_type": "custom",
      "eta_E": 0.19401227505257923,
      "eta_N": 0.032742131063885044
    },
    "气层-K1q(地层目标)": {
      "window_type": "formation_target",
      "eta_E": 0.4719088025818887,
      "eta_N": 0.017401933835677962
    },
    "差气层-J3k(地层目标)": {
      "window_type": "formation_target",
      "eta_E": 0.5953157373122429,
      "eta_N": 0.02482166284603806
    }
  },
  "低尾指标": {
    "standoff低于0.5段占比": 0.0,
    "窄边效率低于0.05域占比": 0.9486411271003217
  },
  "effective_efficiency": 0.1940122750525793,
  "eta_narrow": 0.03274213106388505,
  "channeling_index": 0.3935742971885788,
  "mixing_index": 0.14726554779037554,
  "buoyancy_number": 21.63185627438441,
  "tier0_diagnostics": {
    "flow_classification": {
      "delta_w_f": 0.3053973480780382,
      "sigma_wr_plus": 0.0,
      "abs_wr_plus": 0.0,
      "abs_wr_minus": 0.8466308641511537,
      "is_steady": false,
      "is_dispersive": false,
      "flow_class": "unsteady_dispersive",
      "w0_m_s": 0.16245210405245814
    },
    "muskat_regime": {
      "regime": "stable",
      "c_critical": 0.36649374699358606,
      "c_star": 0.35753390756262493,
      "wide_side_unstable": false,
      "narrow_side_unstable": false,
      "delta_w_min": -37.578265774222274,
      "delta_w_max": 16.371009453572086,
      "viscosity_ratio": 0.08059701492537313,
      "buoyancy_number": 21.63185627438441,
      "eccentricity": 0.27803281276503233,
      "shock_detected": true,
      "c_bar_grid": [
        0.0,
        0.0005,
        0.001,
        0.0015,
        0.002,
        0.0025,
        0.003,
        0.0035,
        0.004,
        0.0045000000000000005,
        0.005,
        0.0055,
        0.006,
        0.006500000000000001,
        0.007,
        0.0075,
        0.008,
        0.0085,
        0.009000000000000001,
        0.0095,
        0.01,
        0.0105,
        0.011,
        0.0115,
        0.012,
        0.0125,
        0.013000000000000001,
        0.0135,
        0.014,
        0.0145,
        0.015,
        0.0155,
        0.016,
        0.0165,
        0.017,
        0.0175,
        0.018000000000000002,
        0.0185,
        0.019,
        0.0195,
        0.02,
        0.0205,
        0.021,
        0.021500000000000002,
        0.022,
        0.0225,
        0.023,
        0.0235,
        0.024,
        0.0245,
        0.025,
        0.025500000000000002,
        0.026000000000000002,
        0.0265,
        0.027,
        0.0275,
        0.028,
        0.0285,
        0.029,
        0.029500000000000002,
        0.03,
        0.0305,
        0.031,
        0.0315,
        0.032,
        0.0325,
        0.033,
        0.0335,
        0.034,
        0.0345,
        0.035,
        0.035500000000000004,
        0.036000000000000004,
        0.0365,
        0.037,
        0.0375,
        0.038,
        0.0385,
        0.039,
        0.0395,
        0.04,
        0.0405,
        0.041,
        0.0415,
        0.042,
        0.0425,
        0.043000000000000003,
        0.043500000000000004,
        0.044,
        0.0445,
        0.045,
        0.0455,
        0.046,
        0.0465,
        0.047,
        0.0475,
        0.048,
        0.0485,
        0.049,
        0.0495,
        0.05,
        0.0505,
        0.051000000000000004,
        0.051500000000000004,
        0.052000000000000005,
        0.0525,
        0.053,
        0.0535,
        0.054,
        0.0545,
        0.055,
        0.0555,
        0.056,
        0.0565,
        0.057,
        0.0575,
        0.058,
        0.0585,
        0.059000000000000004,
        0.059500000000000004,
        0.06,
        0.0605,
        0.061,
        0.0615,
        0.062,
        0.0625,
        0.063,
        0.0635,
        0.064,
        0.0645,
        0.065,
        0.0655,
        0.066,
        0.0665,
        0.067,
        0.0675,
        0.068,
        0.0685,
        0.069,
        0.0695,
        0.07,
        0.07050000000000001,
        0.07100000000000001,
        0.07150000000000001,
        0.07200000000000001,
        0.0725,
        0.073,
        0.0735,
        0.074,
        0.0745,
        0.075,
        0.0755,
        0.076,
        0.0765,
        0.077,
        0.0775,
        0.078,
        0.0785,
        0.079,
        0.0795,
        0.08,
        0.0805,
        0.081,
        0.0815,
        0.082,
        0.0825,
        0.083,
        0.0835,
        0.084,
        0.0845,
        0.085,
        0.0855,
        0.08600000000000001,
        0.08650000000000001,
        0.08700000000000001,
        0.08750000000000001,
        0.088,
        0.0885,
        0.089,
        0.0895,
        0.09,
        0.0905,
        0.091,
        0.0915,
        0.092,
        0.0925,
        0.093,
        0.0935,
        0.094,
        0.0945,
        0.095,
        0.0955,
        0.096,
        0.0965,
        0.097,
        0.0975,
        0.098,
        0.0985,
        0.099,
        0.0995,
        0.1,
        0.1005,
        0.101,
        0.1015,
        0.10200000000000001,
        0.10250000000000001,
        0.10300000000000001,
        0.10350000000000001,
        0.10400000000000001,
        0.1045,
        0.105,
        0.1055,
        0.106,
        0.1065,
        0.107,
        0.1075,
        0.108,
        0.1085,
        0.109,
        0.1095,
        0.11,
        0.1105,
        0.111,
        0.1115,
        0.112,
        0.1125,
        0.113,
        0.1135,
        0.114,
        0.1145,
        0.115,
        0.1155,
        0.116,
        0.1165,
        0.117,
        0.11750000000000001,
        0.11800000000000001,
        0.11850000000000001,
        0.11900000000000001,
        0.11950000000000001,
        0.12,
        0.1205,
        0.121,
        0.1215,
        0.122,
        0.1225,
        0.123,
        0.1235,
        0.124,
        0.1245,
        0.125,
        0.1255,
        0.126,
        0.1265,
        0.127,
        0.1275,
        0.128,
        0.1285,
        0.129,
        0.1295,
        0.13,
        0.1305,
        0.131,
        0.1315,
        0.132,
        0.1325,
        0.133,
        0.1335,
        0.134,
        0.1345,
        0.135,
        0.1355,
        0.136,
        0.1365,
        0.137,
        0.1375,
        0.138,
        0.1385,
        0.139,
        0.1395,
        0.14,
        0.1405,
        0.14100000000000001,
        0.14150000000000001,
        0.14200000000000002,
        0.14250000000000002,
        0.14300000000000002,
        0.14350000000000002,
        0.14400000000000002,
        0.1445,
        0.145,
        0.1455,
        0.146,
        0.1465,
        0.147,
        0.1475,
        0.148,
        0.1485,
        0.149,
        0.1495,
        0.15,
        0.1505,
        0.151,
        0.1515,
        0.152,
        0.1525,
        0.153,
        0.1535,
        0.154,
        0.1545,
        0.155,
        0.1555,
        0.156,
        0.1565,
        0.157,
        0.1575,
        0.158,
        0.1585,
        0.159,
        0.1595,
        0.16,
        0.1605,
        0.161,
        0.1615,
        0.162,
        0.1625,
        0.163,
        0.1635,
        0.164,
        0.1645,
        0.165,
        0.1655,
        0.166,
        0.1665,
        0.167,
        0.1675,
        0.168,
        0.1685,
        0.169,
        0.1695,
        0.17,
        0.1705,
        0.171,
        0.1715,
        0.17200000000000001,
        0.17250000000000001,
        0.17300000000000001,
        0.17350000000000002,
        0.17400000000000002,
        0.17450000000000002,
        0.17500000000000002,
        0.17550000000000002,
        0.176,
        0.1765,
        0.177,
        0.1775,
        0.178,
        0.1785,
        0.179,
        0.1795,
        0.18,
        0.1805,
        0.181,
        0.1815,
        0.182,
        0.1825,
        0.183,
        0.1835,
        0.184,
        0.1845,
        0.185,
        0.1855,
        0.186,
        0.1865,
        0.187,
        0.1875,
        0.188,
        0.1885,
        0.189,
        0.1895,
        0.19,
        0.1905,
        0.191,
        0.1915,
        0.192,
        0.1925,
        0.193,
        0.1935,
        0.194,
        0.1945,
        0.195,
        0.1955,
        0.196,
        0.1965,
        0.197,
        0.1975,
        0.198,
        0.1985,
        0.199,
        0.1995,
        0.2,
        0.2005,
        0.201,
        0.2015,
        0.202,
        0.2025,
        0.203,
        0.20350000000000001,
        0.20400000000000001,
        0.20450000000000002,
        0.20500000000000002,
        0.20550000000000002,
        0.20600000000000002,
        0.20650000000000002,
        0.20700000000000002,
        0.20750000000000002,
        0.20800000000000002,
        0.2085,
        0.209,
        0.2095,
        0.21,
        0.2105,
        0.211,
        0.2115,
        0.212,
        0.2125,
        0.213,
        0.2135,
        0.214,
        0.2145,
        0.215,
        0.2155,
        0.216,
        0.2165,
        0.217,
        0.2175,
        0.218,
        0.2185,
        0.219,
        0.2195,
        0.22,
        0.2205,
        0.221,
        0.2215,
        0.222,
        0.2225,
        0.223,
        0.2235,
        0.224,
        0.2245,
        0.225,
        0.2255,
        0.226,
        0.2265,
        0.227,
        0.2275,
        0.228,
        0.2285,
        0.229,
        0.2295,
        0.23,
        0.2305,
        0.231,
        0.2315,
        0.232,
        0.2325,
        0.233,
        0.2335,
        0.234,
        0.23450000000000001,
        0.23500000000000001,
        0.23550000000000001,
        0.23600000000000002,
        0.23650000000000002,
        0.23700000000000002,
        0.23750000000000002,
        0.23800000000000002,
        0.23850000000000002,
        0.23900000000000002,
        0.23950000000000002,
        0.24,
        0.2405,
        0.241,
        0.2415,
        0.242,
        0.2425,
        0.243,
        0.2435,
        0.244,
        0.2445,
        0.245,
        0.2455,
        0.246,
        0.2465,
        0.247,
        0.2475,
        0.248,
        0.2485,
        0.249,
        0.2495,
        0.25,
        0.2505,
        0.251,
        0.2515,
        0.252,
        0.2525,
        0.253,
        0.2535,
        0.254,
        0.2545,
        0.255,
        0.2555,
        0.256,
        0.2565,
        0.257,
        0.2575,
        0.258,
        0.2585,
        0.259,
        0.2595,
        0.26,
        0.2605,
        0.261,
        0.2615,
        0.262,
        0.2625,
        0.263,
        0.2635,
        0.264,
        0.2645,
        0.265,
        0.2655,
        0.266,
        0.2665,
        0.267,
        0.2675,
        0.268,
        0.2685,
        0.269,
        0.2695,
        0.27,
        0.2705,
        0.271,
        0.2715,
        0.272,
        0.2725,
        0.273,
        0.2735,
        0.274,
        0.2745,
        0.275,
        0.2755,
        0.276,
        0.2765,
        0.277,
        0.2775,
        0.278,
        0.2785,
        0.279,
        0.2795,
        0.28,
        0.2805,
        0.281,
        0.28150000000000003,
        0.28200000000000003,
        0.28250000000000003,
        0.28300000000000003,
        0.28350000000000003,
        0.28400000000000003,
        0.28450000000000003,
        0.28500000000000003,
        0.28550000000000003,
        0.28600000000000003,
        0.28650000000000003,
        0.28700000000000003,
        0.28750000000000003,
        0.28800000000000003,
        0.2885,
        0.289,
        0.2895,
        0.29,
        0.2905,
        0.291,
        0.2915,
        0.292,
        0.2925,
        0.293,
        0.2935,
        0.294,
        0.2945,
        0.295,
        0.2955,
        0.296,
        0.2965,
        0.297,
        0.2975,
        0.298,
        0.2985,
        0.299,
        0.2995,
        0.3,
        0.3005,
        0.301,
        0.3015,
        0.302,
        0.3025,
        0.303,
        0.3035,
        0.304,
        0.3045,
        0.305,
        0.3055,
        0.306,
        0.3065,
        0.307,
        0.3075,
        0.308,
        0.3085,
        0.309,
        0.3095,
        0.31,
        0.3105,
        0.311,
        0.3115,
        0.312,
        0.3125,
        0.313,
        0.3135,
        0.314,
        0.3145,
        0.315,
        0.3155,
        0.316,
        0.3165,
        0.317,
        0.3175,
        0.318,
        0.3185,
        0.319,
        0.3195,
        0.32,
        0.3205,
        0.321,
        0.3215,
        0.322,
        0.3225,
        0.323,
        0.3235,
        0.324,
        0.3245,
        0.325,
        0.3255,
        0.326,
        0.3265,
        0.327,
        0.3275,
        0.328,
        0.3285,
        0.329,
        0.3295,
        0.33,
        0.3305,
        0.331,
        0.3315,
        0.332,
        0.3325,
        0.333,
        0.3335,
        0.334,
        0.3345,
        0.335,
        0.3355,
        0.336,
        0.3365,
        0.337,
        0.3375,
        0.338,
        0.3385,
        0.339,
        0.3395,
        0.34,
        0.3405,
        0.341,
        0.3415,
        0.342,
        0.3425,
        0.343,
        0.3435,
        0.34400000000000003,
        0.34450000000000003,
        0.34500000000000003,
        0.34550000000000003,
        0.34600000000000003,
        0.34650000000000003,
        0.34700000000000003,
        0.34750000000000003,
        0.34800000000000003,
        0.34850000000000003,
        0.34900000000000003,
        0.34950000000000003,
        0.35000000000000003,
        0.35050000000000003,
        0.35100000000000003,
        0.35150000000000003,
        0.352,
        0.3525,
        0.353,
        0.3535,
        0.354,
        0.3545,
        0.355,
        0.3555,
        0.356,
        0.3565,
        0.357,
        0.3575,
        0.358,
        0.3585,
        0.359,
        0.3595,
        0.36,
        0.3605,
        0.361,
        0.3615,
        0.362,
        0.3625,
        0.363,
        0.3635,
        0.364,
        0.3645,
        0.365,
        0.3655,
        0.366,
        0.3665,
        0.367,
        0.3675,
        0.368,
        0.3685,
        0.369,
        0.3695,
        0.37,
        0.3705,
        0.371,
        0.3715,
        0.372,
        0.3725,
        0.373,
        0.3735,
        0.374,
        0.3745,
        0.375,
        0.3755,
        0.376,
        0.3765,
        0.377,
        0.3775,
        0.378,
        0.3785,
        0.379,
        0.3795,
        0.38,
        0.3805,
        0.381,
        0.3815,
        0.382,
        0.3825,
        0.383,
        0.3835,
        0.384,
        0.3845,
        0.385,
        0.3855,
        0.386,
        0.3865,
        0.387,
        0.3875,
        0.388,
        0.3885,
        0.389,
        0.3895,
        0.39,
        0.3905,
        0.391,
        0.3915,
        0.392,
        0.3925,
        0.393,
        0.3935,
        0.394,
        0.3945,
        0.395,
        0.3955,
        0.396,
        0.3965,
        0.397,
        0.3975,
        0.398,
        0.3985,
        0.399,
        0.3995,
        0.4,
        0.4005,
        0.401,
        0.4015,
        0.402,
        0.4025,
        0.403,
        0.4035,
        0.404,
        0.4045,
        0.405,
        0.4055,
        0.406,
        0.40650000000000003,
        0.40700000000000003,
        0.40750000000000003,
        0.40800000000000003,
        0.40850000000000003,
        0.40900000000000003,
        0.40950000000000003,
        0.41000000000000003,
        0.41050000000000003,
        0.41100000000000003,
        0.41150000000000003,
        0.41200000000000003,
        0.41250000000000003,
        0.41300000000000003,
        0.41350000000000003,
        0.41400000000000003,
        0.41450000000000004,
        0.41500000000000004,
        0.41550000000000004,
        0.41600000000000004,
        0.4165,
        0.417,
        0.4175,
        0.418,
        0.4185,
        0.419,
        0.4195,
        0.42,
        0.4205,
        0.421,
        0.4215,
        0.422,
        0.4225,
        0.423,
        0.4235,
        0.424,
        0.4245,
        0.425,
        0.4255,
        0.426,
        0.4265,
        0.427,
        0.4275,
        0.428,
        0.4285,
        0.429,
        0.4295,
        0.43,
        0.4305,
        0.431,
        0.4315,
        0.432,
        0.4325,
        0.433,
        0.4335,
        0.434,
        0.4345,
        0.435,
        0.4355,
        0.436,
        0.4365,
        0.437,
        0.4375,
        0.438,
        0.4385,
        0.439,
        0.4395,
        0.44,
        0.4405,
        0.441,
        0.4415,
        0.442,
        0.4425,
        0.443,
        0.4435,
        0.444,
        0.4445,
        0.445,
        0.4455,
        0.446,
        0.4465,
        0.447,
        0.4475,
        0.448,
        0.4485,
        0.449,
        0.4495,
        0.45,
        0.4505,
        0.451,
        0.4515,
        0.452,
        0.4525,
        0.453,
        0.4535,
        0.454,
        0.4545,
        0.455,
        0.4555,
        0.456,
        0.4565,
        0.457,
        0.4575,
        0.458,
        0.4585,
        0.459,
        0.4595,
        0.46,
        0.4605,
        0.461,
        0.4615,
        0.462,
        0.4625,
        0.463,
        0.4635,
        0.464,
        0.4645,
        0.465,
        0.4655,
        0.466,
        0.4665,
        0.467,
        0.4675,
        0.468,
        0.4685,
        0.46900000000000003,
        0.46950000000000003,
        0.47000000000000003,
        0.47050000000000003,
        0.47100000000000003,
        0.47150000000000003,
        0.47200000000000003,
        0.47250000000000003,
        0.47300000000000003,
        0.47350000000000003,
        0.47400000000000003,
        0.47450000000000003,
        0.47500000000000003,
        0.47550000000000003,
        0.47600000000000003,
        0.47650000000000003,
        0.47700000000000004,
        0.47750000000000004,
        0.47800000000000004,
        0.47850000000000004,
        0.47900000000000004,
        0.47950000000000004,
        0.48,
        0.4805,
        0.481,
        0.4815,
        0.482,
        0.4825,
        0.483,
        0.4835,
        0.484,
        0.4845,
        0.485,
        0.4855,
        0.486,
        0.4865,
        0.487,
        0.4875,
        0.488,
        0.4885,
        0.489,
        0.4895,
        0.49,
        0.4905,
        0.491,
        0.4915,
        0.492,
        0.4925,
        0.493,
        0.4935,
        0.494,
        0.4945,
        0.495,
        0.4955,
        0.496,
        0.4965,
        0.497,
        0.4975,
        0.498,
        0.4985,
        0.499,
        0.4995,
        0.5,
        0.5005000000000001,
        0.501,
        0.5015000000000001,
        0.502,
        0.5025000000000001,
        0.503,
        0.5035000000000001,
        0.504,
        0.5045000000000001,
        0.505,
        0.5055000000000001,
        0.506,
        0.5065000000000001,
        0.507,
        0.5075000000000001,
        0.508,
        0.5085000000000001,
        0.509,
        0.5095000000000001,
        0.51,
        0.5105000000000001,
        0.511,
        0.5115000000000001,
        0.512,
        0.5125,
        0.513,
        0.5135,
        0.514,
        0.5145,
        0.515,
        0.5155,
        0.516,
        0.5165,
        0.517,
        0.5175,
        0.518,
        0.5185,
        0.519,
        0.5195,
        0.52,
        0.5205,
        0.521,
        0.5215,
        0.522,
        0.5225,
        0.523,
        0.5235,
        0.524,
        0.5245,
        0.525,
        0.5255,
        0.526,
        0.5265,
        0.527,
        0.5275,
        0.528,
        0.5285,
        0.529,
        0.5295,
        0.53,
        0.5305,
        0.531,
        0.5315,
        0.532,
        0.5325,
        0.533,
        0.5335,
        0.534,
        0.5345,
        0.535,
        0.5355,
        0.536,
        0.5365,
        0.537,
        0.5375,
        0.538,
        0.5385,
        0.539,
        0.5395,
        0.54,
        0.5405,
        0.541,
        0.5415,
        0.542,
        0.5425,
        0.543,
        0.5435,
        0.544,
        0.5445,
        0.545,
        0.5455,
        0.546,
        0.5465,
        0.547,
        0.5475,
        0.548,
        0.5485,
        0.549,
        0.5495,
        0.55,
        0.5505,
        0.551,
        0.5515,
        0.552,
        0.5525,
        0.553,
        0.5535,
        0.554,
        0.5545,
        0.555,
        0.5555,
        0.556,
        0.5565,
        0.557,
        0.5575,
        0.558,
        0.5585,
        0.559,
        0.5595,
        0.56,
        0.5605,
        0.561,
        0.5615,
        0.562,
        0.5625,
        0.5630000000000001,
        0.5635,
        0.5640000000000001,
        0.5645,
        0.5650000000000001,
        0.5655,
        0.5660000000000001,
        0.5665,
        0.5670000000000001,
        0.5675,
        0.5680000000000001,
        0.5685,
        0.5690000000000001,
        0.5695,
        0.5700000000000001,
        0.5705,
        0.5710000000000001,
        0.5715,
        0.5720000000000001,
        0.5725,
        0.5730000000000001,
        0.5735,
        0.5740000000000001,
        0.5745,
        0.5750000000000001,
        0.5755,
        0.5760000000000001,
        0.5765,
        0.577,
        0.5775,
        0.578,
        0.5785,
        0.579,
        0.5795,
        0.58,
        0.5805,
        0.581,
        0.5815,
        0.582,
        0.5825,
        0.583,
        0.5835,
        0.584,
        0.5845,
        0.585,
        0.5855,
        0.586,
        0.5865,
        0.587,
        0.5875,
        0.588,
        0.5885,
        0.589,
        0.5895,
        0.59,
        0.5905,
        0.591,
        0.5915,
        0.592,
        0.5925,
        0.593,
        0.5935,
        0.594,
        0.5945,
        0.595,
        0.5955,
        0.596,
        0.5965,
        0.597,
        0.5975,
        0.598,
        0.5985,
        0.599,
        0.5995,
        0.6,
        0.6005,
        0.601,
        0.6015,
        0.602,
        0.6025,
        0.603,
        0.6035,
        0.604,
        0.6045,
        0.605,
        0.6055,
        0.606,
        0.6065,
        0.607,
        0.6075,
        0.608,
        0.6085,
        0.609,
        0.6095,
        0.61,
        0.6105,
        0.611,
        0.6115,
        0.612,
        0.6125,
        0.613,
        0.6135,
        0.614,
        0.6145,
        0.615,
        0.6155,
        0.616,
        0.6165,
        0.617,
        0.6175,
        0.618,
        0.6185,
        0.619,
        0.6195,
        0.62,
        0.6205,
        0.621,
        0.6215,
        0.622,
        0.6225,
        0.623,
        0.6235,
        0.624,
        0.6245,
        0.625,
        0.6255000000000001,
        0.626,
        0.6265000000000001,
        0.627,
        0.6275000000000001,
        0.628,
        0.6285000000000001,
        0.629,
        0.6295000000000001,
        0.63,
        0.6305000000000001,
        0.631,
        0.6315000000000001,
        0.632,
        0.6325000000000001,
        0.633,
        0.6335000000000001,
        0.634,
        0.6345000000000001,
        0.635,
        0.6355000000000001,
        0.636,
        0.6365000000000001,
        0.637,
        0.6375000000000001,
        0.638,
        0.6385000000000001,
        0.639,
        0.6395000000000001,
        0.64,
        0.6405,
        0.641,
        0.6415,
        0.642,
        0.6425,
        0.643,
        0.6435,
        0.644,
        0.6445,
        0.645,
        0.6455,
        0.646,
        0.6465,
        0.647,
        0.6475,
        0.648,
        0.6485,
        0.649,
        0.6495,
        0.65,
        0.6505,
        0.651,
        0.6515,
        0.652,
        0.6525,
        0.653,
        0.6535,
        0.654,
        0.6545,
        0.655,
        0.6555,
        0.656,
        0.6565,
        0.657,
        0.6575,
        0.658,
        0.6585,
        0.659,
        0.6595,
        0.66,
        0.6605,
        0.661,
        0.6615,
        0.662,
        0.6625,
        0.663,
        0.6635,
        0.664,
        0.6645,
        0.665,
        0.6655,
        0.666,
        0.6665,
        0.667,
        0.6675,
        0.668,
        0.6685,
        0.669,
        0.6695,
        0.67,
        0.6705,
        0.671,
        0.6715,
        0.672,
        0.6725,
        0.673,
        0.6735,
        0.674,
        0.6745,
        0.675,
        0.6755,
        0.676,
        0.6765,
        0.677,
        0.6775,
        0.678,
        0.6785,
        0.679,
        0.6795,
        0.68,
        0.6805,
        0.681,
        0.6815,
        0.682,
        0.6825,
        0.683,
        0.6835,
        0.684,
        0.6845,
        0.685,
        0.6855,
        0.686,
        0.6865,
        0.687,
        0.6875,
        0.6880000000000001,
        0.6885,
        0.6890000000000001,
        0.6895,
        0.6900000000000001,
        0.6905,
        0.6910000000000001,
        0.6915,
        0.6920000000000001,
        0.6925,
        0.6930000000000001,
        0.6935,
        0.6940000000000001,
        0.6945,
        0.6950000000000001,
        0.6955,
        0.6960000000000001,
        0.6965,
        0.6970000000000001,
        0.6975,
        0.6980000000000001,
        0.6985,
        0.6990000000000001,
        0.6995,
        0.7000000000000001,
        0.7005,
        0.7010000000000001,
        0.7015,
        0.7020000000000001,
        0.7025,
        0.7030000000000001,
        0.7035,
        0.704,
        0.7045,
        0.705,
        0.7055,
        0.706,
        0.7065,
        0.707,
        0.7075,
        0.708,
        0.7085,
        0.709,
        0.7095,
        0.71,
        0.7105,
        0.711,
        0.7115,
        0.712,
        0.7125,
        0.713,
        0.7135,
        0.714,
        0.7145,
        0.715,
        0.7155,
        0.716,
        0.7165,
        0.717,
        0.7175,
        0.718,
        0.7185,
        0.719,
        0.7195,
        0.72,
        0.7205,
        0.721,
        0.7215,
        0.722,
        0.7225,
        0.723,
        0.7235,
        0.724,
        0.7245,
        0.725,
        0.7255,
        0.726,
        0.7265,
        0.727,
        0.7275,
        0.728,
        0.7285,
        0.729,
        0.7295,
        0.73,
        0.7305,
        0.731,
        0.7315,
        0.732,
        0.7325,
        0.733,
        0.7335,
        0.734,
        0.7345,
        0.735,
        0.7355,
        0.736,
        0.7365,
        0.737,
        0.7375,
        0.738,
        0.7385,
        0.739,
        0.7395,
        0.74,
        0.7405,
        0.741,
        0.7415,
        0.742,
        0.7425,
        0.743,
        0.7435,
        0.744,
        0.7445,
        0.745,
        0.7455,
        0.746,
        0.7465,
        0.747,
        0.7475,
        0.748,
        0.7485,
        0.749,
        0.7495,
        0.75,
        0.7505000000000001,
        0.751,
        0.7515000000000001,
        0.752,
        0.7525000000000001,
        0.753,
        0.7535000000000001,
        0.754,
        0.7545000000000001,
        0.755,
        0.7555000000000001,
        0.756,
        0.7565000000000001,
        0.757,
        0.7575000000000001,
        0.758,
        0.7585000000000001,
        0.759,
        0.7595000000000001,
        0.76,
        0.7605000000000001,
        0.761,
        0.7615000000000001,
        0.762,
        0.7625000000000001,
        0.763,
        0.7635000000000001,
        0.764,
        0.7645000000000001,
        0.765,
        0.7655000000000001,
        0.766,
        0.7665000000000001,
        0.767,
        0.7675000000000001,
        0.768,
        0.7685,
        0.769,
        0.7695,
        0.77,
        0.7705,
        0.771,
        0.7715,
        0.772,
        0.7725,
        0.773,
        0.7735,
        0.774,
        0.7745,
        0.775,
        0.7755,
        0.776,
        0.7765,
        0.777,
        0.7775,
        0.778,
        0.7785,
        0.779,
        0.7795,
        0.78,
        0.7805,
        0.781,
        0.7815,
        0.782,
        0.7825,
        0.783,
        0.7835,
        0.784,
        0.7845,
        0.785,
        0.7855,
        0.786,
        0.7865,
        0.787,
        0.7875,
        0.788,
        0.7885,
        0.789,
        0.7895,
        0.79,
        0.7905,
        0.791,
        0.7915,
        0.792,
        0.7925,
        0.793,
        0.7935,
        0.794,
        0.7945,
        0.795,
        0.7955,
        0.796,
        0.7965,
        0.797,
        0.7975,
        0.798,
        0.7985,
        0.799,
        0.7995,
        0.8,
        0.8005,
        0.801,
        0.8015,
        0.802,
        0.8025,
        0.803,
        0.8035,
        0.804,
        0.8045,
        0.805,
        0.8055,
        0.806,
        0.8065,
        0.807,
        0.8075,
        0.808,
        0.8085,
        0.809,
        0.8095,
        0.81,
        0.8105,
        0.811,
        0.8115,
        0.812,
        0.8125,
        0.8130000000000001,
        0.8135,
        0.8140000000000001,
        0.8145,
        0.8150000000000001,
        0.8155,
        0.8160000000000001,
        0.8165,
        0.8170000000000001,
        0.8175,
        0.8180000000000001,
        0.8185,
        0.8190000000000001,
        0.8195,
        0.8200000000000001,
        0.8205,
        0.8210000000000001,
        0.8215,
        0.8220000000000001,
        0.8225,
        0.8230000000000001,
        0.8235,
        0.8240000000000001,
        0.8245,
        0.8250000000000001,
        0.8255,
        0.8260000000000001,
        0.8265,
        0.8270000000000001,
        0.8275,
        0.8280000000000001,
        0.8285,
        0.8290000000000001,
        0.8295,
        0.8300000000000001,
        0.8305,
        0.8310000000000001,
        0.8315,
        0.8320000000000001,
        0.8325,
        0.833,
        0.8335,
        0.834,
        0.8345,
        0.835,
        0.8355,
        0.836,
        0.8365,
        0.837,
        0.8375,
        0.838,
        0.8385,
        0.839,
        0.8395,
        0.84,
        0.8405,
        0.841,
        0.8415,
        0.842,
        0.8425,
        0.843,
        0.8435,
        0.844,
        0.8445,
        0.845,
        0.8455,
        0.846,
        0.8465,
        0.847,
        0.8475,
        0.848,
        0.8485,
        0.849,
        0.8495,
        0.85,
        0.8505,
        0.851,
        0.8515,
        0.852,
        0.8525,
        0.853,
        0.8535,
        0.854,
        0.8545,
        0.855,
        0.8555,
        0.856,
        0.8565,
        0.857,
        0.8575,
        0.858,
        0.8585,
        0.859,
        0.8595,
        0.86,
        0.8605,
        0.861,
        0.8615,
        0.862,
        0.8625,
        0.863,
        0.8635,
        0.864,
        0.8645,
        0.865,
        0.8655,
        0.866,
        0.8665,
        0.867,
        0.8675,
        0.868,
        0.8685,
        0.869,
        0.8695,
        0.87,
        0.8705,
        0.871,
        0.8715,
        0.872,
        0.8725,
        0.873,
        0.8735,
        0.874,
        0.8745,
        0.875,
        0.8755000000000001,
        0.876,
        0.8765000000000001,
        0.877,
        0.8775000000000001,
        0.878,
        0.8785000000000001,
        0.879,
        0.8795000000000001,
        0.88,
        0.8805000000000001,
        0.881,
        0.8815000000000001,
        0.882,
        0.8825000000000001,
        0.883,
        0.8835000000000001,
        0.884,
        0.8845000000000001,
        0.885,
        0.8855000000000001,
        0.886,
        0.8865000000000001,
        0.887,
        0.8875000000000001,
        0.888,
        0.8885000000000001,
        0.889,
        0.8895000000000001,
        0.89,
        0.8905000000000001,
        0.891,
        0.8915000000000001,
        0.892,
        0.8925000000000001,
        0.893,
        0.8935000000000001,
        0.894,
        0.8945000000000001,
        0.895,
        0.8955000000000001,
        0.896,
        0.8965,
        0.897,
        0.8975,
        0.898,
        0.8985,
        0.899,
        0.8995,
        0.9,
        0.9005,
        0.901,
        0.9015,
        0.902,
        0.9025,
        0.903,
        0.9035,
        0.904,
        0.9045,
        0.905,
        0.9055,
        0.906,
        0.9065,
        0.907,
        0.9075,
        0.908,
        0.9085,
        0.909,
        0.9095,
        0.91,
        0.9105,
        0.911,
        0.9115,
        0.912,
        0.9125,
        0.913,
        0.9135,
        0.914,
        0.9145,
        0.915,
        0.9155,
        0.916,
        0.9165,
        0.917,
        0.9175,
        0.918,
        0.9185,
        0.919,
        0.9195,
        0.92,
        0.9205,
        0.921,
        0.9215,
        0.922,
        0.9225,
        0.923,
        0.9235,
        0.924,
        0.9245,
        0.925,
        0.9255,
        0.926,
        0.9265,
        0.927,
        0.9275,
        0.928,
        0.9285,
        0.929,
        0.9295,
        0.93,
        0.9305,
        0.931,
        0.9315,
        0.932,
        0.9325,
        0.933,
        0.9335,
        0.934,
        0.9345,
        0.935,
        0.9355,
        0.936,
        0.9365,
        0.937,
        0.9375,
        0.9380000000000001,
        0.9385,
        0.9390000000000001,
        0.9395,
        0.9400000000000001,
        0.9405,
        0.9410000000000001,
        0.9415,
        0.9420000000000001,
        0.9425,
        0.9430000000000001,
        0.9435,
        0.9440000000000001,
        0.9445,
        0.9450000000000001,
        0.9455,
        0.9460000000000001,
        0.9465,
        0.9470000000000001,
        0.9475,
        0.9480000000000001,
        0.9485,
        0.9490000000000001,
        0.9495,
        0.9500000000000001,
        0.9505,
        0.9510000000000001,
        0.9515,
        0.9520000000000001,
        0.9525,
        0.9530000000000001,
        0.9535,
        0.9540000000000001,
        0.9545,
        0.9550000000000001,
        0.9555,
        0.9560000000000001,
        0.9565,
        0.9570000000000001,
        0.9575,
        0.9580000000000001,
        0.9585,
        0.9590000000000001,
        0.9595,
        0.96,
        0.9605,
        0.961,
        0.9615,
        0.962,
        0.9625,
        0.963,
        0.9635,
        0.964,
        0.9645,
        0.965,
        0.9655,
        0.966,
        0.9665,
        0.967,
        0.9675,
        0.968,
        0.9685,
        0.969,
        0.9695,
        0.97,
        0.9705,
        0.971,
        0.9715,
        0.972,
        0.9725,
        0.973,
        0.9735,
        0.974,
        0.9745,
        0.975,
        0.9755,
        0.976,
        0.9765,
        0.977,
        0.9775,
        0.978,
        0.9785,
        0.979,
        0.9795,
        0.98,
        0.9805,
        0.981,
        0.9815,
        0.982,
        0.9825,
        0.983,
        0.9835,
        0.984,
        0.9845,
        0.985,
        0.9855,
        0.986,
        0.9865,
        0.987,
        0.9875,
        0.988,
        0.9885,
        0.989,
        0.9895,
        0.99,
        0.9905,
        0.991,
        0.9915,
        0.992,
        0.9925,
        0.993,
        0.9935,
        0.994,
        0.9945,
        0.995,
        0.9955,
        0.996,
        0.9965,
        0.997,
        0.9975,
        0.998,
        0.9985,
        0.999,
        0.9995,
        1.0
      ],
      "delta_w_profile": [
        -37.578265774222274,
        -37.57673047448392,
        -37.57519517686671,
        -37.57365988348796,
        -37.57212459646069,
        -37.570589317893734,
        -37.56905404989166,
        -37.56751879455483,
        -37.56598355397929,
        -37.564448330257015,
        -37.56291312547554,
        -37.56137794171833,
        -37.55984278106464,
        -37.5583076455893,
        -37.55677253736297,
        -37.555237458452254,
        -37.55370241091941,
        -37.552167396822284,
        -37.550632418214825,
        -37.54909747714658,
        -37.54756257566265,
        -37.546027715804414,
        -37.54449289960879,
        -37.54295812910796,
        -37.54142340633067,
        -37.539888733301225,
        -37.538354112039165,
        -37.536819544560686,
        -37.535285032876835,
        -37.53375057899529,
        -37.53221618491909,
        -37.53068185264659,
        -37.529147584172705,
        -37.52761338148796,
        -37.52607924657841,
        -37.524545181426,
        -37.523011188008574,
        -37.521477268299314,
        -37.51994342426785,
        -37.51840965787904,
        -37.51687597109421,
        -37.51534236586932,
        -37.51380884415717,
        -37.51227540790632,
        -37.51074205906012,
        -37.50920879955894,
        -37.50767563133793,
        -37.50614255632872,
        -37.50460957645884,
        -37.5030766936506,
        -37.50154390982312,
        -37.50001122689133,
        -37.49847864676504,
        -37.49694617135044,
        -37.495413802550196,
        -37.49388154226119,
        -37.492349392377704,
        -37.49081735478903,
        -37.48928543138014,
        -37.48775362403241,
        -37.486221934621746,
        -37.48469036502241,
        -37.48315891710124,
        -37.481627592723456,
        -37.480096393748894,
        -37.47856532203348,
        -37.47703437942894,
        -37.475503567782845,
        -37.47397288893856,
        -37.4724423447353,
        -37.470911937008324,
        -37.469381667587804,
        -37.46785153830113,
        -37.466321550970825,
        -37.46479170741457,
        -37.46326200944747,
        -37.46173245887865,
        -37.460203057514455,
        -37.458673807157055,
        -37.457144709603334,
        -37.45561576664693,
        -37.45408698007732,
        -37.45255835167895,
        -37.45102988323323,
        -37.449501576517434,
        -37.44797343330355,
        -37.446445455360575,
        -37.44491764445243,
        -37.44339000233893,
        -37.441862530778,
        -37.44033523152006,
        -37.43880810631363,
        -37.437281156901996,
        -37.435754385024524,
        -37.43422779241761,
        -37.43270138081238,
        -37.43117515193585,
        -37.429649107510905,
        -37.42812324925656,
        -37.42659757888792,
        -37.425072098116026,
        -37.42354680864753,
        -37.42202171218479,
        -37.42049681042603,
        -37.418972105065635,
        -37.417447597794094,
        -37.415923290298046,
        -37.41439918425911,
        -37.412875281355056,
        -37.41135158325979,
        -37.40982809164335,
        -37.40830480817171,
        -37.40678173450697,
        -37.40525887230491,
        -37.40373622322016,
        -37.402213788903055,
        -37.40069157099783,
        -37.399169571145556,
        -37.397647790984145,
        -37.39612623214654,
        -37.39460489626141,
        -37.39308378495562,
        -37.39156289984744,
        -37.390042242555666,
        -37.38852181469274,
        -37.38700161786751,
        -37.38548165368527,
        -37.383961923745424,
        -37.3824424296461,
        -37.38092317297954,
        -37.37940415533399,
        -37.37788537829545,
        -37.37636684344321,
        -37.37484855235432,
        -37.37333050660138,
        -37.37181270775296,
        -37.37029515737408,
        -37.36877785702395,
        -37.36726080826046,
        -37.36574401263572,
        -37.36422747169827,
        -37.362711186993124,
        -37.361195160059005,
        -37.35967939243476,
        -37.358163885652516,
        -37.35664864123995,
        -37.35513366072259,
        -37.353618945619715,
        -37.35210449744933,
        -37.350590317723686,
        -37.3490764079515,
        -37.34756276963798,
        -37.34604940428256,
        -37.344536313382974,
        -37.34302349843257,
        -37.341510960920274,
        -37.339998702330604,
        -37.33848672414369,
        -37.336975027837994,
        -37.33546361488621,
        -37.33395248675756,
        -37.332441644917324,
        -37.33093109082688,
        -37.3294208259441,
        -37.32791085172113,
        -37.326401169608495,
        -37.32489178105231,
        -37.32338268749436,
        -37.32187389037204,
        -37.32036539111841,
        -37.31885719116488,
        -37.31734929193717,
        -37.31584169485753,
        -37.31433440134481,
        -37.312827412812126,
        -37.31132073067099,
        -37.30981435632906,
        -37.308308291187814,
        -37.30680253664713,
        -37.30529709410079,
        -37.303791964941375,
        -37.302287150555834,
        -37.30078265232769,
        -37.29927847163708,
        -37.29777460985847,
        -37.2962710683652,
        -37.29476784852496,
        -37.29326495170159,
        -37.29176237925691,
        -37.2902601325462,
        -37.28875821292272,
        -37.28725662173545,
        -37.28575536032956,
        -37.28425443004684,
        -37.28275383222346,
        -37.28125356819452,
        -37.27975363928948,
        -37.278254046834455,
        -37.27675479215178,
        -37.27525587655951,
        -37.27375730137377,
        -37.272259067904145,
        -37.27076117745826,
        -37.26926363133951,
        -37.26776643084753,
        -37.266269577278614,
        -37.26477307192349,
        -37.26327691607186,
        -37.261781111007814,
        -37.26028565801173,
        -37.25879055836203,
        -37.257295813330664,
        -37.25580142418767,
        -37.25430739219889,
        -37.25281371862641,
        -37.251320404729086,
        -37.24982745176019,
        -37.24833486097201,
        -37.2468426336113,
        -37.24535077092157,
        -37.24385927414305,
        -37.24236814451,
        -37.24087738325709,
        -37.239386991612534,
        -37.23789697080042,
        -37.236407322043405,
        -37.23491804655638,
        -37.23342914555511,
        -37.23194062025165,
        -37.23045247184988,
        -37.228964701553615,
        -37.22747731056211,
        -37.22599030007142,
        -37.22450367127257,
        -37.2230174253534,
        -37.22153156350035,
        -37.220046086894435,
        -37.21856099671119,
        -37.21707629412524,
        -37.215591980305774,
        -37.21410805642108,
        -37.212624523634,
        -37.21114138310194,
        -37.20965863598143,
        -37.208176283423555,
        -37.20669432657854,
        -37.20521276659119,
        -37.20373160460088,
        -37.202250841746135,
        -37.20077047916008,
        -37.19929051797404,
        -37.19781095931763,
        -37.19633180430957,
        -37.194853054071416,
        -37.1933747097184,
        -37.19189677236492,
        -37.190419243120026,
        -37.188942123087365,
        -37.187465413369786,
        -37.185989115064764,
        -37.184513229268966,
        -37.183037757072796,
        -37.181562699564935,
        -37.18008805782783,
        -37.17861383294221,
        -37.177140025987114,
        -37.17566663803623,
        -37.17419367015795,
        -37.172721123419855,
        -37.17124899888424,
        -37.1697772976126,
        -37.16830602066115,
        -37.166835169080784,
        -37.16536474392165,
        -37.163894746227676,
        -37.16242517704569,
        -37.16095603741179,
        -37.15948732836041,
        -37.15801905092435,
        -37.156551206131134,
        -37.15508379500757,
        -37.153616818575195,
        -37.15215027785028,
        -37.150684173848404,
        -37.149218507579874,
        -37.14775328005341,
        -37.146288492276106,
        -37.14482414524437,
        -37.14336023995848,
        -37.141896777408924,
        -37.14043375859098,
        -37.138971184491055,
        -37.13750905609127,
        -37.136047374373064,
        -37.13458614031177,
        -37.1331253548857,
        -37.13166501906252,
        -37.13020513380833,
        -37.1287457000877,
        -37.127286718859985,
        -37.12582819108393,
        -37.12437011771312,
        -37.122912499695936,
        -37.121455337980166,
        -37.11999863350842,
        -37.118542387222725,
        -37.117086600059935,
        -37.11563127295086,
        -37.11417640682933,
        -37.112722002618625,
        -37.111268061245035,
        -37.10981458362884,
        -37.108361570685176,
        -37.106909023328626,
        -37.10545694246864,
        -37.104005329014136,
        -37.10255418386889,
        -37.101103507931604,
        -37.09965330209952,
        -37.098203567268406,
        -37.09675430432806,
        -37.09530551416682,
        -37.09385719766705,
        -37.09240935570966,
        -37.09096198917417,
        -37.08951509893498,
        -37.08806868586148,
        -37.086622750822535,
        -37.085177294681955,
        -37.08373231830306,
        -37.082287822544146,
        -37.080843808257534,
        -37.07940027629871,
        -37.077957227512705,
        -37.07651466274767,
        -37.07507258284587,
        -37.073630988644524,
        -37.072189880980424,
        -37.07074926068533,
        -37.06930912859058,
        -37.0678694855225,
        -37.06643033230243,
        -37.06499166975038,
        -37.063553498684996,
        -37.06211581991905,
        -37.060678634263994,
        -37.0592419425254,
        -37.057805745508404,
        -37.05637004401322,
        -37.05493483883965,
        -37.053500130782545,
        -37.052065920631804,
        -37.05063220917606,
        -37.04919899720261,
        -37.04776628549295,
        -37.046334074827264,
        -37.044902365979944,
        -37.04347115972498,
        -37.04204045683148,
        -37.04061025806817,
        -37.03918056419891,
        -37.03775137598264,
        -37.03632269417796,
        -37.034894519538604,
        -37.03346685281705,
        -37.032039694764535,
        -37.030613046121985,
        -37.02918690763362,
        -37.02776128003792,
        -37.026336164073044,
        -37.024911560472276,
        -37.02348746996409,
        -37.022063893276645,
        -37.02064083113326,
        -37.01921828425698,
        -37.01779625336511,
        -37.01637473917376,
        -37.01495374239333,
        -37.01353326373303,
        -37.01211330390089,
        -37.01069386360015,
        -37.00927494352926,
        -37.00785654438641,
        -37.00643866686498,
        -37.00502131165815,
        -37.00360447945428,
        -37.00218817093609,
        -37.00077238678967,
        -36.99935712769091,
        -36.99794239431911,
        -36.99652818734793,
        -36.99511450744624,
        -36.99370135528273,
        -36.99228873152135,
        -36.99087663682585,
        -36.98946507185525,
        -36.98805403726384,
        -36.986643533704815,
        -36.985233561830306,
        -36.9838241222868,
        -36.982415215719726,
        -36.9810068427689,
        -36.97959900407305,
        -36.978191700269875,
        -36.97678493199237,
        -36.975378699868834,
        -36.97397300452745,
        -36.97256784659171,
        -36.97116322668497,
        -36.969759145425954,
        -36.96835560342778,
        -36.96695260130709,
        -36.96555013967045,
        -36.96414821912792,
        -36.962746840284034,
        -36.96134600373867,
        -36.95994571009253,
        -36.958545959937155,
        -36.94650082104135,
        -36.88482057573975,
        -36.78398436654898,
        -36.68281650843368,
        -36.5813197717211,
        -36.47949691817825,
        -36.377350700987364,
        -36.27488386478594,
        -36.17209914567947,
        -36.068999271228684,
        -35.965586960497795,
        -35.86186492404631,
        -35.757835863936286,
        -35.653502473754195,
        -35.54886743862909,
        -35.44393343523718,
        -35.3387031318182,
        -35.233179188181765,
        -35.12736425572559,
        -35.02126097745548,
        -34.91487198798083,
        -34.80819991353547,
        -34.70124737200411,
        -34.59401697291416,
        -34.48651131745298,
        -34.37873299850063,
        -34.27068460061081,
        -34.16236870004811,
        -34.05378786479625,
        -33.94494465456529,
        -33.83584162080717,
        -33.72648130672478,
        -33.61686624729376,
        -33.50699896927438,
        -33.39688199121425,
        -33.28651782347014,
        -33.1759089682253,
        -33.065057919477596,
        -32.95396716309412,
        -32.84263917679845,
        -32.73107643016609,
        -32.61928138468544,
        -32.50725649372324,
        -32.39500420256364,
        -32.28252694842827,
        -32.16982716045708,
        -32.0569072597621,
        -31.943769659406403,
        -31.830416764429696,
        -31.71685097187188,
        -31.603074670775843,
        -31.48909024219834,
        -31.374900059228207,
        -31.26050648699909,
        -31.145911882702194,
        -31.031118595602642,
        -30.91612896704131,
        -30.80094533046575,
        -30.685570011433843,
        -30.57000532761377,
        -30.454253588829545,
        -30.338317097048236,
        -30.222198146392724,
        -30.10589902317628,
        -29.989422005906185,
        -29.872769365281926,
        -29.755943364211568,
        -29.638946257855427,
        -29.521780293616956,
        -29.40444771114823,
        -29.286950742377215,
        -29.169291611496877,
        -29.0514725350252,
        -28.933495721796103,
        -28.81536337294306,
        -28.697077681944602,
        -28.578640834637035,
        -28.46005500923628,
        -28.34132237631423,
        -28.222445098827855,
        -28.10342533216105,
        -27.98426522413554,
        -27.864966914961794,
        -27.74553253730449,
        -27.62596421631527,
        -27.50626406960547,
        -27.38643420726611,
        -27.266476731886108,
        -27.146393738581384,
        -27.026187315002137,
        -26.905859541321934,
        -26.78541249025227,
        -26.66484822711169,
        -26.544168809796695,
        -26.423376288765372,
        -26.30247270710834,
        -26.181460100532377,
        -26.060340497387724,
        -25.93911591866989,
        -25.817788378025128,
        -25.69635988180136,
        -25.574832429013632,
        -25.453208011387762,
        -25.331488613371263,
        -25.209676212133356,
        -25.087772777604975,
        -24.96578027246241,
        -24.84370065213096,
        -24.721535864863124,
        -24.599287851704077,
        -24.476958546484376,
        -24.354549875869086,
        -24.232063759366884,
        -24.10950210936279,
        -23.98686683107271,
        -23.86415982259073,
        -23.741382974940045,
        -23.618538172043873,
        -23.495627290714534,
        -23.372652200709844,
        -23.249614764760413,
        -23.126516838544163,
        -23.003360270717288,
        -22.880146902896033,
        -22.756878569740394,
        -22.633557098930467,
        -22.51018431112462,
        -22.386762020055894,
        -22.263292032526557,
        -22.139776148400845,
        -22.016216160617667,
        -21.89261385520701,
        -21.76897101132995,
        -21.64528940127319,
        -21.52157079044362,
        -21.39781693740652,
        -21.27402959389101,
        -21.150210504826447,
        -21.02636140831513,
        -20.902484035648687,
        -20.77858011136264,
        -20.65465135324915,
        -20.530699472304264,
        -20.4067261727734,
        -20.282733152225916,
        -20.158722101500565,
        -20.034694704730946,
        -19.9106526393437,
        -19.786597576123988,
        -19.662531179211875,
        -19.53845510607139,
        -19.41437100752328,
        -19.29028052780323,
        -19.166185304552755,
        -19.042086968781025,
        -18.917987144932148,
        -18.793887450908848,
        -18.669789498057895,
        -18.5456948911683,
        -18.421605228514967,
        -18.29752210186962,
        -18.17344709650808,
        -18.049381791228463,
        -17.925327758342068,
        -17.801286563697058,
        -17.67725976673301,
        -17.553248920453647,
        -17.429255571414103,
        -17.305281259784596,
        -17.18132751937225,
        -17.057395877597465,
        -16.93348785547754,
        -16.80960496771945,
        -16.685748722708933,
        -16.561920622485033,
        -16.438122162774658,
        -16.31435483301078,
        -16.190620116370624,
        -16.066919489752046,
        -15.943254423773524,
        -15.819626382823271,
        -15.696036825088354,
        -15.572487202527402,
        -15.44897896087789,
        -15.325513539696162,
        -15.202092372377445,
        -15.078716886170396,
        -14.955388502138915,
        -14.832108635209442,
        -14.708878694223708,
        -14.585700081904177,
        -14.462574194868607,
        -14.339502423635503,
        -14.216486152687796,
        -14.093526760454644,
        -13.97062561929689,
        -13.847784095550727,
        -13.725003549554975,
        -13.602285335651093,
        -13.479630802152254,
        -13.357041291417934,
        -13.234518139877556,
        -13.112062677968648,
        -12.989676230196881,
        -12.867360115154254,
        -12.745115645520915,
        -12.622944128103377,
        -12.500846863779936,
        -12.378825147577077,
        -12.256880268682217,
        -12.135013510421873,
        -12.013226150296228,
        -11.891519459962767,
        -11.769894705314492,
        -11.648353146443545,
        -11.526896037635765,
        -11.405524627419789,
        -11.284240158592533,
        -11.163043868222829,
        -11.041936987596856,
        -10.920920742305459,
        -10.799996352285989,
        -10.679165031747726,
        -10.558427989222814,
        -10.437786427586273,
        -10.317241544076015,
        -10.196794530292841,
        -10.07644657218408,
        -9.956198850125443,
        -9.836052538879187,
        -9.716008807626865,
        -9.596068819978425,
        -9.476233733961294,
        -9.35650470210224,
        -9.236882871370986,
        -9.117369383200217,
        -8.997965373547437,
        -8.878671972845856,
        -8.759490306080789,
        -8.640421492744187,
        -8.521466646865559,
        -8.402626877059276,
        -8.283903286488188,
        -8.165296972912742,
        -8.046809028650971,
        -7.9284405406676175,
        -7.810192590552321,
        -7.692066254503241,
        -7.574062603361629,
        -7.456182702639108,
        -7.338427612535872,
        -7.2207983879006665,
        -7.103296078290822,
        -6.985921727975896,
        -6.868676375975866,
        -6.751561056002939,
        -6.63457679649974,
        -6.517724620726636,
        -6.401005546699886,
        -6.284420587189832,
        -6.167970749766371,
        -6.051657036846256,
        -5.935480445653079,
        -5.819441968220909,
        -5.7035425914488735,
        -5.587783297090237,
        -5.472165061796067,
        -5.356688857067942,
        -5.241355649292511,
        -5.126166399810623,
        -5.011122064873673,
        -4.896223595641782,
        -4.781471938225643,
        -4.666868033717443,
        -4.552412818169037,
        -4.438107222606504,
        -4.323952173051983,
        -4.2099485905454905,
        -4.096097391155852,
        -3.9823994859661433,
        -3.8688557810900686,
        -3.755467177730169,
        -3.642234572166912,
        -3.529158855718676,
        -3.41624091480542,
        -3.3034816309814237,
        -3.1908818809189246,
        -3.0784425363862877,
        -2.966164464317134,
        -2.8540485267848763,
        -2.7420955810409184,
        -2.630306479541945,
        -2.518682069882621,
        -2.4072231948719924,
        -2.295930692555316,
        -2.184805396215881,
        -2.073848134338632,
        -1.963059730655647,
        -1.8524410041988904,
        -1.741992769269292,
        -1.631715835431293,
        -1.521611007545592,
        -1.4116790858037054,
        -1.3019208657297914,
        -1.1923371381515477,
        -1.0829286892384136,
        -0.9736963005597783,
        -0.8646407490285971,
        -0.7557628069250387,
        -0.6470632419546978,
        -0.538542817201301,
        -0.4302022911885578,
        -0.3220424178565122,
        -0.21406394656518923,
        -0.10626762217280716,
        0.0013458150260607926,
        0.10877562925683038,
        0.21602108927217945,
        0.32308146830657125,
        0.42995604406533705,
        0.5366440987683309,
        0.6431449191099083,
        0.7494577962007168,
        0.8555820255913404,
        0.9615169072923062,
        1.0672617457340643,
        1.172815849743338,
        1.2781785325285708,
        1.3833491116981131,
        1.4883269092511255,
        1.5931112515302819,
        1.6977014692035786,
        1.802096897324358,
        1.9062968752585467,
        2.0103007466701026,
        2.114107859544656,
        2.217717566147677,
        2.3211292230553897,
        2.4243421910947465,
        2.527355835321598,
        2.630169525086174,
        2.7327826339785117,
        2.8351945397829796,
        2.9374046244891874,
        3.0394122743210903,
        3.141216879706062,
        3.242817835214867,
        3.344214539579849,
        3.4454063957222116,
        3.5463928107320095,
        3.6471731957753777,
        3.747746966152736,
        3.8481135413224345,
        3.948272344818897,
        4.048222804265354,
        4.147964351342914,
        4.247496421841495,
        4.3468184556125316,
        4.445929896503484,
        4.54483019243242,
        4.643518795347993,
        4.741995161207612,
        4.840258749966522,
        4.93830902554871,
        5.036145455894183,
        5.133767512926234,
        5.231174672482314,
        5.328366414354047,
        5.42534222229815,
        5.5221015840036785,
        5.6186439910429185,
        5.714968938893213,
        5.811075926955148,
        5.906964458505255,
        6.002634040677827,
        6.098084184455811,
        6.193314404712654,
        6.2883242201649985,
        6.383113153312661,
        6.477680730495015,
        6.5720264818709815,
        6.666149941411753,
        6.76005064684622,
        6.853728139668244,
        6.947181965171224,
        7.040411672408068,
        7.133416814154816,
        7.226196946908821,
        7.318751630923306,
        7.411080430156431,
        7.503182912265833,
        7.595058648588622,
        7.686707214154103,
        7.77812818769106,
        7.869321151551348,
        7.960285691726269,
        8.051021397890226,
        8.141527863349785,
        8.231804684990928,
        8.321851463308153,
        8.411667802437217,
        8.501253310095102,
        8.590607597550914,
        8.679730279634981,
        8.768620974771586,
        8.857279304933495,
        8.945704895594659,
        9.033897375768415,
        9.121856378003848,
        9.209581538362132,
        9.297072496369253,
        9.384328895046913,
        9.471350380907088,
        9.558136603944734,
        9.644687217568677,
        9.731001878648902,
        9.817080247514733,
        9.902921987900259,
        9.988526766973438,
        10.07389425528881,
        10.159024126794758,
        10.243916058840798,
        10.328569732170285,
        10.412984830871316,
        10.497161042371262,
        10.581098057471332,
        10.664795570328378,
        10.748253278376682,
        10.831470882386158,
        10.914448086469635,
        10.997184598006449,
        11.079680127662458,
        11.161934389373664,
        11.243947100375326,
        11.325717981163749,
        11.407246755439898,
        11.48853315016943,
        11.569576895569952,
        11.650377725065553,
        11.730935375279518,
        11.811249586017967,
        11.891320100329873,
        11.971146664436123,
        12.050729027689501,
        12.130066942623797,
        12.20916016495563,
        12.288008453526237,
        12.36661157029965,
        12.444969280371797,
        12.523081351950486,
        12.600947556382696,
        12.678567668074535,
        12.755941464514889,
        12.833068726300889,
        12.909949237099704,
        12.986582783610357,
        13.062969155578257,
        13.1391081458225,
        13.21499955019584,
        13.290643167531943,
        13.366038799687226,
        13.441186251560856,
        13.516085331029275,
        13.590735848924371,
        13.665137619073485,
        13.739290458281237,
        13.81319418631678,
        13.886848625875608,
        13.960253602579552,
        14.033408945025894,
        14.106314484714607,
        14.178970056042896,
        14.25137549631066,
        14.323530645736856,
        14.395435347426762,
        14.467089447333777,
        14.538492794286704,
        14.600086483683317,
        14.626597773151975,
        14.627710616707493,
        14.628822881164758,
        14.629934566850475,
        14.631045674098209,
        14.632156203241108,
        14.633266154613718,
        14.634375528551992,
        14.635484325391461,
        14.636592545474517,
        14.637700189141318,
        14.63880725672978,
        14.639913748584686,
        14.641019665050397,
        14.642125006472675,
        14.643229773196873,
        14.6443339655752,
        14.645437583957627,
        14.646540628691895,
        14.647643100132607,
        14.648744998633948,
        14.649846324551506,
        14.65094707824046,
        14.652047260062847,
        14.653146870378476,
        14.654245909544919,
        14.655344377926614,
        14.656442275887587,
        14.657539603793271,
        14.658636362008691,
        14.659732550905732,
        14.660828170854053,
        14.661923222221086,
        14.663017705381126,
        14.664111620708065,
        14.665204968577203,
        14.666297749365253,
        14.667389963448521,
        14.668481611210185,
        14.6695726930312,
        14.670663209290291,
        14.671753160373067,
        14.672842546664725,
        14.673931368551884,
        14.675019626420761,
        14.676107320664448,
        14.67719445167382,
        14.678281019837536,
        14.67936702555113,
        14.680452469207925,
        14.68153735120994,
        14.682621671949704,
        14.683705431824816,
        14.684788631245208,
        14.685871270607691,
        14.686953350314147,
        14.688034870771517,
        14.68911583238636,
        14.690196235566667,
        14.691276080720042,
        14.692355368260984,
        14.69343409860178,
        14.69451227215253,
        14.695589889332037,
        14.696666950551457,
        14.697743456234294,
        14.698819406796405,
        14.699894802662362,
        14.700969644254549,
        14.702043931993154,
        14.703117666305277,
        14.704190847617637,
        14.705263476358418,
        14.706335552955426,
        14.707407077843385,
        14.708478051454835,
        14.709548474220135,
        14.71061834657656,
        14.711687668961027,
        14.712756441811914,
        14.713824665569067,
        14.714892340671977,
        14.715959467567057,
        14.717026046698553,
        14.718092078508548,
        14.719157563446052,
        14.720222501959729,
        14.721286894499723,
        14.72235074151584,
        14.723414043464816,
        14.724476800801243,
        14.725539013977551,
        14.726600683453118,
        14.727661809686989,
        14.728722393139705,
        14.72978243427148,
        14.730841933549476,
        14.731900891438722,
        14.732959308402101,
        14.734017184909462,
        14.735074521430338,
        14.736131318435765,
        14.737187576396472,
        14.738243295790161,
        14.739298477092403,
        14.740353120776648,
        14.741407227323327,
        14.742460797208933,
        14.743513830926032,
        14.744566328945076,
        14.745618291759866,
        14.746669719849372,
        14.747720613708646,
        14.748770973821543,
        14.749820800680736,
        14.750870094778623,
        14.751918856609146,
        14.752967086665974,
        14.754014785451607,
        14.755061953457366,
        14.756108591192495,
        14.757154699147794,
        14.758200277833813,
        14.759245327751758,
        14.760289849413494,
        14.76133384331973,
        14.762377309987295,
        14.763420249920053,
        14.764462663637996,
        14.765504551649968,
        14.766545914473683,
        14.767586752626618,
        14.768627066626035,
        14.769666856998064,
        14.770706124257705,
        14.771744868937937,
        14.772783091551513,
        14.773820792636453,
        14.774857972717834,
        14.775894632327814,
        14.776930771994714,
        14.777966392253937,
        14.779001493638884,
        14.780036076691857,
        14.781070141944074,
        14.782103689942938,
        14.783136721224766,
        14.784169236334803,
        14.785201235816306,
        14.786232720223287,
        14.78726369009141,
        14.788294145983468,
        14.789324088440276,
        14.790353518026155,
        14.79138243529073,
        14.792410840788946,
        14.793438735081072,
        14.794466118727248,
        14.795492992287492,
        14.796519356332615,
        14.797545211415123,
        14.798570558114694,
        14.799595396990894,
        14.800619728621376,
        14.801643553569141,
        14.802666872420751,
        14.803689685740846,
        14.804711994110356,
        14.805733798107404,
        14.806755098315499,
        14.807775895313531,
        14.808796189689419,
        14.809815982025572,
        14.810835272914346,
        14.811854062938044,
        14.812872352696209,
        14.813890142777424,
        14.814907433778435,
        14.81592422629322,
        14.816940520923929,
        14.817956318267232,
        14.818971618928883,
        14.819986423508265,
        14.82100073261749,
        14.822014546857762,
        14.823027866843026,
        14.824040693179969,
        14.82505302648803,
        14.826064867375761,
        14.827076216464484,
        14.828087074369186,
        14.829097441714906,
        14.83010731911764,
        14.83111670720799,
        14.832125606606617,
        14.83313401794789,
        14.834141941855343,
        14.835149378965319,
        14.836156329907885,
        14.837162795323202,
        14.838168775842442,
        14.839174272111427,
        14.840179284766092,
        14.84118381445704,
        14.84218786182045,
        14.84319142751082,
        14.844194512172786,
        14.84519711646204,
        14.846199241025335,
        14.847200886524128,
        14.848202053610956,
        14.849202742949437,
        14.850202955194277,
        14.851202691014915,
        14.852201951070992,
        14.853200736035978,
        14.854199046573559,
        14.855196883356724,
        14.856194247057783,
        14.857191138355637,
        14.858187557921244,
        14.859183506440356,
        14.860178984588979,
        14.861173993057017,
        14.862168532523734,
        14.8631626036814,
        14.864156207216208,
        14.865149343823733,
        14.866142014194395,
        14.86713421902802,
        14.868125959019293,
        14.86911723487323,
        14.87010804728608,
        14.87109839696899,
        14.872088284623453,
        14.873077710964962,
        14.874066676698462,
        14.875055182542008,
        14.876043229207674,
        14.87703081741793,
        14.878017947886553,
        14.879004621342286,
        14.879990838503373,
        14.88097660010577,
        14.881961906869503,
        14.88294675953141,
        14.883931158821518,
        14.884915105480315,
        14.885898600239678,
        14.886881643846513,
        14.887864237039132,
        14.888846380567262,
        14.88982807517205,
        14.890809321609717,
        14.891790120627924,
        14.89277047298488,
        14.89375037943389,
        14.894729840737917,
        14.89570885765595,
        14.896687430952115,
        14.897665561395671,
        14.898643249751943,
        14.899620496795961,
        14.900597303297017,
        14.901573670037774,
        14.902549597790623,
        14.903525087341354,
        14.904500139469144,
        14.905474754965681,
        14.90644893461606,
        14.907422679213363,
        14.908395989548653,
        14.909368866421906,
        14.910341310628374,
        14.91131332297316,
        14.912284904255754,
        14.913256055288246,
        14.914226776876232,
        14.91519706983338,
        14.91616693497144,
        14.91713637311207,
        14.918105385068674,
        14.91907397167005,
        14.920042133735844,
        14.92100987210113,
        14.921977187587308,
        14.922944081034865,
        14.92391055327428,
        14.924876605150601,
        14.925842237498887,
        14.926807451167884,
        14.927772247000926,
        14.92873662585233,
        14.929700588568306,
        14.930664136011519,
        14.931627269032012,
        14.93258998849995,
        14.933552295272905,
        14.934514190219504,
        14.935475674208536,
        14.936436748116238,
        14.937397412811762,
        14.938357669179927,
        14.939317518095763,
        14.94027696045272,
        14.941235997129041,
        14.942194629020507,
        14.943152857016809,
        14.944110682017936,
        14.945068104919638,
        14.946025126627992,
        14.946981748044866,
        14.947937970083398,
        14.948893793648905,
        14.949849219662557,
        14.950804249036828,
        14.951758882699163,
        14.952713121568344,
        14.953666966573609,
        14.954620418644662,
        14.955573478718971,
        14.95652614772722,
        14.957478426616081,
        14.958430316323659,
        14.95938181780316,
        14.960332931998364,
        14.96128365986727,
        14.962234002363028,
        14.96318396044941,
        14.964133535085375,
        14.965082727244182,
        14.966031537889755,
        14.966979968001265,
        14.967928018549507,
        14.968875690521457,
        14.969822984896664,
        14.970769902666353,
        14.9717164448189,
        14.972662612349856,
        14.973608406256503,
        14.974553827544243,
        14.975498877212075,
        14.976443556275333,
        14.977387865741166,
        14.978331806632198,
        14.979275379962905,
        14.98021858675873,
        14.981161428046098,
        14.982103904859722,
        14.983046018228066,
        14.983987769196098,
        14.984929158801675,
        14.985870188093747,
        14.98681085812147,
        14.987751169939676,
        14.988691124603447,
        14.989630723178138,
        14.990569966725756,
        14.991508856319536,
        14.99244739302941,
        14.993385577937492,
        14.994323412119002,
        14.995260896665027,
        14.996198032662534,
        14.997134821208945,
        14.998071263397614,
        14.999007360332394,
        14.99994311311857,
        15.000878522870169,
        15.001813590695413,
        15.0027483177195,
        15.003682705060967,
        15.004616753850827,
        15.005550465216217,
        15.00648384029952,
        15.007416880234752,
        15.008349586171224,
        15.009281959253574,
        15.010214000640877,
        15.011145711487584,
        15.012077092959002,
        15.013008146215867,
        15.01393887243801,
        15.014869272796195,
        15.01579934847489,
        15.016729100658635,
        15.017658530532998,
        15.018587639299145,
        15.019516428152045,
        15.02044489829959,
        15.02137305094718,
        15.022300887312284,
        15.02322840860993,
        15.024155616068192,
        15.025082510909124,
        15.026009094372434,
        15.026935367690955,
        15.027861332114332,
        15.028786988885395,
        15.0297123392593,
        15.030637384493547,
        15.031562125855293,
        15.032486564606835,
        15.033410702028368,
        15.034334539393475,
        15.035258077992799,
        15.036181319109518,
        15.037104264042126,
        15.038026914089897,
        15.038949270559307,
        15.039871334758594,
        15.040793108007803,
        15.04171459162518,
        15.042635786942668,
        15.04355669528684,
        15.044477318002583,
        15.045397656428582,
        15.046317711920993,
        15.047237485829845,
        15.048156979518163,
        15.049076194352017,
        15.049995131707817,
        15.050913792957813,
        15.051832179492862,
        15.05275029269792,
        15.053668133975716,
        15.05458570472315,
        15.055503006350431,
        15.056420040271114,
        15.057336807908502,
        15.058253310685691,
        15.05916955003924,
        15.060085527404672,
        15.061001244230152,
        15.061916701966524,
        15.062831902072816,
        15.063746846010813,
        15.064661535255121,
        15.065575971280467,
        15.066490155571746,
        15.067404089618611,
        15.068317774921885,
        15.069231212979057,
        15.070144405306142,
        15.071057353417732,
        15.071970058841586,
        15.072882523104129,
        15.073794747745042,
        15.07470673430823,
        15.075618484348213,
        15.076529999420197,
        15.07744128109374,
        15.078352330938262,
        15.079263150537646,
        15.080173741475727,
        15.081084105350909,
        15.081994243761645,
        15.082904158321057,
        15.083813850643331,
        15.084723322353785,
        15.085632575082546,
        15.08654161047552,
        15.0874504301708,
        15.08835903582964,
        15.089267429111953,
        15.090175611691826,
        15.09108358524212,
        15.091991351453617,
        15.092898912016885,
        15.09380626863872,
        15.094713423022176,
        15.095620376894823,
        15.096527131976075,
        15.097433690005422,
        15.098340052722499,
        15.099246221882595,
        15.100152199242165,
        15.101057986573446,
        15.101963585649964,
        15.10286899826114,
        15.103774226197817,
        15.104679271266859,
        15.105584135275762,
        15.106488820050904,
        15.107393327418512,
        15.108297659219279,
        15.109201817297514,
        15.110105803516673,
        15.111009619736686,
        15.111913267838583,
        15.112816749700002,
        15.11372006722346,
        15.114623222308216,
        15.115526216869451,
        15.116429052827424,
        15.11733173211845,
        15.118234256681333,
        15.119136628471997,
        15.120038849448092,
        15.120940921588161,
        15.121842846868086,
        15.122744627284787,
        15.12364626483631,
        15.124547761540992,
        15.125449119418441,
        15.12635034050417,
        15.12725142683966,
        15.128152380483371,
        15.129053203497167,
        15.129953897960952,
        15.130854465957293,
        15.13175490959151,
        15.132655230964476,
        15.13355543219907,
        15.134455515432087,
        15.135355482797038,
        15.136255336455156,
        15.137155078567297,
        15.13805471131403,
        15.138954236881178,
        15.139853657469914,
        15.14075297529139,
        15.141652192573195,
        15.142551311544906,
        15.143450334459994,
        15.14434926357592,
        15.145248101168779,
        15.146146849518844,
        15.147045510925217,
        15.147944087696827,
        15.148842582158899,
        15.149740996643052,
        15.150639333501038,
        15.151537595090293,
        15.15243578378859,
        15.153333901979599,
        15.154231952067526,
        15.155129936462691,
        15.156027857596166,
        15.156925717906255,
        15.15782351984859,
        15.158721265890808,
        15.159618958519005,
        15.160516600223314,
        15.161414193519834,
        15.162311740930742,
        15.163209244998958,
        15.164106708273712,
        15.16500413332521,
        15.165901522735663,
        15.166798879104853,
        15.167696205044816,
        15.168593503184496,
        15.169490776163506,
        15.17038802664681,
        15.171285257302106,
        15.172182470823602,
        15.17307966991305,
        15.173976857295328,
        15.174874035704027,
        15.175771207896137,
        15.176668376637616,
        15.177565544719007,
        15.178462714935547,
        15.1793598901146,
        15.180257073087603,
        15.181154266709296,
        15.182051473846967,
        15.182948697391494,
        15.183845940243852,
        15.184743205329822,
        15.18564049558466,
        15.186537813971455,
        15.187435163462164,
        15.188332547052331,
        15.189229967751228,
        15.190127428592925,
        15.191024932622813,
        15.191922482912307,
        15.19282008254446,
        15.19371773462867,
        15.194615442286302,
        15.195513208665405,
        15.196411036925404,
        15.197308930255483,
        15.198206891855635,
        15.1991049249514,
        15.200003032784025,
        15.20090121862157,
        15.20179948574543,
        15.202697837465074,
        15.20359627710276,
        15.204494808011916,
        15.205393433558227,
        15.206292157134365,
        15.207190982150191,
        15.208089912043844,
        15.208988950268305,
        15.209888100306138,
        15.210787365655143,
        15.211686749843103,
        15.21258625641344,
        15.213485888939054,
        15.214385651011625,
        15.215285546250913,
        15.216185578294056,
        15.217085750810336,
        15.217986067483206,
        15.218886532030517,
        15.21978714818655,
        15.220687919717696,
        15.221588850407231,
        15.222489944073724,
        15.22339120455308,
        15.22429263570878,
        15.22519424143121,
        15.226096025639713,
        15.226997992273734,
        15.22790014530672,
        15.228802488731791,
        15.229705026575656,
        15.230607762888846,
        15.231510701751429,
        15.232413847267813,
        15.2333172035761,
        15.234220774839251,
        15.235124565250821,
        15.236028579029757,
        15.236932820430683,
        15.237837293730534,
        15.238742003243384,
        15.23964695330527,
        15.240552148292657,
        15.241457592604553,
        15.242363290672786,
        15.243269246961411,
        15.244175465968805,
        15.245081952218893,
        15.245988710275082,
        15.246895744725117,
        15.247803060200491,
        15.248710661354016,
        15.249618552878346,
        15.250526739502652,
        15.25143522598022,
        15.25234401711061,
        15.25325311772089,
        15.254162532675979,
        15.255072266873533,
        15.255982325249756,
        15.256892712775187,
        15.257803434460529,
        15.25871449534608,
        15.259625900520302,
        15.260537655096526,
        15.261449764236978,
        15.26236223313406,
        15.263275067025273,
        15.2641882711827,
        15.265101850923392,
        15.266015811595214,
        15.266930158596344,
        15.267844897357488,
        15.268760033357747,
        15.269675572109579,
        15.270591519177392,
        15.271507880158891,
        15.272424660700038,
        15.273341866485493,
        15.274259503249972,
        15.275177576765035,
        15.276096092854107,
        15.277015057377461,
        15.277934476250872,
        15.278854355426986,
        15.279774700910352,
        15.28069551874788,
        15.281616815040262,
        15.282538595928806,
        15.283460867610486,
        15.284383636323904,
        15.28530690836434,
        15.286230690069727,
        15.287154987835713,
        15.288079808100743,
        15.28900515736478,
        15.28993104217074,
        15.290857469119612,
        15.291784444860985,
        15.292711976104556,
        15.293640069607031,
        15.294568732187276,
        15.295497970711427,
        15.296427792111682,
        15.297358203368708,
        15.298289211522256,
        15.299220823670868,
        15.30015304697432,
        15.301085888645154,
        15.30201935596298,
        15.302953456260544,
        15.30388819693806,
        15.304823585454299,
        15.305759629330467,
        15.306696336149969,
        15.307633713564561,
        15.308571769284145,
        15.309510511089286,
        15.310449946822406,
        15.31139008439532,
        15.31233093178589,
        15.313272497043773,
        15.31421478827936,
        15.315157813680463,
        15.316101581501725,
        15.317046100071781,
        15.31799137778678,
        15.318937423120751,
        15.319884244616867,
        15.320831850898303,
        15.321780250656785,
        15.322729452667554,
        15.323679465776141,
        15.324630298911067,
        15.325581961077003,
        15.326534461361138,
        15.327487808926824,
        15.328442013024048,
        15.329397082980835,
        15.330353028214201,
        15.331309858219308,
        15.332267582582267,
        15.333226210971585,
        15.334185753146455,
        15.335146218952328,
        15.336107618326947,
        15.337069961294137,
        15.338033257973958,
        15.338997518576525,
        15.33996275340856,
        15.340928972867236,
        15.34189618745085,
        15.34286440775089,
        15.343833644460465,
        15.344803908369586,
        15.345775210373628,
        15.346747561462275,
        15.347720972736674,
        15.348695455396125,
        15.349671020752094,
        15.350647680214943,
        15.351625445312063,
        15.35260432767284,
        15.353584339044536,
        15.354565491281393,
        15.355547796356015,
        15.356531266350771,
        15.357515913471047,
        15.35850175003442,
        15.359488788483498,
        15.360477041377397,
        15.361466521400544,
        15.362457241358301,
        15.363449214188527,
        15.36444245294725,
        15.365436970827098,
        15.366432781144837,
        15.367429897355764,
        15.36842833304311,
        15.369428101931568,
        15.37042921787767,
        15.371431694878364,
        15.372435547075531,
        15.373440788747343,
        15.37444743432194,
        15.375455498369288,
        15.37646499561309,
        15.377475940920444,
        15.378488349317903,
        15.37950223597937,
        15.380517616239944,
        15.381534505590256,
        15.382552919684008,
        15.383572874332819,
        15.384594385517937,
        15.385617469382886,
        15.386642142245684,
        15.387668420588831,
        15.388696321075717,
        15.38972586053884,
        15.390757055994026,
        15.391789924635091,
        15.39282448384176,
        15.393860751174882,
        15.394898744388506,
        15.395938481422911,
        15.396979980417228,
        15.398023259700265,
        15.399068337805048,
        15.40011523346201,
        15.40116396560906,
        15.402214553388976,
        15.403267016157283,
        15.404321373477924,
        15.40537764513533,
        15.406435851130192,
        15.407496011687993,
        15.408558147254883,
        15.409622278510415,
        15.410688426361698,
        15.41175661195398,
        15.412826856668545,
        15.41389918213114,
        15.414973610208168,
        15.416050163018419,
        15.41712886293302,
        15.418209732580012,
        15.4192927948408,
        15.420378072867578,
        15.421465590076732,
        15.422555370156855,
        15.423647437070015,
        15.424741815060813,
        15.42583852865371,
        15.426937602664047,
        15.428039062196884,
        15.429142932656353,
        15.430249239742835,
        15.431358009466566,
        15.432469268145418,
        15.43358304241278,
        15.434699359219584,
        15.435818245844176,
        15.436939729890442,
        15.43806383929966,
        15.439190602350184,
        15.440320047667658,
        15.441452204222623,
        15.442587101347295,
        15.443724768729268,
        15.44486523642715,
        15.446008534866277,
        15.44715469485684,
        15.448303747585735,
        15.44945572463672,
        15.450610657984319,
        15.45176858001011,
        15.452929523499154,
        15.454093521658335,
        15.45526060811122,
        15.456430816914843,
        15.45760418255663,
        15.458780739973285,
        15.459960524546155,
        15.46114357211812,
        15.462329918993348,
        15.463519601952646,
        15.464712658251697,
        15.46590912564081,
        15.467109042361193,
        15.468312447163205,
        15.469519379304774,
        15.470729878571802,
        15.471943985275102,
        15.473161740268889,
        15.474383184952158,
        15.475608361284818,
        15.476837311791272,
        15.47807007957737,
        15.479306708328485,
        15.480547242334156,
        15.481791726484737,
        15.483040206294648,
        15.484292727901288,
        15.485549338085535,
        15.486810084275213,
        15.488075014563782,
        15.48934417771473,
        15.490617623180762,
        15.491895401108698,
        15.49317756235961,
        15.494464158511986,
        15.495755241886503,
        15.497050865547914,
        15.498351083325852,
        15.499655949825478,
        15.500965520444327,
        15.502279851381761,
        15.503598999660538,
        15.504923023134614,
        15.50625198051184,
        15.507585931362444,
        15.50892493614242,
        15.510269056203175,
        15.511618353813372,
        15.512972892173426,
        15.514332735435847,
        15.515697948719156,
        15.517068598128583,
        15.518444750777647,
        15.519826474801064,
        15.521213839381293,
        15.522606914763722,
        15.524005772280047,
        15.525410484366668,
        15.526821124590887,
        15.528237767668024,
        15.529660489489094,
        15.531089367136738,
        15.532524478918054,
        15.533965904382113,
        15.535413724347586,
        15.536868020927802,
        15.538328877557321,
        15.539796379016423,
        15.541270611463066,
        15.542751662455974,
        15.544239620988407,
        15.545734577510377,
        15.54723662396705,
        15.548745853827445,
        15.550262362109809,
        15.5517862454219,
        15.553317601994799,
        15.554856531706662,
        15.556403136131445,
        15.557957518565793,
        15.559519784069558,
        15.561090039500947,
        15.56266839355988,
        15.564254956822841,
        15.5658498417883,
        15.567453162913209,
        15.569065036662883,
        15.570685581547918,
        15.572314918176843,
        15.573953169295416,
        15.575600459842194,
        15.577256916988098,
        15.578922670198688,
        15.580597851274149,
        15.58228259441208,
        15.583977036254455,
        15.585681315951092,
        15.58739557521014,
        15.589119958364705,
        15.5908546124266,
        15.592599687156799,
        15.594355335120389,
        15.596121711764715,
        15.597898975476232,
        15.59968728765794,
        15.60148681279838,
        15.603297718548623,
        15.6051201757937,
        15.606954358738054,
        15.608800444979222,
        15.610658615598444,
        15.61252905523918,
        15.61441195220275,
        15.616307498532478,
        15.618215890112443,
        15.62013732676128,
        15.622072012334398,
        15.624020154821482,
        15.625981966458971,
        15.627957663831689,
        15.629947467992167,
        15.631951604570508,
        15.63397030389764,
        15.636003801125968,
        15.638052336358227,
        15.640116154779701,
        15.642195506788028,
        15.644290648137586,
        15.64640184008611,
        15.64852934953416,
        15.650673449188336,
        15.652834417714049,
        15.655012539904009,
        15.657208106841685,
        15.659421416083378,
        15.661652771831612,
        15.663902485130553,
        15.666170874049575,
        15.668458263893896,
        15.670764987400695,
        15.673091384962841,
        15.675437804841854,
        15.677804603404514,
        15.680192145352738,
        15.682600803976392,
        15.685030961400276,
        15.687483008854747,
        15.68995734694104,
        15.692454385922378,
        15.694974546007414,
        15.697518257663488,
        15.700085961923136,
        15.702678110717947,
        15.705295167211208,
        15.707937606154378,
        15.710605914246882,
        15.713300590520872,
        15.716022146727315,
        15.718771107751538,
        15.721548012030029,
        15.724353411998361,
        15.727187874541839,
        15.730051981478585,
        15.73294633004837,
        15.73587153343218,
        15.738828221283907,
        15.741817040291496,
        15.744838654752249,
        15.74789374718288,
        15.750983018941668,
        15.754107190889782,
        15.757267004069009,
        15.760463220418137,
        15.76369662350989,
        15.766968019329239,
        15.77027823707676,
        15.7736281300144,
        15.777018576341831,
        15.780450480118011,
        15.783924772215641,
        15.787442411325689,
        15.79100438500944,
        15.794611710781412,
        15.798265437267247,
        15.801966645393641,
        15.805716449647036,
        15.809515999381842,
        15.813366480200333,
        15.817269115388555,
        15.821225167429676,
        15.825235939584106,
        15.829302777551986,
        15.833427071213327,
        15.837610256455356,
        15.841853817098032,
        15.846159286905596,
        15.850528251707441,
        15.854962351628554,
        15.859463283431307,
        15.86403280298454,
        15.868672727857891,
        15.873384940057646,
        15.878171388907736,
        15.883034094088355,
        15.8879751488369,
        15.892996723331448,
        15.89810106825374,
        15.903290518569367,
        15.908567497490802,
        15.91393452070608,
        15.919394200823342,
        15.924949252086197,
        15.930602495365028,
        15.936356863445381,
        15.942215406634244,
        15.948181298706741,
        15.954257843217395,
        15.960448480203896,
        15.966756793307207,
        15.9731865173467,
        15.979741546377621,
        15.98642594226737,
        15.993243943836726,
        16.000199976601674,
        16.007298663165916,
        16.014544834320276,
        16.021943540890756,
        16.029500066418805,
        16.037219940713367,
        16.045108954376527,
        16.053173174355305,
        16.061418960631595,
        16.069852984127138,
        16.078482245945835,
        16.08731409805379,
        16.096356265544877,
        16.105616870609648,
        16.115104458391258,
        16.124828024872883,
        16.134797047015212,
        16.145021515333486,
        16.15551196916565,
        16.166279534881824,
        16.177335967337584,
        16.188693694882645,
        16.200365868301798,
        16.21236641407715,
        16.22471009244482,
        16.23741256073107,
        16.250490442565095,
        16.26396140358952,
        16.27784423440824,
        16.292158941583953,
        16.306926847615436,
        16.322170700940195,
        16.337914797163926,
        16.354185112874806,
        16.371009453572086
      ],
      "notes": [
        "牛顿近似：I1/I2/q0 用 Bararpour 2025 式 2.24-2.26 解析闭包；HB 精确闭包留 Tier 2（T2-1/T2-2）。",
        "I3 采用 d2dga_flux 现有版本（Zhang 2022 式 4.26，分母 2m·[...]）；与 Bararpour 式 2.27（分母 12·[...]）的标度差异留待 Tier 1 核实。",
        "b 为 Zhang 2022 标度（μ_mud 归一）；Bararpour 几何平均黏度标度需 ×√m，Tier 0 未重标定。",
        "通量函数 F=q0+b·I3 存在凸区间：激波已按 Rankine-Hugoniot（式 3.9，上凹包络弦）处理。",
        "输入提取：m=μ_mud/μ_cement=0.0806（μ_mud=0.054 Pa·s，μ_cement=0.67 Pa·s）；b=21.6319（result.summary['buoyancy_number']）；e=0.2780（result.geom['e'] 深度平均）。"
      ]
    },
    "displacement_metrics": {
      "mud_retention_fraction": 0.564255,
      "phi_m_phi_c_profile": [
        0.0,
        0.00042218452621017204,
        0.001904289616703522,
        0.006406173271361476,
        0.017750897636191178,
        0.03808819316640471,
        0.06181774551617323,
        0.08592341295237345,
        0.11393196490553434,
        0.14521525278632244,
        0.1770848897195118,
        0.20175968600386768,
        0.22126770537665505,
        0.24376682144812348,
        0.2656878574455289,
        0.29188716220135,
        0.322600014892211,
        0.3475356119694253,
        0.35432550895928,
        0.34229056067256275,
        0.32531277961007843,
        0.3193417778955628,
        0.3416440627081963,
        0.3888572964293892,
        0.44015817833854537,
        0.524929981464777,
        0.6250869534022838,
        0.7133536474029215,
        0.7816995587244588,
        0.80523288518449,
        0.8007263642851397,
        0.7795502235641798,
        0.8015347884100655,
        0.861359639010514,
        0.913961721328206,
        0.9108795213955229,
        0.8783596093437199,
        0.830926245240729,
        0.8157354912104207,
        0.8386144368936422,
        0.880340135953056,
        0.9227944587928149,
        0.9642716048412944,
        1.0237251883362768,
        1.0892077280537342,
        1.1450740381543039,
        1.167484794131036,
        1.1372534809919983,
        1.0178423238502103,
        0.9091975524075607,
        0.8700567006210641,
        0.8715909885435111,
        0.8829910740477215,
        0.8992086658687858,
        0.9173879526027664,
        0.9325272297934226,
        0.9454092403929047,
        0.957267215034644,
        0.9665955110639244,
        0.9728227284932138,
        0.9779997669491656,
        0.9840492489982214,
        0.9959538920950094,
        1.0110890803555102,
        1.028184764807932,
        1.0573656976636887,
        1.091456905656955,
        1.1219120103825364,
        1.1475959977366998,
        1.160175155618435,
        1.1656322073143242,
        1.1688743225091545,
        1.1678466297551928,
        1.1667045854567384,
        1.1663771261160443,
        1.1768924654440043,
        1.2021299792319133,
        1.2272901819782096,
        1.2450871205320766,
        1.2598429504662363,
        1.271432693712209,
        1.283323075874863,
        1.295159722659025,
        1.3068733222250037,
        1.3188535731940054,
        1.3321902163583366,
        1.3461106620749816,
        1.3579903451991235,
        1.3571474043273604,
        1.3340688121354012,
        1.3070769859720166,
        1.2862358624037602,
        1.2990884389263482,
        1.3232374221218661,
        1.351768565426504,
        1.3871195680041375,
        1.4302905885820936,
        1.4824206279160637,
        1.5579585573974513,
        1.6500291608152577,
        1.7731989406939088,
        2.0204076501775337,
        2.4339853356385013,
        4.610294216504399,
        103.5016488848087,
        383.58901627657724,
        503.47330302508453,
        508.24565289099934,
        508.70420220259905,
        508.705536664331,
        509.57059988911766,
        510.64722616696855,
        511.02447152782247,
        510.60121819936904,
        510.1797958304812,
        509.82711090892576,
        509.5589625345966,
        509.3484744322322,
        509.1714148715977,
        509.0083705630673,
        508.8726727446717,
        508.7946248458609,
        508.8356490400943,
        508.9975704077616,
        509.22303950284913,
        509.57753948812376,
        510.1090582102451,
        510.7366034050063,
        511.2969673705309,
        511.47478618029885,
        511.36334058380453,
        511.2940623913204,
        511.4662594056563,
        511.897421184115,
        512.3872124408838,
        512.9320892091799,
        513.5509254853754,
        514.2209561652807,
        514.943270462868,
        515.7879203002055,
        516.7387875433676,
        517.733947236732,
        518.8863064888244,
        520.2162385133332,
        521.6079605681934,
        522.8572703371409,
        523.7872924323107,
        524.5802840160247,
        525.4570087439745,
        526.5314585357257,
        527.783564004384,
        529.0996691438032,
        530.3524725534704,
        531.5194654066227,
        532.745869519735,
        534.2924792418157,
        536.3832806287472,
        538.8044061094866,
        541.2776817968925,
        543.5431193786425,
        545.6392902864194,
        547.8483427218562,
        550.5880388758366,
        553.9718246090486,
        557.5503303526199,
        560.8098475150013,
        563.3073535718021,
        565.3582428722355,
        567.501273559664,
        570.1569986751833,
        573.2856282011203,
        576.5211610819943,
        579.9088163370816,
        583.467395833151,
        587.165564263585,
        591.1104595776908,
        595.4737157710166,
        600.1131407218777,
        604.6754462494142,
        607.0068667256941,
        607.1546304557986,
        607.502053465443,
        610.9834011274736,
        618.5517388180539,
        627.4956143309098,
        634.1829457454535,
        634.5608628748108,
        631.7757879794598,
        629.7714081983703,
        641.7796064077038,
        663.187189402726,
        684.914158695216,
        698.013615576856,
        698.8144918487621,
        695.4352103024883,
        691.8387677265642,
        689.1823162448504,
        689.161004408144,
        689.9792933706988,
        708.4030003623462,
        733.6173192789232,
        759.8449902301525,
        779.9495219143492,
        794.187652975418,
        807.5841984517036,
        822.8476008790395,
        841.7609173024991,
        863.5495168823928,
        887.7343356728763,
        926.007007869413,
        975.554968977724,
        1029.4249500290684,
        1078.764894936733,
        1118.6235178855454,
        1156.4977435029646,
        1208.2700148247409,
        1298.69347332898,
        1424.7571391775264,
        1564.0136689982864,
        1688.89901219581,
        1788.8135087474438,
        1892.1360431823887,
        1921.7417245358179,
        1832.267814602396,
        1734.5884908908774,
        1777.715928998996,
        1917.9243865274152,
        2075.2201388611065,
        2252.036632664251,
        2451.18510556179,
        2675.9342210049676,
        2930.1001625731333,
        3218.146210506108,
        3545.302735559492,
        3917.712610499805,
        4342.606625338732,
        4828.515326609625,
        5385.52552973067,
        6025.591665494139,
        6762.914503050445,
        7614.402834205535,
        8600.237553620922,
        9744.562421985096,
        11076.331916554485,
        12630.354298851242,
        14448.577814015845,
        16581.680437264276,
        19091.043127687066,
        22051.404883486925,
        25565.39126964711
      ],
      "quality_zone_counts": {
        "green": 6,
        "yellow": 2,
        "red": 242
      },
      "interface_length_ratio": 1.814815,
      "eta_narrow": 0.032742,
      "eta_global": 0.194012,
      "t_br_s": null,
      "t_br_hat": null,
      "w0_m_s": 0.35595666747140087,
      "mean_flusher": 0.0,
      "notes": [
        "模拟结束时水泥前缘未到达出口 s_max，t_br = inf（未突破）。"
      ]
    },
    "buoyancy_regime": {
      "b_number": 21.63185627438441,
      "regime": "steady_capable",
      "design_advice": "20≤b<80：浮力足以形成稳定前缘（steady front 可达），但仍存在弥散；工况可接受，建议结合流动分类诊断（T0-1）确认前缘稳定性。"
    },
    "shutdown_decay": {
      "condition_satisfied": false,
      "freeze_time_s": null,
      "tau_y_min": 0.0,
      "physical_interpretation": "泵注程序中未检测到停泵（SHUTDOWN）事件，停泵有限时间衰减诊断不适用；若施工中存在停泵环节，请在 PumpingScheduleStep 上标注 event_tag=PumpingStageEvent.SHUTDOWN 后重新评估。"
    },
    "notes": []
  },
  "注入流体现场符合性检查": {
    "是否全部现场符合": false,
    "注入流体总数": 9,
    "非现场完全符合流体数": 5,
    "明细": [
      {
        "流体名称": "平衡液",
        "角色": "mud",
        "来源口径": "现场符合",
        "说明": "密度1.88g/cm³、PV=25mPa·s、YP=1.5Pa 现场实测（20314.doc 施工记录表）；角色=mud（轻泥浆）。"
      },
      {
        "流体名称": "隔离液1",
        "角色": "spacer",
        "来源口径": "部分符合",
        "说明": "设计密度2.00g/cm³（20313.doc 7.1.2）；流变实测 POWER_LAW n=0.54/K=2.12（203111 表7，140↘93℃）；LEGACY(2026-08-29 前) Bingham 代理 PV35/YP8。"
      },
      {
        "流体名称": "隔离液2",
        "角色": "spacer",
        "来源口径": "部分符合",
        "说明": "设计密度1.95g/cm³（20313.doc 7.1.2）；流变实测 POWER_LAW n=0.54/K=2.12（203111 表7，140↘93℃）；LEGACY(2026-08-29 前) Bingham 代理 PV35/YP8。"
      },
      {
        "流体名称": "领浆",
        "角色": "lead",
        "来源口径": "现场符合",
        "说明": "现场密度2.05g/cm³与幂律参数n=0.82,K=0.67，来自203111.docx实验报告（A级）。"
      },
      {
        "流体名称": "中间浆",
        "角色": "intermediate",
        "来源口径": "现场符合",
        "说明": "密度2.05g/cm³、n=0.76、K=1.11来自实验报告（203111.docx）；体积按设计35m³（0708 多数口径 4 处：7.1.1 用量表总量 83=22+35+26、7.2 流程、实际 35；LEGACY(2026-08-29 前) 36 系浆柱表孤值）。"
      },
      {
        "流体名称": "尾浆",
        "角色": "tail",
        "来源口径": "现场符合",
        "说明": "现场密度2.05g/cm³与幂律参数n=0.76,K=1.14，来自203111.docx实验报告（A级）。"
      },
      {
        "流体名称": "压塞液",
        "角色": "other",
        "来源口径": "部分符合",
        "说明": "密度2.10g/cm³设计值（20313.doc 7.1.3）；流变复用替浆液。"
      },
      {
        "流体名称": "替浆液",
        "角色": "displacement",
        "来源口径": "部分符合",
        "说明": "密度1.98g/cm³按现场钻井液；流变复用固井时钻井液。"
      },
      {
        "流体名称": "中置液",
        "角色": "displacement",
        "来源口径": "部分符合",
        "说明": "密度1.95g/cm³设计值（20313.doc 7.1.3）；流变复用替浆液。"
      }
    ]
  }
}

===== STDERR =====
<frozen runpy>:128: RuntimeWarning: 'cemdisp.runners.hu103_tailpipe' found in sys.modules after import of package 'cemdisp.runners', but prior to execution of 'cemdisp.runners.hu103_tailpipe'; this may result in unpredictable behaviour
D:\users\desktop\research\控压固井项目\cement model\cemdisp\reporting\contour_plots.py:237: UserWarning: This figure includes Axes that are not compatible with tight_layout, so results might be incorrect.
  fig.tight_layout(rect=(0, 0, 1, 0.95))
